group	win_start	win_end	unit_a	unit_b	hap_a	hap_b	chrom_a	chrom_b	kmers_a	kmers_b	shared	union	jaccard_distance
chr14x15	1	250000	HAP1_chr14	HAP1_chr15	HAP1	HAP1	14	15	224275	3017	48	227244	0.999789
chr14x15	1	250000	HAP1_chr14	HAP2_chr15	HAP1	HAP2	14	15	224275	220097	95110	349262	0.727683
chr14x15	1	250000	HAP1_chr15	HAP2_chr14	HAP1	HAP2	15	14	3017	203309	2	206324	0.999990
chr14x15	1	250000	HAP2_chr14	HAP2_chr15	HAP2	HAP2	14	15	203309	220097	89090	334316	0.733516
chr14x15	250001	500000	HAP1_chr14	HAP1_chr15	HAP1	HAP1	14	15	219824	10661	49	230436	0.999787
chr14x15	250001	500000	HAP1_chr14	HAP2_chr15	HAP1	HAP2	14	15	219824	227452	134323	312953	0.570789
chr14x15	250001	500000	HAP1_chr15	HAP2_chr14	HAP1	HAP2	15	14	10661	228702	21	239342	0.999912
chr14x15	250001	500000	HAP2_chr14	HAP2_chr15	HAP2	HAP2	14	15	228702	227452	107367	348787	0.692170
chr14x15	500001	750000	HAP1_chr14	HAP1_chr15	HAP1	HAP1	14	15	221287	17193	1031	237449	0.995658
chr14x15	500001	750000	HAP1_chr14	HAP2_chr15	HAP1	HAP2	14	15	221287	217162	157599	280850	0.438850
chr14x15	500001	750000	HAP1_chr15	HAP2_chr14	HAP1	HAP2	15	14	17193	232750	2164	247779	0.991266
chr14x15	500001	750000	HAP2_chr14	HAP2_chr15	HAP2	HAP2	14	15	232750	217162	88831	361081	0.753986
chr14x15	750001	1000000	HAP1_chr14	HAP1_chr15	HAP1	HAP1	14	15	234900	17765	590	252075	0.997659
chr14x15	750001	1000000	HAP1_chr14	HAP2_chr15	HAP1	HAP2	14	15	234900	235056	153619	316337	0.514382
chr14x15	750001	1000000	HAP1_chr15	HAP2_chr14	HAP1	HAP2	15	14	17765	243487	105	261147	0.999598
chr14x15	750001	1000000	HAP2_chr14	HAP2_chr15	HAP2	HAP2	14	15	243487	235056	82491	396052	0.791717
chr14x15	1000001	1250000	HAP1_chr14	HAP1_chr15	HAP1	HAP1	14	15	229945	14708	52	244601	0.999787
chr14x15	1000001	1250000	HAP1_chr14	HAP2_chr15	HAP1	HAP2	14	15	229945	232029	120019	341955	0.649021
chr14x15	1000001	1250000	HAP1_chr15	HAP2_chr14	HAP1	HAP2	15	14	14708	224234	98	238844	0.999590
chr14x15	1000001	1250000	HAP2_chr14	HAP2_chr15	HAP2	HAP2	14	15	224234	232029	69215	387048	0.821172
chr14x15	1250001	1500000	HAP1_chr14	HAP1_chr15	HAP1	HAP1	14	15	228237	14675	6046	236866	0.974475
chr14x15	1250001	1500000	HAP1_chr14	HAP2_chr15	HAP1	HAP2	14	15	228237	233108	122936	338409	0.636724
chr14x15	1250001	1500000	HAP1_chr15	HAP2_chr14	HAP1	HAP2	15	14	14675	241433	39	256069	0.999848
chr14x15	1250001	1500000	HAP2_chr14	HAP2_chr15	HAP2	HAP2	14	15	241433	233108	88145	386396	0.771879
chr14x15	1500001	1750000	HAP1_chr14	HAP1_chr15	HAP1	HAP1	14	15	237409	23064	611	259862	0.997649
chr14x15	1500001	1750000	HAP1_chr14	HAP2_chr15	HAP1	HAP2	14	15	237409	233933	108992	362350	0.699208
chr14x15	1500001	1750000	HAP1_chr15	HAP2_chr14	HAP1	HAP2	15	14	23064	224530	199	247395	0.999196
chr14x15	1500001	1750000	HAP2_chr14	HAP2_chr15	HAP2	HAP2	14	15	224530	233933	68157	390306	0.825375
chr14x15	1750001	2000000	HAP1_chr14	HAP1_chr15	HAP1	HAP1	14	15	222357	21692	2815	241234	0.988331
chr14x15	1750001	2000000	HAP1_chr14	HAP2_chr15	HAP1	HAP2	14	15	222357	238976	56319	405014	0.860946
chr14x15	1750001	2000000	HAP1_chr15	HAP2_chr14	HAP1	HAP2	15	14	21692	229138	5746	245084	0.976555
chr14x15	1750001	2000000	HAP2_chr14	HAP2_chr15	HAP2	HAP2	14	15	229138	238976	98081	370033	0.734940
chr14x15	2000001	2250000	HAP1_chr14	HAP1_chr15	HAP1	HAP1	14	15	205071	18033	1501	221603	0.993227
chr14x15	2000001	2250000	HAP1_chr14	HAP2_chr15	HAP1	HAP2	14	15	205071	180977	14328	371720	0.961455
chr14x15	2000001	2250000	HAP1_chr15	HAP2_chr14	HAP1	HAP2	15	14	18033	236135	696	253472	0.997254
chr14x15	2000001	2250000	HAP2_chr14	HAP2_chr15	HAP2	HAP2	14	15	236135	180977	40132	376980	0.893543
chr14x15	2250001	2500000	HAP1_chr14	HAP1_chr15	HAP1	HAP1	14	15	227531	5400	1021	231910	0.995597
chr14x15	2250001	2500000	HAP1_chr14	HAP2_chr15	HAP1	HAP2	14	15	227531	237682	10355	454858	0.977235
chr14x15	2250001	2500000	HAP1_chr15	HAP2_chr14	HAP1	HAP2	15	14	5400	243138	9	248529	0.999964
chr14x15	2250001	2500000	HAP2_chr14	HAP2_chr15	HAP2	HAP2	14	15	243138	237682	4598	476222	0.990345
chr14x15	2500001	2750000	HAP1_chr14	HAP1_chr15	HAP1	HAP1	14	15	239133	10741	5378	244496	0.978004
chr14x15	2500001	2750000	HAP1_chr14	HAP2_chr15	HAP1	HAP2	14	15	239133	230252	12245	457140	0.973214
chr14x15	2500001	2750000	HAP1_chr15	HAP2_chr14	HAP1	HAP2	15	14	10741	233978	32	244687	0.999869
chr14x15	2500001	2750000	HAP2_chr14	HAP2_chr15	HAP2	HAP2	14	15	233978	230252	4258	459972	0.990743
chr14x15	2750001	3000000	HAP1_chr14	HAP1_chr15	HAP1	HAP1	14	15	236668	4040	0	240708	1.000000
chr14x15	2750001	3000000	HAP1_chr14	HAP2_chr15	HAP1	HAP2	14	15	236668	234396	8627	462437	0.981344
chr14x15	2750001	3000000	HAP1_chr15	HAP2_chr14	HAP1	HAP2	15	14	4040	234309	3	238346	0.999987
chr14x15	2750001	3000000	HAP2_chr14	HAP2_chr15	HAP2	HAP2	14	15	234309	234396	9019	459686	0.980380
chr14x15	3000001	3250000	HAP1_chr14	HAP1_chr15	HAP1	HAP1	14	15	229044	5852	22	234874	0.999906
chr14x15	3000001	3250000	HAP1_chr14	HAP2_chr15	HAP1	HAP2	14	15	229044	204970	9085	424929	0.978620
chr14x15	3000001	3250000	HAP1_chr15	HAP2_chr14	HAP1	HAP2	15	14	5852	207808	1030	212630	0.995156
chr14x15	3000001	3250000	HAP2_chr14	HAP2_chr15	HAP2	HAP2	14	15	207808	204970	18025	394753	0.954339
chr14x15	3250001	3500000	HAP1_chr14	HAP1_chr15	HAP1	HAP1	14	15	231449	10715	21	242143	0.999913
chr14x15	3250001	3500000	HAP1_chr14	HAP2_chr15	HAP1	HAP2	14	15	231449	237694	36250	432893	0.916261
chr14x15	3250001	3500000	HAP1_chr15	HAP2_chr14	HAP1	HAP2	15	14	10715	243051	21	253745	0.999917
chr14x15	3250001	3500000	HAP2_chr14	HAP2_chr15	HAP2	HAP2	14	15	243051	237694	3676	477069	0.992295
chr14x15	3500001	3750000	HAP1_chr14	HAP1_chr15	HAP1	HAP1	14	15	231680	11746	21	243405	0.999914
chr14x15	3500001	3750000	HAP1_chr14	HAP2_chr15	HAP1	HAP2	14	15	231680	237151	18970	449861	0.957831
chr14x15	3500001	3750000	HAP1_chr15	HAP2_chr14	HAP1	HAP2	15	14	11746	238748	69	250425	0.999724
chr14x15	3500001	3750000	HAP2_chr14	HAP2_chr15	HAP2	HAP2	14	15	238748	237151	9599	466300	0.979415
chr14x15	3750001	4000000	HAP1_chr14	HAP1_chr15	HAP1	HAP1	14	15	229232	199151	7860	420523	0.981309
chr14x15	3750001	4000000	HAP1_chr14	HAP2_chr15	HAP1	HAP2	14	15	229232	232788	4048	457972	0.991161
chr14x15	3750001	4000000	HAP1_chr15	HAP2_chr14	HAP1	HAP2	15	14	199151	199256	7468	390939	0.980897
chr14x15	3750001	4000000	HAP2_chr14	HAP2_chr15	HAP2	HAP2	14	15	199256	232788	4870	427174	0.988599
chr14x15	4000001	4250000	HAP1_chr14	HAP1_chr15	HAP1	HAP1	14	15	224602	200069	6021	418650	0.985618
chr14x15	4000001	4250000	HAP1_chr14	HAP2_chr15	HAP1	HAP2	14	15	224602	235084	6019	453667	0.986733
chr14x15	4000001	4250000	HAP1_chr15	HAP2_chr14	HAP1	HAP2	15	14	200069	225453	10054	415468	0.975801
chr14x15	4000001	4250000	HAP2_chr14	HAP2_chr15	HAP2	HAP2	14	15	225453	235084	4368	456169	0.990425
chr14x15	4250001	4500000	HAP1_chr14	HAP1_chr15	HAP1	HAP1	14	15	236606	229339	5656	460289	0.987712
chr14x15	4250001	4500000	HAP1_chr14	HAP2_chr15	HAP1	HAP2	14	15	236606	241444	4903	473147	0.989637
chr14x15	4250001	4500000	HAP1_chr15	HAP2_chr14	HAP1	HAP2	15	14	229339	238710	4886	463163	0.989451
chr14x15	4250001	4500000	HAP2_chr14	HAP2_chr15	HAP2	HAP2	14	15	238710	241444	4774	475380	0.989958
chr14x15	4500001	4750000	HAP1_chr14	HAP1_chr15	HAP1	HAP1	14	15	240719	235746	5102	471363	0.989176
chr14x15	4500001	4750000	HAP1_chr14	HAP2_chr15	HAP1	HAP2	14	15	240719	235609	3012	473316	0.993636
chr14x15	4500001	4750000	HAP1_chr15	HAP2_chr14	HAP1	HAP2	15	14	235746	221348	5710	451384	0.987350
chr14x15	4500001	4750000	HAP2_chr14	HAP2_chr15	HAP2	HAP2	14	15	221348	235609	9859	447098	0.977949
chr14x15	4750001	5000000	HAP1_chr14	HAP1_chr15	HAP1	HAP1	14	15	216458	244582	5624	455416	0.987651
chr14x15	4750001	5000000	HAP1_chr14	HAP2_chr15	HAP1	HAP2	14	15	216458	236731	7545	445644	0.983069
chr14x15	4750001	5000000	HAP1_chr15	HAP2_chr14	HAP1	HAP2	15	14	244582	238139	10276	472445	0.978249
chr14x15	4750001	5000000	HAP2_chr14	HAP2_chr15	HAP2	HAP2	14	15	238139	236731	3608	471262	0.992344
chr14x15	5000001	5250000	HAP1_chr14	HAP1_chr15	HAP1	HAP1	14	15	230517	223584	6091	448010	0.986404
chr14x15	5000001	5250000	HAP1_chr14	HAP2_chr15	HAP1	HAP2	14	15	230517	238454	2406	466565	0.994843
chr14x15	5000001	5250000	HAP1_chr15	HAP2_chr14	HAP1	HAP2	15	14	223584	218279	10068	431795	0.976683
chr14x15	5000001	5250000	HAP2_chr14	HAP2_chr15	HAP2	HAP2	14	15	218279	238454	3102	453631	0.993162
chr14x15	5250001	5500000	HAP1_chr14	HAP1_chr15	HAP1	HAP1	14	15	242726	236662	4025	475363	0.991533
chr14x15	5250001	5500000	HAP1_chr14	HAP2_chr15	HAP1	HAP2	14	15	242726	197732	1964	438494	0.995521
chr14x15	5250001	5500000	HAP1_chr15	HAP2_chr14	HAP1	HAP2	15	14	236662	243121	2026	477757	0.995759
chr14x15	5250001	5500000	HAP2_chr14	HAP2_chr15	HAP2	HAP2	14	15	243121	197732	11363	429490	0.973543
chr14x15	5500001	5750000	HAP1_chr14	HAP1_chr15	HAP1	HAP1	14	15	233204	227556	2815	457945	0.993853
chr14x15	5500001	5750000	HAP1_chr14	HAP2_chr15	HAP1	HAP2	14	15	233204	229075	4215	458064	0.990798
chr14x15	5500001	5750000	HAP1_chr15	HAP2_chr14	HAP1	HAP2	15	14	227556	240241	5677	462120	0.987715
chr14x15	5500001	5750000	HAP2_chr14	HAP2_chr15	HAP2	HAP2	14	15	240241	229075	4258	465058	0.990844
chr14x15	5750001	6000000	HAP1_chr14	HAP1_chr15	HAP1	HAP1	14	15	206370	227478	8217	425631	0.980695
chr14x15	5750001	6000000	HAP1_chr14	HAP2_chr15	HAP1	HAP2	14	15	206370	228098	7629	426839	0.982127
chr14x15	5750001	6000000	HAP1_chr15	HAP2_chr14	HAP1	HAP2	15	14	227478	228396	4794	451080	0.989372
chr14x15	5750001	6000000	HAP2_chr14	HAP2_chr15	HAP2	HAP2	14	15	228396	228098	8248	448246	0.981599
chr14x15	6000001	6250000	HAP1_chr14	HAP1_chr15	HAP1	HAP1	14	15	222642	236418	2231	456829	0.995116
chr14x15	6000001	6250000	HAP1_chr14	HAP2_chr15	HAP1	HAP2	14	15	222642	238131	4727	456046	0.989635
chr14x15	6000001	6250000	HAP1_chr15	HAP2_chr14	HAP1	HAP2	15	14	236418	236912	4604	468726	0.990178
chr14x15	6000001	6250000	HAP2_chr14	HAP2_chr15	HAP2	HAP2	14	15	236912	238131	4964	470079	0.989440
chr14x15	6250001	6500000	HAP1_chr14	HAP1_chr15	HAP1	HAP1	14	15	222526	243273	2892	462907	0.993753
chr14x15	6250001	6500000	HAP1_chr14	HAP2_chr15	HAP1	HAP2	14	15	222526	218431	19567	421390	0.953566
chr14x15	6250001	6500000	HAP1_chr15	HAP2_chr14	HAP1	HAP2	15	14	243273	218600	3706	458167	0.991911
chr14x15	6250001	6500000	HAP2_chr14	HAP2_chr15	HAP2	HAP2	14	15	218600	218431	10345	426686	0.975755
chr14x15	6500001	6750000	HAP1_chr14	HAP1_chr15	HAP1	HAP1	14	15	230546	233184	8115	455615	0.982189
chr14x15	6500001	6750000	HAP1_chr14	HAP2_chr15	HAP1	HAP2	14	15	230546	228707	8154	451099	0.981924
chr14x15	6500001	6750000	HAP1_chr15	HAP2_chr14	HAP1	HAP2	15	14	233184	217193	4402	445975	0.990129
chr14x15	6500001	6750000	HAP2_chr14	HAP2_chr15	HAP2	HAP2	14	15	217193	228707	6289	439611	0.985694
chr14x15	6750001	7000000	HAP1_chr14	HAP1_chr15	HAP1	HAP1	14	15	232919	238283	8355	462847	0.981949
chr14x15	6750001	7000000	HAP1_chr14	HAP2_chr15	HAP1	HAP2	14	15	232919	236526	7647	461798	0.983441
chr14x15	6750001	7000000	HAP1_chr15	HAP2_chr14	HAP1	HAP2	15	14	238283	239620	5990	471913	0.987307
chr14x15	6750001	7000000	HAP2_chr14	HAP2_chr15	HAP2	HAP2	14	15	239620	236526	5252	470894	0.988847
chr14x15	7000001	7250000	HAP1_chr14	HAP1_chr15	HAP1	HAP1	14	15	238748	206326	12524	432550	0.971046
chr14x15	7000001	7250000	HAP1_chr14	HAP2_chr15	HAP1	HAP2	14	15	238748	238870	4282	473336	0.990954
chr14x15	7000001	7250000	HAP1_chr15	HAP2_chr14	HAP1	HAP2	15	14	206326	225885	11362	420849	0.973002
chr14x15	7000001	7250000	HAP2_chr14	HAP2_chr15	HAP2	HAP2	14	15	225885	238870	8507	456248	0.981354
chr14x15	7250001	7500000	HAP1_chr14	HAP1_chr15	HAP1	HAP1	14	15	239615	232853	2717	469751	0.994216
chr14x15	7250001	7500000	HAP1_chr14	HAP2_chr15	HAP1	HAP2	14	15	239615	215436	3429	451622	0.992407
chr14x15	7250001	7500000	HAP1_chr15	HAP2_chr14	HAP1	HAP2	15	14	232853	238570	3219	468204	0.993125
chr14x15	7250001	7500000	HAP2_chr14	HAP2_chr15	HAP2	HAP2	14	15	238570	215436	8879	445127	0.980053
chr14x15	7500001	7750000	HAP1_chr14	HAP1_chr15	HAP1	HAP1	14	15	237684	238937	5229	471392	0.988907
chr14x15	7500001	7750000	HAP1_chr14	HAP2_chr15	HAP1	HAP2	14	15	237684	222008	7011	452681	0.984512
chr14x15	7500001	7750000	HAP1_chr15	HAP2_chr14	HAP1	HAP2	15	14	238937	226407	3597	461747	0.992210
chr14x15	7500001	7750000	HAP2_chr14	HAP2_chr15	HAP2	HAP2	14	15	226407	222008	6882	441533	0.984413
chr14x15	7750001	8000000	HAP1_chr14	HAP1_chr15	HAP1	HAP1	14	15	229602	230006	3879	455729	0.991488
chr14x15	7750001	8000000	HAP1_chr14	HAP2_chr15	HAP1	HAP2	14	15	229602	221302	5892	445012	0.986760
chr14x15	7750001	8000000	HAP1_chr15	HAP2_chr14	HAP1	HAP2	15	14	230006	222305	5812	446499	0.986983
chr14x15	7750001	8000000	HAP2_chr14	HAP2_chr15	HAP2	HAP2	14	15	222305	221302	3645	439962	0.991715
chr14x15	8000001	8250000	HAP1_chr14	HAP1_chr15	HAP1	HAP1	14	15	233071	240680	5711	468040	0.987798
chr14x15	8000001	8250000	HAP1_chr14	HAP2_chr15	HAP1	HAP2	14	15	233071	229555	12835	449791	0.971465
chr14x15	8000001	8250000	HAP1_chr15	HAP2_chr14	HAP1	HAP2	15	14	240680	230579	1823	469436	0.996117
chr14x15	8000001	8250000	HAP2_chr14	HAP2_chr15	HAP2	HAP2	14	15	230579	229555	12284	447850	0.972571
chr14x15	8250001	8500000	HAP1_chr14	HAP1_chr15	HAP1	HAP1	14	15	224942	234153	5252	453843	0.988428
chr14x15	8250001	8500000	HAP1_chr14	HAP2_chr15	HAP1	HAP2	14	15	224942	234618	9005	450555	0.980014
chr14x15	8250001	8500000	HAP1_chr15	HAP2_chr14	HAP1	HAP2	15	14	234153	226486	2816	457823	0.993849
chr14x15	8250001	8500000	HAP2_chr14	HAP2_chr15	HAP2	HAP2	14	15	226486	234618	9054	452050	0.979971
chr14x15	8500001	8750000	HAP1_chr14	HAP1_chr15	HAP1	HAP1	14	15	208844	234288	6273	436859	0.985641
chr14x15	8500001	8750000	HAP1_chr14	HAP2_chr15	HAP1	HAP2	14	15	208844	230171	8467	430548	0.980334
chr14x15	8500001	8750000	HAP1_chr15	HAP2_chr14	HAP1	HAP2	15	14	234288	237111	2911	468488	0.993786
chr14x15	8500001	8750000	HAP2_chr14	HAP2_chr15	HAP2	HAP2	14	15	237111	230171	3507	463775	0.992438
chr14x15	8750001	9000000	HAP1_chr14	HAP1_chr15	HAP1	HAP1	14	15	219164	240708	6766	453106	0.985068
chr14x15	8750001	9000000	HAP1_chr14	HAP2_chr15	HAP1	HAP2	14	15	219164	226627	7004	438787	0.984038
chr14x15	8750001	9000000	HAP1_chr15	HAP2_chr14	HAP1	HAP2	15	14	240708	217345	7271	450782	0.983870
chr14x15	8750001	9000000	HAP2_chr14	HAP2_chr15	HAP2	HAP2	14	15	217345	226627	4519	439453	0.989717
chr14x15	9000001	9250000	HAP1_chr14	HAP1_chr15	HAP1	HAP1	14	15	224417	220376	14624	430169	0.966004
chr14x15	9000001	9250000	HAP1_chr14	HAP2_chr15	HAP1	HAP2	14	15	224417	228204	8859	443762	0.980037
chr14x15	9000001	9250000	HAP1_chr15	HAP2_chr14	HAP1	HAP2	15	14	220376	228500	4026	444850	0.990950
chr14x15	9000001	9250000	HAP2_chr14	HAP2_chr15	HAP2	HAP2	14	15	228500	228204	3671	453033	0.991897
chr14x15	9250001	9500000	HAP1_chr14	HAP1_chr15	HAP1	HAP1	14	15	242628	217161	2486	457303	0.994564
chr14x15	9250001	9500000	HAP1_chr14	HAP2_chr15	HAP1	HAP2	14	15	242628	223262	5767	460123	0.987466
chr14x15	9250001	9500000	HAP1_chr15	HAP2_chr14	HAP1	HAP2	15	14	217161	231572	8673	440060	0.980291
chr14x15	9250001	9500000	HAP2_chr14	HAP2_chr15	HAP2	HAP2	14	15	231572	223262	3227	451607	0.992854
chr14x15	9500001	9750000	HAP1_chr14	HAP1_chr15	HAP1	HAP1	14	15	226576	234122	3231	457467	0.992937
chr14x15	9500001	9750000	HAP1_chr14	HAP2_chr15	HAP1	HAP2	14	15	226576	205126	5408	426294	0.987314
chr14x15	9500001	9750000	HAP1_chr15	HAP2_chr14	HAP1	HAP2	15	14	234122	222998	2249	454871	0.995056
chr14x15	9500001	9750000	HAP2_chr14	HAP2_chr15	HAP2	HAP2	14	15	222998	205126	1587	426537	0.996279
chr14x15	9750001	10000000	HAP1_chr14	HAP1_chr15	HAP1	HAP1	14	15	231001	239048	2887	467162	0.993820
chr14x15	9750001	10000000	HAP1_chr14	HAP2_chr15	HAP1	HAP2	14	15	231001	236711	6399	461313	0.986129
chr14x15	9750001	10000000	HAP1_chr15	HAP2_chr14	HAP1	HAP2	15	14	239048	211928	3494	447482	0.992192
chr14x15	9750001	10000000	HAP2_chr14	HAP2_chr15	HAP2	HAP2	14	15	211928	236711	8140	440499	0.981521
chr14x15	10000001	10250000	HAP1_chr14	HAP1_chr15	HAP1	HAP1	14	15	230458	221348	3711	448095	0.991718
chr14x15	10000001	10250000	HAP1_chr14	HAP2_chr15	HAP1	HAP2	14	15	230458	234153	3786	460825	0.991784
chr14x15	10000001	10250000	HAP1_chr15	HAP2_chr14	HAP1	HAP2	15	14	221348	191663	2454	410557	0.994023
chr14x15	10000001	10250000	HAP2_chr14	HAP2_chr15	HAP2	HAP2	14	15	191663	234153	1501	424315	0.996463
chr14x15	10250001	10500000	HAP1_chr14	HAP1_chr15	HAP1	HAP1	14	15	210430	234799	7038	438191	0.983939
chr14x15	10250001	10500000	HAP1_chr14	HAP2_chr15	HAP1	HAP2	14	15	210430	219183	13513	416100	0.967525
chr14x15	10250001	10500000	HAP1_chr15	HAP2_chr14	HAP1	HAP2	15	14	234799	235763	13454	457108	0.970567
chr14x15	10250001	10500000	HAP2_chr14	HAP2_chr15	HAP2	HAP2	14	15	235763	219183	7584	447362	0.983047
chr14x15	10500001	10750000	HAP1_chr14	HAP1_chr15	HAP1	HAP1	14	15	236407	227085	2730	460762	0.994075
chr14x15	10500001	10750000	HAP1_chr14	HAP2_chr15	HAP1	HAP2	14	15	236407	237418	1850	471975	0.996080
chr14x15	10500001	10750000	HAP1_chr15	HAP2_chr14	HAP1	HAP2	15	14	227085	226248	2256	451077	0.994999
chr14x15	10500001	10750000	HAP2_chr14	HAP2_chr15	HAP2	HAP2	14	15	226248	237418	7204	456462	0.984218
chr14x15	10750001	11000000	HAP1_chr14	HAP1_chr15	HAP1	HAP1	14	15	232642	240788	3127	470303	0.993351
chr14x15	10750001	11000000	HAP1_chr14	HAP2_chr15	HAP1	HAP2	14	15	232642	236808	3236	466214	0.993059
chr14x15	10750001	11000000	HAP1_chr15	HAP2_chr14	HAP1	HAP2	15	14	240788	207567	2903	445452	0.993483
chr14x15	10750001	11000000	HAP2_chr14	HAP2_chr15	HAP2	HAP2	14	15	207567	236808	4306	440069	0.990215
chr14x15	11000001	11250000	HAP1_chr14	HAP1_chr15	HAP1	HAP1	14	15	232766	240273	4432	468607	0.990542
chr14x15	11000001	11250000	HAP1_chr14	HAP2_chr15	HAP1	HAP2	14	15	232766	239356	3987	468135	0.991483
chr14x15	11000001	11250000	HAP1_chr15	HAP2_chr14	HAP1	HAP2	15	14	240273	230729	2448	468554	0.994775
chr14x15	11000001	11250000	HAP2_chr14	HAP2_chr15	HAP2	HAP2	14	15	230729	239356	3416	466669	0.992680
chr14x15	11250001	11500000	HAP1_chr14	HAP1_chr15	HAP1	HAP1	14	15	219520	229764	13857	435427	0.968176
chr14x15	11250001	11500000	HAP1_chr14	HAP2_chr15	HAP1	HAP2	14	15	219520	206588	3338	422770	0.992104
chr14x15	11250001	11500000	HAP1_chr15	HAP2_chr14	HAP1	HAP2	15	14	229764	237774	4104	463434	0.991144
chr14x15	11250001	11500000	HAP2_chr14	HAP2_chr15	HAP2	HAP2	14	15	237774	206588	2529	441833	0.994276
chr14x15	11500001	11750000	HAP1_chr14	HAP1_chr15	HAP1	HAP1	14	15	239624	231996	6132	465488	0.986827
chr14x15	11500001	11750000	HAP1_chr14	HAP2_chr15	HAP1	HAP2	14	15	239624	215329	3120	451833	0.993095
chr14x15	11500001	11750000	HAP1_chr15	HAP2_chr14	HAP1	HAP2	15	14	231996	193084	2566	422514	0.993927
chr14x15	11500001	11750000	HAP2_chr14	HAP2_chr15	HAP2	HAP2	14	15	193084	215329	9699	398714	0.975674
chr14x15	11750001	12000000	HAP1_chr14	HAP1_chr15	HAP1	HAP1	14	15	225087	190420	9207	406300	0.977339
chr14x15	11750001	12000000	HAP1_chr14	HAP2_chr15	HAP1	HAP2	14	15	225087	217323	4897	437513	0.988807
chr14x15	11750001	12000000	HAP1_chr15	HAP2_chr14	HAP1	HAP2	15	14	190420	225621	14989	401052	0.962626
chr14x15	11750001	12000000	HAP2_chr14	HAP2_chr15	HAP2	HAP2	14	15	225621	217323	2388	440556	0.994580
chr14x15	12000001	12250000	HAP1_chr14	HAP1_chr15	HAP1	HAP1	14	15	229408	225222	6801	447829	0.984813
chr14x15	12000001	12250000	HAP1_chr14	HAP2_chr15	HAP1	HAP2	14	15	229408	221684	3174	447918	0.992914
chr14x15	12000001	12250000	HAP1_chr15	HAP2_chr14	HAP1	HAP2	15	14	225222	224498	5871	443849	0.986773
chr14x15	12000001	12250000	HAP2_chr14	HAP2_chr15	HAP2	HAP2	14	15	224498	221684	6290	439892	0.985701
chr14x15	12250001	12500000	HAP1_chr14	HAP1_chr15	HAP1	HAP1	14	15	216378	217919	6879	427418	0.983906
chr14x15	12250001	12500000	HAP1_chr14	HAP2_chr15	HAP1	HAP2	14	15	216378	228355	6035	438698	0.986243
chr14x15	12250001	12500000	HAP1_chr15	HAP2_chr14	HAP1	HAP2	15	14	217919	234832	6835	445916	0.984672
chr14x15	12250001	12500000	HAP2_chr14	HAP2_chr15	HAP2	HAP2	14	15	234832	228355	1456	461731	0.996847
chr14x15	12500001	12750000	HAP1_chr14	HAP1_chr15	HAP1	HAP1	14	15	194971	239221	6350	427842	0.985158
chr14x15	12500001	12750000	HAP1_chr14	HAP2_chr15	HAP1	HAP2	14	15	194971	238976	3674	430273	0.991461
chr14x15	12500001	12750000	HAP1_chr15	HAP2_chr14	HAP1	HAP2	15	14	239221	238894	7950	470165	0.983091
chr14x15	12500001	12750000	HAP2_chr14	HAP2_chr15	HAP2	HAP2	14	15	238894	238976	10859	467011	0.976748
chr14x15	12750001	13000000	HAP1_chr14	HAP1_chr15	HAP1	HAP1	14	15	228730	225424	1979	452175	0.995623
chr14x15	12750001	13000000	HAP1_chr14	HAP2_chr15	HAP1	HAP2	14	15	228730	239451	15167	453014	0.966520
chr14x15	12750001	13000000	HAP1_chr15	HAP2_chr14	HAP1	HAP2	15	14	225424	235238	8933	451729	0.980225
chr14x15	12750001	13000000	HAP2_chr14	HAP2_chr15	HAP2	HAP2	14	15	235238	239451	2831	471858	0.994000
chr14x15	13000001	13250000	HAP1_chr14	HAP1_chr15	HAP1	HAP1	14	15	237205	238321	6077	469449	0.987055
chr14x15	13000001	13250000	HAP1_chr14	HAP2_chr15	HAP1	HAP2	14	15	237205	234391	1708	469888	0.996365
chr14x15	13000001	13250000	HAP1_chr15	HAP2_chr14	HAP1	HAP2	15	14	238321	224638	7441	455518	0.983665
chr14x15	13000001	13250000	HAP2_chr14	HAP2_chr15	HAP2	HAP2	14	15	224638	234391	6572	452457	0.985475
chr14x15	13250001	13500000	HAP1_chr14	HAP1_chr15	HAP1	HAP1	14	15	203786	228263	5491	426558	0.987127
chr14x15	13250001	13500000	HAP1_chr14	HAP2_chr15	HAP1	HAP2	14	15	203786	231799	13264	422321	0.968593
chr14x15	13250001	13500000	HAP1_chr15	HAP2_chr14	HAP1	HAP2	15	14	228263	199545	3526	424282	0.991689
chr14x15	13250001	13500000	HAP2_chr14	HAP2_chr15	HAP2	HAP2	14	15	199545	231799	3626	427718	0.991522
chr14x15	13500001	13750000	HAP1_chr14	HAP1_chr15	HAP1	HAP1	14	15	125767	220741	1007	345501	0.997085
chr14x15	13500001	13750000	HAP1_chr14	HAP2_chr15	HAP1	HAP2	14	15	125767	233865	2209	357423	0.993820
chr14x15	13500001	13750000	HAP1_chr15	HAP2_chr14	HAP1	HAP2	15	14	220741	217503	3124	435120	0.992820
chr14x15	13500001	13750000	HAP2_chr14	HAP2_chr15	HAP2	HAP2	14	15	217503	233865	6695	444673	0.984944
chr14x15	13750001	14000000	HAP1_chr14	HAP1_chr15	HAP1	HAP1	14	15	234352	230386	1719	463019	0.996287
chr14x15	13750001	14000000	HAP1_chr14	HAP2_chr15	HAP1	HAP2	14	15	234352	240199	2062	472489	0.995636
chr14x15	13750001	14000000	HAP1_chr15	HAP2_chr14	HAP1	HAP2	15	14	230386	234139	6679	457846	0.985412
chr14x15	13750001	14000000	HAP2_chr14	HAP2_chr15	HAP2	HAP2	14	15	234139	240199	3545	470793	0.992470
chr14x15	14000001	14250000	HAP1_chr14	HAP1_chr15	HAP1	HAP1	14	15	212021	224032	5903	430150	0.986277
chr14x15	14000001	14250000	HAP1_chr14	HAP2_chr15	HAP1	HAP2	14	15	212021	227391	6007	433405	0.986140
chr14x15	14000001	14250000	HAP1_chr15	HAP2_chr14	HAP1	HAP2	15	14	224032	233832	2290	455574	0.994973
chr14x15	14000001	14250000	HAP2_chr14	HAP2_chr15	HAP2	HAP2	14	15	233832	227391	4236	456987	0.990731
chr14x15	14250001	14500000	HAP1_chr14	HAP1_chr15	HAP1	HAP1	14	15	229219	238625	4548	463296	0.990183
chr14x15	14250001	14500000	HAP1_chr14	HAP2_chr15	HAP1	HAP2	14	15	229219	223325	3794	448750	0.991545
chr14x15	14250001	14500000	HAP1_chr15	HAP2_chr14	HAP1	HAP2	15	14	238625	240114	4682	474057	0.990124
chr14x15	14250001	14500000	HAP2_chr14	HAP2_chr15	HAP2	HAP2	14	15	240114	223325	4541	458898	0.990105
chr14x15	14500001	14750000	HAP1_chr14	HAP1_chr15	HAP1	HAP1	14	15	228879	216299	9200	435978	0.978898
chr14x15	14500001	14750000	HAP1_chr14	HAP2_chr15	HAP1	HAP2	14	15	228879	197682	3531	423030	0.991653
chr14x15	14500001	14750000	HAP1_chr15	HAP2_chr14	HAP1	HAP2	15	14	216299	233227	9291	440235	0.978895
chr14x15	14500001	14750000	HAP2_chr14	HAP2_chr15	HAP2	HAP2	14	15	233227	197682	3063	427846	0.992841
chr14x15	14750001	15000000	HAP1_chr14	HAP1_chr15	HAP1	HAP1	14	15	229605	228310	3076	454839	0.993237
chr14x15	14750001	15000000	HAP1_chr14	HAP2_chr15	HAP1	HAP2	14	15	229605	231885	6196	455294	0.986391
chr14x15	14750001	15000000	HAP1_chr15	HAP2_chr14	HAP1	HAP2	15	14	228310	223629	7900	444039	0.982209
chr14x15	14750001	15000000	HAP2_chr14	HAP2_chr15	HAP2	HAP2	14	15	223629	231885	4702	450812	0.989570
chr14x15	15000001	15250000	HAP1_chr14	HAP1_chr15	HAP1	HAP1	14	15	227747	233204	6069	454882	0.986658
chr14x15	15000001	15250000	HAP1_chr14	HAP2_chr15	HAP1	HAP2	14	15	227747	224778	4072	448453	0.990920
chr14x15	15000001	15250000	HAP1_chr15	HAP2_chr14	HAP1	HAP2	15	14	233204	224612	11346	446470	0.974587
chr14x15	15000001	15250000	HAP2_chr14	HAP2_chr15	HAP2	HAP2	14	15	224612	224778	6589	442801	0.985120
chr14x15	15250001	15500000	HAP1_chr14	HAP1_chr15	HAP1	HAP1	14	15	233158	222336	2287	453207	0.994954
chr14x15	15250001	15500000	HAP1_chr14	HAP2_chr15	HAP1	HAP2	14	15	233158	224344	1910	455592	0.995808
chr14x15	15250001	15500000	HAP1_chr15	HAP2_chr14	HAP1	HAP2	15	14	222336	223007	2849	442494	0.993561
chr14x15	15250001	15500000	HAP2_chr14	HAP2_chr15	HAP2	HAP2	14	15	223007	224344	9070	438281	0.979306
chr14x15	15500001	15750000	HAP1_chr14	HAP1_chr15	HAP1	HAP1	14	15	225931	212324	2248	436007	0.994844
chr14x15	15500001	15750000	HAP1_chr14	HAP2_chr15	HAP1	HAP2	14	15	225931	186681	4570	408042	0.988800
chr14x15	15500001	15750000	HAP1_chr15	HAP2_chr14	HAP1	HAP2	15	14	212324	233018	4683	440659	0.989373
chr14x15	15500001	15750000	HAP2_chr14	HAP2_chr15	HAP2	HAP2	14	15	233018	186681	1802	417897	0.995688
chr14x15	15750001	16000000	HAP1_chr14	HAP1_chr15	HAP1	HAP1	14	15	200638	191629	5676	386591	0.985318
chr14x15	15750001	16000000	HAP1_chr14	HAP2_chr15	HAP1	HAP2	14	15	200638	215312	7508	408442	0.981618
chr14x15	15750001	16000000	HAP1_chr15	HAP2_chr14	HAP1	HAP2	15	14	191629	232476	5117	418988	0.987787
chr14x15	15750001	16000000	HAP2_chr14	HAP2_chr15	HAP2	HAP2	14	15	232476	215312	3274	444514	0.992635
chr14x15	16000001	16250000	HAP1_chr14	HAP1_chr15	HAP1	HAP1	14	15	233137	235662	8649	460150	0.981204
chr14x15	16000001	16250000	HAP1_chr14	HAP2_chr15	HAP1	HAP2	14	15	233137	233368	3490	463015	0.992462
chr14x15	16000001	16250000	HAP1_chr15	HAP2_chr14	HAP1	HAP2	15	14	235662	223623	7042	452243	0.984429
chr14x15	16000001	16250000	HAP2_chr14	HAP2_chr15	HAP2	HAP2	14	15	223623	233368	15007	441984	0.966046
chr14x15	16250001	16500000	HAP1_chr14	HAP1_chr15	HAP1	HAP1	14	15	232542	218257	4975	445824	0.988841
chr14x15	16250001	16500000	HAP1_chr14	HAP2_chr15	HAP1	HAP2	14	15	232542	238654	3135	468061	0.993302
chr14x15	16250001	16500000	HAP1_chr15	HAP2_chr14	HAP1	HAP2	15	14	218257	231008	2941	446324	0.993411
chr14x15	16250001	16500000	HAP2_chr14	HAP2_chr15	HAP2	HAP2	14	15	231008	238654	3392	466270	0.992725
chr14x15	16500001	16750000	HAP1_chr14	HAP1_chr15	HAP1	HAP1	14	15	224309	224149	2120	446338	0.995250
chr14x15	16500001	16750000	HAP1_chr14	HAP2_chr15	HAP1	HAP2	14	15	224309	241586	4233	461662	0.990831
chr14x15	16500001	16750000	HAP1_chr15	HAP2_chr14	HAP1	HAP2	15	14	224149	232501	2251	454399	0.995046
chr14x15	16500001	16750000	HAP2_chr14	HAP2_chr15	HAP2	HAP2	14	15	232501	241586	7675	466412	0.983545
chr14x15	16750001	17000000	HAP1_chr14	HAP1_chr15	HAP1	HAP1	14	15	230597	233855	4159	460293	0.990964
chr14x15	16750001	17000000	HAP1_chr14	HAP2_chr15	HAP1	HAP2	14	15	230597	237375	3287	464685	0.992926
chr14x15	16750001	17000000	HAP1_chr15	HAP2_chr14	HAP1	HAP2	15	14	233855	228805	5581	457079	0.987790
chr14x15	16750001	17000000	HAP2_chr14	HAP2_chr15	HAP2	HAP2	14	15	228805	237375	12939	453241	0.971452
chr14x15	17000001	17250000	HAP1_chr14	HAP1_chr15	HAP1	HAP1	14	15	240424	189970	8800	421594	0.979127
chr14x15	17000001	17250000	HAP1_chr14	HAP2_chr15	HAP1	HAP2	14	15	240424	206346	10714	436056	0.975430
chr14x15	17000001	17250000	HAP1_chr15	HAP2_chr14	HAP1	HAP2	15	14	189970	234074	11318	412726	0.972577
chr14x15	17000001	17250000	HAP2_chr14	HAP2_chr15	HAP2	HAP2	14	15	234074	206346	12868	427552	0.969903
chr14x15	17250001	17500000	HAP1_chr14	HAP1_chr15	HAP1	HAP1	14	15	222716	222080	3108	441688	0.992963
chr14x15	17250001	17500000	HAP1_chr14	HAP2_chr15	HAP1	HAP2	14	15	222716	236205	3937	454984	0.991347
chr14x15	17250001	17500000	HAP1_chr15	HAP2_chr14	HAP1	HAP2	15	14	222080	234082	10345	445817	0.976795
chr14x15	17250001	17500000	HAP2_chr14	HAP2_chr15	HAP2	HAP2	14	15	234082	236205	5604	464683	0.987940
chr14x15	17500001	17750000	HAP1_chr14	HAP1_chr15	HAP1	HAP1	14	15	199986	239248	1766	437468	0.995963
chr14x15	17500001	17750000	HAP1_chr14	HAP2_chr15	HAP1	HAP2	14	15	199986	218603	3502	415087	0.991563
chr14x15	17500001	17750000	HAP1_chr15	HAP2_chr14	HAP1	HAP2	15	14	239248	235181	3239	471190	0.993126
chr14x15	17500001	17750000	HAP2_chr14	HAP2_chr15	HAP2	HAP2	14	15	235181	218603	2031	451753	0.995504
chr14x15	17750001	18000000	HAP1_chr14	HAP1_chr15	HAP1	HAP1	14	15	219322	236399	6264	449457	0.986063
chr14x15	17750001	18000000	HAP1_chr14	HAP2_chr15	HAP1	HAP2	14	15	219322	237811	6608	450525	0.985333
chr14x15	17750001	18000000	HAP1_chr15	HAP2_chr14	HAP1	HAP2	15	14	236399	226545	4879	458065	0.989349
chr14x15	17750001	18000000	HAP2_chr14	HAP2_chr15	HAP2	HAP2	14	15	226545	237811	18350	446006	0.958857
chr14x15	18000001	18250000	HAP1_chr14	HAP1_chr15	HAP1	HAP1	14	15	230699	224047	2570	452176	0.994316
chr14x15	18000001	18250000	HAP1_chr14	HAP2_chr15	HAP1	HAP2	14	15	230699	232929	8106	455522	0.982205
chr14x15	18000001	18250000	HAP1_chr15	HAP2_chr14	HAP1	HAP2	15	14	224047	233798	5149	452696	0.988626
chr14x15	18000001	18250000	HAP2_chr14	HAP2_chr15	HAP2	HAP2	14	15	233798	232929	6739	459988	0.985350
chr14x15	18250001	18500000	HAP1_chr14	HAP1_chr15	HAP1	HAP1	14	15	210103	211210	2401	418912	0.994268
chr14x15	18250001	18500000	HAP1_chr14	HAP2_chr15	HAP1	HAP2	14	15	210103	230957	5207	435853	0.988053
chr14x15	18250001	18500000	HAP1_chr15	HAP2_chr14	HAP1	HAP2	15	14	211210	230824	6746	435288	0.984502
chr14x15	18250001	18500000	HAP2_chr14	HAP2_chr15	HAP2	HAP2	14	15	230824	230957	6861	454920	0.984918
chr14x15	18500001	18750000	HAP1_chr14	HAP1_chr15	HAP1	HAP1	14	15	230496	229559	4194	455861	0.990800
chr14x15	18500001	18750000	HAP1_chr14	HAP2_chr15	HAP1	HAP2	14	15	230496	209263	6176	433583	0.985756
chr14x15	18500001	18750000	HAP1_chr15	HAP2_chr14	HAP1	HAP2	15	14	229559	229127	4707	453979	0.989632
chr14x15	18500001	18750000	HAP2_chr14	HAP2_chr15	HAP2	HAP2	14	15	229127	209263	5189	433201	0.988022
chr14x15	18750001	19000000	HAP1_chr14	HAP1_chr15	HAP1	HAP1	14	15	236243	234419	4721	465941	0.989868
chr14x15	18750001	19000000	HAP1_chr14	HAP2_chr15	HAP1	HAP2	14	15	236243	232770	8223	460790	0.982155
chr14x15	18750001	19000000	HAP1_chr15	HAP2_chr14	HAP1	HAP2	15	14	234419	231803	2607	463615	0.994377
chr14x15	18750001	19000000	HAP2_chr14	HAP2_chr15	HAP2	HAP2	14	15	231803	232770	2442	462131	0.994716
chr14x15	19000001	19250000	HAP1_chr14	HAP1_chr15	HAP1	HAP1	14	15	231898	228474	6588	453784	0.985482
chr14x15	19000001	19250000	HAP1_chr14	HAP2_chr15	HAP1	HAP2	14	15	231898	228236	2379	457755	0.994803
chr14x15	19000001	19250000	HAP1_chr15	HAP2_chr14	HAP1	HAP2	15	14	228474	227286	7237	448523	0.983865
chr14x15	19000001	19250000	HAP2_chr14	HAP2_chr15	HAP2	HAP2	14	15	227286	228236	3739	451783	0.991724
chr14x15	19250001	19500000	HAP1_chr14	HAP1_chr15	HAP1	HAP1	14	15	224955	184548	6181	403322	0.984675
chr14x15	19250001	19500000	HAP1_chr14	HAP2_chr15	HAP1	HAP2	14	15	224955	223603	5452	443106	0.987696
chr14x15	19250001	19500000	HAP1_chr15	HAP2_chr14	HAP1	HAP2	15	14	184548	219930	4186	400292	0.989543
chr14x15	19250001	19500000	HAP2_chr14	HAP2_chr15	HAP2	HAP2	14	15	219930	223603	8741	434792	0.979896
chr14x15	19500001	19750000	HAP1_chr14	HAP1_chr15	HAP1	HAP1	14	15	186718	225886	2259	410345	0.994495
chr14x15	19500001	19750000	HAP1_chr14	HAP2_chr15	HAP1	HAP2	14	15	186718	231235	9271	408682	0.977315
chr14x15	19500001	19750000	HAP1_chr15	HAP2_chr14	HAP1	HAP2	15	14	225886	240307	2208	463985	0.995241
chr14x15	19500001	19750000	HAP2_chr14	HAP2_chr15	HAP2	HAP2	14	15	240307	231235	4680	466862	0.989976
chr14x15	19750001	20000000	HAP1_chr14	HAP1_chr15	HAP1	HAP1	14	15	234569	231153	2864	462858	0.993812
chr14x15	19750001	20000000	HAP1_chr14	HAP2_chr15	HAP1	HAP2	14	15	234569	226584	3928	457225	0.991409
chr14x15	19750001	20000000	HAP1_chr15	HAP2_chr14	HAP1	HAP2	15	14	231153	227127	5574	452706	0.987687
chr14x15	19750001	20000000	HAP2_chr14	HAP2_chr15	HAP2	HAP2	14	15	227127	226584	6538	447173	0.985379
chr14x15	20000001	20250000	HAP1_chr14	HAP1_chr15	HAP1	HAP1	14	15	212474	238799	4658	446615	0.989570
chr14x15	20000001	20250000	HAP1_chr14	HAP2_chr15	HAP1	HAP2	14	15	212474	225839	4382	433931	0.989902
chr14x15	20000001	20250000	HAP1_chr15	HAP2_chr14	HAP1	HAP2	15	14	238799	228545	6809	460535	0.985215
chr14x15	20000001	20250000	HAP2_chr14	HAP2_chr15	HAP2	HAP2	14	15	228545	225839	4398	449986	0.990226
chr14x15	20250001	20500000	HAP1_chr14	HAP1_chr15	HAP1	HAP1	14	15	222370	235653	10209	447814	0.977203
chr14x15	20250001	20500000	HAP1_chr14	HAP2_chr15	HAP1	HAP2	14	15	222370	239439	5344	456465	0.988293
chr14x15	20250001	20500000	HAP1_chr15	HAP2_chr14	HAP1	HAP2	15	14	235653	189147	2710	422090	0.993580
chr14x15	20250001	20500000	HAP2_chr14	HAP2_chr15	HAP2	HAP2	14	15	189147	239439	1591	426995	0.996274
chr14x15	20500001	20750000	HAP1_chr14	HAP1_chr15	HAP1	HAP1	14	15	216039	230319	9203	437155	0.978948
chr14x15	20500001	20750000	HAP1_chr14	HAP2_chr15	HAP1	HAP2	14	15	216039	217930	15857	418112	0.962075
chr14x15	20500001	20750000	HAP1_chr15	HAP2_chr14	HAP1	HAP2	15	14	230319	241825	2982	469162	0.993644
chr14x15	20500001	20750000	HAP2_chr14	HAP2_chr15	HAP2	HAP2	14	15	241825	217930	3991	455764	0.991243
chr14x15	20750001	21000000	HAP1_chr14	HAP1_chr15	HAP1	HAP1	14	15	235227	222662	5817	452072	0.987133
chr14x15	20750001	21000000	HAP1_chr14	HAP2_chr15	HAP1	HAP2	14	15	235227	207851	25682	417396	0.938471
chr14x15	20750001	21000000	HAP1_chr15	HAP2_chr14	HAP1	HAP2	15	14	222662	206661	8243	421080	0.980424
chr14x15	20750001	21000000	HAP2_chr14	HAP2_chr15	HAP2	HAP2	14	15	206661	207851	12843	401669	0.968026
chr14x15	21000001	21250000	HAP1_chr14	HAP1_chr15	HAP1	HAP1	14	15	230672	196272	5951	420993	0.985864
chr14x15	21000001	21250000	HAP1_chr14	HAP2_chr15	HAP1	HAP2	14	15	230672	231389	4184	457877	0.990862
chr14x15	21000001	21250000	HAP1_chr15	HAP2_chr14	HAP1	HAP2	15	14	196272	234608	5573	425307	0.986897
chr14x15	21000001	21250000	HAP2_chr14	HAP2_chr15	HAP2	HAP2	14	15	234608	231389	10213	455784	0.977592
chr14x15	21250001	21500000	HAP1_chr14	HAP1_chr15	HAP1	HAP1	14	15	214169	239875	3873	450171	0.991397
chr14x15	21250001	21500000	HAP1_chr14	HAP2_chr15	HAP1	HAP2	14	15	214169	237512	5271	446410	0.988192
chr14x15	21250001	21500000	HAP1_chr15	HAP2_chr14	HAP1	HAP2	15	14	239875	232319	2856	469338	0.993915
chr14x15	21250001	21500000	HAP2_chr14	HAP2_chr15	HAP2	HAP2	14	15	232319	237512	3672	466159	0.992123
chr14x15	21500001	21750000	HAP1_chr14	HAP1_chr15	HAP1	HAP1	14	15	226708	223700	6593	443815	0.985145
chr14x15	21500001	21750000	HAP1_chr14	HAP2_chr15	HAP1	HAP2	14	15	226708	230860	6052	451516	0.986596
chr14x15	21500001	21750000	HAP1_chr15	HAP2_chr14	HAP1	HAP2	15	14	223700	239545	2149	461096	0.995339
chr14x15	21500001	21750000	HAP2_chr14	HAP2_chr15	HAP2	HAP2	14	15	239545	230860	4579	465826	0.990170
chr14x15	21750001	22000000	HAP1_chr14	HAP1_chr15	HAP1	HAP1	14	15	226721	241343	9170	458894	0.980017
chr14x15	21750001	22000000	HAP1_chr14	HAP2_chr15	HAP1	HAP2	14	15	226721	200395	10527	416589	0.974730
chr14x15	21750001	22000000	HAP1_chr15	HAP2_chr14	HAP1	HAP2	15	14	241343	179044	6779	413608	0.983610
chr14x15	21750001	22000000	HAP2_chr14	HAP2_chr15	HAP2	HAP2	14	15	179044	200395	11143	368296	0.969744
chr14x15	22000001	22250000	HAP1_chr14	HAP1_chr15	HAP1	HAP1	14	15	224110	213816	7855	430071	0.981736
chr14x15	22000001	22250000	HAP1_chr14	HAP2_chr15	HAP1	HAP2	14	15	224110	175774	4103	395781	0.989633
chr14x15	22000001	22250000	HAP1_chr15	HAP2_chr14	HAP1	HAP2	15	14	213816	233690	12507	434999	0.971248
chr14x15	22000001	22250000	HAP2_chr14	HAP2_chr15	HAP2	HAP2	14	15	233690	175774	4384	405080	0.989177
chr14x15	22250001	22500000	HAP1_chr14	HAP1_chr15	HAP1	HAP1	14	15	228267	237748	9420	456595	0.979369
chr14x15	22250001	22500000	HAP1_chr14	HAP2_chr15	HAP1	HAP2	14	15	228267	234158	4141	458284	0.990964
chr14x15	22250001	22500000	HAP1_chr15	HAP2_chr14	HAP1	HAP2	15	14	237748	224227	6231	455744	0.986328
chr14x15	22250001	22500000	HAP2_chr14	HAP2_chr15	HAP2	HAP2	14	15	224227	234158	2552	455833	0.994401
chr14x15	22500001	22750000	HAP1_chr14	HAP1_chr15	HAP1	HAP1	14	15	9261	225383	37	234607	0.999842
chr14x15	22500001	22750000	HAP1_chr14	HAP2_chr15	HAP1	HAP2	14	15	9261	223751	32	232980	0.999863
chr14x15	22500001	22750000	HAP1_chr15	HAP2_chr14	HAP1	HAP2	15	14	225383	235454	10643	450194	0.976359
chr14x15	22500001	22750000	HAP2_chr14	HAP2_chr15	HAP2	HAP2	14	15	235454	223751	10296	448909	0.977064
chr14x15	22750001	23000000	HAP1_chr14	HAP1_chr15	HAP1	HAP1	14	15	230078	232987	4845	458220	0.989426
chr14x15	22750001	23000000	HAP1_chr14	HAP2_chr15	HAP1	HAP2	14	15	230078	223474	6007	447545	0.986578
chr14x15	22750001	23000000	HAP1_chr15	HAP2_chr14	HAP1	HAP2	15	14	232987	229622	6284	456325	0.986229
chr14x15	22750001	23000000	HAP2_chr14	HAP2_chr15	HAP2	HAP2	14	15	229622	223474	4793	448303	0.989309
chr14x15	23000001	23250000	HAP1_chr14	HAP1_chr15	HAP1	HAP1	14	15	232681	221275	4199	449757	0.990664
chr14x15	23000001	23250000	HAP1_chr14	HAP2_chr15	HAP1	HAP2	14	15	232681	230045	3121	459605	0.993209
chr14x15	23000001	23250000	HAP1_chr15	HAP2_chr14	HAP1	HAP2	15	14	221275	240245	2787	458733	0.993925
chr14x15	23000001	23250000	HAP2_chr14	HAP2_chr15	HAP2	HAP2	14	15	240245	230045	13241	457049	0.971029
chr14x15	23250001	23500000	HAP1_chr14	HAP1_chr15	HAP1	HAP1	14	15	236980	225253	3658	458575	0.992023
chr14x15	23250001	23500000	HAP1_chr14	HAP2_chr15	HAP1	HAP2	14	15	236980	228700	5038	460642	0.989063
chr14x15	23250001	23500000	HAP1_chr15	HAP2_chr14	HAP1	HAP2	15	14	225253	239189	11366	453076	0.974914
chr14x15	23250001	23500000	HAP2_chr14	HAP2_chr15	HAP2	HAP2	14	15	239189	228700	9659	458230	0.978921
chr14x15	23500001	23750000	HAP1_chr14	HAP1_chr15	HAP1	HAP1	14	15	229234	218376	2099	445511	0.995289
chr14x15	23500001	23750000	HAP1_chr14	HAP2_chr15	HAP1	HAP2	14	15	229234	230166	4464	454936	0.990188
chr14x15	23500001	23750000	HAP1_chr15	HAP2_chr14	HAP1	HAP2	15	14	218376	227355	9210	436521	0.978901
chr14x15	23500001	23750000	HAP2_chr14	HAP2_chr15	HAP2	HAP2	14	15	227355	230166	5574	451947	0.987667
chr14x15	23750001	24000000	HAP1_chr14	HAP1_chr15	HAP1	HAP1	14	15	235899	234601	3000	467500	0.993583
chr14x15	23750001	24000000	HAP1_chr14	HAP2_chr15	HAP1	HAP2	14	15	235899	237729	5079	468549	0.989160
chr14x15	23750001	24000000	HAP1_chr15	HAP2_chr14	HAP1	HAP2	15	14	234601	230036	8482	456155	0.981405
chr14x15	23750001	24000000	HAP2_chr14	HAP2_chr15	HAP2	HAP2	14	15	230036	237729	8769	458996	0.980895
chr14x15	24000001	24250000	HAP1_chr14	HAP1_chr15	HAP1	HAP1	14	15	239355	231606	2147	468814	0.995420
chr14x15	24000001	24250000	HAP1_chr14	HAP2_chr15	HAP1	HAP2	14	15	239355	220186	2910	456631	0.993627
chr14x15	24000001	24250000	HAP1_chr15	HAP2_chr14	HAP1	HAP2	15	14	231606	228948	4103	456451	0.991011
chr14x15	24000001	24250000	HAP2_chr14	HAP2_chr15	HAP2	HAP2	14	15	228948	220186	6665	442469	0.984937
chr14x15	24250001	24500000	HAP1_chr14	HAP1_chr15	HAP1	HAP1	14	15	235357	220050	11298	444109	0.974560
chr14x15	24250001	24500000	HAP1_chr14	HAP2_chr15	HAP1	HAP2	14	15	235357	234135	5344	464148	0.988486
chr14x15	24250001	24500000	HAP1_chr15	HAP2_chr14	HAP1	HAP2	15	14	220050	239748	5378	454420	0.988165
chr14x15	24250001	24500000	HAP2_chr14	HAP2_chr15	HAP2	HAP2	14	15	239748	234135	3056	470827	0.993509
chr14x15	24500001	24750000	HAP1_chr14	HAP1_chr15	HAP1	HAP1	14	15	205348	234297	4540	435105	0.989566
chr14x15	24500001	24750000	HAP1_chr14	HAP2_chr15	HAP1	HAP2	14	15	205348	225756	16220	414884	0.960905
chr14x15	24500001	24750000	HAP1_chr15	HAP2_chr14	HAP1	HAP2	15	14	234297	225110	3370	456037	0.992610
chr14x15	24500001	24750000	HAP2_chr14	HAP2_chr15	HAP2	HAP2	14	15	225110	225756	7569	443297	0.982926
chr14x15	24750001	25000000	HAP1_chr14	HAP1_chr15	HAP1	HAP1	14	15	236068	233674	4419	465323	0.990503
chr14x15	24750001	25000000	HAP1_chr14	HAP2_chr15	HAP1	HAP2	14	15	236068	216814	2612	450270	0.994199
chr14x15	24750001	25000000	HAP1_chr15	HAP2_chr14	HAP1	HAP2	15	14	233674	226907	5816	454765	0.987211
chr14x15	24750001	25000000	HAP2_chr14	HAP2_chr15	HAP2	HAP2	14	15	226907	216814	12156	431565	0.971833
chr14x15	25000001	25250000	HAP1_chr14	HAP1_chr15	HAP1	HAP1	14	15	225708	162497	10336	377869	0.972647
chr14x15	25000001	25250000	HAP1_chr14	HAP2_chr15	HAP1	HAP2	14	15	225708	230063	7748	448023	0.982706
chr14x15	25000001	25250000	HAP1_chr15	HAP2_chr14	HAP1	HAP2	15	14	162497	236134	2903	395728	0.992664
chr14x15	25000001	25250000	HAP2_chr14	HAP2_chr15	HAP2	HAP2	14	15	236134	230063	4043	462154	0.991252
chr14x15	25250001	25500000	HAP1_chr14	HAP1_chr15	HAP1	HAP1	14	15	218118	233740	5715	446143	0.987190
chr14x15	25250001	25500000	HAP1_chr14	HAP2_chr15	HAP1	HAP2	14	15	218118	232438	15825	434731	0.963598
chr14x15	25250001	25500000	HAP1_chr15	HAP2_chr14	HAP1	HAP2	15	14	233740	217703	9498	441945	0.978509
chr14x15	25250001	25500000	HAP2_chr14	HAP2_chr15	HAP2	HAP2	14	15	217703	232438	5539	444602	0.987542
chr14x15	25500001	25750000	HAP1_chr14	HAP1_chr15	HAP1	HAP1	14	15	229310	234620	5507	458423	0.987987
chr14x15	25500001	25750000	HAP1_chr14	HAP2_chr15	HAP1	HAP2	14	15	229310	201532	15715	415127	0.962144
chr14x15	25500001	25750000	HAP1_chr15	HAP2_chr14	HAP1	HAP2	15	14	234620	234716	5293	464043	0.988594
chr14x15	25500001	25750000	HAP2_chr14	HAP2_chr15	HAP2	HAP2	14	15	234716	201532	2410	433838	0.994445
chr14x15	25750001	26000000	HAP1_chr14	HAP1_chr15	HAP1	HAP1	14	15	230882	225442	10655	445669	0.976092
chr14x15	25750001	26000000	HAP1_chr14	HAP2_chr15	HAP1	HAP2	14	15	230882	235248	9933	456197	0.978227
chr14x15	25750001	26000000	HAP1_chr15	HAP2_chr14	HAP1	HAP2	15	14	225442	215306	2953	437795	0.993255
chr14x15	25750001	26000000	HAP2_chr14	HAP2_chr15	HAP2	HAP2	14	15	215306	235248	4303	446251	0.990357
chr14x15	26000001	26250000	HAP1_chr14	HAP1_chr15	HAP1	HAP1	14	15	229785	231073	6705	454153	0.985236
chr14x15	26000001	26250000	HAP1_chr14	HAP2_chr15	HAP1	HAP2	14	15	229785	239565	5266	464084	0.988653
chr14x15	26000001	26250000	HAP1_chr15	HAP2_chr14	HAP1	HAP2	15	14	231073	237784	5190	463667	0.988807
chr14x15	26000001	26250000	HAP2_chr14	HAP2_chr15	HAP2	HAP2	14	15	237784	239565	4839	472510	0.989759
chr14x15	26250001	26500000	HAP1_chr14	HAP1_chr15	HAP1	HAP1	14	15	230151	227111	11644	445618	0.973870
chr14x15	26250001	26500000	HAP1_chr14	HAP2_chr15	HAP1	HAP2	14	15	230151	226588	3466	453273	0.992353
chr14x15	26250001	26500000	HAP1_chr15	HAP2_chr14	HAP1	HAP2	15	14	227111	233954	6307	454758	0.986131
chr14x15	26250001	26500000	HAP2_chr14	HAP2_chr15	HAP2	HAP2	14	15	233954	226588	7572	452970	0.983284
chr14x15	26500001	26750000	HAP1_chr14	HAP1_chr15	HAP1	HAP1	14	15	233669	221229	4715	450183	0.989526
chr14x15	26500001	26750000	HAP1_chr14	HAP2_chr15	HAP1	HAP2	14	15	233669	232105	5466	460308	0.988125
chr14x15	26500001	26750000	HAP1_chr15	HAP2_chr14	HAP1	HAP2	15	14	221229	236503	5827	451905	0.987106
chr14x15	26500001	26750000	HAP2_chr14	HAP2_chr15	HAP2	HAP2	14	15	236503	232105	5806	462802	0.987455
chr14x15	26750001	27000000	HAP1_chr14	HAP1_chr15	HAP1	HAP1	14	15	228211	235381	3238	460354	0.992966
chr14x15	26750001	27000000	HAP1_chr14	HAP2_chr15	HAP1	HAP2	14	15	228211	227348	4424	451135	0.990194
chr14x15	26750001	27000000	HAP1_chr15	HAP2_chr14	HAP1	HAP2	15	14	235381	214152	5079	444454	0.988572
chr14x15	26750001	27000000	HAP2_chr14	HAP2_chr15	HAP2	HAP2	14	15	214152	227348	8019	433481	0.981501
chr14x15	27000001	27250000	HAP1_chr14	HAP1_chr15	HAP1	HAP1	14	15	232309	235130	8513	458926	0.981450
chr14x15	27000001	27250000	HAP1_chr14	HAP2_chr15	HAP1	HAP2	14	15	232309	233300	31383	434226	0.927727
chr14x15	27000001	27250000	HAP1_chr15	HAP2_chr14	HAP1	HAP2	15	14	235130	226797	7695	454232	0.983059
chr14x15	27000001	27250000	HAP2_chr14	HAP2_chr15	HAP2	HAP2	14	15	226797	233300	24931	435166	0.942709
chr14x15	27250001	27500000	HAP1_chr14	HAP1_chr15	HAP1	HAP1	14	15	238805	226410	4070	461145	0.991174
chr14x15	27250001	27500000	HAP1_chr14	HAP2_chr15	HAP1	HAP2	14	15	238805	218953	41506	416252	0.900286
chr14x15	27250001	27500000	HAP1_chr15	HAP2_chr14	HAP1	HAP2	15	14	226410	222197	2211	446396	0.995047
chr14x15	27250001	27500000	HAP2_chr14	HAP2_chr15	HAP2	HAP2	14	15	222197	218953	4172	436978	0.990453
chr14x15	27500001	27750000	HAP1_chr14	HAP1_chr15	HAP1	HAP1	14	15	191630	233704	4289	421045	0.989813
chr14x15	27500001	27750000	HAP1_chr14	HAP2_chr15	HAP1	HAP2	14	15	191630	234433	36404	389659	0.906575
chr14x15	27500001	27750000	HAP1_chr15	HAP2_chr14	HAP1	HAP2	15	14	233704	208877	5088	437493	0.988370
chr14x15	27500001	27750000	HAP2_chr14	HAP2_chr15	HAP2	HAP2	14	15	208877	234433	4337	438973	0.990120
chr14x15	27750001	28000000	HAP1_chr14	HAP1_chr15	HAP1	HAP1	14	15	228279	225031	6996	446314	0.984325
chr14x15	27750001	28000000	HAP1_chr14	HAP2_chr15	HAP1	HAP2	14	15	228279	227285	8088	447476	0.981925
chr14x15	27750001	28000000	HAP1_chr15	HAP2_chr14	HAP1	HAP2	15	14	225031	176254	5993	395292	0.984839
chr14x15	27750001	28000000	HAP2_chr14	HAP2_chr15	HAP2	HAP2	14	15	176254	227285	10267	393272	0.973893
chr14x15	28000001	28250000	HAP1_chr14	HAP1_chr15	HAP1	HAP1	14	15	234655	208191	5051	437795	0.988463
chr14x15	28000001	28250000	HAP1_chr14	HAP2_chr15	HAP1	HAP2	14	15	234655	223129	67015	390769	0.828505
chr14x15	28000001	28250000	HAP1_chr15	HAP2_chr14	HAP1	HAP2	15	14	208191	219794	4360	423625	0.989708
chr14x15	28000001	28250000	HAP2_chr14	HAP2_chr15	HAP2	HAP2	14	15	219794	223129	1768	441155	0.995992
chr14x15	28250001	28500000	HAP1_chr14	HAP1_chr15	HAP1	HAP1	14	15	231846	233870	11015	454701	0.975775
chr14x15	28250001	28500000	HAP1_chr14	HAP2_chr15	HAP1	HAP2	14	15	231846	164629	3131	393344	0.992040
chr14x15	28250001	28500000	HAP1_chr15	HAP2_chr14	HAP1	HAP2	15	14	233870	238705	7124	465451	0.984694
chr14x15	28250001	28500000	HAP2_chr14	HAP2_chr15	HAP2	HAP2	14	15	238705	164629	2878	400456	0.992813
chr14x15	28500001	28750000	HAP1_chr14	HAP1_chr15	HAP1	HAP1	14	15	238203	194049	4729	427523	0.988939
chr14x15	28500001	28750000	HAP1_chr14	HAP2_chr15	HAP1	HAP2	14	15	238203	234007	10259	461951	0.977792
chr14x15	28500001	28750000	HAP1_chr15	HAP2_chr14	HAP1	HAP2	15	14	194049	231356	4142	421263	0.990168
chr14x15	28500001	28750000	HAP2_chr14	HAP2_chr15	HAP2	HAP2	14	15	231356	234007	8112	457251	0.982259
chr14x15	28750001	29000000	HAP1_chr14	HAP1_chr15	HAP1	HAP1	14	15	233248	216412	9657	440003	0.978052
chr14x15	28750001	29000000	HAP1_chr14	HAP2_chr15	HAP1	HAP2	14	15	233248	185412	11066	407594	0.972850
chr14x15	28750001	29000000	HAP1_chr15	HAP2_chr14	HAP1	HAP2	15	14	216412	237138	5471	448079	0.987790
chr14x15	28750001	29000000	HAP2_chr14	HAP2_chr15	HAP2	HAP2	14	15	237138	185412	6605	415945	0.984120
chr14x15	29000001	29250000	HAP1_chr14	HAP1_chr15	HAP1	HAP1	14	15	223122	231685	4836	449971	0.989253
chr14x15	29000001	29250000	HAP1_chr14	HAP2_chr15	HAP1	HAP2	14	15	223122	225380	12193	436309	0.972054
chr14x15	29000001	29250000	HAP1_chr15	HAP2_chr14	HAP1	HAP2	15	14	231685	237832	5650	463867	0.987820
chr14x15	29000001	29250000	HAP2_chr14	HAP2_chr15	HAP2	HAP2	14	15	237832	225380	9769	453443	0.978456
chr14x15	29250001	29500000	HAP1_chr14	HAP1_chr15	HAP1	HAP1	14	15	215664	232333	12095	435902	0.972253
chr14x15	29250001	29500000	HAP1_chr14	HAP2_chr15	HAP1	HAP2	14	15	215664	234035	12805	436894	0.970691
chr14x15	29250001	29500000	HAP1_chr15	HAP2_chr14	HAP1	HAP2	15	14	232333	236653	2526	466460	0.994585
chr14x15	29250001	29500000	HAP2_chr14	HAP2_chr15	HAP2	HAP2	14	15	236653	234035	3437	467251	0.992644
chr14x15	29500001	29750000	HAP1_chr14	HAP1_chr15	HAP1	HAP1	14	15	231448	238846	5807	464487	0.987498
chr14x15	29500001	29750000	HAP1_chr14	HAP2_chr15	HAP1	HAP2	14	15	231448	228154	76231	383371	0.801156
chr14x15	29500001	29750000	HAP1_chr15	HAP2_chr14	HAP1	HAP2	15	14	238846	237913	5012	471747	0.989376
chr14x15	29500001	29750000	HAP2_chr14	HAP2_chr15	HAP2	HAP2	14	15	237913	228154	7774	458293	0.983037
chr14x15	29750001	30000000	HAP1_chr14	HAP1_chr15	HAP1	HAP1	14	15	234693	221776	1448	455021	0.996818
chr14x15	29750001	30000000	HAP1_chr14	HAP2_chr15	HAP1	HAP2	14	15	234693	221693	111301	345085	0.677468
chr14x15	29750001	30000000	HAP1_chr15	HAP2_chr14	HAP1	HAP2	15	14	221776	228844	2909	447711	0.993503
chr14x15	29750001	30000000	HAP2_chr14	HAP2_chr15	HAP2	HAP2	14	15	228844	221693	5532	445005	0.987569
chr14x15	30000001	30250000	HAP1_chr14	HAP1_chr15	HAP1	HAP1	14	15	240222	199819	7034	433007	0.983755
chr14x15	30000001	30250000	HAP1_chr14	HAP2_chr15	HAP1	HAP2	14	15	240222	232506	93211	379517	0.754396
chr14x15	30000001	30250000	HAP1_chr15	HAP2_chr14	HAP1	HAP2	15	14	199819	213059	3803	409075	0.990703
chr14x15	30000001	30250000	HAP2_chr14	HAP2_chr15	HAP2	HAP2	14	15	213059	232506	9157	436408	0.979017
chr14x15	30250001	30500000	HAP1_chr14	HAP1_chr15	HAP1	HAP1	14	15	238251	229202	6954	460499	0.984899
chr14x15	30250001	30500000	HAP1_chr14	HAP2_chr15	HAP1	HAP2	14	15	238251	211716	15176	434791	0.965096
chr14x15	30250001	30500000	HAP1_chr15	HAP2_chr14	HAP1	HAP2	15	14	229202	230798	12084	447916	0.973022
chr14x15	30250001	30500000	HAP2_chr14	HAP2_chr15	HAP2	HAP2	14	15	230798	211716	8026	434488	0.981528
chr14x15	30500001	30750000	HAP1_chr14	HAP1_chr15	HAP1	HAP1	14	15	231343	229851	3390	457804	0.992595
chr14x15	30500001	30750000	HAP1_chr14	HAP2_chr15	HAP1	HAP2	14	15	231343	180335	12620	399058	0.968376
chr14x15	30500001	30750000	HAP1_chr15	HAP2_chr14	HAP1	HAP2	15	14	229851	220369	4489	445731	0.989929
chr14x15	30500001	30750000	HAP2_chr14	HAP2_chr15	HAP2	HAP2	14	15	220369	180335	9051	391653	0.976890
chr14x15	30750001	31000000	HAP1_chr14	HAP1_chr15	HAP1	HAP1	14	15	231091	240153	3962	467282	0.991521
chr14x15	30750001	31000000	HAP1_chr14	HAP2_chr15	HAP1	HAP2	14	15	231091	183872	4770	410193	0.988371
chr14x15	30750001	31000000	HAP1_chr15	HAP2_chr14	HAP1	HAP2	15	14	240153	221543	7905	453791	0.982580
chr14x15	30750001	31000000	HAP2_chr14	HAP2_chr15	HAP2	HAP2	14	15	221543	183872	12668	392747	0.967745
chr14x15	31000001	31250000	HAP1_chr14	HAP1_chr15	HAP1	HAP1	14	15	229489	233014	9807	452696	0.978336
chr14x15	31000001	31250000	HAP1_chr14	HAP2_chr15	HAP1	HAP2	14	15	229489	197612	5100	422001	0.987915
chr14x15	31000001	31250000	HAP1_chr15	HAP2_chr14	HAP1	HAP2	15	14	233014	208516	1980	439550	0.995495
chr14x15	31000001	31250000	HAP2_chr14	HAP2_chr15	HAP2	HAP2	14	15	208516	197612	25412	380716	0.933252
chr14x15	31250001	31500000	HAP1_chr14	HAP1_chr15	HAP1	HAP1	14	15	231558	233417	7864	457111	0.982796
chr14x15	31250001	31500000	HAP1_chr14	HAP2_chr15	HAP1	HAP2	14	15	231558	200586	7769	424375	0.981693
chr14x15	31250001	31500000	HAP1_chr15	HAP2_chr14	HAP1	HAP2	15	14	233417	228212	8487	453142	0.981271
chr14x15	31250001	31500000	HAP2_chr14	HAP2_chr15	HAP2	HAP2	14	15	228212	200586	23001	405797	0.943319
chr14x15	31500001	31750000	HAP1_chr14	HAP1_chr15	HAP1	HAP1	14	15	228429	226293	7208	447514	0.983893
chr14x15	31500001	31750000	HAP1_chr14	HAP2_chr15	HAP1	HAP2	14	15	228429	185185	13244	400370	0.966921
chr14x15	31500001	31750000	HAP1_chr15	HAP2_chr14	HAP1	HAP2	15	14	226293	238112	7233	457172	0.984179
chr14x15	31500001	31750000	HAP2_chr14	HAP2_chr15	HAP2	HAP2	14	15	238112	185185	6411	416886	0.984622
chr14x15	31750001	32000000	HAP1_chr14	HAP1_chr15	HAP1	HAP1	14	15	232772	150212	1778	381206	0.995336
chr14x15	31750001	32000000	HAP1_chr14	HAP2_chr15	HAP1	HAP2	14	15	232772	223857	3984	452645	0.991198
chr14x15	31750001	32000000	HAP1_chr15	HAP2_chr14	HAP1	HAP2	15	14	150212	237520	2487	385245	0.993544
chr14x15	31750001	32000000	HAP2_chr14	HAP2_chr15	HAP2	HAP2	14	15	237520	223857	6236	455141	0.986299
chr14x15	32000001	32250000	HAP1_chr14	HAP1_chr15	HAP1	HAP1	14	15	227121	239615	6428	460308	0.986035
chr14x15	32000001	32250000	HAP1_chr14	HAP2_chr15	HAP1	HAP2	14	15	227121	234264	8242	453143	0.981811
chr14x15	32000001	32250000	HAP1_chr15	HAP2_chr14	HAP1	HAP2	15	14	239615	235692	3209	472098	0.993203
chr14x15	32000001	32250000	HAP2_chr14	HAP2_chr15	HAP2	HAP2	14	15	235692	234264	7156	462800	0.984538
chr14x15	32250001	32500000	HAP1_chr14	HAP1_chr15	HAP1	HAP1	14	15	222014	216158	5409	432763	0.987501
chr14x15	32250001	32500000	HAP1_chr14	HAP2_chr15	HAP1	HAP2	14	15	222014	212692	7339	427367	0.982827
chr14x15	32250001	32500000	HAP1_chr15	HAP2_chr14	HAP1	HAP2	15	14	216158	238691	10650	444199	0.976024
chr14x15	32250001	32500000	HAP2_chr14	HAP2_chr15	HAP2	HAP2	14	15	238691	212692	3067	448316	0.993159
chr14x15	32500001	32750000	HAP1_chr14	HAP1_chr15	HAP1	HAP1	14	15	232695	228716	5724	455687	0.987439
chr14x15	32500001	32750000	HAP1_chr14	HAP2_chr15	HAP1	HAP2	14	15	232695	230972	4454	459213	0.990301
chr14x15	32500001	32750000	HAP1_chr15	HAP2_chr14	HAP1	HAP2	15	14	228716	224545	5021	448240	0.988798
chr14x15	32500001	32750000	HAP2_chr14	HAP2_chr15	HAP2	HAP2	14	15	224545	230972	5213	450304	0.988423
chr14x15	32750001	33000000	HAP1_chr14	HAP1_chr15	HAP1	HAP1	14	15	235078	215162	3052	447188	0.993175
chr14x15	32750001	33000000	HAP1_chr14	HAP2_chr15	HAP1	HAP2	14	15	235078	219925	15136	439867	0.965590
chr14x15	32750001	33000000	HAP1_chr15	HAP2_chr14	HAP1	HAP2	15	14	215162	235218	3109	447271	0.993049
chr14x15	32750001	33000000	HAP2_chr14	HAP2_chr15	HAP2	HAP2	14	15	235218	219925	6265	448878	0.986043
chr14x15	33000001	33250000	HAP1_chr14	HAP1_chr15	HAP1	HAP1	14	15	231092	235068	3905	462255	0.991552
chr14x15	33000001	33250000	HAP1_chr14	HAP2_chr15	HAP1	HAP2	14	15	231092	224862	3093	452861	0.993170
chr14x15	33000001	33250000	HAP1_chr15	HAP2_chr14	HAP1	HAP2	15	14	235068	236545	6230	465383	0.986613
chr14x15	33000001	33250000	HAP2_chr14	HAP2_chr15	HAP2	HAP2	14	15	236545	224862	6115	455292	0.986569
chr14x15	33250001	33500000	HAP1_chr14	HAP1_chr15	HAP1	HAP1	14	15	225535	222707	9926	438316	0.977354
chr14x15	33250001	33500000	HAP1_chr14	HAP2_chr15	HAP1	HAP2	14	15	225535	230106	6371	449270	0.985819
chr14x15	33250001	33500000	HAP1_chr15	HAP2_chr14	HAP1	HAP2	15	14	222707	243294	3096	462905	0.993312
chr14x15	33250001	33500000	HAP2_chr14	HAP2_chr15	HAP2	HAP2	14	15	243294	230106	2969	470431	0.993689
chr14x15	33500001	33750000	HAP1_chr14	HAP1_chr15	HAP1	HAP1	14	15	236780	233982	4379	466383	0.990611
chr14x15	33500001	33750000	HAP1_chr14	HAP2_chr15	HAP1	HAP2	14	15	236780	234356	5473	465663	0.988247
chr14x15	33500001	33750000	HAP1_chr15	HAP2_chr14	HAP1	HAP2	15	14	233982	224543	2922	455603	0.993587
chr14x15	33500001	33750000	HAP2_chr14	HAP2_chr15	HAP2	HAP2	14	15	224543	234356	3271	455628	0.992821
chr14x15	33750001	34000000	HAP1_chr14	HAP1_chr15	HAP1	HAP1	14	15	202148	227281	9779	419650	0.976697
chr14x15	33750001	34000000	HAP1_chr14	HAP2_chr15	HAP1	HAP2	14	15	202148	237988	5311	434825	0.987786
chr14x15	33750001	34000000	HAP1_chr15	HAP2_chr14	HAP1	HAP2	15	14	227281	233939	10453	450767	0.976811
chr14x15	33750001	34000000	HAP2_chr14	HAP2_chr15	HAP2	HAP2	14	15	233939	237988	3832	468095	0.991814
chr14x15	34000001	34250000	HAP1_chr14	HAP1_chr15	HAP1	HAP1	14	15	228559	186395	9071	405883	0.977651
chr14x15	34000001	34250000	HAP1_chr14	HAP2_chr15	HAP1	HAP2	14	15	228559	223762	3350	448971	0.992538
chr14x15	34000001	34250000	HAP1_chr15	HAP2_chr14	HAP1	HAP2	15	14	186395	233755	5469	414681	0.986812
chr14x15	34000001	34250000	HAP2_chr14	HAP2_chr15	HAP2	HAP2	14	15	233755	223762	4568	452949	0.989915
chr14x15	34250001	34500000	HAP1_chr14	HAP1_chr15	HAP1	HAP1	14	15	212168	178529	6642	384055	0.982706
chr14x15	34250001	34500000	HAP1_chr14	HAP2_chr15	HAP1	HAP2	14	15	212168	219750	3594	428324	0.991609
chr14x15	34250001	34500000	HAP1_chr15	HAP2_chr14	HAP1	HAP2	15	14	178529	236019	7392	407156	0.981845
chr14x15	34250001	34500000	HAP2_chr14	HAP2_chr15	HAP2	HAP2	14	15	236019	219750	5121	450648	0.988636
chr14x15	34500001	34750000	HAP1_chr14	HAP1_chr15	HAP1	HAP1	14	15	239883	198903	5273	433513	0.987837
chr14x15	34500001	34750000	HAP1_chr14	HAP2_chr15	HAP1	HAP2	14	15	239883	242990	2721	480152	0.994333
chr14x15	34500001	34750000	HAP1_chr15	HAP2_chr14	HAP1	HAP2	15	14	198903	201298	2009	398192	0.994955
chr14x15	34500001	34750000	HAP2_chr14	HAP2_chr15	HAP2	HAP2	14	15	201298	242990	10732	433556	0.975247
chr14x15	34750001	35000000	HAP1_chr14	HAP1_chr15	HAP1	HAP1	14	15	232765	203644	11560	424849	0.972790
chr14x15	34750001	35000000	HAP1_chr14	HAP2_chr15	HAP1	HAP2	14	15	232765	206255	8324	430696	0.980673
chr14x15	34750001	35000000	HAP1_chr15	HAP2_chr14	HAP1	HAP2	15	14	203644	231293	9503	425434	0.977663
chr14x15	34750001	35000000	HAP2_chr14	HAP2_chr15	HAP2	HAP2	14	15	231293	206255	3942	433606	0.990909
chr14x15	35000001	35250000	HAP1_chr14	HAP1_chr15	HAP1	HAP1	14	15	235075	186468	5097	416446	0.987761
chr14x15	35000001	35250000	HAP1_chr14	HAP2_chr15	HAP1	HAP2	14	15	235075	233074	5045	463104	0.989106
chr14x15	35000001	35250000	HAP1_chr15	HAP2_chr14	HAP1	HAP2	15	14	186468	241146	860	426754	0.997985
chr14x15	35000001	35250000	HAP2_chr14	HAP2_chr15	HAP2	HAP2	14	15	241146	233074	3236	470984	0.993129
chr14x15	35250001	35500000	HAP1_chr14	HAP1_chr15	HAP1	HAP1	14	15	223855	202077	2686	423246	0.993654
chr14x15	35250001	35500000	HAP1_chr14	HAP2_chr15	HAP1	HAP2	14	15	223855	242091	4500	461446	0.990248
chr14x15	35250001	35500000	HAP1_chr15	HAP2_chr14	HAP1	HAP2	15	14	202077	236105	6712	431470	0.984444
chr14x15	35250001	35500000	HAP2_chr14	HAP2_chr15	HAP2	HAP2	14	15	236105	242091	3023	475173	0.993638
chr14x15	35500001	35750000	HAP1_chr14	HAP1_chr15	HAP1	HAP1	14	15	217019	239541	4488	452072	0.990072
chr14x15	35500001	35750000	HAP1_chr14	HAP2_chr15	HAP1	HAP2	14	15	217019	231117	5528	442608	0.987510
chr14x15	35500001	35750000	HAP1_chr15	HAP2_chr14	HAP1	HAP2	15	14	239541	227083	2046	464578	0.995596
chr14x15	35500001	35750000	HAP2_chr14	HAP2_chr15	HAP2	HAP2	14	15	227083	231117	9013	449187	0.979935
chr14x15	35750001	36000000	HAP1_chr14	HAP1_chr15	HAP1	HAP1	14	15	205659	229732	7040	428351	0.983565
chr14x15	35750001	36000000	HAP1_chr14	HAP2_chr15	HAP1	HAP2	14	15	205659	231199	14679	422179	0.965230
chr14x15	35750001	36000000	HAP1_chr15	HAP2_chr14	HAP1	HAP2	15	14	229732	234929	4481	460180	0.990263
chr14x15	35750001	36000000	HAP2_chr14	HAP2_chr15	HAP2	HAP2	14	15	234929	231199	11339	454789	0.975068
chr14x15	36000001	36250000	HAP1_chr14	HAP1_chr15	HAP1	HAP1	14	15	236083	222304	4912	453475	0.989168
chr14x15	36000001	36250000	HAP1_chr14	HAP2_chr15	HAP1	HAP2	14	15	236083	218587	3776	450894	0.991626
chr14x15	36000001	36250000	HAP1_chr15	HAP2_chr14	HAP1	HAP2	15	14	222304	226548	5900	442952	0.986680
chr14x15	36000001	36250000	HAP2_chr14	HAP2_chr15	HAP2	HAP2	14	15	226548	218587	3090	442045	0.993010
chr14x15	36250001	36500000	HAP1_chr14	HAP1_chr15	HAP1	HAP1	14	15	237904	240279	7021	471162	0.985099
chr14x15	36250001	36500000	HAP1_chr14	HAP2_chr15	HAP1	HAP2	14	15	237904	239625	11539	465990	0.975238
chr14x15	36250001	36500000	HAP1_chr15	HAP2_chr14	HAP1	HAP2	15	14	240279	236988	9972	467295	0.978660
chr14x15	36250001	36500000	HAP2_chr14	HAP2_chr15	HAP2	HAP2	14	15	236988	239625	4884	471729	0.989647
chr14x15	36500001	36750000	HAP1_chr14	HAP1_chr15	HAP1	HAP1	14	15	231442	239967	5741	465668	0.987671
chr14x15	36500001	36750000	HAP1_chr14	HAP2_chr15	HAP1	HAP2	14	15	231442	230481	5169	456754	0.988683
chr14x15	36500001	36750000	HAP1_chr15	HAP2_chr14	HAP1	HAP2	15	14	239967	237401	6910	470458	0.985312
chr14x15	36500001	36750000	HAP2_chr14	HAP2_chr15	HAP2	HAP2	14	15	237401	230481	5276	462606	0.988595
chr14x15	36750001	37000000	HAP1_chr14	HAP1_chr15	HAP1	HAP1	14	15	213074	223035	4527	431582	0.989511
chr14x15	36750001	37000000	HAP1_chr14	HAP2_chr15	HAP1	HAP2	14	15	213074	223304	13189	423189	0.968834
chr14x15	36750001	37000000	HAP1_chr15	HAP2_chr14	HAP1	HAP2	15	14	223035	235668	3067	455636	0.993269
chr14x15	36750001	37000000	HAP2_chr14	HAP2_chr15	HAP2	HAP2	14	15	235668	223304	4710	454262	0.989632
chr14x15	37000001	37250000	HAP1_chr14	HAP1_chr15	HAP1	HAP1	14	15	235614	232869	7474	461009	0.983788
chr14x15	37000001	37250000	HAP1_chr14	HAP2_chr15	HAP1	HAP2	14	15	235614	235976	3710	467880	0.992071
chr14x15	37000001	37250000	HAP1_chr15	HAP2_chr14	HAP1	HAP2	15	14	232869	204839	5595	432113	0.987052
chr14x15	37000001	37250000	HAP2_chr14	HAP2_chr15	HAP2	HAP2	14	15	204839	235976	1028	439787	0.997663
chr14x15	37250001	37500000	HAP1_chr14	HAP1_chr15	HAP1	HAP1	14	15	218826	221639	6248	434217	0.985611
chr14x15	37250001	37500000	HAP1_chr14	HAP2_chr15	HAP1	HAP2	14	15	218826	235507	13784	440549	0.968712
chr14x15	37250001	37500000	HAP1_chr15	HAP2_chr14	HAP1	HAP2	15	14	221639	201595	3597	419637	0.991428
chr14x15	37250001	37500000	HAP2_chr14	HAP2_chr15	HAP2	HAP2	14	15	201595	235507	4721	432381	0.989081
chr14x15	37500001	37750000	HAP1_chr14	HAP1_chr15	HAP1	HAP1	14	15	224908	237568	8354	454122	0.981604
chr14x15	37500001	37750000	HAP1_chr14	HAP2_chr15	HAP1	HAP2	14	15	224908	236924	2000	459832	0.995651
chr14x15	37500001	37750000	HAP1_chr15	HAP2_chr14	HAP1	HAP2	15	14	237568	216092	3910	449750	0.991306
chr14x15	37500001	37750000	HAP2_chr14	HAP2_chr15	HAP2	HAP2	14	15	216092	236924	3526	449490	0.992156
chr14x15	37750001	38000000	HAP1_chr14	HAP1_chr15	HAP1	HAP1	14	15	207412	239784	2802	444394	0.993695
chr14x15	37750001	38000000	HAP1_chr14	HAP2_chr15	HAP1	HAP2	14	15	207412	232618	14424	425606	0.966110
chr14x15	37750001	38000000	HAP1_chr15	HAP2_chr14	HAP1	HAP2	15	14	239784	236276	4374	471686	0.990727
chr14x15	37750001	38000000	HAP2_chr14	HAP2_chr15	HAP2	HAP2	14	15	236276	232618	2928	465966	0.993716
chr14x15	38000001	38250000	HAP1_chr14	HAP1_chr15	HAP1	HAP1	14	15	220160	198699	7132	411727	0.982678
chr14x15	38000001	38250000	HAP1_chr14	HAP2_chr15	HAP1	HAP2	14	15	220160	237293	4581	452872	0.989885
chr14x15	38000001	38250000	HAP1_chr15	HAP2_chr14	HAP1	HAP2	15	14	198699	237496	4009	432186	0.990724
chr14x15	38000001	38250000	HAP2_chr14	HAP2_chr15	HAP2	HAP2	14	15	237496	237293	2849	471940	0.993963
chr14x15	38250001	38500000	HAP1_chr14	HAP1_chr15	HAP1	HAP1	14	15	238838	236198	5858	469178	0.987514
chr14x15	38250001	38500000	HAP1_chr14	HAP2_chr15	HAP1	HAP2	14	15	238838	225777	5403	459212	0.988234
chr14x15	38250001	38500000	HAP1_chr15	HAP2_chr14	HAP1	HAP2	15	14	236198	237116	7544	465770	0.983803
chr14x15	38250001	38500000	HAP2_chr14	HAP2_chr15	HAP2	HAP2	14	15	237116	225777	4677	458216	0.989793
chr14x15	38500001	38750000	HAP1_chr14	HAP1_chr15	HAP1	HAP1	14	15	236578	234960	7930	463608	0.982895
chr14x15	38500001	38750000	HAP1_chr14	HAP2_chr15	HAP1	HAP2	14	15	236578	234665	5791	465452	0.987558
chr14x15	38500001	38750000	HAP1_chr15	HAP2_chr14	HAP1	HAP2	15	14	234960	234185	7115	462030	0.984601
chr14x15	38500001	38750000	HAP2_chr14	HAP2_chr15	HAP2	HAP2	14	15	234185	234665	16873	451977	0.962668
chr14x15	38750001	39000000	HAP1_chr14	HAP1_chr15	HAP1	HAP1	14	15	219144	230087	3575	445656	0.991978
chr14x15	38750001	39000000	HAP1_chr14	HAP2_chr15	HAP1	HAP2	14	15	219144	235996	4865	450275	0.989195
chr14x15	38750001	39000000	HAP1_chr15	HAP2_chr14	HAP1	HAP2	15	14	230087	234387	6564	457910	0.985665
chr14x15	38750001	39000000	HAP2_chr14	HAP2_chr15	HAP2	HAP2	14	15	234387	235996	5521	464862	0.988123
chr14x15	39000001	39250000	HAP1_chr14	HAP1_chr15	HAP1	HAP1	14	15	225590	188124	6320	407394	0.984487
chr14x15	39000001	39250000	HAP1_chr14	HAP2_chr15	HAP1	HAP2	14	15	225590	225853	6852	444591	0.984588
chr14x15	39000001	39250000	HAP1_chr15	HAP2_chr14	HAP1	HAP2	15	14	188124	232595	8661	412058	0.978981
chr14x15	39000001	39250000	HAP2_chr14	HAP2_chr15	HAP2	HAP2	14	15	232595	225853	7615	450833	0.983109
chr14x15	39250001	39500000	HAP1_chr14	HAP1_chr15	HAP1	HAP1	14	15	227373	239045	4587	461831	0.990068
chr14x15	39250001	39500000	HAP1_chr14	HAP2_chr15	HAP1	HAP2	14	15	227373	218570	9816	436127	0.977493
chr14x15	39250001	39500000	HAP1_chr15	HAP2_chr14	HAP1	HAP2	15	14	239045	231977	6299	464723	0.986446
chr14x15	39250001	39500000	HAP2_chr14	HAP2_chr15	HAP2	HAP2	14	15	231977	218570	3037	447510	0.993214
chr14x15	39500001	39750000	HAP1_chr14	HAP1_chr15	HAP1	HAP1	14	15	235628	224605	3614	456619	0.992085
chr14x15	39500001	39750000	HAP1_chr14	HAP2_chr15	HAP1	HAP2	14	15	235628	235748	4075	467301	0.991280
chr14x15	39500001	39750000	HAP1_chr15	HAP2_chr14	HAP1	HAP2	15	14	224605	238876	10214	453267	0.977466
chr14x15	39500001	39750000	HAP2_chr14	HAP2_chr15	HAP2	HAP2	14	15	238876	235748	4951	469673	0.989459
chr14x15	39750001	40000000	HAP1_chr14	HAP1_chr15	HAP1	HAP1	14	15	239078	201096	5787	434387	0.986678
chr14x15	39750001	40000000	HAP1_chr14	HAP2_chr15	HAP1	HAP2	14	15	239078	232837	3560	468355	0.992399
chr14x15	39750001	40000000	HAP1_chr15	HAP2_chr14	HAP1	HAP2	15	14	201096	236313	15106	422303	0.964229
chr14x15	39750001	40000000	HAP2_chr14	HAP2_chr15	HAP2	HAP2	14	15	236313	232837	8590	460560	0.981349
chr14x15	40000001	40250000	HAP1_chr14	HAP1_chr15	HAP1	HAP1	14	15	236722	179992	8219	408495	0.979880
chr14x15	40000001	40250000	HAP1_chr14	HAP2_chr15	HAP1	HAP2	14	15	236722	237843	4096	470469	0.991294
chr14x15	40000001	40250000	HAP1_chr15	HAP2_chr14	HAP1	HAP2	15	14	179992	238647	5676	412963	0.986255
chr14x15	40000001	40250000	HAP2_chr14	HAP2_chr15	HAP2	HAP2	14	15	238647	237843	1840	474650	0.996123
chr14x15	40250001	40500000	HAP1_chr14	HAP1_chr15	HAP1	HAP1	14	15	141335	236554	3580	374309	0.990436
chr14x15	40250001	40500000	HAP1_chr14	HAP2_chr15	HAP1	HAP2	14	15	141335	210246	2341	349240	0.993297
chr14x15	40250001	40500000	HAP1_chr15	HAP2_chr14	HAP1	HAP2	15	14	236554	206868	6759	436663	0.984521
chr14x15	40250001	40500000	HAP2_chr14	HAP2_chr15	HAP2	HAP2	14	15	206868	210246	21274	395840	0.946256
chr14x15	40500001	40750000	HAP1_chr14	HAP1_chr15	HAP1	HAP1	14	15	212371	233964	5714	440621	0.987032
chr14x15	40500001	40750000	HAP1_chr14	HAP2_chr15	HAP1	HAP2	14	15	212371	230069	5417	437023	0.987605
chr14x15	40500001	40750000	HAP1_chr15	HAP2_chr14	HAP1	HAP2	15	14	233964	238244	5436	466772	0.988354
chr14x15	40500001	40750000	HAP2_chr14	HAP2_chr15	HAP2	HAP2	14	15	238244	230069	5320	462993	0.988510
chr14x15	40750001	41000000	HAP1_chr14	HAP1_chr15	HAP1	HAP1	14	15	221063	231506	10332	442237	0.976637
chr14x15	40750001	41000000	HAP1_chr14	HAP2_chr15	HAP1	HAP2	14	15	221063	235163	14456	441770	0.967277
chr14x15	40750001	41000000	HAP1_chr15	HAP2_chr14	HAP1	HAP2	15	14	231506	227982	8985	450503	0.980056
chr14x15	40750001	41000000	HAP2_chr14	HAP2_chr15	HAP2	HAP2	14	15	227982	235163	7669	455476	0.983163
chr14x15	41000001	41250000	HAP1_chr14	HAP1_chr15	HAP1	HAP1	14	15	239816	237863	5739	471940	0.987840
chr14x15	41000001	41250000	HAP1_chr14	HAP2_chr15	HAP1	HAP2	14	15	239816	227249	7258	459807	0.984215
chr14x15	41000001	41250000	HAP1_chr15	HAP2_chr14	HAP1	HAP2	15	14	237863	234776	10728	461911	0.976775
chr14x15	41000001	41250000	HAP2_chr14	HAP2_chr15	HAP2	HAP2	14	15	234776	227249	3125	458900	0.993190
chr14x15	41250001	41500000	HAP1_chr14	HAP1_chr15	HAP1	HAP1	14	15	238582	234737	4533	468786	0.990330
chr14x15	41250001	41500000	HAP1_chr14	HAP2_chr15	HAP1	HAP2	14	15	238582	225195	6224	457553	0.986397
chr14x15	41250001	41500000	HAP1_chr15	HAP2_chr14	HAP1	HAP2	15	14	234737	231681	7823	458595	0.982941
chr14x15	41250001	41500000	HAP2_chr14	HAP2_chr15	HAP2	HAP2	14	15	231681	225195	9949	446927	0.977739
chr14x15	41500001	41750000	HAP1_chr14	HAP1_chr15	HAP1	HAP1	14	15	227888	235346	8948	454286	0.980303
chr14x15	41500001	41750000	HAP1_chr14	HAP2_chr15	HAP1	HAP2	14	15	227888	234239	6128	455999	0.986561
chr14x15	41500001	41750000	HAP1_chr15	HAP2_chr14	HAP1	HAP2	15	14	235346	229685	5850	459181	0.987260
chr14x15	41500001	41750000	HAP2_chr14	HAP2_chr15	HAP2	HAP2	14	15	229685	234239	4469	459455	0.990273
chr14x15	41750001	42000000	HAP1_chr14	HAP1_chr15	HAP1	HAP1	14	15	237626	226127	6674	457079	0.985399
chr14x15	41750001	42000000	HAP1_chr14	HAP2_chr15	HAP1	HAP2	14	15	237626	236223	4776	469073	0.989818
chr14x15	41750001	42000000	HAP1_chr15	HAP2_chr14	HAP1	HAP2	15	14	226127	221985	7744	440368	0.982415
chr14x15	41750001	42000000	HAP2_chr14	HAP2_chr15	HAP2	HAP2	14	15	221985	236223	13061	445147	0.970659
chr14x15	42000001	42250000	HAP1_chr14	HAP1_chr15	HAP1	HAP1	14	15	223540	234075	13581	444034	0.969415
chr14x15	42000001	42250000	HAP1_chr14	HAP2_chr15	HAP1	HAP2	14	15	223540	214544	6452	431632	0.985052
chr14x15	42000001	42250000	HAP1_chr15	HAP2_chr14	HAP1	HAP2	15	14	234075	241839	4116	471798	0.991276
chr14x15	42000001	42250000	HAP2_chr14	HAP2_chr15	HAP2	HAP2	14	15	241839	214544	5553	450830	0.987683
chr14x15	42250001	42500000	HAP1_chr14	HAP1_chr15	HAP1	HAP1	14	15	228434	226274	4144	450564	0.990803
chr14x15	42250001	42500000	HAP1_chr14	HAP2_chr15	HAP1	HAP2	14	15	228434	230110	7842	450702	0.982600
chr14x15	42250001	42500000	HAP1_chr15	HAP2_chr14	HAP1	HAP2	15	14	226274	236535	2040	460769	0.995573
chr14x15	42250001	42500000	HAP2_chr14	HAP2_chr15	HAP2	HAP2	14	15	236535	230110	13763	452882	0.969610
chr14x15	42500001	42750000	HAP1_chr14	HAP1_chr15	HAP1	HAP1	14	15	226828	224583	9442	441969	0.978637
chr14x15	42500001	42750000	HAP1_chr14	HAP2_chr15	HAP1	HAP2	14	15	226828	227117	5334	448611	0.988110
chr14x15	42500001	42750000	HAP1_chr15	HAP2_chr14	HAP1	HAP2	15	14	224583	217344	4250	437677	0.990290
chr14x15	42500001	42750000	HAP2_chr14	HAP2_chr15	HAP2	HAP2	14	15	217344	227117	4683	439778	0.989351
chr14x15	42750001	43000000	HAP1_chr14	HAP1_chr15	HAP1	HAP1	14	15	234196	236987	10078	461105	0.978144
chr14x15	42750001	43000000	HAP1_chr14	HAP2_chr15	HAP1	HAP2	14	15	234196	170588	10167	394617	0.974236
chr14x15	42750001	43000000	HAP1_chr15	HAP2_chr14	HAP1	HAP2	15	14	236987	222954	4036	455905	0.991147
chr14x15	42750001	43000000	HAP2_chr14	HAP2_chr15	HAP2	HAP2	14	15	222954	170588	7091	386451	0.981651
chr14x15	43000001	43250000	HAP1_chr14	HAP1_chr15	HAP1	HAP1	14	15	236816	205513	1932	440397	0.995613
chr14x15	43000001	43250000	HAP1_chr14	HAP2_chr15	HAP1	HAP2	14	15	236816	235303	4333	467786	0.990737
chr14x15	43000001	43250000	HAP1_chr15	HAP2_chr14	HAP1	HAP2	15	14	205513	228814	15351	418976	0.963361
chr14x15	43000001	43250000	HAP2_chr14	HAP2_chr15	HAP2	HAP2	14	15	228814	235303	7001	457116	0.984684
chr14x15	43250001	43500000	HAP1_chr14	HAP1_chr15	HAP1	HAP1	14	15	231631	226251	7367	450515	0.983648
chr14x15	43250001	43500000	HAP1_chr14	HAP2_chr15	HAP1	HAP2	14	15	231631	239357	9493	461495	0.979430
chr14x15	43250001	43500000	HAP1_chr15	HAP2_chr14	HAP1	HAP2	15	14	226251	233464	7163	452552	0.984172
chr14x15	43250001	43500000	HAP2_chr14	HAP2_chr15	HAP2	HAP2	14	15	233464	239357	8354	464467	0.982014
chr14x15	43500001	43750000	HAP1_chr14	HAP1_chr15	HAP1	HAP1	14	15	238201	235167	4952	468416	0.989428
chr14x15	43500001	43750000	HAP1_chr14	HAP2_chr15	HAP1	HAP2	14	15	238201	229560	8128	459633	0.982316
chr14x15	43500001	43750000	HAP1_chr15	HAP2_chr14	HAP1	HAP2	15	14	235167	227577	8822	453922	0.980565
chr14x15	43500001	43750000	HAP2_chr14	HAP2_chr15	HAP2	HAP2	14	15	227577	229560	6137	451000	0.986392
chr14x15	43750001	44000000	HAP1_chr14	HAP1_chr15	HAP1	HAP1	14	15	233995	235544	5334	464205	0.988509
chr14x15	43750001	44000000	HAP1_chr14	HAP2_chr15	HAP1	HAP2	14	15	233995	236705	2992	467708	0.993603
chr14x15	43750001	44000000	HAP1_chr15	HAP2_chr14	HAP1	HAP2	15	14	235544	213385	6970	441959	0.984229
chr14x15	43750001	44000000	HAP2_chr14	HAP2_chr15	HAP2	HAP2	14	15	213385	236705	5251	444839	0.988196
chr14x15	44000001	44250000	HAP1_chr14	HAP1_chr15	HAP1	HAP1	14	15	242745	215693	1458	456980	0.996809
chr14x15	44000001	44250000	HAP1_chr14	HAP2_chr15	HAP1	HAP2	14	15	242745	229744	3180	469309	0.993224
chr14x15	44000001	44250000	HAP1_chr15	HAP2_chr14	HAP1	HAP2	15	14	215693	229254	5060	439887	0.988497
chr14x15	44000001	44250000	HAP2_chr14	HAP2_chr15	HAP2	HAP2	14	15	229254	229744	11466	447532	0.974379
chr14x15	44250001	44500000	HAP1_chr14	HAP1_chr15	HAP1	HAP1	14	15	218345	237591	3704	452232	0.991810
chr14x15	44250001	44500000	HAP1_chr14	HAP2_chr15	HAP1	HAP2	14	15	218345	236508	8181	446672	0.981685
chr14x15	44250001	44500000	HAP1_chr15	HAP2_chr14	HAP1	HAP2	15	14	237591	192523	7195	422919	0.982987
chr14x15	44250001	44500000	HAP2_chr14	HAP2_chr15	HAP2	HAP2	14	15	192523	236508	8771	420260	0.979130
chr14x15	44500001	44750000	HAP1_chr14	HAP1_chr15	HAP1	HAP1	14	15	239079	187164	4099	422144	0.990290
chr14x15	44500001	44750000	HAP1_chr14	HAP2_chr15	HAP1	HAP2	14	15	239079	224271	5674	457676	0.987603
chr14x15	44500001	44750000	HAP1_chr15	HAP2_chr14	HAP1	HAP2	15	14	187164	230028	2231	414961	0.994624
chr14x15	44500001	44750000	HAP2_chr14	HAP2_chr15	HAP2	HAP2	14	15	230028	224271	7865	446434	0.982383
chr14x15	44750001	45000000	HAP1_chr14	HAP1_chr15	HAP1	HAP1	14	15	239130	235750	6877	468003	0.985306
chr14x15	44750001	45000000	HAP1_chr14	HAP2_chr15	HAP1	HAP2	14	15	239130	122321	3578	357873	0.990002
chr14x15	44750001	45000000	HAP1_chr15	HAP2_chr14	HAP1	HAP2	15	14	235750	236765	5631	466884	0.987939
chr14x15	44750001	45000000	HAP2_chr14	HAP2_chr15	HAP2	HAP2	14	15	236765	122321	2934	356152	0.991762
chr14x15	45000001	45250000	HAP1_chr14	HAP1_chr15	HAP1	HAP1	14	15	233701	236905	9932	460674	0.978440
chr14x15	45000001	45250000	HAP1_chr14	HAP2_chr15	HAP1	HAP2	14	15	233701	239362	4467	468596	0.990467
chr14x15	45000001	45250000	HAP1_chr15	HAP2_chr14	HAP1	HAP2	15	14	236905	226530	7289	456146	0.984020
chr14x15	45000001	45250000	HAP2_chr14	HAP2_chr15	HAP2	HAP2	14	15	226530	239362	6104	459788	0.986724
chr14x15	45250001	45500000	HAP1_chr14	HAP1_chr15	HAP1	HAP1	14	15	233158	238478	6962	464674	0.985017
chr14x15	45250001	45500000	HAP1_chr14	HAP2_chr15	HAP1	HAP2	14	15	233158	240694	2799	471053	0.994058
chr14x15	45250001	45500000	HAP1_chr15	HAP2_chr14	HAP1	HAP2	15	14	238478	229012	2922	464568	0.993710
chr14x15	45250001	45500000	HAP2_chr14	HAP2_chr15	HAP2	HAP2	14	15	229012	240694	8618	461088	0.981309
chr14x15	45500001	45750000	HAP1_chr14	HAP1_chr15	HAP1	HAP1	14	15	222996	213738	8406	428328	0.980375
chr14x15	45500001	45750000	HAP1_chr14	HAP2_chr15	HAP1	HAP2	14	15	222996	235142	5536	452602	0.987769
chr14x15	45500001	45750000	HAP1_chr15	HAP2_chr14	HAP1	HAP2	15	14	213738	225948	2087	437599	0.995231
chr14x15	45500001	45750000	HAP2_chr14	HAP2_chr15	HAP2	HAP2	14	15	225948	235142	7702	453388	0.983012
chr14x15	45750001	46000000	HAP1_chr14	HAP1_chr15	HAP1	HAP1	14	15	228676	166758	9198	386236	0.976186
chr14x15	45750001	46000000	HAP1_chr14	HAP2_chr15	HAP1	HAP2	14	15	228676	235059	2529	461206	0.994517
chr14x15	45750001	46000000	HAP1_chr15	HAP2_chr14	HAP1	HAP2	15	14	166758	229791	6215	390334	0.984078
chr14x15	45750001	46000000	HAP2_chr14	HAP2_chr15	HAP2	HAP2	14	15	229791	235059	7563	457287	0.983461
chr14x15	46000001	46250000	HAP1_chr14	HAP1_chr15	HAP1	HAP1	14	15	237299	211325	5859	442765	0.986767
chr14x15	46000001	46250000	HAP1_chr14	HAP2_chr15	HAP1	HAP2	14	15	237299	225625	8257	454667	0.981839
chr14x15	46000001	46250000	HAP1_chr15	HAP2_chr14	HAP1	HAP2	15	14	211325	230632	4799	437158	0.989022
chr14x15	46000001	46250000	HAP2_chr14	HAP2_chr15	HAP2	HAP2	14	15	230632	225625	13061	443196	0.970530
chr14x15	46250001	46500000	HAP1_chr14	HAP1_chr15	HAP1	HAP1	14	15	238223	240374	2090	476507	0.995614
chr14x15	46250001	46500000	HAP1_chr14	HAP2_chr15	HAP1	HAP2	14	15	238223	226482	6502	458203	0.985810
chr14x15	46250001	46500000	HAP1_chr15	HAP2_chr14	HAP1	HAP2	15	14	240374	232865	4034	469205	0.991402
chr14x15	46250001	46500000	HAP2_chr14	HAP2_chr15	HAP2	HAP2	14	15	232865	226482	2405	456942	0.994737
chr14x15	46500001	46750000	HAP1_chr14	HAP1_chr15	HAP1	HAP1	14	15	230708	235004	4201	461511	0.990897
chr14x15	46500001	46750000	HAP1_chr14	HAP2_chr15	HAP1	HAP2	14	15	230708	204086	6200	428594	0.985534
chr14x15	46500001	46750000	HAP1_chr15	HAP2_chr14	HAP1	HAP2	15	14	235004	237104	5435	466673	0.988354
chr14x15	46500001	46750000	HAP2_chr14	HAP2_chr15	HAP2	HAP2	14	15	237104	204086	6690	434500	0.984603
chr14x15	46750001	47000000	HAP1_chr14	HAP1_chr15	HAP1	HAP1	14	15	212209	236592	8049	440752	0.981738
chr14x15	46750001	47000000	HAP1_chr14	HAP2_chr15	HAP1	HAP2	14	15	212209	234746	4654	442301	0.989478
chr14x15	46750001	47000000	HAP1_chr15	HAP2_chr14	HAP1	HAP2	15	14	236592	233524	11167	458949	0.975668
chr14x15	46750001	47000000	HAP2_chr14	HAP2_chr15	HAP2	HAP2	14	15	233524	234746	5114	463156	0.988958
chr14x15	47000001	47250000	HAP1_chr14	HAP1_chr15	HAP1	HAP1	14	15	238366	228707	7828	459245	0.982955
chr14x15	47000001	47250000	HAP1_chr14	HAP2_chr15	HAP1	HAP2	14	15	238366	227164	6280	459250	0.986326
chr14x15	47000001	47250000	HAP1_chr15	HAP2_chr14	HAP1	HAP2	15	14	228707	227356	8762	447301	0.980411
chr14x15	47000001	47250000	HAP2_chr14	HAP2_chr15	HAP2	HAP2	14	15	227356	227164	19825	434695	0.954393
chr14x15	47250001	47500000	HAP1_chr14	HAP1_chr15	HAP1	HAP1	14	15	218424	230524	13174	435774	0.969769
chr14x15	47250001	47500000	HAP1_chr14	HAP2_chr15	HAP1	HAP2	14	15	218424	238063	5511	450976	0.987780
chr14x15	47250001	47500000	HAP1_chr15	HAP2_chr14	HAP1	HAP2	15	14	230524	237429	6177	461776	0.986623
chr14x15	47250001	47500000	HAP2_chr14	HAP2_chr15	HAP2	HAP2	14	15	237429	238063	8283	467209	0.982271
chr14x15	47500001	47750000	HAP1_chr14	HAP1_chr15	HAP1	HAP1	14	15	232186	235533	7910	459809	0.982797
chr14x15	47500001	47750000	HAP1_chr14	HAP2_chr15	HAP1	HAP2	14	15	232186	234562	8326	458422	0.981838
chr14x15	47500001	47750000	HAP1_chr15	HAP2_chr14	HAP1	HAP2	15	14	235533	238610	11061	463082	0.976114
chr14x15	47500001	47750000	HAP2_chr14	HAP2_chr15	HAP2	HAP2	14	15	238610	234562	8063	465109	0.982664
chr14x15	47750001	48000000	HAP1_chr14	HAP1_chr15	HAP1	HAP1	14	15	212736	229203	6632	435307	0.984765
chr14x15	47750001	48000000	HAP1_chr14	HAP2_chr15	HAP1	HAP2	14	15	212736	237365	6588	443513	0.985146
chr14x15	47750001	48000000	HAP1_chr15	HAP2_chr14	HAP1	HAP2	15	14	229203	232308	6640	454871	0.985402
chr14x15	47750001	48000000	HAP2_chr14	HAP2_chr15	HAP2	HAP2	14	15	232308	237365	2710	466963	0.994197
chr14x15	48000001	48250000	HAP1_chr14	HAP1_chr15	HAP1	HAP1	14	15	238304	236620	5219	469705	0.988889
chr14x15	48000001	48250000	HAP1_chr14	HAP2_chr15	HAP1	HAP2	14	15	238304	236935	10871	464368	0.976590
chr14x15	48000001	48250000	HAP1_chr15	HAP2_chr14	HAP1	HAP2	15	14	236620	213621	4011	446230	0.991011
chr14x15	48000001	48250000	HAP2_chr14	HAP2_chr15	HAP2	HAP2	14	15	213621	236935	3981	446575	0.991085
chr14x15	48250001	48500000	HAP1_chr14	HAP1_chr15	HAP1	HAP1	14	15	193725	234529	9239	419015	0.977951
chr14x15	48250001	48500000	HAP1_chr14	HAP2_chr15	HAP1	HAP2	14	15	193725	230091	17646	406170	0.956555
chr14x15	48250001	48500000	HAP1_chr15	HAP2_chr14	HAP1	HAP2	15	14	234529	229307	3175	460661	0.993108
chr14x15	48250001	48500000	HAP2_chr14	HAP2_chr15	HAP2	HAP2	14	15	229307	230091	12680	446718	0.971615
chr14x15	48500001	48750000	HAP1_chr14	HAP1_chr15	HAP1	HAP1	14	15	230315	238287	5622	462980	0.987857
chr14x15	48500001	48750000	HAP1_chr14	HAP2_chr15	HAP1	HAP2	14	15	230315	234928	8594	456649	0.981180
chr14x15	48500001	48750000	HAP1_chr15	HAP2_chr14	HAP1	HAP2	15	14	238287	231300	5987	463600	0.987086
chr14x15	48500001	48750000	HAP2_chr14	HAP2_chr15	HAP2	HAP2	14	15	231300	234928	6606	459622	0.985627
chr14x15	48750001	49000000	HAP1_chr14	HAP1_chr15	HAP1	HAP1	14	15	229762	225136	3776	451122	0.991630
chr14x15	48750001	49000000	HAP1_chr14	HAP2_chr15	HAP1	HAP2	14	15	229762	233184	7195	455751	0.984213
chr14x15	48750001	49000000	HAP1_chr15	HAP2_chr14	HAP1	HAP2	15	14	225136	229611	10197	444550	0.977062
chr14x15	48750001	49000000	HAP2_chr14	HAP2_chr15	HAP2	HAP2	14	15	229611	233184	19269	443526	0.956555
chr14x15	49000001	49250000	HAP1_chr14	HAP1_chr15	HAP1	HAP1	14	15	221949	230071	4866	447154	0.989118
chr14x15	49000001	49250000	HAP1_chr14	HAP2_chr15	HAP1	HAP2	14	15	221949	159479	12320	369108	0.966622
chr14x15	49000001	49250000	HAP1_chr15	HAP2_chr14	HAP1	HAP2	15	14	230071	201205	7220	424056	0.982974
chr14x15	49000001	49250000	HAP2_chr14	HAP2_chr15	HAP2	HAP2	14	15	201205	159479	17791	342893	0.948115
chr14x15	49250001	49500000	HAP1_chr14	HAP1_chr15	HAP1	HAP1	14	15	234702	238546	7402	465846	0.984111
chr14x15	49250001	49500000	HAP1_chr14	HAP2_chr15	HAP1	HAP2	14	15	234702	229703	6899	457506	0.984920
chr14x15	49250001	49500000	HAP1_chr15	HAP2_chr14	HAP1	HAP2	15	14	238546	226357	5496	459407	0.988037
chr14x15	49250001	49500000	HAP2_chr14	HAP2_chr15	HAP2	HAP2	14	15	226357	229703	8004	448056	0.982136
chr14x15	49500001	49750000	HAP1_chr14	HAP1_chr15	HAP1	HAP1	14	15	225358	237887	4287	458958	0.990659
chr14x15	49500001	49750000	HAP1_chr14	HAP2_chr15	HAP1	HAP2	14	15	225358	232368	9605	448121	0.978566
chr14x15	49500001	49750000	HAP1_chr15	HAP2_chr14	HAP1	HAP2	15	14	237887	233872	9913	461846	0.978536
chr14x15	49500001	49750000	HAP2_chr14	HAP2_chr15	HAP2	HAP2	14	15	233872	232368	7288	458952	0.984120
chr14x15	49750001	50000000	HAP1_chr14	HAP1_chr15	HAP1	HAP1	14	15	225147	228507	17152	436502	0.960706
chr14x15	49750001	50000000	HAP1_chr14	HAP2_chr15	HAP1	HAP2	14	15	225147	227259	7160	445246	0.983919
chr14x15	49750001	50000000	HAP1_chr15	HAP2_chr14	HAP1	HAP2	15	14	228507	226592	7364	447735	0.983553
chr14x15	49750001	50000000	HAP2_chr14	HAP2_chr15	HAP2	HAP2	14	15	226592	227259	7334	446517	0.983575
chr14x15	50000001	50250000	HAP1_chr14	HAP1_chr15	HAP1	HAP1	14	15	230133	222111	10331	441913	0.976622
chr14x15	50000001	50250000	HAP1_chr14	HAP2_chr15	HAP1	HAP2	14	15	230133	236132	6838	459427	0.985116
chr14x15	50000001	50250000	HAP1_chr15	HAP2_chr14	HAP1	HAP2	15	14	222111	236812	1081	457842	0.997639
chr14x15	50000001	50250000	HAP2_chr14	HAP2_chr15	HAP2	HAP2	14	15	236812	236132	3686	469258	0.992145
chr14x15	50250001	50500000	HAP1_chr14	HAP1_chr15	HAP1	HAP1	14	15	236248	199396	4428	431216	0.989731
chr14x15	50250001	50500000	HAP1_chr14	HAP2_chr15	HAP1	HAP2	14	15	236248	234524	7487	463285	0.983839
chr14x15	50250001	50500000	HAP1_chr15	HAP2_chr14	HAP1	HAP2	15	14	199396	232645	2518	429523	0.994138
chr14x15	50250001	50500000	HAP2_chr14	HAP2_chr15	HAP2	HAP2	14	15	232645	234524	3181	463988	0.993144
chr14x15	50500001	50750000	HAP1_chr14	HAP1_chr15	HAP1	HAP1	14	15	237078	202544	2855	436767	0.993463
chr14x15	50500001	50750000	HAP1_chr14	HAP2_chr15	HAP1	HAP2	14	15	237078	222643	5924	453797	0.986946
chr14x15	50500001	50750000	HAP1_chr15	HAP2_chr14	HAP1	HAP2	15	14	202544	225329	8021	419852	0.980896
chr14x15	50500001	50750000	HAP2_chr14	HAP2_chr15	HAP2	HAP2	14	15	225329	222643	12022	435950	0.972423
chr14x15	50750001	51000000	HAP1_chr14	HAP1_chr15	HAP1	HAP1	14	15	215144	239409	4265	450288	0.990528
chr14x15	50750001	51000000	HAP1_chr14	HAP2_chr15	HAP1	HAP2	14	15	215144	234182	3908	445418	0.991226
chr14x15	50750001	51000000	HAP1_chr15	HAP2_chr14	HAP1	HAP2	15	14	239409	223848	1334	461923	0.997112
chr14x15	50750001	51000000	HAP2_chr14	HAP2_chr15	HAP2	HAP2	14	15	223848	234182	3637	454393	0.991996
chr14x15	51000001	51250000	HAP1_chr14	HAP1_chr15	HAP1	HAP1	14	15	223455	225460	5520	443395	0.987551
chr14x15	51000001	51250000	HAP1_chr14	HAP2_chr15	HAP1	HAP2	14	15	223455	240022	2717	460760	0.994103
chr14x15	51000001	51250000	HAP1_chr15	HAP2_chr14	HAP1	HAP2	15	14	225460	229363	8308	446515	0.981394
chr14x15	51000001	51250000	HAP2_chr14	HAP2_chr15	HAP2	HAP2	14	15	229363	240022	4440	464945	0.990450
chr14x15	51250001	51500000	HAP1_chr14	HAP1_chr15	HAP1	HAP1	14	15	228040	234588	13907	448721	0.969007
chr14x15	51250001	51500000	HAP1_chr14	HAP2_chr15	HAP1	HAP2	14	15	228040	241363	5252	464151	0.988685
chr14x15	51250001	51500000	HAP1_chr15	HAP2_chr14	HAP1	HAP2	15	14	234588	240439	4086	470941	0.991324
chr14x15	51250001	51500000	HAP2_chr14	HAP2_chr15	HAP2	HAP2	14	15	240439	241363	5133	476669	0.989232
chr14x15	51500001	51750000	HAP1_chr14	HAP1_chr15	HAP1	HAP1	14	15	233456	236260	8029	461687	0.982609
chr14x15	51500001	51750000	HAP1_chr14	HAP2_chr15	HAP1	HAP2	14	15	233456	215210	7690	440976	0.982561
chr14x15	51500001	51750000	HAP1_chr15	HAP2_chr14	HAP1	HAP2	15	14	236260	220522	12331	444451	0.972256
chr14x15	51500001	51750000	HAP2_chr14	HAP2_chr15	HAP2	HAP2	14	15	220522	215210	20687	415045	0.950157
chr14x15	51750001	52000000	HAP1_chr14	HAP1_chr15	HAP1	HAP1	14	15	235041	234468	7458	462051	0.983859
chr14x15	51750001	52000000	HAP1_chr14	HAP2_chr15	HAP1	HAP2	14	15	235041	229629	11109	453561	0.975507
chr14x15	51750001	52000000	HAP1_chr15	HAP2_chr14	HAP1	HAP2	15	14	234468	230467	4990	459945	0.989151
chr14x15	51750001	52000000	HAP2_chr14	HAP2_chr15	HAP2	HAP2	14	15	230467	229629	8533	451563	0.981103
chr14x15	52000001	52250000	HAP1_chr14	HAP1_chr15	HAP1	HAP1	14	15	209057	236306	3799	441564	0.991396
chr14x15	52000001	52250000	HAP1_chr14	HAP2_chr15	HAP1	HAP2	14	15	209057	230862	4450	435469	0.989781
chr14x15	52000001	52250000	HAP1_chr15	HAP2_chr14	HAP1	HAP2	15	14	236306	230693	3938	463061	0.991496
chr14x15	52000001	52250000	HAP2_chr14	HAP2_chr15	HAP2	HAP2	14	15	230693	230862	3697	457858	0.991925
chr14x15	52250001	52500000	HAP1_chr14	HAP1_chr15	HAP1	HAP1	14	15	229520	238928	7401	461047	0.983947
chr14x15	52250001	52500000	HAP1_chr14	HAP2_chr15	HAP1	HAP2	14	15	229520	236960	4215	462265	0.990882
chr14x15	52250001	52500000	HAP1_chr15	HAP2_chr14	HAP1	HAP2	15	14	238928	205625	9728	434825	0.977628
chr14x15	52250001	52500000	HAP2_chr14	HAP2_chr15	HAP2	HAP2	14	15	205625	236960	5510	437075	0.987393
chr14x15	52500001	52750000	HAP1_chr14	HAP1_chr15	HAP1	HAP1	14	15	185499	232355	7704	410150	0.981217
chr14x15	52500001	52750000	HAP1_chr14	HAP2_chr15	HAP1	HAP2	14	15	185499	228536	10659	403376	0.973576
chr14x15	52500001	52750000	HAP1_chr15	HAP2_chr14	HAP1	HAP2	15	14	232355	222553	8485	446423	0.980993
chr14x15	52500001	52750000	HAP2_chr14	HAP2_chr15	HAP2	HAP2	14	15	222553	228536	13359	437730	0.969481
chr14x15	52750001	53000000	HAP1_chr14	HAP1_chr15	HAP1	HAP1	14	15	225996	239840	2711	463125	0.994146
chr14x15	52750001	53000000	HAP1_chr14	HAP2_chr15	HAP1	HAP2	14	15	225996	231307	2641	454662	0.994191
chr14x15	52750001	53000000	HAP1_chr15	HAP2_chr14	HAP1	HAP2	15	14	239840	210261	2252	447849	0.994972
chr14x15	52750001	53000000	HAP2_chr14	HAP2_chr15	HAP2	HAP2	14	15	210261	231307	3459	438109	0.992105
chr14x15	53000001	53250000	HAP1_chr14	HAP1_chr15	HAP1	HAP1	14	15	233481	232935	3079	463337	0.993355
chr14x15	53000001	53250000	HAP1_chr14	HAP2_chr15	HAP1	HAP2	14	15	233481	221036	4078	450439	0.990947
chr14x15	53000001	53250000	HAP1_chr15	HAP2_chr14	HAP1	HAP2	15	14	232935	225276	3397	454814	0.992531
chr14x15	53000001	53250000	HAP2_chr14	HAP2_chr15	HAP2	HAP2	14	15	225276	221036	3146	443166	0.992901
chr14x15	53250001	53500000	HAP1_chr14	HAP1_chr15	HAP1	HAP1	14	15	233186	201642	13409	421419	0.968181
chr14x15	53250001	53500000	HAP1_chr14	HAP2_chr15	HAP1	HAP2	14	15	233186	236892	4006	466072	0.991405
chr14x15	53250001	53500000	HAP1_chr15	HAP2_chr14	HAP1	HAP2	15	14	201642	233063	9264	425441	0.978225
chr14x15	53250001	53500000	HAP2_chr14	HAP2_chr15	HAP2	HAP2	14	15	233063	236892	5594	464361	0.987953
chr14x15	53500001	53750000	HAP1_chr14	HAP1_chr15	HAP1	HAP1	14	15	224009	239242	2787	460464	0.993947
chr14x15	53500001	53750000	HAP1_chr14	HAP2_chr15	HAP1	HAP2	14	15	224009	239574	2931	460652	0.993637
chr14x15	53500001	53750000	HAP1_chr15	HAP2_chr14	HAP1	HAP2	15	14	239242	232158	5986	465414	0.987138
chr14x15	53500001	53750000	HAP2_chr14	HAP2_chr15	HAP2	HAP2	14	15	232158	239574	3739	467993	0.992011
chr14x15	53750001	54000000	HAP1_chr14	HAP1_chr15	HAP1	HAP1	14	15	226185	227216	3167	450234	0.992966
chr14x15	53750001	54000000	HAP1_chr14	HAP2_chr15	HAP1	HAP2	14	15	226185	237125	7265	456045	0.984070
chr14x15	53750001	54000000	HAP1_chr15	HAP2_chr14	HAP1	HAP2	15	14	227216	234536	5863	455889	0.987139
chr14x15	53750001	54000000	HAP2_chr14	HAP2_chr15	HAP2	HAP2	14	15	234536	237125	4569	467092	0.990218
chr14x15	54000001	54250000	HAP1_chr14	HAP1_chr15	HAP1	HAP1	14	15	237642	232911	5154	465399	0.988926
chr14x15	54000001	54250000	HAP1_chr14	HAP2_chr15	HAP1	HAP2	14	15	237642	237967	3937	471672	0.991653
chr14x15	54000001	54250000	HAP1_chr15	HAP2_chr14	HAP1	HAP2	15	14	232911	239377	2910	469378	0.993800
chr14x15	54000001	54250000	HAP2_chr14	HAP2_chr15	HAP2	HAP2	14	15	239377	237967	4099	473245	0.991339
chr14x15	54250001	54500000	HAP1_chr14	HAP1_chr15	HAP1	HAP1	14	15	223451	242894	4544	461801	0.990160
chr14x15	54250001	54500000	HAP1_chr14	HAP2_chr15	HAP1	HAP2	14	15	223451	222643	8731	437363	0.980037
chr14x15	54250001	54500000	HAP1_chr15	HAP2_chr14	HAP1	HAP2	15	14	242894	238024	2521	478397	0.994730
chr14x15	54250001	54500000	HAP2_chr14	HAP2_chr15	HAP2	HAP2	14	15	238024	222643	4084	456583	0.991055
chr14x15	54500001	54750000	HAP1_chr14	HAP1_chr15	HAP1	HAP1	14	15	230519	235885	7195	459209	0.984332
chr14x15	54500001	54750000	HAP1_chr14	HAP2_chr15	HAP1	HAP2	14	15	230519	229689	5150	455058	0.988683
chr14x15	54500001	54750000	HAP1_chr15	HAP2_chr14	HAP1	HAP2	15	14	235885	234543	6780	463648	0.985377
chr14x15	54500001	54750000	HAP2_chr14	HAP2_chr15	HAP2	HAP2	14	15	234543	229689	4368	459864	0.990502
chr14x15	54750001	55000000	HAP1_chr14	HAP1_chr15	HAP1	HAP1	14	15	241897	230714	4563	468048	0.990251
chr14x15	54750001	55000000	HAP1_chr14	HAP2_chr15	HAP1	HAP2	14	15	241897	218505	5457	454945	0.988005
chr14x15	54750001	55000000	HAP1_chr15	HAP2_chr14	HAP1	HAP2	15	14	230714	231194	4756	457152	0.989596
chr14x15	54750001	55000000	HAP2_chr14	HAP2_chr15	HAP2	HAP2	14	15	231194	218505	4544	445155	0.989792
chr14x15	55000001	55250000	HAP1_chr14	HAP1_chr15	HAP1	HAP1	14	15	231309	241442	4436	468315	0.990528
chr14x15	55000001	55250000	HAP1_chr14	HAP2_chr15	HAP1	HAP2	14	15	231309	234929	5111	461127	0.988916
chr14x15	55000001	55250000	HAP1_chr15	HAP2_chr14	HAP1	HAP2	15	14	241442	235515	4189	472768	0.991139
chr14x15	55000001	55250000	HAP2_chr14	HAP2_chr15	HAP2	HAP2	14	15	235515	234929	3279	467165	0.992981
chr14x15	55250001	55500000	HAP1_chr14	HAP1_chr15	HAP1	HAP1	14	15	226252	233859	8934	451177	0.980198
chr14x15	55250001	55500000	HAP1_chr14	HAP2_chr15	HAP1	HAP2	14	15	226252	236300	8879	453673	0.980429
chr14x15	55250001	55500000	HAP1_chr15	HAP2_chr14	HAP1	HAP2	15	14	233859	237158	2584	468433	0.994484
chr14x15	55250001	55500000	HAP2_chr14	HAP2_chr15	HAP2	HAP2	14	15	237158	236300	4403	469055	0.990613
chr14x15	55500001	55750000	HAP1_chr14	HAP1_chr15	HAP1	HAP1	14	15	237923	233517	6121	465319	0.986846
chr14x15	55500001	55750000	HAP1_chr14	HAP2_chr15	HAP1	HAP2	14	15	237923	232351	11737	458537	0.974403
chr14x15	55500001	55750000	HAP1_chr15	HAP2_chr14	HAP1	HAP2	15	14	233517	240837	5816	468538	0.987587
chr14x15	55500001	55750000	HAP2_chr14	HAP2_chr15	HAP2	HAP2	14	15	240837	232351	4865	468323	0.989612
chr14x15	55750001	56000000	HAP1_chr14	HAP1_chr15	HAP1	HAP1	14	15	239370	224506	3357	460519	0.992710
chr14x15	55750001	56000000	HAP1_chr14	HAP2_chr15	HAP1	HAP2	14	15	239370	203216	9861	432725	0.977212
chr14x15	55750001	56000000	HAP1_chr15	HAP2_chr14	HAP1	HAP2	15	14	224506	227598	5622	446482	0.987408
chr14x15	55750001	56000000	HAP2_chr14	HAP2_chr15	HAP2	HAP2	14	15	227598	203216	7082	423732	0.983287
chr14x15	56000001	56250000	HAP1_chr14	HAP1_chr15	HAP1	HAP1	14	15	227967	233391	3248	458110	0.992910
chr14x15	56000001	56250000	HAP1_chr14	HAP2_chr15	HAP1	HAP2	14	15	227967	234284	2443	459808	0.994687
chr14x15	56000001	56250000	HAP1_chr15	HAP2_chr14	HAP1	HAP2	15	14	233391	238364	2721	469034	0.994199
chr14x15	56000001	56250000	HAP2_chr14	HAP2_chr15	HAP2	HAP2	14	15	238364	234284	3912	468736	0.991654
chr14x15	56250001	56500000	HAP1_chr14	HAP1_chr15	HAP1	HAP1	14	15	173724	232273	5259	400738	0.986877
chr14x15	56250001	56500000	HAP1_chr14	HAP2_chr15	HAP1	HAP2	14	15	173724	232124	2234	403614	0.994465
chr14x15	56250001	56500000	HAP1_chr15	HAP2_chr14	HAP1	HAP2	15	14	232273	218709	6324	444658	0.985778
chr14x15	56250001	56500000	HAP2_chr14	HAP2_chr15	HAP2	HAP2	14	15	218709	232124	11528	439305	0.973759
chr14x15	56500001	56750000	HAP1_chr14	HAP1_chr15	HAP1	HAP1	14	15	231217	225676	3266	453627	0.992800
chr14x15	56500001	56750000	HAP1_chr14	HAP2_chr15	HAP1	HAP2	14	15	231217	221030	35831	416416	0.913954
chr14x15	56500001	56750000	HAP1_chr15	HAP2_chr14	HAP1	HAP2	15	14	225676	237404	5574	457506	0.987817
chr14x15	56500001	56750000	HAP2_chr14	HAP2_chr15	HAP2	HAP2	14	15	237404	221030	1924	456510	0.995785
chr14x15	56750001	57000000	HAP1_chr14	HAP1_chr15	HAP1	HAP1	14	15	223399	242438	3133	462704	0.993229
chr14x15	56750001	57000000	HAP1_chr14	HAP2_chr15	HAP1	HAP2	14	15	223399	228249	36773	414875	0.911364
chr14x15	56750001	57000000	HAP1_chr15	HAP2_chr14	HAP1	HAP2	15	14	242438	211131	15476	438093	0.964674
chr14x15	56750001	57000000	HAP2_chr14	HAP2_chr15	HAP2	HAP2	14	15	211131	228249	8545	430835	0.980166
chr14x15	57000001	57250000	HAP1_chr14	HAP1_chr15	HAP1	HAP1	14	15	232985	241462	3904	470543	0.991703
chr14x15	57000001	57250000	HAP1_chr14	HAP2_chr15	HAP1	HAP2	14	15	232985	210401	4581	438805	0.989560
chr14x15	57000001	57250000	HAP1_chr15	HAP2_chr14	HAP1	HAP2	15	14	241462	235551	4927	472086	0.989563
chr14x15	57000001	57250000	HAP2_chr14	HAP2_chr15	HAP2	HAP2	14	15	235551	210401	9016	436936	0.979365
chr14x15	57250001	57500000	HAP1_chr14	HAP1_chr15	HAP1	HAP1	14	15	222935	231434	4990	449379	0.988896
chr14x15	57250001	57500000	HAP1_chr14	HAP2_chr15	HAP1	HAP2	14	15	222935	231432	21479	432888	0.950382
chr14x15	57250001	57500000	HAP1_chr15	HAP2_chr14	HAP1	HAP2	15	14	231434	212795	10435	433794	0.975945
chr14x15	57250001	57500000	HAP2_chr14	HAP2_chr15	HAP2	HAP2	14	15	212795	231432	9173	435054	0.978915
chr14x15	57500001	57750000	HAP1_chr14	HAP1_chr15	HAP1	HAP1	14	15	217707	238529	3205	453031	0.992925
chr14x15	57500001	57750000	HAP1_chr14	HAP2_chr15	HAP1	HAP2	14	15	217707	216286	17715	416278	0.957444
chr14x15	57500001	57750000	HAP1_chr15	HAP2_chr14	HAP1	HAP2	15	14	238529	234207	3556	469180	0.992421
chr14x15	57500001	57750000	HAP2_chr14	HAP2_chr15	HAP2	HAP2	14	15	234207	216286	10586	439907	0.975936
chr14x15	57750001	58000000	HAP1_chr14	HAP1_chr15	HAP1	HAP1	14	15	214938	236882	4164	447656	0.990698
chr14x15	57750001	58000000	HAP1_chr14	HAP2_chr15	HAP1	HAP2	14	15	214938	226142	7999	433081	0.981530
chr14x15	57750001	58000000	HAP1_chr15	HAP2_chr14	HAP1	HAP2	15	14	236882	226540	3298	460124	0.992832
chr14x15	57750001	58000000	HAP2_chr14	HAP2_chr15	HAP2	HAP2	14	15	226540	226142	12239	440443	0.972212
chr14x15	58000001	58250000	HAP1_chr14	HAP1_chr15	HAP1	HAP1	14	15	227549	227110	7307	447352	0.983666
chr14x15	58000001	58250000	HAP1_chr14	HAP2_chr15	HAP1	HAP2	14	15	227549	235106	4096	458559	0.991068
chr14x15	58000001	58250000	HAP1_chr15	HAP2_chr14	HAP1	HAP2	15	14	227110	232209	3613	455706	0.992072
chr14x15	58000001	58250000	HAP2_chr14	HAP2_chr15	HAP2	HAP2	14	15	232209	235106	3306	464009	0.992875
chr14x15	58250001	58500000	HAP1_chr14	HAP1_chr15	HAP1	HAP1	14	15	235649	131082	2896	363835	0.992040
chr14x15	58250001	58500000	HAP1_chr14	HAP2_chr15	HAP1	HAP2	14	15	235649	225236	11415	449470	0.974603
chr14x15	58250001	58500000	HAP1_chr15	HAP2_chr14	HAP1	HAP2	15	14	131082	228859	2004	357937	0.994401
chr14x15	58250001	58500000	HAP2_chr14	HAP2_chr15	HAP2	HAP2	14	15	228859	225236	8523	445572	0.980872
chr14x15	58500001	58750000	HAP1_chr14	HAP1_chr15	HAP1	HAP1	14	15	231098	232211	8195	455114	0.981994
chr14x15	58500001	58750000	HAP1_chr14	HAP2_chr15	HAP1	HAP2	14	15	231098	238525	40611	429012	0.905338
chr14x15	58500001	58750000	HAP1_chr15	HAP2_chr14	HAP1	HAP2	15	14	232211	234358	3671	462898	0.992070
chr14x15	58500001	58750000	HAP2_chr14	HAP2_chr15	HAP2	HAP2	14	15	234358	238525	6054	466829	0.987032
chr14x15	58750001	59000000	HAP1_chr14	HAP1_chr15	HAP1	HAP1	14	15	232121	238847	7147	463821	0.984591
chr14x15	58750001	59000000	HAP1_chr14	HAP2_chr15	HAP1	HAP2	14	15	232121	233524	80890	384755	0.789762
chr14x15	58750001	59000000	HAP1_chr15	HAP2_chr14	HAP1	HAP2	15	14	238847	234913	3122	470638	0.993366
chr14x15	58750001	59000000	HAP2_chr14	HAP2_chr15	HAP2	HAP2	14	15	234913	233524	7420	461017	0.983905
chr14x15	59000001	59250000	HAP1_chr14	HAP1_chr15	HAP1	HAP1	14	15	229366	234109	6519	456956	0.985734
chr14x15	59000001	59250000	HAP1_chr14	HAP2_chr15	HAP1	HAP2	14	15	229366	239584	68082	400868	0.830164
chr14x15	59000001	59250000	HAP1_chr15	HAP2_chr14	HAP1	HAP2	15	14	234109	236439	11037	459511	0.975981
chr14x15	59000001	59250000	HAP2_chr14	HAP2_chr15	HAP2	HAP2	14	15	236439	239584	3602	472421	0.992375
chr14x15	59250001	59500000	HAP1_chr14	HAP1_chr15	HAP1	HAP1	14	15	237022	235334	6301	466055	0.986480
chr14x15	59250001	59500000	HAP1_chr14	HAP2_chr15	HAP1	HAP2	14	15	237022	234139	84731	386430	0.780734
chr14x15	59250001	59500000	HAP1_chr15	HAP2_chr14	HAP1	HAP2	15	14	235334	202188	5650	431872	0.986917
chr14x15	59250001	59500000	HAP2_chr14	HAP2_chr15	HAP2	HAP2	14	15	202188	234139	2642	433685	0.993908
chr14x15	59500001	59750000	HAP1_chr14	HAP1_chr15	HAP1	HAP1	14	15	227202	220213	15274	432141	0.964655
chr14x15	59500001	59750000	HAP1_chr14	HAP2_chr15	HAP1	HAP2	14	15	227202	224614	82604	369212	0.776269
chr14x15	59500001	59750000	HAP1_chr15	HAP2_chr14	HAP1	HAP2	15	14	220213	221039	12891	428361	0.969906
chr14x15	59500001	59750000	HAP2_chr14	HAP2_chr15	HAP2	HAP2	14	15	221039	224614	8165	437488	0.981337
chr14x15	59750001	60000000	HAP1_chr14	HAP1_chr15	HAP1	HAP1	14	15	211113	234768	5107	440774	0.988414
chr14x15	59750001	60000000	HAP1_chr14	HAP2_chr15	HAP1	HAP2	14	15	211113	230367	101604	339876	0.701056
chr14x15	59750001	60000000	HAP1_chr15	HAP2_chr14	HAP1	HAP2	15	14	234768	227868	3785	458851	0.991751
chr14x15	59750001	60000000	HAP2_chr14	HAP2_chr15	HAP2	HAP2	14	15	227868	230367	8397	449838	0.981333
chr14x15	60000001	60250000	HAP1_chr14	HAP1_chr15	HAP1	HAP1	14	15	227594	236740	8523	455811	0.981301
chr14x15	60000001	60250000	HAP1_chr14	HAP2_chr15	HAP1	HAP2	14	15	227594	235877	124873	338598	0.631206
chr14x15	60000001	60250000	HAP1_chr15	HAP2_chr14	HAP1	HAP2	15	14	236740	233558	4578	465720	0.990170
chr14x15	60000001	60250000	HAP2_chr14	HAP2_chr15	HAP2	HAP2	14	15	233558	235877	3883	465552	0.991659
chr14x15	60250001	60500000	HAP1_chr14	HAP1_chr15	HAP1	HAP1	14	15	241017	228152	6049	463120	0.986939
chr14x15	60250001	60500000	HAP1_chr14	HAP2_chr15	HAP1	HAP2	14	15	241017	225064	111524	354557	0.685455
chr14x15	60250001	60500000	HAP1_chr15	HAP2_chr14	HAP1	HAP2	15	14	228152	230592	9687	449057	0.978428
chr14x15	60250001	60500000	HAP2_chr14	HAP2_chr15	HAP2	HAP2	14	15	230592	225064	8766	446890	0.980384
chr14x15	60500001	60750000	HAP1_chr14	HAP1_chr15	HAP1	HAP1	14	15	213802	224965	4843	433924	0.988839
chr14x15	60500001	60750000	HAP1_chr14	HAP2_chr15	HAP1	HAP2	14	15	213802	224225	162829	275198	0.408321
chr14x15	60500001	60750000	HAP1_chr15	HAP2_chr14	HAP1	HAP2	15	14	224965	221221	2975	443211	0.993288
chr14x15	60500001	60750000	HAP2_chr14	HAP2_chr15	HAP2	HAP2	14	15	221221	224225	6819	438627	0.984454
chr14x15	60750001	61000000	HAP1_chr14	HAP1_chr15	HAP1	HAP1	14	15	234165	216631	1877	448919	0.995819
chr14x15	60750001	61000000	HAP1_chr14	HAP2_chr15	HAP1	HAP2	14	15	234165	229382	171941	291606	0.410365
chr14x15	60750001	61000000	HAP1_chr15	HAP2_chr14	HAP1	HAP2	15	14	216631	213210	9753	420088	0.976783
chr14x15	60750001	61000000	HAP2_chr14	HAP2_chr15	HAP2	HAP2	14	15	213210	229382	2967	439625	0.993251
chr14x15	61000001	61250000	HAP1_chr14	HAP1_chr15	HAP1	HAP1	14	15	218222	232583	4877	445928	0.989063
chr14x15	61000001	61250000	HAP1_chr14	HAP2_chr15	HAP1	HAP2	14	15	218222	225236	160680	282778	0.431780
chr14x15	61000001	61250000	HAP1_chr15	HAP2_chr14	HAP1	HAP2	15	14	232583	227321	7231	452673	0.984026
chr14x15	61000001	61250000	HAP2_chr14	HAP2_chr15	HAP2	HAP2	14	15	227321	225236	5564	446993	0.987552
chr14x15	61250001	61500000	HAP1_chr14	HAP1_chr15	HAP1	HAP1	14	15	236617	205454	5426	436645	0.987573
chr14x15	61250001	61500000	HAP1_chr14	HAP2_chr15	HAP1	HAP2	14	15	236617	236279	170759	302137	0.434829
chr14x15	61250001	61500000	HAP1_chr15	HAP2_chr14	HAP1	HAP2	15	14	205454	180332	5191	380595	0.986361
chr14x15	61250001	61500000	HAP2_chr14	HAP2_chr15	HAP2	HAP2	14	15	180332	236279	4127	412484	0.989995
chr14x15	61500001	61750000	HAP1_chr14	HAP1_chr15	HAP1	HAP1	14	15	236131	231963	8682	459412	0.981102
chr14x15	61500001	61750000	HAP1_chr14	HAP2_chr15	HAP1	HAP2	14	15	236131	236686	172437	300380	0.425937
chr14x15	61500001	61750000	HAP1_chr15	HAP2_chr14	HAP1	HAP2	15	14	231963	176949	5085	403827	0.987408
chr14x15	61500001	61750000	HAP2_chr14	HAP2_chr15	HAP2	HAP2	14	15	176949	236686	5027	408608	0.987697
chr14x15	61750001	62000000	HAP1_chr14	HAP1_chr15	HAP1	HAP1	14	15	234183	230760	6300	458643	0.986264
chr14x15	61750001	62000000	HAP1_chr14	HAP2_chr15	HAP1	HAP2	14	15	234183	232307	168890	297600	0.432493
chr14x15	61750001	62000000	HAP1_chr15	HAP2_chr14	HAP1	HAP2	15	14	230760	229644	6189	454215	0.986374
chr14x15	61750001	62000000	HAP2_chr14	HAP2_chr15	HAP2	HAP2	14	15	229644	232307	8752	453199	0.980688
chr14x15	62000001	62250000	HAP1_chr14	HAP1_chr15	HAP1	HAP1	14	15	236941	236474	4016	469399	0.991444
chr14x15	62000001	62250000	HAP1_chr14	HAP2_chr15	HAP1	HAP2	14	15	236941	232163	172704	296400	0.417328
chr14x15	62000001	62250000	HAP1_chr15	HAP2_chr14	HAP1	HAP2	15	14	236474	226233	2368	460339	0.994856
chr14x15	62000001	62250000	HAP2_chr14	HAP2_chr15	HAP2	HAP2	14	15	226233	232163	4876	453520	0.989249
chr14x15	62250001	62500000	HAP1_chr14	HAP1_chr15	HAP1	HAP1	14	15	226789	230418	7121	450086	0.984179
chr14x15	62250001	62500000	HAP1_chr14	HAP2_chr15	HAP1	HAP2	14	15	226789	234611	167531	293869	0.429913
chr14x15	62250001	62500000	HAP1_chr15	HAP2_chr14	HAP1	HAP2	15	14	230418	232234	7434	455218	0.983669
chr14x15	62250001	62500000	HAP2_chr14	HAP2_chr15	HAP2	HAP2	14	15	232234	234611	8844	458001	0.980690
chr14x15	62500001	62750000	HAP1_chr14	HAP1_chr15	HAP1	HAP1	14	15	240257	234441	4777	469921	0.989834
chr14x15	62500001	62750000	HAP1_chr14	HAP2_chr15	HAP1	HAP2	14	15	240257	238139	174133	304263	0.427689
chr14x15	62500001	62750000	HAP1_chr15	HAP2_chr14	HAP1	HAP2	15	14	234441	221340	2530	453251	0.994418
chr14x15	62500001	62750000	HAP2_chr14	HAP2_chr15	HAP2	HAP2	14	15	221340	238139	5775	453704	0.987271
chr14x15	62750001	63000000	HAP1_chr14	HAP1_chr15	HAP1	HAP1	14	15	237879	227647	4911	460615	0.989338
chr14x15	62750001	63000000	HAP1_chr14	HAP2_chr15	HAP1	HAP2	14	15	237879	239857	173452	304284	0.429967
chr14x15	62750001	63000000	HAP1_chr15	HAP2_chr14	HAP1	HAP2	15	14	227647	229773	6462	450958	0.985671
chr14x15	62750001	63000000	HAP2_chr14	HAP2_chr15	HAP2	HAP2	14	15	229773	239857	2728	466902	0.994157
chr14x15	63000001	63250000	HAP1_chr14	HAP1_chr15	HAP1	HAP1	14	15	224482	237138	7944	453676	0.982490
chr14x15	63000001	63250000	HAP1_chr14	HAP2_chr15	HAP1	HAP2	14	15	224482	221676	160819	285339	0.436393
chr14x15	63000001	63250000	HAP1_chr15	HAP2_chr14	HAP1	HAP2	15	14	237138	234229	10155	461212	0.977982
chr14x15	63000001	63250000	HAP2_chr14	HAP2_chr15	HAP2	HAP2	14	15	234229	221676	11590	444315	0.973915
chr14x15	63250001	63500000	HAP1_chr14	HAP1_chr15	HAP1	HAP1	14	15	235672	229578	6863	458387	0.985028
chr14x15	63250001	63500000	HAP1_chr14	HAP2_chr15	HAP1	HAP2	14	15	235672	239252	172318	302606	0.430553
chr14x15	63250001	63500000	HAP1_chr15	HAP2_chr14	HAP1	HAP2	15	14	229578	190123	9905	409796	0.975829
chr14x15	63250001	63500000	HAP2_chr14	HAP2_chr15	HAP2	HAP2	14	15	190123	239252	7072	422303	0.983254
chr14x15	63500001	63750000	HAP1_chr14	HAP1_chr15	HAP1	HAP1	14	15	207460	229588	8469	428579	0.980239
chr14x15	63500001	63750000	HAP1_chr14	HAP2_chr15	HAP1	HAP2	14	15	207460	217143	150887	273716	0.448746
chr14x15	63500001	63750000	HAP1_chr15	HAP2_chr14	HAP1	HAP2	15	14	229588	216005	5683	439910	0.987081
chr14x15	63500001	63750000	HAP2_chr14	HAP2_chr15	HAP2	HAP2	14	15	216005	217143	22364	410784	0.945558
chr14x15	63750001	64000000	HAP1_chr14	HAP1_chr15	HAP1	HAP1	14	15	238300	237630	6159	469771	0.986889
chr14x15	63750001	64000000	HAP1_chr14	HAP2_chr15	HAP1	HAP2	14	15	238300	233831	155124	317007	0.510661
chr14x15	63750001	64000000	HAP1_chr15	HAP2_chr14	HAP1	HAP2	15	14	237630	169193	4822	402001	0.988005
chr14x15	63750001	64000000	HAP2_chr14	HAP2_chr15	HAP2	HAP2	14	15	169193	233831	5048	397976	0.987316
chr14x15	64000001	64250000	HAP1_chr14	HAP1_chr15	HAP1	HAP1	14	15	194415	229066	8374	415107	0.979827
chr14x15	64000001	64250000	HAP1_chr14	HAP2_chr15	HAP1	HAP2	14	15	194415	234274	40252	388437	0.896374
chr14x15	64000001	64250000	HAP1_chr15	HAP2_chr14	HAP1	HAP2	15	14	229066	230311	8627	450750	0.980861
chr14x15	64000001	64250000	HAP2_chr14	HAP2_chr15	HAP2	HAP2	14	15	230311	234274	8853	455732	0.980574
chr14x15	64250001	64500000	HAP1_chr14	HAP1_chr15	HAP1	HAP1	14	15	190524	230275	8955	411844	0.978256
chr14x15	64250001	64500000	HAP1_chr14	HAP2_chr15	HAP1	HAP2	14	15	190524	219414	4522	405416	0.988846
chr14x15	64250001	64500000	HAP1_chr15	HAP2_chr14	HAP1	HAP2	15	14	230275	229064	5502	453837	0.987877
chr14x15	64250001	64500000	HAP2_chr14	HAP2_chr15	HAP2	HAP2	14	15	229064	219414	2760	445718	0.993808
chr14x15	64500001	64750000	HAP1_chr14	HAP1_chr15	HAP1	HAP1	14	15	216094	234596	9463	441227	0.978553
chr14x15	64500001	64750000	HAP1_chr14	HAP2_chr15	HAP1	HAP2	14	15	216094	219324	6730	428688	0.984301
chr14x15	64500001	64750000	HAP1_chr15	HAP2_chr14	HAP1	HAP2	15	14	234596	212372	7123	439845	0.983806
chr14x15	64500001	64750000	HAP2_chr14	HAP2_chr15	HAP2	HAP2	14	15	212372	219324	4157	427539	0.990277
chr14x15	64750001	65000000	HAP1_chr14	HAP1_chr15	HAP1	HAP1	14	15	228751	231990	4772	455969	0.989534
chr14x15	64750001	65000000	HAP1_chr14	HAP2_chr15	HAP1	HAP2	14	15	228751	232065	4636	456180	0.989837
chr14x15	64750001	65000000	HAP1_chr15	HAP2_chr14	HAP1	HAP2	15	14	231990	240261	5702	466549	0.987778
chr14x15	64750001	65000000	HAP2_chr14	HAP2_chr15	HAP2	HAP2	14	15	240261	232065	2512	469814	0.994653
chr14x15	65000001	65250000	HAP1_chr14	HAP1_chr15	HAP1	HAP1	14	15	214412	235572	2292	447692	0.994880
chr14x15	65000001	65250000	HAP1_chr14	HAP2_chr15	HAP1	HAP2	14	15	214412	241766	7315	448863	0.983703
chr14x15	65000001	65250000	HAP1_chr15	HAP2_chr14	HAP1	HAP2	15	14	235572	233142	2270	466444	0.995133
chr14x15	65000001	65250000	HAP2_chr14	HAP2_chr15	HAP2	HAP2	14	15	233142	241766	5625	469283	0.988014
chr14x15	65250001	65500000	HAP1_chr14	HAP1_chr15	HAP1	HAP1	14	15	229806	235428	4707	460527	0.989779
chr14x15	65250001	65500000	HAP1_chr14	HAP2_chr15	HAP1	HAP2	14	15	229806	232964	13805	448965	0.969252
chr14x15	65250001	65500000	HAP1_chr15	HAP2_chr14	HAP1	HAP2	15	14	235428	226303	12134	449597	0.973011
chr14x15	65250001	65500000	HAP2_chr14	HAP2_chr15	HAP2	HAP2	14	15	226303	232964	5577	453690	0.987707
chr14x15	65500001	65750000	HAP1_chr14	HAP1_chr15	HAP1	HAP1	14	15	238948	204707	2225	441430	0.994960
chr14x15	65500001	65750000	HAP1_chr14	HAP2_chr15	HAP1	HAP2	14	15	238948	228418	2032	465334	0.995633
chr14x15	65500001	65750000	HAP1_chr15	HAP2_chr14	HAP1	HAP2	15	14	204707	236182	4784	436105	0.989030
chr14x15	65500001	65750000	HAP2_chr14	HAP2_chr15	HAP2	HAP2	14	15	236182	228418	1572	463028	0.996605
chr14x15	65750001	66000000	HAP1_chr14	HAP1_chr15	HAP1	HAP1	14	15	234963	235512	5083	465392	0.989078
chr14x15	65750001	66000000	HAP1_chr14	HAP2_chr15	HAP1	HAP2	14	15	234963	235472	10815	459620	0.976470
chr14x15	65750001	66000000	HAP1_chr15	HAP2_chr14	HAP1	HAP2	15	14	235512	237154	2990	469676	0.993634
chr14x15	65750001	66000000	HAP2_chr14	HAP2_chr15	HAP2	HAP2	14	15	237154	235472	3219	469407	0.993142
chr14x15	66000001	66250000	HAP1_chr14	HAP1_chr15	HAP1	HAP1	14	15	230629	236216	4102	462743	0.991135
chr14x15	66000001	66250000	HAP1_chr14	HAP2_chr15	HAP1	HAP2	14	15	230629	226025	15110	441544	0.965779
chr14x15	66000001	66250000	HAP1_chr15	HAP2_chr14	HAP1	HAP2	15	14	236216	191282	7313	420185	0.982596
chr14x15	66000001	66250000	HAP2_chr14	HAP2_chr15	HAP2	HAP2	14	15	191282	226025	9154	408153	0.977572
chr14x15	66250001	66500000	HAP1_chr14	HAP1_chr15	HAP1	HAP1	14	15	229730	236240	5546	460424	0.987955
chr14x15	66250001	66500000	HAP1_chr14	HAP2_chr15	HAP1	HAP2	14	15	229730	231505	14009	447226	0.968676
chr14x15	66250001	66500000	HAP1_chr15	HAP2_chr14	HAP1	HAP2	15	14	236240	237794	9206	464828	0.980195
chr14x15	66250001	66500000	HAP2_chr14	HAP2_chr15	HAP2	HAP2	14	15	237794	231505	3579	465720	0.992315
chr14x15	66500001	66750000	HAP1_chr14	HAP1_chr15	HAP1	HAP1	14	15	231064	226983	5879	452168	0.986998
chr14x15	66500001	66750000	HAP1_chr14	HAP2_chr15	HAP1	HAP2	14	15	231064	230416	8833	452647	0.980486
chr14x15	66500001	66750000	HAP1_chr15	HAP2_chr14	HAP1	HAP2	15	14	226983	225337	3287	449033	0.992680
chr14x15	66500001	66750000	HAP2_chr14	HAP2_chr15	HAP2	HAP2	14	15	225337	230416	2911	452842	0.993572
chr14x15	66750001	67000000	HAP1_chr14	HAP1_chr15	HAP1	HAP1	14	15	224202	235646	3436	456412	0.992472
chr14x15	66750001	67000000	HAP1_chr14	HAP2_chr15	HAP1	HAP2	14	15	224202	229289	5531	447960	0.987653
chr14x15	66750001	67000000	HAP1_chr15	HAP2_chr14	HAP1	HAP2	15	14	235646	217946	5686	447906	0.987305
chr14x15	66750001	67000000	HAP2_chr14	HAP2_chr15	HAP2	HAP2	14	15	217946	229289	7175	440060	0.983695
chr14x15	67000001	67250000	HAP1_chr14	HAP1_chr15	HAP1	HAP1	14	15	229023	185729	6818	407934	0.983287
chr14x15	67000001	67250000	HAP1_chr14	HAP2_chr15	HAP1	HAP2	14	15	229023	218514	10290	437247	0.976466
chr14x15	67000001	67250000	HAP1_chr15	HAP2_chr14	HAP1	HAP2	15	14	185729	203032	4128	384633	0.989268
chr14x15	67000001	67250000	HAP2_chr14	HAP2_chr15	HAP2	HAP2	14	15	203032	218514	4965	416581	0.988082
chr14x15	67250001	67500000	HAP1_chr14	HAP1_chr15	HAP1	HAP1	14	15	223859	230978	12621	442216	0.971460
chr14x15	67250001	67500000	HAP1_chr14	HAP2_chr15	HAP1	HAP2	14	15	223859	233846	11020	446685	0.975329
chr14x15	67250001	67500000	HAP1_chr15	HAP2_chr14	HAP1	HAP2	15	14	230978	240276	5940	465314	0.987234
chr14x15	67250001	67500000	HAP2_chr14	HAP2_chr15	HAP2	HAP2	14	15	240276	233846	3626	470496	0.992293
chr14x15	67500001	67750000	HAP1_chr14	HAP1_chr15	HAP1	HAP1	14	15	224674	217272	10108	431838	0.976593
chr14x15	67500001	67750000	HAP1_chr14	HAP2_chr15	HAP1	HAP2	14	15	224674	238200	6566	456308	0.985611
chr14x15	67500001	67750000	HAP1_chr15	HAP2_chr14	HAP1	HAP2	15	14	217272	228632	6781	439123	0.984558
chr14x15	67500001	67750000	HAP2_chr14	HAP2_chr15	HAP2	HAP2	14	15	228632	238200	8392	458440	0.981694
chr14x15	67750001	68000000	HAP1_chr14	HAP1_chr15	HAP1	HAP1	14	15	232311	209452	8712	433051	0.979882
chr14x15	67750001	68000000	HAP1_chr14	HAP2_chr15	HAP1	HAP2	14	15	232311	231110	2754	460667	0.994022
chr14x15	67750001	68000000	HAP1_chr15	HAP2_chr14	HAP1	HAP2	15	14	209452	225532	5265	429719	0.987748
chr14x15	67750001	68000000	HAP2_chr14	HAP2_chr15	HAP2	HAP2	14	15	225532	231110	9405	447237	0.978971
chr14x15	68000001	68250000	HAP1_chr14	HAP1_chr15	HAP1	HAP1	14	15	229877	221405	9534	441748	0.978418
chr14x15	68000001	68250000	HAP1_chr14	HAP2_chr15	HAP1	HAP2	14	15	229877	236659	8829	457707	0.980710
chr14x15	68000001	68250000	HAP1_chr15	HAP2_chr14	HAP1	HAP2	15	14	221405	222806	4707	439504	0.989290
chr14x15	68000001	68250000	HAP2_chr14	HAP2_chr15	HAP2	HAP2	14	15	222806	236659	6220	453245	0.986277
chr14x15	68250001	68500000	HAP1_chr14	HAP1_chr15	HAP1	HAP1	14	15	231062	210345	20324	421083	0.951734
chr14x15	68250001	68500000	HAP1_chr14	HAP2_chr15	HAP1	HAP2	14	15	231062	234929	10149	455842	0.977736
chr14x15	68250001	68500000	HAP1_chr15	HAP2_chr14	HAP1	HAP2	15	14	210345	226289	17091	419543	0.959263
chr14x15	68250001	68500000	HAP2_chr14	HAP2_chr15	HAP2	HAP2	14	15	226289	234929	14502	446716	0.967536
chr14x15	68500001	68750000	HAP1_chr14	HAP1_chr15	HAP1	HAP1	14	15	237274	221512	2525	456261	0.994466
chr14x15	68500001	68750000	HAP1_chr14	HAP2_chr15	HAP1	HAP2	14	15	237274	233465	4857	465882	0.989575
chr14x15	68500001	68750000	HAP1_chr15	HAP2_chr14	HAP1	HAP2	15	14	221512	204193	3840	421865	0.990898
chr14x15	68500001	68750000	HAP2_chr14	HAP2_chr15	HAP2	HAP2	14	15	204193	233465	12453	425205	0.970713
chr14x15	68750001	69000000	HAP1_chr14	HAP1_chr15	HAP1	HAP1	14	15	229553	239178	8050	460681	0.982526
chr14x15	68750001	69000000	HAP1_chr14	HAP2_chr15	HAP1	HAP2	14	15	229553	216477	7854	438176	0.982076
chr14x15	68750001	69000000	HAP1_chr15	HAP2_chr14	HAP1	HAP2	15	14	239178	216133	5531	449780	0.987703
chr14x15	68750001	69000000	HAP2_chr14	HAP2_chr15	HAP2	HAP2	14	15	216133	216477	7236	425374	0.982989
chr14x15	69000001	69250000	HAP1_chr14	HAP1_chr15	HAP1	HAP1	14	15	226844	222211	16417	432638	0.962054
chr14x15	69000001	69250000	HAP1_chr14	HAP2_chr15	HAP1	HAP2	14	15	226844	239201	2079	463966	0.995519
chr14x15	69000001	69250000	HAP1_chr15	HAP2_chr14	HAP1	HAP2	15	14	222211	213505	3167	432549	0.992678
chr14x15	69000001	69250000	HAP2_chr14	HAP2_chr15	HAP2	HAP2	14	15	213505	239201	7529	445177	0.983088
chr14x15	69250001	69500000	HAP1_chr14	HAP1_chr15	HAP1	HAP1	14	15	230333	234928	7782	457479	0.982989
chr14x15	69250001	69500000	HAP1_chr14	HAP2_chr15	HAP1	HAP2	14	15	230333	191146	3722	417757	0.991091
chr14x15	69250001	69500000	HAP1_chr15	HAP2_chr14	HAP1	HAP2	15	14	234928	235128	4158	465898	0.991075
chr14x15	69250001	69500000	HAP2_chr14	HAP2_chr15	HAP2	HAP2	14	15	235128	191146	5542	420732	0.986828
chr14x15	69500001	69750000	HAP1_chr14	HAP1_chr15	HAP1	HAP1	14	15	230879	230656	1444	460091	0.996861
chr14x15	69500001	69750000	HAP1_chr14	HAP2_chr15	HAP1	HAP2	14	15	230879	227633	8690	449822	0.980681
chr14x15	69500001	69750000	HAP1_chr15	HAP2_chr14	HAP1	HAP2	15	14	230656	230383	5224	455815	0.988539
chr14x15	69500001	69750000	HAP2_chr14	HAP2_chr15	HAP2	HAP2	14	15	230383	227633	7449	450567	0.983467
chr14x15	69750001	70000000	HAP1_chr14	HAP1_chr15	HAP1	HAP1	14	15	229167	228567	7875	449859	0.982495
chr14x15	69750001	70000000	HAP1_chr14	HAP2_chr15	HAP1	HAP2	14	15	229167	232737	5375	456529	0.988226
chr14x15	69750001	70000000	HAP1_chr15	HAP2_chr14	HAP1	HAP2	15	14	228567	220081	12651	435997	0.970984
chr14x15	69750001	70000000	HAP2_chr14	HAP2_chr15	HAP2	HAP2	14	15	220081	232737	6248	446570	0.986009
chr14x15	70000001	70250000	HAP1_chr14	HAP1_chr15	HAP1	HAP1	14	15	226999	237928	7608	457319	0.983364
chr14x15	70000001	70250000	HAP1_chr14	HAP2_chr15	HAP1	HAP2	14	15	226999	206065	14308	418756	0.965832
chr14x15	70000001	70250000	HAP1_chr15	HAP2_chr14	HAP1	HAP2	15	14	237928	223859	4894	456893	0.989289
chr14x15	70000001	70250000	HAP2_chr14	HAP2_chr15	HAP2	HAP2	14	15	223859	206065	8032	421892	0.980962
chr14x15	70250001	70500000	HAP1_chr14	HAP1_chr15	HAP1	HAP1	14	15	224779	215640	2262	438157	0.994837
chr14x15	70250001	70500000	HAP1_chr14	HAP2_chr15	HAP1	HAP2	14	15	224779	185854	1930	408703	0.995278
chr14x15	70250001	70500000	HAP1_chr15	HAP2_chr14	HAP1	HAP2	15	14	215640	239518	4601	450557	0.989788
chr14x15	70250001	70500000	HAP2_chr14	HAP2_chr15	HAP2	HAP2	14	15	239518	185854	5935	419437	0.985850
chr14x15	70500001	70750000	HAP1_chr14	HAP1_chr15	HAP1	HAP1	14	15	233927	223015	12981	443961	0.970761
chr14x15	70500001	70750000	HAP1_chr14	HAP2_chr15	HAP1	HAP2	14	15	233927	215025	3683	445269	0.991729
chr14x15	70500001	70750000	HAP1_chr15	HAP2_chr14	HAP1	HAP2	15	14	223015	232135	9717	445433	0.978185
chr14x15	70500001	70750000	HAP2_chr14	HAP2_chr15	HAP2	HAP2	14	15	232135	215025	8479	438681	0.980672
chr14x15	70750001	71000000	HAP1_chr14	HAP1_chr15	HAP1	HAP1	14	15	187852	221243	3808	405287	0.990604
chr14x15	70750001	71000000	HAP1_chr14	HAP2_chr15	HAP1	HAP2	14	15	187852	215219	3126	399945	0.992184
chr14x15	70750001	71000000	HAP1_chr15	HAP2_chr14	HAP1	HAP2	15	14	221243	242234	6938	456539	0.984803
chr14x15	70750001	71000000	HAP2_chr14	HAP2_chr15	HAP2	HAP2	14	15	242234	215219	6002	451451	0.986705
chr14x15	71000001	71250000	HAP1_chr14	HAP1_chr15	HAP1	HAP1	14	15	230110	215819	4904	441025	0.988880
chr14x15	71000001	71250000	HAP1_chr14	HAP2_chr15	HAP1	HAP2	14	15	230110	218898	7601	441407	0.982780
chr14x15	71000001	71250000	HAP1_chr15	HAP2_chr14	HAP1	HAP2	15	14	215819	216423	11547	420695	0.972553
chr14x15	71000001	71250000	HAP2_chr14	HAP2_chr15	HAP2	HAP2	14	15	216423	218898	3499	431822	0.991897
chr14x15	71250001	71500000	HAP1_chr14	HAP1_chr15	HAP1	HAP1	14	15	209392	224496	4973	428915	0.988406
chr14x15	71250001	71500000	HAP1_chr14	HAP2_chr15	HAP1	HAP2	14	15	209392	201637	17794	393235	0.954750
chr14x15	71250001	71500000	HAP1_chr15	HAP2_chr14	HAP1	HAP2	15	14	224496	235405	8358	451543	0.981490
chr14x15	71250001	71500000	HAP2_chr14	HAP2_chr15	HAP2	HAP2	14	15	235405	201637	12865	424177	0.969671
chr14x15	71500001	71750000	HAP1_chr14	HAP1_chr15	HAP1	HAP1	14	15	185815	229184	3043	411956	0.992613
chr14x15	71500001	71750000	HAP1_chr14	HAP2_chr15	HAP1	HAP2	14	15	185815	227642	18245	395212	0.953835
chr14x15	71500001	71750000	HAP1_chr15	HAP2_chr14	HAP1	HAP2	15	14	229184	225155	3406	450933	0.992447
chr14x15	71500001	71750000	HAP2_chr14	HAP2_chr15	HAP2	HAP2	14	15	225155	227642	17801	434996	0.959078
chr14x15	71750001	72000000	HAP1_chr14	HAP1_chr15	HAP1	HAP1	14	15	237802	199013	5567	431248	0.987091
chr14x15	71750001	72000000	HAP1_chr14	HAP2_chr15	HAP1	HAP2	14	15	237802	233702	4165	467339	0.991088
chr14x15	71750001	72000000	HAP1_chr15	HAP2_chr14	HAP1	HAP2	15	14	199013	235705	17418	417300	0.958260
chr14x15	71750001	72000000	HAP2_chr14	HAP2_chr15	HAP2	HAP2	14	15	235705	233702	3157	466250	0.993229
chr14x15	72000001	72250000	HAP1_chr14	HAP1_chr15	HAP1	HAP1	14	15	226650	216385	7968	435067	0.981686
chr14x15	72000001	72250000	HAP1_chr14	HAP2_chr15	HAP1	HAP2	14	15	226650	234430	5591	455489	0.987725
chr14x15	72000001	72250000	HAP1_chr15	HAP2_chr14	HAP1	HAP2	15	14	216385	226020	5862	436543	0.986572
chr14x15	72000001	72250000	HAP2_chr14	HAP2_chr15	HAP2	HAP2	14	15	226020	234430	9692	450758	0.978498
chr14x15	72250001	72500000	HAP1_chr14	HAP1_chr15	HAP1	HAP1	14	15	233144	241842	2606	472380	0.994483
chr14x15	72250001	72500000	HAP1_chr14	HAP2_chr15	HAP1	HAP2	14	15	233144	232133	11150	454127	0.975447
chr14x15	72250001	72500000	HAP1_chr15	HAP2_chr14	HAP1	HAP2	15	14	241842	239040	5785	475097	0.987824
chr14x15	72250001	72500000	HAP2_chr14	HAP2_chr15	HAP2	HAP2	14	15	239040	232133	9777	461396	0.978810
chr14x15	72500001	72750000	HAP1_chr14	HAP1_chr15	HAP1	HAP1	14	15	233825	237494	9761	461558	0.978852
chr14x15	72500001	72750000	HAP1_chr14	HAP2_chr15	HAP1	HAP2	14	15	233825	235753	4765	464813	0.989749
chr14x15	72500001	72750000	HAP1_chr15	HAP2_chr14	HAP1	HAP2	15	14	237494	228640	7778	458356	0.983031
chr14x15	72500001	72750000	HAP2_chr14	HAP2_chr15	HAP2	HAP2	14	15	228640	235753	4843	459550	0.989461
chr14x15	72750001	73000000	HAP1_chr14	HAP1_chr15	HAP1	HAP1	14	15	241495	211569	1971	451093	0.995631
chr14x15	72750001	73000000	HAP1_chr14	HAP2_chr15	HAP1	HAP2	14	15	241495	224815	2958	463352	0.993616
chr14x15	72750001	73000000	HAP1_chr15	HAP2_chr14	HAP1	HAP2	15	14	211569	231867	7529	435907	0.982728
chr14x15	72750001	73000000	HAP2_chr14	HAP2_chr15	HAP2	HAP2	14	15	231867	224815	8169	448513	0.981786
chr14x15	73000001	73250000	HAP1_chr14	HAP1_chr15	HAP1	HAP1	14	15	236975	231802	8376	460401	0.981807
chr14x15	73000001	73250000	HAP1_chr14	HAP2_chr15	HAP1	HAP2	14	15	236975	228226	7665	457536	0.983247
chr14x15	73000001	73250000	HAP1_chr15	HAP2_chr14	HAP1	HAP2	15	14	231802	193252	15743	409311	0.961538
chr14x15	73000001	73250000	HAP2_chr14	HAP2_chr15	HAP2	HAP2	14	15	193252	228226	20698	400780	0.948356
chr14x15	73250001	73500000	HAP1_chr14	HAP1_chr15	HAP1	HAP1	14	15	222785	236263	2612	456436	0.994277
chr14x15	73250001	73500000	HAP1_chr14	HAP2_chr15	HAP1	HAP2	14	15	222785	243914	5135	461564	0.988875
chr14x15	73250001	73500000	HAP1_chr15	HAP2_chr14	HAP1	HAP2	15	14	236263	236292	2031	470524	0.995684
chr14x15	73250001	73500000	HAP2_chr14	HAP2_chr15	HAP2	HAP2	14	15	236292	243914	6891	473315	0.985441
chr14x15	73500001	73750000	HAP1_chr14	HAP1_chr15	HAP1	HAP1	14	15	241600	223333	3513	461420	0.992387
chr14x15	73500001	73750000	HAP1_chr14	HAP2_chr15	HAP1	HAP2	14	15	241600	229351	3488	467463	0.992538
chr14x15	73500001	73750000	HAP1_chr15	HAP2_chr14	HAP1	HAP2	15	14	223333	238213	6114	455432	0.986575
chr14x15	73500001	73750000	HAP2_chr14	HAP2_chr15	HAP2	HAP2	14	15	238213	229351	3263	464301	0.992972
chr14x15	73750001	74000000	HAP1_chr14	HAP1_chr15	HAP1	HAP1	14	15	233890	192557	9197	417250	0.977958
chr14x15	73750001	74000000	HAP1_chr14	HAP2_chr15	HAP1	HAP2	14	15	233890	228801	4732	457959	0.989667
chr14x15	73750001	74000000	HAP1_chr15	HAP2_chr14	HAP1	HAP2	15	14	192557	230220	4140	418637	0.990111
chr14x15	73750001	74000000	HAP2_chr14	HAP2_chr15	HAP2	HAP2	14	15	230220	228801	5764	453257	0.987283
chr14x15	74000001	74250000	HAP1_chr14	HAP1_chr15	HAP1	HAP1	14	15	237241	202450	8770	430921	0.979648
chr14x15	74000001	74250000	HAP1_chr14	HAP2_chr15	HAP1	HAP2	14	15	237241	219595	7140	449696	0.984123
chr14x15	74000001	74250000	HAP1_chr15	HAP2_chr14	HAP1	HAP2	15	14	202450	233499	6487	429462	0.984895
chr14x15	74000001	74250000	HAP2_chr14	HAP2_chr15	HAP2	HAP2	14	15	233499	219595	8036	445058	0.981944
chr14x15	74250001	74500000	HAP1_chr14	HAP1_chr15	HAP1	HAP1	14	15	221613	236909	8806	449716	0.980419
chr14x15	74250001	74500000	HAP1_chr14	HAP2_chr15	HAP1	HAP2	14	15	221613	210210	6390	425433	0.984980
chr14x15	74250001	74500000	HAP1_chr15	HAP2_chr14	HAP1	HAP2	15	14	236909	213029	7270	442668	0.983577
chr14x15	74250001	74500000	HAP2_chr14	HAP2_chr15	HAP2	HAP2	14	15	213029	210210	2981	420258	0.992907
chr14x15	74500001	74750000	HAP1_chr14	HAP1_chr15	HAP1	HAP1	14	15	235346	240967	2999	473314	0.993664
chr14x15	74500001	74750000	HAP1_chr14	HAP2_chr15	HAP1	HAP2	14	15	235346	208505	6370	437481	0.985439
chr14x15	74500001	74750000	HAP1_chr15	HAP2_chr14	HAP1	HAP2	15	14	240967	235431	5115	471283	0.989147
chr14x15	74500001	74750000	HAP2_chr14	HAP2_chr15	HAP2	HAP2	14	15	235431	208505	3717	440219	0.991556
chr14x15	74750001	75000000	HAP1_chr14	HAP1_chr15	HAP1	HAP1	14	15	199591	231874	9934	421531	0.976434
chr14x15	74750001	75000000	HAP1_chr14	HAP2_chr15	HAP1	HAP2	14	15	199591	229901	7682	421810	0.981788
chr14x15	74750001	75000000	HAP1_chr15	HAP2_chr14	HAP1	HAP2	15	14	231874	188132	3662	416344	0.991204
chr14x15	74750001	75000000	HAP2_chr14	HAP2_chr15	HAP2	HAP2	14	15	188132	229901	11423	406610	0.971907
chr14x15	75000001	75250000	HAP1_chr14	HAP1_chr15	HAP1	HAP1	14	15	228397	243473	4519	467351	0.990331
chr14x15	75000001	75250000	HAP1_chr14	HAP2_chr15	HAP1	HAP2	14	15	228397	232580	4991	455986	0.989054
chr14x15	75000001	75250000	HAP1_chr15	HAP2_chr14	HAP1	HAP2	15	14	243473	217757	2578	458652	0.994379
chr14x15	75000001	75250000	HAP2_chr14	HAP2_chr15	HAP2	HAP2	14	15	217757	232580	5428	444909	0.987800
chr14x15	75250001	75500000	HAP1_chr14	HAP1_chr15	HAP1	HAP1	14	15	234207	234369	2591	465985	0.994440
chr14x15	75250001	75500000	HAP1_chr14	HAP2_chr15	HAP1	HAP2	14	15	234207	236478	4756	465929	0.989792
chr14x15	75250001	75500000	HAP1_chr15	HAP2_chr14	HAP1	HAP2	15	14	234369	233395	4781	462983	0.989673
chr14x15	75250001	75500000	HAP2_chr14	HAP2_chr15	HAP2	HAP2	14	15	233395	236478	10279	459594	0.977635
chr14x15	75500001	75750000	HAP1_chr14	HAP1_chr15	HAP1	HAP1	14	15	236902	239902	6672	470132	0.985808
chr14x15	75500001	75750000	HAP1_chr14	HAP2_chr15	HAP1	HAP2	14	15	236902	214168	9093	441977	0.979427
chr14x15	75500001	75750000	HAP1_chr15	HAP2_chr14	HAP1	HAP2	15	14	239902	220350	4941	455311	0.989148
chr14x15	75500001	75750000	HAP2_chr14	HAP2_chr15	HAP2	HAP2	14	15	220350	214168	8032	426486	0.981167
chr14x15	75750001	76000000	HAP1_chr14	HAP1_chr15	HAP1	HAP1	14	15	238635	235372	4779	469228	0.989815
chr14x15	75750001	76000000	HAP1_chr14	HAP2_chr15	HAP1	HAP2	14	15	238635	234481	5671	467445	0.987868
chr14x15	75750001	76000000	HAP1_chr15	HAP2_chr14	HAP1	HAP2	15	14	235372	238086	13687	459771	0.970231
chr14x15	75750001	76000000	HAP2_chr14	HAP2_chr15	HAP2	HAP2	14	15	238086	234481	8333	464234	0.982050
chr14x15	76000001	76250000	HAP1_chr14	HAP1_chr15	HAP1	HAP1	14	15	235306	224941	8257	451990	0.981732
chr14x15	76000001	76250000	HAP1_chr14	HAP2_chr15	HAP1	HAP2	14	15	235306	214853	7183	442976	0.983785
chr14x15	76000001	76250000	HAP1_chr15	HAP2_chr14	HAP1	HAP2	15	14	224941	225888	7307	443522	0.983525
chr14x15	76000001	76250000	HAP2_chr14	HAP2_chr15	HAP2	HAP2	14	15	225888	214853	10381	430360	0.975878
chr14x15	76250001	76500000	HAP1_chr14	HAP1_chr15	HAP1	HAP1	14	15	223599	228515	15747	436367	0.963913
chr14x15	76250001	76500000	HAP1_chr14	HAP2_chr15	HAP1	HAP2	14	15	223599	241185	7526	457258	0.983541
chr14x15	76250001	76500000	HAP1_chr15	HAP2_chr14	HAP1	HAP2	15	14	228515	232170	7754	452931	0.982880
chr14x15	76250001	76500000	HAP2_chr14	HAP2_chr15	HAP2	HAP2	14	15	232170	241185	3836	469519	0.991830
chr14x15	76500001	76750000	HAP1_chr14	HAP1_chr15	HAP1	HAP1	14	15	239911	224711	5225	459397	0.988626
chr14x15	76500001	76750000	HAP1_chr14	HAP2_chr15	HAP1	HAP2	14	15	239911	222842	5548	457205	0.987865
chr14x15	76500001	76750000	HAP1_chr15	HAP2_chr14	HAP1	HAP2	15	14	224711	230825	9481	446055	0.978745
chr14x15	76500001	76750000	HAP2_chr14	HAP2_chr15	HAP2	HAP2	14	15	230825	222842	6469	447198	0.985534
chr14x15	76750001	77000000	HAP1_chr14	HAP1_chr15	HAP1	HAP1	14	15	223048	238780	4835	456993	0.989420
chr14x15	76750001	77000000	HAP1_chr14	HAP2_chr15	HAP1	HAP2	14	15	223048	210713	6918	426843	0.983793
chr14x15	76750001	77000000	HAP1_chr15	HAP2_chr14	HAP1	HAP2	15	14	238780	212338	5911	445207	0.986723
chr14x15	76750001	77000000	HAP2_chr14	HAP2_chr15	HAP2	HAP2	14	15	212338	210713	8280	414771	0.980037
chr14x15	77000001	77250000	HAP1_chr14	HAP1_chr15	HAP1	HAP1	14	15	233183	217652	5382	445453	0.987918
chr14x15	77000001	77250000	HAP1_chr14	HAP2_chr15	HAP1	HAP2	14	15	233183	216892	4325	445750	0.990297
chr14x15	77000001	77250000	HAP1_chr15	HAP2_chr14	HAP1	HAP2	15	14	217652	226593	6609	437636	0.984898
chr14x15	77000001	77250000	HAP2_chr14	HAP2_chr15	HAP2	HAP2	14	15	226593	216892	9756	433729	0.977507
chr14x15	77250001	77500000	HAP1_chr14	HAP1_chr15	HAP1	HAP1	14	15	237349	174624	2668	409305	0.993482
chr14x15	77250001	77500000	HAP1_chr14	HAP2_chr15	HAP1	HAP2	14	15	237349	233152	88846	381655	0.767209
chr14x15	77250001	77500000	HAP1_chr15	HAP2_chr14	HAP1	HAP2	15	14	174624	237902	2228	410298	0.994570
chr14x15	77250001	77500000	HAP2_chr14	HAP2_chr15	HAP2	HAP2	14	15	237902	233152	5973	465081	0.987157
chr14x15	77500001	77750000	HAP1_chr14	HAP1_chr15	HAP1	HAP1	14	15	220365	240772	5247	455890	0.988491
chr14x15	77500001	77750000	HAP1_chr14	HAP2_chr15	HAP1	HAP2	14	15	220365	219949	8421	431893	0.980502
chr14x15	77500001	77750000	HAP1_chr15	HAP2_chr14	HAP1	HAP2	15	14	240772	235104	2524	473352	0.994668
chr14x15	77500001	77750000	HAP2_chr14	HAP2_chr15	HAP2	HAP2	14	15	235104	219949	6560	448493	0.985373
chr14x15	77750001	78000000	HAP1_chr14	HAP1_chr15	HAP1	HAP1	14	15	239101	218710	11910	445901	0.973290
chr14x15	77750001	78000000	HAP1_chr14	HAP2_chr15	HAP1	HAP2	14	15	239101	223321	47191	415231	0.886350
chr14x15	77750001	78000000	HAP1_chr15	HAP2_chr14	HAP1	HAP2	15	14	218710	243791	4922	457579	0.989243
chr14x15	77750001	78000000	HAP2_chr14	HAP2_chr15	HAP2	HAP2	14	15	243791	223321	7299	459813	0.984126
chr14x15	78000001	78250000	HAP1_chr14	HAP1_chr15	HAP1	HAP1	14	15	219740	236601	5382	450959	0.988065
chr14x15	78000001	78250000	HAP1_chr14	HAP2_chr15	HAP1	HAP2	14	15	219740	233709	40876	412573	0.900924
chr14x15	78000001	78250000	HAP1_chr15	HAP2_chr14	HAP1	HAP2	15	14	236601	229759	7512	458848	0.983629
chr14x15	78000001	78250000	HAP2_chr14	HAP2_chr15	HAP2	HAP2	14	15	229759	233709	5860	457608	0.987194
chr14x15	78250001	78500000	HAP1_chr14	HAP1_chr15	HAP1	HAP1	14	15	239109	227831	3516	463424	0.992413
chr14x15	78250001	78500000	HAP1_chr14	HAP2_chr15	HAP1	HAP2	14	15	239109	225585	32449	432245	0.924929
chr14x15	78250001	78500000	HAP1_chr15	HAP2_chr14	HAP1	HAP2	15	14	227831	227626	6726	448731	0.985011
chr14x15	78250001	78500000	HAP2_chr14	HAP2_chr15	HAP2	HAP2	14	15	227626	225585	8313	444898	0.981315
chr14x15	78500001	78750000	HAP1_chr14	HAP1_chr15	HAP1	HAP1	14	15	220152	222198	4529	437821	0.989656
chr14x15	78500001	78750000	HAP1_chr14	HAP2_chr15	HAP1	HAP2	14	15	220152	240347	4524	455975	0.990078
chr14x15	78500001	78750000	HAP1_chr15	HAP2_chr14	HAP1	HAP2	15	14	222198	193620	3359	412459	0.991856
chr14x15	78500001	78750000	HAP2_chr14	HAP2_chr15	HAP2	HAP2	14	15	193620	240347	1939	432028	0.995512
chr14x15	78750001	79000000	HAP1_chr14	HAP1_chr15	HAP1	HAP1	14	15	237814	226694	3694	460814	0.991984
chr14x15	78750001	79000000	HAP1_chr14	HAP2_chr15	HAP1	HAP2	14	15	237814	227952	5973	459793	0.987009
chr14x15	78750001	79000000	HAP1_chr15	HAP2_chr14	HAP1	HAP2	15	14	226694	218869	9059	436504	0.979246
chr14x15	78750001	79000000	HAP2_chr14	HAP2_chr15	HAP2	HAP2	14	15	218869	227952	3301	443520	0.992557
chr14x15	79000001	79250000	HAP1_chr14	HAP1_chr15	HAP1	HAP1	14	15	234052	192152	3448	422756	0.991844
chr14x15	79000001	79250000	HAP1_chr14	HAP2_chr15	HAP1	HAP2	14	15	234052	234949	5904	463097	0.987251
chr14x15	79000001	79250000	HAP1_chr15	HAP2_chr14	HAP1	HAP2	15	14	192152	234424	3767	422809	0.991091
chr14x15	79000001	79250000	HAP2_chr14	HAP2_chr15	HAP2	HAP2	14	15	234424	234949	7780	461593	0.983145
chr14x15	79250001	79500000	HAP1_chr14	HAP1_chr15	HAP1	HAP1	14	15	237133	223419	9118	451434	0.979802
chr14x15	79250001	79500000	HAP1_chr14	HAP2_chr15	HAP1	HAP2	14	15	237133	225032	5298	456867	0.988404
chr14x15	79250001	79500000	HAP1_chr15	HAP2_chr14	HAP1	HAP2	15	14	223419	231056	9859	444616	0.977826
chr14x15	79250001	79500000	HAP2_chr14	HAP2_chr15	HAP2	HAP2	14	15	231056	225032	4386	451702	0.990290
chr14x15	79500001	79750000	HAP1_chr14	HAP1_chr15	HAP1	HAP1	14	15	225661	219796	9886	435571	0.977303
chr14x15	79500001	79750000	HAP1_chr14	HAP2_chr15	HAP1	HAP2	14	15	225661	223312	7319	441654	0.983428
chr14x15	79500001	79750000	HAP1_chr15	HAP2_chr14	HAP1	HAP2	15	14	219796	235617	2409	453004	0.994682
chr14x15	79500001	79750000	HAP2_chr14	HAP2_chr15	HAP2	HAP2	14	15	235617	223312	3273	455656	0.992817
chr14x15	79750001	80000000	HAP1_chr14	HAP1_chr15	HAP1	HAP1	14	15	229076	221075	6257	443894	0.985904
chr14x15	79750001	80000000	HAP1_chr14	HAP2_chr15	HAP1	HAP2	14	15	229076	227976	2757	454295	0.993931
chr14x15	79750001	80000000	HAP1_chr15	HAP2_chr14	HAP1	HAP2	15	14	221075	230667	11650	440092	0.973528
chr14x15	79750001	80000000	HAP2_chr14	HAP2_chr15	HAP2	HAP2	14	15	230667	227976	3849	454794	0.991537
chr14x15	80000001	80250000	HAP1_chr14	HAP1_chr15	HAP1	HAP1	14	15	226232	238499	7142	457589	0.984392
chr14x15	80000001	80250000	HAP1_chr14	HAP2_chr15	HAP1	HAP2	14	15	226232	233110	5561	453781	0.987745
chr14x15	80000001	80250000	HAP1_chr15	HAP2_chr14	HAP1	HAP2	15	14	238499	239260	7972	469787	0.983031
chr14x15	80000001	80250000	HAP2_chr14	HAP2_chr15	HAP2	HAP2	14	15	239260	233110	10234	462136	0.977855
chr14x15	80250001	80500000	HAP1_chr14	HAP1_chr15	HAP1	HAP1	14	15	232572	231670	7036	457206	0.984611
chr14x15	80250001	80500000	HAP1_chr14	HAP2_chr15	HAP1	HAP2	14	15	232572	235016	6129	461459	0.986718
chr14x15	80250001	80500000	HAP1_chr15	HAP2_chr14	HAP1	HAP2	15	14	231670	214575	7571	438674	0.982741
chr14x15	80250001	80500000	HAP2_chr14	HAP2_chr15	HAP2	HAP2	14	15	214575	235016	7698	441893	0.982579
chr14x15	80500001	80750000	HAP1_chr14	HAP1_chr15	HAP1	HAP1	14	15	232308	227086	10858	448536	0.975792
chr14x15	80500001	80750000	HAP1_chr14	HAP2_chr15	HAP1	HAP2	14	15	232308	228835	5429	455714	0.988087
chr14x15	80500001	80750000	HAP1_chr15	HAP2_chr14	HAP1	HAP2	15	14	227086	230983	9673	448396	0.978428
chr14x15	80500001	80750000	HAP2_chr14	HAP2_chr15	HAP2	HAP2	14	15	230983	228835	8749	451069	0.980604
chr14x15	80750001	81000000	HAP1_chr14	HAP1_chr15	HAP1	HAP1	14	15	229633	231285	6259	454659	0.986234
chr14x15	80750001	81000000	HAP1_chr14	HAP2_chr15	HAP1	HAP2	14	15	229633	221392	3858	447167	0.991372
chr14x15	80750001	81000000	HAP1_chr15	HAP2_chr14	HAP1	HAP2	15	14	231285	231753	6032	457006	0.986801
chr14x15	80750001	81000000	HAP2_chr14	HAP2_chr15	HAP2	HAP2	14	15	231753	221392	1662	451483	0.996319
chr14x15	81000001	81250000	HAP1_chr14	HAP1_chr15	HAP1	HAP1	14	15	190831	218124	2883	406072	0.992900
chr14x15	81000001	81250000	HAP1_chr14	HAP2_chr15	HAP1	HAP2	14	15	190831	231316	6075	416072	0.985399
chr14x15	81000001	81250000	HAP1_chr15	HAP2_chr14	HAP1	HAP2	15	14	218124	221599	7577	432146	0.982467
chr14x15	81000001	81250000	HAP2_chr14	HAP2_chr15	HAP2	HAP2	14	15	221599	231316	12058	440857	0.972649
chr14x15	81250001	81500000	HAP1_chr14	HAP1_chr15	HAP1	HAP1	14	15	232442	213896	8023	438315	0.981696
chr14x15	81250001	81500000	HAP1_chr14	HAP2_chr15	HAP1	HAP2	14	15	232442	237875	5516	464801	0.988133
chr14x15	81250001	81500000	HAP1_chr15	HAP2_chr14	HAP1	HAP2	15	14	213896	232493	11929	434460	0.972543
chr14x15	81250001	81500000	HAP2_chr14	HAP2_chr15	HAP2	HAP2	14	15	232493	237875	16621	453747	0.963369
chr14x15	81500001	81750000	HAP1_chr14	HAP1_chr15	HAP1	HAP1	14	15	218089	238457	4302	452244	0.990487
chr14x15	81500001	81750000	HAP1_chr14	HAP2_chr15	HAP1	HAP2	14	15	218089	236321	7160	447250	0.983991
chr14x15	81500001	81750000	HAP1_chr15	HAP2_chr14	HAP1	HAP2	15	14	238457	221631	6432	453656	0.985822
chr14x15	81500001	81750000	HAP2_chr14	HAP2_chr15	HAP2	HAP2	14	15	221631	236321	7082	450870	0.984293
chr14x15	81750001	82000000	HAP1_chr14	HAP1_chr15	HAP1	HAP1	14	15	236981	235239	6151	466069	0.986802
chr14x15	81750001	82000000	HAP1_chr14	HAP2_chr15	HAP1	HAP2	14	15	236981	228717	7033	458665	0.984666
chr14x15	81750001	82000000	HAP1_chr15	HAP2_chr14	HAP1	HAP2	15	14	235239	154821	10213	379847	0.973113
chr14x15	81750001	82000000	HAP2_chr14	HAP2_chr15	HAP2	HAP2	14	15	154821	228717	16909	366629	0.953880
chr14x15	82000001	82250000	HAP1_chr14	HAP1_chr15	HAP1	HAP1	14	15	217726	229379	4244	442861	0.990417
chr14x15	82000001	82250000	HAP1_chr14	HAP2_chr15	HAP1	HAP2	14	15	217726	234776	7339	445163	0.983514
chr14x15	82000001	82250000	HAP1_chr15	HAP2_chr14	HAP1	HAP2	15	14	229379	219152	5936	442595	0.986588
chr14x15	82000001	82250000	HAP2_chr14	HAP2_chr15	HAP2	HAP2	14	15	219152	234776	14581	439347	0.966812
chr14x15	82250001	82500000	HAP1_chr14	HAP1_chr15	HAP1	HAP1	14	15	238293	238029	8164	468158	0.982561
chr14x15	82250001	82500000	HAP1_chr14	HAP2_chr15	HAP1	HAP2	14	15	238293	209519	3829	443983	0.991376
chr14x15	82250001	82500000	HAP1_chr15	HAP2_chr14	HAP1	HAP2	15	14	238029	227639	7084	458584	0.984552
chr14x15	82250001	82500000	HAP2_chr14	HAP2_chr15	HAP2	HAP2	14	15	227639	209519	4365	432793	0.989914
chr14x15	82500001	82750000	HAP1_chr14	HAP1_chr15	HAP1	HAP1	14	15	232384	207922	16429	423877	0.961241
chr14x15	82500001	82750000	HAP1_chr14	HAP2_chr15	HAP1	HAP2	14	15	232384	233296	4652	461028	0.989910
chr14x15	82500001	82750000	HAP1_chr15	HAP2_chr14	HAP1	HAP2	15	14	207922	228381	10921	425382	0.974327
chr14x15	82500001	82750000	HAP2_chr14	HAP2_chr15	HAP2	HAP2	14	15	228381	233296	9427	452250	0.979155
chr14x15	82750001	83000000	HAP1_chr14	HAP1_chr15	HAP1	HAP1	14	15	221083	236116	18110	439089	0.958756
chr14x15	82750001	83000000	HAP1_chr14	HAP2_chr15	HAP1	HAP2	14	15	221083	238595	3151	456527	0.993098
chr14x15	82750001	83000000	HAP1_chr15	HAP2_chr14	HAP1	HAP2	15	14	236116	239356	13576	461896	0.970608
chr14x15	82750001	83000000	HAP2_chr14	HAP2_chr15	HAP2	HAP2	14	15	239356	238595	5876	472075	0.987553
chr14x15	83000001	83250000	HAP1_chr14	HAP1_chr15	HAP1	HAP1	14	15	222778	225248	8097	439929	0.981595
chr14x15	83000001	83250000	HAP1_chr14	HAP2_chr15	HAP1	HAP2	14	15	222778	225815	7400	441193	0.983227
chr14x15	83000001	83250000	HAP1_chr15	HAP2_chr14	HAP1	HAP2	15	14	225248	233421	6634	452035	0.985324
chr14x15	83000001	83250000	HAP2_chr14	HAP2_chr15	HAP2	HAP2	14	15	233421	225815	7675	451561	0.983003
chr14x15	83250001	83500000	HAP1_chr14	HAP1_chr15	HAP1	HAP1	14	15	183862	236278	6306	413834	0.984762
chr14x15	83250001	83500000	HAP1_chr14	HAP2_chr15	HAP1	HAP2	14	15	183862	229135	9169	403828	0.977295
chr14x15	83250001	83500000	HAP1_chr15	HAP2_chr14	HAP1	HAP2	15	14	236278	229360	11973	453665	0.973608
chr14x15	83250001	83500000	HAP2_chr14	HAP2_chr15	HAP2	HAP2	14	15	229360	229135	12990	445505	0.970842
chr14x15	83500001	83750000	HAP1_chr14	HAP1_chr15	HAP1	HAP1	14	15	237600	229595	4418	462777	0.990453
chr14x15	83500001	83750000	HAP1_chr14	HAP2_chr15	HAP1	HAP2	14	15	237600	224217	4399	457418	0.990383
chr14x15	83500001	83750000	HAP1_chr15	HAP2_chr14	HAP1	HAP2	15	14	229595	237273	7836	459032	0.982929
chr14x15	83500001	83750000	HAP2_chr14	HAP2_chr15	HAP2	HAP2	14	15	237273	224217	3819	457671	0.991656
chr14x15	83750001	84000000	HAP1_chr14	HAP1_chr15	HAP1	HAP1	14	15	233528	240029	2890	470667	0.993860
chr14x15	83750001	84000000	HAP1_chr14	HAP2_chr15	HAP1	HAP2	14	15	233528	204409	14989	422948	0.964561
chr14x15	83750001	84000000	HAP1_chr15	HAP2_chr14	HAP1	HAP2	15	14	240029	235150	1934	473245	0.995913
chr14x15	83750001	84000000	HAP2_chr14	HAP2_chr15	HAP2	HAP2	14	15	235150	204409	10591	428968	0.975311
chr14x15	84000001	84250000	HAP1_chr14	HAP1_chr15	HAP1	HAP1	14	15	213790	233995	8523	439262	0.980597
chr14x15	84000001	84250000	HAP1_chr14	HAP2_chr15	HAP1	HAP2	14	15	213790	215865	6519	423136	0.984594
chr14x15	84000001	84250000	HAP1_chr15	HAP2_chr14	HAP1	HAP2	15	14	233995	182701	6768	409928	0.983490
chr14x15	84000001	84250000	HAP2_chr14	HAP2_chr15	HAP2	HAP2	14	15	182701	215865	2427	396139	0.993873
chr14x15	84250001	84500000	HAP1_chr14	HAP1_chr15	HAP1	HAP1	14	15	226610	226684	10112	443182	0.977183
chr14x15	84250001	84500000	HAP1_chr14	HAP2_chr15	HAP1	HAP2	14	15	226610	228236	4437	450409	0.990149
chr14x15	84250001	84500000	HAP1_chr15	HAP2_chr14	HAP1	HAP2	15	14	226684	127021	16729	336976	0.950356
chr14x15	84250001	84500000	HAP2_chr14	HAP2_chr15	HAP2	HAP2	14	15	127021	228236	1213	354044	0.996574
chr14x15	84500001	84750000	HAP1_chr14	HAP1_chr15	HAP1	HAP1	14	15	235689	241510	6760	470439	0.985630
chr14x15	84500001	84750000	HAP1_chr14	HAP2_chr15	HAP1	HAP2	14	15	235689	223794	2842	456641	0.993776
chr14x15	84500001	84750000	HAP1_chr15	HAP2_chr14	HAP1	HAP2	15	14	241510	229331	7490	463351	0.983835
chr14x15	84500001	84750000	HAP2_chr14	HAP2_chr15	HAP2	HAP2	14	15	229331	223794	14410	438715	0.967154
chr14x15	84750001	85000000	HAP1_chr14	HAP1_chr15	HAP1	HAP1	14	15	227764	221493	7731	441526	0.982490
chr14x15	84750001	85000000	HAP1_chr14	HAP2_chr15	HAP1	HAP2	14	15	227764	214934	7626	435072	0.982472
chr14x15	84750001	85000000	HAP1_chr15	HAP2_chr14	HAP1	HAP2	15	14	221493	226971	1941	446523	0.995653
chr14x15	84750001	85000000	HAP2_chr14	HAP2_chr15	HAP2	HAP2	14	15	226971	214934	7028	434877	0.983839
chr14x15	85000001	85250000	HAP1_chr14	HAP1_chr15	HAP1	HAP1	14	15	222978	231657	10346	444289	0.976713
chr14x15	85000001	85250000	HAP1_chr14	HAP2_chr15	HAP1	HAP2	14	15	222978	225586	6691	441873	0.984858
chr14x15	85000001	85250000	HAP1_chr15	HAP2_chr14	HAP1	HAP2	15	14	231657	227368	15470	443555	0.965123
chr14x15	85000001	85250000	HAP2_chr14	HAP2_chr15	HAP2	HAP2	14	15	227368	225586	6520	446434	0.985395
chr14x15	85250001	85500000	HAP1_chr14	HAP1_chr15	HAP1	HAP1	14	15	232525	215028	7918	439635	0.981990
chr14x15	85250001	85500000	HAP1_chr14	HAP2_chr15	HAP1	HAP2	14	15	232525	232083	7009	457599	0.984683
chr14x15	85250001	85500000	HAP1_chr15	HAP2_chr14	HAP1	HAP2	15	14	215028	229304	7318	437014	0.983255
chr14x15	85250001	85500000	HAP2_chr14	HAP2_chr15	HAP2	HAP2	14	15	229304	232083	5791	455596	0.987289
chr14x15	85500001	85750000	HAP1_chr14	HAP1_chr15	HAP1	HAP1	14	15	209978	238026	6673	441331	0.984880
chr14x15	85500001	85750000	HAP1_chr14	HAP2_chr15	HAP1	HAP2	14	15	209978	229439	17811	421606	0.957754
chr14x15	85500001	85750000	HAP1_chr15	HAP2_chr14	HAP1	HAP2	15	14	238026	225105	4104	459027	0.991059
chr14x15	85500001	85750000	HAP2_chr14	HAP2_chr15	HAP2	HAP2	14	15	225105	229439	4364	450180	0.990306
chr14x15	85750001	86000000	HAP1_chr14	HAP1_chr15	HAP1	HAP1	14	15	237245	226346	6866	456725	0.984967
chr14x15	85750001	86000000	HAP1_chr14	HAP2_chr15	HAP1	HAP2	14	15	237245	237658	9167	465736	0.980317
chr14x15	85750001	86000000	HAP1_chr15	HAP2_chr14	HAP1	HAP2	15	14	226346	223171	19664	429853	0.954254
chr14x15	85750001	86000000	HAP2_chr14	HAP2_chr15	HAP2	HAP2	14	15	223171	237658	9342	451487	0.979308
chr14x15	86000001	86250000	HAP1_chr14	HAP1_chr15	HAP1	HAP1	14	15	235511	229404	18860	446055	0.957718
chr14x15	86000001	86250000	HAP1_chr14	HAP2_chr15	HAP1	HAP2	14	15	235511	234118	5942	463687	0.987185
chr14x15	86000001	86250000	HAP1_chr15	HAP2_chr14	HAP1	HAP2	15	14	229404	239595	11724	457275	0.974361
chr14x15	86000001	86250000	HAP2_chr14	HAP2_chr15	HAP2	HAP2	14	15	239595	234118	11228	462485	0.975722
chr14x15	86250001	86500000	HAP1_chr14	HAP1_chr15	HAP1	HAP1	14	15	237323	209683	14634	432372	0.966154
chr14x15	86250001	86500000	HAP1_chr14	HAP2_chr15	HAP1	HAP2	14	15	237323	233862	93402	377783	0.752763
chr14x15	86250001	86500000	HAP1_chr15	HAP2_chr14	HAP1	HAP2	15	14	209683	234001	6402	437282	0.985360
chr14x15	86250001	86500000	HAP2_chr14	HAP2_chr15	HAP2	HAP2	14	15	234001	233862	4056	463807	0.991255
chr14x15	86500001	86750000	HAP1_chr14	HAP1_chr15	HAP1	HAP1	14	15	240150	214443	4760	449833	0.989418
chr14x15	86500001	86750000	HAP1_chr14	HAP2_chr15	HAP1	HAP2	14	15	240150	239009	168337	310822	0.458413
chr14x15	86500001	86750000	HAP1_chr15	HAP2_chr14	HAP1	HAP2	15	14	214443	237309	6682	445070	0.984987
chr14x15	86500001	86750000	HAP2_chr14	HAP2_chr15	HAP2	HAP2	14	15	237309	239009	3970	472348	0.991595
chr14x15	86750001	87000000	HAP1_chr14	HAP1_chr15	HAP1	HAP1	14	15	234972	236076	2382	468666	0.994917
chr14x15	86750001	87000000	HAP1_chr14	HAP2_chr15	HAP1	HAP2	14	15	234972	240404	133162	342214	0.610881
chr14x15	86750001	87000000	HAP1_chr15	HAP2_chr14	HAP1	HAP2	15	14	236076	232487	7028	461535	0.984773
chr14x15	86750001	87000000	HAP2_chr14	HAP2_chr15	HAP2	HAP2	14	15	232487	240404	7368	465523	0.984173
chr14x15	87000001	87250000	HAP1_chr14	HAP1_chr15	HAP1	HAP1	14	15	229376	236829	4545	461660	0.990155
chr14x15	87000001	87250000	HAP1_chr14	HAP2_chr15	HAP1	HAP2	14	15	229376	231710	144867	316219	0.541878
chr14x15	87000001	87250000	HAP1_chr15	HAP2_chr14	HAP1	HAP2	15	14	236829	239860	5903	470786	0.987461
chr14x15	87000001	87250000	HAP2_chr14	HAP2_chr15	HAP2	HAP2	14	15	239860	231710	7035	464535	0.984856
chr14x15	87250001	87500000	HAP1_chr14	HAP1_chr15	HAP1	HAP1	14	15	235194	239386	6457	468123	0.986207
chr14x15	87250001	87500000	HAP1_chr14	HAP2_chr15	HAP1	HAP2	14	15	235194	230146	101958	363382	0.719419
chr14x15	87250001	87500000	HAP1_chr15	HAP2_chr14	HAP1	HAP2	15	14	239386	240857	11780	468463	0.974854
chr14x15	87250001	87500000	HAP2_chr14	HAP2_chr15	HAP2	HAP2	14	15	240857	230146	4020	466983	0.991392
chr14x15	87500001	87750000	HAP1_chr14	HAP1_chr15	HAP1	HAP1	14	15	209747	234150	4743	439154	0.989200
chr14x15	87500001	87750000	HAP1_chr14	HAP2_chr15	HAP1	HAP2	14	15	209747	214544	120671	303620	0.602559
chr14x15	87500001	87750000	HAP1_chr15	HAP2_chr14	HAP1	HAP2	15	14	234150	220305	10852	443603	0.975537
chr14x15	87500001	87750000	HAP2_chr14	HAP2_chr15	HAP2	HAP2	14	15	220305	214544	8339	426510	0.980448
chr14x15	87750001	88000000	HAP1_chr14	HAP1_chr15	HAP1	HAP1	14	15	227271	224820	11662	440429	0.973521
chr14x15	87750001	88000000	HAP1_chr14	HAP2_chr15	HAP1	HAP2	14	15	227271	236354	151426	312199	0.514970
chr14x15	87750001	88000000	HAP1_chr15	HAP2_chr14	HAP1	HAP2	15	14	224820	237253	6007	456066	0.986829
chr14x15	87750001	88000000	HAP2_chr14	HAP2_chr15	HAP2	HAP2	14	15	237253	236354	5146	468461	0.989015
chr14x15	88000001	88250000	HAP1_chr14	HAP1_chr15	HAP1	HAP1	14	15	234333	241782	4798	471317	0.989820
chr14x15	88000001	88250000	HAP1_chr14	HAP2_chr15	HAP1	HAP2	14	15	234333	229281	163117	300497	0.457176
chr14x15	88000001	88250000	HAP1_chr15	HAP2_chr14	HAP1	HAP2	15	14	241782	237314	3662	475434	0.992298
chr14x15	88000001	88250000	HAP2_chr14	HAP2_chr15	HAP2	HAP2	14	15	237314	229281	5604	460991	0.987844
chr14x15	88250001	88500000	HAP1_chr14	HAP1_chr15	HAP1	HAP1	14	15	241868	218035	2733	457170	0.994022
chr14x15	88250001	88500000	HAP1_chr14	HAP2_chr15	HAP1	HAP2	14	15	241868	242781	152243	332406	0.541997
chr14x15	88250001	88500000	HAP1_chr15	HAP2_chr14	HAP1	HAP2	15	14	218035	231441	10221	439255	0.976731
chr14x15	88250001	88500000	HAP2_chr14	HAP2_chr15	HAP2	HAP2	14	15	231441	242781	8311	465911	0.982162
chr14x15	88500001	88750000	HAP1_chr14	HAP1_chr15	HAP1	HAP1	14	15	227923	205623	17219	416327	0.958641
chr14x15	88500001	88750000	HAP1_chr14	HAP2_chr15	HAP1	HAP2	14	15	227923	237743	116274	349392	0.667210
chr14x15	88500001	88750000	HAP1_chr15	HAP2_chr14	HAP1	HAP2	15	14	205623	211303	17525	399401	0.956122
chr14x15	88500001	88750000	HAP2_chr14	HAP2_chr15	HAP2	HAP2	14	15	211303	237743	9012	440034	0.979520
chr14x15	88750001	89000000	HAP1_chr14	HAP1_chr15	HAP1	HAP1	14	15	232111	236669	4956	463824	0.989315
chr14x15	88750001	89000000	HAP1_chr14	HAP2_chr15	HAP1	HAP2	14	15	232111	233716	127014	338813	0.625121
chr14x15	88750001	89000000	HAP1_chr15	HAP2_chr14	HAP1	HAP2	15	14	236669	235044	13335	458378	0.970908
chr14x15	88750001	89000000	HAP2_chr14	HAP2_chr15	HAP2	HAP2	14	15	235044	233716	5661	463099	0.987776
chr14x15	89000001	89250000	HAP1_chr14	HAP1_chr15	HAP1	HAP1	14	15	220111	227975	13198	434888	0.969652
chr14x15	89000001	89250000	HAP1_chr14	HAP2_chr15	HAP1	HAP2	14	15	220111	231307	46888	404530	0.884093
chr14x15	89000001	89250000	HAP1_chr15	HAP2_chr14	HAP1	HAP2	15	14	227975	222365	6191	444149	0.986061
chr14x15	89000001	89250000	HAP2_chr14	HAP2_chr15	HAP2	HAP2	14	15	222365	231307	4520	449152	0.989937
chr14x15	89250001	89500000	HAP1_chr14	HAP1_chr15	HAP1	HAP1	14	15	230543	217474	8839	439178	0.979874
chr14x15	89250001	89500000	HAP1_chr14	HAP2_chr15	HAP1	HAP2	14	15	230543	237367	8898	459012	0.980615
chr14x15	89250001	89500000	HAP1_chr15	HAP2_chr14	HAP1	HAP2	15	14	217474	230975	4521	443928	0.989816
chr14x15	89250001	89500000	HAP2_chr14	HAP2_chr15	HAP2	HAP2	14	15	230975	237367	5002	463340	0.989204
chr14x15	89500001	89750000	HAP1_chr14	HAP1_chr15	HAP1	HAP1	14	15	226912	237247	5805	458354	0.987335
chr14x15	89500001	89750000	HAP1_chr14	HAP2_chr15	HAP1	HAP2	14	15	226912	233912	25892	434932	0.940469
chr14x15	89500001	89750000	HAP1_chr15	HAP2_chr14	HAP1	HAP2	15	14	237247	216119	5714	447652	0.987236
chr14x15	89500001	89750000	HAP2_chr14	HAP2_chr15	HAP2	HAP2	14	15	216119	233912	12161	437870	0.972227
chr14x15	89750001	90000000	HAP1_chr14	HAP1_chr15	HAP1	HAP1	14	15	236130	235702	10167	461665	0.977978
chr14x15	89750001	90000000	HAP1_chr14	HAP2_chr15	HAP1	HAP2	14	15	236130	226084	69091	393123	0.824251
chr14x15	89750001	90000000	HAP1_chr15	HAP2_chr14	HAP1	HAP2	15	14	235702	215339	9398	441643	0.978720
chr14x15	89750001	90000000	HAP2_chr14	HAP2_chr15	HAP2	HAP2	14	15	215339	226084	7809	433614	0.981991
chr14x15	90000001	90250000	HAP1_chr14	HAP1_chr15	HAP1	HAP1	14	15	218345	233894	4456	447783	0.990049
chr14x15	90000001	90250000	HAP1_chr14	HAP2_chr15	HAP1	HAP2	14	15	218345	234395	6443	446297	0.985563
chr14x15	90000001	90250000	HAP1_chr15	HAP2_chr14	HAP1	HAP2	15	14	233894	223705	17928	439671	0.959224
chr14x15	90000001	90250000	HAP2_chr14	HAP2_chr15	HAP2	HAP2	14	15	223705	234395	10797	447303	0.975862
chr14x15	90250001	90500000	HAP1_chr14	HAP1_chr15	HAP1	HAP1	14	15	226152	231978	9771	448359	0.978207
chr14x15	90250001	90500000	HAP1_chr14	HAP2_chr15	HAP1	HAP2	14	15	226152	235284	5023	456413	0.988995
chr14x15	90250001	90500000	HAP1_chr15	HAP2_chr14	HAP1	HAP2	15	14	231978	237141	7120	461999	0.984589
chr14x15	90250001	90500000	HAP2_chr14	HAP2_chr15	HAP2	HAP2	14	15	237141	235284	2999	469426	0.993611
chr14x15	90500001	90750000	HAP1_chr14	HAP1_chr15	HAP1	HAP1	14	15	222128	240161	3875	458414	0.991547
chr14x15	90500001	90750000	HAP1_chr14	HAP2_chr15	HAP1	HAP2	14	15	222128	234528	8374	448282	0.981320
chr14x15	90500001	90750000	HAP1_chr15	HAP2_chr14	HAP1	HAP2	15	14	240161	215219	5358	450022	0.988094
chr14x15	90500001	90750000	HAP2_chr14	HAP2_chr15	HAP2	HAP2	14	15	215219	234528	3946	445801	0.991149
chr14x15	90750001	91000000	HAP1_chr14	HAP1_chr15	HAP1	HAP1	14	15	229840	234205	17392	446653	0.961061
chr14x15	90750001	91000000	HAP1_chr14	HAP2_chr15	HAP1	HAP2	14	15	229840	220147	8697	441290	0.980292
chr14x15	90750001	91000000	HAP1_chr15	HAP2_chr14	HAP1	HAP2	15	14	234205	236056	4542	465719	0.990247
chr14x15	90750001	91000000	HAP2_chr14	HAP2_chr15	HAP2	HAP2	14	15	236056	220147	7554	448649	0.983163
chr14x15	91000001	91250000	HAP1_chr14	HAP1_chr15	HAP1	HAP1	14	15	231616	232306	7293	456629	0.984029
chr14x15	91000001	91250000	HAP1_chr14	HAP2_chr15	HAP1	HAP2	14	15	231616	218826	9187	441255	0.979180
chr14x15	91000001	91250000	HAP1_chr15	HAP2_chr14	HAP1	HAP2	15	14	232306	231896	7895	456307	0.982698
chr14x15	91000001	91250000	HAP2_chr14	HAP2_chr15	HAP2	HAP2	14	15	231896	218826	2765	447957	0.993828
chr14x15	91250001	91500000	HAP1_chr14	HAP1_chr15	HAP1	HAP1	14	15	189436	228867	18948	399355	0.952553
chr14x15	91250001	91500000	HAP1_chr14	HAP2_chr15	HAP1	HAP2	14	15	189436	228965	12215	406186	0.969928
chr14x15	91250001	91500000	HAP1_chr15	HAP2_chr14	HAP1	HAP2	15	14	228867	209027	8662	429232	0.979820
chr14x15	91250001	91500000	HAP2_chr14	HAP2_chr15	HAP2	HAP2	14	15	209027	228965	4591	433401	0.989407
chr14x15	91500001	91750000	HAP1_chr14	HAP1_chr15	HAP1	HAP1	14	15	207752	229192	8207	428737	0.980858
chr14x15	91500001	91750000	HAP1_chr14	HAP2_chr15	HAP1	HAP2	14	15	207752	232976	10622	430106	0.975304
chr14x15	91500001	91750000	HAP1_chr15	HAP2_chr14	HAP1	HAP2	15	14	229192	231130	5963	454359	0.986876
chr14x15	91500001	91750000	HAP2_chr14	HAP2_chr15	HAP2	HAP2	14	15	231130	232976	10023	454083	0.977927
chr14x15	91750001	92000000	HAP1_chr14	HAP1_chr15	HAP1	HAP1	14	15	228919	229424	8109	450234	0.981989
chr14x15	91750001	92000000	HAP1_chr14	HAP2_chr15	HAP1	HAP2	14	15	228919	228527	9365	448081	0.979100
chr14x15	91750001	92000000	HAP1_chr15	HAP2_chr14	HAP1	HAP2	15	14	229424	215930	14219	431135	0.967020
chr14x15	91750001	92000000	HAP2_chr14	HAP2_chr15	HAP2	HAP2	14	15	215930	228527	12266	432191	0.971619
chr14x15	92000001	92250000	HAP1_chr14	HAP1_chr15	HAP1	HAP1	14	15	233900	228312	3597	458615	0.992157
chr14x15	92000001	92250000	HAP1_chr14	HAP2_chr15	HAP1	HAP2	14	15	233900	236293	5019	465174	0.989210
chr14x15	92000001	92250000	HAP1_chr15	HAP2_chr14	HAP1	HAP2	15	14	228312	238658	5632	461338	0.987792
chr14x15	92000001	92250000	HAP2_chr14	HAP2_chr15	HAP2	HAP2	14	15	238658	236293	7425	467526	0.984119
chr14x15	92250001	92500000	HAP1_chr14	HAP1_chr15	HAP1	HAP1	14	15	233911	236993	9315	461589	0.979820
chr14x15	92250001	92500000	HAP1_chr14	HAP2_chr15	HAP1	HAP2	14	15	233911	212998	6917	439992	0.984279
chr14x15	92250001	92500000	HAP1_chr15	HAP2_chr14	HAP1	HAP2	15	14	236993	235696	10114	462575	0.978135
chr14x15	92250001	92500000	HAP2_chr14	HAP2_chr15	HAP2	HAP2	14	15	235696	212998	6686	442008	0.984874
chr14x15	92500001	92750000	HAP1_chr14	HAP1_chr15	HAP1	HAP1	14	15	231507	231432	5149	457790	0.988752
chr14x15	92500001	92750000	HAP1_chr14	HAP2_chr15	HAP1	HAP2	14	15	231507	235367	3312	463562	0.992855
chr14x15	92500001	92750000	HAP1_chr15	HAP2_chr14	HAP1	HAP2	15	14	231432	232500	7963	455969	0.982536
chr14x15	92500001	92750000	HAP2_chr14	HAP2_chr15	HAP2	HAP2	14	15	232500	235367	3235	464632	0.993038
chr14x15	92750001	93000000	HAP1_chr14	HAP1_chr15	HAP1	HAP1	14	15	234589	211002	8478	437113	0.980605
chr14x15	92750001	93000000	HAP1_chr14	HAP2_chr15	HAP1	HAP2	14	15	234589	236283	10398	460474	0.977419
chr14x15	92750001	93000000	HAP1_chr15	HAP2_chr14	HAP1	HAP2	15	14	211002	231270	17929	424343	0.957749
chr14x15	92750001	93000000	HAP2_chr14	HAP2_chr15	HAP2	HAP2	14	15	231270	236283	6673	460880	0.985521
chr14x15	93000001	93250000	HAP1_chr14	HAP1_chr15	HAP1	HAP1	14	15	217680	227577	8605	436652	0.980293
chr14x15	93000001	93250000	HAP1_chr14	HAP2_chr15	HAP1	HAP2	14	15	217680	222228	15399	424509	0.963725
chr14x15	93000001	93250000	HAP1_chr15	HAP2_chr14	HAP1	HAP2	15	14	227577	219328	6507	440398	0.985225
chr14x15	93000001	93250000	HAP2_chr14	HAP2_chr15	HAP2	HAP2	14	15	219328	222228	6632	434924	0.984751
chr14x15	93250001	93500000	HAP1_chr14	HAP1_chr15	HAP1	HAP1	14	15	236683	226477	2047	461113	0.995561
chr14x15	93250001	93500000	HAP1_chr14	HAP2_chr15	HAP1	HAP2	14	15	236683	235157	6483	465357	0.986069
chr14x15	93250001	93500000	HAP1_chr15	HAP2_chr14	HAP1	HAP2	15	14	226477	234355	5752	455080	0.987360
chr14x15	93250001	93500000	HAP2_chr14	HAP2_chr15	HAP2	HAP2	14	15	234355	235157	7743	461769	0.983232
chr14x15	93500001	93750000	HAP1_chr14	HAP1_chr15	HAP1	HAP1	14	15	237606	238606	6400	469812	0.986378
chr14x15	93500001	93750000	HAP1_chr14	HAP2_chr15	HAP1	HAP2	14	15	237606	242701	7208	473099	0.984764
chr14x15	93500001	93750000	HAP1_chr15	HAP2_chr14	HAP1	HAP2	15	14	238606	243285	5493	476398	0.988470
chr14x15	93500001	93750000	HAP2_chr14	HAP2_chr15	HAP2	HAP2	14	15	243285	242701	4068	481918	0.991559
chr14x15	93750001	94000000	HAP1_chr14	HAP1_chr15	HAP1	HAP1	14	15	230018	209641	9398	430261	0.978157
chr14x15	93750001	94000000	HAP1_chr14	HAP2_chr15	HAP1	HAP2	14	15	230018	240539	5100	465457	0.989043
chr14x15	93750001	94000000	HAP1_chr15	HAP2_chr14	HAP1	HAP2	15	14	209641	234488	10304	433825	0.976248
chr14x15	93750001	94000000	HAP2_chr14	HAP2_chr15	HAP2	HAP2	14	15	234488	240539	12470	462557	0.973041
chr14x15	94000001	94250000	HAP1_chr14	HAP1_chr15	HAP1	HAP1	14	15	225872	223699	13067	436504	0.970064
chr14x15	94000001	94250000	HAP1_chr14	HAP2_chr15	HAP1	HAP2	14	15	225872	224870	11652	439090	0.973463
chr14x15	94000001	94250000	HAP1_chr15	HAP2_chr14	HAP1	HAP2	15	14	223699	234058	5155	452602	0.988610
chr14x15	94000001	94250000	HAP2_chr14	HAP2_chr15	HAP2	HAP2	14	15	234058	224870	4568	454360	0.989946
chr14x15	94250001	94500000	HAP1_chr14	HAP1_chr15	HAP1	HAP1	14	15	238653	204454	4559	438548	0.989604
chr14x15	94250001	94500000	HAP1_chr14	HAP2_chr15	HAP1	HAP2	14	15	238653	228414	5735	461332	0.987569
chr14x15	94250001	94500000	HAP1_chr15	HAP2_chr14	HAP1	HAP2	15	14	204454	239901	3445	440910	0.992187
chr14x15	94250001	94500000	HAP2_chr14	HAP2_chr15	HAP2	HAP2	14	15	239901	228414	3969	464346	0.991452
chr14x15	94500001	94750000	HAP1_chr14	HAP1_chr15	HAP1	HAP1	14	15	241014	233577	11151	463440	0.975939
chr14x15	94500001	94750000	HAP1_chr14	HAP2_chr15	HAP1	HAP2	14	15	241014	238056	11041	468029	0.976410
chr14x15	94500001	94750000	HAP1_chr15	HAP2_chr14	HAP1	HAP2	15	14	233577	239731	3978	469330	0.991524
chr14x15	94500001	94750000	HAP2_chr14	HAP2_chr15	HAP2	HAP2	14	15	239731	238056	7895	469892	0.983198
chr14x15	94750001	95000000	HAP1_chr14	HAP1_chr15	HAP1	HAP1	14	15	226538	218535	12985	432088	0.969948
chr14x15	94750001	95000000	HAP1_chr14	HAP2_chr15	HAP1	HAP2	14	15	226538	222476	10568	438446	0.975897
chr14x15	94750001	95000000	HAP1_chr15	HAP2_chr14	HAP1	HAP2	15	14	218535	219989	14903	423621	0.964820
chr14x15	94750001	95000000	HAP2_chr14	HAP2_chr15	HAP2	HAP2	14	15	219989	222476	10498	431967	0.975697
chr14x15	95000001	95250000	HAP1_chr14	HAP1_chr15	HAP1	HAP1	14	15	237905	149711	2226	385390	0.994224
chr14x15	95000001	95250000	HAP1_chr14	HAP2_chr15	HAP1	HAP2	14	15	237905	231792	5085	464612	0.989055
chr14x15	95000001	95250000	HAP1_chr15	HAP2_chr14	HAP1	HAP2	15	14	149711	174914	9934	314691	0.968433
chr14x15	95000001	95250000	HAP2_chr14	HAP2_chr15	HAP2	HAP2	14	15	174914	231792	8678	398028	0.978198
chr14x15	95250001	95500000	HAP1_chr14	HAP1_chr15	HAP1	HAP1	14	15	224629	236899	6816	454712	0.985010
chr14x15	95250001	95500000	HAP1_chr14	HAP2_chr15	HAP1	HAP2	14	15	224629	226783	6886	444526	0.984509
chr14x15	95250001	95500000	HAP1_chr15	HAP2_chr14	HAP1	HAP2	15	14	236899	240583	4168	473314	0.991194
chr14x15	95250001	95500000	HAP2_chr14	HAP2_chr15	HAP2	HAP2	14	15	240583	226783	6213	461153	0.986527
chr14x15	95500001	95750000	HAP1_chr14	HAP1_chr15	HAP1	HAP1	14	15	209083	229631	7579	431135	0.982421
chr14x15	95500001	95750000	HAP1_chr14	HAP2_chr15	HAP1	HAP2	14	15	209083	221180	5972	424291	0.985925
chr14x15	95500001	95750000	HAP1_chr15	HAP2_chr14	HAP1	HAP2	15	14	229631	237914	6918	460627	0.984981
chr14x15	95500001	95750000	HAP2_chr14	HAP2_chr15	HAP2	HAP2	14	15	237914	221180	4900	454194	0.989212
chr14x15	95750001	96000000	HAP1_chr14	HAP1_chr15	HAP1	HAP1	14	15	233267	218425	4337	447355	0.990305
chr14x15	95750001	96000000	HAP1_chr14	HAP2_chr15	HAP1	HAP2	14	15	233267	236879	4121	466025	0.991157
chr14x15	95750001	96000000	HAP1_chr15	HAP2_chr14	HAP1	HAP2	15	14	218425	233859	2532	449752	0.994370
chr14x15	95750001	96000000	HAP2_chr14	HAP2_chr15	HAP2	HAP2	14	15	233859	236879	2628	468110	0.994386
chr14x15	96000001	96250000	HAP1_chr14	HAP1_chr15	HAP1	HAP1	14	15	227443	223501	6619	444325	0.985103
chr14x15	96000001	96250000	HAP1_chr14	HAP2_chr15	HAP1	HAP2	14	15	227443	213202	6802	433843	0.984322
chr14x15	96000001	96250000	HAP1_chr15	HAP2_chr14	HAP1	HAP2	15	14	223501	227409	13718	437192	0.968622
chr14x15	96000001	96250000	HAP2_chr14	HAP2_chr15	HAP2	HAP2	14	15	227409	213202	11742	428869	0.972621
chr14x15	96250001	96500000	HAP1_chr14	HAP1_chr15	HAP1	HAP1	14	15	211120	221166	1948	430338	0.995473
chr14x15	96250001	96500000	HAP1_chr14	HAP2_chr15	HAP1	HAP2	14	15	211120	226222	12822	424520	0.969796
chr14x15	96250001	96500000	HAP1_chr15	HAP2_chr14	HAP1	HAP2	15	14	221166	221504	7173	435497	0.983529
chr14x15	96250001	96500000	HAP2_chr14	HAP2_chr15	HAP2	HAP2	14	15	221504	226222	7580	440146	0.982778
chr14x15	96500001	96750000	HAP1_chr14	HAP1_chr15	HAP1	HAP1	14	15	239088	237900	6160	470828	0.986917
chr14x15	96500001	96750000	HAP1_chr14	HAP2_chr15	HAP1	HAP2	14	15	239088	226626	11476	454238	0.974736
chr14x15	96500001	96750000	HAP1_chr15	HAP2_chr14	HAP1	HAP2	15	14	237900	238712	4240	472372	0.991024
chr14x15	96500001	96750000	HAP2_chr14	HAP2_chr15	HAP2	HAP2	14	15	238712	226626	6196	459142	0.986505
chr14x15	96750001	97000000	HAP1_chr14	HAP1_chr15	HAP1	HAP1	14	15	230852	235397	3766	462483	0.991857
chr14x15	96750001	97000000	HAP1_chr14	HAP2_chr15	HAP1	HAP2	14	15	230852	209102	4779	435175	0.989018
chr14x15	96750001	97000000	HAP1_chr15	HAP2_chr14	HAP1	HAP2	15	14	235397	235198	8135	462460	0.982409
chr14x15	96750001	97000000	HAP2_chr14	HAP2_chr15	HAP2	HAP2	14	15	235198	209102	10412	433888	0.976003
chr14x15	97000001	97250000	HAP1_chr14	HAP1_chr15	HAP1	HAP1	14	15	217847	232953	4686	446114	0.989496
chr14x15	97000001	97250000	HAP1_chr14	HAP2_chr15	HAP1	HAP2	14	15	217847	242215	6379	453683	0.985940
chr14x15	97000001	97250000	HAP1_chr15	HAP2_chr14	HAP1	HAP2	15	14	232953	231659	9674	454938	0.978736
chr14x15	97000001	97250000	HAP2_chr14	HAP2_chr15	HAP2	HAP2	14	15	231659	242215	6276	467598	0.986578
chr14x15	97250001	97500000	HAP1_chr14	HAP1_chr15	HAP1	HAP1	14	15	179637	232126	5951	405812	0.985336
chr14x15	97250001	97500000	HAP1_chr14	HAP2_chr15	HAP1	HAP2	14	15	179637	233808	9371	404074	0.976809
chr14x15	97250001	97500000	HAP1_chr15	HAP2_chr14	HAP1	HAP2	15	14	232126	226989	5333	453782	0.988248
chr14x15	97250001	97500000	HAP2_chr14	HAP2_chr15	HAP2	HAP2	14	15	226989	233808	8092	452705	0.982125
chr14x15	97500001	97750000	HAP1_chr14	HAP1_chr15	HAP1	HAP1	14	15	236841	219424	4079	452186	0.990979
chr14x15	97500001	97750000	HAP1_chr14	HAP2_chr15	HAP1	HAP2	14	15	236841	223557	5835	454563	0.987163
chr14x15	97500001	97750000	HAP1_chr15	HAP2_chr14	HAP1	HAP2	15	14	219424	223190	6722	435892	0.984579
chr14x15	97500001	97750000	HAP2_chr14	HAP2_chr15	HAP2	HAP2	14	15	223190	223557	9102	437645	0.979202
chr14x15	97750001	98000000	HAP1_chr14	HAP1_chr15	HAP1	HAP1	14	15	229495	223520	10654	442361	0.975916
chr14x15	97750001	98000000	HAP1_chr14	HAP2_chr15	HAP1	HAP2	14	15	229495	221037	13235	437297	0.969735
chr14x15	97750001	98000000	HAP1_chr15	HAP2_chr14	HAP1	HAP2	15	14	223520	186266	7123	402663	0.982310
chr14x15	97750001	98000000	HAP2_chr14	HAP2_chr15	HAP2	HAP2	14	15	186266	221037	3734	403569	0.990748
chr14x15	98000001	98250000	HAP1_chr14	HAP1_chr15	HAP1	HAP1	14	15	223712	236608	4010	456310	0.991212
chr14x15	98000001	98250000	HAP1_chr14	HAP2_chr15	HAP1	HAP2	14	15	223712	233085	17232	439565	0.960798
chr14x15	98000001	98250000	HAP1_chr15	HAP2_chr14	HAP1	HAP2	15	14	236608	237829	10023	464414	0.978418
chr14x15	98000001	98250000	HAP2_chr14	HAP2_chr15	HAP2	HAP2	14	15	237829	233085	3314	467600	0.992913
chr14x15	98250001	98500000	HAP1_chr14	HAP1_chr15	HAP1	HAP1	14	15	213174	237091	4393	445872	0.990147
chr14x15	98250001	98500000	HAP1_chr14	HAP2_chr15	HAP1	HAP2	14	15	213174	223789	5302	431661	0.987717
chr14x15	98250001	98500000	HAP1_chr15	HAP2_chr14	HAP1	HAP2	15	14	237091	236686	8737	465040	0.981212
chr14x15	98250001	98500000	HAP2_chr14	HAP2_chr15	HAP2	HAP2	14	15	236686	223789	2286	458189	0.995011
chr14x15	98500001	98750000	HAP1_chr14	HAP1_chr15	HAP1	HAP1	14	15	237420	237135	3999	470556	0.991502
chr14x15	98500001	98750000	HAP1_chr14	HAP2_chr15	HAP1	HAP2	14	15	237420	222989	4384	456025	0.990386
chr14x15	98500001	98750000	HAP1_chr15	HAP2_chr14	HAP1	HAP2	15	14	237135	237725	3258	471602	0.993092
chr14x15	98500001	98750000	HAP2_chr14	HAP2_chr15	HAP2	HAP2	14	15	237725	222989	5073	455641	0.988866
chr14x15	98750001	99000000	HAP1_chr14	HAP1_chr15	HAP1	HAP1	14	15	217380	233589	5179	445790	0.988382
chr14x15	98750001	99000000	HAP1_chr14	HAP2_chr15	HAP1	HAP2	14	15	217380	230608	14435	433553	0.966705
chr14x15	98750001	99000000	HAP1_chr15	HAP2_chr14	HAP1	HAP2	15	14	233589	236687	4904	465372	0.989462
chr14x15	98750001	99000000	HAP2_chr14	HAP2_chr15	HAP2	HAP2	14	15	236687	230608	7144	460151	0.984475
chr14x15	99000001	99250000	HAP1_chr14	HAP1_chr15	HAP1	HAP1	14	15	232956	228639	3685	457910	0.991953
chr14x15	99000001	99250000	HAP1_chr14	HAP2_chr15	HAP1	HAP2	14	15	232956	217591	6711	443836	0.984880
chr14x15	99000001	99250000	HAP1_chr15	HAP2_chr14	HAP1	HAP2	15	14	228639	236353	3421	461571	0.992588
chr14x15	99000001	99250000	HAP2_chr14	HAP2_chr15	HAP2	HAP2	14	15	236353	217591	10012	443932	0.977447
chr14x15	99250001	99500000	HAP1_chr14	HAP1_chr15	HAP1	HAP1	14	15	230590	240618	6736	464472	0.985498
chr14x15	99250001	99500000	HAP1_chr14	HAP2_chr15	HAP1	HAP2	14	15	230590	231136	5218	456508	0.988570
chr14x15	99250001	99500000	HAP1_chr15	HAP2_chr14	HAP1	HAP2	15	14	240618	221558	9240	452936	0.979600
chr14x15	99250001	99500000	HAP2_chr14	HAP2_chr15	HAP2	HAP2	14	15	221558	231136	2906	449788	0.993539
chr14x15	99500001	99750000	HAP1_chr14	HAP1_chr15	HAP1	HAP1	14	15	238466	222418	4916	455968	0.989219
chr14x15	99500001	99750000	HAP1_chr14	HAP2_chr15	HAP1	HAP2	14	15	238466	219587	2994	455059	0.993421
chr14x15	99500001	99750000	HAP1_chr15	HAP2_chr14	HAP1	HAP2	15	14	222418	238633	8779	452272	0.980589
chr14x15	99500001	99750000	HAP2_chr14	HAP2_chr15	HAP2	HAP2	14	15	238633	219587	2420	455800	0.994691
chr14x15	99750001	100000000	HAP1_chr14	HAP1_chr15	HAP1	HAP1	14	15	230475	236159	5774	460860	0.987471
chr14x15	99750001	100000000	HAP1_chr14	HAP2_chr15	HAP1	HAP2	14	15	230475	221055	9126	442404	0.979372
chr14x15	99750001	100000000	HAP1_chr15	HAP2_chr14	HAP1	HAP2	15	14	236159	235189	6540	464808	0.985930
chr14x15	99750001	100000000	HAP2_chr14	HAP2_chr15	HAP2	HAP2	14	15	235189	221055	7833	448411	0.982532
chr14x15	100000001	100250000	HAP1_chr14	HAP1_chr15	HAP1	HAP1	14	15	200740	239914	6588	434066	0.984823
chr14x15	100000001	100250000	HAP1_chr14	HAP2_chr15	HAP1	HAP2	14	15	200740	242336	7087	435989	0.983745
chr14x15	100000001	100250000	HAP1_chr15	HAP2_chr14	HAP1	HAP2	15	14	239914	227084	7893	459105	0.982808
chr14x15	100000001	100250000	HAP2_chr14	HAP2_chr15	HAP2	HAP2	14	15	227084	242336	5461	463959	0.988230
chr14x15	100250001	100500000	HAP1_chr14	HAP1_chr15	HAP1	HAP1	14	15	230831	237375	3548	464658	0.992364
chr14x15	100250001	100500000	HAP1_chr14	HAP2_chr15	HAP1	HAP2	14	15	230831	236711	8966	458576	0.980448
chr14x15	100250001	100500000	HAP1_chr15	HAP2_chr14	HAP1	HAP2	15	14	237375	226878	7446	456807	0.983700
chr14x15	100250001	100500000	HAP2_chr14	HAP2_chr15	HAP2	HAP2	14	15	226878	236711	10227	453362	0.977442
chr14x15	100500001	100750000	HAP1_chr14	HAP1_chr15	HAP1	HAP1	14	15	237646	232021	13639	456028	0.970092
chr14x15	100500001	100750000	HAP1_chr14	HAP2_chr15	HAP1	HAP2	14	15	237646	229392	5653	461385	0.987748
chr14x15	100500001	100750000	HAP1_chr15	HAP2_chr14	HAP1	HAP2	15	14	232021	237845	7775	462091	0.983174
chr14x15	100500001	100750000	HAP2_chr14	HAP2_chr15	HAP2	HAP2	14	15	237845	229392	2693	464544	0.994203
chr14x15	100750001	101000000	HAP1_chr14	HAP1_chr15	HAP1	HAP1	14	15	223388	227420	10061	440747	0.977173
chr14x15	100750001	101000000	HAP1_chr14	HAP2_chr15	HAP1	HAP2	14	15	223388	226218	6519	443087	0.985287
chr14x15	100750001	101000000	HAP1_chr15	HAP2_chr14	HAP1	HAP2	15	14	227420	240312	6384	461348	0.986162
chr14x15	100750001	101000000	HAP2_chr14	HAP2_chr15	HAP2	HAP2	14	15	240312	226218	3846	462684	0.991688
chr14x15	101000001	101250000	HAP1_chr14	HAP1_chr15	HAP1	HAP1	14	15	234830	238416	4522	468724	0.990353
chr14x15	101000001	101250000	HAP1_chr14	HAP2_chr15	HAP1	HAP2	14	15	234830	237564	2398	469996	0.994898
chr14x15	101000001	101250000	HAP1_chr15	HAP2_chr14	HAP1	HAP2	15	14	238416	240022	4250	474188	0.991037
chr14x15	101000001	101250000	HAP2_chr14	HAP2_chr15	HAP2	HAP2	14	15	240022	237564	9859	467727	0.978921
chr14x15	101250001	101500000	HAP1_chr14	HAP1_chr15	HAP1	HAP1	14	15	218717	233521	3856	448382	0.991400
chr14x15	101250001	101500000	HAP1_chr14	HAP2_chr15	HAP1	HAP2	14	15	218717	239788	3607	454898	0.992071
chr14x15	101250001	101500000	HAP1_chr15	HAP2_chr14	HAP1	HAP2	15	14	233521	240478	5653	468346	0.987930
chr14x15	101250001	101500000	HAP2_chr14	HAP2_chr15	HAP2	HAP2	14	15	240478	239788	4691	475575	0.990136
chr14x15	101500001	101750000	HAP1_chr14	HAP1_chr15	HAP1	HAP1	14	15	234880	220750	4687	450943	0.989606
chr14x15	101500001	101750000	HAP1_chr14	HAP2_chr15	HAP1	HAP2	14	15	234880	231667	8669	457878	0.981067
chr14x15	101500001	101750000	HAP1_chr15	HAP2_chr14	HAP1	HAP2	15	14	220750	237828	3078	455500	0.993243
chr14x15	101500001	101750000	HAP2_chr14	HAP2_chr15	HAP2	HAP2	14	15	237828	231667	1715	467780	0.996334
chr14x15	101750001	102000000	HAP1_chr14	HAP1_chr15	HAP1	HAP1	14	15	239075	226340	4615	460800	0.989985
chr14x15	101750001	102000000	HAP1_chr14	HAP2_chr15	HAP1	HAP2	14	15	239075	232362	7883	463554	0.982994
chr14x15	101750001	102000000	HAP1_chr15	HAP2_chr14	HAP1	HAP2	15	14	226340	221214	3650	443904	0.991778
chr14x15	101750001	102000000	HAP2_chr14	HAP2_chr15	HAP2	HAP2	14	15	221214	232362	9002	444574	0.979751
chr14x15	102000001	102250000	HAP1_chr14	HAP1_chr15	HAP1	HAP1	14	15	233885	223388	8916	448357	0.980114
chr14x15	102000001	102250000	HAP1_chr14	HAP2_chr15	HAP1	HAP2	14	15	233885	240912	2980	471817	0.993684
chr14x15	102000001	102250000	HAP1_chr15	HAP2_chr14	HAP1	HAP2	15	14	223388	238910	6063	456235	0.986711
chr14x15	102000001	102250000	HAP2_chr14	HAP2_chr15	HAP2	HAP2	14	15	238910	240912	3758	476064	0.992106
chr14x15	102250001	102500000	HAP1_chr14	HAP1_chr15	HAP1	HAP1	14	15	226204	226051	4402	447853	0.990171
chr14x15	102250001	102500000	HAP1_chr14	HAP2_chr15	HAP1	HAP2	14	15	226204	236149	3441	458912	0.992502
chr14x15	102250001	102500000	HAP1_chr15	HAP2_chr14	HAP1	HAP2	15	14	226051	240394	2294	464151	0.995058
chr14x15	102250001	102500000	HAP2_chr14	HAP2_chr15	HAP2	HAP2	14	15	240394	236149	2977	473566	0.993714
chr14x15	102500001	102750000	HAP1_chr14	HAP1_chr15	HAP1	HAP1	14	15	239313	237542	3476	473379	0.992657
chr14x15	102500001	102750000	HAP1_chr14	HAP2_chr15	HAP1	HAP2	14	15	239313	229611	3292	465632	0.992930
chr14x15	102500001	102750000	HAP1_chr15	HAP2_chr14	HAP1	HAP2	15	14	237542	229129	8177	458494	0.982166
chr14x15	102500001	102750000	HAP2_chr14	HAP2_chr15	HAP2	HAP2	14	15	229129	229611	6361	452379	0.985939
chr14x15	102750001	103000000	HAP1_chr14	HAP1_chr15	HAP1	HAP1	14	15	228257	234008	4910	457355	0.989264
chr14x15	102750001	103000000	HAP1_chr14	HAP2_chr15	HAP1	HAP2	14	15	228257	220119	4493	443883	0.989878
chr14x15	102750001	103000000	HAP1_chr15	HAP2_chr14	HAP1	HAP2	15	14	234008	226748	9109	451647	0.979832
chr14x15	102750001	103000000	HAP2_chr14	HAP2_chr15	HAP2	HAP2	14	15	226748	220119	10249	436618	0.976526
chr14x15	103000001	103250000	HAP1_chr14	HAP1_chr15	HAP1	HAP1	14	15	236144	231248	3995	463397	0.991379
chr14x15	103000001	103250000	HAP1_chr14	HAP2_chr15	HAP1	HAP2	14	15	236144	235493	4175	467462	0.991069
chr14x15	103000001	103250000	HAP1_chr15	HAP2_chr14	HAP1	HAP2	15	14	231248	223496	17560	437184	0.959834
chr14x15	103000001	103250000	HAP2_chr14	HAP2_chr15	HAP2	HAP2	14	15	223496	235493	6924	452065	0.984684
chr14x15	103250001	103500000	HAP1_chr14	HAP1_chr15	HAP1	HAP1	14	15	226021	238573	6558	458036	0.985682
chr14x15	103250001	103500000	HAP1_chr14	HAP2_chr15	HAP1	HAP2	14	15	226021	233430	14525	444926	0.967354
chr14x15	103250001	103500000	HAP1_chr15	HAP2_chr14	HAP1	HAP2	15	14	238573	230732	3177	466128	0.993184
chr14x15	103250001	103500000	HAP2_chr14	HAP2_chr15	HAP2	HAP2	14	15	230732	233430	10758	453404	0.976273
chr14x15	103500001	103750000	HAP1_chr14	HAP1_chr15	HAP1	HAP1	14	15	215864	229845	3725	441984	0.991572
chr14x15	103500001	103750000	HAP1_chr14	HAP2_chr15	HAP1	HAP2	14	15	215864	234676	4635	445905	0.989605
chr14x15	103500001	103750000	HAP1_chr15	HAP2_chr14	HAP1	HAP2	15	14	229845	235063	3400	461508	0.992633
chr14x15	103500001	103750000	HAP2_chr14	HAP2_chr15	HAP2	HAP2	14	15	235063	234676	4856	464883	0.989554
chr14x15	103750001	104000000	HAP1_chr14	HAP1_chr15	HAP1	HAP1	14	15	231439	181840	3743	409536	0.990860
chr14x15	103750001	104000000	HAP1_chr14	HAP2_chr15	HAP1	HAP2	14	15	231439	225639	8007	449071	0.982170
chr14x15	103750001	104000000	HAP1_chr15	HAP2_chr14	HAP1	HAP2	15	14	181840	220269	14092	388017	0.963682
chr14x15	103750001	104000000	HAP2_chr14	HAP2_chr15	HAP2	HAP2	14	15	220269	225639	4348	441560	0.990153
chr14x15	104000001	104250000	HAP1_chr14	HAP1_chr15	HAP1	HAP1	14	15	232324	213129	5658	439795	0.987135
chr14x15	104000001	104250000	HAP1_chr14	HAP2_chr15	HAP1	HAP2	14	15	232324	229608	5008	456924	0.989040
chr14x15	104000001	104250000	HAP1_chr15	HAP2_chr14	HAP1	HAP2	15	14	213129	228044	6810	434363	0.984322
chr14x15	104000001	104250000	HAP2_chr14	HAP2_chr15	HAP2	HAP2	14	15	228044	229608	9721	447931	0.978298
chr14x15	104250001	104500000	HAP1_chr14	HAP1_chr15	HAP1	HAP1	14	15	228866	227255	5623	450498	0.987518
chr14x15	104250001	104500000	HAP1_chr14	HAP2_chr15	HAP1	HAP2	14	15	228866	222712	6938	444640	0.984396
chr14x15	104250001	104500000	HAP1_chr15	HAP2_chr14	HAP1	HAP2	15	14	227255	232718	4828	455145	0.989392
chr14x15	104250001	104500000	HAP2_chr14	HAP2_chr15	HAP2	HAP2	14	15	232718	222712	3948	451482	0.991255
chr14x15	104500001	104750000	HAP1_chr14	HAP1_chr15	HAP1	HAP1	14	15	222867	206814	14582	415099	0.964871
chr14x15	104500001	104750000	HAP1_chr14	HAP2_chr15	HAP1	HAP2	14	15	222867	235636	1925	456578	0.995784
chr14x15	104500001	104750000	HAP1_chr15	HAP2_chr14	HAP1	HAP2	15	14	206814	229855	11580	425089	0.972759
chr14x15	104500001	104750000	HAP2_chr14	HAP2_chr15	HAP2	HAP2	14	15	229855	235636	4061	461430	0.991199
chr14x15	104750001	105000000	HAP1_chr14	HAP1_chr15	HAP1	HAP1	14	15	219006	241131	5676	454461	0.987510
chr14x15	104750001	105000000	HAP1_chr14	HAP2_chr15	HAP1	HAP2	14	15	219006	227793	6891	439908	0.984335
chr14x15	104750001	105000000	HAP1_chr15	HAP2_chr14	HAP1	HAP2	15	14	241131	238300	9327	470104	0.980160
chr14x15	104750001	105000000	HAP2_chr14	HAP2_chr15	HAP2	HAP2	14	15	238300	227793	5204	460889	0.988709
chr14x15	105000001	105250000	HAP1_chr14	HAP1_chr15	HAP1	HAP1	14	15	222437	236394	2993	455838	0.993434
chr14x15	105000001	105250000	HAP1_chr14	HAP2_chr15	HAP1	HAP2	14	15	222437	235775	4660	453552	0.989726
chr14x15	105000001	105250000	HAP1_chr15	HAP2_chr14	HAP1	HAP2	15	14	236394	231278	20775	446897	0.953513
chr14x15	105000001	105250000	HAP2_chr14	HAP2_chr15	HAP2	HAP2	14	15	231278	235775	3275	463778	0.992938
chr14x15	105250001	105500000	HAP1_chr14	HAP1_chr15	HAP1	HAP1	14	15	240091	230596	4037	466650	0.991349
chr14x15	105250001	105500000	HAP1_chr14	HAP2_chr15	HAP1	HAP2	14	15	240091	236506	6536	470061	0.986095
chr14x15	105250001	105500000	HAP1_chr15	HAP2_chr14	HAP1	HAP2	15	14	230596	231280	10613	451263	0.976482
chr14x15	105250001	105500000	HAP2_chr14	HAP2_chr15	HAP2	HAP2	14	15	231280	236506	7237	460549	0.984286
chr14x15	105500001	105750000	HAP1_chr14	HAP1_chr15	HAP1	HAP1	14	15	232246	232335	8531	456050	0.981294
chr14x15	105500001	105750000	HAP1_chr14	HAP2_chr15	HAP1	HAP2	14	15	232246	234735	10582	456399	0.976814
chr14x15	105500001	105750000	HAP1_chr15	HAP2_chr14	HAP1	HAP2	15	14	232335	228937	14727	446545	0.967020
chr14x15	105500001	105750000	HAP2_chr14	HAP2_chr15	HAP2	HAP2	14	15	228937	234735	9382	454290	0.979348
chr14x15	105750001	106000000	HAP1_chr14	HAP1_chr15	HAP1	HAP1	14	15	236864	219794	5492	451166	0.987827
chr14x15	105750001	106000000	HAP1_chr14	HAP2_chr15	HAP1	HAP2	14	15	236864	218119	2572	452411	0.994315
chr14x15	105750001	106000000	HAP1_chr15	HAP2_chr14	HAP1	HAP2	15	14	219794	211523	2696	428621	0.993710
chr14x15	105750001	106000000	HAP2_chr14	HAP2_chr15	HAP2	HAP2	14	15	211523	218119	1296	428346	0.996974
chr14x15	106000001	106250000	HAP1_chr14	HAP1_chr15	HAP1	HAP1	14	15	240040	236595	2175	474460	0.995416
chr14x15	106000001	106250000	HAP1_chr14	HAP2_chr15	HAP1	HAP2	14	15	240040	226828	8314	458554	0.981869
chr14x15	106000001	106250000	HAP1_chr15	HAP2_chr14	HAP1	HAP2	15	14	236595	222479	3811	455263	0.991629
chr14x15	106000001	106250000	HAP2_chr14	HAP2_chr15	HAP2	HAP2	14	15	222479	226828	10146	439161	0.976897
chr14x15	106250001	106500000	HAP1_chr14	HAP1_chr15	HAP1	HAP1	14	15	234385	220806	13552	441639	0.969314
chr14x15	106250001	106500000	HAP1_chr14	HAP2_chr15	HAP1	HAP2	14	15	234385	199239	9272	424352	0.978150
chr14x15	106250001	106500000	HAP1_chr15	HAP2_chr14	HAP1	HAP2	15	14	220806	228234	9842	439198	0.977591
chr14x15	106250001	106500000	HAP2_chr14	HAP2_chr15	HAP2	HAP2	14	15	228234	199239	11117	416356	0.973299
chr14x15	106500001	106750000	HAP1_chr14	HAP1_chr15	HAP1	HAP1	14	15	215855	240590	3602	452843	0.992046
chr14x15	106500001	106750000	HAP1_chr14	HAP2_chr15	HAP1	HAP2	14	15	215855	227285	12983	430157	0.969818
chr14x15	106500001	106750000	HAP1_chr15	HAP2_chr14	HAP1	HAP2	15	14	240590	236836	3493	473933	0.992630
chr14x15	106500001	106750000	HAP2_chr14	HAP2_chr15	HAP2	HAP2	14	15	236836	227285	5048	459073	0.989004
chr14x15	106750001	107000000	HAP1_chr14	HAP1_chr15	HAP1	HAP1	14	15	238273	207245	3027	442491	0.993159
chr14x15	106750001	107000000	HAP1_chr14	HAP2_chr15	HAP1	HAP2	14	15	238273	233157	4933	466497	0.989425
chr14x15	106750001	107000000	HAP1_chr15	HAP2_chr14	HAP1	HAP2	15	14	207245	235814	6479	436580	0.985160
chr14x15	106750001	107000000	HAP2_chr14	HAP2_chr15	HAP2	HAP2	14	15	235814	233157	5390	463581	0.988373
chr14x15	107000001	107250000	HAP1_chr14	HAP1_chr15	HAP1	HAP1	14	15	205935	228762	10171	424526	0.976042
chr14x15	107000001	107250000	HAP1_chr14	HAP2_chr15	HAP1	HAP2	14	15	205935	238813	8485	436263	0.980551
chr14x15	107000001	107250000	HAP1_chr15	HAP2_chr14	HAP1	HAP2	15	14	228762	177184	6179	399767	0.984543
chr14x15	107000001	107250000	HAP2_chr14	HAP2_chr15	HAP2	HAP2	14	15	177184	238813	1793	414204	0.995671
chr14x15	107250001	107500000	HAP1_chr14	HAP1_chr15	HAP1	HAP1	14	15	231603	237093	2374	466322	0.994909
chr14x15	107250001	107500000	HAP1_chr14	HAP2_chr15	HAP1	HAP2	14	15	231603	240451	6154	465900	0.986791
chr14x15	107250001	107500000	HAP1_chr15	HAP2_chr14	HAP1	HAP2	15	14	237093	239820	3001	473912	0.993668
chr14x15	107250001	107500000	HAP2_chr14	HAP2_chr15	HAP2	HAP2	14	15	239820	240451	3567	476704	0.992517
chr14x15	107500001	107750000	HAP1_chr14	HAP1_chr15	HAP1	HAP1	14	15	231319	239607	6358	464568	0.986314
chr14x15	107500001	107750000	HAP1_chr14	HAP2_chr15	HAP1	HAP2	14	15	231319	194958	3991	422286	0.990549
chr14x15	107500001	107750000	HAP1_chr15	HAP2_chr14	HAP1	HAP2	15	14	239607	236345	9935	466017	0.978681
chr14x15	107500001	107750000	HAP2_chr14	HAP2_chr15	HAP2	HAP2	14	15	236345	194958	3719	427584	0.991302
chr14x15	107750001	108000000	HAP1_chr14	HAP1_chr15	HAP1	HAP1	14	15	233949	219424	5405	447968	0.987934
chr14x15	107750001	108000000	HAP1_chr14	HAP2_chr15	HAP1	HAP2	14	15	233949	235810	2662	467097	0.994301
chr14x15	107750001	108000000	HAP1_chr15	HAP2_chr14	HAP1	HAP2	15	14	219424	211067	6663	423828	0.984279
chr14x15	107750001	108000000	HAP2_chr14	HAP2_chr15	HAP2	HAP2	14	15	211067	235810	3341	443536	0.992467
chr14x15	108000001	108250000	HAP1_chr14	HAP1_chr15	HAP1	HAP1	14	15	227042	222124	11246	437920	0.974320
chr14x15	108000001	108250000	HAP1_chr14	HAP2_chr15	HAP1	HAP2	14	15	227042	240169	6947	460264	0.984906
chr14x15	108000001	108250000	HAP1_chr15	HAP2_chr14	HAP1	HAP2	15	14	222124	223667	12535	433256	0.971068
chr14x15	108000001	108250000	HAP2_chr14	HAP2_chr15	HAP2	HAP2	14	15	223667	240169	4119	459717	0.991040
chr14x15	108250001	108500000	HAP1_chr14	HAP1_chr15	HAP1	HAP1	14	15	189059	227055	7970	408144	0.980473
chr14x15	108250001	108500000	HAP1_chr14	HAP2_chr15	HAP1	HAP2	14	15	189059	223501	10353	402207	0.974260
chr14x15	108250001	108500000	HAP1_chr15	HAP2_chr14	HAP1	HAP2	15	14	227055	229317	14865	441507	0.966331
chr14x15	108250001	108500000	HAP2_chr14	HAP2_chr15	HAP2	HAP2	14	15	229317	223501	3245	449573	0.992782
chr14x15	108500001	108750000	HAP1_chr14	HAP1_chr15	HAP1	HAP1	14	15	221806	228893	6391	444308	0.985616
chr14x15	108500001	108750000	HAP1_chr14	HAP2_chr15	HAP1	HAP2	14	15	221806	238702	1846	458662	0.995975
chr14x15	108500001	108750000	HAP1_chr15	HAP2_chr14	HAP1	HAP2	15	14	228893	229985	2892	455986	0.993658
chr14x15	108500001	108750000	HAP2_chr14	HAP2_chr15	HAP2	HAP2	14	15	229985	238702	2603	466084	0.994415
chr14x15	108750001	109000000	HAP1_chr14	HAP1_chr15	HAP1	HAP1	14	15	235014	235385	7648	462751	0.983473
chr14x15	108750001	109000000	HAP1_chr14	HAP2_chr15	HAP1	HAP2	14	15	235014	215847	4177	446684	0.990649
chr14x15	108750001	109000000	HAP1_chr15	HAP2_chr14	HAP1	HAP2	15	14	235385	232081	7735	459731	0.983175
chr14x15	108750001	109000000	HAP2_chr14	HAP2_chr15	HAP2	HAP2	14	15	232081	215847	4678	443250	0.989446
chr14x15	109000001	109250000	HAP1_chr14	HAP1_chr15	HAP1	HAP1	14	15	241114	224200	1988	463326	0.995709
chr14x15	109000001	109250000	HAP1_chr14	HAP2_chr15	HAP1	HAP2	14	15	241114	213453	2981	451586	0.993399
chr14x15	109000001	109250000	HAP1_chr15	HAP2_chr14	HAP1	HAP2	15	14	224200	225825	9762	440263	0.977827
chr14x15	109000001	109250000	HAP2_chr14	HAP2_chr15	HAP2	HAP2	14	15	225825	213453	15725	423553	0.962874
chr14x15	109250001	109500000	HAP1_chr14	HAP1_chr15	HAP1	HAP1	14	15	227522	233423	10913	450032	0.975751
chr14x15	109250001	109500000	HAP1_chr14	HAP2_chr15	HAP1	HAP2	14	15	227522	225346	11243	441625	0.974542
chr14x15	109250001	109500000	HAP1_chr15	HAP2_chr14	HAP1	HAP2	15	14	233423	207819	7947	433295	0.981659
chr14x15	109250001	109500000	HAP2_chr14	HAP2_chr15	HAP2	HAP2	14	15	207819	225346	13946	419219	0.966733
chr14x15	109500001	109750000	HAP1_chr14	HAP1_chr15	HAP1	HAP1	14	15	237103	232391	5662	463832	0.987793
chr14x15	109500001	109750000	HAP1_chr14	HAP2_chr15	HAP1	HAP2	14	15	237103	179045	1981	414167	0.995217
chr14x15	109500001	109750000	HAP1_chr15	HAP2_chr14	HAP1	HAP2	15	14	232391	237606	7166	462831	0.984517
chr14x15	109500001	109750000	HAP2_chr14	HAP2_chr15	HAP2	HAP2	14	15	237606	179045	3130	413521	0.992431
chr14x15	109750001	110000000	HAP1_chr14	HAP1_chr15	HAP1	HAP1	14	15	239057	237640	2541	474156	0.994641
chr14x15	109750001	110000000	HAP1_chr14	HAP2_chr15	HAP1	HAP2	14	15	239057	203826	121560	321323	0.621689
chr14x15	109750001	110000000	HAP1_chr15	HAP2_chr14	HAP1	HAP2	15	14	237640	232023	5182	464481	0.988843
chr14x15	109750001	110000000	HAP2_chr14	HAP2_chr15	HAP2	HAP2	14	15	232023	203826	4090	431759	0.990527
chr14x15	110000001	110250000	HAP1_chr14	HAP1_chr15	HAP1	HAP1	14	15	232897	213420	7212	439105	0.983576
chr14x15	110000001	110250000	HAP1_chr14	HAP2_chr15	HAP1	HAP2	14	15	232897	233092	108802	357187	0.695392
chr14x15	110000001	110250000	HAP1_chr15	HAP2_chr14	HAP1	HAP2	15	14	213420	223816	6841	430395	0.984105
chr14x15	110000001	110250000	HAP2_chr14	HAP2_chr15	HAP2	HAP2	14	15	223816	233092	9423	447485	0.978942
chr14x15	110250001	110500000	HAP1_chr14	HAP1_chr15	HAP1	HAP1	14	15	226598	208675	6104	429169	0.985777
chr14x15	110250001	110500000	HAP1_chr14	HAP2_chr15	HAP1	HAP2	14	15	226598	233769	149484	310883	0.519163
chr14x15	110250001	110500000	HAP1_chr15	HAP2_chr14	HAP1	HAP2	15	14	208675	212502	3047	418130	0.992713
chr14x15	110250001	110500000	HAP2_chr14	HAP2_chr15	HAP2	HAP2	14	15	212502	233769	6378	439893	0.985501
chr14x15	110500001	110750000	HAP1_chr14	HAP1_chr15	HAP1	HAP1	14	15	205344	215824	20069	401099	0.949965
chr14x15	110500001	110750000	HAP1_chr14	HAP2_chr15	HAP1	HAP2	14	15	205344	224660	62433	367571	0.830147
chr14x15	110500001	110750000	HAP1_chr15	HAP2_chr14	HAP1	HAP2	15	14	215824	242854	2741	455937	0.993988
chr14x15	110500001	110750000	HAP2_chr14	HAP2_chr15	HAP2	HAP2	14	15	242854	224660	2377	465137	0.994890
chr14x15	110750001	111000000	HAP1_chr14	HAP1_chr15	HAP1	HAP1	14	15	217157	225871	10457	432571	0.975826
chr14x15	110750001	111000000	HAP1_chr14	HAP2_chr15	HAP1	HAP2	14	15	217157	231407	68849	379715	0.818682
chr14x15	110750001	111000000	HAP1_chr15	HAP2_chr14	HAP1	HAP2	15	14	225871	236110	5359	456622	0.988264
chr14x15	110750001	111000000	HAP2_chr14	HAP2_chr15	HAP2	HAP2	14	15	236110	231407	4323	463194	0.990667
chr14x15	111000001	111250000	HAP1_chr14	HAP1_chr15	HAP1	HAP1	14	15	218639	236217	6020	448836	0.986588
chr14x15	111000001	111250000	HAP1_chr14	HAP2_chr15	HAP1	HAP2	14	15	218639	231511	75744	374406	0.797696
chr14x15	111000001	111250000	HAP1_chr15	HAP2_chr14	HAP1	HAP2	15	14	236217	236826	3026	470017	0.993562
chr14x15	111000001	111250000	HAP2_chr14	HAP2_chr15	HAP2	HAP2	14	15	236826	231511	4258	464079	0.990825
chr14x15	111250001	111500000	HAP1_chr14	HAP1_chr15	HAP1	HAP1	14	15	226517	227899	7011	447405	0.984330
chr14x15	111250001	111500000	HAP1_chr14	HAP2_chr15	HAP1	HAP2	14	15	226517	224114	66396	384235	0.827200
chr14x15	111250001	111500000	HAP1_chr15	HAP2_chr14	HAP1	HAP2	15	14	227899	235740	2710	460929	0.994121
chr14x15	111250001	111500000	HAP2_chr14	HAP2_chr15	HAP2	HAP2	14	15	235740	224114	1885	457969	0.995884
chr14x15	111500001	111750000	HAP1_chr14	HAP1_chr15	HAP1	HAP1	14	15	225815	234789	14247	446357	0.968082
chr14x15	111500001	111750000	HAP1_chr14	HAP2_chr15	HAP1	HAP2	14	15	225815	238587	60934	403468	0.848974
chr14x15	111500001	111750000	HAP1_chr15	HAP2_chr14	HAP1	HAP2	15	14	234789	215827	6768	443848	0.984752
chr14x15	111500001	111750000	HAP2_chr14	HAP2_chr15	HAP2	HAP2	14	15	215827	238587	2433	451981	0.994617
chr14x15	111750001	112000000	HAP1_chr14	HAP1_chr15	HAP1	HAP1	14	15	230132	235925	6207	459850	0.986502
chr14x15	111750001	112000000	HAP1_chr14	HAP2_chr15	HAP1	HAP2	14	15	230132	231250	38963	422419	0.907762
chr14x15	111750001	112000000	HAP1_chr15	HAP2_chr14	HAP1	HAP2	15	14	235925	240351	6701	469575	0.985730
chr14x15	111750001	112000000	HAP2_chr14	HAP2_chr15	HAP2	HAP2	14	15	240351	231250	5712	465889	0.987740
chr14x15	112000001	112250000	HAP1_chr14	HAP1_chr15	HAP1	HAP1	14	15	238534	211601	5945	444190	0.986616
chr14x15	112000001	112250000	HAP1_chr14	HAP2_chr15	HAP1	HAP2	14	15	238534	233674	61778	410430	0.849480
chr14x15	112000001	112250000	HAP1_chr15	HAP2_chr14	HAP1	HAP2	15	14	211601	219743	20533	410811	0.950018
chr14x15	112000001	112250000	HAP2_chr14	HAP2_chr15	HAP2	HAP2	14	15	219743	233674	8724	444693	0.980382
chr14x15	112250001	112500000	HAP1_chr14	HAP1_chr15	HAP1	HAP1	14	15	234469	237707	4365	467811	0.990669
chr14x15	112250001	112500000	HAP1_chr14	HAP2_chr15	HAP1	HAP2	14	15	234469	222110	57637	398942	0.855525
chr14x15	112250001	112500000	HAP1_chr15	HAP2_chr14	HAP1	HAP2	15	14	237707	238591	4920	471378	0.989563
chr14x15	112250001	112500000	HAP2_chr14	HAP2_chr15	HAP2	HAP2	14	15	238591	222110	2843	457858	0.993791
chr14x15	112500001	112750000	HAP1_chr14	HAP1_chr15	HAP1	HAP1	14	15	232498	236105	6967	461636	0.984908
chr14x15	112500001	112750000	HAP1_chr14	HAP2_chr15	HAP1	HAP2	14	15	232498	217820	15639	434679	0.964022
chr14x15	112500001	112750000	HAP1_chr15	HAP2_chr14	HAP1	HAP2	15	14	236105	220933	5903	451135	0.986915
chr14x15	112500001	112750000	HAP2_chr14	HAP2_chr15	HAP2	HAP2	14	15	220933	217820	11663	427090	0.972692
chr14x15	112750001	113000000	HAP1_chr14	HAP1_chr15	HAP1	HAP1	14	15	215064	220836	8772	427128	0.979463
chr14x15	112750001	113000000	HAP1_chr14	HAP2_chr15	HAP1	HAP2	14	15	215064	202994	22879	395179	0.942105
chr14x15	112750001	113000000	HAP1_chr15	HAP2_chr14	HAP1	HAP2	15	14	220836	237053	4617	453272	0.989814
chr14x15	112750001	113000000	HAP2_chr14	HAP2_chr15	HAP2	HAP2	14	15	237053	202994	3568	436479	0.991825
chr14x15	113000001	113250000	HAP1_chr14	HAP1_chr15	HAP1	HAP1	14	15	223505	212801	11363	424943	0.973260
chr14x15	113000001	113250000	HAP1_chr14	HAP2_chr15	HAP1	HAP2	14	15	223505	237743	43186	418062	0.896700
chr14x15	113000001	113250000	HAP1_chr15	HAP2_chr14	HAP1	HAP2	15	14	212801	223788	3587	433002	0.991716
chr14x15	113000001	113250000	HAP2_chr14	HAP2_chr15	HAP2	HAP2	14	15	223788	237743	6895	454636	0.984834
chr14x15	113250001	113500000	HAP1_chr14	HAP1_chr15	HAP1	HAP1	14	15	230444	235078	3696	461826	0.991997
chr14x15	113250001	113500000	HAP1_chr14	HAP2_chr15	HAP1	HAP2	14	15	230444	223139	57163	396420	0.855802
chr14x15	113250001	113500000	HAP1_chr15	HAP2_chr14	HAP1	HAP2	15	14	235078	228421	8678	454821	0.980920
chr14x15	113250001	113500000	HAP2_chr14	HAP2_chr15	HAP2	HAP2	14	15	228421	223139	12618	438942	0.971254
chr14x15	113500001	113750000	HAP1_chr14	HAP1_chr15	HAP1	HAP1	14	15	237393	237597	2311	472679	0.995111
chr14x15	113500001	113750000	HAP1_chr14	HAP2_chr15	HAP1	HAP2	14	15	237393	216075	12843	440625	0.970853
chr14x15	113500001	113750000	HAP1_chr15	HAP2_chr14	HAP1	HAP2	15	14	237597	237600	5474	469723	0.988346
chr14x15	113500001	113750000	HAP2_chr14	HAP2_chr15	HAP2	HAP2	14	15	237600	216075	6860	446815	0.984647
chr14x15	113750001	114000000	HAP1_chr14	HAP1_chr15	HAP1	HAP1	14	15	230346	226269	10527	446088	0.976402
chr14x15	113750001	114000000	HAP1_chr14	HAP2_chr15	HAP1	HAP2	14	15	230346	239968	22679	447635	0.949336
chr14x15	113750001	114000000	HAP1_chr15	HAP2_chr14	HAP1	HAP2	15	14	226269	235772	12247	449794	0.972772
chr14x15	113750001	114000000	HAP2_chr14	HAP2_chr15	HAP2	HAP2	14	15	235772	239968	5428	470312	0.988459
chr14x15	114000001	114250000	HAP1_chr14	HAP1_chr15	HAP1	HAP1	14	15	234777	237015	10802	460990	0.976568
chr14x15	114000001	114250000	HAP1_chr14	HAP2_chr15	HAP1	HAP2	14	15	234777	235850	102893	367734	0.720197
chr14x15	114000001	114250000	HAP1_chr15	HAP2_chr14	HAP1	HAP2	15	14	237015	227172	15570	448617	0.965293
chr14x15	114000001	114250000	HAP2_chr14	HAP2_chr15	HAP2	HAP2	14	15	227172	235850	5959	457063	0.986962
chr14x15	114250001	114500000	HAP1_chr14	HAP1_chr15	HAP1	HAP1	14	15	217913	220616	8412	430117	0.980443
chr14x15	114250001	114500000	HAP1_chr14	HAP2_chr15	HAP1	HAP2	14	15	217913	171412	74843	314482	0.762012
chr14x15	114250001	114500000	HAP1_chr15	HAP2_chr14	HAP1	HAP2	15	14	220616	211862	4176	428302	0.990250
chr14x15	114250001	114500000	HAP2_chr14	HAP2_chr15	HAP2	HAP2	14	15	211862	171412	7784	375490	0.979270
chr14x15	114500001	114750000	HAP1_chr14	HAP1_chr15	HAP1	HAP1	14	15	241212	232257	6732	466737	0.985576
chr14x15	114500001	114750000	HAP1_chr14	HAP2_chr15	HAP1	HAP2	14	15	241212	234015	149375	325852	0.541586
chr14x15	114500001	114750000	HAP1_chr15	HAP2_chr14	HAP1	HAP2	15	14	232257	235694	2807	465144	0.993965
chr14x15	114500001	114750000	HAP2_chr14	HAP2_chr15	HAP2	HAP2	14	15	235694	234015	5037	464672	0.989160
chr14x15	114750001	115000000	HAP1_chr14	HAP1_chr15	HAP1	HAP1	14	15	234246	229978	4992	459232	0.989130
chr14x15	114750001	115000000	HAP1_chr14	HAP2_chr15	HAP1	HAP2	14	15	234246	239272	92730	380788	0.756479
chr14x15	114750001	115000000	HAP1_chr15	HAP2_chr14	HAP1	HAP2	15	14	229978	235576	9567	455987	0.979019
chr14x15	114750001	115000000	HAP2_chr14	HAP2_chr15	HAP2	HAP2	14	15	235576	239272	4460	470388	0.990518
chr14x15	115000001	115250000	HAP1_chr14	HAP1_chr15	HAP1	HAP1	14	15	225292	229262	6429	448125	0.985654
chr14x15	115000001	115250000	HAP1_chr14	HAP2_chr15	HAP1	HAP2	14	15	225292	218882	153643	290531	0.471165
chr14x15	115000001	115250000	HAP1_chr15	HAP2_chr14	HAP1	HAP2	15	14	229262	240536	3858	465940	0.991720
chr14x15	115000001	115250000	HAP2_chr14	HAP2_chr15	HAP2	HAP2	14	15	240536	218882	2599	456819	0.994311
chr14x15	115250001	115500000	HAP1_chr14	HAP1_chr15	HAP1	HAP1	14	15	221868	221529	9327	434070	0.978513
chr14x15	115250001	115500000	HAP1_chr14	HAP2_chr15	HAP1	HAP2	14	15	221868	215089	167570	269387	0.377958
chr14x15	115250001	115500000	HAP1_chr15	HAP2_chr14	HAP1	HAP2	15	14	221529	236528	5620	452437	0.987578
chr14x15	115250001	115500000	HAP2_chr14	HAP2_chr15	HAP2	HAP2	14	15	236528	215089	5677	445940	0.987270
chr14x15	115500001	115750000	HAP1_chr14	HAP1_chr15	HAP1	HAP1	14	15	215689	236774	6836	445627	0.984660
chr14x15	115500001	115750000	HAP1_chr14	HAP2_chr15	HAP1	HAP2	14	15	215689	233521	137182	312028	0.560354
chr14x15	115500001	115750000	HAP1_chr15	HAP2_chr14	HAP1	HAP2	15	14	236774	229875	6225	460424	0.986480
chr14x15	115500001	115750000	HAP2_chr14	HAP2_chr15	HAP2	HAP2	14	15	229875	233521	7868	455528	0.982728
chr14x15	115750001	116000000	HAP1_chr14	HAP1_chr15	HAP1	HAP1	14	15	237149	241763	6334	472578	0.986597
chr14x15	115750001	116000000	HAP1_chr14	HAP2_chr15	HAP1	HAP2	14	15	237149	239227	156239	320137	0.511962
chr14x15	115750001	116000000	HAP1_chr15	HAP2_chr14	HAP1	HAP2	15	14	241763	201447	1898	441312	0.995699
chr14x15	115750001	116000000	HAP2_chr14	HAP2_chr15	HAP2	HAP2	14	15	201447	239227	3625	437049	0.991706
chr14x15	116000001	116250000	HAP1_chr14	HAP1_chr15	HAP1	HAP1	14	15	232569	233655	2200	464024	0.995259
chr14x15	116000001	116250000	HAP1_chr14	HAP2_chr15	HAP1	HAP2	14	15	232569	237163	152943	316789	0.517209
chr14x15	116000001	116250000	HAP1_chr15	HAP2_chr14	HAP1	HAP2	15	14	233655	220895	7646	446904	0.982891
chr14x15	116000001	116250000	HAP2_chr14	HAP2_chr15	HAP2	HAP2	14	15	220895	237163	9514	448544	0.978789
chr14x15	116250001	116500000	HAP1_chr14	HAP1_chr15	HAP1	HAP1	14	15	229714	236980	4015	462679	0.991322
chr14x15	116250001	116500000	HAP1_chr14	HAP2_chr15	HAP1	HAP2	14	15	229714	235149	131284	333579	0.606438
chr14x15	116250001	116500000	HAP1_chr15	HAP2_chr14	HAP1	HAP2	15	14	236980	240458	4717	472721	0.990022
chr14x15	116250001	116500000	HAP2_chr14	HAP2_chr15	HAP2	HAP2	14	15	240458	235149	8388	467219	0.982047
chr14x15	116500001	116750000	HAP1_chr14	HAP1_chr15	HAP1	HAP1	14	15	235700	239481	5398	469783	0.988510
chr14x15	116500001	116750000	HAP1_chr14	HAP2_chr15	HAP1	HAP2	14	15	235700	226151	121470	340381	0.643135
chr14x15	116500001	116750000	HAP1_chr15	HAP2_chr14	HAP1	HAP2	15	14	239481	208380	5433	442428	0.987720
chr14x15	116500001	116750000	HAP2_chr14	HAP2_chr15	HAP2	HAP2	14	15	208380	226151	5588	428943	0.986973
chr14x15	116750001	117000000	HAP1_chr14	HAP1_chr15	HAP1	HAP1	14	15	227546	240200	3076	464670	0.993380
chr14x15	116750001	117000000	HAP1_chr14	HAP2_chr15	HAP1	HAP2	14	15	227546	235408	139872	323082	0.567070
chr14x15	116750001	117000000	HAP1_chr15	HAP2_chr14	HAP1	HAP2	15	14	240200	211235	1908	449527	0.995756
chr14x15	116750001	117000000	HAP2_chr14	HAP2_chr15	HAP2	HAP2	14	15	211235	235408	5718	440925	0.987032
chr14x15	117000001	117250000	HAP1_chr14	HAP1_chr15	HAP1	HAP1	14	15	223174	230871	13315	440730	0.969789
chr14x15	117000001	117250000	HAP1_chr14	HAP2_chr15	HAP1	HAP2	14	15	223174	229813	130569	322418	0.595032
chr14x15	117000001	117250000	HAP1_chr15	HAP2_chr14	HAP1	HAP2	15	14	230871	238226	8214	460883	0.982178
chr14x15	117000001	117250000	HAP2_chr14	HAP2_chr15	HAP2	HAP2	14	15	238226	229813	5030	463009	0.989136
chr14x15	117250001	117500000	HAP1_chr14	HAP1_chr15	HAP1	HAP1	14	15	225196	227500	7266	445430	0.983688
chr14x15	117250001	117500000	HAP1_chr14	HAP2_chr15	HAP1	HAP2	14	15	225196	217776	108692	334280	0.674847
chr14x15	117250001	117500000	HAP1_chr15	HAP2_chr14	HAP1	HAP2	15	14	227500	220627	6846	441281	0.984486
chr14x15	117250001	117500000	HAP2_chr14	HAP2_chr15	HAP2	HAP2	14	15	220627	217776	4861	433542	0.988788
chr14x15	117500001	117750000	HAP1_chr14	HAP1_chr15	HAP1	HAP1	14	15	207884	230571	10403	428052	0.975697
chr14x15	117500001	117750000	HAP1_chr14	HAP2_chr15	HAP1	HAP2	14	15	207884	216358	138711	285531	0.514200
chr14x15	117500001	117750000	HAP1_chr15	HAP2_chr14	HAP1	HAP2	15	14	230571	228274	1659	457186	0.996371
chr14x15	117500001	117750000	HAP2_chr14	HAP2_chr15	HAP2	HAP2	14	15	228274	216358	11921	432711	0.972450
chr14x15	117750001	118000000	HAP1_chr14	HAP1_chr15	HAP1	HAP1	14	15	231659	226036	3973	453722	0.991244
chr14x15	117750001	118000000	HAP1_chr14	HAP2_chr15	HAP1	HAP2	14	15	231659	234919	115839	350739	0.669729
chr14x15	117750001	118000000	HAP1_chr15	HAP2_chr14	HAP1	HAP2	15	14	226036	225359	6326	445069	0.985786
chr14x15	117750001	118000000	HAP2_chr14	HAP2_chr15	HAP2	HAP2	14	15	225359	234919	4615	455663	0.989872
chr14x15	118000001	118250000	HAP1_chr14	HAP1_chr15	HAP1	HAP1	14	15	232812	222191	5307	449696	0.988199
chr14x15	118000001	118250000	HAP1_chr14	HAP2_chr15	HAP1	HAP2	14	15	232812	241775	119551	355036	0.663271
chr14x15	118000001	118250000	HAP1_chr15	HAP2_chr14	HAP1	HAP2	15	14	222191	203608	10165	415634	0.975543
chr14x15	118000001	118250000	HAP2_chr14	HAP2_chr15	HAP2	HAP2	14	15	203608	241775	4634	440749	0.989486
chr14x15	118250001	118500000	HAP1_chr14	HAP1_chr15	HAP1	HAP1	14	15	228740	225176	4734	449182	0.989461
chr14x15	118250001	118500000	HAP1_chr14	HAP2_chr15	HAP1	HAP2	14	15	228740	233629	86453	375916	0.770020
chr14x15	118250001	118500000	HAP1_chr15	HAP2_chr14	HAP1	HAP2	15	14	225176	237363	5081	457458	0.988893
chr14x15	118250001	118500000	HAP2_chr14	HAP2_chr15	HAP2	HAP2	14	15	237363	233629	8334	462658	0.981987
chr14x15	118500001	118750000	HAP1_chr14	HAP1_chr15	HAP1	HAP1	14	15	233338	239128	7828	464638	0.983152
chr14x15	118500001	118750000	HAP1_chr14	HAP2_chr15	HAP1	HAP2	14	15	233338	241384	137037	337685	0.594187
chr14x15	118500001	118750000	HAP1_chr15	HAP2_chr14	HAP1	HAP2	15	14	239128	216406	4831	450703	0.989281
chr14x15	118500001	118750000	HAP2_chr14	HAP2_chr15	HAP2	HAP2	14	15	216406	241384	1640	456150	0.996405
chr14x15	118750001	119000000	HAP1_chr14	HAP1_chr15	HAP1	HAP1	14	15	232841	238219	7235	463825	0.984401
chr14x15	118750001	119000000	HAP1_chr14	HAP2_chr15	HAP1	HAP2	14	15	232841	237457	80516	389782	0.793433
chr14x15	118750001	119000000	HAP1_chr15	HAP2_chr14	HAP1	HAP2	15	14	238219	223403	7449	454173	0.983599
chr14x15	118750001	119000000	HAP2_chr14	HAP2_chr15	HAP2	HAP2	14	15	223403	237457	6664	454196	0.985328
chr14x15	119000001	119250000	HAP1_chr14	HAP1_chr15	HAP1	HAP1	14	15	224576	235559	7383	452752	0.983693
chr14x15	119000001	119250000	HAP1_chr14	HAP2_chr15	HAP1	HAP2	14	15	224576	240419	40897	424098	0.903567
chr14x15	119000001	119250000	HAP1_chr15	HAP2_chr14	HAP1	HAP2	15	14	235559	202214	7249	430524	0.983162
chr14x15	119000001	119250000	HAP2_chr14	HAP2_chr15	HAP2	HAP2	14	15	202214	240419	4392	438241	0.989978
chr14x15	119250001	119500000	HAP1_chr14	HAP1_chr15	HAP1	HAP1	14	15	232354	221754	8922	445186	0.979959
chr14x15	119250001	119500000	HAP1_chr14	HAP2_chr15	HAP1	HAP2	14	15	232354	233035	6137	459252	0.986637
chr14x15	119250001	119500000	HAP1_chr15	HAP2_chr14	HAP1	HAP2	15	14	221754	220237	10897	431094	0.974722
chr14x15	119250001	119500000	HAP2_chr14	HAP2_chr15	HAP2	HAP2	14	15	220237	233035	11957	441315	0.972906
chr14x15	119500001	119750000	HAP1_chr14	HAP1_chr15	HAP1	HAP1	14	15	220686	233466	9391	444761	0.978885
chr14x15	119500001	119750000	HAP1_chr14	HAP2_chr15	HAP1	HAP2	14	15	220686	231958	10487	442157	0.976282
chr14x15	119500001	119750000	HAP1_chr15	HAP2_chr14	HAP1	HAP2	15	14	233466	236462	10603	459325	0.976916
chr14x15	119500001	119750000	HAP2_chr14	HAP2_chr15	HAP2	HAP2	14	15	236462	231958	6726	461694	0.985432
chr14x15	119750001	120000000	HAP1_chr14	HAP1_chr15	HAP1	HAP1	14	15	237959	215448	6644	446763	0.985129
chr14x15	119750001	120000000	HAP1_chr14	HAP2_chr15	HAP1	HAP2	14	15	237959	233834	4764	467029	0.989799
chr14x15	119750001	120000000	HAP1_chr15	HAP2_chr14	HAP1	HAP2	15	14	215448	228020	11375	432093	0.973675
chr14x15	119750001	120000000	HAP2_chr14	HAP2_chr15	HAP2	HAP2	14	15	228020	233834	14207	447647	0.968263
chr14x15	120000001	120250000	HAP1_chr14	HAP1_chr15	HAP1	HAP1	14	15	237289	228685	3753	462221	0.991881
chr14x15	120000001	120250000	HAP1_chr14	HAP2_chr15	HAP1	HAP2	14	15	237289	238082	5855	469516	0.987530
chr14x15	120000001	120250000	HAP1_chr15	HAP2_chr14	HAP1	HAP2	15	14	228685	214030	8928	433787	0.979418
chr14x15	120000001	120250000	HAP2_chr14	HAP2_chr15	HAP2	HAP2	14	15	214030	238082	5264	446848	0.988220
chr14x15	120250001	120500000	HAP1_chr14	HAP1_chr15	HAP1	HAP1	14	15	221076	238541	3242	456375	0.992896
chr14x15	120250001	120500000	HAP1_chr14	HAP2_chr15	HAP1	HAP2	14	15	221076	232268	7132	446212	0.984017
chr14x15	120250001	120500000	HAP1_chr15	HAP2_chr14	HAP1	HAP2	15	14	238541	235258	4870	468929	0.989615
chr14x15	120250001	120500000	HAP2_chr14	HAP2_chr15	HAP2	HAP2	14	15	235258	232268	5305	462221	0.988523
chr14x15	120500001	120750000	HAP1_chr14	HAP1_chr15	HAP1	HAP1	14	15	227618	230960	7426	451152	0.983540
chr14x15	120500001	120750000	HAP1_chr14	HAP2_chr15	HAP1	HAP2	14	15	227618	211450	3101	435967	0.992887
chr14x15	120500001	120750000	HAP1_chr15	HAP2_chr14	HAP1	HAP2	15	14	230960	240272	7826	463406	0.983112
chr14x15	120500001	120750000	HAP2_chr14	HAP2_chr15	HAP2	HAP2	14	15	240272	211450	2954	448768	0.993418
chr14x15	120750001	121000000	HAP1_chr14	HAP1_chr15	HAP1	HAP1	14	15	232230	235707	4656	463281	0.989950
chr14x15	120750001	121000000	HAP1_chr14	HAP2_chr15	HAP1	HAP2	14	15	232230	237673	9047	460856	0.980369
chr14x15	120750001	121000000	HAP1_chr15	HAP2_chr14	HAP1	HAP2	15	14	235707	236976	6469	466214	0.986124
chr14x15	120750001	121000000	HAP2_chr14	HAP2_chr15	HAP2	HAP2	14	15	236976	237673	6627	468022	0.985840
chr14x15	121000001	121250000	HAP1_chr14	HAP1_chr15	HAP1	HAP1	14	15	239687	229772	4472	464987	0.990383
chr14x15	121000001	121250000	HAP1_chr14	HAP2_chr15	HAP1	HAP2	14	15	239687	237158	6616	470229	0.985930
chr14x15	121000001	121250000	HAP1_chr15	HAP2_chr14	HAP1	HAP2	15	14	229772	222950	4699	448023	0.989512
chr14x15	121000001	121250000	HAP2_chr14	HAP2_chr15	HAP2	HAP2	14	15	222950	237158	10953	449155	0.975614
chr14x15	121250001	121500000	HAP1_chr14	HAP1_chr15	HAP1	HAP1	14	15	229916	226515	4831	451600	0.989302
chr14x15	121250001	121500000	HAP1_chr14	HAP2_chr15	HAP1	HAP2	14	15	229916	230641	10089	450468	0.977603
chr14x15	121250001	121500000	HAP1_chr15	HAP2_chr14	HAP1	HAP2	15	14	226515	211247	3122	434640	0.992817
chr14x15	121250001	121500000	HAP2_chr14	HAP2_chr15	HAP2	HAP2	14	15	211247	230641	6350	435538	0.985420
chr14x15	121500001	121750000	HAP1_chr14	HAP1_chr15	HAP1	HAP1	14	15	235894	237388	7829	465453	0.983180
chr14x15	121500001	121750000	HAP1_chr14	HAP2_chr15	HAP1	HAP2	14	15	235894	226233	9418	452709	0.979196
chr14x15	121500001	121750000	HAP1_chr15	HAP2_chr14	HAP1	HAP2	15	14	237388	229721	5730	461379	0.987581
chr14x15	121500001	121750000	HAP2_chr14	HAP2_chr15	HAP2	HAP2	14	15	229721	226233	13448	442506	0.969609
chr14x15	121750001	122000000	HAP1_chr14	HAP1_chr15	HAP1	HAP1	14	15	214902	235806	4816	445892	0.989199
chr14x15	121750001	122000000	HAP1_chr14	HAP2_chr15	HAP1	HAP2	14	15	214902	206555	8972	412485	0.978249
chr14x15	121750001	122000000	HAP1_chr15	HAP2_chr14	HAP1	HAP2	15	14	235806	235953	8085	463674	0.982563
chr14x15	121750001	122000000	HAP2_chr14	HAP2_chr15	HAP2	HAP2	14	15	235953	206555	7700	434808	0.982291
chr14x15	122000001	122250000	HAP1_chr14	HAP1_chr15	HAP1	HAP1	14	15	213181	238297	8233	443245	0.981426
chr14x15	122000001	122250000	HAP1_chr14	HAP2_chr15	HAP1	HAP2	14	15	213181	207280	5496	414965	0.986756
chr14x15	122000001	122250000	HAP1_chr15	HAP2_chr14	HAP1	HAP2	15	14	238297	225190	5705	457782	0.987538
chr14x15	122000001	122250000	HAP2_chr14	HAP2_chr15	HAP2	HAP2	14	15	225190	207280	11828	420642	0.971881
chr14x15	122250001	122500000	HAP1_chr14	HAP1_chr15	HAP1	HAP1	14	15	216534	236604	3539	449599	0.992129
chr14x15	122250001	122500000	HAP1_chr14	HAP2_chr15	HAP1	HAP2	14	15	216534	229097	9550	436081	0.978100
chr14x15	122250001	122500000	HAP1_chr15	HAP2_chr14	HAP1	HAP2	15	14	236604	165356	5526	396434	0.986061
chr14x15	122250001	122500000	HAP2_chr14	HAP2_chr15	HAP2	HAP2	14	15	165356	229097	13776	380677	0.963812
chr14x15	122500001	122750000	HAP1_chr14	HAP1_chr15	HAP1	HAP1	14	15	222059	200291	16489	405861	0.959373
chr14x15	122500001	122750000	HAP1_chr14	HAP2_chr15	HAP1	HAP2	14	15	222059	228131	3353	446837	0.992496
chr14x15	122500001	122750000	HAP1_chr15	HAP2_chr14	HAP1	HAP2	15	14	200291	192492	4973	387810	0.987177
chr14x15	122500001	122750000	HAP2_chr14	HAP2_chr15	HAP2	HAP2	14	15	192492	228131	2990	417633	0.992841
chr14x15	122750001	123000000	HAP1_chr14	HAP1_chr15	HAP1	HAP1	14	15	232630	229607	3730	458507	0.991865
chr14x15	122750001	123000000	HAP1_chr14	HAP2_chr15	HAP1	HAP2	14	15	232630	236332	2252	466710	0.995175
chr14x15	122750001	123000000	HAP1_chr15	HAP2_chr14	HAP1	HAP2	15	14	229607	234527	4278	459856	0.990697
chr14x15	122750001	123000000	HAP2_chr14	HAP2_chr15	HAP2	HAP2	14	15	234527	236332	5967	464892	0.987165
chr14x15	123000001	123250000	HAP1_chr14	HAP1_chr15	HAP1	HAP1	14	15	239674	223999	5607	458066	0.987759
chr14x15	123000001	123250000	HAP1_chr14	HAP2_chr15	HAP1	HAP2	14	15	239674	235175	9259	465590	0.980113
chr14x15	123000001	123250000	HAP1_chr15	HAP2_chr14	HAP1	HAP2	15	14	223999	236568	7694	452873	0.983011
chr14x15	123000001	123250000	HAP2_chr14	HAP2_chr15	HAP2	HAP2	14	15	236568	235175	3432	468311	0.992672
chr14x15	123250001	123500000	HAP1_chr14	HAP1_chr15	HAP1	HAP1	14	15	238534	218801	2159	455176	0.995257
chr14x15	123250001	123500000	HAP1_chr14	HAP2_chr15	HAP1	HAP2	14	15	238534	232375	4171	466738	0.991064
chr14x15	123250001	123500000	HAP1_chr15	HAP2_chr14	HAP1	HAP2	15	14	218801	232699	4735	446765	0.989402
chr14x15	123250001	123500000	HAP2_chr14	HAP2_chr15	HAP2	HAP2	14	15	232699	232375	7663	457411	0.983247
chr14x15	123500001	123750000	HAP1_chr14	HAP1_chr15	HAP1	HAP1	14	15	234561	228505	8200	454866	0.981973
chr14x15	123500001	123750000	HAP1_chr14	HAP2_chr15	HAP1	HAP2	14	15	234561	228592	24647	438506	0.943793
chr14x15	123500001	123750000	HAP1_chr15	HAP2_chr14	HAP1	HAP2	15	14	228505	210164	2277	436392	0.994782
chr14x15	123500001	123750000	HAP2_chr14	HAP2_chr15	HAP2	HAP2	14	15	210164	228592	12340	426416	0.971061
chr14x15	123750001	124000000	HAP1_chr14	HAP1_chr15	HAP1	HAP1	14	15	238240	233947	3525	468662	0.992479
chr14x15	123750001	124000000	HAP1_chr14	HAP2_chr15	HAP1	HAP2	14	15	238240	232956	48667	422529	0.884820
chr14x15	123750001	124000000	HAP1_chr15	HAP2_chr14	HAP1	HAP2	15	14	233947	226554	2415	458086	0.994728
chr14x15	123750001	124000000	HAP2_chr14	HAP2_chr15	HAP2	HAP2	14	15	226554	232956	6521	452989	0.985605
chr14x15	124000001	124250000	HAP1_chr14	HAP1_chr15	HAP1	HAP1	14	15	228829	224132	3924	449037	0.991261
chr14x15	124000001	124250000	HAP1_chr14	HAP2_chr15	HAP1	HAP2	14	15	228829	216528	43164	402193	0.892678
chr14x15	124000001	124250000	HAP1_chr15	HAP2_chr14	HAP1	HAP2	15	14	224132	238633	7456	455309	0.983624
chr14x15	124000001	124250000	HAP2_chr14	HAP2_chr15	HAP2	HAP2	14	15	238633	216528	5157	450004	0.988540
chr14x15	124250001	124500000	HAP1_chr14	HAP1_chr15	HAP1	HAP1	14	15	232237	240414	9185	463466	0.980182
chr14x15	124250001	124500000	HAP1_chr14	HAP2_chr15	HAP1	HAP2	14	15	232237	235429	57498	410168	0.859818
chr14x15	124250001	124500000	HAP1_chr15	HAP2_chr14	HAP1	HAP2	15	14	240414	240351	7050	473715	0.985118
chr14x15	124250001	124500000	HAP2_chr14	HAP2_chr15	HAP2	HAP2	14	15	240351	235429	6028	469752	0.987168
chr14x15	124500001	124750000	HAP1_chr14	HAP1_chr15	HAP1	HAP1	14	15	230175	237875	3633	464417	0.992177
chr14x15	124500001	124750000	HAP1_chr14	HAP2_chr15	HAP1	HAP2	14	15	230175	237877	45171	422881	0.893183
chr14x15	124500001	124750000	HAP1_chr15	HAP2_chr14	HAP1	HAP2	15	14	237875	232112	3665	466322	0.992141
chr14x15	124500001	124750000	HAP2_chr14	HAP2_chr15	HAP2	HAP2	14	15	232112	237877	3825	466164	0.991795
chr14x15	124750001	125000000	HAP1_chr14	HAP1_chr15	HAP1	HAP1	14	15	241776	213901	5681	449996	0.987375
chr14x15	124750001	125000000	HAP1_chr14	HAP2_chr15	HAP1	HAP2	14	15	241776	233756	71836	403696	0.822054
chr14x15	124750001	125000000	HAP1_chr15	HAP2_chr14	HAP1	HAP2	15	14	213901	221732	5061	430572	0.988246
chr14x15	124750001	125000000	HAP2_chr14	HAP2_chr15	HAP2	HAP2	14	15	221732	233756	4286	451202	0.990501
chr14x15	125000001	125250000	HAP1_chr14	HAP1_chr15	HAP1	HAP1	14	15	232758	226828	3638	455948	0.992021
chr14x15	125000001	125250000	HAP1_chr14	HAP2_chr15	HAP1	HAP2	14	15	232758	231294	48964	415088	0.882039
chr14x15	125000001	125250000	HAP1_chr15	HAP2_chr14	HAP1	HAP2	15	14	226828	223582	5646	444764	0.987306
chr14x15	125000001	125250000	HAP2_chr14	HAP2_chr15	HAP2	HAP2	14	15	223582	231294	3731	451145	0.991730
chr14x15	125250001	125500000	HAP1_chr14	HAP1_chr15	HAP1	HAP1	14	15	216430	229600	4776	441254	0.989176
chr14x15	125250001	125500000	HAP1_chr14	HAP2_chr15	HAP1	HAP2	14	15	216430	235177	20536	431071	0.952361
chr14x15	125250001	125500000	HAP1_chr15	HAP2_chr14	HAP1	HAP2	15	14	229600	231483	11729	449354	0.973898
chr14x15	125250001	125500000	HAP2_chr14	HAP2_chr15	HAP2	HAP2	14	15	231483	235177	6397	460263	0.986101
chr14x15	125500001	125750000	HAP1_chr14	HAP1_chr15	HAP1	HAP1	14	15	215525	234836	16293	434068	0.962464
chr14x15	125500001	125750000	HAP1_chr14	HAP2_chr15	HAP1	HAP2	14	15	215525	234340	3897	445968	0.991262
chr14x15	125500001	125750000	HAP1_chr15	HAP2_chr14	HAP1	HAP2	15	14	234836	229786	11445	453177	0.974745
chr14x15	125500001	125750000	HAP2_chr14	HAP2_chr15	HAP2	HAP2	14	15	229786	234340	2875	461251	0.993767
chr14x15	125750001	126000000	HAP1_chr14	HAP1_chr15	HAP1	HAP1	14	15	235561	239315	5449	469427	0.988392
chr14x15	125750001	126000000	HAP1_chr14	HAP2_chr15	HAP1	HAP2	14	15	235561	219867	6445	448983	0.985645
chr14x15	125750001	126000000	HAP1_chr15	HAP2_chr14	HAP1	HAP2	15	14	239315	237272	5096	471491	0.989192
chr14x15	125750001	126000000	HAP2_chr14	HAP2_chr15	HAP2	HAP2	14	15	237272	219867	3641	453498	0.991971
chr14x15	126000001	126250000	HAP1_chr14	HAP1_chr15	HAP1	HAP1	14	15	223041	202894	5423	420512	0.987104
chr14x15	126000001	126250000	HAP1_chr14	HAP2_chr15	HAP1	HAP2	14	15	223041	218597	2120	439518	0.995177
chr14x15	126000001	126250000	HAP1_chr15	HAP2_chr14	HAP1	HAP2	15	14	202894	222403	8198	417099	0.980345
chr14x15	126000001	126250000	HAP2_chr14	HAP2_chr15	HAP2	HAP2	14	15	222403	218597	4534	436466	0.989612
chr14x15	126250001	126500000	HAP1_chr14	HAP1_chr15	HAP1	HAP1	14	15	230795	230976	4180	457591	0.990865
chr14x15	126250001	126500000	HAP1_chr14	HAP2_chr15	HAP1	HAP2	14	15	230795	229288	26121	433962	0.939808
chr14x15	126250001	126500000	HAP1_chr15	HAP2_chr14	HAP1	HAP2	15	14	230976	132021	10668	352329	0.969721
chr14x15	126250001	126500000	HAP2_chr14	HAP2_chr15	HAP2	HAP2	14	15	132021	229288	3805	357504	0.989357
chr14x15	126500001	126750000	HAP1_chr14	HAP1_chr15	HAP1	HAP1	14	15	190519	217821	3272	405068	0.991922
chr14x15	126500001	126750000	HAP1_chr14	HAP2_chr15	HAP1	HAP2	14	15	190519	194085	21179	363425	0.941724
chr14x15	126500001	126750000	HAP1_chr15	HAP2_chr14	HAP1	HAP2	15	14	217821	32721	360	250182	0.998561
chr14x15	126500001	126750000	HAP2_chr14	HAP2_chr15	HAP2	HAP2	14	15	32721	194085	906	225900	0.995989
chr14x15	126750001	127000000	HAP1_chr14	HAP1_chr15	HAP1	HAP1	14	15	235016	233512	5330	463198	0.988493
chr14x15	126750001	127000000	HAP1_chr14	HAP2_chr15	HAP1	HAP2	14	15	235016	204086	6735	432367	0.984423
chr14x15	126750001	127000000	HAP1_chr15	HAP2_chr14	HAP1	HAP2	15	14	233512	219194	5299	447407	0.988156
chr14x15	126750001	127000000	HAP2_chr14	HAP2_chr15	HAP2	HAP2	14	15	219194	204086	3963	419317	0.990549
chr14x15	127000001	127250000	HAP1_chr14	HAP1_chr15	HAP1	HAP1	14	15	237539	228805	11222	455122	0.975343
chr14x15	127000001	127250000	HAP1_chr14	HAP2_chr15	HAP1	HAP2	14	15	237539	189463	7014	419988	0.983300
chr14x15	127000001	127250000	HAP1_chr15	HAP2_chr14	HAP1	HAP2	15	14	228805	227845	13328	443322	0.969936
chr14x15	127000001	127250000	HAP2_chr14	HAP2_chr15	HAP2	HAP2	14	15	227845	189463	12978	404330	0.967902
chr14x15	127250001	127500000	HAP1_chr14	HAP1_chr15	HAP1	HAP1	14	15	225737	210109	11222	424624	0.973572
chr14x15	127250001	127500000	HAP1_chr14	HAP2_chr15	HAP1	HAP2	14	15	225737	215165	10066	430836	0.976636
chr14x15	127250001	127500000	HAP1_chr15	HAP2_chr14	HAP1	HAP2	15	14	210109	232033	7722	434420	0.982225
chr14x15	127250001	127500000	HAP2_chr14	HAP2_chr15	HAP2	HAP2	14	15	232033	215165	3108	444090	0.993001
chr14x15	127500001	127750000	HAP1_chr14	HAP1_chr15	HAP1	HAP1	14	15	237306	212616	5479	444443	0.987672
chr14x15	127500001	127750000	HAP1_chr14	HAP2_chr15	HAP1	HAP2	14	15	237306	227742	8557	456491	0.981255
chr14x15	127500001	127750000	HAP1_chr15	HAP2_chr14	HAP1	HAP2	15	14	212616	215913	11119	417410	0.973362
chr14x15	127500001	127750000	HAP2_chr14	HAP2_chr15	HAP2	HAP2	14	15	215913	227742	3740	439915	0.991498
chr14x15	127750001	128000000	HAP1_chr14	HAP1_chr15	HAP1	HAP1	14	15	225822	235296	8894	452224	0.980333
chr14x15	127750001	128000000	HAP1_chr14	HAP2_chr15	HAP1	HAP2	14	15	225822	237812	13541	450093	0.969915
chr14x15	127750001	128000000	HAP1_chr15	HAP2_chr14	HAP1	HAP2	15	14	235296	220601	11105	444792	0.975033
chr14x15	127750001	128000000	HAP2_chr14	HAP2_chr15	HAP2	HAP2	14	15	220601	237812	8557	449856	0.980978
chr14x15	128000001	128250000	HAP1_chr14	HAP1_chr15	HAP1	HAP1	14	15	228253	226573	3754	451072	0.991678
chr14x15	128000001	128250000	HAP1_chr14	HAP2_chr15	HAP1	HAP2	14	15	228253	236158	3724	460687	0.991916
chr14x15	128000001	128250000	HAP1_chr15	HAP2_chr14	HAP1	HAP2	15	14	226573	227929	2087	452415	0.995387
chr14x15	128000001	128250000	HAP2_chr14	HAP2_chr15	HAP2	HAP2	14	15	227929	236158	8820	455267	0.980627
chr14x15	128250001	128500000	HAP1_chr14	HAP1_chr15	HAP1	HAP1	14	15	219649	227259	7502	439406	0.982927
chr14x15	128250001	128500000	HAP1_chr14	HAP2_chr15	HAP1	HAP2	14	15	219649	221753	9058	432344	0.979049
chr14x15	128250001	128500000	HAP1_chr15	HAP2_chr14	HAP1	HAP2	15	14	227259	234637	12652	449244	0.971837
chr14x15	128250001	128500000	HAP2_chr14	HAP2_chr15	HAP2	HAP2	14	15	234637	221753	9092	447298	0.979674
chr14x15	128500001	128750000	HAP1_chr14	HAP1_chr15	HAP1	HAP1	14	15	186729	226981	5462	408248	0.986621
chr14x15	128500001	128750000	HAP1_chr14	HAP2_chr15	HAP1	HAP2	14	15	186729	236956	11406	412279	0.972334
chr14x15	128500001	128750000	HAP1_chr15	HAP2_chr14	HAP1	HAP2	15	14	226981	230051	5018	452014	0.988899
chr14x15	128500001	128750000	HAP2_chr14	HAP2_chr15	HAP2	HAP2	14	15	230051	236956	11529	455478	0.974688
chr14x15	128750001	129000000	HAP1_chr14	HAP1_chr15	HAP1	HAP1	14	15	230181	211273	10894	430560	0.974698
chr14x15	128750001	129000000	HAP1_chr14	HAP2_chr15	HAP1	HAP2	14	15	230181	222231	9284	443128	0.979049
chr14x15	128750001	129000000	HAP1_chr15	HAP2_chr14	HAP1	HAP2	15	14	211273	220312	13848	417737	0.966850
chr14x15	128750001	129000000	HAP2_chr14	HAP2_chr15	HAP2	HAP2	14	15	220312	222231	16602	425941	0.961023
chr14x15	129000001	129250000	HAP1_chr14	HAP1_chr15	HAP1	HAP1	14	15	234690	205309	3749	436250	0.991406
chr14x15	129000001	129250000	HAP1_chr14	HAP2_chr15	HAP1	HAP2	14	15	234690	234768	6873	462585	0.985142
chr14x15	129000001	129250000	HAP1_chr15	HAP2_chr14	HAP1	HAP2	15	14	205309	240630	2646	443293	0.994031
chr14x15	129000001	129250000	HAP2_chr14	HAP2_chr15	HAP2	HAP2	14	15	240630	234768	4252	471146	0.990975
chr14x15	129250001	129500000	HAP1_chr14	HAP1_chr15	HAP1	HAP1	14	15	235643	214200	3434	446409	0.992308
chr14x15	129250001	129500000	HAP1_chr14	HAP2_chr15	HAP1	HAP2	14	15	235643	226695	4948	457390	0.989182
chr14x15	129250001	129500000	HAP1_chr15	HAP2_chr14	HAP1	HAP2	15	14	214200	227506	10614	431092	0.975379
chr14x15	129250001	129500000	HAP2_chr14	HAP2_chr15	HAP2	HAP2	14	15	227506	226695	6456	447745	0.985581
chr14x15	129500001	129750000	HAP1_chr14	HAP1_chr15	HAP1	HAP1	14	15	218289	224961	5652	437598	0.987084
chr14x15	129500001	129750000	HAP1_chr14	HAP2_chr15	HAP1	HAP2	14	15	218289	218395	6534	430150	0.984810
chr14x15	129500001	129750000	HAP1_chr15	HAP2_chr14	HAP1	HAP2	15	14	224961	235597	5137	455421	0.988720
chr14x15	129500001	129750000	HAP2_chr14	HAP2_chr15	HAP2	HAP2	14	15	235597	218395	4879	449113	0.989136
chr14x15	129750001	130000000	HAP1_chr14	HAP1_chr15	HAP1	HAP1	14	15	236129	240561	6018	470672	0.987214
chr14x15	129750001	130000000	HAP1_chr14	HAP2_chr15	HAP1	HAP2	14	15	236129	233111	14667	454573	0.967735
chr14x15	129750001	130000000	HAP1_chr15	HAP2_chr14	HAP1	HAP2	15	14	240561	224657	3150	462068	0.993183
chr14x15	129750001	130000000	HAP2_chr14	HAP2_chr15	HAP2	HAP2	14	15	224657	233111	7604	450164	0.983108
chr14x15	130000001	130250000	HAP1_chr14	HAP1_chr15	HAP1	HAP1	14	15	221367	236704	6598	451473	0.985386
chr14x15	130000001	130250000	HAP1_chr14	HAP2_chr15	HAP1	HAP2	14	15	221367	233308	4122	450553	0.990851
chr14x15	130000001	130250000	HAP1_chr15	HAP2_chr14	HAP1	HAP2	15	14	236704	237446	8377	465773	0.982015
chr14x15	130000001	130250000	HAP2_chr14	HAP2_chr15	HAP2	HAP2	14	15	237446	233308	5787	464967	0.987554
chr14x15	130250001	130500000	HAP1_chr14	HAP1_chr15	HAP1	HAP1	14	15	233241	238327	6001	465567	0.987110
chr14x15	130250001	130500000	HAP1_chr14	HAP2_chr15	HAP1	HAP2	14	15	233241	237165	4322	466084	0.990727
chr14x15	130250001	130500000	HAP1_chr15	HAP2_chr14	HAP1	HAP2	15	14	238327	238923	4271	472979	0.990970
chr14x15	130250001	130500000	HAP2_chr14	HAP2_chr15	HAP2	HAP2	14	15	238923	237165	5469	470619	0.988379
chr14x15	130500001	130750000	HAP1_chr14	HAP1_chr15	HAP1	HAP1	14	15	218532	235464	9327	444669	0.979025
chr14x15	130500001	130750000	HAP1_chr14	HAP2_chr15	HAP1	HAP2	14	15	218532	203153	3599	418086	0.991392
chr14x15	130500001	130750000	HAP1_chr15	HAP2_chr14	HAP1	HAP2	15	14	235464	226651	11281	450834	0.974977
chr14x15	130500001	130750000	HAP2_chr14	HAP2_chr15	HAP2	HAP2	14	15	226651	203153	11008	418796	0.973715
chr14x15	130750001	131000000	HAP1_chr14	HAP1_chr15	HAP1	HAP1	14	15	230754	218882	6111	443525	0.986222
chr14x15	130750001	131000000	HAP1_chr14	HAP2_chr15	HAP1	HAP2	14	15	230754	226776	13644	443886	0.969262
chr14x15	130750001	131000000	HAP1_chr15	HAP2_chr14	HAP1	HAP2	15	14	218882	236533	5027	450388	0.988839
chr14x15	130750001	131000000	HAP2_chr14	HAP2_chr15	HAP2	HAP2	14	15	236533	226776	8497	454812	0.981318
chr14x15	131000001	131250000	HAP1_chr14	HAP1_chr15	HAP1	HAP1	14	15	233496	235443	3425	465514	0.992643
chr14x15	131000001	131250000	HAP1_chr14	HAP2_chr15	HAP1	HAP2	14	15	233496	235479	9911	459064	0.978410
chr14x15	131000001	131250000	HAP1_chr15	HAP2_chr14	HAP1	HAP2	15	14	235443	229887	7845	457485	0.982852
chr14x15	131000001	131250000	HAP2_chr14	HAP2_chr15	HAP2	HAP2	14	15	229887	235479	4472	460894	0.990297
chr14x15	131250001	131500000	HAP1_chr14	HAP1_chr15	HAP1	HAP1	14	15	223133	228806	15374	436565	0.964784
chr14x15	131250001	131500000	HAP1_chr14	HAP2_chr15	HAP1	HAP2	14	15	223133	203515	4964	421684	0.988228
chr14x15	131250001	131500000	HAP1_chr15	HAP2_chr14	HAP1	HAP2	15	14	228806	221577	8189	442194	0.981481
chr14x15	131250001	131500000	HAP2_chr14	HAP2_chr15	HAP2	HAP2	14	15	221577	203515	7553	417539	0.981911
chr14x15	131500001	131750000	HAP1_chr14	HAP1_chr15	HAP1	HAP1	14	15	233356	142435	6213	369578	0.983189
chr14x15	131500001	131750000	HAP1_chr14	HAP2_chr15	HAP1	HAP2	14	15	233356	230803	5193	458966	0.988685
chr14x15	131500001	131750000	HAP1_chr15	HAP2_chr14	HAP1	HAP2	15	14	142435	221046	5798	357683	0.983790
chr14x15	131500001	131750000	HAP2_chr14	HAP2_chr15	HAP2	HAP2	14	15	221046	230803	10586	441263	0.976010
chr14x15	131750001	132000000	HAP1_chr14	HAP1_chr15	HAP1	HAP1	14	15	231066	196210	4575	422701	0.989177
chr14x15	131750001	132000000	HAP1_chr14	HAP2_chr15	HAP1	HAP2	14	15	231066	234699	5172	460593	0.988771
chr14x15	131750001	132000000	HAP1_chr15	HAP2_chr14	HAP1	HAP2	15	14	196210	224554	4085	416679	0.990196
chr14x15	131750001	132000000	HAP2_chr14	HAP2_chr15	HAP2	HAP2	14	15	224554	234699	4948	454305	0.989109
chr14x15	132000001	132250000	HAP1_chr14	HAP1_chr15	HAP1	HAP1	14	15	211022	231421	7427	435016	0.982927
chr14x15	132000001	132250000	HAP1_chr14	HAP2_chr15	HAP1	HAP2	14	15	211022	210372	15062	406332	0.962932
chr14x15	132000001	132250000	HAP1_chr15	HAP2_chr14	HAP1	HAP2	15	14	231421	198610	7677	422354	0.981823
chr14x15	132000001	132250000	HAP2_chr14	HAP2_chr15	HAP2	HAP2	14	15	198610	210372	2470	406512	0.993924
chr14x15	132250001	132500000	HAP1_chr14	HAP1_chr15	HAP1	HAP1	14	15	179496	226144	2128	403512	0.994726
chr14x15	132250001	132500000	HAP1_chr14	HAP2_chr15	HAP1	HAP2	14	15	179496	213219	16752	375963	0.955442
chr14x15	132250001	132500000	HAP1_chr15	HAP2_chr14	HAP1	HAP2	15	14	226144	235953	5220	456877	0.988575
chr14x15	132250001	132500000	HAP2_chr14	HAP2_chr15	HAP2	HAP2	14	15	235953	213219	7922	441250	0.982046
chr14x15	132500001	132750000	HAP1_chr14	HAP1_chr15	HAP1	HAP1	14	15	225757	197110	1684	421183	0.996002
chr14x15	132500001	132750000	HAP1_chr14	HAP2_chr15	HAP1	HAP2	14	15	225757	199969	4643	421083	0.988974
chr14x15	132500001	132750000	HAP1_chr15	HAP2_chr14	HAP1	HAP2	15	14	197110	241604	1592	437122	0.996358
chr14x15	132500001	132750000	HAP2_chr14	HAP2_chr15	HAP2	HAP2	14	15	241604	199969	7243	434330	0.983324
chr14x15	132750001	133000000	HAP1_chr14	HAP1_chr15	HAP1	HAP1	14	15	200513	229428	3980	425961	0.990656
chr14x15	132750001	133000000	HAP1_chr14	HAP2_chr15	HAP1	HAP2	14	15	200513	216594	12392	404715	0.969381
chr14x15	132750001	133000000	HAP1_chr15	HAP2_chr14	HAP1	HAP2	15	14	229428	237938	8161	459205	0.982228
chr14x15	132750001	133000000	HAP2_chr14	HAP2_chr15	HAP2	HAP2	14	15	237938	216594	4165	450367	0.990752
chr14x15	133000001	133250000	HAP1_chr14	HAP1_chr15	HAP1	HAP1	14	15	196070	236096	3585	428581	0.991635
chr14x15	133000001	133250000	HAP1_chr14	HAP2_chr15	HAP1	HAP2	14	15	196070	231461	8278	419253	0.980255
chr14x15	133000001	133250000	HAP1_chr15	HAP2_chr14	HAP1	HAP2	15	14	236096	232283	3146	465233	0.993238
chr14x15	133000001	133250000	HAP2_chr14	HAP2_chr15	HAP2	HAP2	14	15	232283	231461	15375	448369	0.965709
chr14x15	133250001	133500000	HAP1_chr14	HAP1_chr15	HAP1	HAP1	14	15	182373	225539	4253	403659	0.989464
chr14x15	133250001	133500000	HAP1_chr14	HAP2_chr15	HAP1	HAP2	14	15	182373	231968	3264	411077	0.992060
chr14x15	133250001	133500000	HAP1_chr15	HAP2_chr14	HAP1	HAP2	15	14	225539	202554	11531	416562	0.972319
chr14x15	133250001	133500000	HAP2_chr14	HAP2_chr15	HAP2	HAP2	14	15	202554	231968	12517	422005	0.970339
chr14x15	133500001	133750000	HAP1_chr14	HAP1_chr15	HAP1	HAP1	14	15	202611	233305	10735	425181	0.974752
chr14x15	133500001	133750000	HAP1_chr14	HAP2_chr15	HAP1	HAP2	14	15	202611	237044	6341	433314	0.985366
chr14x15	133500001	133750000	HAP1_chr15	HAP2_chr14	HAP1	HAP2	15	14	233305	227208	8737	451776	0.980661
chr14x15	133500001	133750000	HAP2_chr14	HAP2_chr15	HAP2	HAP2	14	15	227208	237044	5267	458985	0.988525
chr14x15	133750001	134000000	HAP1_chr14	HAP1_chr15	HAP1	HAP1	14	15	200077	231544	5268	426353	0.987644
chr14x15	133750001	134000000	HAP1_chr14	HAP2_chr15	HAP1	HAP2	14	15	200077	233844	7171	426750	0.983196
chr14x15	133750001	134000000	HAP1_chr15	HAP2_chr14	HAP1	HAP2	15	14	231544	237814	4972	464386	0.989293
chr14x15	133750001	134000000	HAP2_chr14	HAP2_chr15	HAP2	HAP2	14	15	237814	233844	7027	464631	0.984876
chr14x15	134000001	134250000	HAP1_chr14	HAP1_chr15	HAP1	HAP1	14	15	205693	225850	6790	424753	0.984014
chr14x15	134000001	134250000	HAP1_chr14	HAP2_chr15	HAP1	HAP2	14	15	205693	201576	141473	265796	0.467738
chr14x15	134000001	134250000	HAP1_chr15	HAP2_chr14	HAP1	HAP2	15	14	225850	238957	8830	455977	0.980635
chr14x15	134000001	134250000	HAP2_chr14	HAP2_chr15	HAP2	HAP2	14	15	238957	201576	6902	433631	0.984083
chr14x15	134250001	134500000	HAP1_chr14	HAP1_chr15	HAP1	HAP1	14	15	176278	239336	3878	411736	0.990581
chr14x15	134250001	134500000	HAP1_chr14	HAP2_chr15	HAP1	HAP2	14	15	176278	201455	143110	234623	0.390043
chr14x15	134250001	134500000	HAP1_chr15	HAP2_chr14	HAP1	HAP2	15	14	239336	237161	5738	470759	0.987811
chr14x15	134250001	134500000	HAP2_chr14	HAP2_chr15	HAP2	HAP2	14	15	237161	201455	8639	429977	0.979908
chr14x15	134500001	134750000	HAP1_chr14	HAP1_chr15	HAP1	HAP1	14	15	228778	237935	4128	462585	0.991076
chr14x15	134500001	134750000	HAP1_chr14	HAP2_chr15	HAP1	HAP2	14	15	228778	186208	39901	375085	0.893621
chr14x15	134500001	134750000	HAP1_chr15	HAP2_chr14	HAP1	HAP2	15	14	237935	227859	10112	455682	0.977809
chr14x15	134500001	134750000	HAP2_chr14	HAP2_chr15	HAP2	HAP2	14	15	227859	186208	11099	402968	0.972457
chr14x15	134750001	135000000	HAP1_chr14	HAP1_chr15	HAP1	HAP1	14	15	228547	237449	6954	459042	0.984851
chr14x15	134750001	135000000	HAP1_chr14	HAP2_chr15	HAP1	HAP2	14	15	228547	199317	5433	422431	0.987139
chr14x15	134750001	135000000	HAP1_chr15	HAP2_chr14	HAP1	HAP2	15	14	237449	229663	6031	461081	0.986920
chr14x15	134750001	135000000	HAP2_chr14	HAP2_chr15	HAP2	HAP2	14	15	229663	199317	18859	410121	0.954016
chr14x15	135000001	135250000	HAP1_chr14	HAP1_chr15	HAP1	HAP1	14	15	236716	221937	4583	454070	0.989907
chr14x15	135000001	135250000	HAP1_chr14	HAP2_chr15	HAP1	HAP2	14	15	236716	194303	3215	427804	0.992485
chr14x15	135000001	135250000	HAP1_chr15	HAP2_chr14	HAP1	HAP2	15	14	221937	229351	3738	447550	0.991648
chr14x15	135000001	135250000	HAP2_chr14	HAP2_chr15	HAP2	HAP2	14	15	229351	194303	3354	420300	0.992020
chr14x15	135250001	135500000	HAP1_chr14	HAP1_chr15	HAP1	HAP1	14	15	238528	226214	10236	454506	0.977479
chr14x15	135250001	135500000	HAP1_chr14	HAP2_chr15	HAP1	HAP2	14	15	238528	205126	8488	435166	0.980495
chr14x15	135250001	135500000	HAP1_chr15	HAP2_chr14	HAP1	HAP2	15	14	226214	228590	8519	446285	0.980911
chr14x15	135250001	135500000	HAP2_chr14	HAP2_chr15	HAP2	HAP2	14	15	228590	205126	14244	419472	0.966043
chr14x15	135500001	135750000	HAP1_chr14	HAP1_chr15	HAP1	HAP1	14	15	220287	232821	6968	446140	0.984382
chr14x15	135500001	135750000	HAP1_chr14	HAP2_chr15	HAP1	HAP2	14	15	220287	188600	2834	406053	0.993021
chr14x15	135500001	135750000	HAP1_chr15	HAP2_chr14	HAP1	HAP2	15	14	232821	227366	6853	453334	0.984883
chr14x15	135500001	135750000	HAP2_chr14	HAP2_chr15	HAP2	HAP2	14	15	227366	188600	4473	411493	0.989130
chr14x15	135750001	136000000	HAP1_chr14	HAP1_chr15	HAP1	HAP1	14	15	151489	231560	8972	374077	0.976016
chr14x15	135750001	136000000	HAP1_chr14	HAP2_chr15	HAP1	HAP2	14	15	151489	208631	7222	352898	0.979535
chr14x15	135750001	136000000	HAP1_chr15	HAP2_chr14	HAP1	HAP2	15	14	231560	137305	4840	364025	0.986704
chr14x15	135750001	136000000	HAP2_chr14	HAP2_chr15	HAP2	HAP2	14	15	137305	208631	3021	342915	0.991190
chr14x15	136000001	136250000	HAP1_chr14	HAP1_chr15	HAP1	HAP1	14	15	235233	222580	7959	449854	0.982308
chr14x15	136000001	136250000	HAP1_chr14	HAP2_chr15	HAP1	HAP2	14	15	235233	173664	1954	406943	0.995198
chr14x15	136000001	136250000	HAP1_chr15	HAP2_chr14	HAP1	HAP2	15	14	222580	238518	7127	453971	0.984301
chr14x15	136000001	136250000	HAP2_chr14	HAP2_chr15	HAP2	HAP2	14	15	238518	173664	5313	406869	0.986942
chr14x15	136250001	136500000	HAP1_chr14	HAP1_chr15	HAP1	HAP1	14	15	225043	214795	9138	430700	0.978783
chr14x15	136250001	136500000	HAP1_chr14	HAP2_chr15	HAP1	HAP2	14	15	225043	210791	9974	425860	0.976579
chr14x15	136250001	136500000	HAP1_chr15	HAP2_chr14	HAP1	HAP2	15	14	214795	238311	3257	449849	0.992760
chr14x15	136250001	136500000	HAP2_chr14	HAP2_chr15	HAP2	HAP2	14	15	238311	210791	7584	441518	0.982823
chr14x15	136500001	136750000	HAP1_chr14	HAP1_chr15	HAP1	HAP1	14	15	219762	229732	6092	443402	0.986261
chr14x15	136500001	136750000	HAP1_chr14	HAP2_chr15	HAP1	HAP2	14	15	219762	230891	6592	444061	0.985155
chr14x15	136500001	136750000	HAP1_chr15	HAP2_chr14	HAP1	HAP2	15	14	229732	231585	2285	459032	0.995022
chr14x15	136500001	136750000	HAP2_chr14	HAP2_chr15	HAP2	HAP2	14	15	231585	230891	4010	458466	0.991253
chr14x15	136750001	137000000	HAP1_chr14	HAP1_chr15	HAP1	HAP1	14	15	231013	239132	7045	463100	0.984787
chr14x15	136750001	137000000	HAP1_chr14	HAP2_chr15	HAP1	HAP2	14	15	231013	219525	11754	438784	0.973212
chr14x15	136750001	137000000	HAP1_chr15	HAP2_chr14	HAP1	HAP2	15	14	239132	229495	5601	463026	0.987903
chr14x15	136750001	137000000	HAP2_chr14	HAP2_chr15	HAP2	HAP2	14	15	229495	219525	9548	439472	0.978274
chr14x15	137000001	137250000	HAP1_chr14	HAP1_chr15	HAP1	HAP1	14	15	241867	237687	3573	475981	0.992493
chr14x15	137000001	137250000	HAP1_chr14	HAP2_chr15	HAP1	HAP2	14	15	241867	231542	4836	468573	0.989679
chr14x15	137000001	137250000	HAP1_chr15	HAP2_chr14	HAP1	HAP2	15	14	237687	176207	4864	409030	0.988108
chr14x15	137000001	137250000	HAP2_chr14	HAP2_chr15	HAP2	HAP2	14	15	176207	231542	4100	403649	0.989843
chr14x15	137250001	137500000	HAP1_chr14	HAP1_chr15	HAP1	HAP1	14	15	230880	232326	19397	443809	0.956294
chr14x15	137250001	137500000	HAP1_chr14	HAP2_chr15	HAP1	HAP2	14	15	230880	221487	5573	446794	0.987527
chr14x15	137250001	137500000	HAP1_chr15	HAP2_chr14	HAP1	HAP2	15	14	232326	103149	3407	332068	0.989740
chr14x15	137250001	137500000	HAP2_chr14	HAP2_chr15	HAP2	HAP2	14	15	103149	221487	5568	319068	0.982549
chr14x15	137500001	137750000	HAP1_chr14	HAP1_chr15	HAP1	HAP1	14	15	199000	233576	6858	425718	0.983891
chr14x15	137500001	137750000	HAP1_chr14	HAP2_chr15	HAP1	HAP2	14	15	199000	126313	3396	321917	0.989451
chr14x15	137500001	137750000	HAP1_chr15	HAP2_chr14	HAP1	HAP2	15	14	233576	237972	7882	463666	0.983001
chr14x15	137500001	137750000	HAP2_chr14	HAP2_chr15	HAP2	HAP2	14	15	237972	126313	18292	345993	0.947132
chr14x15	137750001	138000000	HAP1_chr14	HAP1_chr15	HAP1	HAP1	14	15	217048	235835	5820	447063	0.986982
chr14x15	137750001	138000000	HAP1_chr14	HAP2_chr15	HAP1	HAP2	14	15	217048	65657	1008	281697	0.996422
chr14x15	137750001	138000000	HAP1_chr15	HAP2_chr14	HAP1	HAP2	15	14	235835	230920	8064	458691	0.982420
chr14x15	137750001	138000000	HAP2_chr14	HAP2_chr15	HAP2	HAP2	14	15	230920	65657	2778	293799	0.990545
chr14x15	138000001	138250000	HAP1_chr14	HAP1_chr15	HAP1	HAP1	14	15	219882	229196	2209	446869	0.995057
chr14x15	138000001	138250000	HAP1_chr14	HAP2_chr15	HAP1	HAP2	14	15	219882	89824	1015	308691	0.996712
chr14x15	138000001	138250000	HAP1_chr15	HAP2_chr14	HAP1	HAP2	15	14	229196	230466	2733	456929	0.994019
chr14x15	138000001	138250000	HAP2_chr14	HAP2_chr15	HAP2	HAP2	14	15	230466	89824	2468	317822	0.992235
chr14x15	138250001	138500000	HAP1_chr14	HAP1_chr15	HAP1	HAP1	14	15	229486	240198	3472	466212	0.992553
chr14x15	138250001	138500000	HAP1_chr14	HAP2_chr15	HAP1	HAP2	14	15	229486	238004	4179	463311	0.990980
chr14x15	138250001	138500000	HAP1_chr15	HAP2_chr14	HAP1	HAP2	15	14	240198	222887	3778	459307	0.991775
chr14x15	138250001	138500000	HAP2_chr14	HAP2_chr15	HAP2	HAP2	14	15	222887	238004	9982	450909	0.977862
chr14x15	138500001	138750000	HAP1_chr14	HAP1_chr15	HAP1	HAP1	14	15	212408	237286	4247	445447	0.990466
chr14x15	138500001	138750000	HAP1_chr14	HAP2_chr15	HAP1	HAP2	14	15	212408	198536	3154	407790	0.992266
chr14x15	138500001	138750000	HAP1_chr15	HAP2_chr14	HAP1	HAP2	15	14	237286	227496	8082	456700	0.982303
chr14x15	138500001	138750000	HAP2_chr14	HAP2_chr15	HAP2	HAP2	14	15	227496	198536	9590	416442	0.976972
chr14x15	138750001	139000000	HAP1_chr14	HAP1_chr15	HAP1	HAP1	14	15	239588	231592	8482	462698	0.981668
chr14x15	138750001	139000000	HAP1_chr14	HAP2_chr15	HAP1	HAP2	14	15	239588	210782	5894	444476	0.986739
chr14x15	138750001	139000000	HAP1_chr15	HAP2_chr14	HAP1	HAP2	15	14	231592	230769	7512	454849	0.983485
chr14x15	138750001	139000000	HAP2_chr14	HAP2_chr15	HAP2	HAP2	14	15	230769	210782	1543	440008	0.996493
chr14x15	139000001	139250000	HAP1_chr14	HAP1_chr15	HAP1	HAP1	14	15	238184	233410	9537	462057	0.979360
chr14x15	139000001	139250000	HAP1_chr14	HAP2_chr15	HAP1	HAP2	14	15	238184	212364	2564	447984	0.994277
chr14x15	139000001	139250000	HAP1_chr15	HAP2_chr14	HAP1	HAP2	15	14	233410	227509	5400	455519	0.988145
chr14x15	139000001	139250000	HAP2_chr14	HAP2_chr15	HAP2	HAP2	14	15	227509	212364	6890	432983	0.984087
chr14x15	139250001	139500000	HAP1_chr14	HAP1_chr15	HAP1	HAP1	14	15	233241	229856	7318	455779	0.983944
chr14x15	139250001	139500000	HAP1_chr14	HAP2_chr15	HAP1	HAP2	14	15	233241	237968	5499	465710	0.988192
chr14x15	139250001	139500000	HAP1_chr15	HAP2_chr14	HAP1	HAP2	15	14	229856	236229	2859	463226	0.993828
chr14x15	139250001	139500000	HAP2_chr14	HAP2_chr15	HAP2	HAP2	14	15	236229	237968	2016	472181	0.995730
chr14x15	139500001	139750000	HAP1_chr14	HAP1_chr15	HAP1	HAP1	14	15	217945	218269	7661	428553	0.982124
chr14x15	139500001	139750000	HAP1_chr14	HAP2_chr15	HAP1	HAP2	14	15	217945	237520	3128	452337	0.993085
chr14x15	139500001	139750000	HAP1_chr15	HAP2_chr14	HAP1	HAP2	15	14	218269	193435	3892	407812	0.990456
chr14x15	139500001	139750000	HAP2_chr14	HAP2_chr15	HAP2	HAP2	14	15	193435	237520	9322	421633	0.977891
chr14x15	139750001	140000000	HAP1_chr14	HAP1_chr15	HAP1	HAP1	14	15	221967	222338	1906	442399	0.995692
chr14x15	139750001	140000000	HAP1_chr14	HAP2_chr15	HAP1	HAP2	14	15	221967	218895	5418	435444	0.987558
chr14x15	139750001	140000000	HAP1_chr15	HAP2_chr14	HAP1	HAP2	15	14	222338	192334	2110	412562	0.994886
chr14x15	139750001	140000000	HAP2_chr14	HAP2_chr15	HAP2	HAP2	14	15	192334	218895	10138	401091	0.974724
chr14x15	140000001	140250000	HAP1_chr14	HAP1_chr15	HAP1	HAP1	14	15	231230	189181	3465	416946	0.991690
chr14x15	140000001	140250000	HAP1_chr14	HAP2_chr15	HAP1	HAP2	14	15	231230	231301	4202	458329	0.990832
chr14x15	140000001	140250000	HAP1_chr15	HAP2_chr14	HAP1	HAP2	15	14	189181	224146	4002	409325	0.990223
chr14x15	140000001	140250000	HAP2_chr14	HAP2_chr15	HAP2	HAP2	14	15	224146	231301	6443	449004	0.985650
chr14x15	140250001	140500000	HAP1_chr14	HAP1_chr15	HAP1	HAP1	14	15	228190	232184	4902	455472	0.989238
chr14x15	140250001	140500000	HAP1_chr14	HAP2_chr15	HAP1	HAP2	14	15	228190	189185	9296	408079	0.977220
chr14x15	140250001	140500000	HAP1_chr15	HAP2_chr14	HAP1	HAP2	15	14	232184	234628	7719	459093	0.983186
chr14x15	140250001	140500000	HAP2_chr14	HAP2_chr15	HAP2	HAP2	14	15	234628	189185	11204	412609	0.972846
chr14x15	140500001	140750000	HAP1_chr14	HAP1_chr15	HAP1	HAP1	14	15	225968	212609	8092	430485	0.981203
chr14x15	140500001	140750000	HAP1_chr14	HAP2_chr15	HAP1	HAP2	14	15	225968	221831	3966	443833	0.991064
chr14x15	140500001	140750000	HAP1_chr15	HAP2_chr14	HAP1	HAP2	15	14	212609	224855	3181	434283	0.992675
chr14x15	140500001	140750000	HAP2_chr14	HAP2_chr15	HAP2	HAP2	14	15	224855	221831	5756	440930	0.986946
chr14x15	140750001	141000000	HAP1_chr14	HAP1_chr15	HAP1	HAP1	14	15	234019	238252	2708	469563	0.994233
chr14x15	140750001	141000000	HAP1_chr14	HAP2_chr15	HAP1	HAP2	14	15	234019	230387	9504	454902	0.979108
chr14x15	140750001	141000000	HAP1_chr15	HAP2_chr14	HAP1	HAP2	15	14	238252	208627	1004	445875	0.997748
chr14x15	140750001	141000000	HAP2_chr14	HAP2_chr15	HAP2	HAP2	14	15	208627	230387	12449	426565	0.970816
chr14x15	141000001	141250000	HAP1_chr14	HAP1_chr15	HAP1	HAP1	14	15	229981	228429	4204	454206	0.990744
chr14x15	141000001	141250000	HAP1_chr14	HAP2_chr15	HAP1	HAP2	14	15	229981	240912	3162	467731	0.993240
chr14x15	141000001	141250000	HAP1_chr15	HAP2_chr14	HAP1	HAP2	15	14	228429	232102	7564	452967	0.983301
chr14x15	141000001	141250000	HAP2_chr14	HAP2_chr15	HAP2	HAP2	14	15	232102	240912	10652	462362	0.976962
chr14x15	141250001	141500000	HAP1_chr14	HAP1_chr15	HAP1	HAP1	14	15	232990	153479	6564	379905	0.982722
chr14x15	141250001	141500000	HAP1_chr14	HAP2_chr15	HAP1	HAP2	14	15	232990	221436	13540	440886	0.969289
chr14x15	141250001	141500000	HAP1_chr15	HAP2_chr14	HAP1	HAP2	15	14	153479	238240	6981	384738	0.981855
chr14x15	141250001	141500000	HAP2_chr14	HAP2_chr15	HAP2	HAP2	14	15	238240	221436	5065	454611	0.988859
chr14x15	141500001	141750000	HAP1_chr14	HAP1_chr15	HAP1	HAP1	14	15	236353	102510	4426	334437	0.986766
chr14x15	141500001	141750000	HAP1_chr14	HAP2_chr15	HAP1	HAP2	14	15	236353	202725	2722	436356	0.993762
chr14x15	141500001	141750000	HAP1_chr15	HAP2_chr14	HAP1	HAP2	15	14	102510	224874	7026	320358	0.978068
chr14x15	141500001	141750000	HAP2_chr14	HAP2_chr15	HAP2	HAP2	14	15	224874	202725	4717	422882	0.988846
chr14x15	141750001	142000000	HAP1_chr14	HAP1_chr15	HAP1	HAP1	14	15	234302	231655	3835	462122	0.991701
chr14x15	141750001	142000000	HAP1_chr14	HAP2_chr15	HAP1	HAP2	14	15	234302	240097	3243	471156	0.993117
chr14x15	141750001	142000000	HAP1_chr15	HAP2_chr14	HAP1	HAP2	15	14	231655	227007	3687	454975	0.991896
chr14x15	141750001	142000000	HAP2_chr14	HAP2_chr15	HAP2	HAP2	14	15	227007	240097	4737	462367	0.989755
chr14x15	142000001	142250000	HAP1_chr14	HAP1_chr15	HAP1	HAP1	14	15	234526	237897	6720	465703	0.985570
chr14x15	142000001	142250000	HAP1_chr14	HAP2_chr15	HAP1	HAP2	14	15	234526	226559	8822	452263	0.980494
chr14x15	142000001	142250000	HAP1_chr15	HAP2_chr14	HAP1	HAP2	15	14	237897	240759	7172	471484	0.984788
chr14x15	142000001	142250000	HAP2_chr14	HAP2_chr15	HAP2	HAP2	14	15	240759	226559	7490	459828	0.983711
chr14x15	142250001	142500000	HAP1_chr14	HAP1_chr15	HAP1	HAP1	14	15	238844	234932	5178	468598	0.988950
chr14x15	142250001	142500000	HAP1_chr14	HAP2_chr15	HAP1	HAP2	14	15	238844	229367	5258	462953	0.988642
chr14x15	142250001	142500000	HAP1_chr15	HAP2_chr14	HAP1	HAP2	15	14	234932	201127	4248	431811	0.990162
chr14x15	142250001	142500000	HAP2_chr14	HAP2_chr15	HAP2	HAP2	14	15	201127	229367	4155	426339	0.990254
chr14x15	142500001	142750000	HAP1_chr14	HAP1_chr15	HAP1	HAP1	14	15	191695	233399	4799	420295	0.988582
chr14x15	142500001	142750000	HAP1_chr14	HAP2_chr15	HAP1	HAP2	14	15	191695	237819	2265	427249	0.994699
chr14x15	142500001	142750000	HAP1_chr15	HAP2_chr14	HAP1	HAP2	15	14	233399	235462	13479	455382	0.970401
chr14x15	142500001	142750000	HAP2_chr14	HAP2_chr15	HAP2	HAP2	14	15	235462	237819	2663	470618	0.994341
chr14x15	142750001	143000000	HAP1_chr14	HAP1_chr15	HAP1	HAP1	14	15	140758	232879	2628	371009	0.992917
chr14x15	142750001	143000000	HAP1_chr14	HAP2_chr15	HAP1	HAP2	14	15	140758	233182	8175	365765	0.977650
chr14x15	142750001	143000000	HAP1_chr15	HAP2_chr14	HAP1	HAP2	15	14	232879	207560	4405	436034	0.989898
chr14x15	142750001	143000000	HAP2_chr14	HAP2_chr15	HAP2	HAP2	14	15	207560	233182	8178	432564	0.981094
chr14x15	143000001	143250000	HAP1_chr14	HAP1_chr15	HAP1	HAP1	14	15	217381	230411	2825	444967	0.993651
chr14x15	143000001	143250000	HAP1_chr14	HAP2_chr15	HAP1	HAP2	14	15	217381	229434	4957	441858	0.988781
chr14x15	143000001	143250000	HAP1_chr15	HAP2_chr14	HAP1	HAP2	15	14	230411	227632	4064	453979	0.991048
chr14x15	143000001	143250000	HAP2_chr14	HAP2_chr15	HAP2	HAP2	14	15	227632	229434	9789	447277	0.978114
chr14x15	143250001	143500000	HAP1_chr14	HAP1_chr15	HAP1	HAP1	14	15	239298	237558	3795	473061	0.991978
chr14x15	143250001	143500000	HAP1_chr14	HAP2_chr15	HAP1	HAP2	14	15	239298	222203	3602	457899	0.992134
chr14x15	143250001	143500000	HAP1_chr15	HAP2_chr14	HAP1	HAP2	15	14	237558	217529	7381	447706	0.983514
chr14x15	143250001	143500000	HAP2_chr14	HAP2_chr15	HAP2	HAP2	14	15	217529	222203	11038	428694	0.974252
chr14x15	143500001	143750000	HAP1_chr14	HAP1_chr15	HAP1	HAP1	14	15	216639	240761	7725	449675	0.982821
chr14x15	143500001	143750000	HAP1_chr14	HAP2_chr15	HAP1	HAP2	14	15	216639	226279	4687	438231	0.989305
chr14x15	143500001	143750000	HAP1_chr15	HAP2_chr14	HAP1	HAP2	15	14	240761	224671	7296	458136	0.984075
chr14x15	143500001	143750000	HAP2_chr14	HAP2_chr15	HAP2	HAP2	14	15	224671	226279	4002	446948	0.991046
chr14x15	143750001	144000000	HAP1_chr14	HAP1_chr15	HAP1	HAP1	14	15	236048	238427	4814	469661	0.989750
chr14x15	143750001	144000000	HAP1_chr14	HAP2_chr15	HAP1	HAP2	14	15	236048	236772	5935	466885	0.987288
chr14x15	143750001	144000000	HAP1_chr15	HAP2_chr14	HAP1	HAP2	15	14	238427	236919	3321	472025	0.992964
chr14x15	143750001	144000000	HAP2_chr14	HAP2_chr15	HAP2	HAP2	14	15	236919	236772	7130	466561	0.984718
chr14x15	144000001	144250000	HAP1_chr14	HAP1_chr15	HAP1	HAP1	14	15	235872	227408	5702	457578	0.987539
chr14x15	144000001	144250000	HAP1_chr14	HAP2_chr15	HAP1	HAP2	14	15	235872	225120	6285	454707	0.986178
chr14x15	144000001	144250000	HAP1_chr15	HAP2_chr14	HAP1	HAP2	15	14	227408	237917	7799	457526	0.982954
chr14x15	144000001	144250000	HAP2_chr14	HAP2_chr15	HAP2	HAP2	14	15	237917	225120	5219	457818	0.988600
chr14x15	144250001	144500000	HAP1_chr14	HAP1_chr15	HAP1	HAP1	14	15	222738	236228	7419	451547	0.983570
chr14x15	144250001	144500000	HAP1_chr14	HAP2_chr15	HAP1	HAP2	14	15	222738	239563	4836	457465	0.989429
chr14x15	144250001	144500000	HAP1_chr15	HAP2_chr14	HAP1	HAP2	15	14	236228	230977	6169	461036	0.986619
chr14x15	144250001	144500000	HAP2_chr14	HAP2_chr15	HAP2	HAP2	14	15	230977	239563	3322	467218	0.992890
chr14x15	144500001	144750000	HAP1_chr14	HAP1_chr15	HAP1	HAP1	14	15	231040	213940	5717	439263	0.986985
chr14x15	144500001	144750000	HAP1_chr14	HAP2_chr15	HAP1	HAP2	14	15	231040	238355	8396	460999	0.981787
chr14x15	144500001	144750000	HAP1_chr15	HAP2_chr14	HAP1	HAP2	15	14	213940	237744	2714	448970	0.993955
chr14x15	144500001	144750000	HAP2_chr14	HAP2_chr15	HAP2	HAP2	14	15	237744	238355	2045	474054	0.995686
chr14x15	144750001	145000000	HAP1_chr14	HAP1_chr15	HAP1	HAP1	14	15	217214	232322	6680	442856	0.984916
chr14x15	144750001	145000000	HAP1_chr14	HAP2_chr15	HAP1	HAP2	14	15	217214	232083	3728	445569	0.991633
chr14x15	144750001	145000000	HAP1_chr15	HAP2_chr14	HAP1	HAP2	15	14	232322	217213	3371	446164	0.992444
chr14x15	144750001	145000000	HAP2_chr14	HAP2_chr15	HAP2	HAP2	14	15	217213	232083	9477	439819	0.978452
chr14x15	145000001	145250000	HAP1_chr14	HAP1_chr15	HAP1	HAP1	14	15	223284	234615	6937	450962	0.984617
chr14x15	145000001	145250000	HAP1_chr14	HAP2_chr15	HAP1	HAP2	14	15	223284	229563	8828	444019	0.980118
chr14x15	145000001	145250000	HAP1_chr15	HAP2_chr14	HAP1	HAP2	15	14	234615	233838	4683	463770	0.989902
chr14x15	145000001	145250000	HAP2_chr14	HAP2_chr15	HAP2	HAP2	14	15	233838	229563	9145	454256	0.979868
chr14x15	145250001	145500000	HAP1_chr14	HAP1_chr15	HAP1	HAP1	14	15	211654	233338	4565	440427	0.989635
chr14x15	145250001	145500000	HAP1_chr14	HAP2_chr15	HAP1	HAP2	14	15	211654	226104	13733	424025	0.967613
chr14x15	145250001	145500000	HAP1_chr15	HAP2_chr14	HAP1	HAP2	15	14	233338	238059	7058	464339	0.984800
chr14x15	145250001	145500000	HAP2_chr14	HAP2_chr15	HAP2	HAP2	14	15	238059	226104	3994	460169	0.991321
chr14x15	145500001	145750000	HAP1_chr14	HAP1_chr15	HAP1	HAP1	14	15	207178	239280	3344	443114	0.992453
chr14x15	145500001	145750000	HAP1_chr14	HAP2_chr15	HAP1	HAP2	14	15	207178	197043	2160	402061	0.994628
chr14x15	145500001	145750000	HAP1_chr15	HAP2_chr14	HAP1	HAP2	15	14	239280	239870	4725	474425	0.990041
chr14x15	145500001	145750000	HAP2_chr14	HAP2_chr15	HAP2	HAP2	14	15	239870	197043	3288	433625	0.992417
chr14x15	145750001	146000000	HAP1_chr14	HAP1_chr15	HAP1	HAP1	14	15	229918	239892	3052	466758	0.993461
chr14x15	145750001	146000000	HAP1_chr14	HAP2_chr15	HAP1	HAP2	14	15	229918	232661	4503	458076	0.990170
chr14x15	145750001	146000000	HAP1_chr15	HAP2_chr14	HAP1	HAP2	15	14	239892	236153	5313	470732	0.988713
chr14x15	145750001	146000000	HAP2_chr14	HAP2_chr15	HAP2	HAP2	14	15	236153	232661	5128	463686	0.988941
chr14x15	146000001	146250000	HAP1_chr14	HAP1_chr15	HAP1	HAP1	14	15	232420	231723	5046	459097	0.989009
chr14x15	146000001	146250000	HAP1_chr14	HAP2_chr15	HAP1	HAP2	14	15	232420	227212	1682	457950	0.996327
chr14x15	146000001	146250000	HAP1_chr15	HAP2_chr14	HAP1	HAP2	15	14	231723	222498	5668	448553	0.987364
chr14x15	146000001	146250000	HAP2_chr14	HAP2_chr15	HAP2	HAP2	14	15	222498	227212	4459	445251	0.989985
chr14x15	146250001	146500000	HAP1_chr14	HAP1_chr15	HAP1	HAP1	14	15	148384	234048	2675	379757	0.992956
chr14x15	146250001	146500000	HAP1_chr14	HAP2_chr15	HAP1	HAP2	14	15	148384	238396	9289	377491	0.975393
chr14x15	146250001	146500000	HAP1_chr15	HAP2_chr14	HAP1	HAP2	15	14	234048	233731	7412	460367	0.983900
chr14x15	146250001	146500000	HAP2_chr14	HAP2_chr15	HAP2	HAP2	14	15	233731	238396	8622	463505	0.981398
chr14x15	146500001	146750000	HAP1_chr14	HAP1_chr15	HAP1	HAP1	14	15	92084	234645	2066	324663	0.993636
chr14x15	146500001	146750000	HAP1_chr14	HAP2_chr15	HAP1	HAP2	14	15	92084	234346	3684	322746	0.988585
chr14x15	146500001	146750000	HAP1_chr15	HAP2_chr14	HAP1	HAP2	15	14	234645	236644	7500	463789	0.983829
chr14x15	146500001	146750000	HAP2_chr14	HAP2_chr15	HAP2	HAP2	14	15	236644	234346	6226	464764	0.986604
chr14x15	146750001	147000000	HAP1_chr14	HAP1_chr15	HAP1	HAP1	14	15	216756	227635	8727	435664	0.979969
chr14x15	146750001	147000000	HAP1_chr14	HAP2_chr15	HAP1	HAP2	14	15	216756	234268	2579	448445	0.994249
chr14x15	146750001	147000000	HAP1_chr15	HAP2_chr14	HAP1	HAP2	15	14	227635	231293	9139	449789	0.979682
chr14x15	146750001	147000000	HAP2_chr14	HAP2_chr15	HAP2	HAP2	14	15	231293	234268	5558	460003	0.987917
chr14x15	147000001	147250000	HAP1_chr14	HAP1_chr15	HAP1	HAP1	14	15	234742	238515	4445	468812	0.990519
chr14x15	147000001	147250000	HAP1_chr14	HAP2_chr15	HAP1	HAP2	14	15	234742	228904	8613	455033	0.981072
chr14x15	147000001	147250000	HAP1_chr15	HAP2_chr14	HAP1	HAP2	15	14	238515	231430	4440	465505	0.990462
chr14x15	147000001	147250000	HAP2_chr14	HAP2_chr15	HAP2	HAP2	14	15	231430	228904	9609	450725	0.978681
chr14x15	147250001	147500000	HAP1_chr14	HAP1_chr15	HAP1	HAP1	14	15	234052	197189	5765	425476	0.986450
chr14x15	147250001	147500000	HAP1_chr14	HAP2_chr15	HAP1	HAP2	14	15	234052	216668	5193	445527	0.988344
chr14x15	147250001	147500000	HAP1_chr15	HAP2_chr14	HAP1	HAP2	15	14	197189	217105	5335	408959	0.986955
chr14x15	147250001	147500000	HAP2_chr14	HAP2_chr15	HAP2	HAP2	14	15	217105	216668	2801	430972	0.993501
chr14x15	147500001	147750000	HAP1_chr14	HAP1_chr15	HAP1	HAP1	14	15	222367	192615	4172	410810	0.989844
chr14x15	147500001	147750000	HAP1_chr14	HAP2_chr15	HAP1	HAP2	14	15	222367	231671	4039	449999	0.991024
chr14x15	147500001	147750000	HAP1_chr15	HAP2_chr14	HAP1	HAP2	15	14	192615	230487	2483	420619	0.994097
chr14x15	147500001	147750000	HAP2_chr14	HAP2_chr15	HAP2	HAP2	14	15	230487	231671	7340	454818	0.983862
chr14x15	147750001	148000000	HAP1_chr14	HAP1_chr15	HAP1	HAP1	14	15	232515	219998	17516	434997	0.959733
chr14x15	147750001	148000000	HAP1_chr14	HAP2_chr15	HAP1	HAP2	14	15	232515	206820	5255	434080	0.987894
chr14x15	147750001	148000000	HAP1_chr15	HAP2_chr14	HAP1	HAP2	15	14	219998	233872	17612	436258	0.959629
chr14x15	147750001	148000000	HAP2_chr14	HAP2_chr15	HAP2	HAP2	14	15	233872	206820	7609	433083	0.982431
chr14x15	148000001	148250000	HAP1_chr14	HAP1_chr15	HAP1	HAP1	14	15	238975	211610	4271	446314	0.990431
chr14x15	148000001	148250000	HAP1_chr14	HAP2_chr15	HAP1	HAP2	14	15	238975	229280	3685	464570	0.992068
chr14x15	148000001	148250000	HAP1_chr15	HAP2_chr14	HAP1	HAP2	15	14	211610	214659	3031	423238	0.992839
chr14x15	148000001	148250000	HAP2_chr14	HAP2_chr15	HAP2	HAP2	14	15	214659	229280	10142	433797	0.976620
chr14x15	148250001	148500000	HAP1_chr14	HAP1_chr15	HAP1	HAP1	14	15	231882	233922	2945	462859	0.993637
chr14x15	148250001	148500000	HAP1_chr14	HAP2_chr15	HAP1	HAP2	14	15	231882	232388	9580	454690	0.978931
chr14x15	148250001	148500000	HAP1_chr15	HAP2_chr14	HAP1	HAP2	15	14	233922	235582	2327	467177	0.995019
chr14x15	148250001	148500000	HAP2_chr14	HAP2_chr15	HAP2	HAP2	14	15	235582	232388	4707	463263	0.989839
chr14x15	148500001	148750000	HAP1_chr14	HAP1_chr15	HAP1	HAP1	14	15	239217	239091	1803	476505	0.996216
chr14x15	148500001	148750000	HAP1_chr14	HAP2_chr15	HAP1	HAP2	14	15	239217	201504	1980	438741	0.995487
chr14x15	148500001	148750000	HAP1_chr15	HAP2_chr14	HAP1	HAP2	15	14	239091	233009	9449	462651	0.979576
chr14x15	148500001	148750000	HAP2_chr14	HAP2_chr15	HAP2	HAP2	14	15	233009	201504	3051	431462	0.992929
chr14x15	148750001	149000000	HAP1_chr14	HAP1_chr15	HAP1	HAP1	14	15	231834	238927	6859	463902	0.985215
chr14x15	148750001	149000000	HAP1_chr14	HAP2_chr15	HAP1	HAP2	14	15	231834	237676	4536	464974	0.990245
chr14x15	148750001	149000000	HAP1_chr15	HAP2_chr14	HAP1	HAP2	15	14	238927	230400	3721	465606	0.992008
chr14x15	148750001	149000000	HAP2_chr14	HAP2_chr15	HAP2	HAP2	14	15	230400	237676	3620	464456	0.992206
chr14x15	149000001	149250000	HAP1_chr14	HAP1_chr15	HAP1	HAP1	14	15	221317	232303	7086	446534	0.984131
chr14x15	149000001	149250000	HAP1_chr14	HAP2_chr15	HAP1	HAP2	14	15	221317	225238	4136	442419	0.990651
chr14x15	149000001	149250000	HAP1_chr15	HAP2_chr14	HAP1	HAP2	15	14	232303	208453	10239	430517	0.976217
chr14x15	149000001	149250000	HAP2_chr14	HAP2_chr15	HAP2	HAP2	14	15	208453	225238	11800	421891	0.972031
chr14x15	149250001	149500000	HAP1_chr14	HAP1_chr15	HAP1	HAP1	14	15	217972	234351	9078	443245	0.979519
chr14x15	149250001	149500000	HAP1_chr14	HAP2_chr15	HAP1	HAP2	14	15	217972	88798	4052	302718	0.986615
chr14x15	149250001	149500000	HAP1_chr15	HAP2_chr14	HAP1	HAP2	15	14	234351	228771	10628	452494	0.976512
chr14x15	149250001	149500000	HAP2_chr14	HAP2_chr15	HAP2	HAP2	14	15	228771	88798	1115	316454	0.996477
chr14x15	149500001	149750000	HAP1_chr14	HAP1_chr15	HAP1	HAP1	14	15	236752	242712	5302	474162	0.988818
chr14x15	149500001	149750000	HAP1_chr14	HAP2_chr15	HAP1	HAP2	14	15	236752	218545	18786	436511	0.956963
chr14x15	149500001	149750000	HAP1_chr15	HAP2_chr14	HAP1	HAP2	15	14	242712	227993	2678	468027	0.994278
chr14x15	149500001	149750000	HAP2_chr14	HAP2_chr15	HAP2	HAP2	14	15	227993	218545	4208	442330	0.990487
chr14x15	149750001	150000000	HAP1_chr14	HAP1_chr15	HAP1	HAP1	14	15	227181	231654	3881	454954	0.991469
chr14x15	149750001	150000000	HAP1_chr14	HAP2_chr15	HAP1	HAP2	14	15	227181	241830	2850	466161	0.993886
chr14x15	149750001	150000000	HAP1_chr15	HAP2_chr14	HAP1	HAP2	15	14	231654	233659	3260	462053	0.992945
chr14x15	149750001	150000000	HAP2_chr14	HAP2_chr15	HAP2	HAP2	14	15	233659	241830	2116	473373	0.995530
chr14x15	150000001	150250000	HAP1_chr14	HAP1_chr15	HAP1	HAP1	14	15	234845	231434	4977	461302	0.989211
chr14x15	150000001	150250000	HAP1_chr14	HAP2_chr15	HAP1	HAP2	14	15	234845	236741	4889	466697	0.989524
chr14x15	150000001	150250000	HAP1_chr15	HAP2_chr14	HAP1	HAP2	15	14	231434	217443	13364	435513	0.969314
chr14x15	150000001	150250000	HAP2_chr14	HAP2_chr15	HAP2	HAP2	14	15	217443	236741	6975	447209	0.984403
chr14x15	150250001	150500000	HAP1_chr14	HAP1_chr15	HAP1	HAP1	14	15	229764	207972	4934	432802	0.988600
chr14x15	150250001	150500000	HAP1_chr14	HAP2_chr15	HAP1	HAP2	14	15	229764	236850	6810	459804	0.985189
chr14x15	150250001	150500000	HAP1_chr15	HAP2_chr14	HAP1	HAP2	15	14	207972	234969	5741	437200	0.986869
chr14x15	150250001	150500000	HAP2_chr14	HAP2_chr15	HAP2	HAP2	14	15	234969	236850	8241	463578	0.982223
chr14x15	150500001	150750000	HAP1_chr14	HAP1_chr15	HAP1	HAP1	14	15	209234	230907	4611	435530	0.989413
chr14x15	150500001	150750000	HAP1_chr14	HAP2_chr15	HAP1	HAP2	14	15	209234	235004	5450	438788	0.987579
chr14x15	150500001	150750000	HAP1_chr15	HAP2_chr14	HAP1	HAP2	15	14	230907	225584	4132	452359	0.990866
chr14x15	150500001	150750000	HAP2_chr14	HAP2_chr15	HAP2	HAP2	14	15	225584	235004	2187	458401	0.995229
chr14x15	150750001	151000000	HAP1_chr14	HAP1_chr15	HAP1	HAP1	14	15	179528	232952	4453	408027	0.989087
chr14x15	150750001	151000000	HAP1_chr14	HAP2_chr15	HAP1	HAP2	14	15	179528	217356	6096	390788	0.984401
chr14x15	150750001	151000000	HAP1_chr15	HAP2_chr14	HAP1	HAP2	15	14	232952	240249	3009	470192	0.993600
chr14x15	150750001	151000000	HAP2_chr14	HAP2_chr15	HAP2	HAP2	14	15	240249	217356	2695	454910	0.994076
chr14x15	151000001	151250000	HAP1_chr14	HAP1_chr15	HAP1	HAP1	14	15	233654	217415	6665	444404	0.985002
chr14x15	151000001	151250000	HAP1_chr14	HAP2_chr15	HAP1	HAP2	14	15	233654	227291	11764	449181	0.973810
chr14x15	151000001	151250000	HAP1_chr15	HAP2_chr14	HAP1	HAP2	15	14	217415	229235	11551	435099	0.973452
chr14x15	151000001	151250000	HAP2_chr14	HAP2_chr15	HAP2	HAP2	14	15	229235	227291	6479	450047	0.985604
chr14x15	151250001	151500000	HAP1_chr14	HAP1_chr15	HAP1	HAP1	14	15	230204	233485	7663	456026	0.983196
chr14x15	151250001	151500000	HAP1_chr14	HAP2_chr15	HAP1	HAP2	14	15	230204	234596	3794	461006	0.991770
chr14x15	151250001	151500000	HAP1_chr15	HAP2_chr14	HAP1	HAP2	15	14	233485	211716	12105	433096	0.972050
chr14x15	151250001	151500000	HAP2_chr14	HAP2_chr15	HAP2	HAP2	14	15	211716	234596	3654	442658	0.991745
chr14x15	151500001	151750000	HAP1_chr14	HAP1_chr15	HAP1	HAP1	14	15	215319	231767	9222	437864	0.978939
chr14x15	151500001	151750000	HAP1_chr14	HAP2_chr15	HAP1	HAP2	14	15	215319	127126	6810	335635	0.979710
chr14x15	151500001	151750000	HAP1_chr15	HAP2_chr14	HAP1	HAP2	15	14	231767	226009	3975	453801	0.991241
chr14x15	151500001	151750000	HAP2_chr14	HAP2_chr15	HAP2	HAP2	14	15	226009	127126	3074	350061	0.991219
chr14x15	151750001	152000000	HAP1_chr14	HAP1_chr15	HAP1	HAP1	14	15	238316	224433	9301	453448	0.979488
chr14x15	151750001	152000000	HAP1_chr14	HAP2_chr15	HAP1	HAP2	14	15	238316	217449	7063	448702	0.984259
chr14x15	151750001	152000000	HAP1_chr15	HAP2_chr14	HAP1	HAP2	15	14	224433	228505	6691	446247	0.985006
chr14x15	151750001	152000000	HAP2_chr14	HAP2_chr15	HAP2	HAP2	14	15	228505	217449	2732	443222	0.993836
chr14x15	152000001	152250000	HAP1_chr14	HAP1_chr15	HAP1	HAP1	14	15	240271	240209	17124	463356	0.963044
chr14x15	152000001	152250000	HAP1_chr14	HAP2_chr15	HAP1	HAP2	14	15	240271	222229	4735	457765	0.989656
chr14x15	152000001	152250000	HAP1_chr15	HAP2_chr14	HAP1	HAP2	15	14	240209	233500	3812	469897	0.991888
chr14x15	152000001	152250000	HAP2_chr14	HAP2_chr15	HAP2	HAP2	14	15	233500	222229	6113	449616	0.986404
chr14x15	152250001	152500000	HAP1_chr14	HAP1_chr15	HAP1	HAP1	14	15	211702	193368	2657	402413	0.993397
chr14x15	152250001	152500000	HAP1_chr14	HAP2_chr15	HAP1	HAP2	14	15	211702	237528	2680	446550	0.993998
chr14x15	152250001	152500000	HAP1_chr15	HAP2_chr14	HAP1	HAP2	15	14	193368	201424	7814	386978	0.979808
chr14x15	152250001	152500000	HAP2_chr14	HAP2_chr15	HAP2	HAP2	14	15	201424	237528	10517	428435	0.975453
chr14x15	152500001	152750000	HAP1_chr14	HAP1_chr15	HAP1	HAP1	14	15	234815	214825	5838	443802	0.986845
chr14x15	152500001	152750000	HAP1_chr14	HAP2_chr15	HAP1	HAP2	14	15	234815	237459	3998	468276	0.991462
chr14x15	152500001	152750000	HAP1_chr15	HAP2_chr14	HAP1	HAP2	15	14	214825	223996	5577	433244	0.987127
chr14x15	152500001	152750000	HAP2_chr14	HAP2_chr15	HAP2	HAP2	14	15	223996	237459	6372	455083	0.985998
chr14x15	152750001	153000000	HAP1_chr14	HAP1_chr15	HAP1	HAP1	14	15	240139	231917	4868	467188	0.989580
chr14x15	152750001	153000000	HAP1_chr14	HAP2_chr15	HAP1	HAP2	14	15	240139	237494	4509	473124	0.990470
chr14x15	152750001	153000000	HAP1_chr15	HAP2_chr14	HAP1	HAP2	15	14	231917	226047	3825	454139	0.991577
chr14x15	152750001	153000000	HAP2_chr14	HAP2_chr15	HAP2	HAP2	14	15	226047	237494	3028	460513	0.993425
chr14x15	153000001	153250000	HAP1_chr14	HAP1_chr15	HAP1	HAP1	14	15	220479	212532	9279	423732	0.978102
chr14x15	153000001	153250000	HAP1_chr14	HAP2_chr15	HAP1	HAP2	14	15	220479	233414	6838	447055	0.984704
chr14x15	153000001	153250000	HAP1_chr15	HAP2_chr14	HAP1	HAP2	15	14	212532	240883	10138	443277	0.977129
chr14x15	153000001	153250000	HAP2_chr14	HAP2_chr15	HAP2	HAP2	14	15	240883	233414	2464	471833	0.994778
chr14x15	153250001	153500000	HAP1_chr14	HAP1_chr15	HAP1	HAP1	14	15	235062	232765	4017	463810	0.991339
chr14x15	153250001	153500000	HAP1_chr14	HAP2_chr15	HAP1	HAP2	14	15	235062	222099	2307	454854	0.994928
chr14x15	153250001	153500000	HAP1_chr15	HAP2_chr14	HAP1	HAP2	15	14	232765	236377	2398	466744	0.994862
chr14x15	153250001	153500000	HAP2_chr14	HAP2_chr15	HAP2	HAP2	14	15	236377	222099	5029	453447	0.988909
chr14x15	153500001	153750000	HAP1_chr14	HAP1_chr15	HAP1	HAP1	14	15	238769	231372	3822	466319	0.991804
chr14x15	153500001	153750000	HAP1_chr14	HAP2_chr15	HAP1	HAP2	14	15	238769	236871	3288	472352	0.993039
chr14x15	153500001	153750000	HAP1_chr15	HAP2_chr14	HAP1	HAP2	15	14	231372	234602	4028	461946	0.991280
chr14x15	153500001	153750000	HAP2_chr14	HAP2_chr15	HAP2	HAP2	14	15	234602	236871	3366	468107	0.992809
chr14x15	153750001	154000000	HAP1_chr14	HAP1_chr15	HAP1	HAP1	14	15	228736	135007	1198	362545	0.996696
chr14x15	153750001	154000000	HAP1_chr14	HAP2_chr15	HAP1	HAP2	14	15	228736	232745	5471	456010	0.988002
chr14x15	153750001	154000000	HAP1_chr15	HAP2_chr14	HAP1	HAP2	15	14	135007	242006	1066	375947	0.997164
chr14x15	153750001	154000000	HAP2_chr14	HAP2_chr15	HAP2	HAP2	14	15	242006	232745	5114	469637	0.989111
chr14x15	154000001	154250000	HAP1_chr14	HAP1_chr15	HAP1	HAP1	14	15	240004	215681	2546	453139	0.994381
chr14x15	154000001	154250000	HAP1_chr14	HAP2_chr15	HAP1	HAP2	14	15	240004	229531	3965	465570	0.991484
chr14x15	154000001	154250000	HAP1_chr15	HAP2_chr14	HAP1	HAP2	15	14	215681	233948	12738	436891	0.970844
chr14x15	154000001	154250000	HAP2_chr14	HAP2_chr15	HAP2	HAP2	14	15	233948	229531	4654	458825	0.989857
chr14x15	154250001	154500000	HAP1_chr14	HAP1_chr15	HAP1	HAP1	14	15	206566	231038	8487	429117	0.980222
chr14x15	154250001	154500000	HAP1_chr14	HAP2_chr15	HAP1	HAP2	14	15	206566	217906	7680	416792	0.981574
chr14x15	154250001	154500000	HAP1_chr15	HAP2_chr14	HAP1	HAP2	15	14	231038	239799	5667	465170	0.987817
chr14x15	154250001	154500000	HAP2_chr14	HAP2_chr15	HAP2	HAP2	14	15	239799	217906	6228	451477	0.986205
chr14x15	154500001	154750000	HAP1_chr14	HAP1_chr15	HAP1	HAP1	14	15	227552	232567	13435	446684	0.969923
chr14x15	154500001	154750000	HAP1_chr14	HAP2_chr15	HAP1	HAP2	14	15	227552	223487	9736	441303	0.977938
chr14x15	154500001	154750000	HAP1_chr15	HAP2_chr14	HAP1	HAP2	15	14	232567	240069	4737	467899	0.989876
chr14x15	154500001	154750000	HAP2_chr14	HAP2_chr15	HAP2	HAP2	14	15	240069	223487	6533	457023	0.985705
chr14x15	154750001	155000000	HAP1_chr14	HAP1_chr15	HAP1	HAP1	14	15	228506	237088	4589	461005	0.990046
chr14x15	154750001	155000000	HAP1_chr14	HAP2_chr15	HAP1	HAP2	14	15	228506	206122	3536	431092	0.991798
chr14x15	154750001	155000000	HAP1_chr15	HAP2_chr14	HAP1	HAP2	15	14	237088	238369	6208	469249	0.986770
chr14x15	154750001	155000000	HAP2_chr14	HAP2_chr15	HAP2	HAP2	14	15	238369	206122	7915	436576	0.981870
chr14x15	155000001	155250000	HAP1_chr14	HAP1_chr15	HAP1	HAP1	14	15	235403	228070	5555	457918	0.987869
chr14x15	155000001	155250000	HAP1_chr14	HAP2_chr15	HAP1	HAP2	14	15	235403	216674	5974	446103	0.986608
chr14x15	155000001	155250000	HAP1_chr15	HAP2_chr14	HAP1	HAP2	15	14	228070	219795	10282	437583	0.976503
chr14x15	155000001	155250000	HAP2_chr14	HAP2_chr15	HAP2	HAP2	14	15	219795	216674	16703	419766	0.960209
chr14x15	155250001	155500000	HAP1_chr14	HAP1_chr15	HAP1	HAP1	14	15	231432	228122	11453	448101	0.974441
chr14x15	155250001	155500000	HAP1_chr14	HAP2_chr15	HAP1	HAP2	14	15	231432	149610	4847	376195	0.987116
chr14x15	155250001	155500000	HAP1_chr15	HAP2_chr14	HAP1	HAP2	15	14	228122	224684	10088	442718	0.977213
chr14x15	155250001	155500000	HAP2_chr14	HAP2_chr15	HAP2	HAP2	14	15	224684	149610	8510	365784	0.976735
chr14x15	155500001	155750000	HAP1_chr14	HAP1_chr15	HAP1	HAP1	14	15	224333	225548	12566	437315	0.971266
chr14x15	155500001	155750000	HAP1_chr14	HAP2_chr15	HAP1	HAP2	14	15	224333	238431	3540	459224	0.992291
chr14x15	155500001	155750000	HAP1_chr15	HAP2_chr14	HAP1	HAP2	15	14	225548	233432	4558	454422	0.989970
chr14x15	155500001	155750000	HAP2_chr14	HAP2_chr15	HAP2	HAP2	14	15	233432	238431	7791	464072	0.983212
chr14x15	155750001	156000000	HAP1_chr14	HAP1_chr15	HAP1	HAP1	14	15	212125	234102	8198	438029	0.981284
chr14x15	155750001	156000000	HAP1_chr14	HAP2_chr15	HAP1	HAP2	14	15	212125	205137	3155	414107	0.992381
chr14x15	155750001	156000000	HAP1_chr15	HAP2_chr14	HAP1	HAP2	15	14	234102	229227	9364	453965	0.979373
chr14x15	155750001	156000000	HAP2_chr14	HAP2_chr15	HAP2	HAP2	14	15	229227	205137	7791	426573	0.981736
chr14x15	156000001	156250000	HAP1_chr14	HAP1_chr15	HAP1	HAP1	14	15	236455	231708	12631	455532	0.972272
chr14x15	156000001	156250000	HAP1_chr14	HAP2_chr15	HAP1	HAP2	14	15	236455	234202	8904	461753	0.980717
chr14x15	156000001	156250000	HAP1_chr15	HAP2_chr14	HAP1	HAP2	15	14	231708	227642	14704	444646	0.966931
chr14x15	156000001	156250000	HAP2_chr14	HAP2_chr15	HAP2	HAP2	14	15	227642	234202	12429	449415	0.972344
chr14x15	156250001	156500000	HAP1_chr14	HAP1_chr15	HAP1	HAP1	14	15	235089	222235	10021	447303	0.977597
chr14x15	156250001	156500000	HAP1_chr14	HAP2_chr15	HAP1	HAP2	14	15	235089	231530	7244	459375	0.984231
chr14x15	156250001	156500000	HAP1_chr15	HAP2_chr14	HAP1	HAP2	15	14	222235	203553	6699	419089	0.984015
chr14x15	156250001	156500000	HAP2_chr14	HAP2_chr15	HAP2	HAP2	14	15	203553	231530	5031	430052	0.988301
chr14x15	156500001	156750000	HAP1_chr14	HAP1_chr15	HAP1	HAP1	14	15	234869	222403	5565	451707	0.987680
chr14x15	156500001	156750000	HAP1_chr14	HAP2_chr15	HAP1	HAP2	14	15	234869	232586	6405	461050	0.986108
chr14x15	156500001	156750000	HAP1_chr15	HAP2_chr14	HAP1	HAP2	15	14	222403	214939	9157	428185	0.978614
chr14x15	156500001	156750000	HAP2_chr14	HAP2_chr15	HAP2	HAP2	14	15	214939	232586	2946	444579	0.993374
chr14x15	156750001	157000000	HAP1_chr14	HAP1_chr15	HAP1	HAP1	14	15	233281	231510	3871	460920	0.991602
chr14x15	156750001	157000000	HAP1_chr14	HAP2_chr15	HAP1	HAP2	14	15	233281	225535	5721	453095	0.987374
chr14x15	156750001	157000000	HAP1_chr15	HAP2_chr14	HAP1	HAP2	15	14	231510	214137	9042	436605	0.979290
chr14x15	156750001	157000000	HAP2_chr14	HAP2_chr15	HAP2	HAP2	14	15	214137	225535	8762	430910	0.979666
chr14x15	157000001	157250000	HAP1_chr14	HAP1_chr15	HAP1	HAP1	14	15	229219	215010	9384	434845	0.978420
chr14x15	157000001	157250000	HAP1_chr14	HAP2_chr15	HAP1	HAP2	14	15	229219	233627	12189	450657	0.972953
chr14x15	157000001	157250000	HAP1_chr15	HAP2_chr14	HAP1	HAP2	15	14	215010	221030	14856	421184	0.964728
chr14x15	157000001	157250000	HAP2_chr14	HAP2_chr15	HAP2	HAP2	14	15	221030	233627	2305	452352	0.994904
chr14x15	157250001	157500000	HAP1_chr14	HAP1_chr15	HAP1	HAP1	14	15	235061	214765	15538	434288	0.964222
chr14x15	157250001	157500000	HAP1_chr14	HAP2_chr15	HAP1	HAP2	14	15	235061	196088	4555	426594	0.989322
chr14x15	157250001	157500000	HAP1_chr15	HAP2_chr14	HAP1	HAP2	15	14	214765	233021	8688	439098	0.980214
chr14x15	157250001	157500000	HAP2_chr14	HAP2_chr15	HAP2	HAP2	14	15	233021	196088	5995	423114	0.985831
chr14x15	157500001	157750000	HAP1_chr14	HAP1_chr15	HAP1	HAP1	14	15	234168	227458	11493	450133	0.974468
chr14x15	157500001	157750000	HAP1_chr14	HAP2_chr15	HAP1	HAP2	14	15	234168	240659	6704	468123	0.985679
chr14x15	157500001	157750000	HAP1_chr15	HAP2_chr14	HAP1	HAP2	15	14	227458	150411	12996	364873	0.964382
chr14x15	157500001	157750000	HAP2_chr14	HAP2_chr15	HAP2	HAP2	14	15	150411	240659	3526	387544	0.990902
chr14x15	157750001	158000000	HAP1_chr14	HAP1_chr15	HAP1	HAP1	14	15	227893	186199	9462	404630	0.976616
chr14x15	157750001	158000000	HAP1_chr14	HAP2_chr15	HAP1	HAP2	14	15	227893	238851	2379	464365	0.994877
chr14x15	157750001	158000000	HAP1_chr15	HAP2_chr14	HAP1	HAP2	15	14	186199	116305	4230	298274	0.985818
chr14x15	157750001	158000000	HAP2_chr14	HAP2_chr15	HAP2	HAP2	14	15	116305	238851	1943	353213	0.994499
chr14x15	158000001	158250000	HAP1_chr14	HAP1_chr15	HAP1	HAP1	14	15	227972	231348	4627	454693	0.989824
chr14x15	158000001	158250000	HAP1_chr14	HAP2_chr15	HAP1	HAP2	14	15	227972	230640	4868	453744	0.989271
chr14x15	158000001	158250000	HAP1_chr15	HAP2_chr14	HAP1	HAP2	15	14	231348	135613	3182	363779	0.991253
chr14x15	158000001	158250000	HAP2_chr14	HAP2_chr15	HAP2	HAP2	14	15	135613	230640	10211	356042	0.971321
chr14x15	158250001	158500000	HAP1_chr14	HAP1_chr15	HAP1	HAP1	14	15	238795	239650	5318	473127	0.988760
chr14x15	158250001	158500000	HAP1_chr14	HAP2_chr15	HAP1	HAP2	14	15	238795	228964	2995	464764	0.993556
chr14x15	158250001	158500000	HAP1_chr15	HAP2_chr14	HAP1	HAP2	15	14	239650	106177	2057	343770	0.994016
chr14x15	158250001	158500000	HAP2_chr14	HAP2_chr15	HAP2	HAP2	14	15	106177	228964	13195	321946	0.959015
chr14x15	158500001	158750000	HAP1_chr14	HAP1_chr15	HAP1	HAP1	14	15	205190	237983	7926	435247	0.981790
chr14x15	158500001	158750000	HAP1_chr14	HAP2_chr15	HAP1	HAP2	14	15	205190	205297	8142	402345	0.979764
chr14x15	158500001	158750000	HAP1_chr15	HAP2_chr14	HAP1	HAP2	15	14	237983	15893	1686	252190	0.993315
chr14x15	158500001	158750000	HAP2_chr14	HAP2_chr15	HAP2	HAP2	14	15	15893	205297	424	220766	0.998079
chr14x15	158750001	159000000	HAP1_chr14	HAP1_chr15	HAP1	HAP1	14	15	223495	206495	5112	424878	0.987968
chr14x15	158750001	159000000	HAP1_chr14	HAP2_chr15	HAP1	HAP2	14	15	223495	230783	2506	451772	0.994453
chr14x15	158750001	159000000	HAP1_chr15	HAP2_chr14	HAP1	HAP2	15	14	206495	2014	6	208503	0.999971
chr14x15	158750001	159000000	HAP2_chr14	HAP2_chr15	HAP2	HAP2	14	15	2014	230783	6	232791	0.999974
chr14x15	159000001	159250000	HAP1_chr14	HAP1_chr15	HAP1	HAP1	14	15	217259	235758	5936	447081	0.986723
chr14x15	159000001	159250000	HAP1_chr14	HAP2_chr15	HAP1	HAP2	14	15	217259	223773	5379	435653	0.987653
chr14x15	159000001	159250000	HAP1_chr15	HAP2_chr14	HAP1	HAP2	15	14	235758	1868	8	237618	0.999966
chr14x15	159000001	159250000	HAP2_chr14	HAP2_chr15	HAP2	HAP2	14	15	1868	223773	4	225637	0.999982
chr14x15	159250001	159500000	HAP1_chr14	HAP1_chr15	HAP1	HAP1	14	15	207578	225859	1851	431586	0.995711
chr14x15	159250001	159500000	HAP1_chr14	HAP2_chr15	HAP1	HAP2	14	15	207578	228598	3913	432263	0.990948
chr14x15	159250001	159500000	HAP1_chr15	HAP2_chr14	HAP1	HAP2	15	14	225859	1972	11	227820	0.999952
chr14x15	159250001	159500000	HAP2_chr14	HAP2_chr15	HAP2	HAP2	14	15	1972	228598	5	230565	0.999978
chr14x15	159500001	159750000	HAP1_chr14	HAP1_chr15	HAP1	HAP1	14	15	229601	236326	4710	461217	0.989788
chr14x15	159500001	159750000	HAP1_chr14	HAP2_chr15	HAP1	HAP2	14	15	229601	231487	8353	452735	0.981550
chr14x15	159500001	159750000	HAP1_chr15	HAP2_chr14	HAP1	HAP2	15	14	236326	1912	8	238230	0.999966
chr14x15	159500001	159750000	HAP2_chr14	HAP2_chr15	HAP2	HAP2	14	15	1912	231487	9	233390	0.999961
chr14x15	159750001	160000000	HAP1_chr14	HAP1_chr15	HAP1	HAP1	14	15	214116	231046	2564	442598	0.994207
chr14x15	159750001	160000000	HAP1_chr14	HAP2_chr15	HAP1	HAP2	14	15	214116	216644	10447	420313	0.975145
chr14x15	159750001	160000000	HAP1_chr15	HAP2_chr14	HAP1	HAP2	15	14	231046	5932	27	236951	0.999886
chr14x15	159750001	160000000	HAP2_chr14	HAP2_chr15	HAP2	HAP2	14	15	5932	216644	16	222560	0.999928
chr14x15	160000001	160250000	HAP1_chr14	HAP1_chr15	HAP1	HAP1	14	15	241517	217389	5441	453465	0.988001
chr14x15	160000001	160250000	HAP1_chr14	HAP2_chr15	HAP1	HAP2	14	15	241517	213689	5067	450139	0.988743
chr14x15	160000001	160250000	HAP1_chr15	HAP2_chr14	HAP1	HAP2	15	14	217389	5733	46	223076	0.999794
chr14x15	160000001	160250000	HAP2_chr14	HAP2_chr15	HAP2	HAP2	14	15	5733	213689	31	219391	0.999859
chr14x15	160250001	160500000	HAP1_chr14	HAP1_chr15	HAP1	HAP1	14	15	229440	229750	6154	453036	0.986416
chr14x15	160250001	160500000	HAP1_chr14	HAP2_chr15	HAP1	HAP2	14	15	229440	237224	7798	458866	0.983006
chr14x15	160250001	160500000	HAP1_chr15	HAP2_chr14	HAP1	HAP2	15	14	229750	1990	15	231725	0.999935
chr14x15	160250001	160500000	HAP2_chr14	HAP2_chr15	HAP2	HAP2	14	15	1990	237224	12	239202	0.999950
chr14x15	160500001	160750000	HAP1_chr14	HAP1_chr15	HAP1	HAP1	14	15	204169	222432	4550	422051	0.989219
chr14x15	160500001	160750000	HAP1_chr14	HAP2_chr15	HAP1	HAP2	14	15	204169	228367	2896	429640	0.993259
chr14x15	160500001	160750000	HAP1_chr15	HAP2_chr14	HAP1	HAP2	15	14	222432	5702	29	228105	0.999873
chr14x15	160500001	160750000	HAP2_chr14	HAP2_chr15	HAP2	HAP2	14	15	5702	228367	35	234034	0.999850
chr14x15	160750001	161000000	HAP1_chr14	HAP1_chr15	HAP1	HAP1	14	15	234610	221202	3775	452037	0.991649
chr14x15	160750001	161000000	HAP1_chr14	HAP2_chr15	HAP1	HAP2	14	15	234610	225255	4579	455286	0.989943
chr14x15	160750001	161000000	HAP1_chr15	HAP2_chr14	HAP1	HAP2	15	14	221202	5936	26	227112	0.999886
chr14x15	160750001	161000000	HAP2_chr14	HAP2_chr15	HAP2	HAP2	14	15	5936	225255	34	231157	0.999853
chr14x15	161000001	161250000	HAP1_chr14	HAP1_chr15	HAP1	HAP1	14	15	233818	216388	18801	431405	0.956419
chr14x15	161000001	161250000	HAP1_chr14	HAP2_chr15	HAP1	HAP2	14	15	233818	224120	7053	450885	0.984357
chr14x15	161000001	161250000	HAP1_chr15	HAP2_chr14	HAP1	HAP2	15	14	216388	2453	11	218830	0.999950
chr14x15	161000001	161250000	HAP2_chr14	HAP2_chr15	HAP2	HAP2	14	15	2453	224120	2	226571	0.999991
chr14x15	161250001	161446425	HAP1_chr14	HAP1_chr15	HAP1	HAP1	14	15	177777	179758	13225	344310	0.961590
chr14x15	161250001	161446425	HAP1_chr14	HAP2_chr15	HAP1	HAP2	14	15	177777	172451	4613	345615	0.986653
chr14x15	161250001	161446425	HAP1_chr15	HAP2_chr14	HAP1	HAP2	15	14	179758	9438	19	189177	0.999900
chr14x15	161250001	161446425	HAP2_chr14	HAP2_chr15	HAP2	HAP2	14	15	9438	172451	2461	179428	0.986284
