unit	win_start	win_end	a_hits	b_hits	a_frac	b_frac	assigned
HAPA_chr05	1	250000	1984	7706	0.0047	0.0157	b
HAPA_chr05	250001	500000	3257	14905	0.0076	0.0303	b
HAPA_chr05	500001	750000	35412	11339	0.0831	0.0230	a
HAPA_chr05	750001	1000000	44536	10773	0.1045	0.0219	a
HAPA_chr05	1000001	1250000	27479	10357	0.0645	0.0210	a
HAPA_chr05	1250001	1500000	31442	11805	0.0738	0.0240	a
HAPA_chr05	1500001	1750000	24119	7875	0.0566	0.0160	a
HAPA_chr05	1750001	2000000	24870	11813	0.0584	0.0240	a
HAPA_chr05	2000001	2250000	26298	11979	0.0617	0.0243	a
HAPA_chr05	2250001	2500000	23511	16137	0.0552	0.0328	ambiguous
HAPA_chr05	2500001	2750000	16655	23140	0.0391	0.0470	ambiguous
HAPA_chr05	2750001	3000000	35211	8450	0.0827	0.0172	a
HAPA_chr05	3000001	3250000	12240	2208	0.0287	0.0045	a
HAPA_chr05	3250001	3500000	21523	7940	0.0505	0.0161	a
HAPA_chr05	3500001	3750000	11535	10763	0.0271	0.0219	ambiguous
HAPA_chr05	3750001	4000000	26295	9990	0.0617	0.0203	a
HAPA_chr05	4000001	4250000	33792	9593	0.0793	0.0195	a
HAPA_chr05	4250001	4500000	8412	10209	0.0197	0.0207	ambiguous
HAPA_chr05	4500001	4750000	34497	6342	0.0810	0.0129	a
HAPA_chr05	4750001	5000000	30050	15438	0.0705	0.0314	a
HAPA_chr05	5000001	5250000	14054	14473	0.0330	0.0294	ambiguous
HAPA_chr05	5250001	5500000	33899	7902	0.0796	0.0160	a
HAPA_chr05	5500001	5750000	54437	7742	0.1278	0.0157	a
HAPA_chr05	5750001	6000000	48117	8157	0.1130	0.0166	a
HAPA_chr05	6000001	6250000	23397	13733	0.0549	0.0279	ambiguous
HAPA_chr05	6250001	6500000	22400	13122	0.0526	0.0267	ambiguous
HAPA_chr05	6500001	6750000	16194	13152	0.0380	0.0267	ambiguous
HAPA_chr05	6750001	7000000	22145	8656	0.0520	0.0176	a
HAPA_chr05	7000001	7250000	33059	6113	0.0776	0.0124	a
HAPA_chr05	7250001	7500000	20452	8576	0.0480	0.0174	a
HAPA_chr05	7500001	7750000	33270	12305	0.0781	0.0250	a
HAPA_chr05	7750001	8000000	26963	10075	0.0633	0.0205	a
HAPA_chr05	8000001	8250000	15181	7737	0.0356	0.0157	a
HAPA_chr05	8250001	8500000	4061	2272	0.0095	0.0046	a
HAPA_chr05	8500001	8750000	6376	7597	0.0150	0.0154	ambiguous
HAPA_chr05	8750001	9000000	20696	10722	0.0486	0.0218	a
HAPA_chr05	9000001	9250000	19764	6662	0.0464	0.0135	a
HAPA_chr05	9250001	9500000	48751	6809	0.1144	0.0138	a
HAPA_chr05	9500001	9750000	41213	9320	0.0967	0.0189	a
HAPA_chr05	9750001	10000000	34085	10804	0.0800	0.0219	a
HAPA_chr05	10000001	10250000	35319	11968	0.0829	0.0243	a
HAPA_chr05	10250001	10500000	24446	8374	0.0574	0.0170	a
HAPA_chr05	10500001	10750000	22494	6708	0.0528	0.0136	a
HAPA_chr05	10750001	11000000	34763	13686	0.0816	0.0278	a
HAPA_chr05	11000001	11250000	47203	6995	0.1108	0.0142	a
HAPA_chr05	11250001	11500000	39936	8457	0.0937	0.0172	a
HAPA_chr05	11500001	11750000	36416	9651	0.0855	0.0196	a
HAPA_chr05	11750001	12000000	24654	12413	0.0579	0.0252	a
HAPA_chr05	12000001	12250000	19077	7559	0.0448	0.0154	a
HAPA_chr05	12250001	12500000	15922	5598	0.0374	0.0114	a
HAPA_chr05	12500001	12750000	22471	9482	0.0528	0.0193	a
HAPA_chr05	12750001	13000000	26426	10881	0.0620	0.0221	a
HAPA_chr05	13000001	13250000	22487	9022	0.0528	0.0183	a
HAPA_chr05	13250001	13500000	19942	9130	0.0468	0.0185	a
HAPA_chr05	13500001	13750000	39738	9776	0.0933	0.0199	a
HAPA_chr05	13750001	14000000	29501	9652	0.0693	0.0196	a
HAPA_chr05	14000001	14250000	24414	8243	0.0573	0.0167	a
HAPA_chr05	14250001	14500000	42685	9932	0.1002	0.0202	a
HAPA_chr05	14500001	14750000	31020	9477	0.0728	0.0192	a
HAPA_chr05	14750001	15000000	38771	11610	0.0910	0.0236	a
HAPA_chr05	15000001	15250000	34059	13393	0.0800	0.0272	a
HAPA_chr05	15250001	15500000	24667	11537	0.0579	0.0234	a
HAPA_chr05	15500001	15750000	29469	11347	0.0692	0.0230	a
HAPA_chr05	15750001	16000000	39909	9995	0.0937	0.0203	a
HAPA_chr05	16000001	16250000	18142	5904	0.0426	0.0120	a
HAPA_chr05	16250001	16500000	30447	10399	0.0715	0.0211	a
HAPA_chr05	16500001	16750000	34926	9051	0.0820	0.0184	a
HAPA_chr05	16750001	17000000	31146	9544	0.0731	0.0194	a
HAPA_chr05	17000001	17250000	28213	11784	0.0662	0.0239	a
HAPA_chr05	17250001	17500000	21975	15215	0.0516	0.0309	ambiguous
HAPA_chr05	17500001	17750000	21177	13262	0.0497	0.0269	ambiguous
HAPA_chr05	17750001	18000000	21791	5346	0.0512	0.0109	a
HAPA_chr05	18000001	18250000	24064	8191	0.0565	0.0166	a
HAPA_chr05	18250001	18500000	11603	8693	0.0272	0.0177	ambiguous
HAPA_chr05	18500001	18750000	15856	8976	0.0372	0.0182	a
HAPA_chr05	18750001	19000000	21206	8073	0.0498	0.0164	a
HAPA_chr05	19000001	19250000	28830	15762	0.0677	0.0320	a
HAPA_chr05	19250001	19500000	41258	7541	0.0969	0.0153	a
HAPA_chr05	19500001	19750000	32372	9654	0.0760	0.0196	a
HAPA_chr05	19750001	20000000	18977	7579	0.0445	0.0154	a
HAPA_chr05	20000001	20250000	37470	6491	0.0880	0.0132	a
HAPA_chr05	20250001	20500000	38318	6925	0.0900	0.0141	a
HAPA_chr05	20500001	20750000	39328	9598	0.0923	0.0195	a
HAPA_chr05	20750001	21000000	44215	7693	0.1038	0.0156	a
HAPA_chr05	21000001	21250000	40288	7927	0.0946	0.0161	a
HAPA_chr05	21250001	21500000	30767	8610	0.0722	0.0175	a
HAPA_chr05	21500001	21750000	29775	12736	0.0699	0.0259	a
HAPA_chr05	21750001	22000000	31777	8381	0.0746	0.0170	a
HAPA_chr05	22000001	22250000	36873	8292	0.0866	0.0168	a
HAPA_chr05	22250001	22500000	23080	13863	0.0542	0.0282	ambiguous
HAPA_chr05	22500001	22750000	32384	10278	0.0760	0.0209	a
HAPA_chr05	22750001	23000000	35013	8516	0.0822	0.0173	a
HAPA_chr05	23000001	23250000	31876	19017	0.0748	0.0386	ambiguous
HAPA_chr05	23250001	23500000	28034	7229	0.0658	0.0147	a
HAPA_chr05	23500001	23750000	36560	10449	0.0858	0.0212	a
HAPA_chr05	23750001	24000000	26371	9596	0.0619	0.0195	a
HAPA_chr05	24000001	24250000	37777	6749	0.0887	0.0137	a
HAPA_chr05	24250001	24500000	45134	7926	0.1060	0.0161	a
HAPA_chr05	24500001	24750000	35168	7908	0.0826	0.0161	a
HAPA_chr05	24750001	25000000	37414	11542	0.0878	0.0234	a
HAPA_chr05	25000001	25250000	30818	11843	0.0723	0.0241	a
HAPA_chr05	25250001	25500000	47635	8609	0.1118	0.0175	a
HAPA_chr05	25500001	25750000	25416	10904	0.0597	0.0221	a
HAPA_chr05	25750001	26000000	29504	8067	0.0693	0.0164	a
HAPA_chr05	26000001	26250000	29989	8342	0.0704	0.0169	a
HAPA_chr05	26250001	26500000	30449	13440	0.0715	0.0273	a
HAPA_chr05	26500001	26750000	36726	11603	0.0862	0.0236	a
HAPA_chr05	26750001	27000000	24093	8458	0.0566	0.0172	a
HAPA_chr05	27000001	27250000	37041	12827	0.0870	0.0261	a
HAPA_chr05	27250001	27500000	34386	12287	0.0807	0.0250	a
HAPA_chr05	27500001	27750000	25967	16499	0.0610	0.0335	ambiguous
HAPA_chr05	27750001	28000000	38934	8039	0.0914	0.0163	a
HAPA_chr05	28000001	28250000	34992	9575	0.0821	0.0194	a
HAPA_chr05	28250001	28500000	21481	14443	0.0504	0.0293	ambiguous
HAPA_chr05	28500001	28750000	38995	8286	0.0915	0.0168	a
HAPA_chr05	28750001	29000000	30113	10260	0.0707	0.0208	a
HAPA_chr05	29000001	29250000	41253	9273	0.0968	0.0188	a
HAPA_chr05	29250001	29500000	23814	9788	0.0559	0.0199	a
HAPA_chr05	29500001	29750000	29819	7825	0.0700	0.0159	a
HAPA_chr05	29750001	30000000	32688	10491	0.0767	0.0213	a
HAPA_chr05	30000001	30250000	32597	8442	0.0765	0.0171	a
HAPA_chr05	30250001	30500000	44854	7815	0.1053	0.0159	a
HAPA_chr05	30500001	30750000	31511	8167	0.0740	0.0166	a
HAPA_chr05	30750001	31000000	34740	7642	0.0816	0.0155	a
HAPA_chr05	31000001	31250000	29593	13952	0.0695	0.0283	a
HAPA_chr05	31250001	31500000	40856	10010	0.0959	0.0203	a
HAPA_chr05	31500001	31750000	25063	9562	0.0588	0.0194	a
HAPA_chr05	31750001	32000000	17603	14989	0.0413	0.0304	ambiguous
HAPA_chr05	32000001	32250000	32262	10974	0.0757	0.0223	a
HAPA_chr05	32250001	32500000	27312	8028	0.0641	0.0163	a
HAPA_chr05	32500001	32750000	24443	17860	0.0574	0.0363	ambiguous
HAPA_chr05	32750001	33000000	10038	26733	0.0236	0.0543	b
HAPA_chr05	33000001	33250000	12908	19556	0.0303	0.0397	ambiguous
HAPA_chr05	33250001	33500000	25133	9714	0.0590	0.0197	a
HAPA_chr05	33500001	33750000	22079	9375	0.0518	0.0190	a
HAPA_chr05	33750001	34000000	6194	4398	0.0145	0.0089	ambiguous
HAPA_chr05	34000001	34250000	22492	6035	0.0528	0.0123	a
HAPA_chr05	34250001	34500000	21665	6517	0.0509	0.0132	a
HAPA_chr05	34500001	34750000	21411	8823	0.0503	0.0179	a
HAPA_chr05	34750001	35000000	30801	10902	0.0723	0.0221	a
HAPA_chr05	35000001	35250000	36130	9628	0.0848	0.0196	a
HAPA_chr05	35250001	35500000	26885	6628	0.0631	0.0135	a
HAPA_chr05	35500001	35750000	20357	9123	0.0478	0.0185	a
HAPA_chr05	35750001	36000000	39304	8412	0.0923	0.0171	a
HAPA_chr05	36000001	36250000	38803	12622	0.0911	0.0256	a
HAPA_chr05	36250001	36500000	42442	8390	0.0996	0.0170	a
HAPA_chr05	36500001	36750000	30059	8313	0.0706	0.0169	a
HAPA_chr05	36750001	37000000	35967	10440	0.0844	0.0212	a
HAPA_chr05	37000001	37250000	27899	10138	0.0655	0.0206	a
HAPA_chr05	37250001	37500000	22154	17889	0.0520	0.0363	ambiguous
HAPA_chr05	37500001	37750000	21459	18320	0.0504	0.0372	ambiguous
HAPA_chr05	37750001	38000000	17525	8970	0.0411	0.0182	a
HAPA_chr05	38000001	38250000	24249	8225	0.0569	0.0167	a
HAPA_chr05	38250001	38500000	38093	12295	0.0894	0.0250	a
HAPA_chr05	38500001	38750000	34714	9965	0.0815	0.0202	a
HAPA_chr05	38750001	39000000	24376	11991	0.0572	0.0244	a
HAPA_chr05	39000001	39250000	27170	10424	0.0638	0.0212	a
HAPA_chr05	39250001	39500000	40683	9683	0.0955	0.0197	a
HAPA_chr05	39500001	39750000	31820	13043	0.0747	0.0265	a
HAPA_chr05	39750001	40000000	36937	11458	0.0867	0.0233	a
HAPA_chr05	40000001	40250000	32786	9909	0.0770	0.0201	a
HAPA_chr05	40250001	40500000	30764	9073	0.0722	0.0184	a
HAPA_chr05	40500001	40750000	35053	8329	0.0823	0.0169	a
HAPA_chr05	40750001	41000000	24761	7050	0.0581	0.0143	a
HAPA_chr05	41000001	41250000	34907	14958	0.0819	0.0304	a
HAPA_chr05	41250001	41500000	34871	11857	0.0819	0.0241	a
HAPA_chr05	41500001	41750000	18317	10123	0.0430	0.0206	a
HAPA_chr05	41750001	42000000	16226	13532	0.0381	0.0275	ambiguous
HAPA_chr05	42000001	42250000	21738	19116	0.0510	0.0388	ambiguous
HAPA_chr05	42250001	42500000	23634	21228	0.0555	0.0431	ambiguous
HAPA_chr05	42500001	42750000	33421	10451	0.0785	0.0212	a
HAPA_chr05	42750001	43000000	31293	8267	0.0735	0.0168	a
HAPA_chr05	43000001	43250000	45131	8129	0.1059	0.0165	a
HAPA_chr05	43250001	43500000	37197	7888	0.0873	0.0160	a
HAPA_chr05	43500001	43750000	27994	8387	0.0657	0.0170	a
HAPA_chr05	43750001	44000000	16883	7783	0.0396	0.0158	a
HAPA_chr05	44000001	44250000	32106	7520	0.0754	0.0153	a
HAPA_chr05	44250001	44500000	30362	11378	0.0713	0.0231	a
HAPA_chr05	44500001	44750000	28760	13843	0.0675	0.0281	a
HAPA_chr05	44750001	45000000	16669	9662	0.0391	0.0196	ambiguous
HAPA_chr05	45000001	45250000	34779	7357	0.0816	0.0149	a
HAPA_chr05	45250001	45500000	39652	11226	0.0931	0.0228	a
HAPA_chr05	45500001	45750000	24948	14220	0.0586	0.0289	a
HAPA_chr05	45750001	46000000	22248	16312	0.0522	0.0331	ambiguous
HAPA_chr05	46000001	46250000	31047	11292	0.0729	0.0229	a
HAPA_chr05	46250001	46500000	31100	12276	0.0730	0.0249	a
HAPA_chr05	46500001	46750000	30899	10060	0.0725	0.0204	a
HAPA_chr05	46750001	47000000	24204	10989	0.0568	0.0223	a
HAPA_chr05	47000001	47250000	31068	12886	0.0729	0.0262	a
HAPA_chr05	47250001	47500000	31755	13948	0.0745	0.0283	a
HAPA_chr05	47500001	47750000	24444	15762	0.0574	0.0320	ambiguous
HAPA_chr05	47750001	48000000	41828	8562	0.0982	0.0174	a
HAPA_chr05	48000001	48250000	28990	8637	0.0681	0.0175	a
HAPA_chr05	48250001	48500000	41914	9477	0.0984	0.0192	a
HAPA_chr05	48500001	48750000	34533	9056	0.0811	0.0184	a
HAPA_chr05	48750001	49000000	38453	6600	0.0903	0.0134	a
HAPA_chr05	49000001	49250000	25768	5141	0.0605	0.0104	a
HAPA_chr05	49250001	49500000	18265	11244	0.0429	0.0228	ambiguous
HAPA_chr05	49500001	49750000	35589	20747	0.0835	0.0421	ambiguous
HAPA_chr05	49750001	50000000	48733	7637	0.1144	0.0155	a
HAPA_chr05	50000001	50250000	47879	10606	0.1124	0.0215	a
HAPA_chr05	50250001	50500000	25654	8456	0.0602	0.0172	a
HAPA_chr05	50500001	50750000	41848	8042	0.0982	0.0163	a
HAPA_chr05	50750001	51000000	25429	11624	0.0597	0.0236	a
HAPA_chr05	51000001	51250000	31488	11376	0.0739	0.0231	a
HAPA_chr05	51250001	51500000	44771	8537	0.1051	0.0173	a
HAPA_chr05	51500001	51750000	35536	8454	0.0834	0.0172	a
HAPA_chr05	51750001	52000000	39016	9128	0.0916	0.0185	a
HAPA_chr05	52000001	52250000	37184	11171	0.0873	0.0227	a
HAPA_chr05	52250001	52500000	29892	12105	0.0702	0.0246	a
HAPA_chr05	52500001	52750000	49734	9683	0.1168	0.0197	a
HAPA_chr05	52750001	53000000	44765	7943	0.1051	0.0161	a
HAPA_chr05	53000001	53250000	31178	8743	0.0732	0.0178	a
HAPA_chr05	53250001	53500000	40096	8236	0.0941	0.0167	a
HAPA_chr05	53500001	53750000	50353	6238	0.1182	0.0127	a
HAPA_chr05	53750001	54000000	37142	13813	0.0872	0.0281	a
HAPA_chr05	54000001	54250000	27044	10435	0.0635	0.0212	a
HAPA_chr05	54250001	54500000	23470	8967	0.0551	0.0182	a
HAPA_chr05	54500001	54750000	32445	9567	0.0762	0.0194	a
HAPA_chr05	54750001	55000000	28706	8006	0.0674	0.0163	a
HAPA_chr05	55000001	55250000	34525	15075	0.0810	0.0306	a
HAPA_chr05	55250001	55500000	42843	12690	0.1006	0.0258	a
HAPA_chr05	55500001	55750000	31988	8708	0.0751	0.0177	a
HAPA_chr05	55750001	56000000	41290	12398	0.0969	0.0252	a
HAPA_chr05	56000001	56250000	34913	13323	0.0820	0.0271	a
HAPA_chr05	56250001	56500000	37260	9067	0.0875	0.0184	a
HAPA_chr05	56500001	56750000	34412	16824	0.0808	0.0342	a
HAPA_chr05	56750001	57000000	32905	12498	0.0772	0.0254	a
HAPA_chr05	57000001	57250000	44774	7141	0.1051	0.0145	a
HAPA_chr05	57250001	57500000	39718	9447	0.0932	0.0192	a
HAPA_chr05	57500001	57750000	23714	8675	0.0557	0.0176	a
HAPA_chr05	57750001	58000000	26437	8054	0.0621	0.0164	a
HAPA_chr05	58000001	58250000	42800	15441	0.1005	0.0314	a
HAPA_chr05	58250001	58500000	41853	16142	0.0982	0.0328	a
HAPA_chr05	58500001	58750000	31301	12013	0.0735	0.0244	a
HAPA_chr05	58750001	59000000	38839	11776	0.0912	0.0239	a
HAPA_chr05	59000001	59250000	31566	10633	0.0741	0.0216	a
HAPA_chr05	59250001	59500000	40716	12383	0.0956	0.0252	a
HAPA_chr05	59500001	59750000	33438	9931	0.0785	0.0202	a
HAPA_chr05	59750001	60000000	33051	7502	0.0776	0.0152	a
HAPA_chr05	60000001	60250000	29518	11503	0.0693	0.0234	a
HAPA_chr05	60250001	60500000	18882	18174	0.0443	0.0369	ambiguous
HAPA_chr05	60500001	60750000	43255	5565	0.1015	0.0113	a
HAPA_chr05	60750001	61000000	35280	12102	0.0828	0.0246	a
HAPA_chr05	61000001	61250000	33837	11754	0.0794	0.0239	a
HAPA_chr05	61250001	61500000	37446	7830	0.0879	0.0159	a
HAPA_chr05	61500001	61750000	39438	10186	0.0926	0.0207	a
HAPA_chr05	61750001	62000000	32781	14195	0.0770	0.0288	a
HAPA_chr05	62000001	62250000	29151	11012	0.0684	0.0224	a
HAPA_chr05	62250001	62500000	36644	13894	0.0860	0.0282	a
HAPA_chr05	62500001	62750000	32748	7804	0.0769	0.0159	a
HAPA_chr05	62750001	63000000	30813	10019	0.0723	0.0203	a
HAPA_chr05	63000001	63250000	40563	10988	0.0952	0.0223	a
HAPA_chr05	63250001	63500000	30518	10384	0.0716	0.0211	a
HAPA_chr05	63500001	63750000	37388	13317	0.0878	0.0270	a
HAPA_chr05	63750001	64000000	33158	5486	0.0778	0.0111	a
HAPA_chr05	64000001	64250000	3381	3884	0.0079	0.0079	ambiguous
HAPA_chr05	64250001	64500000	6022	5848	0.0141	0.0119	ambiguous
HAPA_chr05	64500001	64750000	39102	9059	0.0918	0.0184	a
HAPA_chr05	64750001	65000000	28226	8330	0.0663	0.0169	a
HAPA_chr05	65000001	65250000	20524	11963	0.0482	0.0243	ambiguous
HAPA_chr05	65250001	65500000	35760	12953	0.0839	0.0263	a
HAPA_chr05	65500001	65750000	29171	12053	0.0685	0.0245	a
HAPA_chr05	65750001	66000000	34775	13019	0.0816	0.0264	a
HAPA_chr05	66000001	66250000	36669	8171	0.0861	0.0166	a
HAPA_chr05	66250001	66500000	34160	12334	0.0802	0.0251	a
HAPA_chr05	66500001	66750000	38038	11285	0.0893	0.0229	a
HAPA_chr05	66750001	67000000	46995	9500	0.1103	0.0193	a
HAPA_chr05	67000001	67250000	35159	9239	0.0825	0.0188	a
HAPA_chr05	67250001	67500000	29095	9102	0.0683	0.0185	a
HAPA_chr05	67500001	67750000	39907	7588	0.0937	0.0154	a
HAPA_chr05	67750001	68000000	32805	9543	0.0770	0.0194	a
HAPA_chr05	68000001	68250000	19667	15353	0.0462	0.0312	ambiguous
HAPA_chr05	68250001	68500000	44981	7876	0.1056	0.0160	a
HAPA_chr05	68500001	68750000	32578	6921	0.0765	0.0141	a
HAPA_chr05	68750001	69000000	36804	10485	0.0864	0.0213	a
HAPA_chr05	69000001	69250000	36280	10798	0.0852	0.0219	a
HAPA_chr05	69250001	69500000	40539	9443	0.0952	0.0192	a
HAPA_chr05	69500001	69750000	34291	10512	0.0805	0.0214	a
HAPA_chr05	69750001	70000000	48422	7046	0.1137	0.0143	a
HAPA_chr05	70000001	70250000	37952	8249	0.0891	0.0168	a
HAPA_chr05	70250001	70500000	27959	9188	0.0656	0.0187	a
HAPA_chr05	70500001	70750000	17378	11668	0.0408	0.0237	ambiguous
HAPA_chr05	70750001	71000000	27130	15741	0.0637	0.0320	ambiguous
HAPA_chr05	71000001	71250000	25737	12294	0.0604	0.0250	a
HAPA_chr05	71250001	71500000	19048	14141	0.0447	0.0287	ambiguous
HAPA_chr05	71500001	71750000	17953	9204	0.0421	0.0187	a
HAPA_chr05	71750001	72000000	43302	6902	0.1017	0.0140	a
HAPA_chr05	72000001	72250000	41441	6534	0.0973	0.0133	a
HAPA_chr05	72250001	72500000	30480	7801	0.0716	0.0158	a
HAPA_chr05	72500001	72750000	36183	9492	0.0849	0.0193	a
HAPA_chr05	72750001	73000000	44784	8963	0.1051	0.0182	a
HAPA_chr05	73000001	73250000	38480	12202	0.0903	0.0248	a
HAPA_chr05	73250001	73500000	33120	10334	0.0777	0.0210	a
HAPA_chr05	73500001	73750000	32398	9672	0.0761	0.0196	a
HAPA_chr05	73750001	74000000	32605	16026	0.0765	0.0325	a
HAPA_chr05	74000001	74250000	39041	9041	0.0916	0.0184	a
HAPA_chr05	74250001	74500000	29472	11021	0.0692	0.0224	a
HAPA_chr05	74500001	74750000	32927	11581	0.0773	0.0235	a
HAPA_chr05	74750001	75000000	43572	7708	0.1023	0.0157	a
HAPA_chr05	75000001	75250000	22453	8512	0.0527	0.0173	a
HAPA_chr05	75250001	75500000	25057	8954	0.0588	0.0182	a
HAPA_chr05	75500001	75750000	25665	11446	0.0602	0.0232	a
HAPA_chr05	75750001	76000000	27837	10736	0.0653	0.0218	a
HAPA_chr05	76000001	76250000	27669	10019	0.0650	0.0203	a
HAPA_chr05	76250001	76500000	32363	9883	0.0760	0.0201	a
HAPA_chr05	76500001	76750000	22215	14032	0.0521	0.0285	ambiguous
HAPA_chr05	76750001	77000000	17324	10516	0.0407	0.0214	ambiguous
HAPA_chr05	77000001	77250000	27250	9434	0.0640	0.0192	a
HAPA_chr05	77250001	77500000	30705	10123	0.0721	0.0206	a
HAPA_chr05	77500001	77750000	38497	8140	0.0904	0.0165	a
HAPA_chr05	77750001	78000000	31137	7762	0.0731	0.0158	a
HAPA_chr05	78000001	78250000	32902	6928	0.0772	0.0141	a
HAPA_chr05	78250001	78500000	31279	10591	0.0734	0.0215	a
HAPA_chr05	78500001	78750000	26257	11637	0.0616	0.0236	a
HAPA_chr05	78750001	79000000	31308	11275	0.0735	0.0229	a
HAPA_chr05	79000001	79250000	27109	12031	0.0636	0.0244	a
HAPA_chr05	79250001	79500000	32445	8049	0.0762	0.0163	a
HAPA_chr05	79500001	79750000	34103	11958	0.0801	0.0243	a
HAPA_chr05	79750001	80000000	43436	5898	0.1020	0.0120	a
HAPA_chr05	80000001	80250000	29882	9034	0.0701	0.0183	a
HAPA_chr05	80250001	80500000	36405	7258	0.0855	0.0147	a
HAPA_chr05	80500001	80750000	39303	11499	0.0923	0.0234	a
HAPA_chr05	80750001	81000000	39094	9948	0.0918	0.0202	a
HAPA_chr05	81000001	81250000	41349	6975	0.0971	0.0142	a
HAPA_chr05	81250001	81500000	27382	8471	0.0643	0.0172	a
HAPA_chr05	81500001	81750000	36602	9275	0.0859	0.0188	a
HAPA_chr05	81750001	82000000	35086	12252	0.0824	0.0249	a
HAPA_chr05	82000001	82250000	32700	9015	0.0768	0.0183	a
HAPA_chr05	82250001	82500000	31585	11128	0.0741	0.0226	a
HAPA_chr05	82500001	82750000	42622	7730	0.1001	0.0157	a
HAPA_chr05	82750001	83000000	37703	8166	0.0885	0.0166	a
HAPA_chr05	83000001	83250000	37435	12174	0.0879	0.0247	a
HAPA_chr05	83250001	83500000	33000	11141	0.0775	0.0226	a
HAPA_chr05	83500001	83750000	28505	12469	0.0669	0.0253	a
HAPA_chr05	83750001	84000000	42466	10831	0.0997	0.0220	a
HAPA_chr05	84000001	84250000	34410	9846	0.0808	0.0200	a
HAPA_chr05	84250001	84500000	32482	11125	0.0763	0.0226	a
HAPA_chr05	84500001	84750000	33095	8509	0.0777	0.0173	a
HAPA_chr05	84750001	85000000	25621	11889	0.0601	0.0241	a
HAPA_chr05	85000001	85250000	44164	11140	0.1037	0.0226	a
HAPA_chr05	85250001	85500000	41116	14896	0.0965	0.0303	a
HAPA_chr05	85500001	85750000	41905	11970	0.0984	0.0243	a
HAPA_chr05	85750001	86000000	42461	11671	0.0997	0.0237	a
HAPA_chr05	86000001	86250000	32468	10157	0.0762	0.0206	a
HAPA_chr05	86250001	86500000	43293	11035	0.1016	0.0224	a
HAPA_chr05	86500001	86750000	39469	9244	0.0927	0.0188	a
HAPA_chr05	86750001	87000000	38901	8877	0.0913	0.0180	a
HAPA_chr05	87000001	87250000	41335	14004	0.0970	0.0284	a
HAPA_chr05	87250001	87500000	35009	8710	0.0822	0.0177	a
HAPA_chr05	87500001	87750000	45109	13473	0.1059	0.0274	a
HAPA_chr05	87750001	88000000	46830	9240	0.1099	0.0188	a
HAPA_chr05	88000001	88250000	40302	9019	0.0946	0.0183	a
HAPA_chr05	88250001	88500000	36310	9236	0.0852	0.0188	a
HAPA_chr05	88500001	88750000	35042	12896	0.0823	0.0262	a
HAPA_chr05	88750001	89000000	39673	7981	0.0931	0.0162	a
HAPA_chr05	89000001	89250000	44183	7696	0.1037	0.0156	a
HAPA_chr05	89250001	89500000	41478	7899	0.0974	0.0160	a
HAPA_chr05	89500001	89750000	40107	9141	0.0942	0.0186	a
HAPA_chr05	89750001	90000000	38030	13176	0.0893	0.0268	a
HAPA_chr05	90000001	90250000	35199	12470	0.0826	0.0253	a
HAPA_chr05	90250001	90500000	40101	11183	0.0941	0.0227	a
HAPA_chr05	90500001	90750000	33445	8591	0.0785	0.0174	a
HAPA_chr05	90750001	91000000	34614	10680	0.0813	0.0217	a
HAPA_chr05	91000001	91250000	42044	8937	0.0987	0.0182	a
HAPA_chr05	91250001	91500000	40687	11197	0.0955	0.0227	a
HAPA_chr05	91500001	91750000	31135	8645	0.0731	0.0176	a
HAPA_chr05	91750001	92000000	28982	16635	0.0680	0.0338	a
HAPA_chr05	92000001	92250000	39695	12508	0.0932	0.0254	a
HAPA_chr05	92250001	92500000	37541	11671	0.0881	0.0237	a
HAPA_chr05	92500001	92750000	42471	12319	0.0997	0.0250	a
HAPA_chr05	92750001	93000000	31866	15622	0.0748	0.0317	a
HAPA_chr05	93000001	93250000	29228	11901	0.0686	0.0242	a
HAPA_chr05	93250001	93500000	33140	11816	0.0778	0.0240	a
HAPA_chr05	93500001	93750000	34571	9340	0.0812	0.0190	a
HAPA_chr05	93750001	94000000	36262	10624	0.0851	0.0216	a
HAPA_chr05	94000001	94250000	38002	6791	0.0892	0.0138	a
HAPA_chr05	94250001	94500000	54113	7450	0.1270	0.0151	a
HAPA_chr05	94500001	94750000	43837	7916	0.1029	0.0161	a
HAPA_chr05	94750001	95000000	41168	11493	0.0966	0.0233	a
HAPA_chr05	95000001	95250000	38918	13489	0.0914	0.0274	a
HAPA_chr05	95250001	95500000	42108	7887	0.0988	0.0160	a
HAPA_chr05	95500001	95750000	47240	9103	0.1109	0.0185	a
HAPA_chr05	95750001	96000000	38955	10130	0.0914	0.0206	a
HAPA_chr05	96000001	96250000	42131	7803	0.0989	0.0158	a
HAPA_chr05	96250001	96500000	35952	9373	0.0844	0.0190	a
HAPA_chr05	96500001	96750000	25210	11397	0.0592	0.0231	a
HAPA_chr05	96750001	97000000	27669	9388	0.0650	0.0191	a
HAPA_chr05	97000001	97250000	25345	9624	0.0595	0.0195	a
HAPA_chr05	97250001	97500000	43872	11218	0.1030	0.0228	a
HAPA_chr05	97500001	97750000	29916	11839	0.0702	0.0240	a
HAPA_chr05	97750001	98000000	40048	7414	0.0940	0.0151	a
HAPA_chr05	98000001	98250000	37462	13314	0.0879	0.0270	a
HAPA_chr05	98250001	98500000	32498	8123	0.0763	0.0165	a
HAPA_chr05	98500001	98750000	31874	12480	0.0748	0.0253	a
HAPA_chr05	98750001	99000000	28380	14415	0.0666	0.0293	a
HAPA_chr05	99000001	99250000	45254	9715	0.1062	0.0197	a
HAPA_chr05	99250001	99500000	34191	9937	0.0803	0.0202	a
HAPA_chr05	99500001	99750000	29351	15339	0.0689	0.0312	a
HAPA_chr05	99750001	100000000	40650	8932	0.0954	0.0181	a
HAPA_chr05	100000001	100250000	32138	9004	0.0754	0.0183	a
HAPA_chr05	100250001	100500000	37121	12496	0.0871	0.0254	a
HAPA_chr05	100500001	100750000	49653	7900	0.1166	0.0160	a
HAPA_chr05	100750001	101000000	41377	13094	0.0971	0.0266	a
HAPA_chr05	101000001	101250000	44628	10808	0.1048	0.0220	a
HAPA_chr05	101250001	101500000	38020	10556	0.0893	0.0214	a
HAPA_chr05	101500001	101750000	33625	12138	0.0789	0.0247	a
HAPA_chr05	101750001	102000000	34339	9003	0.0806	0.0183	a
HAPA_chr05	102000001	102250000	36135	8222	0.0848	0.0167	a
HAPA_chr05	102250001	102500000	35994	7744	0.0845	0.0157	a
HAPA_chr05	102500001	102750000	38172	10440	0.0896	0.0212	a
HAPA_chr05	102750001	103000000	25107	12439	0.0589	0.0253	a
HAPA_chr05	103000001	103250000	37312	12498	0.0876	0.0254	a
HAPA_chr05	103250001	103500000	40419	10677	0.0949	0.0217	a
HAPA_chr05	103500001	103750000	30796	10178	0.0723	0.0207	a
HAPA_chr05	103750001	104000000	33449	10100	0.0785	0.0205	a
HAPA_chr05	104000001	104250000	31516	10361	0.0740	0.0210	a
HAPA_chr05	104250001	104500000	28809	11999	0.0676	0.0244	a
HAPA_chr05	104500001	104750000	44874	8533	0.1053	0.0173	a
HAPA_chr05	104750001	105000000	37256	9085	0.0875	0.0185	a
HAPA_chr05	105000001	105250000	29005	14380	0.0681	0.0292	a
HAPA_chr05	105250001	105500000	29980	9978	0.0704	0.0203	a
HAPA_chr05	105500001	105750000	38975	8233	0.0915	0.0167	a
HAPA_chr05	105750001	106000000	37071	9767	0.0870	0.0198	a
HAPA_chr05	106000001	106250000	39523	8176	0.0928	0.0166	a
HAPA_chr05	106250001	106500000	35891	15920	0.0843	0.0323	a
HAPA_chr05	106500001	106750000	32966	11090	0.0774	0.0225	a
HAPA_chr05	106750001	107000000	33734	8236	0.0792	0.0167	a
HAPA_chr05	107000001	107250000	36319	8569	0.0853	0.0174	a
HAPA_chr05	107250001	107500000	34409	14454	0.0808	0.0294	a
HAPA_chr05	107500001	107750000	36877	12736	0.0866	0.0259	a
HAPA_chr05	107750001	108000000	34822	10903	0.0817	0.0221	a
HAPA_chr05	108000001	108250000	31026	10881	0.0728	0.0221	a
HAPA_chr05	108250001	108500000	42518	8396	0.0998	0.0171	a
HAPA_chr05	108500001	108750000	32099	13127	0.0754	0.0267	a
HAPA_chr05	108750001	109000000	34421	12460	0.0808	0.0253	a
HAPA_chr05	109000001	109250000	38256	9602	0.0898	0.0195	a
HAPA_chr05	109250001	109500000	40724	10277	0.0956	0.0209	a
HAPA_chr05	109500001	109750000	46907	10317	0.1101	0.0210	a
HAPA_chr05	109750001	110000000	29673	6379	0.0697	0.0130	a
HAPA_chr05	110000001	110250000	47655	10262	0.1119	0.0208	a
HAPA_chr05	110250001	110500000	30844	12747	0.0724	0.0259	a
HAPA_chr05	110500001	110750000	39911	9233	0.0937	0.0188	a
HAPA_chr05	110750001	111000000	40948	10387	0.0961	0.0211	a
HAPA_chr05	111000001	111250000	27913	14523	0.0655	0.0295	a
HAPA_chr05	111250001	111500000	31337	10070	0.0736	0.0205	a
HAPA_chr05	111500001	111750000	35406	9406	0.0831	0.0191	a
HAPA_chr05	111750001	112000000	39322	12082	0.0923	0.0245	a
HAPA_chr05	112000001	112250000	45547	6821	0.1069	0.0139	a
HAPA_chr05	112250001	112500000	38483	7039	0.0903	0.0143	a
HAPA_chr05	112500001	112750000	53802	7334	0.1263	0.0149	a
HAPA_chr05	112750001	113000000	30974	7400	0.0727	0.0150	a
HAPA_chr05	113000001	113250000	48580	8534	0.1140	0.0173	a
HAPA_chr05	113250001	113500000	44120	13527	0.1036	0.0275	a
HAPA_chr05	113500001	113750000	35811	14524	0.0841	0.0295	a
HAPA_chr05	113750001	114000000	43700	8890	0.1026	0.0181	a
HAPA_chr05	114000001	114250000	40035	10445	0.0940	0.0212	a
HAPA_chr05	114250001	114500000	45896	7124	0.1077	0.0145	a
HAPA_chr05	114500001	114750000	25023	11443	0.0587	0.0232	a
HAPA_chr05	114750001	115000000	24139	12805	0.0567	0.0260	a
HAPA_chr05	115000001	115250000	27591	14470	0.0648	0.0294	a
HAPA_chr05	115250001	115500000	22865	16416	0.0537	0.0333	ambiguous
HAPA_chr05	115500001	115750000	25085	9822	0.0589	0.0199	a
HAPA_chr05	115750001	116000000	28101	10211	0.0660	0.0207	a
HAPA_chr05	116000001	116250000	42825	9892	0.1005	0.0201	a
HAPA_chr05	116250001	116500000	30960	9808	0.0727	0.0199	a
HAPA_chr05	116500001	116750000	41745	7094	0.0980	0.0144	a
HAPA_chr05	116750001	117000000	42872	8763	0.1006	0.0178	a
HAPA_chr05	117000001	117250000	32210	12905	0.0756	0.0262	a
HAPA_chr05	117250001	117500000	44437	6754	0.1043	0.0137	a
HAPA_chr05	117500001	117750000	41815	8126	0.0982	0.0165	a
HAPA_chr05	117750001	118000000	35904	12773	0.0843	0.0259	a
HAPA_chr05	118000001	118250000	30171	13073	0.0708	0.0266	a
HAPA_chr05	118250001	118500000	31415	16026	0.0737	0.0325	a
HAPA_chr05	118500001	118750000	26676	16895	0.0626	0.0343	ambiguous
HAPA_chr05	118750001	119000000	27717	17545	0.0651	0.0356	ambiguous
HAPA_chr05	119000001	119250000	24834	7719	0.0583	0.0157	a
HAPA_chr05	119250001	119500000	49318	9582	0.1158	0.0195	a
HAPA_chr05	119500001	119750000	32216	11013	0.0756	0.0224	a
HAPA_chr05	119750001	120000000	31991	9339	0.0751	0.0190	a
HAPA_chr05	120000001	120250000	45655	9059	0.1072	0.0184	a
HAPA_chr05	120250001	120500000	40705	12236	0.0956	0.0249	a
HAPA_chr05	120500001	120750000	52433	8185	0.1231	0.0166	a
HAPA_chr05	120750001	121000000	31878	12940	0.0748	0.0263	a
HAPA_chr05	121000001	121250000	37289	6817	0.0875	0.0138	a
HAPA_chr05	121250001	121500000	40738	7822	0.0956	0.0159	a
HAPA_chr05	121500001	121750000	38326	12896	0.0900	0.0262	a
HAPA_chr05	121750001	122000000	45085	7219	0.1058	0.0147	a
HAPA_chr05	122000001	122250000	37927	9672	0.0890	0.0196	a
HAPA_chr05	122250001	122500000	20314	13229	0.0477	0.0269	ambiguous
HAPA_chr05	122500001	122750000	35741	12726	0.0839	0.0258	a
HAPA_chr05	122750001	123000000	38949	12411	0.0914	0.0252	a
HAPA_chr05	123000001	123250000	36172	10713	0.0849	0.0218	a
HAPA_chr05	123250001	123500000	42154	10548	0.0990	0.0214	a
HAPA_chr05	123500001	123750000	31924	10305	0.0749	0.0209	a
HAPA_chr05	123750001	124000000	43872	9784	0.1030	0.0199	a
HAPA_chr05	124000001	124250000	40613	11623	0.0953	0.0236	a
HAPA_chr05	124250001	124500000	27557	10993	0.0647	0.0223	a
HAPA_chr05	124500001	124750000	34655	11947	0.0814	0.0243	a
HAPA_chr05	124750001	125000000	43114	10558	0.1012	0.0214	a
HAPA_chr05	125000001	125250000	33122	8145	0.0778	0.0165	a
HAPA_chr05	125250001	125500000	36738	11526	0.0862	0.0234	a
HAPA_chr05	125500001	125750000	38041	9179	0.0893	0.0186	a
HAPA_chr05	125750001	126000000	25911	15440	0.0608	0.0314	ambiguous
HAPA_chr05	126000001	126250000	41805	9584	0.0981	0.0195	a
HAPA_chr05	126250001	126500000	43890	11377	0.1030	0.0231	a
HAPA_chr05	126500001	126750000	47205	9052	0.1108	0.0184	a
HAPA_chr05	126750001	127000000	33273	9722	0.0781	0.0197	a
HAPA_chr05	127000001	127250000	32356	10956	0.0760	0.0223	a
HAPA_chr05	127250001	127500000	37460	9774	0.0879	0.0199	a
HAPA_chr05	127500001	127750000	37436	10636	0.0879	0.0216	a
HAPA_chr05	127750001	128000000	44165	8306	0.1037	0.0169	a
HAPA_chr05	128000001	128250000	44139	8960	0.1036	0.0182	a
HAPA_chr05	128250001	128500000	32407	12467	0.0761	0.0253	a
HAPA_chr05	128500001	128750000	44967	7535	0.1056	0.0153	a
HAPA_chr05	128750001	129000000	34532	8971	0.0811	0.0182	a
HAPA_chr05	129000001	129250000	44066	8430	0.1034	0.0171	a
HAPA_chr05	129250001	129500000	36535	8385	0.0858	0.0170	a
HAPA_chr05	129500001	129750000	32116	10915	0.0754	0.0222	a
HAPA_chr05	129750001	130000000	40435	7091	0.0949	0.0144	a
HAPA_chr05	130000001	130250000	36791	9387	0.0864	0.0191	a
HAPA_chr05	130250001	130500000	43304	10282	0.1017	0.0209	a
HAPA_chr05	130500001	130750000	39713	7472	0.0932	0.0152	a
HAPA_chr05	130750001	131000000	41551	7336	0.0975	0.0149	a
HAPA_chr05	131000001	131250000	33710	10297	0.0791	0.0209	a
HAPA_chr05	131250001	131500000	36113	10081	0.0848	0.0205	a
HAPA_chr05	131500001	131750000	33910	9971	0.0796	0.0203	a
HAPA_chr05	131750001	132000000	32804	8688	0.0770	0.0176	a
HAPA_chr05	132000001	132250000	31418	7966	0.0738	0.0162	a
HAPA_chr05	132250001	132500000	33832	9616	0.0794	0.0195	a
HAPA_chr05	132500001	132750000	44141	8631	0.1036	0.0175	a
HAPA_chr05	132750001	133000000	32771	11825	0.0769	0.0240	a
HAPA_chr05	133000001	133250000	38219	13557	0.0897	0.0275	a
HAPA_chr05	133250001	133500000	47198	8482	0.1108	0.0172	a
HAPA_chr05	133500001	133750000	30842	11167	0.0724	0.0227	a
HAPA_chr05	133750001	134000000	22679	11780	0.0532	0.0239	a
HAPA_chr05	134000001	134250000	35315	9362	0.0829	0.0190	a
HAPA_chr05	134250001	134500000	37586	9955	0.0882	0.0202	a
HAPA_chr05	134500001	134750000	42282	8927	0.0993	0.0181	a
HAPA_chr05	134750001	135000000	39845	11346	0.0935	0.0230	a
HAPA_chr05	135000001	135250000	36396	10883	0.0854	0.0221	a
HAPA_chr05	135250001	135500000	56410	7349	0.1324	0.0149	a
HAPA_chr05	135500001	135750000	40063	13334	0.0940	0.0271	a
HAPA_chr05	135750001	136000000	32688	12123	0.0767	0.0246	a
HAPA_chr05	136000001	136250000	23732	10195	0.0557	0.0207	a
HAPA_chr05	136250001	136500000	42873	11672	0.1006	0.0237	a
HAPA_chr05	136500001	136750000	29431	8752	0.0691	0.0178	a
HAPA_chr05	136750001	137000000	42379	8633	0.0995	0.0175	a
HAPA_chr05	137000001	137250000	37568	10410	0.0882	0.0211	a
HAPA_chr05	137250001	137500000	24655	17021	0.0579	0.0346	ambiguous
HAPA_chr05	137500001	137750000	34906	11922	0.0819	0.0242	a
HAPA_chr05	137750001	138000000	31031	8801	0.0728	0.0179	a
HAPA_chr05	138000001	138250000	35904	9893	0.0843	0.0201	a
HAPA_chr05	138250001	138500000	32818	10530	0.0770	0.0214	a
HAPA_chr05	138500001	138750000	35853	11520	0.0842	0.0234	a
HAPA_chr05	138750001	139000000	31163	11327	0.0732	0.0230	a
HAPA_chr05	139000001	139250000	37759	10727	0.0886	0.0218	a
HAPA_chr05	139250001	139500000	38011	10757	0.0892	0.0218	a
HAPA_chr05	139500001	139750000	52604	9313	0.1235	0.0189	a
HAPA_chr05	139750001	140000000	36131	12263	0.0848	0.0249	a
HAPA_chr05	140000001	140250000	38107	10349	0.0895	0.0210	a
HAPA_chr05	140250001	140500000	36485	12855	0.0856	0.0261	a
HAPA_chr05	140500001	140750000	37919	8789	0.0890	0.0179	a
HAPA_chr05	140750001	141000000	33128	14101	0.0778	0.0286	a
HAPA_chr05	141000001	141250000	39446	11457	0.0926	0.0233	a
HAPA_chr05	141250001	141500000	34167	11133	0.0802	0.0226	a
HAPA_chr05	141500001	141750000	52390	7563	0.1230	0.0154	a
HAPA_chr05	141750001	142000000	36877	9200	0.0866	0.0187	a
HAPA_chr05	142000001	142250000	30866	10168	0.0725	0.0207	a
HAPA_chr05	142250001	142500000	34653	9631	0.0813	0.0196	a
HAPA_chr05	142500001	142750000	33379	9730	0.0784	0.0198	a
HAPA_chr05	142750001	143000000	45242	10602	0.1062	0.0215	a
HAPA_chr05	143000001	143250000	37952	11944	0.0891	0.0243	a
HAPA_chr05	143250001	143500000	40926	12901	0.0961	0.0262	a
HAPA_chr05	143500001	143750000	32667	9761	0.0767	0.0198	a
HAPA_chr05	143750001	144000000	24356	9648	0.0572	0.0196	a
HAPA_chr05	144000001	144250000	38984	15032	0.0915	0.0305	a
HAPA_chr05	144250001	144500000	32277	10288	0.0758	0.0209	a
HAPA_chr05	144500001	144750000	34199	10965	0.0803	0.0223	a
HAPA_chr05	144750001	145000000	39538	9225	0.0928	0.0187	a
HAPA_chr05	145000001	145250000	44361	10294	0.1041	0.0209	a
HAPA_chr05	145250001	145500000	33554	8950	0.0788	0.0182	a
HAPA_chr05	145500001	145750000	38981	9856	0.0915	0.0200	a
HAPA_chr05	145750001	146000000	38979	8985	0.0915	0.0182	a
HAPA_chr05	146000001	146250000	32917	12126	0.0773	0.0246	a
HAPA_chr05	146250001	146500000	38170	10374	0.0896	0.0211	a
HAPA_chr05	146500001	146750000	31173	13848	0.0732	0.0281	a
HAPA_chr05	146750001	147000000	50902	8976	0.1195	0.0182	a
HAPA_chr05	147000001	147250000	28401	12674	0.0667	0.0257	a
HAPA_chr05	147250001	147500000	34582	9129	0.0812	0.0185	a
HAPA_chr05	147500001	147750000	40287	9015	0.0946	0.0183	a
HAPA_chr05	147750001	148000000	41063	7344	0.0964	0.0149	a
HAPA_chr05	148000001	148250000	18582	6164	0.0436	0.0125	a
HAPA_chr05	148250001	148500000	26651	10283	0.0626	0.0209	a
HAPA_chr05	148500001	148750000	34125	12526	0.0801	0.0254	a
HAPA_chr05	148750001	149000000	37439	9915	0.0879	0.0201	a
HAPA_chr05	149000001	149250000	32193	9108	0.0756	0.0185	a
HAPA_chr05	149250001	149500000	30811	12584	0.0723	0.0256	a
HAPA_chr05	149500001	149750000	32652	12849	0.0767	0.0261	a
HAPA_chr05	149750001	150000000	44877	11294	0.1053	0.0229	a
HAPA_chr05	150000001	150250000	46508	10919	0.1092	0.0222	a
HAPA_chr05	150250001	150500000	33542	9710	0.0787	0.0197	a
HAPA_chr05	150500001	150750000	32957	12444	0.0774	0.0253	a
HAPA_chr05	150750001	151000000	36002	8948	0.0845	0.0182	a
HAPA_chr05	151000001	151250000	36664	9149	0.0861	0.0186	a
HAPA_chr05	151250001	151500000	44384	9905	0.1042	0.0201	a
HAPA_chr05	151500001	151750000	28866	11532	0.0678	0.0234	a
HAPA_chr05	151750001	152000000	43976	9637	0.1032	0.0196	a
HAPA_chr05	152000001	152250000	31047	8632	0.0729	0.0175	a
HAPA_chr05	152250001	152500000	32818	14147	0.0770	0.0287	a
HAPA_chr05	152500001	152750000	39711	14640	0.0932	0.0297	a
HAPA_chr05	152750001	153000000	41914	9257	0.0984	0.0188	a
HAPA_chr05	153000001	153250000	44503	8399	0.1045	0.0171	a
HAPA_chr05	153250001	153500000	39796	8812	0.0934	0.0179	a
HAPA_chr05	153500001	153750000	36590	13207	0.0859	0.0268	a
HAPA_chr05	153750001	154000000	35566	10521	0.0835	0.0214	a
HAPA_chr05	154000001	154250000	19879	8344	0.0467	0.0169	a
HAPA_chr05	154250001	154500000	22584	7964	0.0530	0.0162	a
HAPA_chr05	154500001	154750000	42767	9218	0.1004	0.0187	a
HAPA_chr05	154750001	155000000	32641	10231	0.0766	0.0208	a
HAPA_chr05	155000001	155250000	32107	12189	0.0754	0.0248	a
HAPA_chr05	155250001	155500000	32551	9773	0.0764	0.0198	a
HAPA_chr05	155500001	155750000	32897	9459	0.0772	0.0192	a
HAPA_chr05	155750001	156000000	31394	9957	0.0737	0.0202	a
HAPA_chr05	156000001	156250000	34046	13576	0.0799	0.0276	a
HAPA_chr05	156250001	156500000	44656	10353	0.1048	0.0210	a
HAPA_chr05	156500001	156750000	40319	12617	0.0946	0.0256	a
HAPA_chr05	156750001	157000000	29412	13590	0.0690	0.0276	a
HAPA_chr05	157000001	157250000	40507	10907	0.0951	0.0222	a
HAPA_chr05	157250001	157500000	41543	12585	0.0975	0.0256	a
HAPA_chr05	157500001	157750000	47560	10462	0.1116	0.0212	a
HAPA_chr05	157750001	158000000	29305	13263	0.0688	0.0269	a
HAPA_chr05	158000001	158250000	29730	9973	0.0698	0.0203	a
HAPA_chr05	158250001	158500000	46869	6891	0.1100	0.0140	a
HAPA_chr05	158500001	158750000	38770	10532	0.0910	0.0214	a
HAPA_chr05	158750001	159000000	34897	11672	0.0819	0.0237	a
HAPA_chr05	159000001	159250000	47712	9107	0.1120	0.0185	a
HAPA_chr05	159250001	159500000	38052	12382	0.0893	0.0251	a
HAPA_chr05	159500001	159750000	40753	10609	0.0957	0.0215	a
HAPA_chr05	159750001	160000000	7464	2278	0.0175	0.0046	a
HAPA_chr05	160000001	160250000	41155	11600	0.0966	0.0236	a
HAPA_chr05	160250001	160500000	36013	9484	0.0845	0.0193	a
HAPA_chr05	160500001	160750000	23084	5924	0.0542	0.0120	a
HAPA_chr05	160750001	161000000	47379	7719	0.1112	0.0157	a
HAPA_chr05	161000001	161250000	36827	8400	0.0865	0.0171	a
HAPA_chr05	161250001	161500000	45611	12724	0.1071	0.0258	a
HAPA_chr05	161500001	161750000	46213	7842	0.1085	0.0159	a
HAPA_chr05	161750001	162000000	35556	13082	0.0835	0.0266	a
HAPA_chr05	162000001	162250000	26423	12997	0.0620	0.0264	a
HAPA_chr05	162250001	162500000	44741	7512	0.1050	0.0153	a
HAPA_chr05	162500001	162750000	38230	8132	0.0897	0.0165	a
HAPA_chr05	162750001	163000000	34152	8786	0.0802	0.0178	a
HAPA_chr05	163000001	163250000	25485	16488	0.0598	0.0335	ambiguous
HAPA_chr05	163250001	163500000	29789	8448	0.0699	0.0172	a
HAPA_chr05	163500001	163750000	32043	12113	0.0752	0.0246	a
HAPA_chr05	163750001	164000000	49076	8106	0.1152	0.0165	a
HAPA_chr05	164000001	164250000	33640	13872	0.0790	0.0282	a
HAPA_chr05	164250001	164500000	34515	7442	0.0810	0.0151	a
HAPA_chr05	164500001	164750000	38691	10954	0.0908	0.0222	a
HAPA_chr05	164750001	165000000	30804	16037	0.0723	0.0326	a
HAPA_chr05	165000001	165250000	37818	9752	0.0888	0.0198	a
HAPA_chr05	165250001	165500000	27636	15026	0.0649	0.0305	a
HAPA_chr05	165500001	165750000	34706	11096	0.0815	0.0225	a
HAPA_chr05	165750001	166000000	39325	7940	0.0923	0.0161	a
HAPA_chr05	166000001	166250000	44125	7711	0.1036	0.0157	a
HAPA_chr05	166250001	166500000	31941	9258	0.0750	0.0188	a
HAPA_chr05	166500001	166750000	38760	9638	0.0910	0.0196	a
HAPA_chr05	166750001	167000000	26376	11515	0.0619	0.0234	a
HAPA_chr05	167000001	167250000	32207	18162	0.0756	0.0369	a
HAPA_chr05	167250001	167500000	35913	8209	0.0843	0.0167	a
HAPA_chr05	167500001	167750000	41912	9656	0.0984	0.0196	a
HAPA_chr05	167750001	168000000	42465	9212	0.0997	0.0187	a
HAPA_chr05	168000001	168250000	36111	9178	0.0848	0.0186	a
HAPA_chr05	168250001	168500000	36177	10284	0.0849	0.0209	a
HAPA_chr05	168500001	168750000	36850	10275	0.0865	0.0209	a
HAPA_chr05	168750001	169000000	35187	12146	0.0826	0.0247	a
HAPA_chr05	169000001	169250000	32076	8929	0.0753	0.0181	a
HAPA_chr05	169250001	169500000	36597	9942	0.0859	0.0202	a
HAPA_chr05	169500001	169750000	33057	11325	0.0776	0.0230	a
HAPA_chr05	169750001	170000000	38385	9880	0.0901	0.0201	a
HAPA_chr05	170000001	170250000	34752	10974	0.0816	0.0223	a
HAPA_chr05	170250001	170500000	32184	11634	0.0756	0.0236	a
HAPA_chr05	170500001	170750000	29414	10377	0.0690	0.0211	a
HAPA_chr05	170750001	171000000	48847	8384	0.1147	0.0170	a
HAPA_chr05	171000001	171250000	39463	7924	0.0926	0.0161	a
HAPA_chr05	171250001	171500000	34488	6240	0.0810	0.0127	a
HAPA_chr05	171500001	171750000	30120	10543	0.0707	0.0214	a
HAPA_chr05	171750001	172000000	37905	11244	0.0890	0.0228	a
HAPA_chr05	172000001	172250000	45785	7639	0.1075	0.0155	a
HAPA_chr05	172250001	172500000	33406	10138	0.0784	0.0206	a
HAPA_chr05	172500001	172750000	47484	8927	0.1115	0.0181	a
HAPA_chr05	172750001	173000000	29240	10634	0.0686	0.0216	a
HAPA_chr05	173000001	173250000	42854	8390	0.1006	0.0170	a
HAPA_chr05	173250001	173500000	25951	10408	0.0609	0.0211	a
HAPA_chr05	173500001	173750000	26105	10728	0.0613	0.0218	a
HAPA_chr05	173750001	174000000	30134	11449	0.0707	0.0233	a
HAPA_chr05	174000001	174250000	29309	12119	0.0688	0.0246	a
HAPA_chr05	174250001	174500000	41096	11550	0.0965	0.0235	a
HAPA_chr05	174500001	174750000	43831	7903	0.1029	0.0161	a
HAPA_chr05	174750001	175000000	43657	8003	0.1025	0.0163	a
HAPA_chr05	175000001	175250000	46108	6802	0.1082	0.0138	a
HAPA_chr05	175250001	175500000	35913	10832	0.0843	0.0220	a
HAPA_chr05	175500001	175750000	28911	13977	0.0679	0.0284	a
HAPA_chr05	175750001	176000000	37382	11796	0.0878	0.0240	a
HAPA_chr05	176000001	176250000	40817	10549	0.0958	0.0214	a
HAPA_chr05	176250001	176500000	27592	12828	0.0648	0.0261	a
HAPA_chr05	176500001	176750000	28519	13255	0.0669	0.0269	a
HAPA_chr05	176750001	177000000	34146	12382	0.0802	0.0251	a
HAPA_chr05	177000001	177250000	29512	9456	0.0693	0.0192	a
HAPA_chr05	177250001	177500000	51925	9382	0.1219	0.0191	a
HAPA_chr05	177500001	177750000	35642	11231	0.0837	0.0228	a
HAPA_chr05	177750001	178000000	40041	10072	0.0940	0.0205	a
HAPA_chr05	178000001	178250000	39077	9729	0.0917	0.0198	a
HAPA_chr05	178250001	178500000	41551	6954	0.0975	0.0141	a
HAPA_chr05	178500001	178750000	29025	14132	0.0681	0.0287	a
HAPA_chr05	178750001	179000000	40669	10869	0.0955	0.0221	a
HAPA_chr05	179000001	179250000	36657	14851	0.0861	0.0302	a
HAPA_chr05	179250001	179500000	33767	11838	0.0793	0.0240	a
HAPA_chr05	179500001	179750000	31982	11245	0.0751	0.0228	a
HAPA_chr05	179750001	180000000	33488	10137	0.0786	0.0206	a
HAPA_chr05	180000001	180250000	29347	14062	0.0689	0.0286	a
HAPA_chr05	180250001	180500000	40943	9961	0.0961	0.0202	a
HAPA_chr05	180500001	180750000	27873	11074	0.0654	0.0225	a
HAPA_chr05	180750001	181000000	32020	13708	0.0752	0.0278	a
HAPA_chr05	181000001	181250000	37999	9537	0.0892	0.0194	a
HAPA_chr05	181250001	181500000	29367	7937	0.0689	0.0161	a
HAPA_chr05	181500001	181750000	33636	10469	0.0790	0.0213	a
HAPA_chr05	181750001	182000000	33542	8415	0.0787	0.0171	a
HAPA_chr05	182000001	182250000	38322	9173	0.0900	0.0186	a
HAPA_chr05	182250001	182500000	34731	13832	0.0815	0.0281	a
HAPA_chr05	182500001	182750000	31965	14230	0.0750	0.0289	a
HAPA_chr05	182750001	183000000	32767	10607	0.0769	0.0215	a
HAPA_chr05	183000001	183250000	45836	7481	0.1076	0.0152	a
HAPA_chr05	183250001	183500000	30468	12667	0.0715	0.0257	a
HAPA_chr05	183500001	183750000	42969	9500	0.1009	0.0193	a
HAPA_chr05	183750001	184000000	32136	10987	0.0754	0.0223	a
HAPA_chr05	184000001	184250000	40348	11254	0.0947	0.0229	a
HAPA_chr05	184250001	184500000	32726	11699	0.0768	0.0238	a
HAPA_chr05	184500001	184750000	34473	9704	0.0809	0.0197	a
HAPA_chr05	184750001	185000000	28910	12508	0.0679	0.0254	a
HAPA_chr05	185000001	185250000	28706	8492	0.0674	0.0172	a
HAPA_chr05	185250001	185500000	38029	9381	0.0893	0.0191	a
HAPA_chr05	185500001	185750000	24695	13748	0.0580	0.0279	a
HAPA_chr05	185750001	186000000	34912	11017	0.0820	0.0224	a
HAPA_chr05	186000001	186250000	39214	11853	0.0921	0.0241	a
HAPA_chr05	186250001	186500000	32930	12985	0.0773	0.0264	a
HAPA_chr05	186500001	186750000	42121	7505	0.0989	0.0152	a
HAPA_chr05	186750001	187000000	34303	10928	0.0805	0.0222	a
HAPA_chr05	187000001	187250000	31762	10941	0.0746	0.0222	a
HAPA_chr05	187250001	187500000	42555	9113	0.0999	0.0185	a
HAPA_chr05	187500001	187750000	44617	9045	0.1047	0.0184	a
HAPA_chr05	187750001	188000000	33978	10230	0.0798	0.0208	a
HAPA_chr05	188000001	188250000	35721	10041	0.0839	0.0204	a
HAPA_chr05	188250001	188500000	35136	10246	0.0825	0.0208	a
HAPA_chr05	188500001	188750000	28769	10074	0.0675	0.0205	a
HAPA_chr05	188750001	189000000	33065	12115	0.0776	0.0246	a
HAPA_chr05	189000001	189250000	29278	10030	0.0687	0.0204	a
HAPA_chr05	189250001	189500000	24033	12076	0.0564	0.0245	a
HAPA_chr05	189500001	189750000	31276	7407	0.0734	0.0150	a
HAPA_chr05	189750001	190000000	34650	12092	0.0813	0.0246	a
HAPA_chr05	190000001	190250000	32094	9445	0.0753	0.0192	a
HAPA_chr05	190250001	190500000	19706	8082	0.0463	0.0164	a
HAPA_chr05	190500001	190750000	29623	10321	0.0695	0.0210	a
HAPA_chr05	190750001	191000000	36432	12954	0.0855	0.0263	a
HAPA_chr05	191000001	191250000	34873	11022	0.0819	0.0224	a
HAPA_chr05	191250001	191500000	37277	9095	0.0875	0.0185	a
HAPA_chr05	191500001	191750000	32780	10550	0.0770	0.0214	a
HAPA_chr05	191750001	192000000	49927	8348	0.1172	0.0170	a
HAPA_chr05	192000001	192250000	37597	8496	0.0883	0.0173	a
HAPA_chr05	192250001	192500000	37329	12860	0.0876	0.0261	a
HAPA_chr05	192500001	192750000	35224	11346	0.0827	0.0230	a
HAPA_chr05	192750001	193000000	27898	10545	0.0655	0.0214	a
HAPA_chr05	193000001	193250000	24910	11151	0.0585	0.0226	a
HAPA_chr05	193250001	193500000	26126	16173	0.0613	0.0328	ambiguous
HAPA_chr05	193500001	193750000	37533	11944	0.0881	0.0243	a
HAPA_chr05	193750001	194000000	34400	11545	0.0808	0.0234	a
HAPA_chr05	194000001	194250000	36953	9585	0.0867	0.0195	a
HAPA_chr05	194250001	194500000	33997	11671	0.0798	0.0237	a
HAPA_chr05	194500001	194750000	39244	8884	0.0921	0.0180	a
HAPA_chr05	194750001	195000000	47159	8935	0.1107	0.0181	a
HAPA_chr05	195000001	195250000	34743	12378	0.0816	0.0251	a
HAPA_chr05	195250001	195500000	34205	8017	0.0803	0.0163	a
HAPA_chr05	195500001	195750000	34214	7276	0.0803	0.0148	a
HAPA_chr05	195750001	196000000	33520	9602	0.0787	0.0195	a
HAPA_chr05	196000001	196250000	30318	11394	0.0712	0.0231	a
HAPA_chr05	196250001	196500000	42547	11458	0.0999	0.0233	a
HAPA_chr05	196500001	196750000	38052	12144	0.0893	0.0247	a
HAPA_chr05	196750001	197000000	41752	10743	0.0980	0.0218	a
HAPA_chr05	197000001	197250000	37003	9684	0.0869	0.0197	a
HAPA_chr05	197250001	197500000	47405	6930	0.1113	0.0141	a
HAPA_chr05	197500001	197750000	28005	15691	0.0657	0.0319	a
HAPA_chr05	197750001	198000000	38955	10814	0.0914	0.0220	a
HAPA_chr05	198000001	198250000	33166	12273	0.0779	0.0249	a
HAPA_chr05	198250001	198500000	34170	9936	0.0802	0.0202	a
HAPA_chr05	198500001	198750000	31025	10769	0.0728	0.0219	a
HAPA_chr05	198750001	199000000	36639	15199	0.0860	0.0309	a
HAPA_chr05	199000001	199250000	37455	13944	0.0879	0.0283	a
HAPA_chr05	199250001	199500000	39600	11535	0.0930	0.0234	a
HAPA_chr05	199500001	199750000	47166	7156	0.1107	0.0145	a
HAPA_chr05	199750001	200000000	36210	12894	0.0850	0.0262	a
HAPA_chr05	200000001	200250000	39039	8604	0.0916	0.0175	a
HAPA_chr05	200250001	200500000	33068	10095	0.0776	0.0205	a
HAPA_chr05	200500001	200750000	36357	9854	0.0853	0.0200	a
HAPA_chr05	200750001	201000000	42469	7790	0.0997	0.0158	a
HAPA_chr05	201000001	201250000	37040	12418	0.0870	0.0252	a
HAPA_chr05	201250001	201500000	34944	8353	0.0820	0.0170	a
HAPA_chr05	201500001	201750000	40912	12960	0.0960	0.0263	a
HAPA_chr05	201750001	202000000	33654	14937	0.0790	0.0303	a
HAPA_chr05	202000001	202250000	43229	9705	0.1015	0.0197	a
HAPA_chr05	202250001	202500000	26653	11565	0.0626	0.0235	a
HAPA_chr05	202500001	202750000	29805	11902	0.0700	0.0242	a
HAPA_chr05	202750001	203000000	42931	10187	0.1008	0.0207	a
HAPA_chr05	203000001	203250000	26984	12365	0.0633	0.0251	a
HAPA_chr05	203250001	203500000	32584	8961	0.0765	0.0182	a
HAPA_chr05	203500001	203750000	42855	6080	0.1006	0.0123	a
HAPA_chr05	203750001	204000000	33269	8520	0.0781	0.0173	a
HAPA_chr05	204000001	204250000	25950	10922	0.0609	0.0222	a
HAPA_chr05	204250001	204500000	27299	13354	0.0641	0.0271	a
HAPA_chr05	204500001	204750000	34812	10389	0.0817	0.0211	a
HAPA_chr05	204750001	205000000	34543	9217	0.0811	0.0187	a
HAPA_chr05	205000001	205250000	28182	11519	0.0662	0.0234	a
HAPA_chr05	205250001	205500000	23735	12651	0.0557	0.0257	a
HAPA_chr05	205500001	205750000	35985	10483	0.0845	0.0213	a
HAPA_chr05	205750001	206000000	36420	8023	0.0855	0.0163	a
HAPA_chr05	206000001	206250000	31798	13540	0.0746	0.0275	a
HAPA_chr05	206250001	206500000	32548	10781	0.0764	0.0219	a
HAPA_chr05	206500001	206750000	25793	13250	0.0605	0.0269	a
HAPA_chr05	206750001	207000000	28356	14323	0.0666	0.0291	a
HAPA_chr05	207000001	207250000	31801	10968	0.0747	0.0223	a
HAPA_chr05	207250001	207500000	40309	8714	0.0946	0.0177	a
HAPA_chr05	207500001	207750000	46490	10645	0.1091	0.0216	a
HAPA_chr05	207750001	208000000	33660	12584	0.0790	0.0256	a
HAPA_chr05	208000001	208250000	27573	14263	0.0647	0.0290	a
HAPA_chr05	208250001	208500000	42525	13508	0.0998	0.0274	a
HAPA_chr05	208500001	208750000	45418	8398	0.1066	0.0171	a
HAPA_chr05	208750001	209000000	36838	9672	0.0865	0.0196	a
HAPA_chr05	209000001	209250000	37268	8695	0.0875	0.0177	a
HAPA_chr05	209250001	209500000	28107	14237	0.0660	0.0289	a
HAPA_chr05	209500001	209750000	27081	15216	0.0636	0.0309	a
HAPA_chr05	209750001	210000000	28368	9151	0.0666	0.0186	a
HAPA_chr05	210000001	210250000	40784	6639	0.0957	0.0135	a
HAPA_chr05	210250001	210500000	45777	9238	0.1075	0.0188	a
HAPA_chr05	210500001	210750000	30799	9604	0.0723	0.0195	a
HAPA_chr05	210750001	211000000	38309	11405	0.0899	0.0232	a
HAPA_chr05	211000001	211250000	32581	16431	0.0765	0.0334	a
HAPA_chr05	211250001	211500000	30750	8356	0.0722	0.0170	a
HAPA_chr05	211500001	211750000	34647	11204	0.0813	0.0228	a
HAPA_chr05	211750001	212000000	43898	7695	0.1031	0.0156	a
HAPA_chr05	212000001	212250000	38395	10062	0.0901	0.0204	a
HAPA_chr05	212250001	212500000	35179	11789	0.0826	0.0239	a
HAPA_chr05	212500001	212750000	33761	10010	0.0793	0.0203	a
HAPA_chr05	212750001	213000000	46340	8801	0.1088	0.0179	a
HAPA_chr05	213000001	213250000	36670	10745	0.0861	0.0218	a
HAPA_chr05	213250001	213500000	39417	11815	0.0925	0.0240	a
HAPA_chr05	213500001	213750000	32039	11242	0.0752	0.0228	a
HAPA_chr05	213750001	214000000	34354	9323	0.0806	0.0189	a
HAPA_chr05	214000001	214250000	33837	10285	0.0794	0.0209	a
HAPA_chr05	214250001	214500000	33928	7974	0.0796	0.0162	a
HAPA_chr05	214500001	214750000	27944	10944	0.0656	0.0222	a
HAPA_chr05	214750001	215000000	32932	10678	0.0773	0.0217	a
HAPA_chr05	215000001	215250000	33240	9464	0.0780	0.0192	a
HAPA_chr05	215250001	215500000	31325	11063	0.0735	0.0225	a
HAPA_chr05	215500001	215750000	35989	9952	0.0845	0.0202	a
HAPA_chr05	215750001	216000000	29781	12215	0.0699	0.0248	a
HAPA_chr05	216000001	216250000	29003	12905	0.0681	0.0262	a
HAPA_chr05	216250001	216500000	36441	12734	0.0855	0.0259	a
HAPA_chr05	216500001	216750000	38197	11239	0.0897	0.0228	a
HAPA_chr05	216750001	217000000	35936	10758	0.0844	0.0219	a
HAPA_chr05	217000001	217250000	44414	9793	0.1043	0.0199	a
HAPA_chr05	217250001	217500000	28269	13693	0.0664	0.0278	a
HAPA_chr05	217500001	217750000	31829	12815	0.0747	0.0260	a
HAPA_chr05	217750001	218000000	41595	10774	0.0976	0.0219	a
HAPA_chr05	218000001	218250000	42114	9553	0.0989	0.0194	a
HAPA_chr05	218250001	218500000	33318	11345	0.0782	0.0230	a
HAPA_chr05	218500001	218750000	32830	13176	0.0771	0.0268	a
HAPA_chr05	218750001	219000000	30363	10220	0.0713	0.0208	a
HAPA_chr05	219000001	219250000	34662	11315	0.0814	0.0230	a
HAPA_chr05	219250001	219500000	40547	10761	0.0952	0.0219	a
HAPA_chr05	219500001	219750000	27411	10202	0.0643	0.0207	a
HAPA_chr05	219750001	220000000	46067	8783	0.1081	0.0178	a
HAPA_chr05	220000001	220250000	34567	12434	0.0811	0.0253	a
HAPA_chr05	220250001	220500000	31697	13694	0.0744	0.0278	a
HAPA_chr05	220500001	220750000	26040	12232	0.0611	0.0248	a
HAPA_chr05	220750001	221000000	41481	10799	0.0974	0.0219	a
HAPA_chr05	221000001	221250000	42421	7101	0.0996	0.0144	a
HAPA_chr05	221250001	221500000	36981	8891	0.0868	0.0181	a
HAPA_chr05	221500001	221750000	31022	7828	0.0728	0.0159	a
HAPA_chr05	221750001	222000000	35602	8410	0.0836	0.0171	a
HAPA_chr05	222000001	222250000	42536	8345	0.0999	0.0169	a
HAPA_chr05	222250001	222500000	42998	7285	0.1009	0.0148	a
HAPA_chr05	222500001	222750000	39655	12288	0.0931	0.0250	a
HAPA_chr05	222750001	223000000	31608	13005	0.0742	0.0264	a
HAPA_chr05	223000001	223250000	35576	6971	0.0835	0.0142	a
HAPA_chr05	223250001	223500000	32853	7970	0.0771	0.0162	a
HAPA_chr05	223500001	223750000	38627	8573	0.0907	0.0174	a
HAPA_chr05	223750001	224000000	32920	13956	0.0773	0.0283	a
HAPA_chr05	224000001	224250000	31104	14414	0.0730	0.0293	a
HAPA_chr05	224250001	224500000	38267	8638	0.0898	0.0175	a
HAPA_chr05	224500001	224750000	39063	10691	0.0917	0.0217	a
HAPA_chr05	224750001	225000000	32603	10929	0.0765	0.0222	a
HAPA_chr05	225000001	225250000	37701	9489	0.0885	0.0193	a
HAPA_chr05	225250001	225500000	35416	8357	0.0831	0.0170	a
HAPA_chr05	225500001	225750000	33567	10871	0.0788	0.0221	a
HAPA_chr05	225750001	226000000	39784	7693	0.0934	0.0156	a
HAPA_chr05	226000001	226250000	37468	7531	0.0880	0.0153	a
HAPA_chr05	226250001	226500000	39249	9364	0.0921	0.0190	a
HAPA_chr05	226500001	226750000	30100	16413	0.0707	0.0333	a
HAPA_chr05	226750001	227000000	36650	9428	0.0860	0.0191	a
HAPA_chr05	227000001	227250000	35820	13232	0.0841	0.0269	a
HAPA_chr05	227250001	227500000	25460	7161	0.0598	0.0145	a
HAPA_chr05	227500001	227750000	37482	9646	0.0880	0.0196	a
HAPA_chr05	227750001	228000000	37933	8476	0.0890	0.0172	a
HAPA_chr05	228000001	228250000	34508	12507	0.0810	0.0254	a
HAPA_chr05	228250001	228500000	41855	10439	0.0983	0.0212	a
HAPA_chr05	228500001	228750000	37052	13021	0.0870	0.0264	a
HAPA_chr05	228750001	229000000	28247	12958	0.0663	0.0263	a
HAPA_chr05	229000001	229250000	43842	8514	0.1029	0.0173	a
HAPA_chr05	229250001	229500000	19893	12559	0.0467	0.0255	ambiguous
HAPA_chr05	229500001	229750000	26639	5800	0.0625	0.0118	a
HAPA_chr05	229750001	230000000	36487	9587	0.0857	0.0195	a
HAPA_chr05	230000001	230250000	41467	13119	0.0973	0.0266	a
HAPA_chr05	230250001	230500000	38732	7727	0.0909	0.0157	a
HAPA_chr05	230500001	230750000	36597	11893	0.0859	0.0242	a
HAPA_chr05	230750001	231000000	36313	7927	0.0852	0.0161	a
HAPA_chr05	231000001	231250000	40243	12047	0.0945	0.0245	a
HAPA_chr05	231250001	231500000	31592	7386	0.0742	0.0150	a
HAPA_chr05	231500001	231750000	28741	14575	0.0675	0.0296	a
HAPA_chr05	231750001	232000000	44272	7622	0.1039	0.0155	a
HAPA_chr05	232000001	232250000	45524	10236	0.1069	0.0208	a
HAPA_chr05	232250001	232500000	31463	10300	0.0739	0.0209	a
HAPA_chr05	232500001	232750000	34480	12284	0.0809	0.0249	a
HAPA_chr05	232750001	233000000	33705	6871	0.0791	0.0140	a
HAPA_chr05	233000001	233250000	37136	10732	0.0872	0.0218	a
HAPA_chr05	233250001	233500000	31359	10557	0.0736	0.0214	a
HAPA_chr05	233500001	233750000	28666	13672	0.0673	0.0278	a
HAPA_chr05	233750001	234000000	35610	9356	0.0836	0.0190	a
HAPA_chr05	234000001	234250000	26947	9575	0.0633	0.0194	a
HAPA_chr05	234250001	234500000	31088	8253	0.0730	0.0168	a
HAPA_chr05	234500001	234750000	40900	10995	0.0960	0.0223	a
HAPA_chr05	234750001	235000000	27862	13457	0.0654	0.0273	a
HAPA_chr05	235000001	235250000	23781	9073	0.0558	0.0184	a
HAPA_chr05	235250001	235500000	36695	9341	0.0861	0.0190	a
HAPA_chr05	235500001	235750000	29961	11127	0.0703	0.0226	a
HAPA_chr05	235750001	236000000	28576	9742	0.0671	0.0198	a
HAPA_chr05	236000001	236250000	28201	9020	0.0662	0.0183	a
HAPA_chr05	236250001	236500000	36331	10086	0.0853	0.0205	a
HAPA_chr05	236500001	236750000	22829	9379	0.0536	0.0190	a
HAPA_chr05	236750001	237000000	25512	7920	0.0599	0.0161	a
HAPA_chr05	237000001	237250000	34580	7920	0.0812	0.0161	a
HAPA_chr05	237250001	237500000	40568	6970	0.0952	0.0142	a
HAPA_chr05	237500001	237750000	32644	11985	0.0766	0.0243	a
HAPA_chr05	237750001	238000000	30778	9502	0.0723	0.0193	a
HAPA_chr05	238000001	238250000	26516	11435	0.0622	0.0232	a
HAPA_chr05	238250001	238500000	26323	13434	0.0618	0.0273	a
HAPA_chr05	238500001	238750000	32712	6910	0.0768	0.0140	a
HAPA_chr05	238750001	239000000	25728	9835	0.0604	0.0200	a
HAPA_chr05	239000001	239250000	33573	12140	0.0788	0.0247	a
HAPA_chr05	239250001	239500000	37307	8994	0.0876	0.0183	a
HAPA_chr05	239500001	239750000	27467	9681	0.0645	0.0197	a
HAPA_chr05	239750001	240000000	43171	8620	0.1013	0.0175	a
HAPA_chr05	240000001	240250000	35694	6899	0.0838	0.0140	a
HAPA_chr05	240250001	240500000	40173	9673	0.0943	0.0196	a
HAPA_chr05	240500001	240750000	29087	7987	0.0683	0.0162	a
HAPA_chr05	240750001	241000000	33013	9311	0.0775	0.0189	a
HAPA_chr05	241000001	241250000	31308	7656	0.0735	0.0155	a
HAPA_chr05	241250001	241500000	13688	4160	0.0321	0.0084	a
HAPA_chr05	241500001	241750000	17943	3897	0.0421	0.0079	a
HAPA_chr05	241750001	242000000	10738	3792	0.0252	0.0077	a
HAPA_chr05	242000001	242250000	12327	3754	0.0289	0.0076	a
HAPA_chr05	242250001	242500000	11512	4486	0.0270	0.0091	a
HAPA_chr05	242500001	242750000	17211	10805	0.0404	0.0219	ambiguous
HAPA_chr05	242750001	243000000	23873	9912	0.0560	0.0201	a
HAPA_chr05	243000001	243250000	30083	9796	0.0706	0.0199	a
HAPA_chr05	243250001	243500000	35216	7726	0.0827	0.0157	a
HAPA_chr05	243500001	243750000	30247	9402	0.0710	0.0191	a
HAPA_chr05	243750001	244000000	29272	9474	0.0687	0.0192	a
HAPA_chr05	244000001	244250000	17888	2756	0.0420	0.0056	a
HAPA_chr05	244250001	244500000	12415	2575	0.0291	0.0052	a
HAPA_chr05	244500001	244750000	10175	3227	0.0239	0.0066	a
HAPA_chr05	244750001	245000000	10930	1992	0.0257	0.0040	a
HAPA_chr05	245000001	245250000	8023	2559	0.0188	0.0052	a
HAPA_chr05	245250001	245500000	11991	2484	0.0281	0.0050	a
HAPA_chr05	245500001	245750000	10776	2370	0.0253	0.0048	a
HAPA_chr05	245750001	246000000	15560	2675	0.0365	0.0054	a
HAPA_chr05	246000001	246250000	12833	2538	0.0301	0.0052	a
HAPA_chr05	246250001	246500000	7379	2354	0.0173	0.0048	a
HAPA_chr05	246500001	246750000	11366	1645	0.0267	0.0033	a
HAPA_chr05	246750001	247000000	19550	3611	0.0459	0.0073	a
HAPA_chr05	247000001	247250000	9057	2508	0.0213	0.0051	a
HAPA_chr05	247250001	247500000	10718	1484	0.0252	0.0030	a
HAPA_chr05	247500001	247750000	11753	2610	0.0276	0.0053	a
HAPA_chr05	247750001	248000000	7989	2581	0.0188	0.0052	a
HAPA_chr05	248000001	248250000	9673	4461	0.0227	0.0091	a
HAPA_chr05	248250001	248500000	15040	5259	0.0353	0.0107	a
HAPA_chr05	248500001	248750000	16345	3907	0.0384	0.0079	a
HAPA_chr05	248750001	249000000	24091	4091	0.0566	0.0083	a
HAPA_chr05	249000001	249250000	17850	2724	0.0419	0.0055	a
HAPA_chr05	249250001	249500000	16752	2948	0.0393	0.0060	a
HAPA_chr05	249500001	249750000	7877	3841	0.0185	0.0078	a
HAPA_chr05	249750001	250000000	6815	1925	0.0160	0.0039	a
HAPA_chr05	250000001	250250000	9432	2825	0.0221	0.0057	a
HAPA_chr05	250250001	250500000	7698	2089	0.0181	0.0042	a
HAPA_chr05	250500001	250750000	7969	2054	0.0187	0.0042	a
HAPA_chr05	250750001	251000000	12985	3336	0.0305	0.0068	a
HAPA_chr05	251000001	251250000	17486	2826	0.0410	0.0057	a
HAPA_chr05	251250001	251500000	16274	2323	0.0382	0.0047	a
HAPA_chr05	251500001	251750000	29055	5213	0.0682	0.0106	a
HAPA_chr05	251750001	252000000	14322	4847	0.0336	0.0098	a
HAPA_chr05	252000001	252250000	19302	5595	0.0453	0.0114	a
HAPA_chr05	252250001	252500000	26025	5034	0.0611	0.0102	a
HAPA_chr05	252500001	252750000	35158	8003	0.0825	0.0163	a
HAPA_chr05	252750001	253000000	39169	8821	0.0919	0.0179	a
HAPA_chr05	253000001	253250000	34067	10752	0.0800	0.0218	a
HAPA_chr05	253250001	253500000	30643	11799	0.0719	0.0240	a
HAPA_chr05	253500001	253750000	34828	11468	0.0818	0.0233	a
HAPA_chr05	253750001	254000000	25305	13191	0.0594	0.0268	a
HAPA_chr05	254000001	254250000	30914	7850	0.0726	0.0159	a
HAPA_chr05	254250001	254500000	42943	10238	0.1008	0.0208	a
HAPA_chr05	254500001	254750000	31673	8949	0.0744	0.0182	a
HAPA_chr05	254750001	255000000	31230	12203	0.0733	0.0248	a
HAPA_chr05	255000001	255250000	41360	15033	0.0971	0.0305	a
HAPA_chr05	255250001	255500000	34370	8986	0.0807	0.0183	a
HAPA_chr05	255500001	255750000	42486	11212	0.0997	0.0228	a
HAPA_chr05	255750001	256000000	37154	11866	0.0872	0.0241	a
HAPA_chr05	256000001	256250000	28873	15454	0.0678	0.0314	a
HAPA_chr05	256250001	256500000	33783	8372	0.0793	0.0170	a
HAPA_chr05	256500001	256750000	29068	12443	0.0682	0.0253	a
HAPA_chr05	256750001	257000000	27555	14923	0.0647	0.0303	a
HAPA_chr05	257000001	257250000	36235	8560	0.0851	0.0174	a
HAPA_chr05	257250001	257500000	45239	7160	0.1062	0.0145	a
HAPA_chr05	257500001	257750000	45020	8688	0.1057	0.0176	a
HAPA_chr05	257750001	258000000	27690	10310	0.0650	0.0209	a
HAPA_chr05	258000001	258250000	28636	12728	0.0672	0.0259	a
HAPA_chr05	258250001	258500000	34444	7978	0.0809	0.0162	a
HAPA_chr05	258500001	258750000	40652	9292	0.0954	0.0189	a
HAPA_chr05	258750001	259000000	35899	8825	0.0843	0.0179	a
HAPA_chr05	259000001	259250000	30882	12280	0.0725	0.0249	a
HAPA_chr05	259250001	259500000	34340	9620	0.0806	0.0195	a
HAPA_chr05	259500001	259750000	25117	13809	0.0590	0.0280	a
HAPA_chr05	259750001	260000000	42974	9192	0.1009	0.0187	a
HAPA_chr05	260000001	260250000	29559	10632	0.0694	0.0216	a
HAPA_chr05	260250001	260500000	25859	8129	0.0607	0.0165	a
HAPA_chr05	260500001	260750000	47508	5993	0.1115	0.0122	a
HAPA_chr05	260750001	261000000	28265	14294	0.0664	0.0290	a
HAPA_chr05	261000001	261250000	27899	8694	0.0655	0.0177	a
HAPA_chr05	261250001	261500000	34069	11735	0.0800	0.0238	a
HAPA_chr05	261500001	261750000	39747	11025	0.0933	0.0224	a
HAPA_chr05	261750001	262000000	45241	9277	0.1062	0.0188	a
HAPA_chr05	262000001	262250000	41079	8019	0.0964	0.0163	a
HAPA_chr05	262250001	262500000	34603	10148	0.0812	0.0206	a
HAPA_chr05	262500001	262750000	40782	8115	0.0957	0.0165	a
HAPA_chr05	262750001	263000000	38915	7974	0.0914	0.0162	a
HAPA_chr05	263000001	263250000	26590	6457	0.0624	0.0131	a
HAPA_chr05	263250001	263500000	33685	8113	0.0791	0.0165	a
HAPA_chr05	263500001	263750000	37902	7810	0.0890	0.0159	a
HAPA_chr05	263750001	264000000	28923	11665	0.0679	0.0237	a
HAPA_chr05	264000001	264250000	32615	9076	0.0766	0.0184	a
HAPA_chr05	264250001	264500000	29340	10258	0.0689	0.0208	a
HAPA_chr05	264500001	264750000	32539	12598	0.0764	0.0256	a
HAPA_chr05	264750001	265000000	30145	8818	0.0708	0.0179	a
HAPA_chr05	265000001	265250000	23453	7582	0.0551	0.0154	a
HAPA_chr05	265250001	265500000	33230	10276	0.0780	0.0209	a
HAPA_chr05	265500001	265750000	35221	9227	0.0827	0.0187	a
HAPA_chr05	265750001	266000000	42947	9506	0.1008	0.0193	a
HAPA_chr05	266000001	266250000	28113	9292	0.0660	0.0189	a
HAPA_chr05	266250001	266500000	39019	11440	0.0916	0.0232	a
HAPA_chr05	266500001	266750000	35980	8198	0.0845	0.0167	a
HAPA_chr05	266750001	267000000	31326	7783	0.0735	0.0158	a
HAPA_chr05	267000001	267250000	32100	10163	0.0754	0.0206	a
HAPA_chr05	267250001	267500000	34335	10302	0.0806	0.0209	a
HAPA_chr05	267500001	267750000	37047	8810	0.0870	0.0179	a
HAPA_chr05	267750001	268000000	37089	10604	0.0871	0.0215	a
HAPA_chr05	268000001	268250000	41847	6850	0.0982	0.0139	a
HAPA_chr05	268250001	268500000	36392	9174	0.0854	0.0186	a
HAPA_chr05	268500001	268750000	38271	7685	0.0898	0.0156	a
HAPA_chr05	268750001	269000000	36592	9176	0.0859	0.0186	a
HAPA_chr05	269000001	269250000	33649	13432	0.0790	0.0273	a
HAPA_chr05	269250001	269500000	41649	9436	0.0978	0.0192	a
HAPA_chr05	269500001	269750000	38985	9243	0.0915	0.0188	a
HAPA_chr05	269750001	270000000	33246	7898	0.0780	0.0160	a
HAPA_chr05	270000001	270250000	32837	15288	0.0771	0.0311	a
HAPA_chr05	270250001	270500000	28370	17556	0.0666	0.0357	ambiguous
HAPA_chr05	270500001	270750000	33407	10123	0.0784	0.0206	a
HAPA_chr05	270750001	271000000	41463	9585	0.0973	0.0195	a
HAPA_chr05	271000001	271250000	40205	13323	0.0944	0.0271	a
HAPA_chr05	271250001	271500000	34361	12237	0.0807	0.0249	a
HAPA_chr05	271500001	271750000	35221	11234	0.0827	0.0228	a
HAPA_chr05	271750001	272000000	43489	12560	0.1021	0.0255	a
HAPA_chr05	272000001	272250000	34985	9078	0.0821	0.0184	a
HAPA_chr05	272250001	272500000	34220	10129	0.0803	0.0206	a
HAPA_chr05	272500001	272750000	42160	10185	0.0990	0.0207	a
HAPA_chr05	272750001	273000000	24583	9003	0.0577	0.0183	a
HAPA_chr05	273000001	273250000	27657	12107	0.0649	0.0246	a
HAPA_chr05	273250001	273500000	46106	8162	0.1082	0.0166	a
HAPA_chr05	273500001	273750000	31370	12130	0.0736	0.0246	a
HAPA_chr05	273750001	274000000	37787	9866	0.0887	0.0200	a
HAPA_chr05	274000001	274250000	39402	12519	0.0925	0.0254	a
HAPA_chr05	274250001	274500000	39949	8029	0.0938	0.0163	a
HAPA_chr05	274500001	274750000	31429	9993	0.0738	0.0203	a
HAPA_chr05	274750001	275000000	32468	10060	0.0762	0.0204	a
HAPA_chr05	275000001	275250000	33821	8170	0.0794	0.0166	a
HAPA_chr05	275250001	275500000	39204	8979	0.0920	0.0182	a
HAPA_chr05	275500001	275750000	52094	10596	0.1223	0.0215	a
HAPA_chr05	275750001	276000000	32742	9674	0.0769	0.0196	a
HAPA_chr05	276000001	276250000	45369	9775	0.1065	0.0199	a
HAPA_chr05	276250001	276500000	30009	10928	0.0704	0.0222	a
HAPA_chr05	276500001	276750000	28488	6504	0.0669	0.0132	a
HAPA_chr05	276750001	277000000	36514	8472	0.0857	0.0172	a
HAPA_chr05	277000001	277250000	30902	10199	0.0725	0.0207	a
HAPA_chr05	277250001	277500000	38430	13310	0.0902	0.0270	a
HAPA_chr05	277500001	277750000	43845	8958	0.1029	0.0182	a
HAPA_chr05	277750001	278000000	30764	10460	0.0722	0.0212	a
HAPA_chr05	278000001	278250000	39151	8581	0.0919	0.0174	a
HAPA_chr05	278250001	278500000	32998	12906	0.0775	0.0262	a
HAPA_chr05	278500001	278750000	43153	8903	0.1013	0.0181	a
HAPA_chr05	278750001	279000000	45091	6551	0.1059	0.0133	a
HAPA_chr05	279000001	279250000	28589	11830	0.0671	0.0240	a
HAPA_chr05	279250001	279500000	36652	8075	0.0860	0.0164	a
HAPA_chr05	279500001	279750000	39055	11738	0.0917	0.0238	a
HAPA_chr05	279750001	280000000	24655	13275	0.0579	0.0270	a
HAPA_chr05	280000001	280250000	41790	9669	0.0981	0.0196	a
HAPA_chr05	280250001	280500000	35562	11093	0.0835	0.0225	a
HAPA_chr05	280500001	280750000	38113	11208	0.0895	0.0228	a
HAPA_chr05	280750001	281000000	45816	9180	0.1076	0.0186	a
HAPA_chr05	281000001	281250000	34923	8727	0.0820	0.0177	a
HAPA_chr05	281250001	281500000	34912	11226	0.0820	0.0228	a
HAPA_chr05	281500001	281750000	40068	10174	0.0941	0.0207	a
HAPA_chr05	281750001	282000000	43359	9874	0.1018	0.0201	a
HAPA_chr05	282000001	282250000	48166	8091	0.1131	0.0164	a
HAPA_chr05	282250001	282500000	33736	12044	0.0792	0.0245	a
HAPA_chr05	282500001	282750000	24158	16805	0.0567	0.0341	ambiguous
HAPA_chr05	282750001	283000000	33900	8612	0.0796	0.0175	a
HAPA_chr05	283000001	283250000	38424	9540	0.0902	0.0194	a
HAPA_chr05	283250001	283500000	35437	12274	0.0832	0.0249	a
HAPA_chr05	283500001	283750000	36198	9384	0.0850	0.0191	a
HAPA_chr05	283750001	284000000	36384	15053	0.0854	0.0306	a
HAPA_chr05	284000001	284250000	27852	14878	0.0654	0.0302	a
HAPA_chr05	284250001	284500000	27469	9353	0.0645	0.0190	a
HAPA_chr05	284500001	284750000	43664	8146	0.1025	0.0165	a
HAPA_chr05	284750001	285000000	34044	10221	0.0799	0.0208	a
HAPA_chr05	285000001	285250000	51070	6664	0.1199	0.0135	a
HAPA_chr05	285250001	285500000	32316	12970	0.0759	0.0263	a
HAPA_chr05	285500001	285750000	36196	11186	0.0850	0.0227	a
HAPA_chr05	285750001	286000000	42456	10572	0.0997	0.0215	a
HAPA_chr05	286000001	286250000	42091	7502	0.0988	0.0152	a
HAPA_chr05	286250001	286500000	43315	10543	0.1017	0.0214	a
HAPA_chr05	286500001	286750000	30465	10119	0.0715	0.0206	a
HAPA_chr05	286750001	287000000	31807	9164	0.0747	0.0186	a
HAPA_chr05	287000001	287250000	30451	10264	0.0715	0.0208	a
HAPA_chr05	287250001	287500000	37363	10064	0.0877	0.0204	a
HAPA_chr05	287500001	287750000	37668	9335	0.0884	0.0190	a
HAPA_chr05	287750001	288000000	24738	14257	0.0581	0.0290	a
HAPA_chr05	288000001	288250000	39099	8397	0.0918	0.0171	a
HAPA_chr05	288250001	288500000	25801	11975	0.0606	0.0243	a
HAPA_chr05	288500001	288750000	34507	11921	0.0810	0.0242	a
HAPA_chr05	288750001	289000000	37929	10270	0.0890	0.0209	a
HAPA_chr05	289000001	289250000	37763	8271	0.0886	0.0168	a
HAPA_chr05	289250001	289500000	34270	10901	0.0804	0.0221	a
HAPA_chr05	289500001	289750000	40779	7842	0.0957	0.0159	a
HAPA_chr05	289750001	290000000	34380	12170	0.0807	0.0247	a
HAPA_chr05	290000001	290250000	35894	11437	0.0843	0.0232	a
HAPA_chr05	290250001	290500000	36698	14262	0.0861	0.0290	a
HAPA_chr05	290500001	290750000	33726	11167	0.0792	0.0227	a
HAPA_chr05	290750001	291000000	37125	12798	0.0872	0.0260	a
HAPA_chr05	291000001	291250000	31609	12975	0.0742	0.0264	a
HAPA_chr05	291250001	291500000	31479	8786	0.0739	0.0178	a
HAPA_chr05	291500001	291750000	30302	9849	0.0711	0.0200	a
HAPA_chr05	291750001	292000000	31165	15039	0.0732	0.0305	a
HAPA_chr05	292000001	292250000	41386	8664	0.0972	0.0176	a
HAPA_chr05	292250001	292500000	42253	9640	0.0992	0.0196	a
HAPA_chr05	292500001	292750000	39859	9845	0.0936	0.0200	a
HAPA_chr05	292750001	293000000	32104	14693	0.0754	0.0298	a
HAPA_chr05	293000001	293250000	27715	12428	0.0651	0.0252	a
HAPA_chr05	293250001	293500000	29899	13472	0.0702	0.0274	a
HAPA_chr05	293500001	293750000	34815	10594	0.0817	0.0215	a
HAPA_chr05	293750001	294000000	29250	9161	0.0687	0.0186	a
HAPA_chr05	294000001	294250000	36527	9753	0.0857	0.0198	a
HAPA_chr05	294250001	294500000	52629	8014	0.1235	0.0163	a
HAPA_chr05	294500001	294750000	35802	10019	0.0840	0.0203	a
HAPA_chr05	294750001	295000000	43167	10025	0.1013	0.0204	a
HAPA_chr05	295000001	295250000	28177	9457	0.0661	0.0192	a
HAPA_chr05	295250001	295500000	36466	8220	0.0856	0.0167	a
HAPA_chr05	295500001	295750000	40291	8029	0.0946	0.0163	a
HAPA_chr05	295750001	296000000	35869	11671	0.0842	0.0237	a
HAPA_chr05	296000001	296250000	28255	12240	0.0663	0.0249	a
HAPA_chr05	296250001	296500000	46270	9767	0.1086	0.0198	a
HAPA_chr05	296500001	296750000	30548	9444	0.0717	0.0192	a
HAPA_chr05	296750001	297000000	32568	9223	0.0765	0.0187	a
HAPA_chr05	297000001	297250000	33405	9163	0.0784	0.0186	a
HAPA_chr05	297250001	297500000	34286	9260	0.0805	0.0188	a
HAPA_chr05	297500001	297750000	32759	12657	0.0769	0.0257	a
HAPA_chr05	297750001	298000000	44986	8283	0.1056	0.0168	a
HAPA_chr05	298000001	298250000	40145	9491	0.0942	0.0193	a
HAPA_chr05	298250001	298500000	45332	9334	0.1064	0.0190	a
HAPA_chr05	298500001	298750000	45520	7800	0.1069	0.0158	a
HAPA_chr05	298750001	299000000	36861	11331	0.0865	0.0230	a
HAPA_chr05	299000001	299250000	44272	12041	0.1039	0.0245	a
HAPA_chr05	299250001	299500000	40044	8590	0.0940	0.0174	a
HAPA_chr05	299500001	299750000	37751	10327	0.0886	0.0210	a
HAPA_chr05	299750001	300000000	34245	12148	0.0804	0.0247	a
HAPA_chr05	300000001	300250000	39687	9740	0.0932	0.0198	a
HAPA_chr05	300250001	300500000	36260	9682	0.0851	0.0197	a
HAPA_chr05	300500001	300750000	33202	8791	0.0779	0.0179	a
HAPA_chr05	300750001	301000000	35412	13594	0.0831	0.0276	a
HAPA_chr05	301000001	301250000	22157	13606	0.0520	0.0276	ambiguous
HAPA_chr05	301250001	301500000	18006	6597	0.0423	0.0134	a
HAPA_chr05	301500001	301750000	26970	10797	0.0633	0.0219	a
HAPA_chr05	301750001	302000000	28673	11578	0.0673	0.0235	a
HAPA_chr05	302000001	302250000	27131	10135	0.0637	0.0206	a
HAPA_chr05	302250001	302500000	38369	11668	0.0901	0.0237	a
HAPA_chr05	302500001	302750000	25690	9979	0.0603	0.0203	a
HAPA_chr05	302750001	303000000	32434	9455	0.0761	0.0192	a
HAPA_chr05	303000001	303250000	41389	12228	0.0972	0.0248	a
HAPA_chr05	303250001	303500000	46402	8717	0.1089	0.0177	a
HAPA_chr05	303500001	303750000	34987	9699	0.0821	0.0197	a
HAPA_chr05	303750001	304000000	33402	10408	0.0784	0.0211	a
HAPA_chr05	304000001	304250000	27070	11744	0.0635	0.0239	a
HAPA_chr05	304250001	304500000	25464	10960	0.0598	0.0223	a
HAPA_chr05	304500001	304750000	34950	9862	0.0820	0.0200	a
HAPA_chr05	304750001	305000000	34922	9448	0.0820	0.0192	a
HAPA_chr05	305000001	305250000	38788	7891	0.0911	0.0160	a
HAPA_chr05	305250001	305500000	41721	11973	0.0979	0.0243	a
HAPA_chr05	305500001	305750000	36925	10169	0.0867	0.0207	a
HAPA_chr05	305750001	306000000	39923	9834	0.0937	0.0200	a
HAPA_chr05	306000001	306250000	40310	10205	0.0946	0.0207	a
HAPA_chr05	306250001	306500000	49433	11474	0.1160	0.0233	a
HAPA_chr05	306500001	306750000	40975	11077	0.0962	0.0225	a
HAPA_chr05	306750001	307000000	31888	9200	0.0749	0.0187	a
HAPA_chr05	307000001	307250000	44929	9736	0.1055	0.0198	a
HAPA_chr05	307250001	307500000	41084	12386	0.0964	0.0252	a
HAPA_chr05	307500001	307750000	43487	7770	0.1021	0.0158	a
HAPA_chr05	307750001	308000000	40767	10712	0.0957	0.0218	a
HAPA_chr05	308000001	308250000	31693	11384	0.0744	0.0231	a
HAPA_chr05	308250001	308500000	33000	10734	0.0775	0.0218	a
HAPA_chr05	308500001	308750000	38601	11064	0.0906	0.0225	a
HAPA_chr05	308750001	309000000	34678	10416	0.0814	0.0212	a
HAPA_chr05	309000001	309250000	38885	9682	0.0913	0.0197	a
HAPA_chr05	309250001	309500000	27064	10179	0.0635	0.0207	a
HAPA_chr05	309500001	309750000	48650	8258	0.1142	0.0168	a
HAPA_chr05	309750001	310000000	36493	9609	0.0857	0.0195	a
HAPA_chr05	310000001	310250000	37791	7482	0.0887	0.0152	a
HAPA_chr05	310250001	310500000	41269	11080	0.0969	0.0225	a
HAPA_chr05	310500001	310750000	32243	11832	0.0757	0.0240	a
HAPA_chr05	310750001	311000000	33803	8198	0.0794	0.0167	a
HAPA_chr05	311000001	311250000	31093	10029	0.0730	0.0204	a
HAPA_chr05	311250001	311500000	39257	18162	0.0922	0.0369	a
HAPA_chr05	311500001	311750000	42141	10314	0.0989	0.0209	a
HAPA_chr05	311750001	312000000	34844	11021	0.0818	0.0224	a
HAPA_chr05	312000001	312250000	38955	10307	0.0914	0.0209	a
HAPA_chr05	312250001	312500000	36337	7857	0.0853	0.0160	a
HAPA_chr05	312500001	312750000	45406	8692	0.1066	0.0177	a
HAPA_chr05	312750001	313000000	45869	7851	0.1077	0.0159	a
HAPA_chr05	313000001	313250000	29458	9861	0.0692	0.0200	a
HAPA_chr05	313250001	313500000	42889	10487	0.1007	0.0213	a
HAPA_chr05	313500001	313750000	33508	17291	0.0787	0.0351	a
HAPA_chr05	313750001	314000000	39636	7966	0.0930	0.0162	a
HAPA_chr05	314000001	314250000	41465	9361	0.0973	0.0190	a
HAPA_chr05	314250001	314500000	28378	10333	0.0666	0.0210	a
HAPA_chr05	314500001	314750000	39365	10747	0.0924	0.0218	a
HAPA_chr05	314750001	315000000	32759	11120	0.0769	0.0226	a
HAPA_chr05	315000001	315250000	44716	6770	0.1050	0.0138	a
HAPA_chr05	315250001	315500000	41401	7765	0.0972	0.0158	a
HAPA_chr05	315500001	315750000	41286	9501	0.0969	0.0193	a
HAPA_chr05	315750001	316000000	34585	11513	0.0812	0.0234	a
HAPA_chr05	316000001	316250000	38730	8510	0.0909	0.0173	a
HAPA_chr05	316250001	316500000	42065	8940	0.0987	0.0182	a
HAPA_chr05	316500001	316750000	44456	8337	0.1044	0.0169	a
HAPA_chr05	316750001	317000000	39153	10374	0.0919	0.0211	a
HAPA_chr05	317000001	317250000	37693	10799	0.0885	0.0219	a
HAPA_chr05	317250001	317500000	29469	12909	0.0692	0.0262	a
HAPA_chr05	317500001	317750000	33419	10417	0.0785	0.0212	a
HAPA_chr05	317750001	318000000	51016	9819	0.1198	0.0199	a
HAPA_chr05	318000001	318250000	36477	11562	0.0856	0.0235	a
HAPA_chr05	318250001	318500000	42215	12313	0.0991	0.0250	a
HAPA_chr05	318500001	318750000	45967	9924	0.1079	0.0202	a
HAPA_chr05	318750001	319000000	41270	11163	0.0969	0.0227	a
HAPA_chr05	319000001	319250000	32309	7762	0.0758	0.0158	a
HAPA_chr05	319250001	319500000	37531	9853	0.0881	0.0200	a
HAPA_chr05	319500001	319750000	29921	12540	0.0702	0.0255	a
HAPA_chr05	319750001	320000000	29006	10072	0.0681	0.0205	a
HAPA_chr05	320000001	320250000	34154	15611	0.0802	0.0317	a
HAPA_chr05	320250001	320500000	37684	8809	0.0885	0.0179	a
HAPA_chr05	320500001	320750000	46142	9056	0.1083	0.0184	a
HAPA_chr05	320750001	321000000	44079	9719	0.1035	0.0197	a
HAPA_chr05	321000001	321250000	36888	10416	0.0866	0.0212	a
HAPA_chr05	321250001	321500000	34811	9904	0.0817	0.0201	a
HAPA_chr05	321500001	321750000	36941	10053	0.0867	0.0204	a
HAPA_chr05	321750001	322000000	35637	12440	0.0837	0.0253	a
HAPA_chr05	322000001	322250000	43573	11232	0.1023	0.0228	a
HAPA_chr05	322250001	322500000	39881	12206	0.0936	0.0248	a
HAPA_chr05	322500001	322750000	33383	8785	0.0784	0.0178	a
HAPA_chr05	322750001	323000000	38764	17206	0.0910	0.0349	a
HAPA_chr05	323000001	323250000	31598	9381	0.0742	0.0191	a
HAPA_chr05	323250001	323500000	48137	9051	0.1130	0.0184	a
HAPA_chr05	323500001	323750000	46410	7712	0.1089	0.0157	a
HAPA_chr05	323750001	324000000	34914	8813	0.0820	0.0179	a
HAPA_chr05	324000001	324250000	42683	8461	0.1002	0.0172	a
HAPA_chr05	324250001	324500000	39839	9083	0.0935	0.0184	a
HAPA_chr05	324500001	324750000	43173	11308	0.1013	0.0230	a
HAPA_chr05	324750001	325000000	35803	8555	0.0840	0.0174	a
HAPA_chr05	325000001	325250000	33515	12223	0.0787	0.0248	a
HAPA_chr05	325250001	325500000	33318	12886	0.0782	0.0262	a
HAPA_chr05	325500001	325750000	24637	10819	0.0578	0.0220	a
HAPA_chr05	325750001	326000000	35552	10002	0.0835	0.0203	a
HAPA_chr05	326000001	326250000	21159	22218	0.0497	0.0451	ambiguous
HAPA_chr05	326250001	326500000	30529	12174	0.0717	0.0247	a
HAPA_chr05	326500001	326750000	25896	14433	0.0608	0.0293	a
HAPA_chr05	326750001	327000000	29117	12721	0.0684	0.0258	a
HAPA_chr05	327000001	327250000	30233	10789	0.0710	0.0219	a
HAPA_chr05	327250001	327500000	34789	9214	0.0817	0.0187	a
HAPA_chr05	327500001	327750000	36368	8169	0.0854	0.0166	a
HAPA_chr05	327750001	328000000	37657	12899	0.0884	0.0262	a
HAPA_chr05	328000001	328250000	32086	15823	0.0753	0.0321	a
HAPA_chr05	328250001	328500000	31448	13196	0.0738	0.0268	a
HAPA_chr05	328500001	328750000	47849	8204	0.1123	0.0167	a
HAPA_chr05	328750001	329000000	30602	7188	0.0718	0.0146	a
HAPA_chr05	329000001	329250000	35363	9604	0.0830	0.0195	a
HAPA_chr05	329250001	329500000	44570	9669	0.1046	0.0196	a
HAPA_chr05	329500001	329750000	33363	7158	0.0783	0.0145	a
HAPA_chr05	329750001	330000000	36312	7281	0.0852	0.0148	a
HAPA_chr05	330000001	330250000	47134	6952	0.1106	0.0141	a
HAPA_chr05	330250001	330500000	32032	8674	0.0752	0.0176	a
HAPA_chr05	330500001	330750000	31452	11988	0.0738	0.0243	a
HAPA_chr05	330750001	331000000	36804	11146	0.0864	0.0226	a
HAPA_chr05	331000001	331250000	35778	9702	0.0840	0.0197	a
HAPA_chr05	331250001	331500000	43740	8107	0.1027	0.0165	a
HAPA_chr05	331500001	331750000	45949	7049	0.1079	0.0143	a
HAPA_chr05	331750001	332000000	33372	11182	0.0783	0.0227	a
HAPA_chr05	332000001	332250000	34812	10259	0.0817	0.0208	a
HAPA_chr05	332250001	332500000	41062	8365	0.0964	0.0170	a
HAPA_chr05	332500001	332750000	35980	7094	0.0845	0.0144	a
HAPA_chr05	332750001	333000000	33406	10466	0.0784	0.0213	a
HAPA_chr05	333000001	333250000	39268	7433	0.0922	0.0151	a
HAPA_chr05	333250001	333500000	52087	6553	0.1223	0.0133	a
HAPA_chr05	333500001	333750000	34835	10125	0.0818	0.0206	a
HAPA_chr05	333750001	334000000	31759	11669	0.0746	0.0237	a
HAPA_chr05	334000001	334250000	34486	10628	0.0810	0.0216	a
HAPA_chr05	334250001	334500000	35661	7941	0.0837	0.0161	a
HAPA_chr05	334500001	334750000	38011	10506	0.0892	0.0213	a
HAPA_chr05	334750001	335000000	35394	11854	0.0831	0.0241	a
HAPA_chr05	335000001	335250000	33550	7106	0.0788	0.0144	a
HAPA_chr05	335250001	335500000	36118	10613	0.0848	0.0216	a
HAPA_chr05	335500001	335750000	33100	6758	0.0777	0.0137	a
HAPA_chr05	335750001	336000000	40467	10528	0.0950	0.0214	a
HAPA_chr05	336000001	336250000	35894	10657	0.0843	0.0216	a
HAPA_chr05	336250001	336500000	38006	8419	0.0892	0.0171	a
HAPA_chr05	336500001	336750000	34753	14109	0.0816	0.0287	a
HAPA_chr05	336750001	337000000	34038	13536	0.0799	0.0275	a
HAPA_chr05	337000001	337250000	35745	7618	0.0839	0.0155	a
HAPA_chr05	337250001	337500000	37120	11989	0.0871	0.0244	a
HAPA_chr05	337500001	337750000	42420	8813	0.0996	0.0179	a
HAPA_chr05	337750001	338000000	35457	8996	0.0832	0.0183	a
HAPA_chr05	338000001	338250000	34895	12466	0.0819	0.0253	a
HAPA_chr05	338250001	338500000	33369	9865	0.0783	0.0200	a
HAPA_chr05	338500001	338750000	37952	11772	0.0891	0.0239	a
HAPA_chr05	338750001	339000000	37338	10469	0.0877	0.0213	a
HAPA_chr05	339000001	339250000	33613	11945	0.0789	0.0243	a
HAPA_chr05	339250001	339500000	41664	8664	0.0978	0.0176	a
HAPA_chr05	339500001	339750000	36294	13179	0.0852	0.0268	a
HAPA_chr05	339750001	340000000	37505	12835	0.0880	0.0261	a
HAPA_chr05	340000001	340250000	45275	8993	0.1063	0.0183	a
HAPA_chr05	340250001	340500000	40545	11047	0.0952	0.0224	a
HAPA_chr05	340500001	340750000	30650	13103	0.0720	0.0266	a
HAPA_chr05	340750001	341000000	34073	10890	0.0800	0.0221	a
HAPA_chr05	341000001	341250000	42080	7050	0.0988	0.0143	a
HAPA_chr05	341250001	341500000	31815	10662	0.0747	0.0217	a
HAPA_chr05	341500001	341750000	35228	10933	0.0827	0.0222	a
HAPA_chr05	341750001	342000000	32615	9105	0.0766	0.0185	a
HAPA_chr05	342000001	342250000	33395	7129	0.0784	0.0145	a
HAPA_chr05	342250001	342500000	43756	11772	0.1027	0.0239	a
HAPA_chr05	342500001	342750000	34112	12588	0.0801	0.0256	a
HAPA_chr05	342750001	343000000	39330	10979	0.0923	0.0223	a
HAPA_chr05	343000001	343250000	26156	12531	0.0614	0.0255	a
HAPA_chr05	343250001	343500000	44874	7568	0.1053	0.0154	a
HAPA_chr05	343500001	343750000	39604	10346	0.0930	0.0210	a
HAPA_chr05	343750001	344000000	37388	9468	0.0878	0.0192	a
HAPA_chr05	344000001	344250000	19588	11027	0.0460	0.0224	a
HAPA_chr05	344250001	344500000	31069	14780	0.0729	0.0300	a
HAPA_chr05	344500001	344750000	40304	11829	0.0946	0.0240	a
HAPA_chr05	344750001	345000000	43747	8281	0.1027	0.0168	a
HAPA_chr05	345000001	345250000	41204	11449	0.0967	0.0233	a
HAPA_chr05	345250001	345500000	30734	10552	0.0721	0.0214	a
HAPA_chr05	345500001	345750000	36912	10241	0.0867	0.0208	a
HAPA_chr05	345750001	346000000	34462	9795	0.0809	0.0199	a
HAPA_chr05	346000001	346250000	29734	12258	0.0698	0.0249	a
HAPA_chr05	346250001	346500000	36907	14932	0.0866	0.0303	a
HAPA_chr05	346500001	346750000	44264	8694	0.1039	0.0177	a
HAPA_chr05	346750001	347000000	39681	14912	0.0932	0.0303	a
HAPA_chr05	347000001	347250000	36632	8670	0.0860	0.0176	a
HAPA_chr05	347250001	347500000	36025	11181	0.0846	0.0227	a
HAPA_chr05	347500001	347750000	40590	9335	0.0953	0.0190	a
HAPA_chr05	347750001	348000000	41447	8069	0.0973	0.0164	a
HAPA_chr05	348000001	348250000	45570	7752	0.1070	0.0157	a
HAPA_chr05	348250001	348500000	34609	16206	0.0812	0.0329	a
HAPA_chr05	348500001	348750000	35961	14848	0.0844	0.0302	a
HAPA_chr05	348750001	349000000	25944	10213	0.0609	0.0207	a
HAPA_chr05	349000001	349250000	26427	10605	0.0620	0.0215	a
HAPA_chr05	349250001	349500000	40934	9385	0.0961	0.0191	a
HAPA_chr05	349500001	349750000	35276	10807	0.0828	0.0219	a
HAPA_chr05	349750001	350000000	39721	6760	0.0932	0.0137	a
HAPA_chr05	350000001	350250000	28220	14859	0.0662	0.0302	a
HAPA_chr05	350250001	350500000	33404	10710	0.0784	0.0218	a
HAPA_chr05	350500001	350750000	38541	11731	0.0905	0.0238	a
HAPA_chr05	350750001	351000000	27313	11704	0.0641	0.0238	a
HAPA_chr05	351000001	351250000	35976	10285	0.0845	0.0209	a
HAPA_chr05	351250001	351500000	29226	12989	0.0686	0.0264	a
HAPA_chr05	351500001	351750000	41955	13015	0.0985	0.0264	a
HAPA_chr05	351750001	352000000	30415	9441	0.0714	0.0192	a
HAPA_chr05	352000001	352250000	34453	10530	0.0809	0.0214	a
HAPA_chr05	352250001	352500000	36057	11933	0.0846	0.0242	a
HAPA_chr05	352500001	352750000	39561	13882	0.0929	0.0282	a
HAPA_chr05	352750001	353000000	30223	12502	0.0709	0.0254	a
HAPA_chr05	353000001	353250000	26801	10201	0.0629	0.0207	a
HAPA_chr05	353250001	353500000	36127	11985	0.0848	0.0243	a
HAPA_chr05	353500001	353750000	24577	17839	0.0577	0.0362	ambiguous
HAPA_chr05	353750001	354000000	32355	10804	0.0760	0.0219	a
HAPA_chr05	354000001	354250000	38653	8268	0.0907	0.0168	a
HAPA_chr05	354250001	354500000	37925	10834	0.0890	0.0220	a
HAPA_chr05	354500001	354750000	37704	9412	0.0885	0.0191	a
HAPA_chr05	354750001	355000000	31455	12654	0.0738	0.0257	a
HAPA_chr05	355000001	355250000	26902	13234	0.0632	0.0269	a
HAPA_chr05	355250001	355500000	27066	12852	0.0635	0.0261	a
HAPA_chr05	355500001	355750000	40219	9378	0.0944	0.0190	a
HAPA_chr05	355750001	356000000	42504	13087	0.0998	0.0266	a
HAPA_chr05	356000001	356250000	23421	11932	0.0550	0.0242	a
HAPA_chr05	356250001	356500000	36313	8763	0.0852	0.0178	a
HAPA_chr05	356500001	356750000	34142	8576	0.0801	0.0174	a
HAPA_chr05	356750001	357000000	34955	10596	0.0821	0.0215	a
HAPA_chr05	357000001	357250000	41448	10959	0.0973	0.0223	a
HAPA_chr05	357250001	357500000	36516	11306	0.0857	0.0230	a
HAPA_chr05	357500001	357750000	36205	15469	0.0850	0.0314	a
HAPA_chr05	357750001	358000000	32372	9609	0.0760	0.0195	a
HAPA_chr05	358000001	358250000	37737	12473	0.0886	0.0253	a
HAPA_chr05	358250001	358500000	38985	10949	0.0915	0.0222	a
HAPA_chr05	358500001	358750000	46461	9167	0.1091	0.0186	a
HAPA_chr05	358750001	359000000	36537	9193	0.0858	0.0187	a
HAPA_chr05	359000001	359250000	32085	12373	0.0753	0.0251	a
HAPA_chr05	359250001	359500000	50141	7565	0.1177	0.0154	a
HAPA_chr05	359500001	359750000	36138	12260	0.0848	0.0249	a
HAPA_chr05	359750001	360000000	34821	16198	0.0817	0.0329	a
HAPA_chr05	360000001	360250000	34291	7701	0.0805	0.0156	a
HAPA_chr05	360250001	360500000	41488	11419	0.0974	0.0232	a
HAPA_chr05	360500001	360750000	38410	8817	0.0902	0.0179	a
HAPA_chr05	360750001	361000000	42184	12472	0.0990	0.0253	a
HAPA_chr05	361000001	361250000	39619	11178	0.0930	0.0227	a
HAPA_chr05	361250001	361500000	29727	12501	0.0698	0.0254	a
HAPA_chr05	361500001	361750000	41191	11864	0.0967	0.0241	a
HAPA_chr05	361750001	362000000	30466	13737	0.0715	0.0279	a
HAPA_chr05	362000001	362250000	29453	12973	0.0691	0.0263	a
HAPA_chr05	362250001	362500000	42231	13451	0.0991	0.0273	a
HAPA_chr05	362500001	362750000	31450	9889	0.0738	0.0201	a
HAPA_chr05	362750001	363000000	40654	11959	0.0954	0.0243	a
HAPA_chr05	363000001	363250000	33405	6898	0.0784	0.0140	a
HAPA_chr05	363250001	363500000	56759	6293	0.1332	0.0128	a
HAPA_chr05	363500001	363750000	34985	7285	0.0821	0.0148	a
HAPA_chr05	363750001	364000000	44585	9945	0.1047	0.0202	a
HAPA_chr05	364000001	364250000	40054	11096	0.0940	0.0225	a
HAPA_chr05	364250001	364500000	41271	12401	0.0969	0.0252	a
HAPA_chr05	364500001	364750000	29447	15235	0.0691	0.0309	a
HAPA_chr05	364750001	365000000	32513	13844	0.0763	0.0281	a
HAPA_chr05	365000001	365250000	40935	10050	0.0961	0.0204	a
HAPA_chr05	365250001	365500000	37780	10117	0.0887	0.0205	a
HAPA_chr05	365500001	365750000	29122	10620	0.0684	0.0216	a
HAPA_chr05	365750001	366000000	43584	8920	0.1023	0.0181	a
HAPA_chr05	366000001	366250000	41228	9451	0.0968	0.0192	a
HAPA_chr05	366250001	366500000	34184	8740	0.0802	0.0178	a
HAPA_chr05	366500001	366750000	20407	16492	0.0479	0.0335	ambiguous
HAPA_chr05	366750001	367000000	51006	8516	0.1197	0.0173	a
HAPA_chr05	367000001	367250000	34027	8781	0.0799	0.0178	a
HAPA_chr05	367250001	367500000	45893	7046	0.1077	0.0143	a
HAPA_chr05	367500001	367750000	32708	11253	0.0768	0.0229	a
HAPA_chr05	367750001	368000000	41787	8050	0.0981	0.0163	a
HAPA_chr05	368000001	368250000	39190	7857	0.0920	0.0160	a
HAPA_chr05	368250001	368500000	37837	6210	0.0888	0.0126	a
HAPA_chr05	368500001	368750000	26089	12582	0.0612	0.0256	a
HAPA_chr05	368750001	369000000	24223	12599	0.0569	0.0256	a
HAPA_chr05	369000001	369250000	28067	9262	0.0659	0.0188	a
HAPA_chr05	369250001	369500000	37561	10472	0.0882	0.0213	a
HAPA_chr05	369500001	369750000	29339	11936	0.0689	0.0242	a
HAPA_chr05	369750001	370000000	36939	10335	0.0867	0.0210	a
HAPA_chr05	370000001	370250000	44769	7613	0.1051	0.0155	a
HAPA_chr05	370250001	370500000	40439	9115	0.0949	0.0185	a
HAPA_chr05	370500001	370750000	39664	8988	0.0931	0.0183	a
HAPA_chr05	370750001	371000000	37972	12173	0.0891	0.0247	a
HAPA_chr05	371000001	371250000	18925	14934	0.0444	0.0303	ambiguous
HAPA_chr05	371250001	371500000	33747	10294	0.0792	0.0209	a
HAPA_chr05	371500001	371750000	24622	10478	0.0578	0.0213	a
HAPA_chr05	371750001	372000000	22603	14036	0.0531	0.0285	ambiguous
HAPA_chr05	372000001	372250000	36399	8834	0.0854	0.0179	a
HAPA_chr05	372250001	372500000	42607	8504	0.1000	0.0173	a
HAPA_chr05	372500001	372750000	42355	11030	0.0994	0.0224	a
HAPA_chr05	372750001	373000000	40174	15296	0.0943	0.0311	a
HAPA_chr05	373000001	373250000	49864	7663	0.1171	0.0156	a
HAPA_chr05	373250001	373500000	39575	10671	0.0929	0.0217	a
HAPA_chr05	373500001	373750000	40759	6656	0.0957	0.0135	a
HAPA_chr05	373750001	374000000	41206	14288	0.0967	0.0290	a
HAPA_chr05	374000001	374250000	36828	13663	0.0865	0.0278	a
HAPA_chr05	374250001	374500000	28771	9945	0.0675	0.0202	a
HAPA_chr05	374500001	374750000	36087	12705	0.0847	0.0258	a
HAPA_chr05	374750001	375000000	40927	9844	0.0961	0.0200	a
HAPA_chr05	375000001	375250000	40638	7814	0.0954	0.0159	a
HAPA_chr05	375250001	375500000	33507	11485	0.0787	0.0233	a
HAPA_chr05	375500001	375750000	41885	8962	0.0983	0.0182	a
HAPA_chr05	375750001	376000000	34294	12145	0.0805	0.0247	a
HAPA_chr05	376000001	376250000	33823	10946	0.0794	0.0222	a
HAPA_chr05	376250001	376500000	30796	10294	0.0723	0.0209	a
HAPA_chr05	376500001	376750000	32954	10794	0.0774	0.0219	a
HAPA_chr05	376750001	377000000	24261	15742	0.0570	0.0320	ambiguous
HAPA_chr05	377000001	377250000	13398	14612	0.0315	0.0297	ambiguous
HAPA_chr05	377250001	377500000	22552	12017	0.0529	0.0244	a
HAPA_chr05	377500001	377750000	30771	10733	0.0722	0.0218	a
HAPA_chr05	377750001	378000000	37233	9099	0.0874	0.0185	a
HAPA_chr05	378000001	378250000	36051	10152	0.0846	0.0206	a
HAPA_chr05	378250001	378500000	27296	11377	0.0641	0.0231	a
HAPA_chr05	378500001	378750000	37175	10205	0.0873	0.0207	a
HAPA_chr05	378750001	379000000	34676	9504	0.0814	0.0193	a
HAPA_chr05	379000001	379250000	31715	14253	0.0745	0.0289	a
HAPA_chr05	379250001	379500000	23428	11597	0.0550	0.0236	a
HAPA_chr05	379500001	379750000	41418	12313	0.0972	0.0250	a
HAPA_chr05	379750001	380000000	37756	9848	0.0886	0.0200	a
HAPA_chr05	380000001	380250000	48959	10213	0.1149	0.0207	a
HAPA_chr05	380250001	380500000	33008	9515	0.0775	0.0193	a
HAPA_chr05	380500001	380750000	26880	9777	0.0631	0.0199	a
HAPA_chr05	380750001	381000000	43423	11093	0.1019	0.0225	a
HAPA_chr05	381000001	381250000	31839	17213	0.0747	0.0350	a
HAPA_chr05	381250001	381500000	37929	12089	0.0890	0.0246	a
HAPA_chr05	381500001	381750000	41738	7563	0.0980	0.0154	a
HAPA_chr05	381750001	382000000	29944	13530	0.0703	0.0275	a
HAPA_chr05	382000001	382250000	28649	8020	0.0673	0.0163	a
HAPA_chr05	382250001	382500000	33999	7932	0.0798	0.0161	a
HAPA_chr05	382500001	382750000	39942	6499	0.0938	0.0132	a
HAPA_chr05	382750001	383000000	36509	10991	0.0857	0.0223	a
HAPA_chr05	383000001	383250000	32663	11550	0.0767	0.0235	a
HAPA_chr05	383250001	383500000	37229	9512	0.0874	0.0193	a
HAPA_chr05	383500001	383750000	33638	10974	0.0790	0.0223	a
HAPA_chr05	383750001	384000000	21800	13290	0.0512	0.0270	ambiguous
HAPA_chr05	384000001	384250000	30707	11958	0.0721	0.0243	a
HAPA_chr05	384250001	384500000	26546	15848	0.0623	0.0322	ambiguous
HAPA_chr05	384500001	384750000	47616	8219	0.1118	0.0167	a
HAPA_chr05	384750001	385000000	32794	10065	0.0770	0.0204	a
HAPA_chr05	385000001	385250000	33241	10771	0.0780	0.0219	a
HAPA_chr05	385250001	385500000	28502	12646	0.0669	0.0257	a
HAPA_chr05	385500001	385750000	32649	6473	0.0766	0.0131	a
HAPA_chr05	385750001	386000000	34789	13715	0.0817	0.0279	a
HAPA_chr05	386000001	386250000	28925	11713	0.0679	0.0238	a
HAPA_chr05	386250001	386500000	41912	9418	0.0984	0.0191	a
HAPA_chr05	386500001	386750000	45392	11030	0.1066	0.0224	a
HAPA_chr05	386750001	387000000	42378	9035	0.0995	0.0184	a
HAPA_chr05	387000001	387250000	26871	13334	0.0631	0.0271	a
HAPA_chr05	387250001	387500000	37655	10479	0.0884	0.0213	a
HAPA_chr05	387500001	387750000	44115	9406	0.1036	0.0191	a
HAPA_chr05	387750001	388000000	34182	9291	0.0802	0.0189	a
HAPA_chr05	388000001	388250000	46956	12649	0.1102	0.0257	a
HAPA_chr05	388250001	388500000	44484	11851	0.1044	0.0241	a
HAPA_chr05	388500001	388750000	24175	21948	0.0568	0.0446	ambiguous
HAPA_chr05	388750001	389000000	32417	10587	0.0761	0.0215	a
HAPA_chr05	389000001	389250000	48227	7554	0.1132	0.0153	a
HAPA_chr05	389250001	389500000	42631	7221	0.1001	0.0147	a
HAPA_chr05	389500001	389750000	35953	11072	0.0844	0.0225	a
HAPA_chr05	389750001	390000000	36173	10056	0.0849	0.0204	a
HAPA_chr05	390000001	390250000	36316	8991	0.0853	0.0183	a
HAPA_chr05	390250001	390500000	34866	11593	0.0818	0.0235	a
HAPA_chr05	390500001	390750000	34646	10764	0.0813	0.0219	a
HAPA_chr05	390750001	391000000	23181	13864	0.0544	0.0282	ambiguous
HAPA_chr05	391000001	391250000	32148	12228	0.0755	0.0248	a
HAPA_chr05	391250001	391500000	39359	11921	0.0924	0.0242	a
HAPA_chr05	391500001	391750000	31631	13207	0.0743	0.0268	a
HAPA_chr05	391750001	392000000	53166	10622	0.1248	0.0216	a
HAPA_chr05	392000001	392250000	32452	8860	0.0762	0.0180	a
HAPA_chr05	392250001	392500000	31001	11578	0.0728	0.0235	a
HAPA_chr05	392500001	392750000	39176	10903	0.0920	0.0221	a
HAPA_chr05	392750001	393000000	30334	13166	0.0712	0.0267	a
HAPA_chr05	393000001	393250000	46238	9892	0.1085	0.0201	a
HAPA_chr05	393250001	393500000	34808	12381	0.0817	0.0251	a
HAPA_chr05	393500001	393750000	33244	10804	0.0780	0.0219	a
HAPA_chr05	393750001	394000000	43277	8912	0.1016	0.0181	a
HAPA_chr05	394000001	394250000	42467	11094	0.0997	0.0225	a
HAPA_chr05	394250001	394500000	36157	10409	0.0849	0.0211	a
HAPA_chr05	394500001	394750000	28307	13724	0.0665	0.0279	a
HAPA_chr05	394750001	395000000	37295	10856	0.0875	0.0220	a
HAPA_chr05	395000001	395250000	25784	15925	0.0605	0.0323	ambiguous
HAPA_chr05	395250001	395500000	25569	8918	0.0600	0.0181	a
HAPA_chr05	395500001	395750000	36630	11088	0.0860	0.0225	a
HAPA_chr05	395750001	396000000	25765	6569	0.0605	0.0133	a
HAPA_chr05	396000001	396250000	38465	10107	0.0903	0.0205	a
HAPA_chr05	396250001	396500000	31450	11361	0.0738	0.0231	a
HAPA_chr05	396500001	396750000	37012	8444	0.0869	0.0172	a
HAPA_chr05	396750001	397000000	42663	9904	0.1002	0.0201	a
HAPA_chr05	397000001	397250000	46097	7263	0.1082	0.0148	a
HAPA_chr05	397250001	397500000	50916	13568	0.1195	0.0276	a
HAPA_chr05	397500001	397750000	42487	7741	0.0997	0.0157	a
HAPA_chr05	397750001	398000000	46721	9135	0.1097	0.0186	a
HAPA_chr05	398000001	398250000	36622	10541	0.0860	0.0214	a
HAPA_chr05	398250001	398500000	31328	9062	0.0735	0.0184	a
HAPA_chr05	398500001	398750000	37453	9818	0.0879	0.0199	a
HAPA_chr05	398750001	399000000	27089	8202	0.0636	0.0167	a
HAPA_chr05	399000001	399250000	37543	11246	0.0881	0.0228	a
HAPA_chr05	399250001	399500000	39883	10476	0.0936	0.0213	a
HAPA_chr05	399500001	399750000	32081	8622	0.0753	0.0175	a
HAPA_chr05	399750001	400000000	50255	9039	0.1180	0.0184	a
HAPA_chr05	400000001	400250000	39588	8513	0.0929	0.0173	a
HAPA_chr05	400250001	400500000	33748	11036	0.0792	0.0224	a
HAPA_chr05	400500001	400750000	32476	11120	0.0762	0.0226	a
HAPA_chr05	400750001	401000000	37342	14880	0.0877	0.0302	a
HAPA_chr05	401000001	401250000	34126	8138	0.0801	0.0165	a
HAPA_chr05	401250001	401500000	43807	8159	0.1028	0.0166	a
HAPA_chr05	401500001	401750000	35651	12734	0.0837	0.0259	a
HAPA_chr05	401750001	402000000	36473	10802	0.0856	0.0219	a
HAPA_chr05	402000001	402250000	31004	10650	0.0728	0.0216	a
HAPA_chr05	402250001	402500000	37371	11482	0.0877	0.0233	a
HAPA_chr05	402500001	402750000	33807	7972	0.0794	0.0162	a
HAPA_chr05	402750001	403000000	38876	8830	0.0913	0.0179	a
HAPA_chr05	403000001	403250000	38936	12377	0.0914	0.0251	a
HAPA_chr05	403250001	403500000	35279	8917	0.0828	0.0181	a
HAPA_chr05	403500001	403750000	24493	11611	0.0575	0.0236	a
HAPA_chr05	403750001	404000000	29316	10850	0.0688	0.0220	a
HAPA_chr05	404000001	404250000	30729	11270	0.0721	0.0229	a
HAPA_chr05	404250001	404500000	43697	7986	0.1026	0.0162	a
HAPA_chr05	404500001	404750000	35124	11114	0.0825	0.0226	a
HAPA_chr05	404750001	405000000	36144	7924	0.0848	0.0161	a
HAPA_chr05	405000001	405250000	43058	11365	0.1011	0.0231	a
HAPA_chr05	405250001	405500000	43965	11419	0.1032	0.0232	a
HAPA_chr05	405500001	405750000	36671	9086	0.0861	0.0185	a
HAPA_chr05	405750001	406000000	31640	12549	0.0743	0.0255	a
HAPA_chr05	406000001	406250000	29616	9592	0.0695	0.0195	a
HAPA_chr05	406250001	406500000	32927	9206	0.0773	0.0187	a
HAPA_chr05	406500001	406750000	39571	9720	0.0929	0.0197	a
HAPA_chr05	406750001	407000000	46677	12032	0.1096	0.0244	a
HAPA_chr05	407000001	407250000	42889	5598	0.1007	0.0114	a
HAPA_chr05	407250001	407500000	38846	7113	0.0912	0.0144	a
HAPA_chr05	407500001	407750000	31380	7892	0.0737	0.0160	a
HAPA_chr05	407750001	408000000	43474	12328	0.1021	0.0250	a
HAPA_chr05	408000001	408250000	43842	10781	0.1029	0.0219	a
HAPA_chr05	408250001	408500000	27869	13359	0.0654	0.0271	a
HAPA_chr05	408500001	408750000	24580	13606	0.0577	0.0276	a
HAPA_chr05	408750001	409000000	28094	17420	0.0660	0.0354	ambiguous
HAPA_chr05	409000001	409250000	22067	17792	0.0518	0.0361	ambiguous
HAPA_chr05	409250001	409500000	24947	18095	0.0586	0.0368	ambiguous
HAPA_chr05	409500001	409750000	28241	12415	0.0663	0.0252	a
HAPA_chr05	409750001	410000000	25274	14138	0.0593	0.0287	a
HAPA_chr05	410000001	410250000	29369	10283	0.0689	0.0209	a
HAPA_chr05	410250001	410500000	21854	14688	0.0513	0.0298	ambiguous
HAPA_chr05	410500001	410750000	38268	10480	0.0898	0.0213	a
HAPA_chr05	410750001	411000000	47814	9192	0.1122	0.0187	a
HAPA_chr05	411000001	411250000	37724	7126	0.0886	0.0145	a
HAPA_chr05	411250001	411500000	33776	9900	0.0793	0.0201	a
HAPA_chr05	411500001	411750000	40547	10993	0.0952	0.0223	a
HAPA_chr05	411750001	412000000	41649	7483	0.0978	0.0152	a
HAPA_chr05	412000001	412250000	48708	13075	0.1143	0.0266	a
HAPA_chr05	412250001	412500000	35516	17802	0.0834	0.0362	a
HAPA_chr05	412500001	412750000	39863	9699	0.0936	0.0197	a
HAPA_chr05	412750001	413000000	42430	12792	0.0996	0.0260	a
HAPA_chr05	413000001	413250000	41540	11222	0.0975	0.0228	a
HAPA_chr05	413250001	413500000	37787	11487	0.0887	0.0233	a
HAPA_chr05	413500001	413750000	29214	9971	0.0686	0.0203	a
HAPA_chr05	413750001	414000000	40161	7569	0.0943	0.0154	a
HAPA_chr05	414000001	414250000	36019	8638	0.0846	0.0175	a
HAPA_chr05	414250001	414500000	34856	10526	0.0818	0.0214	a
HAPA_chr05	414500001	414750000	34383	14263	0.0807	0.0290	a
HAPA_chr05	414750001	415000000	26960	11289	0.0633	0.0229	a
HAPA_chr05	415000001	415250000	32588	10523	0.0765	0.0214	a
HAPA_chr05	415250001	415500000	44563	9221	0.1046	0.0187	a
HAPA_chr05	415500001	415750000	42901	8934	0.1007	0.0181	a
HAPA_chr05	415750001	416000000	46893	7935	0.1101	0.0161	a
HAPA_chr05	416000001	416250000	35748	7924	0.0839	0.0161	a
HAPA_chr05	416250001	416500000	34233	8993	0.0804	0.0183	a
HAPA_chr05	416500001	416750000	35125	7571	0.0825	0.0154	a
HAPA_chr05	416750001	417000000	33618	11619	0.0789	0.0236	a
HAPA_chr05	417000001	417250000	40628	9411	0.0954	0.0191	a
HAPA_chr05	417250001	417500000	37314	10076	0.0876	0.0205	a
HAPA_chr05	417500001	417750000	38078	9366	0.0894	0.0190	a
HAPA_chr05	417750001	418000000	36664	8847	0.0861	0.0180	a
HAPA_chr05	418000001	418250000	27795	9972	0.0652	0.0203	a
HAPA_chr05	418250001	418500000	40468	10811	0.0950	0.0220	a
HAPA_chr05	418500001	418750000	45164	7820	0.1060	0.0159	a
HAPA_chr05	418750001	419000000	31718	8613	0.0745	0.0175	a
HAPA_chr05	419000001	419250000	45744	14592	0.1074	0.0296	a
HAPA_chr05	419250001	419500000	45127	11183	0.1059	0.0227	a
HAPA_chr05	419500001	419750000	35050	7486	0.0823	0.0152	a
HAPA_chr05	419750001	420000000	45824	7974	0.1076	0.0162	a
HAPA_chr05	420000001	420250000	43953	8334	0.1032	0.0169	a
HAPA_chr05	420250001	420500000	33836	14802	0.0794	0.0301	a
HAPA_chr05	420500001	420750000	30231	10687	0.0710	0.0217	a
HAPA_chr05	420750001	421000000	30370	10085	0.0713	0.0205	a
HAPA_chr05	421000001	421250000	25844	11855	0.0607	0.0241	a
HAPA_chr05	421250001	421500000	33350	16869	0.0783	0.0343	a
HAPA_chr05	421500001	421750000	34352	10263	0.0806	0.0208	a
HAPA_chr05	421750001	422000000	30543	10716	0.0717	0.0218	a
HAPA_chr05	422000001	422250000	27992	15845	0.0657	0.0322	a
HAPA_chr05	422250001	422500000	28905	13002	0.0679	0.0264	a
HAPA_chr05	422500001	422750000	31499	14167	0.0739	0.0288	a
HAPA_chr05	422750001	423000000	35632	8770	0.0836	0.0178	a
HAPA_chr05	423000001	423250000	33668	10717	0.0790	0.0218	a
HAPA_chr05	423250001	423500000	17984	5866	0.0422	0.0119	a
HAPA_chr05	423500001	423750000	5475	3336	0.0129	0.0068	ambiguous
HAPA_chr05	423750001	424000000	18163	4677	0.0426	0.0095	a
HAPA_chr05	424000001	424250000	10286	5553	0.0241	0.0113	a
HAPA_chr05	424250001	424500000	4686	6965	0.0110	0.0141	ambiguous
HAPA_chr05	424500001	424750000	6352	5643	0.0149	0.0115	ambiguous
HAPA_chr05	424750001	425000000	14630	6887	0.0343	0.0140	a
HAPA_chr05	425000001	425250000	6856	6553	0.0161	0.0133	ambiguous
HAPA_chr05	425250001	425500000	8618	9471	0.0202	0.0192	ambiguous
HAPA_chr05	425500001	425750000	9052	6374	0.0212	0.0129	ambiguous
HAPA_chr05	425750001	426000000	29320	5002	0.0688	0.0102	a
HAPA_chr05	426000001	426250000	30318	8540	0.0712	0.0173	a
HAPA_chr05	426250001	426500000	29271	11804	0.0687	0.0240	a
HAPA_chr05	426500001	426750000	33782	15939	0.0793	0.0324	a
HAPA_chr05	426750001	427000000	20940	16113	0.0492	0.0327	ambiguous
HAPA_chr05	427000001	427250000	35617	9146	0.0836	0.0186	a
HAPA_chr05	427250001	427500000	37566	9365	0.0882	0.0190	a
HAPA_chr05	427500001	427750000	33889	9948	0.0796	0.0202	a
HAPA_chr05	427750001	428000000	48013	7234	0.1127	0.0147	a
HAPA_chr05	428000001	428250000	13668	5154	0.0321	0.0105	a
HAPA_chr05	428250001	428500000	29288	8503	0.0688	0.0173	a
HAPA_chr05	428500001	428750000	34739	9101	0.0815	0.0185	a
HAPA_chr05	428750001	429000000	42320	7231	0.0993	0.0147	a
HAPA_chr05	429000001	429250000	38984	10810	0.0915	0.0220	a
HAPA_chr05	429250001	429500000	40085	8674	0.0941	0.0176	a
HAPA_chr05	429500001	429750000	43012	9302	0.1010	0.0189	a
HAPA_chr05	429750001	430000000	39630	10794	0.0930	0.0219	a
HAPA_chr05	430000001	430250000	31910	8166	0.0749	0.0166	a
HAPA_chr05	430250001	430500000	37532	8884	0.0881	0.0180	a
HAPA_chr05	430500001	430750000	37344	11735	0.0877	0.0238	a
HAPA_chr05	430750001	431000000	34510	8866	0.0810	0.0180	a
HAPA_chr05	431000001	431250000	42300	7596	0.0993	0.0154	a
HAPA_chr05	431250001	431500000	38800	11670	0.0911	0.0237	a
HAPA_chr05	431500001	431750000	49669	5755	0.1166	0.0117	a
HAPA_chr05	431750001	432000000	34660	6402	0.0814	0.0130	a
HAPA_chr05	432000001	432250000	37870	7455	0.0889	0.0151	a
HAPA_chr05	432250001	432500000	43244	9894	0.1015	0.0201	a
HAPA_chr05	432500001	432750000	37919	8198	0.0890	0.0167	a
HAPA_chr05	432750001	433000000	23395	4918	0.0549	0.0100	a
HAPA_chr05	433000001	433250000	26732	7932	0.0628	0.0161	a
HAPA_chr05	433250001	433500000	27029	7336	0.0635	0.0149	a
HAPA_chr05	433500001	433750000	22585	15314	0.0530	0.0311	ambiguous
HAPA_chr05	433750001	434000000	46644	10123	0.1095	0.0206	a
HAPA_chr05	434000001	434250000	46058	10947	0.1081	0.0222	a
HAPA_chr05	434250001	434500000	35556	9468	0.0835	0.0192	a
HAPA_chr05	434500001	434750000	35383	8965	0.0831	0.0182	a
HAPA_chr05	434750001	435000000	36216	9130	0.0850	0.0185	a
HAPA_chr05	435000001	435250000	40784	8183	0.0957	0.0166	a
HAPA_chr05	435250001	435500000	48302	7215	0.1134	0.0147	a
HAPA_chr05	435500001	435750000	37288	13829	0.0875	0.0281	a
HAPA_chr05	435750001	436000000	32701	11180	0.0768	0.0227	a
HAPA_chr05	436000001	436250000	40680	10698	0.0955	0.0217	a
HAPA_chr05	436250001	436500000	39201	11245	0.0920	0.0228	a
HAPA_chr05	436500001	436750000	39109	11033	0.0918	0.0224	a
HAPA_chr05	436750001	437000000	42897	7719	0.1007	0.0157	a
HAPA_chr05	437000001	437250000	41473	12544	0.0974	0.0255	a
HAPA_chr05	437250001	437500000	31978	5751	0.0751	0.0117	a
HAPA_chr05	437500001	437750000	20809	10422	0.0488	0.0212	a
HAPA_chr05	437750001	438000000	37399	8764	0.0878	0.0178	a
HAPA_chr05	438000001	438250000	43045	7699	0.1010	0.0156	a
HAPA_chr05	438250001	438500000	36831	10364	0.0865	0.0210	a
HAPA_chr05	438500001	438750000	22316	11217	0.0524	0.0228	a
HAPA_chr05	438750001	439000000	25405	17063	0.0596	0.0347	ambiguous
HAPA_chr05	439000001	439250000	33158	12262	0.0778	0.0249	a
HAPA_chr05	439250001	439500000	40234	8649	0.0944	0.0176	a
HAPA_chr05	439500001	439750000	41107	8150	0.0965	0.0166	a
HAPA_chr05	439750001	440000000	43573	7884	0.1023	0.0160	a
HAPA_chr05	440000001	440250000	44058	8814	0.1034	0.0179	a
HAPA_chr05	440250001	440500000	43561	8168	0.1023	0.0166	a
HAPA_chr05	440500001	440750000	24542	8677	0.0576	0.0176	a
HAPA_chr05	440750001	441000000	33540	8468	0.0787	0.0172	a
HAPA_chr05	441000001	441250000	38034	7096	0.0893	0.0144	a
HAPA_chr05	441250001	441500000	33926	9584	0.0796	0.0195	a
HAPA_chr05	441500001	441750000	45950	7225	0.1079	0.0147	a
HAPA_chr05	441750001	442000000	26475	10770	0.0621	0.0219	a
HAPA_chr05	442000001	442250000	35735	8752	0.0839	0.0178	a
HAPA_chr05	442250001	442500000	27855	9251	0.0654	0.0188	a
HAPA_chr05	442500001	442750000	39030	8787	0.0916	0.0178	a
HAPA_chr05	442750001	443000000	29646	9978	0.0696	0.0203	a
HAPA_chr05	443000001	443250000	33421	9691	0.0785	0.0197	a
HAPA_chr05	443250001	443500000	40865	7478	0.0959	0.0152	a
HAPA_chr05	443500001	443750000	22890	13971	0.0537	0.0284	ambiguous
HAPA_chr05	443750001	444000000	28078	9864	0.0659	0.0200	a
HAPA_chr05	444000001	444250000	40365	7588	0.0948	0.0154	a
HAPA_chr05	444250001	444500000	33756	14878	0.0792	0.0302	a
HAPA_chr05	444500001	444750000	33758	10802	0.0792	0.0219	a
HAPA_chr05	444750001	445000000	40497	9585	0.0951	0.0195	a
HAPA_chr05	445000001	445250000	24701	9692	0.0580	0.0197	a
HAPA_chr05	445250001	445500000	29428	8715	0.0691	0.0177	a
HAPA_chr05	445500001	445750000	43772	9156	0.1028	0.0186	a
HAPA_chr05	445750001	446000000	33243	13387	0.0780	0.0272	a
HAPA_chr05	446000001	446250000	35799	12481	0.0840	0.0253	a
HAPA_chr05	446250001	446500000	29788	8675	0.0699	0.0176	a
HAPA_chr05	446500001	446750000	23740	9336	0.0557	0.0190	a
HAPA_chr05	446750001	447000000	35160	7113	0.0825	0.0144	a
HAPA_chr05	447000001	447250000	35422	12659	0.0832	0.0257	a
HAPA_chr05	447250001	447500000	25896	12721	0.0608	0.0258	a
HAPA_chr05	447500001	447750000	35400	11618	0.0831	0.0236	a
HAPA_chr05	447750001	448000000	43290	8061	0.1016	0.0164	a
HAPA_chr05	448000001	448250000	41691	10091	0.0979	0.0205	a
HAPA_chr05	448250001	448500000	31218	9180	0.0733	0.0186	a
HAPA_chr05	448500001	448750000	30313	14199	0.0712	0.0288	a
HAPA_chr05	448750001	449000000	29275	9097	0.0687	0.0185	a
HAPA_chr05	449000001	449250000	35571	7851	0.0835	0.0159	a
HAPA_chr05	449250001	449500000	34604	15036	0.0812	0.0305	a
HAPA_chr05	449500001	449750000	37991	9900	0.0892	0.0201	a
HAPA_chr05	449750001	450000000	30810	11500	0.0723	0.0234	a
HAPA_chr05	450000001	450250000	41905	9315	0.0984	0.0189	a
HAPA_chr05	450250001	450500000	36727	12147	0.0862	0.0247	a
HAPA_chr05	450500001	450750000	24940	11358	0.0585	0.0231	a
HAPA_chr05	450750001	451000000	29038	14449	0.0682	0.0293	a
HAPA_chr05	451000001	451250000	30528	14973	0.0717	0.0304	a
HAPA_chr05	451250001	451500000	37220	10985	0.0874	0.0223	a
HAPA_chr05	451500001	451750000	36104	9695	0.0848	0.0197	a
HAPA_chr05	451750001	452000000	33286	7664	0.0781	0.0156	a
HAPA_chr05	452000001	452250000	42161	8327	0.0990	0.0169	a
HAPA_chr05	452250001	452500000	42612	9773	0.1000	0.0198	a
HAPA_chr05	452500001	452750000	44110	6268	0.1035	0.0127	a
HAPA_chr05	452750001	453000000	25748	9793	0.0604	0.0199	a
HAPA_chr05	453000001	453250000	43917	9759	0.1031	0.0198	a
HAPA_chr05	453250001	453500000	41924	9697	0.0984	0.0197	a
HAPA_chr05	453500001	453750000	34120	7989	0.0801	0.0162	a
HAPA_chr05	453750001	454000000	32297	12401	0.0758	0.0252	a
HAPA_chr05	454000001	454250000	39932	9281	0.0937	0.0189	a
HAPA_chr05	454250001	454500000	41519	9615	0.0975	0.0195	a
HAPA_chr05	454500001	454750000	42244	10238	0.0992	0.0208	a
HAPA_chr05	454750001	455000000	37884	10530	0.0889	0.0214	a
HAPA_chr05	455000001	455250000	44296	7323	0.1040	0.0149	a
HAPA_chr05	455250001	455500000	34828	10262	0.0818	0.0208	a
HAPA_chr05	455500001	455750000	28758	14036	0.0675	0.0285	a
HAPA_chr05	455750001	456000000	50998	7806	0.1197	0.0159	a
HAPA_chr05	456000001	456250000	37425	10574	0.0879	0.0215	a
HAPA_chr05	456250001	456500000	32520	11574	0.0763	0.0235	a
HAPA_chr05	456500001	456750000	21479	9256	0.0504	0.0188	a
HAPA_chr05	456750001	457000000	21570	9364	0.0506	0.0190	a
HAPA_chr05	457000001	457250000	34548	11924	0.0811	0.0242	a
HAPA_chr05	457250001	457500000	47371	8257	0.1112	0.0168	a
HAPA_chr05	457500001	457750000	42885	6438	0.1007	0.0131	a
HAPA_chr05	457750001	458000000	22447	15351	0.0527	0.0312	ambiguous
HAPA_chr05	458000001	458250000	25024	28696	0.0587	0.0583	ambiguous
HAPA_chr05	458250001	458500000	19230	18844	0.0451	0.0383	ambiguous
HAPA_chr05	458500001	458750000	16134	25590	0.0379	0.0520	ambiguous
HAPA_chr05	458750001	459000000	15051	25638	0.0353	0.0521	ambiguous
HAPA_chr05	459000001	459250000	20040	17081	0.0470	0.0347	ambiguous
HAPA_chr05	459250001	459500000	43217	13560	0.1015	0.0275	a
HAPA_chr05	459500001	459750000	37605	7733	0.0883	0.0157	a
HAPA_chr05	459750001	460000000	42285	8070	0.0993	0.0164	a
HAPA_chr05	460000001	460250000	38393	9569	0.0901	0.0194	a
HAPA_chr05	460250001	460500000	37477	7598	0.0880	0.0154	a
HAPA_chr05	460500001	460750000	33774	8905	0.0793	0.0181	a
HAPA_chr05	460750001	461000000	22889	8633	0.0537	0.0175	a
HAPA_chr05	461000001	461250000	32593	10446	0.0765	0.0212	a
HAPA_chr05	461250001	461500000	34874	8722	0.0819	0.0177	a
HAPA_chr05	461500001	461750000	33988	10999	0.0798	0.0223	a
HAPA_chr05	461750001	462000000	30230	9040	0.0710	0.0184	a
HAPA_chr05	462000001	462250000	44025	6454	0.1033	0.0131	a
HAPA_chr05	462250001	462500000	31782	9954	0.0746	0.0202	a
HAPA_chr05	462500001	462750000	37259	14874	0.0875	0.0302	a
HAPA_chr05	462750001	463000000	45958	10590	0.1079	0.0215	a
HAPA_chr05	463000001	463250000	48569	8804	0.1140	0.0179	a
HAPA_chr05	463250001	463500000	40411	7521	0.0949	0.0153	a
HAPA_chr05	463500001	463750000	39611	10031	0.0930	0.0204	a
HAPA_chr05	463750001	464000000	45218	10566	0.1061	0.0215	a
HAPA_chr05	464000001	464250000	37537	7470	0.0881	0.0152	a
HAPA_chr05	464250001	464500000	31466	7523	0.0739	0.0153	a
HAPA_chr05	464500001	464750000	31868	8890	0.0748	0.0181	a
HAPA_chr05	464750001	465000000	43346	10102	0.1018	0.0205	a
HAPA_chr05	465000001	465250000	32621	8206	0.0766	0.0167	a
HAPA_chr05	465250001	465500000	36522	9740	0.0857	0.0198	a
HAPA_chr05	465500001	465750000	29920	8131	0.0702	0.0165	a
HAPA_chr05	465750001	466000000	33378	9936	0.0784	0.0202	a
HAPA_chr05	466000001	466250000	35086	13525	0.0824	0.0275	a
HAPA_chr05	466250001	466500000	38692	9228	0.0908	0.0187	a
HAPA_chr05	466500001	466750000	40254	12689	0.0945	0.0258	a
HAPA_chr05	466750001	467000000	28515	8496	0.0669	0.0173	a
HAPA_chr05	467000001	467250000	34405	7306	0.0808	0.0148	a
HAPA_chr05	467250001	467500000	38971	9201	0.0915	0.0187	a
HAPA_chr05	467500001	467750000	22790	9442	0.0535	0.0192	a
HAPA_chr05	467750001	468000000	28853	15249	0.0677	0.0310	a
HAPA_chr05	468000001	468250000	26857	8689	0.0630	0.0176	a
HAPA_chr05	468250001	468500000	29082	9112	0.0683	0.0185	a
HAPA_chr05	468500001	468750000	36356	9827	0.0853	0.0200	a
HAPA_chr05	468750001	469000000	28401	8333	0.0667	0.0169	a
HAPA_chr05	469000001	469250000	36106	6165	0.0848	0.0125	a
HAPA_chr05	469250001	469500000	30522	7481	0.0717	0.0152	a
HAPA_chr05	469500001	469750000	44709	10035	0.1050	0.0204	a
HAPA_chr05	469750001	470000000	43800	7360	0.1028	0.0149	a
HAPA_chr05	470000001	470250000	38945	8929	0.0914	0.0181	a
HAPA_chr05	470250001	470500000	41222	11247	0.0968	0.0228	a
HAPA_chr05	470500001	470750000	33890	12030	0.0796	0.0244	a
HAPA_chr05	470750001	471000000	37327	9088	0.0876	0.0185	a
HAPA_chr05	471000001	471250000	32584	9756	0.0765	0.0198	a
HAPA_chr05	471250001	471500000	28471	10816	0.0668	0.0220	a
HAPA_chr05	471500001	471750000	33597	8448	0.0789	0.0172	a
HAPA_chr05	471750001	472000000	32114	13546	0.0754	0.0275	a
HAPA_chr05	472000001	472250000	24404	6430	0.0573	0.0131	a
HAPA_chr05	472250001	472500000	44473	8025	0.1044	0.0163	a
HAPA_chr05	472500001	472750000	26244	7392	0.0616	0.0150	a
HAPA_chr05	472750001	473000000	33800	6230	0.0793	0.0127	a
HAPA_chr05	473000001	473250000	25679	6205	0.0603	0.0126	a
HAPA_chr05	473250001	473500000	32199	11501	0.0756	0.0234	a
HAPA_chr05	473500001	473750000	26828	6349	0.0630	0.0129	a
HAPA_chr05	473750001	474000000	39444	6224	0.0926	0.0126	a
HAPA_chr05	474000001	474250000	33618	9622	0.0789	0.0195	a
HAPA_chr05	474250001	474500000	28148	8138	0.0661	0.0165	a
HAPA_chr05	474500001	474750000	29495	7524	0.0692	0.0153	a
HAPA_chr05	474750001	475000000	25853	9324	0.0607	0.0189	a
HAPA_chr05	475000001	475250000	29506	10008	0.0693	0.0203	a
HAPA_chr05	475250001	475500000	33294	4829	0.0782	0.0098	a
HAPA_chr05	475500001	475750000	35387	10017	0.0831	0.0203	a
HAPA_chr05	475750001	476000000	28625	13170	0.0672	0.0267	a
HAPA_chr05	476000001	476250000	34537	9954	0.0811	0.0202	a
HAPA_chr05	476250001	476500000	32345	5951	0.0759	0.0121	a
HAPA_chr05	476500001	476750000	34873	7686	0.0819	0.0156	a
HAPA_chr05	476750001	477000000	33913	7233	0.0796	0.0147	a
HAPA_chr05	477000001	477250000	39303	7200	0.0923	0.0146	a
HAPA_chr05	477250001	477500000	28809	7676	0.0676	0.0156	a
HAPA_chr05	477500001	477750000	37686	10136	0.0885	0.0206	a
HAPA_chr05	477750001	478000000	36959	7463	0.0868	0.0152	a
HAPA_chr05	478000001	478250000	33997	6233	0.0798	0.0127	a
HAPA_chr05	478250001	478500000	35307	7652	0.0829	0.0155	a
HAPA_chr05	478500001	478750000	24847	8803	0.0583	0.0179	a
HAPA_chr05	478750001	479000000	31107	8151	0.0730	0.0166	a
HAPA_chr05	479000001	479250000	27596	11500	0.0648	0.0234	a
HAPA_chr05	479250001	479500000	44769	7348	0.1051	0.0149	a
HAPA_chr05	479500001	479750000	25365	9307	0.0595	0.0189	a
HAPA_chr05	479750001	480000000	30743	6497	0.0722	0.0132	a
HAPA_chr05	480000001	480250000	44054	7918	0.1034	0.0161	a
HAPA_chr05	480250001	480500000	30100	12943	0.0707	0.0263	a
HAPA_chr05	480500001	480750000	33915	10637	0.0796	0.0216	a
HAPA_chr05	480750001	481000000	48010	9512	0.1127	0.0193	a
HAPA_chr05	481000001	481250000	36204	9520	0.0850	0.0193	a
HAPA_chr05	481250001	481500000	36912	7943	0.0867	0.0161	a
HAPA_chr05	481500001	481750000	39633	7637	0.0930	0.0155	a
HAPA_chr05	481750001	482000000	28898	13782	0.0678	0.0280	a
HAPA_chr05	482000001	482250000	15026	23148	0.0353	0.0470	ambiguous
HAPA_chr05	482250001	482500000	35205	8031	0.0826	0.0163	a
HAPA_chr05	482500001	482750000	21205	10566	0.0498	0.0215	a
HAPA_chr05	482750001	483000000	26134	8684	0.0613	0.0176	a
HAPA_chr05	483000001	483250000	28799	9899	0.0676	0.0201	a
HAPA_chr05	483250001	483500000	22022	6706	0.0517	0.0136	a
HAPA_chr05	483500001	483750000	44011	8878	0.1033	0.0180	a
HAPA_chr05	483750001	484000000	36616	17812	0.0860	0.0362	a
HAPA_chr05	484000001	484250000	38343	7937	0.0900	0.0161	a
HAPA_chr05	484250001	484500000	26002	7480	0.0610	0.0152	a
HAPA_chr05	484500001	484750000	37502	12379	0.0880	0.0251	a
HAPA_chr05	484750001	485000000	28431	11641	0.0667	0.0236	a
HAPA_chr05	485000001	485250000	38810	8239	0.0911	0.0167	a
HAPA_chr05	485250001	485500000	39836	9404	0.0935	0.0191	a
HAPA_chr05	485500001	485750000	43648	10641	0.1025	0.0216	a
HAPA_chr05	485750001	486000000	35255	9011	0.0828	0.0183	a
HAPA_chr05	486000001	486250000	33807	13728	0.0794	0.0279	a
HAPA_chr05	486250001	486500000	38229	9843	0.0897	0.0200	a
HAPA_chr05	486500001	486750000	33533	9735	0.0787	0.0198	a
HAPA_chr05	486750001	487000000	34167	11540	0.0802	0.0234	a
HAPA_chr05	487000001	487250000	40436	8803	0.0949	0.0179	a
HAPA_chr05	487250001	487500000	46646	7726	0.1095	0.0157	a
HAPA_chr05	487500001	487750000	32098	8418	0.0753	0.0171	a
HAPA_chr05	487750001	488000000	31733	8290	0.0745	0.0168	a
HAPA_chr05	488000001	488250000	32229	6559	0.0757	0.0133	a
HAPA_chr05	488250001	488500000	37934	10960	0.0890	0.0223	a
HAPA_chr05	488500001	488750000	41815	7946	0.0982	0.0161	a
HAPA_chr05	488750001	489000000	34291	7987	0.0805	0.0162	a
HAPA_chr05	489000001	489250000	37687	12713	0.0885	0.0258	a
HAPA_chr05	489250001	489500000	45576	9158	0.1070	0.0186	a
HAPA_chr05	489500001	489750000	38448	9594	0.0903	0.0195	a
HAPA_chr05	489750001	490000000	34053	12407	0.0799	0.0252	a
HAPA_chr05	490000001	490250000	22035	7430	0.0517	0.0151	a
HAPA_chr05	490250001	490500000	44441	10116	0.1043	0.0205	a
HAPA_chr05	490500001	490750000	42035	8090	0.0987	0.0164	a
HAPA_chr05	490750001	491000000	43401	9358	0.1019	0.0190	a
HAPA_chr05	491000001	491250000	32364	9246	0.0760	0.0188	a
HAPA_chr05	491250001	491500000	22842	8792	0.0536	0.0179	a
HAPA_chr05	491500001	491750000	28593	11938	0.0671	0.0242	a
HAPA_chr05	491750001	492000000	27328	11369	0.0642	0.0231	a
HAPA_chr05	492000001	492250000	23626	14777	0.0555	0.0300	ambiguous
HAPA_chr05	492250001	492500000	34185	13364	0.0802	0.0271	a
HAPA_chr05	492500001	492750000	51110	8225	0.1200	0.0167	a
HAPA_chr05	492750001	493000000	31523	7016	0.0740	0.0142	a
HAPA_chr05	493000001	493250000	34394	10023	0.0807	0.0204	a
HAPA_chr05	493250001	493500000	34000	6649	0.0798	0.0135	a
HAPA_chr05	493500001	493750000	22990	12705	0.0540	0.0258	a
HAPA_chr05	493750001	494000000	33960	14507	0.0797	0.0295	a
HAPA_chr05	494000001	494250000	36802	9143	0.0864	0.0186	a
HAPA_chr05	494250001	494500000	43151	10401	0.1013	0.0211	a
HAPA_chr05	494500001	494750000	7281	7473	0.0171	0.0152	ambiguous
HAPA_chr05	494750001	495000000	36774	11017	0.0863	0.0224	a
HAPA_chr05	495000001	495250000	38266	6036	0.0898	0.0123	a
HAPA_chr05	495250001	495500000	31395	10130	0.0737	0.0206	a
HAPA_chr05	495500001	495750000	32227	10403	0.0757	0.0211	a
HAPA_chr05	495750001	496000000	31096	11367	0.0730	0.0231	a
HAPA_chr05	496000001	496250000	34311	11227	0.0805	0.0228	a
HAPA_chr05	496250001	496500000	37979	14551	0.0892	0.0296	a
HAPA_chr05	496500001	496750000	28552	10098	0.0670	0.0205	a
HAPA_chr05	496750001	497000000	43104	10636	0.1012	0.0216	a
HAPA_chr05	497000001	497250000	32940	10225	0.0773	0.0208	a
HAPA_chr05	497250001	497500000	28096	10655	0.0660	0.0216	a
HAPA_chr05	497500001	497750000	28225	11846	0.0663	0.0241	a
HAPA_chr05	497750001	498000000	37814	7923	0.0888	0.0161	a
HAPA_chr05	498000001	498250000	22134	7973	0.0520	0.0162	a
HAPA_chr05	498250001	498500000	44019	6985	0.1033	0.0142	a
HAPA_chr05	498500001	498750000	48052	7358	0.1128	0.0149	a
HAPA_chr05	498750001	499000000	33801	9028	0.0793	0.0183	a
HAPA_chr05	499000001	499250000	40235	9203	0.0945	0.0187	a
HAPA_chr05	499250001	499500000	32788	9367	0.0770	0.0190	a
HAPA_chr05	499500001	499750000	45193	11338	0.1061	0.0230	a
HAPA_chr05	499750001	500000000	26133	11861	0.0613	0.0241	a
HAPA_chr05	500000001	500250000	32300	11593	0.0758	0.0235	a
HAPA_chr05	500250001	500500000	42700	10561	0.1002	0.0214	a
HAPA_chr05	500500001	500750000	37312	12255	0.0876	0.0249	a
HAPA_chr05	500750001	501000000	37109	9585	0.0871	0.0195	a
HAPA_chr05	501000001	501250000	33561	10241	0.0788	0.0208	a
HAPA_chr05	501250001	501500000	31520	10324	0.0740	0.0210	a
HAPA_chr05	501500001	501750000	40780	8652	0.0957	0.0176	a
HAPA_chr05	501750001	502000000	28877	9161	0.0678	0.0186	a
HAPA_chr05	502000001	502250000	39587	9883	0.0929	0.0201	a
HAPA_chr05	502250001	502500000	35881	8534	0.0842	0.0173	a
HAPA_chr05	502500001	502750000	45332	8566	0.1064	0.0174	a
HAPA_chr05	502750001	503000000	33050	7538	0.0776	0.0153	a
HAPA_chr05	503000001	503250000	27449	11088	0.0644	0.0225	a
HAPA_chr05	503250001	503500000	28144	9088	0.0661	0.0185	a
HAPA_chr05	503500001	503750000	40651	10856	0.0954	0.0220	a
HAPA_chr05	503750001	504000000	40158	11153	0.0943	0.0227	a
HAPA_chr05	504000001	504250000	28409	10010	0.0667	0.0203	a
HAPA_chr05	504250001	504500000	35391	7967	0.0831	0.0162	a
HAPA_chr05	504500001	504750000	29119	10576	0.0684	0.0215	a
HAPA_chr05	504750001	505000000	22906	7536	0.0538	0.0153	a
HAPA_chr05	505000001	505250000	30067	8035	0.0706	0.0163	a
HAPA_chr05	505250001	505500000	31144	10226	0.0731	0.0208	a
HAPA_chr05	505500001	505750000	29206	7248	0.0686	0.0147	a
HAPA_chr05	505750001	506000000	34063	8833	0.0800	0.0179	a
HAPA_chr05	506000001	506250000	25477	9233	0.0598	0.0188	a
HAPA_chr05	506250001	506500000	25979	10660	0.0610	0.0217	a
HAPA_chr05	506500001	506750000	8481	27966	0.0199	0.0568	b
HAPA_chr05	506750001	507000000	8461	40236	0.0199	0.0817	b
HAPA_chr05	507000001	507250000	10989	20938	0.0258	0.0425	ambiguous
HAPA_chr05	507250001	507500000	34028	7051	0.0799	0.0143	a
HAPA_chr05	507500001	507750000	48826	6319	0.1146	0.0128	a
HAPA_chr05	507750001	508000000	28936	7676	0.0679	0.0156	a
HAPA_chr05	508000001	508250000	29771	9993	0.0699	0.0203	a
HAPA_chr05	508250001	508500000	31260	9414	0.0734	0.0191	a
HAPA_chr05	508500001	508750000	33208	11879	0.0780	0.0241	a
HAPA_chr05	508750001	509000000	27608	9349	0.0648	0.0190	a
HAPA_chr05	509000001	509250000	22772	10931	0.0535	0.0222	a
HAPA_chr05	509250001	509500000	22755	7801	0.0534	0.0158	a
HAPA_chr05	509500001	509750000	31368	10085	0.0736	0.0205	a
HAPA_chr05	509750001	510000000	27999	9605	0.0657	0.0195	a
HAPA_chr05	510000001	510250000	34560	9869	0.0811	0.0200	a
HAPA_chr05	510250001	510500000	24028	12144	0.0564	0.0247	a
HAPA_chr05	510500001	510750000	39224	8812	0.0921	0.0179	a
HAPA_chr05	510750001	511000000	2736	1579	0.0064	0.0032	a
HAPA_chr05	511000001	511250000	1779	1829	0.0042	0.0037	ambiguous
HAPA_chr05	511250001	511500000	3733	1283	0.0088	0.0026	a
HAPA_chr05	511500001	511750000	3046	3873	0.0072	0.0079	ambiguous
HAPA_chr05	511750001	512000000	16425	4490	0.0386	0.0091	a
HAPA_chr05	512000001	512250000	23149	9797	0.0543	0.0199	a
HAPA_chr05	512250001	512500000	32733	10330	0.0768	0.0210	a
HAPA_chr05	512500001	512750000	29501	8156	0.0693	0.0166	a
HAPA_chr05	512750001	513000000	28283	6222	0.0664	0.0126	a
HAPA_chr05	513000001	513250000	42472	9035	0.0997	0.0184	a
HAPA_chr05	513250001	513500000	32439	7034	0.0762	0.0143	a
HAPA_chr05	513500001	513750000	31020	6343	0.0728	0.0129	a
HAPA_chr05	513750001	514000000	29669	7950	0.0696	0.0161	a
HAPA_chr05	514000001	514250000	36754	7844	0.0863	0.0159	a
HAPA_chr05	514250001	514500000	38577	10651	0.0906	0.0216	a
HAPA_chr05	514500001	514750000	39261	7160	0.0922	0.0145	a
HAPA_chr05	514750001	515000000	20256	10012	0.0476	0.0203	a
HAPA_chr05	515000001	515250000	35069	6882	0.0823	0.0140	a
HAPA_chr05	515250001	515500000	27778	13962	0.0652	0.0284	a
HAPA_chr05	515500001	515750000	25822	8232	0.0606	0.0167	a
HAPA_chr05	515750001	516000000	41271	6880	0.0969	0.0140	a
HAPA_chr05	516000001	516250000	19663	7755	0.0462	0.0158	a
HAPA_chr05	516250001	516500000	21963	10987	0.0516	0.0223	a
HAPA_chr05	516500001	516750000	23132	16542	0.0543	0.0336	ambiguous
HAPA_chr05	516750001	517000000	25400	11160	0.0596	0.0227	a
HAPA_chr05	517000001	517250000	28460	8021	0.0668	0.0163	a
HAPA_chr05	517250001	517500000	33135	8656	0.0778	0.0176	a
HAPA_chr05	517500001	517750000	35294	7864	0.0829	0.0160	a
HAPA_chr05	517750001	518000000	36448	8917	0.0856	0.0181	a
HAPA_chr05	518000001	518250000	39042	12509	0.0917	0.0254	a
HAPA_chr05	518250001	518500000	32846	7427	0.0771	0.0151	a
HAPA_chr05	518500001	518750000	31546	7833	0.0741	0.0159	a
HAPA_chr05	518750001	519000000	32298	11118	0.0758	0.0226	a
HAPA_chr05	519000001	519250000	35309	9667	0.0829	0.0196	a
HAPA_chr05	519250001	519500000	28455	10088	0.0668	0.0205	a
HAPA_chr05	519500001	519750000	35127	13930	0.0825	0.0283	a
HAPA_chr05	519750001	520000000	27208	10382	0.0639	0.0211	a
HAPA_chr05	520000001	520250000	24628	15951	0.0578	0.0324	ambiguous
HAPA_chr05	520250001	520500000	36354	9078	0.0853	0.0184	a
HAPA_chr05	520500001	520750000	36129	8270	0.0848	0.0168	a
HAPA_chr05	520750001	521000000	29804	13083	0.0700	0.0266	a
HAPA_chr05	521000001	521250000	34126	11482	0.0801	0.0233	a
HAPA_chr05	521250001	521500000	20971	10236	0.0492	0.0208	a
HAPA_chr05	521500001	521750000	13089	3243	0.0307	0.0066	a
HAPA_chr05	521750001	522000000	5428	4120	0.0127	0.0084	ambiguous
HAPA_chr05	522000001	522250000	35040	13219	0.0823	0.0268	a
HAPA_chr05	522250001	522500000	32901	8616	0.0772	0.0175	a
HAPA_chr05	522500001	522750000	26949	12871	0.0633	0.0261	a
HAPA_chr05	522750001	523000000	30785	8451	0.0723	0.0172	a
HAPA_chr05	523000001	523250000	28918	12530	0.0679	0.0254	a
HAPA_chr05	523250001	523500000	27426	12821	0.0644	0.0260	a
HAPA_chr05	523500001	523750000	40387	8769	0.0948	0.0178	a
HAPA_chr05	523750001	524000000	42033	7189	0.0987	0.0146	a
HAPA_chr05	524000001	524250000	32410	6473	0.0761	0.0131	a
HAPA_chr05	524250001	524500000	27056	10630	0.0635	0.0216	a
HAPA_chr05	524500001	524750000	24163	9624	0.0567	0.0195	a
HAPA_chr05	524750001	525000000	44212	9469	0.1038	0.0192	a
HAPA_chr05	525000001	525250000	25366	8512	0.0595	0.0173	a
HAPA_chr05	525250001	525500000	41142	7595	0.0966	0.0154	a
HAPA_chr05	525500001	525750000	36301	7396	0.0852	0.0150	a
HAPA_chr05	525750001	526000000	33499	8476	0.0786	0.0172	a
HAPA_chr05	526000001	526250000	31617	12383	0.0742	0.0252	a
HAPA_chr05	526250001	526500000	34014	7859	0.0798	0.0160	a
HAPA_chr05	526500001	526750000	29562	9887	0.0694	0.0201	a
HAPA_chr05	526750001	527000000	34812	10362	0.0817	0.0210	a
HAPA_chr05	527000001	527250000	32356	7654	0.0760	0.0155	a
HAPA_chr05	527250001	527500000	39608	8750	0.0930	0.0178	a
HAPA_chr05	527500001	527750000	20541	9327	0.0482	0.0189	a
HAPA_chr05	527750001	528000000	28901	16606	0.0678	0.0337	a
HAPA_chr05	528000001	528250000	25365	12731	0.0595	0.0259	a
HAPA_chr05	528250001	528500000	24522	12412	0.0576	0.0252	a
HAPA_chr05	528500001	528750000	35180	9487	0.0826	0.0193	a
HAPA_chr05	528750001	529000000	30789	13036	0.0723	0.0265	a
HAPA_chr05	529000001	529250000	21202	8007	0.0498	0.0163	a
HAPA_chr05	529250001	529500000	27612	10527	0.0648	0.0214	a
HAPA_chr05	529500001	529750000	41090	8241	0.0965	0.0167	a
HAPA_chr05	529750001	530000000	45025	7167	0.1057	0.0146	a
HAPA_chr05	530000001	530250000	25132	7130	0.0590	0.0145	a
HAPA_chr05	530250001	530500000	28053	9972	0.0659	0.0203	a
HAPA_chr05	530500001	530750000	21413	12221	0.0503	0.0248	a
HAPA_chr05	530750001	531000000	39966	9843	0.0938	0.0200	a
HAPA_chr05	531000001	531250000	35806	9764	0.0841	0.0198	a
HAPA_chr05	531250001	531500000	40932	8027	0.0961	0.0163	a
HAPA_chr05	531500001	531750000	34570	7474	0.0812	0.0152	a
HAPA_chr05	531750001	532000000	27172	8430	0.0638	0.0171	a
HAPA_chr05	532000001	532250000	40424	11766	0.0949	0.0239	a
HAPA_chr05	532250001	532500000	27309	8116	0.0641	0.0165	a
HAPA_chr05	532500001	532750000	46061	8441	0.1081	0.0171	a
HAPA_chr05	532750001	533000000	30779	7626	0.0723	0.0155	a
HAPA_chr05	533000001	533250000	27639	16222	0.0649	0.0329	ambiguous
HAPA_chr05	533250001	533500000	39287	10452	0.0922	0.0212	a
HAPA_chr05	533500001	533750000	36858	7814	0.0865	0.0159	a
HAPA_chr05	533750001	534000000	27259	16616	0.0640	0.0337	ambiguous
HAPA_chr05	534000001	534250000	26215	11175	0.0615	0.0227	a
HAPA_chr05	534250001	534500000	25357	7355	0.0595	0.0149	a
HAPA_chr05	534500001	534750000	41010	12689	0.0963	0.0258	a
HAPA_chr05	534750001	535000000	42293	8010	0.0993	0.0163	a
HAPA_chr05	535000001	535250000	36330	7943	0.0853	0.0161	a
HAPA_chr05	535250001	535500000	48472	10955	0.1138	0.0223	a
HAPA_chr05	535500001	535750000	42200	10048	0.0991	0.0204	a
HAPA_chr05	535750001	536000000	37328	9449	0.0876	0.0192	a
HAPA_chr05	536000001	536250000	34088	14621	0.0800	0.0297	a
HAPA_chr05	536250001	536500000	29679	10574	0.0697	0.0215	a
HAPA_chr05	536500001	536750000	22274	10533	0.0523	0.0214	a
HAPA_chr05	536750001	537000000	37542	8009	0.0881	0.0163	a
HAPA_chr05	537000001	537250000	46067	11062	0.1081	0.0225	a
HAPA_chr05	537250001	537500000	34372	8196	0.0807	0.0166	a
HAPA_chr05	537500001	537750000	36993	14791	0.0868	0.0300	a
HAPA_chr05	537750001	538000000	35858	9414	0.0842	0.0191	a
HAPA_chr05	538000001	538250000	36525	10599	0.0857	0.0215	a
HAPA_chr05	538250001	538500000	32209	5628	0.0756	0.0114	a
HAPA_chr05	538500001	538750000	40088	9735	0.0941	0.0198	a
HAPA_chr05	538750001	539000000	27434	9018	0.0644	0.0183	a
HAPA_chr05	539000001	539250000	39171	10697	0.0920	0.0217	a
HAPA_chr05	539250001	539500000	36140	9841	0.0848	0.0200	a
HAPA_chr05	539500001	539750000	32610	9370	0.0766	0.0190	a
HAPA_chr05	539750001	540000000	34797	9968	0.0817	0.0202	a
HAPA_chr05	540000001	540250000	18782	14700	0.0441	0.0299	ambiguous
HAPA_chr05	540250001	540500000	32067	16842	0.0753	0.0342	a
HAPA_chr05	540500001	540750000	23568	14221	0.0553	0.0289	ambiguous
HAPA_chr05	540750001	541000000	21634	12311	0.0508	0.0250	a
HAPA_chr05	541000001	541250000	35094	10814	0.0824	0.0220	a
HAPA_chr05	541250001	541500000	42414	9876	0.0996	0.0201	a
HAPA_chr05	541500001	541750000	37553	10560	0.0882	0.0214	a
HAPA_chr05	541750001	542000000	40164	9274	0.0943	0.0188	a
HAPA_chr05	542000001	542250000	38937	10929	0.0914	0.0222	a
HAPA_chr05	542250001	542500000	25718	8782	0.0604	0.0178	a
HAPA_chr05	542500001	542750000	36929	8849	0.0867	0.0180	a
HAPA_chr05	542750001	543000000	45732	8982	0.1074	0.0182	a
HAPA_chr05	543000001	543250000	42252	8155	0.0992	0.0166	a
HAPA_chr05	543250001	543500000	28725	12397	0.0674	0.0252	a
HAPA_chr05	543500001	543750000	29452	8350	0.0691	0.0170	a
HAPA_chr05	543750001	544000000	30347	5941	0.0712	0.0121	a
HAPA_chr05	544000001	544250000	23436	5467	0.0550	0.0111	a
HAPA_chr05	544250001	544500000	31968	7010	0.0750	0.0142	a
HAPA_chr05	544500001	544750000	28063	9399	0.0659	0.0191	a
HAPA_chr05	544750001	545000000	21715	7800	0.0510	0.0158	a
HAPA_chr05	545000001	545250000	43025	8379	0.1010	0.0170	a
HAPA_chr05	545250001	545500000	21476	7720	0.0504	0.0157	a
HAPA_chr05	545500001	545750000	37446	6070	0.0879	0.0123	a
HAPA_chr05	545750001	546000000	43589	7255	0.1023	0.0147	a
HAPA_chr05	546000001	546250000	31838	10760	0.0747	0.0219	a
HAPA_chr05	546250001	546500000	22546	9995	0.0529	0.0203	a
HAPA_chr05	546500001	546750000	35893	10517	0.0843	0.0214	a
HAPA_chr05	546750001	547000000	32572	7301	0.0765	0.0148	a
HAPA_chr05	547000001	547250000	38398	14639	0.0901	0.0297	a
HAPA_chr05	547250001	547500000	38598	8293	0.0906	0.0168	a
HAPA_chr05	547500001	547750000	39955	9820	0.0938	0.0199	a
HAPA_chr05	547750001	548000000	25297	10464	0.0594	0.0213	a
HAPA_chr05	548000001	548250000	27011	11090	0.0634	0.0225	a
HAPA_chr05	548250001	548500000	32210	7322	0.0756	0.0149	a
HAPA_chr05	548500001	548750000	35461	9367	0.0832	0.0190	a
HAPA_chr05	548750001	549000000	24301	11166	0.0570	0.0227	a
HAPA_chr05	549000001	549250000	27475	9492	0.0645	0.0193	a
HAPA_chr05	549250001	549500000	32909	11037	0.0773	0.0224	a
HAPA_chr05	549500001	549750000	39303	7677	0.0923	0.0156	a
HAPA_chr05	549750001	550000000	17944	9518	0.0421	0.0193	a
HAPA_chr05	550000001	550250000	22861	7048	0.0537	0.0143	a
HAPA_chr05	550250001	550500000	36930	13964	0.0867	0.0284	a
HAPA_chr05	550500001	550750000	30554	8374	0.0717	0.0170	a
HAPA_chr05	550750001	551000000	34399	10219	0.0808	0.0208	a
HAPA_chr05	551000001	551250000	26687	16694	0.0626	0.0339	ambiguous
HAPA_chr05	551250001	551500000	37741	8141	0.0886	0.0165	a
HAPA_chr05	551500001	551750000	27606	12641	0.0648	0.0257	a
HAPA_chr05	551750001	552000000	21299	10576	0.0500	0.0215	a
HAPA_chr05	552000001	552250000	32120	12115	0.0754	0.0246	a
HAPA_chr05	552250001	552500000	38514	9071	0.0904	0.0184	a
HAPA_chr05	552500001	552750000	38152	14471	0.0896	0.0294	a
HAPA_chr05	552750001	553000000	29523	7023	0.0693	0.0143	a
HAPA_chr05	553000001	553250000	38777	7205	0.0910	0.0146	a
HAPA_chr05	553250001	553500000	16075	9768	0.0377	0.0198	ambiguous
HAPA_chr05	553500001	553750000	25699	9342	0.0603	0.0190	a
HAPA_chr05	553750001	554000000	20711	9254	0.0486	0.0188	a
HAPA_chr05	554000001	554250000	13674	8357	0.0321	0.0170	ambiguous
HAPA_chr05	554250001	554500000	37133	9688	0.0872	0.0197	a
HAPA_chr05	554500001	554750000	23064	10185	0.0541	0.0207	a
HAPA_chr05	554750001	555000000	26819	7511	0.0630	0.0153	a
HAPA_chr05	555000001	555250000	35713	10401	0.0838	0.0211	a
HAPA_chr05	555250001	555500000	43503	11366	0.1021	0.0231	a
HAPA_chr05	555500001	555750000	24992	10296	0.0587	0.0209	a
HAPA_chr05	555750001	556000000	18336	7050	0.0430	0.0143	a
HAPA_chr05	556000001	556250000	17317	8909	0.0407	0.0181	a
HAPA_chr05	556250001	556500000	24909	9929	0.0585	0.0202	a
HAPA_chr05	556500001	556750000	33693	9212	0.0791	0.0187	a
HAPA_chr05	556750001	557000000	42363	9234	0.0994	0.0188	a
HAPA_chr05	557000001	557250000	37719	9777	0.0885	0.0199	a
HAPA_chr05	557250001	557500000	32033	8050	0.0752	0.0163	a
HAPA_chr05	557500001	557750000	36241	9529	0.0851	0.0194	a
HAPA_chr05	557750001	558000000	33824	14046	0.0794	0.0285	a
HAPA_chr05	558000001	558250000	37346	8329	0.0877	0.0169	a
HAPA_chr05	558250001	558500000	36090	8563	0.0847	0.0174	a
HAPA_chr05	558500001	558750000	31772	11664	0.0746	0.0237	a
HAPA_chr05	558750001	559000000	50114	7080	0.1176	0.0144	a
HAPA_chr05	559000001	559250000	35065	10627	0.0823	0.0216	a
HAPA_chr05	559250001	559500000	38464	15863	0.0903	0.0322	a
HAPA_chr05	559500001	559750000	38881	8914	0.0913	0.0181	a
HAPA_chr05	559750001	560000000	25538	6941	0.0600	0.0141	a
HAPA_chr05	560000001	560250000	19124	8008	0.0449	0.0163	a
HAPA_chr05	560250001	560500000	25765	9030	0.0605	0.0183	a
HAPA_chr05	560500001	560750000	36100	11316	0.0847	0.0230	a
HAPA_chr05	560750001	561000000	23782	9201	0.0558	0.0187	a
HAPA_chr05	561000001	561250000	10228	3662	0.0240	0.0074	a
HAPA_chr05	561250001	561500000	6627	1557	0.0156	0.0032	a
HAPA_chr05	561500001	561750000	10633	3180	0.0250	0.0065	a
HAPA_chr05	561750001	562000000	2514	4509	0.0059	0.0092	ambiguous
HAPA_chr05	562000001	562250000	6647	4222	0.0156	0.0086	ambiguous
HAPA_chr05	562250001	562500000	25318	6759	0.0594	0.0137	a
HAPA_chr05	562500001	562750000	36793	10658	0.0864	0.0216	a
HAPA_chr05	562750001	563000000	16342	7887	0.0384	0.0160	a
HAPA_chr05	563000001	563250000	12738	7890	0.0299	0.0160	ambiguous
HAPA_chr05	563250001	563500000	8153	4045	0.0191	0.0082	a
HAPA_chr05	563500001	563750000	8026	5008	0.0188	0.0102	ambiguous
HAPA_chr05	563750001	564000000	26672	7161	0.0626	0.0145	a
HAPA_chr05	564000001	564250000	23253	11175	0.0546	0.0227	a
HAPA_chr05	564250001	564500000	34470	10744	0.0809	0.0218	a
HAPA_chr05	564500001	564750000	26825	12430	0.0630	0.0252	a
HAPA_chr05	564750001	565000000	25514	8347	0.0599	0.0170	a
HAPA_chr05	565000001	565250000	34585	9546	0.0812	0.0194	a
HAPA_chr05	565250001	565500000	28876	7242	0.0678	0.0147	a
HAPA_chr05	565500001	565750000	37982	7734	0.0892	0.0157	a
HAPA_chr05	565750001	566000000	32138	10995	0.0754	0.0223	a
HAPA_chr05	566000001	566250000	26900	16991	0.0631	0.0345	ambiguous
HAPA_chr05	566250001	566500000	25232	15902	0.0592	0.0323	ambiguous
HAPA_chr05	566500001	566750000	26910	13824	0.0632	0.0281	a
HAPA_chr05	566750001	567000000	38104	9951	0.0894	0.0202	a
HAPA_chr05	567000001	567250000	34827	13377	0.0818	0.0272	a
HAPA_chr05	567250001	567500000	29629	15751	0.0696	0.0320	a
HAPA_chr05	567500001	567750000	29878	9230	0.0701	0.0187	a
HAPA_chr05	567750001	568000000	41532	11348	0.0975	0.0230	a
HAPA_chr05	568000001	568250000	32879	9528	0.0772	0.0194	a
HAPA_chr05	568250001	568500000	30621	10451	0.0719	0.0212	a
HAPA_chr05	568500001	568750000	32755	12410	0.0769	0.0252	a
HAPA_chr05	568750001	569000000	36851	10965	0.0865	0.0223	a
HAPA_chr05	569000001	569250000	35598	8877	0.0836	0.0180	a
HAPA_chr05	569250001	569500000	37109	8932	0.0871	0.0181	a
HAPA_chr05	569500001	569750000	31979	7283	0.0751	0.0148	a
HAPA_chr05	569750001	570000000	31409	7031	0.0737	0.0143	a
HAPA_chr05	570000001	570250000	33178	10916	0.0779	0.0222	a
HAPA_chr05	570250001	570500000	33522	10607	0.0787	0.0215	a
HAPA_chr05	570500001	570750000	37268	9998	0.0875	0.0203	a
HAPA_chr05	570750001	571000000	34672	9350	0.0814	0.0190	a
HAPA_chr05	571000001	571250000	39026	9056	0.0916	0.0184	a
HAPA_chr05	571250001	571500000	32198	9717	0.0756	0.0197	a
HAPA_chr05	571500001	571750000	36864	7584	0.0865	0.0154	a
HAPA_chr05	571750001	572000000	29888	8185	0.0702	0.0166	a
HAPA_chr05	572000001	572250000	18796	4845	0.0441	0.0098	a
HAPA_chr05	572250001	572500000	28103	10237	0.0660	0.0208	a
HAPA_chr05	572500001	572750000	41491	7096	0.0974	0.0144	a
HAPA_chr05	572750001	573000000	30820	9246	0.0723	0.0188	a
HAPA_chr05	573000001	573250000	16519	8103	0.0388	0.0165	a
HAPA_chr05	573250001	573500000	18985	7016	0.0446	0.0142	a
HAPA_chr05	573500001	573750000	27469	7173	0.0645	0.0146	a
HAPA_chr05	573750001	574000000	40346	9016	0.0947	0.0183	a
HAPA_chr05	574000001	574250000	16380	14871	0.0385	0.0302	ambiguous
HAPA_chr05	574250001	574500000	38975	9914	0.0915	0.0201	a
HAPA_chr05	574500001	574750000	24362	6828	0.0572	0.0139	a
HAPA_chr05	574750001	575000000	26484	9562	0.0622	0.0194	a
HAPA_chr05	575000001	575250000	20178	15080	0.0474	0.0306	ambiguous
HAPA_chr05	575250001	575500000	31356	6933	0.0736	0.0141	a
HAPA_chr05	575500001	575750000	20468	10188	0.0480	0.0207	a
HAPA_chr05	575750001	576000000	16402	7860	0.0385	0.0160	a
HAPA_chr05	576000001	576250000	25350	8744	0.0595	0.0178	a
HAPA_chr05	576250001	576500000	31594	11413	0.0742	0.0232	a
HAPA_chr05	576500001	576750000	34283	8224	0.0805	0.0167	a
HAPA_chr05	576750001	577000000	22560	11637	0.0530	0.0236	a
HAPA_chr05	577000001	577250000	34462	6426	0.0809	0.0131	a
HAPA_chr05	577250001	577500000	28343	8257	0.0665	0.0168	a
HAPA_chr05	577500001	577750000	35688	7664	0.0838	0.0156	a
HAPA_chr05	577750001	578000000	33204	9498	0.0779	0.0193	a
HAPA_chr05	578000001	578250000	34120	6711	0.0801	0.0136	a
HAPA_chr05	578250001	578500000	35658	8827	0.0837	0.0179	a
HAPA_chr05	578500001	578750000	32765	9451	0.0769	0.0192	a
HAPA_chr05	578750001	579000000	44067	12106	0.1034	0.0246	a
HAPA_chr05	579000001	579250000	29533	11328	0.0693	0.0230	a
HAPA_chr05	579250001	579500000	42024	12552	0.0987	0.0255	a
HAPA_chr05	579500001	579750000	31861	9002	0.0748	0.0183	a
HAPA_chr05	579750001	580000000	25409	12122	0.0596	0.0246	a
HAPA_chr05	580000001	580250000	18017	13517	0.0423	0.0275	ambiguous
HAPA_chr05	580250001	580500000	22560	18225	0.0530	0.0370	ambiguous
HAPA_chr05	580500001	580750000	30369	8181	0.0713	0.0166	a
HAPA_chr05	580750001	581000000	36461	12086	0.0856	0.0245	a
HAPA_chr05	581000001	581250000	31570	17482	0.0741	0.0355	a
HAPA_chr05	581250001	581500000	26172	12444	0.0614	0.0253	a
HAPA_chr05	581500001	581750000	30396	12249	0.0714	0.0249	a
HAPA_chr05	581750001	582000000	35117	6388	0.0824	0.0130	a
HAPA_chr05	582000001	582250000	50312	11676	0.1181	0.0237	a
HAPA_chr05	582250001	582500000	38085	9103	0.0894	0.0185	a
HAPA_chr05	582500001	582750000	44868	8347	0.1053	0.0170	a
HAPA_chr05	582750001	583000000	32279	12198	0.0758	0.0248	a
HAPA_chr05	583000001	583250000	22997	10564	0.0540	0.0215	a
HAPA_chr05	583250001	583500000	32682	9388	0.0767	0.0191	a
HAPA_chr05	583500001	583750000	23624	11131	0.0555	0.0226	a
HAPA_chr05	583750001	584000000	28747	9927	0.0675	0.0202	a
HAPA_chr05	584000001	584250000	25073	10536	0.0589	0.0214	a
HAPA_chr05	584250001	584500000	31602	11185	0.0742	0.0227	a
HAPA_chr05	584500001	584750000	33809	10859	0.0794	0.0221	a
HAPA_chr05	584750001	585000000	31959	6261	0.0750	0.0127	a
HAPA_chr05	585000001	585250000	31598	5825	0.0742	0.0118	a
HAPA_chr05	585250001	585500000	39192	8453	0.0920	0.0172	a
HAPA_chr05	585500001	585750000	33286	8862	0.0781	0.0180	a
HAPA_chr05	585750001	586000000	25035	8251	0.0588	0.0168	a
HAPA_chr05	586000001	586250000	41452	6644	0.0973	0.0135	a
HAPA_chr05	586250001	586500000	39046	7240	0.0917	0.0147	a
HAPA_chr05	586500001	586750000	35534	7946	0.0834	0.0161	a
HAPA_chr05	586750001	587000000	31195	7724	0.0732	0.0157	a
HAPA_chr05	587000001	587250000	39401	8934	0.0925	0.0181	a
HAPA_chr05	587250001	587500000	26954	10530	0.0633	0.0214	a
HAPA_chr05	587500001	587750000	43527	9724	0.1022	0.0197	a
HAPA_chr05	587750001	588000000	30418	10743	0.0714	0.0218	a
HAPA_chr05	588000001	588250000	25014	10802	0.0587	0.0219	a
HAPA_chr05	588250001	588500000	27738	8062	0.0651	0.0164	a
HAPA_chr05	588500001	588750000	23573	10359	0.0553	0.0210	a
HAPA_chr05	588750001	589000000	35869	8207	0.0842	0.0167	a
HAPA_chr05	589000001	589250000	39569	11482	0.0929	0.0233	a
HAPA_chr05	589250001	589500000	34752	11159	0.0816	0.0227	a
HAPA_chr05	589500001	589750000	46932	9995	0.1102	0.0203	a
HAPA_chr05	589750001	590000000	48880	10940	0.1147	0.0222	a
HAPA_chr05	590000001	590250000	43876	7601	0.1030	0.0154	a
HAPA_chr05	590250001	590500000	31025	12484	0.0728	0.0254	a
HAPA_chr05	590500001	590750000	28614	13036	0.0672	0.0265	a
HAPA_chr05	590750001	591000000	32633	11561	0.0766	0.0235	a
HAPA_chr05	591000001	591250000	27210	15142	0.0639	0.0308	a
HAPA_chr05	591250001	591500000	39039	10968	0.0916	0.0223	a
HAPA_chr05	591500001	591750000	24929	12050	0.0585	0.0245	a
HAPA_chr05	591750001	592000000	37634	8643	0.0883	0.0176	a
HAPA_chr05	592000001	592250000	40756	8873	0.0957	0.0180	a
HAPA_chr05	592250001	592500000	30377	11083	0.0713	0.0225	a
HAPA_chr05	592500001	592750000	22667	8089	0.0532	0.0164	a
HAPA_chr05	592750001	593000000	37811	6719	0.0888	0.0136	a
HAPA_chr05	593000001	593250000	31467	6775	0.0739	0.0138	a
HAPA_chr05	593250001	593500000	36403	11813	0.0855	0.0240	a
HAPA_chr05	593500001	593750000	31156	8187	0.0731	0.0166	a
HAPA_chr05	593750001	594000000	45179	14434	0.1061	0.0293	a
HAPA_chr05	594000001	594250000	38968	10932	0.0915	0.0222	a
HAPA_chr05	594250001	594500000	46068	7903	0.1081	0.0161	a
HAPA_chr05	594500001	594750000	45299	9744	0.1063	0.0198	a
HAPA_chr05	594750001	595000000	47748	8441	0.1121	0.0171	a
HAPA_chr05	595000001	595250000	31432	8086	0.0738	0.0164	a
HAPA_chr05	595250001	595500000	49888	8612	0.1171	0.0175	a
HAPA_chr05	595500001	595750000	32782	13537	0.0770	0.0275	a
HAPA_chr05	595750001	596000000	34857	11760	0.0818	0.0239	a
HAPA_chr05	596000001	596250000	30384	11209	0.0713	0.0228	a
HAPA_chr05	596250001	596500000	37304	8832	0.0876	0.0179	a
HAPA_chr05	596500001	596750000	47625	9734	0.1118	0.0198	a
HAPA_chr05	596750001	597000000	36749	10132	0.0863	0.0206	a
HAPA_chr05	597000001	597250000	45913	9212	0.1078	0.0187	a
HAPA_chr05	597250001	597500000	20460	8085	0.0480	0.0164	a
HAPA_chr05	597500001	597750000	46516	9214	0.1092	0.0187	a
HAPA_chr05	597750001	598000000	46066	9634	0.1081	0.0196	a
HAPA_chr05	598000001	598250000	29888	10219	0.0702	0.0208	a
HAPA_chr05	598250001	598500000	20062	7924	0.0471	0.0161	a
HAPA_chr05	598500001	598750000	21274	8197	0.0499	0.0166	a
HAPA_chr05	598750001	599000000	47253	8669	0.1109	0.0176	a
HAPA_chr05	599000001	599250000	33981	9787	0.0798	0.0199	a
HAPA_chr05	599250001	599500000	35194	8881	0.0826	0.0180	a
HAPA_chr05	599500001	599750000	34818	8537	0.0817	0.0173	a
HAPA_chr05	599750001	600000000	35357	5269	0.0830	0.0107	a
HAPA_chr05	600000001	600250000	46375	6661	0.1089	0.0135	a
HAPA_chr05	600250001	600500000	22899	10396	0.0538	0.0211	a
HAPA_chr05	600500001	600750000	34736	9890	0.0815	0.0201	a
HAPA_chr05	600750001	601000000	38710	7827	0.0909	0.0159	a
HAPA_chr05	601000001	601250000	30574	8076	0.0718	0.0164	a
HAPA_chr05	601250001	601500000	22198	9317	0.0521	0.0189	a
HAPA_chr05	601500001	601750000	35403	10553	0.0831	0.0214	a
HAPA_chr05	601750001	602000000	34928	13616	0.0820	0.0277	a
HAPA_chr05	602000001	602250000	44697	7271	0.1049	0.0148	a
HAPA_chr05	602250001	602500000	41823	9012	0.0982	0.0183	a
HAPA_chr05	602500001	602750000	44727	10651	0.1050	0.0216	a
HAPA_chr05	602750001	603000000	30962	13656	0.0727	0.0277	a
HAPA_chr05	603000001	603250000	46776	10085	0.1098	0.0205	a
HAPA_chr05	603250001	603500000	35004	7891	0.0822	0.0160	a
HAPA_chr05	603500001	603750000	44224	8816	0.1038	0.0179	a
HAPA_chr05	603750001	604000000	22200	7438	0.0521	0.0151	a
HAPA_chr05	604000001	604250000	44042	10014	0.1034	0.0203	a
HAPA_chr05	604250001	604500000	38012	6756	0.0892	0.0137	a
HAPA_chr05	604500001	604750000	29346	8324	0.0689	0.0169	a
HAPA_chr05	604750001	605000000	35371	10540	0.0830	0.0214	a
HAPA_chr05	605000001	605250000	26292	9747	0.0617	0.0198	a
HAPA_chr05	605250001	605500000	34291	8273	0.0805	0.0168	a
HAPA_chr05	605500001	605750000	27899	8772	0.0655	0.0178	a
HAPA_chr05	605750001	606000000	30540	7273	0.0717	0.0148	a
HAPA_chr05	606000001	606250000	45893	7355	0.1077	0.0149	a
HAPA_chr05	606250001	606500000	39733	8439	0.0933	0.0171	a
HAPA_chr05	606500001	606750000	33401	9142	0.0784	0.0186	a
HAPA_chr05	606750001	607000000	30914	10217	0.0726	0.0208	a
HAPA_chr05	607000001	607250000	31475	7816	0.0739	0.0159	a
HAPA_chr05	607250001	607500000	28930	8279	0.0679	0.0168	a
HAPA_chr05	607500001	607750000	33199	11487	0.0779	0.0233	a
HAPA_chr05	607750001	608000000	37736	8997	0.0886	0.0183	a
HAPA_chr05	608000001	608250000	28781	7441	0.0676	0.0151	a
HAPA_chr05	608250001	608500000	34423	9385	0.0808	0.0191	a
HAPA_chr05	608500001	608750000	47136	7313	0.1107	0.0149	a
HAPA_chr05	608750001	609000000	18685	9271	0.0439	0.0188	a
HAPA_chr05	609000001	609250000	22078	7942	0.0518	0.0161	a
HAPA_chr05	609250001	609500000	28934	10203	0.0679	0.0207	a
HAPA_chr05	609500001	609750000	24344	10103	0.0571	0.0205	a
HAPA_chr05	609750001	610000000	26372	9441	0.0619	0.0192	a
HAPA_chr05	610000001	610250000	20354	8524	0.0478	0.0173	a
HAPA_chr05	610250001	610500000	25335	7138	0.0595	0.0145	a
HAPA_chr05	610500001	610750000	25692	9118	0.0603	0.0185	a
HAPA_chr05	610750001	611000000	16673	6153	0.0391	0.0125	a
HAPA_chr05	611000001	611250000	34206	5409	0.0803	0.0110	a
HAPA_chr05	611250001	611500000	33056	10222	0.0776	0.0208	a
HAPA_chr05	611500001	611750000	26875	9557	0.0631	0.0194	a
HAPA_chr05	611750001	612000000	39659	10246	0.0931	0.0208	a
HAPA_chr05	612000001	612250000	43102	7703	0.1012	0.0156	a
HAPA_chr05	612250001	612500000	28050	8381	0.0658	0.0170	a
HAPA_chr05	612500001	612750000	42743	12546	0.1003	0.0255	a
HAPA_chr05	612750001	613000000	26153	9445	0.0614	0.0192	a
HAPA_chr05	613000001	613250000	19739	8862	0.0463	0.0180	a
HAPA_chr05	613250001	613500000	35015	8310	0.0822	0.0169	a
HAPA_chr05	613500001	613750000	46182	7839	0.1084	0.0159	a
HAPA_chr05	613750001	614000000	37168	7217	0.0873	0.0147	a
HAPA_chr05	614000001	614250000	26528	7790	0.0623	0.0158	a
HAPA_chr05	614250001	614500000	21003	8495	0.0493	0.0173	a
HAPA_chr05	614500001	614750000	30621	8664	0.0719	0.0176	a
HAPA_chr05	614750001	615000000	25539	9174	0.0600	0.0186	a
HAPA_chr05	615000001	615250000	33519	11260	0.0787	0.0229	a
HAPA_chr05	615250001	615500000	32383	8337	0.0760	0.0169	a
HAPA_chr05	615500001	615750000	24301	7064	0.0570	0.0143	a
HAPA_chr05	615750001	616000000	32692	8155	0.0767	0.0166	a
HAPA_chr05	616000001	616250000	30266	9142	0.0710	0.0186	a
HAPA_chr05	616250001	616500000	24200	8721	0.0568	0.0177	a
HAPA_chr05	616500001	616750000	36328	6669	0.0853	0.0135	a
HAPA_chr05	616750001	617000000	43572	8662	0.1023	0.0176	a
HAPA_chr05	617000001	617250000	40151	9445	0.0943	0.0192	a
HAPA_chr05	617250001	617500000	34771	9528	0.0816	0.0194	a
HAPA_chr05	617500001	617750000	30139	8074	0.0708	0.0164	a
HAPA_chr05	617750001	618000000	41535	10334	0.0975	0.0210	a
HAPA_chr05	618000001	618250000	31217	9101	0.0733	0.0185	a
HAPA_chr05	618250001	618500000	33188	8417	0.0779	0.0171	a
HAPA_chr05	618500001	618750000	29586	5867	0.0695	0.0119	a
HAPA_chr05	618750001	619000000	44515	9833	0.1045	0.0200	a
HAPA_chr05	619000001	619250000	41611	9243	0.0977	0.0188	a
HAPA_chr05	619250001	619500000	42139	9165	0.0989	0.0186	a
HAPA_chr05	619500001	619750000	30812	12365	0.0723	0.0251	a
HAPA_chr05	619750001	620000000	37569	8732	0.0882	0.0177	a
HAPA_chr05	620000001	620250000	31023	10499	0.0728	0.0213	a
HAPA_chr05	620250001	620500000	36790	11202	0.0864	0.0228	a
HAPA_chr05	620500001	620750000	32509	7102	0.0763	0.0144	a
HAPA_chr05	620750001	621000000	27547	9186	0.0647	0.0187	a
HAPA_chr05	621000001	621250000	45124	8378	0.1059	0.0170	a
HAPA_chr05	621250001	621500000	27026	6881	0.0634	0.0140	a
HAPA_chr05	621500001	621750000	36510	8420	0.0857	0.0171	a
HAPA_chr05	621750001	622000000	31391	7586	0.0737	0.0154	a
HAPA_chr05	622000001	622250000	33828	9375	0.0794	0.0190	a
HAPA_chr05	622250001	622500000	22824	7705	0.0536	0.0156	a
HAPA_chr05	622500001	622750000	20006	6405	0.0470	0.0130	a
HAPA_chr05	622750001	623000000	29658	12030	0.0696	0.0244	a
HAPA_chr05	623000001	623250000	20479	21045	0.0481	0.0427	ambiguous
HAPA_chr05	623250001	623500000	19457	13560	0.0457	0.0275	ambiguous
HAPA_chr05	623500001	623750000	23352	10134	0.0548	0.0206	a
HAPA_chr05	623750001	624000000	42266	7420	0.0992	0.0151	a
HAPA_chr05	624000001	624250000	31867	6001	0.0748	0.0122	a
HAPA_chr05	624250001	624500000	36946	10374	0.0867	0.0211	a
HAPA_chr05	624500001	624750000	32241	8862	0.0757	0.0180	a
HAPA_chr05	624750001	625000000	39914	9157	0.0937	0.0186	a
HAPA_chr05	625000001	625250000	22979	20380	0.0539	0.0414	ambiguous
HAPA_chr05	625250001	625500000	21390	16802	0.0502	0.0341	ambiguous
HAPA_chr05	625500001	625750000	40333	8540	0.0947	0.0173	a
HAPA_chr05	625750001	626000000	32302	11779	0.0758	0.0239	a
HAPA_chr05	626000001	626250000	33297	9434	0.0782	0.0192	a
HAPA_chr05	626250001	626500000	40927	10606	0.0961	0.0215	a
HAPA_chr05	626500001	626750000	40117	6319	0.0942	0.0128	a
HAPA_chr05	626750001	627000000	34919	7681	0.0820	0.0156	a
HAPA_chr05	627000001	627250000	42349	5466	0.0994	0.0111	a
HAPA_chr05	627250001	627500000	47194	7650	0.1108	0.0155	a
HAPA_chr05	627500001	627750000	33868	9165	0.0795	0.0186	a
HAPA_chr05	627750001	628000000	40246	11177	0.0945	0.0227	a
HAPA_chr05	628000001	628250000	42746	7940	0.1003	0.0161	a
HAPA_chr05	628250001	628500000	37398	6035	0.0878	0.0123	a
HAPA_chr05	628500001	628750000	41445	10935	0.0973	0.0222	a
HAPA_chr05	628750001	629000000	50595	8239	0.1188	0.0167	a
HAPA_chr05	629000001	629250000	26709	9203	0.0627	0.0187	a
HAPA_chr05	629250001	629500000	27896	10600	0.0655	0.0215	a
HAPA_chr05	629500001	629750000	23280	10784	0.0546	0.0219	a
HAPA_chr05	629750001	630000000	32461	8679	0.0762	0.0176	a
HAPA_chr05	630000001	630250000	27920	9876	0.0655	0.0201	a
HAPA_chr05	630250001	630500000	36061	9580	0.0847	0.0195	a
HAPA_chr05	630500001	630750000	21497	11870	0.0505	0.0241	a
HAPA_chr05	630750001	631000000	31008	7828	0.0728	0.0159	a
HAPA_chr05	631000001	631250000	51080	7827	0.1199	0.0159	a
HAPA_chr05	631250001	631500000	40430	6867	0.0949	0.0139	a
HAPA_chr05	631500001	631750000	43952	8259	0.1032	0.0168	a
HAPA_chr05	631750001	632000000	26835	8388	0.0630	0.0170	a
HAPA_chr05	632000001	632250000	25462	7970	0.0598	0.0162	a
HAPA_chr05	632250001	632500000	24287	9668	0.0570	0.0196	a
HAPA_chr05	632500001	632750000	26223	10440	0.0616	0.0212	a
HAPA_chr05	632750001	633000000	32523	11465	0.0763	0.0233	a
HAPA_chr05	633000001	633250000	31237	9419	0.0733	0.0191	a
HAPA_chr05	633250001	633500000	28202	6709	0.0662	0.0136	a
HAPA_chr05	633500001	633750000	26398	5996	0.0620	0.0122	a
HAPA_chr05	633750001	634000000	28931	5118	0.0679	0.0104	a
HAPA_chr05	634000001	634250000	25192	14760	0.0591	0.0300	ambiguous
HAPA_chr05	634250001	634500000	11649	3477	0.0273	0.0071	a
HAPA_chr05	634500001	634750000	30482	13888	0.0716	0.0282	a
HAPA_chr05	634750001	635000000	23988	11615	0.0563	0.0236	a
HAPA_chr05	635000001	635250000	26205	12179	0.0615	0.0247	a
HAPA_chr05	635250001	635500000	32939	16783	0.0773	0.0341	a
HAPA_chr05	635500001	635750000	29179	12775	0.0685	0.0259	a
HAPA_chr05	635750001	636000000	30250	13562	0.0710	0.0275	a
HAPA_chr05	636000001	636250000	30825	18146	0.0724	0.0369	ambiguous
HAPA_chr05	636250001	636500000	36005	11244	0.0845	0.0228	a
HAPA_chr05	636500001	636750000	44143	8011	0.1036	0.0163	a
HAPA_chr05	636750001	637000000	45628	13182	0.1071	0.0268	a
HAPA_chr05	637000001	637250000	20422	21613	0.0479	0.0439	ambiguous
HAPA_chr05	637250001	637500000	17065	22737	0.0401	0.0462	ambiguous
HAPA_chr05	637500001	637750000	24414	16993	0.0573	0.0345	ambiguous
HAPA_chr05	637750001	638000000	17747	22073	0.0417	0.0448	ambiguous
HAPA_chr05	638000001	638250000	17254	9638	0.0405	0.0196	a
HAPA_chr05	638250001	638500000	28151	8346	0.0661	0.0170	a
HAPA_chr05	638500001	638750000	20275	6922	0.0476	0.0141	a
HAPA_chr05	638750001	639000000	20772	6967	0.0488	0.0142	a
HAPA_chr05	639000001	639250000	28085	10029	0.0659	0.0204	a
HAPA_chr05	639250001	639500000	20368	7243	0.0478	0.0147	a
HAPA_chr05	639500001	639750000	30099	9010	0.0707	0.0183	a
HAPA_chr05	639750001	640000000	32089	10113	0.0753	0.0205	a
HAPA_chr05	640000001	640250000	34621	9238	0.0813	0.0188	a
HAPA_chr05	640250001	640500000	29757	9483	0.0699	0.0193	a
HAPA_chr05	640500001	640750000	33621	8758	0.0789	0.0178	a
HAPA_chr05	640750001	641000000	33477	7530	0.0786	0.0153	a
HAPA_chr05	641000001	641250000	28580	8151	0.0671	0.0166	a
HAPA_chr05	641250001	641500000	47362	8975	0.1112	0.0182	a
HAPA_chr05	641500001	641750000	37333	11533	0.0876	0.0234	a
HAPA_chr05	641750001	642000000	36872	14671	0.0866	0.0298	a
HAPA_chr05	642000001	642250000	37313	10135	0.0876	0.0206	a
HAPA_chr05	642250001	642500000	25813	10519	0.0606	0.0214	a
HAPA_chr05	642500001	642750000	27751	8607	0.0651	0.0175	a
HAPA_chr05	642750001	643000000	38446	8734	0.0903	0.0177	a
HAPA_chr05	643000001	643250000	43978	9405	0.1032	0.0191	a
HAPA_chr05	643250001	643500000	32720	8164	0.0768	0.0166	a
HAPA_chr05	643500001	643750000	29239	9870	0.0686	0.0200	a
HAPA_chr05	643750001	644000000	39361	8109	0.0924	0.0165	a
HAPA_chr05	644000001	644250000	28137	13338	0.0661	0.0271	a
HAPA_chr05	644250001	644500000	33571	9722	0.0788	0.0197	a
HAPA_chr05	644500001	644750000	34042	11841	0.0799	0.0240	a
HAPA_chr05	644750001	645000000	29435	7396	0.0691	0.0150	a
HAPA_chr05	645000001	645250000	42159	7456	0.0990	0.0151	a
HAPA_chr05	645250001	645500000	31753	6658	0.0745	0.0135	a
HAPA_chr05	645500001	645750000	19088	3995	0.0448	0.0081	a
HAPA_chr05	645750001	646000000	39688	8262	0.0932	0.0168	a
HAPA_chr05	646000001	646250000	36860	7655	0.0865	0.0155	a
HAPA_chr05	646250001	646500000	15963	15571	0.0375	0.0316	ambiguous
HAPA_chr05	646500001	646750000	27998	10770	0.0657	0.0219	a
HAPA_chr05	646750001	647000000	31990	6297	0.0751	0.0128	a
HAPA_chr05	647000001	647250000	40935	8583	0.0961	0.0174	a
HAPA_chr05	647250001	647500000	38550	10356	0.0905	0.0210	a
HAPA_chr05	647500001	647750000	25409	8323	0.0596	0.0169	a
HAPA_chr05	647750001	648000000	36029	10511	0.0846	0.0213	a
HAPA_chr05	648000001	648250000	36538	7593	0.0858	0.0154	a
HAPA_chr05	648250001	648500000	31274	7626	0.0734	0.0155	a
HAPA_chr05	648500001	648750000	27284	7068	0.0640	0.0144	a
HAPA_chr05	648750001	649000000	37564	7170	0.0882	0.0146	a
HAPA_chr05	649000001	649250000	29684	12915	0.0697	0.0262	a
HAPA_chr05	649250001	649500000	49884	9906	0.1171	0.0201	a
HAPA_chr05	649500001	649750000	30223	9052	0.0709	0.0184	a
HAPA_chr05	649750001	650000000	30245	14058	0.0710	0.0286	a
HAPA_chr05	650000001	650250000	28145	13663	0.0661	0.0278	a
HAPA_chr05	650250001	650500000	33203	9004	0.0779	0.0183	a
HAPA_chr05	650500001	650750000	39325	7676	0.0923	0.0156	a
HAPA_chr05	650750001	651000000	44803	8290	0.1052	0.0168	a
HAPA_chr05	651000001	651250000	37283	7731	0.0875	0.0157	a
HAPA_chr05	651250001	651500000	41316	8046	0.0970	0.0163	a
HAPA_chr05	651500001	651750000	50867	9196	0.1194	0.0187	a
HAPA_chr05	651750001	652000000	31158	7537	0.0731	0.0153	a
HAPA_chr05	652000001	652250000	45786	7661	0.1075	0.0156	a
HAPA_chr05	652250001	652500000	38759	6907	0.0910	0.0140	a
HAPA_chr05	652500001	652750000	28202	8785	0.0662	0.0178	a
HAPA_chr05	652750001	653000000	31564	9866	0.0741	0.0200	a
HAPA_chr05	653000001	653250000	36979	10255	0.0868	0.0208	a
HAPA_chr05	653250001	653500000	49049	10098	0.1151	0.0205	a
HAPA_chr05	653500001	653750000	36230	9970	0.0850	0.0202	a
HAPA_chr05	653750001	654000000	29554	9314	0.0694	0.0189	a
HAPA_chr05	654000001	654250000	41784	7154	0.0981	0.0145	a
HAPA_chr05	654250001	654500000	16189	8193	0.0380	0.0166	a
HAPA_chr05	654500001	654750000	33081	7393	0.0777	0.0150	a
HAPA_chr05	654750001	655000000	41328	7191	0.0970	0.0146	a
HAPA_chr05	655000001	655250000	33806	9026	0.0794	0.0183	a
HAPA_chr05	655250001	655500000	40321	9667	0.0947	0.0196	a
HAPA_chr05	655500001	655750000	40798	7095	0.0958	0.0144	a
HAPA_chr05	655750001	656000000	32446	9246	0.0762	0.0188	a
HAPA_chr05	656000001	656250000	36966	11498	0.0868	0.0234	a
HAPA_chr05	656250001	656500000	28057	8484	0.0659	0.0172	a
HAPA_chr05	656500001	656750000	30596	7638	0.0718	0.0155	a
HAPA_chr05	656750001	657000000	34888	8553	0.0819	0.0174	a
HAPA_chr05	657000001	657250000	22589	9342	0.0530	0.0190	a
HAPA_chr05	657250001	657500000	38162	11669	0.0896	0.0237	a
HAPA_chr05	657500001	657750000	27639	8939	0.0649	0.0182	a
HAPA_chr05	657750001	658000000	39588	6993	0.0929	0.0142	a
HAPA_chr05	658000001	658250000	38315	10275	0.0899	0.0209	a
HAPA_chr05	658250001	658500000	33926	9881	0.0796	0.0201	a
HAPA_chr05	658500001	658750000	22767	6284	0.0534	0.0128	a
HAPA_chr05	658750001	659000000	19005	10916	0.0446	0.0222	a
HAPA_chr05	659000001	659250000	38925	9045	0.0914	0.0184	a
HAPA_chr05	659250001	659500000	33841	11080	0.0794	0.0225	a
HAPA_chr05	659500001	659750000	26973	8908	0.0633	0.0181	a
HAPA_chr05	659750001	660000000	33018	7930	0.0775	0.0161	a
HAPA_chr05	660000001	660250000	32376	7761	0.0760	0.0158	a
HAPA_chr05	660250001	660500000	39474	8270	0.0927	0.0168	a
HAPA_chr05	660500001	660750000	30325	6769	0.0712	0.0137	a
HAPA_chr05	660750001	661000000	23978	7786	0.0563	0.0158	a
HAPA_chr05	661000001	661250000	44402	8418	0.1042	0.0171	a
HAPA_chr05	661250001	661500000	37666	7387	0.0884	0.0150	a
HAPA_chr05	661500001	661750000	41360	7029	0.0971	0.0143	a
HAPA_chr05	661750001	662000000	42644	7385	0.1001	0.0150	a
HAPA_chr05	662000001	662250000	31680	10050	0.0744	0.0204	a
HAPA_chr05	662250001	662500000	46701	9589	0.1096	0.0195	a
HAPA_chr05	662500001	662750000	31053	5571	0.0729	0.0113	a
HAPA_chr05	662750001	663000000	48612	6116	0.1141	0.0124	a
HAPA_chr05	663000001	663250000	43618	9561	0.1024	0.0194	a
HAPA_chr05	663250001	663500000	37114	11075	0.0871	0.0225	a
HAPA_chr05	663500001	663750000	34762	8755	0.0816	0.0178	a
HAPA_chr05	663750001	664000000	30324	8516	0.0712	0.0173	a
HAPA_chr05	664000001	664250000	29554	8275	0.0694	0.0168	a
HAPA_chr05	664250001	664500000	33987	8405	0.0798	0.0171	a
HAPA_chr05	664500001	664750000	28734	7580	0.0675	0.0154	a
HAPA_chr05	664750001	665000000	43624	10492	0.1024	0.0213	a
HAPA_chr05	665000001	665250000	36253	9112	0.0851	0.0185	a
HAPA_chr05	665250001	665500000	43232	9755	0.1015	0.0198	a
HAPA_chr05	665500001	665750000	30831	10750	0.0724	0.0218	a
HAPA_chr05	665750001	666000000	27824	12034	0.0653	0.0244	a
HAPA_chr05	666000001	666250000	26164	14001	0.0614	0.0284	a
HAPA_chr05	666250001	666500000	22569	11345	0.0530	0.0230	a
HAPA_chr05	666500001	666750000	30530	9803	0.0717	0.0199	a
HAPA_chr05	666750001	667000000	30172	7567	0.0708	0.0154	a
HAPA_chr05	667000001	667250000	39432	9084	0.0926	0.0185	a
HAPA_chr05	667250001	667500000	46443	7625	0.1090	0.0155	a
HAPA_chr05	667500001	667750000	41597	10570	0.0976	0.0215	a
HAPA_chr05	667750001	668000000	37086	10242	0.0871	0.0208	a
HAPA_chr05	668000001	668250000	34301	7314	0.0805	0.0149	a
HAPA_chr05	668250001	668500000	42210	9755	0.0991	0.0198	a
HAPA_chr05	668500001	668750000	38226	13494	0.0897	0.0274	a
HAPA_chr05	668750001	669000000	43997	11477	0.1033	0.0233	a
HAPA_chr05	669000001	669250000	44614	10330	0.1047	0.0210	a
HAPA_chr05	669250001	669500000	23344	7112	0.0548	0.0144	a
HAPA_chr05	669500001	669750000	43429	8734	0.1019	0.0177	a
HAPA_chr05	669750001	670000000	39912	7330	0.0937	0.0149	a
HAPA_chr05	670000001	670250000	37866	7636	0.0889	0.0155	a
HAPA_chr05	670250001	670500000	28099	7543	0.0660	0.0153	a
HAPA_chr05	670500001	670750000	30735	10260	0.0722	0.0208	a
HAPA_chr05	670750001	671000000	24004	7940	0.0563	0.0161	a
HAPA_chr05	671000001	671250000	34378	11846	0.0807	0.0241	a
HAPA_chr05	671250001	671500000	26653	9450	0.0626	0.0192	a
HAPA_chr05	671500001	671750000	40768	11278	0.0957	0.0229	a
HAPA_chr05	671750001	672000000	29717	10010	0.0698	0.0203	a
HAPA_chr05	672000001	672250000	37269	9238	0.0875	0.0188	a
HAPA_chr05	672250001	672500000	38438	13523	0.0902	0.0275	a
HAPA_chr05	672500001	672750000	37232	9240	0.0874	0.0188	a
HAPA_chr05	672750001	673000000	34263	9215	0.0804	0.0187	a
HAPA_chr05	673000001	673250000	36143	8202	0.0848	0.0167	a
HAPA_chr05	673250001	673500000	33227	9646	0.0780	0.0196	a
HAPA_chr05	673500001	673750000	39018	8583	0.0916	0.0174	a
HAPA_chr05	673750001	674000000	35493	8031	0.0833	0.0163	a
HAPA_chr05	674000001	674250000	26177	13482	0.0615	0.0274	a
HAPA_chr05	674250001	674500000	35276	7060	0.0828	0.0143	a
HAPA_chr05	674500001	674750000	43899	7046	0.1031	0.0143	a
HAPA_chr05	674750001	675000000	29236	10051	0.0686	0.0204	a
HAPA_chr05	675000001	675250000	26195	7637	0.0615	0.0155	a
HAPA_chr05	675250001	675500000	35990	7615	0.0845	0.0155	a
HAPA_chr05	675500001	675750000	41423	11236	0.0972	0.0228	a
HAPA_chr05	675750001	676000000	35473	10564	0.0833	0.0215	a
HAPA_chr05	676000001	676250000	42700	9747	0.1002	0.0198	a
HAPA_chr05	676250001	676500000	41474	8436	0.0974	0.0171	a
HAPA_chr05	676500001	676750000	32233	7951	0.0757	0.0161	a
HAPA_chr05	676750001	677000000	32195	8625	0.0756	0.0175	a
HAPA_chr05	677000001	677250000	25741	7137	0.0604	0.0145	a
HAPA_chr05	677250001	677500000	29093	8786	0.0683	0.0178	a
HAPA_chr05	677500001	677750000	21156	10291	0.0497	0.0209	a
HAPA_chr05	677750001	678000000	46311	8910	0.1087	0.0181	a
HAPA_chr05	678000001	678250000	37235	9814	0.0874	0.0199	a
HAPA_chr05	678250001	678500000	27092	7946	0.0636	0.0161	a
HAPA_chr05	678500001	678750000	27325	7912	0.0641	0.0161	a
HAPA_chr05	678750001	679000000	31538	5817	0.0740	0.0118	a
HAPA_chr05	679000001	679250000	21987	9937	0.0516	0.0202	a
HAPA_chr05	679250001	679500000	24063	14790	0.0565	0.0300	ambiguous
HAPA_chr05	679500001	679750000	40503	7633	0.0951	0.0155	a
HAPA_chr05	679750001	680000000	31981	8543	0.0751	0.0174	a
HAPA_chr05	680000001	680250000	35628	14900	0.0836	0.0303	a
HAPA_chr05	680250001	680500000	38189	9291	0.0896	0.0189	a
HAPA_chr05	680500001	680750000	28920	10629	0.0679	0.0216	a
HAPA_chr05	680750001	681000000	15471	6252	0.0363	0.0127	a
HAPA_chr05	681000001	681250000	49295	6463	0.1157	0.0131	a
HAPA_chr05	681250001	681500000	45503	8406	0.1068	0.0171	a
HAPA_chr05	681500001	681750000	37530	8475	0.0881	0.0172	a
HAPA_chr05	681750001	682000000	33535	10102	0.0787	0.0205	a
HAPA_chr05	682000001	682250000	22842	9957	0.0536	0.0202	a
HAPA_chr05	682250001	682500000	34582	10782	0.0812	0.0219	a
HAPA_chr05	682500001	682750000	37044	8760	0.0870	0.0178	a
HAPA_chr05	682750001	683000000	42255	10572	0.0992	0.0215	a
HAPA_chr05	683000001	683250000	34844	9597	0.0818	0.0195	a
HAPA_chr05	683250001	683500000	35333	8228	0.0829	0.0167	a
HAPA_chr05	683500001	683750000	39874	13465	0.0936	0.0273	a
HAPA_chr05	683750001	684000000	22858	12843	0.0537	0.0261	a
HAPA_chr05	684000001	684250000	29676	7424	0.0697	0.0151	a
HAPA_chr05	684250001	684500000	34553	9358	0.0811	0.0190	a
HAPA_chr05	684500001	684750000	49141	9537	0.1154	0.0194	a
HAPA_chr05	684750001	685000000	29227	9905	0.0686	0.0201	a
HAPA_chr05	685000001	685250000	36748	10016	0.0863	0.0203	a
HAPA_chr05	685250001	685500000	34285	7775	0.0805	0.0158	a
HAPA_chr05	685500001	685750000	33239	10562	0.0780	0.0215	a
HAPA_chr05	685750001	686000000	31497	8546	0.0739	0.0174	a
HAPA_chr05	686000001	686250000	45302	7439	0.1063	0.0151	a
HAPA_chr05	686250001	686500000	45162	7735	0.1060	0.0157	a
HAPA_chr05	686500001	686750000	32908	10436	0.0773	0.0212	a
HAPA_chr05	686750001	687000000	36185	8522	0.0849	0.0173	a
HAPA_chr05	687000001	687250000	25497	11038	0.0599	0.0224	a
HAPA_chr05	687250001	687500000	28001	8808	0.0657	0.0179	a
HAPA_chr05	687500001	687750000	18487	9622	0.0434	0.0195	a
HAPA_chr05	687750001	688000000	24466	8605	0.0574	0.0175	a
HAPA_chr05	688000001	688250000	25255	5569	0.0593	0.0113	a
HAPA_chr05	688250001	688500000	35267	8133	0.0828	0.0165	a
HAPA_chr05	688500001	688750000	24583	12330	0.0577	0.0250	a
HAPA_chr05	688750001	689000000	32118	8240	0.0754	0.0167	a
HAPA_chr05	689000001	689250000	39021	13986	0.0916	0.0284	a
HAPA_chr05	689250001	689500000	31265	10128	0.0734	0.0206	a
HAPA_chr05	689500001	689750000	32622	9900	0.0766	0.0201	a
HAPA_chr05	689750001	690000000	35039	11727	0.0823	0.0238	a
HAPA_chr05	690000001	690250000	27613	10171	0.0648	0.0207	a
HAPA_chr05	690250001	690500000	38019	7698	0.0892	0.0156	a
HAPA_chr05	690500001	690750000	31366	8437	0.0736	0.0171	a
HAPA_chr05	690750001	691000000	32500	12420	0.0763	0.0252	a
HAPA_chr05	691000001	691250000	32779	9172	0.0769	0.0186	a
HAPA_chr05	691250001	691500000	41080	8868	0.0964	0.0180	a
HAPA_chr05	691500001	691750000	29308	9464	0.0688	0.0192	a
HAPA_chr05	691750001	692000000	40947	9282	0.0961	0.0189	a
HAPA_chr05	692000001	692250000	50028	6404	0.1174	0.0130	a
HAPA_chr05	692250001	692500000	34812	6566	0.0817	0.0133	a
HAPA_chr05	692500001	692750000	31928	11983	0.0750	0.0243	a
HAPA_chr05	692750001	693000000	40750	10005	0.0957	0.0203	a
HAPA_chr05	693000001	693250000	41457	7970	0.0973	0.0162	a
HAPA_chr05	693250001	693500000	32310	15851	0.0758	0.0322	a
HAPA_chr05	693500001	693750000	31610	7907	0.0742	0.0161	a
HAPA_chr05	693750001	694000000	17396	7408	0.0408	0.0150	a
HAPA_chr05	694000001	694250000	33963	9045	0.0797	0.0184	a
HAPA_chr05	694250001	694500000	29444	14287	0.0691	0.0290	a
HAPA_chr05	694500001	694750000	24982	6157	0.0586	0.0125	a
HAPA_chr05	694750001	695000000	24819	6594	0.0583	0.0134	a
HAPA_chr05	695000001	695250000	28942	7652	0.0679	0.0155	a
HAPA_chr05	695250001	695500000	32565	5868	0.0764	0.0119	a
HAPA_chr05	695500001	695750000	31829	7905	0.0747	0.0161	a
HAPA_chr05	695750001	696000000	26942	10030	0.0632	0.0204	a
HAPA_chr05	696000001	696250000	24610	8719	0.0578	0.0177	a
HAPA_chr05	696250001	696500000	23658	10085	0.0555	0.0205	a
HAPA_chr05	696500001	696750000	18709	7334	0.0439	0.0149	a
HAPA_chr05	696750001	697000000	29090	12664	0.0683	0.0257	a
HAPA_chr05	697000001	697250000	24096	8530	0.0566	0.0173	a
HAPA_chr05	697250001	697500000	31116	10060	0.0730	0.0204	a
HAPA_chr05	697500001	697750000	30099	8927	0.0707	0.0181	a
HAPA_chr05	697750001	698000000	35587	8744	0.0835	0.0178	a
HAPA_chr05	698000001	698250000	24525	7573	0.0576	0.0154	a
HAPA_chr05	698250001	698500000	25081	8928	0.0589	0.0181	a
HAPA_chr05	698500001	698750000	36557	10306	0.0858	0.0209	a
HAPA_chr05	698750001	699000000	30052	7819	0.0705	0.0159	a
HAPA_chr05	699000001	699250000	28402	7671	0.0667	0.0156	a
HAPA_chr05	699250001	699500000	18391	14924	0.0432	0.0303	ambiguous
HAPA_chr05	699500001	699750000	19496	8587	0.0458	0.0174	a
HAPA_chr05	699750001	700000000	36455	7484	0.0856	0.0152	a
HAPA_chr05	700000001	700250000	27419	10044	0.0644	0.0204	a
HAPA_chr05	700250001	700500000	22314	13570	0.0524	0.0276	ambiguous
HAPA_chr05	700500001	700750000	38491	8165	0.0904	0.0166	a
HAPA_chr05	700750001	701000000	32158	12224	0.0755	0.0248	a
HAPA_chr05	701000001	701250000	34716	11161	0.0815	0.0227	a
HAPA_chr05	701250001	701500000	19508	7285	0.0458	0.0148	a
HAPA_chr05	701500001	701750000	31395	13631	0.0737	0.0277	a
HAPA_chr05	701750001	702000000	30970	12775	0.0727	0.0259	a
HAPA_chr05	702000001	702250000	16742	4992	0.0393	0.0101	a
HAPA_chr05	702250001	702500000	25120	11271	0.0590	0.0229	a
HAPA_chr05	702500001	702750000	13019	5158	0.0306	0.0105	a
HAPA_chr05	702750001	703000000	9134	3396	0.0214	0.0069	a
HAPA_chr05	703000001	703250000	28157	13054	0.0661	0.0265	a
HAPA_chr05	703250001	703500000	26331	10618	0.0618	0.0216	a
HAPA_chr05	703500001	703750000	33455	10068	0.0785	0.0204	a
HAPA_chr05	703750001	704000000	33299	6673	0.0782	0.0136	a
HAPA_chr05	704000001	704250000	16611	3891	0.0390	0.0079	a
HAPA_chr05	704250001	704500000	32720	16443	0.0768	0.0334	a
HAPA_chr05	704500001	704750000	25570	7914	0.0600	0.0161	a
HAPA_chr05	704750001	705000000	24117	15462	0.0566	0.0314	ambiguous
HAPA_chr05	705000001	705250000	19117	8112	0.0449	0.0165	a
HAPA_chr05	705250001	705500000	28612	7877	0.0672	0.0160	a
HAPA_chr05	705500001	705750000	32469	8073	0.0762	0.0164	a
HAPA_chr05	705750001	706000000	32906	12732	0.0772	0.0259	a
HAPA_chr05	706000001	706250000	32085	11748	0.0753	0.0239	a
HAPA_chr05	706250001	706500000	24313	6955	0.0571	0.0141	a
HAPA_chr05	706500001	706750000	25910	10224	0.0608	0.0208	a
HAPA_chr05	706750001	707000000	24798	4037	0.0582	0.0082	a
HAPA_chr05	707000001	707250000	1122	614	0.0026	0.0012	a
HAPA_chr05	707250001	707500000	996	280	0.0023	0.0006	a
HAPA_chr05	707500001	707750000	5515	2207	0.0129	0.0045	a
HAPA_chr05	707750001	708000000	37506	9355	0.0880	0.0190	a
HAPA_chr05	708000001	708250000	29968	8750	0.0703	0.0178	a
HAPA_chr05	708250001	708500000	30783	8432	0.0723	0.0171	a
HAPA_chr05	708500001	708750000	31681	11268	0.0744	0.0229	a
HAPA_chr05	708750001	709000000	26673	9062	0.0626	0.0184	a
HAPA_chr05	709000001	709250000	25122	10608	0.0590	0.0215	a
HAPA_chr05	709250001	709500000	5824	6111	0.0137	0.0124	ambiguous
HAPA_chr05	709500001	709750000	10040	6108	0.0236	0.0124	ambiguous
HAPA_chr05	709750001	710000000	25373	9003	0.0596	0.0183	a
HAPA_chr05	710000001	710250000	23334	9655	0.0548	0.0196	a
HAPA_chr05	710250001	710500000	18389	6862	0.0432	0.0139	a
HAPA_chr05	710500001	710750000	26410	6934	0.0620	0.0141	a
HAPA_chr05	710750001	711000000	29983	6889	0.0704	0.0140	a
HAPA_chr05	711000001	711250000	17423	8603	0.0409	0.0175	a
HAPA_chr05	711250001	711500000	17020	10045	0.0400	0.0204	ambiguous
HAPA_chr05	711500001	711750000	33995	10252	0.0798	0.0208	a
HAPA_chr05	711750001	712000000	24466	7497	0.0574	0.0152	a
HAPA_chr05	712000001	712250000	14142	5319	0.0332	0.0108	a
HAPA_chr05	712250001	712500000	29281	7902	0.0687	0.0160	a
HAPA_chr05	712500001	712750000	21962	8251	0.0516	0.0168	a
HAPA_chr05	712750001	713000000	29126	7191	0.0684	0.0146	a
HAPA_chr05	713000001	713250000	27980	8184	0.0657	0.0166	a
HAPA_chr05	713250001	713500000	24491	7422	0.0575	0.0151	a
HAPA_chr05	713500001	713750000	23203	9014	0.0545	0.0183	a
HAPA_chr05	713750001	713809180	1666	3589	0.0039	0.0073	ambiguous
HAPB_chr05	1	250000	53	2775	0.0001	0.0056	b
HAPB_chr05	250001	500000	528	4419	0.0012	0.0090	b
HAPB_chr05	500001	750000	5304	14601	0.0125	0.0297	b
HAPB_chr05	750001	1000000	9381	27980	0.0220	0.0568	b
HAPB_chr05	1000001	1250000	1446	7784	0.0034	0.0158	b
HAPB_chr05	1250001	1500000	579	9335	0.0014	0.0190	b
HAPB_chr05	1500001	1750000	1631	10969	0.0038	0.0223	b
HAPB_chr05	1750001	2000000	5208	18367	0.0122	0.0373	b
HAPB_chr05	2000001	2250000	87	2534	0.0002	0.0051	b
HAPB_chr05	2250001	2500000	132	3461	0.0003	0.0070	b
HAPB_chr05	2500001	2750000	2989	15588	0.0070	0.0317	b
HAPB_chr05	2750001	3000000	7569	30915	0.0178	0.0628	b
HAPB_chr05	3000001	3250000	4735	19448	0.0111	0.0395	b
HAPB_chr05	3250001	3500000	2866	15502	0.0067	0.0315	b
HAPB_chr05	3500001	3750000	7755	29985	0.0182	0.0609	b
HAPB_chr05	3750001	4000000	10116	31516	0.0237	0.0640	b
HAPB_chr05	4000001	4250000	8490	29464	0.0199	0.0598	b
HAPB_chr05	4250001	4500000	6055	22024	0.0142	0.0447	b
HAPB_chr05	4500001	4750000	461	3541	0.0011	0.0072	b
HAPB_chr05	4750001	5000000	85	3017	0.0002	0.0061	b
HAPB_chr05	5000001	5250000	80	2904	0.0002	0.0059	b
HAPB_chr05	5250001	5500000	186	3120	0.0004	0.0063	b
HAPB_chr05	5500001	5750000	2472	3163	0.0058	0.0064	ambiguous
HAPB_chr05	5750001	6000000	6808	31181	0.0160	0.0633	b
HAPB_chr05	6000001	6250000	220	4701	0.0005	0.0095	b
HAPB_chr05	6250001	6500000	328	3782	0.0008	0.0077	b
HAPB_chr05	6500001	6750000	149	3492	0.0003	0.0071	b
HAPB_chr05	6750001	7000000	4667	15841	0.0110	0.0322	b
HAPB_chr05	7000001	7250000	6253	27210	0.0147	0.0553	b
HAPB_chr05	7250001	7500000	8855	37314	0.0208	0.0758	b
HAPB_chr05	7500001	7750000	9526	37312	0.0224	0.0758	b
HAPB_chr05	7750001	8000000	9681	38859	0.0227	0.0789	b
HAPB_chr05	8000001	8250000	11438	37991	0.0269	0.0772	b
HAPB_chr05	8250001	8500000	10030	36288	0.0235	0.0737	b
HAPB_chr05	8500001	8750000	9320	35243	0.0219	0.0716	b
HAPB_chr05	8750001	9000000	10664	34520	0.0250	0.0701	b
HAPB_chr05	9000001	9250000	10748	36382	0.0252	0.0739	b
HAPB_chr05	9250001	9500000	9951	35978	0.0234	0.0731	b
HAPB_chr05	9500001	9750000	8921	37403	0.0209	0.0760	b
HAPB_chr05	9750001	10000000	7775	32839	0.0183	0.0667	b
HAPB_chr05	10000001	10250000	9889	33214	0.0232	0.0675	b
HAPB_chr05	10250001	10500000	9974	34745	0.0234	0.0706	b
HAPB_chr05	10500001	10750000	11176	31698	0.0262	0.0644	b
HAPB_chr05	10750001	11000000	9230	37862	0.0217	0.0769	b
HAPB_chr05	11000001	11250000	12133	33634	0.0285	0.0683	b
HAPB_chr05	11250001	11500000	8535	37176	0.0200	0.0755	b
HAPB_chr05	11500001	11750000	6580	31695	0.0154	0.0644	b
HAPB_chr05	11750001	12000000	7899	34335	0.0185	0.0697	b
HAPB_chr05	12000001	12250000	8933	41571	0.0210	0.0844	b
HAPB_chr05	12250001	12500000	5742	15452	0.0135	0.0314	b
HAPB_chr05	12500001	12750000	8229	30764	0.0193	0.0625	b
HAPB_chr05	12750001	13000000	5640	30856	0.0132	0.0627	b
HAPB_chr05	13000001	13250000	208	4196	0.0005	0.0085	b
HAPB_chr05	13250001	13500000	64	2952	0.0002	0.0060	b
HAPB_chr05	13500001	13750000	68	2354	0.0002	0.0048	b
HAPB_chr05	13750001	14000000	54	2331	0.0001	0.0047	b
HAPB_chr05	14000001	14250000	5704	20590	0.0134	0.0418	b
HAPB_chr05	14250001	14500000	7255	32360	0.0170	0.0657	b
HAPB_chr05	14500001	14750000	11495	23197	0.0270	0.0471	ambiguous
HAPB_chr05	14750001	15000000	6978	15647	0.0164	0.0318	ambiguous
HAPB_chr05	15000001	15250000	8207	22218	0.0193	0.0451	b
HAPB_chr05	15250001	15500000	11559	26415	0.0271	0.0537	ambiguous
HAPB_chr05	15500001	15750000	7954	23989	0.0187	0.0487	b
HAPB_chr05	15750001	16000000	7577	17646	0.0178	0.0358	b
HAPB_chr05	16000001	16250000	7363	27748	0.0173	0.0564	b
HAPB_chr05	16250001	16500000	11099	15348	0.0261	0.0312	ambiguous
HAPB_chr05	16500001	16750000	7777	13231	0.0183	0.0269	ambiguous
HAPB_chr05	16750001	17000000	9243	15398	0.0217	0.0313	ambiguous
HAPB_chr05	17000001	17250000	11058	31387	0.0260	0.0637	b
HAPB_chr05	17250001	17500000	10330	24875	0.0242	0.0505	b
HAPB_chr05	17500001	17750000	8509	20248	0.0200	0.0411	b
HAPB_chr05	17750001	18000000	8520	27811	0.0200	0.0565	b
HAPB_chr05	18000001	18250000	7387	30591	0.0173	0.0621	b
HAPB_chr05	18250001	18500000	9005	37331	0.0211	0.0758	b
HAPB_chr05	18500001	18750000	6090	16034	0.0143	0.0326	b
HAPB_chr05	18750001	19000000	8445	28534	0.0198	0.0580	b
HAPB_chr05	19000001	19250000	5523	15075	0.0130	0.0306	b
HAPB_chr05	19250001	19500000	5158	15131	0.0121	0.0307	b
HAPB_chr05	19500001	19750000	6293	20600	0.0148	0.0418	b
HAPB_chr05	19750001	20000000	7388	18465	0.0173	0.0375	b
HAPB_chr05	20000001	20250000	7826	15979	0.0184	0.0325	ambiguous
HAPB_chr05	20250001	20500000	8578	34381	0.0201	0.0698	b
HAPB_chr05	20500001	20750000	8270	35502	0.0194	0.0721	b
HAPB_chr05	20750001	21000000	8714	22849	0.0205	0.0464	b
HAPB_chr05	21000001	21250000	6340	24113	0.0149	0.0490	b
HAPB_chr05	21250001	21500000	4081	17511	0.0096	0.0356	b
HAPB_chr05	21500001	21750000	2143	12156	0.0050	0.0247	b
HAPB_chr05	21750001	22000000	7382	23529	0.0173	0.0478	b
HAPB_chr05	22000001	22250000	8948	23073	0.0210	0.0469	b
HAPB_chr05	22250001	22500000	4314	19820	0.0101	0.0403	b
HAPB_chr05	22500001	22750000	4996	40453	0.0117	0.0822	b
HAPB_chr05	22750001	23000000	8683	24893	0.0204	0.0506	b
HAPB_chr05	23000001	23250000	8100	35815	0.0190	0.0727	b
HAPB_chr05	23250001	23500000	10103	28487	0.0237	0.0579	b
HAPB_chr05	23500001	23750000	8562	30413	0.0201	0.0618	b
HAPB_chr05	23750001	24000000	9735	24647	0.0229	0.0501	b
HAPB_chr05	24000001	24250000	9688	25659	0.0227	0.0521	b
HAPB_chr05	24250001	24500000	6037	18950	0.0142	0.0385	b
HAPB_chr05	24500001	24750000	7623	36018	0.0179	0.0732	b
HAPB_chr05	24750001	25000000	7535	31010	0.0177	0.0630	b
HAPB_chr05	25000001	25250000	7346	27955	0.0172	0.0568	b
HAPB_chr05	25250001	25500000	3069	8835	0.0072	0.0179	b
HAPB_chr05	25500001	25750000	7182	25116	0.0169	0.0510	b
HAPB_chr05	25750001	26000000	8571	27486	0.0201	0.0558	b
HAPB_chr05	26000001	26250000	8181	20567	0.0192	0.0418	b
HAPB_chr05	26250001	26500000	7513	12791	0.0176	0.0260	ambiguous
HAPB_chr05	26500001	26750000	4979	17749	0.0117	0.0360	b
HAPB_chr05	26750001	27000000	6116	16470	0.0144	0.0335	b
HAPB_chr05	27000001	27250000	9092	36241	0.0213	0.0736	b
HAPB_chr05	27250001	27500000	6937	22058	0.0163	0.0448	b
HAPB_chr05	27500001	27750000	6219	28751	0.0146	0.0584	b
HAPB_chr05	27750001	28000000	4371	11026	0.0103	0.0224	b
HAPB_chr05	28000001	28250000	4418	11379	0.0104	0.0231	b
HAPB_chr05	28250001	28500000	4845	16575	0.0114	0.0337	b
HAPB_chr05	28500001	28750000	6817	24586	0.0160	0.0499	b
HAPB_chr05	28750001	29000000	9109	32252	0.0214	0.0655	b
HAPB_chr05	29000001	29250000	10136	27162	0.0238	0.0552	b
HAPB_chr05	29250001	29500000	9567	18718	0.0225	0.0380	ambiguous
HAPB_chr05	29500001	29750000	6686	14430	0.0157	0.0293	ambiguous
HAPB_chr05	29750001	30000000	6963	32497	0.0163	0.0660	b
HAPB_chr05	30000001	30250000	8321	32910	0.0195	0.0668	b
HAPB_chr05	30250001	30500000	9069	30139	0.0213	0.0612	b
HAPB_chr05	30500001	30750000	12456	22885	0.0292	0.0465	ambiguous
HAPB_chr05	30750001	31000000	10356	24017	0.0243	0.0488	b
HAPB_chr05	31000001	31250000	9143	31699	0.0215	0.0644	b
HAPB_chr05	31250001	31500000	7220	31365	0.0169	0.0637	b
HAPB_chr05	31500001	31750000	7919	37796	0.0186	0.0768	b
HAPB_chr05	31750001	32000000	6746	32975	0.0158	0.0670	b
HAPB_chr05	32000001	32250000	8229	26384	0.0193	0.0536	b
HAPB_chr05	32250001	32500000	7207	22166	0.0169	0.0450	b
HAPB_chr05	32500001	32750000	8468	36505	0.0199	0.0741	b
HAPB_chr05	32750001	33000000	6851	16782	0.0161	0.0341	b
HAPB_chr05	33000001	33250000	9654	29063	0.0227	0.0590	b
HAPB_chr05	33250001	33500000	9628	29898	0.0226	0.0607	b
HAPB_chr05	33500001	33750000	9646	36023	0.0226	0.0732	b
HAPB_chr05	33750001	34000000	8314	33023	0.0195	0.0671	b
HAPB_chr05	34000001	34250000	8755	26403	0.0206	0.0536	b
HAPB_chr05	34250001	34500000	8021	34217	0.0188	0.0695	b
HAPB_chr05	34500001	34750000	12243	32317	0.0287	0.0656	b
HAPB_chr05	34750001	35000000	5263	29040	0.0124	0.0590	b
HAPB_chr05	35000001	35250000	6521	22137	0.0153	0.0450	b
HAPB_chr05	35250001	35500000	141	3461	0.0003	0.0070	b
HAPB_chr05	35500001	35750000	6992	23065	0.0164	0.0468	b
HAPB_chr05	35750001	36000000	8960	35394	0.0210	0.0719	b
HAPB_chr05	36000001	36250000	10466	35253	0.0246	0.0716	b
HAPB_chr05	36250001	36500000	4060	23106	0.0095	0.0469	b
HAPB_chr05	36500001	36750000	13535	28693	0.0318	0.0583	ambiguous
HAPB_chr05	36750001	37000000	8666	39277	0.0203	0.0798	b
HAPB_chr05	37000001	37250000	10996	33101	0.0258	0.0672	b
HAPB_chr05	37250001	37500000	9357	22521	0.0220	0.0457	b
HAPB_chr05	37500001	37750000	6800	24152	0.0160	0.0491	b
HAPB_chr05	37750001	38000000	9128	28157	0.0214	0.0572	b
HAPB_chr05	38000001	38250000	11288	29210	0.0265	0.0593	b
HAPB_chr05	38250001	38500000	7135	38371	0.0167	0.0779	b
HAPB_chr05	38500001	38750000	7467	36399	0.0175	0.0739	b
HAPB_chr05	38750001	39000000	10404	40215	0.0244	0.0817	b
HAPB_chr05	39000001	39250000	6983	33430	0.0164	0.0679	b
HAPB_chr05	39250001	39500000	7802	37632	0.0183	0.0764	b
HAPB_chr05	39500001	39750000	4182	17657	0.0098	0.0359	b
HAPB_chr05	39750001	40000000	7407	27515	0.0174	0.0559	b
HAPB_chr05	40000001	40250000	7376	34119	0.0173	0.0693	b
HAPB_chr05	40250001	40500000	6880	25821	0.0162	0.0524	b
HAPB_chr05	40500001	40750000	9265	33952	0.0217	0.0690	b
HAPB_chr05	40750001	41000000	7924	36129	0.0186	0.0734	b
HAPB_chr05	41000001	41250000	9118	32384	0.0214	0.0658	b
HAPB_chr05	41250001	41500000	7419	35791	0.0174	0.0727	b
HAPB_chr05	41500001	41750000	7989	21069	0.0188	0.0428	b
HAPB_chr05	41750001	42000000	9834	39565	0.0231	0.0804	b
HAPB_chr05	42000001	42250000	9890	35484	0.0232	0.0721	b
HAPB_chr05	42250001	42500000	6634	31160	0.0156	0.0633	b
HAPB_chr05	42500001	42750000	5959	17113	0.0140	0.0348	b
HAPB_chr05	42750001	43000000	7820	28604	0.0184	0.0581	b
HAPB_chr05	43000001	43250000	6377	16303	0.0150	0.0331	b
HAPB_chr05	43250001	43500000	8630	34281	0.0203	0.0696	b
HAPB_chr05	43500001	43750000	7601	31165	0.0178	0.0633	b
HAPB_chr05	43750001	44000000	8261	21542	0.0194	0.0438	b
HAPB_chr05	44000001	44250000	8367	29283	0.0196	0.0595	b
HAPB_chr05	44250001	44500000	7833	39248	0.0184	0.0797	b
HAPB_chr05	44500001	44750000	4761	17943	0.0112	0.0364	b
HAPB_chr05	44750001	45000000	5370	16803	0.0126	0.0341	b
HAPB_chr05	45000001	45250000	8416	29108	0.0198	0.0591	b
HAPB_chr05	45250001	45500000	6491	22758	0.0152	0.0462	b
HAPB_chr05	45500001	45750000	3691	11406	0.0087	0.0232	b
HAPB_chr05	45750001	46000000	5723	13970	0.0134	0.0284	b
HAPB_chr05	46000001	46250000	7097	18804	0.0167	0.0382	b
HAPB_chr05	46250001	46500000	6628	23785	0.0156	0.0483	b
HAPB_chr05	46500001	46750000	9013	30250	0.0212	0.0614	b
HAPB_chr05	46750001	47000000	9999	36300	0.0235	0.0737	b
HAPB_chr05	47000001	47250000	8592	29144	0.0202	0.0592	b
HAPB_chr05	47250001	47500000	7318	24848	0.0172	0.0505	b
HAPB_chr05	47500001	47750000	6959	22305	0.0163	0.0453	b
HAPB_chr05	47750001	48000000	4731	15059	0.0111	0.0306	b
HAPB_chr05	48000001	48250000	7860	32797	0.0185	0.0666	b
HAPB_chr05	48250001	48500000	7676	27675	0.0180	0.0562	b
HAPB_chr05	48500001	48750000	5810	32201	0.0136	0.0654	b
HAPB_chr05	48750001	49000000	10363	27054	0.0243	0.0549	b
HAPB_chr05	49000001	49250000	10841	26819	0.0254	0.0545	b
HAPB_chr05	49250001	49500000	9370	22551	0.0220	0.0458	b
HAPB_chr05	49500001	49750000	6919	24946	0.0162	0.0507	b
HAPB_chr05	49750001	50000000	9598	27184	0.0225	0.0552	b
HAPB_chr05	50000001	50250000	9761	33097	0.0229	0.0672	b
HAPB_chr05	50250001	50500000	10372	32175	0.0243	0.0653	b
HAPB_chr05	50500001	50750000	6491	23365	0.0152	0.0475	b
HAPB_chr05	50750001	51000000	9893	32730	0.0232	0.0665	b
HAPB_chr05	51000001	51250000	8950	32988	0.0210	0.0670	b
HAPB_chr05	51250001	51500000	9012	25919	0.0212	0.0526	b
HAPB_chr05	51500001	51750000	5804	35348	0.0136	0.0718	b
HAPB_chr05	51750001	52000000	8499	28351	0.0200	0.0576	b
HAPB_chr05	52000001	52250000	6027	20659	0.0141	0.0420	b
HAPB_chr05	52250001	52500000	7738	14403	0.0182	0.0293	ambiguous
HAPB_chr05	52500001	52750000	8168	20876	0.0192	0.0424	b
HAPB_chr05	52750001	53000000	9196	29916	0.0216	0.0608	b
HAPB_chr05	53000001	53250000	4420	17067	0.0104	0.0347	b
HAPB_chr05	53250001	53500000	7169	23311	0.0168	0.0473	b
HAPB_chr05	53500001	53750000	4980	45042	0.0117	0.0915	b
HAPB_chr05	53750001	54000000	8130	27817	0.0191	0.0565	b
HAPB_chr05	54000001	54250000	6284	20898	0.0148	0.0424	b
HAPB_chr05	54250001	54500000	8611	32372	0.0202	0.0657	b
HAPB_chr05	54500001	54750000	7351	24851	0.0173	0.0505	b
HAPB_chr05	54750001	55000000	11501	37623	0.0270	0.0764	b
HAPB_chr05	55000001	55250000	7336	33999	0.0172	0.0691	b
HAPB_chr05	55250001	55500000	9777	27618	0.0230	0.0561	b
HAPB_chr05	55500001	55750000	9670	28893	0.0227	0.0587	b
HAPB_chr05	55750001	56000000	8720	27077	0.0205	0.0550	b
HAPB_chr05	56000001	56250000	8199	36142	0.0192	0.0734	b
HAPB_chr05	56250001	56500000	5522	39334	0.0130	0.0799	b
HAPB_chr05	56500001	56750000	7241	35680	0.0170	0.0725	b
HAPB_chr05	56750001	57000000	9976	29647	0.0234	0.0602	b
HAPB_chr05	57000001	57250000	12944	27567	0.0304	0.0560	ambiguous
HAPB_chr05	57250001	57500000	5929	22731	0.0139	0.0462	b
HAPB_chr05	57500001	57750000	6518	38569	0.0153	0.0783	b
HAPB_chr05	57750001	58000000	8629	25556	0.0203	0.0519	b
HAPB_chr05	58000001	58250000	7571	33523	0.0178	0.0681	b
HAPB_chr05	58250001	58500000	10758	28882	0.0253	0.0587	b
HAPB_chr05	58500001	58750000	7008	35129	0.0165	0.0713	b
HAPB_chr05	58750001	59000000	8286	35098	0.0195	0.0713	b
HAPB_chr05	59000001	59250000	7671	35474	0.0180	0.0720	b
HAPB_chr05	59250001	59500000	7166	35510	0.0168	0.0721	b
HAPB_chr05	59500001	59750000	8279	33804	0.0194	0.0687	b
HAPB_chr05	59750001	60000000	12217	38293	0.0287	0.0778	b
HAPB_chr05	60000001	60250000	6988	33250	0.0164	0.0675	b
HAPB_chr05	60250001	60500000	8391	36566	0.0197	0.0743	b
HAPB_chr05	60500001	60750000	10052	26724	0.0236	0.0543	b
HAPB_chr05	60750001	61000000	9182	29031	0.0216	0.0590	b
HAPB_chr05	61000001	61250000	9868	43182	0.0232	0.0877	b
HAPB_chr05	61250001	61500000	7031	31126	0.0165	0.0632	b
HAPB_chr05	61500001	61750000	9803	27156	0.0230	0.0552	b
HAPB_chr05	61750001	62000000	10625	31237	0.0249	0.0634	b
HAPB_chr05	62000001	62250000	11138	24921	0.0261	0.0506	ambiguous
HAPB_chr05	62250001	62500000	9525	29610	0.0224	0.0601	b
HAPB_chr05	62500001	62750000	10285	32422	0.0241	0.0659	b
HAPB_chr05	62750001	63000000	8247	30952	0.0194	0.0629	b
HAPB_chr05	63000001	63250000	10952	39012	0.0257	0.0792	b
HAPB_chr05	63250001	63500000	8910	36187	0.0209	0.0735	b
HAPB_chr05	63500001	63750000	8081	27629	0.0190	0.0561	b
HAPB_chr05	63750001	64000000	11099	23567	0.0261	0.0479	ambiguous
HAPB_chr05	64000001	64250000	9103	30877	0.0214	0.0627	b
HAPB_chr05	64250001	64500000	6964	24415	0.0163	0.0496	b
HAPB_chr05	64500001	64750000	6397	23235	0.0150	0.0472	b
HAPB_chr05	64750001	65000000	8641	27158	0.0203	0.0552	b
HAPB_chr05	65000001	65250000	10829	27960	0.0254	0.0568	b
HAPB_chr05	65250001	65500000	13441	36322	0.0316	0.0738	b
HAPB_chr05	65500001	65750000	9005	40292	0.0211	0.0818	b
HAPB_chr05	65750001	66000000	8922	37259	0.0209	0.0757	b
HAPB_chr05	66000001	66250000	8803	36647	0.0207	0.0744	b
HAPB_chr05	66250001	66500000	7237	34851	0.0170	0.0708	b
HAPB_chr05	66500001	66750000	12315	30544	0.0289	0.0620	b
HAPB_chr05	66750001	67000000	9800	27244	0.0230	0.0553	b
HAPB_chr05	67000001	67250000	8322	37222	0.0195	0.0756	b
HAPB_chr05	67250001	67500000	6310	28751	0.0148	0.0584	b
HAPB_chr05	67500001	67750000	10836	25656	0.0254	0.0521	b
HAPB_chr05	67750001	68000000	9182	32843	0.0216	0.0667	b
HAPB_chr05	68000001	68250000	8382	24181	0.0197	0.0491	b
HAPB_chr05	68250001	68500000	14794	22856	0.0347	0.0464	ambiguous
HAPB_chr05	68500001	68750000	9085	36909	0.0213	0.0750	b
HAPB_chr05	68750001	69000000	10015	26291	0.0235	0.0534	b
HAPB_chr05	69000001	69250000	15271	19250	0.0358	0.0391	ambiguous
HAPB_chr05	69250001	69500000	8876	29258	0.0208	0.0594	b
HAPB_chr05	69500001	69750000	9084	17806	0.0213	0.0362	ambiguous
HAPB_chr05	69750001	70000000	9061	29018	0.0213	0.0589	b
HAPB_chr05	70000001	70250000	5701	33712	0.0134	0.0685	b
HAPB_chr05	70250001	70500000	7716	32971	0.0181	0.0670	b
HAPB_chr05	70500001	70750000	10395	36094	0.0244	0.0733	b
HAPB_chr05	70750001	71000000	9113	31310	0.0214	0.0636	b
HAPB_chr05	71000001	71250000	8093	27034	0.0190	0.0549	b
HAPB_chr05	71250001	71500000	9662	31739	0.0227	0.0645	b
HAPB_chr05	71500001	71750000	9236	35112	0.0217	0.0713	b
HAPB_chr05	71750001	72000000	7512	34229	0.0176	0.0695	b
HAPB_chr05	72000001	72250000	9786	38117	0.0230	0.0774	b
HAPB_chr05	72250001	72500000	7371	44054	0.0173	0.0895	b
HAPB_chr05	72500001	72750000	8695	40398	0.0204	0.0821	b
HAPB_chr05	72750001	73000000	10824	34563	0.0254	0.0702	b
HAPB_chr05	73000001	73250000	7808	29498	0.0183	0.0599	b
HAPB_chr05	73250001	73500000	19209	23986	0.0451	0.0487	ambiguous
HAPB_chr05	73500001	73750000	11076	24193	0.0260	0.0491	ambiguous
HAPB_chr05	73750001	74000000	22114	17318	0.0519	0.0352	ambiguous
HAPB_chr05	74000001	74250000	15576	12942	0.0366	0.0263	ambiguous
HAPB_chr05	74250001	74500000	11497	26620	0.0270	0.0541	b
HAPB_chr05	74500001	74750000	13814	24257	0.0324	0.0493	ambiguous
HAPB_chr05	74750001	75000000	14992	15253	0.0352	0.0310	ambiguous
HAPB_chr05	75000001	75250000	19989	15718	0.0469	0.0319	ambiguous
HAPB_chr05	75250001	75500000	17235	15204	0.0405	0.0309	ambiguous
HAPB_chr05	75500001	75750000	15608	14012	0.0366	0.0285	ambiguous
HAPB_chr05	75750001	76000000	19744	14232	0.0463	0.0289	ambiguous
HAPB_chr05	76000001	76250000	16931	15172	0.0397	0.0308	ambiguous
HAPB_chr05	76250001	76500000	21013	11833	0.0493	0.0240	a
HAPB_chr05	76500001	76750000	14721	40478	0.0346	0.0822	b
HAPB_chr05	76750001	77000000	13161	22600	0.0309	0.0459	ambiguous
HAPB_chr05	77000001	77250000	14155	18253	0.0332	0.0371	ambiguous
HAPB_chr05	77250001	77500000	8144	31204	0.0191	0.0634	b
HAPB_chr05	77500001	77750000	8657	40222	0.0203	0.0817	b
HAPB_chr05	77750001	78000000	9318	31989	0.0219	0.0650	b
HAPB_chr05	78000001	78250000	10546	26702	0.0248	0.0542	b
HAPB_chr05	78250001	78500000	15226	35595	0.0357	0.0723	b
HAPB_chr05	78500001	78750000	9920	34290	0.0233	0.0696	b
HAPB_chr05	78750001	79000000	10008	27892	0.0235	0.0567	b
HAPB_chr05	79000001	79250000	9468	28698	0.0222	0.0583	b
HAPB_chr05	79250001	79500000	13823	27007	0.0324	0.0549	ambiguous
HAPB_chr05	79500001	79750000	7676	38519	0.0180	0.0782	b
HAPB_chr05	79750001	80000000	9293	36468	0.0218	0.0741	b
HAPB_chr05	80000001	80250000	8740	41631	0.0205	0.0846	b
HAPB_chr05	80250001	80500000	11448	24831	0.0269	0.0504	ambiguous
HAPB_chr05	80500001	80750000	9645	36172	0.0226	0.0735	b
HAPB_chr05	80750001	81000000	7279	32239	0.0171	0.0655	b
HAPB_chr05	81000001	81250000	11051	37167	0.0259	0.0755	b
HAPB_chr05	81250001	81500000	11310	32193	0.0266	0.0654	b
HAPB_chr05	81500001	81750000	12394	33785	0.0291	0.0686	b
HAPB_chr05	81750001	82000000	9293	29336	0.0218	0.0596	b
HAPB_chr05	82000001	82250000	11396	37935	0.0268	0.0770	b
HAPB_chr05	82250001	82500000	9483	31795	0.0223	0.0646	b
HAPB_chr05	82500001	82750000	12336	33467	0.0290	0.0680	b
HAPB_chr05	82750001	83000000	9238	29481	0.0217	0.0599	b
HAPB_chr05	83000001	83250000	8025	37021	0.0188	0.0752	b
HAPB_chr05	83250001	83500000	9087	32114	0.0213	0.0652	b
HAPB_chr05	83500001	83750000	9494	30754	0.0223	0.0625	b
HAPB_chr05	83750001	84000000	10069	37254	0.0236	0.0757	b
HAPB_chr05	84000001	84250000	14646	26706	0.0344	0.0542	ambiguous
HAPB_chr05	84250001	84500000	8691	29327	0.0204	0.0596	b
HAPB_chr05	84500001	84750000	10817	29269	0.0254	0.0594	b
HAPB_chr05	84750001	85000000	9149	35183	0.0215	0.0715	b
HAPB_chr05	85000001	85250000	10475	34448	0.0246	0.0700	b
HAPB_chr05	85250001	85500000	10174	23693	0.0239	0.0481	b
HAPB_chr05	85500001	85750000	9586	26995	0.0225	0.0548	b
HAPB_chr05	85750001	86000000	9577	39717	0.0225	0.0807	b
HAPB_chr05	86000001	86250000	6677	37386	0.0157	0.0759	b
HAPB_chr05	86250001	86500000	14289	39398	0.0335	0.0800	b
HAPB_chr05	86500001	86750000	6422	32877	0.0151	0.0668	b
HAPB_chr05	86750001	87000000	13626	33679	0.0320	0.0684	b
HAPB_chr05	87000001	87250000	10728	30513	0.0252	0.0620	b
HAPB_chr05	87250001	87500000	10574	35919	0.0248	0.0730	b
HAPB_chr05	87500001	87750000	8199	32824	0.0192	0.0667	b
HAPB_chr05	87750001	88000000	8317	35930	0.0195	0.0730	b
HAPB_chr05	88000001	88250000	8248	28709	0.0194	0.0583	b
HAPB_chr05	88250001	88500000	10298	25250	0.0242	0.0513	b
HAPB_chr05	88500001	88750000	10194	34356	0.0239	0.0698	b
HAPB_chr05	88750001	89000000	10731	32605	0.0252	0.0662	b
HAPB_chr05	89000001	89250000	10729	35671	0.0252	0.0724	b
HAPB_chr05	89250001	89500000	11644	35711	0.0273	0.0725	b
HAPB_chr05	89500001	89750000	9128	37791	0.0214	0.0768	b
HAPB_chr05	89750001	90000000	7826	34459	0.0184	0.0700	b
HAPB_chr05	90000001	90250000	7357	33426	0.0173	0.0679	b
HAPB_chr05	90250001	90500000	8101	27359	0.0190	0.0556	b
HAPB_chr05	90500001	90750000	5708	27424	0.0134	0.0557	b
HAPB_chr05	90750001	91000000	512	1887	0.0012	0.0038	b
HAPB_chr05	91000001	91250000	845	2203	0.0020	0.0045	b
HAPB_chr05	91250001	91500000	362	1533	0.0008	0.0031	b
HAPB_chr05	91500001	91750000	583	2157	0.0014	0.0044	b
HAPB_chr05	91750001	92000000	529	1344	0.0012	0.0027	b
HAPB_chr05	92000001	92250000	498	1740	0.0012	0.0035	b
HAPB_chr05	92250001	92500000	4168	17659	0.0098	0.0359	b
HAPB_chr05	92500001	92750000	9129	34451	0.0214	0.0700	b
HAPB_chr05	92750001	93000000	8713	35645	0.0205	0.0724	b
HAPB_chr05	93000001	93250000	7361	37227	0.0173	0.0756	b
HAPB_chr05	93250001	93500000	10950	42039	0.0257	0.0854	b
HAPB_chr05	93500001	93750000	10737	34816	0.0252	0.0707	b
HAPB_chr05	93750001	94000000	10975	41331	0.0258	0.0839	b
HAPB_chr05	94000001	94250000	11368	33062	0.0267	0.0672	b
HAPB_chr05	94250001	94500000	11030	27778	0.0259	0.0564	b
HAPB_chr05	94500001	94750000	9954	26727	0.0234	0.0543	b
HAPB_chr05	94750001	95000000	12207	25955	0.0287	0.0527	ambiguous
HAPB_chr05	95000001	95250000	8652	29274	0.0203	0.0595	b
HAPB_chr05	95250001	95500000	10248	31948	0.0241	0.0649	b
HAPB_chr05	95500001	95750000	8945	35366	0.0210	0.0718	b
HAPB_chr05	95750001	96000000	8158	28932	0.0192	0.0588	b
HAPB_chr05	96000001	96250000	8002	31672	0.0188	0.0643	b
HAPB_chr05	96250001	96500000	10776	32124	0.0253	0.0652	b
HAPB_chr05	96500001	96750000	8797	32434	0.0207	0.0659	b
HAPB_chr05	96750001	97000000	8336	32196	0.0196	0.0654	b
HAPB_chr05	97000001	97250000	13322	28208	0.0313	0.0573	ambiguous
HAPB_chr05	97250001	97500000	9231	22828	0.0217	0.0464	b
HAPB_chr05	97500001	97750000	12056	33648	0.0283	0.0683	b
HAPB_chr05	97750001	98000000	7573	34720	0.0178	0.0705	b
HAPB_chr05	98000001	98250000	7427	32037	0.0174	0.0651	b
HAPB_chr05	98250001	98500000	9635	28260	0.0226	0.0574	b
HAPB_chr05	98500001	98750000	8491	30640	0.0199	0.0622	b
HAPB_chr05	98750001	99000000	8912	37399	0.0209	0.0760	b
HAPB_chr05	99000001	99250000	4798	18205	0.0113	0.0370	b
HAPB_chr05	99250001	99500000	10947	37256	0.0257	0.0757	b
HAPB_chr05	99500001	99750000	8676	31167	0.0204	0.0633	b
HAPB_chr05	99750001	100000000	10547	29480	0.0248	0.0599	b
HAPB_chr05	100000001	100250000	11587	28050	0.0272	0.0570	b
HAPB_chr05	100250001	100500000	8986	30624	0.0211	0.0622	b
HAPB_chr05	100500001	100750000	10670	33577	0.0250	0.0682	b
HAPB_chr05	100750001	101000000	5149	14511	0.0121	0.0295	b
HAPB_chr05	101000001	101250000	9251	22757	0.0217	0.0462	b
HAPB_chr05	101250001	101500000	10031	32115	0.0235	0.0652	b
HAPB_chr05	101500001	101750000	10718	26993	0.0252	0.0548	b
HAPB_chr05	101750001	102000000	10039	32449	0.0236	0.0659	b
HAPB_chr05	102000001	102250000	8462	28736	0.0199	0.0584	b
HAPB_chr05	102250001	102500000	7724	45269	0.0181	0.0919	b
HAPB_chr05	102500001	102750000	10989	39320	0.0258	0.0799	b
HAPB_chr05	102750001	103000000	8534	35062	0.0200	0.0712	b
HAPB_chr05	103000001	103250000	11951	28565	0.0281	0.0580	b
HAPB_chr05	103250001	103500000	7673	32058	0.0180	0.0651	b
HAPB_chr05	103500001	103750000	13084	26134	0.0307	0.0531	ambiguous
HAPB_chr05	103750001	104000000	11716	28574	0.0275	0.0580	b
HAPB_chr05	104000001	104250000	11452	32118	0.0269	0.0652	b
HAPB_chr05	104250001	104500000	10719	34866	0.0252	0.0708	b
HAPB_chr05	104500001	104750000	8350	23950	0.0196	0.0486	b
HAPB_chr05	104750001	105000000	7952	34954	0.0187	0.0710	b
HAPB_chr05	105000001	105250000	8207	23335	0.0193	0.0474	b
HAPB_chr05	105250001	105500000	11806	32654	0.0277	0.0663	b
HAPB_chr05	105500001	105750000	16772	28253	0.0394	0.0574	ambiguous
HAPB_chr05	105750001	106000000	11986	26115	0.0281	0.0530	ambiguous
HAPB_chr05	106000001	106250000	11182	33642	0.0262	0.0683	b
HAPB_chr05	106250001	106500000	12678	30047	0.0298	0.0610	b
HAPB_chr05	106500001	106750000	10922	31388	0.0256	0.0638	b
HAPB_chr05	106750001	107000000	10268	38576	0.0241	0.0783	b
HAPB_chr05	107000001	107250000	8549	35928	0.0201	0.0730	b
HAPB_chr05	107250001	107500000	11400	28962	0.0268	0.0588	b
HAPB_chr05	107500001	107750000	7210	33499	0.0169	0.0680	b
HAPB_chr05	107750001	108000000	8068	35971	0.0189	0.0731	b
HAPB_chr05	108000001	108250000	8809	36619	0.0207	0.0744	b
HAPB_chr05	108250001	108500000	13020	32025	0.0306	0.0650	b
HAPB_chr05	108500001	108750000	7073	37073	0.0166	0.0753	b
HAPB_chr05	108750001	109000000	8928	32177	0.0210	0.0654	b
HAPB_chr05	109000001	109250000	9683	31555	0.0227	0.0641	b
HAPB_chr05	109250001	109500000	7843	34453	0.0184	0.0700	b
HAPB_chr05	109500001	109750000	9754	42179	0.0229	0.0857	b
HAPB_chr05	109750001	110000000	9913	22401	0.0233	0.0455	ambiguous
HAPB_chr05	110000001	110250000	7445	45647	0.0175	0.0927	b
HAPB_chr05	110250001	110500000	12945	30732	0.0304	0.0624	b
HAPB_chr05	110500001	110750000	7842	33060	0.0184	0.0671	b
HAPB_chr05	110750001	111000000	10188	33731	0.0239	0.0685	b
HAPB_chr05	111000001	111250000	9483	29620	0.0223	0.0602	b
HAPB_chr05	111250001	111500000	10318	22330	0.0242	0.0454	ambiguous
HAPB_chr05	111500001	111750000	5222	29589	0.0123	0.0601	b
HAPB_chr05	111750001	112000000	5550	37650	0.0130	0.0765	b
HAPB_chr05	112000001	112250000	6447	27431	0.0151	0.0557	b
HAPB_chr05	112250001	112500000	576	7647	0.0014	0.0155	b
HAPB_chr05	112500001	112750000	998	8666	0.0023	0.0176	b
HAPB_chr05	112750001	113000000	7479	23086	0.0176	0.0469	b
HAPB_chr05	113000001	113250000	13400	23881	0.0315	0.0485	ambiguous
HAPB_chr05	113250001	113500000	9228	31013	0.0217	0.0630	b
HAPB_chr05	113500001	113750000	13671	21280	0.0321	0.0432	ambiguous
HAPB_chr05	113750001	114000000	17231	33129	0.0404	0.0673	ambiguous
HAPB_chr05	114000001	114250000	8302	34662	0.0195	0.0704	b
HAPB_chr05	114250001	114500000	9129	35775	0.0214	0.0727	b
HAPB_chr05	114500001	114750000	12193	33204	0.0286	0.0674	b
HAPB_chr05	114750001	115000000	15928	37892	0.0374	0.0770	b
HAPB_chr05	115000001	115250000	9736	22196	0.0229	0.0451	ambiguous
HAPB_chr05	115250001	115500000	10070	20918	0.0236	0.0425	ambiguous
HAPB_chr05	115500001	115750000	9010	34330	0.0212	0.0697	b
HAPB_chr05	115750001	116000000	12486	30825	0.0293	0.0626	b
HAPB_chr05	116000001	116250000	11972	30200	0.0281	0.0613	b
HAPB_chr05	116250001	116500000	10650	26728	0.0250	0.0543	b
HAPB_chr05	116500001	116750000	6678	31568	0.0157	0.0641	b
HAPB_chr05	116750001	117000000	10075	32151	0.0237	0.0653	b
HAPB_chr05	117000001	117250000	11324	37271	0.0266	0.0757	b
HAPB_chr05	117250001	117500000	10518	28210	0.0247	0.0573	b
HAPB_chr05	117500001	117750000	8814	36950	0.0207	0.0750	b
HAPB_chr05	117750001	118000000	9173	33110	0.0215	0.0672	b
HAPB_chr05	118000001	118250000	9318	40144	0.0219	0.0815	b
HAPB_chr05	118250001	118500000	9297	35282	0.0218	0.0717	b
HAPB_chr05	118500001	118750000	7417	29059	0.0174	0.0590	b
HAPB_chr05	118750001	119000000	9633	31387	0.0226	0.0637	b
HAPB_chr05	119000001	119250000	10782	29178	0.0253	0.0593	b
HAPB_chr05	119250001	119500000	7306	42957	0.0172	0.0872	b
HAPB_chr05	119500001	119750000	10333	34374	0.0243	0.0698	b
HAPB_chr05	119750001	120000000	9994	41616	0.0235	0.0845	b
HAPB_chr05	120000001	120250000	7746	28934	0.0182	0.0588	b
HAPB_chr05	120250001	120500000	13198	31193	0.0310	0.0634	b
HAPB_chr05	120500001	120750000	12434	31583	0.0292	0.0641	b
HAPB_chr05	120750001	121000000	8153	28413	0.0191	0.0577	b
HAPB_chr05	121000001	121250000	6963	33344	0.0163	0.0677	b
HAPB_chr05	121250001	121500000	10367	31030	0.0243	0.0630	b
HAPB_chr05	121500001	121750000	13505	25729	0.0317	0.0523	ambiguous
HAPB_chr05	121750001	122000000	7807	34173	0.0183	0.0694	b
HAPB_chr05	122000001	122250000	9945	31143	0.0233	0.0633	b
HAPB_chr05	122250001	122500000	9442	31785	0.0222	0.0646	b
HAPB_chr05	122500001	122750000	8809	35292	0.0207	0.0717	b
HAPB_chr05	122750001	123000000	6118	39869	0.0144	0.0810	b
HAPB_chr05	123000001	123250000	8162	39093	0.0192	0.0794	b
HAPB_chr05	123250001	123500000	7895	39659	0.0185	0.0805	b
HAPB_chr05	123500001	123750000	7262	35632	0.0170	0.0724	b
HAPB_chr05	123750001	124000000	15625	35022	0.0367	0.0711	ambiguous
HAPB_chr05	124000001	124250000	8995	34693	0.0211	0.0705	b
HAPB_chr05	124250001	124500000	11320	38940	0.0266	0.0791	b
HAPB_chr05	124500001	124750000	11845	38342	0.0278	0.0779	b
HAPB_chr05	124750001	125000000	7437	45116	0.0175	0.0916	b
HAPB_chr05	125000001	125250000	10536	36435	0.0247	0.0740	b
HAPB_chr05	125250001	125500000	12664	39667	0.0297	0.0806	b
HAPB_chr05	125500001	125750000	10087	37893	0.0237	0.0770	b
HAPB_chr05	125750001	126000000	13628	28256	0.0320	0.0574	ambiguous
HAPB_chr05	126000001	126250000	11269	29307	0.0265	0.0595	b
HAPB_chr05	126250001	126500000	10827	28434	0.0254	0.0578	b
HAPB_chr05	126500001	126750000	12145	26060	0.0285	0.0529	ambiguous
HAPB_chr05	126750001	127000000	7455	29695	0.0175	0.0603	b
HAPB_chr05	127000001	127250000	9322	32757	0.0219	0.0665	b
HAPB_chr05	127250001	127500000	12437	33728	0.0292	0.0685	b
HAPB_chr05	127500001	127750000	11412	35467	0.0268	0.0720	b
HAPB_chr05	127750001	128000000	9876	34280	0.0232	0.0696	b
HAPB_chr05	128000001	128250000	9531	24922	0.0224	0.0506	b
HAPB_chr05	128250001	128500000	10043	28140	0.0236	0.0572	b
HAPB_chr05	128500001	128750000	13180	24403	0.0309	0.0496	ambiguous
HAPB_chr05	128750001	129000000	8531	39242	0.0200	0.0797	b
HAPB_chr05	129000001	129250000	9231	31540	0.0217	0.0641	b
HAPB_chr05	129250001	129500000	13310	23450	0.0312	0.0476	ambiguous
HAPB_chr05	129500001	129750000	11662	33494	0.0274	0.0680	b
HAPB_chr05	129750001	130000000	7618	40662	0.0179	0.0826	b
HAPB_chr05	130000001	130250000	8277	36442	0.0194	0.0740	b
HAPB_chr05	130250001	130500000	9482	30834	0.0223	0.0626	b
HAPB_chr05	130500001	130750000	9088	30502	0.0213	0.0620	b
HAPB_chr05	130750001	131000000	7838	26924	0.0184	0.0547	b
HAPB_chr05	131000001	131250000	10395	29551	0.0244	0.0600	b
HAPB_chr05	131250001	131500000	8093	31016	0.0190	0.0630	b
HAPB_chr05	131500001	131750000	10725	36039	0.0252	0.0732	b
HAPB_chr05	131750001	132000000	9618	31602	0.0226	0.0642	b
HAPB_chr05	132000001	132250000	7951	33842	0.0187	0.0687	b
HAPB_chr05	132250001	132500000	7987	38703	0.0187	0.0786	b
HAPB_chr05	132500001	132750000	9680	34197	0.0227	0.0695	b
HAPB_chr05	132750001	133000000	8950	31428	0.0210	0.0638	b
HAPB_chr05	133000001	133250000	12462	35128	0.0293	0.0713	b
HAPB_chr05	133250001	133500000	7400	31249	0.0174	0.0635	b
HAPB_chr05	133500001	133750000	12801	32830	0.0301	0.0667	b
HAPB_chr05	133750001	134000000	11878	31481	0.0279	0.0639	b
HAPB_chr05	134000001	134250000	12011	34814	0.0282	0.0707	b
HAPB_chr05	134250001	134500000	10969	30694	0.0257	0.0623	b
HAPB_chr05	134500001	134750000	10732	29793	0.0252	0.0605	b
HAPB_chr05	134750001	135000000	11489	38089	0.0270	0.0774	b
HAPB_chr05	135000001	135250000	11607	28227	0.0272	0.0573	b
HAPB_chr05	135250001	135500000	9535	39101	0.0224	0.0794	b
HAPB_chr05	135500001	135750000	11898	27679	0.0279	0.0562	b
HAPB_chr05	135750001	136000000	14886	25711	0.0349	0.0522	ambiguous
HAPB_chr05	136000001	136250000	9789	37623	0.0230	0.0764	b
HAPB_chr05	136250001	136500000	10573	26771	0.0248	0.0544	b
HAPB_chr05	136500001	136750000	11804	41356	0.0277	0.0840	b
HAPB_chr05	136750001	137000000	8547	35921	0.0201	0.0730	b
HAPB_chr05	137000001	137250000	10463	40691	0.0246	0.0826	b
HAPB_chr05	137250001	137500000	10077	27863	0.0237	0.0566	b
HAPB_chr05	137500001	137750000	8370	32464	0.0196	0.0659	b
HAPB_chr05	137750001	138000000	10177	27251	0.0239	0.0553	b
HAPB_chr05	138000001	138250000	7881	26915	0.0185	0.0547	b
HAPB_chr05	138250001	138500000	8634	38563	0.0203	0.0783	b
HAPB_chr05	138500001	138750000	11252	22362	0.0264	0.0454	ambiguous
HAPB_chr05	138750001	139000000	8661	27804	0.0203	0.0565	b
HAPB_chr05	139000001	139250000	9031	36840	0.0212	0.0748	b
HAPB_chr05	139250001	139500000	8789	31402	0.0206	0.0638	b
HAPB_chr05	139500001	139750000	7465	30231	0.0175	0.0614	b
HAPB_chr05	139750001	140000000	14444	24533	0.0339	0.0498	ambiguous
HAPB_chr05	140000001	140250000	11643	24257	0.0273	0.0493	ambiguous
HAPB_chr05	140250001	140500000	9827	25314	0.0231	0.0514	b
HAPB_chr05	140500001	140750000	6539	35770	0.0154	0.0727	b
HAPB_chr05	140750001	141000000	7933	28670	0.0186	0.0582	b
HAPB_chr05	141000001	141250000	8704	24416	0.0204	0.0496	b
HAPB_chr05	141250001	141500000	13524	34054	0.0317	0.0692	b
HAPB_chr05	141500001	141750000	11051	30562	0.0259	0.0621	b
HAPB_chr05	141750001	142000000	6560	45728	0.0154	0.0929	b
HAPB_chr05	142000001	142250000	8133	32748	0.0191	0.0665	b
HAPB_chr05	142250001	142500000	8705	23329	0.0204	0.0474	b
HAPB_chr05	142500001	142750000	7712	32136	0.0181	0.0653	b
HAPB_chr05	142750001	143000000	9227	32896	0.0217	0.0668	b
HAPB_chr05	143000001	143250000	12568	36981	0.0295	0.0751	b
HAPB_chr05	143250001	143500000	9938	38236	0.0233	0.0777	b
HAPB_chr05	143500001	143750000	8143	42090	0.0191	0.0855	b
HAPB_chr05	143750001	144000000	10151	35795	0.0238	0.0727	b
HAPB_chr05	144000001	144250000	8169	48438	0.0192	0.0984	b
HAPB_chr05	144250001	144500000	12496	29642	0.0293	0.0602	b
HAPB_chr05	144500001	144750000	9167	38264	0.0215	0.0777	b
HAPB_chr05	144750001	145000000	10100	32928	0.0237	0.0669	b
HAPB_chr05	145000001	145250000	10363	35945	0.0243	0.0730	b
HAPB_chr05	145250001	145500000	11235	40594	0.0264	0.0824	b
HAPB_chr05	145500001	145750000	11263	32402	0.0264	0.0658	b
HAPB_chr05	145750001	146000000	10846	36819	0.0255	0.0748	b
HAPB_chr05	146000001	146250000	10077	34484	0.0237	0.0700	b
HAPB_chr05	146250001	146500000	9154	38394	0.0215	0.0780	b
HAPB_chr05	146500001	146750000	10042	21780	0.0236	0.0442	ambiguous
HAPB_chr05	146750001	147000000	12248	41967	0.0288	0.0852	b
HAPB_chr05	147000001	147250000	10851	33757	0.0255	0.0686	b
HAPB_chr05	147250001	147500000	10543	30158	0.0247	0.0613	b
HAPB_chr05	147500001	147750000	17263	16726	0.0405	0.0340	ambiguous
HAPB_chr05	147750001	148000000	20283	19188	0.0476	0.0390	ambiguous
HAPB_chr05	148000001	148250000	20128	18719	0.0473	0.0380	ambiguous
HAPB_chr05	148250001	148500000	14827	25854	0.0348	0.0525	ambiguous
HAPB_chr05	148500001	148750000	12988	26550	0.0305	0.0539	ambiguous
HAPB_chr05	148750001	149000000	7628	35741	0.0179	0.0726	b
HAPB_chr05	149000001	149250000	10461	33534	0.0246	0.0681	b
HAPB_chr05	149250001	149500000	12421	27847	0.0292	0.0566	ambiguous
HAPB_chr05	149500001	149750000	11121	29753	0.0261	0.0604	b
HAPB_chr05	149750001	150000000	9731	31400	0.0228	0.0638	b
HAPB_chr05	150000001	150250000	14820	28902	0.0348	0.0587	ambiguous
HAPB_chr05	150250001	150500000	10967	29710	0.0257	0.0603	b
HAPB_chr05	150500001	150750000	9554	30241	0.0224	0.0614	b
HAPB_chr05	150750001	151000000	11579	27440	0.0272	0.0557	b
HAPB_chr05	151000001	151250000	13314	43528	0.0313	0.0884	b
HAPB_chr05	151250001	151500000	9667	29637	0.0227	0.0602	b
HAPB_chr05	151500001	151750000	13946	29575	0.0327	0.0601	ambiguous
HAPB_chr05	151750001	152000000	9526	23707	0.0224	0.0482	b
HAPB_chr05	152000001	152250000	11560	42374	0.0271	0.0861	b
HAPB_chr05	152250001	152500000	9840	37169	0.0231	0.0755	b
HAPB_chr05	152500001	152750000	10171	30194	0.0239	0.0613	b
HAPB_chr05	152750001	153000000	11474	33108	0.0269	0.0672	b
HAPB_chr05	153000001	153250000	11569	31477	0.0272	0.0639	b
HAPB_chr05	153250001	153500000	11975	18660	0.0281	0.0379	ambiguous
HAPB_chr05	153500001	153750000	7816	33906	0.0183	0.0689	b
HAPB_chr05	153750001	154000000	10684	39425	0.0251	0.0801	b
HAPB_chr05	154000001	154250000	9626	37898	0.0226	0.0770	b
HAPB_chr05	154250001	154500000	9559	32519	0.0224	0.0660	b
HAPB_chr05	154500001	154750000	9182	32883	0.0216	0.0668	b
HAPB_chr05	154750001	155000000	11709	29409	0.0275	0.0597	b
HAPB_chr05	155000001	155250000	11045	23943	0.0259	0.0486	ambiguous
HAPB_chr05	155250001	155500000	5770	26000	0.0135	0.0528	b
HAPB_chr05	155500001	155750000	8319	21914	0.0195	0.0445	b
HAPB_chr05	155750001	156000000	8640	30784	0.0203	0.0625	b
HAPB_chr05	156000001	156250000	13073	29327	0.0307	0.0596	ambiguous
HAPB_chr05	156250001	156500000	13133	37047	0.0308	0.0752	b
HAPB_chr05	156500001	156750000	15185	29728	0.0356	0.0604	ambiguous
HAPB_chr05	156750001	157000000	10257	36127	0.0241	0.0734	b
HAPB_chr05	157000001	157250000	10701	34469	0.0251	0.0700	b
HAPB_chr05	157250001	157500000	7907	27327	0.0186	0.0555	b
HAPB_chr05	157500001	157750000	9463	26320	0.0222	0.0535	b
HAPB_chr05	157750001	158000000	5058	39895	0.0119	0.0810	b
HAPB_chr05	158000001	158250000	8614	29745	0.0202	0.0604	b
HAPB_chr05	158250001	158500000	8354	33695	0.0196	0.0684	b
HAPB_chr05	158500001	158750000	9154	35855	0.0215	0.0728	b
HAPB_chr05	158750001	159000000	15015	22349	0.0352	0.0454	ambiguous
HAPB_chr05	159000001	159250000	13842	31591	0.0325	0.0642	ambiguous
HAPB_chr05	159250001	159500000	10660	23820	0.0250	0.0484	ambiguous
HAPB_chr05	159500001	159750000	11206	33461	0.0263	0.0680	b
HAPB_chr05	159750001	160000000	8842	39048	0.0208	0.0793	b
HAPB_chr05	160000001	160250000	10691	30490	0.0251	0.0619	b
HAPB_chr05	160250001	160500000	7827	28847	0.0184	0.0586	b
HAPB_chr05	160500001	160750000	9606	30682	0.0225	0.0623	b
HAPB_chr05	160750001	161000000	12329	29050	0.0289	0.0590	b
HAPB_chr05	161000001	161250000	9323	37741	0.0219	0.0767	b
HAPB_chr05	161250001	161500000	8045	31936	0.0189	0.0649	b
HAPB_chr05	161500001	161750000	13854	31475	0.0325	0.0639	ambiguous
HAPB_chr05	161750001	162000000	10240	25808	0.0240	0.0524	b
HAPB_chr05	162000001	162250000	9187	36126	0.0216	0.0734	b
HAPB_chr05	162250001	162500000	8354	24226	0.0196	0.0492	b
HAPB_chr05	162500001	162750000	7631	30767	0.0179	0.0625	b
HAPB_chr05	162750001	163000000	3366	23873	0.0079	0.0485	b
HAPB_chr05	163000001	163250000	9471	38679	0.0222	0.0786	b
HAPB_chr05	163250001	163500000	6967	35108	0.0164	0.0713	b
HAPB_chr05	163500001	163750000	10536	35562	0.0247	0.0722	b
HAPB_chr05	163750001	164000000	7464	35583	0.0175	0.0723	b
HAPB_chr05	164000001	164250000	10863	32354	0.0255	0.0657	b
HAPB_chr05	164250001	164500000	8242	19786	0.0193	0.0402	b
HAPB_chr05	164500001	164750000	8482	22089	0.0199	0.0449	b
HAPB_chr05	164750001	165000000	8841	25790	0.0208	0.0524	b
HAPB_chr05	165000001	165250000	13301	24393	0.0312	0.0495	ambiguous
HAPB_chr05	165250001	165500000	3511	1631	0.0082	0.0033	a
HAPB_chr05	165500001	165750000	8265	29149	0.0194	0.0592	b
HAPB_chr05	165750001	166000000	11302	26448	0.0265	0.0537	b
HAPB_chr05	166000001	166250000	13552	28394	0.0318	0.0577	ambiguous
HAPB_chr05	166250001	166500000	12192	34691	0.0286	0.0705	b
HAPB_chr05	166500001	166750000	9191	35966	0.0216	0.0730	b
HAPB_chr05	166750001	167000000	8221	21501	0.0193	0.0437	b
HAPB_chr05	167000001	167250000	63	967	0.0001	0.0020	b
HAPB_chr05	167250001	167500000	3214	10597	0.0075	0.0215	b
HAPB_chr05	167500001	167750000	7884	32789	0.0185	0.0666	b
HAPB_chr05	167750001	168000000	7871	27511	0.0185	0.0559	b
HAPB_chr05	168000001	168250000	7694	25183	0.0181	0.0511	b
HAPB_chr05	168250001	168500000	7618	40288	0.0179	0.0818	b
HAPB_chr05	168500001	168750000	10296	29269	0.0242	0.0594	b
HAPB_chr05	168750001	169000000	10285	26672	0.0241	0.0542	b
HAPB_chr05	169000001	169250000	8831	31074	0.0207	0.0631	b
HAPB_chr05	169250001	169500000	9546	33112	0.0224	0.0673	b
HAPB_chr05	169500001	169750000	8678	34515	0.0204	0.0701	b
HAPB_chr05	169750001	170000000	10236	29382	0.0240	0.0597	b
HAPB_chr05	170000001	170250000	11871	29023	0.0279	0.0589	b
HAPB_chr05	170250001	170500000	11471	38156	0.0269	0.0775	b
HAPB_chr05	170500001	170750000	14204	25298	0.0333	0.0514	ambiguous
HAPB_chr05	170750001	171000000	11169	24639	0.0262	0.0500	ambiguous
HAPB_chr05	171000001	171250000	11364	29290	0.0267	0.0595	b
HAPB_chr05	171250001	171500000	10283	27141	0.0241	0.0551	b
HAPB_chr05	171500001	171750000	9605	23674	0.0225	0.0481	b
HAPB_chr05	171750001	172000000	8933	30513	0.0210	0.0620	b
HAPB_chr05	172000001	172250000	10789	34090	0.0253	0.0692	b
HAPB_chr05	172250001	172500000	10460	30255	0.0246	0.0614	b
HAPB_chr05	172500001	172750000	10342	36823	0.0243	0.0748	b
HAPB_chr05	172750001	173000000	10007	27892	0.0235	0.0567	b
HAPB_chr05	173000001	173250000	9175	27395	0.0215	0.0556	b
HAPB_chr05	173250001	173500000	9140	32324	0.0215	0.0657	b
HAPB_chr05	173500001	173750000	8582	34419	0.0201	0.0699	b
HAPB_chr05	173750001	174000000	10382	27599	0.0244	0.0561	b
HAPB_chr05	174000001	174250000	7611	36181	0.0179	0.0735	b
HAPB_chr05	174250001	174500000	7986	31605	0.0187	0.0642	b
HAPB_chr05	174500001	174750000	8357	38873	0.0196	0.0790	b
HAPB_chr05	174750001	175000000	11988	36904	0.0281	0.0750	b
HAPB_chr05	175000001	175250000	10044	34444	0.0236	0.0700	b
HAPB_chr05	175250001	175500000	11129	36882	0.0261	0.0749	b
HAPB_chr05	175500001	175750000	8495	40328	0.0199	0.0819	b
HAPB_chr05	175750001	176000000	8638	28290	0.0203	0.0575	b
HAPB_chr05	176000001	176250000	8919	20755	0.0209	0.0422	b
HAPB_chr05	176250001	176500000	7224	29793	0.0170	0.0605	b
HAPB_chr05	176500001	176750000	12041	35488	0.0283	0.0721	b
HAPB_chr05	176750001	177000000	15709	30387	0.0369	0.0617	ambiguous
HAPB_chr05	177000001	177250000	7652	36802	0.0180	0.0747	b
HAPB_chr05	177250001	177500000	8260	29916	0.0194	0.0608	b
HAPB_chr05	177500001	177750000	6969	40312	0.0164	0.0819	b
HAPB_chr05	177750001	178000000	8531	32310	0.0200	0.0656	b
HAPB_chr05	178000001	178250000	5761	33983	0.0135	0.0690	b
HAPB_chr05	178250001	178500000	7484	28332	0.0176	0.0575	b
HAPB_chr05	178500001	178750000	5747	40350	0.0135	0.0820	b
HAPB_chr05	178750001	179000000	7863	31191	0.0185	0.0634	b
HAPB_chr05	179000001	179250000	7850	25359	0.0184	0.0515	b
HAPB_chr05	179250001	179500000	9435	18663	0.0221	0.0379	ambiguous
HAPB_chr05	179500001	179750000	8029	40107	0.0188	0.0815	b
HAPB_chr05	179750001	180000000	12704	27863	0.0298	0.0566	ambiguous
HAPB_chr05	180000001	180250000	7779	36282	0.0183	0.0737	b
HAPB_chr05	180250001	180500000	9232	36625	0.0217	0.0744	b
HAPB_chr05	180500001	180750000	9434	32420	0.0221	0.0658	b
HAPB_chr05	180750001	181000000	6661	35017	0.0156	0.0711	b
HAPB_chr05	181000001	181250000	10387	35803	0.0244	0.0727	b
HAPB_chr05	181250001	181500000	9452	29492	0.0222	0.0599	b
HAPB_chr05	181500001	181750000	9457	29126	0.0222	0.0592	b
HAPB_chr05	181750001	182000000	7635	34808	0.0179	0.0707	b
HAPB_chr05	182000001	182250000	7416	26293	0.0174	0.0534	b
HAPB_chr05	182250001	182500000	8504	33359	0.0200	0.0678	b
HAPB_chr05	182500001	182750000	9815	33789	0.0230	0.0686	b
HAPB_chr05	182750001	183000000	9613	32731	0.0226	0.0665	b
HAPB_chr05	183000001	183250000	11097	34621	0.0261	0.0703	b
HAPB_chr05	183250001	183500000	9675	30055	0.0227	0.0610	b
HAPB_chr05	183500001	183750000	8369	38639	0.0196	0.0785	b
HAPB_chr05	183750001	184000000	10051	33409	0.0236	0.0679	b
HAPB_chr05	184000001	184250000	10255	34149	0.0241	0.0694	b
HAPB_chr05	184250001	184500000	9352	27518	0.0220	0.0559	b
HAPB_chr05	184500001	184750000	9105	33888	0.0214	0.0688	b
HAPB_chr05	184750001	185000000	8630	33700	0.0203	0.0684	b
HAPB_chr05	185000001	185250000	6788	32083	0.0159	0.0652	b
HAPB_chr05	185250001	185500000	10552	33205	0.0248	0.0674	b
HAPB_chr05	185500001	185750000	6793	25950	0.0159	0.0527	b
HAPB_chr05	185750001	186000000	7821	30759	0.0184	0.0625	b
HAPB_chr05	186000001	186250000	7618	36533	0.0179	0.0742	b
HAPB_chr05	186250001	186500000	8079	27920	0.0190	0.0567	b
HAPB_chr05	186500001	186750000	10041	28225	0.0236	0.0573	b
HAPB_chr05	186750001	187000000	11301	28464	0.0265	0.0578	b
HAPB_chr05	187000001	187250000	13495	31955	0.0317	0.0649	b
HAPB_chr05	187250001	187500000	8675	27031	0.0204	0.0549	b
HAPB_chr05	187500001	187750000	8754	29824	0.0205	0.0606	b
HAPB_chr05	187750001	188000000	5344	19380	0.0125	0.0394	b
HAPB_chr05	188000001	188250000	6444	33807	0.0151	0.0687	b
HAPB_chr05	188250001	188500000	10304	30717	0.0242	0.0624	b
HAPB_chr05	188500001	188750000	7970	27333	0.0187	0.0555	b
HAPB_chr05	188750001	189000000	9432	31415	0.0221	0.0638	b
HAPB_chr05	189000001	189250000	9333	27551	0.0219	0.0560	b
HAPB_chr05	189250001	189500000	9882	27873	0.0232	0.0566	b
HAPB_chr05	189500001	189750000	13460	24070	0.0316	0.0489	ambiguous
HAPB_chr05	189750001	190000000	12067	28065	0.0283	0.0570	b
HAPB_chr05	190000001	190250000	8264	35961	0.0194	0.0730	b
HAPB_chr05	190250001	190500000	10418	34082	0.0245	0.0692	b
HAPB_chr05	190500001	190750000	10680	35647	0.0251	0.0724	b
HAPB_chr05	190750001	191000000	8178	29185	0.0192	0.0593	b
HAPB_chr05	191000001	191250000	5531	25726	0.0130	0.0523	b
HAPB_chr05	191250001	191500000	9983	25802	0.0234	0.0524	b
HAPB_chr05	191500001	191750000	9509	32216	0.0223	0.0654	b
HAPB_chr05	191750001	192000000	10732	28838	0.0252	0.0586	b
HAPB_chr05	192000001	192250000	10817	30013	0.0254	0.0610	b
HAPB_chr05	192250001	192500000	8554	31760	0.0201	0.0645	b
HAPB_chr05	192500001	192750000	8688	26234	0.0204	0.0533	b
HAPB_chr05	192750001	193000000	9048	34701	0.0212	0.0705	b
HAPB_chr05	193000001	193250000	9737	36248	0.0229	0.0736	b
HAPB_chr05	193250001	193500000	11289	30564	0.0265	0.0621	b
HAPB_chr05	193500001	193750000	12943	35525	0.0304	0.0722	b
HAPB_chr05	193750001	194000000	7773	31469	0.0182	0.0639	b
HAPB_chr05	194000001	194250000	14604	34631	0.0343	0.0703	b
HAPB_chr05	194250001	194500000	8794	36452	0.0206	0.0740	b
HAPB_chr05	194500001	194750000	8829	40251	0.0207	0.0818	b
HAPB_chr05	194750001	195000000	12304	31758	0.0289	0.0645	b
HAPB_chr05	195000001	195250000	8082	28846	0.0190	0.0586	b
HAPB_chr05	195250001	195500000	9600	34759	0.0225	0.0706	b
HAPB_chr05	195500001	195750000	6260	33424	0.0147	0.0679	b
HAPB_chr05	195750001	196000000	10378	32884	0.0244	0.0668	b
HAPB_chr05	196000001	196250000	7836	34577	0.0184	0.0702	b
HAPB_chr05	196250001	196500000	8530	28626	0.0200	0.0581	b
HAPB_chr05	196500001	196750000	7203	29489	0.0169	0.0599	b
HAPB_chr05	196750001	197000000	9771	27266	0.0229	0.0554	b
HAPB_chr05	197000001	197250000	3523	9702	0.0083	0.0197	b
HAPB_chr05	197250001	197500000	11174	27491	0.0262	0.0558	b
HAPB_chr05	197500001	197750000	9180	22106	0.0215	0.0449	b
HAPB_chr05	197750001	198000000	9469	31945	0.0222	0.0649	b
HAPB_chr05	198000001	198250000	10446	28341	0.0245	0.0576	b
HAPB_chr05	198250001	198500000	8266	35848	0.0194	0.0728	b
HAPB_chr05	198500001	198750000	10739	27201	0.0252	0.0552	b
HAPB_chr05	198750001	199000000	5827	33283	0.0137	0.0676	b
HAPB_chr05	199000001	199250000	9309	25389	0.0219	0.0516	b
HAPB_chr05	199250001	199500000	6442	32566	0.0151	0.0661	b
HAPB_chr05	199500001	199750000	8002	24893	0.0188	0.0506	b
HAPB_chr05	199750001	200000000	14448	35423	0.0339	0.0719	b
HAPB_chr05	200000001	200250000	7676	28535	0.0180	0.0580	b
HAPB_chr05	200250001	200500000	11417	31335	0.0268	0.0636	b
HAPB_chr05	200500001	200750000	12268	24756	0.0288	0.0503	ambiguous
HAPB_chr05	200750001	201000000	10106	27982	0.0237	0.0568	b
HAPB_chr05	201000001	201250000	9724	25227	0.0228	0.0512	b
HAPB_chr05	201250001	201500000	9992	36904	0.0235	0.0750	b
HAPB_chr05	201500001	201750000	12923	32642	0.0303	0.0663	b
HAPB_chr05	201750001	202000000	10904	30530	0.0256	0.0620	b
HAPB_chr05	202000001	202250000	11246	25756	0.0264	0.0523	ambiguous
HAPB_chr05	202250001	202500000	11799	30933	0.0277	0.0628	b
HAPB_chr05	202500001	202750000	7211	28734	0.0169	0.0584	b
HAPB_chr05	202750001	203000000	8543	33331	0.0201	0.0677	b
HAPB_chr05	203000001	203250000	11674	33455	0.0274	0.0679	b
HAPB_chr05	203250001	203500000	12139	28561	0.0285	0.0580	b
HAPB_chr05	203500001	203750000	8187	32218	0.0192	0.0654	b
HAPB_chr05	203750001	204000000	10779	33105	0.0253	0.0672	b
HAPB_chr05	204000001	204250000	10503	29109	0.0247	0.0591	b
HAPB_chr05	204250001	204500000	8703	32493	0.0204	0.0660	b
HAPB_chr05	204500001	204750000	7738	36037	0.0182	0.0732	b
HAPB_chr05	204750001	205000000	10840	27415	0.0254	0.0557	b
HAPB_chr05	205000001	205250000	12015	33935	0.0282	0.0689	b
HAPB_chr05	205250001	205500000	8663	18243	0.0203	0.0371	ambiguous
HAPB_chr05	205500001	205750000	4088	19891	0.0096	0.0404	b
HAPB_chr05	205750001	206000000	8998	35165	0.0211	0.0714	b
HAPB_chr05	206000001	206250000	4902	31664	0.0115	0.0643	b
HAPB_chr05	206250001	206500000	8658	35315	0.0203	0.0717	b
HAPB_chr05	206500001	206750000	8639	31945	0.0203	0.0649	b
HAPB_chr05	206750001	207000000	13318	27755	0.0313	0.0564	ambiguous
HAPB_chr05	207000001	207250000	11877	28263	0.0279	0.0574	b
HAPB_chr05	207250001	207500000	8789	33170	0.0206	0.0674	b
HAPB_chr05	207500001	207750000	17092	31287	0.0401	0.0635	ambiguous
HAPB_chr05	207750001	208000000	8385	30431	0.0197	0.0618	b
HAPB_chr05	208000001	208250000	9691	28138	0.0227	0.0571	b
HAPB_chr05	208250001	208500000	12026	22698	0.0282	0.0461	ambiguous
HAPB_chr05	208500001	208750000	16076	29916	0.0377	0.0608	ambiguous
HAPB_chr05	208750001	209000000	14323	27419	0.0336	0.0557	ambiguous
HAPB_chr05	209000001	209250000	9245	30713	0.0217	0.0624	b
HAPB_chr05	209250001	209500000	5386	14518	0.0126	0.0295	b
HAPB_chr05	209500001	209750000	9020	34011	0.0212	0.0691	b
HAPB_chr05	209750001	210000000	9126	29682	0.0214	0.0603	b
HAPB_chr05	210000001	210250000	11628	36128	0.0273	0.0734	b
HAPB_chr05	210250001	210500000	7654	32487	0.0180	0.0660	b
HAPB_chr05	210500001	210750000	15909	27807	0.0373	0.0565	ambiguous
HAPB_chr05	210750001	211000000	11486	27521	0.0270	0.0559	b
HAPB_chr05	211000001	211250000	12252	40317	0.0288	0.0819	b
HAPB_chr05	211250001	211500000	11938	34996	0.0280	0.0711	b
HAPB_chr05	211500001	211750000	17458	37302	0.0410	0.0758	ambiguous
HAPB_chr05	211750001	212000000	10494	12400	0.0246	0.0252	ambiguous
HAPB_chr05	212000001	212250000	12082	29685	0.0284	0.0603	b
HAPB_chr05	212250001	212500000	11896	30237	0.0279	0.0614	b
HAPB_chr05	212500001	212750000	14252	26330	0.0335	0.0535	ambiguous
HAPB_chr05	212750001	213000000	15599	31207	0.0366	0.0634	ambiguous
HAPB_chr05	213000001	213250000	8355	29539	0.0196	0.0600	b
HAPB_chr05	213250001	213500000	10142	30060	0.0238	0.0611	b
HAPB_chr05	213500001	213750000	9778	30121	0.0230	0.0612	b
HAPB_chr05	213750001	214000000	10820	36473	0.0254	0.0741	b
HAPB_chr05	214000001	214250000	8873	27003	0.0208	0.0548	b
HAPB_chr05	214250001	214500000	11998	29366	0.0282	0.0596	b
HAPB_chr05	214500001	214750000	12724	34748	0.0299	0.0706	b
HAPB_chr05	214750001	215000000	10108	34635	0.0237	0.0703	b
HAPB_chr05	215000001	215250000	13052	37621	0.0306	0.0764	b
HAPB_chr05	215250001	215500000	10422	39215	0.0245	0.0796	b
HAPB_chr05	215500001	215750000	8392	27986	0.0197	0.0568	b
HAPB_chr05	215750001	216000000	11453	27478	0.0269	0.0558	b
HAPB_chr05	216000001	216250000	12336	34246	0.0290	0.0696	b
HAPB_chr05	216250001	216500000	11100	34032	0.0261	0.0691	b
HAPB_chr05	216500001	216750000	11467	40638	0.0269	0.0825	b
HAPB_chr05	216750001	217000000	11367	25296	0.0267	0.0514	ambiguous
HAPB_chr05	217000001	217250000	11689	39613	0.0274	0.0805	b
HAPB_chr05	217250001	217500000	11583	37005	0.0272	0.0752	b
HAPB_chr05	217500001	217750000	11430	39417	0.0268	0.0801	b
HAPB_chr05	217750001	218000000	10225	35686	0.0240	0.0725	b
HAPB_chr05	218000001	218250000	10149	34123	0.0238	0.0693	b
HAPB_chr05	218250001	218500000	11016	28818	0.0259	0.0585	b
HAPB_chr05	218500001	218750000	14544	31980	0.0341	0.0650	ambiguous
HAPB_chr05	218750001	219000000	8631	36234	0.0203	0.0736	b
HAPB_chr05	219000001	219250000	10370	25133	0.0243	0.0510	b
HAPB_chr05	219250001	219500000	8869	34717	0.0208	0.0705	b
HAPB_chr05	219500001	219750000	9578	37322	0.0225	0.0758	b
HAPB_chr05	219750001	220000000	8356	37640	0.0196	0.0764	b
HAPB_chr05	220000001	220250000	9796	27653	0.0230	0.0562	b
HAPB_chr05	220250001	220500000	7644	37012	0.0179	0.0752	b
HAPB_chr05	220500001	220750000	9451	37680	0.0222	0.0765	b
HAPB_chr05	220750001	221000000	7739	30009	0.0182	0.0609	b
HAPB_chr05	221000001	221250000	9661	37127	0.0227	0.0754	b
HAPB_chr05	221250001	221500000	11130	30641	0.0261	0.0622	b
HAPB_chr05	221500001	221750000	9061	37016	0.0213	0.0752	b
HAPB_chr05	221750001	222000000	7692	29879	0.0181	0.0607	b
HAPB_chr05	222000001	222250000	9364	39582	0.0220	0.0804	b
HAPB_chr05	222250001	222500000	10541	27879	0.0247	0.0566	b
HAPB_chr05	222500001	222750000	7509	28744	0.0176	0.0584	b
HAPB_chr05	222750001	223000000	8853	31150	0.0208	0.0633	b
HAPB_chr05	223000001	223250000	8700	32554	0.0204	0.0661	b
HAPB_chr05	223250001	223500000	12841	26795	0.0301	0.0544	ambiguous
HAPB_chr05	223500001	223750000	5923	13773	0.0139	0.0280	b
HAPB_chr05	223750001	224000000	10071	26725	0.0236	0.0543	b
HAPB_chr05	224000001	224250000	7693	28406	0.0181	0.0577	b
HAPB_chr05	224250001	224500000	8002	13901	0.0188	0.0282	ambiguous
HAPB_chr05	224500001	224750000	7706	20628	0.0181	0.0419	b
HAPB_chr05	224750001	225000000	4542	18535	0.0107	0.0376	b
HAPB_chr05	225000001	225250000	3589	9627	0.0084	0.0196	b
HAPB_chr05	225250001	225500000	4255	15519	0.0100	0.0315	b
HAPB_chr05	225500001	225750000	7838	11953	0.0184	0.0243	ambiguous
HAPB_chr05	225750001	226000000	4992	5956	0.0117	0.0121	ambiguous
HAPB_chr05	226000001	226250000	2866	2033	0.0067	0.0041	ambiguous
HAPB_chr05	226250001	226500000	3488	6162	0.0082	0.0125	ambiguous
HAPB_chr05	226500001	226750000	3956	3719	0.0093	0.0076	ambiguous
HAPB_chr05	226750001	227000000	7044	3175	0.0165	0.0064	a
HAPB_chr05	227000001	227250000	3606	4774	0.0085	0.0097	ambiguous
HAPB_chr05	227250001	227500000	3562	3557	0.0084	0.0072	ambiguous
HAPB_chr05	227500001	227750000	3237	3272	0.0076	0.0066	ambiguous
HAPB_chr05	227750001	228000000	3272	1901	0.0077	0.0039	ambiguous
HAPB_chr05	228000001	228250000	3236	5375	0.0076	0.0109	ambiguous
HAPB_chr05	228250001	228500000	3114	2881	0.0073	0.0059	ambiguous
HAPB_chr05	228500001	228750000	3558	7492	0.0084	0.0152	ambiguous
HAPB_chr05	228750001	229000000	4166	6185	0.0098	0.0126	ambiguous
HAPB_chr05	229000001	229250000	3538	7229	0.0083	0.0147	ambiguous
HAPB_chr05	229250001	229500000	4091	8700	0.0096	0.0177	ambiguous
HAPB_chr05	229500001	229750000	4153	11999	0.0097	0.0244	b
HAPB_chr05	229750001	230000000	7640	16113	0.0179	0.0327	ambiguous
HAPB_chr05	230000001	230250000	8252	27078	0.0194	0.0550	b
HAPB_chr05	230250001	230500000	9022	22023	0.0212	0.0447	b
HAPB_chr05	230500001	230750000	11949	26483	0.0281	0.0538	ambiguous
HAPB_chr05	230750001	231000000	11703	32260	0.0275	0.0655	b
HAPB_chr05	231000001	231250000	9286	38465	0.0218	0.0781	b
HAPB_chr05	231250001	231500000	10509	25151	0.0247	0.0511	b
HAPB_chr05	231500001	231750000	8151	31508	0.0191	0.0640	b
HAPB_chr05	231750001	232000000	8348	24120	0.0196	0.0490	b
HAPB_chr05	232000001	232250000	11231	27761	0.0264	0.0564	b
HAPB_chr05	232250001	232500000	11055	36879	0.0260	0.0749	b
HAPB_chr05	232500001	232750000	11310	31421	0.0266	0.0638	b
HAPB_chr05	232750001	233000000	11571	25415	0.0272	0.0516	ambiguous
HAPB_chr05	233000001	233250000	12701	27605	0.0298	0.0561	ambiguous
HAPB_chr05	233250001	233500000	15214	33321	0.0357	0.0677	ambiguous
HAPB_chr05	233500001	233750000	8941	36942	0.0210	0.0750	b
HAPB_chr05	233750001	234000000	7434	31243	0.0175	0.0635	b
HAPB_chr05	234000001	234250000	9345	40580	0.0219	0.0824	b
HAPB_chr05	234250001	234500000	13362	33490	0.0314	0.0680	b
HAPB_chr05	234500001	234750000	9832	33631	0.0231	0.0683	b
HAPB_chr05	234750001	235000000	8762	27921	0.0206	0.0567	b
HAPB_chr05	235000001	235250000	9133	24732	0.0214	0.0502	b
HAPB_chr05	235250001	235500000	9457	26244	0.0222	0.0533	b
HAPB_chr05	235500001	235750000	11208	36571	0.0263	0.0743	b
HAPB_chr05	235750001	236000000	7415	31482	0.0174	0.0639	b
HAPB_chr05	236000001	236250000	9790	34721	0.0230	0.0705	b
HAPB_chr05	236250001	236500000	9741	38878	0.0229	0.0790	b
HAPB_chr05	236500001	236750000	9971	37921	0.0234	0.0770	b
HAPB_chr05	236750001	237000000	12811	27847	0.0301	0.0566	ambiguous
HAPB_chr05	237000001	237250000	10586	27168	0.0249	0.0552	b
HAPB_chr05	237250001	237500000	11100	30033	0.0261	0.0610	b
HAPB_chr05	237500001	237750000	12075	40442	0.0283	0.0821	b
HAPB_chr05	237750001	238000000	8090	26684	0.0190	0.0542	b
HAPB_chr05	238000001	238250000	9652	27876	0.0227	0.0566	b
HAPB_chr05	238250001	238500000	8178	33484	0.0192	0.0680	b
HAPB_chr05	238500001	238750000	8051	26939	0.0189	0.0547	b
HAPB_chr05	238750001	239000000	10095	37388	0.0237	0.0759	b
HAPB_chr05	239000001	239250000	7001	26722	0.0164	0.0543	b
HAPB_chr05	239250001	239500000	9803	26179	0.0230	0.0532	b
HAPB_chr05	239500001	239750000	7453	27663	0.0175	0.0562	b
HAPB_chr05	239750001	240000000	8085	38518	0.0190	0.0782	b
HAPB_chr05	240000001	240250000	12011	24461	0.0282	0.0497	ambiguous
HAPB_chr05	240250001	240500000	10380	42202	0.0244	0.0857	b
HAPB_chr05	240500001	240750000	12314	24930	0.0289	0.0506	ambiguous
HAPB_chr05	240750001	241000000	7386	34741	0.0173	0.0706	b
HAPB_chr05	241000001	241250000	12772	34046	0.0300	0.0691	b
HAPB_chr05	241250001	241500000	11324	36473	0.0266	0.0741	b
HAPB_chr05	241500001	241750000	8373	31161	0.0197	0.0633	b
HAPB_chr05	241750001	242000000	8565	35293	0.0201	0.0717	b
HAPB_chr05	242000001	242250000	11017	29855	0.0259	0.0606	b
HAPB_chr05	242250001	242500000	10219	33306	0.0240	0.0676	b
HAPB_chr05	242500001	242750000	9334	33738	0.0219	0.0685	b
HAPB_chr05	242750001	243000000	8906	29541	0.0209	0.0600	b
HAPB_chr05	243000001	243250000	11460	46132	0.0269	0.0937	b
HAPB_chr05	243250001	243500000	10030	26781	0.0235	0.0544	b
HAPB_chr05	243500001	243750000	11114	30827	0.0261	0.0626	b
HAPB_chr05	243750001	244000000	9577	30114	0.0225	0.0612	b
HAPB_chr05	244000001	244250000	10583	32478	0.0248	0.0660	b
HAPB_chr05	244250001	244500000	10747	33881	0.0252	0.0688	b
HAPB_chr05	244500001	244750000	7193	39110	0.0169	0.0794	b
HAPB_chr05	244750001	245000000	10549	28301	0.0248	0.0575	b
HAPB_chr05	245000001	245250000	12175	30550	0.0286	0.0620	b
HAPB_chr05	245250001	245500000	9436	28322	0.0222	0.0575	b
HAPB_chr05	245500001	245750000	10712	27434	0.0251	0.0557	b
HAPB_chr05	245750001	246000000	10417	29765	0.0245	0.0605	b
HAPB_chr05	246000001	246250000	8478	35679	0.0199	0.0725	b
HAPB_chr05	246250001	246500000	11364	31080	0.0267	0.0631	b
HAPB_chr05	246500001	246750000	10092	21446	0.0237	0.0436	ambiguous
HAPB_chr05	246750001	247000000	10620	39644	0.0249	0.0805	b
HAPB_chr05	247000001	247250000	9788	33170	0.0230	0.0674	b
HAPB_chr05	247250001	247500000	9148	30500	0.0215	0.0619	b
HAPB_chr05	247500001	247750000	11630	30204	0.0273	0.0613	b
HAPB_chr05	247750001	248000000	10199	35598	0.0239	0.0723	b
HAPB_chr05	248000001	248250000	10150	33470	0.0238	0.0680	b
HAPB_chr05	248250001	248500000	11512	22669	0.0270	0.0460	ambiguous
HAPB_chr05	248500001	248750000	12633	34403	0.0297	0.0699	b
HAPB_chr05	248750001	249000000	12693	36301	0.0298	0.0737	b
HAPB_chr05	249000001	249250000	11054	27855	0.0259	0.0566	b
HAPB_chr05	249250001	249500000	7970	36587	0.0187	0.0743	b
HAPB_chr05	249500001	249750000	8826	27692	0.0207	0.0562	b
HAPB_chr05	249750001	250000000	14398	25078	0.0338	0.0509	ambiguous
HAPB_chr05	250000001	250250000	9496	35730	0.0223	0.0726	b
HAPB_chr05	250250001	250500000	9975	35106	0.0234	0.0713	b
HAPB_chr05	250500001	250750000	10391	33796	0.0244	0.0686	b
HAPB_chr05	250750001	251000000	9298	33973	0.0218	0.0690	b
HAPB_chr05	251000001	251250000	10074	27384	0.0236	0.0556	b
HAPB_chr05	251250001	251500000	11512	30239	0.0270	0.0614	b
HAPB_chr05	251500001	251750000	12243	34451	0.0287	0.0700	b
HAPB_chr05	251750001	252000000	7981	16624	0.0187	0.0338	ambiguous
HAPB_chr05	252000001	252250000	11713	28627	0.0275	0.0581	b
HAPB_chr05	252250001	252500000	10207	30742	0.0240	0.0624	b
HAPB_chr05	252500001	252750000	10281	27340	0.0241	0.0555	b
HAPB_chr05	252750001	253000000	12273	37482	0.0288	0.0761	b
HAPB_chr05	253000001	253250000	11213	28888	0.0263	0.0587	b
HAPB_chr05	253250001	253500000	9616	35852	0.0226	0.0728	b
HAPB_chr05	253500001	253750000	10339	21996	0.0243	0.0447	ambiguous
HAPB_chr05	253750001	254000000	10072	28335	0.0236	0.0575	b
HAPB_chr05	254000001	254250000	11262	35070	0.0264	0.0712	b
HAPB_chr05	254250001	254500000	9299	31619	0.0218	0.0642	b
HAPB_chr05	254500001	254750000	11883	26096	0.0279	0.0530	ambiguous
HAPB_chr05	254750001	255000000	9160	30193	0.0215	0.0613	b
HAPB_chr05	255000001	255250000	10347	30330	0.0243	0.0616	b
HAPB_chr05	255250001	255500000	12797	23625	0.0300	0.0480	ambiguous
HAPB_chr05	255500001	255750000	8305	38711	0.0195	0.0786	b
HAPB_chr05	255750001	256000000	10666	20453	0.0250	0.0415	ambiguous
HAPB_chr05	256000001	256250000	13982	35735	0.0328	0.0726	b
HAPB_chr05	256250001	256500000	10800	29614	0.0254	0.0601	b
HAPB_chr05	256500001	256750000	6771	41430	0.0159	0.0841	b
HAPB_chr05	256750001	257000000	10918	34066	0.0256	0.0692	b
HAPB_chr05	257000001	257250000	11783	28103	0.0277	0.0571	b
HAPB_chr05	257250001	257500000	10912	26335	0.0256	0.0535	b
HAPB_chr05	257500001	257750000	11097	29167	0.0261	0.0592	b
HAPB_chr05	257750001	258000000	9449	38394	0.0222	0.0780	b
HAPB_chr05	258000001	258250000	10317	35631	0.0242	0.0724	b
HAPB_chr05	258250001	258500000	9174	39156	0.0215	0.0795	b
HAPB_chr05	258500001	258750000	7903	39415	0.0186	0.0801	b
HAPB_chr05	258750001	259000000	6601	32174	0.0155	0.0653	b
HAPB_chr05	259000001	259250000	9171	47596	0.0215	0.0967	b
HAPB_chr05	259250001	259500000	7424	36366	0.0174	0.0739	b
HAPB_chr05	259500001	259750000	8878	31454	0.0208	0.0639	b
HAPB_chr05	259750001	260000000	6259	29066	0.0147	0.0590	b
HAPB_chr05	260000001	260250000	7984	30528	0.0187	0.0620	b
HAPB_chr05	260250001	260500000	12123	34227	0.0285	0.0695	b
HAPB_chr05	260500001	260750000	12313	29692	0.0289	0.0603	b
HAPB_chr05	260750001	261000000	7571	35036	0.0178	0.0712	b
HAPB_chr05	261000001	261250000	10664	35909	0.0250	0.0729	b
HAPB_chr05	261250001	261500000	8480	36619	0.0199	0.0744	b
HAPB_chr05	261500001	261750000	10329	34414	0.0242	0.0699	b
HAPB_chr05	261750001	262000000	10471	26556	0.0246	0.0539	b
HAPB_chr05	262000001	262250000	12602	26092	0.0296	0.0530	ambiguous
HAPB_chr05	262250001	262500000	11457	38481	0.0269	0.0782	b
HAPB_chr05	262500001	262750000	8861	30322	0.0208	0.0616	b
HAPB_chr05	262750001	263000000	7624	34235	0.0179	0.0695	b
HAPB_chr05	263000001	263250000	10395	31444	0.0244	0.0639	b
HAPB_chr05	263250001	263500000	9007	43484	0.0211	0.0883	b
HAPB_chr05	263500001	263750000	8958	38645	0.0210	0.0785	b
HAPB_chr05	263750001	264000000	7210	37287	0.0169	0.0757	b
HAPB_chr05	264000001	264250000	13263	24901	0.0311	0.0506	ambiguous
HAPB_chr05	264250001	264500000	13836	33914	0.0325	0.0689	b
HAPB_chr05	264500001	264750000	13393	27009	0.0314	0.0549	ambiguous
HAPB_chr05	264750001	265000000	8539	32575	0.0200	0.0662	b
HAPB_chr05	265000001	265250000	10732	32708	0.0252	0.0664	b
HAPB_chr05	265250001	265500000	7694	32496	0.0181	0.0660	b
HAPB_chr05	265500001	265750000	13695	28261	0.0321	0.0574	ambiguous
HAPB_chr05	265750001	266000000	9534	34429	0.0224	0.0699	b
HAPB_chr05	266000001	266250000	13890	32043	0.0326	0.0651	ambiguous
HAPB_chr05	266250001	266500000	15924	25988	0.0374	0.0528	ambiguous
HAPB_chr05	266500001	266750000	8491	31736	0.0199	0.0645	b
HAPB_chr05	266750001	267000000	13628	27821	0.0320	0.0565	ambiguous
HAPB_chr05	267000001	267250000	9856	38722	0.0231	0.0786	b
HAPB_chr05	267250001	267500000	11116	29780	0.0261	0.0605	b
HAPB_chr05	267500001	267750000	12126	26728	0.0285	0.0543	ambiguous
HAPB_chr05	267750001	268000000	14945	22297	0.0351	0.0453	ambiguous
HAPB_chr05	268000001	268250000	22944	22211	0.0539	0.0451	ambiguous
HAPB_chr05	268250001	268500000	10617	29531	0.0249	0.0600	b
HAPB_chr05	268500001	268750000	11611	28113	0.0273	0.0571	b
HAPB_chr05	268750001	269000000	13269	31024	0.0311	0.0630	b
HAPB_chr05	269000001	269250000	11206	32668	0.0263	0.0664	b
HAPB_chr05	269250001	269500000	10576	26478	0.0248	0.0538	b
HAPB_chr05	269500001	269750000	7350	29151	0.0173	0.0592	b
HAPB_chr05	269750001	270000000	13488	24756	0.0317	0.0503	ambiguous
HAPB_chr05	270000001	270250000	10773	24344	0.0253	0.0494	ambiguous
HAPB_chr05	270250001	270500000	11368	29852	0.0267	0.0606	b
HAPB_chr05	270500001	270750000	7470	36681	0.0175	0.0745	b
HAPB_chr05	270750001	271000000	7786	34827	0.0183	0.0707	b
HAPB_chr05	271000001	271250000	11195	33773	0.0263	0.0686	b
HAPB_chr05	271250001	271500000	11667	36147	0.0274	0.0734	b
HAPB_chr05	271500001	271750000	9568	31848	0.0225	0.0647	b
HAPB_chr05	271750001	272000000	9871	24066	0.0232	0.0489	b
HAPB_chr05	272000001	272250000	9031	38258	0.0212	0.0777	b
HAPB_chr05	272250001	272500000	9935	34184	0.0233	0.0694	b
HAPB_chr05	272500001	272750000	15044	22014	0.0353	0.0447	ambiguous
HAPB_chr05	272750001	273000000	16392	23329	0.0385	0.0474	ambiguous
HAPB_chr05	273000001	273250000	15307	27900	0.0359	0.0567	ambiguous
HAPB_chr05	273250001	273500000	12713	26962	0.0298	0.0548	ambiguous
HAPB_chr05	273500001	273750000	13651	30789	0.0320	0.0625	ambiguous
HAPB_chr05	273750001	274000000	9866	31512	0.0232	0.0640	b
HAPB_chr05	274000001	274250000	20115	30972	0.0472	0.0629	ambiguous
HAPB_chr05	274250001	274500000	10780	29147	0.0253	0.0592	b
HAPB_chr05	274500001	274750000	10102	26463	0.0237	0.0537	b
HAPB_chr05	274750001	275000000	8238	28142	0.0193	0.0572	b
HAPB_chr05	275000001	275250000	8220	32061	0.0193	0.0651	b
HAPB_chr05	275250001	275500000	9566	37842	0.0225	0.0769	b
HAPB_chr05	275500001	275750000	7370	24333	0.0173	0.0494	b
HAPB_chr05	275750001	276000000	12887	25368	0.0303	0.0515	ambiguous
HAPB_chr05	276000001	276250000	13413	23897	0.0315	0.0485	ambiguous
HAPB_chr05	276250001	276500000	7530	27177	0.0177	0.0552	b
HAPB_chr05	276500001	276750000	9085	29393	0.0213	0.0597	b
HAPB_chr05	276750001	277000000	9273	38429	0.0218	0.0781	b
HAPB_chr05	277000001	277250000	14278	33658	0.0335	0.0684	b
HAPB_chr05	277250001	277500000	11088	36354	0.0260	0.0738	b
HAPB_chr05	277500001	277750000	8472	25714	0.0199	0.0522	b
HAPB_chr05	277750001	278000000	9695	30853	0.0228	0.0627	b
HAPB_chr05	278000001	278250000	13780	37377	0.0323	0.0759	b
HAPB_chr05	278250001	278500000	9189	29853	0.0216	0.0606	b
HAPB_chr05	278500001	278750000	10489	37144	0.0246	0.0754	b
HAPB_chr05	278750001	279000000	8078	24170	0.0190	0.0491	b
HAPB_chr05	279000001	279250000	7504	38613	0.0176	0.0784	b
HAPB_chr05	279250001	279500000	12489	30801	0.0293	0.0626	b
HAPB_chr05	279500001	279750000	7636	35484	0.0179	0.0721	b
HAPB_chr05	279750001	280000000	7567	33423	0.0178	0.0679	b
HAPB_chr05	280000001	280250000	9135	31198	0.0214	0.0634	b
HAPB_chr05	280250001	280500000	10457	42213	0.0245	0.0857	b
HAPB_chr05	280500001	280750000	8741	32765	0.0205	0.0665	b
HAPB_chr05	280750001	281000000	9400	36872	0.0221	0.0749	b
HAPB_chr05	281000001	281250000	11369	37089	0.0267	0.0753	b
HAPB_chr05	281250001	281500000	11319	36454	0.0266	0.0740	b
HAPB_chr05	281500001	281750000	10375	31023	0.0244	0.0630	b
HAPB_chr05	281750001	282000000	10615	35567	0.0249	0.0722	b
HAPB_chr05	282000001	282250000	12452	39615	0.0292	0.0805	b
HAPB_chr05	282250001	282500000	11360	27957	0.0267	0.0568	b
HAPB_chr05	282500001	282750000	8722	34210	0.0205	0.0695	b
HAPB_chr05	282750001	283000000	11754	29920	0.0276	0.0608	b
HAPB_chr05	283000001	283250000	11670	29920	0.0274	0.0608	b
HAPB_chr05	283250001	283500000	12252	35302	0.0288	0.0717	b
HAPB_chr05	283500001	283750000	9785	32712	0.0230	0.0664	b
HAPB_chr05	283750001	284000000	8867	40729	0.0208	0.0827	b
HAPB_chr05	284000001	284250000	10475	31355	0.0246	0.0637	b
HAPB_chr05	284250001	284500000	9740	30152	0.0229	0.0612	b
HAPB_chr05	284500001	284750000	17876	24690	0.0420	0.0501	ambiguous
HAPB_chr05	284750001	285000000	11731	19885	0.0275	0.0404	ambiguous
HAPB_chr05	285000001	285250000	19239	23363	0.0452	0.0475	ambiguous
HAPB_chr05	285250001	285500000	16863	22561	0.0396	0.0458	ambiguous
HAPB_chr05	285500001	285750000	14065	35131	0.0330	0.0714	b
HAPB_chr05	285750001	286000000	11137	23205	0.0261	0.0471	ambiguous
HAPB_chr05	286000001	286250000	13172	32754	0.0309	0.0665	b
HAPB_chr05	286250001	286500000	11060	29727	0.0260	0.0604	b
HAPB_chr05	286500001	286750000	8986	34698	0.0211	0.0705	b
HAPB_chr05	286750001	287000000	15012	33187	0.0352	0.0674	ambiguous
HAPB_chr05	287000001	287250000	13601	35744	0.0319	0.0726	b
HAPB_chr05	287250001	287500000	14184	27925	0.0333	0.0567	ambiguous
HAPB_chr05	287500001	287750000	12312	33488	0.0289	0.0680	b
HAPB_chr05	287750001	288000000	10757	39414	0.0253	0.0801	b
HAPB_chr05	288000001	288250000	12489	26285	0.0293	0.0534	ambiguous
HAPB_chr05	288250001	288500000	8678	31720	0.0204	0.0644	b
HAPB_chr05	288500001	288750000	17405	23111	0.0409	0.0469	ambiguous
HAPB_chr05	288750001	289000000	15678	22362	0.0368	0.0454	ambiguous
HAPB_chr05	289000001	289250000	7967	32334	0.0187	0.0657	b
HAPB_chr05	289250001	289500000	13979	37031	0.0328	0.0752	b
HAPB_chr05	289500001	289750000	8652	34584	0.0203	0.0702	b
HAPB_chr05	289750001	290000000	8073	35860	0.0190	0.0728	b
HAPB_chr05	290000001	290250000	11497	30161	0.0270	0.0613	b
HAPB_chr05	290250001	290500000	8086	31450	0.0190	0.0639	b
HAPB_chr05	290500001	290750000	7548	39661	0.0177	0.0806	b
HAPB_chr05	290750001	291000000	8380	36908	0.0197	0.0750	b
HAPB_chr05	291000001	291250000	7504	24757	0.0176	0.0503	b
HAPB_chr05	291250001	291500000	9740	22466	0.0229	0.0456	ambiguous
HAPB_chr05	291500001	291750000	7371	41279	0.0173	0.0838	b
HAPB_chr05	291750001	292000000	11678	42027	0.0274	0.0854	b
HAPB_chr05	292000001	292250000	7572	27439	0.0178	0.0557	b
HAPB_chr05	292250001	292500000	8476	26416	0.0199	0.0537	b
HAPB_chr05	292500001	292750000	16386	26245	0.0385	0.0533	ambiguous
HAPB_chr05	292750001	293000000	12639	22734	0.0297	0.0462	ambiguous
HAPB_chr05	293000001	293250000	8378	20026	0.0197	0.0407	b
HAPB_chr05	293250001	293500000	15308	25991	0.0359	0.0528	ambiguous
HAPB_chr05	293500001	293750000	9858	36262	0.0231	0.0737	b
HAPB_chr05	293750001	294000000	9084	35312	0.0213	0.0717	b
HAPB_chr05	294000001	294250000	12530	28458	0.0294	0.0578	ambiguous
HAPB_chr05	294250001	294500000	10732	40792	0.0252	0.0829	b
HAPB_chr05	294500001	294750000	10270	40876	0.0241	0.0830	b
HAPB_chr05	294750001	295000000	8698	32230	0.0204	0.0655	b
HAPB_chr05	295000001	295250000	8850	25832	0.0208	0.0525	b
HAPB_chr05	295250001	295500000	10965	33462	0.0257	0.0680	b
HAPB_chr05	295500001	295750000	13064	29574	0.0307	0.0601	ambiguous
HAPB_chr05	295750001	296000000	12938	33557	0.0304	0.0682	b
HAPB_chr05	296000001	296250000	9723	27671	0.0228	0.0562	b
HAPB_chr05	296250001	296500000	14427	29632	0.0339	0.0602	ambiguous
HAPB_chr05	296500001	296750000	13916	26594	0.0327	0.0540	ambiguous
HAPB_chr05	296750001	297000000	8981	43048	0.0211	0.0874	b
HAPB_chr05	297000001	297250000	8312	36204	0.0195	0.0735	b
HAPB_chr05	297250001	297500000	8873	33170	0.0208	0.0674	b
HAPB_chr05	297500001	297750000	11582	33816	0.0272	0.0687	b
HAPB_chr05	297750001	298000000	13052	20044	0.0306	0.0407	ambiguous
HAPB_chr05	298000001	298250000	11109	28936	0.0261	0.0588	b
HAPB_chr05	298250001	298500000	11711	26228	0.0275	0.0533	ambiguous
HAPB_chr05	298500001	298750000	7733	29363	0.0182	0.0596	b
HAPB_chr05	298750001	299000000	6622	20039	0.0155	0.0407	b
HAPB_chr05	299000001	299250000	9916	30654	0.0233	0.0623	b
HAPB_chr05	299250001	299500000	8404	36474	0.0197	0.0741	b
HAPB_chr05	299500001	299750000	9176	27772	0.0215	0.0564	b
HAPB_chr05	299750001	300000000	7991	36231	0.0188	0.0736	b
HAPB_chr05	300000001	300250000	8957	33830	0.0210	0.0687	b
HAPB_chr05	300250001	300500000	10335	27419	0.0243	0.0557	b
HAPB_chr05	300500001	300750000	10117	26764	0.0237	0.0544	b
HAPB_chr05	300750001	301000000	10333	26518	0.0243	0.0539	b
HAPB_chr05	301000001	301250000	8135	30420	0.0191	0.0618	b
HAPB_chr05	301250001	301500000	8744	34857	0.0205	0.0708	b
HAPB_chr05	301500001	301750000	13618	22203	0.0320	0.0451	ambiguous
HAPB_chr05	301750001	302000000	11756	30712	0.0276	0.0624	b
HAPB_chr05	302000001	302250000	13437	26324	0.0315	0.0535	ambiguous
HAPB_chr05	302250001	302500000	12648	30296	0.0297	0.0615	b
HAPB_chr05	302500001	302750000	10322	21602	0.0242	0.0439	ambiguous
HAPB_chr05	302750001	303000000	7990	28095	0.0188	0.0571	b
HAPB_chr05	303000001	303250000	15591	31080	0.0366	0.0631	ambiguous
HAPB_chr05	303250001	303500000	9950	32704	0.0234	0.0664	b
HAPB_chr05	303500001	303750000	13224	26997	0.0310	0.0548	ambiguous
HAPB_chr05	303750001	304000000	6211	36886	0.0146	0.0749	b
HAPB_chr05	304000001	304250000	9354	31809	0.0220	0.0646	b
HAPB_chr05	304250001	304500000	8342	42633	0.0196	0.0866	b
HAPB_chr05	304500001	304750000	10292	36315	0.0242	0.0738	b
HAPB_chr05	304750001	305000000	11415	30544	0.0268	0.0620	b
HAPB_chr05	305000001	305250000	15177	36803	0.0356	0.0747	b
HAPB_chr05	305250001	305500000	10013	32175	0.0235	0.0653	b
HAPB_chr05	305500001	305750000	10705	29473	0.0251	0.0599	b
HAPB_chr05	305750001	306000000	8489	36483	0.0199	0.0741	b
HAPB_chr05	306000001	306250000	7914	26857	0.0186	0.0545	b
HAPB_chr05	306250001	306500000	9907	26347	0.0233	0.0535	b
HAPB_chr05	306500001	306750000	11412	33278	0.0268	0.0676	b
HAPB_chr05	306750001	307000000	9538	29779	0.0224	0.0605	b
HAPB_chr05	307000001	307250000	8627	25547	0.0203	0.0519	b
HAPB_chr05	307250001	307500000	7983	31090	0.0187	0.0631	b
HAPB_chr05	307500001	307750000	10432	27959	0.0245	0.0568	b
HAPB_chr05	307750001	308000000	9060	30435	0.0213	0.0618	b
HAPB_chr05	308000001	308250000	9174	18577	0.0215	0.0377	ambiguous
HAPB_chr05	308250001	308500000	9430	34597	0.0221	0.0703	b
HAPB_chr05	308500001	308750000	15333	31124	0.0360	0.0632	ambiguous
HAPB_chr05	308750001	309000000	8380	27746	0.0197	0.0564	b
HAPB_chr05	309000001	309250000	11333	38140	0.0266	0.0775	b
HAPB_chr05	309250001	309500000	7318	26158	0.0172	0.0531	b
HAPB_chr05	309500001	309750000	6902	30248	0.0162	0.0614	b
HAPB_chr05	309750001	310000000	10491	31507	0.0246	0.0640	b
HAPB_chr05	310000001	310250000	11250	38068	0.0264	0.0773	b
HAPB_chr05	310250001	310500000	7116	36993	0.0167	0.0751	b
HAPB_chr05	310500001	310750000	12470	32554	0.0293	0.0661	b
HAPB_chr05	310750001	311000000	11102	38851	0.0261	0.0789	b
HAPB_chr05	311000001	311250000	7331	35542	0.0172	0.0722	b
HAPB_chr05	311250001	311500000	10900	35059	0.0256	0.0712	b
HAPB_chr05	311500001	311750000	11262	30009	0.0264	0.0609	b
HAPB_chr05	311750001	312000000	9486	35079	0.0223	0.0712	b
HAPB_chr05	312000001	312250000	9279	32121	0.0218	0.0652	b
HAPB_chr05	312250001	312500000	8527	33481	0.0200	0.0680	b
HAPB_chr05	312500001	312750000	8201	34670	0.0193	0.0704	b
HAPB_chr05	312750001	313000000	11402	32516	0.0268	0.0660	b
HAPB_chr05	313000001	313250000	8915	29515	0.0209	0.0599	b
HAPB_chr05	313250001	313500000	10191	24282	0.0239	0.0493	b
HAPB_chr05	313500001	313750000	9362	42182	0.0220	0.0857	b
HAPB_chr05	313750001	314000000	14675	23652	0.0344	0.0480	ambiguous
HAPB_chr05	314000001	314250000	12150	31420	0.0285	0.0638	b
HAPB_chr05	314250001	314500000	8120	31563	0.0191	0.0641	b
HAPB_chr05	314500001	314750000	8164	30708	0.0192	0.0624	b
HAPB_chr05	314750001	315000000	10259	34619	0.0241	0.0703	b
HAPB_chr05	315000001	315250000	8976	33294	0.0211	0.0676	b
HAPB_chr05	315250001	315500000	7722	28494	0.0181	0.0579	b
HAPB_chr05	315500001	315750000	8901	24847	0.0209	0.0505	b
HAPB_chr05	315750001	316000000	7050	29334	0.0165	0.0596	b
HAPB_chr05	316000001	316250000	9406	26904	0.0221	0.0546	b
HAPB_chr05	316250001	316500000	11620	37004	0.0273	0.0752	b
HAPB_chr05	316500001	316750000	9682	31079	0.0227	0.0631	b
HAPB_chr05	316750001	317000000	8151	22406	0.0191	0.0455	b
HAPB_chr05	317000001	317250000	7818	32555	0.0184	0.0661	b
HAPB_chr05	317250001	317500000	7544	39761	0.0177	0.0808	b
HAPB_chr05	317500001	317750000	11049	31327	0.0259	0.0636	b
HAPB_chr05	317750001	318000000	9247	43448	0.0217	0.0882	b
HAPB_chr05	318000001	318250000	11515	27574	0.0270	0.0560	b
HAPB_chr05	318250001	318500000	14100	29873	0.0331	0.0607	ambiguous
HAPB_chr05	318500001	318750000	11289	39887	0.0265	0.0810	b
HAPB_chr05	318750001	319000000	7221	31709	0.0170	0.0644	b
HAPB_chr05	319000001	319250000	8761	39948	0.0206	0.0811	b
HAPB_chr05	319250001	319500000	11001	32160	0.0258	0.0653	b
HAPB_chr05	319500001	319750000	10216	31239	0.0240	0.0634	b
HAPB_chr05	319750001	320000000	9653	39858	0.0227	0.0810	b
HAPB_chr05	320000001	320250000	11532	27019	0.0271	0.0549	b
HAPB_chr05	320250001	320500000	6808	44112	0.0160	0.0896	b
HAPB_chr05	320500001	320750000	13124	31044	0.0308	0.0631	b
HAPB_chr05	320750001	321000000	11284	33660	0.0265	0.0684	b
HAPB_chr05	321000001	321250000	7243	31168	0.0170	0.0633	b
HAPB_chr05	321250001	321500000	9843	31797	0.0231	0.0646	b
HAPB_chr05	321500001	321750000	12707	41365	0.0298	0.0840	b
HAPB_chr05	321750001	322000000	9613	37307	0.0226	0.0758	b
HAPB_chr05	322000001	322250000	7461	28455	0.0175	0.0578	b
HAPB_chr05	322250001	322500000	11784	29459	0.0277	0.0598	b
HAPB_chr05	322500001	322750000	9024	30732	0.0212	0.0624	b
HAPB_chr05	322750001	323000000	10302	34867	0.0242	0.0708	b
HAPB_chr05	323000001	323250000	11444	30340	0.0269	0.0616	b
HAPB_chr05	323250001	323500000	7232	28256	0.0170	0.0574	b
HAPB_chr05	323500001	323750000	10528	30180	0.0247	0.0613	b
HAPB_chr05	323750001	324000000	12207	28274	0.0287	0.0574	b
HAPB_chr05	324000001	324250000	6898	32977	0.0162	0.0670	b
HAPB_chr05	324250001	324500000	15419	24415	0.0362	0.0496	ambiguous
HAPB_chr05	324500001	324750000	9420	29599	0.0221	0.0601	b
HAPB_chr05	324750001	325000000	11235	36064	0.0264	0.0732	b
HAPB_chr05	325000001	325250000	10099	38160	0.0237	0.0775	b
HAPB_chr05	325250001	325500000	7244	43225	0.0170	0.0878	b
HAPB_chr05	325500001	325750000	11059	28108	0.0260	0.0571	b
HAPB_chr05	325750001	326000000	11490	31758	0.0270	0.0645	b
HAPB_chr05	326000001	326250000	8404	29503	0.0197	0.0599	b
HAPB_chr05	326250001	326500000	6034	31714	0.0142	0.0644	b
HAPB_chr05	326500001	326750000	5135	34293	0.0121	0.0697	b
HAPB_chr05	326750001	327000000	9288	28878	0.0218	0.0587	b
HAPB_chr05	327000001	327250000	9444	36227	0.0222	0.0736	b
HAPB_chr05	327250001	327500000	11415	33780	0.0268	0.0686	b
HAPB_chr05	327500001	327750000	10094	32145	0.0237	0.0653	b
HAPB_chr05	327750001	328000000	11727	30855	0.0275	0.0627	b
HAPB_chr05	328000001	328250000	9202	29497	0.0216	0.0599	b
HAPB_chr05	328250001	328500000	9460	39402	0.0222	0.0800	b
HAPB_chr05	328500001	328750000	10938	28446	0.0257	0.0578	b
HAPB_chr05	328750001	329000000	8834	33484	0.0207	0.0680	b
HAPB_chr05	329000001	329250000	16938	29954	0.0398	0.0608	ambiguous
HAPB_chr05	329250001	329500000	12377	28661	0.0291	0.0582	b
HAPB_chr05	329500001	329750000	17242	23489	0.0405	0.0477	ambiguous
HAPB_chr05	329750001	330000000	23592	16589	0.0554	0.0337	ambiguous
HAPB_chr05	330000001	330250000	28723	17924	0.0674	0.0364	ambiguous
HAPB_chr05	330250001	330500000	18562	17861	0.0436	0.0363	ambiguous
HAPB_chr05	330500001	330750000	19878	15589	0.0467	0.0317	ambiguous
HAPB_chr05	330750001	331000000	24336	13991	0.0571	0.0284	a
HAPB_chr05	331000001	331250000	22919	12876	0.0538	0.0262	a
HAPB_chr05	331250001	331500000	22132	12428	0.0520	0.0252	a
HAPB_chr05	331500001	331750000	18050	18071	0.0424	0.0367	ambiguous
HAPB_chr05	331750001	332000000	7438	12594	0.0175	0.0256	ambiguous
HAPB_chr05	332000001	332250000	10626	29267	0.0249	0.0594	b
HAPB_chr05	332250001	332500000	10935	37352	0.0257	0.0759	b
HAPB_chr05	332500001	332750000	13208	33788	0.0310	0.0686	b
HAPB_chr05	332750001	333000000	8736	33322	0.0205	0.0677	b
HAPB_chr05	333000001	333250000	8772	32862	0.0206	0.0667	b
HAPB_chr05	333250001	333500000	11459	33650	0.0269	0.0683	b
HAPB_chr05	333500001	333750000	8394	37857	0.0197	0.0769	b
HAPB_chr05	333750001	334000000	7986	26144	0.0187	0.0531	b
HAPB_chr05	334000001	334250000	8176	44029	0.0192	0.0894	b
HAPB_chr05	334250001	334500000	10568	26403	0.0248	0.0536	b
HAPB_chr05	334500001	334750000	9079	32222	0.0213	0.0654	b
HAPB_chr05	334750001	335000000	8313	33207	0.0195	0.0674	b
HAPB_chr05	335000001	335250000	10486	33275	0.0246	0.0676	b
HAPB_chr05	335250001	335500000	9409	25536	0.0221	0.0519	b
HAPB_chr05	335500001	335750000	8189	21450	0.0192	0.0436	b
HAPB_chr05	335750001	336000000	8065	38840	0.0189	0.0789	b
HAPB_chr05	336000001	336250000	10163	37873	0.0239	0.0769	b
HAPB_chr05	336250001	336500000	7319	29174	0.0172	0.0593	b
HAPB_chr05	336500001	336750000	9126	41090	0.0214	0.0835	b
HAPB_chr05	336750001	337000000	11733	31689	0.0275	0.0644	b
HAPB_chr05	337000001	337250000	8728	27295	0.0205	0.0554	b
HAPB_chr05	337250001	337500000	12489	31702	0.0293	0.0644	b
HAPB_chr05	337500001	337750000	10774	30970	0.0253	0.0629	b
HAPB_chr05	337750001	338000000	6964	38537	0.0163	0.0783	b
HAPB_chr05	338000001	338250000	8863	32554	0.0208	0.0661	b
HAPB_chr05	338250001	338500000	10684	42370	0.0251	0.0861	b
HAPB_chr05	338500001	338750000	11990	26623	0.0281	0.0541	ambiguous
HAPB_chr05	338750001	339000000	12174	33642	0.0286	0.0683	b
HAPB_chr05	339000001	339250000	12523	26360	0.0294	0.0535	ambiguous
HAPB_chr05	339250001	339500000	9877	36481	0.0232	0.0741	b
HAPB_chr05	339500001	339750000	12499	28269	0.0293	0.0574	ambiguous
HAPB_chr05	339750001	340000000	10849	27444	0.0255	0.0557	b
HAPB_chr05	340000001	340250000	8896	30905	0.0209	0.0628	b
HAPB_chr05	340250001	340500000	9254	26686	0.0217	0.0542	b
HAPB_chr05	340500001	340750000	7888	36582	0.0185	0.0743	b
HAPB_chr05	340750001	341000000	6981	28176	0.0164	0.0572	b
HAPB_chr05	341000001	341250000	6732	35188	0.0158	0.0715	b
HAPB_chr05	341250001	341500000	8424	29746	0.0198	0.0604	b
HAPB_chr05	341500001	341750000	10774	32877	0.0253	0.0668	b
HAPB_chr05	341750001	342000000	9563	26094	0.0224	0.0530	b
HAPB_chr05	342000001	342250000	9686	30367	0.0227	0.0617	b
HAPB_chr05	342250001	342500000	6939	32407	0.0163	0.0658	b
HAPB_chr05	342500001	342750000	7488	32199	0.0176	0.0654	b
HAPB_chr05	342750001	343000000	6417	36000	0.0151	0.0731	b
HAPB_chr05	343000001	343250000	9732	47153	0.0228	0.0958	b
HAPB_chr05	343250001	343500000	7602	25543	0.0178	0.0519	b
HAPB_chr05	343500001	343750000	9851	26498	0.0231	0.0538	b
HAPB_chr05	343750001	344000000	9362	38729	0.0220	0.0787	b
HAPB_chr05	344000001	344250000	9504	29273	0.0223	0.0595	b
HAPB_chr05	344250001	344500000	7763	39602	0.0182	0.0804	b
HAPB_chr05	344500001	344750000	6126	32664	0.0144	0.0663	b
HAPB_chr05	344750001	345000000	9004	23648	0.0211	0.0480	b
HAPB_chr05	345000001	345250000	7356	36921	0.0173	0.0750	b
HAPB_chr05	345250001	345500000	7458	24709	0.0175	0.0502	b
HAPB_chr05	345500001	345750000	7846	22152	0.0184	0.0450	b
HAPB_chr05	345750001	346000000	12175	33680	0.0286	0.0684	b
HAPB_chr05	346000001	346250000	9917	37647	0.0233	0.0765	b
HAPB_chr05	346250001	346500000	8888	31317	0.0209	0.0636	b
HAPB_chr05	346500001	346750000	9722	24665	0.0228	0.0501	b
HAPB_chr05	346750001	347000000	9038	22909	0.0212	0.0465	b
HAPB_chr05	347000001	347250000	8121	42743	0.0191	0.0868	b
HAPB_chr05	347250001	347500000	11707	25124	0.0275	0.0510	ambiguous
HAPB_chr05	347500001	347750000	9012	31373	0.0212	0.0637	b
HAPB_chr05	347750001	348000000	8069	26923	0.0189	0.0547	b
HAPB_chr05	348000001	348250000	8792	23768	0.0206	0.0483	b
HAPB_chr05	348250001	348500000	7152	35592	0.0168	0.0723	b
HAPB_chr05	348500001	348750000	8409	40602	0.0197	0.0825	b
HAPB_chr05	348750001	349000000	13242	38280	0.0311	0.0777	b
HAPB_chr05	349000001	349250000	8970	35828	0.0211	0.0728	b
HAPB_chr05	349250001	349500000	7057	38864	0.0166	0.0789	b
HAPB_chr05	349500001	349750000	10396	30321	0.0244	0.0616	b
HAPB_chr05	349750001	350000000	11733	30648	0.0275	0.0622	b
HAPB_chr05	350000001	350250000	9213	31086	0.0216	0.0631	b
HAPB_chr05	350250001	350500000	8716	35489	0.0205	0.0721	b
HAPB_chr05	350500001	350750000	8016	33083	0.0188	0.0672	b
HAPB_chr05	350750001	351000000	9074	26488	0.0213	0.0538	b
HAPB_chr05	351000001	351250000	10993	35879	0.0258	0.0729	b
HAPB_chr05	351250001	351500000	10052	32634	0.0236	0.0663	b
HAPB_chr05	351500001	351750000	11042	37257	0.0259	0.0757	b
HAPB_chr05	351750001	352000000	9760	32703	0.0229	0.0664	b
HAPB_chr05	352000001	352250000	10175	34972	0.0239	0.0710	b
HAPB_chr05	352250001	352500000	7949	36011	0.0187	0.0731	b
HAPB_chr05	352500001	352750000	9425	25907	0.0221	0.0526	b
HAPB_chr05	352750001	353000000	8585	28177	0.0202	0.0572	b
HAPB_chr05	353000001	353250000	12648	31796	0.0297	0.0646	b
HAPB_chr05	353250001	353500000	9846	28442	0.0231	0.0578	b
HAPB_chr05	353500001	353750000	7556	35150	0.0177	0.0714	b
HAPB_chr05	353750001	354000000	9130	32031	0.0214	0.0651	b
HAPB_chr05	354000001	354250000	8719	35165	0.0205	0.0714	b
HAPB_chr05	354250001	354500000	12810	34967	0.0301	0.0710	b
HAPB_chr05	354500001	354750000	9035	27149	0.0212	0.0551	b
HAPB_chr05	354750001	355000000	10672	32965	0.0251	0.0670	b
HAPB_chr05	355000001	355250000	10345	20105	0.0243	0.0408	ambiguous
HAPB_chr05	355250001	355500000	9228	30461	0.0217	0.0619	b
HAPB_chr05	355500001	355750000	9910	25733	0.0233	0.0523	b
HAPB_chr05	355750001	356000000	10338	20989	0.0243	0.0426	ambiguous
HAPB_chr05	356000001	356250000	8772	32903	0.0206	0.0668	b
HAPB_chr05	356250001	356500000	9771	37053	0.0229	0.0753	b
HAPB_chr05	356500001	356750000	9552	25416	0.0224	0.0516	b
HAPB_chr05	356750001	357000000	10139	29685	0.0238	0.0603	b
HAPB_chr05	357000001	357250000	9609	30383	0.0226	0.0617	b
HAPB_chr05	357250001	357500000	8784	25280	0.0206	0.0513	b
HAPB_chr05	357500001	357750000	10359	31705	0.0243	0.0644	b
HAPB_chr05	357750001	358000000	10051	35235	0.0236	0.0716	b
HAPB_chr05	358000001	358250000	10740	31636	0.0252	0.0643	b
HAPB_chr05	358250001	358500000	7330	43589	0.0172	0.0885	b
HAPB_chr05	358500001	358750000	7451	32681	0.0175	0.0664	b
HAPB_chr05	358750001	359000000	8801	34589	0.0207	0.0703	b
HAPB_chr05	359000001	359250000	7579	28204	0.0178	0.0573	b
HAPB_chr05	359250001	359500000	10967	28167	0.0257	0.0572	b
HAPB_chr05	359500001	359750000	8305	32935	0.0195	0.0669	b
HAPB_chr05	359750001	360000000	8956	35678	0.0210	0.0725	b
HAPB_chr05	360000001	360250000	9362	35661	0.0220	0.0724	b
HAPB_chr05	360250001	360500000	9006	26861	0.0211	0.0546	b
HAPB_chr05	360500001	360750000	6405	39796	0.0150	0.0808	b
HAPB_chr05	360750001	361000000	10439	28530	0.0245	0.0579	b
HAPB_chr05	361000001	361250000	9129	29620	0.0214	0.0602	b
HAPB_chr05	361250001	361500000	16058	32110	0.0377	0.0652	ambiguous
HAPB_chr05	361500001	361750000	9774	36217	0.0229	0.0736	b
HAPB_chr05	361750001	362000000	8218	36437	0.0193	0.0740	b
HAPB_chr05	362000001	362250000	7306	36030	0.0172	0.0732	b
HAPB_chr05	362250001	362500000	7189	38404	0.0169	0.0780	b
HAPB_chr05	362500001	362750000	6010	31803	0.0141	0.0646	b
HAPB_chr05	362750001	363000000	8138	32320	0.0191	0.0656	b
HAPB_chr05	363000001	363250000	7839	37012	0.0184	0.0752	b
HAPB_chr05	363250001	363500000	11218	26850	0.0263	0.0545	b
HAPB_chr05	363500001	363750000	8790	37749	0.0206	0.0767	b
HAPB_chr05	363750001	364000000	9396	26932	0.0221	0.0547	b
HAPB_chr05	364000001	364250000	13437	29149	0.0315	0.0592	ambiguous
HAPB_chr05	364250001	364500000	10731	32960	0.0252	0.0669	b
HAPB_chr05	364500001	364750000	11188	34359	0.0263	0.0698	b
HAPB_chr05	364750001	365000000	8390	35446	0.0197	0.0720	b
HAPB_chr05	365000001	365250000	8575	35757	0.0201	0.0726	b
HAPB_chr05	365250001	365500000	9998	37619	0.0235	0.0764	b
HAPB_chr05	365500001	365750000	6348	33723	0.0149	0.0685	b
HAPB_chr05	365750001	366000000	10086	43438	0.0237	0.0882	b
HAPB_chr05	366000001	366250000	7366	33566	0.0173	0.0682	b
HAPB_chr05	366250001	366500000	7353	40725	0.0173	0.0827	b
HAPB_chr05	366500001	366750000	7733	41779	0.0182	0.0849	b
HAPB_chr05	366750001	367000000	9102	35313	0.0214	0.0717	b
HAPB_chr05	367000001	367250000	11698	29748	0.0275	0.0604	b
HAPB_chr05	367250001	367500000	11218	35998	0.0263	0.0731	b
HAPB_chr05	367500001	367750000	9803	27691	0.0230	0.0562	b
HAPB_chr05	367750001	368000000	11378	32303	0.0267	0.0656	b
HAPB_chr05	368000001	368250000	12685	27607	0.0298	0.0561	ambiguous
HAPB_chr05	368250001	368500000	8416	31751	0.0198	0.0645	b
HAPB_chr05	368500001	368750000	10325	20153	0.0242	0.0409	ambiguous
HAPB_chr05	368750001	369000000	14704	25868	0.0345	0.0525	ambiguous
HAPB_chr05	369000001	369250000	9086	35714	0.0213	0.0725	b
HAPB_chr05	369250001	369500000	9940	37456	0.0233	0.0761	b
HAPB_chr05	369500001	369750000	7762	32355	0.0182	0.0657	b
HAPB_chr05	369750001	370000000	10638	30749	0.0250	0.0625	b
HAPB_chr05	370000001	370250000	7750	36188	0.0182	0.0735	b
HAPB_chr05	370250001	370500000	11151	34113	0.0262	0.0693	b
HAPB_chr05	370500001	370750000	11515	26019	0.0270	0.0528	ambiguous
HAPB_chr05	370750001	371000000	9484	24306	0.0223	0.0494	b
HAPB_chr05	371000001	371250000	8589	24893	0.0202	0.0506	b
HAPB_chr05	371250001	371500000	9445	22134	0.0222	0.0450	b
HAPB_chr05	371500001	371750000	14760	34480	0.0346	0.0700	b
HAPB_chr05	371750001	372000000	9605	23742	0.0225	0.0482	b
HAPB_chr05	372000001	372250000	10951	33376	0.0257	0.0678	b
HAPB_chr05	372250001	372500000	12600	34575	0.0296	0.0702	b
HAPB_chr05	372500001	372750000	10817	28432	0.0254	0.0577	b
HAPB_chr05	372750001	373000000	9169	31280	0.0215	0.0635	b
HAPB_chr05	373000001	373250000	9132	38362	0.0214	0.0779	b
HAPB_chr05	373250001	373500000	9883	34816	0.0232	0.0707	b
HAPB_chr05	373500001	373750000	7655	25901	0.0180	0.0526	b
HAPB_chr05	373750001	374000000	11626	26725	0.0273	0.0543	ambiguous
HAPB_chr05	374000001	374250000	8455	31837	0.0198	0.0647	b
HAPB_chr05	374250001	374500000	9451	31666	0.0222	0.0643	b
HAPB_chr05	374500001	374750000	7721	30625	0.0181	0.0622	b
HAPB_chr05	374750001	375000000	6925	34522	0.0163	0.0701	b
HAPB_chr05	375000001	375250000	9843	28149	0.0231	0.0572	b
HAPB_chr05	375250001	375500000	8507	30385	0.0200	0.0617	b
HAPB_chr05	375500001	375750000	10739	28538	0.0252	0.0580	b
HAPB_chr05	375750001	376000000	7766	30369	0.0182	0.0617	b
HAPB_chr05	376000001	376250000	8501	28502	0.0200	0.0579	b
HAPB_chr05	376250001	376500000	8533	41697	0.0200	0.0847	b
HAPB_chr05	376500001	376750000	9869	30789	0.0232	0.0625	b
HAPB_chr05	376750001	377000000	10985	34370	0.0258	0.0698	b
HAPB_chr05	377000001	377250000	11183	37399	0.0263	0.0760	b
HAPB_chr05	377250001	377500000	10145	27873	0.0238	0.0566	b
HAPB_chr05	377500001	377750000	12115	36276	0.0284	0.0737	b
HAPB_chr05	377750001	378000000	10572	33796	0.0248	0.0686	b
HAPB_chr05	378000001	378250000	10338	30015	0.0243	0.0610	b
HAPB_chr05	378250001	378500000	10286	31692	0.0241	0.0644	b
HAPB_chr05	378500001	378750000	9516	33919	0.0223	0.0689	b
HAPB_chr05	378750001	379000000	10113	33102	0.0237	0.0672	b
HAPB_chr05	379000001	379250000	9872	32566	0.0232	0.0661	b
HAPB_chr05	379250001	379500000	8919	27597	0.0209	0.0561	b
HAPB_chr05	379500001	379750000	9545	34070	0.0224	0.0692	b
HAPB_chr05	379750001	380000000	6100	33255	0.0143	0.0675	b
HAPB_chr05	380000001	380250000	6965	31798	0.0164	0.0646	b
HAPB_chr05	380250001	380500000	8396	31177	0.0197	0.0633	b
HAPB_chr05	380500001	380750000	6725	30229	0.0158	0.0614	b
HAPB_chr05	380750001	381000000	12932	34862	0.0304	0.0708	b
HAPB_chr05	381000001	381250000	11596	39061	0.0272	0.0793	b
HAPB_chr05	381250001	381500000	9835	28902	0.0231	0.0587	b
HAPB_chr05	381500001	381750000	11587	40355	0.0272	0.0820	b
HAPB_chr05	381750001	382000000	8294	33718	0.0195	0.0685	b
HAPB_chr05	382000001	382250000	8690	31246	0.0204	0.0635	b
HAPB_chr05	382250001	382500000	8862	34847	0.0208	0.0708	b
HAPB_chr05	382500001	382750000	10634	35461	0.0250	0.0720	b
HAPB_chr05	382750001	383000000	12542	35410	0.0294	0.0719	b
HAPB_chr05	383000001	383250000	7226	32847	0.0170	0.0667	b
HAPB_chr05	383250001	383500000	10937	30319	0.0257	0.0616	b
HAPB_chr05	383500001	383750000	7885	32808	0.0185	0.0666	b
HAPB_chr05	383750001	384000000	6474	33852	0.0152	0.0688	b
HAPB_chr05	384000001	384250000	7125	26693	0.0167	0.0542	b
HAPB_chr05	384250001	384500000	9836	30579	0.0231	0.0621	b
HAPB_chr05	384500001	384750000	7160	35105	0.0168	0.0713	b
HAPB_chr05	384750001	385000000	6248	36099	0.0147	0.0733	b
HAPB_chr05	385000001	385250000	8669	31485	0.0204	0.0639	b
HAPB_chr05	385250001	385500000	10218	29756	0.0240	0.0604	b
HAPB_chr05	385500001	385750000	9106	36980	0.0214	0.0751	b
HAPB_chr05	385750001	386000000	11684	26480	0.0274	0.0538	ambiguous
HAPB_chr05	386000001	386250000	6531	36951	0.0153	0.0750	b
HAPB_chr05	386250001	386500000	8489	29881	0.0199	0.0607	b
HAPB_chr05	386500001	386750000	14547	41599	0.0341	0.0845	b
HAPB_chr05	386750001	387000000	10639	33378	0.0250	0.0678	b
HAPB_chr05	387000001	387250000	9925	36709	0.0233	0.0746	b
HAPB_chr05	387250001	387500000	9785	25545	0.0230	0.0519	b
HAPB_chr05	387500001	387750000	13147	37262	0.0309	0.0757	b
HAPB_chr05	387750001	388000000	11972	29722	0.0281	0.0604	b
HAPB_chr05	388000001	388250000	7963	29528	0.0187	0.0600	b
HAPB_chr05	388250001	388500000	8628	26529	0.0203	0.0539	b
HAPB_chr05	388500001	388750000	10644	21542	0.0250	0.0438	ambiguous
HAPB_chr05	388750001	389000000	8832	28501	0.0207	0.0579	b
HAPB_chr05	389000001	389250000	11781	31779	0.0277	0.0645	b
HAPB_chr05	389250001	389500000	7733	36932	0.0182	0.0750	b
HAPB_chr05	389500001	389750000	7720	32009	0.0181	0.0650	b
HAPB_chr05	389750001	390000000	11222	38407	0.0263	0.0780	b
HAPB_chr05	390000001	390250000	9004	43318	0.0211	0.0880	b
HAPB_chr05	390250001	390500000	7472	41198	0.0175	0.0837	b
HAPB_chr05	390500001	390750000	8644	32009	0.0203	0.0650	b
HAPB_chr05	390750001	391000000	12809	29087	0.0301	0.0591	ambiguous
HAPB_chr05	391000001	391250000	8869	31878	0.0208	0.0647	b
HAPB_chr05	391250001	391500000	12755	23157	0.0299	0.0470	ambiguous
HAPB_chr05	391500001	391750000	8830	33366	0.0207	0.0678	b
HAPB_chr05	391750001	392000000	9389	38469	0.0220	0.0781	b
HAPB_chr05	392000001	392250000	8461	28969	0.0199	0.0588	b
HAPB_chr05	392250001	392500000	11076	31219	0.0260	0.0634	b
HAPB_chr05	392500001	392750000	8450	31293	0.0198	0.0636	b
HAPB_chr05	392750001	393000000	8960	33895	0.0210	0.0688	b
HAPB_chr05	393000001	393250000	10167	18301	0.0239	0.0372	ambiguous
HAPB_chr05	393250001	393500000	9650	31947	0.0227	0.0649	b
HAPB_chr05	393500001	393750000	8033	27842	0.0189	0.0565	b
HAPB_chr05	393750001	394000000	9121	34239	0.0214	0.0695	b
HAPB_chr05	394000001	394250000	8015	34761	0.0188	0.0706	b
HAPB_chr05	394250001	394500000	6042	36931	0.0142	0.0750	b
HAPB_chr05	394500001	394750000	11560	27190	0.0271	0.0552	b
HAPB_chr05	394750001	395000000	8062	38954	0.0189	0.0791	b
HAPB_chr05	395000001	395250000	7987	37805	0.0187	0.0768	b
HAPB_chr05	395250001	395500000	9348	38300	0.0219	0.0778	b
HAPB_chr05	395500001	395750000	9390	38664	0.0220	0.0785	b
HAPB_chr05	395750001	396000000	14001	24620	0.0329	0.0500	ambiguous
HAPB_chr05	396000001	396250000	7613	33999	0.0179	0.0691	b
HAPB_chr05	396250001	396500000	9820	35106	0.0231	0.0713	b
HAPB_chr05	396500001	396750000	11973	20253	0.0281	0.0411	ambiguous
HAPB_chr05	396750001	397000000	10266	28051	0.0241	0.0570	b
HAPB_chr05	397000001	397250000	9888	32090	0.0232	0.0652	b
HAPB_chr05	397250001	397500000	9318	29852	0.0219	0.0606	b
HAPB_chr05	397500001	397750000	7437	30153	0.0175	0.0612	b
HAPB_chr05	397750001	398000000	9244	24953	0.0217	0.0507	b
HAPB_chr05	398000001	398250000	7496	37052	0.0176	0.0753	b
HAPB_chr05	398250001	398500000	7060	25700	0.0166	0.0522	b
HAPB_chr05	398500001	398750000	12603	24977	0.0296	0.0507	ambiguous
HAPB_chr05	398750001	399000000	9214	34074	0.0216	0.0692	b
HAPB_chr05	399000001	399250000	12223	36290	0.0287	0.0737	b
HAPB_chr05	399250001	399500000	7978	33971	0.0187	0.0690	b
HAPB_chr05	399500001	399750000	12513	25845	0.0294	0.0525	ambiguous
HAPB_chr05	399750001	400000000	11725	32233	0.0275	0.0655	b
HAPB_chr05	400000001	400250000	8077	26488	0.0190	0.0538	b
HAPB_chr05	400250001	400500000	11057	23000	0.0260	0.0467	ambiguous
HAPB_chr05	400500001	400750000	9282	24753	0.0218	0.0503	b
HAPB_chr05	400750001	401000000	6765	24631	0.0159	0.0500	b
HAPB_chr05	401000001	401250000	11851	26017	0.0278	0.0528	ambiguous
HAPB_chr05	401250001	401500000	6585	43910	0.0155	0.0892	b
HAPB_chr05	401500001	401750000	9562	29171	0.0224	0.0592	b
HAPB_chr05	401750001	402000000	9980	32212	0.0234	0.0654	b
HAPB_chr05	402000001	402250000	12296	24780	0.0289	0.0503	ambiguous
HAPB_chr05	402250001	402500000	11508	24100	0.0270	0.0489	ambiguous
HAPB_chr05	402500001	402750000	8850	24358	0.0208	0.0495	b
HAPB_chr05	402750001	403000000	7178	23385	0.0169	0.0475	b
HAPB_chr05	403000001	403250000	13914	26872	0.0327	0.0546	ambiguous
HAPB_chr05	403250001	403500000	9235	35704	0.0217	0.0725	b
HAPB_chr05	403500001	403750000	9700	35518	0.0228	0.0721	b
HAPB_chr05	403750001	404000000	9023	30046	0.0212	0.0610	b
HAPB_chr05	404000001	404250000	6996	42490	0.0164	0.0863	b
HAPB_chr05	404250001	404500000	8006	33831	0.0188	0.0687	b
HAPB_chr05	404500001	404750000	7580	35305	0.0178	0.0717	b
HAPB_chr05	404750001	405000000	8991	39645	0.0211	0.0805	b
HAPB_chr05	405000001	405250000	7700	35097	0.0181	0.0713	b
HAPB_chr05	405250001	405500000	9815	32731	0.0230	0.0665	b
HAPB_chr05	405500001	405750000	8862	22616	0.0208	0.0459	b
HAPB_chr05	405750001	406000000	10160	25322	0.0239	0.0514	b
HAPB_chr05	406000001	406250000	9159	34788	0.0215	0.0707	b
HAPB_chr05	406250001	406500000	8329	35883	0.0196	0.0729	b
HAPB_chr05	406500001	406750000	14590	31700	0.0342	0.0644	ambiguous
HAPB_chr05	406750001	407000000	11888	35086	0.0279	0.0713	b
HAPB_chr05	407000001	407250000	11572	33761	0.0272	0.0686	b
HAPB_chr05	407250001	407500000	6847	31832	0.0161	0.0647	b
HAPB_chr05	407500001	407750000	7884	34526	0.0185	0.0701	b
HAPB_chr05	407750001	408000000	7301	38507	0.0171	0.0782	b
HAPB_chr05	408000001	408250000	6865	28086	0.0161	0.0570	b
HAPB_chr05	408250001	408500000	7884	23443	0.0185	0.0476	b
HAPB_chr05	408500001	408750000	9514	38318	0.0223	0.0778	b
HAPB_chr05	408750001	409000000	7022	34642	0.0165	0.0704	b
HAPB_chr05	409000001	409250000	10031	34916	0.0235	0.0709	b
HAPB_chr05	409250001	409500000	7337	38013	0.0172	0.0772	b
HAPB_chr05	409500001	409750000	8310	35484	0.0195	0.0721	b
HAPB_chr05	409750001	410000000	7104	34494	0.0167	0.0701	b
HAPB_chr05	410000001	410250000	7712	30796	0.0181	0.0625	b
HAPB_chr05	410250001	410500000	7056	41430	0.0166	0.0841	b
HAPB_chr05	410500001	410750000	8960	30274	0.0210	0.0615	b
HAPB_chr05	410750001	411000000	9681	35428	0.0227	0.0720	b
HAPB_chr05	411000001	411250000	8922	35435	0.0209	0.0720	b
HAPB_chr05	411250001	411500000	13873	25880	0.0326	0.0526	ambiguous
HAPB_chr05	411500001	411750000	7005	24469	0.0164	0.0497	b
HAPB_chr05	411750001	412000000	9274	26419	0.0218	0.0537	b
HAPB_chr05	412000001	412250000	9062	38328	0.0213	0.0778	b
HAPB_chr05	412250001	412500000	12986	37907	0.0305	0.0770	b
HAPB_chr05	412500001	412750000	14041	30811	0.0330	0.0626	ambiguous
HAPB_chr05	412750001	413000000	8941	29107	0.0210	0.0591	b
HAPB_chr05	413000001	413250000	8544	39024	0.0201	0.0793	b
HAPB_chr05	413250001	413500000	6086	43242	0.0143	0.0878	b
HAPB_chr05	413500001	413750000	6331	39353	0.0149	0.0799	b
HAPB_chr05	413750001	414000000	9725	31426	0.0228	0.0638	b
HAPB_chr05	414000001	414250000	10636	27730	0.0250	0.0563	b
HAPB_chr05	414250001	414500000	9945	29625	0.0233	0.0602	b
HAPB_chr05	414500001	414750000	7999	36956	0.0188	0.0751	b
HAPB_chr05	414750001	415000000	8306	25017	0.0195	0.0508	b
HAPB_chr05	415000001	415250000	8323	27827	0.0195	0.0565	b
HAPB_chr05	415250001	415500000	6331	35474	0.0149	0.0720	b
HAPB_chr05	415500001	415750000	9748	30575	0.0229	0.0621	b
HAPB_chr05	415750001	416000000	8683	37418	0.0204	0.0760	b
HAPB_chr05	416000001	416250000	9647	42163	0.0226	0.0856	b
HAPB_chr05	416250001	416500000	8747	33073	0.0205	0.0672	b
HAPB_chr05	416500001	416750000	10775	30025	0.0253	0.0610	b
HAPB_chr05	416750001	417000000	9158	28532	0.0215	0.0580	b
HAPB_chr05	417000001	417250000	7383	28315	0.0173	0.0575	b
HAPB_chr05	417250001	417500000	8544	29036	0.0201	0.0590	b
HAPB_chr05	417500001	417750000	6159	35056	0.0145	0.0712	b
HAPB_chr05	417750001	418000000	7923	33193	0.0186	0.0674	b
HAPB_chr05	418000001	418250000	7250	27012	0.0170	0.0549	b
HAPB_chr05	418250001	418500000	8469	24569	0.0199	0.0499	b
HAPB_chr05	418500001	418750000	8292	28525	0.0195	0.0579	b
HAPB_chr05	418750001	419000000	9059	11625	0.0213	0.0236	ambiguous
HAPB_chr05	419000001	419250000	8330	36228	0.0196	0.0736	b
HAPB_chr05	419250001	419500000	7050	32959	0.0165	0.0669	b
HAPB_chr05	419500001	419750000	9204	38377	0.0216	0.0779	b
HAPB_chr05	419750001	420000000	7518	26265	0.0176	0.0533	b
HAPB_chr05	420000001	420250000	8278	37369	0.0194	0.0759	b
HAPB_chr05	420250001	420500000	8913	38144	0.0209	0.0775	b
HAPB_chr05	420500001	420750000	9183	23971	0.0216	0.0487	b
HAPB_chr05	420750001	421000000	6749	31509	0.0158	0.0640	b
HAPB_chr05	421000001	421250000	8522	41584	0.0200	0.0845	b
HAPB_chr05	421250001	421500000	10095	23555	0.0237	0.0478	b
HAPB_chr05	421500001	421750000	9703	31727	0.0228	0.0644	b
HAPB_chr05	421750001	422000000	9515	35881	0.0223	0.0729	b
HAPB_chr05	422000001	422250000	9627	41015	0.0226	0.0833	b
HAPB_chr05	422250001	422500000	12837	30404	0.0301	0.0618	b
HAPB_chr05	422500001	422750000	10356	28240	0.0243	0.0574	b
HAPB_chr05	422750001	423000000	12007	26373	0.0282	0.0536	ambiguous
HAPB_chr05	423000001	423250000	9403	33878	0.0221	0.0688	b
HAPB_chr05	423250001	423500000	10923	34729	0.0256	0.0705	b
HAPB_chr05	423500001	423750000	6983	30089	0.0164	0.0611	b
HAPB_chr05	423750001	424000000	11073	29006	0.0260	0.0589	b
HAPB_chr05	424000001	424250000	9189	28446	0.0216	0.0578	b
HAPB_chr05	424250001	424500000	9034	35513	0.0212	0.0721	b
HAPB_chr05	424500001	424750000	8276	24147	0.0194	0.0490	b
HAPB_chr05	424750001	425000000	9696	31434	0.0228	0.0638	b
HAPB_chr05	425000001	425250000	9493	19506	0.0223	0.0396	ambiguous
HAPB_chr05	425250001	425500000	8286	31015	0.0195	0.0630	b
HAPB_chr05	425500001	425750000	9255	25640	0.0217	0.0521	b
HAPB_chr05	425750001	426000000	9942	33646	0.0233	0.0683	b
HAPB_chr05	426000001	426250000	9543	29109	0.0224	0.0591	b
HAPB_chr05	426250001	426500000	10339	33420	0.0243	0.0679	b
HAPB_chr05	426500001	426750000	12867	35347	0.0302	0.0718	b
HAPB_chr05	426750001	427000000	8414	41497	0.0198	0.0843	b
HAPB_chr05	427000001	427250000	10285	27802	0.0241	0.0565	b
HAPB_chr05	427250001	427500000	7722	15630	0.0181	0.0317	ambiguous
HAPB_chr05	427500001	427750000	11614	25312	0.0273	0.0514	ambiguous
HAPB_chr05	427750001	428000000	8970	23773	0.0211	0.0483	b
HAPB_chr05	428000001	428250000	12162	30755	0.0286	0.0625	b
HAPB_chr05	428250001	428500000	10078	30825	0.0237	0.0626	b
HAPB_chr05	428500001	428750000	10355	29048	0.0243	0.0590	b
HAPB_chr05	428750001	429000000	11364	27220	0.0267	0.0553	b
HAPB_chr05	429000001	429250000	8086	31225	0.0190	0.0634	b
HAPB_chr05	429250001	429500000	9168	29438	0.0215	0.0598	b
HAPB_chr05	429500001	429750000	8477	23511	0.0199	0.0478	b
HAPB_chr05	429750001	430000000	12953	27082	0.0304	0.0550	ambiguous
HAPB_chr05	430000001	430250000	9427	35387	0.0221	0.0719	b
HAPB_chr05	430250001	430500000	8303	32755	0.0195	0.0665	b
HAPB_chr05	430500001	430750000	9894	19454	0.0232	0.0395	ambiguous
HAPB_chr05	430750001	431000000	12279	25911	0.0288	0.0526	ambiguous
HAPB_chr05	431000001	431250000	13053	30554	0.0306	0.0621	b
HAPB_chr05	431250001	431500000	10178	29242	0.0239	0.0594	b
HAPB_chr05	431500001	431750000	8585	38345	0.0202	0.0779	b
HAPB_chr05	431750001	432000000	10054	36447	0.0236	0.0740	b
HAPB_chr05	432000001	432250000	2700	24670	0.0063	0.0501	b
HAPB_chr05	432250001	432500000	4312	20717	0.0101	0.0421	b
HAPB_chr05	432500001	432750000	10365	20233	0.0243	0.0411	ambiguous
HAPB_chr05	432750001	433000000	12080	28760	0.0284	0.0584	b
HAPB_chr05	433000001	433250000	9158	28182	0.0215	0.0572	b
HAPB_chr05	433250001	433500000	11199	28197	0.0263	0.0573	b
HAPB_chr05	433500001	433750000	8710	37224	0.0204	0.0756	b
HAPB_chr05	433750001	434000000	8818	32196	0.0207	0.0654	b
HAPB_chr05	434000001	434250000	8340	28598	0.0196	0.0581	b
HAPB_chr05	434250001	434500000	8056	28622	0.0189	0.0581	b
HAPB_chr05	434500001	434750000	6615	28014	0.0155	0.0569	b
HAPB_chr05	434750001	435000000	10748	28709	0.0252	0.0583	b
HAPB_chr05	435000001	435250000	10024	29137	0.0235	0.0592	b
HAPB_chr05	435250001	435500000	10543	33086	0.0247	0.0672	b
HAPB_chr05	435500001	435750000	12755	36889	0.0299	0.0749	b
HAPB_chr05	435750001	436000000	11648	33954	0.0273	0.0690	b
HAPB_chr05	436000001	436250000	14196	22382	0.0333	0.0455	ambiguous
HAPB_chr05	436250001	436500000	13115	31723	0.0308	0.0644	b
HAPB_chr05	436500001	436750000	9837	30138	0.0231	0.0612	b
HAPB_chr05	436750001	437000000	9297	29398	0.0218	0.0597	b
HAPB_chr05	437000001	437250000	6440	29769	0.0151	0.0605	b
HAPB_chr05	437250001	437500000	8850	27431	0.0208	0.0557	b
HAPB_chr05	437500001	437750000	7472	35525	0.0175	0.0722	b
HAPB_chr05	437750001	438000000	10006	26743	0.0235	0.0543	b
HAPB_chr05	438000001	438250000	11528	31373	0.0271	0.0637	b
HAPB_chr05	438250001	438500000	9229	34253	0.0217	0.0696	b
HAPB_chr05	438500001	438750000	10659	37128	0.0250	0.0754	b
HAPB_chr05	438750001	439000000	10594	29803	0.0249	0.0605	b
HAPB_chr05	439000001	439250000	11724	32703	0.0275	0.0664	b
HAPB_chr05	439250001	439500000	12442	24104	0.0292	0.0490	ambiguous
HAPB_chr05	439500001	439750000	10550	26785	0.0248	0.0544	b
HAPB_chr05	439750001	440000000	7613	29514	0.0179	0.0599	b
HAPB_chr05	440000001	440250000	8182	35853	0.0192	0.0728	b
HAPB_chr05	440250001	440500000	6460	25877	0.0152	0.0526	b
HAPB_chr05	440500001	440750000	6416	20681	0.0151	0.0420	b
HAPB_chr05	440750001	441000000	6297	11333	0.0148	0.0230	ambiguous
HAPB_chr05	441000001	441250000	5200	24550	0.0122	0.0499	b
HAPB_chr05	441250001	441500000	8791	33943	0.0206	0.0689	b
HAPB_chr05	441500001	441750000	10049	32291	0.0236	0.0656	b
HAPB_chr05	441750001	442000000	9031	44472	0.0212	0.0903	b
HAPB_chr05	442000001	442250000	13256	31880	0.0311	0.0648	b
HAPB_chr05	442250001	442500000	9127	29087	0.0214	0.0591	b
HAPB_chr05	442500001	442750000	9418	29204	0.0221	0.0593	b
HAPB_chr05	442750001	443000000	10462	25615	0.0246	0.0520	b
HAPB_chr05	443000001	443250000	7567	33929	0.0178	0.0689	b
HAPB_chr05	443250001	443500000	9401	37644	0.0221	0.0765	b
HAPB_chr05	443500001	443750000	10543	25318	0.0247	0.0514	b
HAPB_chr05	443750001	444000000	10023	37430	0.0235	0.0760	b
HAPB_chr05	444000001	444250000	10197	29715	0.0239	0.0604	b
HAPB_chr05	444250001	444500000	7629	26233	0.0179	0.0533	b
HAPB_chr05	444500001	444750000	7936	38979	0.0186	0.0792	b
HAPB_chr05	444750001	445000000	11978	34284	0.0281	0.0696	b
HAPB_chr05	445000001	445250000	8228	25801	0.0193	0.0524	b
HAPB_chr05	445250001	445500000	10891	21503	0.0256	0.0437	ambiguous
HAPB_chr05	445500001	445750000	9651	17233	0.0227	0.0350	ambiguous
HAPB_chr05	445750001	446000000	10829	28609	0.0254	0.0581	b
HAPB_chr05	446000001	446250000	8960	37686	0.0210	0.0765	b
HAPB_chr05	446250001	446500000	10368	25027	0.0243	0.0508	b
HAPB_chr05	446500001	446750000	10286	31139	0.0241	0.0632	b
HAPB_chr05	446750001	447000000	8397	38714	0.0197	0.0786	b
HAPB_chr05	447000001	447250000	9764	29747	0.0229	0.0604	b
HAPB_chr05	447250001	447500000	7900	40927	0.0185	0.0831	b
HAPB_chr05	447500001	447750000	7223	37003	0.0170	0.0752	b
HAPB_chr05	447750001	448000000	12546	30566	0.0295	0.0621	b
HAPB_chr05	448000001	448250000	9094	28497	0.0213	0.0579	b
HAPB_chr05	448250001	448500000	10253	29180	0.0241	0.0593	b
HAPB_chr05	448500001	448750000	7033	36488	0.0165	0.0741	b
HAPB_chr05	448750001	449000000	8467	37895	0.0199	0.0770	b
HAPB_chr05	449000001	449250000	9332	32759	0.0219	0.0665	b
HAPB_chr05	449250001	449500000	9502	26606	0.0223	0.0540	b
HAPB_chr05	449500001	449750000	9491	35499	0.0223	0.0721	b
HAPB_chr05	449750001	450000000	10462	26063	0.0246	0.0529	b
HAPB_chr05	450000001	450250000	8453	38463	0.0198	0.0781	b
HAPB_chr05	450250001	450500000	10090	30805	0.0237	0.0626	b
HAPB_chr05	450500001	450750000	12194	37550	0.0286	0.0763	b
HAPB_chr05	450750001	451000000	8812	40983	0.0207	0.0832	b
HAPB_chr05	451000001	451250000	8573	33254	0.0201	0.0675	b
HAPB_chr05	451250001	451500000	7442	31736	0.0175	0.0645	b
HAPB_chr05	451500001	451750000	7706	32776	0.0181	0.0666	b
HAPB_chr05	451750001	452000000	10643	26597	0.0250	0.0540	b
HAPB_chr05	452000001	452250000	9336	27569	0.0219	0.0560	b
HAPB_chr05	452250001	452500000	9441	29051	0.0222	0.0590	b
HAPB_chr05	452500001	452750000	10671	24884	0.0251	0.0505	b
HAPB_chr05	452750001	453000000	9411	29165	0.0221	0.0592	b
HAPB_chr05	453000001	453250000	10118	25441	0.0238	0.0517	b
HAPB_chr05	453250001	453500000	11918	26928	0.0280	0.0547	ambiguous
HAPB_chr05	453500001	453750000	7736	35525	0.0182	0.0722	b
HAPB_chr05	453750001	454000000	7821	37152	0.0184	0.0755	b
HAPB_chr05	454000001	454250000	6966	27070	0.0164	0.0550	b
HAPB_chr05	454250001	454500000	10036	27920	0.0236	0.0567	b
HAPB_chr05	454500001	454750000	8662	26786	0.0203	0.0544	b
HAPB_chr05	454750001	455000000	8688	39224	0.0204	0.0797	b
HAPB_chr05	455000001	455250000	6987	36114	0.0164	0.0733	b
HAPB_chr05	455250001	455500000	11784	27246	0.0277	0.0553	b
HAPB_chr05	455500001	455750000	10800	33651	0.0254	0.0683	b
HAPB_chr05	455750001	456000000	7732	30091	0.0182	0.0611	b
HAPB_chr05	456000001	456250000	5711	32797	0.0134	0.0666	b
HAPB_chr05	456250001	456500000	5789	22813	0.0136	0.0463	b
HAPB_chr05	456500001	456750000	9733	22576	0.0228	0.0459	b
HAPB_chr05	456750001	457000000	8289	15421	0.0195	0.0313	ambiguous
HAPB_chr05	457000001	457250000	8843	24507	0.0208	0.0498	b
HAPB_chr05	457250001	457500000	9200	37008	0.0216	0.0752	b
HAPB_chr05	457500001	457750000	8777	37797	0.0206	0.0768	b
HAPB_chr05	457750001	458000000	11611	27459	0.0273	0.0558	b
HAPB_chr05	458000001	458250000	6435	44940	0.0151	0.0913	b
HAPB_chr05	458250001	458500000	8945	24481	0.0210	0.0497	b
HAPB_chr05	458500001	458750000	7581	29375	0.0178	0.0597	b
HAPB_chr05	458750001	459000000	18697	25164	0.0439	0.0511	ambiguous
HAPB_chr05	459000001	459250000	15333	21318	0.0360	0.0433	ambiguous
HAPB_chr05	459250001	459500000	16211	23652	0.0381	0.0480	ambiguous
HAPB_chr05	459500001	459750000	14647	19455	0.0344	0.0395	ambiguous
HAPB_chr05	459750001	460000000	17923	18959	0.0421	0.0385	ambiguous
HAPB_chr05	460000001	460250000	25419	20994	0.0597	0.0426	ambiguous
HAPB_chr05	460250001	460500000	19404	24167	0.0456	0.0491	ambiguous
HAPB_chr05	460500001	460750000	11057	39290	0.0260	0.0798	b
HAPB_chr05	460750001	461000000	9472	35871	0.0222	0.0729	b
HAPB_chr05	461000001	461250000	7534	37767	0.0177	0.0767	b
HAPB_chr05	461250001	461500000	9806	31774	0.0230	0.0645	b
HAPB_chr05	461500001	461750000	10273	27667	0.0241	0.0562	b
HAPB_chr05	461750001	462000000	7674	30315	0.0180	0.0616	b
HAPB_chr05	462000001	462250000	12626	31110	0.0296	0.0632	b
HAPB_chr05	462250001	462500000	10643	38091	0.0250	0.0774	b
HAPB_chr05	462500001	462750000	7717	32510	0.0181	0.0660	b
HAPB_chr05	462750001	463000000	7132	32194	0.0167	0.0654	b
HAPB_chr05	463000001	463250000	9861	39045	0.0231	0.0793	b
HAPB_chr05	463250001	463500000	9171	33458	0.0215	0.0680	b
HAPB_chr05	463500001	463750000	10065	30213	0.0236	0.0614	b
HAPB_chr05	463750001	464000000	8966	31042	0.0210	0.0630	b
HAPB_chr05	464000001	464250000	9265	14617	0.0217	0.0297	ambiguous
HAPB_chr05	464250001	464500000	5998	19434	0.0141	0.0395	b
HAPB_chr05	464500001	464750000	12463	33802	0.0293	0.0687	b
HAPB_chr05	464750001	465000000	13946	32808	0.0327	0.0666	b
HAPB_chr05	465000001	465250000	9486	42092	0.0223	0.0855	b
HAPB_chr05	465250001	465500000	8019	31411	0.0188	0.0638	b
HAPB_chr05	465500001	465750000	9478	35208	0.0222	0.0715	b
HAPB_chr05	465750001	466000000	7119	23114	0.0167	0.0469	b
HAPB_chr05	466000001	466250000	9311	32752	0.0219	0.0665	b
HAPB_chr05	466250001	466500000	5906	33896	0.0139	0.0688	b
HAPB_chr05	466500001	466750000	7653	26377	0.0180	0.0536	b
HAPB_chr05	466750001	467000000	8578	30868	0.0201	0.0627	b
HAPB_chr05	467000001	467250000	7135	37260	0.0167	0.0757	b
HAPB_chr05	467250001	467500000	12250	47499	0.0288	0.0965	b
HAPB_chr05	467500001	467750000	11338	25536	0.0266	0.0519	ambiguous
HAPB_chr05	467750001	468000000	10825	36822	0.0254	0.0748	b
HAPB_chr05	468000001	468250000	9979	18954	0.0234	0.0385	ambiguous
HAPB_chr05	468250001	468500000	7481	35119	0.0176	0.0713	b
HAPB_chr05	468500001	468750000	8301	38660	0.0195	0.0785	b
HAPB_chr05	468750001	469000000	10033	29189	0.0236	0.0593	b
HAPB_chr05	469000001	469250000	10459	33751	0.0246	0.0686	b
HAPB_chr05	469250001	469500000	10431	38342	0.0245	0.0779	b
HAPB_chr05	469500001	469750000	6724	37236	0.0158	0.0756	b
HAPB_chr05	469750001	470000000	11165	40049	0.0262	0.0813	b
HAPB_chr05	470000001	470250000	12548	37102	0.0295	0.0754	b
HAPB_chr05	470250001	470500000	9491	33589	0.0223	0.0682	b
HAPB_chr05	470500001	470750000	9407	39679	0.0221	0.0806	b
HAPB_chr05	470750001	471000000	7892	33777	0.0185	0.0686	b
HAPB_chr05	471000001	471250000	11757	37959	0.0276	0.0771	b
HAPB_chr05	471250001	471500000	6552	25420	0.0154	0.0516	b
HAPB_chr05	471500001	471750000	9685	36954	0.0227	0.0751	b
HAPB_chr05	471750001	472000000	9309	31789	0.0219	0.0646	b
HAPB_chr05	472000001	472250000	8938	26551	0.0210	0.0539	b
HAPB_chr05	472250001	472500000	6478	30965	0.0152	0.0629	b
HAPB_chr05	472500001	472750000	10633	26012	0.0250	0.0528	b
HAPB_chr05	472750001	473000000	13599	30705	0.0319	0.0624	ambiguous
HAPB_chr05	473000001	473250000	11517	30366	0.0270	0.0617	b
HAPB_chr05	473250001	473500000	10645	28031	0.0250	0.0569	b
HAPB_chr05	473500001	473750000	10633	28994	0.0250	0.0589	b
HAPB_chr05	473750001	474000000	8699	32511	0.0204	0.0660	b
HAPB_chr05	474000001	474250000	9324	34870	0.0219	0.0708	b
HAPB_chr05	474250001	474500000	16664	28937	0.0391	0.0588	ambiguous
HAPB_chr05	474500001	474750000	7610	28028	0.0179	0.0569	b
HAPB_chr05	474750001	475000000	9954	26850	0.0234	0.0545	b
HAPB_chr05	475000001	475250000	8919	27048	0.0209	0.0549	b
HAPB_chr05	475250001	475500000	8639	29429	0.0203	0.0598	b
HAPB_chr05	475500001	475750000	7803	33816	0.0183	0.0687	b
HAPB_chr05	475750001	476000000	7027	26004	0.0165	0.0528	b
HAPB_chr05	476000001	476250000	11943	26305	0.0280	0.0534	ambiguous
HAPB_chr05	476250001	476500000	14772	24805	0.0347	0.0504	ambiguous
HAPB_chr05	476500001	476750000	11626	22480	0.0273	0.0457	ambiguous
HAPB_chr05	476750001	477000000	8303	32036	0.0195	0.0651	b
HAPB_chr05	477000001	477250000	8947	29424	0.0210	0.0598	b
HAPB_chr05	477250001	477500000	6364	40356	0.0149	0.0820	b
HAPB_chr05	477500001	477750000	10487	39773	0.0246	0.0808	b
HAPB_chr05	477750001	478000000	12736	28265	0.0299	0.0574	ambiguous
HAPB_chr05	478000001	478250000	12189	34999	0.0286	0.0711	b
HAPB_chr05	478250001	478500000	11648	33904	0.0273	0.0689	b
HAPB_chr05	478500001	478750000	8293	33519	0.0195	0.0681	b
HAPB_chr05	478750001	479000000	7842	30001	0.0184	0.0609	b
HAPB_chr05	479000001	479250000	9914	29128	0.0233	0.0592	b
HAPB_chr05	479250001	479500000	7465	28132	0.0175	0.0571	b
HAPB_chr05	479500001	479750000	9720	39563	0.0228	0.0804	b
HAPB_chr05	479750001	480000000	6200	17021	0.0146	0.0346	b
HAPB_chr05	480000001	480250000	624	1632	0.0015	0.0033	b
HAPB_chr05	480250001	480500000	1090	2387	0.0026	0.0048	ambiguous
HAPB_chr05	480500001	480750000	7817	31905	0.0184	0.0648	b
HAPB_chr05	480750001	481000000	11205	34436	0.0263	0.0699	b
HAPB_chr05	481000001	481250000	11362	28016	0.0267	0.0569	b
HAPB_chr05	481250001	481500000	7516	33486	0.0176	0.0680	b
HAPB_chr05	481500001	481750000	7755	39308	0.0182	0.0798	b
HAPB_chr05	481750001	482000000	9739	39308	0.0229	0.0798	b
HAPB_chr05	482000001	482250000	8968	21624	0.0211	0.0439	b
HAPB_chr05	482250001	482500000	7490	26701	0.0176	0.0542	b
HAPB_chr05	482500001	482750000	7787	31220	0.0183	0.0634	b
HAPB_chr05	482750001	483000000	8137	28925	0.0191	0.0587	b
HAPB_chr05	483000001	483250000	8118	35717	0.0191	0.0725	b
HAPB_chr05	483250001	483500000	9955	19666	0.0234	0.0399	ambiguous
HAPB_chr05	483500001	483750000	12627	31900	0.0296	0.0648	b
HAPB_chr05	483750001	484000000	7333	27547	0.0172	0.0559	b
HAPB_chr05	484000001	484250000	9420	27376	0.0221	0.0556	b
HAPB_chr05	484250001	484500000	10513	35643	0.0247	0.0724	b
HAPB_chr05	484500001	484750000	7850	32989	0.0184	0.0670	b
HAPB_chr05	484750001	485000000	8339	25858	0.0196	0.0525	b
HAPB_chr05	485000001	485250000	9560	36887	0.0224	0.0749	b
HAPB_chr05	485250001	485500000	10116	32809	0.0237	0.0666	b
HAPB_chr05	485500001	485750000	8839	26645	0.0207	0.0541	b
HAPB_chr05	485750001	486000000	8118	25500	0.0191	0.0518	b
HAPB_chr05	486000001	486250000	7828	35487	0.0184	0.0721	b
HAPB_chr05	486250001	486500000	9040	37907	0.0212	0.0770	b
HAPB_chr05	486500001	486750000	7168	31659	0.0168	0.0643	b
HAPB_chr05	486750001	487000000	9902	33572	0.0232	0.0682	b
HAPB_chr05	487000001	487250000	9157	35783	0.0215	0.0727	b
HAPB_chr05	487250001	487500000	8043	34186	0.0189	0.0694	b
HAPB_chr05	487500001	487750000	10635	41480	0.0250	0.0842	b
HAPB_chr05	487750001	488000000	10086	35877	0.0237	0.0729	b
HAPB_chr05	488000001	488250000	10721	35245	0.0252	0.0716	b
HAPB_chr05	488250001	488500000	8457	29973	0.0199	0.0609	b
HAPB_chr05	488500001	488750000	9615	25912	0.0226	0.0526	b
HAPB_chr05	488750001	489000000	9236	27810	0.0217	0.0565	b
HAPB_chr05	489000001	489250000	11924	31813	0.0280	0.0646	b
HAPB_chr05	489250001	489500000	11308	23114	0.0265	0.0469	ambiguous
HAPB_chr05	489500001	489750000	7212	33408	0.0169	0.0679	b
HAPB_chr05	489750001	490000000	7497	35327	0.0176	0.0718	b
HAPB_chr05	490000001	490250000	9905	39671	0.0233	0.0806	b
HAPB_chr05	490250001	490500000	11135	30727	0.0261	0.0624	b
HAPB_chr05	490500001	490750000	7586	46693	0.0178	0.0948	b
HAPB_chr05	490750001	491000000	8656	33795	0.0203	0.0686	b
HAPB_chr05	491000001	491250000	7416	25312	0.0174	0.0514	b
HAPB_chr05	491250001	491500000	8908	28442	0.0209	0.0578	b
HAPB_chr05	491500001	491750000	9559	32740	0.0224	0.0665	b
HAPB_chr05	491750001	492000000	6862	34026	0.0161	0.0691	b
HAPB_chr05	492000001	492250000	10750	30892	0.0252	0.0627	b
HAPB_chr05	492250001	492500000	7733	25129	0.0182	0.0510	b
HAPB_chr05	492500001	492750000	8296	41182	0.0195	0.0836	b
HAPB_chr05	492750001	493000000	11487	28429	0.0270	0.0577	b
HAPB_chr05	493000001	493250000	6724	33000	0.0158	0.0670	b
HAPB_chr05	493250001	493500000	7455	28999	0.0175	0.0589	b
HAPB_chr05	493500001	493750000	9694	21339	0.0228	0.0433	ambiguous
HAPB_chr05	493750001	494000000	6020	30204	0.0141	0.0613	b
HAPB_chr05	494000001	494250000	11438	34635	0.0269	0.0703	b
HAPB_chr05	494250001	494500000	9632	35284	0.0226	0.0717	b
HAPB_chr05	494500001	494750000	15063	33157	0.0354	0.0673	ambiguous
HAPB_chr05	494750001	495000000	7295	25873	0.0171	0.0525	b
HAPB_chr05	495000001	495250000	6623	38890	0.0155	0.0790	b
HAPB_chr05	495250001	495500000	8538	30401	0.0200	0.0617	b
HAPB_chr05	495500001	495750000	5787	37421	0.0136	0.0760	b
HAPB_chr05	495750001	496000000	3932	24515	0.0092	0.0498	b
HAPB_chr05	496000001	496250000	7585	34001	0.0178	0.0691	b
HAPB_chr05	496250001	496500000	14376	31617	0.0337	0.0642	ambiguous
HAPB_chr05	496500001	496750000	7641	25250	0.0179	0.0513	b
HAPB_chr05	496750001	497000000	9079	42859	0.0213	0.0870	b
HAPB_chr05	497000001	497250000	6989	22266	0.0164	0.0452	b
HAPB_chr05	497250001	497500000	9548	22979	0.0224	0.0467	b
HAPB_chr05	497500001	497750000	6594	27722	0.0155	0.0563	b
HAPB_chr05	497750001	498000000	11895	21458	0.0279	0.0436	ambiguous
HAPB_chr05	498000001	498250000	8817	36827	0.0207	0.0748	b
HAPB_chr05	498250001	498500000	7193	34233	0.0169	0.0695	b
HAPB_chr05	498500001	498750000	10391	22846	0.0244	0.0464	ambiguous
HAPB_chr05	498750001	499000000	6160	20941	0.0145	0.0425	b
HAPB_chr05	499000001	499250000	9474	33908	0.0222	0.0689	b
HAPB_chr05	499250001	499500000	7844	18158	0.0184	0.0369	b
HAPB_chr05	499500001	499750000	9627	33537	0.0226	0.0681	b
HAPB_chr05	499750001	500000000	4884	33136	0.0115	0.0673	b
HAPB_chr05	500000001	500250000	7529	39825	0.0177	0.0809	b
HAPB_chr05	500250001	500500000	6814	25525	0.0160	0.0518	b
HAPB_chr05	500500001	500750000	5594	20672	0.0131	0.0420	b
HAPB_chr05	500750001	501000000	8353	30097	0.0196	0.0611	b
HAPB_chr05	501000001	501250000	8259	28618	0.0194	0.0581	b
HAPB_chr05	501250001	501500000	6768	40353	0.0159	0.0820	b
HAPB_chr05	501500001	501750000	8716	29465	0.0205	0.0598	b
HAPB_chr05	501750001	502000000	7471	27257	0.0175	0.0554	b
HAPB_chr05	502000001	502250000	8727	24826	0.0205	0.0504	b
HAPB_chr05	502250001	502500000	7290	39792	0.0171	0.0808	b
HAPB_chr05	502500001	502750000	8774	27141	0.0206	0.0551	b
HAPB_chr05	502750001	503000000	6346	32314	0.0149	0.0656	b
HAPB_chr05	503000001	503250000	9078	38346	0.0213	0.0779	b
HAPB_chr05	503250001	503500000	8203	33898	0.0193	0.0688	b
HAPB_chr05	503500001	503750000	12419	32765	0.0292	0.0665	b
HAPB_chr05	503750001	504000000	11072	29920	0.0260	0.0608	b
HAPB_chr05	504000001	504250000	7514	37116	0.0176	0.0754	b
HAPB_chr05	504250001	504500000	9849	25380	0.0231	0.0515	b
HAPB_chr05	504500001	504750000	9710	21423	0.0228	0.0435	ambiguous
HAPB_chr05	504750001	505000000	7259	19663	0.0170	0.0399	b
HAPB_chr05	505000001	505250000	9885	30250	0.0232	0.0614	b
HAPB_chr05	505250001	505500000	9390	28099	0.0220	0.0571	b
HAPB_chr05	505500001	505750000	7027	36848	0.0165	0.0748	b
HAPB_chr05	505750001	506000000	8893	40239	0.0209	0.0817	b
HAPB_chr05	506000001	506250000	10018	28558	0.0235	0.0580	b
HAPB_chr05	506250001	506500000	6994	35369	0.0164	0.0718	b
HAPB_chr05	506500001	506750000	8429	43687	0.0198	0.0887	b
HAPB_chr05	506750001	507000000	11023	38673	0.0259	0.0785	b
HAPB_chr05	507000001	507250000	6985	29035	0.0164	0.0590	b
HAPB_chr05	507250001	507500000	10907	30270	0.0256	0.0615	b
HAPB_chr05	507500001	507750000	7747	45801	0.0182	0.0930	b
HAPB_chr05	507750001	508000000	8239	25901	0.0193	0.0526	b
HAPB_chr05	508000001	508250000	9827	32649	0.0231	0.0663	b
HAPB_chr05	508250001	508500000	13494	38519	0.0317	0.0782	b
HAPB_chr05	508500001	508750000	8872	18616	0.0208	0.0378	ambiguous
HAPB_chr05	508750001	509000000	10101	23308	0.0237	0.0473	ambiguous
HAPB_chr05	509000001	509250000	8881	27329	0.0208	0.0555	b
HAPB_chr05	509250001	509500000	7772	31251	0.0182	0.0635	b
HAPB_chr05	509500001	509750000	5446	34740	0.0128	0.0706	b
HAPB_chr05	509750001	510000000	10642	26041	0.0250	0.0529	b
HAPB_chr05	510000001	510250000	10229	32205	0.0240	0.0654	b
HAPB_chr05	510250001	510500000	11536	28890	0.0271	0.0587	b
HAPB_chr05	510500001	510750000	9465	32254	0.0222	0.0655	b
HAPB_chr05	510750001	511000000	10411	28372	0.0244	0.0576	b
HAPB_chr05	511000001	511250000	11246	42579	0.0264	0.0865	b
HAPB_chr05	511250001	511500000	8487	31937	0.0199	0.0649	b
HAPB_chr05	511500001	511750000	12485	34292	0.0293	0.0696	b
HAPB_chr05	511750001	512000000	6364	32756	0.0149	0.0665	b
HAPB_chr05	512000001	512250000	7259	32849	0.0170	0.0667	b
HAPB_chr05	512250001	512500000	5788	32705	0.0136	0.0664	b
HAPB_chr05	512500001	512750000	8673	31109	0.0204	0.0632	b
HAPB_chr05	512750001	513000000	6561	36494	0.0154	0.0741	b
HAPB_chr05	513000001	513250000	6258	31721	0.0147	0.0644	b
HAPB_chr05	513250001	513500000	8977	28619	0.0211	0.0581	b
HAPB_chr05	513500001	513750000	9888	27848	0.0232	0.0566	b
HAPB_chr05	513750001	514000000	7389	37382	0.0173	0.0759	b
HAPB_chr05	514000001	514250000	8113	45909	0.0190	0.0932	b
HAPB_chr05	514250001	514500000	9665	25067	0.0227	0.0509	b
HAPB_chr05	514500001	514750000	10266	38150	0.0241	0.0775	b
HAPB_chr05	514750001	515000000	12085	32175	0.0284	0.0653	b
HAPB_chr05	515000001	515250000	9080	31467	0.0213	0.0639	b
HAPB_chr05	515250001	515500000	9415	27247	0.0221	0.0553	b
HAPB_chr05	515500001	515750000	9332	29587	0.0219	0.0601	b
HAPB_chr05	515750001	516000000	9361	37771	0.0220	0.0767	b
HAPB_chr05	516000001	516250000	9990	41546	0.0235	0.0844	b
HAPB_chr05	516250001	516500000	7940	39750	0.0186	0.0807	b
HAPB_chr05	516500001	516750000	6344	39652	0.0149	0.0805	b
HAPB_chr05	516750001	517000000	6966	29986	0.0164	0.0609	b
HAPB_chr05	517000001	517250000	10394	32203	0.0244	0.0654	b
HAPB_chr05	517250001	517500000	9653	29674	0.0227	0.0603	b
HAPB_chr05	517500001	517750000	6774	34098	0.0159	0.0693	b
HAPB_chr05	517750001	518000000	8928	37860	0.0210	0.0769	b
HAPB_chr05	518000001	518250000	8601	35384	0.0202	0.0719	b
HAPB_chr05	518250001	518500000	9070	30781	0.0213	0.0625	b
HAPB_chr05	518500001	518750000	10433	22359	0.0245	0.0454	ambiguous
HAPB_chr05	518750001	519000000	9222	25800	0.0216	0.0524	b
HAPB_chr05	519000001	519250000	6863	23523	0.0161	0.0478	b
HAPB_chr05	519250001	519500000	8630	38523	0.0203	0.0782	b
HAPB_chr05	519500001	519750000	9907	29912	0.0233	0.0608	b
HAPB_chr05	519750001	520000000	8729	32859	0.0205	0.0667	b
HAPB_chr05	520000001	520250000	10732	29856	0.0252	0.0606	b
HAPB_chr05	520250001	520500000	7376	28055	0.0173	0.0570	b
HAPB_chr05	520500001	520750000	9805	22700	0.0230	0.0461	b
HAPB_chr05	520750001	521000000	7268	29903	0.0171	0.0607	b
HAPB_chr05	521000001	521250000	8986	34955	0.0211	0.0710	b
HAPB_chr05	521250001	521500000	10427	28112	0.0245	0.0571	b
HAPB_chr05	521500001	521750000	8247	29682	0.0194	0.0603	b
HAPB_chr05	521750001	522000000	11391	25214	0.0267	0.0512	ambiguous
HAPB_chr05	522000001	522250000	7833	32366	0.0184	0.0657	b
HAPB_chr05	522250001	522500000	9553	40635	0.0224	0.0825	b
HAPB_chr05	522500001	522750000	7813	31777	0.0183	0.0645	b
HAPB_chr05	522750001	523000000	8109	27447	0.0190	0.0557	b
HAPB_chr05	523000001	523250000	8065	25345	0.0189	0.0515	b
HAPB_chr05	523250001	523500000	9432	30311	0.0221	0.0616	b
HAPB_chr05	523500001	523750000	6673	37386	0.0157	0.0759	b
HAPB_chr05	523750001	524000000	11003	39485	0.0258	0.0802	b
HAPB_chr05	524000001	524250000	9369	36006	0.0220	0.0731	b
HAPB_chr05	524250001	524500000	9925	32622	0.0233	0.0663	b
HAPB_chr05	524500001	524750000	10146	39463	0.0238	0.0802	b
HAPB_chr05	524750001	525000000	9543	25514	0.0224	0.0518	b
HAPB_chr05	525000001	525250000	10162	28978	0.0239	0.0589	b
HAPB_chr05	525250001	525500000	10551	35796	0.0248	0.0727	b
HAPB_chr05	525500001	525750000	12416	31793	0.0291	0.0646	b
HAPB_chr05	525750001	526000000	10044	27704	0.0236	0.0563	b
HAPB_chr05	526000001	526250000	9222	34102	0.0216	0.0693	b
HAPB_chr05	526250001	526500000	9988	27975	0.0234	0.0568	b
HAPB_chr05	526500001	526750000	10938	28367	0.0257	0.0576	b
HAPB_chr05	526750001	527000000	11036	31334	0.0259	0.0636	b
HAPB_chr05	527000001	527250000	9001	29327	0.0211	0.0596	b
HAPB_chr05	527250001	527500000	11585	23393	0.0272	0.0475	ambiguous
HAPB_chr05	527500001	527750000	9211	40168	0.0216	0.0816	b
HAPB_chr05	527750001	528000000	13922	33986	0.0327	0.0690	b
HAPB_chr05	528000001	528250000	8515	29684	0.0200	0.0603	b
HAPB_chr05	528250001	528500000	12699	35504	0.0298	0.0721	b
HAPB_chr05	528500001	528750000	7743	36676	0.0182	0.0745	b
HAPB_chr05	528750001	529000000	8445	35863	0.0198	0.0728	b
HAPB_chr05	529000001	529250000	11877	25433	0.0279	0.0517	ambiguous
HAPB_chr05	529250001	529500000	11972	30101	0.0281	0.0611	b
HAPB_chr05	529500001	529750000	10444	36876	0.0245	0.0749	b
HAPB_chr05	529750001	530000000	9174	26726	0.0215	0.0543	b
HAPB_chr05	530000001	530250000	10233	32943	0.0240	0.0669	b
HAPB_chr05	530250001	530500000	8184	38865	0.0192	0.0789	b
HAPB_chr05	530500001	530750000	9412	30332	0.0221	0.0616	b
HAPB_chr05	530750001	531000000	8106	30378	0.0190	0.0617	b
HAPB_chr05	531000001	531250000	6761	34451	0.0159	0.0700	b
HAPB_chr05	531250001	531500000	6684	34400	0.0157	0.0699	b
HAPB_chr05	531500001	531750000	8219	41759	0.0193	0.0848	b
HAPB_chr05	531750001	532000000	9153	37728	0.0215	0.0766	b
HAPB_chr05	532000001	532250000	9665	34312	0.0227	0.0697	b
HAPB_chr05	532250001	532500000	7699	30628	0.0181	0.0622	b
HAPB_chr05	532500001	532750000	10852	31149	0.0255	0.0633	b
HAPB_chr05	532750001	533000000	9005	34857	0.0211	0.0708	b
HAPB_chr05	533000001	533250000	7441	28696	0.0175	0.0583	b
HAPB_chr05	533250001	533500000	10131	32605	0.0238	0.0662	b
HAPB_chr05	533500001	533750000	8218	23453	0.0193	0.0476	b
HAPB_chr05	533750001	534000000	10535	40992	0.0247	0.0833	b
HAPB_chr05	534000001	534250000	9516	27773	0.0223	0.0564	b
HAPB_chr05	534250001	534500000	7457	38436	0.0175	0.0781	b
HAPB_chr05	534500001	534750000	10015	38233	0.0235	0.0777	b
HAPB_chr05	534750001	535000000	8621	27860	0.0202	0.0566	b
HAPB_chr05	535000001	535250000	9131	30245	0.0214	0.0614	b
HAPB_chr05	535250001	535500000	6592	38961	0.0155	0.0791	b
HAPB_chr05	535500001	535750000	11380	28285	0.0267	0.0574	b
HAPB_chr05	535750001	536000000	9062	36447	0.0213	0.0740	b
HAPB_chr05	536000001	536250000	7927	31225	0.0186	0.0634	b
HAPB_chr05	536250001	536500000	9279	22362	0.0218	0.0454	b
HAPB_chr05	536500001	536750000	9110	24725	0.0214	0.0502	b
HAPB_chr05	536750001	537000000	9081	25651	0.0213	0.0521	b
HAPB_chr05	537000001	537250000	7667	31222	0.0180	0.0634	b
HAPB_chr05	537250001	537500000	7985	25370	0.0187	0.0515	b
HAPB_chr05	537500001	537750000	10024	32983	0.0235	0.0670	b
HAPB_chr05	537750001	538000000	8705	21476	0.0204	0.0436	b
HAPB_chr05	538000001	538250000	7888	32001	0.0185	0.0650	b
HAPB_chr05	538250001	538500000	12222	34066	0.0287	0.0692	b
HAPB_chr05	538500001	538750000	12744	24909	0.0299	0.0506	ambiguous
HAPB_chr05	538750001	539000000	6563	36481	0.0154	0.0741	b
HAPB_chr05	539000001	539250000	7111	29290	0.0167	0.0595	b
HAPB_chr05	539250001	539500000	10851	33461	0.0255	0.0680	b
HAPB_chr05	539500001	539750000	9092	26467	0.0213	0.0538	b
HAPB_chr05	539750001	540000000	8112	32172	0.0190	0.0653	b
HAPB_chr05	540000001	540250000	9887	33409	0.0232	0.0679	b
HAPB_chr05	540250001	540500000	7500	29435	0.0176	0.0598	b
HAPB_chr05	540500001	540750000	9665	28685	0.0227	0.0583	b
HAPB_chr05	540750001	541000000	8064	29545	0.0189	0.0600	b
HAPB_chr05	541000001	541250000	6128	29776	0.0144	0.0605	b
HAPB_chr05	541250001	541500000	8526	31338	0.0200	0.0636	b
HAPB_chr05	541500001	541750000	7851	33944	0.0184	0.0689	b
HAPB_chr05	541750001	542000000	7123	31745	0.0167	0.0645	b
HAPB_chr05	542000001	542250000	10244	28536	0.0240	0.0580	b
HAPB_chr05	542250001	542500000	9216	34690	0.0216	0.0705	b
HAPB_chr05	542500001	542750000	10897	32507	0.0256	0.0660	b
HAPB_chr05	542750001	543000000	10545	32742	0.0248	0.0665	b
HAPB_chr05	543000001	543250000	7026	23928	0.0165	0.0486	b
HAPB_chr05	543250001	543500000	10561	23336	0.0248	0.0474	ambiguous
HAPB_chr05	543500001	543750000	6704	37240	0.0157	0.0756	b
HAPB_chr05	543750001	544000000	7780	32923	0.0183	0.0669	b
HAPB_chr05	544000001	544250000	11648	34062	0.0273	0.0692	b
HAPB_chr05	544250001	544500000	11136	35491	0.0261	0.0721	b
HAPB_chr05	544500001	544750000	10277	31145	0.0241	0.0633	b
HAPB_chr05	544750001	545000000	8523	27407	0.0200	0.0557	b
HAPB_chr05	545000001	545250000	7998	31844	0.0188	0.0647	b
HAPB_chr05	545250001	545500000	6578	26705	0.0154	0.0542	b
HAPB_chr05	545500001	545750000	11980	27247	0.0281	0.0553	ambiguous
HAPB_chr05	545750001	546000000	8367	26422	0.0196	0.0537	b
HAPB_chr05	546000001	546250000	8578	29904	0.0201	0.0607	b
HAPB_chr05	546250001	546500000	10839	39090	0.0254	0.0794	b
HAPB_chr05	546500001	546750000	11907	26695	0.0280	0.0542	ambiguous
HAPB_chr05	546750001	547000000	8176	20331	0.0192	0.0413	b
HAPB_chr05	547000001	547250000	5263	16333	0.0124	0.0332	b
HAPB_chr05	547250001	547500000	9760	33426	0.0229	0.0679	b
HAPB_chr05	547500001	547750000	7631	44572	0.0179	0.0905	b
HAPB_chr05	547750001	548000000	8132	34325	0.0191	0.0697	b
HAPB_chr05	548000001	548250000	8160	36338	0.0192	0.0738	b
HAPB_chr05	548250001	548500000	7670	40420	0.0180	0.0821	b
HAPB_chr05	548500001	548750000	10920	27194	0.0256	0.0552	b
HAPB_chr05	548750001	549000000	8481	41070	0.0199	0.0834	b
HAPB_chr05	549000001	549250000	7970	35855	0.0187	0.0728	b
HAPB_chr05	549250001	549500000	7289	34928	0.0171	0.0709	b
HAPB_chr05	549500001	549750000	8719	30672	0.0205	0.0623	b
HAPB_chr05	549750001	550000000	9386	32888	0.0220	0.0668	b
HAPB_chr05	550000001	550250000	8039	30341	0.0189	0.0616	b
HAPB_chr05	550250001	550500000	10425	28038	0.0245	0.0569	b
HAPB_chr05	550500001	550750000	10164	26701	0.0239	0.0542	b
HAPB_chr05	550750001	551000000	11588	23803	0.0272	0.0483	ambiguous
HAPB_chr05	551000001	551250000	11057	21964	0.0260	0.0446	ambiguous
HAPB_chr05	551250001	551500000	13470	18199	0.0316	0.0370	ambiguous
HAPB_chr05	551500001	551750000	16587	19298	0.0389	0.0392	ambiguous
HAPB_chr05	551750001	552000000	9605	25911	0.0225	0.0526	b
HAPB_chr05	552000001	552250000	7222	12742	0.0170	0.0259	ambiguous
HAPB_chr05	552250001	552500000	9917	26981	0.0233	0.0548	b
HAPB_chr05	552500001	552750000	9859	24927	0.0231	0.0506	b
HAPB_chr05	552750001	553000000	6459	23114	0.0152	0.0469	b
HAPB_chr05	553000001	553250000	8968	35074	0.0211	0.0712	b
HAPB_chr05	553250001	553500000	7349	37232	0.0173	0.0756	b
HAPB_chr05	553500001	553750000	12707	38573	0.0298	0.0783	b
HAPB_chr05	553750001	554000000	7827	20860	0.0184	0.0424	b
HAPB_chr05	554000001	554250000	11159	30758	0.0262	0.0625	b
HAPB_chr05	554250001	554500000	9748	35353	0.0229	0.0718	b
HAPB_chr05	554500001	554750000	6417	38040	0.0151	0.0773	b
HAPB_chr05	554750001	555000000	7513	25395	0.0176	0.0516	b
HAPB_chr05	555000001	555250000	6611	27364	0.0155	0.0556	b
HAPB_chr05	555250001	555500000	11513	27666	0.0270	0.0562	b
HAPB_chr05	555500001	555750000	9012	30829	0.0212	0.0626	b
HAPB_chr05	555750001	556000000	6563	25266	0.0154	0.0513	b
HAPB_chr05	556000001	556250000	4737	25111	0.0111	0.0510	b
HAPB_chr05	556250001	556500000	6942	31899	0.0163	0.0648	b
HAPB_chr05	556500001	556750000	8970	21701	0.0211	0.0441	b
HAPB_chr05	556750001	557000000	9808	24613	0.0230	0.0500	b
HAPB_chr05	557000001	557250000	7452	27985	0.0175	0.0568	b
HAPB_chr05	557250001	557500000	6589	23973	0.0155	0.0487	b
HAPB_chr05	557500001	557750000	8889	33382	0.0209	0.0678	b
HAPB_chr05	557750001	558000000	11871	27482	0.0279	0.0558	b
HAPB_chr05	558000001	558250000	11252	25582	0.0264	0.0520	ambiguous
HAPB_chr05	558250001	558500000	9574	25480	0.0225	0.0518	b
HAPB_chr05	558500001	558750000	9172	35808	0.0215	0.0727	b
HAPB_chr05	558750001	559000000	6292	24120	0.0148	0.0490	b
HAPB_chr05	559000001	559250000	8209	35604	0.0193	0.0723	b
HAPB_chr05	559250001	559500000	9519	18796	0.0223	0.0382	ambiguous
HAPB_chr05	559500001	559750000	8173	22361	0.0192	0.0454	b
HAPB_chr05	559750001	560000000	8631	28709	0.0203	0.0583	b
HAPB_chr05	560000001	560250000	8833	28393	0.0207	0.0577	b
HAPB_chr05	560250001	560500000	9033	36447	0.0212	0.0740	b
HAPB_chr05	560500001	560750000	12374	43330	0.0290	0.0880	b
HAPB_chr05	560750001	561000000	11751	21839	0.0276	0.0444	ambiguous
HAPB_chr05	561000001	561250000	10268	28234	0.0241	0.0573	b
HAPB_chr05	561250001	561500000	6705	27709	0.0157	0.0563	b
HAPB_chr05	561500001	561750000	6813	20740	0.0160	0.0421	b
HAPB_chr05	561750001	562000000	8498	39580	0.0199	0.0804	b
HAPB_chr05	562000001	562250000	5851	30019	0.0137	0.0610	b
HAPB_chr05	562250001	562500000	6791	27465	0.0159	0.0558	b
HAPB_chr05	562500001	562750000	4662	31789	0.0109	0.0646	b
HAPB_chr05	562750001	563000000	5365	28126	0.0126	0.0571	b
HAPB_chr05	563000001	563250000	10389	17617	0.0244	0.0358	ambiguous
HAPB_chr05	563250001	563500000	7842	28734	0.0184	0.0584	b
HAPB_chr05	563500001	563750000	7096	27253	0.0167	0.0554	b
HAPB_chr05	563750001	564000000	8584	31151	0.0202	0.0633	b
HAPB_chr05	564000001	564250000	9568	35918	0.0225	0.0730	b
HAPB_chr05	564250001	564500000	7111	12347	0.0167	0.0251	ambiguous
HAPB_chr05	564500001	564750000	7222	47552	0.0170	0.0966	b
HAPB_chr05	564750001	565000000	7395	27609	0.0174	0.0561	b
HAPB_chr05	565000001	565250000	5400	23833	0.0127	0.0484	b
HAPB_chr05	565250001	565500000	12756	29999	0.0299	0.0609	b
HAPB_chr05	565500001	565750000	7346	19698	0.0172	0.0400	b
HAPB_chr05	565750001	566000000	4686	16232	0.0110	0.0330	b
HAPB_chr05	566000001	566250000	8046	17472	0.0189	0.0355	ambiguous
HAPB_chr05	566250001	566500000	12527	22507	0.0294	0.0457	ambiguous
HAPB_chr05	566500001	566750000	10647	38610	0.0250	0.0784	b
HAPB_chr05	566750001	567000000	10106	20958	0.0237	0.0426	ambiguous
HAPB_chr05	567000001	567250000	9811	21800	0.0230	0.0443	ambiguous
HAPB_chr05	567250001	567500000	10447	32285	0.0245	0.0656	b
HAPB_chr05	567500001	567750000	6410	26583	0.0150	0.0540	b
HAPB_chr05	567750001	568000000	8292	34441	0.0195	0.0700	b
HAPB_chr05	568000001	568250000	7752	33386	0.0182	0.0678	b
HAPB_chr05	568250001	568500000	11285	30117	0.0265	0.0612	b
HAPB_chr05	568500001	568750000	7022	22472	0.0165	0.0456	b
HAPB_chr05	568750001	569000000	9114	27757	0.0214	0.0564	b
HAPB_chr05	569000001	569250000	11682	38108	0.0274	0.0774	b
HAPB_chr05	569250001	569500000	7632	36683	0.0179	0.0745	b
HAPB_chr05	569500001	569750000	9019	30646	0.0212	0.0622	b
HAPB_chr05	569750001	570000000	10436	31123	0.0245	0.0632	b
HAPB_chr05	570000001	570250000	7955	34531	0.0187	0.0701	b
HAPB_chr05	570250001	570500000	8061	39669	0.0189	0.0806	b
HAPB_chr05	570500001	570750000	9938	41999	0.0233	0.0853	b
HAPB_chr05	570750001	571000000	11151	35669	0.0262	0.0724	b
HAPB_chr05	571000001	571250000	7969	36472	0.0187	0.0741	b
HAPB_chr05	571250001	571500000	8616	29784	0.0202	0.0605	b
HAPB_chr05	571500001	571750000	7368	19755	0.0173	0.0401	b
HAPB_chr05	571750001	572000000	5632	41530	0.0132	0.0843	b
HAPB_chr05	572000001	572250000	5089	23173	0.0119	0.0471	b
HAPB_chr05	572250001	572500000	5600	29006	0.0131	0.0589	b
HAPB_chr05	572500001	572750000	7072	22949	0.0166	0.0466	b
HAPB_chr05	572750001	573000000	9872	35644	0.0232	0.0724	b
HAPB_chr05	573000001	573250000	9432	35451	0.0221	0.0720	b
HAPB_chr05	573250001	573500000	10137	29706	0.0238	0.0603	b
HAPB_chr05	573500001	573750000	6333	24572	0.0149	0.0499	b
HAPB_chr05	573750001	574000000	8796	39960	0.0206	0.0812	b
HAPB_chr05	574000001	574250000	9260	33306	0.0217	0.0676	b
HAPB_chr05	574250001	574500000	7580	29550	0.0178	0.0600	b
HAPB_chr05	574500001	574750000	9283	35631	0.0218	0.0724	b
HAPB_chr05	574750001	575000000	9893	21675	0.0232	0.0440	ambiguous
HAPB_chr05	575000001	575250000	11793	25712	0.0277	0.0522	ambiguous
HAPB_chr05	575250001	575500000	7343	26291	0.0172	0.0534	b
HAPB_chr05	575500001	575750000	6343	25555	0.0149	0.0519	b
HAPB_chr05	575750001	576000000	6087	32956	0.0143	0.0669	b
HAPB_chr05	576000001	576250000	9678	30832	0.0227	0.0626	b
HAPB_chr05	576250001	576500000	9278	22753	0.0218	0.0462	b
HAPB_chr05	576500001	576750000	7109	27105	0.0167	0.0551	b
HAPB_chr05	576750001	577000000	10409	33859	0.0244	0.0688	b
HAPB_chr05	577000001	577250000	6515	24140	0.0153	0.0490	b
HAPB_chr05	577250001	577500000	5872	23075	0.0138	0.0469	b
HAPB_chr05	577500001	577750000	6333	26073	0.0149	0.0530	b
HAPB_chr05	577750001	578000000	1594	3266	0.0037	0.0066	ambiguous
HAPB_chr05	578000001	578250000	5781	20005	0.0136	0.0406	b
HAPB_chr05	578250001	578500000	6696	21734	0.0157	0.0441	b
HAPB_chr05	578500001	578750000	5696	18873	0.0134	0.0383	b
HAPB_chr05	578750001	579000000	5150	12221	0.0121	0.0248	b
HAPB_chr05	579000001	579250000	5350	16509	0.0126	0.0335	b
HAPB_chr05	579250001	579500000	7225	22800	0.0170	0.0463	b
HAPB_chr05	579500001	579750000	7464	27747	0.0175	0.0564	b
HAPB_chr05	579750001	580000000	5748	21274	0.0135	0.0432	b
HAPB_chr05	580000001	580250000	6092	22019	0.0143	0.0447	b
HAPB_chr05	580250001	580500000	7598	29158	0.0178	0.0592	b
HAPB_chr05	580500001	580750000	9523	29134	0.0224	0.0592	b
HAPB_chr05	580750001	581000000	7344	29081	0.0172	0.0591	b
HAPB_chr05	581000001	581250000	9342	38290	0.0219	0.0778	b
HAPB_chr05	581250001	581500000	8470	25557	0.0199	0.0519	b
HAPB_chr05	581500001	581750000	7630	33361	0.0179	0.0678	b
HAPB_chr05	581750001	582000000	11624	33138	0.0273	0.0673	b
HAPB_chr05	582000001	582250000	12212	33501	0.0287	0.0680	b
HAPB_chr05	582250001	582500000	14715	33821	0.0345	0.0687	ambiguous
HAPB_chr05	582500001	582750000	9291	37947	0.0218	0.0771	b
HAPB_chr05	582750001	583000000	7738	33533	0.0182	0.0681	b
HAPB_chr05	583000001	583250000	9473	34055	0.0222	0.0692	b
HAPB_chr05	583250001	583500000	11107	40939	0.0261	0.0831	b
HAPB_chr05	583500001	583750000	7917	44563	0.0186	0.0905	b
HAPB_chr05	583750001	584000000	10829	27798	0.0254	0.0565	b
HAPB_chr05	584000001	584250000	7384	31229	0.0173	0.0634	b
HAPB_chr05	584250001	584500000	8077	39103	0.0190	0.0794	b
HAPB_chr05	584500001	584750000	9394	30311	0.0221	0.0616	b
HAPB_chr05	584750001	585000000	8475	34274	0.0199	0.0696	b
HAPB_chr05	585000001	585250000	11852	30803	0.0278	0.0626	b
HAPB_chr05	585250001	585500000	11281	40280	0.0265	0.0818	b
HAPB_chr05	585500001	585750000	8905	37951	0.0209	0.0771	b
HAPB_chr05	585750001	586000000	8133	28141	0.0191	0.0572	b
HAPB_chr05	586000001	586250000	9358	30550	0.0220	0.0620	b
HAPB_chr05	586250001	586500000	10059	30149	0.0236	0.0612	b
HAPB_chr05	586500001	586750000	12002	29450	0.0282	0.0598	b
HAPB_chr05	586750001	587000000	9070	27320	0.0213	0.0555	b
HAPB_chr05	587000001	587250000	8976	40247	0.0211	0.0817	b
HAPB_chr05	587250001	587500000	10540	34531	0.0247	0.0701	b
HAPB_chr05	587500001	587750000	8588	30268	0.0202	0.0615	b
HAPB_chr05	587750001	588000000	8086	41632	0.0190	0.0846	b
HAPB_chr05	588000001	588250000	12814	26019	0.0301	0.0528	ambiguous
HAPB_chr05	588250001	588500000	15330	23897	0.0360	0.0485	ambiguous
HAPB_chr05	588500001	588750000	11287	28376	0.0265	0.0576	b
HAPB_chr05	588750001	589000000	11964	29484	0.0281	0.0599	b
HAPB_chr05	589000001	589250000	8551	33078	0.0201	0.0672	b
HAPB_chr05	589250001	589500000	10150	27757	0.0238	0.0564	b
HAPB_chr05	589500001	589750000	12488	28564	0.0293	0.0580	ambiguous
HAPB_chr05	589750001	590000000	8692	34407	0.0204	0.0699	b
HAPB_chr05	590000001	590250000	9940	30719	0.0233	0.0624	b
HAPB_chr05	590250001	590500000	10037	29292	0.0236	0.0595	b
HAPB_chr05	590500001	590750000	9619	31465	0.0226	0.0639	b
HAPB_chr05	590750001	591000000	9651	31663	0.0227	0.0643	b
HAPB_chr05	591000001	591250000	8166	36135	0.0192	0.0734	b
HAPB_chr05	591250001	591500000	8726	45868	0.0205	0.0932	b
HAPB_chr05	591500001	591750000	7437	27187	0.0175	0.0552	b
HAPB_chr05	591750001	592000000	9405	30851	0.0221	0.0627	b
HAPB_chr05	592000001	592250000	9063	27485	0.0213	0.0558	b
HAPB_chr05	592250001	592500000	8406	30536	0.0197	0.0620	b
HAPB_chr05	592500001	592750000	9401	25212	0.0221	0.0512	b
HAPB_chr05	592750001	593000000	8522	23109	0.0200	0.0469	b
HAPB_chr05	593000001	593250000	9278	33430	0.0218	0.0679	b
HAPB_chr05	593250001	593500000	7201	28753	0.0169	0.0584	b
HAPB_chr05	593500001	593750000	7711	34149	0.0181	0.0694	b
HAPB_chr05	593750001	594000000	12099	34447	0.0284	0.0700	b
HAPB_chr05	594000001	594250000	8494	34278	0.0199	0.0696	b
HAPB_chr05	594250001	594500000	7403	40198	0.0174	0.0816	b
HAPB_chr05	594500001	594750000	11334	23445	0.0266	0.0476	ambiguous
HAPB_chr05	594750001	595000000	8168	34333	0.0192	0.0697	b
HAPB_chr05	595000001	595250000	5208	25566	0.0122	0.0519	b
HAPB_chr05	595250001	595500000	7052	24766	0.0166	0.0503	b
HAPB_chr05	595500001	595750000	4196	19053	0.0099	0.0387	b
HAPB_chr05	595750001	596000000	5288	21660	0.0124	0.0440	b
HAPB_chr05	596000001	596250000	8650	29832	0.0203	0.0606	b
HAPB_chr05	596250001	596500000	9620	30189	0.0226	0.0613	b
HAPB_chr05	596500001	596750000	7798	26019	0.0183	0.0528	b
HAPB_chr05	596750001	597000000	7940	17065	0.0186	0.0347	ambiguous
HAPB_chr05	597000001	597250000	9225	25382	0.0217	0.0516	b
HAPB_chr05	597250001	597500000	11009	26437	0.0258	0.0537	b
HAPB_chr05	597500001	597750000	10659	25299	0.0250	0.0514	b
HAPB_chr05	597750001	598000000	7812	39240	0.0183	0.0797	b
HAPB_chr05	598000001	598250000	7665	36325	0.0180	0.0738	b
HAPB_chr05	598250001	598500000	9265	25208	0.0217	0.0512	b
HAPB_chr05	598500001	598750000	6815	28994	0.0160	0.0589	b
HAPB_chr05	598750001	599000000	11607	31804	0.0272	0.0646	b
HAPB_chr05	599000001	599250000	8716	41804	0.0205	0.0849	b
HAPB_chr05	599250001	599500000	9327	38625	0.0219	0.0784	b
HAPB_chr05	599500001	599750000	8737	29416	0.0205	0.0597	b
HAPB_chr05	599750001	600000000	8656	34898	0.0203	0.0709	b
HAPB_chr05	600000001	600250000	7763	23885	0.0182	0.0485	b
HAPB_chr05	600250001	600500000	4680	14280	0.0110	0.0290	b
HAPB_chr05	600500001	600750000	8609	28036	0.0202	0.0569	b
HAPB_chr05	600750001	601000000	12402	35039	0.0291	0.0712	b
HAPB_chr05	601000001	601250000	8963	32555	0.0210	0.0661	b
HAPB_chr05	601250001	601500000	5672	34504	0.0133	0.0701	b
HAPB_chr05	601500001	601750000	12841	28942	0.0301	0.0588	ambiguous
HAPB_chr05	601750001	602000000	9050	38396	0.0212	0.0780	b
HAPB_chr05	602000001	602250000	8807	18236	0.0207	0.0370	ambiguous
HAPB_chr05	602250001	602500000	12823	26070	0.0301	0.0529	ambiguous
HAPB_chr05	602500001	602750000	9371	28183	0.0220	0.0572	b
HAPB_chr05	602750001	603000000	8061	19445	0.0189	0.0395	b
HAPB_chr05	603000001	603250000	11917	27750	0.0280	0.0564	b
HAPB_chr05	603250001	603500000	11055	40517	0.0260	0.0823	b
HAPB_chr05	603500001	603750000	8450	23777	0.0198	0.0483	b
HAPB_chr05	603750001	604000000	8382	36218	0.0197	0.0736	b
HAPB_chr05	604000001	604250000	9580	31965	0.0225	0.0649	b
HAPB_chr05	604250001	604500000	13001	26812	0.0305	0.0545	ambiguous
HAPB_chr05	604500001	604750000	10813	26734	0.0254	0.0543	b
HAPB_chr05	604750001	605000000	9403	32353	0.0221	0.0657	b
HAPB_chr05	605000001	605250000	7681	29628	0.0180	0.0602	b
HAPB_chr05	605250001	605500000	9407	29423	0.0221	0.0598	b
HAPB_chr05	605500001	605750000	7133	35066	0.0167	0.0712	b
HAPB_chr05	605750001	606000000	7885	30270	0.0185	0.0615	b
HAPB_chr05	606000001	606250000	7770	33569	0.0182	0.0682	b
HAPB_chr05	606250001	606500000	13185	27491	0.0310	0.0558	ambiguous
HAPB_chr05	606500001	606750000	10172	35054	0.0239	0.0712	b
HAPB_chr05	606750001	607000000	6311	31764	0.0148	0.0645	b
HAPB_chr05	607000001	607250000	9107	36083	0.0214	0.0733	b
HAPB_chr05	607250001	607500000	8756	25834	0.0206	0.0525	b
HAPB_chr05	607500001	607750000	6875	28996	0.0161	0.0589	b
HAPB_chr05	607750001	608000000	8861	32571	0.0208	0.0662	b
HAPB_chr05	608000001	608250000	11526	36124	0.0271	0.0734	b
HAPB_chr05	608250001	608500000	10672	21866	0.0251	0.0444	ambiguous
HAPB_chr05	608500001	608750000	8960	30253	0.0210	0.0614	b
HAPB_chr05	608750001	609000000	9693	29624	0.0228	0.0602	b
HAPB_chr05	609000001	609250000	8714	39737	0.0205	0.0807	b
HAPB_chr05	609250001	609500000	8997	38501	0.0211	0.0782	b
HAPB_chr05	609500001	609750000	8760	28978	0.0206	0.0589	b
HAPB_chr05	609750001	610000000	9893	41297	0.0232	0.0839	b
HAPB_chr05	610000001	610250000	9877	27862	0.0232	0.0566	b
HAPB_chr05	610250001	610500000	8764	32567	0.0206	0.0661	b
HAPB_chr05	610500001	610750000	6682	35856	0.0157	0.0728	b
HAPB_chr05	610750001	611000000	9543	34084	0.0224	0.0692	b
HAPB_chr05	611000001	611250000	9241	37001	0.0217	0.0752	b
HAPB_chr05	611250001	611500000	8805	30929	0.0207	0.0628	b
HAPB_chr05	611500001	611750000	9285	27104	0.0218	0.0550	b
HAPB_chr05	611750001	612000000	10173	35697	0.0239	0.0725	b
HAPB_chr05	612000001	612250000	8255	27453	0.0194	0.0558	b
HAPB_chr05	612250001	612500000	10250	37531	0.0241	0.0762	b
HAPB_chr05	612500001	612750000	9840	27192	0.0231	0.0552	b
HAPB_chr05	612750001	613000000	12374	35061	0.0290	0.0712	b
HAPB_chr05	613000001	613250000	8375	33711	0.0197	0.0685	b
HAPB_chr05	613250001	613500000	7824	38151	0.0184	0.0775	b
HAPB_chr05	613500001	613750000	7721	43973	0.0181	0.0893	b
HAPB_chr05	613750001	614000000	7850	33634	0.0184	0.0683	b
HAPB_chr05	614000001	614250000	9962	40236	0.0234	0.0817	b
HAPB_chr05	614250001	614500000	8946	35807	0.0210	0.0727	b
HAPB_chr05	614500001	614750000	9959	27350	0.0234	0.0555	b
HAPB_chr05	614750001	615000000	8549	35329	0.0201	0.0718	b
HAPB_chr05	615000001	615250000	8403	27770	0.0197	0.0564	b
HAPB_chr05	615250001	615500000	9443	31328	0.0222	0.0636	b
HAPB_chr05	615500001	615750000	8319	28272	0.0195	0.0574	b
HAPB_chr05	615750001	616000000	7581	23607	0.0178	0.0479	b
HAPB_chr05	616000001	616250000	8077	28864	0.0190	0.0586	b
HAPB_chr05	616250001	616500000	7863	25826	0.0185	0.0525	b
HAPB_chr05	616500001	616750000	9918	30458	0.0233	0.0619	b
HAPB_chr05	616750001	617000000	8064	26687	0.0189	0.0542	b
HAPB_chr05	617000001	617250000	9557	40442	0.0224	0.0821	b
HAPB_chr05	617250001	617500000	12397	32999	0.0291	0.0670	b
HAPB_chr05	617500001	617750000	9652	23908	0.0227	0.0486	b
HAPB_chr05	617750001	618000000	7821	28405	0.0184	0.0577	b
HAPB_chr05	618000001	618250000	7566	23858	0.0178	0.0485	b
HAPB_chr05	618250001	618500000	9576	40805	0.0225	0.0829	b
HAPB_chr05	618500001	618750000	8521	31130	0.0200	0.0632	b
HAPB_chr05	618750001	619000000	8655	29817	0.0203	0.0606	b
HAPB_chr05	619000001	619250000	6214	18584	0.0146	0.0377	b
HAPB_chr05	619250001	619500000	6311	34169	0.0148	0.0694	b
HAPB_chr05	619500001	619750000	7808	35830	0.0183	0.0728	b
HAPB_chr05	619750001	620000000	8387	34859	0.0197	0.0708	b
HAPB_chr05	620000001	620250000	8108	23645	0.0190	0.0480	b
HAPB_chr05	620250001	620500000	8587	34869	0.0202	0.0708	b
HAPB_chr05	620500001	620750000	7514	29748	0.0176	0.0604	b
HAPB_chr05	620750001	621000000	10029	26079	0.0235	0.0530	b
HAPB_chr05	621000001	621250000	11346	30023	0.0266	0.0610	b
HAPB_chr05	621250001	621500000	6998	29329	0.0164	0.0596	b
HAPB_chr05	621500001	621750000	8291	33213	0.0195	0.0675	b
HAPB_chr05	621750001	622000000	6718	27996	0.0158	0.0569	b
HAPB_chr05	622000001	622250000	6689	22812	0.0157	0.0463	b
HAPB_chr05	622250001	622500000	8142	29410	0.0191	0.0597	b
HAPB_chr05	622500001	622750000	8857	30281	0.0208	0.0615	b
HAPB_chr05	622750001	623000000	10446	36598	0.0245	0.0743	b
HAPB_chr05	623000001	623250000	9229	29188	0.0217	0.0593	b
HAPB_chr05	623250001	623500000	6907	26927	0.0162	0.0547	b
HAPB_chr05	623500001	623750000	7979	30730	0.0187	0.0624	b
HAPB_chr05	623750001	624000000	7936	31430	0.0186	0.0638	b
HAPB_chr05	624000001	624250000	8112	31896	0.0190	0.0648	b
HAPB_chr05	624250001	624500000	7385	26744	0.0173	0.0543	b
HAPB_chr05	624500001	624750000	7417	22966	0.0174	0.0466	b
HAPB_chr05	624750001	625000000	7222	33307	0.0170	0.0676	b
HAPB_chr05	625000001	625250000	6189	26298	0.0145	0.0534	b
HAPB_chr05	625250001	625500000	5729	19715	0.0134	0.0400	b
HAPB_chr05	625500001	625750000	8821	25280	0.0207	0.0513	b
HAPB_chr05	625750001	626000000	7895	22015	0.0185	0.0447	b
HAPB_chr05	626000001	626250000	6769	29952	0.0159	0.0608	b
HAPB_chr05	626250001	626500000	9287	28836	0.0218	0.0586	b
HAPB_chr05	626500001	626750000	10687	28290	0.0251	0.0575	b
HAPB_chr05	626750001	627000000	9214	31117	0.0216	0.0632	b
HAPB_chr05	627000001	627250000	10936	35084	0.0257	0.0713	b
HAPB_chr05	627250001	627500000	9643	19250	0.0226	0.0391	ambiguous
HAPB_chr05	627500001	627750000	8101	29114	0.0190	0.0591	b
HAPB_chr05	627750001	628000000	7217	19747	0.0169	0.0401	b
HAPB_chr05	628000001	628250000	9811	30578	0.0230	0.0621	b
HAPB_chr05	628250001	628500000	8454	24125	0.0198	0.0490	b
HAPB_chr05	628500001	628750000	9338	24868	0.0219	0.0505	b
HAPB_chr05	628750001	629000000	9189	23219	0.0216	0.0472	b
HAPB_chr05	629000001	629250000	5918	20198	0.0139	0.0410	b
HAPB_chr05	629250001	629500000	6158	26829	0.0145	0.0545	b
HAPB_chr05	629500001	629750000	11323	34922	0.0266	0.0709	b
HAPB_chr05	629750001	630000000	7637	36632	0.0179	0.0744	b
HAPB_chr05	630000001	630250000	8158	26616	0.0192	0.0541	b
HAPB_chr05	630250001	630500000	9259	22393	0.0217	0.0455	b
HAPB_chr05	630500001	630750000	8430	37050	0.0198	0.0753	b
HAPB_chr05	630750001	631000000	5983	31879	0.0140	0.0647	b
HAPB_chr05	631000001	631250000	8489	22648	0.0199	0.0460	b
HAPB_chr05	631250001	631500000	8319	31476	0.0195	0.0639	b
HAPB_chr05	631500001	631750000	8594	30983	0.0202	0.0629	b
HAPB_chr05	631750001	632000000	9990	34994	0.0235	0.0711	b
HAPB_chr05	632000001	632250000	11014	33451	0.0259	0.0679	b
HAPB_chr05	632250001	632500000	10061	39076	0.0236	0.0794	b
HAPB_chr05	632500001	632750000	7914	38273	0.0186	0.0777	b
HAPB_chr05	632750001	633000000	11596	33197	0.0272	0.0674	b
HAPB_chr05	633000001	633250000	10134	36863	0.0238	0.0749	b
HAPB_chr05	633250001	633500000	9805	31835	0.0230	0.0647	b
HAPB_chr05	633500001	633750000	9322	26236	0.0219	0.0533	b
HAPB_chr05	633750001	634000000	11050	33578	0.0259	0.0682	b
HAPB_chr05	634000001	634250000	9872	30439	0.0232	0.0618	b
HAPB_chr05	634250001	634500000	9399	29310	0.0221	0.0595	b
HAPB_chr05	634500001	634750000	8295	25097	0.0195	0.0510	b
HAPB_chr05	634750001	635000000	10771	31249	0.0253	0.0635	b
HAPB_chr05	635000001	635250000	10281	33681	0.0241	0.0684	b
HAPB_chr05	635250001	635500000	8781	29342	0.0206	0.0596	b
HAPB_chr05	635500001	635750000	8201	34119	0.0193	0.0693	b
HAPB_chr05	635750001	636000000	9748	34363	0.0229	0.0698	b
HAPB_chr05	636000001	636250000	9289	32333	0.0218	0.0657	b
HAPB_chr05	636250001	636500000	10526	29599	0.0247	0.0601	b
HAPB_chr05	636500001	636750000	14390	26089	0.0338	0.0530	ambiguous
HAPB_chr05	636750001	637000000	11855	38332	0.0278	0.0779	b
HAPB_chr05	637000001	637250000	9547	32548	0.0224	0.0661	b
HAPB_chr05	637250001	637500000	8993	22546	0.0211	0.0458	b
HAPB_chr05	637500001	637750000	2905	9582	0.0068	0.0195	b
HAPB_chr05	637750001	638000000	4144	20646	0.0097	0.0419	b
HAPB_chr05	638000001	638250000	9964	38169	0.0234	0.0775	b
HAPB_chr05	638250001	638500000	8595	29715	0.0202	0.0604	b
HAPB_chr05	638500001	638750000	5982	14955	0.0140	0.0304	b
HAPB_chr05	638750001	639000000	8353	31986	0.0196	0.0650	b
HAPB_chr05	639000001	639250000	10098	28893	0.0237	0.0587	b
HAPB_chr05	639250001	639500000	10890	29069	0.0256	0.0590	b
HAPB_chr05	639500001	639750000	10746	32900	0.0252	0.0668	b
HAPB_chr05	639750001	640000000	8896	32485	0.0209	0.0660	b
HAPB_chr05	640000001	640250000	6973	34669	0.0164	0.0704	b
HAPB_chr05	640250001	640500000	7338	41288	0.0172	0.0839	b
HAPB_chr05	640500001	640750000	9226	27307	0.0217	0.0555	b
HAPB_chr05	640750001	641000000	9769	29294	0.0229	0.0595	b
HAPB_chr05	641000001	641250000	7694	24218	0.0181	0.0492	b
HAPB_chr05	641250001	641500000	8707	31015	0.0204	0.0630	b
HAPB_chr05	641500001	641750000	8297	24620	0.0195	0.0500	b
HAPB_chr05	641750001	642000000	10283	28043	0.0241	0.0570	b
HAPB_chr05	642000001	642250000	7584	31102	0.0178	0.0632	b
HAPB_chr05	642250001	642500000	14107	28781	0.0331	0.0585	ambiguous
HAPB_chr05	642500001	642750000	9579	18802	0.0225	0.0382	ambiguous
HAPB_chr05	642750001	643000000	7803	24189	0.0183	0.0491	b
HAPB_chr05	643000001	643250000	9339	19088	0.0219	0.0388	ambiguous
HAPB_chr05	643250001	643500000	11032	30220	0.0259	0.0614	b
HAPB_chr05	643500001	643750000	12379	25534	0.0291	0.0519	ambiguous
HAPB_chr05	643750001	644000000	6835	37253	0.0160	0.0757	b
HAPB_chr05	644000001	644250000	7423	25627	0.0174	0.0520	b
HAPB_chr05	644250001	644500000	8226	35354	0.0193	0.0718	b
HAPB_chr05	644500001	644750000	13208	30508	0.0310	0.0620	ambiguous
HAPB_chr05	644750001	645000000	9379	46595	0.0220	0.0946	b
HAPB_chr05	645000001	645250000	8251	36420	0.0194	0.0740	b
HAPB_chr05	645250001	645500000	8383	39887	0.0197	0.0810	b
HAPB_chr05	645500001	645750000	7989	29686	0.0188	0.0603	b
HAPB_chr05	645750001	646000000	8996	40568	0.0211	0.0824	b
HAPB_chr05	646000001	646250000	9985	33344	0.0234	0.0677	b
HAPB_chr05	646250001	646500000	9578	45174	0.0225	0.0918	b
HAPB_chr05	646500001	646750000	8055	26825	0.0189	0.0545	b
HAPB_chr05	646750001	647000000	7219	23720	0.0169	0.0482	b
HAPB_chr05	647000001	647250000	6545	26536	0.0154	0.0539	b
HAPB_chr05	647250001	647500000	6473	26477	0.0152	0.0538	b
HAPB_chr05	647500001	647750000	9319	35478	0.0219	0.0721	b
HAPB_chr05	647750001	648000000	8883	31879	0.0209	0.0647	b
HAPB_chr05	648000001	648250000	8830	24801	0.0207	0.0504	b
HAPB_chr05	648250001	648500000	5871	21616	0.0138	0.0439	b
HAPB_chr05	648500001	648750000	8297	23626	0.0195	0.0480	b
HAPB_chr05	648750001	649000000	9351	22678	0.0220	0.0461	b
HAPB_chr05	649000001	649250000	10692	31043	0.0251	0.0631	b
HAPB_chr05	649250001	649500000	6452	38546	0.0151	0.0783	b
HAPB_chr05	649500001	649750000	6382	30164	0.0150	0.0613	b
HAPB_chr05	649750001	650000000	9330	27704	0.0219	0.0563	b
HAPB_chr05	650000001	650250000	7226	24857	0.0170	0.0505	b
HAPB_chr05	650250001	650500000	8095	20505	0.0190	0.0416	b
HAPB_chr05	650500001	650750000	11656	23169	0.0274	0.0471	ambiguous
HAPB_chr05	650750001	651000000	8905	26543	0.0209	0.0539	b
HAPB_chr05	651000001	651250000	8031	35710	0.0189	0.0725	b
HAPB_chr05	651250001	651500000	7472	41545	0.0175	0.0844	b
HAPB_chr05	651500001	651750000	8564	32376	0.0201	0.0658	b
HAPB_chr05	651750001	652000000	9715	29106	0.0228	0.0591	b
HAPB_chr05	652000001	652250000	9382	41654	0.0220	0.0846	b
HAPB_chr05	652250001	652500000	8361	32848	0.0196	0.0667	b
HAPB_chr05	652500001	652750000	12093	25617	0.0284	0.0520	ambiguous
HAPB_chr05	652750001	653000000	9785	24492	0.0230	0.0497	b
HAPB_chr05	653000001	653250000	10085	33618	0.0237	0.0683	b
HAPB_chr05	653250001	653500000	9841	33942	0.0231	0.0689	b
HAPB_chr05	653500001	653750000	9213	31429	0.0216	0.0638	b
HAPB_chr05	653750001	654000000	6101	27595	0.0143	0.0560	b
HAPB_chr05	654000001	654250000	9725	26021	0.0228	0.0529	b
HAPB_chr05	654250001	654500000	8214	36359	0.0193	0.0738	b
HAPB_chr05	654500001	654750000	7725	32005	0.0181	0.0650	b
HAPB_chr05	654750001	655000000	10109	35071	0.0237	0.0712	b
HAPB_chr05	655000001	655250000	10160	15372	0.0239	0.0312	ambiguous
HAPB_chr05	655250001	655500000	9696	36435	0.0228	0.0740	b
HAPB_chr05	655500001	655750000	9729	35763	0.0228	0.0726	b
HAPB_chr05	655750001	656000000	7608	25247	0.0179	0.0513	b
HAPB_chr05	656000001	656250000	12019	23865	0.0282	0.0485	ambiguous
HAPB_chr05	656250001	656500000	11585	26789	0.0272	0.0544	b
HAPB_chr05	656500001	656750000	9667	27515	0.0227	0.0559	b
HAPB_chr05	656750001	657000000	9171	30672	0.0215	0.0623	b
HAPB_chr05	657000001	657250000	10090	25248	0.0237	0.0513	b
HAPB_chr05	657250001	657500000	11413	32597	0.0268	0.0662	b
HAPB_chr05	657500001	657750000	10977	26455	0.0258	0.0537	b
HAPB_chr05	657750001	658000000	9992	34613	0.0235	0.0703	b
HAPB_chr05	658000001	658250000	10799	35419	0.0254	0.0719	b
HAPB_chr05	658250001	658500000	8465	28196	0.0199	0.0573	b
HAPB_chr05	658500001	658750000	8754	14922	0.0205	0.0303	ambiguous
HAPB_chr05	658750001	659000000	10725	32873	0.0252	0.0668	b
HAPB_chr05	659000001	659250000	8570	38462	0.0201	0.0781	b
HAPB_chr05	659250001	659500000	9836	28375	0.0231	0.0576	b
HAPB_chr05	659500001	659750000	10665	14172	0.0250	0.0288	ambiguous
HAPB_chr05	659750001	660000000	10043	36882	0.0236	0.0749	b
HAPB_chr05	660000001	660250000	5959	30415	0.0140	0.0618	b
HAPB_chr05	660250001	660500000	7912	46426	0.0186	0.0943	b
HAPB_chr05	660500001	660750000	11365	31335	0.0267	0.0636	b
HAPB_chr05	660750001	661000000	16541	21280	0.0388	0.0432	ambiguous
HAPB_chr05	661000001	661250000	8630	31460	0.0203	0.0639	b
HAPB_chr05	661250001	661500000	6686	35372	0.0157	0.0718	b
HAPB_chr05	661500001	661750000	8772	40351	0.0206	0.0820	b
HAPB_chr05	661750001	662000000	13137	12779	0.0308	0.0260	ambiguous
HAPB_chr05	662000001	662250000	11367	14815	0.0267	0.0301	ambiguous
HAPB_chr05	662250001	662500000	22589	20102	0.0530	0.0408	ambiguous
HAPB_chr05	662500001	662750000	12965	13223	0.0304	0.0269	ambiguous
HAPB_chr05	662750001	663000000	16163	13904	0.0379	0.0282	ambiguous
HAPB_chr05	663000001	663250000	9996	10288	0.0235	0.0209	ambiguous
HAPB_chr05	663250001	663500000	10245	30822	0.0241	0.0626	b
HAPB_chr05	663500001	663750000	6696	28919	0.0157	0.0587	b
HAPB_chr05	663750001	664000000	11697	23628	0.0275	0.0480	ambiguous
HAPB_chr05	664000001	664250000	12091	27187	0.0284	0.0552	ambiguous
HAPB_chr05	664250001	664500000	5487	14018	0.0129	0.0285	b
HAPB_chr05	664500001	664750000	6404	22161	0.0150	0.0450	b
HAPB_chr05	664750001	665000000	7859	28928	0.0184	0.0588	b
HAPB_chr05	665000001	665250000	11029	32939	0.0259	0.0669	b
HAPB_chr05	665250001	665500000	5678	21478	0.0133	0.0436	b
HAPB_chr05	665500001	665750000	7206	28480	0.0169	0.0578	b
HAPB_chr05	665750001	666000000	11261	33485	0.0264	0.0680	b
HAPB_chr05	666000001	666250000	10089	41941	0.0237	0.0852	b
HAPB_chr05	666250001	666500000	7153	26220	0.0168	0.0533	b
HAPB_chr05	666500001	666750000	8791	30180	0.0206	0.0613	b
HAPB_chr05	666750001	667000000	8615	27160	0.0202	0.0552	b
HAPB_chr05	667000001	667250000	7082	32859	0.0166	0.0667	b
HAPB_chr05	667250001	667500000	12815	37925	0.0301	0.0770	b
HAPB_chr05	667500001	667750000	11182	25183	0.0262	0.0511	ambiguous
HAPB_chr05	667750001	668000000	9528	36482	0.0224	0.0741	b
HAPB_chr05	668000001	668250000	10445	22800	0.0245	0.0463	ambiguous
HAPB_chr05	668250001	668500000	9886	21178	0.0232	0.0430	ambiguous
HAPB_chr05	668500001	668750000	8208	32699	0.0193	0.0664	b
HAPB_chr05	668750001	669000000	7383	31789	0.0173	0.0646	b
HAPB_chr05	669000001	669250000	8438	31122	0.0198	0.0632	b
HAPB_chr05	669250001	669500000	8440	32270	0.0198	0.0655	b
HAPB_chr05	669500001	669750000	8487	37753	0.0199	0.0767	b
HAPB_chr05	669750001	670000000	10108	27327	0.0237	0.0555	b
HAPB_chr05	670000001	670250000	8998	27495	0.0211	0.0558	b
HAPB_chr05	670250001	670500000	10407	31841	0.0244	0.0647	b
HAPB_chr05	670500001	670750000	7673	25182	0.0180	0.0511	b
HAPB_chr05	670750001	671000000	9074	20165	0.0213	0.0410	ambiguous
HAPB_chr05	671000001	671250000	9025	31755	0.0212	0.0645	b
HAPB_chr05	671250001	671500000	8201	26925	0.0193	0.0547	b
HAPB_chr05	671500001	671750000	8313	40228	0.0195	0.0817	b
HAPB_chr05	671750001	672000000	8486	20518	0.0199	0.0417	b
HAPB_chr05	672000001	672250000	11938	14705	0.0280	0.0299	ambiguous
HAPB_chr05	672250001	672500000	7121	27945	0.0167	0.0568	b
HAPB_chr05	672500001	672750000	10825	31253	0.0254	0.0635	b
HAPB_chr05	672750001	673000000	9359	26733	0.0220	0.0543	b
HAPB_chr05	673000001	673250000	11396	32583	0.0268	0.0662	b
HAPB_chr05	673250001	673500000	7873	26240	0.0185	0.0533	b
HAPB_chr05	673500001	673750000	9341	31275	0.0219	0.0635	b
HAPB_chr05	673750001	674000000	8003	32082	0.0188	0.0652	b
HAPB_chr05	674000001	674250000	7599	24204	0.0178	0.0492	b
HAPB_chr05	674250001	674500000	10727	33586	0.0252	0.0682	b
HAPB_chr05	674500001	674750000	12662	29488	0.0297	0.0599	b
HAPB_chr05	674750001	675000000	10724	44594	0.0252	0.0906	b
HAPB_chr05	675000001	675250000	8147	36723	0.0191	0.0746	b
HAPB_chr05	675250001	675500000	8718	35714	0.0205	0.0725	b
HAPB_chr05	675500001	675750000	8175	30844	0.0192	0.0626	b
HAPB_chr05	675750001	676000000	7665	28889	0.0180	0.0587	b
HAPB_chr05	676000001	676250000	8728	25239	0.0205	0.0513	b
HAPB_chr05	676250001	676500000	7919	43508	0.0186	0.0884	b
HAPB_chr05	676500001	676750000	7021	31063	0.0165	0.0631	b
HAPB_chr05	676750001	677000000	6948	24772	0.0163	0.0503	b
HAPB_chr05	677000001	677250000	8600	23742	0.0202	0.0482	b
HAPB_chr05	677250001	677500000	11094	35226	0.0260	0.0715	b
HAPB_chr05	677500001	677750000	15436	30071	0.0362	0.0611	ambiguous
HAPB_chr05	677750001	678000000	7221	35461	0.0170	0.0720	b
HAPB_chr05	678000001	678250000	8742	28196	0.0205	0.0573	b
HAPB_chr05	678250001	678500000	11455	30039	0.0269	0.0610	b
HAPB_chr05	678500001	678750000	10082	26375	0.0237	0.0536	b
HAPB_chr05	678750001	679000000	7463	29376	0.0175	0.0597	b
HAPB_chr05	679000001	679250000	9071	42618	0.0213	0.0866	b
HAPB_chr05	679250001	679500000	9668	34887	0.0227	0.0709	b
HAPB_chr05	679500001	679750000	10530	24088	0.0247	0.0489	ambiguous
HAPB_chr05	679750001	680000000	9843	39740	0.0231	0.0807	b
HAPB_chr05	680000001	680250000	9231	31046	0.0217	0.0631	b
HAPB_chr05	680250001	680500000	8750	33572	0.0205	0.0682	b
HAPB_chr05	680500001	680750000	9183	35196	0.0216	0.0715	b
HAPB_chr05	680750001	681000000	3522	12136	0.0083	0.0246	b
HAPB_chr05	681000001	681250000	5488	22074	0.0129	0.0448	b
HAPB_chr05	681250001	681500000	7256	20939	0.0170	0.0425	b
HAPB_chr05	681500001	681750000	7320	32941	0.0172	0.0669	b
HAPB_chr05	681750001	682000000	8381	22784	0.0197	0.0463	b
HAPB_chr05	682000001	682250000	13452	18691	0.0316	0.0380	ambiguous
HAPB_chr05	682250001	682500000	8756	26183	0.0206	0.0532	b
HAPB_chr05	682500001	682750000	11114	35219	0.0261	0.0715	b
HAPB_chr05	682750001	683000000	9286	33895	0.0218	0.0688	b
HAPB_chr05	683000001	683250000	11903	26510	0.0279	0.0538	ambiguous
HAPB_chr05	683250001	683500000	9142	31023	0.0215	0.0630	b
HAPB_chr05	683500001	683750000	8747	28092	0.0205	0.0571	b
HAPB_chr05	683750001	684000000	11124	38736	0.0261	0.0787	b
HAPB_chr05	684000001	684250000	8033	35622	0.0189	0.0724	b
HAPB_chr05	684250001	684500000	9613	29680	0.0226	0.0603	b
HAPB_chr05	684500001	684750000	10238	28431	0.0240	0.0577	b
HAPB_chr05	684750001	685000000	5272	20563	0.0124	0.0418	b
HAPB_chr05	685000001	685250000	7599	26338	0.0178	0.0535	b
HAPB_chr05	685250001	685500000	10274	30534	0.0241	0.0620	b
HAPB_chr05	685500001	685750000	7671	15528	0.0180	0.0315	ambiguous
HAPB_chr05	685750001	686000000	9274	23080	0.0218	0.0469	b
HAPB_chr05	686000001	686250000	10119	37397	0.0238	0.0760	b
HAPB_chr05	686250001	686500000	8017	23402	0.0188	0.0475	b
HAPB_chr05	686500001	686750000	8952	33847	0.0210	0.0687	b
HAPB_chr05	686750001	687000000	9443	24550	0.0222	0.0499	b
HAPB_chr05	687000001	687250000	11400	14728	0.0268	0.0299	ambiguous
HAPB_chr05	687250001	687500000	7844	23969	0.0184	0.0487	b
HAPB_chr05	687500001	687750000	7744	25121	0.0182	0.0510	b
HAPB_chr05	687750001	688000000	10362	37476	0.0243	0.0761	b
HAPB_chr05	688000001	688250000	7509	31876	0.0176	0.0647	b
HAPB_chr05	688250001	688500000	9901	34062	0.0232	0.0692	b
HAPB_chr05	688500001	688750000	8340	40488	0.0196	0.0822	b
HAPB_chr05	688750001	689000000	6842	21165	0.0161	0.0430	b
HAPB_chr05	689000001	689250000	6792	30568	0.0159	0.0621	b
HAPB_chr05	689250001	689500000	9708	28270	0.0228	0.0574	b
HAPB_chr05	689500001	689750000	7158	33665	0.0168	0.0684	b
HAPB_chr05	689750001	690000000	8541	39037	0.0200	0.0793	b
HAPB_chr05	690000001	690250000	11400	23865	0.0268	0.0485	ambiguous
HAPB_chr05	690250001	690500000	9303	31720	0.0218	0.0644	b
HAPB_chr05	690500001	690750000	5976	26079	0.0140	0.0530	b
HAPB_chr05	690750001	691000000	8109	30771	0.0190	0.0625	b
HAPB_chr05	691000001	691250000	6009	30129	0.0141	0.0612	b
HAPB_chr05	691250001	691500000	12273	24073	0.0288	0.0489	ambiguous
HAPB_chr05	691500001	691750000	10441	37058	0.0245	0.0753	b
HAPB_chr05	691750001	692000000	7093	26536	0.0167	0.0539	b
HAPB_chr05	692000001	692250000	11571	19967	0.0272	0.0406	ambiguous
HAPB_chr05	692250001	692500000	6962	33166	0.0163	0.0674	b
HAPB_chr05	692500001	692750000	7582	32249	0.0178	0.0655	b
HAPB_chr05	692750001	693000000	8340	24066	0.0196	0.0489	b
HAPB_chr05	693000001	693250000	9709	39715	0.0228	0.0807	b
HAPB_chr05	693250001	693500000	5481	42131	0.0129	0.0856	b
HAPB_chr05	693500001	693750000	7402	31877	0.0174	0.0647	b
HAPB_chr05	693750001	694000000	11176	32859	0.0262	0.0667	b
HAPB_chr05	694000001	694250000	10163	31388	0.0239	0.0638	b
HAPB_chr05	694250001	694500000	9386	41865	0.0220	0.0850	b
HAPB_chr05	694500001	694750000	9205	27995	0.0216	0.0569	b
HAPB_chr05	694750001	695000000	8138	45476	0.0191	0.0924	b
HAPB_chr05	695000001	695250000	6938	40196	0.0163	0.0816	b
HAPB_chr05	695250001	695500000	9399	31025	0.0221	0.0630	b
HAPB_chr05	695500001	695750000	5579	14058	0.0131	0.0286	b
HAPB_chr05	695750001	696000000	5956	19241	0.0140	0.0391	b
HAPB_chr05	696000001	696250000	6607	30169	0.0155	0.0613	b
HAPB_chr05	696250001	696500000	9017	28530	0.0212	0.0579	b
HAPB_chr05	696500001	696750000	3631	13910	0.0085	0.0283	b
HAPB_chr05	696750001	697000000	8658	26994	0.0203	0.0548	b
HAPB_chr05	697000001	697250000	9028	17897	0.0212	0.0363	ambiguous
HAPB_chr05	697250001	697500000	8774	20922	0.0206	0.0425	b
HAPB_chr05	697500001	697750000	5125	22132	0.0120	0.0450	b
HAPB_chr05	697750001	698000000	12984	28658	0.0305	0.0582	ambiguous
HAPB_chr05	698000001	698250000	7229	39483	0.0170	0.0802	b
HAPB_chr05	698250001	698500000	8107	22713	0.0190	0.0461	b
HAPB_chr05	698500001	698750000	6054	32079	0.0142	0.0652	b
HAPB_chr05	698750001	699000000	9704	28594	0.0228	0.0581	b
HAPB_chr05	699000001	699250000	7291	35321	0.0171	0.0717	b
HAPB_chr05	699250001	699500000	10376	33044	0.0244	0.0671	b
HAPB_chr05	699500001	699750000	8960	36719	0.0210	0.0746	b
HAPB_chr05	699750001	700000000	11160	35108	0.0262	0.0713	b
HAPB_chr05	700000001	700250000	8322	26388	0.0195	0.0536	b
HAPB_chr05	700250001	700500000	8593	23199	0.0202	0.0471	b
HAPB_chr05	700500001	700750000	7648	32218	0.0180	0.0654	b
HAPB_chr05	700750001	701000000	6500	34121	0.0153	0.0693	b
HAPB_chr05	701000001	701250000	6069	51288	0.0142	0.1042	b
HAPB_chr05	701250001	701500000	10160	32961	0.0239	0.0669	b
HAPB_chr05	701500001	701750000	9257	34367	0.0217	0.0698	b
HAPB_chr05	701750001	702000000	7072	31791	0.0166	0.0646	b
HAPB_chr05	702000001	702250000	8644	28222	0.0203	0.0573	b
HAPB_chr05	702250001	702500000	8742	41343	0.0205	0.0840	b
HAPB_chr05	702500001	702750000	9215	29886	0.0216	0.0607	b
HAPB_chr05	702750001	703000000	7896	23422	0.0185	0.0476	b
HAPB_chr05	703000001	703250000	4157	14251	0.0098	0.0289	b
HAPB_chr05	703250001	703500000	10564	33244	0.0248	0.0675	b
HAPB_chr05	703500001	703750000	6830	23203	0.0160	0.0471	b
HAPB_chr05	703750001	704000000	8951	21613	0.0210	0.0439	b
HAPB_chr05	704000001	704250000	8367	30973	0.0196	0.0629	b
HAPB_chr05	704250001	704500000	7327	21986	0.0172	0.0447	b
HAPB_chr05	704500001	704750000	12466	21845	0.0293	0.0444	ambiguous
HAPB_chr05	704750001	705000000	13457	30541	0.0316	0.0620	ambiguous
HAPB_chr05	705000001	705250000	11925	22791	0.0280	0.0463	ambiguous
HAPB_chr05	705250001	705500000	8888	21663	0.0209	0.0440	b
HAPB_chr05	705500001	705750000	8444	37771	0.0198	0.0767	b
HAPB_chr05	705750001	706000000	3475	6364	0.0082	0.0129	ambiguous
HAPB_chr05	706000001	706250000	9185	19851	0.0216	0.0403	ambiguous
HAPB_chr05	706250001	706500000	12753	26027	0.0299	0.0529	ambiguous
HAPB_chr05	706500001	706750000	10999	26659	0.0258	0.0541	b
HAPB_chr05	706750001	707000000	8235	34288	0.0193	0.0696	b
HAPB_chr05	707000001	707250000	7436	24771	0.0175	0.0503	b
HAPB_chr05	707250001	707500000	8778	24419	0.0206	0.0496	b
HAPB_chr05	707500001	707750000	8010	22924	0.0188	0.0466	b
HAPB_chr05	707750001	708000000	8861	27088	0.0208	0.0550	b
HAPB_chr05	708000001	708250000	7931	22957	0.0186	0.0466	b
HAPB_chr05	708250001	708500000	4928	16356	0.0116	0.0332	b
HAPB_chr05	708500001	708750000	9642	25460	0.0226	0.0517	b
HAPB_chr05	708750001	709000000	6772	23098	0.0159	0.0469	b
HAPB_chr05	709000001	709250000	11559	30763	0.0271	0.0625	b
HAPB_chr05	709250001	709500000	9151	32768	0.0215	0.0666	b
HAPB_chr05	709500001	709750000	11640	24510	0.0273	0.0498	ambiguous
HAPB_chr05	709750001	710000000	8203	35728	0.0193	0.0726	b
HAPB_chr05	710000001	710250000	9680	21918	0.0227	0.0445	ambiguous
HAPB_chr05	710250001	710500000	6069	35796	0.0142	0.0727	b
HAPB_chr05	710500001	710750000	9174	27277	0.0215	0.0554	b
HAPB_chr05	710750001	711000000	6681	23436	0.0157	0.0476	b
HAPB_chr05	711000001	711250000	9306	32807	0.0218	0.0666	b
HAPB_chr05	711250001	711500000	11580	16154	0.0272	0.0328	ambiguous
HAPB_chr05	711500001	711750000	10678	31387	0.0251	0.0637	b
HAPB_chr05	711750001	712000000	5718	23612	0.0134	0.0480	b
HAPB_chr05	712000001	712250000	4716	12203	0.0111	0.0248	b
HAPB_chr05	712250001	712500000	9204	22072	0.0216	0.0448	b
HAPB_chr05	712500001	712750000	7048	30660	0.0165	0.0623	b
HAPB_chr05	712750001	713000000	6721	29840	0.0158	0.0606	b
HAPB_chr05	713000001	713250000	6783	27797	0.0159	0.0565	b
HAPB_chr05	713250001	713500000	6120	16517	0.0144	0.0335	b
HAPB_chr05	713500001	713750000	5626	23820	0.0132	0.0484	b
HAPB_chr05	713750001	714000000	6557	28451	0.0154	0.0578	b
HAPB_chr05	714000001	714250000	7894	22754	0.0185	0.0462	b
HAPB_chr05	714250001	714500000	8434	31707	0.0198	0.0644	b
HAPB_chr05	714500001	714750000	6167	27680	0.0145	0.0562	b
HAPB_chr05	714750001	715000000	7021	28850	0.0165	0.0586	b
HAPB_chr05	715000001	715250000	6126	23156	0.0144	0.0470	b
HAPB_chr05	715250001	715500000	6564	29267	0.0154	0.0594	b
HAPB_chr05	715500001	715750000	8313	21851	0.0195	0.0444	b
HAPB_chr05	715750001	716000000	10691	20701	0.0251	0.0420	ambiguous
HAPB_chr05	716000001	716250000	8468	24451	0.0199	0.0497	b
HAPB_chr05	716250001	716500000	9289	23856	0.0218	0.0485	b
HAPB_chr05	716500001	716750000	12669	20361	0.0297	0.0414	ambiguous
HAPB_chr05	716750001	717000000	9095	27310	0.0214	0.0555	b
HAPB_chr05	717000001	717250000	10210	19844	0.0240	0.0403	ambiguous
HAPB_chr05	717250001	717500000	7241	20335	0.0170	0.0413	b
HAPB_chr05	717500001	717750000	10512	19776	0.0247	0.0402	ambiguous
HAPB_chr05	717750001	718000000	17255	15422	0.0405	0.0313	ambiguous
HAPB_chr05	718000001	718250000	12190	19769	0.0286	0.0402	ambiguous
HAPB_chr05	718250001	718500000	5907	19622	0.0139	0.0399	b
HAPB_chr05	718500001	718750000	7930	21526	0.0186	0.0437	b
HAPB_chr05	718750001	719000000	7691	30499	0.0181	0.0619	b
HAPB_chr05	719000001	719250000	9623	20188	0.0226	0.0410	ambiguous
HAPB_chr05	719250001	719500000	8830	32155	0.0207	0.0653	b
HAPB_chr05	719500001	719750000	10213	19899	0.0240	0.0404	ambiguous
HAPB_chr05	719750001	720000000	7065	23638	0.0166	0.0480	b
HAPB_chr05	720000001	720250000	7181	17582	0.0169	0.0357	b
HAPB_chr05	720250001	720500000	10305	25822	0.0242	0.0524	b
HAPB_chr05	720500001	720750000	11998	21132	0.0282	0.0429	ambiguous
HAPB_chr05	720750001	721000000	8898	25622	0.0209	0.0520	b
HAPB_chr05	721000001	721250000	8705	29219	0.0204	0.0593	b
HAPB_chr05	721250001	721500000	7891	21023	0.0185	0.0427	b
HAPB_chr05	721500001	721750000	4740	14109	0.0111	0.0287	b
HAPB_chr05	721750001	722000000	11233	18599	0.0264	0.0378	ambiguous
HAPB_chr05	722000001	722250000	6717	27687	0.0158	0.0562	b
HAPB_chr05	722250001	722500000	7573	20088	0.0178	0.0408	b
HAPB_chr05	722500001	722750000	8591	20897	0.0202	0.0424	b
HAPB_chr05	722750001	723000000	8596	32860	0.0202	0.0667	b
HAPB_chr05	723000001	723250000	7053	23758	0.0166	0.0483	b
HAPB_chr05	723250001	723500000	9868	16819	0.0232	0.0342	ambiguous
HAPB_chr05	723500001	723750000	1693	2505	0.0040	0.0051	ambiguous
HAPB_chr05	723750001	724000000	2527	6427	0.0059	0.0131	b
HAPB_chr05	724000001	724250000	7891	30466	0.0185	0.0619	b
HAPB_chr05	724250001	724500000	5517	20989	0.0130	0.0426	b
HAPB_chr05	724500001	724750000	5516	26127	0.0129	0.0531	b
HAPB_chr05	724750001	725000000	7427	30580	0.0174	0.0621	b
HAPB_chr05	725000001	725250000	8077	28871	0.0190	0.0586	b
HAPB_chr05	725250001	725500000	7301	27770	0.0171	0.0564	b
HAPB_chr05	725500001	725750000	7357	32058	0.0173	0.0651	b
HAPB_chr05	725750001	726000000	10019	34636	0.0235	0.0703	b
HAPB_chr05	726000001	726250000	7209	31958	0.0169	0.0649	b
HAPB_chr05	726250001	726500000	10929	26177	0.0257	0.0532	b
HAPB_chr05	726500001	726750000	7086	17559	0.0166	0.0357	b
HAPB_chr05	726750001	727000000	8683	20913	0.0204	0.0425	b
HAPB_chr05	727000001	727250000	6675	24345	0.0157	0.0494	b
HAPB_chr05	727250001	727500000	12695	21246	0.0298	0.0432	ambiguous
HAPB_chr05	727500001	727750000	7479	21910	0.0176	0.0445	b
HAPB_chr05	727750001	728000000	9741	23506	0.0229	0.0477	b
HAPB_chr05	728000001	728250000	7810	24984	0.0183	0.0507	b
HAPB_chr05	728250001	728500000	8770	14594	0.0206	0.0296	ambiguous
HAPB_chr05	728500001	728750000	11503	19419	0.0270	0.0394	ambiguous
HAPB_chr05	728750001	729000000	5278	12473	0.0124	0.0253	b
HAPB_chr05	729000001	729250000	6745	21402	0.0158	0.0435	b
HAPB_chr05	729250001	729500000	7196	25823	0.0169	0.0524	b
HAPB_chr05	729500001	729750000	5706	28983	0.0134	0.0589	b
HAPB_chr05	729750001	730000000	7062	23136	0.0166	0.0470	b
HAPB_chr05	730000001	730250000	10028	16631	0.0235	0.0338	ambiguous
HAPB_chr05	730250001	730500000	9348	24161	0.0219	0.0491	b
HAPB_chr05	730500001	730750000	8358	18624	0.0196	0.0378	ambiguous
HAPB_chr05	730750001	731000000	5770	13838	0.0135	0.0281	b
HAPB_chr05	731000001	731250000	9645	20441	0.0226	0.0415	ambiguous
HAPB_chr05	731250001	731500000	9070	23584	0.0213	0.0479	b
HAPB_chr05	731500001	731750000	8342	31717	0.0196	0.0644	b
HAPB_chr05	731750001	732000000	7054	15923	0.0166	0.0323	ambiguous
HAPB_chr05	732000001	732250000	6744	23392	0.0158	0.0475	b
HAPB_chr05	732250001	732500000	6766	9138	0.0159	0.0186	ambiguous
HAPB_chr05	732500001	732750000	8496	32118	0.0199	0.0652	b
HAPB_chr05	732750001	733000000	6354	39265	0.0149	0.0797	b
HAPB_chr05	733000001	733250000	6301	20112	0.0148	0.0408	b
HAPB_chr05	733250001	733500000	10202	20782	0.0239	0.0422	ambiguous
HAPB_chr05	733500001	733750000	11304	33647	0.0265	0.0683	b
HAPB_chr05	733750001	734000000	6877	23853	0.0161	0.0484	b
HAPB_chr05	734000001	734250000	7575	22602	0.0178	0.0459	b
HAPB_chr05	734250001	734500000	6582	17379	0.0155	0.0353	b
HAPB_chr05	734500001	734750000	10402	25381	0.0244	0.0516	b
HAPB_chr05	734750001	735000000	7691	21231	0.0181	0.0431	b
HAPB_chr05	735000001	735250000	8900	29000	0.0209	0.0589	b
HAPB_chr05	735250001	735500000	11299	27395	0.0265	0.0556	b
HAPB_chr05	735500001	735750000	7269	27104	0.0171	0.0550	b
HAPB_chr05	735750001	736000000	5990	12643	0.0141	0.0257	ambiguous
HAPB_chr05	736000001	736250000	7796	16604	0.0183	0.0337	ambiguous
HAPB_chr05	736250001	736500000	8451	26575	0.0198	0.0540	b
HAPB_chr05	736500001	736750000	7230	22651	0.0170	0.0460	b
HAPB_chr05	736750001	737000000	10038	23112	0.0236	0.0469	ambiguous
HAPB_chr05	737000001	737250000	8058	30394	0.0189	0.0617	b
HAPB_chr05	737250001	737500000	8062	29615	0.0189	0.0601	b
HAPB_chr05	737500001	737750000	7649	34614	0.0180	0.0703	b
HAPB_chr05	737750001	738000000	5092	15226	0.0120	0.0309	b
HAPB_chr05	738000001	738250000	7105	27628	0.0167	0.0561	b
HAPB_chr05	738250001	738500000	8325	15398	0.0195	0.0313	ambiguous
HAPB_chr05	738500001	738750000	8757	17599	0.0206	0.0357	ambiguous
HAPB_chr05	738750001	739000000	9065	32889	0.0213	0.0668	b
HAPB_chr05	739000001	739250000	7473	34627	0.0175	0.0703	b
HAPB_chr05	739250001	739500000	7117	31259	0.0167	0.0635	b
HAPB_chr05	739500001	739562375	5191	5677	0.0122	0.0115	ambiguous
