unit_a	unit_b	k_sweep	chosen_k	kmers_a	kmers_b	shared	union	jaccard_at_chosen_k	containment_at_chosen_k	distance	containment_p	resolution_limited	k_consistency_spread
HAP1_chr01	HAP1_chr02	11,13,15,17,19,23	23	27938433	25586157	4783805	48740785	0.098148	0.186968	0.074859	0.070311	False	0.072373
HAP1_chr01	HAP1_chr03	11,13,15,17,19,23	23	27938433	13045904	814066	40170271	0.020265	0.062400	0.140250	0.113627	False	0.141857
HAP1_chr01	HAP1_chr04	11,13,15,17,19,23	23	27938433	13388975	764102	40563306	0.018837	0.057069	0.143367	0.117061	False	0.146192
HAP1_chr01	HAP1_chr05	11,13,15,17,19,23	23	27938433	11368702	734147	38572988	0.019033	0.064576	0.142926	0.112305	False	0.145663
HAP1_chr01	HAP1_chr06	11,13,15,17,19,23	23	27938433	12068560	723244	39283749	0.018411	0.059928	0.144344	0.115183	False	0.148252
HAP1_chr01	HAP1_chr07	11,13,15,17,19,23	23	27938433	11975625	785683	39128375	0.020080	0.065607	0.140643	0.111693	False	0.142895
HAP1_chr01	HAP1_chr08	11,13,15,17,19,23	23	27938433	11906090	748765	39095758	0.019152	0.062889	0.142659	0.113326	False	0.147120
HAP1_chr01	HAP1_chr09	11,13,15,17,19,23	23	27938433	12673175	823155	39788453	0.020688	0.064953	0.139370	0.112080	False	0.141552
HAP1_chr01	HAP1_chr10	11,13,15,17,19,23	23	27938433	12174695	745429	39367699	0.018935	0.061228	0.143146	0.114357	False	0.146719
HAP1_chr01	HAP1_chr11	11,13,15,17,19,23	23	27938433	11282040	737148	38483325	0.019155	0.065338	0.142653	0.111852	False	0.146088
HAP1_chr01	HAP1_chr12	11,13,15,17,19,23	23	27938433	12373225	741441	39570217	0.018737	0.059923	0.143594	0.115186	False	0.147059
HAP1_chr01	HAP1_chr13	11,13,15,17,19,23	23	27938433	13261930	830422	40369941	0.020570	0.062617	0.139614	0.113493	False	0.143186
HAP1_chr01	HAP1_chr14	11,13,15,17,19,23	23	27938433	14842029	798896	41981566	0.019030	0.053827	0.142933	0.119304	False	0.148259
HAP1_chr01	HAP1_chr15	11,13,15,17,19,23	23	27938433	10593813	716936	37815310	0.018959	0.067675	0.143092	0.110494	False	0.144814
HAP1_chr01	HAP1_chr16	11,13,15,17,19,23	23	27938433	12175875	734658	39379650	0.018656	0.060337	0.143780	0.114921	False	0.147588
HAP1_chr01	HAP1_chr17	11,13,15,17,19,23	23	27938433	19018048	850417	46106064	0.018445	0.044716	0.144265	0.126376	False	0.148452
HAP1_chr01	HAP1_chr18	11,13,15,17,19,23	23	27938433	18336962	807294	45468101	0.017755	0.044026	0.145893	0.126967	False	0.150306
HAP1_chr01	HAP1_chr19	11,13,15,17,19,23	23	27938433	10714776	628744	38024465	0.016535	0.058680	0.148935	0.115992	False	0.151869
HAP1_chr01	HAP1_chr20	11,13,15,17,19,23	23	27938433	17829014	795809	44971638	0.017696	0.044636	0.146036	0.126445	False	0.152017
HAP1_chr01	HAP1_chr21	11,13,15,17,19,23	23	27938433	16827317	707922	44057828	0.016068	0.042070	0.150162	0.128690	False	0.156625
HAP1_chr01	HAP1_chr22	11,13,15,17,19,23	23	27938433	17239713	857758	44320388	0.019354	0.049755	0.142213	0.122311	False	0.148028
HAP1_chr01	HAP1_chr23	11,13,15,17,19,23	23	27938433	16363082	771620	43529895	0.017726	0.047156	0.145962	0.124356	False	0.152776
HAP1_chr01	HAP1_chr24	11,13,15,17,19,23	23	27938433	10948765	699626	38187572	0.018321	0.063900	0.144553	0.112711	False	0.146728
HAP1_chr01	HAP1_chr25	11,13,15,17,19,23	23	27938433	15691712	865838	42764307	0.020247	0.055178	0.140290	0.118354	False	0.145147
HAP1_chr01	HAP1_chr26	11,13,15,17,19,23	23	27938433	15725527	779111	42884849	0.018168	0.049544	0.144912	0.122473	False	0.152178
HAP1_chr01	HAP1_chr27	11,13,15,17,19,23	23	27938433	15634495	739536	42833392	0.017265	0.047302	0.147088	0.124238	False	0.152413
HAP1_chr01	HAP1_chr28	11,13,15,17,19,23	23	27938433	15712907	703866	42947474	0.016389	0.044795	0.149315	0.126309	False	0.155100
HAP1_chr01	HAP1_chr29	11,13,15,17,19,23	23	27938433	14732132	664263	42006302	0.015813	0.045089	0.150845	0.126060	False	0.156341
HAP1_chr01	HAP1_chr30	11,13,15,17,19,23	23	27938433	14336542	684006	41590969	0.016446	0.047711	0.149167	0.123910	False	0.154298
HAP1_chr01	HAP1_chr31	11,13,15,17,19,23	23	27938433	9956759	666914	37228278	0.017914	0.066981	0.145512	0.110892	False	0.146058
HAP1_chr01	HAP1_chr32	11,13,15,17,19,23	23	27938433	13614511	637647	40915297	0.015585	0.046836	0.151469	0.124615	False	0.157033
HAP1_chr01	HAP1_chr33	11,13,15,17,19,23	23	27938433	13499049	583171	40854311	0.014274	0.043201	0.155231	0.127684	False	0.161693
HAP1_chr01	HAP1_chr34	11,13,15,17,19,23	23	27938433	13150181	609840	40478774	0.015066	0.046375	0.152919	0.124991	False	0.160166
HAP1_chr01	HAP1_chr35	11,13,15,17,19,23	23	27938433	12136965	587330	39488068	0.014874	0.048392	0.153469	0.123370	False	0.158377
HAP1_chr01	HAP1_chr36	11,13,15,17,19,23	23	27938433	11393762	524530	38807665	0.013516	0.046037	0.157572	0.125270	False	0.162836
HAP1_chr01	HAP1_chr37	11,13,15,17,19,23	23	27938433	10298369	595355	37641447	0.015816	0.057811	0.150837	0.116566	False	0.154339
HAP1_chr01	HAP1_chr38	11,13,15,17,19,23	23	27938433	10094622	563896	37469159	0.015050	0.055861	0.152965	0.117882	False	0.156370
HAP1_chr01	HAP2_chr01	11,13,15,17,19,23	23	27938433	27515200	22454137	32999496	0.680439	0.816063	0.009171	0.008799	False	0.008079
HAP1_chr01	HAP2_chr02	11,13,15,17,19,23	23	27938433	25346546	4736869	48548110	0.097571	0.186884	0.075093	0.070329	False	0.072593
HAP1_chr01	HAP2_chr03	11,13,15,17,19,23	23	27938433	13022664	822202	40138895	0.020484	0.063136	0.139793	0.113174	False	0.141480
HAP1_chr01	HAP2_chr04	11,13,15,17,19,23	23	27938433	12989051	757317	40170167	0.018853	0.058304	0.143332	0.116239	False	0.146277
HAP1_chr01	HAP2_chr05	11,13,15,17,19,23	23	27938433	11246860	726665	38458628	0.018895	0.064610	0.143237	0.112284	False	0.145700
HAP1_chr01	HAP2_chr06	11,13,15,17,19,23	23	27938433	11933174	740690	39130917	0.018929	0.062070	0.143160	0.113831	False	0.147210
HAP1_chr01	HAP2_chr07	11,13,15,17,19,23	23	27938433	11716945	715737	38939641	0.018381	0.061086	0.144414	0.114447	False	0.146222
HAP1_chr01	HAP2_chr08	11,13,15,17,19,23	23	27938433	11113854	724636	38327651	0.018906	0.065201	0.143210	0.111933	False	0.147307
HAP1_chr01	HAP2_chr09	11,13,15,17,19,23	23	27938433	12589605	823917	39704121	0.020751	0.065444	0.139241	0.111789	False	0.141378
HAP1_chr01	HAP2_chr10	11,13,15,17,19,23	23	27938433	12335669	765991	39508111	0.019388	0.062096	0.142137	0.113815	False	0.145813
HAP1_chr01	HAP2_chr11	11,13,15,17,19,23	23	27938433	11190208	702483	38426158	0.018281	0.062777	0.144645	0.113395	False	0.147683
HAP1_chr01	HAP2_chr12	11,13,15,17,19,23	23	27938433	12581476	761637	39758272	0.019157	0.060536	0.142649	0.114794	False	0.146128
HAP1_chr01	HAP2_chr13	11,13,15,17,19,23	23	27938433	13261829	790471	40409791	0.019561	0.059605	0.141758	0.115391	False	0.144977
HAP1_chr01	HAP2_chr14	11,13,15,17,19,23	23	27938433	14830231	796393	41972271	0.018974	0.053701	0.143057	0.119394	False	0.148527
HAP1_chr01	HAP2_chr15	11,13,15,17,19,23	23	27938433	10541427	714609	37765251	0.018922	0.067791	0.143174	0.110428	False	0.144965
HAP1_chr01	HAP2_chr16	11,13,15,17,19,23	23	27938433	11821509	715210	39044732	0.018318	0.060501	0.144561	0.114817	False	0.148102
HAP1_chr01	HAP2_chr17	11,13,15,17,19,23	23	27938433	19099040	878351	46159122	0.019029	0.045989	0.142935	0.125309	False	0.147357
HAP1_chr01	HAP2_chr18	11,13,15,17,19,23	23	27938433	18280303	788488	45430248	0.017356	0.043133	0.146864	0.127744	False	0.151119
HAP1_chr01	HAP2_chr19	11,13,15,17,19,23	23	27938433	10659886	631867	37966452	0.016643	0.059275	0.148658	0.115604	False	0.151683
HAP1_chr01	HAP2_chr20	11,13,15,17,19,23	23	27938433	17893840	801702	45030571	0.017804	0.044803	0.145777	0.126302	False	0.151804
HAP1_chr01	HAP2_chr21	11,13,15,17,19,23	23	27938433	16782998	678465	44042966	0.015405	0.040426	0.151966	0.130199	False	0.158044
HAP1_chr01	HAP2_chr22	11,13,15,17,19,23	23	27938433	17310261	879606	44369088	0.019825	0.050814	0.141187	0.121507	False	0.147205
HAP1_chr01	HAP2_chr23	11,13,15,17,19,23	23	27938433	16374851	771088	43542196	0.017709	0.047090	0.146004	0.124409	False	0.152632
HAP1_chr01	HAP2_chr24	11,13,15,17,19,23	23	27938433	10514192	621501	37831124	0.016428	0.059111	0.149213	0.115711	False	0.150722
HAP1_chr01	HAP2_chr25	11,13,15,17,19,23	23	27938433	15741013	846990	42832456	0.019774	0.053808	0.141296	0.119317	False	0.145991
HAP1_chr01	HAP2_chr26	11,13,15,17,19,23	23	27938433	15907494	790887	43055040	0.018369	0.049718	0.144441	0.122339	False	0.151599
HAP1_chr01	HAP2_chr27	11,13,15,17,19,23	23	27938433	15728078	746343	42920168	0.017389	0.047453	0.146783	0.124117	False	0.152188
HAP1_chr01	HAP2_chr28	11,13,15,17,19,23	23	27938433	15907855	706948	43139340	0.016388	0.044440	0.149319	0.126611	False	0.154669
HAP1_chr01	HAP2_chr29	11,13,15,17,19,23	23	27938433	14792090	689790	42040733	0.016408	0.046632	0.149267	0.124781	False	0.155026
HAP1_chr01	HAP2_chr30	11,13,15,17,19,23	23	27938433	14448376	680282	41706527	0.016311	0.047084	0.149519	0.124414	False	0.154530
HAP1_chr01	HAP2_chr31	11,13,15,17,19,23	23	27938433	10247886	689678	37496641	0.018393	0.067300	0.144385	0.110709	False	0.145033
HAP1_chr01	HAP2_chr32	11,13,15,17,19,23	23	27938433	13681624	637017	40983040	0.015543	0.046560	0.151582	0.124840	False	0.157249
HAP1_chr01	HAP2_chr33	11,13,15,17,19,23	23	27938433	13723868	633129	41029172	0.015431	0.046133	0.151893	0.125190	False	0.158890
HAP1_chr01	HAP2_chr34	11,13,15,17,19,23	23	27938433	13124268	612766	40449935	0.015149	0.046690	0.152684	0.124734	False	0.159839
HAP1_chr01	HAP2_chr35	11,13,15,17,19,23	23	27938433	12183454	615405	39506482	0.015577	0.050512	0.151489	0.121735	False	0.156854
HAP1_chr01	HAP2_chr36	11,13,15,17,19,23	23	27938433	11390521	523504	38805450	0.013490	0.045960	0.157653	0.125334	False	0.163044
HAP1_chr01	HAP2_chr37	11,13,15,17,19,23	23	27938433	10244966	576593	37606806	0.015332	0.056281	0.152168	0.117595	False	0.155378
HAP1_chr01	HAP2_chr38	11,13,15,17,19,23	23	27938433	10059451	551254	37446630	0.014721	0.054800	0.153911	0.118618	False	0.157199
HAP1_chr02	HAP1_chr03	11,13,15,17,19,23	23	25586157	13045904	736521	37895540	0.019436	0.056456	0.142033	0.117476	False	0.143701
HAP1_chr02	HAP1_chr04	11,13,15,17,19,23	23	25586157	13388975	703191	38271941	0.018374	0.052520	0.144431	0.120244	False	0.147454
HAP1_chr02	HAP1_chr05	11,13,15,17,19,23	23	25586157	11368702	645274	36309585	0.017771	0.056759	0.145853	0.117271	False	0.148369
HAP1_chr02	HAP1_chr06	11,13,15,17,19,23	23	25586157	12068560	677171	36977546	0.018313	0.056110	0.144571	0.117712	False	0.148475
HAP1_chr02	HAP1_chr07	11,13,15,17,19,23	23	25586157	11975625	705789	36855993	0.019150	0.058935	0.142664	0.115825	False	0.144959
HAP1_chr02	HAP1_chr08	11,13,15,17,19,23	23	25586157	11906090	686368	36805879	0.018648	0.057648	0.143797	0.116674	False	0.148298
HAP1_chr02	HAP1_chr09	11,13,15,17,19,23	23	25586157	12673175	783168	37476164	0.020898	0.061797	0.138941	0.114001	False	0.141316
HAP1_chr02	HAP1_chr10	11,13,15,17,19,23	23	25586157	12174695	695238	37065614	0.018757	0.057105	0.143549	0.117037	False	0.147354
HAP1_chr02	HAP1_chr11	11,13,15,17,19,23	23	25586157	11282040	682384	36185813	0.018858	0.060484	0.143320	0.114828	False	0.146865
HAP1_chr02	HAP1_chr12	11,13,15,17,19,23	23	25586157	12373225	628756	37330626	0.016843	0.050816	0.148147	0.121505	False	0.151193
HAP1_chr02	HAP1_chr13	11,13,15,17,19,23	23	25586157	13261930	721115	38126972	0.018914	0.054375	0.143194	0.118916	False	0.146622
HAP1_chr02	HAP1_chr14	11,13,15,17,19,23	23	25586157	14842029	728485	39699701	0.018350	0.049083	0.144486	0.122830	False	0.149900
HAP1_chr02	HAP1_chr15	11,13,15,17,19,23	23	25586157	10593813	637512	35542458	0.017937	0.060178	0.145458	0.115023	False	0.146954
HAP1_chr02	HAP1_chr16	11,13,15,17,19,23	23	25586157	12175875	685493	37076539	0.018489	0.056299	0.144164	0.117583	False	0.147870
HAP1_chr02	HAP1_chr17	11,13,15,17,19,23	23	25586157	19018048	786061	43818144	0.017939	0.041332	0.145452	0.129360	False	0.149820
HAP1_chr02	HAP1_chr18	11,13,15,17,19,23	23	25586157	18336962	774777	43148342	0.017956	0.042252	0.145412	0.128526	False	0.150219
HAP1_chr02	HAP1_chr19	11,13,15,17,19,23	23	25586157	10714776	600946	35699987	0.016833	0.056086	0.148172	0.117728	False	0.151542
HAP1_chr02	HAP1_chr20	11,13,15,17,19,23	23	25586157	17829014	734355	42680816	0.017206	0.041189	0.147236	0.129492	False	0.153683
HAP1_chr02	HAP1_chr21	11,13,15,17,19,23	23	25586157	16827317	689727	41723747	0.016531	0.040989	0.148947	0.129676	False	0.155868
HAP1_chr02	HAP1_chr22	11,13,15,17,19,23	23	25586157	17239713	747483	42078387	0.017764	0.043358	0.145871	0.127547	False	0.151656
HAP1_chr02	HAP1_chr23	11,13,15,17,19,23	23	25586157	16363082	729513	41219726	0.017698	0.044583	0.146030	0.126489	False	0.153160
HAP1_chr02	HAP1_chr24	11,13,15,17,19,23	23	25586157	10948765	636135	35898787	0.017720	0.058101	0.145977	0.116373	False	0.148204
HAP1_chr02	HAP1_chr25	11,13,15,17,19,23	23	25586157	15691712	762027	40515842	0.018808	0.048562	0.143433	0.123236	False	0.148348
HAP1_chr02	HAP1_chr26	11,13,15,17,19,23	23	25586157	15725527	708159	40603525	0.017441	0.045032	0.146656	0.126108	False	0.154035
HAP1_chr02	HAP1_chr27	11,13,15,17,19,23	23	25586157	15634495	666110	40554542	0.016425	0.042605	0.149221	0.128211	False	0.154723
HAP1_chr02	HAP1_chr28	11,13,15,17,19,23	23	25586157	15712907	677576	40621488	0.016680	0.043122	0.148562	0.127754	False	0.154671
HAP1_chr02	HAP1_chr29	11,13,15,17,19,23	23	25586157	14732132	622160	39696129	0.015673	0.042231	0.151227	0.128545	False	0.156902
HAP1_chr02	HAP1_chr30	11,13,15,17,19,23	23	25586157	14336542	606879	39315820	0.015436	0.042331	0.151879	0.128456	False	0.157107
HAP1_chr02	HAP1_chr31	11,13,15,17,19,23	23	25586157	9956759	616048	34926868	0.017638	0.061872	0.146175	0.113954	False	0.146710
HAP1_chr02	HAP1_chr32	11,13,15,17,19,23	23	25586157	13614511	622611	38578057	0.016139	0.045731	0.149973	0.125523	False	0.156005
HAP1_chr02	HAP1_chr33	11,13,15,17,19,23	23	25586157	13499049	543406	38541800	0.014099	0.040255	0.155761	0.130359	False	0.162693
HAP1_chr02	HAP1_chr34	11,13,15,17,19,23	23	25586157	13150181	567110	38169228	0.014858	0.043126	0.153514	0.127751	False	0.160823
HAP1_chr02	HAP1_chr35	11,13,15,17,19,23	23	25586157	12136965	551046	37172076	0.014824	0.045402	0.153611	0.125797	False	0.158799
HAP1_chr02	HAP1_chr36	11,13,15,17,19,23	23	25586157	11393762	519056	36460863	0.014236	0.045556	0.155347	0.125669	False	0.161157
HAP1_chr02	HAP1_chr37	11,13,15,17,19,23	23	25586157	10298369	551970	35332556	0.015622	0.053598	0.151366	0.119467	False	0.154937
HAP1_chr02	HAP1_chr38	11,13,15,17,19,23	23	25586157	10094622	546578	35134201	0.015557	0.054145	0.151545	0.119078	False	0.155017
HAP1_chr02	HAP2_chr01	11,13,15,17,19,23	23	25586157	27515200	4720751	48380606	0.097575	0.184504	0.075091	0.070847	False	0.072561
HAP1_chr02	HAP2_chr02	11,13,15,17,19,23	23	25586157	25346546	20764066	30168637	0.688267	0.819207	0.008875	0.008633	False	0.007688
HAP1_chr02	HAP2_chr03	11,13,15,17,19,23	23	25586157	13022664	763573	37845248	0.020176	0.058634	0.140438	0.116022	False	0.142287
HAP1_chr02	HAP2_chr04	11,13,15,17,19,23	23	25586157	12989051	713095	37862113	0.018834	0.054900	0.143374	0.118548	False	0.146746
HAP1_chr02	HAP2_chr05	11,13,15,17,19,23	23	25586157	11246860	623391	36209626	0.017216	0.055428	0.147210	0.118181	False	0.149508
HAP1_chr02	HAP2_chr06	11,13,15,17,19,23	23	25586157	11933174	684887	36834444	0.018594	0.057394	0.143922	0.116844	False	0.148048
HAP1_chr02	HAP2_chr07	11,13,15,17,19,23	23	25586157	11716945	690435	36612667	0.018858	0.058926	0.143320	0.115831	False	0.145543
HAP1_chr02	HAP2_chr08	11,13,15,17,19,23	23	25586157	11113854	624783	36075228	0.017319	0.056217	0.146956	0.117639	False	0.150870
HAP1_chr02	HAP2_chr09	11,13,15,17,19,23	23	25586157	12589605	753465	37422297	0.020134	0.059848	0.140527	0.115234	False	0.142576
HAP1_chr02	HAP2_chr10	11,13,15,17,19,23	23	25586157	12335669	683239	37238587	0.018348	0.055387	0.144491	0.118209	False	0.148180
HAP1_chr02	HAP2_chr11	11,13,15,17,19,23	23	25586157	11190208	659765	36116600	0.018268	0.058959	0.144677	0.115810	False	0.147881
HAP1_chr02	HAP2_chr12	11,13,15,17,19,23	23	25586157	12581476	666516	37501117	0.017773	0.052976	0.145849	0.119914	False	0.149294
HAP1_chr02	HAP2_chr13	11,13,15,17,19,23	23	25586157	13261829	716460	38131526	0.018789	0.054024	0.143476	0.119164	False	0.146797
HAP1_chr02	HAP2_chr14	11,13,15,17,19,23	23	25586157	14830231	732975	39683413	0.018471	0.049424	0.144206	0.122565	False	0.149770
HAP1_chr02	HAP2_chr15	11,13,15,17,19,23	23	25586157	10541427	648482	35479102	0.018278	0.061517	0.144654	0.114175	False	0.146152
HAP1_chr02	HAP2_chr16	11,13,15,17,19,23	23	25586157	11821509	655419	36752247	0.017833	0.055443	0.145705	0.118171	False	0.149217
HAP1_chr02	HAP2_chr17	11,13,15,17,19,23	23	25586157	19099040	779018	43906179	0.017743	0.040788	0.145922	0.129861	False	0.150207
HAP1_chr02	HAP2_chr18	11,13,15,17,19,23	23	25586157	18280303	758097	43108363	0.017586	0.041471	0.146302	0.129233	False	0.150939
HAP1_chr02	HAP2_chr19	11,13,15,17,19,23	23	25586157	10659886	609506	35636537	0.017103	0.057178	0.147491	0.116989	False	0.150781
HAP1_chr02	HAP2_chr20	11,13,15,17,19,23	23	25586157	17893840	705239	42774758	0.016487	0.039412	0.149060	0.131159	False	0.155279
HAP1_chr02	HAP2_chr21	11,13,15,17,19,23	23	25586157	16782998	648056	41721099	0.015533	0.038614	0.151611	0.131931	False	0.158094
HAP1_chr02	HAP2_chr22	11,13,15,17,19,23	23	25586157	17310261	811251	42085167	0.019276	0.046865	0.142383	0.124591	False	0.148641
HAP1_chr02	HAP2_chr23	11,13,15,17,19,23	23	25586157	16374851	716386	41244622	0.017369	0.043749	0.146832	0.127206	False	0.153647
HAP1_chr02	HAP2_chr24	11,13,15,17,19,23	23	25586157	10514192	582766	35517583	0.016408	0.055427	0.149266	0.118182	False	0.150991
HAP1_chr02	HAP2_chr25	11,13,15,17,19,23	23	25586157	15741013	747244	40579926	0.018414	0.047471	0.144336	0.124102	False	0.148995
HAP1_chr02	HAP2_chr26	11,13,15,17,19,23	23	25586157	15907494	706457	40787194	0.017321	0.044410	0.146952	0.126637	False	0.154205
HAP1_chr02	HAP2_chr27	11,13,15,17,19,23	23	25586157	15728078	677122	40637113	0.016663	0.043052	0.148607	0.127816	False	0.154194
HAP1_chr02	HAP2_chr28	11,13,15,17,19,23	23	25586157	15907855	692388	40801624	0.016970	0.043525	0.147827	0.127401	False	0.153888
HAP1_chr02	HAP2_chr29	11,13,15,17,19,23	23	25586157	14792090	643557	39734690	0.016196	0.043507	0.149821	0.127417	False	0.155701
HAP1_chr02	HAP2_chr30	11,13,15,17,19,23	23	25586157	14448376	619649	39414884	0.015721	0.042887	0.151096	0.127961	False	0.156313
HAP1_chr02	HAP2_chr31	11,13,15,17,19,23	23	25586157	10247886	643964	35190079	0.018300	0.062839	0.144603	0.113357	False	0.145459
HAP1_chr02	HAP2_chr32	11,13,15,17,19,23	23	25586157	13681624	618269	38649512	0.015997	0.045190	0.150352	0.125976	False	0.156521
HAP1_chr02	HAP2_chr33	11,13,15,17,19,23	23	25586157	13723868	597181	38712844	0.015426	0.043514	0.151907	0.127411	False	0.159274
HAP1_chr02	HAP2_chr34	11,13,15,17,19,23	23	25586157	13124268	556522	38153903	0.014586	0.042404	0.154305	0.128390	False	0.161506
HAP1_chr02	HAP2_chr35	11,13,15,17,19,23	23	25586157	12183454	553910	37215701	0.014884	0.045464	0.153440	0.125746	False	0.158857
HAP1_chr02	HAP2_chr36	11,13,15,17,19,23	23	25586157	11390521	495385	36481293	0.013579	0.043491	0.157372	0.127431	False	0.162853
HAP1_chr02	HAP2_chr37	11,13,15,17,19,23	23	25586157	10244966	540802	35290321	0.015324	0.052787	0.152190	0.120051	False	0.155498
HAP1_chr02	HAP2_chr38	11,13,15,17,19,23	23	25586157	10059451	533458	35112150	0.015193	0.053031	0.152559	0.119874	False	0.156018
HAP1_chr03	HAP1_chr04	11,13,15,17,19,23	23	13045904	13388975	596196	25838683	0.023074	0.045700	0.134727	0.125549	False	0.136428
HAP1_chr03	HAP1_chr05	11,13,15,17,19,23	23	13045904	11368702	569773	23844833	0.023895	0.050118	0.133241	0.122034	False	0.134523
HAP1_chr03	HAP1_chr06	11,13,15,17,19,23	23	13045904	12068560	528408	24586056	0.021492	0.043784	0.137747	0.127176	False	0.139805
HAP1_chr03	HAP1_chr07	11,13,15,17,19,23	23	13045904	11975625	552641	24468888	0.022585	0.046147	0.135636	0.125179	False	0.136288
HAP1_chr03	HAP1_chr08	11,13,15,17,19,23	23	13045904	11906090	537544	24414450	0.022017	0.045149	0.136720	0.126010	False	0.139062
HAP1_chr03	HAP1_chr09	11,13,15,17,19,23	23	13045904	12673175	2151617	23567462	0.091296	0.169777	0.077733	0.074201	False	0.071305
HAP1_chr03	HAP1_chr10	11,13,15,17,19,23	23	13045904	12174695	561547	24659052	0.022772	0.046124	0.135286	0.125198	False	0.137004
HAP1_chr03	HAP1_chr11	11,13,15,17,19,23	23	13045904	11282040	555937	23772007	0.023386	0.049276	0.134156	0.122680	False	0.135870
HAP1_chr03	HAP1_chr12	11,13,15,17,19,23	23	13045904	12373225	552196	24866933	0.022206	0.044628	0.136357	0.126451	False	0.138122
HAP1_chr03	HAP1_chr13	11,13,15,17,19,23	23	13045904	13261930	598913	25708921	0.023296	0.045908	0.134320	0.125376	False	0.135583
HAP1_chr03	HAP1_chr14	11,13,15,17,19,23	23	13045904	14842029	588675	27299258	0.021564	0.045123	0.137606	0.126032	False	0.139868
HAP1_chr03	HAP1_chr15	11,13,15,17,19,23	23	13045904	10593813	508256	23131461	0.021972	0.047977	0.136807	0.123699	False	0.136853
HAP1_chr03	HAP1_chr16	11,13,15,17,19,23	23	13045904	12175875	546083	24675696	0.022130	0.044850	0.136502	0.126263	False	0.138498
HAP1_chr03	HAP1_chr17	11,13,15,17,19,23	23	13045904	19018048	527639	31536313	0.016731	0.040445	0.148432	0.130181	False	0.151120
HAP1_chr03	HAP1_chr18	11,13,15,17,19,23	23	13045904	18336962	525709	30857157	0.017037	0.040297	0.147657	0.130320	False	0.151037
HAP1_chr03	HAP1_chr19	11,13,15,17,19,23	23	13045904	10714776	475330	23285350	0.020413	0.044362	0.139940	0.126678	False	0.141946
HAP1_chr03	HAP1_chr20	11,13,15,17,19,23	23	13045904	17829014	512929	30361989	0.016894	0.039317	0.148018	0.131250	False	0.150879
HAP1_chr03	HAP1_chr21	11,13,15,17,19,23	23	13045904	16827317	470433	29402788	0.016000	0.036060	0.150344	0.134510	False	0.153454
HAP1_chr03	HAP1_chr22	11,13,15,17,19,23	23	13045904	17239713	562749	29722868	0.018933	0.043136	0.143150	0.127741	False	0.145868
HAP1_chr03	HAP1_chr23	11,13,15,17,19,23	23	13045904	16363082	507168	28901818	0.017548	0.038876	0.146394	0.131676	False	0.149836
HAP1_chr03	HAP1_chr24	11,13,15,17,19,23	23	13045904	10948765	529298	23465371	0.022557	0.048343	0.135691	0.123409	False	0.136560
HAP1_chr03	HAP1_chr25	11,13,15,17,19,23	23	13045904	15691712	607053	28130563	0.021580	0.046532	0.137574	0.124863	False	0.138788
HAP1_chr03	HAP1_chr26	11,13,15,17,19,23	23	13045904	15725527	517487	28253944	0.018316	0.039667	0.144566	0.130916	False	0.148502
HAP1_chr03	HAP1_chr27	11,13,15,17,19,23	23	13045904	15634495	493020	28187379	0.017491	0.037791	0.146534	0.132744	False	0.148850
HAP1_chr03	HAP1_chr28	11,13,15,17,19,23	23	13045904	15712907	472306	28286505	0.016697	0.036203	0.148518	0.134361	False	0.151280
HAP1_chr03	HAP1_chr29	11,13,15,17,19,23	23	13045904	14732132	436891	27341145	0.015979	0.033489	0.150399	0.137289	False	0.153084
HAP1_chr03	HAP1_chr30	11,13,15,17,19,23	23	13045904	14336542	444877	26937569	0.016515	0.034101	0.148987	0.136610	False	0.151135
HAP1_chr03	HAP1_chr31	11,13,15,17,19,23	23	13045904	9956759	503336	22499327	0.022371	0.050552	0.136042	0.121704	False	0.135400
HAP1_chr03	HAP1_chr32	11,13,15,17,19,23	23	13045904	13614511	420947	26239468	0.016043	0.032267	0.150230	0.138683	False	0.152865
HAP1_chr03	HAP1_chr33	11,13,15,17,19,23	23	13045904	13499049	378634	26166319	0.014470	0.029023	0.154647	0.142641	False	0.157881
HAP1_chr03	HAP1_chr34	11,13,15,17,19,23	23	13045904	13150181	391719	25804366	0.015180	0.030026	0.152594	0.141373	False	0.156151
HAP1_chr03	HAP1_chr35	11,13,15,17,19,23	23	13045904	12136965	389646	24793223	0.015716	0.032104	0.151110	0.138872	False	0.152932
HAP1_chr03	HAP1_chr36	11,13,15,17,19,23	23	13045904	11393762	333012	24106654	0.013814	0.029228	0.156636	0.142379	False	0.158614
HAP1_chr03	HAP1_chr37	11,13,15,17,19,23	23	13045904	10298369	362671	22981602	0.015781	0.035216	0.150933	0.135401	False	0.152760
HAP1_chr03	HAP1_chr38	11,13,15,17,19,23	23	13045904	10094622	354475	22786051	0.015557	0.035115	0.151546	0.135509	False	0.153393
HAP1_chr03	HAP2_chr01	11,13,15,17,19,23	23	13045904	27515200	802075	39759029	0.020173	0.061481	0.140444	0.114198	False	0.142115
HAP1_chr03	HAP2_chr02	11,13,15,17,19,23	23	13045904	25346546	736572	37655878	0.019561	0.056460	0.141759	0.117473	False	0.143450
HAP1_chr03	HAP2_chr03	11,13,15,17,19,23	23	13045904	13022664	10209929	15858639	0.643809	0.784012	0.010618	0.010524	False	0.008099
HAP1_chr03	HAP2_chr04	11,13,15,17,19,23	23	13045904	12989051	546096	25488859	0.021425	0.042043	0.137881	0.128714	False	0.138750
HAP1_chr03	HAP2_chr05	11,13,15,17,19,23	23	13045904	11246860	535435	23757329	0.022538	0.047608	0.135726	0.123993	False	0.136454
HAP1_chr03	HAP2_chr06	11,13,15,17,19,23	23	13045904	11933174	540794	24438284	0.022129	0.045319	0.136505	0.125868	False	0.138523
HAP1_chr03	HAP2_chr07	11,13,15,17,19,23	23	13045904	11716945	570074	24192775	0.023564	0.048654	0.133834	0.123165	False	0.134536
HAP1_chr03	HAP2_chr08	11,13,15,17,19,23	23	13045904	11113854	506576	23653182	0.021417	0.045581	0.137897	0.125648	False	0.140320
HAP1_chr03	HAP2_chr09	11,13,15,17,19,23	23	13045904	12589605	2084780	23550729	0.088523	0.165595	0.078964	0.075205	False	0.072257
HAP1_chr03	HAP2_chr10	11,13,15,17,19,23	23	13045904	12335669	558173	24823400	0.022486	0.045249	0.135824	0.125926	False	0.137516
HAP1_chr03	HAP2_chr11	11,13,15,17,19,23	23	13045904	11190208	563607	23672505	0.023809	0.050366	0.133395	0.121845	False	0.135025
HAP1_chr03	HAP2_chr12	11,13,15,17,19,23	23	13045904	12581476	534696	25092684	0.021309	0.042499	0.138112	0.128306	False	0.139080
HAP1_chr03	HAP2_chr13	11,13,15,17,19,23	23	13045904	13261829	585752	25721981	0.022772	0.044899	0.135286	0.126221	False	0.136450
HAP1_chr03	HAP2_chr14	11,13,15,17,19,23	23	13045904	14830231	582150	27293985	0.021329	0.044623	0.138072	0.126455	False	0.140270
HAP1_chr03	HAP2_chr15	11,13,15,17,19,23	23	13045904	10541427	528314	23059017	0.022911	0.050118	0.135027	0.122034	False	0.135280
HAP1_chr03	HAP2_chr16	11,13,15,17,19,23	23	13045904	11821509	520671	24346742	0.021386	0.044044	0.137959	0.126951	False	0.139467
HAP1_chr03	HAP2_chr17	11,13,15,17,19,23	23	13045904	19099040	511585	31633359	0.016172	0.039214	0.149885	0.131349	False	0.152333
HAP1_chr03	HAP2_chr18	11,13,15,17,19,23	23	13045904	18280303	513238	30812969	0.016657	0.039341	0.148623	0.131227	False	0.151961
HAP1_chr03	HAP2_chr19	11,13,15,17,19,23	23	13045904	10659886	457053	23248737	0.019659	0.042876	0.141545	0.127971	False	0.142431
HAP1_chr03	HAP2_chr20	11,13,15,17,19,23	23	13045904	17893840	510007	30429737	0.016760	0.039093	0.148358	0.131466	False	0.151127
HAP1_chr03	HAP2_chr21	11,13,15,17,19,23	23	13045904	16782998	455701	29373201	0.015514	0.034931	0.151663	0.135707	False	0.154668
HAP1_chr03	HAP2_chr22	11,13,15,17,19,23	23	13045904	17310261	594863	29761302	0.019988	0.045598	0.140838	0.125634	False	0.143724
HAP1_chr03	HAP2_chr23	11,13,15,17,19,23	23	13045904	16374851	505413	28915342	0.017479	0.038741	0.146562	0.131807	False	0.149626
HAP1_chr03	HAP2_chr24	11,13,15,17,19,23	23	13045904	10514192	479712	23080384	0.020784	0.045625	0.139173	0.125611	False	0.140092
HAP1_chr03	HAP2_chr25	11,13,15,17,19,23	23	13045904	15741013	593438	28193479	0.021049	0.045488	0.138635	0.125725	False	0.139700
HAP1_chr03	HAP2_chr26	11,13,15,17,19,23	23	13045904	15907494	503250	28450148	0.017689	0.038575	0.146053	0.131969	False	0.149549
HAP1_chr03	HAP2_chr27	11,13,15,17,19,23	23	13045904	15728078	504701	28269281	0.017853	0.038687	0.145657	0.131860	False	0.147988
HAP1_chr03	HAP2_chr28	11,13,15,17,19,23	23	13045904	15907855	475708	28478051	0.016704	0.036464	0.148500	0.134091	False	0.151180
HAP1_chr03	HAP2_chr29	11,13,15,17,19,23	23	13045904	14792090	452410	27385584	0.016520	0.034678	0.148975	0.135979	False	0.151835
HAP1_chr03	HAP2_chr30	11,13,15,17,19,23	23	13045904	14448376	452881	27041399	0.016748	0.034714	0.148389	0.135940	False	0.150459
HAP1_chr03	HAP2_chr31	11,13,15,17,19,23	23	13045904	10247886	525700	22768090	0.023089	0.051298	0.134698	0.121144	False	0.134169
HAP1_chr03	HAP2_chr32	11,13,15,17,19,23	23	13045904	13681624	419630	26307898	0.015951	0.032166	0.150475	0.138800	False	0.153192
HAP1_chr03	HAP2_chr33	11,13,15,17,19,23	23	13045904	13723868	430623	26339149	0.016349	0.033008	0.149419	0.137831	False	0.153117
HAP1_chr03	HAP2_chr34	11,13,15,17,19,23	23	13045904	13124268	400337	25769835	0.015535	0.030687	0.151605	0.140561	False	0.155224
HAP1_chr03	HAP2_chr35	11,13,15,17,19,23	23	13045904	12183454	401306	24828052	0.016163	0.032939	0.149908	0.137910	False	0.152149
HAP1_chr03	HAP2_chr36	11,13,15,17,19,23	23	13045904	11390521	353893	24082532	0.014695	0.031069	0.153986	0.140098	False	0.156346
HAP1_chr03	HAP2_chr37	11,13,15,17,19,23	23	13045904	10244966	339187	22951683	0.014778	0.033108	0.153744	0.137718	False	0.154979
HAP1_chr03	HAP2_chr38	11,13,15,17,19,23	23	13045904	10059451	322860	22782495	0.014171	0.032095	0.155541	0.138882	False	0.156752
HAP1_chr04	HAP1_chr05	11,13,15,17,19,23	23	13388975	11368702	602171	24155506	0.024929	0.052967	0.131444	0.119920	False	0.132874
HAP1_chr04	HAP1_chr06	11,13,15,17,19,23	23	13388975	12068560	595037	24862498	0.023933	0.049305	0.133174	0.122658	False	0.134848
HAP1_chr04	HAP1_chr07	11,13,15,17,19,23	23	13388975	11975625	615645	24748955	0.024876	0.051408	0.131534	0.121063	False	0.132323
HAP1_chr04	HAP1_chr08	11,13,15,17,19,23	23	13388975	11906090	584077	24710988	0.023636	0.049057	0.133704	0.122850	False	0.135738
HAP1_chr04	HAP1_chr09	11,13,15,17,19,23	23	13388975	12673175	586885	25475265	0.023037	0.046309	0.134794	0.125045	False	0.136277
HAP1_chr04	HAP1_chr10	11,13,15,17,19,23	23	13388975	12174695	603281	24960389	0.024170	0.049552	0.132756	0.122467	False	0.134336
HAP1_chr04	HAP1_chr11	11,13,15,17,19,23	23	13388975	11282040	610634	24060381	0.025379	0.054124	0.130684	0.119093	False	0.132858
HAP1_chr04	HAP1_chr12	11,13,15,17,19,23	23	13388975	12373225	594464	25167736	0.023620	0.048044	0.133733	0.123645	False	0.135176
HAP1_chr04	HAP1_chr13	11,13,15,17,19,23	23	13388975	13261930	617363	26033542	0.023714	0.046552	0.133564	0.124847	False	0.134817
HAP1_chr04	HAP1_chr14	11,13,15,17,19,23	23	13388975	14842029	561430	27669574	0.020291	0.041932	0.140197	0.128814	False	0.143507
HAP1_chr04	HAP1_chr15	11,13,15,17,19,23	23	13388975	10593813	611642	23371146	0.026171	0.057736	0.129382	0.116615	False	0.128172
HAP1_chr04	HAP1_chr16	11,13,15,17,19,23	23	13388975	12175875	2175477	23389373	0.093011	0.178671	0.076992	0.072144	False	0.070076
HAP1_chr04	HAP1_chr17	11,13,15,17,19,23	23	13388975	19018048	522005	31885018	0.016371	0.038988	0.149361	0.131568	False	0.152362
HAP1_chr04	HAP1_chr18	11,13,15,17,19,23	23	13388975	18336962	523003	31202934	0.016761	0.039062	0.148355	0.131496	False	0.151688
HAP1_chr04	HAP1_chr19	11,13,15,17,19,23	23	13388975	10714776	517758	23585993	0.021952	0.048322	0.136846	0.123425	False	0.138898
HAP1_chr04	HAP1_chr20	11,13,15,17,19,23	23	13388975	17829014	491765	30726224	0.016005	0.036729	0.150331	0.133818	False	0.153275
HAP1_chr04	HAP1_chr21	11,13,15,17,19,23	23	13388975	16827317	452004	29764288	0.015186	0.033759	0.152578	0.136987	False	0.155887
HAP1_chr04	HAP1_chr22	11,13,15,17,19,23	23	13388975	17239713	572286	30056402	0.019040	0.042743	0.142909	0.128088	False	0.144954
HAP1_chr04	HAP1_chr23	11,13,15,17,19,23	23	13388975	16363082	506332	29245725	0.017313	0.037817	0.146970	0.132718	False	0.150471
HAP1_chr04	HAP1_chr24	11,13,15,17,19,23	23	13388975	10948765	540236	23797504	0.022701	0.049342	0.135419	0.122629	False	0.135923
HAP1_chr04	HAP1_chr25	11,13,15,17,19,23	23	13388975	15691712	580225	28500462	0.020358	0.043336	0.140055	0.127566	False	0.142466
HAP1_chr04	HAP1_chr26	11,13,15,17,19,23	23	13388975	15725527	484964	28629538	0.016939	0.036221	0.147903	0.134342	False	0.151656
HAP1_chr04	HAP1_chr27	11,13,15,17,19,23	23	13388975	15634495	489053	28534417	0.017139	0.036527	0.147402	0.134026	False	0.149970
HAP1_chr04	HAP1_chr28	11,13,15,17,19,23	23	13388975	15712907	486883	28614999	0.017015	0.036364	0.147712	0.134194	False	0.150144
HAP1_chr04	HAP1_chr29	11,13,15,17,19,23	23	13388975	14732132	456899	27664208	0.016516	0.034125	0.148985	0.136583	False	0.151900
HAP1_chr04	HAP1_chr30	11,13,15,17,19,23	23	13388975	14336542	449472	27276045	0.016479	0.033570	0.149082	0.137198	False	0.151644
HAP1_chr04	HAP1_chr31	11,13,15,17,19,23	23	13388975	9956759	548672	22797062	0.024068	0.055105	0.132936	0.118405	False	0.131373
HAP1_chr04	HAP1_chr32	11,13,15,17,19,23	23	13388975	13614511	423232	26580254	0.015923	0.031610	0.150550	0.139452	False	0.153246
HAP1_chr04	HAP1_chr33	11,13,15,17,19,23	23	13388975	13499049	395223	26492801	0.014918	0.029519	0.153341	0.142010	False	0.157074
HAP1_chr04	HAP1_chr34	11,13,15,17,19,23	23	13388975	13150181	392984	26146172	0.015030	0.029884	0.153020	0.141550	False	0.156861
HAP1_chr04	HAP1_chr35	11,13,15,17,19,23	23	13388975	12136965	394008	25131932	0.015678	0.032463	0.151214	0.138455	False	0.152981
HAP1_chr04	HAP1_chr36	11,13,15,17,19,23	23	13388975	11393762	358477	24424260	0.014677	0.031463	0.154039	0.139627	False	0.156399
HAP1_chr04	HAP1_chr37	11,13,15,17,19,23	23	13388975	10298369	370329	23317015	0.015882	0.035960	0.150659	0.134615	False	0.152371
HAP1_chr04	HAP1_chr38	11,13,15,17,19,23	23	13388975	10094622	350691	23132906	0.015160	0.034740	0.152652	0.135912	False	0.154405
HAP1_chr04	HAP2_chr01	11,13,15,17,19,23	23	13388975	27515200	755809	40148366	0.018825	0.056450	0.143394	0.117480	False	0.146343
HAP1_chr04	HAP2_chr02	11,13,15,17,19,23	23	13388975	25346546	675000	38060521	0.017735	0.050415	0.145941	0.121808	False	0.148852
HAP1_chr04	HAP2_chr03	11,13,15,17,19,23	23	13388975	13022664	601562	25810077	0.023307	0.046193	0.134299	0.125141	False	0.135960
HAP1_chr04	HAP2_chr04	11,13,15,17,19,23	23	13388975	12989051	10458022	15920004	0.656911	0.805141	0.010088	0.009379	False	0.007510
HAP1_chr04	HAP2_chr05	11,13,15,17,19,23	23	13388975	11246860	575771	24060064	0.023931	0.051194	0.133178	0.121222	False	0.133937
HAP1_chr04	HAP2_chr06	11,13,15,17,19,23	23	13388975	11933174	599460	24722689	0.024247	0.050235	0.132620	0.121945	False	0.134528
HAP1_chr04	HAP2_chr07	11,13,15,17,19,23	23	13388975	11716945	592855	24513065	0.024185	0.050598	0.132729	0.121669	False	0.133592
HAP1_chr04	HAP2_chr08	11,13,15,17,19,23	23	13388975	11113854	540503	23962326	0.022556	0.048633	0.135691	0.123181	False	0.138231
HAP1_chr04	HAP2_chr09	11,13,15,17,19,23	23	13388975	12589605	561072	25417508	0.022074	0.044566	0.136610	0.126504	False	0.137492
HAP1_chr04	HAP2_chr10	11,13,15,17,19,23	23	13388975	12335669	617177	25107467	0.024581	0.050032	0.132039	0.122099	False	0.133616
HAP1_chr04	HAP2_chr11	11,13,15,17,19,23	23	13388975	11190208	585586	23993597	0.024406	0.052330	0.132343	0.120383	False	0.133862
HAP1_chr04	HAP2_chr12	11,13,15,17,19,23	23	13388975	12581476	609912	25360539	0.024050	0.048477	0.132968	0.123303	False	0.134129
HAP1_chr04	HAP2_chr13	11,13,15,17,19,23	23	13388975	13261829	596847	26053957	0.022908	0.045005	0.135033	0.126132	False	0.136228
HAP1_chr04	HAP2_chr14	11,13,15,17,19,23	23	13388975	14830231	578736	27640470	0.020938	0.043225	0.138859	0.127663	False	0.142397
HAP1_chr04	HAP2_chr15	11,13,15,17,19,23	23	13388975	10541427	613544	23316858	0.026313	0.058203	0.129152	0.116306	False	0.128020
HAP1_chr04	HAP2_chr16	11,13,15,17,19,23	23	13388975	11821509	2105476	23105008	0.091126	0.178106	0.077807	0.072272	False	0.070644
HAP1_chr04	HAP2_chr17	11,13,15,17,19,23	23	13388975	19099040	529433	31958582	0.016566	0.039542	0.148855	0.131034	False	0.151941
HAP1_chr04	HAP2_chr18	11,13,15,17,19,23	23	13388975	18280303	529562	31139716	0.017006	0.039552	0.147735	0.131025	False	0.151234
HAP1_chr04	HAP2_chr19	11,13,15,17,19,23	23	13388975	10659886	495927	23552934	0.021056	0.046523	0.138620	0.124870	False	0.139795
HAP1_chr04	HAP2_chr20	11,13,15,17,19,23	23	13388975	17893840	487016	30795799	0.015814	0.036374	0.150843	0.134183	False	0.153659
HAP1_chr04	HAP2_chr21	11,13,15,17,19,23	23	13388975	16782998	456216	29715757	0.015353	0.034074	0.152111	0.136639	False	0.155222
HAP1_chr04	HAP2_chr22	11,13,15,17,19,23	23	13388975	17310261	611243	30087993	0.020315	0.045653	0.140146	0.125588	False	0.142526
HAP1_chr04	HAP2_chr23	11,13,15,17,19,23	23	13388975	16374851	496509	29267317	0.016965	0.037083	0.147839	0.133456	False	0.151061
HAP1_chr04	HAP2_chr24	11,13,15,17,19,23	23	13388975	10514192	525639	23377528	0.022485	0.049993	0.135826	0.122129	False	0.136400
HAP1_chr04	HAP2_chr25	11,13,15,17,19,23	23	13388975	15741013	571300	28558688	0.020004	0.042669	0.140803	0.128154	False	0.142987
HAP1_chr04	HAP2_chr26	11,13,15,17,19,23	23	13388975	15907494	508149	28788320	0.017651	0.037953	0.146143	0.132583	False	0.149885
HAP1_chr04	HAP2_chr27	11,13,15,17,19,23	23	13388975	15728078	504841	28612212	0.017644	0.037706	0.146160	0.132829	False	0.148821
HAP1_chr04	HAP2_chr28	11,13,15,17,19,23	23	13388975	15907855	488523	28808307	0.016958	0.036487	0.147857	0.134067	False	0.149752
HAP1_chr04	HAP2_chr29	11,13,15,17,19,23	23	13388975	14792090	471919	27709146	0.017031	0.035247	0.147672	0.135368	False	0.150897
HAP1_chr04	HAP2_chr30	11,13,15,17,19,23	23	13388975	14448376	449789	27387562	0.016423	0.033594	0.149226	0.137172	False	0.151493
HAP1_chr04	HAP2_chr31	11,13,15,17,19,23	23	13388975	10247886	564916	23071945	0.024485	0.055125	0.132206	0.118391	False	0.130718
HAP1_chr04	HAP2_chr32	11,13,15,17,19,23	23	13388975	13681624	434764	26635835	0.016323	0.032472	0.149489	0.138445	False	0.152442
HAP1_chr04	HAP2_chr33	11,13,15,17,19,23	23	13388975	13723868	426182	26686661	0.015970	0.031831	0.150424	0.139192	False	0.154444
HAP1_chr04	HAP2_chr34	11,13,15,17,19,23	23	13388975	13124268	408312	26104931	0.015641	0.031111	0.151314	0.140047	False	0.155060
HAP1_chr04	HAP2_chr35	11,13,15,17,19,23	23	13388975	12183454	434822	25137607	0.017298	0.035690	0.147008	0.134899	False	0.149531
HAP1_chr04	HAP2_chr36	11,13,15,17,19,23	23	13388975	11390521	359899	24419597	0.014738	0.031596	0.153861	0.139468	False	0.156472
HAP1_chr04	HAP2_chr37	11,13,15,17,19,23	23	13388975	10244966	357945	23275996	0.015378	0.034939	0.152040	0.135698	False	0.153554
HAP1_chr04	HAP2_chr38	11,13,15,17,19,23	23	13388975	10059451	326853	23121573	0.014136	0.032492	0.155648	0.138422	False	0.157101
HAP1_chr05	HAP1_chr06	11,13,15,17,19,23	23	11368702	12068560	551002	22886260	0.024076	0.048467	0.132922	0.123311	False	0.134792
HAP1_chr05	HAP1_chr07	11,13,15,17,19,23	23	11368702	11975625	557033	22787294	0.024445	0.048997	0.132276	0.122896	False	0.133070
HAP1_chr05	HAP1_chr08	11,13,15,17,19,23	23	11368702	11906090	632091	22642701	0.027916	0.055599	0.126650	0.118063	False	0.126351
HAP1_chr05	HAP1_chr09	11,13,15,17,19,23	23	11368702	12673175	575957	23465920	0.024544	0.050662	0.132103	0.121621	False	0.133560
HAP1_chr05	HAP1_chr10	11,13,15,17,19,23	23	11368702	12174695	575689	22967708	0.025065	0.050638	0.131212	0.121639	False	0.132931
HAP1_chr05	HAP1_chr11	11,13,15,17,19,23	23	11368702	11282040	1976558	20674184	0.095605	0.175195	0.075899	0.072936	False	0.068520
HAP1_chr05	HAP1_chr12	11,13,15,17,19,23	23	11368702	12373225	622459	23119468	0.026924	0.054752	0.128181	0.118651	False	0.127229
HAP1_chr05	HAP1_chr13	11,13,15,17,19,23	23	11368702	13261930	593140	24037492	0.024676	0.052173	0.131877	0.120498	False	0.133053
HAP1_chr05	HAP1_chr14	11,13,15,17,19,23	23	11368702	14842029	557129	25653602	0.021717	0.049006	0.137303	0.122890	False	0.140400
HAP1_chr05	HAP1_chr15	11,13,15,17,19,23	23	11368702	10593813	530615	21431900	0.024758	0.050087	0.131735	0.122057	False	0.131748
HAP1_chr05	HAP1_chr16	11,13,15,17,19,23	23	11368702	12175875	576198	22968379	0.025087	0.050683	0.131176	0.121606	False	0.133494
HAP1_chr05	HAP1_chr17	11,13,15,17,19,23	23	11368702	19018048	505401	29881349	0.016914	0.044455	0.147968	0.126598	False	0.150487
HAP1_chr05	HAP1_chr18	11,13,15,17,19,23	23	11368702	18336962	482051	29223613	0.016495	0.042402	0.149039	0.128392	False	0.151675
HAP1_chr05	HAP1_chr19	11,13,15,17,19,23	23	11368702	10714776	470372	21613106	0.021763	0.043899	0.137214	0.127076	False	0.138820
HAP1_chr05	HAP1_chr20	11,13,15,17,19,23	23	11368702	17829014	503383	28694333	0.017543	0.044278	0.146406	0.126750	False	0.149100
HAP1_chr05	HAP1_chr21	11,13,15,17,19,23	23	11368702	16827317	473719	27722300	0.017088	0.041669	0.147529	0.129053	False	0.150736
HAP1_chr05	HAP1_chr22	11,13,15,17,19,23	23	11368702	17239713	567491	28040924	0.020238	0.049917	0.140308	0.122187	False	0.142892
HAP1_chr05	HAP1_chr23	11,13,15,17,19,23	23	11368702	16363082	494056	27237728	0.018139	0.043458	0.144980	0.127460	False	0.147835
HAP1_chr05	HAP1_chr24	11,13,15,17,19,23	23	11368702	10948765	503701	21813766	0.023091	0.046005	0.134695	0.125296	False	0.135665
HAP1_chr05	HAP1_chr25	11,13,15,17,19,23	23	11368702	15691712	567298	26493116	0.021413	0.049900	0.137904	0.122200	False	0.139885
HAP1_chr05	HAP1_chr26	11,13,15,17,19,23	23	11368702	15725527	497716	26596513	0.018714	0.043779	0.143648	0.127180	False	0.146959
HAP1_chr05	HAP1_chr27	11,13,15,17,19,23	23	11368702	15634495	467995	26535202	0.017637	0.041165	0.146179	0.129513	False	0.148518
HAP1_chr05	HAP1_chr28	11,13,15,17,19,23	23	11368702	15712907	457289	26624320	0.017176	0.040224	0.147311	0.130389	False	0.150108
HAP1_chr05	HAP1_chr29	11,13,15,17,19,23	23	11368702	14732132	433474	25667360	0.016888	0.038129	0.148032	0.132408	False	0.150781
HAP1_chr05	HAP1_chr30	11,13,15,17,19,23	23	11368702	14336542	438522	25266722	0.017356	0.038573	0.146865	0.131972	False	0.149054
HAP1_chr05	HAP1_chr31	11,13,15,17,19,23	23	11368702	9956759	518270	20807191	0.024908	0.052052	0.131479	0.120587	False	0.131312
HAP1_chr05	HAP1_chr32	11,13,15,17,19,23	23	11368702	13614511	426670	24556543	0.017375	0.037530	0.146817	0.133005	False	0.149531
HAP1_chr05	HAP1_chr33	11,13,15,17,19,23	23	11368702	13499049	371731	24496020	0.015175	0.032698	0.152609	0.138185	False	0.155569
HAP1_chr05	HAP1_chr34	11,13,15,17,19,23	23	11368702	13150181	379208	24139675	0.015709	0.033355	0.151129	0.137439	False	0.154334
HAP1_chr05	HAP1_chr35	11,13,15,17,19,23	23	11368702	12136965	372800	23132867	0.016116	0.032792	0.150035	0.138078	False	0.151452
HAP1_chr05	HAP1_chr36	11,13,15,17,19,23	23	11368702	11393762	346779	22415685	0.015470	0.030503	0.151784	0.140785	False	0.153693
HAP1_chr05	HAP1_chr37	11,13,15,17,19,23	23	11368702	10298369	343092	21323979	0.016089	0.033315	0.150104	0.137484	False	0.151441
HAP1_chr05	HAP1_chr38	11,13,15,17,19,23	23	11368702	10094622	356252	21107072	0.016878	0.035291	0.148057	0.135321	False	0.149588
HAP1_chr05	HAP2_chr01	11,13,15,17,19,23	23	11368702	27515200	710068	38173834	0.018601	0.062458	0.143906	0.113591	False	0.146425
HAP1_chr05	HAP2_chr02	11,13,15,17,19,23	23	11368702	25346546	652628	36062620	0.018097	0.057406	0.145078	0.116836	False	0.147652
HAP1_chr05	HAP2_chr03	11,13,15,17,19,23	23	11368702	13022664	579234	23812132	0.024325	0.050950	0.132484	0.121405	False	0.133932
HAP1_chr05	HAP2_chr04	11,13,15,17,19,23	23	11368702	12989051	564757	23792996	0.023736	0.049676	0.133524	0.122371	False	0.134442
HAP1_chr05	HAP2_chr05	11,13,15,17,19,23	23	11368702	11246860	9064767	13550795	0.668947	0.805982	0.009613	0.009334	False	0.006857
HAP1_chr05	HAP2_chr06	11,13,15,17,19,23	23	11368702	11933174	561372	22740504	0.024686	0.049379	0.131859	0.122600	False	0.134224
HAP1_chr05	HAP2_chr07	11,13,15,17,19,23	23	11368702	11716945	528790	22556857	0.023443	0.046513	0.134053	0.124878	False	0.134580
HAP1_chr05	HAP2_chr08	11,13,15,17,19,23	23	11368702	11113854	580682	21901874	0.026513	0.052248	0.128832	0.120443	False	0.128502
HAP1_chr05	HAP2_chr09	11,13,15,17,19,23	23	11368702	12589605	549004	23409303	0.023452	0.048291	0.134036	0.123450	False	0.134790
HAP1_chr05	HAP2_chr10	11,13,15,17,19,23	23	11368702	12335669	583867	23120504	0.025253	0.051357	0.130895	0.121100	False	0.132422
HAP1_chr05	HAP2_chr11	11,13,15,17,19,23	23	11368702	11190208	1948249	20610661	0.094526	0.174103	0.076350	0.073188	False	0.068876
HAP1_chr05	HAP2_chr12	11,13,15,17,19,23	23	11368702	12581476	616841	23333337	0.026436	0.054258	0.128955	0.118999	False	0.127579
HAP1_chr05	HAP2_chr13	11,13,15,17,19,23	23	11368702	13261829	584519	24046012	0.024308	0.051415	0.132513	0.121058	False	0.133647
HAP1_chr05	HAP2_chr14	11,13,15,17,19,23	23	11368702	14830231	549608	25649325	0.021428	0.048344	0.137875	0.123408	False	0.141092
HAP1_chr05	HAP2_chr15	11,13,15,17,19,23	23	11368702	10541427	533265	21376864	0.024946	0.050588	0.131415	0.121677	False	0.131947
HAP1_chr05	HAP2_chr16	11,13,15,17,19,23	23	11368702	11821509	528204	22662007	0.023308	0.046461	0.134298	0.124921	False	0.135565
HAP1_chr05	HAP2_chr17	11,13,15,17,19,23	23	11368702	19099040	501742	29966000	0.016744	0.044134	0.148400	0.126874	False	0.150791
HAP1_chr05	HAP2_chr18	11,13,15,17,19,23	23	11368702	18280303	479702	29169303	0.016445	0.042195	0.149168	0.128578	False	0.151854
HAP1_chr05	HAP2_chr19	11,13,15,17,19,23	23	11368702	10659886	471500	21557088	0.021872	0.044231	0.137001	0.126790	False	0.137943
HAP1_chr05	HAP2_chr20	11,13,15,17,19,23	23	11368702	17893840	481600	28780942	0.016733	0.042362	0.148426	0.128428	False	0.150862
HAP1_chr05	HAP2_chr21	11,13,15,17,19,23	23	11368702	16782998	466308	27685392	0.016843	0.041017	0.148146	0.129650	False	0.151144
HAP1_chr05	HAP2_chr22	11,13,15,17,19,23	23	11368702	17310261	600252	28078711	0.021377	0.052799	0.137975	0.120042	False	0.140780
HAP1_chr05	HAP2_chr23	11,13,15,17,19,23	23	11368702	16374851	489400	27254153	0.017957	0.043048	0.145410	0.127819	False	0.148231
HAP1_chr05	HAP2_chr24	11,13,15,17,19,23	23	11368702	10514192	499042	21383852	0.023337	0.047464	0.134244	0.124108	False	0.135677
HAP1_chr05	HAP2_chr25	11,13,15,17,19,23	23	11368702	15741013	557561	26552154	0.020999	0.049044	0.138736	0.122860	False	0.140544
HAP1_chr05	HAP2_chr26	11,13,15,17,19,23	23	11368702	15907494	491939	26784257	0.018367	0.043271	0.144446	0.127623	False	0.147506
HAP1_chr05	HAP2_chr27	11,13,15,17,19,23	23	11368702	15728078	492517	26604263	0.018513	0.043322	0.144108	0.127578	False	0.146463
HAP1_chr05	HAP2_chr28	11,13,15,17,19,23	23	11368702	15907855	466006	26810551	0.017381	0.040990	0.146802	0.129674	False	0.149218
HAP1_chr05	HAP2_chr29	11,13,15,17,19,23	23	11368702	14792090	467762	25693030	0.018206	0.041145	0.144822	0.129532	False	0.147920
HAP1_chr05	HAP2_chr30	11,13,15,17,19,23	23	11368702	14448376	444305	25372773	0.017511	0.039081	0.146484	0.131477	False	0.148717
HAP1_chr05	HAP2_chr31	11,13,15,17,19,23	23	11368702	10247886	501646	21114942	0.023758	0.048951	0.133486	0.122932	False	0.132981
HAP1_chr05	HAP2_chr32	11,13,15,17,19,23	23	11368702	13681624	401412	24648914	0.016285	0.035309	0.149587	0.135302	False	0.151937
HAP1_chr05	HAP2_chr33	11,13,15,17,19,23	23	11368702	13723868	407831	24684739	0.016522	0.035873	0.148971	0.134706	False	0.152360
HAP1_chr05	HAP2_chr34	11,13,15,17,19,23	23	11368702	13124268	376241	24116729	0.015601	0.033094	0.151425	0.137733	False	0.154493
HAP1_chr05	HAP2_chr35	11,13,15,17,19,23	23	11368702	12183454	396158	23155998	0.017108	0.034846	0.147479	0.135797	False	0.149295
HAP1_chr05	HAP2_chr36	11,13,15,17,19,23	23	11368702	11390521	350215	22409008	0.015628	0.030805	0.151349	0.140417	False	0.153480
HAP1_chr05	HAP2_chr37	11,13,15,17,19,23	23	11368702	10244966	343672	21269996	0.016158	0.033545	0.149924	0.137226	False	0.151143
HAP1_chr05	HAP2_chr38	11,13,15,17,19,23	23	11368702	10059451	337742	21090411	0.016014	0.033575	0.150306	0.137193	False	0.151644
HAP1_chr06	HAP1_chr07	11,13,15,17,19,23	23	12068560	11975625	572111	23472074	0.024374	0.047773	0.132399	0.123861	False	0.133008
HAP1_chr06	HAP1_chr08	11,13,15,17,19,23	23	12068560	11906090	594535	23380115	0.025429	0.049935	0.130601	0.122173	False	0.133987
HAP1_chr06	HAP1_chr09	11,13,15,17,19,23	23	12068560	12673175	573106	24168629	0.023713	0.047488	0.133566	0.124089	False	0.135865
HAP1_chr06	HAP1_chr10	11,13,15,17,19,23	23	12068560	12174695	564787	23678468	0.023852	0.046798	0.133317	0.124646	False	0.135136
HAP1_chr06	HAP1_chr11	11,13,15,17,19,23	23	12068560	11282040	552081	22798519	0.024216	0.048935	0.132675	0.122945	False	0.135410
HAP1_chr06	HAP1_chr12	11,13,15,17,19,23	23	12068560	12373225	578367	23863418	0.024237	0.047923	0.132639	0.123741	False	0.134456
HAP1_chr06	HAP1_chr13	11,13,15,17,19,23	23	12068560	13261930	2103858	23226632	0.090580	0.174326	0.078047	0.073137	False	0.071180
HAP1_chr06	HAP1_chr14	11,13,15,17,19,23	23	12068560	14842029	599960	26310629	0.022803	0.049713	0.135229	0.122343	False	0.139379
HAP1_chr06	HAP1_chr15	11,13,15,17,19,23	23	12068560	10593813	543791	22118582	0.024585	0.051331	0.132033	0.121120	False	0.132744
HAP1_chr06	HAP1_chr16	11,13,15,17,19,23	23	12068560	12175875	556319	23688116	0.023485	0.046097	0.133976	0.125220	False	0.136302
HAP1_chr06	HAP1_chr17	11,13,15,17,19,23	23	12068560	19018048	508020	30578588	0.016614	0.042095	0.148733	0.128668	False	0.152140
HAP1_chr06	HAP1_chr18	11,13,15,17,19,23	23	12068560	18336962	498250	29907272	0.016660	0.041285	0.148614	0.129403	False	0.152450
HAP1_chr06	HAP1_chr19	11,13,15,17,19,23	23	12068560	10714776	481490	22301846	0.021590	0.044937	0.137554	0.126189	False	0.139813
HAP1_chr06	HAP1_chr20	11,13,15,17,19,23	23	12068560	17829014	493762	29403812	0.016792	0.040913	0.148275	0.129746	False	0.152090
HAP1_chr06	HAP1_chr21	11,13,15,17,19,23	23	12068560	16827317	482545	28413332	0.016983	0.039984	0.147793	0.130615	False	0.152068
HAP1_chr06	HAP1_chr22	11,13,15,17,19,23	23	12068560	17239713	593132	28715141	0.020656	0.049147	0.139437	0.122780	False	0.141638
HAP1_chr06	HAP1_chr23	11,13,15,17,19,23	23	12068560	16363082	471335	27960307	0.016857	0.039055	0.148111	0.131503	False	0.152125
HAP1_chr06	HAP1_chr24	11,13,15,17,19,23	23	12068560	10948765	554590	22462735	0.024689	0.050653	0.131853	0.121628	False	0.132863
HAP1_chr06	HAP1_chr25	11,13,15,17,19,23	23	12068560	15691712	534328	27225944	0.019626	0.044274	0.141618	0.126753	False	0.144625
HAP1_chr06	HAP1_chr26	11,13,15,17,19,23	23	12068560	15725527	468006	27326081	0.017127	0.038779	0.147433	0.131770	False	0.151698
HAP1_chr06	HAP1_chr27	11,13,15,17,19,23	23	12068560	15634495	466400	27236655	0.017124	0.038646	0.147439	0.131900	False	0.150578
HAP1_chr06	HAP1_chr28	11,13,15,17,19,23	23	12068560	15712907	513311	27268156	0.018825	0.042533	0.143395	0.128275	False	0.145622
HAP1_chr06	HAP1_chr29	11,13,15,17,19,23	23	12068560	14732132	433431	26367261	0.016438	0.035914	0.149187	0.134663	False	0.152637
HAP1_chr06	HAP1_chr30	11,13,15,17,19,23	23	12068560	14336542	417823	25987279	0.016078	0.034621	0.150135	0.136041	False	0.153099
HAP1_chr06	HAP1_chr31	11,13,15,17,19,23	23	12068560	9956759	467135	21558184	0.021669	0.046916	0.137399	0.124550	False	0.137546
HAP1_chr06	HAP1_chr32	11,13,15,17,19,23	23	12068560	13614511	407816	25275255	0.016135	0.033792	0.149984	0.136952	False	0.153216
HAP1_chr06	HAP1_chr33	11,13,15,17,19,23	23	12068560	13499049	367485	25200124	0.014583	0.030450	0.154315	0.140850	False	0.158264
HAP1_chr06	HAP1_chr34	11,13,15,17,19,23	23	12068560	13150181	399193	24819548	0.016084	0.033077	0.150120	0.137753	False	0.154525
HAP1_chr06	HAP1_chr35	11,13,15,17,19,23	23	12068560	12136965	387399	23818126	0.016265	0.032100	0.149641	0.138877	False	0.152018
HAP1_chr06	HAP1_chr36	11,13,15,17,19,23	23	12068560	11393762	348901	23113421	0.015095	0.030622	0.152835	0.140639	False	0.155604
HAP1_chr06	HAP1_chr37	11,13,15,17,19,23	23	12068560	10298369	362742	22004187	0.016485	0.035223	0.149065	0.135393	False	0.151416
HAP1_chr06	HAP1_chr38	11,13,15,17,19,23	23	12068560	10094622	334125	21829057	0.015306	0.033099	0.152240	0.137728	False	0.154239
HAP1_chr06	HAP2_chr01	11,13,15,17,19,23	23	12068560	27515200	709835	38873925	0.018260	0.058817	0.144695	0.115903	False	0.148526
HAP1_chr06	HAP2_chr02	11,13,15,17,19,23	23	12068560	25346546	631594	36783512	0.017171	0.052334	0.147323	0.120380	False	0.150891
HAP1_chr06	HAP2_chr03	11,13,15,17,19,23	23	12068560	13022664	540032	24551192	0.021996	0.044747	0.136761	0.126350	False	0.138950
HAP1_chr06	HAP2_chr04	11,13,15,17,19,23	23	12068560	12989051	564415	24493196	0.023044	0.046767	0.134782	0.124671	False	0.136083
HAP1_chr06	HAP2_chr05	11,13,15,17,19,23	23	12068560	11246860	517398	22798022	0.022695	0.046004	0.135431	0.125297	False	0.136440
HAP1_chr06	HAP2_chr06	11,13,15,17,19,23	23	12068560	11933174	9357666	14644068	0.639007	0.784172	0.010817	0.010515	False	0.008089
HAP1_chr06	HAP2_chr07	11,13,15,17,19,23	23	12068560	11716945	553273	23232232	0.023815	0.047220	0.133384	0.124304	False	0.133867
HAP1_chr06	HAP2_chr08	11,13,15,17,19,23	23	12068560	11113854	533458	22648956	0.023553	0.047999	0.133853	0.123681	False	0.137395
HAP1_chr06	HAP2_chr09	11,13,15,17,19,23	23	12068560	12589605	566317	24091848	0.023507	0.046925	0.133937	0.124543	False	0.135790
HAP1_chr06	HAP2_chr10	11,13,15,17,19,23	23	12068560	12335669	589382	23814847	0.024749	0.048836	0.131752	0.123022	False	0.133680
HAP1_chr06	HAP2_chr11	11,13,15,17,19,23	23	12068560	11190208	532438	22726330	0.023428	0.047581	0.134079	0.124014	False	0.136363
HAP1_chr06	HAP2_chr12	11,13,15,17,19,23	23	12068560	12581476	588034	24062002	0.024438	0.048724	0.132287	0.123109	False	0.133751
HAP1_chr06	HAP2_chr13	11,13,15,17,19,23	23	12068560	13261829	2095652	23234737	0.090195	0.173646	0.078217	0.073294	False	0.071336
HAP1_chr06	HAP2_chr14	11,13,15,17,19,23	23	12068560	14830231	623208	26275583	0.023718	0.051639	0.133557	0.120891	False	0.137956
HAP1_chr06	HAP2_chr15	11,13,15,17,19,23	23	12068560	10541427	540908	22069079	0.024510	0.051313	0.132163	0.121134	False	0.133063
HAP1_chr06	HAP2_chr16	11,13,15,17,19,23	23	12068560	11821509	515089	23374980	0.022036	0.043572	0.136684	0.127360	False	0.138164
HAP1_chr06	HAP2_chr17	11,13,15,17,19,23	23	12068560	19099040	509718	30657882	0.016626	0.042235	0.148701	0.128541	False	0.152202
HAP1_chr06	HAP2_chr18	11,13,15,17,19,23	23	12068560	18280303	481998	29866865	0.016138	0.039938	0.149975	0.130658	False	0.153540
HAP1_chr06	HAP2_chr19	11,13,15,17,19,23	23	12068560	10659886	484924	22243522	0.021801	0.045491	0.137141	0.125724	False	0.138633
HAP1_chr06	HAP2_chr20	11,13,15,17,19,23	23	12068560	17893840	485395	29477005	0.016467	0.040220	0.149113	0.130392	False	0.152960
HAP1_chr06	HAP2_chr21	11,13,15,17,19,23	23	12068560	16782998	455901	28395657	0.016055	0.037776	0.150195	0.132759	False	0.153950
HAP1_chr06	HAP2_chr22	11,13,15,17,19,23	23	12068560	17310261	613268	28765553	0.021320	0.050815	0.138090	0.121506	False	0.140523
HAP1_chr06	HAP2_chr23	11,13,15,17,19,23	23	12068560	16374851	479121	27964290	0.017133	0.039700	0.147416	0.130884	False	0.151258
HAP1_chr06	HAP2_chr24	11,13,15,17,19,23	23	12068560	10514192	506413	22076339	0.022939	0.048165	0.134976	0.123550	False	0.135388
HAP1_chr06	HAP2_chr25	11,13,15,17,19,23	23	12068560	15741013	524485	27285088	0.019222	0.043459	0.142503	0.127459	False	0.145349
HAP1_chr06	HAP2_chr26	11,13,15,17,19,23	23	12068560	15907494	478610	27497444	0.017406	0.039658	0.146742	0.130924	False	0.151030
HAP1_chr06	HAP2_chr27	11,13,15,17,19,23	23	12068560	15728078	480100	27316538	0.017575	0.039781	0.146327	0.130807	False	0.149710
HAP1_chr06	HAP2_chr28	11,13,15,17,19,23	23	12068560	15907855	531085	27445330	0.019351	0.044006	0.142219	0.126984	False	0.144410
HAP1_chr06	HAP2_chr29	11,13,15,17,19,23	23	12068560	14792090	458599	26402051	0.017370	0.037999	0.146830	0.132537	False	0.150381
HAP1_chr06	HAP2_chr30	11,13,15,17,19,23	23	12068560	14448376	441586	26075350	0.016935	0.036590	0.147914	0.133961	False	0.151088
HAP1_chr06	HAP2_chr31	11,13,15,17,19,23	23	12068560	10247886	471538	21844908	0.021586	0.046013	0.137562	0.125289	False	0.137676
HAP1_chr06	HAP2_chr32	11,13,15,17,19,23	23	12068560	13681624	424850	25325334	0.016776	0.035203	0.148318	0.135415	False	0.151926
HAP1_chr06	HAP2_chr33	11,13,15,17,19,23	23	12068560	13723868	415757	25376671	0.016383	0.034450	0.149330	0.136228	False	0.153795
HAP1_chr06	HAP2_chr34	11,13,15,17,19,23	23	12068560	13124268	384374	24808454	0.015494	0.031849	0.151720	0.139170	False	0.155704
HAP1_chr06	HAP2_chr35	11,13,15,17,19,23	23	12068560	12183454	395882	23856132	0.016595	0.032803	0.148782	0.138065	False	0.151426
HAP1_chr06	HAP2_chr36	11,13,15,17,19,23	23	12068560	11390521	324298	23134783	0.014018	0.028471	0.156009	0.143357	False	0.158011
HAP1_chr06	HAP2_chr37	11,13,15,17,19,23	23	12068560	10244966	334746	21978780	0.015230	0.032674	0.152453	0.138212	False	0.154332
HAP1_chr06	HAP2_chr38	11,13,15,17,19,23	23	12068560	10059451	312158	21815853	0.014309	0.031031	0.155128	0.140143	False	0.156900
HAP1_chr07	HAP1_chr08	11,13,15,17,19,23	23	11975625	11906090	614382	23267333	0.026405	0.051602	0.129005	0.120919	False	0.131933
HAP1_chr07	HAP1_chr09	11,13,15,17,19,23	23	11975625	12673175	607820	24040980	0.025283	0.050755	0.130846	0.121551	False	0.131687
HAP1_chr07	HAP1_chr10	11,13,15,17,19,23	23	11975625	12174695	592484	23557836	0.025150	0.049474	0.131069	0.122527	False	0.132600
HAP1_chr07	HAP1_chr11	11,13,15,17,19,23	23	11975625	11282040	569932	22687733	0.025121	0.050517	0.131119	0.121731	False	0.132678
HAP1_chr07	HAP1_chr12	11,13,15,17,19,23	23	11975625	12373225	606606	23742244	0.025550	0.050653	0.130401	0.121628	False	0.132664
HAP1_chr07	HAP1_chr13	11,13,15,17,19,23	23	11975625	13261930	628036	24609519	0.025520	0.052443	0.130450	0.120301	False	0.130762
HAP1_chr07	HAP1_chr14	11,13,15,17,19,23	23	11975625	14842029	572875	26244779	0.021828	0.047837	0.137087	0.123810	False	0.138816
HAP1_chr07	HAP1_chr15	11,13,15,17,19,23	23	11975625	10593813	547977	22021461	0.024884	0.051726	0.131520	0.120827	False	0.130839
HAP1_chr07	HAP1_chr16	11,13,15,17,19,23	23	11975625	12175875	552750	23598750	0.023423	0.046156	0.134089	0.125171	False	0.135348
HAP1_chr07	HAP1_chr17	11,13,15,17,19,23	23	11975625	19018048	524686	30468987	0.017220	0.043813	0.147200	0.127151	False	0.149600
HAP1_chr07	HAP1_chr18	11,13,15,17,19,23	23	11975625	18336962	474044	29838543	0.015887	0.039584	0.150647	0.130994	False	0.153118
HAP1_chr07	HAP1_chr19	11,13,15,17,19,23	23	11975625	10714776	460345	22230056	0.020708	0.042964	0.139329	0.127893	False	0.140350
HAP1_chr07	HAP1_chr20	11,13,15,17,19,23	23	11975625	17829014	499003	29305636	0.017028	0.041668	0.147681	0.129053	False	0.150148
HAP1_chr07	HAP1_chr21	11,13,15,17,19,23	23	11975625	16827317	448576	28354366	0.015820	0.037457	0.150826	0.133078	False	0.153719
HAP1_chr07	HAP1_chr22	11,13,15,17,19,23	23	11975625	17239713	551649	28663689	0.019246	0.046064	0.142452	0.125247	False	0.144828
HAP1_chr07	HAP1_chr23	11,13,15,17,19,23	23	11975625	16363082	478247	27860460	0.017166	0.039935	0.147335	0.130661	False	0.150158
HAP1_chr07	HAP1_chr24	11,13,15,17,19,23	23	11975625	10948765	1914543	21009847	0.091126	0.174864	0.077808	0.073012	False	0.070064
HAP1_chr07	HAP1_chr25	11,13,15,17,19,23	23	11975625	15691712	608994	27058343	0.022507	0.050853	0.135785	0.121478	False	0.136935
HAP1_chr07	HAP1_chr26	11,13,15,17,19,23	23	11975625	15725527	489267	27211885	0.017980	0.040855	0.145355	0.129799	False	0.148387
HAP1_chr07	HAP1_chr27	11,13,15,17,19,23	23	11975625	15634495	496191	27113929	0.018300	0.041433	0.144601	0.129267	False	0.147074
HAP1_chr07	HAP1_chr28	11,13,15,17,19,23	23	11975625	15712907	446146	27242386	0.016377	0.037255	0.149347	0.133283	False	0.151646
HAP1_chr07	HAP1_chr29	11,13,15,17,19,23	23	11975625	14732132	431154	26276603	0.016408	0.036003	0.149265	0.134570	False	0.151665
HAP1_chr07	HAP1_chr30	11,13,15,17,19,23	23	11975625	14336542	439653	25872514	0.016993	0.036712	0.147768	0.133835	False	0.149792
HAP1_chr07	HAP1_chr31	11,13,15,17,19,23	23	11975625	9956759	513586	21418798	0.023978	0.051582	0.133094	0.120934	False	0.132170
HAP1_chr07	HAP1_chr32	11,13,15,17,19,23	23	11975625	13614511	420037	25170099	0.016688	0.035074	0.148542	0.135552	False	0.151032
HAP1_chr07	HAP1_chr33	11,13,15,17,19,23	23	11975625	13499049	381378	25093296	0.015198	0.031846	0.152544	0.139174	False	0.155340
HAP1_chr07	HAP1_chr34	11,13,15,17,19,23	23	11975625	13150181	360284	24765522	0.014548	0.030085	0.154418	0.141301	False	0.157318
HAP1_chr07	HAP1_chr35	11,13,15,17,19,23	23	11975625	12136965	383871	23728719	0.016177	0.032054	0.149871	0.138930	False	0.151368
HAP1_chr07	HAP1_chr36	11,13,15,17,19,23	23	11975625	11393762	341792	23027595	0.014843	0.029998	0.153558	0.141408	False	0.155602
HAP1_chr07	HAP1_chr37	11,13,15,17,19,23	23	11975625	10298369	346778	21927216	0.015815	0.033673	0.150841	0.137083	False	0.152011
HAP1_chr07	HAP1_chr38	11,13,15,17,19,23	23	11975625	10094622	337916	21732331	0.015549	0.033475	0.151567	0.137305	False	0.152898
HAP1_chr07	HAP2_chr01	11,13,15,17,19,23	23	11975625	27515200	740274	38750551	0.019104	0.061815	0.142768	0.113989	False	0.144745
HAP1_chr07	HAP2_chr02	11,13,15,17,19,23	23	11975625	25346546	698203	36623968	0.019064	0.058302	0.142856	0.116241	False	0.145191
HAP1_chr07	HAP2_chr03	11,13,15,17,19,23	23	11975625	13022664	577734	24420555	0.023658	0.048242	0.133665	0.123488	False	0.134629
HAP1_chr07	HAP2_chr04	11,13,15,17,19,23	23	11975625	12989051	579296	24385380	0.023756	0.048373	0.133489	0.123385	False	0.134002
HAP1_chr07	HAP2_chr05	11,13,15,17,19,23	23	11975625	11246860	519930	22702555	0.022902	0.046229	0.135045	0.125111	False	0.135054
HAP1_chr07	HAP2_chr06	11,13,15,17,19,23	23	11975625	11933174	585463	23323336	0.025102	0.049062	0.131150	0.122846	False	0.131965
HAP1_chr07	HAP2_chr07	11,13,15,17,19,23	23	11975625	11716945	9056995	14635575	0.618834	0.772983	0.011673	0.011133	False	0.008688
HAP1_chr07	HAP2_chr08	11,13,15,17,19,23	23	11975625	11113854	529184	22560295	0.023456	0.047615	0.134028	0.123987	False	0.136355
HAP1_chr07	HAP2_chr09	11,13,15,17,19,23	23	11975625	12589605	575450	23989780	0.023987	0.048052	0.133078	0.123639	False	0.133435
HAP1_chr07	HAP2_chr10	11,13,15,17,19,23	23	11975625	12335669	595144	23716150	0.025094	0.049696	0.131163	0.122356	False	0.132222
HAP1_chr07	HAP2_chr11	11,13,15,17,19,23	23	11975625	11190208	552328	22613505	0.024425	0.049358	0.132311	0.122616	False	0.133537
HAP1_chr07	HAP2_chr12	11,13,15,17,19,23	23	11975625	12581476	620981	23936120	0.025943	0.051854	0.129753	0.120733	False	0.131720
HAP1_chr07	HAP2_chr13	11,13,15,17,19,23	23	11975625	13261829	612784	24624670	0.024885	0.051169	0.131518	0.121241	False	0.131633
HAP1_chr07	HAP2_chr14	11,13,15,17,19,23	23	11975625	14830231	591585	26214271	0.022567	0.049399	0.135671	0.122585	False	0.137651
HAP1_chr07	HAP2_chr15	11,13,15,17,19,23	23	11975625	10541427	568506	21948546	0.025902	0.053931	0.129820	0.119230	False	0.129645
HAP1_chr07	HAP2_chr16	11,13,15,17,19,23	23	11975625	11821509	502181	23294953	0.021558	0.042480	0.137618	0.128322	False	0.138239
HAP1_chr07	HAP2_chr17	11,13,15,17,19,23	23	11975625	19099040	505020	30569645	0.016520	0.042171	0.148974	0.128599	False	0.151199
HAP1_chr07	HAP2_chr18	11,13,15,17,19,23	23	11975625	18280303	493740	29762188	0.016590	0.041229	0.148795	0.129455	False	0.151518
HAP1_chr07	HAP2_chr19	11,13,15,17,19,23	23	11975625	10659886	469764	22165747	0.021193	0.044068	0.138343	0.126930	False	0.139058
HAP1_chr07	HAP2_chr20	11,13,15,17,19,23	23	11975625	17893840	477326	29392139	0.016240	0.039858	0.149706	0.130734	False	0.151884
HAP1_chr07	HAP2_chr21	11,13,15,17,19,23	23	11975625	16782998	436564	28322059	0.015414	0.036454	0.151940	0.134101	False	0.154403
HAP1_chr07	HAP2_chr22	11,13,15,17,19,23	23	11975625	17310261	594165	28691721	0.020709	0.049615	0.139329	0.122419	False	0.141974
HAP1_chr07	HAP2_chr23	11,13,15,17,19,23	23	11975625	16374851	496346	27854130	0.017819	0.041446	0.145738	0.129256	False	0.148503
HAP1_chr07	HAP2_chr24	11,13,15,17,19,23	23	11975625	10514192	1847511	20642306	0.089501	0.175716	0.078525	0.072816	False	0.070478
HAP1_chr07	HAP2_chr25	11,13,15,17,19,23	23	11975625	15741013	599793	27116845	0.022119	0.050084	0.136524	0.122059	False	0.137510
HAP1_chr07	HAP2_chr26	11,13,15,17,19,23	23	11975625	15907494	493483	27389636	0.018017	0.041207	0.145267	0.129475	False	0.148046
HAP1_chr07	HAP2_chr27	11,13,15,17,19,23	23	11975625	15728078	493057	27210646	0.018120	0.041172	0.145024	0.129507	False	0.147408
HAP1_chr07	HAP2_chr28	11,13,15,17,19,23	23	11975625	15907855	464442	27419038	0.016939	0.038782	0.147905	0.131767	False	0.150209
HAP1_chr07	HAP2_chr29	11,13,15,17,19,23	23	11975625	14792090	466926	26300789	0.017753	0.038990	0.145897	0.131566	False	0.148725
HAP1_chr07	HAP2_chr30	11,13,15,17,19,23	23	11975625	14448376	438069	25985932	0.016858	0.036580	0.148109	0.133971	False	0.150107
HAP1_chr07	HAP2_chr31	11,13,15,17,19,23	23	11975625	10247886	534309	21689202	0.024635	0.052138	0.131947	0.120523	False	0.131207
HAP1_chr07	HAP2_chr32	11,13,15,17,19,23	23	11975625	13681624	441368	25215881	0.017504	0.036856	0.146502	0.133689	False	0.149200
HAP1_chr07	HAP2_chr33	11,13,15,17,19,23	23	11975625	13723868	412605	25286888	0.016317	0.034454	0.149504	0.136223	False	0.152581
HAP1_chr07	HAP2_chr34	11,13,15,17,19,23	23	11975625	13124268	385253	24714640	0.015588	0.032170	0.151460	0.138795	False	0.154480
HAP1_chr07	HAP2_chr35	11,13,15,17,19,23	23	11975625	12183454	400043	23759036	0.016838	0.033405	0.148161	0.137384	False	0.149998
HAP1_chr07	HAP2_chr36	11,13,15,17,19,23	23	11975625	11390521	333169	23032977	0.014465	0.029250	0.154663	0.142351	False	0.156545
HAP1_chr07	HAP2_chr37	11,13,15,17,19,23	23	11975625	10244966	333747	21886844	0.015249	0.032577	0.152402	0.138324	False	0.153325
HAP1_chr07	HAP2_chr38	11,13,15,17,19,23	23	11975625	10059451	317941	21717135	0.014640	0.031606	0.154147	0.139457	False	0.155159
HAP1_chr08	HAP1_chr09	11,13,15,17,19,23	23	11906090	12673175	597587	23981678	0.024918	0.050192	0.131461	0.121977	False	0.134243
HAP1_chr08	HAP1_chr10	11,13,15,17,19,23	23	11906090	12174695	565727	23515058	0.024058	0.047516	0.132953	0.124066	False	0.135288
HAP1_chr08	HAP1_chr11	11,13,15,17,19,23	23	11906090	11282040	637924	22550206	0.028289	0.056543	0.126088	0.117417	False	0.125982
HAP1_chr08	HAP1_chr12	11,13,15,17,19,23	23	11906090	12373225	2145343	22133972	0.096925	0.180189	0.075356	0.071803	False	0.068335
HAP1_chr08	HAP1_chr13	11,13,15,17,19,23	23	11906090	13261930	575855	24592165	0.023416	0.048366	0.134101	0.123390	False	0.136418
HAP1_chr08	HAP1_chr14	11,13,15,17,19,23	23	11906090	14842029	571805	26176314	0.021844	0.048026	0.137055	0.123659	False	0.141252
HAP1_chr08	HAP1_chr15	11,13,15,17,19,23	23	11906090	10593813	588906	21910997	0.026877	0.055590	0.128254	0.118069	False	0.129819
HAP1_chr08	HAP1_chr16	11,13,15,17,19,23	23	11906090	12175875	578103	23503862	0.024596	0.048555	0.132014	0.123242	False	0.135008
HAP1_chr08	HAP1_chr17	11,13,15,17,19,23	23	11906090	19018048	523538	30400600	0.017221	0.043972	0.147197	0.127013	False	0.151226
HAP1_chr08	HAP1_chr18	11,13,15,17,19,23	23	11906090	18336962	506292	29736760	0.017026	0.042524	0.147685	0.128283	False	0.152070
HAP1_chr08	HAP1_chr19	11,13,15,17,19,23	23	11906090	10714776	477157	22143709	0.021548	0.044533	0.137636	0.126532	False	0.140220
HAP1_chr08	HAP1_chr20	11,13,15,17,19,23	23	11906090	17829014	489114	29245990	0.016724	0.041081	0.148450	0.129591	False	0.152604
HAP1_chr08	HAP1_chr21	11,13,15,17,19,23	23	11906090	16827317	495958	28237449	0.017564	0.041656	0.146356	0.129065	False	0.150880
HAP1_chr08	HAP1_chr22	11,13,15,17,19,23	23	11906090	17239713	574676	28571127	0.020114	0.048267	0.140570	0.123468	False	0.144768
HAP1_chr08	HAP1_chr23	11,13,15,17,19,23	23	11906090	16363082	514351	27754821	0.018532	0.043201	0.144064	0.127685	False	0.148850
HAP1_chr08	HAP1_chr24	11,13,15,17,19,23	23	11906090	10948765	550032	22304823	0.024660	0.050237	0.131904	0.121943	False	0.134240
HAP1_chr08	HAP1_chr25	11,13,15,17,19,23	23	11906090	15691712	536695	27061107	0.019833	0.045077	0.141170	0.126070	False	0.144351
HAP1_chr08	HAP1_chr26	11,13,15,17,19,23	23	11906090	15725527	516146	27115471	0.019035	0.043351	0.142921	0.127553	False	0.147737
HAP1_chr08	HAP1_chr27	11,13,15,17,19,23	23	11906090	15634495	495366	27045219	0.018316	0.041606	0.144564	0.129110	False	0.148476
HAP1_chr08	HAP1_chr28	11,13,15,17,19,23	23	11906090	15712907	474853	27144144	0.017494	0.039883	0.146526	0.130710	False	0.150683
HAP1_chr08	HAP1_chr29	11,13,15,17,19,23	23	11906090	14732132	465946	26172276	0.017803	0.039135	0.145778	0.131425	False	0.149864
HAP1_chr08	HAP1_chr30	11,13,15,17,19,23	23	11906090	14336542	434005	25808627	0.016816	0.036452	0.148215	0.134103	False	0.151535
HAP1_chr08	HAP1_chr31	11,13,15,17,19,23	23	11906090	9956759	528338	21334511	0.024764	0.053063	0.131724	0.119851	False	0.132675
HAP1_chr08	HAP1_chr32	11,13,15,17,19,23	23	11906090	13614511	432488	25088113	0.017239	0.036325	0.147154	0.134235	False	0.150852
HAP1_chr08	HAP1_chr33	11,13,15,17,19,23	23	11906090	13499049	405396	24999743	0.016216	0.034049	0.149769	0.136666	False	0.154789
HAP1_chr08	HAP1_chr34	11,13,15,17,19,23	23	11906090	13150181	404724	24651547	0.016418	0.033993	0.149240	0.136729	False	0.153925
HAP1_chr08	HAP1_chr35	11,13,15,17,19,23	23	11906090	12136965	383890	23659165	0.016226	0.032243	0.149743	0.138710	False	0.152628
HAP1_chr08	HAP1_chr36	11,13,15,17,19,23	23	11906090	11393762	356255	22943597	0.015527	0.031268	0.151626	0.139860	False	0.155047
HAP1_chr08	HAP1_chr37	11,13,15,17,19,23	23	11906090	10298369	364362	21840097	0.016683	0.035381	0.148554	0.135226	False	0.151250
HAP1_chr08	HAP1_chr38	11,13,15,17,19,23	23	11906090	10094622	374932	21625780	0.017337	0.037142	0.146910	0.133397	False	0.149911
HAP1_chr08	HAP2_chr01	11,13,15,17,19,23	23	11906090	27515200	740831	38680459	0.019153	0.062223	0.142658	0.113736	False	0.147157
HAP1_chr08	HAP2_chr02	11,13,15,17,19,23	23	11906090	25346546	661492	36591144	0.018078	0.055559	0.145123	0.118090	False	0.149444
HAP1_chr08	HAP2_chr03	11,13,15,17,19,23	23	11906090	13022664	565709	24363045	0.023220	0.047514	0.134459	0.124068	False	0.136933
HAP1_chr08	HAP2_chr04	11,13,15,17,19,23	23	11906090	12989051	564310	24330831	0.023193	0.047397	0.134508	0.124162	False	0.136352
HAP1_chr08	HAP2_chr05	11,13,15,17,19,23	23	11906090	11246860	594678	22558272	0.026362	0.052875	0.129074	0.119987	False	0.128086
HAP1_chr08	HAP2_chr06	11,13,15,17,19,23	23	11906090	11933174	605152	23234112	0.026046	0.050827	0.129585	0.121497	False	0.133220
HAP1_chr08	HAP2_chr07	11,13,15,17,19,23	23	11906090	11716945	583546	23039489	0.025328	0.049804	0.130770	0.122274	False	0.133171
HAP1_chr08	HAP2_chr08	11,13,15,17,19,23	23	11906090	11113854	7893857	15126087	0.521870	0.710272	0.016397	0.014764	False	0.012763
HAP1_chr08	HAP2_chr09	11,13,15,17,19,23	23	11906090	12589605	587725	23907970	0.024583	0.049363	0.132037	0.122612	False	0.134259
HAP1_chr08	HAP2_chr10	11,13,15,17,19,23	23	11906090	12335669	601169	23640590	0.025430	0.050493	0.130600	0.121749	False	0.133201
HAP1_chr08	HAP2_chr11	11,13,15,17,19,23	23	11906090	11190208	636660	22459638	0.028347	0.056894	0.126002	0.117179	False	0.125718
HAP1_chr08	HAP2_chr12	11,13,15,17,19,23	23	11906090	12581476	2144999	22342567	0.096005	0.180160	0.075734	0.071809	False	0.068678
HAP1_chr08	HAP2_chr13	11,13,15,17,19,23	23	11906090	13261829	547330	24620589	0.022231	0.045971	0.136310	0.125325	False	0.138515
HAP1_chr08	HAP2_chr14	11,13,15,17,19,23	23	11906090	14830231	553849	26182472	0.021153	0.046518	0.138423	0.124874	False	0.142668
HAP1_chr08	HAP2_chr15	11,13,15,17,19,23	23	11906090	10541427	590207	21857310	0.027003	0.055989	0.128057	0.117794	False	0.129699
HAP1_chr08	HAP2_chr16	11,13,15,17,19,23	23	11906090	11821509	542942	23184657	0.023418	0.045928	0.134098	0.125359	False	0.136462
HAP1_chr08	HAP2_chr17	11,13,15,17,19,23	23	11906090	19099040	502704	30502426	0.016481	0.042222	0.149076	0.128553	False	0.152986
HAP1_chr08	HAP2_chr18	11,13,15,17,19,23	23	11906090	18280303	509562	29676831	0.017170	0.042798	0.147324	0.128039	False	0.151757
HAP1_chr08	HAP2_chr19	11,13,15,17,19,23	23	11906090	10659886	479870	22086106	0.021727	0.045016	0.137284	0.126122	False	0.139482
HAP1_chr08	HAP2_chr20	11,13,15,17,19,23	23	11906090	17893840	491698	29308232	0.016777	0.041298	0.148315	0.129391	False	0.152450
HAP1_chr08	HAP2_chr21	11,13,15,17,19,23	23	11906090	16782998	495703	28193385	0.017582	0.041634	0.146311	0.129084	False	0.150712
HAP1_chr08	HAP2_chr22	11,13,15,17,19,23	23	11906090	17310261	591644	28624707	0.020669	0.049693	0.139410	0.122359	False	0.143506
HAP1_chr08	HAP2_chr23	11,13,15,17,19,23	23	11906090	16374851	491704	27789237	0.017694	0.041299	0.146040	0.129391	False	0.150561
HAP1_chr08	HAP2_chr24	11,13,15,17,19,23	23	11906090	10514192	512085	21908197	0.023374	0.048704	0.134178	0.123125	False	0.136344
HAP1_chr08	HAP2_chr25	11,13,15,17,19,23	23	11906090	15741013	553148	27093955	0.020416	0.046459	0.139935	0.124922	False	0.143327
HAP1_chr08	HAP2_chr26	11,13,15,17,19,23	23	11906090	15907494	520519	27293065	0.019071	0.043719	0.142839	0.127232	False	0.147581
HAP1_chr08	HAP2_chr27	11,13,15,17,19,23	23	11906090	15728078	508090	27126078	0.018731	0.042675	0.143609	0.128149	False	0.147544
HAP1_chr08	HAP2_chr28	11,13,15,17,19,23	23	11906090	15907855	487808	27326137	0.017851	0.040971	0.145662	0.129692	False	0.149488
HAP1_chr08	HAP2_chr29	11,13,15,17,19,23	23	11906090	14792090	477694	26220486	0.018218	0.040122	0.144793	0.130484	False	0.148944
HAP1_chr08	HAP2_chr30	11,13,15,17,19,23	23	11906090	14448376	464886	25889580	0.017956	0.039046	0.145411	0.131511	False	0.148981
HAP1_chr08	HAP2_chr31	11,13,15,17,19,23	23	11906090	10247886	539442	21614534	0.024957	0.052639	0.131395	0.120158	False	0.132337
HAP1_chr08	HAP2_chr32	11,13,15,17,19,23	23	11906090	13681624	454010	25133704	0.018064	0.038133	0.145157	0.132405	False	0.149272
HAP1_chr08	HAP2_chr33	11,13,15,17,19,23	23	11906090	13723868	434554	25195404	0.017247	0.036498	0.147133	0.134055	False	0.152276
HAP1_chr08	HAP2_chr34	11,13,15,17,19,23	23	11906090	13124268	402131	24628227	0.016328	0.033775	0.149475	0.136970	False	0.154043
HAP1_chr08	HAP2_chr35	11,13,15,17,19,23	23	11906090	12183454	395715	23693829	0.016701	0.033236	0.148508	0.137573	False	0.151626
HAP1_chr08	HAP2_chr36	11,13,15,17,19,23	23	11906090	11390521	370782	22925829	0.016173	0.032552	0.149883	0.138353	False	0.153501
HAP1_chr08	HAP2_chr37	11,13,15,17,19,23	23	11906090	10244966	358667	21792389	0.016458	0.035009	0.149135	0.135622	False	0.151654
HAP1_chr08	HAP2_chr38	11,13,15,17,19,23	23	11906090	10059451	354641	21610900	0.016410	0.035255	0.149260	0.135360	False	0.152138
HAP1_chr09	HAP1_chr10	11,13,15,17,19,23	23	12673175	12174695	577043	24270827	0.023775	0.047397	0.133455	0.124162	False	0.135623
HAP1_chr09	HAP1_chr11	11,13,15,17,19,23	23	12673175	11282040	618605	23336610	0.026508	0.054831	0.128840	0.118596	False	0.131323
HAP1_chr09	HAP1_chr12	11,13,15,17,19,23	23	12673175	12373225	547849	24498551	0.022363	0.044277	0.136058	0.126751	False	0.137664
HAP1_chr09	HAP1_chr13	11,13,15,17,19,23	23	12673175	13261930	614516	25320589	0.024269	0.048490	0.132581	0.123293	False	0.134342
HAP1_chr09	HAP1_chr14	11,13,15,17,19,23	23	12673175	14842029	615808	26899396	0.022893	0.048591	0.135061	0.123213	False	0.137641
HAP1_chr09	HAP1_chr15	11,13,15,17,19,23	23	12673175	10593813	599078	22667910	0.026428	0.056550	0.128967	0.117412	False	0.129506
HAP1_chr09	HAP1_chr16	11,13,15,17,19,23	23	12673175	12175875	560746	24288304	0.023087	0.046054	0.134703	0.125256	False	0.136661
HAP1_chr09	HAP1_chr17	11,13,15,17,19,23	23	12673175	19018048	514442	31176781	0.016501	0.040593	0.149025	0.130043	False	0.152158
HAP1_chr09	HAP1_chr18	11,13,15,17,19,23	23	12673175	18336962	507817	30502320	0.016648	0.040070	0.148644	0.130533	False	0.152210
HAP1_chr09	HAP1_chr19	11,13,15,17,19,23	23	12673175	10714776	495236	22892715	0.021633	0.046220	0.137469	0.125119	False	0.139284
HAP1_chr09	HAP1_chr20	11,13,15,17,19,23	23	12673175	17829014	512443	29989746	0.017087	0.040435	0.147531	0.130190	False	0.151052
HAP1_chr09	HAP1_chr21	11,13,15,17,19,23	23	12673175	16827317	480694	29019798	0.016564	0.037930	0.148860	0.132606	False	0.152414
HAP1_chr09	HAP1_chr22	11,13,15,17,19,23	23	12673175	17239713	564945	29347943	0.019250	0.044578	0.142442	0.126494	False	0.145585
HAP1_chr09	HAP1_chr23	11,13,15,17,19,23	23	12673175	16363082	497098	28539159	0.017418	0.039224	0.146712	0.131339	False	0.150634
HAP1_chr09	HAP1_chr24	11,13,15,17,19,23	23	12673175	10948765	571802	23050138	0.024807	0.052225	0.131652	0.120460	False	0.132834
HAP1_chr09	HAP1_chr25	11,13,15,17,19,23	23	12673175	15691712	601609	27763278	0.021669	0.047471	0.137398	0.124102	False	0.139026
HAP1_chr09	HAP1_chr26	11,13,15,17,19,23	23	12673175	15725527	505554	27893148	0.018125	0.039892	0.145013	0.130702	False	0.149089
HAP1_chr09	HAP1_chr27	11,13,15,17,19,23	23	12673175	15634495	480005	27827665	0.017249	0.037876	0.147128	0.132660	False	0.149818
HAP1_chr09	HAP1_chr28	11,13,15,17,19,23	23	12673175	15712907	497373	27888709	0.017834	0.039246	0.145703	0.131318	False	0.149010
HAP1_chr09	HAP1_chr29	11,13,15,17,19,23	23	12673175	14732132	471267	26934040	0.017497	0.037186	0.146518	0.133352	False	0.149968
HAP1_chr09	HAP1_chr30	11,13,15,17,19,23	23	12673175	14336542	435429	26574288	0.016385	0.034358	0.149325	0.136327	False	0.151745
HAP1_chr09	HAP1_chr31	11,13,15,17,19,23	23	12673175	9956759	508909	22121025	0.023006	0.051112	0.134853	0.121283	False	0.134743
HAP1_chr09	HAP1_chr32	11,13,15,17,19,23	23	12673175	13614511	431793	25855893	0.016700	0.034071	0.148511	0.136642	False	0.151360
HAP1_chr09	HAP1_chr33	11,13,15,17,19,23	23	12673175	13499049	400656	25771568	0.015546	0.031614	0.151574	0.139447	False	0.155453
HAP1_chr09	HAP1_chr34	11,13,15,17,19,23	23	12673175	13150181	390099	25433257	0.015338	0.030781	0.152152	0.140445	False	0.155916
HAP1_chr09	HAP1_chr35	11,13,15,17,19,23	23	12673175	12136965	401510	24408630	0.016450	0.033082	0.149158	0.137748	False	0.151461
HAP1_chr09	HAP1_chr36	11,13,15,17,19,23	23	12673175	11393762	357198	23709739	0.015065	0.031350	0.152920	0.139761	False	0.155442
HAP1_chr09	HAP1_chr37	11,13,15,17,19,23	23	12673175	10298369	357875	22613669	0.015826	0.034751	0.150812	0.135901	False	0.153088
HAP1_chr09	HAP1_chr38	11,13,15,17,19,23	23	12673175	10094622	360911	22406886	0.016107	0.035753	0.150058	0.134832	False	0.152131
HAP1_chr09	HAP2_chr01	11,13,15,17,19,23	23	12673175	27515200	791774	39396601	0.020098	0.062476	0.140605	0.113579	False	0.142758
HAP1_chr09	HAP2_chr02	11,13,15,17,19,23	23	12673175	25346546	754878	37264843	0.020257	0.059565	0.140268	0.115417	False	0.142547
HAP1_chr09	HAP2_chr03	11,13,15,17,19,23	23	12673175	13022664	2153761	23542078	0.091486	0.169946	0.077651	0.074161	False	0.071200
HAP1_chr09	HAP2_chr04	11,13,15,17,19,23	23	12673175	12989051	561182	25101044	0.022357	0.044281	0.136069	0.126747	False	0.137192
HAP1_chr09	HAP2_chr05	11,13,15,17,19,23	23	12673175	11246860	543811	23376224	0.023263	0.048352	0.134379	0.123401	False	0.135448
HAP1_chr09	HAP2_chr06	11,13,15,17,19,23	23	12673175	11933174	582714	24023635	0.024256	0.048831	0.132605	0.123026	False	0.135149
HAP1_chr09	HAP2_chr07	11,13,15,17,19,23	23	12673175	11716945	564428	23825692	0.023690	0.048172	0.133608	0.123544	False	0.134121
HAP1_chr09	HAP2_chr08	11,13,15,17,19,23	23	12673175	11113854	560640	23226389	0.024138	0.050445	0.132812	0.121785	False	0.135743
HAP1_chr09	HAP2_chr09	11,13,15,17,19,23	23	12673175	12589605	9888172	15374608	0.643150	0.785424	0.010645	0.010446	False	0.008077
HAP1_chr09	HAP2_chr10	11,13,15,17,19,23	23	12673175	12335669	578674	24430170	0.023687	0.046911	0.133613	0.124554	False	0.135367
HAP1_chr09	HAP2_chr11	11,13,15,17,19,23	23	12673175	11190208	593168	23270215	0.025490	0.053008	0.130499	0.119891	False	0.132365
HAP1_chr09	HAP2_chr12	11,13,15,17,19,23	23	12673175	12581476	548187	24706464	0.022188	0.043571	0.136391	0.127361	False	0.137432
HAP1_chr09	HAP2_chr13	11,13,15,17,19,23	23	12673175	13261829	618583	25316421	0.024434	0.048810	0.132294	0.123042	False	0.134047
HAP1_chr09	HAP2_chr14	11,13,15,17,19,23	23	12673175	14830231	599669	26903737	0.022289	0.047318	0.136197	0.124225	False	0.138756
HAP1_chr09	HAP2_chr15	11,13,15,17,19,23	23	12673175	10541427	614376	22600226	0.027185	0.058282	0.127773	0.116254	False	0.128712
HAP1_chr09	HAP2_chr16	11,13,15,17,19,23	23	12673175	11821509	515858	23978826	0.021513	0.043637	0.137706	0.127303	False	0.139044
HAP1_chr09	HAP2_chr17	11,13,15,17,19,23	23	12673175	19099040	518100	31254115	0.016577	0.040882	0.148827	0.129775	False	0.152027
HAP1_chr09	HAP2_chr18	11,13,15,17,19,23	23	12673175	18280303	495286	30458192	0.016261	0.039081	0.149650	0.131477	False	0.153117
HAP1_chr09	HAP2_chr19	11,13,15,17,19,23	23	12673175	10659886	486308	22846753	0.021286	0.045620	0.138158	0.125615	False	0.139489
HAP1_chr09	HAP2_chr20	11,13,15,17,19,23	23	12673175	17893840	504511	30062504	0.016782	0.039809	0.148302	0.130780	False	0.151656
HAP1_chr09	HAP2_chr21	11,13,15,17,19,23	23	12673175	16782998	460204	28995969	0.015871	0.036313	0.150689	0.134247	False	0.153981
HAP1_chr09	HAP2_chr22	11,13,15,17,19,23	23	12673175	17310261	590538	29392898	0.020091	0.046597	0.140618	0.124809	False	0.143872
HAP1_chr09	HAP2_chr23	11,13,15,17,19,23	23	12673175	16374851	501003	28547023	0.017550	0.039533	0.146389	0.131043	False	0.150120
HAP1_chr09	HAP2_chr24	11,13,15,17,19,23	23	12673175	10514192	516273	22671094	0.022772	0.049102	0.135286	0.122814	False	0.136141
HAP1_chr09	HAP2_chr25	11,13,15,17,19,23	23	12673175	15741013	611278	27802910	0.021986	0.048234	0.136780	0.123495	False	0.138572
HAP1_chr09	HAP2_chr26	11,13,15,17,19,23	23	12673175	15907494	500746	28079923	0.017833	0.039512	0.145706	0.131063	False	0.149438
HAP1_chr09	HAP2_chr27	11,13,15,17,19,23	23	12673175	15728078	492815	27908438	0.017658	0.038886	0.146126	0.131666	False	0.148949
HAP1_chr09	HAP2_chr28	11,13,15,17,19,23	23	12673175	15907855	530127	28050903	0.018899	0.041831	0.143228	0.128906	False	0.146562
HAP1_chr09	HAP2_chr29	11,13,15,17,19,23	23	12673175	14792090	478023	26987242	0.017713	0.037719	0.145994	0.132816	False	0.149310
HAP1_chr09	HAP2_chr30	11,13,15,17,19,23	23	12673175	14448376	485177	26636374	0.018215	0.038284	0.144801	0.132255	False	0.147647
HAP1_chr09	HAP2_chr31	11,13,15,17,19,23	23	12673175	10247886	516522	22404539	0.023054	0.050403	0.134763	0.121817	False	0.134667
HAP1_chr09	HAP2_chr32	11,13,15,17,19,23	23	12673175	13681624	443418	25911381	0.017113	0.034989	0.147467	0.135644	False	0.150661
HAP1_chr09	HAP2_chr33	11,13,15,17,19,23	23	12673175	13723868	421879	25975164	0.016242	0.033289	0.149702	0.137514	False	0.153576
HAP1_chr09	HAP2_chr34	11,13,15,17,19,23	23	12673175	13124268	413625	25383818	0.016295	0.032638	0.149562	0.138254	False	0.153663
HAP1_chr09	HAP2_chr35	11,13,15,17,19,23	23	12673175	12183454	419595	24437034	0.017170	0.034440	0.147324	0.136238	False	0.150174
HAP1_chr09	HAP2_chr36	11,13,15,17,19,23	23	12673175	11390521	333242	23730454	0.014043	0.029256	0.155932	0.142343	False	0.158278
HAP1_chr09	HAP2_chr37	11,13,15,17,19,23	23	12673175	10244966	341024	22577117	0.015105	0.033287	0.152808	0.137516	False	0.154642
HAP1_chr09	HAP2_chr38	11,13,15,17,19,23	23	12673175	10059451	325080	22407546	0.014508	0.032316	0.154536	0.138626	False	0.156079
HAP1_chr10	HAP1_chr11	11,13,15,17,19,23	23	12174695	11282040	609961	22846774	0.026698	0.054065	0.128538	0.119135	False	0.131475
HAP1_chr10	HAP1_chr12	11,13,15,17,19,23	23	12174695	12373225	552560	23995360	0.023028	0.045386	0.134812	0.125811	False	0.136462
HAP1_chr10	HAP1_chr13	11,13,15,17,19,23	23	12174695	13261930	582584	24854041	0.023440	0.047852	0.134058	0.123798	False	0.135596
HAP1_chr10	HAP1_chr14	11,13,15,17,19,23	23	12174695	14842029	562924	26453800	0.021280	0.046237	0.138170	0.125105	False	0.141844
HAP1_chr10	HAP1_chr15	11,13,15,17,19,23	23	12174695	10593813	563683	22204825	0.025386	0.053209	0.130674	0.119746	False	0.131780
HAP1_chr10	HAP1_chr16	11,13,15,17,19,23	23	12174695	12175875	575776	23774794	0.024218	0.047293	0.132672	0.124245	False	0.135065
HAP1_chr10	HAP1_chr17	11,13,15,17,19,23	23	12174695	19018048	593798	30598945	0.019406	0.048773	0.142098	0.123071	False	0.143630
HAP1_chr10	HAP1_chr18	11,13,15,17,19,23	23	12174695	18336962	557498	29954159	0.018612	0.045792	0.143881	0.125473	False	0.145246
HAP1_chr10	HAP1_chr19	11,13,15,17,19,23	23	12174695	10714776	2005184	20884287	0.096014	0.187142	0.075730	0.070273	False	0.068353
HAP1_chr10	HAP1_chr20	11,13,15,17,19,23	23	12174695	17829014	508645	29495064	0.017245	0.041779	0.147138	0.128953	False	0.150672
HAP1_chr10	HAP1_chr21	11,13,15,17,19,23	23	12174695	16827317	457838	28544174	0.016040	0.037606	0.150237	0.132929	False	0.154069
HAP1_chr10	HAP1_chr22	11,13,15,17,19,23	23	12174695	17239713	588589	28825819	0.020419	0.048345	0.139929	0.123407	False	0.143461
HAP1_chr10	HAP1_chr23	11,13,15,17,19,23	23	12174695	16363082	498623	28039154	0.017783	0.040956	0.145826	0.129706	False	0.150048
HAP1_chr10	HAP1_chr24	11,13,15,17,19,23	23	12174695	10948765	521564	22601896	0.023076	0.047637	0.134723	0.123969	False	0.135391
HAP1_chr10	HAP1_chr25	11,13,15,17,19,23	23	12174695	15691712	554945	27311462	0.020319	0.045582	0.140137	0.125647	False	0.142800
HAP1_chr10	HAP1_chr26	11,13,15,17,19,23	23	12174695	15725527	470383	27429839	0.017149	0.038636	0.147378	0.131910	False	0.151209
HAP1_chr10	HAP1_chr27	11,13,15,17,19,23	23	12174695	15634495	494928	27314262	0.018120	0.040652	0.145024	0.129988	False	0.148257
HAP1_chr10	HAP1_chr28	11,13,15,17,19,23	23	12174695	15712907	474910	27412692	0.017324	0.039008	0.146942	0.131548	False	0.150499
HAP1_chr10	HAP1_chr29	11,13,15,17,19,23	23	12174695	14732132	438740	26468087	0.016576	0.036037	0.148830	0.134534	False	0.152097
HAP1_chr10	HAP1_chr30	11,13,15,17,19,23	23	12174695	14336542	447850	26063387	0.017183	0.036785	0.147292	0.133760	False	0.150076
HAP1_chr10	HAP1_chr31	11,13,15,17,19,23	23	12174695	9956759	504565	21626889	0.023330	0.050676	0.134257	0.121611	False	0.134117
HAP1_chr10	HAP1_chr32	11,13,15,17,19,23	23	12174695	13614511	424268	25364938	0.016727	0.034848	0.148443	0.135795	False	0.151629
HAP1_chr10	HAP1_chr33	11,13,15,17,19,23	23	12174695	13499049	381101	25292643	0.015068	0.031303	0.152914	0.139818	False	0.156912
HAP1_chr10	HAP1_chr34	11,13,15,17,19,23	23	12174695	13150181	393083	24931793	0.015766	0.032287	0.150973	0.138659	False	0.155164
HAP1_chr10	HAP1_chr35	11,13,15,17,19,23	23	12174695	12136965	391037	23920623	0.016347	0.032219	0.149424	0.138738	False	0.151873
HAP1_chr10	HAP1_chr36	11,13,15,17,19,23	23	12174695	11393762	353832	23214625	0.015242	0.031055	0.152422	0.140115	False	0.155180
HAP1_chr10	HAP1_chr37	11,13,15,17,19,23	23	12174695	10298369	351129	22121935	0.015872	0.034096	0.150686	0.136615	False	0.152761
HAP1_chr10	HAP1_chr38	11,13,15,17,19,23	23	12174695	10094622	358600	21910717	0.016366	0.035524	0.149374	0.135074	False	0.151702
HAP1_chr10	HAP2_chr01	11,13,15,17,19,23	23	12174695	27515200	732687	38957208	0.018807	0.060181	0.143434	0.115021	False	0.146851
HAP1_chr10	HAP2_chr02	11,13,15,17,19,23	23	12174695	25346546	659587	36861654	0.017894	0.054177	0.145561	0.119056	False	0.149147
HAP1_chr10	HAP2_chr03	11,13,15,17,19,23	23	12174695	13022664	586583	24610776	0.023834	0.048181	0.133349	0.123537	False	0.135374
HAP1_chr10	HAP2_chr04	11,13,15,17,19,23	23	12174695	12989051	566073	24597673	0.023013	0.046496	0.134839	0.124892	False	0.136045
HAP1_chr10	HAP2_chr05	11,13,15,17,19,23	23	12174695	11246860	536039	22885516	0.023423	0.047661	0.134089	0.123950	False	0.134656
HAP1_chr10	HAP2_chr06	11,13,15,17,19,23	23	12174695	11933174	594972	23512897	0.025304	0.049859	0.130810	0.122231	False	0.133643
HAP1_chr10	HAP2_chr07	11,13,15,17,19,23	23	12174695	11716945	553052	23338588	0.023697	0.047201	0.133595	0.124319	False	0.134512
HAP1_chr10	HAP2_chr08	11,13,15,17,19,23	23	12174695	11113854	507566	22780983	0.022280	0.045670	0.136215	0.125574	False	0.139068
HAP1_chr10	HAP2_chr09	11,13,15,17,19,23	23	12174695	12589605	553296	24211004	0.022853	0.045446	0.135136	0.125761	False	0.136552
HAP1_chr10	HAP2_chr10	11,13,15,17,19,23	23	12174695	12335669	9882124	14628240	0.675551	0.811694	0.009357	0.009030	False	0.007012
HAP1_chr10	HAP2_chr11	11,13,15,17,19,23	23	12174695	11190208	572327	22792576	0.025110	0.051145	0.131136	0.121259	False	0.133276
HAP1_chr10	HAP2_chr12	11,13,15,17,19,23	23	12174695	12581476	565073	24191098	0.023359	0.046414	0.134206	0.124960	False	0.135462
HAP1_chr10	HAP2_chr13	11,13,15,17,19,23	23	12174695	13261829	565980	24870544	0.022757	0.046488	0.135315	0.124899	False	0.136825
HAP1_chr10	HAP2_chr14	11,13,15,17,19,23	23	12174695	14830231	558621	26446305	0.021123	0.045884	0.138485	0.125396	False	0.142334
HAP1_chr10	HAP2_chr15	11,13,15,17,19,23	23	12174695	10541427	579368	22136754	0.026172	0.054961	0.129380	0.118505	False	0.130673
HAP1_chr10	HAP2_chr16	11,13,15,17,19,23	23	12174695	11821509	548780	23447424	0.023405	0.046422	0.134122	0.124953	False	0.135762
HAP1_chr10	HAP2_chr17	11,13,15,17,19,23	23	12174695	19099040	579526	30694209	0.018881	0.047601	0.143269	0.123998	False	0.144526
HAP1_chr10	HAP2_chr18	11,13,15,17,19,23	23	12174695	18280303	549243	29905755	0.018366	0.045113	0.144449	0.126040	False	0.145863
HAP1_chr10	HAP2_chr19	11,13,15,17,19,23	23	12174695	10659886	1982737	20851844	0.095087	0.186000	0.076115	0.070521	False	0.068572
HAP1_chr10	HAP2_chr20	11,13,15,17,19,23	23	12174695	17893840	496933	29571602	0.016804	0.040817	0.148245	0.129835	False	0.151607
HAP1_chr10	HAP2_chr21	11,13,15,17,19,23	23	12174695	16782998	459234	28498459	0.016114	0.037720	0.150038	0.132815	False	0.153748
HAP1_chr10	HAP2_chr22	11,13,15,17,19,23	23	12174695	17310261	621833	28863123	0.021544	0.051076	0.137644	0.121310	False	0.141437
HAP1_chr10	HAP2_chr23	11,13,15,17,19,23	23	12174695	16374851	488682	28060864	0.017415	0.040139	0.146719	0.130468	False	0.150589
HAP1_chr10	HAP2_chr24	11,13,15,17,19,23	23	12174695	10514192	503894	22184993	0.022713	0.047925	0.135396	0.123740	False	0.136247
HAP1_chr10	HAP2_chr25	11,13,15,17,19,23	23	12174695	15741013	548755	27366953	0.020052	0.045073	0.140702	0.126074	False	0.143109
HAP1_chr10	HAP2_chr26	11,13,15,17,19,23	23	12174695	15907494	472901	27609288	0.017128	0.038843	0.147429	0.131708	False	0.151017
HAP1_chr10	HAP2_chr27	11,13,15,17,19,23	23	12174695	15728078	512025	27390748	0.018693	0.042056	0.143694	0.128702	False	0.147092
HAP1_chr10	HAP2_chr28	11,13,15,17,19,23	23	12174695	15907855	502430	27580120	0.018217	0.041268	0.144796	0.129418	False	0.148208
HAP1_chr10	HAP2_chr29	11,13,15,17,19,23	23	12174695	14792090	457254	26509531	0.017249	0.037558	0.147129	0.132977	False	0.150666
HAP1_chr10	HAP2_chr30	11,13,15,17,19,23	23	12174695	14448376	450578	26172493	0.017216	0.037009	0.147211	0.133532	False	0.149902
HAP1_chr10	HAP2_chr31	11,13,15,17,19,23	23	12174695	10247886	518038	21904543	0.023650	0.050551	0.133679	0.121705	False	0.133681
HAP1_chr10	HAP2_chr32	11,13,15,17,19,23	23	12174695	13681624	437010	25419309	0.017192	0.035895	0.147270	0.134683	False	0.150801
HAP1_chr10	HAP2_chr33	11,13,15,17,19,23	23	12174695	13723868	408821	25489742	0.016039	0.033580	0.150240	0.137188	False	0.154504
HAP1_chr10	HAP2_chr34	11,13,15,17,19,23	23	12174695	13124268	396139	24902824	0.015907	0.032538	0.150592	0.138369	False	0.154713
HAP1_chr10	HAP2_chr35	11,13,15,17,19,23	23	12174695	12183454	408197	23949952	0.017044	0.033528	0.147640	0.137245	False	0.150267
HAP1_chr10	HAP2_chr36	11,13,15,17,19,23	23	12174695	11390521	361473	23203743	0.015578	0.031735	0.151487	0.139305	False	0.154541
HAP1_chr10	HAP2_chr37	11,13,15,17,19,23	23	12174695	10244966	345858	22073803	0.015668	0.033759	0.151240	0.136988	False	0.153114
HAP1_chr10	HAP2_chr38	11,13,15,17,19,23	23	12174695	10059451	357852	21876294	0.016358	0.035574	0.149396	0.135021	False	0.151795
HAP1_chr11	HAP1_chr12	11,13,15,17,19,23	23	11282040	12373225	601996	23053269	0.026113	0.053359	0.129476	0.119638	False	0.128670
HAP1_chr11	HAP1_chr13	11,13,15,17,19,23	23	11282040	13261930	567279	23976691	0.023660	0.050282	0.133662	0.121909	False	0.135102
HAP1_chr11	HAP1_chr14	11,13,15,17,19,23	23	11282040	14842029	532085	25591984	0.020791	0.047162	0.139159	0.124351	False	0.142359
HAP1_chr11	HAP1_chr15	11,13,15,17,19,23	23	11282040	10593813	538651	21337202	0.025245	0.050846	0.130910	0.121483	False	0.131525
HAP1_chr11	HAP1_chr16	11,13,15,17,19,23	23	11282040	12175875	556414	22901501	0.024296	0.049319	0.132535	0.122647	False	0.134845
HAP1_chr11	HAP1_chr17	11,13,15,17,19,23	23	11282040	19018048	481268	29818820	0.016140	0.042658	0.149971	0.128164	False	0.152944
HAP1_chr11	HAP1_chr18	11,13,15,17,19,23	23	11282040	18336962	517226	29101776	0.017773	0.045845	0.145850	0.125428	False	0.149298
HAP1_chr11	HAP1_chr19	11,13,15,17,19,23	23	11282040	10714776	492905	21503911	0.022922	0.046002	0.135008	0.125298	False	0.137784
HAP1_chr11	HAP1_chr20	11,13,15,17,19,23	23	11282040	17829014	471537	28639517	0.016465	0.041795	0.149119	0.128938	False	0.152390
HAP1_chr11	HAP1_chr21	11,13,15,17,19,23	23	11282040	16827317	442758	27666599	0.016003	0.039244	0.150334	0.131320	False	0.153816
HAP1_chr11	HAP1_chr22	11,13,15,17,19,23	23	11282040	17239713	496212	28025541	0.017706	0.043982	0.146012	0.127004	False	0.148743
HAP1_chr11	HAP1_chr23	11,13,15,17,19,23	23	11282040	16363082	486008	27159114	0.017895	0.043078	0.145558	0.127793	False	0.149363
HAP1_chr11	HAP1_chr24	11,13,15,17,19,23	23	11282040	10948765	518805	21712000	0.023895	0.047385	0.133242	0.124171	False	0.134655
HAP1_chr11	HAP1_chr25	11,13,15,17,19,23	23	11282040	15691712	559305	26414447	0.021174	0.049575	0.138382	0.122449	False	0.140862
HAP1_chr11	HAP1_chr26	11,13,15,17,19,23	23	11282040	15725527	474040	26533527	0.017866	0.042017	0.145628	0.128738	False	0.149657
HAP1_chr11	HAP1_chr27	11,13,15,17,19,23	23	11282040	15634495	447054	26469481	0.016889	0.039625	0.148029	0.130955	False	0.150707
HAP1_chr11	HAP1_chr28	11,13,15,17,19,23	23	11282040	15712907	433494	26561453	0.016320	0.038423	0.149495	0.132118	False	0.152537
HAP1_chr11	HAP1_chr29	11,13,15,17,19,23	23	11282040	14732132	419552	25594620	0.016392	0.037188	0.149307	0.133351	False	0.152225
HAP1_chr11	HAP1_chr30	11,13,15,17,19,23	23	11282040	14336542	410392	25208190	0.016280	0.036376	0.149601	0.134182	False	0.152011
HAP1_chr11	HAP1_chr31	11,13,15,17,19,23	23	11282040	9956759	472053	20766746	0.022731	0.047410	0.135363	0.124151	False	0.135049
HAP1_chr11	HAP1_chr32	11,13,15,17,19,23	23	11282040	13614511	412678	24483873	0.016855	0.036578	0.148116	0.133973	False	0.151014
HAP1_chr11	HAP1_chr33	11,13,15,17,19,23	23	11282040	13499049	361018	24420071	0.014784	0.031999	0.153729	0.138994	False	0.157286
HAP1_chr11	HAP1_chr34	11,13,15,17,19,23	23	11282040	13150181	387474	24044747	0.016115	0.034344	0.150037	0.136343	False	0.154092
HAP1_chr11	HAP1_chr35	11,13,15,17,19,23	23	11282040	12136965	383455	23035550	0.016646	0.033988	0.148649	0.136734	False	0.150971
HAP1_chr11	HAP1_chr36	11,13,15,17,19,23	23	11282040	11393762	353388	22322414	0.015831	0.031323	0.150797	0.139793	False	0.153554
HAP1_chr11	HAP1_chr37	11,13,15,17,19,23	23	11282040	10298369	329599	21250810	0.015510	0.032005	0.151675	0.138988	False	0.153463
HAP1_chr11	HAP1_chr38	11,13,15,17,19,23	23	11282040	10094622	332193	21044469	0.015785	0.032908	0.150921	0.137945	False	0.152810
HAP1_chr11	HAP2_chr01	11,13,15,17,19,23	23	11282040	27515200	697017	38100223	0.018294	0.061781	0.144615	0.114011	False	0.147777
HAP1_chr11	HAP2_chr02	11,13,15,17,19,23	23	11282040	25346546	651371	35977215	0.018105	0.057735	0.145059	0.116616	False	0.148340
HAP1_chr11	HAP2_chr03	11,13,15,17,19,23	23	11282040	13022664	564377	23740327	0.023773	0.050024	0.133459	0.122105	False	0.135363
HAP1_chr11	HAP2_chr04	11,13,15,17,19,23	23	11282040	12989051	560743	23710348	0.023650	0.049702	0.133680	0.122351	False	0.134830
HAP1_chr11	HAP2_chr05	11,13,15,17,19,23	23	11282040	11246860	1945458	20583442	0.094516	0.172978	0.076355	0.073449	False	0.068662
HAP1_chr11	HAP2_chr06	11,13,15,17,19,23	23	11282040	11933174	570692	22644522	0.025202	0.050584	0.130981	0.121680	False	0.134139
HAP1_chr11	HAP2_chr07	11,13,15,17,19,23	23	11282040	11716945	540388	22458597	0.024062	0.047898	0.132947	0.123761	False	0.133933
HAP1_chr11	HAP2_chr08	11,13,15,17,19,23	23	11282040	11113854	587279	21808615	0.026929	0.052842	0.128173	0.120011	False	0.128350
HAP1_chr11	HAP2_chr09	11,13,15,17,19,23	23	11282040	12589605	588452	23283193	0.025274	0.052158	0.130861	0.120509	False	0.132268
HAP1_chr11	HAP2_chr10	11,13,15,17,19,23	23	11282040	12335669	591816	23025893	0.025702	0.052456	0.130148	0.120291	False	0.132698
HAP1_chr11	HAP2_chr11	11,13,15,17,19,23	23	11282040	11190208	9015703	13456545	0.669986	0.805678	0.009572	0.009350	False	0.006908
HAP1_chr11	HAP2_chr12	11,13,15,17,19,23	23	11282040	12581476	611895	23251621	0.026316	0.054236	0.129148	0.119014	False	0.127989
HAP1_chr11	HAP2_chr13	11,13,15,17,19,23	23	11282040	13261829	556065	23987804	0.023181	0.049288	0.134530	0.122671	False	0.136091
HAP1_chr11	HAP2_chr14	11,13,15,17,19,23	23	11282040	14830231	548920	25563351	0.021473	0.048654	0.137785	0.123164	False	0.141110
HAP1_chr11	HAP2_chr15	11,13,15,17,19,23	23	11282040	10541427	556995	21266472	0.026191	0.052839	0.129349	0.120013	False	0.130500
HAP1_chr11	HAP2_chr16	11,13,15,17,19,23	23	11282040	11821509	528605	22574944	0.023416	0.046854	0.134102	0.124601	False	0.135469
HAP1_chr11	HAP2_chr17	11,13,15,17,19,23	23	11282040	19099040	484753	29896327	0.016214	0.042967	0.149773	0.127891	False	0.152883
HAP1_chr11	HAP2_chr18	11,13,15,17,19,23	23	11282040	18280303	481664	29080679	0.016563	0.042693	0.148864	0.128133	False	0.152007
HAP1_chr11	HAP2_chr19	11,13,15,17,19,23	23	11282040	10659886	478019	21463907	0.022271	0.044843	0.136233	0.126269	False	0.137751
HAP1_chr11	HAP2_chr20	11,13,15,17,19,23	23	11282040	17893840	466338	28709542	0.016243	0.041335	0.149697	0.129358	False	0.152983
HAP1_chr11	HAP2_chr21	11,13,15,17,19,23	23	11282040	16782998	422093	27642945	0.015269	0.037413	0.152344	0.133123	False	0.155574
HAP1_chr11	HAP2_chr22	11,13,15,17,19,23	23	11282040	17310261	556608	28035693	0.019854	0.049336	0.141125	0.122634	False	0.144531
HAP1_chr11	HAP2_chr23	11,13,15,17,19,23	23	11282040	16374851	463722	27193169	0.017053	0.041103	0.147617	0.129571	False	0.151056
HAP1_chr11	HAP2_chr24	11,13,15,17,19,23	23	11282040	10514192	478892	21317340	0.022465	0.045547	0.135864	0.125676	False	0.137101
HAP1_chr11	HAP2_chr25	11,13,15,17,19,23	23	11282040	15741013	537095	26485958	0.020278	0.047606	0.140223	0.123994	False	0.142496
HAP1_chr11	HAP2_chr26	11,13,15,17,19,23	23	11282040	15907494	476951	26712583	0.017855	0.042275	0.145653	0.128506	False	0.149527
HAP1_chr11	HAP2_chr27	11,13,15,17,19,23	23	11282040	15728078	482624	26527494	0.018193	0.042778	0.144851	0.128057	False	0.147968
HAP1_chr11	HAP2_chr28	11,13,15,17,19,23	23	11282040	15907855	456439	26733456	0.017074	0.040457	0.147565	0.130170	False	0.150576
HAP1_chr11	HAP2_chr29	11,13,15,17,19,23	23	11282040	14792090	424518	25649612	0.016551	0.037628	0.148896	0.132907	False	0.152039
HAP1_chr11	HAP2_chr30	11,13,15,17,19,23	23	11282040	14448376	418629	25311787	0.016539	0.037106	0.148926	0.133434	False	0.151314
HAP1_chr11	HAP2_chr31	11,13,15,17,19,23	23	11282040	10247886	499715	21030211	0.023762	0.048763	0.133479	0.123079	False	0.133311
HAP1_chr11	HAP2_chr32	11,13,15,17,19,23	23	11282040	13681624	418472	24545192	0.017049	0.037092	0.147627	0.133448	False	0.150767
HAP1_chr11	HAP2_chr33	11,13,15,17,19,23	23	11282040	13723868	406675	24599233	0.016532	0.036046	0.148944	0.134525	False	0.152894
HAP1_chr11	HAP2_chr34	11,13,15,17,19,23	23	11282040	13124268	377953	24028355	0.015729	0.033500	0.151073	0.137276	False	0.154870
HAP1_chr11	HAP2_chr35	11,13,15,17,19,23	23	11282040	12183454	376596	23088898	0.016311	0.033380	0.149520	0.137411	False	0.151774
HAP1_chr11	HAP2_chr36	11,13,15,17,19,23	23	11282040	11390521	336241	22336320	0.015054	0.029803	0.152954	0.141652	False	0.155446
HAP1_chr11	HAP2_chr37	11,13,15,17,19,23	23	11282040	10244966	315827	21211179	0.014890	0.030828	0.153423	0.140390	False	0.154835
HAP1_chr11	HAP2_chr38	11,13,15,17,19,23	23	11282040	10059451	320751	21020740	0.015259	0.031886	0.152374	0.139127	False	0.154163
HAP1_chr12	HAP1_chr13	11,13,15,17,19,23	23	12373225	13261930	582080	25053075	0.023234	0.047044	0.134433	0.124447	False	0.136020
HAP1_chr12	HAP1_chr14	11,13,15,17,19,23	23	12373225	14842029	526838	26688416	0.019740	0.042579	0.141369	0.128234	False	0.145055
HAP1_chr12	HAP1_chr15	11,13,15,17,19,23	23	12373225	10593813	522121	22444917	0.023262	0.049285	0.134381	0.122673	False	0.134263
HAP1_chr12	HAP1_chr16	11,13,15,17,19,23	23	12373225	12175875	556977	23992123	0.023215	0.045744	0.134468	0.125512	False	0.136357
HAP1_chr12	HAP1_chr17	11,13,15,17,19,23	23	12373225	19018048	501207	30890066	0.016226	0.040507	0.149744	0.130123	False	0.152846
HAP1_chr12	HAP1_chr18	11,13,15,17,19,23	23	12373225	18336962	517117	30193070	0.017127	0.041793	0.147432	0.128940	False	0.151260
HAP1_chr12	HAP1_chr19	11,13,15,17,19,23	23	12373225	10714776	463177	22624824	0.020472	0.043228	0.139818	0.127661	False	0.141675
HAP1_chr12	HAP1_chr20	11,13,15,17,19,23	23	12373225	17829014	492408	29709831	0.016574	0.039796	0.148836	0.130792	False	0.152053
HAP1_chr12	HAP1_chr21	11,13,15,17,19,23	23	12373225	16827317	471676	28728866	0.016418	0.038121	0.149239	0.132416	False	0.153096
HAP1_chr12	HAP1_chr22	11,13,15,17,19,23	23	12373225	17239713	567407	29045531	0.019535	0.045858	0.141815	0.125418	False	0.145338
HAP1_chr12	HAP1_chr23	11,13,15,17,19,23	23	12373225	16363082	481670	28254637	0.017047	0.038928	0.147631	0.131625	False	0.151445
HAP1_chr12	HAP1_chr24	11,13,15,17,19,23	23	12373225	10948765	514985	22807005	0.022580	0.047036	0.135646	0.124453	False	0.136364
HAP1_chr12	HAP1_chr25	11,13,15,17,19,23	23	12373225	15691712	551917	27513020	0.020060	0.044606	0.140684	0.126470	False	0.143104
HAP1_chr12	HAP1_chr26	11,13,15,17,19,23	23	12373225	15725527	462489	27636263	0.016735	0.037378	0.148422	0.133158	False	0.152412
HAP1_chr12	HAP1_chr27	11,13,15,17,19,23	23	12373225	15634495	466186	27541534	0.016927	0.037677	0.147935	0.132858	False	0.150810
HAP1_chr12	HAP1_chr28	11,13,15,17,19,23	23	12373225	15712907	441608	27644524	0.015975	0.035691	0.150411	0.134898	False	0.153648
HAP1_chr12	HAP1_chr29	11,13,15,17,19,23	23	12373225	14732132	423167	26682190	0.015860	0.034200	0.150721	0.136500	False	0.153790
HAP1_chr12	HAP1_chr30	11,13,15,17,19,23	23	12373225	14336542	439939	26269828	0.016747	0.035556	0.148391	0.135040	False	0.151150
HAP1_chr12	HAP1_chr31	11,13,15,17,19,23	23	12373225	9956759	478085	21851899	0.021878	0.048016	0.136989	0.123667	False	0.136859
HAP1_chr12	HAP1_chr32	11,13,15,17,19,23	23	12373225	13614511	431300	25556436	0.016876	0.034858	0.148062	0.135785	False	0.151157
HAP1_chr12	HAP1_chr33	11,13,15,17,19,23	23	12373225	13499049	364134	25508140	0.014275	0.029429	0.155229	0.142123	False	0.158770
HAP1_chr12	HAP1_chr34	11,13,15,17,19,23	23	12373225	13150181	374810	25148596	0.014904	0.030292	0.153382	0.141044	False	0.157006
HAP1_chr12	HAP1_chr35	11,13,15,17,19,23	23	12373225	12136965	386514	24123676	0.016022	0.031846	0.150284	0.139174	False	0.152380
HAP1_chr12	HAP1_chr36	11,13,15,17,19,23	23	12373225	11393762	341093	23425894	0.014561	0.029937	0.154380	0.141485	False	0.156812
HAP1_chr12	HAP1_chr37	11,13,15,17,19,23	23	12373225	10298369	345664	22325930	0.015483	0.033565	0.151750	0.137204	False	0.153706
HAP1_chr12	HAP1_chr38	11,13,15,17,19,23	23	12373225	10094622	351656	22116191	0.015900	0.034836	0.150610	0.135809	False	0.152656
HAP1_chr12	HAP2_chr01	11,13,15,17,19,23	23	12373225	27515200	709809	39178616	0.018117	0.057367	0.145030	0.116862	False	0.148402
HAP1_chr12	HAP2_chr02	11,13,15,17,19,23	23	12373225	25346546	622016	37097755	0.016767	0.050271	0.148340	0.121917	False	0.151496
HAP1_chr12	HAP2_chr03	11,13,15,17,19,23	23	12373225	13022664	554503	24841386	0.022322	0.044815	0.136136	0.126292	False	0.137741
HAP1_chr12	HAP2_chr04	11,13,15,17,19,23	23	12373225	12989051	571535	24790741	0.023054	0.046191	0.134763	0.125142	False	0.135800
HAP1_chr12	HAP2_chr05	11,13,15,17,19,23	23	12373225	11246860	608384	23011701	0.026438	0.054094	0.128952	0.119115	False	0.127588
HAP1_chr12	HAP2_chr06	11,13,15,17,19,23	23	12373225	11933174	596352	23710047	0.025152	0.049974	0.131066	0.122143	False	0.133341
HAP1_chr12	HAP2_chr07	11,13,15,17,19,23	23	12373225	11716945	533134	23557036	0.022632	0.045501	0.135550	0.125715	False	0.136550
HAP1_chr12	HAP2_chr08	11,13,15,17,19,23	23	12373225	11113854	2087569	21399510	0.097552	0.187835	0.075100	0.070124	False	0.067971
HAP1_chr12	HAP2_chr09	11,13,15,17,19,23	23	12373225	12589605	523949	24438881	0.021439	0.042345	0.137852	0.128443	False	0.138843
HAP1_chr12	HAP2_chr10	11,13,15,17,19,23	23	12373225	12335669	572567	24136327	0.023722	0.046416	0.133550	0.124958	False	0.135376
HAP1_chr12	HAP2_chr11	11,13,15,17,19,23	23	12373225	11190208	589525	22973908	0.025661	0.052682	0.130217	0.120127	False	0.129290
HAP1_chr12	HAP2_chr12	11,13,15,17,19,23	23	12373225	12581476	10029250	14925451	0.671956	0.810561	0.009496	0.009090	False	0.007018
HAP1_chr12	HAP2_chr13	11,13,15,17,19,23	23	12373225	13261829	567576	25067478	0.022642	0.045871	0.135530	0.125407	False	0.137028
HAP1_chr12	HAP2_chr14	11,13,15,17,19,23	23	12373225	14830231	523175	26680281	0.019609	0.042283	0.141654	0.128499	False	0.145385
HAP1_chr12	HAP2_chr15	11,13,15,17,19,23	23	12373225	10541427	529017	22385635	0.023632	0.050185	0.133711	0.121983	False	0.133746
HAP1_chr12	HAP2_chr16	11,13,15,17,19,23	23	12373225	11821509	516661	23678073	0.021820	0.043705	0.137102	0.127244	False	0.138377
HAP1_chr12	HAP2_chr17	11,13,15,17,19,23	23	12373225	19099040	491476	30980789	0.015864	0.039721	0.150709	0.130864	False	0.153618
HAP1_chr12	HAP2_chr18	11,13,15,17,19,23	23	12373225	18280303	504726	30148802	0.016741	0.040792	0.148406	0.129858	False	0.152033
HAP1_chr12	HAP2_chr19	11,13,15,17,19,23	23	12373225	10659886	461238	22571873	0.020434	0.043269	0.139897	0.127625	False	0.141026
HAP1_chr12	HAP2_chr20	11,13,15,17,19,23	23	12373225	17893840	499650	29767415	0.016785	0.040382	0.148294	0.130240	False	0.151730
HAP1_chr12	HAP2_chr21	11,13,15,17,19,23	23	12373225	16782998	442742	28713481	0.015419	0.035782	0.151926	0.134801	False	0.155303
HAP1_chr12	HAP2_chr22	11,13,15,17,19,23	23	12373225	17310261	569456	29114030	0.019560	0.046023	0.141762	0.125281	False	0.145256
HAP1_chr12	HAP2_chr23	11,13,15,17,19,23	23	12373225	16374851	469889	28278187	0.016617	0.037976	0.148725	0.132560	False	0.152327
HAP1_chr12	HAP2_chr24	11,13,15,17,19,23	23	12373225	10514192	488005	22399412	0.021787	0.046414	0.137168	0.124959	False	0.137914
HAP1_chr12	HAP2_chr25	11,13,15,17,19,23	23	12373225	15741013	539805	27574433	0.019576	0.043627	0.141725	0.127312	False	0.144125
HAP1_chr12	HAP2_chr26	11,13,15,17,19,23	23	12373225	15907494	470429	27810290	0.016916	0.038020	0.147963	0.132516	False	0.151761
HAP1_chr12	HAP2_chr27	11,13,15,17,19,23	23	12373225	15728078	472342	27628961	0.017096	0.038175	0.147510	0.132363	False	0.150396
HAP1_chr12	HAP2_chr28	11,13,15,17,19,23	23	12373225	15907855	440049	27841031	0.015806	0.035565	0.150866	0.135031	False	0.153772
HAP1_chr12	HAP2_chr29	11,13,15,17,19,23	23	12373225	14792090	447014	26718301	0.016731	0.036128	0.148433	0.134440	False	0.151920
HAP1_chr12	HAP2_chr30	11,13,15,17,19,23	23	12373225	14448376	449822	26371779	0.017057	0.036354	0.147607	0.134204	False	0.150378
HAP1_chr12	HAP2_chr31	11,13,15,17,19,23	23	12373225	10247886	491470	22129641	0.022209	0.047958	0.136352	0.123713	False	0.136176
HAP1_chr12	HAP2_chr32	11,13,15,17,19,23	23	12373225	13681624	435745	25619104	0.017009	0.035217	0.147728	0.135400	False	0.151006
HAP1_chr12	HAP2_chr33	11,13,15,17,19,23	23	12373225	13723868	423107	25673986	0.016480	0.034195	0.149079	0.136506	False	0.153276
HAP1_chr12	HAP2_chr34	11,13,15,17,19,23	23	12373225	13124268	393848	25103645	0.015689	0.031831	0.151184	0.139192	False	0.155229
HAP1_chr12	HAP2_chr35	11,13,15,17,19,23	23	12373225	12183454	391961	24164718	0.016220	0.032172	0.149758	0.138793	False	0.151966
HAP1_chr12	HAP2_chr36	11,13,15,17,19,23	23	12373225	11390521	339621	23424125	0.014499	0.029816	0.154563	0.141635	False	0.157005
HAP1_chr12	HAP2_chr37	11,13,15,17,19,23	23	12373225	10244966	333452	22284739	0.014963	0.032548	0.153211	0.138358	False	0.154902
HAP1_chr12	HAP2_chr38	11,13,15,17,19,23	23	12373225	10059451	326496	22106180	0.014769	0.032457	0.153770	0.138463	False	0.155568
HAP1_chr13	HAP1_chr14	11,13,15,17,19,23	23	13261930	14842029	570801	27533158	0.020731	0.043041	0.139282	0.127825	False	0.142568
HAP1_chr13	HAP1_chr15	11,13,15,17,19,23	23	13261930	10593813	546636	23309107	0.023452	0.051600	0.134037	0.120921	False	0.134006
HAP1_chr13	HAP1_chr16	11,13,15,17,19,23	23	13261930	12175875	575633	24862172	0.023153	0.047277	0.134581	0.124259	False	0.136325
HAP1_chr13	HAP1_chr17	11,13,15,17,19,23	23	13261930	19018048	559479	31720499	0.017638	0.042187	0.146176	0.128585	False	0.149600
HAP1_chr13	HAP1_chr18	11,13,15,17,19,23	23	13261930	18336962	552257	31046635	0.017788	0.041642	0.145814	0.129077	False	0.149728
HAP1_chr13	HAP1_chr19	11,13,15,17,19,23	23	13261930	10714776	507888	23468818	0.021641	0.047401	0.137453	0.124159	False	0.139265
HAP1_chr13	HAP1_chr20	11,13,15,17,19,23	23	13261930	17829014	534069	30556875	0.017478	0.040271	0.146565	0.130344	False	0.150408
HAP1_chr13	HAP1_chr21	11,13,15,17,19,23	23	13261930	16827317	507551	29581696	0.017158	0.038271	0.147356	0.132268	False	0.151357
HAP1_chr13	HAP1_chr22	11,13,15,17,19,23	23	13261930	17239713	624422	29877221	0.020900	0.047084	0.138937	0.124414	False	0.140890
HAP1_chr13	HAP1_chr23	11,13,15,17,19,23	23	13261930	16363082	534810	29090202	0.018385	0.040327	0.144405	0.130292	False	0.148454
HAP1_chr13	HAP1_chr24	11,13,15,17,19,23	23	13261930	10948765	554044	23656651	0.023420	0.050603	0.134094	0.121665	False	0.134274
HAP1_chr13	HAP1_chr25	11,13,15,17,19,23	23	13261930	15691712	601399	28352243	0.021212	0.045348	0.138306	0.125843	False	0.141037
HAP1_chr13	HAP1_chr26	11,13,15,17,19,23	23	13261930	15725527	528495	28458962	0.018570	0.039851	0.143976	0.130741	False	0.148507
HAP1_chr13	HAP1_chr27	11,13,15,17,19,23	23	13261930	15634495	490304	28406121	0.017261	0.036971	0.147100	0.133571	False	0.149927
HAP1_chr13	HAP1_chr28	11,13,15,17,19,23	23	13261930	15712907	523046	28451791	0.018384	0.039440	0.144407	0.131132	False	0.146611
HAP1_chr13	HAP1_chr29	11,13,15,17,19,23	23	13261930	14732132	464745	27529317	0.016882	0.035044	0.148048	0.135585	False	0.151562
HAP1_chr13	HAP1_chr30	11,13,15,17,19,23	23	13261930	14336542	460052	27138420	0.016952	0.034690	0.147871	0.135967	False	0.150739
HAP1_chr13	HAP1_chr31	11,13,15,17,19,23	23	13261930	9956759	530672	22688017	0.023390	0.053298	0.134149	0.119682	False	0.133752
HAP1_chr13	HAP1_chr32	11,13,15,17,19,23	23	13261930	13614511	436329	26440112	0.016503	0.032901	0.149020	0.137953	False	0.152254
HAP1_chr13	HAP1_chr33	11,13,15,17,19,23	23	13261930	13499049	407618	26353361	0.015467	0.030736	0.151792	0.140501	False	0.155806
HAP1_chr13	HAP1_chr34	11,13,15,17,19,23	23	13261930	13150181	408985	26003126	0.015728	0.031101	0.151076	0.140059	False	0.155382
HAP1_chr13	HAP1_chr35	11,13,15,17,19,23	23	13261930	12136965	417278	24981617	0.016703	0.034381	0.148503	0.136303	False	0.150917
HAP1_chr13	HAP1_chr36	11,13,15,17,19,23	23	13261930	11393762	396584	24259108	0.016348	0.034807	0.149423	0.135840	False	0.152141
HAP1_chr13	HAP1_chr37	11,13,15,17,19,23	23	13261930	10298369	376475	23183824	0.016239	0.036557	0.149710	0.133995	False	0.151877
HAP1_chr13	HAP1_chr38	11,13,15,17,19,23	23	13261930	10094622	377917	22978635	0.016446	0.037437	0.149166	0.133098	False	0.151518
HAP1_chr13	HAP2_chr01	11,13,15,17,19,23	23	13261930	27515200	796514	39980616	0.019923	0.060060	0.140978	0.115098	False	0.144477
HAP1_chr13	HAP2_chr02	11,13,15,17,19,23	23	13261930	25346546	711073	37897403	0.018763	0.053618	0.143535	0.119453	False	0.147016
HAP1_chr13	HAP2_chr03	11,13,15,17,19,23	23	13261930	13022664	593744	25690850	0.023111	0.045593	0.134658	0.125638	False	0.135797
HAP1_chr13	HAP2_chr04	11,13,15,17,19,23	23	13261930	12989051	589461	25661520	0.022971	0.045381	0.134918	0.125815	False	0.135907
HAP1_chr13	HAP2_chr05	11,13,15,17,19,23	23	13261930	11246860	568162	23940628	0.023732	0.050517	0.133532	0.121730	False	0.134525
HAP1_chr13	HAP2_chr06	11,13,15,17,19,23	23	13261930	11933174	2114717	23080387	0.091624	0.177213	0.077591	0.072474	False	0.070787
HAP1_chr13	HAP2_chr07	11,13,15,17,19,23	23	13261930	11716945	602237	24376638	0.024705	0.051399	0.131826	0.121070	False	0.131935
HAP1_chr13	HAP2_chr08	11,13,15,17,19,23	23	13261930	11113854	530067	23845717	0.022229	0.047694	0.136313	0.123924	False	0.138711
HAP1_chr13	HAP2_chr09	11,13,15,17,19,23	23	13261930	12589605	586328	25265207	0.023207	0.046572	0.134483	0.124830	False	0.135653
HAP1_chr13	HAP2_chr10	11,13,15,17,19,23	23	13261930	12335669	588023	25009576	0.023512	0.047669	0.133928	0.123944	False	0.135447
HAP1_chr13	HAP2_chr11	11,13,15,17,19,23	23	13261930	11190208	555176	23896962	0.023232	0.049613	0.134437	0.122420	False	0.135713
HAP1_chr13	HAP2_chr12	11,13,15,17,19,23	23	13261930	12581476	602060	25241346	0.023852	0.047853	0.133318	0.123797	False	0.134742
HAP1_chr13	HAP2_chr13	11,13,15,17,19,23	23	13261930	13261829	10475703	16048056	0.652771	0.789914	0.010254	0.010201	False	0.007930
HAP1_chr13	HAP2_chr14	11,13,15,17,19,23	23	13261930	14830231	562564	27529597	0.020435	0.042419	0.139895	0.128377	False	0.143216
HAP1_chr13	HAP2_chr15	11,13,15,17,19,23	23	13261930	10541427	541285	23262072	0.023269	0.051348	0.134369	0.121107	False	0.134575
HAP1_chr13	HAP2_chr16	11,13,15,17,19,23	23	13261930	11821509	541943	24541496	0.022083	0.045844	0.136594	0.125430	False	0.137801
HAP1_chr13	HAP2_chr17	11,13,15,17,19,23	23	13261930	19099040	540543	31820427	0.016987	0.040759	0.147782	0.129888	False	0.151113
HAP1_chr13	HAP2_chr18	11,13,15,17,19,23	23	13261930	18280303	521352	31020881	0.016806	0.039312	0.148240	0.131255	False	0.151955
HAP1_chr13	HAP2_chr19	11,13,15,17,19,23	23	13261930	10659886	522430	23399386	0.022327	0.049009	0.136126	0.122887	False	0.137795
HAP1_chr13	HAP2_chr20	11,13,15,17,19,23	23	13261930	17893840	534250	30621520	0.017447	0.040284	0.146641	0.130331	False	0.150376
HAP1_chr13	HAP2_chr21	11,13,15,17,19,23	23	13261930	16782998	489194	29555734	0.016552	0.036887	0.148893	0.133656	False	0.152726
HAP1_chr13	HAP2_chr22	11,13,15,17,19,23	23	13261930	17310261	657369	29914822	0.021975	0.049568	0.136802	0.122454	False	0.138962
HAP1_chr13	HAP2_chr23	11,13,15,17,19,23	23	13261930	16374851	519861	29116920	0.017854	0.039199	0.145655	0.131363	False	0.149509
HAP1_chr13	HAP2_chr24	11,13,15,17,19,23	23	13261930	10514192	538992	23237130	0.023195	0.051263	0.134504	0.121170	False	0.134771
HAP1_chr13	HAP2_chr25	11,13,15,17,19,23	23	13261930	15741013	603225	28399718	0.021241	0.045485	0.138248	0.125728	False	0.140887
HAP1_chr13	HAP2_chr26	11,13,15,17,19,23	23	13261930	15907494	519972	28649452	0.018149	0.039208	0.144955	0.131355	False	0.149143
HAP1_chr13	HAP2_chr27	11,13,15,17,19,23	23	13261930	15728078	514878	28475130	0.018082	0.038824	0.145114	0.131727	False	0.148120
HAP1_chr13	HAP2_chr28	11,13,15,17,19,23	23	13261930	15907855	523367	28646418	0.018270	0.039464	0.144672	0.131109	False	0.146463
HAP1_chr13	HAP2_chr29	11,13,15,17,19,23	23	13261930	14792090	483541	27570479	0.017538	0.036461	0.146418	0.134094	False	0.150135
HAP1_chr13	HAP2_chr30	11,13,15,17,19,23	23	13261930	14448376	453193	27257113	0.016627	0.034172	0.148700	0.136531	False	0.151311
HAP1_chr13	HAP2_chr31	11,13,15,17,19,23	23	13261930	10247886	549046	22960770	0.023912	0.053577	0.133211	0.119482	False	0.132971
HAP1_chr13	HAP2_chr32	11,13,15,17,19,23	23	13261930	13681624	447761	26495793	0.016899	0.033763	0.148004	0.136983	False	0.151441
HAP1_chr13	HAP2_chr33	11,13,15,17,19,23	23	13261930	13723868	435095	26550703	0.016387	0.032808	0.149320	0.138060	False	0.153567
HAP1_chr13	HAP2_chr34	11,13,15,17,19,23	23	13261930	13124268	424144	25962054	0.016337	0.032318	0.149451	0.138624	False	0.153950
HAP1_chr13	HAP2_chr35	11,13,15,17,19,23	23	13261930	12183454	453655	24991729	0.018152	0.037235	0.144948	0.133302	False	0.148069
HAP1_chr13	HAP2_chr36	11,13,15,17,19,23	23	13261930	11390521	401193	24251258	0.016543	0.035222	0.148915	0.135395	False	0.151805
HAP1_chr13	HAP2_chr37	11,13,15,17,19,23	23	13261930	10244966	382574	23124322	0.016544	0.037343	0.148912	0.133194	False	0.151042
HAP1_chr13	HAP2_chr38	11,13,15,17,19,23	23	13261930	10059451	361574	22959807	0.015748	0.035944	0.151022	0.134632	False	0.153205
HAP1_chr14	HAP1_chr15	11,13,15,17,19,23	23	14842029	10593813	520167	24915675	0.020877	0.049101	0.138983	0.122816	False	0.141048
HAP1_chr14	HAP1_chr16	11,13,15,17,19,23	23	14842029	12175875	559178	26458726	0.021134	0.045925	0.138463	0.125362	False	0.142529
HAP1_chr14	HAP1_chr17	11,13,15,17,19,23	23	14842029	19018048	553376	33306701	0.016615	0.037284	0.148731	0.133253	False	0.153691
HAP1_chr14	HAP1_chr18	11,13,15,17,19,23	23	14842029	18336962	532029	32646962	0.016296	0.035846	0.149558	0.134734	False	0.154585
HAP1_chr14	HAP1_chr19	11,13,15,17,19,23	23	14842029	10714776	493218	25063587	0.019679	0.046032	0.141503	0.125274	False	0.145361
HAP1_chr14	HAP1_chr20	11,13,15,17,19,23	23	14842029	17829014	526835	32144208	0.016390	0.035496	0.149313	0.135103	False	0.154694
HAP1_chr14	HAP1_chr21	11,13,15,17,19,23	23	14842029	16827317	508006	31161340	0.016302	0.034228	0.149542	0.136470	False	0.155243
HAP1_chr14	HAP1_chr22	11,13,15,17,19,23	23	14842029	17239713	583897	31497845	0.018538	0.039341	0.144051	0.131227	False	0.149285
HAP1_chr14	HAP1_chr23	11,13,15,17,19,23	23	14842029	16363082	534458	30670653	0.017426	0.036010	0.146693	0.134563	False	0.152603
HAP1_chr14	HAP1_chr24	11,13,15,17,19,23	23	14842029	10948765	557540	25233254	0.022095	0.050923	0.136569	0.121425	False	0.138347
HAP1_chr14	HAP1_chr25	11,13,15,17,19,23	23	14842029	15691712	2667979	27865762	0.095744	0.179758	0.075842	0.071899	False	0.070857
HAP1_chr14	HAP1_chr26	11,13,15,17,19,23	23	14842029	15725527	539710	30027846	0.017974	0.036364	0.145370	0.134195	False	0.151583
HAP1_chr14	HAP1_chr27	11,13,15,17,19,23	23	14842029	15634495	516752	29959772	0.017248	0.034817	0.147131	0.135829	False	0.151780
HAP1_chr14	HAP1_chr28	11,13,15,17,19,23	23	14842029	15712907	502797	30052139	0.016731	0.033877	0.148433	0.136857	False	0.153580
HAP1_chr14	HAP1_chr29	11,13,15,17,19,23	23	14842029	14732132	481626	29092535	0.016555	0.032692	0.148884	0.138192	False	0.154036
HAP1_chr14	HAP1_chr30	11,13,15,17,19,23	23	14842029	14336542	458097	28720474	0.015950	0.031953	0.150477	0.139048	False	0.155035
HAP1_chr14	HAP1_chr31	11,13,15,17,19,23	23	14842029	9956759	483390	24315398	0.019880	0.048549	0.141069	0.123247	False	0.142208
HAP1_chr14	HAP1_chr32	11,13,15,17,19,23	23	14842029	13614511	452149	28004391	0.016146	0.033211	0.149955	0.137602	False	0.154788
HAP1_chr14	HAP1_chr33	11,13,15,17,19,23	23	14842029	13499049	424111	27916967	0.015192	0.031418	0.152562	0.139680	False	0.158402
HAP1_chr14	HAP1_chr34	11,13,15,17,19,23	23	14842029	13150181	420743	27571467	0.015260	0.031995	0.152370	0.138999	False	0.158237
HAP1_chr14	HAP1_chr35	11,13,15,17,19,23	23	14842029	12136965	433343	26545651	0.016324	0.035704	0.149484	0.134883	False	0.153942
HAP1_chr14	HAP1_chr36	11,13,15,17,19,23	23	14842029	11393762	393744	25842047	0.015237	0.034558	0.152436	0.136110	False	0.157106
HAP1_chr14	HAP1_chr37	11,13,15,17,19,23	23	14842029	10298369	428283	24712115	0.017331	0.041587	0.146926	0.129127	False	0.149178
HAP1_chr14	HAP1_chr38	11,13,15,17,19,23	23	14842029	10094622	422323	24514328	0.017228	0.041836	0.147182	0.128901	False	0.149439
HAP1_chr14	HAP2_chr01	11,13,15,17,19,23	23	14842029	27515200	779841	41577388	0.018756	0.052543	0.143550	0.120228	False	0.148857
HAP1_chr14	HAP2_chr02	11,13,15,17,19,23	23	14842029	25346546	706961	39481614	0.017906	0.047632	0.145531	0.123973	False	0.150723
HAP1_chr14	HAP2_chr03	11,13,15,17,19,23	23	14842029	13022664	589474	27275219	0.021612	0.045265	0.137510	0.125912	False	0.139794
HAP1_chr14	HAP2_chr04	11,13,15,17,19,23	23	14842029	12989051	548529	27282551	0.020105	0.042230	0.140588	0.128546	False	0.143759
HAP1_chr14	HAP2_chr05	11,13,15,17,19,23	23	14842029	11246860	532320	25556569	0.020829	0.047331	0.139081	0.124215	False	0.141646
HAP1_chr14	HAP2_chr06	11,13,15,17,19,23	23	14842029	11933174	565024	26210179	0.021557	0.047349	0.137618	0.124200	False	0.141612
HAP1_chr14	HAP2_chr07	11,13,15,17,19,23	23	14842029	11716945	549346	26009628	0.021121	0.046885	0.138489	0.124575	False	0.140001
HAP1_chr14	HAP2_chr08	11,13,15,17,19,23	23	14842029	11113854	533448	25422435	0.020983	0.047998	0.138767	0.123681	False	0.142818
HAP1_chr14	HAP2_chr09	11,13,15,17,19,23	23	14842029	12589605	595844	26835790	0.022203	0.047328	0.136362	0.124217	False	0.138509
HAP1_chr14	HAP2_chr10	11,13,15,17,19,23	23	14842029	12335669	570716	26606982	0.021450	0.046266	0.137831	0.125081	False	0.141789
HAP1_chr14	HAP2_chr11	11,13,15,17,19,23	23	14842029	11190208	526804	25505433	0.020655	0.047077	0.139440	0.124419	False	0.142288
HAP1_chr14	HAP2_chr12	11,13,15,17,19,23	23	14842029	12581476	521480	26902025	0.019384	0.041448	0.142145	0.129254	False	0.145326
HAP1_chr14	HAP2_chr13	11,13,15,17,19,23	23	14842029	13261829	553946	27549912	0.020107	0.041770	0.140585	0.128961	False	0.143903
HAP1_chr14	HAP2_chr14	11,13,15,17,19,23	23	14842029	14830231	12200093	17472167	0.698259	0.822650	0.008505	0.008452	False	0.006704
HAP1_chr14	HAP2_chr15	11,13,15,17,19,23	23	14842029	10541427	527458	24855998	0.021221	0.050037	0.138289	0.122095	False	0.140332
HAP1_chr14	HAP2_chr16	11,13,15,17,19,23	23	14842029	11821509	522906	26140632	0.020004	0.044233	0.140804	0.126788	False	0.144166
HAP1_chr14	HAP2_chr17	11,13,15,17,19,23	23	14842029	19099040	557778	33383291	0.016708	0.037581	0.148490	0.132954	False	0.153508
HAP1_chr14	HAP2_chr18	11,13,15,17,19,23	23	14842029	18280303	510857	32611475	0.015665	0.034420	0.151249	0.136260	False	0.155956
HAP1_chr14	HAP2_chr19	11,13,15,17,19,23	23	14842029	10659886	465738	25036177	0.018603	0.043691	0.143902	0.127257	False	0.146920
HAP1_chr14	HAP2_chr20	11,13,15,17,19,23	23	14842029	17893840	550628	32185241	0.017108	0.037099	0.147479	0.133440	False	0.153257
HAP1_chr14	HAP2_chr21	11,13,15,17,19,23	23	14842029	16782998	490574	31134453	0.015757	0.033053	0.150999	0.137780	False	0.156498
HAP1_chr14	HAP2_chr22	11,13,15,17,19,23	23	14842029	17310261	601585	31550705	0.019067	0.040533	0.142849	0.130099	False	0.148140
HAP1_chr14	HAP2_chr23	11,13,15,17,19,23	23	14842029	16374851	546919	30669961	0.017832	0.036849	0.145707	0.133695	False	0.151668
HAP1_chr14	HAP2_chr24	11,13,15,17,19,23	23	14842029	10514192	496230	24859991	0.019961	0.047196	0.140895	0.124323	False	0.142335
HAP1_chr14	HAP2_chr25	11,13,15,17,19,23	23	14842029	15741013	2670866	27912176	0.095688	0.179953	0.075865	0.071855	False	0.070888
HAP1_chr14	HAP2_chr26	11,13,15,17,19,23	23	14842029	15907494	553920	30195603	0.018344	0.037321	0.144498	0.133216	False	0.150712
HAP1_chr14	HAP2_chr27	11,13,15,17,19,23	23	14842029	15728078	528096	30042011	0.017579	0.035581	0.146320	0.135013	False	0.151189
HAP1_chr14	HAP2_chr28	11,13,15,17,19,23	23	14842029	15907855	504945	30244939	0.016695	0.034021	0.148524	0.136697	False	0.153538
HAP1_chr14	HAP2_chr29	11,13,15,17,19,23	23	14842029	14792090	478094	29156025	0.016398	0.032321	0.149292	0.138620	False	0.154365
HAP1_chr14	HAP2_chr30	11,13,15,17,19,23	23	14842029	14448376	465004	28825401	0.016132	0.032184	0.149992	0.138779	False	0.154570
HAP1_chr14	HAP2_chr31	11,13,15,17,19,23	23	14842029	10247886	506663	24583252	0.020610	0.049441	0.139532	0.122553	False	0.140843
HAP1_chr14	HAP2_chr32	11,13,15,17,19,23	23	14842029	13681624	466105	28057548	0.016612	0.034068	0.148736	0.136646	False	0.154003
HAP1_chr14	HAP2_chr33	11,13,15,17,19,23	23	14842029	13723868	440396	28125501	0.015658	0.032090	0.151267	0.138888	False	0.157301
HAP1_chr14	HAP2_chr34	11,13,15,17,19,23	23	14842029	13124268	437101	27529196	0.015878	0.033305	0.150671	0.137496	False	0.156725
HAP1_chr14	HAP2_chr35	11,13,15,17,19,23	23	14842029	12183454	436928	26588555	0.016433	0.035862	0.149201	0.134717	False	0.153687
HAP1_chr14	HAP2_chr36	11,13,15,17,19,23	23	14842029	11390521	380766	25851784	0.014729	0.033428	0.153888	0.137357	False	0.158429
HAP1_chr14	HAP2_chr37	11,13,15,17,19,23	23	14842029	10244966	407113	24679882	0.016496	0.039738	0.149038	0.130848	False	0.150994
HAP1_chr14	HAP2_chr38	11,13,15,17,19,23	23	14842029	10059451	415163	24486317	0.016955	0.041271	0.147864	0.129416	False	0.150066
HAP1_chr15	HAP1_chr16	11,13,15,17,19,23	23	10593813	12175875	584407	22185281	0.026342	0.055165	0.129106	0.118363	False	0.128076
HAP1_chr15	HAP1_chr17	11,13,15,17,19,23	23	10593813	19018048	438532	29173329	0.015032	0.041395	0.153015	0.129302	False	0.154199
HAP1_chr15	HAP1_chr18	11,13,15,17,19,23	23	10593813	18336962	475493	28455282	0.016710	0.044884	0.148485	0.126234	False	0.150537
HAP1_chr15	HAP1_chr19	11,13,15,17,19,23	23	10593813	10714776	457472	20851117	0.021940	0.043183	0.136870	0.127700	False	0.137299
HAP1_chr15	HAP1_chr20	11,13,15,17,19,23	23	10593813	17829014	437648	27985179	0.015639	0.041312	0.151321	0.129379	False	0.153032
HAP1_chr15	HAP1_chr21	11,13,15,17,19,23	23	10593813	16827317	407457	27013673	0.015083	0.038462	0.152869	0.132080	False	0.154617
HAP1_chr15	HAP1_chr22	11,13,15,17,19,23	23	10593813	17239713	506954	27326572	0.018552	0.047854	0.144019	0.123796	False	0.145617
HAP1_chr15	HAP1_chr23	11,13,15,17,19,23	23	10593813	16363082	420453	26536442	0.015844	0.039689	0.150762	0.130895	False	0.152528
HAP1_chr15	HAP1_chr24	11,13,15,17,19,23	23	10593813	10948765	524982	21017596	0.024978	0.049556	0.131360	0.122464	False	0.131105
HAP1_chr15	HAP1_chr25	11,13,15,17,19,23	23	10593813	15691712	532237	25753288	0.020667	0.050240	0.139415	0.121940	False	0.140239
HAP1_chr15	HAP1_chr26	11,13,15,17,19,23	23	10593813	15725527	432732	25886608	0.016716	0.040848	0.148469	0.129806	False	0.150583
HAP1_chr15	HAP1_chr27	11,13,15,17,19,23	23	10593813	15634495	415691	25812617	0.016104	0.039239	0.150065	0.131325	False	0.151021
HAP1_chr15	HAP1_chr28	11,13,15,17,19,23	23	10593813	15712907	425936	25880784	0.016458	0.040206	0.149137	0.130405	False	0.150780
HAP1_chr15	HAP1_chr29	11,13,15,17,19,23	23	10593813	14732132	417242	24908703	0.016751	0.039385	0.148381	0.131184	False	0.150101
HAP1_chr15	HAP1_chr30	11,13,15,17,19,23	23	10593813	14336542	389963	24540392	0.015891	0.036810	0.150637	0.133735	False	0.151590
HAP1_chr15	HAP1_chr31	11,13,15,17,19,23	23	10593813	9956759	1606132	18944440	0.084781	0.161311	0.080692	0.076258	False	0.071950
HAP1_chr15	HAP1_chr32	11,13,15,17,19,23	23	10593813	13614511	384939	23823385	0.016158	0.036336	0.149923	0.134223	False	0.151248
HAP1_chr15	HAP1_chr33	11,13,15,17,19,23	23	10593813	13499049	337088	23755774	0.014190	0.031819	0.155486	0.139205	False	0.157492
HAP1_chr15	HAP1_chr34	11,13,15,17,19,23	23	10593813	13150181	355308	23388686	0.015191	0.033539	0.152563	0.137233	False	0.154953
HAP1_chr15	HAP1_chr35	11,13,15,17,19,23	23	10593813	12136965	333319	22397459	0.014882	0.031464	0.153445	0.139626	False	0.153810
HAP1_chr15	HAP1_chr36	11,13,15,17,19,23	23	10593813	11393762	313041	21674534	0.014443	0.029549	0.154728	0.141971	False	0.155710
HAP1_chr15	HAP1_chr37	11,13,15,17,19,23	23	10593813	10298369	307458	20584724	0.014936	0.029855	0.153289	0.141587	False	0.153585
HAP1_chr15	HAP1_chr38	11,13,15,17,19,23	23	10593813	10094622	308290	20380145	0.015127	0.030540	0.152745	0.140740	False	0.153159
HAP1_chr15	HAP2_chr01	11,13,15,17,19,23	23	10593813	27515200	700127	37408886	0.018716	0.066088	0.143643	0.111411	False	0.145360
HAP1_chr15	HAP2_chr02	11,13,15,17,19,23	23	10593813	25346546	625650	35314709	0.017716	0.059058	0.145986	0.115745	False	0.147514
HAP1_chr15	HAP2_chr03	11,13,15,17,19,23	23	10593813	13022664	529138	23087339	0.022919	0.049948	0.135013	0.122163	False	0.135151
HAP1_chr15	HAP2_chr04	11,13,15,17,19,23	23	10593813	12989051	586404	22996460	0.025500	0.055353	0.130483	0.118232	False	0.128993
HAP1_chr15	HAP2_chr05	11,13,15,17,19,23	23	10593813	11246860	494449	21346224	0.023163	0.046673	0.134563	0.124747	False	0.133782
HAP1_chr15	HAP2_chr06	11,13,15,17,19,23	23	10593813	11933174	555368	21971619	0.025277	0.052424	0.130856	0.120315	False	0.131670
HAP1_chr15	HAP2_chr07	11,13,15,17,19,23	23	10593813	11716945	532339	21778419	0.024443	0.050250	0.132278	0.121933	False	0.131532
HAP1_chr15	HAP2_chr08	11,13,15,17,19,23	23	10593813	11113854	519962	21187705	0.024541	0.049082	0.132109	0.122831	False	0.133745
HAP1_chr15	HAP2_chr09	11,13,15,17,19,23	23	10593813	12589605	560089	22623329	0.024757	0.052869	0.131737	0.119991	False	0.131441
HAP1_chr15	HAP2_chr10	11,13,15,17,19,23	23	10593813	12335669	588635	22340847	0.026348	0.055564	0.129097	0.118087	False	0.130266
HAP1_chr15	HAP2_chr11	11,13,15,17,19,23	23	10593813	11190208	525961	21258060	0.024742	0.049648	0.131763	0.122393	False	0.131879
HAP1_chr15	HAP2_chr12	11,13,15,17,19,23	23	10593813	12581476	537193	22638096	0.023730	0.050708	0.133536	0.121586	False	0.133175
HAP1_chr15	HAP2_chr13	11,13,15,17,19,23	23	10593813	13261829	545705	23309937	0.023411	0.051512	0.134111	0.120986	False	0.134070
HAP1_chr15	HAP2_chr14	11,13,15,17,19,23	23	10593813	14830231	510378	24913666	0.020486	0.048177	0.139789	0.123540	False	0.141802
HAP1_chr15	HAP2_chr15	11,13,15,17,19,23	23	10593813	10541427	7916332	13218908	0.598864	0.750973	0.012559	0.012374	False	0.009194
HAP1_chr15	HAP2_chr16	11,13,15,17,19,23	23	10593813	11821509	522609	21892713	0.023871	0.049332	0.133283	0.122637	False	0.131395
HAP1_chr15	HAP2_chr17	11,13,15,17,19,23	23	10593813	19099040	469022	29223831	0.016049	0.044273	0.150212	0.126754	False	0.151901
HAP1_chr15	HAP2_chr18	11,13,15,17,19,23	23	10593813	18280303	458141	28415975	0.016123	0.043246	0.150016	0.127645	False	0.151804
HAP1_chr15	HAP2_chr19	11,13,15,17,19,23	23	10593813	10659886	439633	20814066	0.021122	0.041499	0.138487	0.129207	False	0.138149
HAP1_chr15	HAP2_chr20	11,13,15,17,19,23	23	10593813	17893840	415775	28071878	0.014811	0.039247	0.153649	0.131317	False	0.155024
HAP1_chr15	HAP2_chr21	11,13,15,17,19,23	23	10593813	16782998	400397	26976414	0.014842	0.037795	0.153559	0.132740	False	0.154908
HAP1_chr15	HAP2_chr22	11,13,15,17,19,23	23	10593813	17310261	547764	27356310	0.020023	0.051706	0.140762	0.120842	False	0.142693
HAP1_chr15	HAP2_chr23	11,13,15,17,19,23	23	10593813	16374851	425968	26542696	0.016048	0.040209	0.150214	0.130402	False	0.151952
HAP1_chr15	HAP2_chr24	11,13,15,17,19,23	23	10593813	10514192	476822	20631183	0.023112	0.045350	0.134657	0.125841	False	0.133955
HAP1_chr15	HAP2_chr25	11,13,15,17,19,23	23	10593813	15741013	540657	25794169	0.020960	0.051035	0.138814	0.121341	False	0.139703
HAP1_chr15	HAP2_chr26	11,13,15,17,19,23	23	10593813	15907494	441383	26059924	0.016937	0.041664	0.147908	0.129057	False	0.149963
HAP1_chr15	HAP2_chr27	11,13,15,17,19,23	23	10593813	15728078	445791	25876100	0.017228	0.042080	0.147181	0.128681	False	0.148380
HAP1_chr15	HAP2_chr28	11,13,15,17,19,23	23	10593813	15907855	436088	26065580	0.016730	0.041164	0.148434	0.129514	False	0.149671
HAP1_chr15	HAP2_chr29	11,13,15,17,19,23	23	10593813	14792090	423331	24962572	0.016959	0.039960	0.147854	0.130637	False	0.149649
HAP1_chr15	HAP2_chr30	11,13,15,17,19,23	23	10593813	14448376	406533	24635656	0.016502	0.038375	0.149022	0.132166	False	0.150117
HAP1_chr15	HAP2_chr31	11,13,15,17,19,23	23	10593813	10247886	1627875	19213824	0.084724	0.158850	0.080719	0.076875	False	0.072090
HAP1_chr15	HAP2_chr32	11,13,15,17,19,23	23	10593813	13681624	382975	23892462	0.016029	0.036151	0.150265	0.134415	False	0.151689
HAP1_chr15	HAP2_chr33	11,13,15,17,19,23	23	10593813	13723868	342695	23974986	0.014294	0.032349	0.155173	0.138588	False	0.157027
HAP1_chr15	HAP2_chr34	11,13,15,17,19,23	23	10593813	13124268	352560	23365521	0.015089	0.033280	0.152853	0.137524	False	0.154972
HAP1_chr15	HAP2_chr35	11,13,15,17,19,23	23	10593813	12183454	365490	22411777	0.016308	0.034500	0.149527	0.136172	False	0.150609
HAP1_chr15	HAP2_chr36	11,13,15,17,19,23	23	10593813	11390521	304967	21679367	0.014067	0.028787	0.155858	0.142945	False	0.156638
HAP1_chr15	HAP2_chr37	11,13,15,17,19,23	23	10593813	10244966	311908	20526871	0.015195	0.030445	0.152553	0.140856	False	0.152845
HAP1_chr15	HAP2_chr38	11,13,15,17,19,23	23	10593813	10059451	294484	20358780	0.014465	0.029274	0.154663	0.142319	False	0.154889
HAP1_chr16	HAP1_chr17	11,13,15,17,19,23	23	12175875	19018048	487023	30706900	0.015860	0.039999	0.150718	0.130600	False	0.154202
HAP1_chr16	HAP1_chr18	11,13,15,17,19,23	23	12175875	18336962	485671	30027166	0.016174	0.039888	0.149879	0.130705	False	0.153535
HAP1_chr16	HAP1_chr19	11,13,15,17,19,23	23	12175875	10714776	497939	22392712	0.022237	0.046472	0.136298	0.124912	False	0.138830
HAP1_chr16	HAP1_chr20	11,13,15,17,19,23	23	12175875	17829014	484005	29520884	0.016395	0.039751	0.149299	0.130835	False	0.152905
HAP1_chr16	HAP1_chr21	11,13,15,17,19,23	23	12175875	16827317	458589	28544603	0.016066	0.037664	0.150168	0.132871	False	0.154248
HAP1_chr16	HAP1_chr22	11,13,15,17,19,23	23	12175875	17239713	569441	28846147	0.019741	0.046768	0.141369	0.124670	False	0.144329
HAP1_chr16	HAP1_chr23	11,13,15,17,19,23	23	12175875	16363082	498500	28040457	0.017778	0.040942	0.145838	0.129719	False	0.150158
HAP1_chr16	HAP1_chr24	11,13,15,17,19,23	23	12175875	10948765	509230	22615410	0.022517	0.046510	0.135766	0.124881	False	0.136766
HAP1_chr16	HAP1_chr25	11,13,15,17,19,23	23	12175875	15691712	547728	27319859	0.020049	0.044985	0.140708	0.126149	False	0.143461
HAP1_chr16	HAP1_chr26	11,13,15,17,19,23	23	12175875	15725527	485563	27415839	0.017711	0.039879	0.145999	0.130714	False	0.150498
HAP1_chr16	HAP1_chr27	11,13,15,17,19,23	23	12175875	15634495	475277	27335093	0.017387	0.039034	0.146788	0.131523	False	0.150064
HAP1_chr16	HAP1_chr28	11,13,15,17,19,23	23	12175875	15712907	480490	27408292	0.017531	0.039462	0.146436	0.131111	False	0.149333
HAP1_chr16	HAP1_chr29	11,13,15,17,19,23	23	12175875	14732132	451243	26456764	0.017056	0.037060	0.147610	0.133480	False	0.151283
HAP1_chr16	HAP1_chr30	11,13,15,17,19,23	23	12175875	14336542	430016	26082401	0.016487	0.035317	0.149061	0.135293	False	0.152019
HAP1_chr16	HAP1_chr31	11,13,15,17,19,23	23	12175875	9956759	507659	21624975	0.023476	0.050986	0.133994	0.121377	False	0.132691
HAP1_chr16	HAP1_chr32	11,13,15,17,19,23	23	12175875	13614511	432541	25357845	0.017057	0.035524	0.147606	0.135073	False	0.151195
HAP1_chr16	HAP1_chr33	11,13,15,17,19,23	23	12175875	13499049	378227	25296697	0.014952	0.031064	0.153245	0.140104	False	0.157349
HAP1_chr16	HAP1_chr34	11,13,15,17,19,23	23	12175875	13150181	374301	24951755	0.015001	0.030741	0.153104	0.140494	False	0.157236
HAP1_chr16	HAP1_chr35	11,13,15,17,19,23	23	12175875	12136965	355344	23957496	0.014832	0.029278	0.153588	0.142315	False	0.155633
HAP1_chr16	HAP1_chr36	11,13,15,17,19,23	23	12175875	11393762	338128	23231509	0.014555	0.029677	0.154398	0.141810	False	0.157202
HAP1_chr16	HAP1_chr37	11,13,15,17,19,23	23	12175875	10298369	347108	22127136	0.015687	0.033705	0.151189	0.137048	False	0.153421
HAP1_chr16	HAP1_chr38	11,13,15,17,19,23	23	12175875	10094622	348781	21921716	0.015910	0.034551	0.150584	0.136117	False	0.152972
HAP1_chr16	HAP2_chr01	11,13,15,17,19,23	23	12175875	27515200	723650	38967425	0.018571	0.059433	0.143975	0.115502	False	0.147710
HAP1_chr16	HAP2_chr02	11,13,15,17,19,23	23	12175875	25346546	671188	36851233	0.018213	0.055124	0.144804	0.118391	False	0.148542
HAP1_chr16	HAP2_chr03	11,13,15,17,19,23	23	12175875	13022664	556961	24641578	0.022602	0.045743	0.135604	0.125513	False	0.137542
HAP1_chr16	HAP2_chr04	11,13,15,17,19,23	23	12175875	12989051	2146324	23018602	0.093243	0.176277	0.076893	0.072688	False	0.069886
HAP1_chr16	HAP2_chr05	11,13,15,17,19,23	23	12175875	11246860	525367	22897368	0.022944	0.046712	0.134966	0.124716	False	0.136186
HAP1_chr16	HAP2_chr06	11,13,15,17,19,23	23	12175875	11933174	584592	23524457	0.024850	0.048989	0.131577	0.122903	False	0.134564
HAP1_chr16	HAP2_chr07	11,13,15,17,19,23	23	12175875	11716945	511962	23380858	0.021897	0.043694	0.136954	0.127254	False	0.137944
HAP1_chr16	HAP2_chr08	11,13,15,17,19,23	23	12175875	11113854	523202	22766527	0.022981	0.047077	0.134898	0.124420	False	0.138037
HAP1_chr16	HAP2_chr09	11,13,15,17,19,23	23	12175875	12589605	528992	24236488	0.021826	0.043446	0.137091	0.127470	False	0.138487
HAP1_chr16	HAP2_chr10	11,13,15,17,19,23	23	12175875	12335669	574509	23937035	0.024001	0.047184	0.133054	0.124333	False	0.135480
HAP1_chr16	HAP2_chr11	11,13,15,17,19,23	23	12175875	11190208	540704	22825379	0.023689	0.048319	0.133610	0.123427	False	0.135575
HAP1_chr16	HAP2_chr12	11,13,15,17,19,23	23	12175875	12581476	559160	24198191	0.023108	0.045924	0.134665	0.125363	False	0.136254
HAP1_chr16	HAP2_chr13	11,13,15,17,19,23	23	12175875	13261829	557830	24879874	0.022421	0.045814	0.135947	0.125454	False	0.137662
HAP1_chr16	HAP2_chr14	11,13,15,17,19,23	23	12175875	14830231	561489	26444617	0.021233	0.046115	0.138264	0.125205	False	0.142336
HAP1_chr16	HAP2_chr15	11,13,15,17,19,23	23	12175875	10541427	569949	22147353	0.025734	0.054068	0.130095	0.119133	False	0.128912
HAP1_chr16	HAP2_chr16	11,13,15,17,19,23	23	12175875	11821509	9516886	14480498	0.657221	0.805048	0.010075	0.009384	False	0.007563
HAP1_chr16	HAP2_chr17	11,13,15,17,19,23	23	12175875	19099040	475568	30799347	0.015441	0.039058	0.151866	0.131499	False	0.155200
HAP1_chr16	HAP2_chr18	11,13,15,17,19,23	23	12175875	18280303	475513	29980665	0.015861	0.039054	0.150718	0.131504	False	0.154312
HAP1_chr16	HAP2_chr19	11,13,15,17,19,23	23	12175875	10659886	464532	22371229	0.020765	0.043578	0.139213	0.127355	False	0.140785
HAP1_chr16	HAP2_chr20	11,13,15,17,19,23	23	12175875	17893840	470791	29598924	0.015906	0.038666	0.150596	0.131881	False	0.153939
HAP1_chr16	HAP2_chr21	11,13,15,17,19,23	23	12175875	16782998	439033	28519840	0.015394	0.036058	0.151996	0.134513	False	0.155851
HAP1_chr16	HAP2_chr22	11,13,15,17,19,23	23	12175875	17310261	582194	28903942	0.020142	0.047815	0.140510	0.123827	False	0.143378
HAP1_chr16	HAP2_chr23	11,13,15,17,19,23	23	12175875	16374851	487305	28063421	0.017364	0.040022	0.146843	0.130578	False	0.150885
HAP1_chr16	HAP2_chr24	11,13,15,17,19,23	23	12175875	10514192	477587	22212480	0.021501	0.045423	0.137730	0.125780	False	0.138610
HAP1_chr16	HAP2_chr25	11,13,15,17,19,23	23	12175875	15741013	548780	27368108	0.020052	0.045071	0.140702	0.126076	False	0.143519
HAP1_chr16	HAP2_chr26	11,13,15,17,19,23	23	12175875	15907494	489072	27594297	0.017724	0.040167	0.145969	0.130441	False	0.150404
HAP1_chr16	HAP2_chr27	11,13,15,17,19,23	23	12175875	15728078	461118	27442835	0.016803	0.037871	0.148249	0.132664	False	0.151126
HAP1_chr16	HAP2_chr28	11,13,15,17,19,23	23	12175875	15907855	476068	27607662	0.017244	0.039099	0.147141	0.131460	False	0.149738
HAP1_chr16	HAP2_chr29	11,13,15,17,19,23	23	12175875	14792090	463687	26504278	0.017495	0.038082	0.146524	0.132454	False	0.150286
HAP1_chr16	HAP2_chr30	11,13,15,17,19,23	23	12175875	14448376	437402	26186849	0.016703	0.035924	0.148503	0.134653	False	0.151413
HAP1_chr16	HAP2_chr31	11,13,15,17,19,23	23	12175875	10247886	529690	21894071	0.024193	0.051688	0.132715	0.120855	False	0.131587
HAP1_chr16	HAP2_chr32	11,13,15,17,19,23	23	12175875	13681624	434541	25422958	0.017092	0.035689	0.147518	0.134900	False	0.151218
HAP1_chr16	HAP2_chr33	11,13,15,17,19,23	23	12175875	13723868	399675	25500068	0.015673	0.032825	0.151226	0.138040	False	0.155732
HAP1_chr16	HAP2_chr34	11,13,15,17,19,23	23	12175875	13124268	384876	24915267	0.015447	0.031610	0.151848	0.139453	False	0.156180
HAP1_chr16	HAP2_chr35	11,13,15,17,19,23	23	12175875	12183454	389711	23969618	0.016259	0.032007	0.149657	0.138985	False	0.152526
HAP1_chr16	HAP2_chr36	11,13,15,17,19,23	23	12175875	11390521	341153	23225243	0.014689	0.029951	0.154004	0.141467	False	0.156864
HAP1_chr16	HAP2_chr37	11,13,15,17,19,23	23	12175875	10244966	352472	22068369	0.015972	0.034404	0.150419	0.136277	False	0.152820
HAP1_chr16	HAP2_chr38	11,13,15,17,19,23	23	12175875	10059451	323814	21911512	0.014778	0.032190	0.153744	0.138772	False	0.155852
HAP1_chr17	HAP1_chr18	11,13,15,17,19,23	23	19018048	18336962	3513136	33841874	0.103810	0.191588	0.072644	0.069324	False	0.068763
HAP1_chr17	HAP1_chr19	11,13,15,17,19,23	23	19018048	10714776	493998	29238826	0.016895	0.046104	0.148014	0.125214	False	0.148769
HAP1_chr17	HAP1_chr20	11,13,15,17,19,23	23	19018048	17829014	577236	36269826	0.015915	0.032376	0.150571	0.138556	False	0.156493
HAP1_chr17	HAP1_chr21	11,13,15,17,19,23	23	19018048	16827317	523386	35321979	0.014818	0.031103	0.153631	0.140057	False	0.159967
HAP1_chr17	HAP1_chr22	11,13,15,17,19,23	23	19018048	17239713	587732	35670029	0.016477	0.034092	0.149087	0.136620	False	0.154603
HAP1_chr17	HAP1_chr23	11,13,15,17,19,23	23	19018048	16363082	572954	34808176	0.016460	0.035015	0.149130	0.135616	False	0.155793
HAP1_chr17	HAP1_chr24	11,13,15,17,19,23	23	19018048	10948765	467172	29499641	0.015837	0.042669	0.150783	0.128154	False	0.153218
HAP1_chr17	HAP1_chr25	11,13,15,17,19,23	23	19018048	15691712	594623	34115137	0.017430	0.037894	0.146683	0.132641	False	0.151188
HAP1_chr17	HAP1_chr26	11,13,15,17,19,23	23	19018048	15725527	548461	34195114	0.016039	0.034877	0.150239	0.135764	False	0.157106
HAP1_chr17	HAP1_chr27	11,13,15,17,19,23	23	19018048	15634495	537054	34115489	0.015742	0.034351	0.151038	0.136336	False	0.156430
HAP1_chr17	HAP1_chr28	11,13,15,17,19,23	23	19018048	15712907	533066	34197889	0.015588	0.033925	0.151461	0.136803	False	0.157285
HAP1_chr17	HAP1_chr29	11,13,15,17,19,23	23	19018048	14732132	500878	33249302	0.015064	0.033999	0.152923	0.136722	False	0.158603
HAP1_chr17	HAP1_chr30	11,13,15,17,19,23	23	19018048	14336542	464888	32889702	0.014135	0.032427	0.155652	0.138497	False	0.160303
HAP1_chr17	HAP1_chr31	11,13,15,17,19,23	23	19018048	9956759	467691	28507116	0.016406	0.046972	0.149271	0.124504	False	0.150195
HAP1_chr17	HAP1_chr32	11,13,15,17,19,23	23	19018048	13614511	445800	32186759	0.013850	0.032744	0.156524	0.138132	False	0.161818
HAP1_chr17	HAP1_chr33	11,13,15,17,19,23	23	19018048	13499049	435710	32081387	0.013581	0.032277	0.157365	0.138671	False	0.163645
HAP1_chr17	HAP1_chr34	11,13,15,17,19,23	23	19018048	13150181	433275	31734954	0.013653	0.032948	0.157140	0.137899	False	0.163798
HAP1_chr17	HAP1_chr35	11,13,15,17,19,23	23	19018048	12136965	458254	30696759	0.014928	0.037757	0.153311	0.132778	False	0.158278
HAP1_chr17	HAP1_chr36	11,13,15,17,19,23	23	19018048	11393762	403883	30007927	0.013459	0.035448	0.157753	0.135154	False	0.162729
HAP1_chr17	HAP1_chr37	11,13,15,17,19,23	23	19018048	10298369	383366	28933051	0.013250	0.037226	0.158425	0.133312	False	0.162515
HAP1_chr17	HAP1_chr38	11,13,15,17,19,23	23	19018048	10094622	404485	28708185	0.014090	0.040069	0.155790	0.130534	False	0.160504
HAP1_chr17	HAP2_chr01	11,13,15,17,19,23	23	19018048	27515200	851050	45682198	0.018630	0.044750	0.143839	0.126348	False	0.148009
HAP1_chr17	HAP2_chr02	11,13,15,17,19,23	23	19018048	25346546	768357	43596237	0.017624	0.040401	0.146208	0.130222	False	0.150486
HAP1_chr17	HAP2_chr03	11,13,15,17,19,23	23	19018048	13022664	536968	31503744	0.017045	0.041233	0.147638	0.129451	False	0.150301
HAP1_chr17	HAP2_chr04	11,13,15,17,19,23	23	19018048	12989051	524464	31482635	0.016659	0.040377	0.148617	0.130244	False	0.151673
HAP1_chr17	HAP2_chr05	11,13,15,17,19,23	23	19018048	11246860	476228	29788680	0.015987	0.042343	0.150378	0.128445	False	0.152517
HAP1_chr17	HAP2_chr06	11,13,15,17,19,23	23	19018048	11933174	523634	30427588	0.017209	0.043881	0.147227	0.127092	False	0.151043
HAP1_chr17	HAP2_chr07	11,13,15,17,19,23	23	19018048	11716945	526348	30208645	0.017424	0.044922	0.146698	0.126202	False	0.149147
HAP1_chr17	HAP2_chr08	11,13,15,17,19,23	23	19018048	11113854	491673	29640229	0.016588	0.044240	0.148799	0.126783	False	0.152431
HAP1_chr17	HAP2_chr09	11,13,15,17,19,23	23	19018048	12589605	510341	31097312	0.016411	0.040537	0.149258	0.130095	False	0.152321
HAP1_chr17	HAP2_chr10	11,13,15,17,19,23	23	19018048	12335669	591872	30761845	0.019240	0.047981	0.142463	0.123696	False	0.143848
HAP1_chr17	HAP2_chr11	11,13,15,17,19,23	23	19018048	11190208	467910	29740346	0.015733	0.041814	0.151063	0.128921	False	0.153821
HAP1_chr17	HAP2_chr12	11,13,15,17,19,23	23	19018048	12581476	518019	31081505	0.016666	0.041173	0.148597	0.129506	False	0.151768
HAP1_chr17	HAP2_chr13	11,13,15,17,19,23	23	19018048	13261829	545004	31734873	0.017174	0.041096	0.147316	0.129577	False	0.150521
HAP1_chr17	HAP2_chr14	11,13,15,17,19,23	23	19018048	14830231	562837	33285442	0.016909	0.037952	0.147979	0.132584	False	0.152914
HAP1_chr17	HAP2_chr15	11,13,15,17,19,23	23	19018048	10541427	460587	29098888	0.015828	0.043693	0.150805	0.127255	False	0.152155
HAP1_chr17	HAP2_chr16	11,13,15,17,19,23	23	19018048	11821509	477789	30361768	0.015737	0.040417	0.151054	0.130207	False	0.154507
HAP1_chr17	HAP2_chr17	11,13,15,17,19,23	23	19018048	19099040	15977514	22139574	0.721672	0.840124	0.007667	0.007546	False	0.006337
HAP1_chr17	HAP2_chr18	11,13,15,17,19,23	23	19018048	18280303	3493388	33804963	0.103340	0.191101	0.072823	0.069427	False	0.068920
HAP1_chr17	HAP2_chr19	11,13,15,17,19,23	23	19018048	10659886	529963	29147971	0.018182	0.049716	0.144878	0.122341	False	0.145887
HAP1_chr17	HAP2_chr20	11,13,15,17,19,23	23	19018048	17893840	580988	36330900	0.015992	0.032469	0.150366	0.138449	False	0.156328
HAP1_chr17	HAP2_chr21	11,13,15,17,19,23	23	19018048	16782998	508861	35292185	0.014419	0.030320	0.154800	0.141010	False	0.160897
HAP1_chr17	HAP2_chr22	11,13,15,17,19,23	23	19018048	17310261	615902	35712407	0.017246	0.035580	0.147136	0.135014	False	0.152826
HAP1_chr17	HAP2_chr23	11,13,15,17,19,23	23	19018048	16374851	549729	34843170	0.015777	0.033572	0.150943	0.137197	False	0.157210
HAP1_chr17	HAP2_chr24	11,13,15,17,19,23	23	19018048	10514192	426928	29105312	0.014668	0.040605	0.154064	0.130032	False	0.155953
HAP1_chr17	HAP2_chr25	11,13,15,17,19,23	23	19018048	15741013	575553	34183508	0.016837	0.036564	0.148162	0.133988	False	0.152461
HAP1_chr17	HAP2_chr26	11,13,15,17,19,23	23	19018048	15907494	548157	34377385	0.015945	0.034459	0.150490	0.136217	False	0.157214
HAP1_chr17	HAP2_chr27	11,13,15,17,19,23	23	19018048	15728078	551249	34194877	0.016121	0.035049	0.150021	0.135580	False	0.155507
HAP1_chr17	HAP2_chr28	11,13,15,17,19,23	23	19018048	15907855	520631	34405272	0.015132	0.032728	0.152730	0.138151	False	0.158116
HAP1_chr17	HAP2_chr29	11,13,15,17,19,23	23	19018048	14792090	508746	33301392	0.015277	0.034393	0.152323	0.136289	False	0.158071
HAP1_chr17	HAP2_chr30	11,13,15,17,19,23	23	19018048	14448376	497392	32969032	0.015087	0.034425	0.152860	0.136254	False	0.157858
HAP1_chr17	HAP2_chr31	11,13,15,17,19,23	23	19018048	10247886	463719	28802215	0.016100	0.045250	0.150076	0.125925	False	0.150909
HAP1_chr17	HAP2_chr32	11,13,15,17,19,23	23	19018048	13681624	464963	32234709	0.014424	0.033984	0.154783	0.136738	False	0.160410
HAP1_chr17	HAP2_chr33	11,13,15,17,19,23	23	19018048	13723868	472395	32269521	0.014639	0.034421	0.154150	0.136258	False	0.160854
HAP1_chr17	HAP2_chr34	11,13,15,17,19,23	23	19018048	13124268	436362	31705954	0.013763	0.033248	0.156796	0.137559	False	0.163266
HAP1_chr17	HAP2_chr35	11,13,15,17,19,23	23	19018048	12183454	455936	30745566	0.014829	0.037423	0.153597	0.133113	False	0.158637
HAP1_chr17	HAP2_chr36	11,13,15,17,19,23	23	19018048	11390521	426225	29982344	0.014216	0.037419	0.155407	0.133117	False	0.160822
HAP1_chr17	HAP2_chr37	11,13,15,17,19,23	23	19018048	10244966	375865	28887149	0.013011	0.036688	0.159204	0.133860	False	0.163216
HAP1_chr17	HAP2_chr38	11,13,15,17,19,23	23	19018048	10059451	379681	28697818	0.013230	0.037744	0.158489	0.132791	False	0.162793
HAP1_chr18	HAP1_chr19	11,13,15,17,19,23	23	18336962	10714776	512335	28539403	0.017952	0.047816	0.145422	0.123827	False	0.146654
HAP1_chr18	HAP1_chr20	11,13,15,17,19,23	23	18336962	17829014	549762	35616214	0.015436	0.030835	0.151880	0.140380	False	0.158220
HAP1_chr18	HAP1_chr21	11,13,15,17,19,23	23	18336962	16827317	521597	34642682	0.015056	0.030997	0.152945	0.140185	False	0.159551
HAP1_chr18	HAP1_chr22	11,13,15,17,19,23	23	18336962	17239713	565636	35011039	0.016156	0.032810	0.149928	0.138057	False	0.155557
HAP1_chr18	HAP1_chr23	11,13,15,17,19,23	23	18336962	16363082	550627	34149417	0.016124	0.033651	0.150013	0.137108	False	0.157115
HAP1_chr18	HAP1_chr24	11,13,15,17,19,23	23	18336962	10948765	474917	28810810	0.016484	0.043376	0.149068	0.127531	False	0.151841
HAP1_chr18	HAP1_chr25	11,13,15,17,19,23	23	18336962	15691712	573765	33454909	0.017150	0.036565	0.147374	0.133987	False	0.152164
HAP1_chr18	HAP1_chr26	11,13,15,17,19,23	23	18336962	15725527	540430	33522059	0.016122	0.034366	0.150019	0.136318	False	0.157087
HAP1_chr18	HAP1_chr27	11,13,15,17,19,23	23	18336962	15634495	509316	33462141	0.015221	0.032576	0.152481	0.138325	False	0.157834
HAP1_chr18	HAP1_chr28	11,13,15,17,19,23	23	18336962	15712907	522534	33527335	0.015585	0.033255	0.151467	0.137552	False	0.157685
HAP1_chr18	HAP1_chr29	11,13,15,17,19,23	23	18336962	14732132	489711	32579383	0.015031	0.033241	0.153017	0.137568	False	0.158713
HAP1_chr18	HAP1_chr30	11,13,15,17,19,23	23	18336962	14336542	474527	32198977	0.014737	0.033099	0.153863	0.137728	False	0.159095
HAP1_chr18	HAP1_chr31	11,13,15,17,19,23	23	18336962	9956759	447649	27846072	0.016076	0.044959	0.150141	0.126170	False	0.151131
HAP1_chr18	HAP1_chr32	11,13,15,17,19,23	23	18336962	13614511	434782	31516691	0.013795	0.031935	0.156695	0.139069	False	0.162074
HAP1_chr18	HAP1_chr33	11,13,15,17,19,23	23	18336962	13499049	417726	31418285	0.013296	0.030945	0.158277	0.140248	False	0.164803
HAP1_chr18	HAP1_chr34	11,13,15,17,19,23	23	18336962	13150181	433229	31053914	0.013951	0.032945	0.156214	0.137903	False	0.163269
HAP1_chr18	HAP1_chr35	11,13,15,17,19,23	23	18336962	12136965	401960	30071967	0.013367	0.033119	0.158049	0.137706	False	0.162902
HAP1_chr18	HAP1_chr36	11,13,15,17,19,23	23	18336962	11393762	407175	29323549	0.013886	0.035737	0.156415	0.134849	False	0.162033
HAP1_chr18	HAP1_chr37	11,13,15,17,19,23	23	18336962	10298369	381449	28253882	0.013501	0.037040	0.157621	0.133501	False	0.162330
HAP1_chr18	HAP1_chr38	11,13,15,17,19,23	23	18336962	10094622	372228	28059356	0.013266	0.036874	0.158374	0.133670	False	0.162829
HAP1_chr18	HAP2_chr01	11,13,15,17,19,23	23	18336962	27515200	830374	45021788	0.018444	0.045284	0.144268	0.125896	False	0.148972
HAP1_chr18	HAP2_chr02	11,13,15,17,19,23	23	18336962	25346546	798662	42884846	0.018623	0.043555	0.143854	0.127375	False	0.148913
HAP1_chr18	HAP2_chr03	11,13,15,17,19,23	23	18336962	13022664	531604	30828022	0.017244	0.040821	0.147140	0.129831	False	0.150530
HAP1_chr18	HAP2_chr04	11,13,15,17,19,23	23	18336962	12989051	500638	30825375	0.016241	0.038543	0.149703	0.132001	False	0.153020
HAP1_chr18	HAP2_chr05	11,13,15,17,19,23	23	18336962	11246860	492049	29091773	0.016914	0.043750	0.147968	0.127205	False	0.150727
HAP1_chr18	HAP2_chr06	11,13,15,17,19,23	23	18336962	11933174	487451	29782685	0.016367	0.040848	0.149373	0.129806	False	0.153171
HAP1_chr18	HAP2_chr07	11,13,15,17,19,23	23	18336962	11716945	474855	29579052	0.016054	0.040527	0.150200	0.130104	False	0.152630
HAP1_chr18	HAP2_chr08	11,13,15,17,19,23	23	18336962	11113854	481565	28969251	0.016623	0.043330	0.148708	0.127571	False	0.152826
HAP1_chr18	HAP2_chr09	11,13,15,17,19,23	23	18336962	12589605	500458	30426109	0.016448	0.039752	0.149161	0.130835	False	0.152377
HAP1_chr18	HAP2_chr10	11,13,15,17,19,23	23	18336962	12335669	571853	30100778	0.018998	0.046358	0.143004	0.125006	False	0.144453
HAP1_chr18	HAP2_chr11	11,13,15,17,19,23	23	18336962	11190208	516289	29010881	0.017796	0.046138	0.145794	0.125187	False	0.149055
HAP1_chr18	HAP2_chr12	11,13,15,17,19,23	23	18336962	12581476	526971	30391467	0.017339	0.041885	0.146905	0.128857	False	0.150757
HAP1_chr18	HAP2_chr13	11,13,15,17,19,23	23	18336962	13261829	552682	31046109	0.017802	0.041675	0.145780	0.129048	False	0.149521
HAP1_chr18	HAP2_chr14	11,13,15,17,19,23	23	18336962	14830231	543533	32623660	0.016661	0.036650	0.148612	0.133899	False	0.153948
HAP1_chr18	HAP2_chr15	11,13,15,17,19,23	23	18336962	10541427	461179	28417210	0.016229	0.043749	0.149735	0.127206	False	0.151640
HAP1_chr18	HAP2_chr16	11,13,15,17,19,23	23	18336962	11821509	480682	29677789	0.016197	0.040662	0.149820	0.129979	False	0.153439
HAP1_chr18	HAP2_chr17	11,13,15,17,19,23	23	18336962	19099040	3519669	33916333	0.103775	0.191944	0.072657	0.069249	False	0.068744
HAP1_chr18	HAP2_chr18	11,13,15,17,19,23	23	18336962	18280303	15149532	21467733	0.705688	0.828735	0.008235	0.008134	False	0.006793
HAP1_chr18	HAP2_chr19	11,13,15,17,19,23	23	18336962	10659886	525293	28471555	0.018450	0.049278	0.144254	0.122679	False	0.145538
HAP1_chr18	HAP2_chr20	11,13,15,17,19,23	23	18336962	17893840	552083	35678719	0.015474	0.030853	0.151775	0.140358	False	0.158202
HAP1_chr18	HAP2_chr21	11,13,15,17,19,23	23	18336962	16782998	506365	34613595	0.014629	0.030171	0.154179	0.141193	False	0.160570
HAP1_chr18	HAP2_chr22	11,13,15,17,19,23	23	18336962	17310261	610453	35036770	0.017423	0.035265	0.146699	0.135348	False	0.152965
HAP1_chr18	HAP2_chr23	11,13,15,17,19,23	23	18336962	16374851	529996	34181817	0.015505	0.032366	0.151688	0.138567	False	0.158382
HAP1_chr18	HAP2_chr24	11,13,15,17,19,23	23	18336962	10514192	444028	28407126	0.015631	0.042231	0.151342	0.128545	False	0.153742
HAP1_chr18	HAP2_chr25	11,13,15,17,19,23	23	18336962	15741013	559519	33518456	0.016693	0.035545	0.148530	0.135051	False	0.153312
HAP1_chr18	HAP2_chr26	11,13,15,17,19,23	23	18336962	15907494	541706	33702750	0.016073	0.034054	0.150148	0.136662	False	0.157089
HAP1_chr18	HAP2_chr27	11,13,15,17,19,23	23	18336962	15728078	553433	33511607	0.016515	0.035188	0.148989	0.135431	False	0.154973
HAP1_chr18	HAP2_chr28	11,13,15,17,19,23	23	18336962	15907855	515212	33729605	0.015275	0.032387	0.152329	0.138543	False	0.158311
HAP1_chr18	HAP2_chr29	11,13,15,17,19,23	23	18336962	14792090	485664	32643388	0.014878	0.032833	0.153457	0.138031	False	0.159182
HAP1_chr18	HAP2_chr30	11,13,15,17,19,23	23	18336962	14448376	480184	32305154	0.014864	0.033234	0.153497	0.137575	False	0.158665
HAP1_chr18	HAP2_chr31	11,13,15,17,19,23	23	18336962	10247886	446878	28137970	0.015882	0.043607	0.150661	0.127330	False	0.151587
HAP1_chr18	HAP2_chr32	11,13,15,17,19,23	23	18336962	13681624	459519	31559067	0.014561	0.033587	0.154380	0.137180	False	0.160321
HAP1_chr18	HAP2_chr33	11,13,15,17,19,23	23	18336962	13723868	454476	31606354	0.014379	0.033116	0.154917	0.137709	False	0.161866
HAP1_chr18	HAP2_chr34	11,13,15,17,19,23	23	18336962	13124268	458814	31002416	0.014799	0.034959	0.153683	0.135676	False	0.161017
HAP1_chr18	HAP2_chr35	11,13,15,17,19,23	23	18336962	12183454	424486	30095930	0.014104	0.034841	0.155745	0.135803	False	0.161109
HAP1_chr18	HAP2_chr36	11,13,15,17,19,23	23	18336962	11390521	390545	29336938	0.013312	0.034287	0.158223	0.136405	False	0.163541
HAP1_chr18	HAP2_chr37	11,13,15,17,19,23	23	18336962	10244966	376582	28205346	0.013351	0.036758	0.158098	0.133789	False	0.162594
HAP1_chr18	HAP2_chr38	11,13,15,17,19,23	23	18336962	10059451	353570	28042843	0.012608	0.035148	0.160556	0.135474	False	0.164752
HAP1_chr19	HAP1_chr20	11,13,15,17,19,23	23	10714776	17829014	442231	28101559	0.015737	0.041273	0.151053	0.129414	False	0.154080
HAP1_chr19	HAP1_chr21	11,13,15,17,19,23	23	10714776	16827317	434206	27107887	0.016018	0.040524	0.150296	0.130107	False	0.153819
HAP1_chr19	HAP1_chr22	11,13,15,17,19,23	23	10714776	17239713	485579	27468910	0.017677	0.045319	0.146080	0.125868	False	0.149258
HAP1_chr19	HAP1_chr23	11,13,15,17,19,23	23	10714776	16363082	435750	26642108	0.016356	0.040668	0.149402	0.129973	False	0.153108
HAP1_chr19	HAP1_chr24	11,13,15,17,19,23	23	10714776	10948765	463263	21200278	0.021852	0.043236	0.137041	0.127654	False	0.138491
HAP1_chr19	HAP1_chr25	11,13,15,17,19,23	23	10714776	15691712	469478	25937010	0.018101	0.043816	0.145069	0.127148	False	0.147380
HAP1_chr19	HAP1_chr26	11,13,15,17,19,23	23	10714776	15725527	445369	25994934	0.017133	0.041566	0.147417	0.129147	False	0.151160
HAP1_chr19	HAP1_chr27	11,13,15,17,19,23	23	10714776	15634495	409003	25940268	0.015767	0.038172	0.150971	0.132366	False	0.153905
HAP1_chr19	HAP1_chr28	11,13,15,17,19,23	23	10714776	15712907	417953	26009730	0.016069	0.039007	0.150159	0.131549	False	0.153392
HAP1_chr19	HAP1_chr29	11,13,15,17,19,23	23	10714776	14732132	411918	25034990	0.016454	0.038444	0.149147	0.132098	False	0.152409
HAP1_chr19	HAP1_chr30	11,13,15,17,19,23	23	10714776	14336542	364494	24686824	0.014765	0.034018	0.153784	0.136701	False	0.155804
HAP1_chr19	HAP1_chr31	11,13,15,17,19,23	23	10714776	9956759	398428	20273107	0.019653	0.040016	0.141558	0.130584	False	0.141511
HAP1_chr19	HAP1_chr32	11,13,15,17,19,23	23	10714776	13614511	378522	23950765	0.015804	0.035327	0.150870	0.135282	False	0.153531
HAP1_chr19	HAP1_chr33	11,13,15,17,19,23	23	10714776	13499049	331985	23881840	0.013901	0.030984	0.156367	0.140200	False	0.159811
HAP1_chr19	HAP1_chr34	11,13,15,17,19,23	23	10714776	13150181	371482	23493475	0.015812	0.034670	0.150849	0.135988	False	0.154939
HAP1_chr19	HAP1_chr35	11,13,15,17,19,23	23	10714776	12136965	357211	22494530	0.015880	0.033338	0.150666	0.137458	False	0.152967
HAP1_chr19	HAP1_chr36	11,13,15,17,19,23	23	10714776	11393762	327371	21781167	0.015030	0.030553	0.153021	0.140724	False	0.155533
HAP1_chr19	HAP1_chr37	11,13,15,17,19,23	23	10714776	10298369	311573	20701572	0.015051	0.030255	0.152962	0.141090	False	0.154688
HAP1_chr19	HAP1_chr38	11,13,15,17,19,23	23	10714776	10094622	306676	20502722	0.014958	0.030380	0.153227	0.140936	False	0.155140
HAP1_chr19	HAP2_chr01	11,13,15,17,19,23	23	10714776	27515200	612790	37617186	0.016290	0.057191	0.149574	0.116979	False	0.152657
HAP1_chr19	HAP2_chr02	11,13,15,17,19,23	23	10714776	25346546	591130	35470192	0.016666	0.055170	0.148600	0.118360	False	0.152073
HAP1_chr19	HAP2_chr03	11,13,15,17,19,23	23	10714776	13022664	478293	23259147	0.020564	0.044639	0.139628	0.126442	False	0.141571
HAP1_chr19	HAP2_chr04	11,13,15,17,19,23	23	10714776	12989051	483249	23220578	0.020811	0.045101	0.139118	0.126050	False	0.140575
HAP1_chr19	HAP2_chr05	11,13,15,17,19,23	23	10714776	11246860	457780	21503856	0.021288	0.042724	0.138153	0.128105	False	0.139389
HAP1_chr19	HAP2_chr06	11,13,15,17,19,23	23	10714776	11933174	503293	22144657	0.022728	0.046972	0.135370	0.124505	False	0.138153
HAP1_chr19	HAP2_chr07	11,13,15,17,19,23	23	10714776	11716945	463862	21967859	0.021115	0.043292	0.138500	0.127605	False	0.139520
HAP1_chr19	HAP2_chr08	11,13,15,17,19,23	23	10714776	11113854	447450	21381180	0.020927	0.041760	0.138881	0.128970	False	0.141572
HAP1_chr19	HAP2_chr09	11,13,15,17,19,23	23	10714776	12589605	476801	22827580	0.020887	0.044499	0.138963	0.126561	False	0.140237
HAP1_chr19	HAP2_chr10	11,13,15,17,19,23	23	10714776	12335669	2015155	21035290	0.095799	0.188073	0.075819	0.070073	False	0.068480
HAP1_chr19	HAP2_chr11	11,13,15,17,19,23	23	10714776	11190208	451868	21453116	0.021063	0.042172	0.138606	0.128598	False	0.140247
HAP1_chr19	HAP2_chr12	11,13,15,17,19,23	23	10714776	12581476	464330	22831922	0.020337	0.043335	0.140100	0.127567	False	0.141395
HAP1_chr19	HAP2_chr13	11,13,15,17,19,23	23	10714776	13261829	506517	23470088	0.021581	0.047273	0.137571	0.124262	False	0.139422
HAP1_chr19	HAP2_chr14	11,13,15,17,19,23	23	10714776	14830231	490309	25054698	0.019570	0.045760	0.141740	0.125499	False	0.145331
HAP1_chr19	HAP2_chr15	11,13,15,17,19,23	23	10714776	10541427	456221	20799982	0.021934	0.043279	0.136882	0.127616	False	0.137556
HAP1_chr19	HAP2_chr16	11,13,15,17,19,23	23	10714776	11821509	460367	22075918	0.020854	0.042966	0.139031	0.127892	False	0.140777
HAP1_chr19	HAP2_chr17	11,13,15,17,19,23	23	10714776	19099040	497638	29316178	0.016975	0.046444	0.147813	0.124935	False	0.148595
HAP1_chr19	HAP2_chr18	11,13,15,17,19,23	23	10714776	18280303	486418	28508661	0.017062	0.045397	0.147594	0.125802	False	0.148490
HAP1_chr19	HAP2_chr19	11,13,15,17,19,23	23	10714776	10659886	8450683	12923979	0.653876	0.792755	0.010209	0.010047	False	0.007505
HAP1_chr19	HAP2_chr20	11,13,15,17,19,23	23	10714776	17893840	434236	28174380	0.015412	0.040527	0.151945	0.130105	False	0.155055
HAP1_chr19	HAP2_chr21	11,13,15,17,19,23	23	10714776	16782998	426942	27070832	0.015771	0.039846	0.150959	0.130745	False	0.154386
HAP1_chr19	HAP2_chr22	11,13,15,17,19,23	23	10714776	17310261	498718	27526319	0.018118	0.046545	0.145029	0.124852	False	0.148379
HAP1_chr19	HAP2_chr23	11,13,15,17,19,23	23	10714776	16374851	421863	26667764	0.015819	0.039372	0.150829	0.131197	False	0.154241
HAP1_chr19	HAP2_chr24	11,13,15,17,19,23	23	10714776	10514192	444201	20784767	0.021371	0.042248	0.137987	0.128530	False	0.139513
HAP1_chr19	HAP2_chr25	11,13,15,17,19,23	23	10714776	15741013	460291	25995498	0.017707	0.042959	0.146010	0.127898	False	0.148294
HAP1_chr19	HAP2_chr26	11,13,15,17,19,23	23	10714776	15907494	450694	26171576	0.017221	0.042063	0.147199	0.128696	False	0.150873
HAP1_chr19	HAP2_chr27	11,13,15,17,19,23	23	10714776	15728078	415643	26027211	0.015970	0.038792	0.150425	0.131758	False	0.153138
HAP1_chr19	HAP2_chr28	11,13,15,17,19,23	23	10714776	15907855	405948	26216683	0.015484	0.037887	0.151745	0.132649	False	0.154621
HAP1_chr19	HAP2_chr29	11,13,15,17,19,23	23	10714776	14792090	397835	25109031	0.015844	0.037130	0.150762	0.133410	False	0.153723
HAP1_chr19	HAP2_chr30	11,13,15,17,19,23	23	10714776	14448376	389154	24773998	0.015708	0.036319	0.151131	0.134240	False	0.153585
HAP1_chr19	HAP2_chr31	11,13,15,17,19,23	23	10714776	10247886	427175	20535487	0.020802	0.041684	0.139137	0.129039	False	0.139380
HAP1_chr19	HAP2_chr32	11,13,15,17,19,23	23	10714776	13681624	388616	24007784	0.016187	0.036269	0.149846	0.134292	False	0.152778
HAP1_chr19	HAP2_chr33	11,13,15,17,19,23	23	10714776	13723868	365181	24073463	0.015169	0.034082	0.152625	0.136630	False	0.156367
HAP1_chr19	HAP2_chr34	11,13,15,17,19,23	23	10714776	13124268	362531	23476513	0.015442	0.033835	0.151862	0.136904	False	0.155855
HAP1_chr19	HAP2_chr35	11,13,15,17,19,23	23	10714776	12183454	357485	22540745	0.015860	0.033364	0.150721	0.137430	False	0.153183
HAP1_chr19	HAP2_chr36	11,13,15,17,19,23	23	10714776	11390521	317870	21787427	0.014590	0.029667	0.154295	0.141823	False	0.156543
HAP1_chr19	HAP2_chr37	11,13,15,17,19,23	23	10714776	10244966	312284	20647458	0.015125	0.030482	0.152752	0.140811	False	0.154724
HAP1_chr19	HAP2_chr38	11,13,15,17,19,23	23	10714776	10059451	308091	20466136	0.015054	0.030627	0.152953	0.140633	False	0.154927
HAP1_chr20	HAP1_chr21	11,13,15,17,19,23	23	17829014	16827317	3231500	31424831	0.102833	0.192039	0.073017	0.069229	False	0.069398
HAP1_chr20	HAP1_chr22	11,13,15,17,19,23	23	17829014	17239713	690414	34378313	0.020083	0.040048	0.140636	0.130554	False	0.145278
HAP1_chr20	HAP1_chr23	11,13,15,17,19,23	23	17829014	16363082	584361	33607735	0.017388	0.035712	0.146786	0.134875	False	0.153919
HAP1_chr20	HAP1_chr24	11,13,15,17,19,23	23	17829014	10948765	455056	28322723	0.016067	0.041562	0.150165	0.129150	False	0.152830
HAP1_chr20	HAP1_chr25	11,13,15,17,19,23	23	17829014	15691712	596838	32923888	0.018128	0.038035	0.145005	0.132501	False	0.150240
HAP1_chr20	HAP1_chr26	11,13,15,17,19,23	23	17829014	15725527	558852	32995689	0.016937	0.035538	0.147909	0.135059	False	0.154894
HAP1_chr20	HAP1_chr27	11,13,15,17,19,23	23	17829014	15634495	527038	32936471	0.016002	0.033710	0.150339	0.137042	False	0.155910
HAP1_chr20	HAP1_chr28	11,13,15,17,19,23	23	17829014	15712907	594114	32947807	0.018032	0.037811	0.145232	0.132724	False	0.149708
HAP1_chr20	HAP1_chr29	11,13,15,17,19,23	23	17829014	14732132	502887	32058259	0.015687	0.034135	0.151190	0.136572	False	0.156993
HAP1_chr20	HAP1_chr30	11,13,15,17,19,23	23	17829014	14336542	487546	31678010	0.015391	0.034007	0.152005	0.136713	False	0.157214
HAP1_chr20	HAP1_chr31	11,13,15,17,19,23	23	17829014	9956759	418540	27367233	0.015293	0.042036	0.152277	0.128721	False	0.152854
HAP1_chr20	HAP1_chr32	11,13,15,17,19,23	23	17829014	13614511	479725	30963800	0.015493	0.035236	0.151721	0.135379	False	0.157434
HAP1_chr20	HAP1_chr33	11,13,15,17,19,23	23	17829014	13499049	446220	30881843	0.014449	0.033056	0.154709	0.137777	False	0.161347
HAP1_chr20	HAP1_chr34	11,13,15,17,19,23	23	17829014	13150181	460576	30518619	0.015092	0.035024	0.152845	0.135606	False	0.159837
HAP1_chr20	HAP1_chr35	11,13,15,17,19,23	23	17829014	12136965	532002	29433977	0.018074	0.043833	0.145131	0.127133	False	0.147883
HAP1_chr20	HAP1_chr36	11,13,15,17,19,23	23	17829014	11393762	473984	28748792	0.016487	0.041600	0.149060	0.129115	False	0.151873
HAP1_chr20	HAP1_chr37	11,13,15,17,19,23	23	17829014	10298369	426166	27701217	0.015384	0.041382	0.152023	0.129314	False	0.156529
HAP1_chr20	HAP1_chr38	11,13,15,17,19,23	23	17829014	10094622	406180	27517456	0.014761	0.040237	0.153795	0.130376	False	0.158607
HAP1_chr20	HAP2_chr01	11,13,15,17,19,23	23	17829014	27515200	792261	44551953	0.017783	0.044437	0.145826	0.126614	False	0.151784
HAP1_chr20	HAP2_chr02	11,13,15,17,19,23	23	17829014	25346546	710598	42464962	0.016734	0.039856	0.148425	0.130735	False	0.154851
HAP1_chr20	HAP2_chr03	11,13,15,17,19,23	23	17829014	13022664	503597	30348081	0.016594	0.038671	0.148784	0.131876	False	0.151548
HAP1_chr20	HAP2_chr04	11,13,15,17,19,23	23	17829014	12989051	486529	30331536	0.016040	0.037457	0.150235	0.133079	False	0.153135
HAP1_chr20	HAP2_chr05	11,13,15,17,19,23	23	17829014	11246860	469869	28606005	0.016426	0.041778	0.149220	0.128954	False	0.151384
HAP1_chr20	HAP2_chr06	11,13,15,17,19,23	23	17829014	11933174	495454	29266734	0.016929	0.041519	0.147929	0.129189	False	0.151678
HAP1_chr20	HAP2_chr07	11,13,15,17,19,23	23	17829014	11716945	466218	29079741	0.016032	0.039790	0.150257	0.130798	False	0.152432
HAP1_chr20	HAP2_chr08	11,13,15,17,19,23	23	17829014	11113854	489140	28453728	0.017191	0.044012	0.147273	0.126979	False	0.151330
HAP1_chr20	HAP2_chr09	11,13,15,17,19,23	23	17829014	12589605	484288	29934331	0.016178	0.038467	0.149869	0.132075	False	0.152772
HAP1_chr20	HAP2_chr10	11,13,15,17,19,23	23	17829014	12335669	525992	29638691	0.017747	0.042640	0.145913	0.128180	False	0.149536
HAP1_chr20	HAP2_chr11	11,13,15,17,19,23	23	17829014	11190208	468825	28550397	0.016421	0.041896	0.149232	0.128847	False	0.152431
HAP1_chr20	HAP2_chr12	11,13,15,17,19,23	23	17829014	12581476	512530	29897960	0.017143	0.040737	0.147393	0.129909	False	0.150848
HAP1_chr20	HAP2_chr13	11,13,15,17,19,23	23	17829014	13261829	499308	30591535	0.016322	0.037650	0.149491	0.132885	False	0.152833
HAP1_chr20	HAP2_chr14	11,13,15,17,19,23	23	17829014	14830231	529438	32129807	0.016478	0.035700	0.149083	0.134888	False	0.154593
HAP1_chr20	HAP2_chr15	11,13,15,17,19,23	23	17829014	10541427	445621	27924820	0.015958	0.042273	0.150456	0.128507	False	0.152191
HAP1_chr20	HAP2_chr16	11,13,15,17,19,23	23	17829014	11821509	489092	29161431	0.016772	0.041373	0.148328	0.129323	False	0.151966
HAP1_chr20	HAP2_chr17	11,13,15,17,19,23	23	17829014	19099040	567453	36360601	0.015606	0.031828	0.151410	0.139196	False	0.156888
HAP1_chr20	HAP2_chr18	11,13,15,17,19,23	23	17829014	18280303	562770	35546547	0.015832	0.031565	0.150795	0.139506	False	0.157247
HAP1_chr20	HAP2_chr19	11,13,15,17,19,23	23	17829014	10659886	456915	28031985	0.016300	0.042863	0.149549	0.127982	False	0.152798
HAP1_chr20	HAP2_chr20	11,13,15,17,19,23	23	17829014	17893840	14684614	21038240	0.697996	0.823636	0.008515	0.008400	False	0.007178
HAP1_chr20	HAP2_chr21	11,13,15,17,19,23	23	17829014	16782998	3200468	31411544	0.101888	0.190697	0.073381	0.069512	False	0.069723
HAP1_chr20	HAP2_chr22	11,13,15,17,19,23	23	17829014	17310261	686789	34452486	0.019934	0.039675	0.140952	0.130907	False	0.145653
HAP1_chr20	HAP2_chr23	11,13,15,17,19,23	23	17829014	16374851	574657	33629208	0.017088	0.035094	0.147529	0.135531	False	0.154264
HAP1_chr20	HAP2_chr24	11,13,15,17,19,23	23	17829014	10514192	435843	27907363	0.015617	0.041453	0.151379	0.129250	False	0.153745
HAP1_chr20	HAP2_chr25	11,13,15,17,19,23	23	17829014	15741013	575789	32994238	0.017451	0.036579	0.146630	0.133972	False	0.151693
HAP1_chr20	HAP2_chr26	11,13,15,17,19,23	23	17829014	15907494	579767	33156741	0.017486	0.036446	0.146546	0.134109	False	0.153604
HAP1_chr20	HAP2_chr27	11,13,15,17,19,23	23	17829014	15728078	526663	33030429	0.015945	0.033486	0.150491	0.137293	False	0.155894
HAP1_chr20	HAP2_chr28	11,13,15,17,19,23	23	17829014	15907855	606969	33129900	0.018321	0.038155	0.144553	0.132382	False	0.148910
HAP1_chr20	HAP2_chr29	11,13,15,17,19,23	23	17829014	14792090	512436	32108668	0.015959	0.034643	0.150452	0.136018	False	0.156514
HAP1_chr20	HAP2_chr30	11,13,15,17,19,23	23	17829014	14448376	482570	31794820	0.015178	0.033400	0.152602	0.137389	False	0.157676
HAP1_chr20	HAP2_chr31	11,13,15,17,19,23	23	17829014	10247886	438007	27638893	0.015847	0.042741	0.150753	0.128090	False	0.151530
HAP1_chr20	HAP2_chr32	11,13,15,17,19,23	23	17829014	13681624	472592	31038046	0.015226	0.034542	0.152465	0.136127	False	0.158360
HAP1_chr20	HAP2_chr33	11,13,15,17,19,23	23	17829014	13723868	490721	31062161	0.015798	0.035757	0.150887	0.134828	False	0.157814
HAP1_chr20	HAP2_chr34	11,13,15,17,19,23	23	17829014	13124268	465364	30487918	0.015264	0.035458	0.152359	0.135143	False	0.159532
HAP1_chr20	HAP2_chr35	11,13,15,17,19,23	23	17829014	12183454	520429	29492039	0.017646	0.042716	0.146155	0.128112	False	0.149157
HAP1_chr20	HAP2_chr36	11,13,15,17,19,23	23	17829014	11390521	484377	28735158	0.016857	0.042525	0.148112	0.128283	False	0.151332
HAP1_chr20	HAP2_chr37	11,13,15,17,19,23	23	17829014	10244966	406552	27667428	0.014694	0.039683	0.153989	0.130900	False	0.158329
HAP1_chr20	HAP2_chr38	11,13,15,17,19,23	23	17829014	10059451	377292	27511173	0.013714	0.037506	0.156948	0.133029	False	0.161494
HAP1_chr21	HAP1_chr22	11,13,15,17,19,23	23	16827317	17239713	603788	33463242	0.018043	0.035881	0.145205	0.134697	False	0.149649
HAP1_chr21	HAP1_chr23	11,13,15,17,19,23	23	16827317	16363082	527361	32663038	0.016145	0.032229	0.149956	0.138727	False	0.157235
HAP1_chr21	HAP1_chr24	11,13,15,17,19,23	23	16827317	10948765	442305	27333777	0.016182	0.040398	0.149860	0.130225	False	0.152674
HAP1_chr21	HAP1_chr25	11,13,15,17,19,23	23	16827317	15691712	544578	31974451	0.017032	0.034705	0.147671	0.135950	False	0.153069
HAP1_chr21	HAP1_chr26	11,13,15,17,19,23	23	16827317	15725527	534701	32018143	0.016700	0.034002	0.148512	0.136719	False	0.155820
HAP1_chr21	HAP1_chr27	11,13,15,17,19,23	23	16827317	15634495	469536	31992276	0.014677	0.030032	0.154040	0.141366	False	0.159774
HAP1_chr21	HAP1_chr28	11,13,15,17,19,23	23	16827317	15712907	531131	32009093	0.016593	0.033802	0.148786	0.136940	False	0.152937
HAP1_chr21	HAP1_chr29	11,13,15,17,19,23	23	16827317	14732132	480014	31079435	0.015445	0.032583	0.151855	0.138317	False	0.158145
HAP1_chr21	HAP1_chr30	11,13,15,17,19,23	23	16827317	14336542	448789	30715070	0.014611	0.031304	0.154231	0.139816	False	0.159695
HAP1_chr21	HAP1_chr31	11,13,15,17,19,23	23	16827317	9956759	395123	26388953	0.014973	0.039684	0.153183	0.130899	False	0.154109
HAP1_chr21	HAP1_chr32	11,13,15,17,19,23	23	16827317	13614511	441344	30000484	0.014711	0.032417	0.153939	0.138508	False	0.159878
HAP1_chr21	HAP1_chr33	11,13,15,17,19,23	23	16827317	13499049	405595	29920771	0.013556	0.030046	0.157447	0.141349	False	0.164191
HAP1_chr21	HAP1_chr34	11,13,15,17,19,23	23	16827317	13150181	430594	29546904	0.014573	0.032744	0.154343	0.138132	False	0.161730
HAP1_chr21	HAP1_chr35	11,13,15,17,19,23	23	16827317	12136965	486049	28478233	0.017067	0.040047	0.147581	0.130555	False	0.150310
HAP1_chr21	HAP1_chr36	11,13,15,17,19,23	23	16827317	11393762	459666	27761413	0.016558	0.040344	0.148877	0.130276	False	0.151552
HAP1_chr21	HAP1_chr37	11,13,15,17,19,23	23	16827317	10298369	372185	26753501	0.013912	0.036140	0.156335	0.134427	False	0.161125
HAP1_chr21	HAP1_chr38	11,13,15,17,19,23	23	16827317	10094622	392775	26529164	0.014805	0.038909	0.153666	0.131644	False	0.158787
HAP1_chr21	HAP2_chr01	11,13,15,17,19,23	23	16827317	27515200	727586	43614931	0.016682	0.043238	0.148557	0.127652	False	0.155330
HAP1_chr21	HAP2_chr02	11,13,15,17,19,23	23	16827317	25346546	693610	41480253	0.016721	0.041219	0.148456	0.129464	False	0.155372
HAP1_chr21	HAP2_chr03	11,13,15,17,19,23	23	16827317	13022664	458209	29391772	0.015590	0.035186	0.151455	0.135433	False	0.154431
HAP1_chr21	HAP2_chr04	11,13,15,17,19,23	23	16827317	12989051	478835	29337533	0.016322	0.036865	0.149492	0.133679	False	0.153224
HAP1_chr21	HAP2_chr05	11,13,15,17,19,23	23	16827317	11246860	457207	27616970	0.016555	0.040652	0.148884	0.129988	False	0.151775
HAP1_chr21	HAP2_chr06	11,13,15,17,19,23	23	16827317	11933174	467477	28293014	0.016523	0.039175	0.148968	0.131387	False	0.153027
HAP1_chr21	HAP2_chr07	11,13,15,17,19,23	23	16827317	11716945	437228	28107034	0.015556	0.037316	0.151548	0.133221	False	0.154075
HAP1_chr21	HAP2_chr08	11,13,15,17,19,23	23	16827317	11113854	468994	27472177	0.017072	0.042199	0.147570	0.128574	False	0.151755
HAP1_chr21	HAP2_chr09	11,13,15,17,19,23	23	16827317	12589605	463451	28953471	0.016007	0.036812	0.150325	0.133733	False	0.153608
HAP1_chr21	HAP2_chr10	11,13,15,17,19,23	23	16827317	12335669	478558	28684428	0.016684	0.038795	0.148554	0.131755	False	0.152434
HAP1_chr21	HAP2_chr11	11,13,15,17,19,23	23	16827317	11190208	451351	27566174	0.016373	0.040334	0.149356	0.130284	False	0.152857
HAP1_chr21	HAP2_chr12	11,13,15,17,19,23	23	16827317	12581476	468660	28940133	0.016194	0.037250	0.149827	0.133288	False	0.153580
HAP1_chr21	HAP2_chr13	11,13,15,17,19,23	23	16827317	13261829	488082	29601064	0.016489	0.036804	0.149056	0.133742	False	0.152666
HAP1_chr21	HAP2_chr14	11,13,15,17,19,23	23	16827317	14830231	518905	31138643	0.016664	0.034990	0.148603	0.135643	False	0.154655
HAP1_chr21	HAP2_chr15	11,13,15,17,19,23	23	16827317	10541427	424961	26943783	0.015772	0.040313	0.150957	0.130304	False	0.153042
HAP1_chr21	HAP2_chr16	11,13,15,17,19,23	23	16827317	11821509	461516	28187310	0.016373	0.039040	0.149357	0.131517	False	0.153340
HAP1_chr21	HAP2_chr17	11,13,15,17,19,23	23	16827317	19099040	536690	35389667	0.015165	0.031894	0.152637	0.139118	False	0.158955
HAP1_chr21	HAP2_chr18	11,13,15,17,19,23	23	16827317	18280303	521696	34585924	0.015084	0.031003	0.152867	0.140177	False	0.159593
HAP1_chr21	HAP2_chr19	11,13,15,17,19,23	23	16827317	10659886	438580	27048623	0.016215	0.041143	0.149773	0.129534	False	0.153183
HAP1_chr21	HAP2_chr20	11,13,15,17,19,23	23	16827317	17893840	3224093	31497064	0.102362	0.191599	0.073198	0.069321	False	0.069622
HAP1_chr21	HAP2_chr21	11,13,15,17,19,23	23	16827317	16782998	14022271	19588044	0.715859	0.835505	0.007871	0.007783	False	0.006576
HAP1_chr21	HAP2_chr22	11,13,15,17,19,23	23	16827317	17310261	647071	33490507	0.019321	0.038454	0.142285	0.132088	False	0.147180
HAP1_chr21	HAP2_chr23	11,13,15,17,19,23	23	16827317	16374851	507043	32695125	0.015508	0.030965	0.151679	0.140224	False	0.158624
HAP1_chr21	HAP2_chr24	11,13,15,17,19,23	23	16827317	10514192	386250	26955259	0.014329	0.036736	0.155066	0.133811	False	0.157294
HAP1_chr21	HAP2_chr25	11,13,15,17,19,23	23	16827317	15741013	518551	32049779	0.016180	0.032943	0.149866	0.137906	False	0.155019
HAP1_chr21	HAP2_chr26	11,13,15,17,19,23	23	16827317	15907494	544163	32190648	0.016904	0.034208	0.147991	0.136492	False	0.155320
HAP1_chr21	HAP2_chr27	11,13,15,17,19,23	23	16827317	15728078	478510	32076885	0.014918	0.030424	0.153342	0.140882	False	0.159036
HAP1_chr21	HAP2_chr28	11,13,15,17,19,23	23	16827317	15907855	555188	32179984	0.017253	0.034900	0.147120	0.135739	False	0.151415
HAP1_chr21	HAP2_chr29	11,13,15,17,19,23	23	16827317	14792090	490882	31128525	0.015770	0.033185	0.150964	0.137631	False	0.157373
HAP1_chr21	HAP2_chr30	11,13,15,17,19,23	23	16827317	14448376	454970	30820723	0.014762	0.031489	0.153792	0.139595	False	0.159332
HAP1_chr21	HAP2_chr31	11,13,15,17,19,23	23	16827317	10247886	410783	26664420	0.015406	0.040085	0.151964	0.130519	False	0.153111
HAP1_chr21	HAP2_chr32	11,13,15,17,19,23	23	16827317	13681624	461939	30047002	0.015374	0.033763	0.152052	0.136983	False	0.158322
HAP1_chr21	HAP2_chr33	11,13,15,17,19,23	23	16827317	13723868	438467	30112718	0.014561	0.031949	0.154379	0.139053	False	0.161753
HAP1_chr21	HAP2_chr34	11,13,15,17,19,23	23	16827317	13124268	431898	29519687	0.014631	0.032908	0.154174	0.137945	False	0.161440
HAP1_chr21	HAP2_chr35	11,13,15,17,19,23	23	16827317	12183454	485567	28525204	0.017022	0.039855	0.147694	0.130737	False	0.150706
HAP1_chr21	HAP2_chr36	11,13,15,17,19,23	23	16827317	11390521	453764	27764074	0.016344	0.039837	0.149434	0.130754	False	0.152081
HAP1_chr21	HAP2_chr37	11,13,15,17,19,23	23	16827317	10244966	365699	26706584	0.013693	0.035695	0.157013	0.134892	False	0.161492
HAP1_chr21	HAP2_chr38	11,13,15,17,19,23	23	16827317	10059451	362976	26523792	0.013685	0.036083	0.157039	0.134486	False	0.161954
HAP1_chr22	HAP1_chr23	11,13,15,17,19,23	23	17239713	16363082	584862	33017933	0.017713	0.035743	0.145993	0.134843	False	0.152579
HAP1_chr22	HAP1_chr24	11,13,15,17,19,23	23	17239713	10948765	495137	27693341	0.017879	0.045223	0.145595	0.125948	False	0.147890
HAP1_chr22	HAP1_chr25	11,13,15,17,19,23	23	17239713	15691712	607874	32323551	0.018806	0.038739	0.143438	0.131810	False	0.148166
HAP1_chr22	HAP1_chr26	11,13,15,17,19,23	23	17239713	15725527	579771	32385469	0.017902	0.036868	0.145540	0.133676	False	0.152362
HAP1_chr22	HAP1_chr27	11,13,15,17,19,23	23	17239713	15634495	534661	32339547	0.016533	0.034198	0.148942	0.136503	False	0.154058
HAP1_chr22	HAP1_chr28	11,13,15,17,19,23	23	17239713	15712907	3015249	29937371	0.100719	0.191896	0.073837	0.069259	False	0.069624
HAP1_chr22	HAP1_chr29	11,13,15,17,19,23	23	17239713	14732132	519072	31452773	0.016503	0.035234	0.149018	0.135382	False	0.154759
HAP1_chr22	HAP1_chr30	11,13,15,17,19,23	23	17239713	14336542	510621	31065634	0.016437	0.035617	0.149191	0.134975	False	0.154097
HAP1_chr22	HAP1_chr31	11,13,15,17,19,23	23	17239713	9956759	503489	26692983	0.018862	0.050568	0.143310	0.121692	False	0.143975
HAP1_chr22	HAP1_chr32	11,13,15,17,19,23	23	17239713	13614511	483426	30370798	0.015917	0.035508	0.150565	0.135090	False	0.155952
HAP1_chr22	HAP1_chr33	11,13,15,17,19,23	23	17239713	13499049	458774	30279988	0.015151	0.033986	0.152677	0.136737	False	0.159179
HAP1_chr22	HAP1_chr34	11,13,15,17,19,23	23	17239713	13150181	466810	29923084	0.015600	0.035498	0.151426	0.135101	False	0.158259
HAP1_chr22	HAP1_chr35	11,13,15,17,19,23	23	17239713	12136965	454849	28921829	0.015727	0.037476	0.151080	0.133059	False	0.155809
HAP1_chr22	HAP1_chr36	11,13,15,17,19,23	23	17239713	11393762	385816	28247659	0.013658	0.033862	0.157123	0.136873	False	0.161673
HAP1_chr22	HAP1_chr37	11,13,15,17,19,23	23	17239713	10298369	434115	27103967	0.016017	0.042154	0.150299	0.128615	False	0.155014
HAP1_chr22	HAP1_chr38	11,13,15,17,19,23	23	17239713	10094622	427884	26906451	0.015903	0.042387	0.150604	0.128405	False	0.155156
HAP1_chr22	HAP2_chr01	11,13,15,17,19,23	23	17239713	27515200	841032	43913881	0.019152	0.048785	0.142660	0.123062	False	0.148520
HAP1_chr22	HAP2_chr02	11,13,15,17,19,23	23	17239713	25346546	737897	41848362	0.017633	0.042802	0.146188	0.128036	False	0.152056
HAP1_chr22	HAP2_chr03	11,13,15,17,19,23	23	17239713	13022664	568551	29693826	0.019147	0.043659	0.142671	0.127285	False	0.145404
HAP1_chr22	HAP2_chr04	11,13,15,17,19,23	23	17239713	12989051	575517	29653247	0.019408	0.044308	0.142093	0.126724	False	0.144318
HAP1_chr22	HAP2_chr05	11,13,15,17,19,23	23	17239713	11246860	562110	27924463	0.020130	0.049979	0.140537	0.122139	False	0.142926
HAP1_chr22	HAP2_chr06	11,13,15,17,19,23	23	17239713	11933174	604829	28568058	0.021172	0.050685	0.138387	0.121604	False	0.140676
HAP1_chr22	HAP2_chr07	11,13,15,17,19,23	23	17239713	11716945	542314	28414344	0.019086	0.046285	0.142807	0.125066	False	0.145120
HAP1_chr22	HAP2_chr08	11,13,15,17,19,23	23	17239713	11113854	569076	27784491	0.020482	0.051204	0.139798	0.121215	False	0.143669
HAP1_chr22	HAP2_chr09	11,13,15,17,19,23	23	17239713	12589605	558082	29271236	0.019066	0.044329	0.142852	0.126706	False	0.145807
HAP1_chr22	HAP2_chr10	11,13,15,17,19,23	23	17239713	12335669	597180	28978202	0.020608	0.048411	0.139536	0.123355	False	0.142981
HAP1_chr22	HAP2_chr11	11,13,15,17,19,23	23	17239713	11190208	508214	27921707	0.018201	0.045416	0.144833	0.125786	False	0.147605
HAP1_chr22	HAP2_chr12	11,13,15,17,19,23	23	17239713	12581476	563738	29257451	0.019268	0.044807	0.142402	0.126299	False	0.145750
HAP1_chr22	HAP2_chr13	11,13,15,17,19,23	23	17239713	13261829	623821	29877721	0.020879	0.047039	0.138979	0.124450	False	0.140720
HAP1_chr22	HAP2_chr14	11,13,15,17,19,23	23	17239713	14830231	577988	31491956	0.018354	0.038974	0.144477	0.131581	False	0.149803
HAP1_chr22	HAP2_chr15	11,13,15,17,19,23	23	17239713	10541427	507159	27273981	0.018595	0.048111	0.143919	0.123592	False	0.145301
HAP1_chr22	HAP2_chr16	11,13,15,17,19,23	23	17239713	11821509	570460	28490762	0.020023	0.048256	0.140764	0.123477	False	0.143670
HAP1_chr22	HAP2_chr17	11,13,15,17,19,23	23	17239713	19099040	574290	35764463	0.016058	0.033312	0.150189	0.137488	False	0.155483
HAP1_chr22	HAP2_chr18	11,13,15,17,19,23	23	17239713	18280303	567324	34952692	0.016231	0.032908	0.149729	0.137945	False	0.155509
HAP1_chr22	HAP2_chr19	11,13,15,17,19,23	23	17239713	10659886	482037	27417562	0.017581	0.045220	0.146313	0.125951	False	0.149344
HAP1_chr22	HAP2_chr20	11,13,15,17,19,23	23	17239713	17893840	674603	34458950	0.019577	0.039131	0.141723	0.131429	False	0.146123
HAP1_chr22	HAP2_chr21	11,13,15,17,19,23	23	17239713	16782998	592906	33429805	0.017736	0.035328	0.145939	0.135282	False	0.150399
HAP1_chr22	HAP2_chr22	11,13,15,17,19,23	23	17239713	17310261	14237635	20312339	0.700935	0.825863	0.008407	0.008284	False	0.006923
HAP1_chr22	HAP2_chr23	11,13,15,17,19,23	23	17239713	16374851	566184	33048380	0.017132	0.034576	0.147419	0.136090	False	0.153679
HAP1_chr22	HAP2_chr24	11,13,15,17,19,23	23	17239713	10514192	485536	27268369	0.017806	0.046179	0.145771	0.125152	False	0.147947
HAP1_chr22	HAP2_chr25	11,13,15,17,19,23	23	17239713	15741013	602861	32377865	0.018620	0.038299	0.143863	0.132241	False	0.148456
HAP1_chr22	HAP2_chr26	11,13,15,17,19,23	23	17239713	15907494	581975	32565232	0.017871	0.036585	0.145615	0.133966	False	0.152353
HAP1_chr22	HAP2_chr27	11,13,15,17,19,23	23	17239713	15728078	550965	32416826	0.016996	0.035031	0.147759	0.135599	False	0.152980
HAP1_chr22	HAP2_chr28	11,13,15,17,19,23	23	17239713	15907855	3011039	30136529	0.099913	0.189280	0.074154	0.069814	False	0.069920
HAP1_chr22	HAP2_chr29	11,13,15,17,19,23	23	17239713	14792090	549695	31482108	0.017461	0.037161	0.146608	0.133377	False	0.152732
HAP1_chr22	HAP2_chr30	11,13,15,17,19,23	23	17239713	14448376	516180	31171909	0.016559	0.035726	0.148874	0.134860	False	0.153818
HAP1_chr22	HAP2_chr31	11,13,15,17,19,23	23	17239713	10247886	523818	26963781	0.019427	0.051115	0.142052	0.121281	False	0.142971
HAP1_chr22	HAP2_chr32	11,13,15,17,19,23	23	17239713	13681624	479419	30441918	0.015749	0.035041	0.151021	0.135588	False	0.156636
HAP1_chr22	HAP2_chr33	11,13,15,17,19,23	23	17239713	13723868	495592	30467989	0.016266	0.036112	0.149638	0.134456	False	0.156447
HAP1_chr22	HAP2_chr34	11,13,15,17,19,23	23	17239713	13124268	476138	29887843	0.015931	0.036279	0.150529	0.134282	False	0.157336
HAP1_chr22	HAP2_chr35	11,13,15,17,19,23	23	17239713	12183454	473621	28949546	0.016360	0.038874	0.149391	0.131678	False	0.154461
HAP1_chr22	HAP2_chr36	11,13,15,17,19,23	23	17239713	11390521	389205	28241029	0.013782	0.034169	0.156738	0.136534	False	0.161767
HAP1_chr22	HAP2_chr37	11,13,15,17,19,23	23	17239713	10244966	409629	27075050	0.015129	0.039983	0.152738	0.130615	False	0.156989
HAP1_chr22	HAP2_chr38	11,13,15,17,19,23	23	17239713	10059451	396348	26902816	0.014733	0.039401	0.153877	0.131170	False	0.158258
HAP1_chr23	HAP1_chr24	11,13,15,17,19,23	23	16363082	10948765	427815	26884032	0.015913	0.039074	0.150576	0.131484	False	0.153379
HAP1_chr23	HAP1_chr25	11,13,15,17,19,23	23	16363082	15691712	572013	31482781	0.018169	0.036453	0.144908	0.134102	False	0.150425
HAP1_chr23	HAP1_chr26	11,13,15,17,19,23	23	16363082	15725527	3140524	28948085	0.108488	0.199709	0.070911	0.067642	False	0.066882
HAP1_chr23	HAP1_chr27	11,13,15,17,19,23	23	16363082	15634495	534671	31462906	0.016994	0.034198	0.147766	0.136503	False	0.153997
HAP1_chr23	HAP1_chr28	11,13,15,17,19,23	23	16363082	15712907	499885	31576104	0.015831	0.031814	0.150797	0.139212	False	0.157272
HAP1_chr23	HAP1_chr29	11,13,15,17,19,23	23	16363082	14732132	490986	30604228	0.016043	0.033328	0.150228	0.137470	False	0.156428
HAP1_chr23	HAP1_chr30	11,13,15,17,19,23	23	16363082	14336542	494848	30204776	0.016383	0.034517	0.149331	0.136155	False	0.155259
HAP1_chr23	HAP1_chr31	11,13,15,17,19,23	23	16363082	9956759	438062	25881779	0.016925	0.043996	0.147938	0.126992	False	0.149159
HAP1_chr23	HAP1_chr32	11,13,15,17,19,23	23	16363082	13614511	475268	29502325	0.016110	0.034909	0.150051	0.135730	False	0.156547
HAP1_chr23	HAP1_chr33	11,13,15,17,19,23	23	16363082	13499049	567573	29294558	0.019375	0.042045	0.142167	0.128712	False	0.144996
HAP1_chr23	HAP1_chr34	11,13,15,17,19,23	23	16363082	13150181	594275	28918988	0.020550	0.045191	0.139657	0.125974	False	0.142792
HAP1_chr23	HAP1_chr35	11,13,15,17,19,23	23	16363082	12136965	424428	28075619	0.015117	0.034970	0.152773	0.135665	False	0.158292
HAP1_chr23	HAP1_chr36	11,13,15,17,19,23	23	16363082	11393762	404718	27352126	0.014797	0.035521	0.153691	0.135077	False	0.159648
HAP1_chr23	HAP1_chr37	11,13,15,17,19,23	23	16363082	10298369	414495	26246956	0.015792	0.040249	0.150903	0.130365	False	0.156091
HAP1_chr23	HAP1_chr38	11,13,15,17,19,23	23	16363082	10094622	401420	26056284	0.015406	0.039766	0.151963	0.130821	False	0.157284
HAP1_chr23	HAP2_chr01	11,13,15,17,19,23	23	16363082	27515200	778118	43100164	0.018054	0.047553	0.145180	0.124036	False	0.152146
HAP1_chr23	HAP2_chr02	11,13,15,17,19,23	23	16363082	25346546	712406	40997222	0.017377	0.043537	0.146813	0.127390	False	0.153990
HAP1_chr23	HAP2_chr03	11,13,15,17,19,23	23	16363082	13022664	514613	28871133	0.017824	0.039517	0.145726	0.131059	False	0.149196
HAP1_chr23	HAP2_chr04	11,13,15,17,19,23	23	16363082	12989051	510875	28841258	0.017713	0.039331	0.145993	0.131236	False	0.149744
HAP1_chr23	HAP2_chr05	11,13,15,17,19,23	23	16363082	11246860	477893	27132049	0.017614	0.042491	0.146235	0.128312	False	0.148956
HAP1_chr23	HAP2_chr06	11,13,15,17,19,23	23	16363082	11933174	486501	27809755	0.017494	0.040769	0.146526	0.129879	False	0.150732
HAP1_chr23	HAP2_chr07	11,13,15,17,19,23	23	16363082	11716945	471775	27608252	0.017088	0.040264	0.147529	0.130350	False	0.150198
HAP1_chr23	HAP2_chr08	11,13,15,17,19,23	23	16363082	11113854	464735	27012201	0.017205	0.041816	0.147239	0.128920	False	0.151485
HAP1_chr23	HAP2_chr09	11,13,15,17,19,23	23	16363082	12589605	494324	28458363	0.017370	0.039264	0.146830	0.131301	False	0.150593
HAP1_chr23	HAP2_chr10	11,13,15,17,19,23	23	16363082	12335669	514778	28183973	0.018265	0.041731	0.144684	0.128997	False	0.148783
HAP1_chr23	HAP2_chr11	11,13,15,17,19,23	23	16363082	11190208	453538	27099752	0.016736	0.040530	0.148420	0.130102	False	0.151939
HAP1_chr23	HAP2_chr12	11,13,15,17,19,23	23	16363082	12581476	498475	28446083	0.017524	0.039620	0.146454	0.130960	False	0.150369
HAP1_chr23	HAP2_chr13	11,13,15,17,19,23	23	16363082	13261829	530167	29094744	0.018222	0.039977	0.144784	0.130621	False	0.148729
HAP1_chr23	HAP2_chr14	11,13,15,17,19,23	23	16363082	14830231	524182	30669131	0.017092	0.035346	0.147521	0.135263	False	0.153450
HAP1_chr23	HAP2_chr15	11,13,15,17,19,23	23	16363082	10541427	433562	26470947	0.016379	0.041129	0.149342	0.129546	False	0.151265
HAP1_chr23	HAP2_chr16	11,13,15,17,19,23	23	16363082	11821509	481669	27702922	0.017387	0.040745	0.146788	0.129901	False	0.150960
HAP1_chr23	HAP2_chr17	11,13,15,17,19,23	23	16363082	19099040	559457	34902665	0.016029	0.034190	0.150266	0.136511	False	0.156816
HAP1_chr23	HAP2_chr18	11,13,15,17,19,23	23	16363082	18280303	529768	34113617	0.015530	0.032376	0.151621	0.138556	False	0.158480
HAP1_chr23	HAP2_chr19	11,13,15,17,19,23	23	16363082	10659886	451257	26571711	0.016983	0.042332	0.147794	0.128455	False	0.151425
HAP1_chr23	HAP2_chr20	11,13,15,17,19,23	23	16363082	17893840	586990	33669932	0.017434	0.035873	0.146673	0.134706	False	0.153759
HAP1_chr23	HAP2_chr21	11,13,15,17,19,23	23	16363082	16782998	513882	32632198	0.015748	0.031405	0.151023	0.139696	False	0.158091
HAP1_chr23	HAP2_chr22	11,13,15,17,19,23	23	16363082	17310261	615637	33057706	0.018623	0.037624	0.143855	0.132911	False	0.150670
HAP1_chr23	HAP2_chr23	11,13,15,17,19,23	23	16363082	16374851	13474858	19263075	0.699517	0.823491	0.008459	0.008408	False	0.007046
HAP1_chr23	HAP2_chr24	11,13,15,17,19,23	23	16363082	10514192	404225	26473049	0.015269	0.038446	0.152344	0.132096	False	0.154837
HAP1_chr23	HAP2_chr25	11,13,15,17,19,23	23	16363082	15741013	587356	31516739	0.018636	0.037314	0.143824	0.133223	False	0.149584
HAP1_chr23	HAP2_chr26	11,13,15,17,19,23	23	16363082	15907494	3129144	29141432	0.107378	0.196709	0.071315	0.068256	False	0.067273
HAP1_chr23	HAP2_chr27	11,13,15,17,19,23	23	16363082	15728078	538639	31552521	0.017071	0.034247	0.147571	0.136449	False	0.153772
HAP1_chr23	HAP2_chr28	11,13,15,17,19,23	23	16363082	15907855	503615	31767322	0.015853	0.031658	0.150738	0.139395	False	0.157084
HAP1_chr23	HAP2_chr29	11,13,15,17,19,23	23	16363082	14792090	503426	30651746	0.016424	0.034033	0.149224	0.136684	False	0.155729
HAP1_chr23	HAP2_chr30	11,13,15,17,19,23	23	16363082	14448376	493181	30318277	0.016267	0.034134	0.149636	0.136573	False	0.155464
HAP1_chr23	HAP2_chr31	11,13,15,17,19,23	23	16363082	10247886	436178	26174790	0.016664	0.042563	0.148604	0.128249	False	0.149894
HAP1_chr23	HAP2_chr32	11,13,15,17,19,23	23	16363082	13681624	475583	29569123	0.016084	0.034761	0.150120	0.135890	False	0.156679
HAP1_chr23	HAP2_chr33	11,13,15,17,19,23	23	16363082	13723868	624297	29462653	0.021189	0.045490	0.138351	0.125724	False	0.141704
HAP1_chr23	HAP2_chr34	11,13,15,17,19,23	23	16363082	13124268	611565	28875785	0.021179	0.046598	0.138372	0.124809	False	0.141689
HAP1_chr23	HAP2_chr35	11,13,15,17,19,23	23	16363082	12183454	441294	28105242	0.015701	0.036221	0.151149	0.134343	False	0.157168
HAP1_chr23	HAP2_chr36	11,13,15,17,19,23	23	16363082	11390521	404024	27349579	0.014773	0.035470	0.153761	0.135130	False	0.159802
HAP1_chr23	HAP2_chr37	11,13,15,17,19,23	23	16363082	10244966	394231	26213817	0.015039	0.038480	0.152995	0.132062	False	0.157751
HAP1_chr23	HAP2_chr38	11,13,15,17,19,23	23	16363082	10059451	390904	26031629	0.015017	0.038859	0.153059	0.131692	False	0.158338
HAP1_chr24	HAP1_chr25	11,13,15,17,19,23	23	10948765	15691712	516116	26124361	0.019756	0.047139	0.141335	0.124369	False	0.141803
HAP1_chr24	HAP1_chr26	11,13,15,17,19,23	23	10948765	15725527	452042	26222250	0.017239	0.041287	0.147154	0.129401	False	0.150151
HAP1_chr24	HAP1_chr27	11,13,15,17,19,23	23	10948765	15634495	429068	26154192	0.016405	0.039189	0.149273	0.131373	False	0.151006
HAP1_chr24	HAP1_chr28	11,13,15,17,19,23	23	10948765	15712907	419057	26242615	0.015969	0.038274	0.150427	0.132265	False	0.152929
HAP1_chr24	HAP1_chr29	11,13,15,17,19,23	23	10948765	14732132	425453	25255444	0.016846	0.038859	0.148139	0.131693	False	0.150485
HAP1_chr24	HAP1_chr30	11,13,15,17,19,23	23	10948765	14336542	374806	24910501	0.015046	0.034233	0.152975	0.136465	False	0.154341
HAP1_chr24	HAP1_chr31	11,13,15,17,19,23	23	10948765	9956759	442855	20462669	0.021642	0.044478	0.137451	0.126579	False	0.136715
HAP1_chr24	HAP1_chr32	11,13,15,17,19,23	23	10948765	13614511	389591	24173685	0.016116	0.035583	0.150033	0.135011	False	0.152223
HAP1_chr24	HAP1_chr33	11,13,15,17,19,23	23	10948765	13499049	356955	24090859	0.014817	0.032602	0.153632	0.138295	False	0.156723
HAP1_chr24	HAP1_chr34	11,13,15,17,19,23	23	10948765	13150181	356293	23742653	0.015006	0.032542	0.153088	0.138365	False	0.156150
HAP1_chr24	HAP1_chr35	11,13,15,17,19,23	23	10948765	12136965	365757	22719973	0.016098	0.033406	0.150081	0.137382	False	0.151498
HAP1_chr24	HAP1_chr36	11,13,15,17,19,23	23	10948765	11393762	316781	22025746	0.014382	0.028933	0.154908	0.142757	False	0.156677
HAP1_chr24	HAP1_chr37	11,13,15,17,19,23	23	10948765	10298369	318251	20928883	0.015206	0.030903	0.152521	0.140298	False	0.153818
HAP1_chr24	HAP1_chr38	11,13,15,17,19,23	23	10948765	10094622	310981	20732406	0.015000	0.030807	0.153107	0.140415	False	0.154118
HAP1_chr24	HAP2_chr01	11,13,15,17,19,23	23	10948765	27515200	668885	37795080	0.017698	0.061092	0.146031	0.114442	False	0.148125
HAP1_chr24	HAP2_chr02	11,13,15,17,19,23	23	10948765	25346546	603037	35692274	0.016895	0.055078	0.148014	0.118424	False	0.150095
HAP1_chr24	HAP2_chr03	11,13,15,17,19,23	23	10948765	13022664	528621	23442808	0.022549	0.048281	0.135704	0.123457	False	0.136433
HAP1_chr24	HAP2_chr04	11,13,15,17,19,23	23	10948765	12989051	525414	23412402	0.022442	0.047988	0.135908	0.123689	False	0.136374
HAP1_chr24	HAP2_chr05	11,13,15,17,19,23	23	10948765	11246860	497548	21698077	0.022931	0.045443	0.134992	0.125763	False	0.135676
HAP1_chr24	HAP2_chr06	11,13,15,17,19,23	23	10948765	11933174	561730	22320209	0.025167	0.051305	0.131041	0.121139	False	0.132345
HAP1_chr24	HAP2_chr07	11,13,15,17,19,23	23	10948765	11716945	1891462	20774248	0.091048	0.172756	0.077842	0.073501	False	0.070030
HAP1_chr24	HAP2_chr08	11,13,15,17,19,23	23	10948765	11113854	471857	21590762	0.021855	0.043097	0.137036	0.127776	False	0.139224
HAP1_chr24	HAP2_chr09	11,13,15,17,19,23	23	10948765	12589605	534325	23004045	0.023227	0.048802	0.134445	0.123048	False	0.134881
HAP1_chr24	HAP2_chr10	11,13,15,17,19,23	23	10948765	12335669	537679	22746755	0.023638	0.049109	0.133701	0.122810	False	0.134699
HAP1_chr24	HAP2_chr11	11,13,15,17,19,23	23	10948765	11190208	486969	21652004	0.022491	0.044477	0.135815	0.126580	False	0.136318
HAP1_chr24	HAP2_chr12	11,13,15,17,19,23	23	10948765	12581476	519326	23010915	0.022569	0.047432	0.135668	0.124133	False	0.135935
HAP1_chr24	HAP2_chr13	11,13,15,17,19,23	23	10948765	13261829	535249	23675345	0.022608	0.048887	0.135594	0.122982	False	0.135697
HAP1_chr24	HAP2_chr14	11,13,15,17,19,23	23	10948765	14830231	552399	25226597	0.021897	0.050453	0.136952	0.121779	False	0.138652
HAP1_chr24	HAP2_chr15	11,13,15,17,19,23	23	10948765	10541427	528456	20961736	0.025211	0.050131	0.130967	0.122023	False	0.130757
HAP1_chr24	HAP2_chr16	11,13,15,17,19,23	23	10948765	11821509	489783	22280491	0.021983	0.044734	0.136787	0.126361	False	0.137453
HAP1_chr24	HAP2_chr17	11,13,15,17,19,23	23	10948765	19099040	462860	29584945	0.015645	0.042275	0.151303	0.128506	False	0.153868
HAP1_chr24	HAP2_chr18	11,13,15,17,19,23	23	10948765	18280303	459060	28770008	0.015956	0.041928	0.150460	0.128818	False	0.152880
HAP1_chr24	HAP2_chr19	11,13,15,17,19,23	23	10948765	10659886	450003	21158648	0.021268	0.042215	0.138193	0.128560	False	0.138732
HAP1_chr24	HAP2_chr20	11,13,15,17,19,23	23	10948765	17893840	456072	28386533	0.016066	0.041655	0.150166	0.129065	False	0.152752
HAP1_chr24	HAP2_chr21	11,13,15,17,19,23	23	10948765	16782998	420271	27311492	0.015388	0.038385	0.152012	0.132155	False	0.154529
HAP1_chr24	HAP2_chr22	11,13,15,17,19,23	23	10948765	17310261	525015	27734011	0.018930	0.047952	0.143156	0.123718	False	0.145635
HAP1_chr24	HAP2_chr23	11,13,15,17,19,23	23	10948765	16374851	444365	26879251	0.016532	0.040586	0.148944	0.130049	False	0.151647
HAP1_chr24	HAP2_chr24	11,13,15,17,19,23	23	10948765	10514192	7974215	13488742	0.591176	0.758424	0.012912	0.011950	False	0.009716
HAP1_chr24	HAP2_chr25	11,13,15,17,19,23	23	10948765	15741013	516330	26173448	0.019727	0.047159	0.141398	0.124354	False	0.141986
HAP1_chr24	HAP2_chr26	11,13,15,17,19,23	23	10948765	15907494	466387	26389872	0.017673	0.042597	0.146091	0.128218	False	0.149101
HAP1_chr24	HAP2_chr27	11,13,15,17,19,23	23	10948765	15728078	434815	26242028	0.016569	0.039714	0.148847	0.130871	False	0.150648
HAP1_chr24	HAP2_chr28	11,13,15,17,19,23	23	10948765	15907855	430616	26426004	0.016295	0.039330	0.149561	0.131237	False	0.152084
HAP1_chr24	HAP2_chr29	11,13,15,17,19,23	23	10948765	14792090	430175	25310680	0.016996	0.039290	0.147761	0.131276	False	0.150095
HAP1_chr24	HAP2_chr30	11,13,15,17,19,23	23	10948765	14448376	400689	24996452	0.016030	0.036597	0.150263	0.133954	False	0.152118
HAP1_chr24	HAP2_chr31	11,13,15,17,19,23	23	10948765	10247886	470756	20725895	0.022713	0.045937	0.135396	0.125352	False	0.134719
HAP1_chr24	HAP2_chr32	11,13,15,17,19,23	23	10948765	13681624	401317	24229072	0.016563	0.036654	0.148862	0.133895	False	0.151282
HAP1_chr24	HAP2_chr33	11,13,15,17,19,23	23	10948765	13723868	384680	24287953	0.015838	0.035135	0.150778	0.135488	False	0.153827
HAP1_chr24	HAP2_chr34	11,13,15,17,19,23	23	10948765	13124268	364774	23708259	0.015386	0.033316	0.152018	0.137483	False	0.155068
HAP1_chr24	HAP2_chr35	11,13,15,17,19,23	23	10948765	12183454	372407	22759812	0.016362	0.034014	0.149385	0.136706	False	0.151134
HAP1_chr24	HAP2_chr36	11,13,15,17,19,23	23	10948765	11390521	315036	22024250	0.014304	0.028774	0.155142	0.142963	False	0.156877
HAP1_chr24	HAP2_chr37	11,13,15,17,19,23	23	10948765	10244966	307170	20886561	0.014707	0.029983	0.153953	0.141428	False	0.154924
HAP1_chr24	HAP2_chr38	11,13,15,17,19,23	23	10948765	10059451	305420	20702796	0.014753	0.030361	0.153819	0.140959	False	0.154683
HAP1_chr25	HAP1_chr26	11,13,15,17,19,23	23	15691712	15725527	548397	30868842	0.017765	0.034948	0.145868	0.135688	False	0.151652
HAP1_chr25	HAP1_chr27	11,13,15,17,19,23	23	15691712	15634495	539510	30786697	0.017524	0.034508	0.146452	0.136164	False	0.150661
HAP1_chr25	HAP1_chr28	11,13,15,17,19,23	23	15691712	15712907	521205	30883414	0.016877	0.033215	0.148062	0.137597	False	0.152784
HAP1_chr25	HAP1_chr29	11,13,15,17,19,23	23	15691712	14732132	479412	29944432	0.016010	0.032542	0.150316	0.138364	False	0.154641
HAP1_chr25	HAP1_chr30	11,13,15,17,19,23	23	15691712	14336542	498622	29529632	0.016885	0.034780	0.148039	0.135869	False	0.152116
HAP1_chr25	HAP1_chr31	11,13,15,17,19,23	23	15691712	9956759	501925	25146546	0.019960	0.050410	0.140897	0.121811	False	0.140941
HAP1_chr25	HAP1_chr32	11,13,15,17,19,23	23	15691712	13614511	460731	28845492	0.015972	0.033841	0.150417	0.136897	False	0.154933
HAP1_chr25	HAP1_chr33	11,13,15,17,19,23	23	15691712	13499049	440393	28750368	0.015318	0.032624	0.152208	0.138270	False	0.157630
HAP1_chr25	HAP1_chr34	11,13,15,17,19,23	23	15691712	13150181	447491	28394402	0.015760	0.034029	0.150990	0.136689	False	0.156783
HAP1_chr25	HAP1_chr35	11,13,15,17,19,23	23	15691712	12136965	430833	27397844	0.015725	0.035498	0.151085	0.135101	False	0.154804
HAP1_chr25	HAP1_chr36	11,13,15,17,19,23	23	15691712	11393762	418036	26667438	0.015676	0.036690	0.151219	0.133858	False	0.155985
HAP1_chr25	HAP1_chr37	11,13,15,17,19,23	23	15691712	10298369	461240	25528841	0.018067	0.044788	0.145148	0.126315	False	0.147451
HAP1_chr25	HAP1_chr38	11,13,15,17,19,23	23	15691712	10094622	448813	25337521	0.017713	0.044461	0.145993	0.126594	False	0.148188
HAP1_chr25	HAP2_chr01	11,13,15,17,19,23	23	15691712	27515200	828632	42378280	0.019553	0.052807	0.141775	0.120036	False	0.146438
HAP1_chr25	HAP2_chr02	11,13,15,17,19,23	23	15691712	25346546	754847	40283411	0.018738	0.048105	0.143591	0.123597	False	0.148494
HAP1_chr25	HAP2_chr03	11,13,15,17,19,23	23	15691712	13022664	599358	28115018	0.021318	0.046024	0.138093	0.125280	False	0.139156
HAP1_chr25	HAP2_chr04	11,13,15,17,19,23	23	15691712	12989051	581892	28098871	0.020709	0.044799	0.139328	0.126306	False	0.141756
HAP1_chr25	HAP2_chr05	11,13,15,17,19,23	23	15691712	11246860	536376	26402196	0.020316	0.047691	0.140145	0.123926	False	0.141698
HAP1_chr25	HAP2_chr06	11,13,15,17,19,23	23	15691712	11933174	552527	27072359	0.020409	0.046302	0.139949	0.125051	False	0.143129
HAP1_chr25	HAP2_chr07	11,13,15,17,19,23	23	15691712	11716945	561325	26847332	0.020908	0.047907	0.138920	0.123754	False	0.139607
HAP1_chr25	HAP2_chr08	11,13,15,17,19,23	23	15691712	11113854	543047	26262519	0.020678	0.048862	0.139392	0.123002	False	0.142510
HAP1_chr25	HAP2_chr09	11,13,15,17,19,23	23	15691712	12589605	597117	27684200	0.021569	0.047429	0.137595	0.124136	False	0.138996
HAP1_chr25	HAP2_chr10	11,13,15,17,19,23	23	15691712	12335669	598817	27428564	0.021832	0.048544	0.137080	0.123251	False	0.140009
HAP1_chr25	HAP2_chr11	11,13,15,17,19,23	23	15691712	11190208	555733	26326187	0.021110	0.049662	0.138512	0.122382	False	0.140905
HAP1_chr25	HAP2_chr12	11,13,15,17,19,23	23	15691712	12581476	560127	27713061	0.020212	0.044520	0.140363	0.126543	False	0.142881
HAP1_chr25	HAP2_chr13	11,13,15,17,19,23	23	15691712	13261829	577095	28376446	0.020337	0.043515	0.140100	0.127409	False	0.142413
HAP1_chr25	HAP2_chr14	11,13,15,17,19,23	23	15691712	14830231	2681152	27840791	0.096303	0.180790	0.075611	0.071668	False	0.070696
HAP1_chr25	HAP2_chr15	11,13,15,17,19,23	23	15691712	10541427	539944	25693195	0.021015	0.051221	0.138703	0.121202	False	0.139680
HAP1_chr25	HAP2_chr16	11,13,15,17,19,23	23	15691712	11821509	518955	26994266	0.019225	0.043899	0.142498	0.127076	False	0.145018
HAP1_chr25	HAP2_chr17	11,13,15,17,19,23	23	15691712	19099040	578911	34211841	0.016921	0.036893	0.147948	0.133651	False	0.152215
HAP1_chr25	HAP2_chr18	11,13,15,17,19,23	23	15691712	18280303	562972	33409043	0.016851	0.035877	0.148127	0.134702	False	0.153004
HAP1_chr25	HAP2_chr19	11,13,15,17,19,23	23	15691712	10659886	484349	25867249	0.018724	0.045437	0.143623	0.125769	False	0.146045
HAP1_chr25	HAP2_chr20	11,13,15,17,19,23	23	15691712	17893840	568793	33016759	0.017227	0.036248	0.147182	0.134314	False	0.152038
HAP1_chr25	HAP2_chr21	11,13,15,17,19,23	23	15691712	16782998	513238	31961472	0.016058	0.032708	0.150188	0.138174	False	0.155137
HAP1_chr25	HAP2_chr22	11,13,15,17,19,23	23	15691712	17310261	676667	32325306	0.020933	0.043123	0.138869	0.127753	False	0.144134
HAP1_chr25	HAP2_chr23	11,13,15,17,19,23	23	15691712	16374851	540817	31525746	0.017155	0.034465	0.147363	0.136211	False	0.152389
HAP1_chr25	HAP2_chr24	11,13,15,17,19,23	23	15691712	10514192	490185	25715719	0.019062	0.046621	0.142861	0.124790	False	0.143059
HAP1_chr25	HAP2_chr25	11,13,15,17,19,23	23	15691712	15741013	13104907	18327818	0.715028	0.835148	0.007901	0.007802	False	0.006270
HAP1_chr25	HAP2_chr26	11,13,15,17,19,23	23	15691712	15907494	547934	31051272	0.017646	0.034919	0.146156	0.135720	False	0.151675
HAP1_chr25	HAP2_chr27	11,13,15,17,19,23	23	15691712	15728078	547319	30872471	0.017728	0.034879	0.145957	0.135762	False	0.150177
HAP1_chr25	HAP2_chr28	11,13,15,17,19,23	23	15691712	15907855	514622	31084945	0.016555	0.032796	0.148883	0.138073	False	0.153300
HAP1_chr25	HAP2_chr29	11,13,15,17,19,23	23	15691712	14792090	517050	29966752	0.017254	0.034954	0.147116	0.135681	False	0.151844
HAP1_chr25	HAP2_chr30	11,13,15,17,19,23	23	15691712	14448376	485070	29655018	0.016357	0.033573	0.149399	0.137195	False	0.153374
HAP1_chr25	HAP2_chr31	11,13,15,17,19,23	23	15691712	10247886	531058	25408540	0.020901	0.051821	0.138935	0.120757	False	0.139325
HAP1_chr25	HAP2_chr32	11,13,15,17,19,23	23	15691712	13681624	486826	28886510	0.016853	0.035582	0.148121	0.135012	False	0.153016
HAP1_chr25	HAP2_chr33	11,13,15,17,19,23	23	15691712	13723868	510968	28904612	0.017678	0.037232	0.146079	0.133306	False	0.152174
HAP1_chr25	HAP2_chr34	11,13,15,17,19,23	23	15691712	13124268	452661	28363319	0.015959	0.034490	0.150452	0.136183	False	0.156063
HAP1_chr25	HAP2_chr35	11,13,15,17,19,23	23	15691712	12183454	460513	27414653	0.016798	0.037798	0.148261	0.132737	False	0.152485
HAP1_chr25	HAP2_chr36	11,13,15,17,19,23	23	15691712	11390521	398704	26683529	0.014942	0.035003	0.153272	0.135629	False	0.157759
HAP1_chr25	HAP2_chr37	11,13,15,17,19,23	23	15691712	10244966	444904	25491774	0.017453	0.043427	0.146626	0.127487	False	0.148604
HAP1_chr25	HAP2_chr38	11,13,15,17,19,23	23	15691712	10059451	432687	25318476	0.017090	0.043013	0.147525	0.127850	False	0.149470
HAP1_chr26	HAP1_chr27	11,13,15,17,19,23	23	15725527	15634495	493138	30866884	0.015976	0.031542	0.150407	0.139533	False	0.156458
HAP1_chr26	HAP1_chr28	11,13,15,17,19,23	23	15725527	15712907	516080	30922354	0.016690	0.032844	0.148538	0.138018	False	0.155531
HAP1_chr26	HAP1_chr29	11,13,15,17,19,23	23	15725527	14732132	496352	29961307	0.016566	0.033692	0.148855	0.137063	False	0.155508
HAP1_chr26	HAP1_chr30	11,13,15,17,19,23	23	15725527	14336542	489705	29572364	0.016560	0.034158	0.148873	0.136547	False	0.155173
HAP1_chr26	HAP1_chr31	11,13,15,17,19,23	23	15725527	9956759	441382	25240904	0.017487	0.044330	0.146543	0.126706	False	0.148100
HAP1_chr26	HAP1_chr32	11,13,15,17,19,23	23	15725527	13614511	476145	28863893	0.016496	0.034973	0.149036	0.135661	False	0.155439
HAP1_chr26	HAP1_chr33	11,13,15,17,19,23	23	15725527	13499049	559420	28665156	0.019516	0.041441	0.141857	0.129260	False	0.144684
HAP1_chr26	HAP1_chr34	11,13,15,17,19,23	23	15725527	13150181	594969	28280739	0.021038	0.045244	0.138656	0.125930	False	0.141813
HAP1_chr26	HAP1_chr35	11,13,15,17,19,23	23	15725527	12136965	422823	27439669	0.015409	0.034838	0.151954	0.135807	False	0.157841
HAP1_chr26	HAP1_chr36	11,13,15,17,19,23	23	15725527	11393762	407673	26711616	0.015262	0.035780	0.152365	0.134803	False	0.158538
HAP1_chr26	HAP1_chr37	11,13,15,17,19,23	23	15725527	10298369	404522	25619374	0.015790	0.039280	0.150909	0.131285	False	0.156117
HAP1_chr26	HAP1_chr38	11,13,15,17,19,23	23	15725527	10094622	388347	25431802	0.015270	0.038471	0.152342	0.132072	False	0.157447
HAP1_chr26	HAP2_chr01	11,13,15,17,19,23	23	15725527	27515200	753140	42487587	0.017726	0.047893	0.145963	0.123765	False	0.153279
HAP1_chr26	HAP2_chr02	11,13,15,17,19,23	23	15725527	25346546	717387	40354686	0.017777	0.045619	0.145840	0.125616	False	0.153385
HAP1_chr26	HAP2_chr03	11,13,15,17,19,23	23	15725527	13022664	514511	28233680	0.018223	0.039509	0.144781	0.131066	False	0.148821
HAP1_chr26	HAP2_chr04	11,13,15,17,19,23	23	15725527	12989051	496441	28218137	0.017593	0.038220	0.146285	0.132318	False	0.150338
HAP1_chr26	HAP2_chr05	11,13,15,17,19,23	23	15725527	11246860	466524	26505863	0.017601	0.041480	0.146266	0.129224	False	0.149263
HAP1_chr26	HAP2_chr06	11,13,15,17,19,23	23	15725527	11933174	494866	27163835	0.018218	0.041470	0.144794	0.129234	False	0.149348
HAP1_chr26	HAP2_chr07	11,13,15,17,19,23	23	15725527	11716945	445605	26996867	0.016506	0.038031	0.149012	0.132505	False	0.151838
HAP1_chr26	HAP2_chr08	11,13,15,17,19,23	23	15725527	11113854	480576	26358805	0.018232	0.043241	0.144761	0.127649	False	0.149302
HAP1_chr26	HAP2_chr09	11,13,15,17,19,23	23	15725527	12589605	483882	27831250	0.017386	0.038435	0.146790	0.132107	False	0.150516
HAP1_chr26	HAP2_chr10	11,13,15,17,19,23	23	15725527	12335669	491420	27569776	0.017825	0.039837	0.145726	0.130753	False	0.149711
HAP1_chr26	HAP2_chr11	11,13,15,17,19,23	23	15725527	11190208	456950	26458785	0.017270	0.040835	0.147076	0.129818	False	0.150729
HAP1_chr26	HAP2_chr12	11,13,15,17,19,23	23	15725527	12581476	476516	27830487	0.017122	0.037874	0.147444	0.132661	False	0.151557
HAP1_chr26	HAP2_chr13	11,13,15,17,19,23	23	15725527	13261829	509080	28478276	0.017876	0.038387	0.145603	0.132154	False	0.149980
HAP1_chr26	HAP2_chr14	11,13,15,17,19,23	23	15725527	14830231	516963	30038795	0.017210	0.034859	0.147226	0.135784	False	0.153552
HAP1_chr26	HAP2_chr15	11,13,15,17,19,23	23	15725527	10541427	450172	25816782	0.017437	0.042705	0.146665	0.128122	False	0.149011
HAP1_chr26	HAP2_chr16	11,13,15,17,19,23	23	15725527	11821509	476815	27070221	0.017614	0.040335	0.146234	0.130284	False	0.150561
HAP1_chr26	HAP2_chr17	11,13,15,17,19,23	23	15725527	19099040	573891	34250676	0.016756	0.036494	0.148369	0.134060	False	0.155362
HAP1_chr26	HAP2_chr18	11,13,15,17,19,23	23	15725527	18280303	541763	33464067	0.016189	0.034451	0.149840	0.136226	False	0.156920
HAP1_chr26	HAP2_chr19	11,13,15,17,19,23	23	15725527	10659886	450108	25935305	0.017355	0.042224	0.146867	0.128551	False	0.150619
HAP1_chr26	HAP2_chr20	11,13,15,17,19,23	23	15725527	17893840	564047	33055320	0.017064	0.035868	0.147590	0.134711	False	0.154661
HAP1_chr26	HAP2_chr21	11,13,15,17,19,23	23	15725527	16782998	536437	31972088	0.016778	0.034112	0.148311	0.136597	False	0.155706
HAP1_chr26	HAP2_chr22	11,13,15,17,19,23	23	15725527	17310261	597020	32438768	0.018405	0.037965	0.144359	0.132571	False	0.151337
HAP1_chr26	HAP2_chr23	11,13,15,17,19,23	23	15725527	16374851	3132132	28968246	0.108123	0.199175	0.071044	0.067751	False	0.067064
HAP1_chr26	HAP2_chr24	11,13,15,17,19,23	23	15725527	10514192	423612	25816107	0.016409	0.040290	0.149264	0.130327	False	0.152115
HAP1_chr26	HAP2_chr25	11,13,15,17,19,23	23	15725527	15741013	551237	30915303	0.017831	0.035054	0.145712	0.135575	False	0.151551
HAP1_chr26	HAP2_chr26	11,13,15,17,19,23	23	15725527	15907494	13065200	18567821	0.703647	0.830827	0.008309	0.008026	False	0.006889
HAP1_chr26	HAP2_chr27	11,13,15,17,19,23	23	15725527	15728078	540731	30912874	0.017492	0.034386	0.146530	0.136298	False	0.153005
HAP1_chr26	HAP2_chr28	11,13,15,17,19,23	23	15725527	15907855	506114	31127268	0.016260	0.032184	0.149655	0.138778	False	0.156284
HAP1_chr26	HAP2_chr29	11,13,15,17,19,23	23	15725527	14792090	486735	30030882	0.016208	0.032905	0.149791	0.137949	False	0.156388
HAP1_chr26	HAP2_chr30	11,13,15,17,19,23	23	15725527	14448376	492686	29681217	0.016599	0.034100	0.148770	0.136611	False	0.155023
HAP1_chr26	HAP2_chr31	11,13,15,17,19,23	23	15725527	10247886	451877	25521536	0.017706	0.044095	0.146012	0.126907	False	0.147741
HAP1_chr26	HAP2_chr32	11,13,15,17,19,23	23	15725527	13681624	462678	28944473	0.015985	0.033817	0.150383	0.136923	False	0.156705
HAP1_chr26	HAP2_chr33	11,13,15,17,19,23	23	15725527	13723868	596378	28853017	0.020670	0.043456	0.139409	0.127462	False	0.142618
HAP1_chr26	HAP2_chr34	11,13,15,17,19,23	23	15725527	13124268	588058	28261737	0.020808	0.044807	0.139125	0.126299	False	0.142083
HAP1_chr26	HAP2_chr35	11,13,15,17,19,23	23	15725527	12183454	419857	27489124	0.015274	0.034461	0.152332	0.136215	False	0.158328
HAP1_chr26	HAP2_chr36	11,13,15,17,19,23	23	15725527	11390521	397305	26718743	0.014870	0.034880	0.153480	0.135761	False	0.159666
HAP1_chr26	HAP2_chr37	11,13,15,17,19,23	23	15725527	10244966	393022	25577471	0.015366	0.038362	0.152074	0.132178	False	0.157117
HAP1_chr26	HAP2_chr38	11,13,15,17,19,23	23	15725527	10059451	378613	25406365	0.014902	0.037638	0.153386	0.132897	False	0.158630
HAP1_chr27	HAP1_chr28	11,13,15,17,19,23	23	15634495	15712907	459407	30887995	0.014873	0.029384	0.153470	0.142180	False	0.158756
HAP1_chr27	HAP1_chr29	11,13,15,17,19,23	23	15634495	14732132	2874320	27492307	0.104550	0.195106	0.072364	0.068587	False	0.067494
HAP1_chr27	HAP1_chr30	11,13,15,17,19,23	23	15634495	14336542	566539	29404498	0.019267	0.039517	0.142404	0.131058	False	0.143496
HAP1_chr27	HAP1_chr31	11,13,15,17,19,23	23	15634495	9956759	427488	25163766	0.016988	0.042934	0.147780	0.127919	False	0.148354
HAP1_chr27	HAP1_chr32	11,13,15,17,19,23	23	15634495	13614511	539843	28709163	0.018804	0.039652	0.143442	0.130929	False	0.144846
HAP1_chr27	HAP1_chr33	11,13,15,17,19,23	23	15634495	13499049	439647	28693897	0.015322	0.032569	0.152197	0.138334	False	0.158318
HAP1_chr27	HAP1_chr34	11,13,15,17,19,23	23	15634495	13150181	424083	28360593	0.014953	0.032249	0.153240	0.138703	False	0.159610
HAP1_chr27	HAP1_chr35	11,13,15,17,19,23	23	15634495	12136965	400683	27370777	0.014639	0.033013	0.154150	0.137825	False	0.158421
HAP1_chr27	HAP1_chr36	11,13,15,17,19,23	23	15634495	11393762	363714	26664543	0.013640	0.031922	0.157179	0.139084	False	0.161651
HAP1_chr27	HAP1_chr37	11,13,15,17,19,23	23	15634495	10298369	400514	25532350	0.015687	0.038891	0.151190	0.131661	False	0.155562
HAP1_chr27	HAP1_chr38	11,13,15,17,19,23	23	15634495	10094622	362417	25366700	0.014287	0.035902	0.155193	0.134675	False	0.159209
HAP1_chr27	HAP2_chr01	11,13,15,17,19,23	23	15634495	27515200	741605	42408090	0.017487	0.047434	0.146542	0.124132	False	0.152028
HAP1_chr27	HAP2_chr02	11,13,15,17,19,23	23	15634495	25346546	648400	40332641	0.016076	0.041472	0.150140	0.129232	False	0.155596
HAP1_chr27	HAP2_chr03	11,13,15,17,19,23	23	15634495	13022664	500170	28156989	0.017764	0.038408	0.145872	0.132133	False	0.148337
HAP1_chr27	HAP2_chr04	11,13,15,17,19,23	23	15634495	12989051	489644	28133902	0.017404	0.037697	0.146746	0.132838	False	0.149703
HAP1_chr27	HAP2_chr05	11,13,15,17,19,23	23	15634495	11246860	443222	26438133	0.016764	0.039409	0.148347	0.131162	False	0.150234
HAP1_chr27	HAP2_chr06	11,13,15,17,19,23	23	15634495	11933174	474948	27092721	0.017530	0.039801	0.146437	0.130788	False	0.149991
HAP1_chr27	HAP2_chr07	11,13,15,17,19,23	23	15634495	11716945	464031	26887409	0.017258	0.039603	0.147105	0.130976	False	0.149332
HAP1_chr27	HAP2_chr08	11,13,15,17,19,23	23	15634495	11113854	442936	26305413	0.016838	0.039854	0.148159	0.130737	False	0.151500
HAP1_chr27	HAP2_chr09	11,13,15,17,19,23	23	15634495	12589605	475920	27748180	0.017151	0.037803	0.147371	0.132732	False	0.149884
HAP1_chr27	HAP2_chr10	11,13,15,17,19,23	23	15634495	12335669	476623	27493541	0.017336	0.038638	0.146914	0.131908	False	0.149816
HAP1_chr27	HAP2_chr11	11,13,15,17,19,23	23	15634495	11190208	467796	26356907	0.017749	0.041804	0.145909	0.128930	False	0.148601
HAP1_chr27	HAP2_chr12	11,13,15,17,19,23	23	15634495	12581476	493585	27722386	0.017805	0.039231	0.145774	0.131333	False	0.148817
HAP1_chr27	HAP2_chr13	11,13,15,17,19,23	23	15634495	13261829	504867	28391457	0.017782	0.038069	0.145827	0.132467	False	0.148641
HAP1_chr27	HAP2_chr14	11,13,15,17,19,23	23	15634495	14830231	518862	29945864	0.017327	0.034987	0.146937	0.135646	False	0.151863
HAP1_chr27	HAP2_chr15	11,13,15,17,19,23	23	15634495	10541427	423109	25752813	0.016430	0.040138	0.149209	0.130469	False	0.150199
HAP1_chr27	HAP2_chr16	11,13,15,17,19,23	23	15634495	11821509	461948	26994056	0.017113	0.039077	0.147467	0.131481	False	0.150660
HAP1_chr27	HAP2_chr17	11,13,15,17,19,23	23	15634495	19099040	507471	34226064	0.014827	0.032458	0.153603	0.138461	False	0.158586
HAP1_chr27	HAP2_chr18	11,13,15,17,19,23	23	15634495	18280303	500668	33414130	0.014984	0.032023	0.153153	0.138966	False	0.158514
HAP1_chr27	HAP2_chr19	11,13,15,17,19,23	23	15634495	10659886	423021	25871360	0.016351	0.039683	0.149415	0.130900	False	0.152316
HAP1_chr27	HAP2_chr20	11,13,15,17,19,23	23	15634495	17893840	503367	33024968	0.015242	0.032196	0.152421	0.138765	False	0.157608
HAP1_chr27	HAP2_chr21	11,13,15,17,19,23	23	15634495	16782998	455445	31962048	0.014250	0.029131	0.155306	0.142503	False	0.160726
HAP1_chr27	HAP2_chr22	11,13,15,17,19,23	23	15634495	17310261	550062	32394694	0.016980	0.035183	0.147800	0.135437	False	0.153099
HAP1_chr27	HAP2_chr23	11,13,15,17,19,23	23	15634495	16374851	532232	31477114	0.016909	0.034042	0.147981	0.136674	False	0.153889
HAP1_chr27	HAP2_chr24	11,13,15,17,19,23	23	15634495	10514192	393384	25755303	0.015274	0.037415	0.152331	0.133121	False	0.153701
HAP1_chr27	HAP2_chr25	11,13,15,17,19,23	23	15634495	15741013	549551	30825957	0.017828	0.035150	0.145719	0.135472	False	0.150047
HAP1_chr27	HAP2_chr26	11,13,15,17,19,23	23	15634495	15907494	507293	31034696	0.016346	0.032447	0.149428	0.138474	False	0.155612
HAP1_chr27	HAP2_chr27	11,13,15,17,19,23	23	15634495	15728078	12804354	18558219	0.689956	0.818981	0.008812	0.008645	False	0.007124
HAP1_chr27	HAP2_chr28	11,13,15,17,19,23	23	15634495	15907855	488787	31053563	0.015740	0.031263	0.151044	0.139865	False	0.156391
HAP1_chr27	HAP2_chr29	11,13,15,17,19,23	23	15634495	14792090	2881651	27544934	0.104616	0.194810	0.072339	0.068649	False	0.067461
HAP1_chr27	HAP2_chr30	11,13,15,17,19,23	23	15634495	14448376	573297	29509574	0.019427	0.039679	0.142050	0.130904	False	0.143221
HAP1_chr27	HAP2_chr31	11,13,15,17,19,23	23	15634495	10247886	413295	25469086	0.016227	0.040330	0.149740	0.130289	False	0.150076
HAP1_chr27	HAP2_chr32	11,13,15,17,19,23	23	15634495	13681624	570980	28745139	0.019864	0.041733	0.141104	0.128994	False	0.142900
HAP1_chr27	HAP2_chr33	11,13,15,17,19,23	23	15634495	13723868	457806	28900557	0.015841	0.033358	0.150771	0.137436	False	0.157136
HAP1_chr27	HAP2_chr34	11,13,15,17,19,23	23	15634495	13124268	430497	28328266	0.015197	0.032802	0.152548	0.138067	False	0.158729
HAP1_chr27	HAP2_chr35	11,13,15,17,19,23	23	15634495	12183454	397978	27419971	0.014514	0.032665	0.154517	0.138222	False	0.158868
HAP1_chr27	HAP2_chr36	11,13,15,17,19,23	23	15634495	11390521	376298	26648718	0.014121	0.033036	0.155695	0.137800	False	0.160415
HAP1_chr27	HAP2_chr37	11,13,15,17,19,23	23	15634495	10244966	376086	25503375	0.014747	0.036709	0.153837	0.133838	False	0.157594
HAP1_chr27	HAP2_chr38	11,13,15,17,19,23	23	15634495	10059451	344861	25349085	0.013604	0.034282	0.157292	0.136410	False	0.161013
HAP1_chr28	HAP1_chr29	11,13,15,17,19,23	23	15712907	14732132	466629	29978410	0.015566	0.031674	0.151522	0.139376	False	0.157294
HAP1_chr28	HAP1_chr30	11,13,15,17,19,23	23	15712907	14336542	432787	29616662	0.014613	0.030188	0.154226	0.141173	False	0.159278
HAP1_chr28	HAP1_chr31	11,13,15,17,19,23	23	15712907	9956759	427706	25241960	0.016944	0.042956	0.147891	0.127900	False	0.148896
HAP1_chr28	HAP1_chr32	11,13,15,17,19,23	23	15712907	13614511	426862	28900556	0.014770	0.031353	0.153768	0.139757	False	0.159268
HAP1_chr28	HAP1_chr33	11,13,15,17,19,23	23	15712907	13499049	391890	28820066	0.013598	0.029031	0.157313	0.142631	False	0.163577
HAP1_chr28	HAP1_chr34	11,13,15,17,19,23	23	15712907	13150181	407314	28455774	0.014314	0.030974	0.155112	0.140212	False	0.161583
HAP1_chr28	HAP1_chr35	11,13,15,17,19,23	23	15712907	12136965	385137	27464735	0.014023	0.031733	0.155993	0.139307	False	0.160517
HAP1_chr28	HAP1_chr36	11,13,15,17,19,23	23	15712907	11393762	378576	26728093	0.014164	0.033227	0.155564	0.137584	False	0.160514
HAP1_chr28	HAP1_chr37	11,13,15,17,19,23	23	15712907	10298369	363623	25647653	0.014178	0.035309	0.155523	0.135302	False	0.160029
HAP1_chr28	HAP1_chr38	11,13,15,17,19,23	23	15712907	10094622	392940	25414589	0.015461	0.038926	0.151809	0.131628	False	0.156626
HAP1_chr28	HAP2_chr01	11,13,15,17,19,23	23	15712907	27515200	689480	42538627	0.016208	0.043880	0.149790	0.127093	False	0.155556
HAP1_chr28	HAP2_chr02	11,13,15,17,19,23	23	15712907	25346546	699319	40360134	0.017327	0.044506	0.146936	0.126555	False	0.153312
HAP1_chr28	HAP2_chr03	11,13,15,17,19,23	23	15712907	13022664	484762	28250809	0.017159	0.037224	0.147352	0.133313	False	0.150263
HAP1_chr28	HAP2_chr04	11,13,15,17,19,23	23	15712907	12989051	482743	28219215	0.017107	0.037165	0.147482	0.133373	False	0.149905
HAP1_chr28	HAP2_chr05	11,13,15,17,19,23	23	15712907	11246860	427634	26532133	0.016118	0.038023	0.150030	0.132514	False	0.152440
HAP1_chr28	HAP2_chr06	11,13,15,17,19,23	23	15712907	11933174	506005	27140076	0.018644	0.042403	0.143806	0.128391	False	0.145974
HAP1_chr28	HAP2_chr07	11,13,15,17,19,23	23	15712907	11716945	439319	26990533	0.016277	0.037494	0.149609	0.133041	False	0.152034
HAP1_chr28	HAP2_chr08	11,13,15,17,19,23	23	15712907	11113854	468340	26358421	0.017768	0.042140	0.145861	0.128627	False	0.149806
HAP1_chr28	HAP2_chr09	11,13,15,17,19,23	23	15712907	12589605	468489	27834023	0.016832	0.037212	0.148176	0.133326	False	0.151321
HAP1_chr28	HAP2_chr10	11,13,15,17,19,23	23	15712907	12335669	474229	27574347	0.017198	0.038444	0.147255	0.132098	False	0.150889
HAP1_chr28	HAP2_chr11	11,13,15,17,19,23	23	15712907	11190208	441704	26461411	0.016692	0.039472	0.148531	0.131101	False	0.151504
HAP1_chr28	HAP2_chr12	11,13,15,17,19,23	23	15712907	12581476	461899	27832484	0.016596	0.036713	0.148779	0.133835	False	0.152161
HAP1_chr28	HAP2_chr13	11,13,15,17,19,23	23	15712907	13261829	528723	28446013	0.018587	0.039868	0.143938	0.130724	False	0.146149
HAP1_chr28	HAP2_chr14	11,13,15,17,19,23	23	15712907	14830231	504268	30038870	0.016787	0.034003	0.148289	0.136718	False	0.153604
HAP1_chr28	HAP2_chr15	11,13,15,17,19,23	23	15712907	10541427	432890	25821444	0.016765	0.041066	0.148346	0.129605	False	0.150164
HAP1_chr28	HAP2_chr16	11,13,15,17,19,23	23	15712907	11821509	473572	27060844	0.017500	0.040060	0.146510	0.130542	False	0.149484
HAP1_chr28	HAP2_chr17	11,13,15,17,19,23	23	15712907	19099040	532758	34279189	0.015542	0.033906	0.151587	0.136825	False	0.157270
HAP1_chr28	HAP2_chr18	11,13,15,17,19,23	23	15712907	18280303	493635	33499575	0.014736	0.031416	0.153868	0.139683	False	0.159679
HAP1_chr28	HAP2_chr19	11,13,15,17,19,23	23	15712907	10659886	422147	25950646	0.016267	0.039601	0.149634	0.130978	False	0.152868
HAP1_chr28	HAP2_chr20	11,13,15,17,19,23	23	15712907	17893840	580050	33026697	0.017563	0.036916	0.146357	0.133627	False	0.150500
HAP1_chr28	HAP2_chr21	11,13,15,17,19,23	23	15712907	16782998	516766	31979139	0.016159	0.032888	0.149919	0.137968	False	0.153721
HAP1_chr28	HAP2_chr22	11,13,15,17,19,23	23	15712907	17310261	3017216	30005952	0.100554	0.192022	0.073901	0.069232	False	0.069768
HAP1_chr28	HAP2_chr23	11,13,15,17,19,23	23	15712907	16374851	495737	31592021	0.015692	0.031550	0.151176	0.139524	False	0.157588
HAP1_chr28	HAP2_chr24	11,13,15,17,19,23	23	15712907	10514192	402943	25824156	0.015603	0.038324	0.151418	0.132216	False	0.153787
HAP1_chr28	HAP2_chr25	11,13,15,17,19,23	23	15712907	15741013	525787	30928133	0.017000	0.033462	0.147749	0.137319	False	0.152644
HAP1_chr28	HAP2_chr26	11,13,15,17,19,23	23	15712907	15907494	523522	31096879	0.016835	0.033318	0.148167	0.137481	False	0.155099
HAP1_chr28	HAP2_chr27	11,13,15,17,19,23	23	15712907	15728078	474153	30966832	0.015312	0.030176	0.152226	0.141188	False	0.157662
HAP1_chr28	HAP2_chr28	11,13,15,17,19,23	23	15712907	15907855	12972302	18648460	0.695623	0.825583	0.008602	0.008299	False	0.006965
HAP1_chr28	HAP2_chr29	11,13,15,17,19,23	23	15712907	14792090	490656	30014341	0.016347	0.033170	0.149424	0.137648	False	0.155259
HAP1_chr28	HAP2_chr30	11,13,15,17,19,23	23	15712907	14448376	453667	29707616	0.015271	0.031399	0.152339	0.139703	False	0.157455
HAP1_chr28	HAP2_chr31	11,13,15,17,19,23	23	15712907	10247886	426150	25534643	0.016689	0.041584	0.148539	0.129130	False	0.149552
HAP1_chr28	HAP2_chr32	11,13,15,17,19,23	23	15712907	13681624	442542	28951989	0.015285	0.032346	0.152299	0.138591	False	0.158108
HAP1_chr28	HAP2_chr33	11,13,15,17,19,23	23	15712907	13723868	410177	29026598	0.014131	0.029888	0.155664	0.141546	False	0.162049
HAP1_chr28	HAP2_chr34	11,13,15,17,19,23	23	15712907	13124268	408211	28428964	0.014359	0.031104	0.154978	0.140056	False	0.161371
HAP1_chr28	HAP2_chr35	11,13,15,17,19,23	23	15712907	12183454	415599	27480762	0.015123	0.034112	0.152756	0.136598	False	0.157868
HAP1_chr28	HAP2_chr36	11,13,15,17,19,23	23	15712907	11390521	362388	26741040	0.013552	0.031815	0.157459	0.139210	False	0.162380
HAP1_chr28	HAP2_chr37	11,13,15,17,19,23	23	15712907	10244966	350316	25607557	0.013680	0.034194	0.157054	0.136507	False	0.161215
HAP1_chr28	HAP2_chr38	11,13,15,17,19,23	23	15712907	10059451	363653	25408705	0.014312	0.036150	0.155118	0.134416	False	0.159671
HAP1_chr29	HAP1_chr30	11,13,15,17,19,23	23	14732132	14336542	544464	28524210	0.019088	0.037977	0.142803	0.132558	False	0.144064
HAP1_chr29	HAP1_chr31	11,13,15,17,19,23	23	14732132	9956759	376225	24312666	0.015474	0.037786	0.151773	0.132749	False	0.152578
HAP1_chr29	HAP1_chr32	11,13,15,17,19,23	23	14732132	13614511	522327	27824316	0.018772	0.038365	0.143514	0.132175	False	0.144854
HAP1_chr29	HAP1_chr33	11,13,15,17,19,23	23	14732132	13499049	391384	27839797	0.014058	0.028993	0.155885	0.142679	False	0.161981
HAP1_chr29	HAP1_chr34	11,13,15,17,19,23	23	14732132	13150181	413130	27469183	0.015040	0.031416	0.152993	0.139682	False	0.159619
HAP1_chr29	HAP1_chr35	11,13,15,17,19,23	23	14732132	12136965	374726	26494371	0.014144	0.030875	0.155626	0.140332	False	0.160122
HAP1_chr29	HAP1_chr36	11,13,15,17,19,23	23	14732132	11393762	351411	25774483	0.013634	0.030842	0.157199	0.140372	False	0.161856
HAP1_chr29	HAP1_chr37	11,13,15,17,19,23	23	14732132	10298369	374240	24656261	0.015178	0.036340	0.152600	0.134219	False	0.157013
HAP1_chr29	HAP1_chr38	11,13,15,17,19,23	23	14732132	10094622	355153	24471601	0.014513	0.035182	0.154521	0.135437	False	0.158940
HAP1_chr29	HAP2_chr01	11,13,15,17,19,23	23	14732132	27515200	685266	41562066	0.016488	0.046515	0.149058	0.124877	False	0.154848
HAP1_chr29	HAP2_chr02	11,13,15,17,19,23	23	14732132	25346546	614658	39464020	0.015575	0.041722	0.151495	0.129004	False	0.157190
HAP1_chr29	HAP2_chr03	11,13,15,17,19,23	23	14732132	13022664	428903	27325893	0.015696	0.032935	0.151165	0.137914	False	0.153723
HAP1_chr29	HAP2_chr04	11,13,15,17,19,23	23	14732132	12989051	467647	27253536	0.017159	0.036003	0.147352	0.134569	False	0.150862
HAP1_chr29	HAP2_chr05	11,13,15,17,19,23	23	14732132	11246860	396459	25582533	0.015497	0.035251	0.151710	0.135364	False	0.153818
HAP1_chr29	HAP2_chr06	11,13,15,17,19,23	23	14732132	11933174	445061	26220245	0.016974	0.037296	0.147816	0.133241	False	0.151494
HAP1_chr29	HAP2_chr07	11,13,15,17,19,23	23	14732132	11716945	426703	26022374	0.016398	0.036418	0.149293	0.134139	False	0.151745
HAP1_chr29	HAP2_chr08	11,13,15,17,19,23	23	14732132	11113854	428998	25416988	0.016878	0.038600	0.148057	0.131945	False	0.151706
HAP1_chr29	HAP2_chr09	11,13,15,17,19,23	23	14732132	12589605	470773	26850964	0.017533	0.037394	0.146431	0.133142	False	0.149639
HAP1_chr29	HAP2_chr10	11,13,15,17,19,23	23	14732132	12335669	449699	26618102	0.016894	0.036455	0.148016	0.134100	False	0.151472
HAP1_chr29	HAP2_chr11	11,13,15,17,19,23	23	14732132	11190208	405666	25516674	0.015898	0.036252	0.150617	0.134310	False	0.153229
HAP1_chr29	HAP2_chr12	11,13,15,17,19,23	23	14732132	12581476	420010	26893598	0.015617	0.033383	0.151379	0.137408	False	0.154324
HAP1_chr29	HAP2_chr13	11,13,15,17,19,23	23	14732132	13261829	439555	27554406	0.015952	0.033144	0.150471	0.137677	False	0.153507
HAP1_chr29	HAP2_chr14	11,13,15,17,19,23	23	14732132	14830231	480301	29082062	0.016515	0.032602	0.148987	0.138295	False	0.154086
HAP1_chr29	HAP2_chr15	11,13,15,17,19,23	23	14732132	10541427	412177	24861382	0.016579	0.039101	0.148822	0.131458	False	0.150427
HAP1_chr29	HAP2_chr16	11,13,15,17,19,23	23	14732132	11821509	425027	26128614	0.016267	0.035954	0.149636	0.134621	False	0.152969
HAP1_chr29	HAP2_chr17	11,13,15,17,19,23	23	14732132	19099040	522085	33309087	0.015674	0.035439	0.151224	0.135164	False	0.157184
HAP1_chr29	HAP2_chr18	11,13,15,17,19,23	23	14732132	18280303	487241	32525194	0.014980	0.033073	0.153162	0.137757	False	0.158840
HAP1_chr29	HAP2_chr19	11,13,15,17,19,23	23	14732132	10659886	422693	24969325	0.016928	0.039653	0.147930	0.130929	False	0.151001
HAP1_chr29	HAP2_chr20	11,13,15,17,19,23	23	14732132	17893840	488790	32137182	0.015209	0.033178	0.152512	0.137638	False	0.158262
HAP1_chr29	HAP2_chr21	11,13,15,17,19,23	23	14732132	16782998	460730	31054400	0.014836	0.031274	0.153577	0.139852	False	0.159544
HAP1_chr29	HAP2_chr22	11,13,15,17,19,23	23	14732132	17310261	539220	31503173	0.017116	0.036602	0.147458	0.133949	False	0.153392
HAP1_chr29	HAP2_chr23	11,13,15,17,19,23	23	14732132	16374851	486655	30620328	0.015893	0.033034	0.150630	0.137802	False	0.156618
HAP1_chr29	HAP2_chr24	11,13,15,17,19,23	23	14732132	10514192	388805	24857519	0.015641	0.036979	0.151314	0.133563	False	0.153493
HAP1_chr29	HAP2_chr25	11,13,15,17,19,23	23	14732132	15741013	482070	29991075	0.016074	0.032722	0.150146	0.138157	False	0.154627
HAP1_chr29	HAP2_chr26	11,13,15,17,19,23	23	14732132	15907494	507965	30131661	0.016858	0.034480	0.148108	0.136194	False	0.154548
HAP1_chr29	HAP2_chr27	11,13,15,17,19,23	23	14732132	15728078	2846451	27613759	0.103081	0.193214	0.072922	0.068982	False	0.068036
HAP1_chr29	HAP2_chr28	11,13,15,17,19,23	23	14732132	15907855	467094	30172893	0.015481	0.031706	0.151756	0.139339	False	0.157362
HAP1_chr29	HAP2_chr29	11,13,15,17,19,23	23	14732132	14792090	12269150	17255072	0.711046	0.832816	0.008042	0.007922	False	0.006425
HAP1_chr29	HAP2_chr30	11,13,15,17,19,23	23	14732132	14448376	553443	28627065	0.019333	0.038305	0.142259	0.132235	False	0.143603
HAP1_chr29	HAP2_chr31	11,13,15,17,19,23	23	14732132	10247886	376296	24603722	0.015294	0.036719	0.152274	0.133828	False	0.152977
HAP1_chr29	HAP2_chr32	11,13,15,17,19,23	23	14732132	13681624	536867	27876889	0.019258	0.039240	0.142423	0.131324	False	0.144066
HAP1_chr29	HAP2_chr33	11,13,15,17,19,23	23	14732132	13723868	416354	28039646	0.014849	0.030338	0.153540	0.140988	False	0.159828
HAP1_chr29	HAP2_chr34	11,13,15,17,19,23	23	14732132	13124268	416189	27440211	0.015167	0.031711	0.152632	0.139332	False	0.159182
HAP1_chr29	HAP2_chr35	11,13,15,17,19,23	23	14732132	12183454	372140	26543446	0.014020	0.030545	0.156002	0.140734	False	0.160813
HAP1_chr29	HAP2_chr36	11,13,15,17,19,23	23	14732132	11390521	338356	25784297	0.013123	0.029705	0.158840	0.141775	False	0.163477
HAP1_chr29	HAP2_chr37	11,13,15,17,19,23	23	14732132	10244966	370107	24606991	0.015041	0.036126	0.152990	0.134442	False	0.157296
HAP1_chr29	HAP2_chr38	11,13,15,17,19,23	23	14732132	10059451	339840	24451743	0.013898	0.033783	0.156376	0.136961	False	0.160583
HAP1_chr30	HAP1_chr31	11,13,15,17,19,23	23	14336542	9956759	396758	23896543	0.016603	0.039848	0.148760	0.130743	False	0.149182
HAP1_chr30	HAP1_chr32	11,13,15,17,19,23	23	14336542	13614511	2607931	25343122	0.102905	0.191555	0.072989	0.069331	False	0.067641
HAP1_chr30	HAP1_chr33	11,13,15,17,19,23	23	14336542	13499049	372705	27462886	0.013571	0.027610	0.157397	0.144500	False	0.163110
HAP1_chr30	HAP1_chr34	11,13,15,17,19,23	23	14336542	13150181	386894	27099829	0.014277	0.029421	0.155224	0.142133	False	0.160989
HAP1_chr30	HAP1_chr35	11,13,15,17,19,23	23	14336542	12136965	368668	26104839	0.014123	0.030376	0.155689	0.140941	False	0.159670
HAP1_chr30	HAP1_chr36	11,13,15,17,19,23	23	14336542	11393762	352434	25377870	0.013887	0.030932	0.156409	0.140263	False	0.160870
HAP1_chr30	HAP1_chr37	11,13,15,17,19,23	23	14336542	10298369	357754	24277157	0.014736	0.034739	0.153866	0.135914	False	0.157776
HAP1_chr30	HAP1_chr38	11,13,15,17,19,23	23	14336542	10094622	357445	24073719	0.014848	0.035409	0.153543	0.135195	False	0.157605
HAP1_chr30	HAP2_chr01	11,13,15,17,19,23	23	14336542	27515200	682503	41169239	0.016578	0.047606	0.148825	0.123994	False	0.154000
HAP1_chr30	HAP2_chr02	11,13,15,17,19,23	23	14336542	25346546	617091	39065997	0.015796	0.043043	0.150892	0.127823	False	0.156175
HAP1_chr30	HAP2_chr03	11,13,15,17,19,23	23	14336542	13022664	443223	26915983	0.016467	0.034035	0.149113	0.136683	False	0.151300
HAP1_chr30	HAP2_chr04	11,13,15,17,19,23	23	14336542	12989051	435368	26890225	0.016191	0.033518	0.149837	0.137256	False	0.152378
HAP1_chr30	HAP2_chr05	11,13,15,17,19,23	23	14336542	11246860	413971	25169431	0.016447	0.036808	0.149163	0.133738	False	0.150854
HAP1_chr30	HAP2_chr06	11,13,15,17,19,23	23	14336542	11933174	437116	25832600	0.016921	0.036630	0.147949	0.133919	False	0.151064
HAP1_chr30	HAP2_chr07	11,13,15,17,19,23	23	14336542	11716945	416990	25636497	0.016265	0.035589	0.149639	0.135005	False	0.151279
HAP1_chr30	HAP2_chr08	11,13,15,17,19,23	23	14336542	11113854	408803	25041593	0.016325	0.036783	0.149483	0.133763	False	0.152625
HAP1_chr30	HAP2_chr09	11,13,15,17,19,23	23	14336542	12589605	434895	26491252	0.016417	0.034544	0.149244	0.136125	False	0.151566
HAP1_chr30	HAP2_chr10	11,13,15,17,19,23	23	14336542	12335669	444518	26227693	0.016948	0.036035	0.147880	0.134536	False	0.150538
HAP1_chr30	HAP2_chr11	11,13,15,17,19,23	23	14336542	11190208	405581	25121169	0.016145	0.036244	0.149957	0.134318	False	0.152215
HAP1_chr30	HAP2_chr12	11,13,15,17,19,23	23	14336542	12581476	456476	26461542	0.017251	0.036282	0.147125	0.134280	False	0.149875
HAP1_chr30	HAP2_chr13	11,13,15,17,19,23	23	14336542	13261829	444826	27153545	0.016382	0.033542	0.149334	0.137230	False	0.151941
HAP1_chr30	HAP2_chr14	11,13,15,17,19,23	23	14336542	14830231	447007	28719766	0.015564	0.031180	0.151525	0.139965	False	0.156020
HAP1_chr30	HAP2_chr15	11,13,15,17,19,23	23	14336542	10541427	391949	24486020	0.016007	0.037182	0.150324	0.133357	False	0.151307
HAP1_chr30	HAP2_chr16	11,13,15,17,19,23	23	14336542	11821509	429051	25729000	0.016676	0.036294	0.148573	0.134267	False	0.151423
HAP1_chr30	HAP2_chr17	11,13,15,17,19,23	23	14336542	19099040	500155	32935427	0.015186	0.034887	0.152579	0.135754	False	0.157499
HAP1_chr30	HAP2_chr18	11,13,15,17,19,23	23	14336542	18280303	471719	32145126	0.014675	0.032903	0.154046	0.137951	False	0.159179
HAP1_chr30	HAP2_chr19	11,13,15,17,19,23	23	14336542	10659886	394778	24601650	0.016047	0.037034	0.150218	0.133507	False	0.152465
HAP1_chr30	HAP2_chr20	11,13,15,17,19,23	23	14336542	17893840	481201	31749181	0.015156	0.033565	0.152662	0.137204	False	0.157711
HAP1_chr30	HAP2_chr21	11,13,15,17,19,23	23	14336542	16782998	430934	30688606	0.014042	0.030058	0.155934	0.141333	False	0.161046
HAP1_chr30	HAP2_chr22	11,13,15,17,19,23	23	14336542	17310261	523835	31122968	0.016831	0.036538	0.148177	0.134014	False	0.153467
HAP1_chr30	HAP2_chr23	11,13,15,17,19,23	23	14336542	16374851	484752	30226641	0.016037	0.033812	0.150244	0.136929	False	0.155896
HAP1_chr30	HAP2_chr24	11,13,15,17,19,23	23	14336542	10514192	363326	24487408	0.014837	0.034556	0.153574	0.136112	False	0.155030
HAP1_chr30	HAP2_chr25	11,13,15,17,19,23	23	14336542	15741013	478606	29598949	0.016170	0.033384	0.149892	0.137407	False	0.153779
HAP1_chr30	HAP2_chr26	11,13,15,17,19,23	23	14336542	15907494	494160	29749876	0.016610	0.034469	0.148741	0.136207	False	0.154919
HAP1_chr30	HAP2_chr27	11,13,15,17,19,23	23	14336542	15728078	593365	29471255	0.020134	0.041388	0.140528	0.129309	False	0.141808
HAP1_chr30	HAP2_chr28	11,13,15,17,19,23	23	14336542	15907855	437238	29807159	0.014669	0.030498	0.154063	0.140791	False	0.158863
HAP1_chr30	HAP2_chr29	11,13,15,17,19,23	23	14336542	14792090	563082	28565550	0.019712	0.039276	0.141431	0.131289	False	0.143006
HAP1_chr30	HAP2_chr30	11,13,15,17,19,23	23	14336542	14448376	12013570	16771348	0.716315	0.837968	0.007855	0.007656	False	0.006206
HAP1_chr30	HAP2_chr31	11,13,15,17,19,23	23	14336542	10247886	389418	24195010	0.016095	0.038000	0.150090	0.132536	False	0.150546
HAP1_chr30	HAP2_chr32	11,13,15,17,19,23	23	14336542	13681624	2618511	25399655	0.103092	0.191389	0.072917	0.069366	False	0.067598
HAP1_chr30	HAP2_chr33	11,13,15,17,19,23	23	14336542	13723868	408379	27652031	0.014768	0.029757	0.153773	0.141710	False	0.159728
HAP1_chr30	HAP2_chr34	11,13,15,17,19,23	23	14336542	13124268	396650	27064160	0.014656	0.030223	0.154101	0.141130	False	0.159970
HAP1_chr30	HAP2_chr35	11,13,15,17,19,23	23	14336542	12183454	381845	26138151	0.014609	0.031341	0.154239	0.139772	False	0.158681
HAP1_chr30	HAP2_chr36	11,13,15,17,19,23	23	14336542	11390521	357878	25369185	0.014107	0.031419	0.155737	0.139679	False	0.160308
HAP1_chr30	HAP2_chr37	11,13,15,17,19,23	23	14336542	10244966	339151	24242357	0.013990	0.033104	0.156094	0.137722	False	0.159541
HAP1_chr30	HAP2_chr38	11,13,15,17,19,23	23	14336542	10059451	341711	24054282	0.014206	0.033969	0.155437	0.136755	False	0.159224
HAP1_chr31	HAP1_chr32	11,13,15,17,19,23	23	9956759	13614511	381073	23190197	0.016433	0.038273	0.149202	0.132266	False	0.150106
HAP1_chr31	HAP1_chr33	11,13,15,17,19,23	23	9956759	13499049	321476	23134332	0.013896	0.032287	0.156383	0.138659	False	0.157297
HAP1_chr31	HAP1_chr34	11,13,15,17,19,23	23	9956759	13150181	319116	22787824	0.014004	0.032050	0.156052	0.138935	False	0.157130
HAP1_chr31	HAP1_chr35	11,13,15,17,19,23	23	9956759	12136965	350580	21743144	0.016124	0.035210	0.150014	0.135407	False	0.150182
HAP1_chr31	HAP1_chr36	11,13,15,17,19,23	23	9956759	11393762	304897	21045624	0.014487	0.030622	0.154596	0.140639	False	0.154805
HAP1_chr31	HAP1_chr37	11,13,15,17,19,23	23	9956759	10298369	311885	19943243	0.015639	0.031324	0.151321	0.139792	False	0.151386
HAP1_chr31	HAP1_chr38	11,13,15,17,19,23	23	9956759	10094622	322119	19729262	0.016327	0.032352	0.149478	0.138584	False	0.149544
HAP1_chr31	HAP2_chr01	11,13,15,17,19,23	23	9956759	27515200	654848	36817111	0.017787	0.065769	0.145817	0.111598	False	0.146266
HAP1_chr31	HAP2_chr02	11,13,15,17,19,23	23	9956759	25346546	591342	34711963	0.017036	0.059391	0.147660	0.115529	False	0.148136
HAP1_chr31	HAP2_chr03	11,13,15,17,19,23	23	9956759	13022664	518109	22461314	0.023067	0.052036	0.134740	0.120599	False	0.134111
HAP1_chr31	HAP2_chr04	11,13,15,17,19,23	23	9956759	12989051	520351	22425459	0.023204	0.052261	0.134489	0.120434	False	0.132645
HAP1_chr31	HAP2_chr05	11,13,15,17,19,23	23	9956759	11246860	476527	20727092	0.022991	0.047860	0.134881	0.123792	False	0.134089
HAP1_chr31	HAP2_chr06	11,13,15,17,19,23	23	9956759	11933174	472072	21417861	0.022041	0.047412	0.136674	0.124149	False	0.136798
HAP1_chr31	HAP2_chr07	11,13,15,17,19,23	23	9956759	11716945	487464	21186240	0.023009	0.048958	0.134847	0.122927	False	0.133732
HAP1_chr31	HAP2_chr08	11,13,15,17,19,23	23	9956759	11113854	501870	20568743	0.024400	0.050405	0.132354	0.121815	False	0.133477
HAP1_chr31	HAP2_chr09	11,13,15,17,19,23	23	9956759	12589605	489751	22056613	0.022204	0.049188	0.136360	0.122748	False	0.135687
HAP1_chr31	HAP2_chr10	11,13,15,17,19,23	23	9956759	12335669	503235	21789193	0.023096	0.050542	0.134687	0.121712	False	0.134536
HAP1_chr31	HAP2_chr11	11,13,15,17,19,23	23	9956759	11190208	464502	20682465	0.022459	0.046652	0.135876	0.124765	False	0.135282
HAP1_chr31	HAP2_chr12	11,13,15,17,19,23	23	9956759	12581476	475973	22062262	0.021574	0.047804	0.137585	0.123836	False	0.136875
HAP1_chr31	HAP2_chr13	11,13,15,17,19,23	23	9956759	13261829	538649	22679939	0.023750	0.054099	0.133500	0.119111	False	0.133189
HAP1_chr31	HAP2_chr14	11,13,15,17,19,23	23	9956759	14830231	482790	24304200	0.019864	0.048489	0.141102	0.123294	False	0.142087
HAP1_chr31	HAP2_chr15	11,13,15,17,19,23	23	9956759	10541427	1603326	18894860	0.084855	0.161029	0.080657	0.076328	False	0.071884
HAP1_chr31	HAP2_chr16	11,13,15,17,19,23	23	9956759	11821509	491510	21286758	0.023090	0.049364	0.134697	0.122612	False	0.133108
HAP1_chr31	HAP2_chr17	11,13,15,17,19,23	23	9956759	19099040	458728	28597071	0.016041	0.046072	0.150233	0.125241	False	0.151038
HAP1_chr31	HAP2_chr18	11,13,15,17,19,23	23	9956759	18280303	435010	27802052	0.015647	0.043690	0.151299	0.127257	False	0.152195
HAP1_chr31	HAP2_chr19	11,13,15,17,19,23	23	9956759	10659886	387113	20229532	0.019136	0.038879	0.142695	0.131673	False	0.142048
HAP1_chr31	HAP2_chr20	11,13,15,17,19,23	23	9956759	17893840	422036	27428563	0.015387	0.042387	0.152016	0.128406	False	0.152532
HAP1_chr31	HAP2_chr21	11,13,15,17,19,23	23	9956759	16782998	395015	26344742	0.014994	0.039673	0.153123	0.130909	False	0.153920
HAP1_chr31	HAP2_chr22	11,13,15,17,19,23	23	9956759	17310261	529644	26737376	0.019809	0.053194	0.141221	0.119756	False	0.142245
HAP1_chr31	HAP2_chr23	11,13,15,17,19,23	23	9956759	16374851	428188	25903422	0.016530	0.043005	0.148949	0.127857	False	0.149864
HAP1_chr31	HAP2_chr24	11,13,15,17,19,23	23	9956759	10514192	414092	20056859	0.020646	0.041589	0.139458	0.129125	False	0.138504
HAP1_chr31	HAP2_chr25	11,13,15,17,19,23	23	9956759	15741013	504193	25193579	0.020013	0.050638	0.140785	0.121639	False	0.140785
HAP1_chr31	HAP2_chr26	11,13,15,17,19,23	23	9956759	15907494	439965	25424288	0.017305	0.044188	0.146990	0.126828	False	0.148262
HAP1_chr31	HAP2_chr27	11,13,15,17,19,23	23	9956759	15728078	433773	25251064	0.017178	0.043566	0.147304	0.127366	False	0.147810
HAP1_chr31	HAP2_chr28	11,13,15,17,19,23	23	9956759	15907855	427547	25437067	0.016808	0.042940	0.148236	0.127914	False	0.148798
HAP1_chr31	HAP2_chr29	11,13,15,17,19,23	23	9956759	14792090	409220	24339629	0.016813	0.041100	0.148223	0.129573	False	0.149500
HAP1_chr31	HAP2_chr30	11,13,15,17,19,23	23	9956759	14448376	391173	24013962	0.016289	0.039287	0.149576	0.131279	False	0.149844
HAP1_chr31	HAP2_chr31	11,13,15,17,19,23	23	9956759	10247886	7849234	12355411	0.635287	0.788332	0.010972	0.010287	False	0.007846
HAP1_chr31	HAP2_chr32	11,13,15,17,19,23	23	9956759	13681624	359716	23278667	0.015453	0.036128	0.151833	0.134439	False	0.152449
HAP1_chr31	HAP2_chr33	11,13,15,17,19,23	23	9956759	13723868	351891	23328736	0.015084	0.035342	0.152867	0.135267	False	0.154211
HAP1_chr31	HAP2_chr34	11,13,15,17,19,23	23	9956759	13124268	334373	22746654	0.014700	0.033583	0.153972	0.137184	False	0.155228
HAP1_chr31	HAP2_chr35	11,13,15,17,19,23	23	9956759	12183454	357997	21782216	0.016435	0.035955	0.149195	0.134620	False	0.149702
HAP1_chr31	HAP2_chr36	11,13,15,17,19,23	23	9956759	11390521	299385	21047895	0.014224	0.030069	0.155383	0.141321	False	0.155489
HAP1_chr31	HAP2_chr37	11,13,15,17,19,23	23	9956759	10244966	317762	19883963	0.015981	0.031914	0.150394	0.139094	False	0.150478
HAP1_chr31	HAP2_chr38	11,13,15,17,19,23	23	9956759	10059451	292760	19723450	0.014843	0.029403	0.153556	0.142156	False	0.153242
HAP1_chr32	HAP1_chr33	11,13,15,17,19,23	23	13614511	13499049	365475	26748085	0.013664	0.027074	0.157106	0.145228	False	0.163210
HAP1_chr32	HAP1_chr34	11,13,15,17,19,23	23	13614511	13150181	387314	26377378	0.014684	0.029453	0.154020	0.142092	False	0.160535
HAP1_chr32	HAP1_chr35	11,13,15,17,19,23	23	13614511	12136965	349662	25401814	0.013765	0.028810	0.156788	0.142916	False	0.160988
HAP1_chr32	HAP1_chr36	11,13,15,17,19,23	23	13614511	11393762	319334	24688939	0.012934	0.028027	0.159460	0.143942	False	0.163723
HAP1_chr32	HAP1_chr37	11,13,15,17,19,23	23	13614511	10298369	334688	23578192	0.014195	0.032499	0.155471	0.138414	False	0.159577
HAP1_chr32	HAP1_chr38	11,13,15,17,19,23	23	13614511	10094622	332240	23376893	0.014212	0.032913	0.155418	0.137940	False	0.159547
HAP1_chr32	HAP2_chr01	11,13,15,17,19,23	23	13614511	27515200	626751	40502960	0.015474	0.046036	0.151773	0.125271	False	0.157324
HAP1_chr32	HAP2_chr02	11,13,15,17,19,23	23	13614511	25346546	589092	38371965	0.015352	0.043269	0.152113	0.127624	False	0.157807
HAP1_chr32	HAP2_chr03	11,13,15,17,19,23	23	13614511	13022664	411254	26225921	0.015681	0.031580	0.151205	0.139488	False	0.153676
HAP1_chr32	HAP2_chr04	11,13,15,17,19,23	23	13614511	12989051	434720	26168842	0.016612	0.033468	0.148737	0.137312	False	0.151908
HAP1_chr32	HAP2_chr05	11,13,15,17,19,23	23	13614511	11246860	398399	24462972	0.016286	0.035423	0.149586	0.135180	False	0.151729
HAP1_chr32	HAP2_chr06	11,13,15,17,19,23	23	13614511	11933174	419064	25128621	0.016677	0.035118	0.148571	0.135506	False	0.151956
HAP1_chr32	HAP2_chr07	11,13,15,17,19,23	23	13614511	11716945	401983	24929473	0.016125	0.034308	0.150011	0.136382	False	0.152261
HAP1_chr32	HAP2_chr08	11,13,15,17,19,23	23	13614511	11113854	424157	24304208	0.017452	0.038165	0.146628	0.132373	False	0.150202
HAP1_chr32	HAP2_chr09	11,13,15,17,19,23	23	13614511	12589605	405748	25798368	0.015728	0.032229	0.151078	0.138727	False	0.153463
HAP1_chr32	HAP2_chr10	11,13,15,17,19,23	23	13614511	12335669	444529	25505651	0.017429	0.036036	0.146686	0.134535	False	0.150065
HAP1_chr32	HAP2_chr11	11,13,15,17,19,23	23	13614511	11190208	403562	24401157	0.016539	0.036064	0.148927	0.134506	False	0.151641
HAP1_chr32	HAP2_chr12	11,13,15,17,19,23	23	13614511	12581476	441782	25754205	0.017154	0.035114	0.147365	0.135510	False	0.150494
HAP1_chr32	HAP2_chr13	11,13,15,17,19,23	23	13614511	13261829	432079	26444261	0.016339	0.032581	0.149445	0.138320	False	0.152433
HAP1_chr32	HAP2_chr14	11,13,15,17,19,23	23	13614511	14830231	456645	27988097	0.016316	0.033541	0.149507	0.137231	False	0.154564
HAP1_chr32	HAP2_chr15	11,13,15,17,19,23	23	13614511	10541427	392583	23763355	0.016521	0.037242	0.148973	0.133296	False	0.150465
HAP1_chr32	HAP2_chr16	11,13,15,17,19,23	23	13614511	11821509	420115	25015905	0.016794	0.035538	0.148272	0.135058	False	0.151663
HAP1_chr32	HAP2_chr17	11,13,15,17,19,23	23	13614511	19099040	457973	32255578	0.014198	0.033639	0.155460	0.137122	False	0.160674
HAP1_chr32	HAP2_chr18	11,13,15,17,19,23	23	13614511	18280303	438154	31456660	0.013929	0.032183	0.156282	0.138780	False	0.161761
HAP1_chr32	HAP2_chr19	11,13,15,17,19,23	23	13614511	10659886	391201	23883196	0.016380	0.036698	0.149340	0.133849	False	0.152029
HAP1_chr32	HAP2_chr20	11,13,15,17,19,23	23	13614511	17893840	464128	31044223	0.014951	0.034091	0.153248	0.136621	False	0.158634
HAP1_chr32	HAP2_chr21	11,13,15,17,19,23	23	13614511	16782998	418337	29979172	0.013954	0.030727	0.156204	0.140511	False	0.161904
HAP1_chr32	HAP2_chr22	11,13,15,17,19,23	23	13614511	17310261	489599	30435173	0.016087	0.035962	0.150112	0.134613	False	0.155724
HAP1_chr32	HAP2_chr23	11,13,15,17,19,23	23	13614511	16374851	453035	29536327	0.015338	0.033276	0.152151	0.137528	False	0.158150
HAP1_chr32	HAP2_chr24	11,13,15,17,19,23	23	13614511	10514192	352307	23776396	0.014818	0.033508	0.153631	0.137268	False	0.155345
HAP1_chr32	HAP2_chr25	11,13,15,17,19,23	23	13614511	15741013	453887	28901637	0.015705	0.033338	0.151141	0.137458	False	0.155639
HAP1_chr32	HAP2_chr26	11,13,15,17,19,23	23	13614511	15907494	468372	29053633	0.016121	0.034402	0.150021	0.136279	False	0.156094
HAP1_chr32	HAP2_chr27	11,13,15,17,19,23	23	13614511	15728078	555766	28786823	0.019306	0.040822	0.142317	0.129830	False	0.143919
HAP1_chr32	HAP2_chr28	11,13,15,17,19,23	23	13614511	15907855	426172	29096194	0.014647	0.031303	0.154127	0.139818	False	0.159401
HAP1_chr32	HAP2_chr29	11,13,15,17,19,23	23	13614511	14792090	537335	27869266	0.019281	0.039468	0.142374	0.131105	False	0.143968
HAP1_chr32	HAP2_chr30	11,13,15,17,19,23	23	13614511	14448376	2605051	25457836	0.102328	0.191344	0.073211	0.069375	False	0.067859
HAP1_chr32	HAP2_chr31	11,13,15,17,19,23	23	13614511	10247886	383595	23478802	0.016338	0.037432	0.149449	0.133104	False	0.150358
HAP1_chr32	HAP2_chr32	11,13,15,17,19,23	23	13614511	13681624	11191466	16104669	0.694921	0.822025	0.008628	0.008485	False	0.006798
HAP1_chr32	HAP2_chr33	11,13,15,17,19,23	23	13614511	13723868	384511	26953868	0.014266	0.028243	0.155258	0.143656	False	0.161550
HAP1_chr32	HAP2_chr34	11,13,15,17,19,23	23	13614511	13124268	383359	26355420	0.014546	0.029210	0.154424	0.142402	False	0.160837
HAP1_chr32	HAP2_chr35	11,13,15,17,19,23	23	13614511	12183454	359604	25438361	0.014136	0.029516	0.155648	0.142013	False	0.160217
HAP1_chr32	HAP2_chr36	11,13,15,17,19,23	23	13614511	11390521	311432	24693600	0.012612	0.027341	0.160544	0.144863	False	0.164713
HAP1_chr32	HAP2_chr37	11,13,15,17,19,23	23	13614511	10244966	314243	23545234	0.013346	0.030673	0.158114	0.140577	False	0.161658
HAP1_chr32	HAP2_chr38	11,13,15,17,19,23	23	13614511	10059451	317670	23356292	0.013601	0.031579	0.157303	0.139489	False	0.161405
HAP1_chr33	HAP1_chr34	11,13,15,17,19,23	23	13499049	13150181	2658244	23990986	0.110802	0.202145	0.070085	0.067151	False	0.065045
HAP1_chr33	HAP1_chr35	11,13,15,17,19,23	23	13499049	12136965	352425	25283589	0.013939	0.029037	0.156251	0.142623	False	0.161515
HAP1_chr33	HAP1_chr36	11,13,15,17,19,23	23	13499049	11393762	328362	24564449	0.013367	0.028819	0.158047	0.142903	False	0.163539
HAP1_chr33	HAP1_chr37	11,13,15,17,19,23	23	13499049	10298369	337593	23459825	0.014390	0.032781	0.154885	0.138090	False	0.159944
HAP1_chr33	HAP1_chr38	11,13,15,17,19,23	23	13499049	10094622	315150	23278521	0.013538	0.031220	0.157502	0.139917	False	0.162229
HAP1_chr33	HAP2_chr01	11,13,15,17,19,23	23	13499049	27515200	579251	40434998	0.014325	0.042911	0.155078	0.127940	False	0.161806
HAP1_chr33	HAP2_chr02	11,13,15,17,19,23	23	13499049	25346546	537575	38308020	0.014033	0.039823	0.155962	0.130767	False	0.162909
HAP1_chr33	HAP2_chr03	11,13,15,17,19,23	23	13499049	13022664	379177	26142536	0.014504	0.029117	0.154546	0.142521	False	0.157789
HAP1_chr33	HAP2_chr04	11,13,15,17,19,23	23	13499049	12989051	376986	26111114	0.014438	0.029023	0.154743	0.142641	False	0.158320
HAP1_chr33	HAP2_chr05	11,13,15,17,19,23	23	13499049	11246860	341988	24403921	0.014014	0.030407	0.156021	0.140902	False	0.158543
HAP1_chr33	HAP2_chr06	11,13,15,17,19,23	23	13499049	11933174	392455	25039768	0.015673	0.032888	0.151226	0.137968	False	0.155729
HAP1_chr33	HAP2_chr07	11,13,15,17,19,23	23	13499049	11716945	375840	24840154	0.015130	0.032077	0.152736	0.138904	False	0.155588
HAP1_chr33	HAP2_chr08	11,13,15,17,19,23	23	13499049	11113854	366646	24246257	0.015122	0.032990	0.152760	0.137852	False	0.157224
HAP1_chr33	HAP2_chr09	11,13,15,17,19,23	23	13499049	12589605	407846	25680808	0.015881	0.032395	0.150662	0.138533	False	0.154587
HAP1_chr33	HAP2_chr10	11,13,15,17,19,23	23	13499049	12335669	390865	25443853	0.015362	0.031686	0.152085	0.139363	False	0.156184
HAP1_chr33	HAP2_chr11	11,13,15,17,19,23	23	13499049	11190208	375001	24314256	0.015423	0.033512	0.151915	0.137264	False	0.155532
HAP1_chr33	HAP2_chr12	11,13,15,17,19,23	23	13499049	12581476	378381	25702144	0.014722	0.030074	0.153908	0.141313	False	0.157541
HAP1_chr33	HAP2_chr13	11,13,15,17,19,23	23	13499049	13261829	396740	26364138	0.015048	0.029916	0.152968	0.141511	False	0.156811
HAP1_chr33	HAP2_chr14	11,13,15,17,19,23	23	13499049	14830231	410172	27919108	0.014691	0.030385	0.153997	0.140929	False	0.159722
HAP1_chr33	HAP2_chr15	11,13,15,17,19,23	23	13499049	10541427	326151	23714325	0.013753	0.030940	0.156826	0.140254	False	0.158623
HAP1_chr33	HAP2_chr16	11,13,15,17,19,23	23	13499049	11821509	377207	24943351	0.015123	0.031909	0.152758	0.139100	False	0.156972
HAP1_chr33	HAP2_chr17	11,13,15,17,19,23	23	13499049	19099040	436301	32161788	0.013566	0.032321	0.157414	0.138620	False	0.163569
HAP1_chr33	HAP2_chr18	11,13,15,17,19,23	23	13499049	18280303	405280	31374072	0.012918	0.030023	0.159515	0.141378	False	0.166009
HAP1_chr33	HAP2_chr19	11,13,15,17,19,23	23	13499049	10659886	345739	23813196	0.014519	0.032434	0.154503	0.138489	False	0.157963
HAP1_chr33	HAP2_chr20	11,13,15,17,19,23	23	13499049	17893840	452395	30940494	0.014621	0.033513	0.154201	0.137262	False	0.160981
HAP1_chr33	HAP2_chr21	11,13,15,17,19,23	23	13499049	16782998	392566	29889481	0.013134	0.029081	0.158803	0.142567	False	0.165232
HAP1_chr33	HAP2_chr22	11,13,15,17,19,23	23	13499049	17310261	464505	30344805	0.015308	0.034410	0.152237	0.136271	False	0.158751
HAP1_chr33	HAP2_chr23	11,13,15,17,19,23	23	13499049	16374851	570131	29303769	0.019456	0.042235	0.141988	0.128542	False	0.144781
HAP1_chr33	HAP2_chr24	11,13,15,17,19,23	23	13499049	10514192	327409	23685832	0.013823	0.031140	0.156609	0.140013	False	0.159452
HAP1_chr33	HAP2_chr25	11,13,15,17,19,23	23	13499049	15741013	453276	28786786	0.015746	0.033578	0.151028	0.137189	False	0.156611
HAP1_chr33	HAP2_chr26	11,13,15,17,19,23	23	13499049	15907494	576009	28830534	0.019979	0.042670	0.140857	0.128153	False	0.143771
HAP1_chr33	HAP2_chr27	11,13,15,17,19,23	23	13499049	15728078	423701	28803426	0.014710	0.031387	0.153942	0.139717	False	0.159943
HAP1_chr33	HAP2_chr28	11,13,15,17,19,23	23	13499049	15907855	399126	29007778	0.013759	0.029567	0.156807	0.141949	False	0.163143
HAP1_chr33	HAP2_chr29	11,13,15,17,19,23	23	13499049	14792090	398508	27892631	0.014287	0.029521	0.155193	0.142006	False	0.161434
HAP1_chr33	HAP2_chr30	11,13,15,17,19,23	23	13499049	14448376	390694	27556731	0.014178	0.028942	0.155522	0.142745	False	0.161359
HAP1_chr33	HAP2_chr31	11,13,15,17,19,23	23	13499049	10247886	319062	23427873	0.013619	0.031134	0.157247	0.140019	False	0.158260
HAP1_chr33	HAP2_chr32	11,13,15,17,19,23	23	13499049	13681624	389581	26791092	0.014541	0.028860	0.154437	0.142851	False	0.161117
HAP1_chr33	HAP2_chr33	11,13,15,17,19,23	23	13499049	13723868	11121568	16101349	0.690723	0.823878	0.008784	0.008388	False	0.007122
HAP1_chr33	HAP2_chr34	11,13,15,17,19,23	23	13499049	13124268	2673614	23949703	0.111635	0.203715	0.069792	0.066837	False	0.064742
HAP1_chr33	HAP2_chr35	11,13,15,17,19,23	23	13499049	12183454	358775	25323728	0.014168	0.029448	0.155553	0.142099	False	0.161193
HAP1_chr33	HAP2_chr36	11,13,15,17,19,23	23	13499049	11390521	321421	24568149	0.013083	0.028218	0.158970	0.143689	False	0.164359
HAP1_chr33	HAP2_chr37	11,13,15,17,19,23	23	13499049	10244966	321449	23422566	0.013724	0.031376	0.156917	0.139730	False	0.161591
HAP1_chr33	HAP2_chr38	11,13,15,17,19,23	23	13499049	10059451	305515	23252985	0.013139	0.030371	0.158787	0.140947	False	0.163390
HAP1_chr34	HAP1_chr35	11,13,15,17,19,23	23	13150181	12136965	345974	24941172	0.013872	0.028506	0.156458	0.143311	False	0.161683
HAP1_chr34	HAP1_chr36	11,13,15,17,19,23	23	13150181	11393762	331685	24212258	0.013699	0.029111	0.156995	0.142528	False	0.162913
HAP1_chr34	HAP1_chr37	11,13,15,17,19,23	23	13150181	10298369	343269	23105281	0.014857	0.033332	0.153517	0.137465	False	0.158707
HAP1_chr34	HAP1_chr38	11,13,15,17,19,23	23	13150181	10094622	331953	22912850	0.014488	0.032884	0.154595	0.137972	False	0.159720
HAP1_chr34	HAP2_chr01	11,13,15,17,19,23	23	13150181	27515200	623951	40041430	0.015583	0.047448	0.151474	0.124121	False	0.158943
HAP1_chr34	HAP2_chr02	11,13,15,17,19,23	23	13150181	25346546	578954	37917773	0.015269	0.044026	0.152346	0.126966	False	0.159895
HAP1_chr34	HAP2_chr03	11,13,15,17,19,23	23	13150181	13022664	393355	25779490	0.015258	0.030205	0.152375	0.141151	False	0.156102
HAP1_chr34	HAP2_chr04	11,13,15,17,19,23	23	13150181	12989051	395426	25743806	0.015360	0.030443	0.152091	0.140859	False	0.156065
HAP1_chr34	HAP2_chr05	11,13,15,17,19,23	23	13150181	11246860	354680	24042361	0.014752	0.031536	0.153820	0.139540	False	0.156502
HAP1_chr34	HAP2_chr06	11,13,15,17,19,23	23	13150181	11933174	417579	24665776	0.016929	0.034993	0.147928	0.135640	False	0.152520
HAP1_chr34	HAP2_chr07	11,13,15,17,19,23	23	13150181	11716945	374621	24492505	0.015295	0.031973	0.152271	0.139025	False	0.155335
HAP1_chr34	HAP2_chr08	11,13,15,17,19,23	23	13150181	11113854	375310	23888725	0.015711	0.033770	0.151124	0.136976	False	0.155382
HAP1_chr34	HAP2_chr09	11,13,15,17,19,23	23	13150181	12589605	380095	25359691	0.014988	0.030191	0.153140	0.141169	False	0.156702
HAP1_chr34	HAP2_chr10	11,13,15,17,19,23	23	13150181	12335669	385783	25100067	0.015370	0.031274	0.152063	0.139852	False	0.156058
HAP1_chr34	HAP2_chr11	11,13,15,17,19,23	23	13150181	11190208	379150	23961239	0.015823	0.033882	0.150818	0.136851	False	0.154603
HAP1_chr34	HAP2_chr12	11,13,15,17,19,23	23	13150181	12581476	399462	25332195	0.015769	0.031750	0.150966	0.139287	False	0.154923
HAP1_chr34	HAP2_chr13	11,13,15,17,19,23	23	13150181	13261829	408501	26003509	0.015709	0.031064	0.151128	0.140104	False	0.155347
HAP1_chr34	HAP2_chr14	11,13,15,17,19,23	23	13150181	14830231	422815	27557597	0.015343	0.032153	0.152138	0.138815	False	0.158360
HAP1_chr34	HAP2_chr15	11,13,15,17,19,23	23	13150181	10541427	360413	23331195	0.015448	0.034190	0.151847	0.136511	False	0.154360
HAP1_chr34	HAP2_chr16	11,13,15,17,19,23	23	13150181	11821509	386926	24584764	0.015738	0.032731	0.151049	0.138148	False	0.155232
HAP1_chr34	HAP2_chr17	11,13,15,17,19,23	23	13150181	19099040	445483	31803738	0.014007	0.033877	0.156041	0.136857	False	0.162777
HAP1_chr34	HAP2_chr18	11,13,15,17,19,23	23	13150181	18280303	449600	30980884	0.014512	0.034190	0.154523	0.136512	False	0.161721
HAP1_chr34	HAP2_chr19	11,13,15,17,19,23	23	13150181	10659886	378809	23431258	0.016167	0.035536	0.149899	0.135061	False	0.153865
HAP1_chr34	HAP2_chr20	11,13,15,17,19,23	23	13150181	17893840	447412	30596609	0.014623	0.034023	0.154197	0.136695	False	0.161139
HAP1_chr34	HAP2_chr21	11,13,15,17,19,23	23	13150181	16782998	436900	29496279	0.014812	0.033224	0.153647	0.137587	False	0.161171
HAP1_chr34	HAP2_chr22	11,13,15,17,19,23	23	13150181	17310261	463558	29996884	0.015454	0.035251	0.151831	0.135363	False	0.158732
HAP1_chr34	HAP2_chr23	11,13,15,17,19,23	23	13150181	16374851	600919	28924113	0.020776	0.045697	0.139191	0.125552	False	0.142295
HAP1_chr34	HAP2_chr24	11,13,15,17,19,23	23	13150181	10514192	335949	23328424	0.014401	0.031952	0.154853	0.139050	False	0.157574
HAP1_chr34	HAP2_chr25	11,13,15,17,19,23	23	13150181	15741013	445539	28445655	0.015663	0.033881	0.151255	0.136853	False	0.157038
HAP1_chr34	HAP2_chr26	11,13,15,17,19,23	23	13150181	15907494	604078	28453597	0.021230	0.045937	0.138269	0.125352	False	0.141546
HAP1_chr34	HAP2_chr27	11,13,15,17,19,23	23	13150181	15728078	423719	28454540	0.014891	0.032222	0.153419	0.138735	False	0.159810
HAP1_chr34	HAP2_chr28	11,13,15,17,19,23	23	13150181	15907855	412732	28645304	0.014408	0.031386	0.154831	0.139718	False	0.161182
HAP1_chr34	HAP2_chr29	11,13,15,17,19,23	23	13150181	14792090	414842	27527429	0.015070	0.031546	0.152907	0.139527	False	0.159442
HAP1_chr34	HAP2_chr30	11,13,15,17,19,23	23	13150181	14448376	392898	27205659	0.014442	0.029878	0.154731	0.141558	False	0.160612
HAP1_chr34	HAP2_chr31	11,13,15,17,19,23	23	13150181	10247886	327813	23070254	0.014209	0.031988	0.155427	0.139007	False	0.156700
HAP1_chr34	HAP2_chr32	11,13,15,17,19,23	23	13150181	13681624	379058	26452747	0.014330	0.028825	0.155066	0.142896	False	0.161656
HAP1_chr34	HAP2_chr33	11,13,15,17,19,23	23	13150181	13723868	2684365	24189684	0.110971	0.204131	0.070025	0.066754	False	0.065106
HAP1_chr34	HAP2_chr34	11,13,15,17,19,23	23	13150181	13124268	10965963	15308486	0.716332	0.835549	0.007855	0.007781	False	0.006242
HAP1_chr34	HAP2_chr35	11,13,15,17,19,23	23	13150181	12183454	359471	24974164	0.014394	0.029505	0.154874	0.142027	False	0.160707
HAP1_chr34	HAP2_chr36	11,13,15,17,19,23	23	13150181	11390521	330635	24210067	0.013657	0.029027	0.157127	0.142636	False	0.162887
HAP1_chr34	HAP2_chr37	11,13,15,17,19,23	23	13150181	10244966	316017	23079130	0.013693	0.030846	0.157015	0.140367	False	0.161787
HAP1_chr34	HAP2_chr38	11,13,15,17,19,23	23	13150181	10059451	336687	22872945	0.014720	0.033470	0.153914	0.137311	False	0.159185
HAP1_chr35	HAP1_chr36	11,13,15,17,19,23	23	12136965	11393762	2310143	21220584	0.108863	0.202755	0.070776	0.067029	False	0.064465
HAP1_chr35	HAP1_chr37	11,13,15,17,19,23	23	12136965	10298369	323291	22112043	0.014621	0.031392	0.154204	0.139711	False	0.157502
HAP1_chr35	HAP1_chr38	11,13,15,17,19,23	23	12136965	10094622	303949	21927638	0.013861	0.030110	0.156490	0.141269	False	0.159822
HAP1_chr35	HAP2_chr01	11,13,15,17,19,23	23	12136965	27515200	576178	39075987	0.014745	0.047473	0.153841	0.124101	False	0.158695
HAP1_chr35	HAP2_chr02	11,13,15,17,19,23	23	12136965	25346546	501222	36982289	0.013553	0.041297	0.157455	0.129392	False	0.162089
HAP1_chr35	HAP2_chr03	11,13,15,17,19,23	23	12136965	13022664	387383	24772246	0.015638	0.031918	0.151323	0.139090	False	0.153140
HAP1_chr35	HAP2_chr04	11,13,15,17,19,23	23	12136965	12989051	403896	24722120	0.016337	0.033278	0.149450	0.137526	False	0.151628
HAP1_chr35	HAP2_chr05	11,13,15,17,19,23	23	12136965	11246860	352355	23031470	0.015299	0.031329	0.152261	0.139786	False	0.153356
HAP1_chr35	HAP2_chr06	11,13,15,17,19,23	23	12136965	11933174	397534	23672605	0.016793	0.033313	0.148274	0.137486	False	0.151045
HAP1_chr35	HAP2_chr07	11,13,15,17,19,23	23	12136965	11716945	374219	23479691	0.015938	0.031938	0.150509	0.139066	False	0.151956
HAP1_chr35	HAP2_chr08	11,13,15,17,19,23	23	12136965	11113854	368552	22882267	0.016106	0.033161	0.150059	0.137658	False	0.152851
HAP1_chr35	HAP2_chr09	11,13,15,17,19,23	23	12136965	12589605	392737	24333833	0.016140	0.032359	0.149972	0.138576	False	0.152114
HAP1_chr35	HAP2_chr10	11,13,15,17,19,23	23	12136965	12335669	395737	24076897	0.016436	0.032606	0.149192	0.138291	False	0.151746
HAP1_chr35	HAP2_chr11	11,13,15,17,19,23	23	12136965	11190208	356567	22970606	0.015523	0.031864	0.151639	0.139153	False	0.153364
HAP1_chr35	HAP2_chr12	11,13,15,17,19,23	23	12136965	12581476	396084	24322357	0.016285	0.032635	0.149588	0.138258	False	0.151833
HAP1_chr35	HAP2_chr13	11,13,15,17,19,23	23	12136965	13261829	403664	24995130	0.016150	0.033259	0.149945	0.137547	False	0.152360
HAP1_chr35	HAP2_chr14	11,13,15,17,19,23	23	12136965	14830231	403148	26564048	0.015176	0.033217	0.152605	0.137595	False	0.156546
HAP1_chr35	HAP2_chr15	11,13,15,17,19,23	23	12136965	10541427	335771	22342621	0.015028	0.031853	0.153026	0.139166	False	0.153350
HAP1_chr35	HAP2_chr16	11,13,15,17,19,23	23	12136965	11821509	376146	23582328	0.015950	0.031819	0.150476	0.139206	False	0.152833
HAP1_chr35	HAP2_chr17	11,13,15,17,19,23	23	12136965	19099040	446055	30789950	0.014487	0.036752	0.154597	0.133795	False	0.159328
HAP1_chr35	HAP2_chr18	11,13,15,17,19,23	23	12136965	18280303	425467	29991801	0.014186	0.035055	0.155497	0.135573	False	0.160728
HAP1_chr35	HAP2_chr19	11,13,15,17,19,23	23	12136965	10659886	358513	22438338	0.015978	0.033632	0.150403	0.137129	False	0.152532
HAP1_chr35	HAP2_chr20	11,13,15,17,19,23	23	12136965	17893840	522783	29508022	0.017717	0.043074	0.145985	0.127796	False	0.148743
HAP1_chr35	HAP2_chr21	11,13,15,17,19,23	23	12136965	16782998	458799	28461164	0.016120	0.037802	0.150023	0.132733	False	0.152281
HAP1_chr35	HAP2_chr22	11,13,15,17,19,23	23	12136965	17310261	469123	28978103	0.016189	0.038652	0.149841	0.131894	False	0.154873
HAP1_chr35	HAP2_chr23	11,13,15,17,19,23	23	12136965	16374851	413237	28098579	0.014707	0.034048	0.153952	0.136668	False	0.159104
HAP1_chr35	HAP2_chr24	11,13,15,17,19,23	23	12136965	10514192	341042	22310115	0.015286	0.032436	0.152296	0.138486	False	0.153458
HAP1_chr35	HAP2_chr25	11,13,15,17,19,23	23	12136965	15741013	433601	27444377	0.015799	0.035726	0.150883	0.134861	False	0.154566
HAP1_chr35	HAP2_chr26	11,13,15,17,19,23	23	12136965	15907494	433679	27610780	0.015707	0.035732	0.151135	0.134854	False	0.156924
HAP1_chr35	HAP2_chr27	11,13,15,17,19,23	23	12136965	15728078	402757	27462286	0.014666	0.033184	0.154072	0.137632	False	0.158451
HAP1_chr35	HAP2_chr28	11,13,15,17,19,23	23	12136965	15907855	405131	27639689	0.014658	0.033380	0.154096	0.137411	False	0.158786
HAP1_chr35	HAP2_chr29	11,13,15,17,19,23	23	12136965	14792090	382409	26546646	0.014405	0.031508	0.154840	0.139573	False	0.159433
HAP1_chr35	HAP2_chr30	11,13,15,17,19,23	23	12136965	14448376	372234	26213107	0.014200	0.030669	0.155454	0.140582	False	0.159422
HAP1_chr35	HAP2_chr31	11,13,15,17,19,23	23	12136965	10247886	367056	22017795	0.016671	0.035818	0.148586	0.134764	False	0.149327
HAP1_chr35	HAP2_chr32	11,13,15,17,19,23	23	12136965	13681624	372164	25446425	0.014625	0.030664	0.154190	0.140589	False	0.158883
HAP1_chr35	HAP2_chr33	11,13,15,17,19,23	23	12136965	13723868	361494	25499339	0.014177	0.029785	0.155526	0.141675	False	0.161060
HAP1_chr35	HAP2_chr34	11,13,15,17,19,23	23	12136965	13124268	371648	24889585	0.014932	0.030621	0.153301	0.140641	False	0.158918
HAP1_chr35	HAP2_chr35	11,13,15,17,19,23	23	12136965	12183454	10065118	14255301	0.706061	0.829294	0.008221	0.008105	False	0.006338
HAP1_chr35	HAP2_chr36	11,13,15,17,19,23	23	12136965	11390521	2294818	21232668	0.108080	0.201467	0.071060	0.067287	False	0.064742
HAP1_chr35	HAP2_chr37	11,13,15,17,19,23	23	12136965	10244966	312984	22068947	0.014182	0.030550	0.155509	0.140727	False	0.158638
HAP1_chr35	HAP2_chr38	11,13,15,17,19,23	23	12136965	10059451	284662	21911754	0.012991	0.028298	0.159271	0.143584	False	0.162319
HAP1_chr36	HAP1_chr37	11,13,15,17,19,23	23	11393762	10298369	288832	21403299	0.013495	0.028046	0.157640	0.143916	False	0.161254
HAP1_chr36	HAP1_chr38	11,13,15,17,19,23	23	11393762	10094622	301549	21186835	0.014233	0.029872	0.155356	0.141565	False	0.159352
HAP1_chr36	HAP2_chr01	11,13,15,17,19,23	23	11393762	27515200	509538	38399424	0.013269	0.044721	0.158362	0.126372	False	0.163502
HAP1_chr36	HAP2_chr02	11,13,15,17,19,23	23	11393762	25346546	508633	36231675	0.014038	0.044641	0.155946	0.126440	False	0.161548
HAP1_chr36	HAP2_chr03	11,13,15,17,19,23	23	11393762	13022664	368561	24047865	0.015326	0.032348	0.152185	0.138589	False	0.154802
HAP1_chr36	HAP2_chr04	11,13,15,17,19,23	23	11393762	12989051	375042	24007771	0.015622	0.032916	0.151367	0.137936	False	0.154257
HAP1_chr36	HAP2_chr05	11,13,15,17,19,23	23	11393762	11246860	340873	22299749	0.015286	0.030308	0.152298	0.141024	False	0.154084
HAP1_chr36	HAP2_chr06	11,13,15,17,19,23	23	11393762	11933174	346458	22980478	0.015076	0.030408	0.152889	0.140902	False	0.155708
HAP1_chr36	HAP2_chr07	11,13,15,17,19,23	23	11393762	11716945	310259	22800448	0.013608	0.027231	0.157282	0.145014	False	0.158717
HAP1_chr36	HAP2_chr08	11,13,15,17,19,23	23	11393762	11113854	339112	22168504	0.015297	0.030513	0.152267	0.140773	False	0.155378
HAP1_chr36	HAP2_chr09	11,13,15,17,19,23	23	11393762	12589605	344813	23638554	0.014587	0.030263	0.154303	0.141080	False	0.156628
HAP1_chr36	HAP2_chr10	11,13,15,17,19,23	23	11393762	12335669	359651	23369780	0.015390	0.031566	0.152008	0.139505	False	0.154833
HAP1_chr36	HAP2_chr11	11,13,15,17,19,23	23	11393762	11190208	361667	22222303	0.016275	0.032320	0.149614	0.138621	False	0.152308
HAP1_chr36	HAP2_chr12	11,13,15,17,19,23	23	11393762	12581476	377509	23597729	0.015998	0.033133	0.150349	0.137690	False	0.153361
HAP1_chr36	HAP2_chr13	11,13,15,17,19,23	23	11393762	13261829	383935	24271656	0.015818	0.033697	0.150832	0.137057	False	0.153479
HAP1_chr36	HAP2_chr14	11,13,15,17,19,23	23	11393762	14830231	374833	25849160	0.014501	0.032898	0.154557	0.137957	False	0.159052
HAP1_chr36	HAP2_chr15	11,13,15,17,19,23	23	11393762	10541427	310220	21624969	0.014345	0.029429	0.155018	0.142123	False	0.156005
HAP1_chr36	HAP2_chr16	11,13,15,17,19,23	23	11393762	11821509	353382	22861889	0.015457	0.031015	0.151820	0.140162	False	0.154690
HAP1_chr36	HAP2_chr17	11,13,15,17,19,23	23	11393762	19099040	405017	30087785	0.013461	0.035547	0.157747	0.135049	False	0.162754
HAP1_chr36	HAP2_chr18	11,13,15,17,19,23	23	11393762	18280303	370405	29303660	0.012640	0.032509	0.160447	0.138402	False	0.165316
HAP1_chr36	HAP2_chr19	11,13,15,17,19,23	23	11393762	10659886	327514	21726134	0.015075	0.030724	0.152894	0.140515	False	0.155360
HAP1_chr36	HAP2_chr20	11,13,15,17,19,23	23	11393762	17893840	472960	28814642	0.016414	0.041510	0.149251	0.129197	False	0.152121
HAP1_chr36	HAP2_chr21	11,13,15,17,19,23	23	11393762	16782998	447003	27729757	0.016120	0.039232	0.150023	0.131332	False	0.152641
HAP1_chr36	HAP2_chr22	11,13,15,17,19,23	23	11393762	17310261	435185	28268838	0.015395	0.038195	0.151995	0.132343	False	0.157288
HAP1_chr36	HAP2_chr23	11,13,15,17,19,23	23	11393762	16374851	393938	27374675	0.014391	0.034575	0.154884	0.136091	False	0.160787
HAP1_chr36	HAP2_chr24	11,13,15,17,19,23	23	11393762	10514192	282952	21625002	0.013084	0.026911	0.158964	0.145452	False	0.160097
HAP1_chr36	HAP2_chr25	11,13,15,17,19,23	23	11393762	15741013	394020	26740755	0.014735	0.034582	0.153871	0.136083	False	0.158162
HAP1_chr36	HAP2_chr26	11,13,15,17,19,23	23	11393762	15907494	415982	26885274	0.015472	0.036510	0.151778	0.134044	False	0.157937
HAP1_chr36	HAP2_chr27	11,13,15,17,19,23	23	11393762	15728078	381825	26740015	0.014279	0.033512	0.155217	0.137264	False	0.160031
HAP1_chr36	HAP2_chr28	11,13,15,17,19,23	23	11393762	15907855	387336	26914281	0.014391	0.033995	0.154881	0.136726	False	0.159995
HAP1_chr36	HAP2_chr29	11,13,15,17,19,23	23	11393762	14792090	363482	25822370	0.014076	0.031902	0.155830	0.139108	False	0.160806
HAP1_chr36	HAP2_chr30	11,13,15,17,19,23	23	11393762	14448376	361250	25480888	0.014177	0.031706	0.155524	0.139339	False	0.160102
HAP1_chr36	HAP2_chr31	11,13,15,17,19,23	23	11393762	10247886	307760	21333888	0.014426	0.030032	0.154779	0.141367	False	0.155144
HAP1_chr36	HAP2_chr32	11,13,15,17,19,23	23	11393762	13681624	358613	24716773	0.014509	0.031475	0.154533	0.139613	False	0.159652
HAP1_chr36	HAP2_chr33	11,13,15,17,19,23	23	11393762	13723868	348139	24769491	0.014055	0.030555	0.155895	0.140721	False	0.161732
HAP1_chr36	HAP2_chr34	11,13,15,17,19,23	23	11393762	13124268	324971	24193059	0.013432	0.028522	0.157838	0.143290	False	0.163489
HAP1_chr36	HAP2_chr35	11,13,15,17,19,23	23	11393762	12183454	2300990	21276226	0.108148	0.201952	0.071035	0.067190	False	0.064755
HAP1_chr36	HAP2_chr36	11,13,15,17,19,23	23	11393762	11390521	9437560	13346723	0.707107	0.828545	0.008184	0.008144	False	0.006270
HAP1_chr36	HAP2_chr37	11,13,15,17,19,23	23	11393762	10244966	284165	21354563	0.013307	0.027737	0.158241	0.144329	False	0.161686
HAP1_chr36	HAP2_chr38	11,13,15,17,19,23	23	11393762	10059451	280296	21172917	0.013238	0.027864	0.158462	0.144159	False	0.162073
HAP1_chr37	HAP1_chr38	11,13,15,17,19,23	23	10298369	10094622	1967153	18425838	0.106761	0.194871	0.071542	0.068636	False	0.064186
HAP1_chr37	HAP2_chr01	11,13,15,17,19,23	23	10298369	27515200	610608	37202961	0.016413	0.059292	0.149253	0.115594	False	0.152956
HAP1_chr37	HAP2_chr02	11,13,15,17,19,23	23	10298369	25346546	535133	35109782	0.015242	0.051963	0.152422	0.120652	False	0.155695
HAP1_chr37	HAP2_chr03	11,13,15,17,19,23	23	10298369	13022664	361190	22959843	0.015731	0.035073	0.151068	0.135554	False	0.152952
HAP1_chr37	HAP2_chr04	11,13,15,17,19,23	23	10298369	12989051	366803	22920617	0.016003	0.035618	0.150335	0.134975	False	0.152332
HAP1_chr37	HAP2_chr05	11,13,15,17,19,23	23	10298369	11246860	325202	21220027	0.015325	0.031578	0.152188	0.139490	False	0.153172
HAP1_chr37	HAP2_chr06	11,13,15,17,19,23	23	10298369	11933174	370856	21860687	0.016965	0.036011	0.147839	0.134561	False	0.150380
HAP1_chr37	HAP2_chr07	11,13,15,17,19,23	23	10298369	11716945	346755	21668559	0.016003	0.033671	0.150336	0.137086	False	0.151629
HAP1_chr37	HAP2_chr08	11,13,15,17,19,23	23	10298369	11113854	338208	21074015	0.016049	0.032841	0.150213	0.138022	False	0.152508
HAP1_chr37	HAP2_chr09	11,13,15,17,19,23	23	10298369	12589605	355289	22532685	0.015768	0.034500	0.150969	0.136173	False	0.153019
HAP1_chr37	HAP2_chr10	11,13,15,17,19,23	23	10298369	12335669	376774	22257264	0.016928	0.036586	0.147931	0.133965	False	0.150182
HAP1_chr37	HAP2_chr11	11,13,15,17,19,23	23	10298369	11190208	321926	21166651	0.015209	0.031260	0.152513	0.139869	False	0.154028
HAP1_chr37	HAP2_chr12	11,13,15,17,19,23	23	10298369	12581476	353454	22526391	0.015691	0.034321	0.151179	0.136368	False	0.153119
HAP1_chr37	HAP2_chr13	11,13,15,17,19,23	23	10298369	13261829	358135	23202063	0.015435	0.034776	0.151881	0.135874	False	0.153755
HAP1_chr37	HAP2_chr14	11,13,15,17,19,23	23	10298369	14830231	417565	24711035	0.016898	0.040547	0.148008	0.130086	False	0.150257
HAP1_chr37	HAP2_chr15	11,13,15,17,19,23	23	10298369	10541427	302877	20536919	0.014748	0.029410	0.153832	0.142147	False	0.153941
HAP1_chr37	HAP2_chr16	11,13,15,17,19,23	23	10298369	11821509	355811	21764067	0.016349	0.034550	0.149421	0.136118	False	0.151918
HAP1_chr37	HAP2_chr17	11,13,15,17,19,23	23	10298369	19099040	390256	29007153	0.013454	0.037895	0.157770	0.132640	False	0.162095
HAP1_chr37	HAP2_chr18	11,13,15,17,19,23	23	10298369	18280303	400778	28177894	0.014223	0.038917	0.155385	0.131637	False	0.160554
HAP1_chr37	HAP2_chr19	11,13,15,17,19,23	23	10298369	10659886	326622	20631633	0.015831	0.031716	0.150797	0.139327	False	0.152731
HAP1_chr37	HAP2_chr20	11,13,15,17,19,23	23	10298369	17893840	428705	27763504	0.015441	0.041628	0.151865	0.129090	False	0.156311
HAP1_chr37	HAP2_chr21	11,13,15,17,19,23	23	10298369	16782998	377000	26704367	0.014118	0.036608	0.155705	0.133943	False	0.160527
HAP1_chr37	HAP2_chr22	11,13,15,17,19,23	23	10298369	17310261	448928	27159702	0.016529	0.043592	0.148951	0.127342	False	0.153771
HAP1_chr37	HAP2_chr23	11,13,15,17,19,23	23	10298369	16374851	405230	26267990	0.015427	0.039349	0.151905	0.131219	False	0.156781
HAP1_chr37	HAP2_chr24	11,13,15,17,19,23	23	10298369	10514192	304396	20508165	0.014843	0.029558	0.153558	0.141960	False	0.154593
HAP1_chr37	HAP2_chr25	11,13,15,17,19,23	23	10298369	15741013	450788	25588594	0.017617	0.043773	0.146227	0.127186	False	0.148429
HAP1_chr37	HAP2_chr26	11,13,15,17,19,23	23	10298369	15907494	399783	25806080	0.015492	0.038820	0.151725	0.131730	False	0.156775
HAP1_chr37	HAP2_chr27	11,13,15,17,19,23	23	10298369	15728078	396699	25629748	0.015478	0.038521	0.151763	0.132023	False	0.155903
HAP1_chr37	HAP2_chr28	11,13,15,17,19,23	23	10298369	15907855	367308	25838916	0.014215	0.035667	0.155409	0.134923	False	0.159776
HAP1_chr37	HAP2_chr29	11,13,15,17,19,23	23	10298369	14792090	356709	24733750	0.014422	0.034637	0.154790	0.136023	False	0.159127
HAP1_chr37	HAP2_chr30	11,13,15,17,19,23	23	10298369	14448376	368953	24377792	0.015135	0.035826	0.152723	0.134755	False	0.156670
HAP1_chr37	HAP2_chr31	11,13,15,17,19,23	23	10298369	10247886	322924	20223331	0.015968	0.031511	0.150429	0.139569	False	0.150590
HAP1_chr37	HAP2_chr32	11,13,15,17,19,23	23	10298369	13681624	346508	23633485	0.014662	0.033647	0.154084	0.137113	False	0.158437
HAP1_chr37	HAP2_chr33	11,13,15,17,19,23	23	10298369	13723868	352355	23669882	0.014886	0.034215	0.153433	0.136485	False	0.158665
HAP1_chr37	HAP2_chr34	11,13,15,17,19,23	23	10298369	13124268	343730	23078907	0.014894	0.033377	0.153411	0.137415	False	0.158522
HAP1_chr37	HAP2_chr35	11,13,15,17,19,23	23	10298369	12183454	327337	22154486	0.014775	0.031785	0.153753	0.139245	False	0.157226
HAP1_chr37	HAP2_chr36	11,13,15,17,19,23	23	10298369	11390521	275800	21413090	0.012880	0.026781	0.159641	0.145633	False	0.163073
HAP1_chr37	HAP2_chr37	11,13,15,17,19,23	23	10298369	10244966	8645908	11897427	0.726704	0.843918	0.007491	0.007351	False	0.005500
HAP1_chr37	HAP2_chr38	11,13,15,17,19,23	23	10298369	10059451	1963335	18394485	0.106735	0.195173	0.071551	0.068573	False	0.064179
HAP1_chr38	HAP2_chr01	11,13,15,17,19,23	23	10094622	27515200	566271	37043551	0.015287	0.056096	0.152296	0.117721	False	0.155794
HAP1_chr38	HAP2_chr02	11,13,15,17,19,23	23	10094622	25346546	548038	34893130	0.015706	0.054290	0.151136	0.118976	False	0.154770
HAP1_chr38	HAP2_chr03	11,13,15,17,19,23	23	10094622	13022664	356494	22760792	0.015663	0.035315	0.151255	0.135295	False	0.153150
HAP1_chr38	HAP2_chr04	11,13,15,17,19,23	23	10094622	12989051	352247	22731426	0.015496	0.034895	0.151713	0.135746	False	0.153786
HAP1_chr38	HAP2_chr05	11,13,15,17,19,23	23	10094622	11246860	324954	21016528	0.015462	0.032191	0.151808	0.138771	False	0.152901
HAP1_chr38	HAP2_chr06	11,13,15,17,19,23	23	10094622	11933174	351923	21675873	0.016236	0.034862	0.149717	0.135780	False	0.152185
HAP1_chr38	HAP2_chr07	11,13,15,17,19,23	23	10094622	11716945	323119	21488448	0.015037	0.032009	0.153001	0.138983	False	0.154157
HAP1_chr38	HAP2_chr08	11,13,15,17,19,23	23	10094622	11113854	346506	20861970	0.016609	0.034326	0.148744	0.136363	False	0.151506
HAP1_chr38	HAP2_chr09	11,13,15,17,19,23	23	10094622	12589605	346050	22338177	0.015491	0.034281	0.151726	0.136412	False	0.153573
HAP1_chr38	HAP2_chr10	11,13,15,17,19,23	23	10094622	12335669	352646	22077645	0.015973	0.034934	0.150415	0.135703	False	0.152714
HAP1_chr38	HAP2_chr11	11,13,15,17,19,23	23	10094622	11190208	339856	20944974	0.016226	0.033667	0.149743	0.137090	False	0.151577
HAP1_chr38	HAP2_chr12	11,13,15,17,19,23	23	10094622	12581476	350289	22325809	0.015690	0.034701	0.151181	0.135955	False	0.153137
HAP1_chr38	HAP2_chr13	11,13,15,17,19,23	23	10094622	13261829	357029	22999422	0.015523	0.035368	0.151638	0.135239	False	0.153504
HAP1_chr38	HAP2_chr14	11,13,15,17,19,23	23	10094622	14830231	418078	24506775	0.017060	0.041416	0.147600	0.129283	False	0.149894
HAP1_chr38	HAP2_chr15	11,13,15,17,19,23	23	10094622	10541427	321601	20314448	0.015831	0.031859	0.150797	0.139159	False	0.151433
HAP1_chr38	HAP2_chr16	11,13,15,17,19,23	23	10094622	11821509	355270	21560861	0.016478	0.035194	0.149085	0.135424	False	0.151618
HAP1_chr38	HAP2_chr17	11,13,15,17,19,23	23	10094622	19099040	416258	28777404	0.014465	0.041236	0.154663	0.129449	False	0.159456
HAP1_chr38	HAP2_chr18	11,13,15,17,19,23	23	10094622	18280303	390031	27984894	0.013937	0.038638	0.156256	0.131908	False	0.161040
HAP1_chr38	HAP2_chr19	11,13,15,17,19,23	23	10094622	10659886	326047	20428461	0.015960	0.032299	0.150449	0.138645	False	0.152428
HAP1_chr38	HAP2_chr20	11,13,15,17,19,23	23	10094622	17893840	405387	27583075	0.014697	0.040159	0.153981	0.130450	False	0.158640
HAP1_chr38	HAP2_chr21	11,13,15,17,19,23	23	10094622	16782998	386470	26491150	0.014589	0.038285	0.154298	0.132254	False	0.159420
HAP1_chr38	HAP2_chr22	11,13,15,17,19,23	23	10094622	17310261	430640	26974243	0.015965	0.042660	0.150437	0.128162	False	0.155045
HAP1_chr38	HAP2_chr23	11,13,15,17,19,23	23	10094622	16374851	373891	26095582	0.014328	0.037039	0.155071	0.133502	False	0.159950
HAP1_chr38	HAP2_chr24	11,13,15,17,19,23	23	10094622	10514192	297165	20311649	0.014630	0.029438	0.154176	0.142112	False	0.154924
HAP1_chr38	HAP2_chr25	11,13,15,17,19,23	23	10094622	15741013	433562	25402073	0.017068	0.042950	0.147579	0.127906	False	0.149554
HAP1_chr38	HAP2_chr26	11,13,15,17,19,23	23	10094622	15907494	414710	25587406	0.016208	0.041082	0.149792	0.129590	False	0.154936
HAP1_chr38	HAP2_chr27	11,13,15,17,19,23	23	10094622	15728078	381094	25441606	0.014979	0.037752	0.153166	0.132783	False	0.157218
HAP1_chr38	HAP2_chr28	11,13,15,17,19,23	23	10094622	15907855	376334	25626143	0.014686	0.037281	0.154014	0.133257	False	0.158241
HAP1_chr38	HAP2_chr29	11,13,15,17,19,23	23	10094622	14792090	373133	24513579	0.015221	0.036964	0.152479	0.133578	False	0.157192
HAP1_chr38	HAP2_chr30	11,13,15,17,19,23	23	10094622	14448376	348587	24194411	0.014408	0.034532	0.154832	0.136138	False	0.158615
HAP1_chr38	HAP2_chr31	11,13,15,17,19,23	23	10094622	10247886	317490	20025018	0.015855	0.031451	0.150734	0.139640	False	0.150776
HAP1_chr38	HAP2_chr32	11,13,15,17,19,23	23	10094622	13681624	337576	23438670	0.014403	0.033441	0.154848	0.137343	False	0.159255
HAP1_chr38	HAP2_chr33	11,13,15,17,19,23	23	10094622	13723868	357979	23460511	0.015259	0.035462	0.152374	0.135139	False	0.157703
HAP1_chr38	HAP2_chr34	11,13,15,17,19,23	23	10094622	13124268	349968	22868922	0.015303	0.034669	0.152249	0.135989	False	0.157540
HAP1_chr38	HAP2_chr35	11,13,15,17,19,23	23	10094622	12183454	329341	21948735	0.015005	0.032625	0.153092	0.138268	False	0.157003
HAP1_chr38	HAP2_chr36	11,13,15,17,19,23	23	10094622	11390521	290518	21194625	0.013707	0.028779	0.156970	0.142955	False	0.160906
HAP1_chr38	HAP2_chr37	11,13,15,17,19,23	23	10094622	10244966	1949055	18390533	0.105981	0.193079	0.071829	0.069010	False	0.064412
HAP1_chr38	HAP2_chr38	11,13,15,17,19,23	23	10094622	10059451	8683725	11470348	0.757059	0.863240	0.006470	0.006374	False	0.004714
HAP2_chr01	HAP2_chr02	11,13,15,17,19,23	23	27515200	25346546	4711083	48150663	0.097840	0.185867	0.074983	0.070550	False	0.072481
HAP2_chr01	HAP2_chr03	11,13,15,17,19,23	23	27515200	13022664	808776	39729088	0.020357	0.062105	0.140058	0.113809	False	0.141790
HAP2_chr01	HAP2_chr04	11,13,15,17,19,23	23	27515200	12989051	754381	39749870	0.018978	0.058078	0.143049	0.116388	False	0.146156
HAP2_chr01	HAP2_chr05	11,13,15,17,19,23	23	27515200	11246860	690095	38071965	0.018126	0.061359	0.145010	0.114275	False	0.147344
HAP2_chr01	HAP2_chr06	11,13,15,17,19,23	23	27515200	11933174	720975	38727399	0.018617	0.060418	0.143869	0.114870	False	0.147775
HAP2_chr01	HAP2_chr07	11,13,15,17,19,23	23	27515200	11716945	733015	38499130	0.019040	0.062560	0.142910	0.113528	False	0.145008
HAP2_chr01	HAP2_chr08	11,13,15,17,19,23	23	27515200	11113854	700439	37928615	0.018467	0.063024	0.144213	0.113243	False	0.148275
HAP2_chr01	HAP2_chr09	11,13,15,17,19,23	23	27515200	12589605	789566	39315239	0.020083	0.062716	0.140636	0.113432	False	0.142693
HAP2_chr01	HAP2_chr10	11,13,15,17,19,23	23	27515200	12335669	734971	39115898	0.018790	0.059581	0.143475	0.115406	False	0.146972
HAP2_chr01	HAP2_chr11	11,13,15,17,19,23	23	27515200	11190208	661398	38044010	0.017385	0.059105	0.146793	0.115715	False	0.149554
HAP2_chr01	HAP2_chr12	11,13,15,17,19,23	23	27515200	12581476	746905	39349771	0.018981	0.059365	0.143042	0.115546	False	0.146563
HAP2_chr01	HAP2_chr13	11,13,15,17,19,23	23	27515200	13261829	796163	39980866	0.019914	0.060034	0.140997	0.115115	False	0.144472
HAP2_chr01	HAP2_chr14	11,13,15,17,19,23	23	27515200	14830231	775504	41569927	0.018655	0.052292	0.143781	0.120411	False	0.149166
HAP2_chr01	HAP2_chr15	11,13,15,17,19,23	23	27515200	10541427	678433	37378194	0.018151	0.064359	0.144952	0.112435	False	0.146557
HAP2_chr01	HAP2_chr16	11,13,15,17,19,23	23	27515200	11821509	692218	38644491	0.017912	0.058556	0.145516	0.116074	False	0.148839
HAP2_chr01	HAP2_chr17	11,13,15,17,19,23	23	27515200	19099040	861970	45752270	0.018840	0.045132	0.143361	0.126025	False	0.147715
HAP2_chr01	HAP2_chr18	11,13,15,17,19,23	23	27515200	18280303	817876	44977627	0.018184	0.044741	0.144873	0.126355	False	0.149429
HAP2_chr01	HAP2_chr19	11,13,15,17,19,23	23	27515200	10659886	623917	37551169	0.016615	0.058529	0.148729	0.116091	False	0.151890
HAP2_chr01	HAP2_chr20	11,13,15,17,19,23	23	27515200	17893840	791699	44617341	0.017744	0.044244	0.145919	0.126779	False	0.151948
HAP2_chr01	HAP2_chr21	11,13,15,17,19,23	23	27515200	16782998	701233	43596965	0.016084	0.041782	0.150118	0.128950	False	0.156501
HAP2_chr01	HAP2_chr22	11,13,15,17,19,23	23	27515200	17310261	860242	43965219	0.019566	0.049695	0.141747	0.122357	False	0.147768
HAP2_chr01	HAP2_chr23	11,13,15,17,19,23	23	27515200	16374851	773292	43116759	0.017935	0.047224	0.145463	0.124301	False	0.152277
HAP2_chr01	HAP2_chr24	11,13,15,17,19,23	23	27515200	10514192	608828	37420564	0.016270	0.057905	0.149627	0.116503	False	0.151128
HAP2_chr01	HAP2_chr25	11,13,15,17,19,23	23	27515200	15741013	825084	42431129	0.019445	0.052416	0.142011	0.120320	False	0.146575
HAP2_chr01	HAP2_chr26	11,13,15,17,19,23	23	27515200	15907494	773255	42649439	0.018130	0.048609	0.144999	0.123199	False	0.152243
HAP2_chr01	HAP2_chr27	11,13,15,17,19,23	23	27515200	15728078	751016	42492262	0.017674	0.047750	0.146088	0.123879	False	0.151584
HAP2_chr01	HAP2_chr28	11,13,15,17,19,23	23	27515200	15907855	707631	42715424	0.016566	0.044483	0.148855	0.126574	False	0.154346
HAP2_chr01	HAP2_chr29	11,13,15,17,19,23	23	27515200	14792090	683260	41624030	0.016415	0.046191	0.149247	0.125143	False	0.154909
HAP2_chr01	HAP2_chr30	11,13,15,17,19,23	23	27515200	14448376	666652	41296924	0.016143	0.046140	0.149963	0.125184	False	0.154917
HAP2_chr01	HAP2_chr31	11,13,15,17,19,23	23	27515200	10247886	682421	37080665	0.018404	0.066591	0.144361	0.111118	False	0.144967
HAP2_chr01	HAP2_chr32	11,13,15,17,19,23	23	27515200	13681624	611990	40584834	0.015079	0.044731	0.152881	0.126364	False	0.158476
HAP2_chr01	HAP2_chr33	11,13,15,17,19,23	23	27515200	13723868	633932	40605136	0.015612	0.046192	0.151394	0.125142	False	0.158473
HAP2_chr01	HAP2_chr34	11,13,15,17,19,23	23	27515200	13124268	596587	40042881	0.014899	0.045457	0.153397	0.125752	False	0.160299
HAP2_chr01	HAP2_chr35	11,13,15,17,19,23	23	27515200	12183454	596516	39102138	0.015255	0.048961	0.152383	0.122924	False	0.157654
HAP2_chr01	HAP2_chr36	11,13,15,17,19,23	23	27515200	11390521	518552	38387169	0.013508	0.045525	0.157596	0.125695	False	0.162780
HAP2_chr01	HAP2_chr37	11,13,15,17,19,23	23	27515200	10244966	580703	37179463	0.015619	0.056682	0.151375	0.117323	False	0.154630
HAP2_chr01	HAP2_chr38	11,13,15,17,19,23	23	27515200	10059451	545371	37029280	0.014728	0.054215	0.153890	0.119029	False	0.157194
HAP2_chr02	HAP2_chr03	11,13,15,17,19,23	23	25346546	13022664	748862	37620348	0.019906	0.057505	0.141013	0.116770	False	0.142792
HAP2_chr02	HAP2_chr04	11,13,15,17,19,23	23	25346546	12989051	672661	37662936	0.017860	0.051787	0.145641	0.120782	False	0.148773
HAP2_chr02	HAP2_chr05	11,13,15,17,19,23	23	25346546	11246860	622273	35971133	0.017299	0.055329	0.147004	0.118250	False	0.149433
HAP2_chr02	HAP2_chr06	11,13,15,17,19,23	23	25346546	11933174	665341	36614379	0.018172	0.055756	0.144903	0.117955	False	0.148850
HAP2_chr02	HAP2_chr07	11,13,15,17,19,23	23	25346546	11716945	666509	36396982	0.018312	0.056884	0.144573	0.117186	False	0.146795
HAP2_chr02	HAP2_chr08	11,13,15,17,19,23	23	25346546	11113854	612596	35847804	0.017089	0.055120	0.147527	0.118394	False	0.151462
HAP2_chr02	HAP2_chr09	11,13,15,17,19,23	23	25346546	12589605	741599	37194552	0.019938	0.058906	0.140944	0.115845	False	0.142934
HAP2_chr02	HAP2_chr10	11,13,15,17,19,23	23	25346546	12335669	662029	37020186	0.017883	0.053668	0.145586	0.119417	False	0.149208
HAP2_chr02	HAP2_chr11	11,13,15,17,19,23	23	25346546	11190208	638015	35898739	0.017773	0.057015	0.145851	0.117098	False	0.148886
HAP2_chr02	HAP2_chr12	11,13,15,17,19,23	23	25346546	12581476	672766	37255256	0.018058	0.053473	0.145170	0.119557	False	0.148728
HAP2_chr02	HAP2_chr13	11,13,15,17,19,23	23	25346546	13261829	709332	37899043	0.018716	0.053487	0.143641	0.119547	False	0.147040
HAP2_chr02	HAP2_chr14	11,13,15,17,19,23	23	25346546	14830231	719781	39456996	0.018242	0.048535	0.144737	0.123258	False	0.150283
HAP2_chr02	HAP2_chr15	11,13,15,17,19,23	23	25346546	10541427	632985	35254988	0.017954	0.060047	0.145416	0.115106	False	0.146937
HAP2_chr02	HAP2_chr16	11,13,15,17,19,23	23	25346546	11821509	639794	36528261	0.017515	0.054121	0.146474	0.119095	False	0.150048
HAP2_chr02	HAP2_chr17	11,13,15,17,19,23	23	25346546	19099040	782327	43663259	0.017917	0.040962	0.145504	0.129701	False	0.149916
HAP2_chr02	HAP2_chr18	11,13,15,17,19,23	23	25346546	18280303	759778	42867071	0.017724	0.041563	0.145968	0.129149	False	0.150637
HAP2_chr02	HAP2_chr19	11,13,15,17,19,23	23	25346546	10659886	594583	35411849	0.016791	0.055778	0.148280	0.117940	False	0.151635
HAP2_chr02	HAP2_chr20	11,13,15,17,19,23	23	25346546	17893840	691773	42548613	0.016258	0.038660	0.149658	0.131886	False	0.155951
HAP2_chr02	HAP2_chr21	11,13,15,17,19,23	23	25346546	16782998	656247	41473297	0.015823	0.039102	0.150818	0.131457	False	0.157488
HAP2_chr02	HAP2_chr22	11,13,15,17,19,23	23	25346546	17310261	778040	41878767	0.018578	0.044947	0.143957	0.126181	False	0.150046
HAP2_chr02	HAP2_chr23	11,13,15,17,19,23	23	25346546	16374851	693772	41027625	0.016910	0.042368	0.147977	0.128422	False	0.154803
HAP2_chr02	HAP2_chr24	11,13,15,17,19,23	23	25346546	10514192	566060	35294678	0.016038	0.053838	0.150241	0.119296	False	0.151938
HAP2_chr02	HAP2_chr25	11,13,15,17,19,23	23	25346546	15741013	777246	40310313	0.019282	0.049377	0.142372	0.122602	False	0.147407
HAP2_chr02	HAP2_chr26	11,13,15,17,19,23	23	25346546	15907494	724096	40529944	0.017866	0.045519	0.145628	0.125700	False	0.153095
HAP2_chr02	HAP2_chr27	11,13,15,17,19,23	23	25346546	15728078	679753	40394871	0.016828	0.043219	0.148186	0.127669	False	0.153804
HAP2_chr02	HAP2_chr28	11,13,15,17,19,23	23	25346546	15907855	675066	40579335	0.016636	0.042436	0.148676	0.128362	False	0.154602
HAP2_chr02	HAP2_chr29	11,13,15,17,19,23	23	25346546	14792090	635549	39503087	0.016089	0.042965	0.150107	0.127892	False	0.156078
HAP2_chr02	HAP2_chr30	11,13,15,17,19,23	23	25346546	14448376	631180	39163742	0.016116	0.043685	0.150033	0.127262	False	0.155382
HAP2_chr02	HAP2_chr31	11,13,15,17,19,23	23	25346546	10247886	605912	34988520	0.017317	0.059126	0.146959	0.115701	False	0.147604
HAP2_chr02	HAP2_chr32	11,13,15,17,19,23	23	25346546	13681624	590490	38437680	0.015362	0.043159	0.152084	0.127721	False	0.157935
HAP2_chr02	HAP2_chr33	11,13,15,17,19,23	23	25346546	13723868	575348	38495066	0.014946	0.041923	0.153261	0.128822	False	0.160488
HAP2_chr02	HAP2_chr34	11,13,15,17,19,23	23	25346546	13124268	558818	37911996	0.014740	0.042579	0.153856	0.128234	False	0.161075
HAP2_chr02	HAP2_chr35	11,13,15,17,19,23	23	25346546	12183454	518470	37011530	0.014008	0.042555	0.156038	0.128255	False	0.161040
HAP2_chr02	HAP2_chr36	11,13,15,17,19,23	23	25346546	11390521	491616	36245451	0.013564	0.043160	0.157422	0.127720	False	0.162838
HAP2_chr02	HAP2_chr37	11,13,15,17,19,23	23	25346546	10244966	527396	35064116	0.015041	0.051479	0.152990	0.121010	False	0.156142
HAP2_chr02	HAP2_chr38	11,13,15,17,19,23	23	25346546	10059451	534325	34871672	0.015323	0.053117	0.152195	0.119812	False	0.155699
HAP2_chr03	HAP2_chr04	11,13,15,17,19,23	23	13022664	12989051	554197	25457518	0.021769	0.042666	0.137202	0.128156	False	0.138286
HAP2_chr03	HAP2_chr05	11,13,15,17,19,23	23	13022664	11246860	535778	23733746	0.022575	0.047638	0.135657	0.123969	False	0.136490
HAP2_chr03	HAP2_chr06	11,13,15,17,19,23	23	13022664	11933174	552913	24402925	0.022658	0.046334	0.135501	0.125025	False	0.137828
HAP2_chr03	HAP2_chr07	11,13,15,17,19,23	23	13022664	11716945	580982	24158627	0.024049	0.049585	0.132969	0.122442	False	0.133904
HAP2_chr03	HAP2_chr08	11,13,15,17,19,23	23	13022664	11113854	514241	23622277	0.021769	0.046270	0.137202	0.125077	False	0.139437
HAP2_chr03	HAP2_chr09	11,13,15,17,19,23	23	13022664	12589605	2111106	23501163	0.089830	0.167686	0.078379	0.074700	False	0.071708
HAP2_chr03	HAP2_chr10	11,13,15,17,19,23	23	13022664	12335669	581260	24777073	0.023460	0.047120	0.134022	0.124385	False	0.135989
HAP2_chr03	HAP2_chr11	11,13,15,17,19,23	23	13022664	11190208	569179	23643693	0.024073	0.050864	0.132926	0.121469	False	0.134718
HAP2_chr03	HAP2_chr12	11,13,15,17,19,23	23	13022664	12581476	566076	25038064	0.022609	0.044993	0.135593	0.126142	False	0.136829
HAP2_chr03	HAP2_chr13	11,13,15,17,19,23	23	13022664	13261829	609455	25675038	0.023737	0.046800	0.133523	0.124645	False	0.134831
HAP2_chr03	HAP2_chr14	11,13,15,17,19,23	23	13022664	14830231	591552	27261343	0.021699	0.045425	0.137339	0.125779	False	0.139684
HAP2_chr03	HAP2_chr15	11,13,15,17,19,23	23	13022664	10541427	555081	23009010	0.024125	0.052657	0.132836	0.120145	False	0.133005
HAP2_chr03	HAP2_chr16	11,13,15,17,19,23	23	13022664	11821509	530173	24314000	0.021805	0.044848	0.137132	0.126264	False	0.138732
HAP2_chr03	HAP2_chr17	11,13,15,17,19,23	23	13022664	19099040	523023	31598681	0.016552	0.040163	0.148892	0.130446	False	0.151591
HAP2_chr03	HAP2_chr18	11,13,15,17,19,23	23	13022664	18280303	493661	30809306	0.016023	0.037908	0.150281	0.132628	False	0.153162
HAP2_chr03	HAP2_chr19	11,13,15,17,19,23	23	13022664	10659886	474846	23207704	0.020461	0.044545	0.139842	0.126522	False	0.141069
HAP2_chr03	HAP2_chr20	11,13,15,17,19,23	23	13022664	17893840	490621	30425883	0.016125	0.037674	0.150010	0.132861	False	0.152591
HAP2_chr03	HAP2_chr21	11,13,15,17,19,23	23	13022664	16782998	453846	29351816	0.015462	0.034850	0.151806	0.135793	False	0.154836
HAP2_chr03	HAP2_chr22	11,13,15,17,19,23	23	13022664	17310261	614220	29718705	0.020668	0.047165	0.139413	0.124348	False	0.142489
HAP2_chr03	HAP2_chr23	11,13,15,17,19,23	23	13022664	16374851	517376	28880139	0.017915	0.039729	0.145511	0.130856	False	0.148842
HAP2_chr03	HAP2_chr24	11,13,15,17,19,23	23	13022664	10514192	486886	23049970	0.021123	0.046308	0.138485	0.125047	False	0.139291
HAP2_chr03	HAP2_chr25	11,13,15,17,19,23	23	13022664	15741013	592032	28171645	0.021015	0.045462	0.138703	0.125748	False	0.139719
HAP2_chr03	HAP2_chr26	11,13,15,17,19,23	23	13022664	15907494	507764	28422394	0.017865	0.038991	0.145629	0.131565	False	0.149281
HAP2_chr03	HAP2_chr27	11,13,15,17,19,23	23	13022664	15728078	524701	28226041	0.018589	0.040291	0.143932	0.130325	False	0.146595
HAP2_chr03	HAP2_chr28	11,13,15,17,19,23	23	13022664	15907855	488730	28441789	0.017184	0.037529	0.147291	0.133006	False	0.150126
HAP2_chr03	HAP2_chr29	11,13,15,17,19,23	23	13022664	14792090	435057	27379697	0.015890	0.033408	0.150639	0.137380	False	0.153285
HAP2_chr03	HAP2_chr30	11,13,15,17,19,23	23	13022664	14448376	466085	27004955	0.017259	0.035790	0.147103	0.134793	False	0.149362
HAP2_chr03	HAP2_chr31	11,13,15,17,19,23	23	13022664	10247886	528864	22741686	0.023255	0.051607	0.134394	0.120915	False	0.133898
HAP2_chr03	HAP2_chr32	11,13,15,17,19,23	23	13022664	13681624	409628	26294660	0.015578	0.031455	0.151486	0.139636	False	0.153957
HAP2_chr03	HAP2_chr33	11,13,15,17,19,23	23	13022664	13723868	420917	26325615	0.015989	0.032322	0.150373	0.138619	False	0.154061
HAP2_chr03	HAP2_chr34	11,13,15,17,19,23	23	13022664	13124268	383822	25763110	0.014898	0.029473	0.153398	0.142067	False	0.156792
HAP2_chr03	HAP2_chr35	11,13,15,17,19,23	23	13022664	12183454	401240	24804878	0.016176	0.032933	0.149875	0.137917	False	0.151980
HAP2_chr03	HAP2_chr36	11,13,15,17,19,23	23	13022664	11390521	343745	24069440	0.014281	0.030178	0.155210	0.141185	False	0.157329
HAP2_chr03	HAP2_chr37	11,13,15,17,19,23	23	13022664	10244966	355276	22912354	0.015506	0.034678	0.151686	0.135979	False	0.153371
HAP2_chr03	HAP2_chr38	11,13,15,17,19,23	23	13022664	10059451	331539	22750576	0.014573	0.032958	0.154344	0.137888	False	0.155937
HAP2_chr04	HAP2_chr05	11,13,15,17,19,23	23	12989051	11246860	543848	23692063	0.022955	0.048356	0.134947	0.123399	False	0.135556
HAP2_chr04	HAP2_chr06	11,13,15,17,19,23	23	12989051	11933174	567103	24355122	0.023285	0.047523	0.134340	0.124060	False	0.135794
HAP2_chr04	HAP2_chr07	11,13,15,17,19,23	23	12989051	11716945	551921	24154075	0.022850	0.047105	0.135141	0.124397	False	0.135512
HAP2_chr04	HAP2_chr08	11,13,15,17,19,23	23	12989051	11113854	508353	23594552	0.021545	0.045740	0.137642	0.125515	False	0.139747
HAP2_chr04	HAP2_chr09	11,13,15,17,19,23	23	12989051	12589605	532665	25045991	0.021267	0.042310	0.138195	0.128475	False	0.138767
HAP2_chr04	HAP2_chr10	11,13,15,17,19,23	23	12989051	12335669	573145	24751575	0.023156	0.046462	0.134576	0.124920	False	0.135702
HAP2_chr04	HAP2_chr11	11,13,15,17,19,23	23	12989051	11190208	535661	23643598	0.022656	0.047869	0.135504	0.123784	False	0.136416
HAP2_chr04	HAP2_chr12	11,13,15,17,19,23	23	12989051	12581476	598560	24971967	0.023969	0.047575	0.133110	0.124019	False	0.134118
HAP2_chr04	HAP2_chr13	11,13,15,17,19,23	23	12989051	13261829	577563	25673317	0.022497	0.044465	0.135804	0.126590	False	0.136691
HAP2_chr04	HAP2_chr14	11,13,15,17,19,23	23	12989051	14830231	555649	27263633	0.020381	0.042778	0.140009	0.128057	False	0.143340
HAP2_chr04	HAP2_chr15	11,13,15,17,19,23	23	12989051	10541427	574329	22956149	0.025019	0.054483	0.131291	0.118840	False	0.129775
HAP2_chr04	HAP2_chr16	11,13,15,17,19,23	23	12989051	11821509	2076140	22734420	0.091321	0.175624	0.077722	0.072838	False	0.070491
HAP2_chr04	HAP2_chr17	11,13,15,17,19,23	23	12989051	19099040	522442	31565649	0.016551	0.040222	0.148895	0.130390	False	0.152030
HAP2_chr04	HAP2_chr18	11,13,15,17,19,23	23	12989051	18280303	501994	30767360	0.016316	0.038647	0.149507	0.131899	False	0.152964
HAP2_chr04	HAP2_chr19	11,13,15,17,19,23	23	12989051	10659886	466600	23182337	0.020127	0.043772	0.140541	0.127187	False	0.141427
HAP2_chr04	HAP2_chr20	11,13,15,17,19,23	23	12989051	17893840	504328	30378563	0.016601	0.038827	0.148765	0.131723	False	0.151992
HAP2_chr04	HAP2_chr21	11,13,15,17,19,23	23	12989051	16782998	451629	29320420	0.015403	0.034770	0.151970	0.135880	False	0.155147
HAP2_chr04	HAP2_chr22	11,13,15,17,19,23	23	12989051	17310261	611290	29688022	0.020590	0.047062	0.139572	0.124432	False	0.142091
HAP2_chr04	HAP2_chr23	11,13,15,17,19,23	23	12989051	16374851	511030	28852872	0.017712	0.039343	0.145998	0.131225	False	0.149636
HAP2_chr04	HAP2_chr24	11,13,15,17,19,23	23	12989051	10514192	495730	23007513	0.021546	0.047149	0.137640	0.124362	False	0.137935
HAP2_chr04	HAP2_chr25	11,13,15,17,19,23	23	12989051	15741013	577373	28152691	0.020509	0.044451	0.139742	0.126602	False	0.142105
HAP2_chr04	HAP2_chr26	11,13,15,17,19,23	23	12989051	15907494	502414	28394131	0.017694	0.038680	0.146039	0.131867	False	0.149845
HAP2_chr04	HAP2_chr27	11,13,15,17,19,23	23	12989051	15728078	498388	28218741	0.017662	0.038370	0.146118	0.132171	False	0.148924
HAP2_chr04	HAP2_chr28	11,13,15,17,19,23	23	12989051	15907855	489356	28407550	0.017226	0.037674	0.147185	0.132860	False	0.149298
HAP2_chr04	HAP2_chr29	11,13,15,17,19,23	23	12989051	14792090	463230	27317911	0.016957	0.035663	0.147858	0.134926	False	0.151267
HAP2_chr04	HAP2_chr30	11,13,15,17,19,23	23	12989051	14448376	474173	26963254	0.017586	0.036506	0.146302	0.134048	False	0.149070
HAP2_chr04	HAP2_chr31	11,13,15,17,19,23	23	12989051	10247886	553104	22683833	0.024383	0.053972	0.132383	0.119200	False	0.130787
HAP2_chr04	HAP2_chr32	11,13,15,17,19,23	23	12989051	13681624	452521	26218154	0.017260	0.034839	0.147102	0.135806	False	0.150489
HAP2_chr04	HAP2_chr33	11,13,15,17,19,23	23	12989051	13723868	412874	26300045	0.015699	0.031786	0.151157	0.139244	False	0.155311
HAP2_chr04	HAP2_chr34	11,13,15,17,19,23	23	12989051	13124268	385303	25728016	0.014976	0.029664	0.153175	0.141827	False	0.156787
HAP2_chr04	HAP2_chr35	11,13,15,17,19,23	23	12989051	12183454	417319	24755186	0.016858	0.034253	0.148109	0.136443	False	0.150700
HAP2_chr04	HAP2_chr36	11,13,15,17,19,23	23	12989051	11390521	373558	24006014	0.015561	0.032796	0.151534	0.138074	False	0.154503
HAP2_chr04	HAP2_chr37	11,13,15,17,19,23	23	12989051	10244966	362134	22871883	0.015833	0.035348	0.150792	0.135261	False	0.152597
HAP2_chr04	HAP2_chr38	11,13,15,17,19,23	23	12989051	10059451	339608	22708894	0.014955	0.033760	0.153236	0.136987	False	0.155145
HAP2_chr05	HAP2_chr06	11,13,15,17,19,23	23	11246860	11933174	546507	22633527	0.024146	0.048592	0.132798	0.123213	False	0.134386
HAP2_chr05	HAP2_chr07	11,13,15,17,19,23	23	11246860	11716945	504899	22458906	0.022481	0.044892	0.135833	0.126227	False	0.135960
HAP2_chr05	HAP2_chr08	11,13,15,17,19,23	23	11246860	11113854	563783	21796931	0.025865	0.050728	0.129880	0.121572	False	0.129010
HAP2_chr05	HAP2_chr09	11,13,15,17,19,23	23	11246860	12589605	520854	23315611	0.022339	0.046311	0.136102	0.125044	False	0.136559
HAP2_chr05	HAP2_chr10	11,13,15,17,19,23	23	11246860	12335669	546105	23036424	0.023706	0.048556	0.133578	0.123241	False	0.134132
HAP2_chr05	HAP2_chr11	11,13,15,17,19,23	23	11246860	11190208	1916031	20521037	0.093369	0.171224	0.076840	0.073860	False	0.069065
HAP2_chr05	HAP2_chr12	11,13,15,17,19,23	23	11246860	12581476	607495	23220841	0.026162	0.054015	0.129397	0.119171	False	0.127774
HAP2_chr05	HAP2_chr13	11,13,15,17,19,23	23	11246860	13261829	556863	23951826	0.023249	0.049513	0.134405	0.122497	False	0.135232
HAP2_chr05	HAP2_chr14	11,13,15,17,19,23	23	11246860	14830231	541940	25535151	0.021223	0.048186	0.138283	0.123533	False	0.141141
HAP2_chr05	HAP2_chr15	11,13,15,17,19,23	23	11246860	10541427	502114	21286173	0.023589	0.047632	0.133789	0.123973	False	0.133162
HAP2_chr05	HAP2_chr16	11,13,15,17,19,23	23	11246860	11821509	504447	22563922	0.022356	0.044852	0.136070	0.126261	False	0.136898
HAP2_chr05	HAP2_chr17	11,13,15,17,19,23	23	11246860	19099040	473123	29872777	0.015838	0.042067	0.150779	0.128693	False	0.152743
HAP2_chr05	HAP2_chr18	11,13,15,17,19,23	23	11246860	18280303	468492	29058671	0.016122	0.041655	0.150017	0.129065	False	0.152560
HAP2_chr05	HAP2_chr19	11,13,15,17,19,23	23	11246860	10659886	456278	21450468	0.021271	0.042803	0.138187	0.128035	False	0.138811
HAP2_chr05	HAP2_chr20	11,13,15,17,19,23	23	11246860	17893840	467664	28673036	0.016310	0.041582	0.149521	0.129132	False	0.151782
HAP2_chr05	HAP2_chr21	11,13,15,17,19,23	23	11246860	16782998	454317	27575541	0.016475	0.040395	0.149091	0.130228	False	0.151801
HAP2_chr05	HAP2_chr22	11,13,15,17,19,23	23	11246860	17310261	568601	27988520	0.020316	0.050556	0.140145	0.121701	False	0.142444
HAP2_chr05	HAP2_chr23	11,13,15,17,19,23	23	11246860	16374851	466653	27155058	0.017185	0.041492	0.147288	0.129214	False	0.149800
HAP2_chr05	HAP2_chr24	11,13,15,17,19,23	23	11246860	10514192	489530	21271522	0.023013	0.046559	0.134838	0.124841	False	0.135744
HAP2_chr05	HAP2_chr25	11,13,15,17,19,23	23	11246860	15741013	541510	26446363	0.020476	0.048148	0.139810	0.123563	False	0.141417
HAP2_chr05	HAP2_chr26	11,13,15,17,19,23	23	11246860	15907494	466102	26688252	0.017465	0.041443	0.146597	0.129259	False	0.149247
HAP2_chr05	HAP2_chr27	11,13,15,17,19,23	23	11246860	15728078	452778	26522160	0.017072	0.040258	0.147570	0.130356	False	0.149274
HAP2_chr05	HAP2_chr28	11,13,15,17,19,23	23	11246860	15907855	444173	26710542	0.016629	0.039493	0.148693	0.131081	False	0.150913
HAP2_chr05	HAP2_chr29	11,13,15,17,19,23	23	11246860	14792090	416401	25622549	0.016251	0.037024	0.149676	0.133517	False	0.152121
HAP2_chr05	HAP2_chr30	11,13,15,17,19,23	23	11246860	14448376	424014	25271222	0.016779	0.037701	0.148311	0.132834	False	0.150162
HAP2_chr05	HAP2_chr31	11,13,15,17,19,23	23	11246860	10247886	484040	21010706	0.023038	0.047233	0.134793	0.124294	False	0.133930
HAP2_chr05	HAP2_chr32	11,13,15,17,19,23	23	11246860	13681624	391352	24537132	0.015949	0.034797	0.150479	0.135851	False	0.152487
HAP2_chr05	HAP2_chr33	11,13,15,17,19,23	23	11246860	13723868	383278	24587450	0.015588	0.034079	0.151459	0.136634	False	0.154569
HAP2_chr05	HAP2_chr34	11,13,15,17,19,23	23	11246860	13124268	355315	24015813	0.014795	0.031592	0.153696	0.139473	False	0.156448
HAP2_chr05	HAP2_chr35	11,13,15,17,19,23	23	11246860	12183454	392177	23038137	0.017023	0.034870	0.147692	0.135772	False	0.149522
HAP2_chr05	HAP2_chr36	11,13,15,17,19,23	23	11246860	11390521	335208	22302173	0.015030	0.029805	0.153020	0.141650	False	0.154970
HAP2_chr05	HAP2_chr37	11,13,15,17,19,23	23	11246860	10244966	339859	21151967	0.016067	0.033173	0.150163	0.137644	False	0.151302
HAP2_chr05	HAP2_chr38	11,13,15,17,19,23	23	11246860	10059451	308101	20998210	0.014673	0.030628	0.154051	0.140632	False	0.154897
HAP2_chr06	HAP2_chr07	11,13,15,17,19,23	23	11933174	11716945	578894	23071225	0.025092	0.049407	0.131168	0.122579	False	0.131758
HAP2_chr06	HAP2_chr08	11,13,15,17,19,23	23	11933174	11113854	535733	22511295	0.023798	0.048204	0.133413	0.123518	False	0.136940
HAP2_chr06	HAP2_chr09	11,13,15,17,19,23	23	11933174	12589605	556411	23966368	0.023216	0.046627	0.134465	0.124785	False	0.136235
HAP2_chr06	HAP2_chr10	11,13,15,17,19,23	23	11933174	12335669	602643	23666200	0.025464	0.050501	0.130542	0.121742	False	0.132990
HAP2_chr06	HAP2_chr11	11,13,15,17,19,23	23	11933174	11190208	524786	22598596	0.023222	0.046897	0.134455	0.124566	False	0.136371
HAP2_chr06	HAP2_chr12	11,13,15,17,19,23	23	11933174	12581476	589847	23924803	0.024654	0.049429	0.131914	0.122562	False	0.133695
HAP2_chr06	HAP2_chr13	11,13,15,17,19,23	23	11933174	13261829	2100054	23094949	0.090931	0.175985	0.077893	0.072755	False	0.071016
HAP2_chr06	HAP2_chr14	11,13,15,17,19,23	23	11933174	14830231	548540	26214865	0.020925	0.045968	0.138886	0.125327	False	0.142913
HAP2_chr06	HAP2_chr15	11,13,15,17,19,23	23	11933174	10541427	561130	21913471	0.025607	0.053231	0.130306	0.119730	False	0.131386
HAP2_chr06	HAP2_chr16	11,13,15,17,19,23	23	11933174	11821509	549447	23205236	0.023678	0.046479	0.133629	0.124906	False	0.135726
HAP2_chr06	HAP2_chr17	11,13,15,17,19,23	23	11933174	19099040	525449	30506765	0.017224	0.044033	0.147190	0.126961	False	0.150935
HAP2_chr06	HAP2_chr18	11,13,15,17,19,23	23	11933174	18280303	500522	29712955	0.016845	0.041944	0.148141	0.128804	False	0.152094
HAP2_chr06	HAP2_chr19	11,13,15,17,19,23	23	11933174	10659886	524484	22068576	0.023766	0.049202	0.133471	0.122738	False	0.136096
HAP2_chr06	HAP2_chr20	11,13,15,17,19,23	23	11933174	17893840	486866	29340148	0.016594	0.040799	0.148784	0.129851	False	0.152560
HAP2_chr06	HAP2_chr21	11,13,15,17,19,23	23	11933174	16782998	455939	28260233	0.016134	0.038208	0.149987	0.132330	False	0.153714
HAP2_chr06	HAP2_chr22	11,13,15,17,19,23	23	11933174	17310261	626253	28617182	0.021884	0.052480	0.136979	0.120274	False	0.139493
HAP2_chr06	HAP2_chr23	11,13,15,17,19,23	23	11933174	16374851	489425	27818600	0.017593	0.041014	0.146284	0.129653	False	0.150497
HAP2_chr06	HAP2_chr24	11,13,15,17,19,23	23	11933174	10514192	526719	21920647	0.024028	0.050096	0.133005	0.122050	False	0.133906
HAP2_chr06	HAP2_chr25	11,13,15,17,19,23	23	11933174	15741013	541133	27133054	0.019944	0.045347	0.140932	0.125844	False	0.143979
HAP2_chr06	HAP2_chr26	11,13,15,17,19,23	23	11933174	15907494	503380	27337288	0.018414	0.042183	0.144337	0.128588	False	0.148990
HAP2_chr06	HAP2_chr27	11,13,15,17,19,23	23	11933174	15728078	481626	27179626	0.017720	0.040360	0.145977	0.130260	False	0.149425
HAP2_chr06	HAP2_chr28	11,13,15,17,19,23	23	11933174	15907855	496867	27344162	0.018171	0.041637	0.144904	0.129081	False	0.146719
HAP2_chr06	HAP2_chr29	11,13,15,17,19,23	23	11933174	14792090	461240	26264024	0.017562	0.038652	0.146361	0.131894	False	0.150055
HAP2_chr06	HAP2_chr30	11,13,15,17,19,23	23	11933174	14448376	438317	25943233	0.016895	0.036731	0.148014	0.133816	False	0.151258
HAP2_chr06	HAP2_chr31	11,13,15,17,19,23	23	11933174	10247886	502727	21678333	0.023190	0.049057	0.134513	0.122850	False	0.134851
HAP2_chr06	HAP2_chr32	11,13,15,17,19,23	23	11933174	13681624	426000	25188798	0.016912	0.035699	0.147971	0.134889	False	0.151532
HAP2_chr06	HAP2_chr33	11,13,15,17,19,23	23	11933174	13723868	429849	25227193	0.017039	0.036021	0.147652	0.134550	False	0.152242
HAP2_chr06	HAP2_chr34	11,13,15,17,19,23	23	11933174	13124268	404704	24652738	0.016416	0.033914	0.149244	0.136816	False	0.153498
HAP2_chr06	HAP2_chr35	11,13,15,17,19,23	23	11933174	12183454	401550	23715078	0.016932	0.033650	0.147921	0.137109	False	0.150859
HAP2_chr06	HAP2_chr36	11,13,15,17,19,23	23	11933174	11390521	349321	22974374	0.015205	0.030668	0.152526	0.140584	False	0.155262
HAP2_chr06	HAP2_chr37	11,13,15,17,19,23	23	11933174	10244966	353114	21825026	0.016179	0.034467	0.149866	0.136209	False	0.152194
HAP2_chr06	HAP2_chr38	11,13,15,17,19,23	23	11933174	10059451	335997	21656628	0.015515	0.033401	0.151661	0.137388	False	0.153955
HAP2_chr07	HAP2_chr08	11,13,15,17,19,23	23	11716945	11113854	478411	22352388	0.021403	0.043046	0.137924	0.127820	False	0.139608
HAP2_chr07	HAP2_chr09	11,13,15,17,19,23	23	11716945	12589605	562398	23744152	0.023686	0.047999	0.133615	0.123681	False	0.133923
HAP2_chr07	HAP2_chr10	11,13,15,17,19,23	23	11716945	12335669	552334	23500280	0.023503	0.047140	0.133943	0.124369	False	0.134683
HAP2_chr07	HAP2_chr11	11,13,15,17,19,23	23	11716945	11190208	519679	22387474	0.023213	0.046441	0.134472	0.124938	False	0.135042
HAP2_chr07	HAP2_chr12	11,13,15,17,19,23	23	11716945	12581476	571380	23727041	0.024081	0.048765	0.132912	0.123077	False	0.133768
HAP2_chr07	HAP2_chr13	11,13,15,17,19,23	23	11716945	13261829	618246	24360528	0.025379	0.052765	0.130685	0.120066	False	0.130983
HAP2_chr07	HAP2_chr14	11,13,15,17,19,23	23	11716945	14830231	562151	25985025	0.021634	0.047978	0.137468	0.123698	False	0.139211
HAP2_chr07	HAP2_chr15	11,13,15,17,19,23	23	11716945	10541427	529610	21728762	0.024374	0.050241	0.132399	0.121940	False	0.131601
HAP2_chr07	HAP2_chr16	11,13,15,17,19,23	23	11716945	11821509	484295	23054159	0.021007	0.041333	0.138720	0.129359	False	0.139453
HAP2_chr07	HAP2_chr17	11,13,15,17,19,23	23	11716945	19099040	493011	30322974	0.016259	0.042077	0.149657	0.128684	False	0.151886
HAP2_chr07	HAP2_chr18	11,13,15,17,19,23	23	11716945	18280303	469902	29527346	0.015914	0.040104	0.150573	0.130501	False	0.153134
HAP2_chr07	HAP2_chr19	11,13,15,17,19,23	23	11716945	10659886	445599	21931232	0.020318	0.041801	0.140140	0.128932	False	0.140510
HAP2_chr07	HAP2_chr20	11,13,15,17,19,23	23	11716945	17893840	483619	29127166	0.016604	0.041275	0.148759	0.129412	False	0.151086
HAP2_chr07	HAP2_chr21	11,13,15,17,19,23	23	11716945	16782998	422315	28077628	0.015041	0.036043	0.152990	0.134528	False	0.155257
HAP2_chr07	HAP2_chr22	11,13,15,17,19,23	23	11716945	17310261	567519	28459687	0.019941	0.048436	0.140938	0.123336	False	0.143305
HAP2_chr07	HAP2_chr23	11,13,15,17,19,23	23	11716945	16374851	463491	27628305	0.016776	0.039557	0.148317	0.131020	False	0.150832
HAP2_chr07	HAP2_chr24	11,13,15,17,19,23	23	11716945	10514192	1827898	20403239	0.089589	0.173851	0.078486	0.073247	False	0.070443
HAP2_chr07	HAP2_chr25	11,13,15,17,19,23	23	11716945	15741013	562844	26895114	0.020927	0.048037	0.138881	0.123651	False	0.139637
HAP2_chr07	HAP2_chr26	11,13,15,17,19,23	23	11716945	15907494	472601	27151838	0.017406	0.040335	0.146742	0.130284	False	0.149587
HAP2_chr07	HAP2_chr27	11,13,15,17,19,23	23	11716945	15728078	472422	26972601	0.017515	0.040320	0.146475	0.130298	False	0.148741
HAP2_chr07	HAP2_chr28	11,13,15,17,19,23	23	11716945	15907855	452393	27172407	0.016649	0.038610	0.148642	0.131935	False	0.151001
HAP2_chr07	HAP2_chr29	11,13,15,17,19,23	23	11716945	14792090	433943	26075092	0.016642	0.037036	0.148660	0.133505	False	0.151116
HAP2_chr07	HAP2_chr30	11,13,15,17,19,23	23	11716945	14448376	419559	25745762	0.016296	0.035808	0.149558	0.134774	False	0.151317
HAP2_chr07	HAP2_chr31	11,13,15,17,19,23	23	11716945	10247886	496617	21468214	0.023133	0.048460	0.134619	0.123316	False	0.133566
HAP2_chr07	HAP2_chr32	11,13,15,17,19,23	23	11716945	13681624	410106	24988463	0.016412	0.035001	0.149256	0.135631	False	0.151483
HAP2_chr07	HAP2_chr33	11,13,15,17,19,23	23	11716945	13723868	392632	25048181	0.015675	0.033510	0.151221	0.137266	False	0.154119
HAP2_chr07	HAP2_chr34	11,13,15,17,19,23	23	11716945	13124268	362619	24478594	0.014814	0.030948	0.153642	0.140243	False	0.156201
HAP2_chr07	HAP2_chr35	11,13,15,17,19,23	23	11716945	12183454	391692	23508707	0.016662	0.033430	0.148610	0.137356	False	0.150506
HAP2_chr07	HAP2_chr36	11,13,15,17,19,23	23	11716945	11390521	333304	22774162	0.014635	0.029262	0.154161	0.142336	False	0.156069
HAP2_chr07	HAP2_chr37	11,13,15,17,19,23	23	11716945	10244966	337582	21624329	0.015611	0.032951	0.151396	0.137896	False	0.152543
HAP2_chr07	HAP2_chr38	11,13,15,17,19,23	23	11716945	10059451	317750	21458646	0.014808	0.031587	0.153660	0.139479	False	0.154610
HAP2_chr08	HAP2_chr09	11,13,15,17,19,23	23	11113854	12589605	553279	23150180	0.023900	0.049783	0.133233	0.122290	False	0.135558
HAP2_chr08	HAP2_chr10	11,13,15,17,19,23	23	11113854	12335669	520672	22928851	0.022708	0.046849	0.135406	0.124604	False	0.137962
HAP2_chr08	HAP2_chr11	11,13,15,17,19,23	23	11113854	11190208	577942	21726120	0.026601	0.052002	0.128691	0.120624	False	0.128474
HAP2_chr08	HAP2_chr12	11,13,15,17,19,23	23	11113854	12581476	2061128	21634202	0.095272	0.185456	0.076038	0.070639	False	0.068774
HAP2_chr08	HAP2_chr13	11,13,15,17,19,23	23	11113854	13261829	513026	23862657	0.021499	0.046161	0.137733	0.125167	False	0.140045
HAP2_chr08	HAP2_chr14	11,13,15,17,19,23	23	11113854	14830231	519934	25424151	0.020450	0.046783	0.139863	0.124658	False	0.144009
HAP2_chr08	HAP2_chr15	11,13,15,17,19,23	23	11113854	10541427	524370	21130911	0.024815	0.049744	0.131637	0.122319	False	0.133672
HAP2_chr08	HAP2_chr16	11,13,15,17,19,23	23	11113854	11821509	486963	22448400	0.021693	0.043816	0.137352	0.127148	False	0.139441
HAP2_chr08	HAP2_chr17	11,13,15,17,19,23	23	11113854	19099040	469791	29743103	0.015795	0.042271	0.150895	0.128510	False	0.154304
HAP2_chr08	HAP2_chr18	11,13,15,17,19,23	23	11113854	18280303	479845	28914312	0.016595	0.043175	0.148780	0.127707	False	0.152624
HAP2_chr08	HAP2_chr19	11,13,15,17,19,23	23	11113854	10659886	448278	21325462	0.021021	0.042053	0.138691	0.128705	False	0.140786
HAP2_chr08	HAP2_chr20	11,13,15,17,19,23	23	11113854	17893840	469766	28537928	0.016461	0.042269	0.149128	0.128512	False	0.152963
HAP2_chr08	HAP2_chr21	11,13,15,17,19,23	23	11113854	16782998	454816	27442036	0.016574	0.040923	0.148836	0.129736	False	0.152737
HAP2_chr08	HAP2_chr22	11,13,15,17,19,23	23	11113854	17310261	559559	27864556	0.020081	0.050348	0.140639	0.121859	False	0.144507
HAP2_chr08	HAP2_chr23	11,13,15,17,19,23	23	11113854	16374851	462973	27025732	0.017131	0.041657	0.147422	0.129063	False	0.151471
HAP2_chr08	HAP2_chr24	11,13,15,17,19,23	23	11113854	10514192	450650	21177396	0.021280	0.042861	0.138170	0.127984	False	0.140296
HAP2_chr08	HAP2_chr25	11,13,15,17,19,23	23	11113854	15741013	535551	26319316	0.020348	0.048188	0.140076	0.123531	False	0.143187
HAP2_chr08	HAP2_chr26	11,13,15,17,19,23	23	11113854	15907494	483489	26537859	0.018219	0.043503	0.144792	0.127420	False	0.149211
HAP2_chr08	HAP2_chr27	11,13,15,17,19,23	23	11113854	15728078	448433	26393499	0.016990	0.040349	0.147775	0.130271	False	0.151207
HAP2_chr08	HAP2_chr28	11,13,15,17,19,23	23	11113854	15907855	457184	26564525	0.017210	0.041136	0.147224	0.129540	False	0.150736
HAP2_chr08	HAP2_chr29	11,13,15,17,19,23	23	11113854	14792090	449876	25456068	0.017673	0.040479	0.146092	0.130149	False	0.149910
HAP2_chr08	HAP2_chr30	11,13,15,17,19,23	23	11113854	14448376	418444	25143786	0.016642	0.037651	0.148660	0.132884	False	0.151643
HAP2_chr08	HAP2_chr31	11,13,15,17,19,23	23	11113854	10247886	520785	20840955	0.024989	0.050819	0.131342	0.121503	False	0.132616
HAP2_chr08	HAP2_chr32	11,13,15,17,19,23	23	11113854	13681624	431750	24363728	0.017721	0.038848	0.145975	0.131703	False	0.149864
HAP2_chr08	HAP2_chr33	11,13,15,17,19,23	23	11113854	13723868	409992	24427730	0.016784	0.036890	0.148297	0.133653	False	0.153192
HAP2_chr08	HAP2_chr34	11,13,15,17,19,23	23	11113854	13124268	383155	23854967	0.016062	0.034475	0.150178	0.136199	False	0.154479
HAP2_chr08	HAP2_chr35	11,13,15,17,19,23	23	11113854	12183454	389415	22907893	0.016999	0.035039	0.147752	0.135591	False	0.150981
HAP2_chr08	HAP2_chr36	11,13,15,17,19,23	23	11113854	11390521	353680	22150695	0.015967	0.031823	0.150432	0.139201	False	0.153998
HAP2_chr08	HAP2_chr37	11,13,15,17,19,23	23	11113854	10244966	334787	21024033	0.015924	0.032678	0.150547	0.138208	False	0.152742
HAP2_chr08	HAP2_chr38	11,13,15,17,19,23	23	11113854	10059451	320148	20853157	0.015352	0.031826	0.152112	0.139198	False	0.154508
HAP2_chr09	HAP2_chr10	11,13,15,17,19,23	23	12589605	12335669	565225	24360049	0.023203	0.045820	0.134490	0.125449	False	0.135934
HAP2_chr09	HAP2_chr11	11,13,15,17,19,23	23	12589605	11190208	566945	23212868	0.024424	0.050664	0.132312	0.121619	False	0.133244
HAP2_chr09	HAP2_chr12	11,13,15,17,19,23	23	12589605	12581476	526230	24644851	0.021353	0.041826	0.138025	0.128910	False	0.138675
HAP2_chr09	HAP2_chr13	11,13,15,17,19,23	23	12589605	13261829	589144	25262290	0.023321	0.046796	0.134274	0.124647	False	0.135474
HAP2_chr09	HAP2_chr14	11,13,15,17,19,23	23	12589605	14830231	583289	26836547	0.021735	0.046331	0.137269	0.125027	False	0.139389
HAP2_chr09	HAP2_chr15	11,13,15,17,19,23	23	12589605	10541427	552760	22578272	0.024482	0.052437	0.132211	0.120305	False	0.131824
HAP2_chr09	HAP2_chr16	11,13,15,17,19,23	23	12589605	11821509	515085	23896029	0.021555	0.043572	0.137622	0.127360	False	0.138825
HAP2_chr09	HAP2_chr17	11,13,15,17,19,23	23	12589605	19099040	505275	31183370	0.016203	0.040134	0.149803	0.130473	False	0.152631
HAP2_chr09	HAP2_chr18	11,13,15,17,19,23	23	12589605	18280303	496381	30373527	0.016343	0.039428	0.149437	0.131144	False	0.152644
HAP2_chr09	HAP2_chr19	11,13,15,17,19,23	23	12589605	10659886	482286	22767205	0.021183	0.045243	0.138363	0.125931	False	0.139485
HAP2_chr09	HAP2_chr20	11,13,15,17,19,23	23	12589605	17893840	505465	29977980	0.016861	0.040149	0.148101	0.130458	False	0.151306
HAP2_chr09	HAP2_chr21	11,13,15,17,19,23	23	12589605	16782998	431140	28941463	0.014897	0.034246	0.153402	0.136451	False	0.156174
HAP2_chr09	HAP2_chr22	11,13,15,17,19,23	23	12589605	17310261	589360	29310506	0.020107	0.046813	0.140584	0.124633	False	0.143723
HAP2_chr09	HAP2_chr23	11,13,15,17,19,23	23	12589605	16374851	493085	28471371	0.017319	0.039166	0.146956	0.131395	False	0.150458
HAP2_chr09	HAP2_chr24	11,13,15,17,19,23	23	12589605	10514192	483623	22620174	0.021380	0.045997	0.137970	0.125303	False	0.138085
HAP2_chr09	HAP2_chr25	11,13,15,17,19,23	23	12589605	15741013	593964	27736654	0.021414	0.047179	0.137901	0.124337	False	0.139254
HAP2_chr09	HAP2_chr26	11,13,15,17,19,23	23	12589605	15907494	496223	28000876	0.017722	0.039415	0.145973	0.131156	False	0.149638
HAP2_chr09	HAP2_chr27	11,13,15,17,19,23	23	12589605	15728078	487683	27830000	0.017524	0.038737	0.146453	0.131811	False	0.149098
HAP2_chr09	HAP2_chr28	11,13,15,17,19,23	23	12589605	15907855	500302	27997158	0.017870	0.039739	0.145618	0.130846	False	0.148798
HAP2_chr09	HAP2_chr29	11,13,15,17,19,23	23	12589605	14792090	472535	26909160	0.017560	0.037534	0.146364	0.133002	False	0.149559
HAP2_chr09	HAP2_chr30	11,13,15,17,19,23	23	12589605	14448376	462218	26575763	0.017392	0.036714	0.146775	0.133833	False	0.149364
HAP2_chr09	HAP2_chr31	11,13,15,17,19,23	23	12589605	10247886	492866	22344625	0.022057	0.048094	0.136642	0.123605	False	0.135968
HAP2_chr09	HAP2_chr32	11,13,15,17,19,23	23	12589605	13681624	430114	25841115	0.016645	0.034164	0.148654	0.136540	False	0.151668
HAP2_chr09	HAP2_chr33	11,13,15,17,19,23	23	12589605	13723868	428719	25884754	0.016563	0.034053	0.148865	0.136662	False	0.152699
HAP2_chr09	HAP2_chr34	11,13,15,17,19,23	23	12589605	13124268	399663	25314210	0.015788	0.031745	0.150914	0.139292	False	0.154736
HAP2_chr09	HAP2_chr35	11,13,15,17,19,23	23	12589605	12183454	409962	24363097	0.016827	0.033649	0.148187	0.137110	False	0.150766
HAP2_chr09	HAP2_chr36	11,13,15,17,19,23	23	12589605	11390521	335051	23645075	0.014170	0.029415	0.155546	0.142141	False	0.157819
HAP2_chr09	HAP2_chr37	11,13,15,17,19,23	23	12589605	10244966	343198	22491373	0.015259	0.033499	0.152373	0.137278	False	0.153908
HAP2_chr09	HAP2_chr38	11,13,15,17,19,23	23	12589605	10059451	327567	22321489	0.014675	0.032563	0.154045	0.138340	False	0.155584
HAP2_chr10	HAP2_chr11	11,13,15,17,19,23	23	12335669	11190208	575223	22950654	0.025063	0.051404	0.131215	0.121066	False	0.133319
HAP2_chr10	HAP2_chr12	11,13,15,17,19,23	23	12335669	12581476	567742	24349403	0.023316	0.046024	0.134282	0.125280	False	0.135428
HAP2_chr10	HAP2_chr13	11,13,15,17,19,23	23	12335669	13261829	577481	25020017	0.023081	0.046814	0.134714	0.124633	False	0.136322
HAP2_chr10	HAP2_chr14	11,13,15,17,19,23	23	12335669	14830231	549193	26616707	0.020633	0.044521	0.139484	0.126542	False	0.143353
HAP2_chr10	HAP2_chr15	11,13,15,17,19,23	23	12335669	10541427	597289	22279807	0.026809	0.056661	0.128363	0.117337	False	0.129763
HAP2_chr10	HAP2_chr16	11,13,15,17,19,23	23	12335669	11821509	540981	23616197	0.022907	0.045762	0.135035	0.125497	False	0.136663
HAP2_chr10	HAP2_chr17	11,13,15,17,19,23	23	12335669	19099040	589128	30845581	0.019099	0.047758	0.142777	0.123873	False	0.144042
HAP2_chr10	HAP2_chr18	11,13,15,17,19,23	23	12335669	18280303	561177	30054795	0.018672	0.045492	0.143743	0.125722	False	0.145213
HAP2_chr10	HAP2_chr19	11,13,15,17,19,23	23	12335669	10659886	1996200	20999355	0.095060	0.187263	0.076126	0.070247	False	0.068651
HAP2_chr10	HAP2_chr20	11,13,15,17,19,23	23	12335669	17893840	519645	29709864	0.017491	0.042125	0.146534	0.128640	False	0.150122
HAP2_chr10	HAP2_chr21	11,13,15,17,19,23	23	12335669	16782998	459251	28659416	0.016024	0.037230	0.150278	0.133308	False	0.153855
HAP2_chr10	HAP2_chr22	11,13,15,17,19,23	23	12335669	17310261	639219	29006711	0.022037	0.051819	0.136682	0.120759	False	0.140508
HAP2_chr10	HAP2_chr23	11,13,15,17,19,23	23	12335669	16374851	494090	28216430	0.017511	0.040054	0.146485	0.130548	False	0.150201
HAP2_chr10	HAP2_chr24	11,13,15,17,19,23	23	12335669	10514192	501643	22348218	0.022447	0.047711	0.135898	0.123910	False	0.136566
HAP2_chr10	HAP2_chr25	11,13,15,17,19,23	23	12335669	15741013	570117	27506565	0.020727	0.046217	0.139292	0.125121	False	0.141813
HAP2_chr10	HAP2_chr26	11,13,15,17,19,23	23	12335669	15907494	474465	27768698	0.017086	0.038463	0.147534	0.132079	False	0.151190
HAP2_chr10	HAP2_chr27	11,13,15,17,19,23	23	12335669	15728078	513688	27550059	0.018646	0.041642	0.143803	0.129077	False	0.147135
HAP2_chr10	HAP2_chr28	11,13,15,17,19,23	23	12335669	15907855	502250	27741274	0.018105	0.040715	0.145060	0.129929	False	0.148494
HAP2_chr10	HAP2_chr29	11,13,15,17,19,23	23	12335669	14792090	464156	26663603	0.017408	0.037627	0.146737	0.132908	False	0.150195
HAP2_chr10	HAP2_chr30	11,13,15,17,19,23	23	12335669	14448376	460320	26323725	0.017487	0.037316	0.146543	0.133221	False	0.149257
HAP2_chr10	HAP2_chr31	11,13,15,17,19,23	23	12335669	10247886	534178	22049377	0.024226	0.052126	0.132657	0.120533	False	0.132703
HAP2_chr10	HAP2_chr32	11,13,15,17,19,23	23	12335669	13681624	454216	25563077	0.017768	0.036821	0.145861	0.133724	False	0.149406
HAP2_chr10	HAP2_chr33	11,13,15,17,19,23	23	12335669	13723868	441725	25617812	0.017243	0.035809	0.147144	0.134773	False	0.151645
HAP2_chr10	HAP2_chr34	11,13,15,17,19,23	23	12335669	13124268	412820	25047117	0.016482	0.033466	0.149074	0.137315	False	0.153314
HAP2_chr10	HAP2_chr35	11,13,15,17,19,23	23	12335669	12183454	408091	24111032	0.016925	0.033496	0.147938	0.137282	False	0.150494
HAP2_chr10	HAP2_chr36	11,13,15,17,19,23	23	12335669	11390521	347335	23378855	0.014857	0.030493	0.153517	0.140797	False	0.156169
HAP2_chr10	HAP2_chr37	11,13,15,17,19,23	23	12335669	10244966	357410	22223225	0.016083	0.034886	0.150122	0.135754	False	0.152027
HAP2_chr10	HAP2_chr38	11,13,15,17,19,23	23	12335669	10059451	330808	22064312	0.014993	0.032885	0.153127	0.137971	False	0.155351
HAP2_chr11	HAP2_chr12	11,13,15,17,19,23	23	11190208	12581476	595627	23176057	0.025700	0.053228	0.130152	0.119733	False	0.128844
HAP2_chr11	HAP2_chr13	11,13,15,17,19,23	23	11190208	13261829	540552	23911485	0.022606	0.048306	0.135597	0.123438	False	0.136843
HAP2_chr11	HAP2_chr14	11,13,15,17,19,23	23	11190208	14830231	541818	25478621	0.021266	0.048419	0.138198	0.123349	False	0.141394
HAP2_chr11	HAP2_chr15	11,13,15,17,19,23	23	11190208	10541427	532942	21198693	0.025140	0.050557	0.131085	0.121701	False	0.131635
HAP2_chr11	HAP2_chr16	11,13,15,17,19,23	23	11190208	11821509	514468	22497249	0.022868	0.045975	0.135108	0.125321	False	0.136281
HAP2_chr11	HAP2_chr17	11,13,15,17,19,23	23	11190208	19099040	454275	29834973	0.015226	0.040596	0.152465	0.130040	False	0.155003
HAP2_chr11	HAP2_chr18	11,13,15,17,19,23	23	11190208	18280303	497295	28973216	0.017164	0.044440	0.147340	0.126611	False	0.150556
HAP2_chr11	HAP2_chr19	11,13,15,17,19,23	23	11190208	10659886	441715	21408379	0.020633	0.041437	0.139485	0.129264	False	0.140337
HAP2_chr11	HAP2_chr20	11,13,15,17,19,23	23	11190208	17893840	452498	28631550	0.015804	0.040437	0.150870	0.130188	False	0.153936
HAP2_chr11	HAP2_chr21	11,13,15,17,19,23	23	11190208	16782998	425731	27547475	0.015454	0.038045	0.151828	0.132491	False	0.154977
HAP2_chr11	HAP2_chr22	11,13,15,17,19,23	23	11190208	17310261	538273	27962196	0.019250	0.048102	0.142442	0.123599	False	0.145522
HAP2_chr11	HAP2_chr23	11,13,15,17,19,23	23	11190208	16374851	455519	27109540	0.016803	0.040707	0.148249	0.129937	False	0.151571
HAP2_chr11	HAP2_chr24	11,13,15,17,19,23	23	11190208	10514192	452456	21251944	0.021290	0.043033	0.138149	0.127832	False	0.138594
HAP2_chr11	HAP2_chr25	11,13,15,17,19,23	23	11190208	15741013	543040	26388181	0.020579	0.048528	0.139596	0.123263	False	0.141934
HAP2_chr11	HAP2_chr26	11,13,15,17,19,23	23	11190208	15907494	453387	26644315	0.017016	0.040516	0.147709	0.130114	False	0.151061
HAP2_chr11	HAP2_chr27	11,13,15,17,19,23	23	11190208	15728078	489534	26428752	0.018523	0.043747	0.144085	0.127208	False	0.146978
HAP2_chr11	HAP2_chr28	11,13,15,17,19,23	23	11190208	15907855	457262	26640801	0.017164	0.040863	0.147340	0.129792	False	0.150041
HAP2_chr11	HAP2_chr29	11,13,15,17,19,23	23	11190208	14792090	421988	25560310	0.016510	0.037710	0.149002	0.132824	False	0.152025
HAP2_chr11	HAP2_chr30	11,13,15,17,19,23	23	11190208	14448376	396836	25241748	0.015721	0.035463	0.151095	0.135138	False	0.153057
HAP2_chr11	HAP2_chr31	11,13,15,17,19,23	23	11190208	10247886	475576	20962518	0.022687	0.046407	0.135446	0.124965	False	0.134821
HAP2_chr11	HAP2_chr32	11,13,15,17,19,23	23	11190208	13681624	423812	24448020	0.017335	0.037873	0.146915	0.132662	False	0.150077
HAP2_chr11	HAP2_chr33	11,13,15,17,19,23	23	11190208	13723868	399950	24514126	0.016315	0.035741	0.149509	0.134844	False	0.153445
HAP2_chr11	HAP2_chr34	11,13,15,17,19,23	23	11190208	13124268	394478	23919998	0.016492	0.035252	0.149049	0.135362	False	0.152845
HAP2_chr11	HAP2_chr35	11,13,15,17,19,23	23	11190208	12183454	378853	22994809	0.016476	0.033856	0.149090	0.136880	False	0.151294
HAP2_chr11	HAP2_chr36	11,13,15,17,19,23	23	11190208	11390521	352453	22228276	0.015856	0.031497	0.150730	0.139587	False	0.153363
HAP2_chr11	HAP2_chr37	11,13,15,17,19,23	23	11190208	10244966	318776	21116398	0.015096	0.031115	0.152833	0.140042	False	0.154172
HAP2_chr11	HAP2_chr38	11,13,15,17,19,23	23	11190208	10059451	318068	20931591	0.015196	0.031619	0.152551	0.139442	False	0.154021
HAP2_chr12	HAP2_chr13	11,13,15,17,19,23	23	12581476	13261829	615375	25227930	0.024393	0.048911	0.132366	0.122963	False	0.133842
HAP2_chr12	HAP2_chr14	11,13,15,17,19,23	23	12581476	14830231	532031	26879676	0.019793	0.042287	0.141256	0.128495	False	0.144842
HAP2_chr12	HAP2_chr15	11,13,15,17,19,23	23	12581476	10541427	547616	22575287	0.024257	0.051949	0.132602	0.120663	False	0.132374
HAP2_chr12	HAP2_chr16	11,13,15,17,19,23	23	12581476	11821509	526714	23876271	0.022060	0.044556	0.136637	0.126513	False	0.137769
HAP2_chr12	HAP2_chr17	11,13,15,17,19,23	23	12581476	19099040	510834	31169682	0.016389	0.040602	0.149316	0.130034	False	0.152378
HAP2_chr12	HAP2_chr18	11,13,15,17,19,23	23	12581476	18280303	485041	30376738	0.015968	0.038552	0.150430	0.131992	False	0.153900
HAP2_chr12	HAP2_chr19	11,13,15,17,19,23	23	12581476	10659886	461350	22780012	0.020252	0.043279	0.140278	0.127616	False	0.141235
HAP2_chr12	HAP2_chr20	11,13,15,17,19,23	23	12581476	17893840	486727	29988589	0.016230	0.038686	0.149731	0.131861	False	0.152994
HAP2_chr12	HAP2_chr21	11,13,15,17,19,23	23	12581476	16782998	430937	28933537	0.014894	0.034252	0.153410	0.136444	False	0.156476
HAP2_chr12	HAP2_chr22	11,13,15,17,19,23	23	12581476	17310261	578123	29313614	0.019722	0.045950	0.141409	0.125341	False	0.144754
HAP2_chr12	HAP2_chr23	11,13,15,17,19,23	23	12581476	16374851	487752	28468575	0.017133	0.038767	0.147417	0.131782	False	0.151017
HAP2_chr12	HAP2_chr24	11,13,15,17,19,23	23	12581476	10514192	481988	22613680	0.021314	0.045842	0.138101	0.125431	False	0.138291
HAP2_chr12	HAP2_chr25	11,13,15,17,19,23	23	12581476	15741013	562128	27760361	0.020249	0.044679	0.140284	0.126408	False	0.142767
HAP2_chr12	HAP2_chr26	11,13,15,17,19,23	23	12581476	15907494	492059	27996911	0.017575	0.039110	0.146327	0.131450	False	0.150410
HAP2_chr12	HAP2_chr27	11,13,15,17,19,23	23	12581476	15728078	505602	27803952	0.018185	0.040186	0.144872	0.130424	False	0.147880
HAP2_chr12	HAP2_chr28	11,13,15,17,19,23	23	12581476	15907855	476634	28012697	0.017015	0.037884	0.147713	0.132652	False	0.150813
HAP2_chr12	HAP2_chr29	11,13,15,17,19,23	23	12581476	14792090	441451	26932115	0.016391	0.035087	0.149310	0.135538	False	0.152530
HAP2_chr12	HAP2_chr30	11,13,15,17,19,23	23	12581476	14448376	460903	26568949	0.017347	0.036633	0.146885	0.133916	False	0.149539
HAP2_chr12	HAP2_chr31	11,13,15,17,19,23	23	12581476	10247886	486370	22342992	0.021768	0.047461	0.137204	0.124111	False	0.136554
HAP2_chr12	HAP2_chr32	11,13,15,17,19,23	23	12581476	13681624	434511	25828589	0.016823	0.034536	0.148198	0.136134	False	0.151271
HAP2_chr12	HAP2_chr33	11,13,15,17,19,23	23	12581476	13723868	420931	25884413	0.016262	0.033456	0.149648	0.137326	False	0.153714
HAP2_chr12	HAP2_chr34	11,13,15,17,19,23	23	12581476	13124268	395759	25309985	0.015636	0.031456	0.151327	0.139635	False	0.155108
HAP2_chr12	HAP2_chr35	11,13,15,17,19,23	23	12581476	12183454	400314	24364616	0.016430	0.032857	0.149208	0.138003	False	0.151701
HAP2_chr12	HAP2_chr36	11,13,15,17,19,23	23	12581476	11390521	351107	23620890	0.014864	0.030824	0.153496	0.140393	False	0.156131
HAP2_chr12	HAP2_chr37	11,13,15,17,19,23	23	12581476	10244966	343301	22483141	0.015269	0.033509	0.152344	0.137266	False	0.154060
HAP2_chr12	HAP2_chr38	11,13,15,17,19,23	23	12581476	10059451	335641	22305286	0.015048	0.033366	0.152971	0.137427	False	0.154896
HAP2_chr13	HAP2_chr14	11,13,15,17,19,23	23	13261829	14830231	557800	27534260	0.020258	0.042061	0.140265	0.128698	False	0.143562
HAP2_chr13	HAP2_chr15	11,13,15,17,19,23	23	13261829	10541427	534076	23269180	0.022952	0.050664	0.134952	0.121619	False	0.134969
HAP2_chr13	HAP2_chr16	11,13,15,17,19,23	23	13261829	11821509	524311	24559027	0.021349	0.044352	0.138032	0.126686	False	0.139242
HAP2_chr13	HAP2_chr17	11,13,15,17,19,23	23	13261829	19099040	534399	31826470	0.016791	0.040296	0.148279	0.130321	False	0.151492
HAP2_chr13	HAP2_chr18	11,13,15,17,19,23	23	13261829	18280303	498921	31043211	0.016072	0.037621	0.150152	0.132914	False	0.153410
HAP2_chr13	HAP2_chr19	11,13,15,17,19,23	23	13261829	10659886	494621	23427094	0.021113	0.046400	0.138504	0.124971	False	0.139830
HAP2_chr13	HAP2_chr20	11,13,15,17,19,23	23	13261829	17893840	517644	30638025	0.016895	0.039033	0.148014	0.131524	False	0.151591
HAP2_chr13	HAP2_chr21	11,13,15,17,19,23	23	13261829	16782998	471442	29573385	0.015941	0.035549	0.150500	0.135047	False	0.153965
HAP2_chr13	HAP2_chr22	11,13,15,17,19,23	23	13261829	17310261	656315	29915775	0.021939	0.049489	0.136872	0.122515	False	0.138808
HAP2_chr13	HAP2_chr23	11,13,15,17,19,23	23	13261829	16374851	535230	29101450	0.018392	0.040359	0.144388	0.130262	False	0.148380
HAP2_chr13	HAP2_chr24	11,13,15,17,19,23	23	13261829	10514192	524573	23251448	0.022561	0.049892	0.135683	0.122206	False	0.135878
HAP2_chr13	HAP2_chr25	11,13,15,17,19,23	23	13261829	15741013	598455	28404387	0.021069	0.045126	0.138594	0.126029	False	0.141008
HAP2_chr13	HAP2_chr26	11,13,15,17,19,23	23	13261829	15907494	514878	28654445	0.017969	0.038824	0.145382	0.131726	False	0.149561
HAP2_chr13	HAP2_chr27	11,13,15,17,19,23	23	13261829	15728078	506795	28483112	0.017793	0.038215	0.145802	0.132324	False	0.148539
HAP2_chr13	HAP2_chr28	11,13,15,17,19,23	23	13261829	15907855	533447	28636237	0.018628	0.040224	0.143843	0.130388	False	0.145739
HAP2_chr13	HAP2_chr29	11,13,15,17,19,23	23	13261829	14792090	459027	27594892	0.016634	0.034613	0.148679	0.136050	False	0.151925
HAP2_chr13	HAP2_chr30	11,13,15,17,19,23	23	13261829	14448376	467453	27242752	0.017159	0.035248	0.147353	0.135367	False	0.150106
HAP2_chr13	HAP2_chr31	11,13,15,17,19,23	23	13261829	10247886	543378	22966337	0.023660	0.053023	0.133662	0.119880	False	0.133513
HAP2_chr13	HAP2_chr32	11,13,15,17,19,23	23	13261829	13681624	435503	26507950	0.016429	0.032839	0.149211	0.138024	False	0.152187
HAP2_chr13	HAP2_chr33	11,13,15,17,19,23	23	13261829	13723868	422294	26563403	0.015898	0.031843	0.150618	0.139178	False	0.154557
HAP2_chr13	HAP2_chr34	11,13,15,17,19,23	23	13261829	13124268	399625	25986472	0.015378	0.030449	0.152040	0.140851	False	0.156049
HAP2_chr13	HAP2_chr35	11,13,15,17,19,23	23	13261829	12183454	411492	25033791	0.016437	0.033775	0.149189	0.136970	False	0.151810
HAP2_chr13	HAP2_chr36	11,13,15,17,19,23	23	13261829	11390521	378736	24273614	0.015603	0.033250	0.151419	0.137558	False	0.154071
HAP2_chr13	HAP2_chr37	11,13,15,17,19,23	23	13261829	10244966	367656	23139139	0.015889	0.035887	0.150641	0.134692	False	0.152496
HAP2_chr13	HAP2_chr38	11,13,15,17,19,23	23	13261829	10059451	339960	22981320	0.014793	0.033795	0.153702	0.136948	False	0.155333
HAP2_chr14	HAP2_chr15	11,13,15,17,19,23	23	14830231	10541427	534720	24836938	0.021529	0.050726	0.137674	0.121573	False	0.139922
HAP2_chr14	HAP2_chr16	11,13,15,17,19,23	23	14830231	11821509	522116	26129624	0.019982	0.044167	0.140851	0.126846	False	0.144356
HAP2_chr14	HAP2_chr17	11,13,15,17,19,23	23	14830231	19099040	554543	33374728	0.016616	0.037393	0.148728	0.133143	False	0.153668
HAP2_chr14	HAP2_chr18	11,13,15,17,19,23	23	14830231	18280303	533639	32576895	0.016381	0.035983	0.149337	0.134590	False	0.154405
HAP2_chr14	HAP2_chr19	11,13,15,17,19,23	23	14830231	10659886	477706	25012411	0.019099	0.044813	0.142778	0.126293	False	0.145812
HAP2_chr14	HAP2_chr20	11,13,15,17,19,23	23	14830231	17893840	536441	32187630	0.016666	0.036172	0.148598	0.134393	False	0.154328
HAP2_chr14	HAP2_chr21	11,13,15,17,19,23	23	14830231	16782998	496787	31116442	0.015965	0.033498	0.150436	0.137279	False	0.156167
HAP2_chr14	HAP2_chr22	11,13,15,17,19,23	23	14830231	17310261	602558	31537934	0.019106	0.040630	0.142763	0.130008	False	0.148321
HAP2_chr14	HAP2_chr23	11,13,15,17,19,23	23	14830231	16374851	540851	30664231	0.017638	0.036469	0.146176	0.134085	False	0.152121
HAP2_chr14	HAP2_chr24	11,13,15,17,19,23	23	14830231	10514192	498741	24845682	0.020074	0.047435	0.140656	0.124131	False	0.142107
HAP2_chr14	HAP2_chr25	11,13,15,17,19,23	23	14830231	15741013	2684918	27886326	0.096281	0.181044	0.075620	0.071612	False	0.070711
HAP2_chr14	HAP2_chr26	11,13,15,17,19,23	23	14830231	15907494	539806	30197919	0.017876	0.036399	0.145604	0.134158	False	0.151771
HAP2_chr14	HAP2_chr27	11,13,15,17,19,23	23	14830231	15728078	513751	30044558	0.017100	0.034642	0.147500	0.136018	False	0.152485
HAP2_chr14	HAP2_chr28	11,13,15,17,19,23	23	14830231	15907855	517405	30220681	0.017121	0.034889	0.147447	0.135752	False	0.152623
HAP2_chr14	HAP2_chr29	11,13,15,17,19,23	23	14830231	14792090	505077	29117244	0.017346	0.034145	0.146888	0.136561	False	0.152250
HAP2_chr14	HAP2_chr30	11,13,15,17,19,23	23	14830231	14448376	468539	28810068	0.016263	0.032428	0.149645	0.138495	False	0.154353
HAP2_chr14	HAP2_chr31	11,13,15,17,19,23	23	14830231	10247886	495242	24582875	0.020146	0.048326	0.140502	0.123422	False	0.141574
HAP2_chr14	HAP2_chr32	11,13,15,17,19,23	23	14830231	13681624	460871	28050984	0.016430	0.033685	0.149209	0.137070	False	0.154488
HAP2_chr14	HAP2_chr33	11,13,15,17,19,23	23	14830231	13723868	441460	28112639	0.015703	0.032167	0.151144	0.138798	False	0.157175
HAP2_chr14	HAP2_chr34	11,13,15,17,19,23	23	14830231	13124268	420440	27534059	0.015270	0.032035	0.152343	0.138952	False	0.158447
HAP2_chr14	HAP2_chr35	11,13,15,17,19,23	23	14830231	12183454	426990	26586695	0.016060	0.035047	0.150182	0.135582	False	0.154649
HAP2_chr14	HAP2_chr36	11,13,15,17,19,23	23	14830231	11390521	381257	25839495	0.014755	0.033471	0.153812	0.137309	False	0.158532
HAP2_chr14	HAP2_chr37	11,13,15,17,19,23	23	14830231	10244966	398021	24677176	0.016129	0.038850	0.149999	0.131701	False	0.151887
HAP2_chr14	HAP2_chr38	11,13,15,17,19,23	23	14830231	10059451	404958	24484724	0.016539	0.040256	0.148925	0.130358	False	0.151028
HAP2_chr15	HAP2_chr16	11,13,15,17,19,23	23	10541427	11821509	522288	21840648	0.023914	0.049546	0.133208	0.122471	False	0.131382
HAP2_chr15	HAP2_chr17	11,13,15,17,19,23	23	10541427	19099040	477998	29162469	0.016391	0.045345	0.149311	0.125846	False	0.150987
HAP2_chr15	HAP2_chr18	11,13,15,17,19,23	23	10541427	18280303	466438	28355292	0.016450	0.044248	0.149157	0.126776	False	0.151062
HAP2_chr15	HAP2_chr19	11,13,15,17,19,23	23	10541427	10659886	449435	20751878	0.021658	0.042635	0.137421	0.128184	False	0.137205
HAP2_chr15	HAP2_chr20	11,13,15,17,19,23	23	10541427	17893840	423259	28012008	0.015110	0.040152	0.152794	0.130456	False	0.154051
HAP2_chr15	HAP2_chr21	11,13,15,17,19,23	23	10541427	16782998	392656	26931769	0.014580	0.037249	0.154324	0.133289	False	0.155709
HAP2_chr15	HAP2_chr22	11,13,15,17,19,23	23	10541427	17310261	545298	27306390	0.019970	0.051729	0.140877	0.120825	False	0.142653
HAP2_chr15	HAP2_chr23	11,13,15,17,19,23	23	10541427	16374851	430900	26485378	0.016269	0.040877	0.149629	0.129779	False	0.151413
HAP2_chr15	HAP2_chr24	11,13,15,17,19,23	23	10541427	10514192	477112	20578507	0.023185	0.045378	0.134523	0.125818	False	0.133825
HAP2_chr15	HAP2_chr25	11,13,15,17,19,23	23	10541427	15741013	546863	25735577	0.021249	0.051878	0.138231	0.120715	False	0.139297
HAP2_chr15	HAP2_chr26	11,13,15,17,19,23	23	10541427	15907494	454374	25994547	0.017480	0.043104	0.146561	0.127770	False	0.148629
HAP2_chr15	HAP2_chr27	11,13,15,17,19,23	23	10541427	15728078	446552	25822953	0.017293	0.042362	0.147020	0.128428	False	0.148233
HAP2_chr15	HAP2_chr28	11,13,15,17,19,23	23	10541427	15907855	439835	26009447	0.016911	0.041724	0.147976	0.129002	False	0.149420
HAP2_chr15	HAP2_chr29	11,13,15,17,19,23	23	10541427	14792090	428563	24904954	0.017208	0.040655	0.147230	0.129985	False	0.149122
HAP2_chr15	HAP2_chr30	11,13,15,17,19,23	23	10541427	14448376	422323	24567480	0.017190	0.040063	0.147274	0.130540	False	0.148579
HAP2_chr15	HAP2_chr31	11,13,15,17,19,23	23	10541427	10247886	1634730	19154583	0.085344	0.159519	0.080427	0.076707	False	0.071791
HAP2_chr15	HAP2_chr32	11,13,15,17,19,23	23	10541427	13681624	391387	23831664	0.016423	0.037128	0.149227	0.133411	False	0.150754
HAP2_chr15	HAP2_chr33	11,13,15,17,19,23	23	10541427	13723868	358873	23906422	0.015012	0.034044	0.153073	0.136672	False	0.155223
HAP2_chr15	HAP2_chr34	11,13,15,17,19,23	23	10541427	13124268	359593	23306102	0.015429	0.034112	0.151898	0.136597	False	0.154184
HAP2_chr15	HAP2_chr35	11,13,15,17,19,23	23	10541427	12183454	361852	22363029	0.016181	0.034327	0.149862	0.136362	False	0.150928
HAP2_chr15	HAP2_chr36	11,13,15,17,19,23	23	10541427	11390521	302978	21628970	0.014008	0.028742	0.156039	0.143004	False	0.156963
HAP2_chr15	HAP2_chr37	11,13,15,17,19,23	23	10541427	10244966	312775	20473618	0.015277	0.030530	0.152323	0.140752	False	0.152611
HAP2_chr15	HAP2_chr38	11,13,15,17,19,23	23	10541427	10059451	297640	20303238	0.014660	0.029588	0.154089	0.141922	False	0.154484
HAP2_chr16	HAP2_chr17	11,13,15,17,19,23	23	11821509	19099040	467437	30453112	0.015349	0.039541	0.152120	0.131035	False	0.155339
HAP2_chr16	HAP2_chr18	11,13,15,17,19,23	23	11821509	18280303	475561	29626251	0.016052	0.040228	0.150204	0.130384	False	0.153821
HAP2_chr16	HAP2_chr19	11,13,15,17,19,23	23	11821509	10659886	458452	22022943	0.020817	0.043007	0.139106	0.127855	False	0.140493
HAP2_chr16	HAP2_chr20	11,13,15,17,19,23	23	11821509	17893840	479501	29235848	0.016401	0.040562	0.149284	0.130072	False	0.152928
HAP2_chr16	HAP2_chr21	11,13,15,17,19,23	23	11821509	16782998	447371	28157136	0.015888	0.037844	0.150643	0.132691	False	0.154457
HAP2_chr16	HAP2_chr22	11,13,15,17,19,23	23	11821509	17310261	587992	28543778	0.020600	0.049739	0.139553	0.122323	False	0.142628
HAP2_chr16	HAP2_chr23	11,13,15,17,19,23	23	11821509	16374851	481319	27715041	0.017367	0.040716	0.146838	0.129929	False	0.150910
HAP2_chr16	HAP2_chr24	11,13,15,17,19,23	23	11821509	10514192	443544	21892157	0.020260	0.042185	0.140261	0.128586	False	0.140778
HAP2_chr16	HAP2_chr25	11,13,15,17,19,23	23	11821509	15741013	509439	27053083	0.018831	0.043094	0.143381	0.127778	False	0.145965
HAP2_chr16	HAP2_chr26	11,13,15,17,19,23	23	11821509	15907494	467547	27261456	0.017150	0.039551	0.147373	0.131026	False	0.151493
HAP2_chr16	HAP2_chr27	11,13,15,17,19,23	23	11821509	15728078	461067	27088520	0.017021	0.039002	0.147698	0.131553	False	0.150792
HAP2_chr16	HAP2_chr28	11,13,15,17,19,23	23	11821509	15907855	478338	27251026	0.017553	0.040463	0.146382	0.130164	False	0.149016
HAP2_chr16	HAP2_chr29	11,13,15,17,19,23	23	11821509	14792090	437646	26175953	0.016719	0.037021	0.148462	0.133520	False	0.152027
HAP2_chr16	HAP2_chr30	11,13,15,17,19,23	23	11821509	14448376	445190	25824695	0.017239	0.037659	0.147153	0.132876	False	0.150132
HAP2_chr16	HAP2_chr31	11,13,15,17,19,23	23	11821509	10247886	510600	21558795	0.023684	0.049825	0.133618	0.122257	False	0.132298
HAP2_chr16	HAP2_chr32	11,13,15,17,19,23	23	11821509	13681624	418964	25084169	0.016702	0.035441	0.148505	0.135162	False	0.151990
HAP2_chr16	HAP2_chr33	11,13,15,17,19,23	23	11821509	13723868	405129	25140248	0.016115	0.034270	0.150037	0.136423	False	0.154690
HAP2_chr16	HAP2_chr34	11,13,15,17,19,23	23	11821509	13124268	387345	24558432	0.015772	0.032766	0.150956	0.138107	False	0.155283
HAP2_chr16	HAP2_chr35	11,13,15,17,19,23	23	11821509	12183454	390177	23614786	0.016523	0.033006	0.148968	0.137834	False	0.151710
HAP2_chr16	HAP2_chr36	11,13,15,17,19,23	23	11821509	11390521	348855	22863175	0.015258	0.030627	0.152375	0.140634	False	0.155239
HAP2_chr16	HAP2_chr37	11,13,15,17,19,23	23	11821509	10244966	345386	21721089	0.015901	0.033713	0.150609	0.137039	False	0.152906
HAP2_chr16	HAP2_chr38	11,13,15,17,19,23	23	11821509	10059451	340979	21539981	0.015830	0.033896	0.150800	0.136835	False	0.153128
HAP2_chr17	HAP2_chr18	11,13,15,17,19,23	23	19099040	18280303	3494957	33884386	0.103144	0.191187	0.072898	0.069409	False	0.068969
HAP2_chr17	HAP2_chr19	11,13,15,17,19,23	23	19099040	10659886	536283	29222643	0.018352	0.050309	0.144482	0.121889	False	0.145548
HAP2_chr17	HAP2_chr20	11,13,15,17,19,23	23	19099040	17893840	577779	36415101	0.015866	0.032289	0.150702	0.138656	False	0.156567
HAP2_chr17	HAP2_chr21	11,13,15,17,19,23	23	19099040	16782998	512666	35369372	0.014495	0.030547	0.154575	0.140731	False	0.160566
HAP2_chr17	HAP2_chr22	11,13,15,17,19,23	23	19099040	17310261	603044	35806257	0.016842	0.034837	0.148150	0.135807	False	0.153794
HAP2_chr17	HAP2_chr23	11,13,15,17,19,23	23	19099040	16374851	564533	34909358	0.016171	0.034476	0.149887	0.136199	False	0.156436
HAP2_chr17	HAP2_chr24	11,13,15,17,19,23	23	19099040	10514192	424134	29189098	0.014531	0.040339	0.154469	0.130280	False	0.156353
HAP2_chr17	HAP2_chr25	11,13,15,17,19,23	23	19099040	15741013	560858	34279195	0.016361	0.035630	0.149387	0.134961	False	0.153487
HAP2_chr17	HAP2_chr26	11,13,15,17,19,23	23	19099040	15907494	580455	34426079	0.016861	0.036489	0.148101	0.134065	False	0.155042
HAP2_chr17	HAP2_chr27	11,13,15,17,19,23	23	19099040	15728078	553608	34273510	0.016153	0.035199	0.149937	0.135419	False	0.155443
HAP2_chr17	HAP2_chr28	11,13,15,17,19,23	23	19099040	15907855	519678	34487217	0.015069	0.032668	0.152911	0.138220	False	0.158321
HAP2_chr17	HAP2_chr29	11,13,15,17,19,23	23	19099040	14792090	521590	33369540	0.015631	0.035261	0.151343	0.135352	False	0.157237
HAP2_chr17	HAP2_chr30	11,13,15,17,19,23	23	19099040	14448376	505237	33042179	0.015291	0.034968	0.152284	0.135666	False	0.157309
HAP2_chr17	HAP2_chr31	11,13,15,17,19,23	23	19099040	10247886	470459	28876467	0.016292	0.045908	0.149569	0.125376	False	0.150447
HAP2_chr17	HAP2_chr32	11,13,15,17,19,23	23	19099040	13681624	462246	32318418	0.014303	0.033786	0.155146	0.136958	False	0.160632
HAP2_chr17	HAP2_chr33	11,13,15,17,19,23	23	19099040	13723868	475335	32347573	0.014695	0.034636	0.153988	0.136025	False	0.160535
HAP2_chr17	HAP2_chr34	11,13,15,17,19,23	23	19099040	13124268	421938	31801370	0.013268	0.032149	0.158367	0.138819	False	0.164550
HAP2_chr17	HAP2_chr35	11,13,15,17,19,23	23	19099040	12183454	450309	30832185	0.014605	0.036961	0.154249	0.133581	False	0.159305
HAP2_chr17	HAP2_chr36	11,13,15,17,19,23	23	19099040	11390521	385199	30104362	0.012795	0.033818	0.159923	0.136923	False	0.164693
HAP2_chr17	HAP2_chr37	11,13,15,17,19,23	23	19099040	10244966	386160	28957846	0.013335	0.037693	0.158150	0.132842	False	0.162413
HAP2_chr17	HAP2_chr38	11,13,15,17,19,23	23	19099040	10059451	388041	28770450	0.013487	0.038575	0.157663	0.131970	False	0.162040
HAP2_chr18	HAP2_chr19	11,13,15,17,19,23	23	18280303	10659886	523944	28416245	0.018438	0.049151	0.144281	0.122777	False	0.145455
HAP2_chr18	HAP2_chr20	11,13,15,17,19,23	23	18280303	17893840	555396	35618747	0.015593	0.031038	0.151447	0.140135	False	0.157765
HAP2_chr18	HAP2_chr21	11,13,15,17,19,23	23	18280303	16782998	518205	34545096	0.015001	0.030877	0.153104	0.140330	False	0.159612
HAP2_chr18	HAP2_chr22	11,13,15,17,19,23	23	18280303	17310261	587975	35002589	0.016798	0.033967	0.148261	0.136757	False	0.154374
HAP2_chr18	HAP2_chr23	11,13,15,17,19,23	23	18280303	16374851	519370	34135784	0.015215	0.031718	0.152497	0.139325	False	0.159119
HAP2_chr18	HAP2_chr24	11,13,15,17,19,23	23	18280303	10514192	448178	28346317	0.015811	0.042626	0.150852	0.128192	False	0.153309
HAP2_chr18	HAP2_chr25	11,13,15,17,19,23	23	18280303	15741013	538293	33483023	0.016077	0.034197	0.150139	0.136504	False	0.154675
HAP2_chr18	HAP2_chr26	11,13,15,17,19,23	23	18280303	15907494	535371	33652426	0.015909	0.033655	0.150588	0.137103	False	0.157547
HAP2_chr18	HAP2_chr27	11,13,15,17,19,23	23	18280303	15728078	512088	33496293	0.015288	0.032559	0.152292	0.138345	False	0.157779
HAP2_chr18	HAP2_chr28	11,13,15,17,19,23	23	18280303	15907855	496169	33691989	0.014727	0.031190	0.153894	0.139952	False	0.159600
HAP2_chr18	HAP2_chr29	11,13,15,17,19,23	23	18280303	14792090	494836	32577557	0.015189	0.033453	0.152569	0.137330	False	0.158372
HAP2_chr18	HAP2_chr30	11,13,15,17,19,23	23	18280303	14448376	494825	32233854	0.015351	0.034248	0.152115	0.136448	False	0.157569
HAP2_chr18	HAP2_chr31	11,13,15,17,19,23	23	18280303	10247886	442329	28085860	0.015749	0.043163	0.151019	0.127718	False	0.151997
HAP2_chr18	HAP2_chr32	11,13,15,17,19,23	23	18280303	13681624	456460	31505467	0.014488	0.033363	0.154594	0.137430	False	0.160403
HAP2_chr18	HAP2_chr33	11,13,15,17,19,23	23	18280303	13723868	454405	31549766	0.014403	0.033111	0.154847	0.137715	False	0.161860
HAP2_chr18	HAP2_chr34	11,13,15,17,19,23	23	18280303	13124268	440587	30963984	0.014229	0.033570	0.155368	0.137198	False	0.162387
HAP2_chr18	HAP2_chr35	11,13,15,17,19,23	23	18280303	12183454	413733	30050024	0.013768	0.033959	0.156779	0.136767	False	0.161997
HAP2_chr18	HAP2_chr36	11,13,15,17,19,23	23	18280303	11390521	392687	29278137	0.013412	0.034475	0.157903	0.136200	False	0.163411
HAP2_chr18	HAP2_chr37	11,13,15,17,19,23	23	18280303	10244966	387344	28137925	0.013766	0.037808	0.156786	0.132727	False	0.161510
HAP2_chr18	HAP2_chr38	11,13,15,17,19,23	23	18280303	10059451	369591	27970163	0.013214	0.036741	0.158542	0.133806	False	0.163030
HAP2_chr19	HAP2_chr20	11,13,15,17,19,23	23	10659886	17893840	439567	28114159	0.015635	0.041236	0.151331	0.129449	False	0.154335
HAP2_chr19	HAP2_chr21	11,13,15,17,19,23	23	10659886	16782998	421528	27021356	0.015600	0.039543	0.151427	0.131033	False	0.154565
HAP2_chr19	HAP2_chr22	11,13,15,17,19,23	23	10659886	17310261	530514	27439633	0.019334	0.049767	0.142257	0.122301	False	0.145957
HAP2_chr19	HAP2_chr23	11,13,15,17,19,23	23	10659886	16374851	457420	26577317	0.017211	0.042910	0.147223	0.127940	False	0.150873
HAP2_chr19	HAP2_chr24	11,13,15,17,19,23	23	10659886	10514192	429362	20744716	0.020697	0.040836	0.139352	0.129817	False	0.139949
HAP2_chr19	HAP2_chr25	11,13,15,17,19,23	23	10659886	15741013	462465	25938434	0.017829	0.043384	0.145715	0.127524	False	0.147757
HAP2_chr19	HAP2_chr26	11,13,15,17,19,23	23	10659886	15907494	456029	26111351	0.017465	0.042780	0.146597	0.128056	False	0.150301
HAP2_chr19	HAP2_chr27	11,13,15,17,19,23	23	10659886	15728078	445423	25942541	0.017170	0.041785	0.147326	0.128947	False	0.150255
HAP2_chr19	HAP2_chr28	11,13,15,17,19,23	23	10659886	15907855	428618	26139123	0.016398	0.040208	0.149293	0.130403	False	0.152359
HAP2_chr19	HAP2_chr29	11,13,15,17,19,23	23	10659886	14792090	414796	25037180	0.016567	0.038912	0.148853	0.131641	False	0.151868
HAP2_chr19	HAP2_chr30	11,13,15,17,19,23	23	10659886	14448376	411406	24696856	0.016658	0.038594	0.148618	0.131951	False	0.151122
HAP2_chr19	HAP2_chr31	11,13,15,17,19,23	23	10659886	10247886	411083	20496689	0.020056	0.040114	0.140693	0.130492	False	0.140246
HAP2_chr19	HAP2_chr32	11,13,15,17,19,23	23	10659886	13681624	422597	23918913	0.017668	0.039644	0.146103	0.130937	False	0.149366
HAP2_chr19	HAP2_chr33	11,13,15,17,19,23	23	10659886	13723868	391288	23992466	0.016309	0.036707	0.149525	0.133841	False	0.153262
HAP2_chr19	HAP2_chr34	11,13,15,17,19,23	23	10659886	13124268	380761	23403393	0.016269	0.035719	0.149629	0.134868	False	0.153650
HAP2_chr19	HAP2_chr35	11,13,15,17,19,23	23	10659886	12183454	358105	22485235	0.015926	0.033594	0.150541	0.137172	False	0.152747
HAP2_chr19	HAP2_chr36	11,13,15,17,19,23	23	10659886	11390521	322052	21728355	0.014822	0.030212	0.153619	0.141144	False	0.155872
HAP2_chr19	HAP2_chr37	11,13,15,17,19,23	23	10659886	10244966	312604	20592248	0.015181	0.030513	0.152594	0.140773	False	0.154313
HAP2_chr19	HAP2_chr38	11,13,15,17,19,23	23	10659886	10059451	312781	20406556	0.015327	0.031093	0.152181	0.140069	False	0.154014
HAP2_chr20	HAP2_chr21	11,13,15,17,19,23	23	17893840	16782998	3211899	31464939	0.102079	0.191378	0.073307	0.069368	False	0.069703
HAP2_chr20	HAP2_chr22	11,13,15,17,19,23	23	17893840	17310261	683492	34520609	0.019800	0.039485	0.141242	0.131089	False	0.145767
HAP2_chr20	HAP2_chr23	11,13,15,17,19,23	23	17893840	16374851	584372	33684319	0.017348	0.035687	0.146883	0.134901	False	0.153649
HAP2_chr20	HAP2_chr24	11,13,15,17,19,23	23	17893840	10514192	422691	27985341	0.015104	0.040202	0.152810	0.130409	False	0.154986
HAP2_chr20	HAP2_chr25	11,13,15,17,19,23	23	17893840	15741013	570827	33064026	0.017264	0.036264	0.147091	0.134298	False	0.151979
HAP2_chr20	HAP2_chr26	11,13,15,17,19,23	23	17893840	15907494	582750	33218584	0.017543	0.036634	0.146407	0.133916	False	0.153506
HAP2_chr20	HAP2_chr27	11,13,15,17,19,23	23	17893840	15728078	533517	33088401	0.016124	0.033921	0.150013	0.136808	False	0.155614
HAP2_chr20	HAP2_chr28	11,13,15,17,19,23	23	17893840	15907855	602396	33199299	0.018145	0.037868	0.144965	0.132667	False	0.149349
HAP2_chr20	HAP2_chr29	11,13,15,17,19,23	23	17893840	14792090	509766	32176164	0.015843	0.034462	0.150765	0.136214	False	0.156832
HAP2_chr20	HAP2_chr30	11,13,15,17,19,23	23	17893840	14448376	479902	31862314	0.015062	0.033215	0.152930	0.137597	False	0.157972
HAP2_chr20	HAP2_chr31	11,13,15,17,19,23	23	17893840	10247886	426024	27715702	0.015371	0.041572	0.152059	0.129141	False	0.152650
HAP2_chr20	HAP2_chr32	11,13,15,17,19,23	23	17893840	13681624	481751	31093713	0.015494	0.035212	0.151720	0.135406	False	0.157691
HAP2_chr20	HAP2_chr33	11,13,15,17,19,23	23	17893840	13723868	488262	31129446	0.015685	0.035578	0.151194	0.135017	False	0.158123
HAP2_chr20	HAP2_chr34	11,13,15,17,19,23	23	17893840	13124268	456300	30561808	0.014930	0.034768	0.153306	0.135882	False	0.160343
HAP2_chr20	HAP2_chr35	11,13,15,17,19,23	23	17893840	12183454	510808	29566486	0.017277	0.041926	0.147060	0.128820	False	0.149877
HAP2_chr20	HAP2_chr36	11,13,15,17,19,23	23	17893840	11390521	487535	28796826	0.016930	0.042802	0.147926	0.128036	False	0.151110
HAP2_chr20	HAP2_chr37	11,13,15,17,19,23	23	17893840	10244966	416243	27722563	0.015015	0.040629	0.153065	0.130009	False	0.157355
HAP2_chr20	HAP2_chr38	11,13,15,17,19,23	23	17893840	10059451	385340	27567951	0.013978	0.038306	0.156131	0.132233	False	0.160708
HAP2_chr21	HAP2_chr22	11,13,15,17,19,23	23	16782998	17310261	605863	33487396	0.018092	0.036100	0.145089	0.134469	False	0.149578
HAP2_chr21	HAP2_chr23	11,13,15,17,19,23	23	16782998	16374851	503101	32654748	0.015407	0.030724	0.151961	0.140515	False	0.158774
HAP2_chr21	HAP2_chr24	11,13,15,17,19,23	23	16782998	10514192	406371	26890819	0.015112	0.038650	0.152788	0.131896	False	0.155275
HAP2_chr21	HAP2_chr25	11,13,15,17,19,23	23	16782998	15741013	494986	32029025	0.015454	0.031446	0.151829	0.139647	False	0.156677
HAP2_chr21	HAP2_chr26	11,13,15,17,19,23	23	16782998	15907494	526109	32164383	0.016357	0.033073	0.149399	0.137758	False	0.156449
HAP2_chr21	HAP2_chr27	11,13,15,17,19,23	23	16782998	15728078	462515	32048561	0.014432	0.029407	0.154761	0.142151	False	0.160269
HAP2_chr21	HAP2_chr28	11,13,15,17,19,23	23	16782998	15907855	543617	32147236	0.016910	0.034173	0.147976	0.136530	False	0.152002
HAP2_chr21	HAP2_chr29	11,13,15,17,19,23	23	16782998	14792090	453893	31121195	0.014585	0.030685	0.154309	0.140563	False	0.160130
HAP2_chr21	HAP2_chr30	11,13,15,17,19,23	23	16782998	14448376	449324	30782050	0.014597	0.031099	0.154273	0.140062	False	0.159780
HAP2_chr21	HAP2_chr31	11,13,15,17,19,23	23	16782998	10247886	391772	26639112	0.014707	0.038230	0.153953	0.132309	False	0.154665
HAP2_chr21	HAP2_chr32	11,13,15,17,19,23	23	16782998	13681624	441350	30023272	0.014700	0.032259	0.153971	0.138692	False	0.159987
HAP2_chr21	HAP2_chr33	11,13,15,17,19,23	23	16782998	13723868	410078	30096788	0.013625	0.029881	0.157227	0.141555	False	0.163978
HAP2_chr21	HAP2_chr34	11,13,15,17,19,23	23	16782998	13124268	421757	29485509	0.014304	0.032136	0.155143	0.138835	False	0.162347
HAP2_chr21	HAP2_chr35	11,13,15,17,19,23	23	16782998	12183454	473760	28492692	0.016627	0.038886	0.148698	0.131667	False	0.151473
HAP2_chr21	HAP2_chr36	11,13,15,17,19,23	23	16782998	11390521	459317	27714202	0.016573	0.040324	0.148837	0.130294	False	0.151635
HAP2_chr21	HAP2_chr37	11,13,15,17,19,23	23	16782998	10244966	364197	26663767	0.013659	0.035549	0.157121	0.135047	False	0.161627
HAP2_chr21	HAP2_chr38	11,13,15,17,19,23	23	16782998	10059451	362138	26480311	0.013676	0.036000	0.157068	0.134573	False	0.162039
HAP2_chr22	HAP2_chr23	11,13,15,17,19,23	23	17310261	16374851	597115	33087997	0.018046	0.036465	0.145198	0.134089	False	0.151677
HAP2_chr22	HAP2_chr24	11,13,15,17,19,23	23	17310261	10514192	499108	27325345	0.018265	0.047470	0.144683	0.124103	False	0.146864
HAP2_chr22	HAP2_chr25	11,13,15,17,19,23	23	17310261	15741013	674507	32376767	0.020833	0.042850	0.139073	0.127993	False	0.144134
HAP2_chr22	HAP2_chr26	11,13,15,17,19,23	23	17310261	15907494	590173	32627582	0.018088	0.037100	0.145099	0.133439	False	0.151808
HAP2_chr22	HAP2_chr27	11,13,15,17,19,23	23	17310261	15728078	606986	32431353	0.018716	0.038593	0.143642	0.131952	False	0.149483
HAP2_chr22	HAP2_chr28	11,13,15,17,19,23	23	17310261	15907855	3040606	30177510	0.100757	0.191139	0.073821	0.069419	False	0.069704
HAP2_chr22	HAP2_chr29	11,13,15,17,19,23	23	17310261	14792090	549521	31552830	0.017416	0.037150	0.146717	0.133389	False	0.152646
HAP2_chr22	HAP2_chr30	11,13,15,17,19,23	23	17310261	14448376	546563	31212074	0.017511	0.037829	0.146484	0.132706	False	0.151898
HAP2_chr22	HAP2_chr31	11,13,15,17,19,23	23	17310261	10247886	540705	27017442	0.020013	0.052763	0.140784	0.120068	False	0.141960
HAP2_chr22	HAP2_chr32	11,13,15,17,19,23	23	17310261	13681624	517203	30474682	0.016972	0.037803	0.147822	0.132732	False	0.154040
HAP2_chr22	HAP2_chr33	11,13,15,17,19,23	23	17310261	13723868	522790	30511339	0.017134	0.038093	0.147414	0.132443	False	0.154480
HAP2_chr22	HAP2_chr34	11,13,15,17,19,23	23	17310261	13124268	473229	29961300	0.015795	0.036058	0.150896	0.134513	False	0.157884
HAP2_chr22	HAP2_chr35	11,13,15,17,19,23	23	17310261	12183454	482073	29011642	0.016617	0.039568	0.148726	0.131010	False	0.154056
HAP2_chr22	HAP2_chr36	11,13,15,17,19,23	23	17310261	11390521	429044	28271738	0.015176	0.037667	0.152608	0.132868	False	0.158029
HAP2_chr22	HAP2_chr37	11,13,15,17,19,23	23	17310261	10244966	401287	27153940	0.014778	0.039169	0.153744	0.131392	False	0.157813
HAP2_chr22	HAP2_chr38	11,13,15,17,19,23	23	17310261	10059451	400731	26968981	0.014859	0.039836	0.153511	0.130754	False	0.158012
HAP2_chr23	HAP2_chr24	11,13,15,17,19,23	23	16374851	10514192	402929	26486114	0.015213	0.038322	0.152503	0.132217	False	0.154899
HAP2_chr23	HAP2_chr25	11,13,15,17,19,23	23	16374851	15741013	557817	31558047	0.017676	0.035437	0.146084	0.135166	False	0.151347
HAP2_chr23	HAP2_chr26	11,13,15,17,19,23	23	16374851	15907494	3136450	29145895	0.107612	0.197168	0.071230	0.068161	False	0.067229
HAP2_chr23	HAP2_chr27	11,13,15,17,19,23	23	16374851	15728078	535327	31567602	0.016958	0.034036	0.147856	0.136681	False	0.153829
HAP2_chr23	HAP2_chr28	11,13,15,17,19,23	23	16374851	15907855	502934	31779772	0.015826	0.031615	0.150812	0.139446	False	0.157042
HAP2_chr23	HAP2_chr29	11,13,15,17,19,23	23	16374851	14792090	518802	30648139	0.016928	0.035073	0.147932	0.135554	False	0.154424
HAP2_chr23	HAP2_chr30	11,13,15,17,19,23	23	16374851	14448376	492033	30331194	0.016222	0.034055	0.149754	0.136661	False	0.155427
HAP2_chr23	HAP2_chr31	11,13,15,17,19,23	23	16374851	10247886	436331	26186406	0.016663	0.042578	0.148608	0.128235	False	0.149773
HAP2_chr23	HAP2_chr32	11,13,15,17,19,23	23	16374851	13681624	450022	29606453	0.015200	0.032892	0.152539	0.137963	False	0.158649
HAP2_chr23	HAP2_chr33	11,13,15,17,19,23	23	16374851	13723868	594614	29504105	0.020154	0.043327	0.140486	0.127574	False	0.143401
HAP2_chr23	HAP2_chr34	11,13,15,17,19,23	23	16374851	13124268	590753	28908366	0.020435	0.045012	0.139894	0.126125	False	0.142790
HAP2_chr23	HAP2_chr35	11,13,15,17,19,23	23	16374851	12183454	423478	28134827	0.015052	0.034758	0.152959	0.135892	False	0.158473
HAP2_chr23	HAP2_chr36	11,13,15,17,19,23	23	16374851	11390521	383288	27382084	0.013998	0.033650	0.156070	0.137109	False	0.161694
HAP2_chr23	HAP2_chr37	11,13,15,17,19,23	23	16374851	10244966	388521	26231296	0.014811	0.037923	0.153649	0.132612	False	0.158308
HAP2_chr23	HAP2_chr38	11,13,15,17,19,23	23	16374851	10059451	369229	26065073	0.014166	0.036705	0.155559	0.133843	False	0.160384
HAP2_chr24	HAP2_chr25	11,13,15,17,19,23	23	10514192	15741013	481900	25773305	0.018698	0.045833	0.143684	0.125438	False	0.143717
HAP2_chr24	HAP2_chr26	11,13,15,17,19,23	23	10514192	15907494	433315	25988371	0.016673	0.041212	0.148579	0.129470	False	0.151296
HAP2_chr24	HAP2_chr27	11,13,15,17,19,23	23	10514192	15728078	402177	25840093	0.015564	0.038251	0.151526	0.132288	False	0.152883
HAP2_chr24	HAP2_chr28	11,13,15,17,19,23	23	10514192	15907855	394924	26027123	0.015174	0.037561	0.152614	0.132974	False	0.154723
HAP2_chr24	HAP2_chr29	11,13,15,17,19,23	23	10514192	14792090	391508	24914774	0.015714	0.037236	0.151115	0.133302	False	0.153288
HAP2_chr24	HAP2_chr30	11,13,15,17,19,23	23	10514192	14448376	376440	24586128	0.015311	0.035803	0.152227	0.134779	False	0.153829
HAP2_chr24	HAP2_chr31	11,13,15,17,19,23	23	10514192	10247886	441125	20320953	0.021708	0.043045	0.137322	0.127821	False	0.136539
HAP2_chr24	HAP2_chr32	11,13,15,17,19,23	23	10514192	13681624	356390	23839426	0.014950	0.033896	0.153251	0.136836	False	0.155322
HAP2_chr24	HAP2_chr33	11,13,15,17,19,23	23	10514192	13723868	355954	23882106	0.014905	0.033855	0.153380	0.136882	False	0.156342
HAP2_chr24	HAP2_chr34	11,13,15,17,19,23	23	10514192	13124268	331751	23306709	0.014234	0.031553	0.155352	0.139520	False	0.157894
HAP2_chr24	HAP2_chr35	11,13,15,17,19,23	23	10514192	12183454	351346	22346300	0.015723	0.033416	0.151091	0.137370	False	0.152616
HAP2_chr24	HAP2_chr36	11,13,15,17,19,23	23	10514192	11390521	302753	21601960	0.014015	0.028795	0.156017	0.142935	False	0.157566
HAP2_chr24	HAP2_chr37	11,13,15,17,19,23	23	10514192	10244966	300464	20458694	0.014686	0.029328	0.154012	0.142251	False	0.155125
HAP2_chr24	HAP2_chr38	11,13,15,17,19,23	23	10514192	10059451	290242	20283401	0.014309	0.028853	0.155126	0.142860	False	0.155815
HAP2_chr25	HAP2_chr26	11,13,15,17,19,23	23	15741013	15907494	554740	31093767	0.017841	0.035242	0.145687	0.135373	False	0.151190
HAP2_chr25	HAP2_chr27	11,13,15,17,19,23	23	15741013	15728078	538647	30930444	0.017415	0.034247	0.146720	0.136449	False	0.150864
HAP2_chr25	HAP2_chr28	11,13,15,17,19,23	23	15741013	15907855	534037	31114831	0.017163	0.033926	0.147341	0.136802	False	0.152080
HAP2_chr25	HAP2_chr29	11,13,15,17,19,23	23	15741013	14792090	502845	30030258	0.016745	0.033994	0.148397	0.136727	False	0.153087
HAP2_chr25	HAP2_chr30	11,13,15,17,19,23	23	15741013	14448376	485668	29703721	0.016350	0.033614	0.149416	0.137149	False	0.153348
HAP2_chr25	HAP2_chr31	11,13,15,17,19,23	23	15741013	10247886	526991	25461908	0.020697	0.051424	0.139352	0.121051	False	0.139589
HAP2_chr25	HAP2_chr32	11,13,15,17,19,23	23	15741013	13681624	454518	28968119	0.015690	0.033221	0.151180	0.137590	False	0.155690
HAP2_chr25	HAP2_chr33	11,13,15,17,19,23	23	15741013	13723868	494162	28970719	0.017057	0.036007	0.147606	0.134565	False	0.153403
HAP2_chr25	HAP2_chr34	11,13,15,17,19,23	23	15741013	13124268	437305	28427976	0.015383	0.033320	0.152027	0.137478	False	0.157509
HAP2_chr25	HAP2_chr35	11,13,15,17,19,23	23	15741013	12183454	454859	27469608	0.016559	0.037334	0.148875	0.133202	False	0.153066
HAP2_chr25	HAP2_chr36	11,13,15,17,19,23	23	15741013	11390521	387558	26743976	0.014491	0.034025	0.154584	0.136694	False	0.158779
HAP2_chr25	HAP2_chr37	11,13,15,17,19,23	23	15741013	10244966	432431	25553548	0.016923	0.042209	0.147945	0.128565	False	0.149739
HAP2_chr25	HAP2_chr38	11,13,15,17,19,23	23	15741013	10059451	421576	25378888	0.016611	0.041908	0.148739	0.128836	False	0.150664
HAP2_chr26	HAP2_chr27	11,13,15,17,19,23	23	15907494	15728078	526228	31109344	0.016915	0.033458	0.147963	0.137324	False	0.154077
HAP2_chr26	HAP2_chr28	11,13,15,17,19,23	23	15907494	15907855	528417	31286932	0.016889	0.033218	0.148029	0.137594	False	0.154542
HAP2_chr26	HAP2_chr29	11,13,15,17,19,23	23	15907494	14792090	510668	30188916	0.016916	0.034523	0.147963	0.136148	False	0.154565
HAP2_chr26	HAP2_chr30	11,13,15,17,19,23	23	15907494	14448376	489238	29866632	0.016381	0.033861	0.149337	0.136874	False	0.155240
HAP2_chr26	HAP2_chr31	11,13,15,17,19,23	23	15907494	10247886	452187	25703193	0.017593	0.044125	0.146286	0.126881	False	0.147787
HAP2_chr26	HAP2_chr32	11,13,15,17,19,23	23	15907494	13681624	493572	29095546	0.016964	0.036076	0.147841	0.134494	False	0.154420
HAP2_chr26	HAP2_chr33	11,13,15,17,19,23	23	15907494	13723868	612280	29019082	0.021099	0.044614	0.138533	0.126463	False	0.141721
HAP2_chr26	HAP2_chr34	11,13,15,17,19,23	23	15907494	13124268	617439	28414323	0.021730	0.047046	0.137279	0.124445	False	0.140493
HAP2_chr26	HAP2_chr35	11,13,15,17,19,23	23	15907494	12183454	430393	27660555	0.015560	0.035326	0.151537	0.135284	False	0.157446
HAP2_chr26	HAP2_chr36	11,13,15,17,19,23	23	15907494	11390521	410881	26887134	0.015282	0.036072	0.152309	0.134497	False	0.158529
HAP2_chr26	HAP2_chr37	11,13,15,17,19,23	23	15907494	10244966	394030	25758430	0.015297	0.038461	0.152266	0.132081	False	0.157133
HAP2_chr26	HAP2_chr38	11,13,15,17,19,23	23	15907494	10059451	393781	25573164	0.015398	0.039145	0.151984	0.131415	False	0.156999
HAP2_chr27	HAP2_chr28	11,13,15,17,19,23	23	15728078	15907855	504749	31131184	0.016214	0.032092	0.149776	0.138886	False	0.155205
HAP2_chr27	HAP2_chr29	11,13,15,17,19,23	23	15728078	14792090	2868398	27651770	0.103733	0.193914	0.072673	0.068835	False	0.067789
HAP2_chr27	HAP2_chr30	11,13,15,17,19,23	23	15728078	14448376	603900	29572554	0.020421	0.041797	0.139924	0.128936	False	0.141366
HAP2_chr27	HAP2_chr31	11,13,15,17,19,23	23	15728078	10247886	434709	25541255	0.017020	0.042419	0.147700	0.128377	False	0.148295
HAP2_chr27	HAP2_chr32	11,13,15,17,19,23	23	15728078	13681624	558483	28851219	0.019357	0.040820	0.142205	0.129832	False	0.143899
HAP2_chr27	HAP2_chr33	11,13,15,17,19,23	23	15728078	13723868	448442	29003504	0.015462	0.032676	0.151808	0.138210	False	0.158006
HAP2_chr27	HAP2_chr34	11,13,15,17,19,23	23	15728078	13124268	443475	28408871	0.015610	0.033790	0.151398	0.136953	False	0.157739
HAP2_chr27	HAP2_chr35	11,13,15,17,19,23	23	15728078	12183454	406769	27504763	0.014789	0.033387	0.153713	0.137403	False	0.158308
HAP2_chr27	HAP2_chr36	11,13,15,17,19,23	23	15728078	11390521	383488	26735111	0.014344	0.033667	0.155023	0.137090	False	0.159798
HAP2_chr27	HAP2_chr37	11,13,15,17,19,23	23	15728078	10244966	367705	25605339	0.014360	0.035891	0.154973	0.134687	False	0.158556
HAP2_chr27	HAP2_chr38	11,13,15,17,19,23	23	15728078	10059451	365749	25421780	0.014387	0.036359	0.154894	0.134200	False	0.158736
HAP2_chr28	HAP2_chr29	11,13,15,17,19,23	23	15907855	14792090	478200	30221745	0.015823	0.032328	0.150819	0.138611	False	0.156399
HAP2_chr28	HAP2_chr30	11,13,15,17,19,23	23	15907855	14448376	454181	29902050	0.015189	0.031435	0.152570	0.139660	False	0.157390
HAP2_chr28	HAP2_chr31	11,13,15,17,19,23	23	15907855	10247886	428044	25727697	0.016637	0.041769	0.148672	0.128962	False	0.149323
HAP2_chr28	HAP2_chr32	11,13,15,17,19,23	23	15907855	13681624	446921	29142558	0.015336	0.032666	0.152158	0.138222	False	0.157913
HAP2_chr28	HAP2_chr33	11,13,15,17,19,23	23	15907855	13723868	420404	29211319	0.014392	0.030633	0.154880	0.140626	False	0.161282
HAP2_chr28	HAP2_chr34	11,13,15,17,19,23	23	15907855	13124268	418092	28614031	0.014611	0.031856	0.154231	0.139162	False	0.160571
HAP2_chr28	HAP2_chr35	11,13,15,17,19,23	23	15907855	12183454	402409	27688900	0.014533	0.033029	0.154461	0.137808	False	0.159254
HAP2_chr28	HAP2_chr36	11,13,15,17,19,23	23	15907855	11390521	357690	26940686	0.013277	0.031402	0.158338	0.139699	False	0.163107
HAP2_chr28	HAP2_chr37	11,13,15,17,19,23	23	15907855	10244966	351222	25801599	0.013612	0.034282	0.157267	0.136410	False	0.161324
HAP2_chr28	HAP2_chr38	11,13,15,17,19,23	23	15907855	10059451	343195	25624111	0.013393	0.034117	0.157963	0.136592	False	0.162075
HAP2_chr29	HAP2_chr30	11,13,15,17,19,23	23	14792090	14448376	571793	28668673	0.019945	0.039575	0.140930	0.131003	False	0.142656
HAP2_chr29	HAP2_chr31	11,13,15,17,19,23	23	14792090	10247886	397611	24642365	0.016135	0.038799	0.149983	0.131751	False	0.151031
HAP2_chr29	HAP2_chr32	11,13,15,17,19,23	23	14792090	13681624	570473	27903241	0.020445	0.041696	0.139875	0.129028	False	0.141917
HAP2_chr29	HAP2_chr33	11,13,15,17,19,23	23	14792090	13723868	417871	28098087	0.014872	0.030448	0.153474	0.140852	False	0.160125
HAP2_chr29	HAP2_chr34	11,13,15,17,19,23	23	14792090	13124268	423909	27492449	0.015419	0.032300	0.151926	0.138644	False	0.158485
HAP2_chr29	HAP2_chr35	11,13,15,17,19,23	23	14792090	12183454	387570	26587974	0.014577	0.031811	0.154332	0.139215	False	0.159279
HAP2_chr29	HAP2_chr36	11,13,15,17,19,23	23	14792090	11390521	356081	25826530	0.013787	0.031261	0.156719	0.139867	False	0.161773
HAP2_chr29	HAP2_chr37	11,13,15,17,19,23	23	14792090	10244966	367317	24669739	0.014889	0.035853	0.153423	0.134726	False	0.157879
HAP2_chr29	HAP2_chr38	11,13,15,17,19,23	23	14792090	10059451	351598	24499943	0.014351	0.034952	0.155002	0.135684	False	0.159400
HAP2_chr30	HAP2_chr31	11,13,15,17,19,23	23	14448376	10247886	397913	24298349	0.016376	0.038829	0.149349	0.131722	False	0.149823
HAP2_chr30	HAP2_chr32	11,13,15,17,19,23	23	14448376	13681624	2621441	25508559	0.102767	0.191603	0.073042	0.069321	False	0.067718
HAP2_chr30	HAP2_chr33	11,13,15,17,19,23	23	14448376	13723868	400955	27771289	0.014438	0.029216	0.154743	0.142394	False	0.160724
HAP2_chr30	HAP2_chr34	11,13,15,17,19,23	23	14448376	13124268	374887	27197757	0.013784	0.028564	0.156731	0.143235	False	0.162259
HAP2_chr30	HAP2_chr35	11,13,15,17,19,23	23	14448376	12183454	381733	26250097	0.014542	0.031332	0.154435	0.139783	False	0.158723
HAP2_chr30	HAP2_chr36	11,13,15,17,19,23	23	14448376	11390521	354673	25484224	0.013917	0.031138	0.156317	0.140015	False	0.160840
HAP2_chr30	HAP2_chr37	11,13,15,17,19,23	23	14448376	10244966	343272	24350070	0.014097	0.033506	0.155766	0.137270	False	0.159388
HAP2_chr30	HAP2_chr38	11,13,15,17,19,23	23	14448376	10059451	330985	24176842	0.013690	0.032903	0.157023	0.137951	False	0.160709
HAP2_chr31	HAP2_chr32	11,13,15,17,19,23	23	10247886	13681624	373175	23556335	0.015842	0.036415	0.150768	0.134142	False	0.151634
HAP2_chr31	HAP2_chr33	11,13,15,17,19,23	23	10247886	13723868	363338	23608416	0.015390	0.035455	0.152007	0.135147	False	0.153674
HAP2_chr31	HAP2_chr34	11,13,15,17,19,23	23	10247886	13124268	327978	23044176	0.014233	0.032004	0.155357	0.138988	False	0.156636
HAP2_chr31	HAP2_chr35	11,13,15,17,19,23	23	10247886	12183454	376766	22054574	0.017083	0.036765	0.147541	0.133781	False	0.148570
HAP2_chr31	HAP2_chr36	11,13,15,17,19,23	23	10247886	11390521	298954	21339453	0.014009	0.029172	0.156034	0.142450	False	0.156284
HAP2_chr31	HAP2_chr37	11,13,15,17,19,23	23	10247886	10244966	322192	20170660	0.015973	0.031449	0.150415	0.139643	False	0.150655
HAP2_chr31	HAP2_chr38	11,13,15,17,19,23	23	10247886	10059451	295928	20011409	0.014788	0.029418	0.153716	0.142137	False	0.153382
HAP2_chr32	HAP2_chr33	11,13,15,17,19,23	23	13681624	13723868	401854	27003638	0.014881	0.029372	0.153446	0.142196	False	0.160233
HAP2_chr32	HAP2_chr34	11,13,15,17,19,23	23	13681624	13124268	388349	26417543	0.014700	0.029590	0.153971	0.141919	False	0.160578
HAP2_chr32	HAP2_chr35	11,13,15,17,19,23	23	13681624	12183454	377259	25487819	0.014802	0.030965	0.153677	0.140223	False	0.158716
HAP2_chr32	HAP2_chr36	11,13,15,17,19,23	23	13681624	11390521	340449	24731696	0.013766	0.029889	0.156787	0.141545	False	0.161630
HAP2_chr32	HAP2_chr37	11,13,15,17,19,23	23	13681624	10244966	338353	23588237	0.014344	0.033026	0.155022	0.137811	False	0.159081
HAP2_chr32	HAP2_chr38	11,13,15,17,19,23	23	13681624	10059451	323535	23417540	0.013816	0.032162	0.156631	0.138804	False	0.160895
HAP2_chr33	HAP2_chr34	11,13,15,17,19,23	23	13723868	13124268	2709700	24138436	0.112257	0.206465	0.069574	0.066293	False	0.064668
HAP2_chr33	HAP2_chr35	11,13,15,17,19,23	23	13723868	12183454	374194	25533128	0.014655	0.030713	0.154103	0.140528	False	0.159867
HAP2_chr33	HAP2_chr36	11,13,15,17,19,23	23	13723868	11390521	346518	24767871	0.013991	0.030422	0.156092	0.140885	False	0.161963
HAP2_chr33	HAP2_chr37	11,13,15,17,19,23	23	13723868	10244966	342228	23626606	0.014485	0.033405	0.154604	0.137384	False	0.159497
HAP2_chr33	HAP2_chr38	11,13,15,17,19,23	23	13723868	10059451	333523	23449796	0.014223	0.033155	0.155386	0.137665	False	0.160298
HAP2_chr34	HAP2_chr35	11,13,15,17,19,23	23	13124268	12183454	362243	24945479	0.014521	0.029732	0.154496	0.141740	False	0.160419
HAP2_chr34	HAP2_chr36	11,13,15,17,19,23	23	13124268	11390521	316313	24198476	0.013072	0.027770	0.159007	0.144285	False	0.164591
HAP2_chr34	HAP2_chr37	11,13,15,17,19,23	23	13124268	10244966	317805	23051429	0.013787	0.031021	0.156721	0.140156	False	0.161535
HAP2_chr34	HAP2_chr38	11,13,15,17,19,23	23	13124268	10059451	330269	22853450	0.014452	0.032832	0.154702	0.138032	False	0.159787
HAP2_chr35	HAP2_chr36	11,13,15,17,19,23	23	12183454	11390521	2308973	21265002	0.108581	0.202710	0.070878	0.067038	False	0.064624
HAP2_chr35	HAP2_chr37	11,13,15,17,19,23	23	12183454	10244966	318965	22109455	0.014427	0.031134	0.154776	0.140020	False	0.158180
HAP2_chr35	HAP2_chr38	11,13,15,17,19,23	23	12183454	10059451	302097	21940808	0.013769	0.030031	0.156778	0.141367	False	0.160344
HAP2_chr36	HAP2_chr37	11,13,15,17,19,23	23	11390521	10244966	271327	21364160	0.012700	0.026484	0.160244	0.146047	False	0.163491
HAP2_chr36	HAP2_chr38	11,13,15,17,19,23	23	11390521	10059451	283411	21166561	0.013390	0.028174	0.157975	0.143748	False	0.161572
HAP2_chr37	HAP2_chr38	11,13,15,17,19,23	23	10244966	10059451	1951642	18352775	0.106340	0.194011	0.071697	0.068815	False	0.064276
