seq_id	source	length	reason
CDRQJO010000001.1	/lustre/scratch122/tol/data/8/a/6/f/5/7/Empetrum_nigrum/assembly/release/ddEmpNigr1.hap1.1/insdc/GCA_977035805.1.fa.gz	804257	below-min-len
CDRQJO010000010.1	/lustre/scratch122/tol/data/8/a/6/f/5/7/Empetrum_nigrum/assembly/release/ddEmpNigr1.hap1.1/insdc/GCA_977035805.1.fa.gz	324908	below-min-len
CDRQJO010000011.1	/lustre/scratch122/tol/data/8/a/6/f/5/7/Empetrum_nigrum/assembly/release/ddEmpNigr1.hap1.1/insdc/GCA_977035805.1.fa.gz	265805	below-min-len
CDRQJO010000012.1	/lustre/scratch122/tol/data/8/a/6/f/5/7/Empetrum_nigrum/assembly/release/ddEmpNigr1.hap1.1/insdc/GCA_977035805.1.fa.gz	249638	below-min-len
CDRQJO010000013.1	/lustre/scratch122/tol/data/8/a/6/f/5/7/Empetrum_nigrum/assembly/release/ddEmpNigr1.hap1.1/insdc/GCA_977035805.1.fa.gz	245919	below-min-len
CDRQJO010000014.1	/lustre/scratch122/tol/data/8/a/6/f/5/7/Empetrum_nigrum/assembly/release/ddEmpNigr1.hap1.1/insdc/GCA_977035805.1.fa.gz	243769	below-min-len
CDRQJO010000015.1	/lustre/scratch122/tol/data/8/a/6/f/5/7/Empetrum_nigrum/assembly/release/ddEmpNigr1.hap1.1/insdc/GCA_977035805.1.fa.gz	241449	below-min-len
CDRQJO010000016.1	/lustre/scratch122/tol/data/8/a/6/f/5/7/Empetrum_nigrum/assembly/release/ddEmpNigr1.hap1.1/insdc/GCA_977035805.1.fa.gz	236863	below-min-len
CDRQJO010000017.1	/lustre/scratch122/tol/data/8/a/6/f/5/7/Empetrum_nigrum/assembly/release/ddEmpNigr1.hap1.1/insdc/GCA_977035805.1.fa.gz	235568	below-min-len
CDRQJO010000018.1	/lustre/scratch122/tol/data/8/a/6/f/5/7/Empetrum_nigrum/assembly/release/ddEmpNigr1.hap1.1/insdc/GCA_977035805.1.fa.gz	194790	below-min-len
CDRQJO010000019.1	/lustre/scratch122/tol/data/8/a/6/f/5/7/Empetrum_nigrum/assembly/release/ddEmpNigr1.hap1.1/insdc/GCA_977035805.1.fa.gz	191264	below-min-len
CDRQJO010000002.1	/lustre/scratch122/tol/data/8/a/6/f/5/7/Empetrum_nigrum/assembly/release/ddEmpNigr1.hap1.1/insdc/GCA_977035805.1.fa.gz	775204	below-min-len
CDRQJO010000020.1	/lustre/scratch122/tol/data/8/a/6/f/5/7/Empetrum_nigrum/assembly/release/ddEmpNigr1.hap1.1/insdc/GCA_977035805.1.fa.gz	174617	below-min-len
CDRQJO010000021.1	/lustre/scratch122/tol/data/8/a/6/f/5/7/Empetrum_nigrum/assembly/release/ddEmpNigr1.hap1.1/insdc/GCA_977035805.1.fa.gz	168331	below-min-len
CDRQJO010000022.1	/lustre/scratch122/tol/data/8/a/6/f/5/7/Empetrum_nigrum/assembly/release/ddEmpNigr1.hap1.1/insdc/GCA_977035805.1.fa.gz	155598	below-min-len
CDRQJO010000023.1	/lustre/scratch122/tol/data/8/a/6/f/5/7/Empetrum_nigrum/assembly/release/ddEmpNigr1.hap1.1/insdc/GCA_977035805.1.fa.gz	135787	below-min-len
CDRQJO010000024.1	/lustre/scratch122/tol/data/8/a/6/f/5/7/Empetrum_nigrum/assembly/release/ddEmpNigr1.hap1.1/insdc/GCA_977035805.1.fa.gz	132015	below-min-len
CDRQJO010000025.1	/lustre/scratch122/tol/data/8/a/6/f/5/7/Empetrum_nigrum/assembly/release/ddEmpNigr1.hap1.1/insdc/GCA_977035805.1.fa.gz	124818	below-min-len
CDRQJO010000026.1	/lustre/scratch122/tol/data/8/a/6/f/5/7/Empetrum_nigrum/assembly/release/ddEmpNigr1.hap1.1/insdc/GCA_977035805.1.fa.gz	123351	below-min-len
CDRQJO010000027.1	/lustre/scratch122/tol/data/8/a/6/f/5/7/Empetrum_nigrum/assembly/release/ddEmpNigr1.hap1.1/insdc/GCA_977035805.1.fa.gz	120249	below-min-len
CDRQJO010000028.1	/lustre/scratch122/tol/data/8/a/6/f/5/7/Empetrum_nigrum/assembly/release/ddEmpNigr1.hap1.1/insdc/GCA_977035805.1.fa.gz	114458	below-min-len
CDRQJO010000029.1	/lustre/scratch122/tol/data/8/a/6/f/5/7/Empetrum_nigrum/assembly/release/ddEmpNigr1.hap1.1/insdc/GCA_977035805.1.fa.gz	103219	below-min-len
CDRQJO010000003.1	/lustre/scratch122/tol/data/8/a/6/f/5/7/Empetrum_nigrum/assembly/release/ddEmpNigr1.hap1.1/insdc/GCA_977035805.1.fa.gz	665362	below-min-len
CDRQJO010000030.1	/lustre/scratch122/tol/data/8/a/6/f/5/7/Empetrum_nigrum/assembly/release/ddEmpNigr1.hap1.1/insdc/GCA_977035805.1.fa.gz	101657	below-min-len
CDRQJO010000031.1	/lustre/scratch122/tol/data/8/a/6/f/5/7/Empetrum_nigrum/assembly/release/ddEmpNigr1.hap1.1/insdc/GCA_977035805.1.fa.gz	101469	below-min-len
CDRQJO010000032.1	/lustre/scratch122/tol/data/8/a/6/f/5/7/Empetrum_nigrum/assembly/release/ddEmpNigr1.hap1.1/insdc/GCA_977035805.1.fa.gz	89093	below-min-len
CDRQJO010000033.1	/lustre/scratch122/tol/data/8/a/6/f/5/7/Empetrum_nigrum/assembly/release/ddEmpNigr1.hap1.1/insdc/GCA_977035805.1.fa.gz	86036	below-min-len
CDRQJO010000034.1	/lustre/scratch122/tol/data/8/a/6/f/5/7/Empetrum_nigrum/assembly/release/ddEmpNigr1.hap1.1/insdc/GCA_977035805.1.fa.gz	83819	below-min-len
CDRQJO010000035.1	/lustre/scratch122/tol/data/8/a/6/f/5/7/Empetrum_nigrum/assembly/release/ddEmpNigr1.hap1.1/insdc/GCA_977035805.1.fa.gz	79766	below-min-len
CDRQJO010000036.1	/lustre/scratch122/tol/data/8/a/6/f/5/7/Empetrum_nigrum/assembly/release/ddEmpNigr1.hap1.1/insdc/GCA_977035805.1.fa.gz	79062	below-min-len
CDRQJO010000037.1	/lustre/scratch122/tol/data/8/a/6/f/5/7/Empetrum_nigrum/assembly/release/ddEmpNigr1.hap1.1/insdc/GCA_977035805.1.fa.gz	77380	below-min-len
CDRQJO010000038.1	/lustre/scratch122/tol/data/8/a/6/f/5/7/Empetrum_nigrum/assembly/release/ddEmpNigr1.hap1.1/insdc/GCA_977035805.1.fa.gz	77164	below-min-len
CDRQJO010000039.1	/lustre/scratch122/tol/data/8/a/6/f/5/7/Empetrum_nigrum/assembly/release/ddEmpNigr1.hap1.1/insdc/GCA_977035805.1.fa.gz	72066	below-min-len
CDRQJO010000004.1	/lustre/scratch122/tol/data/8/a/6/f/5/7/Empetrum_nigrum/assembly/release/ddEmpNigr1.hap1.1/insdc/GCA_977035805.1.fa.gz	547180	below-min-len
CDRQJO010000040.1	/lustre/scratch122/tol/data/8/a/6/f/5/7/Empetrum_nigrum/assembly/release/ddEmpNigr1.hap1.1/insdc/GCA_977035805.1.fa.gz	65423	below-min-len
CDRQJO010000041.1	/lustre/scratch122/tol/data/8/a/6/f/5/7/Empetrum_nigrum/assembly/release/ddEmpNigr1.hap1.1/insdc/GCA_977035805.1.fa.gz	64361	below-min-len
CDRQJO010000042.1	/lustre/scratch122/tol/data/8/a/6/f/5/7/Empetrum_nigrum/assembly/release/ddEmpNigr1.hap1.1/insdc/GCA_977035805.1.fa.gz	56110	below-min-len
CDRQJO010000043.1	/lustre/scratch122/tol/data/8/a/6/f/5/7/Empetrum_nigrum/assembly/release/ddEmpNigr1.hap1.1/insdc/GCA_977035805.1.fa.gz	52261	below-min-len
CDRQJO010000044.1	/lustre/scratch122/tol/data/8/a/6/f/5/7/Empetrum_nigrum/assembly/release/ddEmpNigr1.hap1.1/insdc/GCA_977035805.1.fa.gz	52063	below-min-len
CDRQJO010000045.1	/lustre/scratch122/tol/data/8/a/6/f/5/7/Empetrum_nigrum/assembly/release/ddEmpNigr1.hap1.1/insdc/GCA_977035805.1.fa.gz	50570	below-min-len
CDRQJO010000005.1	/lustre/scratch122/tol/data/8/a/6/f/5/7/Empetrum_nigrum/assembly/release/ddEmpNigr1.hap1.1/insdc/GCA_977035805.1.fa.gz	519428	below-min-len
CDRQJO010000006.1	/lustre/scratch122/tol/data/8/a/6/f/5/7/Empetrum_nigrum/assembly/release/ddEmpNigr1.hap1.1/insdc/GCA_977035805.1.fa.gz	491717	below-min-len
CDRQJO010000007.1	/lustre/scratch122/tol/data/8/a/6/f/5/7/Empetrum_nigrum/assembly/release/ddEmpNigr1.hap1.1/insdc/GCA_977035805.1.fa.gz	417958	below-min-len
CDRQJO010000008.1	/lustre/scratch122/tol/data/8/a/6/f/5/7/Empetrum_nigrum/assembly/release/ddEmpNigr1.hap1.1/insdc/GCA_977035805.1.fa.gz	372399	below-min-len
CDRQJO010000009.1	/lustre/scratch122/tol/data/8/a/6/f/5/7/Empetrum_nigrum/assembly/release/ddEmpNigr1.hap1.1/insdc/GCA_977035805.1.fa.gz	349488	below-min-len
CDRQJO010000046.1	/lustre/scratch122/tol/data/8/a/6/f/5/7/Empetrum_nigrum/assembly/release/ddEmpNigr1.hap1.1/insdc/GCA_977035805.1.fa.gz	1023000	no-chrom-match
CDRQJO010000047.1	/lustre/scratch122/tol/data/8/a/6/f/5/7/Empetrum_nigrum/assembly/release/ddEmpNigr1.hap1.1/insdc/GCA_977035805.1.fa.gz	561000	below-min-len
CDRQJO010000048.1	/lustre/scratch122/tol/data/8/a/6/f/5/7/Empetrum_nigrum/assembly/release/ddEmpNigr1.hap1.1/insdc/GCA_977035805.1.fa.gz	253396	below-min-len
CDRQJO010000049.1	/lustre/scratch122/tol/data/8/a/6/f/5/7/Empetrum_nigrum/assembly/release/ddEmpNigr1.hap1.1/insdc/GCA_977035805.1.fa.gz	233000	below-min-len
CDRQJO010000050.1	/lustre/scratch122/tol/data/8/a/6/f/5/7/Empetrum_nigrum/assembly/release/ddEmpNigr1.hap1.1/insdc/GCA_977035805.1.fa.gz	203000	below-min-len
CDRQJO010000051.1	/lustre/scratch122/tol/data/8/a/6/f/5/7/Empetrum_nigrum/assembly/release/ddEmpNigr1.hap1.1/insdc/GCA_977035805.1.fa.gz	179674	below-min-len
CDRQJO010000052.1	/lustre/scratch122/tol/data/8/a/6/f/5/7/Empetrum_nigrum/assembly/release/ddEmpNigr1.hap1.1/insdc/GCA_977035805.1.fa.gz	223806	below-min-len
CDRQJO010000053.1	/lustre/scratch122/tol/data/8/a/6/f/5/7/Empetrum_nigrum/assembly/release/ddEmpNigr1.hap1.1/insdc/GCA_977035805.1.fa.gz	135333	below-min-len
CDRQJO010000054.1	/lustre/scratch122/tol/data/8/a/6/f/5/7/Empetrum_nigrum/assembly/release/ddEmpNigr1.hap1.1/insdc/GCA_977035805.1.fa.gz	113409	below-min-len
CDRQJO010000055.1	/lustre/scratch122/tol/data/8/a/6/f/5/7/Empetrum_nigrum/assembly/release/ddEmpNigr1.hap1.1/insdc/GCA_977035805.1.fa.gz	89356	below-min-len
CDRQJO010000056.1	/lustre/scratch122/tol/data/8/a/6/f/5/7/Empetrum_nigrum/assembly/release/ddEmpNigr1.hap1.1/insdc/GCA_977035805.1.fa.gz	83529	below-min-len
CDRQJO010000057.1	/lustre/scratch122/tol/data/8/a/6/f/5/7/Empetrum_nigrum/assembly/release/ddEmpNigr1.hap1.1/insdc/GCA_977035805.1.fa.gz	83186	below-min-len
CDRQJO010000058.1	/lustre/scratch122/tol/data/8/a/6/f/5/7/Empetrum_nigrum/assembly/release/ddEmpNigr1.hap1.1/insdc/GCA_977035805.1.fa.gz	82455	below-min-len
CDRQJO010000059.1	/lustre/scratch122/tol/data/8/a/6/f/5/7/Empetrum_nigrum/assembly/release/ddEmpNigr1.hap1.1/insdc/GCA_977035805.1.fa.gz	78042	below-min-len
CDRQJO010000060.1	/lustre/scratch122/tol/data/8/a/6/f/5/7/Empetrum_nigrum/assembly/release/ddEmpNigr1.hap1.1/insdc/GCA_977035805.1.fa.gz	77074	below-min-len
CDRQJO010000061.1	/lustre/scratch122/tol/data/8/a/6/f/5/7/Empetrum_nigrum/assembly/release/ddEmpNigr1.hap1.1/insdc/GCA_977035805.1.fa.gz	74084	below-min-len
CDRQJO010000062.1	/lustre/scratch122/tol/data/8/a/6/f/5/7/Empetrum_nigrum/assembly/release/ddEmpNigr1.hap1.1/insdc/GCA_977035805.1.fa.gz	72743	below-min-len
CDRQJO010000063.1	/lustre/scratch122/tol/data/8/a/6/f/5/7/Empetrum_nigrum/assembly/release/ddEmpNigr1.hap1.1/insdc/GCA_977035805.1.fa.gz	71229	below-min-len
CDRQJO010000064.1	/lustre/scratch122/tol/data/8/a/6/f/5/7/Empetrum_nigrum/assembly/release/ddEmpNigr1.hap1.1/insdc/GCA_977035805.1.fa.gz	71150	below-min-len
CDRQJO010000065.1	/lustre/scratch122/tol/data/8/a/6/f/5/7/Empetrum_nigrum/assembly/release/ddEmpNigr1.hap1.1/insdc/GCA_977035805.1.fa.gz	70000	below-min-len
CDRQJO010000066.1	/lustre/scratch122/tol/data/8/a/6/f/5/7/Empetrum_nigrum/assembly/release/ddEmpNigr1.hap1.1/insdc/GCA_977035805.1.fa.gz	69000	below-min-len
CDRQJO010000067.1	/lustre/scratch122/tol/data/8/a/6/f/5/7/Empetrum_nigrum/assembly/release/ddEmpNigr1.hap1.1/insdc/GCA_977035805.1.fa.gz	67444	below-min-len
CDRQJO010000068.1	/lustre/scratch122/tol/data/8/a/6/f/5/7/Empetrum_nigrum/assembly/release/ddEmpNigr1.hap1.1/insdc/GCA_977035805.1.fa.gz	65491	below-min-len
CDRQJO010000069.1	/lustre/scratch122/tol/data/8/a/6/f/5/7/Empetrum_nigrum/assembly/release/ddEmpNigr1.hap1.1/insdc/GCA_977035805.1.fa.gz	65451	below-min-len
CDRQJO010000070.1	/lustre/scratch122/tol/data/8/a/6/f/5/7/Empetrum_nigrum/assembly/release/ddEmpNigr1.hap1.1/insdc/GCA_977035805.1.fa.gz	64315	below-min-len
CDRQJO010000071.1	/lustre/scratch122/tol/data/8/a/6/f/5/7/Empetrum_nigrum/assembly/release/ddEmpNigr1.hap1.1/insdc/GCA_977035805.1.fa.gz	62769	below-min-len
CDRQJO010000072.1	/lustre/scratch122/tol/data/8/a/6/f/5/7/Empetrum_nigrum/assembly/release/ddEmpNigr1.hap1.1/insdc/GCA_977035805.1.fa.gz	62884	below-min-len
CDRQJO010000073.1	/lustre/scratch122/tol/data/8/a/6/f/5/7/Empetrum_nigrum/assembly/release/ddEmpNigr1.hap1.1/insdc/GCA_977035805.1.fa.gz	62000	below-min-len
CDRQJO010000074.1	/lustre/scratch122/tol/data/8/a/6/f/5/7/Empetrum_nigrum/assembly/release/ddEmpNigr1.hap1.1/insdc/GCA_977035805.1.fa.gz	61223	below-min-len
CDRQJO010000075.1	/lustre/scratch122/tol/data/8/a/6/f/5/7/Empetrum_nigrum/assembly/release/ddEmpNigr1.hap1.1/insdc/GCA_977035805.1.fa.gz	60929	below-min-len
CDRQJO010000076.1	/lustre/scratch122/tol/data/8/a/6/f/5/7/Empetrum_nigrum/assembly/release/ddEmpNigr1.hap1.1/insdc/GCA_977035805.1.fa.gz	60390	below-min-len
CDRQJO010000077.1	/lustre/scratch122/tol/data/8/a/6/f/5/7/Empetrum_nigrum/assembly/release/ddEmpNigr1.hap1.1/insdc/GCA_977035805.1.fa.gz	59589	below-min-len
CDRQJO010000078.1	/lustre/scratch122/tol/data/8/a/6/f/5/7/Empetrum_nigrum/assembly/release/ddEmpNigr1.hap1.1/insdc/GCA_977035805.1.fa.gz	59585	below-min-len
CDRQJO010000079.1	/lustre/scratch122/tol/data/8/a/6/f/5/7/Empetrum_nigrum/assembly/release/ddEmpNigr1.hap1.1/insdc/GCA_977035805.1.fa.gz	59312	below-min-len
CDRQJO010000080.1	/lustre/scratch122/tol/data/8/a/6/f/5/7/Empetrum_nigrum/assembly/release/ddEmpNigr1.hap1.1/insdc/GCA_977035805.1.fa.gz	58662	below-min-len
CDRQJO010000081.1	/lustre/scratch122/tol/data/8/a/6/f/5/7/Empetrum_nigrum/assembly/release/ddEmpNigr1.hap1.1/insdc/GCA_977035805.1.fa.gz	55738	below-min-len
CDRQJO010000082.1	/lustre/scratch122/tol/data/8/a/6/f/5/7/Empetrum_nigrum/assembly/release/ddEmpNigr1.hap1.1/insdc/GCA_977035805.1.fa.gz	55540	below-min-len
CDRQJO010000083.1	/lustre/scratch122/tol/data/8/a/6/f/5/7/Empetrum_nigrum/assembly/release/ddEmpNigr1.hap1.1/insdc/GCA_977035805.1.fa.gz	54875	below-min-len
CDRQJO010000084.1	/lustre/scratch122/tol/data/8/a/6/f/5/7/Empetrum_nigrum/assembly/release/ddEmpNigr1.hap1.1/insdc/GCA_977035805.1.fa.gz	54463	below-min-len
CDRQJO010000085.1	/lustre/scratch122/tol/data/8/a/6/f/5/7/Empetrum_nigrum/assembly/release/ddEmpNigr1.hap1.1/insdc/GCA_977035805.1.fa.gz	52804	below-min-len
CDRQJO010000086.1	/lustre/scratch122/tol/data/8/a/6/f/5/7/Empetrum_nigrum/assembly/release/ddEmpNigr1.hap1.1/insdc/GCA_977035805.1.fa.gz	52630	below-min-len
CDRQJO010000087.1	/lustre/scratch122/tol/data/8/a/6/f/5/7/Empetrum_nigrum/assembly/release/ddEmpNigr1.hap1.1/insdc/GCA_977035805.1.fa.gz	52208	below-min-len
CDRQJO010000088.1	/lustre/scratch122/tol/data/8/a/6/f/5/7/Empetrum_nigrum/assembly/release/ddEmpNigr1.hap1.1/insdc/GCA_977035805.1.fa.gz	52000	below-min-len
CDRQJO010000089.1	/lustre/scratch122/tol/data/8/a/6/f/5/7/Empetrum_nigrum/assembly/release/ddEmpNigr1.hap1.1/insdc/GCA_977035805.1.fa.gz	51507	below-min-len
CDRQJO010000090.1	/lustre/scratch122/tol/data/8/a/6/f/5/7/Empetrum_nigrum/assembly/release/ddEmpNigr1.hap1.1/insdc/GCA_977035805.1.fa.gz	51178	below-min-len
CDRQJO010000091.1	/lustre/scratch122/tol/data/8/a/6/f/5/7/Empetrum_nigrum/assembly/release/ddEmpNigr1.hap1.1/insdc/GCA_977035805.1.fa.gz	50002	below-min-len
CDRQJO010000092.1	/lustre/scratch122/tol/data/8/a/6/f/5/7/Empetrum_nigrum/assembly/release/ddEmpNigr1.hap1.1/insdc/GCA_977035805.1.fa.gz	49992	below-min-len
CDRQJO010000093.1	/lustre/scratch122/tol/data/8/a/6/f/5/7/Empetrum_nigrum/assembly/release/ddEmpNigr1.hap1.1/insdc/GCA_977035805.1.fa.gz	49276	below-min-len
CDRQJO010000094.1	/lustre/scratch122/tol/data/8/a/6/f/5/7/Empetrum_nigrum/assembly/release/ddEmpNigr1.hap1.1/insdc/GCA_977035805.1.fa.gz	48516	below-min-len
CDRQJO010000095.1	/lustre/scratch122/tol/data/8/a/6/f/5/7/Empetrum_nigrum/assembly/release/ddEmpNigr1.hap1.1/insdc/GCA_977035805.1.fa.gz	48492	below-min-len
CDRQJO010000096.1	/lustre/scratch122/tol/data/8/a/6/f/5/7/Empetrum_nigrum/assembly/release/ddEmpNigr1.hap1.1/insdc/GCA_977035805.1.fa.gz	46089	below-min-len
CDRQJO010000097.1	/lustre/scratch122/tol/data/8/a/6/f/5/7/Empetrum_nigrum/assembly/release/ddEmpNigr1.hap1.1/insdc/GCA_977035805.1.fa.gz	45297	below-min-len
CDRQJO010000098.1	/lustre/scratch122/tol/data/8/a/6/f/5/7/Empetrum_nigrum/assembly/release/ddEmpNigr1.hap1.1/insdc/GCA_977035805.1.fa.gz	45166	below-min-len
CDRQJO010000099.1	/lustre/scratch122/tol/data/8/a/6/f/5/7/Empetrum_nigrum/assembly/release/ddEmpNigr1.hap1.1/insdc/GCA_977035805.1.fa.gz	45161	below-min-len
CDRQJO010000100.1	/lustre/scratch122/tol/data/8/a/6/f/5/7/Empetrum_nigrum/assembly/release/ddEmpNigr1.hap1.1/insdc/GCA_977035805.1.fa.gz	44462	below-min-len
CDRQJO010000101.1	/lustre/scratch122/tol/data/8/a/6/f/5/7/Empetrum_nigrum/assembly/release/ddEmpNigr1.hap1.1/insdc/GCA_977035805.1.fa.gz	43363	below-min-len
CDRQJO010000102.1	/lustre/scratch122/tol/data/8/a/6/f/5/7/Empetrum_nigrum/assembly/release/ddEmpNigr1.hap1.1/insdc/GCA_977035805.1.fa.gz	42865	below-min-len
CDRQJO010000103.1	/lustre/scratch122/tol/data/8/a/6/f/5/7/Empetrum_nigrum/assembly/release/ddEmpNigr1.hap1.1/insdc/GCA_977035805.1.fa.gz	42838	below-min-len
CDRQJO010000104.1	/lustre/scratch122/tol/data/8/a/6/f/5/7/Empetrum_nigrum/assembly/release/ddEmpNigr1.hap1.1/insdc/GCA_977035805.1.fa.gz	42831	below-min-len
CDRQJO010000105.1	/lustre/scratch122/tol/data/8/a/6/f/5/7/Empetrum_nigrum/assembly/release/ddEmpNigr1.hap1.1/insdc/GCA_977035805.1.fa.gz	41994	below-min-len
CDRQJO010000106.1	/lustre/scratch122/tol/data/8/a/6/f/5/7/Empetrum_nigrum/assembly/release/ddEmpNigr1.hap1.1/insdc/GCA_977035805.1.fa.gz	41848	below-min-len
CDRQJO010000107.1	/lustre/scratch122/tol/data/8/a/6/f/5/7/Empetrum_nigrum/assembly/release/ddEmpNigr1.hap1.1/insdc/GCA_977035805.1.fa.gz	41588	below-min-len
CDRQJO010000108.1	/lustre/scratch122/tol/data/8/a/6/f/5/7/Empetrum_nigrum/assembly/release/ddEmpNigr1.hap1.1/insdc/GCA_977035805.1.fa.gz	41509	below-min-len
CDRQJO010000109.1	/lustre/scratch122/tol/data/8/a/6/f/5/7/Empetrum_nigrum/assembly/release/ddEmpNigr1.hap1.1/insdc/GCA_977035805.1.fa.gz	41501	below-min-len
CDRQJO010000110.1	/lustre/scratch122/tol/data/8/a/6/f/5/7/Empetrum_nigrum/assembly/release/ddEmpNigr1.hap1.1/insdc/GCA_977035805.1.fa.gz	40707	below-min-len
CDRQJO010000111.1	/lustre/scratch122/tol/data/8/a/6/f/5/7/Empetrum_nigrum/assembly/release/ddEmpNigr1.hap1.1/insdc/GCA_977035805.1.fa.gz	40688	below-min-len
CDRQJO010000112.1	/lustre/scratch122/tol/data/8/a/6/f/5/7/Empetrum_nigrum/assembly/release/ddEmpNigr1.hap1.1/insdc/GCA_977035805.1.fa.gz	40599	below-min-len
CDRQJO010000113.1	/lustre/scratch122/tol/data/8/a/6/f/5/7/Empetrum_nigrum/assembly/release/ddEmpNigr1.hap1.1/insdc/GCA_977035805.1.fa.gz	40554	below-min-len
CDRQJO010000114.1	/lustre/scratch122/tol/data/8/a/6/f/5/7/Empetrum_nigrum/assembly/release/ddEmpNigr1.hap1.1/insdc/GCA_977035805.1.fa.gz	40084	below-min-len
CDRQJO010000115.1	/lustre/scratch122/tol/data/8/a/6/f/5/7/Empetrum_nigrum/assembly/release/ddEmpNigr1.hap1.1/insdc/GCA_977035805.1.fa.gz	39965	below-min-len
CDRQJO010000116.1	/lustre/scratch122/tol/data/8/a/6/f/5/7/Empetrum_nigrum/assembly/release/ddEmpNigr1.hap1.1/insdc/GCA_977035805.1.fa.gz	39534	below-min-len
CDRQJO010000117.1	/lustre/scratch122/tol/data/8/a/6/f/5/7/Empetrum_nigrum/assembly/release/ddEmpNigr1.hap1.1/insdc/GCA_977035805.1.fa.gz	39166	below-min-len
CDRQJO010000118.1	/lustre/scratch122/tol/data/8/a/6/f/5/7/Empetrum_nigrum/assembly/release/ddEmpNigr1.hap1.1/insdc/GCA_977035805.1.fa.gz	38439	below-min-len
CDRQJO010000119.1	/lustre/scratch122/tol/data/8/a/6/f/5/7/Empetrum_nigrum/assembly/release/ddEmpNigr1.hap1.1/insdc/GCA_977035805.1.fa.gz	38094	below-min-len
CDRQJO010000120.1	/lustre/scratch122/tol/data/8/a/6/f/5/7/Empetrum_nigrum/assembly/release/ddEmpNigr1.hap1.1/insdc/GCA_977035805.1.fa.gz	38075	below-min-len
CDRQJO010000121.1	/lustre/scratch122/tol/data/8/a/6/f/5/7/Empetrum_nigrum/assembly/release/ddEmpNigr1.hap1.1/insdc/GCA_977035805.1.fa.gz	37787	below-min-len
CDRQJO010000122.1	/lustre/scratch122/tol/data/8/a/6/f/5/7/Empetrum_nigrum/assembly/release/ddEmpNigr1.hap1.1/insdc/GCA_977035805.1.fa.gz	37785	below-min-len
CDRQJO010000123.1	/lustre/scratch122/tol/data/8/a/6/f/5/7/Empetrum_nigrum/assembly/release/ddEmpNigr1.hap1.1/insdc/GCA_977035805.1.fa.gz	37731	below-min-len
CDRQJO010000124.1	/lustre/scratch122/tol/data/8/a/6/f/5/7/Empetrum_nigrum/assembly/release/ddEmpNigr1.hap1.1/insdc/GCA_977035805.1.fa.gz	37642	below-min-len
CDRQJO010000125.1	/lustre/scratch122/tol/data/8/a/6/f/5/7/Empetrum_nigrum/assembly/release/ddEmpNigr1.hap1.1/insdc/GCA_977035805.1.fa.gz	37572	below-min-len
CDRQJO010000126.1	/lustre/scratch122/tol/data/8/a/6/f/5/7/Empetrum_nigrum/assembly/release/ddEmpNigr1.hap1.1/insdc/GCA_977035805.1.fa.gz	37487	below-min-len
CDRQJO010000127.1	/lustre/scratch122/tol/data/8/a/6/f/5/7/Empetrum_nigrum/assembly/release/ddEmpNigr1.hap1.1/insdc/GCA_977035805.1.fa.gz	37440	below-min-len
CDRQJO010000128.1	/lustre/scratch122/tol/data/8/a/6/f/5/7/Empetrum_nigrum/assembly/release/ddEmpNigr1.hap1.1/insdc/GCA_977035805.1.fa.gz	37226	below-min-len
CDRQJO010000129.1	/lustre/scratch122/tol/data/8/a/6/f/5/7/Empetrum_nigrum/assembly/release/ddEmpNigr1.hap1.1/insdc/GCA_977035805.1.fa.gz	36350	below-min-len
CDRQJO010000130.1	/lustre/scratch122/tol/data/8/a/6/f/5/7/Empetrum_nigrum/assembly/release/ddEmpNigr1.hap1.1/insdc/GCA_977035805.1.fa.gz	35978	below-min-len
CDRQJO010000131.1	/lustre/scratch122/tol/data/8/a/6/f/5/7/Empetrum_nigrum/assembly/release/ddEmpNigr1.hap1.1/insdc/GCA_977035805.1.fa.gz	35687	below-min-len
CDRQJO010000132.1	/lustre/scratch122/tol/data/8/a/6/f/5/7/Empetrum_nigrum/assembly/release/ddEmpNigr1.hap1.1/insdc/GCA_977035805.1.fa.gz	35679	below-min-len
CDRQJO010000133.1	/lustre/scratch122/tol/data/8/a/6/f/5/7/Empetrum_nigrum/assembly/release/ddEmpNigr1.hap1.1/insdc/GCA_977035805.1.fa.gz	35499	below-min-len
CDRQJO010000134.1	/lustre/scratch122/tol/data/8/a/6/f/5/7/Empetrum_nigrum/assembly/release/ddEmpNigr1.hap1.1/insdc/GCA_977035805.1.fa.gz	35325	below-min-len
CDRQJO010000135.1	/lustre/scratch122/tol/data/8/a/6/f/5/7/Empetrum_nigrum/assembly/release/ddEmpNigr1.hap1.1/insdc/GCA_977035805.1.fa.gz	35170	below-min-len
CDRQJO010000136.1	/lustre/scratch122/tol/data/8/a/6/f/5/7/Empetrum_nigrum/assembly/release/ddEmpNigr1.hap1.1/insdc/GCA_977035805.1.fa.gz	35088	below-min-len
CDRQJO010000137.1	/lustre/scratch122/tol/data/8/a/6/f/5/7/Empetrum_nigrum/assembly/release/ddEmpNigr1.hap1.1/insdc/GCA_977035805.1.fa.gz	35074	below-min-len
CDRQJO010000138.1	/lustre/scratch122/tol/data/8/a/6/f/5/7/Empetrum_nigrum/assembly/release/ddEmpNigr1.hap1.1/insdc/GCA_977035805.1.fa.gz	35042	below-min-len
CDRQJO010000139.1	/lustre/scratch122/tol/data/8/a/6/f/5/7/Empetrum_nigrum/assembly/release/ddEmpNigr1.hap1.1/insdc/GCA_977035805.1.fa.gz	34881	below-min-len
CDRQJO010000140.1	/lustre/scratch122/tol/data/8/a/6/f/5/7/Empetrum_nigrum/assembly/release/ddEmpNigr1.hap1.1/insdc/GCA_977035805.1.fa.gz	34748	below-min-len
CDRQJO010000141.1	/lustre/scratch122/tol/data/8/a/6/f/5/7/Empetrum_nigrum/assembly/release/ddEmpNigr1.hap1.1/insdc/GCA_977035805.1.fa.gz	34656	below-min-len
CDRQJO010000142.1	/lustre/scratch122/tol/data/8/a/6/f/5/7/Empetrum_nigrum/assembly/release/ddEmpNigr1.hap1.1/insdc/GCA_977035805.1.fa.gz	34348	below-min-len
CDRQJO010000143.1	/lustre/scratch122/tol/data/8/a/6/f/5/7/Empetrum_nigrum/assembly/release/ddEmpNigr1.hap1.1/insdc/GCA_977035805.1.fa.gz	33870	below-min-len
CDRQJO010000144.1	/lustre/scratch122/tol/data/8/a/6/f/5/7/Empetrum_nigrum/assembly/release/ddEmpNigr1.hap1.1/insdc/GCA_977035805.1.fa.gz	33734	below-min-len
CDRQJO010000145.1	/lustre/scratch122/tol/data/8/a/6/f/5/7/Empetrum_nigrum/assembly/release/ddEmpNigr1.hap1.1/insdc/GCA_977035805.1.fa.gz	33624	below-min-len
CDRQJO010000146.1	/lustre/scratch122/tol/data/8/a/6/f/5/7/Empetrum_nigrum/assembly/release/ddEmpNigr1.hap1.1/insdc/GCA_977035805.1.fa.gz	33604	below-min-len
CDRQJO010000147.1	/lustre/scratch122/tol/data/8/a/6/f/5/7/Empetrum_nigrum/assembly/release/ddEmpNigr1.hap1.1/insdc/GCA_977035805.1.fa.gz	33573	below-min-len
CDRQJO010000148.1	/lustre/scratch122/tol/data/8/a/6/f/5/7/Empetrum_nigrum/assembly/release/ddEmpNigr1.hap1.1/insdc/GCA_977035805.1.fa.gz	33293	below-min-len
CDRQJO010000149.1	/lustre/scratch122/tol/data/8/a/6/f/5/7/Empetrum_nigrum/assembly/release/ddEmpNigr1.hap1.1/insdc/GCA_977035805.1.fa.gz	33117	below-min-len
CDRQJO010000150.1	/lustre/scratch122/tol/data/8/a/6/f/5/7/Empetrum_nigrum/assembly/release/ddEmpNigr1.hap1.1/insdc/GCA_977035805.1.fa.gz	32941	below-min-len
CDRQJO010000151.1	/lustre/scratch122/tol/data/8/a/6/f/5/7/Empetrum_nigrum/assembly/release/ddEmpNigr1.hap1.1/insdc/GCA_977035805.1.fa.gz	32778	below-min-len
CDRQJO010000152.1	/lustre/scratch122/tol/data/8/a/6/f/5/7/Empetrum_nigrum/assembly/release/ddEmpNigr1.hap1.1/insdc/GCA_977035805.1.fa.gz	32767	below-min-len
CDRQJO010000153.1	/lustre/scratch122/tol/data/8/a/6/f/5/7/Empetrum_nigrum/assembly/release/ddEmpNigr1.hap1.1/insdc/GCA_977035805.1.fa.gz	32700	below-min-len
CDRQJO010000154.1	/lustre/scratch122/tol/data/8/a/6/f/5/7/Empetrum_nigrum/assembly/release/ddEmpNigr1.hap1.1/insdc/GCA_977035805.1.fa.gz	32454	below-min-len
CDRQJO010000155.1	/lustre/scratch122/tol/data/8/a/6/f/5/7/Empetrum_nigrum/assembly/release/ddEmpNigr1.hap1.1/insdc/GCA_977035805.1.fa.gz	32447	below-min-len
CDRQJO010000156.1	/lustre/scratch122/tol/data/8/a/6/f/5/7/Empetrum_nigrum/assembly/release/ddEmpNigr1.hap1.1/insdc/GCA_977035805.1.fa.gz	32226	below-min-len
CDRQJO010000157.1	/lustre/scratch122/tol/data/8/a/6/f/5/7/Empetrum_nigrum/assembly/release/ddEmpNigr1.hap1.1/insdc/GCA_977035805.1.fa.gz	32137	below-min-len
CDRQJO010000158.1	/lustre/scratch122/tol/data/8/a/6/f/5/7/Empetrum_nigrum/assembly/release/ddEmpNigr1.hap1.1/insdc/GCA_977035805.1.fa.gz	32039	below-min-len
CDRQJO010000159.1	/lustre/scratch122/tol/data/8/a/6/f/5/7/Empetrum_nigrum/assembly/release/ddEmpNigr1.hap1.1/insdc/GCA_977035805.1.fa.gz	32021	below-min-len
CDRQJO010000160.1	/lustre/scratch122/tol/data/8/a/6/f/5/7/Empetrum_nigrum/assembly/release/ddEmpNigr1.hap1.1/insdc/GCA_977035805.1.fa.gz	31909	below-min-len
CDRQJO010000161.1	/lustre/scratch122/tol/data/8/a/6/f/5/7/Empetrum_nigrum/assembly/release/ddEmpNigr1.hap1.1/insdc/GCA_977035805.1.fa.gz	31835	below-min-len
CDRQJO010000162.1	/lustre/scratch122/tol/data/8/a/6/f/5/7/Empetrum_nigrum/assembly/release/ddEmpNigr1.hap1.1/insdc/GCA_977035805.1.fa.gz	31822	below-min-len
CDRQJO010000163.1	/lustre/scratch122/tol/data/8/a/6/f/5/7/Empetrum_nigrum/assembly/release/ddEmpNigr1.hap1.1/insdc/GCA_977035805.1.fa.gz	31768	below-min-len
CDRQJO010000164.1	/lustre/scratch122/tol/data/8/a/6/f/5/7/Empetrum_nigrum/assembly/release/ddEmpNigr1.hap1.1/insdc/GCA_977035805.1.fa.gz	31749	below-min-len
CDRQJO010000165.1	/lustre/scratch122/tol/data/8/a/6/f/5/7/Empetrum_nigrum/assembly/release/ddEmpNigr1.hap1.1/insdc/GCA_977035805.1.fa.gz	31748	below-min-len
CDRQJO010000166.1	/lustre/scratch122/tol/data/8/a/6/f/5/7/Empetrum_nigrum/assembly/release/ddEmpNigr1.hap1.1/insdc/GCA_977035805.1.fa.gz	31684	below-min-len
CDRQJO010000167.1	/lustre/scratch122/tol/data/8/a/6/f/5/7/Empetrum_nigrum/assembly/release/ddEmpNigr1.hap1.1/insdc/GCA_977035805.1.fa.gz	31660	below-min-len
CDRQJO010000168.1	/lustre/scratch122/tol/data/8/a/6/f/5/7/Empetrum_nigrum/assembly/release/ddEmpNigr1.hap1.1/insdc/GCA_977035805.1.fa.gz	31491	below-min-len
CDRQJO010000169.1	/lustre/scratch122/tol/data/8/a/6/f/5/7/Empetrum_nigrum/assembly/release/ddEmpNigr1.hap1.1/insdc/GCA_977035805.1.fa.gz	31334	below-min-len
CDRQJO010000170.1	/lustre/scratch122/tol/data/8/a/6/f/5/7/Empetrum_nigrum/assembly/release/ddEmpNigr1.hap1.1/insdc/GCA_977035805.1.fa.gz	31172	below-min-len
CDRQJO010000171.1	/lustre/scratch122/tol/data/8/a/6/f/5/7/Empetrum_nigrum/assembly/release/ddEmpNigr1.hap1.1/insdc/GCA_977035805.1.fa.gz	30549	below-min-len
CDRQJO010000172.1	/lustre/scratch122/tol/data/8/a/6/f/5/7/Empetrum_nigrum/assembly/release/ddEmpNigr1.hap1.1/insdc/GCA_977035805.1.fa.gz	30463	below-min-len
CDRQJO010000173.1	/lustre/scratch122/tol/data/8/a/6/f/5/7/Empetrum_nigrum/assembly/release/ddEmpNigr1.hap1.1/insdc/GCA_977035805.1.fa.gz	30326	below-min-len
CDRQJO010000174.1	/lustre/scratch122/tol/data/8/a/6/f/5/7/Empetrum_nigrum/assembly/release/ddEmpNigr1.hap1.1/insdc/GCA_977035805.1.fa.gz	30139	below-min-len
CDRQJO010000175.1	/lustre/scratch122/tol/data/8/a/6/f/5/7/Empetrum_nigrum/assembly/release/ddEmpNigr1.hap1.1/insdc/GCA_977035805.1.fa.gz	30030	below-min-len
CDRQJO010000176.1	/lustre/scratch122/tol/data/8/a/6/f/5/7/Empetrum_nigrum/assembly/release/ddEmpNigr1.hap1.1/insdc/GCA_977035805.1.fa.gz	30000	below-min-len
CDRQJO010000177.1	/lustre/scratch122/tol/data/8/a/6/f/5/7/Empetrum_nigrum/assembly/release/ddEmpNigr1.hap1.1/insdc/GCA_977035805.1.fa.gz	29995	below-min-len
CDRQJO010000178.1	/lustre/scratch122/tol/data/8/a/6/f/5/7/Empetrum_nigrum/assembly/release/ddEmpNigr1.hap1.1/insdc/GCA_977035805.1.fa.gz	29958	below-min-len
CDRQJO010000179.1	/lustre/scratch122/tol/data/8/a/6/f/5/7/Empetrum_nigrum/assembly/release/ddEmpNigr1.hap1.1/insdc/GCA_977035805.1.fa.gz	29932	below-min-len
CDRQJO010000180.1	/lustre/scratch122/tol/data/8/a/6/f/5/7/Empetrum_nigrum/assembly/release/ddEmpNigr1.hap1.1/insdc/GCA_977035805.1.fa.gz	29566	below-min-len
CDRQJO010000181.1	/lustre/scratch122/tol/data/8/a/6/f/5/7/Empetrum_nigrum/assembly/release/ddEmpNigr1.hap1.1/insdc/GCA_977035805.1.fa.gz	28947	below-min-len
CDRQJO010000182.1	/lustre/scratch122/tol/data/8/a/6/f/5/7/Empetrum_nigrum/assembly/release/ddEmpNigr1.hap1.1/insdc/GCA_977035805.1.fa.gz	28897	below-min-len
CDRQJO010000183.1	/lustre/scratch122/tol/data/8/a/6/f/5/7/Empetrum_nigrum/assembly/release/ddEmpNigr1.hap1.1/insdc/GCA_977035805.1.fa.gz	28789	below-min-len
CDRQJO010000184.1	/lustre/scratch122/tol/data/8/a/6/f/5/7/Empetrum_nigrum/assembly/release/ddEmpNigr1.hap1.1/insdc/GCA_977035805.1.fa.gz	28727	below-min-len
CDRQJO010000185.1	/lustre/scratch122/tol/data/8/a/6/f/5/7/Empetrum_nigrum/assembly/release/ddEmpNigr1.hap1.1/insdc/GCA_977035805.1.fa.gz	28507	below-min-len
CDRQJO010000186.1	/lustre/scratch122/tol/data/8/a/6/f/5/7/Empetrum_nigrum/assembly/release/ddEmpNigr1.hap1.1/insdc/GCA_977035805.1.fa.gz	28497	below-min-len
CDRQJO010000187.1	/lustre/scratch122/tol/data/8/a/6/f/5/7/Empetrum_nigrum/assembly/release/ddEmpNigr1.hap1.1/insdc/GCA_977035805.1.fa.gz	28200	below-min-len
CDRQJO010000188.1	/lustre/scratch122/tol/data/8/a/6/f/5/7/Empetrum_nigrum/assembly/release/ddEmpNigr1.hap1.1/insdc/GCA_977035805.1.fa.gz	28123	below-min-len
CDRQJO010000189.1	/lustre/scratch122/tol/data/8/a/6/f/5/7/Empetrum_nigrum/assembly/release/ddEmpNigr1.hap1.1/insdc/GCA_977035805.1.fa.gz	28106	below-min-len
CDRQJO010000190.1	/lustre/scratch122/tol/data/8/a/6/f/5/7/Empetrum_nigrum/assembly/release/ddEmpNigr1.hap1.1/insdc/GCA_977035805.1.fa.gz	27783	below-min-len
CDRQJO010000191.1	/lustre/scratch122/tol/data/8/a/6/f/5/7/Empetrum_nigrum/assembly/release/ddEmpNigr1.hap1.1/insdc/GCA_977035805.1.fa.gz	27707	below-min-len
CDRQJO010000192.1	/lustre/scratch122/tol/data/8/a/6/f/5/7/Empetrum_nigrum/assembly/release/ddEmpNigr1.hap1.1/insdc/GCA_977035805.1.fa.gz	27264	below-min-len
CDRQJO010000193.1	/lustre/scratch122/tol/data/8/a/6/f/5/7/Empetrum_nigrum/assembly/release/ddEmpNigr1.hap1.1/insdc/GCA_977035805.1.fa.gz	26940	below-min-len
CDRQJO010000194.1	/lustre/scratch122/tol/data/8/a/6/f/5/7/Empetrum_nigrum/assembly/release/ddEmpNigr1.hap1.1/insdc/GCA_977035805.1.fa.gz	26720	below-min-len
CDRQJO010000195.1	/lustre/scratch122/tol/data/8/a/6/f/5/7/Empetrum_nigrum/assembly/release/ddEmpNigr1.hap1.1/insdc/GCA_977035805.1.fa.gz	26284	below-min-len
CDRQJO010000196.1	/lustre/scratch122/tol/data/8/a/6/f/5/7/Empetrum_nigrum/assembly/release/ddEmpNigr1.hap1.1/insdc/GCA_977035805.1.fa.gz	26275	below-min-len
CDRQJO010000197.1	/lustre/scratch122/tol/data/8/a/6/f/5/7/Empetrum_nigrum/assembly/release/ddEmpNigr1.hap1.1/insdc/GCA_977035805.1.fa.gz	26196	below-min-len
CDRQJO010000198.1	/lustre/scratch122/tol/data/8/a/6/f/5/7/Empetrum_nigrum/assembly/release/ddEmpNigr1.hap1.1/insdc/GCA_977035805.1.fa.gz	26000	below-min-len
CDRQJO010000199.1	/lustre/scratch122/tol/data/8/a/6/f/5/7/Empetrum_nigrum/assembly/release/ddEmpNigr1.hap1.1/insdc/GCA_977035805.1.fa.gz	25980	below-min-len
CDRQJO010000200.1	/lustre/scratch122/tol/data/8/a/6/f/5/7/Empetrum_nigrum/assembly/release/ddEmpNigr1.hap1.1/insdc/GCA_977035805.1.fa.gz	25803	below-min-len
CDRQJO010000201.1	/lustre/scratch122/tol/data/8/a/6/f/5/7/Empetrum_nigrum/assembly/release/ddEmpNigr1.hap1.1/insdc/GCA_977035805.1.fa.gz	25663	below-min-len
CDRQJO010000202.1	/lustre/scratch122/tol/data/8/a/6/f/5/7/Empetrum_nigrum/assembly/release/ddEmpNigr1.hap1.1/insdc/GCA_977035805.1.fa.gz	25594	below-min-len
CDRQJO010000203.1	/lustre/scratch122/tol/data/8/a/6/f/5/7/Empetrum_nigrum/assembly/release/ddEmpNigr1.hap1.1/insdc/GCA_977035805.1.fa.gz	25563	below-min-len
CDRQJO010000204.1	/lustre/scratch122/tol/data/8/a/6/f/5/7/Empetrum_nigrum/assembly/release/ddEmpNigr1.hap1.1/insdc/GCA_977035805.1.fa.gz	25523	below-min-len
CDRQJO010000205.1	/lustre/scratch122/tol/data/8/a/6/f/5/7/Empetrum_nigrum/assembly/release/ddEmpNigr1.hap1.1/insdc/GCA_977035805.1.fa.gz	25303	below-min-len
CDRQJO010000206.1	/lustre/scratch122/tol/data/8/a/6/f/5/7/Empetrum_nigrum/assembly/release/ddEmpNigr1.hap1.1/insdc/GCA_977035805.1.fa.gz	25199	below-min-len
CDRQJO010000207.1	/lustre/scratch122/tol/data/8/a/6/f/5/7/Empetrum_nigrum/assembly/release/ddEmpNigr1.hap1.1/insdc/GCA_977035805.1.fa.gz	25040	below-min-len
CDRQJO010000208.1	/lustre/scratch122/tol/data/8/a/6/f/5/7/Empetrum_nigrum/assembly/release/ddEmpNigr1.hap1.1/insdc/GCA_977035805.1.fa.gz	25011	below-min-len
CDRQJO010000209.1	/lustre/scratch122/tol/data/8/a/6/f/5/7/Empetrum_nigrum/assembly/release/ddEmpNigr1.hap1.1/insdc/GCA_977035805.1.fa.gz	24981	below-min-len
CDRQJO010000210.1	/lustre/scratch122/tol/data/8/a/6/f/5/7/Empetrum_nigrum/assembly/release/ddEmpNigr1.hap1.1/insdc/GCA_977035805.1.fa.gz	24926	below-min-len
CDRQJO010000211.1	/lustre/scratch122/tol/data/8/a/6/f/5/7/Empetrum_nigrum/assembly/release/ddEmpNigr1.hap1.1/insdc/GCA_977035805.1.fa.gz	24878	below-min-len
CDRQJO010000212.1	/lustre/scratch122/tol/data/8/a/6/f/5/7/Empetrum_nigrum/assembly/release/ddEmpNigr1.hap1.1/insdc/GCA_977035805.1.fa.gz	24806	below-min-len
CDRQJO010000213.1	/lustre/scratch122/tol/data/8/a/6/f/5/7/Empetrum_nigrum/assembly/release/ddEmpNigr1.hap1.1/insdc/GCA_977035805.1.fa.gz	24384	below-min-len
CDRQJO010000214.1	/lustre/scratch122/tol/data/8/a/6/f/5/7/Empetrum_nigrum/assembly/release/ddEmpNigr1.hap1.1/insdc/GCA_977035805.1.fa.gz	24215	below-min-len
CDRQJO010000215.1	/lustre/scratch122/tol/data/8/a/6/f/5/7/Empetrum_nigrum/assembly/release/ddEmpNigr1.hap1.1/insdc/GCA_977035805.1.fa.gz	24125	below-min-len
CDRQJO010000216.1	/lustre/scratch122/tol/data/8/a/6/f/5/7/Empetrum_nigrum/assembly/release/ddEmpNigr1.hap1.1/insdc/GCA_977035805.1.fa.gz	24082	below-min-len
CDRQJO010000217.1	/lustre/scratch122/tol/data/8/a/6/f/5/7/Empetrum_nigrum/assembly/release/ddEmpNigr1.hap1.1/insdc/GCA_977035805.1.fa.gz	23921	below-min-len
CDRQJO010000218.1	/lustre/scratch122/tol/data/8/a/6/f/5/7/Empetrum_nigrum/assembly/release/ddEmpNigr1.hap1.1/insdc/GCA_977035805.1.fa.gz	23851	below-min-len
CDRQJO010000219.1	/lustre/scratch122/tol/data/8/a/6/f/5/7/Empetrum_nigrum/assembly/release/ddEmpNigr1.hap1.1/insdc/GCA_977035805.1.fa.gz	23530	below-min-len
CDRQJO010000220.1	/lustre/scratch122/tol/data/8/a/6/f/5/7/Empetrum_nigrum/assembly/release/ddEmpNigr1.hap1.1/insdc/GCA_977035805.1.fa.gz	23259	below-min-len
CDRQJO010000221.1	/lustre/scratch122/tol/data/8/a/6/f/5/7/Empetrum_nigrum/assembly/release/ddEmpNigr1.hap1.1/insdc/GCA_977035805.1.fa.gz	23206	below-min-len
CDRQJO010000222.1	/lustre/scratch122/tol/data/8/a/6/f/5/7/Empetrum_nigrum/assembly/release/ddEmpNigr1.hap1.1/insdc/GCA_977035805.1.fa.gz	22984	below-min-len
CDRQJO010000223.1	/lustre/scratch122/tol/data/8/a/6/f/5/7/Empetrum_nigrum/assembly/release/ddEmpNigr1.hap1.1/insdc/GCA_977035805.1.fa.gz	22837	below-min-len
CDRQJO010000224.1	/lustre/scratch122/tol/data/8/a/6/f/5/7/Empetrum_nigrum/assembly/release/ddEmpNigr1.hap1.1/insdc/GCA_977035805.1.fa.gz	22832	below-min-len
CDRQJO010000225.1	/lustre/scratch122/tol/data/8/a/6/f/5/7/Empetrum_nigrum/assembly/release/ddEmpNigr1.hap1.1/insdc/GCA_977035805.1.fa.gz	22816	below-min-len
CDRQJO010000226.1	/lustre/scratch122/tol/data/8/a/6/f/5/7/Empetrum_nigrum/assembly/release/ddEmpNigr1.hap1.1/insdc/GCA_977035805.1.fa.gz	22552	below-min-len
CDRQJO010000227.1	/lustre/scratch122/tol/data/8/a/6/f/5/7/Empetrum_nigrum/assembly/release/ddEmpNigr1.hap1.1/insdc/GCA_977035805.1.fa.gz	22300	below-min-len
CDRQJO010000228.1	/lustre/scratch122/tol/data/8/a/6/f/5/7/Empetrum_nigrum/assembly/release/ddEmpNigr1.hap1.1/insdc/GCA_977035805.1.fa.gz	22233	below-min-len
CDRQJO010000229.1	/lustre/scratch122/tol/data/8/a/6/f/5/7/Empetrum_nigrum/assembly/release/ddEmpNigr1.hap1.1/insdc/GCA_977035805.1.fa.gz	22218	below-min-len
CDRQJO010000230.1	/lustre/scratch122/tol/data/8/a/6/f/5/7/Empetrum_nigrum/assembly/release/ddEmpNigr1.hap1.1/insdc/GCA_977035805.1.fa.gz	21778	below-min-len
CDRQJO010000231.1	/lustre/scratch122/tol/data/8/a/6/f/5/7/Empetrum_nigrum/assembly/release/ddEmpNigr1.hap1.1/insdc/GCA_977035805.1.fa.gz	21719	below-min-len
CDRQJO010000232.1	/lustre/scratch122/tol/data/8/a/6/f/5/7/Empetrum_nigrum/assembly/release/ddEmpNigr1.hap1.1/insdc/GCA_977035805.1.fa.gz	21657	below-min-len
CDRQJO010000233.1	/lustre/scratch122/tol/data/8/a/6/f/5/7/Empetrum_nigrum/assembly/release/ddEmpNigr1.hap1.1/insdc/GCA_977035805.1.fa.gz	21425	below-min-len
CDRQJO010000234.1	/lustre/scratch122/tol/data/8/a/6/f/5/7/Empetrum_nigrum/assembly/release/ddEmpNigr1.hap1.1/insdc/GCA_977035805.1.fa.gz	21209	below-min-len
CDRQJO010000235.1	/lustre/scratch122/tol/data/8/a/6/f/5/7/Empetrum_nigrum/assembly/release/ddEmpNigr1.hap1.1/insdc/GCA_977035805.1.fa.gz	21108	below-min-len
CDRQJO010000236.1	/lustre/scratch122/tol/data/8/a/6/f/5/7/Empetrum_nigrum/assembly/release/ddEmpNigr1.hap1.1/insdc/GCA_977035805.1.fa.gz	20891	below-min-len
CDRQJO010000237.1	/lustre/scratch122/tol/data/8/a/6/f/5/7/Empetrum_nigrum/assembly/release/ddEmpNigr1.hap1.1/insdc/GCA_977035805.1.fa.gz	20722	below-min-len
CDRQJO010000238.1	/lustre/scratch122/tol/data/8/a/6/f/5/7/Empetrum_nigrum/assembly/release/ddEmpNigr1.hap1.1/insdc/GCA_977035805.1.fa.gz	20657	below-min-len
CDRQJO010000239.1	/lustre/scratch122/tol/data/8/a/6/f/5/7/Empetrum_nigrum/assembly/release/ddEmpNigr1.hap1.1/insdc/GCA_977035805.1.fa.gz	20631	below-min-len
CDRQJO010000240.1	/lustre/scratch122/tol/data/8/a/6/f/5/7/Empetrum_nigrum/assembly/release/ddEmpNigr1.hap1.1/insdc/GCA_977035805.1.fa.gz	20578	below-min-len
CDRQJO010000241.1	/lustre/scratch122/tol/data/8/a/6/f/5/7/Empetrum_nigrum/assembly/release/ddEmpNigr1.hap1.1/insdc/GCA_977035805.1.fa.gz	20540	below-min-len
CDRQJO010000242.1	/lustre/scratch122/tol/data/8/a/6/f/5/7/Empetrum_nigrum/assembly/release/ddEmpNigr1.hap1.1/insdc/GCA_977035805.1.fa.gz	20271	below-min-len
CDRQJO010000243.1	/lustre/scratch122/tol/data/8/a/6/f/5/7/Empetrum_nigrum/assembly/release/ddEmpNigr1.hap1.1/insdc/GCA_977035805.1.fa.gz	20271	below-min-len
CDRQJO010000244.1	/lustre/scratch122/tol/data/8/a/6/f/5/7/Empetrum_nigrum/assembly/release/ddEmpNigr1.hap1.1/insdc/GCA_977035805.1.fa.gz	20203	below-min-len
CDRQJO010000245.1	/lustre/scratch122/tol/data/8/a/6/f/5/7/Empetrum_nigrum/assembly/release/ddEmpNigr1.hap1.1/insdc/GCA_977035805.1.fa.gz	20124	below-min-len
CDRQJO010000246.1	/lustre/scratch122/tol/data/8/a/6/f/5/7/Empetrum_nigrum/assembly/release/ddEmpNigr1.hap1.1/insdc/GCA_977035805.1.fa.gz	20059	below-min-len
CDRQJO010000247.1	/lustre/scratch122/tol/data/8/a/6/f/5/7/Empetrum_nigrum/assembly/release/ddEmpNigr1.hap1.1/insdc/GCA_977035805.1.fa.gz	20035	below-min-len
CDRQJO010000248.1	/lustre/scratch122/tol/data/8/a/6/f/5/7/Empetrum_nigrum/assembly/release/ddEmpNigr1.hap1.1/insdc/GCA_977035805.1.fa.gz	19935	below-min-len
CDRQJO010000249.1	/lustre/scratch122/tol/data/8/a/6/f/5/7/Empetrum_nigrum/assembly/release/ddEmpNigr1.hap1.1/insdc/GCA_977035805.1.fa.gz	19904	below-min-len
CDRQJO010000250.1	/lustre/scratch122/tol/data/8/a/6/f/5/7/Empetrum_nigrum/assembly/release/ddEmpNigr1.hap1.1/insdc/GCA_977035805.1.fa.gz	19487	below-min-len
CDRQJO010000251.1	/lustre/scratch122/tol/data/8/a/6/f/5/7/Empetrum_nigrum/assembly/release/ddEmpNigr1.hap1.1/insdc/GCA_977035805.1.fa.gz	19368	below-min-len
CDRQJO010000252.1	/lustre/scratch122/tol/data/8/a/6/f/5/7/Empetrum_nigrum/assembly/release/ddEmpNigr1.hap1.1/insdc/GCA_977035805.1.fa.gz	19365	below-min-len
CDRQJO010000253.1	/lustre/scratch122/tol/data/8/a/6/f/5/7/Empetrum_nigrum/assembly/release/ddEmpNigr1.hap1.1/insdc/GCA_977035805.1.fa.gz	19132	below-min-len
CDRQJO010000254.1	/lustre/scratch122/tol/data/8/a/6/f/5/7/Empetrum_nigrum/assembly/release/ddEmpNigr1.hap1.1/insdc/GCA_977035805.1.fa.gz	18952	below-min-len
CDRQJO010000255.1	/lustre/scratch122/tol/data/8/a/6/f/5/7/Empetrum_nigrum/assembly/release/ddEmpNigr1.hap1.1/insdc/GCA_977035805.1.fa.gz	18944	below-min-len
CDRQJO010000256.1	/lustre/scratch122/tol/data/8/a/6/f/5/7/Empetrum_nigrum/assembly/release/ddEmpNigr1.hap1.1/insdc/GCA_977035805.1.fa.gz	18858	below-min-len
CDRQJO010000257.1	/lustre/scratch122/tol/data/8/a/6/f/5/7/Empetrum_nigrum/assembly/release/ddEmpNigr1.hap1.1/insdc/GCA_977035805.1.fa.gz	18468	below-min-len
CDRQJO010000258.1	/lustre/scratch122/tol/data/8/a/6/f/5/7/Empetrum_nigrum/assembly/release/ddEmpNigr1.hap1.1/insdc/GCA_977035805.1.fa.gz	18420	below-min-len
CDRQJO010000259.1	/lustre/scratch122/tol/data/8/a/6/f/5/7/Empetrum_nigrum/assembly/release/ddEmpNigr1.hap1.1/insdc/GCA_977035805.1.fa.gz	18110	below-min-len
CDRQJO010000260.1	/lustre/scratch122/tol/data/8/a/6/f/5/7/Empetrum_nigrum/assembly/release/ddEmpNigr1.hap1.1/insdc/GCA_977035805.1.fa.gz	18041	below-min-len
CDRQJO010000261.1	/lustre/scratch122/tol/data/8/a/6/f/5/7/Empetrum_nigrum/assembly/release/ddEmpNigr1.hap1.1/insdc/GCA_977035805.1.fa.gz	18000	below-min-len
CDRQJO010000262.1	/lustre/scratch122/tol/data/8/a/6/f/5/7/Empetrum_nigrum/assembly/release/ddEmpNigr1.hap1.1/insdc/GCA_977035805.1.fa.gz	17607	below-min-len
CDRQJO010000263.1	/lustre/scratch122/tol/data/8/a/6/f/5/7/Empetrum_nigrum/assembly/release/ddEmpNigr1.hap1.1/insdc/GCA_977035805.1.fa.gz	17521	below-min-len
CDRQJO010000264.1	/lustre/scratch122/tol/data/8/a/6/f/5/7/Empetrum_nigrum/assembly/release/ddEmpNigr1.hap1.1/insdc/GCA_977035805.1.fa.gz	17429	below-min-len
CDRQJO010000265.1	/lustre/scratch122/tol/data/8/a/6/f/5/7/Empetrum_nigrum/assembly/release/ddEmpNigr1.hap1.1/insdc/GCA_977035805.1.fa.gz	17380	below-min-len
CDRQJO010000266.1	/lustre/scratch122/tol/data/8/a/6/f/5/7/Empetrum_nigrum/assembly/release/ddEmpNigr1.hap1.1/insdc/GCA_977035805.1.fa.gz	17330	below-min-len
CDRQJO010000267.1	/lustre/scratch122/tol/data/8/a/6/f/5/7/Empetrum_nigrum/assembly/release/ddEmpNigr1.hap1.1/insdc/GCA_977035805.1.fa.gz	17319	below-min-len
CDRQJO010000268.1	/lustre/scratch122/tol/data/8/a/6/f/5/7/Empetrum_nigrum/assembly/release/ddEmpNigr1.hap1.1/insdc/GCA_977035805.1.fa.gz	17248	below-min-len
CDRQJO010000269.1	/lustre/scratch122/tol/data/8/a/6/f/5/7/Empetrum_nigrum/assembly/release/ddEmpNigr1.hap1.1/insdc/GCA_977035805.1.fa.gz	17112	below-min-len
CDRQJO010000270.1	/lustre/scratch122/tol/data/8/a/6/f/5/7/Empetrum_nigrum/assembly/release/ddEmpNigr1.hap1.1/insdc/GCA_977035805.1.fa.gz	16872	below-min-len
CDRQJO010000271.1	/lustre/scratch122/tol/data/8/a/6/f/5/7/Empetrum_nigrum/assembly/release/ddEmpNigr1.hap1.1/insdc/GCA_977035805.1.fa.gz	16310	below-min-len
CDRQJO010000272.1	/lustre/scratch122/tol/data/8/a/6/f/5/7/Empetrum_nigrum/assembly/release/ddEmpNigr1.hap1.1/insdc/GCA_977035805.1.fa.gz	16260	below-min-len
CDRQJO010000273.1	/lustre/scratch122/tol/data/8/a/6/f/5/7/Empetrum_nigrum/assembly/release/ddEmpNigr1.hap1.1/insdc/GCA_977035805.1.fa.gz	16215	below-min-len
CDRQJO010000274.1	/lustre/scratch122/tol/data/8/a/6/f/5/7/Empetrum_nigrum/assembly/release/ddEmpNigr1.hap1.1/insdc/GCA_977035805.1.fa.gz	16179	below-min-len
CDRQJO010000275.1	/lustre/scratch122/tol/data/8/a/6/f/5/7/Empetrum_nigrum/assembly/release/ddEmpNigr1.hap1.1/insdc/GCA_977035805.1.fa.gz	16175	below-min-len
CDRQJO010000276.1	/lustre/scratch122/tol/data/8/a/6/f/5/7/Empetrum_nigrum/assembly/release/ddEmpNigr1.hap1.1/insdc/GCA_977035805.1.fa.gz	16119	below-min-len
CDRQJO010000277.1	/lustre/scratch122/tol/data/8/a/6/f/5/7/Empetrum_nigrum/assembly/release/ddEmpNigr1.hap1.1/insdc/GCA_977035805.1.fa.gz	16095	below-min-len
CDRQJO010000278.1	/lustre/scratch122/tol/data/8/a/6/f/5/7/Empetrum_nigrum/assembly/release/ddEmpNigr1.hap1.1/insdc/GCA_977035805.1.fa.gz	16000	below-min-len
CDRQJO010000279.1	/lustre/scratch122/tol/data/8/a/6/f/5/7/Empetrum_nigrum/assembly/release/ddEmpNigr1.hap1.1/insdc/GCA_977035805.1.fa.gz	15957	below-min-len
CDRQJO010000280.1	/lustre/scratch122/tol/data/8/a/6/f/5/7/Empetrum_nigrum/assembly/release/ddEmpNigr1.hap1.1/insdc/GCA_977035805.1.fa.gz	15949	below-min-len
CDRQJO010000281.1	/lustre/scratch122/tol/data/8/a/6/f/5/7/Empetrum_nigrum/assembly/release/ddEmpNigr1.hap1.1/insdc/GCA_977035805.1.fa.gz	15680	below-min-len
CDRQJO010000282.1	/lustre/scratch122/tol/data/8/a/6/f/5/7/Empetrum_nigrum/assembly/release/ddEmpNigr1.hap1.1/insdc/GCA_977035805.1.fa.gz	15675	below-min-len
CDRQJO010000283.1	/lustre/scratch122/tol/data/8/a/6/f/5/7/Empetrum_nigrum/assembly/release/ddEmpNigr1.hap1.1/insdc/GCA_977035805.1.fa.gz	15554	below-min-len
CDRQJO010000284.1	/lustre/scratch122/tol/data/8/a/6/f/5/7/Empetrum_nigrum/assembly/release/ddEmpNigr1.hap1.1/insdc/GCA_977035805.1.fa.gz	15445	below-min-len
CDRQJO010000285.1	/lustre/scratch122/tol/data/8/a/6/f/5/7/Empetrum_nigrum/assembly/release/ddEmpNigr1.hap1.1/insdc/GCA_977035805.1.fa.gz	14926	below-min-len
CDRQJO010000286.1	/lustre/scratch122/tol/data/8/a/6/f/5/7/Empetrum_nigrum/assembly/release/ddEmpNigr1.hap1.1/insdc/GCA_977035805.1.fa.gz	13955	below-min-len
CDRQJO010000287.1	/lustre/scratch122/tol/data/8/a/6/f/5/7/Empetrum_nigrum/assembly/release/ddEmpNigr1.hap1.1/insdc/GCA_977035805.1.fa.gz	13941	below-min-len
CDRQJO010000288.1	/lustre/scratch122/tol/data/8/a/6/f/5/7/Empetrum_nigrum/assembly/release/ddEmpNigr1.hap1.1/insdc/GCA_977035805.1.fa.gz	13936	below-min-len
CDRQJO010000289.1	/lustre/scratch122/tol/data/8/a/6/f/5/7/Empetrum_nigrum/assembly/release/ddEmpNigr1.hap1.1/insdc/GCA_977035805.1.fa.gz	12236	below-min-len
CDRQJO010000290.1	/lustre/scratch122/tol/data/8/a/6/f/5/7/Empetrum_nigrum/assembly/release/ddEmpNigr1.hap1.1/insdc/GCA_977035805.1.fa.gz	12229	below-min-len
CDRQJO010000291.1	/lustre/scratch122/tol/data/8/a/6/f/5/7/Empetrum_nigrum/assembly/release/ddEmpNigr1.hap1.1/insdc/GCA_977035805.1.fa.gz	12128	below-min-len
CDRQJO010000292.1	/lustre/scratch122/tol/data/8/a/6/f/5/7/Empetrum_nigrum/assembly/release/ddEmpNigr1.hap1.1/insdc/GCA_977035805.1.fa.gz	11640	below-min-len
CDRQJO010000293.1	/lustre/scratch122/tol/data/8/a/6/f/5/7/Empetrum_nigrum/assembly/release/ddEmpNigr1.hap1.1/insdc/GCA_977035805.1.fa.gz	11506	below-min-len
CDRQJO010000294.1	/lustre/scratch122/tol/data/8/a/6/f/5/7/Empetrum_nigrum/assembly/release/ddEmpNigr1.hap1.1/insdc/GCA_977035805.1.fa.gz	11462	below-min-len
CDRQJO010000295.1	/lustre/scratch122/tol/data/8/a/6/f/5/7/Empetrum_nigrum/assembly/release/ddEmpNigr1.hap1.1/insdc/GCA_977035805.1.fa.gz	11138	below-min-len
CDRQJO010000296.1	/lustre/scratch122/tol/data/8/a/6/f/5/7/Empetrum_nigrum/assembly/release/ddEmpNigr1.hap1.1/insdc/GCA_977035805.1.fa.gz	8986	below-min-len
CDRQJO010000297.1	/lustre/scratch122/tol/data/8/a/6/f/5/7/Empetrum_nigrum/assembly/release/ddEmpNigr1.hap1.1/insdc/GCA_977035805.1.fa.gz	6000	below-min-len
CDRQJO010000298.1	/lustre/scratch122/tol/data/8/a/6/f/5/7/Empetrum_nigrum/assembly/release/ddEmpNigr1.hap1.1/insdc/GCA_977035805.1.fa.gz	5367	below-min-len
CDRQJO010000299.1	/lustre/scratch122/tol/data/8/a/6/f/5/7/Empetrum_nigrum/assembly/release/ddEmpNigr1.hap1.1/insdc/GCA_977035805.1.fa.gz	4000	below-min-len
CDRQJO010000300.1	/lustre/scratch122/tol/data/8/a/6/f/5/7/Empetrum_nigrum/assembly/release/ddEmpNigr1.hap1.1/insdc/GCA_977035805.1.fa.gz	4000	below-min-len
CDRQJO010000301.1	/lustre/scratch122/tol/data/8/a/6/f/5/7/Empetrum_nigrum/assembly/release/ddEmpNigr1.hap1.1/insdc/GCA_977035805.1.fa.gz	3000	below-min-len
CDRQJO010000302.1	/lustre/scratch122/tol/data/8/a/6/f/5/7/Empetrum_nigrum/assembly/release/ddEmpNigr1.hap1.1/insdc/GCA_977035805.1.fa.gz	3000	below-min-len
CDRQJO010000303.1	/lustre/scratch122/tol/data/8/a/6/f/5/7/Empetrum_nigrum/assembly/release/ddEmpNigr1.hap1.1/insdc/GCA_977035805.1.fa.gz	3000	below-min-len
CDRQJO010000304.1	/lustre/scratch122/tol/data/8/a/6/f/5/7/Empetrum_nigrum/assembly/release/ddEmpNigr1.hap1.1/insdc/GCA_977035805.1.fa.gz	3000	below-min-len
CDRQJO010000305.1	/lustre/scratch122/tol/data/8/a/6/f/5/7/Empetrum_nigrum/assembly/release/ddEmpNigr1.hap1.1/insdc/GCA_977035805.1.fa.gz	2000	below-min-len
CDRQJO010000306.1	/lustre/scratch122/tol/data/8/a/6/f/5/7/Empetrum_nigrum/assembly/release/ddEmpNigr1.hap1.1/insdc/GCA_977035805.1.fa.gz	2000	below-min-len
CDRQJO010000307.1	/lustre/scratch122/tol/data/8/a/6/f/5/7/Empetrum_nigrum/assembly/release/ddEmpNigr1.hap1.1/insdc/GCA_977035805.1.fa.gz	1000	below-min-len
CDRQJO010000308.1	/lustre/scratch122/tol/data/8/a/6/f/5/7/Empetrum_nigrum/assembly/release/ddEmpNigr1.hap1.1/insdc/GCA_977035805.1.fa.gz	1000	below-min-len
CDRQJO010000309.1	/lustre/scratch122/tol/data/8/a/6/f/5/7/Empetrum_nigrum/assembly/release/ddEmpNigr1.hap1.1/insdc/GCA_977035805.1.fa.gz	1000	below-min-len
CDRQJO010000310.1	/lustre/scratch122/tol/data/8/a/6/f/5/7/Empetrum_nigrum/assembly/release/ddEmpNigr1.hap1.1/insdc/GCA_977035805.1.fa.gz	1000	below-min-len
CDRQJO010000311.1	/lustre/scratch122/tol/data/8/a/6/f/5/7/Empetrum_nigrum/assembly/release/ddEmpNigr1.hap1.1/insdc/GCA_977035805.1.fa.gz	1000	below-min-len
CDRQJO010000312.1	/lustre/scratch122/tol/data/8/a/6/f/5/7/Empetrum_nigrum/assembly/release/ddEmpNigr1.hap1.1/insdc/GCA_977035805.1.fa.gz	1000	below-min-len
CDRQJO010000313.1	/lustre/scratch122/tol/data/8/a/6/f/5/7/Empetrum_nigrum/assembly/release/ddEmpNigr1.hap1.1/insdc/GCA_977035805.1.fa.gz	1000	below-min-len
CDRQJO010000314.1	/lustre/scratch122/tol/data/8/a/6/f/5/7/Empetrum_nigrum/assembly/release/ddEmpNigr1.hap1.1/insdc/GCA_977035805.1.fa.gz	1000	below-min-len
CDRQJO010000315.1	/lustre/scratch122/tol/data/8/a/6/f/5/7/Empetrum_nigrum/assembly/release/ddEmpNigr1.hap1.1/insdc/GCA_977035805.1.fa.gz	1000	below-min-len
CDRQJO010000316.1	/lustre/scratch122/tol/data/8/a/6/f/5/7/Empetrum_nigrum/assembly/release/ddEmpNigr1.hap1.1/insdc/GCA_977035805.1.fa.gz	1000	below-min-len
CDRQJO010000317.1	/lustre/scratch122/tol/data/8/a/6/f/5/7/Empetrum_nigrum/assembly/release/ddEmpNigr1.hap1.1/insdc/GCA_977035805.1.fa.gz	1000	below-min-len
CDRQJO010000318.1	/lustre/scratch122/tol/data/8/a/6/f/5/7/Empetrum_nigrum/assembly/release/ddEmpNigr1.hap1.1/insdc/GCA_977035805.1.fa.gz	1000	below-min-len
CDRQJO010000319.1	/lustre/scratch122/tol/data/8/a/6/f/5/7/Empetrum_nigrum/assembly/release/ddEmpNigr1.hap1.1/insdc/GCA_977035805.1.fa.gz	1000	below-min-len
CDRQJO010000320.1	/lustre/scratch122/tol/data/8/a/6/f/5/7/Empetrum_nigrum/assembly/release/ddEmpNigr1.hap1.1/insdc/GCA_977035805.1.fa.gz	1000	below-min-len
CDRQJO010000321.1	/lustre/scratch122/tol/data/8/a/6/f/5/7/Empetrum_nigrum/assembly/release/ddEmpNigr1.hap1.1/insdc/GCA_977035805.1.fa.gz	1000	below-min-len
CDRQJO010000322.1	/lustre/scratch122/tol/data/8/a/6/f/5/7/Empetrum_nigrum/assembly/release/ddEmpNigr1.hap1.1/insdc/GCA_977035805.1.fa.gz	1000	below-min-len
CDRQJO010000323.1	/lustre/scratch122/tol/data/8/a/6/f/5/7/Empetrum_nigrum/assembly/release/ddEmpNigr1.hap1.1/insdc/GCA_977035805.1.fa.gz	1000	below-min-len
CDRQJO010000324.1	/lustre/scratch122/tol/data/8/a/6/f/5/7/Empetrum_nigrum/assembly/release/ddEmpNigr1.hap1.1/insdc/GCA_977035805.1.fa.gz	1000	below-min-len
CDRQJO010000325.1	/lustre/scratch122/tol/data/8/a/6/f/5/7/Empetrum_nigrum/assembly/release/ddEmpNigr1.hap1.1/insdc/GCA_977035805.1.fa.gz	1000	below-min-len
CDRQJO010000326.1	/lustre/scratch122/tol/data/8/a/6/f/5/7/Empetrum_nigrum/assembly/release/ddEmpNigr1.hap1.1/insdc/GCA_977035805.1.fa.gz	1000	below-min-len
CDRQJO010000327.1	/lustre/scratch122/tol/data/8/a/6/f/5/7/Empetrum_nigrum/assembly/release/ddEmpNigr1.hap1.1/insdc/GCA_977035805.1.fa.gz	1000	below-min-len
CDRQJO010000328.1	/lustre/scratch122/tol/data/8/a/6/f/5/7/Empetrum_nigrum/assembly/release/ddEmpNigr1.hap1.1/insdc/GCA_977035805.1.fa.gz	1000	below-min-len
CDRQJO010000329.1	/lustre/scratch122/tol/data/8/a/6/f/5/7/Empetrum_nigrum/assembly/release/ddEmpNigr1.hap1.1/insdc/GCA_977035805.1.fa.gz	1000	below-min-len
CDRQJO010000330.1	/lustre/scratch122/tol/data/8/a/6/f/5/7/Empetrum_nigrum/assembly/release/ddEmpNigr1.hap1.1/insdc/GCA_977035805.1.fa.gz	1000	below-min-len
CDRQJO010000331.1	/lustre/scratch122/tol/data/8/a/6/f/5/7/Empetrum_nigrum/assembly/release/ddEmpNigr1.hap1.1/insdc/GCA_977035805.1.fa.gz	1000	below-min-len
CDRQJO010000332.1	/lustre/scratch122/tol/data/8/a/6/f/5/7/Empetrum_nigrum/assembly/release/ddEmpNigr1.hap1.1/insdc/GCA_977035805.1.fa.gz	1000	below-min-len
CDRQJO010000333.1	/lustre/scratch122/tol/data/8/a/6/f/5/7/Empetrum_nigrum/assembly/release/ddEmpNigr1.hap1.1/insdc/GCA_977035805.1.fa.gz	1000	below-min-len
CDRQJO010000334.1	/lustre/scratch122/tol/data/8/a/6/f/5/7/Empetrum_nigrum/assembly/release/ddEmpNigr1.hap1.1/insdc/GCA_977035805.1.fa.gz	1000	below-min-len
CDRQJO010000335.1	/lustre/scratch122/tol/data/8/a/6/f/5/7/Empetrum_nigrum/assembly/release/ddEmpNigr1.hap1.1/insdc/GCA_977035805.1.fa.gz	1000	below-min-len
CDRQJO010000336.1	/lustre/scratch122/tol/data/8/a/6/f/5/7/Empetrum_nigrum/assembly/release/ddEmpNigr1.hap1.1/insdc/GCA_977035805.1.fa.gz	1000	below-min-len
CDRQJO010000337.1	/lustre/scratch122/tol/data/8/a/6/f/5/7/Empetrum_nigrum/assembly/release/ddEmpNigr1.hap1.1/insdc/GCA_977035805.1.fa.gz	1000	below-min-len
OZ365323.1	/lustre/scratch122/tol/data/8/a/6/f/5/7/Empetrum_nigrum/assembly/release/ddEmpNigr1.hap1.1/insdc/GCA_977035805.1.fa.gz	392096	below-min-len
OZ365324.1	/lustre/scratch122/tol/data/8/a/6/f/5/7/Empetrum_nigrum/assembly/release/ddEmpNigr1.hap1.1/insdc/GCA_977035805.1.fa.gz	169999	below-min-len
OZ365325.1	/lustre/scratch122/tol/data/8/a/6/f/5/7/Empetrum_nigrum/assembly/release/ddEmpNigr1.hap1.1/insdc/GCA_977035805.1.fa.gz	172889	below-min-len
CDRQJQ010000014.1	/lustre/scratch122/tol/data/8/a/6/f/5/7/Empetrum_nigrum/assembly/release/ddEmpNigr1.hap2.1/insdc/GCA_977035825.1.fa.gz	98550	below-min-len
CDRQJQ010000015.1	/lustre/scratch122/tol/data/8/a/6/f/5/7/Empetrum_nigrum/assembly/release/ddEmpNigr1.hap2.1/insdc/GCA_977035825.1.fa.gz	254622	below-min-len
CDRQJQ010000016.1	/lustre/scratch122/tol/data/8/a/6/f/5/7/Empetrum_nigrum/assembly/release/ddEmpNigr1.hap2.1/insdc/GCA_977035825.1.fa.gz	65700	below-min-len
CDRQJQ010000017.1	/lustre/scratch122/tol/data/8/a/6/f/5/7/Empetrum_nigrum/assembly/release/ddEmpNigr1.hap2.1/insdc/GCA_977035825.1.fa.gz	737382	below-min-len
CDRQJQ010000018.1	/lustre/scratch122/tol/data/8/a/6/f/5/7/Empetrum_nigrum/assembly/release/ddEmpNigr1.hap2.1/insdc/GCA_977035825.1.fa.gz	578000	below-min-len
CDRQJQ010000019.1	/lustre/scratch122/tol/data/8/a/6/f/5/7/Empetrum_nigrum/assembly/release/ddEmpNigr1.hap2.1/insdc/GCA_977035825.1.fa.gz	518744	below-min-len
CDRQJQ010000020.1	/lustre/scratch122/tol/data/8/a/6/f/5/7/Empetrum_nigrum/assembly/release/ddEmpNigr1.hap2.1/insdc/GCA_977035825.1.fa.gz	440193	below-min-len
CDRQJQ010000021.1	/lustre/scratch122/tol/data/8/a/6/f/5/7/Empetrum_nigrum/assembly/release/ddEmpNigr1.hap2.1/insdc/GCA_977035825.1.fa.gz	421251	below-min-len
CDRQJQ010000022.1	/lustre/scratch122/tol/data/8/a/6/f/5/7/Empetrum_nigrum/assembly/release/ddEmpNigr1.hap2.1/insdc/GCA_977035825.1.fa.gz	314110	below-min-len
CDRQJQ010000023.1	/lustre/scratch122/tol/data/8/a/6/f/5/7/Empetrum_nigrum/assembly/release/ddEmpNigr1.hap2.1/insdc/GCA_977035825.1.fa.gz	234825	below-min-len
CDRQJQ010000024.1	/lustre/scratch122/tol/data/8/a/6/f/5/7/Empetrum_nigrum/assembly/release/ddEmpNigr1.hap2.1/insdc/GCA_977035825.1.fa.gz	230000	below-min-len
CDRQJQ010000025.1	/lustre/scratch122/tol/data/8/a/6/f/5/7/Empetrum_nigrum/assembly/release/ddEmpNigr1.hap2.1/insdc/GCA_977035825.1.fa.gz	229807	below-min-len
CDRQJQ010000026.1	/lustre/scratch122/tol/data/8/a/6/f/5/7/Empetrum_nigrum/assembly/release/ddEmpNigr1.hap2.1/insdc/GCA_977035825.1.fa.gz	229079	below-min-len
CDRQJQ010000027.1	/lustre/scratch122/tol/data/8/a/6/f/5/7/Empetrum_nigrum/assembly/release/ddEmpNigr1.hap2.1/insdc/GCA_977035825.1.fa.gz	228876	below-min-len
CDRQJQ010000028.1	/lustre/scratch122/tol/data/8/a/6/f/5/7/Empetrum_nigrum/assembly/release/ddEmpNigr1.hap2.1/insdc/GCA_977035825.1.fa.gz	228466	below-min-len
CDRQJQ010000029.1	/lustre/scratch122/tol/data/8/a/6/f/5/7/Empetrum_nigrum/assembly/release/ddEmpNigr1.hap2.1/insdc/GCA_977035825.1.fa.gz	224390	below-min-len
CDRQJQ010000030.1	/lustre/scratch122/tol/data/8/a/6/f/5/7/Empetrum_nigrum/assembly/release/ddEmpNigr1.hap2.1/insdc/GCA_977035825.1.fa.gz	221872	below-min-len
CDRQJQ010000031.1	/lustre/scratch122/tol/data/8/a/6/f/5/7/Empetrum_nigrum/assembly/release/ddEmpNigr1.hap2.1/insdc/GCA_977035825.1.fa.gz	220760	below-min-len
CDRQJQ010000032.1	/lustre/scratch122/tol/data/8/a/6/f/5/7/Empetrum_nigrum/assembly/release/ddEmpNigr1.hap2.1/insdc/GCA_977035825.1.fa.gz	218000	below-min-len
CDRQJQ010000033.1	/lustre/scratch122/tol/data/8/a/6/f/5/7/Empetrum_nigrum/assembly/release/ddEmpNigr1.hap2.1/insdc/GCA_977035825.1.fa.gz	215000	below-min-len
CDRQJQ010000034.1	/lustre/scratch122/tol/data/8/a/6/f/5/7/Empetrum_nigrum/assembly/release/ddEmpNigr1.hap2.1/insdc/GCA_977035825.1.fa.gz	213721	below-min-len
CDRQJQ010000035.1	/lustre/scratch122/tol/data/8/a/6/f/5/7/Empetrum_nigrum/assembly/release/ddEmpNigr1.hap2.1/insdc/GCA_977035825.1.fa.gz	208635	below-min-len
CDRQJQ010000036.1	/lustre/scratch122/tol/data/8/a/6/f/5/7/Empetrum_nigrum/assembly/release/ddEmpNigr1.hap2.1/insdc/GCA_977035825.1.fa.gz	208000	below-min-len
CDRQJQ010000037.1	/lustre/scratch122/tol/data/8/a/6/f/5/7/Empetrum_nigrum/assembly/release/ddEmpNigr1.hap2.1/insdc/GCA_977035825.1.fa.gz	207000	below-min-len
CDRQJQ010000038.1	/lustre/scratch122/tol/data/8/a/6/f/5/7/Empetrum_nigrum/assembly/release/ddEmpNigr1.hap2.1/insdc/GCA_977035825.1.fa.gz	204202	below-min-len
CDRQJQ010000039.1	/lustre/scratch122/tol/data/8/a/6/f/5/7/Empetrum_nigrum/assembly/release/ddEmpNigr1.hap2.1/insdc/GCA_977035825.1.fa.gz	202000	below-min-len
CDRQJQ010000040.1	/lustre/scratch122/tol/data/8/a/6/f/5/7/Empetrum_nigrum/assembly/release/ddEmpNigr1.hap2.1/insdc/GCA_977035825.1.fa.gz	201407	below-min-len
CDRQJQ010000041.1	/lustre/scratch122/tol/data/8/a/6/f/5/7/Empetrum_nigrum/assembly/release/ddEmpNigr1.hap2.1/insdc/GCA_977035825.1.fa.gz	197348	below-min-len
CDRQJQ010000042.1	/lustre/scratch122/tol/data/8/a/6/f/5/7/Empetrum_nigrum/assembly/release/ddEmpNigr1.hap2.1/insdc/GCA_977035825.1.fa.gz	196689	below-min-len
CDRQJQ010000043.1	/lustre/scratch122/tol/data/8/a/6/f/5/7/Empetrum_nigrum/assembly/release/ddEmpNigr1.hap2.1/insdc/GCA_977035825.1.fa.gz	195808	below-min-len
CDRQJQ010000044.1	/lustre/scratch122/tol/data/8/a/6/f/5/7/Empetrum_nigrum/assembly/release/ddEmpNigr1.hap2.1/insdc/GCA_977035825.1.fa.gz	194674	below-min-len
CDRQJQ010000045.1	/lustre/scratch122/tol/data/8/a/6/f/5/7/Empetrum_nigrum/assembly/release/ddEmpNigr1.hap2.1/insdc/GCA_977035825.1.fa.gz	194147	below-min-len
CDRQJQ010000046.1	/lustre/scratch122/tol/data/8/a/6/f/5/7/Empetrum_nigrum/assembly/release/ddEmpNigr1.hap2.1/insdc/GCA_977035825.1.fa.gz	193472	below-min-len
CDRQJQ010000047.1	/lustre/scratch122/tol/data/8/a/6/f/5/7/Empetrum_nigrum/assembly/release/ddEmpNigr1.hap2.1/insdc/GCA_977035825.1.fa.gz	191000	below-min-len
CDRQJQ010000048.1	/lustre/scratch122/tol/data/8/a/6/f/5/7/Empetrum_nigrum/assembly/release/ddEmpNigr1.hap2.1/insdc/GCA_977035825.1.fa.gz	190000	below-min-len
CDRQJQ010000049.1	/lustre/scratch122/tol/data/8/a/6/f/5/7/Empetrum_nigrum/assembly/release/ddEmpNigr1.hap2.1/insdc/GCA_977035825.1.fa.gz	188711	below-min-len
CDRQJQ010000050.1	/lustre/scratch122/tol/data/8/a/6/f/5/7/Empetrum_nigrum/assembly/release/ddEmpNigr1.hap2.1/insdc/GCA_977035825.1.fa.gz	186494	below-min-len
CDRQJQ010000051.1	/lustre/scratch122/tol/data/8/a/6/f/5/7/Empetrum_nigrum/assembly/release/ddEmpNigr1.hap2.1/insdc/GCA_977035825.1.fa.gz	185471	below-min-len
CDRQJQ010000052.1	/lustre/scratch122/tol/data/8/a/6/f/5/7/Empetrum_nigrum/assembly/release/ddEmpNigr1.hap2.1/insdc/GCA_977035825.1.fa.gz	184000	below-min-len
CDRQJQ010000053.1	/lustre/scratch122/tol/data/8/a/6/f/5/7/Empetrum_nigrum/assembly/release/ddEmpNigr1.hap2.1/insdc/GCA_977035825.1.fa.gz	182000	below-min-len
CDRQJQ010000054.1	/lustre/scratch122/tol/data/8/a/6/f/5/7/Empetrum_nigrum/assembly/release/ddEmpNigr1.hap2.1/insdc/GCA_977035825.1.fa.gz	179382	below-min-len
CDRQJQ010000055.1	/lustre/scratch122/tol/data/8/a/6/f/5/7/Empetrum_nigrum/assembly/release/ddEmpNigr1.hap2.1/insdc/GCA_977035825.1.fa.gz	178303	below-min-len
CDRQJQ010000056.1	/lustre/scratch122/tol/data/8/a/6/f/5/7/Empetrum_nigrum/assembly/release/ddEmpNigr1.hap2.1/insdc/GCA_977035825.1.fa.gz	174857	below-min-len
CDRQJQ010000057.1	/lustre/scratch122/tol/data/8/a/6/f/5/7/Empetrum_nigrum/assembly/release/ddEmpNigr1.hap2.1/insdc/GCA_977035825.1.fa.gz	172679	below-min-len
CDRQJQ010000058.1	/lustre/scratch122/tol/data/8/a/6/f/5/7/Empetrum_nigrum/assembly/release/ddEmpNigr1.hap2.1/insdc/GCA_977035825.1.fa.gz	170468	below-min-len
CDRQJQ010000059.1	/lustre/scratch122/tol/data/8/a/6/f/5/7/Empetrum_nigrum/assembly/release/ddEmpNigr1.hap2.1/insdc/GCA_977035825.1.fa.gz	168189	below-min-len
CDRQJQ010000060.1	/lustre/scratch122/tol/data/8/a/6/f/5/7/Empetrum_nigrum/assembly/release/ddEmpNigr1.hap2.1/insdc/GCA_977035825.1.fa.gz	168000	below-min-len
CDRQJQ010000061.1	/lustre/scratch122/tol/data/8/a/6/f/5/7/Empetrum_nigrum/assembly/release/ddEmpNigr1.hap2.1/insdc/GCA_977035825.1.fa.gz	165946	below-min-len
CDRQJQ010000062.1	/lustre/scratch122/tol/data/8/a/6/f/5/7/Empetrum_nigrum/assembly/release/ddEmpNigr1.hap2.1/insdc/GCA_977035825.1.fa.gz	164000	below-min-len
CDRQJQ010000063.1	/lustre/scratch122/tol/data/8/a/6/f/5/7/Empetrum_nigrum/assembly/release/ddEmpNigr1.hap2.1/insdc/GCA_977035825.1.fa.gz	155000	below-min-len
CDRQJQ010000064.1	/lustre/scratch122/tol/data/8/a/6/f/5/7/Empetrum_nigrum/assembly/release/ddEmpNigr1.hap2.1/insdc/GCA_977035825.1.fa.gz	154969	below-min-len
CDRQJQ010000065.1	/lustre/scratch122/tol/data/8/a/6/f/5/7/Empetrum_nigrum/assembly/release/ddEmpNigr1.hap2.1/insdc/GCA_977035825.1.fa.gz	152769	below-min-len
CDRQJQ010000066.1	/lustre/scratch122/tol/data/8/a/6/f/5/7/Empetrum_nigrum/assembly/release/ddEmpNigr1.hap2.1/insdc/GCA_977035825.1.fa.gz	152558	below-min-len
CDRQJQ010000067.1	/lustre/scratch122/tol/data/8/a/6/f/5/7/Empetrum_nigrum/assembly/release/ddEmpNigr1.hap2.1/insdc/GCA_977035825.1.fa.gz	150014	below-min-len
CDRQJQ010000068.1	/lustre/scratch122/tol/data/8/a/6/f/5/7/Empetrum_nigrum/assembly/release/ddEmpNigr1.hap2.1/insdc/GCA_977035825.1.fa.gz	149213	below-min-len
CDRQJQ010000069.1	/lustre/scratch122/tol/data/8/a/6/f/5/7/Empetrum_nigrum/assembly/release/ddEmpNigr1.hap2.1/insdc/GCA_977035825.1.fa.gz	148814	below-min-len
CDRQJQ010000070.1	/lustre/scratch122/tol/data/8/a/6/f/5/7/Empetrum_nigrum/assembly/release/ddEmpNigr1.hap2.1/insdc/GCA_977035825.1.fa.gz	145192	below-min-len
CDRQJQ010000071.1	/lustre/scratch122/tol/data/8/a/6/f/5/7/Empetrum_nigrum/assembly/release/ddEmpNigr1.hap2.1/insdc/GCA_977035825.1.fa.gz	144000	below-min-len
CDRQJQ010000072.1	/lustre/scratch122/tol/data/8/a/6/f/5/7/Empetrum_nigrum/assembly/release/ddEmpNigr1.hap2.1/insdc/GCA_977035825.1.fa.gz	142425	below-min-len
CDRQJQ010000073.1	/lustre/scratch122/tol/data/8/a/6/f/5/7/Empetrum_nigrum/assembly/release/ddEmpNigr1.hap2.1/insdc/GCA_977035825.1.fa.gz	140501	below-min-len
CDRQJQ010000074.1	/lustre/scratch122/tol/data/8/a/6/f/5/7/Empetrum_nigrum/assembly/release/ddEmpNigr1.hap2.1/insdc/GCA_977035825.1.fa.gz	140000	below-min-len
CDRQJQ010000075.1	/lustre/scratch122/tol/data/8/a/6/f/5/7/Empetrum_nigrum/assembly/release/ddEmpNigr1.hap2.1/insdc/GCA_977035825.1.fa.gz	139603	below-min-len
CDRQJQ010000076.1	/lustre/scratch122/tol/data/8/a/6/f/5/7/Empetrum_nigrum/assembly/release/ddEmpNigr1.hap2.1/insdc/GCA_977035825.1.fa.gz	138000	below-min-len
CDRQJQ010000077.1	/lustre/scratch122/tol/data/8/a/6/f/5/7/Empetrum_nigrum/assembly/release/ddEmpNigr1.hap2.1/insdc/GCA_977035825.1.fa.gz	137000	below-min-len
CDRQJQ010000078.1	/lustre/scratch122/tol/data/8/a/6/f/5/7/Empetrum_nigrum/assembly/release/ddEmpNigr1.hap2.1/insdc/GCA_977035825.1.fa.gz	135802	below-min-len
CDRQJQ010000079.1	/lustre/scratch122/tol/data/8/a/6/f/5/7/Empetrum_nigrum/assembly/release/ddEmpNigr1.hap2.1/insdc/GCA_977035825.1.fa.gz	131414	below-min-len
CDRQJQ010000080.1	/lustre/scratch122/tol/data/8/a/6/f/5/7/Empetrum_nigrum/assembly/release/ddEmpNigr1.hap2.1/insdc/GCA_977035825.1.fa.gz	130953	below-min-len
CDRQJQ010000081.1	/lustre/scratch122/tol/data/8/a/6/f/5/7/Empetrum_nigrum/assembly/release/ddEmpNigr1.hap2.1/insdc/GCA_977035825.1.fa.gz	130068	below-min-len
CDRQJQ010000082.1	/lustre/scratch122/tol/data/8/a/6/f/5/7/Empetrum_nigrum/assembly/release/ddEmpNigr1.hap2.1/insdc/GCA_977035825.1.fa.gz	128000	below-min-len
CDRQJQ010000083.1	/lustre/scratch122/tol/data/8/a/6/f/5/7/Empetrum_nigrum/assembly/release/ddEmpNigr1.hap2.1/insdc/GCA_977035825.1.fa.gz	127527	below-min-len
CDRQJQ010000084.1	/lustre/scratch122/tol/data/8/a/6/f/5/7/Empetrum_nigrum/assembly/release/ddEmpNigr1.hap2.1/insdc/GCA_977035825.1.fa.gz	126595	below-min-len
CDRQJQ010000085.1	/lustre/scratch122/tol/data/8/a/6/f/5/7/Empetrum_nigrum/assembly/release/ddEmpNigr1.hap2.1/insdc/GCA_977035825.1.fa.gz	126548	below-min-len
CDRQJQ010000086.1	/lustre/scratch122/tol/data/8/a/6/f/5/7/Empetrum_nigrum/assembly/release/ddEmpNigr1.hap2.1/insdc/GCA_977035825.1.fa.gz	126099	below-min-len
CDRQJQ010000087.1	/lustre/scratch122/tol/data/8/a/6/f/5/7/Empetrum_nigrum/assembly/release/ddEmpNigr1.hap2.1/insdc/GCA_977035825.1.fa.gz	122000	below-min-len
CDRQJQ010000088.1	/lustre/scratch122/tol/data/8/a/6/f/5/7/Empetrum_nigrum/assembly/release/ddEmpNigr1.hap2.1/insdc/GCA_977035825.1.fa.gz	121517	below-min-len
CDRQJQ010000089.1	/lustre/scratch122/tol/data/8/a/6/f/5/7/Empetrum_nigrum/assembly/release/ddEmpNigr1.hap2.1/insdc/GCA_977035825.1.fa.gz	120000	below-min-len
CDRQJQ010000090.1	/lustre/scratch122/tol/data/8/a/6/f/5/7/Empetrum_nigrum/assembly/release/ddEmpNigr1.hap2.1/insdc/GCA_977035825.1.fa.gz	118303	below-min-len
CDRQJQ010000091.1	/lustre/scratch122/tol/data/8/a/6/f/5/7/Empetrum_nigrum/assembly/release/ddEmpNigr1.hap2.1/insdc/GCA_977035825.1.fa.gz	118000	below-min-len
CDRQJQ010000092.1	/lustre/scratch122/tol/data/8/a/6/f/5/7/Empetrum_nigrum/assembly/release/ddEmpNigr1.hap2.1/insdc/GCA_977035825.1.fa.gz	116775	below-min-len
CDRQJQ010000093.1	/lustre/scratch122/tol/data/8/a/6/f/5/7/Empetrum_nigrum/assembly/release/ddEmpNigr1.hap2.1/insdc/GCA_977035825.1.fa.gz	113406	below-min-len
CDRQJQ010000094.1	/lustre/scratch122/tol/data/8/a/6/f/5/7/Empetrum_nigrum/assembly/release/ddEmpNigr1.hap2.1/insdc/GCA_977035825.1.fa.gz	113049	below-min-len
CDRQJQ010000095.1	/lustre/scratch122/tol/data/8/a/6/f/5/7/Empetrum_nigrum/assembly/release/ddEmpNigr1.hap2.1/insdc/GCA_977035825.1.fa.gz	112000	below-min-len
CDRQJQ010000096.1	/lustre/scratch122/tol/data/8/a/6/f/5/7/Empetrum_nigrum/assembly/release/ddEmpNigr1.hap2.1/insdc/GCA_977035825.1.fa.gz	111084	below-min-len
CDRQJQ010000097.1	/lustre/scratch122/tol/data/8/a/6/f/5/7/Empetrum_nigrum/assembly/release/ddEmpNigr1.hap2.1/insdc/GCA_977035825.1.fa.gz	110000	below-min-len
CDRQJQ010000098.1	/lustre/scratch122/tol/data/8/a/6/f/5/7/Empetrum_nigrum/assembly/release/ddEmpNigr1.hap2.1/insdc/GCA_977035825.1.fa.gz	109433	below-min-len
CDRQJQ010000099.1	/lustre/scratch122/tol/data/8/a/6/f/5/7/Empetrum_nigrum/assembly/release/ddEmpNigr1.hap2.1/insdc/GCA_977035825.1.fa.gz	108000	below-min-len
CDRQJQ010000100.1	/lustre/scratch122/tol/data/8/a/6/f/5/7/Empetrum_nigrum/assembly/release/ddEmpNigr1.hap2.1/insdc/GCA_977035825.1.fa.gz	105720	below-min-len
CDRQJQ010000101.1	/lustre/scratch122/tol/data/8/a/6/f/5/7/Empetrum_nigrum/assembly/release/ddEmpNigr1.hap2.1/insdc/GCA_977035825.1.fa.gz	105122	below-min-len
CDRQJQ010000102.1	/lustre/scratch122/tol/data/8/a/6/f/5/7/Empetrum_nigrum/assembly/release/ddEmpNigr1.hap2.1/insdc/GCA_977035825.1.fa.gz	104409	below-min-len
CDRQJQ010000103.1	/lustre/scratch122/tol/data/8/a/6/f/5/7/Empetrum_nigrum/assembly/release/ddEmpNigr1.hap2.1/insdc/GCA_977035825.1.fa.gz	102881	below-min-len
CDRQJQ010000104.1	/lustre/scratch122/tol/data/8/a/6/f/5/7/Empetrum_nigrum/assembly/release/ddEmpNigr1.hap2.1/insdc/GCA_977035825.1.fa.gz	102508	below-min-len
CDRQJQ010000105.1	/lustre/scratch122/tol/data/8/a/6/f/5/7/Empetrum_nigrum/assembly/release/ddEmpNigr1.hap2.1/insdc/GCA_977035825.1.fa.gz	101000	below-min-len
CDRQJQ010000106.1	/lustre/scratch122/tol/data/8/a/6/f/5/7/Empetrum_nigrum/assembly/release/ddEmpNigr1.hap2.1/insdc/GCA_977035825.1.fa.gz	100491	below-min-len
CDRQJQ010000107.1	/lustre/scratch122/tol/data/8/a/6/f/5/7/Empetrum_nigrum/assembly/release/ddEmpNigr1.hap2.1/insdc/GCA_977035825.1.fa.gz	100416	below-min-len
CDRQJQ010000108.1	/lustre/scratch122/tol/data/8/a/6/f/5/7/Empetrum_nigrum/assembly/release/ddEmpNigr1.hap2.1/insdc/GCA_977035825.1.fa.gz	99729	below-min-len
CDRQJQ010000109.1	/lustre/scratch122/tol/data/8/a/6/f/5/7/Empetrum_nigrum/assembly/release/ddEmpNigr1.hap2.1/insdc/GCA_977035825.1.fa.gz	99358	below-min-len
CDRQJQ010000110.1	/lustre/scratch122/tol/data/8/a/6/f/5/7/Empetrum_nigrum/assembly/release/ddEmpNigr1.hap2.1/insdc/GCA_977035825.1.fa.gz	98558	below-min-len
CDRQJQ010000111.1	/lustre/scratch122/tol/data/8/a/6/f/5/7/Empetrum_nigrum/assembly/release/ddEmpNigr1.hap2.1/insdc/GCA_977035825.1.fa.gz	96185	below-min-len
CDRQJQ010000112.1	/lustre/scratch122/tol/data/8/a/6/f/5/7/Empetrum_nigrum/assembly/release/ddEmpNigr1.hap2.1/insdc/GCA_977035825.1.fa.gz	94362	below-min-len
CDRQJQ010000113.1	/lustre/scratch122/tol/data/8/a/6/f/5/7/Empetrum_nigrum/assembly/release/ddEmpNigr1.hap2.1/insdc/GCA_977035825.1.fa.gz	94200	below-min-len
CDRQJQ010000114.1	/lustre/scratch122/tol/data/8/a/6/f/5/7/Empetrum_nigrum/assembly/release/ddEmpNigr1.hap2.1/insdc/GCA_977035825.1.fa.gz	93711	below-min-len
CDRQJQ010000115.1	/lustre/scratch122/tol/data/8/a/6/f/5/7/Empetrum_nigrum/assembly/release/ddEmpNigr1.hap2.1/insdc/GCA_977035825.1.fa.gz	92717	below-min-len
CDRQJQ010000116.1	/lustre/scratch122/tol/data/8/a/6/f/5/7/Empetrum_nigrum/assembly/release/ddEmpNigr1.hap2.1/insdc/GCA_977035825.1.fa.gz	92294	below-min-len
CDRQJQ010000117.1	/lustre/scratch122/tol/data/8/a/6/f/5/7/Empetrum_nigrum/assembly/release/ddEmpNigr1.hap2.1/insdc/GCA_977035825.1.fa.gz	92050	below-min-len
CDRQJQ010000118.1	/lustre/scratch122/tol/data/8/a/6/f/5/7/Empetrum_nigrum/assembly/release/ddEmpNigr1.hap2.1/insdc/GCA_977035825.1.fa.gz	91274	below-min-len
CDRQJQ010000119.1	/lustre/scratch122/tol/data/8/a/6/f/5/7/Empetrum_nigrum/assembly/release/ddEmpNigr1.hap2.1/insdc/GCA_977035825.1.fa.gz	89334	below-min-len
CDRQJQ010000120.1	/lustre/scratch122/tol/data/8/a/6/f/5/7/Empetrum_nigrum/assembly/release/ddEmpNigr1.hap2.1/insdc/GCA_977035825.1.fa.gz	89018	below-min-len
CDRQJQ010000121.1	/lustre/scratch122/tol/data/8/a/6/f/5/7/Empetrum_nigrum/assembly/release/ddEmpNigr1.hap2.1/insdc/GCA_977035825.1.fa.gz	88108	below-min-len
CDRQJQ010000122.1	/lustre/scratch122/tol/data/8/a/6/f/5/7/Empetrum_nigrum/assembly/release/ddEmpNigr1.hap2.1/insdc/GCA_977035825.1.fa.gz	87822	below-min-len
CDRQJQ010000123.1	/lustre/scratch122/tol/data/8/a/6/f/5/7/Empetrum_nigrum/assembly/release/ddEmpNigr1.hap2.1/insdc/GCA_977035825.1.fa.gz	87214	below-min-len
CDRQJQ010000124.1	/lustre/scratch122/tol/data/8/a/6/f/5/7/Empetrum_nigrum/assembly/release/ddEmpNigr1.hap2.1/insdc/GCA_977035825.1.fa.gz	87169	below-min-len
CDRQJQ010000125.1	/lustre/scratch122/tol/data/8/a/6/f/5/7/Empetrum_nigrum/assembly/release/ddEmpNigr1.hap2.1/insdc/GCA_977035825.1.fa.gz	87068	below-min-len
CDRQJQ010000126.1	/lustre/scratch122/tol/data/8/a/6/f/5/7/Empetrum_nigrum/assembly/release/ddEmpNigr1.hap2.1/insdc/GCA_977035825.1.fa.gz	86477	below-min-len
CDRQJQ010000127.1	/lustre/scratch122/tol/data/8/a/6/f/5/7/Empetrum_nigrum/assembly/release/ddEmpNigr1.hap2.1/insdc/GCA_977035825.1.fa.gz	85877	below-min-len
CDRQJQ010000128.1	/lustre/scratch122/tol/data/8/a/6/f/5/7/Empetrum_nigrum/assembly/release/ddEmpNigr1.hap2.1/insdc/GCA_977035825.1.fa.gz	84338	below-min-len
CDRQJQ010000129.1	/lustre/scratch122/tol/data/8/a/6/f/5/7/Empetrum_nigrum/assembly/release/ddEmpNigr1.hap2.1/insdc/GCA_977035825.1.fa.gz	84000	below-min-len
CDRQJQ010000130.1	/lustre/scratch122/tol/data/8/a/6/f/5/7/Empetrum_nigrum/assembly/release/ddEmpNigr1.hap2.1/insdc/GCA_977035825.1.fa.gz	83587	below-min-len
CDRQJQ010000131.1	/lustre/scratch122/tol/data/8/a/6/f/5/7/Empetrum_nigrum/assembly/release/ddEmpNigr1.hap2.1/insdc/GCA_977035825.1.fa.gz	83485	below-min-len
CDRQJQ010000132.1	/lustre/scratch122/tol/data/8/a/6/f/5/7/Empetrum_nigrum/assembly/release/ddEmpNigr1.hap2.1/insdc/GCA_977035825.1.fa.gz	82333	below-min-len
CDRQJQ010000133.1	/lustre/scratch122/tol/data/8/a/6/f/5/7/Empetrum_nigrum/assembly/release/ddEmpNigr1.hap2.1/insdc/GCA_977035825.1.fa.gz	82000	below-min-len
CDRQJQ010000134.1	/lustre/scratch122/tol/data/8/a/6/f/5/7/Empetrum_nigrum/assembly/release/ddEmpNigr1.hap2.1/insdc/GCA_977035825.1.fa.gz	81778	below-min-len
CDRQJQ010000135.1	/lustre/scratch122/tol/data/8/a/6/f/5/7/Empetrum_nigrum/assembly/release/ddEmpNigr1.hap2.1/insdc/GCA_977035825.1.fa.gz	81000	below-min-len
CDRQJQ010000136.1	/lustre/scratch122/tol/data/8/a/6/f/5/7/Empetrum_nigrum/assembly/release/ddEmpNigr1.hap2.1/insdc/GCA_977035825.1.fa.gz	80301	below-min-len
CDRQJQ010000137.1	/lustre/scratch122/tol/data/8/a/6/f/5/7/Empetrum_nigrum/assembly/release/ddEmpNigr1.hap2.1/insdc/GCA_977035825.1.fa.gz	78290	below-min-len
CDRQJQ010000138.1	/lustre/scratch122/tol/data/8/a/6/f/5/7/Empetrum_nigrum/assembly/release/ddEmpNigr1.hap2.1/insdc/GCA_977035825.1.fa.gz	77000	below-min-len
CDRQJQ010000139.1	/lustre/scratch122/tol/data/8/a/6/f/5/7/Empetrum_nigrum/assembly/release/ddEmpNigr1.hap2.1/insdc/GCA_977035825.1.fa.gz	76528	below-min-len
CDRQJQ010000140.1	/lustre/scratch122/tol/data/8/a/6/f/5/7/Empetrum_nigrum/assembly/release/ddEmpNigr1.hap2.1/insdc/GCA_977035825.1.fa.gz	76293	below-min-len
CDRQJQ010000141.1	/lustre/scratch122/tol/data/8/a/6/f/5/7/Empetrum_nigrum/assembly/release/ddEmpNigr1.hap2.1/insdc/GCA_977035825.1.fa.gz	75437	below-min-len
CDRQJQ010000142.1	/lustre/scratch122/tol/data/8/a/6/f/5/7/Empetrum_nigrum/assembly/release/ddEmpNigr1.hap2.1/insdc/GCA_977035825.1.fa.gz	74645	below-min-len
CDRQJQ010000143.1	/lustre/scratch122/tol/data/8/a/6/f/5/7/Empetrum_nigrum/assembly/release/ddEmpNigr1.hap2.1/insdc/GCA_977035825.1.fa.gz	74632	below-min-len
CDRQJQ010000144.1	/lustre/scratch122/tol/data/8/a/6/f/5/7/Empetrum_nigrum/assembly/release/ddEmpNigr1.hap2.1/insdc/GCA_977035825.1.fa.gz	74336	below-min-len
CDRQJQ010000145.1	/lustre/scratch122/tol/data/8/a/6/f/5/7/Empetrum_nigrum/assembly/release/ddEmpNigr1.hap2.1/insdc/GCA_977035825.1.fa.gz	74066	below-min-len
CDRQJQ010000146.1	/lustre/scratch122/tol/data/8/a/6/f/5/7/Empetrum_nigrum/assembly/release/ddEmpNigr1.hap2.1/insdc/GCA_977035825.1.fa.gz	73727	below-min-len
CDRQJQ010000147.1	/lustre/scratch122/tol/data/8/a/6/f/5/7/Empetrum_nigrum/assembly/release/ddEmpNigr1.hap2.1/insdc/GCA_977035825.1.fa.gz	73601	below-min-len
CDRQJQ010000148.1	/lustre/scratch122/tol/data/8/a/6/f/5/7/Empetrum_nigrum/assembly/release/ddEmpNigr1.hap2.1/insdc/GCA_977035825.1.fa.gz	71000	below-min-len
CDRQJQ010000149.1	/lustre/scratch122/tol/data/8/a/6/f/5/7/Empetrum_nigrum/assembly/release/ddEmpNigr1.hap2.1/insdc/GCA_977035825.1.fa.gz	70582	below-min-len
CDRQJQ010000150.1	/lustre/scratch122/tol/data/8/a/6/f/5/7/Empetrum_nigrum/assembly/release/ddEmpNigr1.hap2.1/insdc/GCA_977035825.1.fa.gz	70371	below-min-len
CDRQJQ010000151.1	/lustre/scratch122/tol/data/8/a/6/f/5/7/Empetrum_nigrum/assembly/release/ddEmpNigr1.hap2.1/insdc/GCA_977035825.1.fa.gz	70181	below-min-len
CDRQJQ010000152.1	/lustre/scratch122/tol/data/8/a/6/f/5/7/Empetrum_nigrum/assembly/release/ddEmpNigr1.hap2.1/insdc/GCA_977035825.1.fa.gz	69059	below-min-len
CDRQJQ010000153.1	/lustre/scratch122/tol/data/8/a/6/f/5/7/Empetrum_nigrum/assembly/release/ddEmpNigr1.hap2.1/insdc/GCA_977035825.1.fa.gz	68758	below-min-len
CDRQJQ010000154.1	/lustre/scratch122/tol/data/8/a/6/f/5/7/Empetrum_nigrum/assembly/release/ddEmpNigr1.hap2.1/insdc/GCA_977035825.1.fa.gz	68683	below-min-len
CDRQJQ010000155.1	/lustre/scratch122/tol/data/8/a/6/f/5/7/Empetrum_nigrum/assembly/release/ddEmpNigr1.hap2.1/insdc/GCA_977035825.1.fa.gz	68571	below-min-len
CDRQJQ010000156.1	/lustre/scratch122/tol/data/8/a/6/f/5/7/Empetrum_nigrum/assembly/release/ddEmpNigr1.hap2.1/insdc/GCA_977035825.1.fa.gz	67962	below-min-len
CDRQJQ010000157.1	/lustre/scratch122/tol/data/8/a/6/f/5/7/Empetrum_nigrum/assembly/release/ddEmpNigr1.hap2.1/insdc/GCA_977035825.1.fa.gz	67567	below-min-len
CDRQJQ010000158.1	/lustre/scratch122/tol/data/8/a/6/f/5/7/Empetrum_nigrum/assembly/release/ddEmpNigr1.hap2.1/insdc/GCA_977035825.1.fa.gz	67000	below-min-len
CDRQJQ010000159.1	/lustre/scratch122/tol/data/8/a/6/f/5/7/Empetrum_nigrum/assembly/release/ddEmpNigr1.hap2.1/insdc/GCA_977035825.1.fa.gz	66624	below-min-len
CDRQJQ010000160.1	/lustre/scratch122/tol/data/8/a/6/f/5/7/Empetrum_nigrum/assembly/release/ddEmpNigr1.hap2.1/insdc/GCA_977035825.1.fa.gz	66000	below-min-len
CDRQJQ010000161.1	/lustre/scratch122/tol/data/8/a/6/f/5/7/Empetrum_nigrum/assembly/release/ddEmpNigr1.hap2.1/insdc/GCA_977035825.1.fa.gz	66000	below-min-len
CDRQJQ010000162.1	/lustre/scratch122/tol/data/8/a/6/f/5/7/Empetrum_nigrum/assembly/release/ddEmpNigr1.hap2.1/insdc/GCA_977035825.1.fa.gz	65880	below-min-len
CDRQJQ010000163.1	/lustre/scratch122/tol/data/8/a/6/f/5/7/Empetrum_nigrum/assembly/release/ddEmpNigr1.hap2.1/insdc/GCA_977035825.1.fa.gz	65415	below-min-len
CDRQJQ010000164.1	/lustre/scratch122/tol/data/8/a/6/f/5/7/Empetrum_nigrum/assembly/release/ddEmpNigr1.hap2.1/insdc/GCA_977035825.1.fa.gz	64687	below-min-len
CDRQJQ010000165.1	/lustre/scratch122/tol/data/8/a/6/f/5/7/Empetrum_nigrum/assembly/release/ddEmpNigr1.hap2.1/insdc/GCA_977035825.1.fa.gz	64000	below-min-len
CDRQJQ010000166.1	/lustre/scratch122/tol/data/8/a/6/f/5/7/Empetrum_nigrum/assembly/release/ddEmpNigr1.hap2.1/insdc/GCA_977035825.1.fa.gz	63745	below-min-len
CDRQJQ010000167.1	/lustre/scratch122/tol/data/8/a/6/f/5/7/Empetrum_nigrum/assembly/release/ddEmpNigr1.hap2.1/insdc/GCA_977035825.1.fa.gz	63567	below-min-len
CDRQJQ010000168.1	/lustre/scratch122/tol/data/8/a/6/f/5/7/Empetrum_nigrum/assembly/release/ddEmpNigr1.hap2.1/insdc/GCA_977035825.1.fa.gz	63000	below-min-len
CDRQJQ010000169.1	/lustre/scratch122/tol/data/8/a/6/f/5/7/Empetrum_nigrum/assembly/release/ddEmpNigr1.hap2.1/insdc/GCA_977035825.1.fa.gz	63000	below-min-len
CDRQJQ010000170.1	/lustre/scratch122/tol/data/8/a/6/f/5/7/Empetrum_nigrum/assembly/release/ddEmpNigr1.hap2.1/insdc/GCA_977035825.1.fa.gz	63000	below-min-len
CDRQJQ010000171.1	/lustre/scratch122/tol/data/8/a/6/f/5/7/Empetrum_nigrum/assembly/release/ddEmpNigr1.hap2.1/insdc/GCA_977035825.1.fa.gz	62370	below-min-len
CDRQJQ010000172.1	/lustre/scratch122/tol/data/8/a/6/f/5/7/Empetrum_nigrum/assembly/release/ddEmpNigr1.hap2.1/insdc/GCA_977035825.1.fa.gz	62000	below-min-len
CDRQJQ010000173.1	/lustre/scratch122/tol/data/8/a/6/f/5/7/Empetrum_nigrum/assembly/release/ddEmpNigr1.hap2.1/insdc/GCA_977035825.1.fa.gz	61862	below-min-len
CDRQJQ010000174.1	/lustre/scratch122/tol/data/8/a/6/f/5/7/Empetrum_nigrum/assembly/release/ddEmpNigr1.hap2.1/insdc/GCA_977035825.1.fa.gz	61108	below-min-len
CDRQJQ010000175.1	/lustre/scratch122/tol/data/8/a/6/f/5/7/Empetrum_nigrum/assembly/release/ddEmpNigr1.hap2.1/insdc/GCA_977035825.1.fa.gz	61080	below-min-len
CDRQJQ010000176.1	/lustre/scratch122/tol/data/8/a/6/f/5/7/Empetrum_nigrum/assembly/release/ddEmpNigr1.hap2.1/insdc/GCA_977035825.1.fa.gz	61040	below-min-len
CDRQJQ010000177.1	/lustre/scratch122/tol/data/8/a/6/f/5/7/Empetrum_nigrum/assembly/release/ddEmpNigr1.hap2.1/insdc/GCA_977035825.1.fa.gz	60456	below-min-len
CDRQJQ010000178.1	/lustre/scratch122/tol/data/8/a/6/f/5/7/Empetrum_nigrum/assembly/release/ddEmpNigr1.hap2.1/insdc/GCA_977035825.1.fa.gz	60358	below-min-len
CDRQJQ010000179.1	/lustre/scratch122/tol/data/8/a/6/f/5/7/Empetrum_nigrum/assembly/release/ddEmpNigr1.hap2.1/insdc/GCA_977035825.1.fa.gz	60126	below-min-len
CDRQJQ010000180.1	/lustre/scratch122/tol/data/8/a/6/f/5/7/Empetrum_nigrum/assembly/release/ddEmpNigr1.hap2.1/insdc/GCA_977035825.1.fa.gz	60000	below-min-len
CDRQJQ010000181.1	/lustre/scratch122/tol/data/8/a/6/f/5/7/Empetrum_nigrum/assembly/release/ddEmpNigr1.hap2.1/insdc/GCA_977035825.1.fa.gz	60000	below-min-len
CDRQJQ010000182.1	/lustre/scratch122/tol/data/8/a/6/f/5/7/Empetrum_nigrum/assembly/release/ddEmpNigr1.hap2.1/insdc/GCA_977035825.1.fa.gz	59678	below-min-len
CDRQJQ010000183.1	/lustre/scratch122/tol/data/8/a/6/f/5/7/Empetrum_nigrum/assembly/release/ddEmpNigr1.hap2.1/insdc/GCA_977035825.1.fa.gz	59564	below-min-len
CDRQJQ010000184.1	/lustre/scratch122/tol/data/8/a/6/f/5/7/Empetrum_nigrum/assembly/release/ddEmpNigr1.hap2.1/insdc/GCA_977035825.1.fa.gz	59298	below-min-len
CDRQJQ010000185.1	/lustre/scratch122/tol/data/8/a/6/f/5/7/Empetrum_nigrum/assembly/release/ddEmpNigr1.hap2.1/insdc/GCA_977035825.1.fa.gz	58488	below-min-len
CDRQJQ010000186.1	/lustre/scratch122/tol/data/8/a/6/f/5/7/Empetrum_nigrum/assembly/release/ddEmpNigr1.hap2.1/insdc/GCA_977035825.1.fa.gz	57670	below-min-len
CDRQJQ010000187.1	/lustre/scratch122/tol/data/8/a/6/f/5/7/Empetrum_nigrum/assembly/release/ddEmpNigr1.hap2.1/insdc/GCA_977035825.1.fa.gz	57311	below-min-len
CDRQJQ010000188.1	/lustre/scratch122/tol/data/8/a/6/f/5/7/Empetrum_nigrum/assembly/release/ddEmpNigr1.hap2.1/insdc/GCA_977035825.1.fa.gz	57237	below-min-len
CDRQJQ010000189.1	/lustre/scratch122/tol/data/8/a/6/f/5/7/Empetrum_nigrum/assembly/release/ddEmpNigr1.hap2.1/insdc/GCA_977035825.1.fa.gz	57160	below-min-len
CDRQJQ010000190.1	/lustre/scratch122/tol/data/8/a/6/f/5/7/Empetrum_nigrum/assembly/release/ddEmpNigr1.hap2.1/insdc/GCA_977035825.1.fa.gz	57118	below-min-len
CDRQJQ010000191.1	/lustre/scratch122/tol/data/8/a/6/f/5/7/Empetrum_nigrum/assembly/release/ddEmpNigr1.hap2.1/insdc/GCA_977035825.1.fa.gz	56958	below-min-len
CDRQJQ010000192.1	/lustre/scratch122/tol/data/8/a/6/f/5/7/Empetrum_nigrum/assembly/release/ddEmpNigr1.hap2.1/insdc/GCA_977035825.1.fa.gz	56349	below-min-len
CDRQJQ010000193.1	/lustre/scratch122/tol/data/8/a/6/f/5/7/Empetrum_nigrum/assembly/release/ddEmpNigr1.hap2.1/insdc/GCA_977035825.1.fa.gz	56277	below-min-len
CDRQJQ010000194.1	/lustre/scratch122/tol/data/8/a/6/f/5/7/Empetrum_nigrum/assembly/release/ddEmpNigr1.hap2.1/insdc/GCA_977035825.1.fa.gz	56110	below-min-len
CDRQJQ010000195.1	/lustre/scratch122/tol/data/8/a/6/f/5/7/Empetrum_nigrum/assembly/release/ddEmpNigr1.hap2.1/insdc/GCA_977035825.1.fa.gz	56000	below-min-len
CDRQJQ010000196.1	/lustre/scratch122/tol/data/8/a/6/f/5/7/Empetrum_nigrum/assembly/release/ddEmpNigr1.hap2.1/insdc/GCA_977035825.1.fa.gz	55316	below-min-len
CDRQJQ010000197.1	/lustre/scratch122/tol/data/8/a/6/f/5/7/Empetrum_nigrum/assembly/release/ddEmpNigr1.hap2.1/insdc/GCA_977035825.1.fa.gz	55258	below-min-len
CDRQJQ010000198.1	/lustre/scratch122/tol/data/8/a/6/f/5/7/Empetrum_nigrum/assembly/release/ddEmpNigr1.hap2.1/insdc/GCA_977035825.1.fa.gz	54923	below-min-len
CDRQJQ010000199.1	/lustre/scratch122/tol/data/8/a/6/f/5/7/Empetrum_nigrum/assembly/release/ddEmpNigr1.hap2.1/insdc/GCA_977035825.1.fa.gz	54635	below-min-len
CDRQJQ010000200.1	/lustre/scratch122/tol/data/8/a/6/f/5/7/Empetrum_nigrum/assembly/release/ddEmpNigr1.hap2.1/insdc/GCA_977035825.1.fa.gz	54543	below-min-len
CDRQJQ010000201.1	/lustre/scratch122/tol/data/8/a/6/f/5/7/Empetrum_nigrum/assembly/release/ddEmpNigr1.hap2.1/insdc/GCA_977035825.1.fa.gz	54188	below-min-len
CDRQJQ010000202.1	/lustre/scratch122/tol/data/8/a/6/f/5/7/Empetrum_nigrum/assembly/release/ddEmpNigr1.hap2.1/insdc/GCA_977035825.1.fa.gz	53668	below-min-len
CDRQJQ010000203.1	/lustre/scratch122/tol/data/8/a/6/f/5/7/Empetrum_nigrum/assembly/release/ddEmpNigr1.hap2.1/insdc/GCA_977035825.1.fa.gz	53194	below-min-len
CDRQJQ010000204.1	/lustre/scratch122/tol/data/8/a/6/f/5/7/Empetrum_nigrum/assembly/release/ddEmpNigr1.hap2.1/insdc/GCA_977035825.1.fa.gz	52883	below-min-len
CDRQJQ010000205.1	/lustre/scratch122/tol/data/8/a/6/f/5/7/Empetrum_nigrum/assembly/release/ddEmpNigr1.hap2.1/insdc/GCA_977035825.1.fa.gz	52337	below-min-len
CDRQJQ010000206.1	/lustre/scratch122/tol/data/8/a/6/f/5/7/Empetrum_nigrum/assembly/release/ddEmpNigr1.hap2.1/insdc/GCA_977035825.1.fa.gz	52208	below-min-len
CDRQJQ010000207.1	/lustre/scratch122/tol/data/8/a/6/f/5/7/Empetrum_nigrum/assembly/release/ddEmpNigr1.hap2.1/insdc/GCA_977035825.1.fa.gz	51809	below-min-len
CDRQJQ010000208.1	/lustre/scratch122/tol/data/8/a/6/f/5/7/Empetrum_nigrum/assembly/release/ddEmpNigr1.hap2.1/insdc/GCA_977035825.1.fa.gz	51322	below-min-len
CDRQJQ010000209.1	/lustre/scratch122/tol/data/8/a/6/f/5/7/Empetrum_nigrum/assembly/release/ddEmpNigr1.hap2.1/insdc/GCA_977035825.1.fa.gz	51187	below-min-len
CDRQJQ010000210.1	/lustre/scratch122/tol/data/8/a/6/f/5/7/Empetrum_nigrum/assembly/release/ddEmpNigr1.hap2.1/insdc/GCA_977035825.1.fa.gz	51159	below-min-len
CDRQJQ010000211.1	/lustre/scratch122/tol/data/8/a/6/f/5/7/Empetrum_nigrum/assembly/release/ddEmpNigr1.hap2.1/insdc/GCA_977035825.1.fa.gz	51000	below-min-len
CDRQJQ010000212.1	/lustre/scratch122/tol/data/8/a/6/f/5/7/Empetrum_nigrum/assembly/release/ddEmpNigr1.hap2.1/insdc/GCA_977035825.1.fa.gz	50760	below-min-len
CDRQJQ010000213.1	/lustre/scratch122/tol/data/8/a/6/f/5/7/Empetrum_nigrum/assembly/release/ddEmpNigr1.hap2.1/insdc/GCA_977035825.1.fa.gz	50670	below-min-len
CDRQJQ010000214.1	/lustre/scratch122/tol/data/8/a/6/f/5/7/Empetrum_nigrum/assembly/release/ddEmpNigr1.hap2.1/insdc/GCA_977035825.1.fa.gz	49848	below-min-len
CDRQJQ010000215.1	/lustre/scratch122/tol/data/8/a/6/f/5/7/Empetrum_nigrum/assembly/release/ddEmpNigr1.hap2.1/insdc/GCA_977035825.1.fa.gz	49804	below-min-len
CDRQJQ010000216.1	/lustre/scratch122/tol/data/8/a/6/f/5/7/Empetrum_nigrum/assembly/release/ddEmpNigr1.hap2.1/insdc/GCA_977035825.1.fa.gz	49567	below-min-len
CDRQJQ010000217.1	/lustre/scratch122/tol/data/8/a/6/f/5/7/Empetrum_nigrum/assembly/release/ddEmpNigr1.hap2.1/insdc/GCA_977035825.1.fa.gz	49518	below-min-len
CDRQJQ010000218.1	/lustre/scratch122/tol/data/8/a/6/f/5/7/Empetrum_nigrum/assembly/release/ddEmpNigr1.hap2.1/insdc/GCA_977035825.1.fa.gz	49000	below-min-len
CDRQJQ010000219.1	/lustre/scratch122/tol/data/8/a/6/f/5/7/Empetrum_nigrum/assembly/release/ddEmpNigr1.hap2.1/insdc/GCA_977035825.1.fa.gz	48767	below-min-len
CDRQJQ010000220.1	/lustre/scratch122/tol/data/8/a/6/f/5/7/Empetrum_nigrum/assembly/release/ddEmpNigr1.hap2.1/insdc/GCA_977035825.1.fa.gz	48650	below-min-len
CDRQJQ010000221.1	/lustre/scratch122/tol/data/8/a/6/f/5/7/Empetrum_nigrum/assembly/release/ddEmpNigr1.hap2.1/insdc/GCA_977035825.1.fa.gz	48295	below-min-len
CDRQJQ010000222.1	/lustre/scratch122/tol/data/8/a/6/f/5/7/Empetrum_nigrum/assembly/release/ddEmpNigr1.hap2.1/insdc/GCA_977035825.1.fa.gz	48276	below-min-len
CDRQJQ010000223.1	/lustre/scratch122/tol/data/8/a/6/f/5/7/Empetrum_nigrum/assembly/release/ddEmpNigr1.hap2.1/insdc/GCA_977035825.1.fa.gz	47840	below-min-len
CDRQJQ010000224.1	/lustre/scratch122/tol/data/8/a/6/f/5/7/Empetrum_nigrum/assembly/release/ddEmpNigr1.hap2.1/insdc/GCA_977035825.1.fa.gz	47735	below-min-len
CDRQJQ010000225.1	/lustre/scratch122/tol/data/8/a/6/f/5/7/Empetrum_nigrum/assembly/release/ddEmpNigr1.hap2.1/insdc/GCA_977035825.1.fa.gz	47449	below-min-len
CDRQJQ010000226.1	/lustre/scratch122/tol/data/8/a/6/f/5/7/Empetrum_nigrum/assembly/release/ddEmpNigr1.hap2.1/insdc/GCA_977035825.1.fa.gz	47000	below-min-len
CDRQJQ010000227.1	/lustre/scratch122/tol/data/8/a/6/f/5/7/Empetrum_nigrum/assembly/release/ddEmpNigr1.hap2.1/insdc/GCA_977035825.1.fa.gz	46989	below-min-len
CDRQJQ010000228.1	/lustre/scratch122/tol/data/8/a/6/f/5/7/Empetrum_nigrum/assembly/release/ddEmpNigr1.hap2.1/insdc/GCA_977035825.1.fa.gz	46695	below-min-len
CDRQJQ010000229.1	/lustre/scratch122/tol/data/8/a/6/f/5/7/Empetrum_nigrum/assembly/release/ddEmpNigr1.hap2.1/insdc/GCA_977035825.1.fa.gz	46637	below-min-len
CDRQJQ010000230.1	/lustre/scratch122/tol/data/8/a/6/f/5/7/Empetrum_nigrum/assembly/release/ddEmpNigr1.hap2.1/insdc/GCA_977035825.1.fa.gz	46563	below-min-len
CDRQJQ010000231.1	/lustre/scratch122/tol/data/8/a/6/f/5/7/Empetrum_nigrum/assembly/release/ddEmpNigr1.hap2.1/insdc/GCA_977035825.1.fa.gz	46521	below-min-len
CDRQJQ010000232.1	/lustre/scratch122/tol/data/8/a/6/f/5/7/Empetrum_nigrum/assembly/release/ddEmpNigr1.hap2.1/insdc/GCA_977035825.1.fa.gz	46152	below-min-len
CDRQJQ010000233.1	/lustre/scratch122/tol/data/8/a/6/f/5/7/Empetrum_nigrum/assembly/release/ddEmpNigr1.hap2.1/insdc/GCA_977035825.1.fa.gz	44046	below-min-len
CDRQJQ010000234.1	/lustre/scratch122/tol/data/8/a/6/f/5/7/Empetrum_nigrum/assembly/release/ddEmpNigr1.hap2.1/insdc/GCA_977035825.1.fa.gz	44014	below-min-len
CDRQJQ010000235.1	/lustre/scratch122/tol/data/8/a/6/f/5/7/Empetrum_nigrum/assembly/release/ddEmpNigr1.hap2.1/insdc/GCA_977035825.1.fa.gz	44000	below-min-len
CDRQJQ010000236.1	/lustre/scratch122/tol/data/8/a/6/f/5/7/Empetrum_nigrum/assembly/release/ddEmpNigr1.hap2.1/insdc/GCA_977035825.1.fa.gz	42775	below-min-len
CDRQJQ010000237.1	/lustre/scratch122/tol/data/8/a/6/f/5/7/Empetrum_nigrum/assembly/release/ddEmpNigr1.hap2.1/insdc/GCA_977035825.1.fa.gz	42726	below-min-len
CDRQJQ010000238.1	/lustre/scratch122/tol/data/8/a/6/f/5/7/Empetrum_nigrum/assembly/release/ddEmpNigr1.hap2.1/insdc/GCA_977035825.1.fa.gz	41659	below-min-len
CDRQJQ010000239.1	/lustre/scratch122/tol/data/8/a/6/f/5/7/Empetrum_nigrum/assembly/release/ddEmpNigr1.hap2.1/insdc/GCA_977035825.1.fa.gz	41593	below-min-len
CDRQJQ010000240.1	/lustre/scratch122/tol/data/8/a/6/f/5/7/Empetrum_nigrum/assembly/release/ddEmpNigr1.hap2.1/insdc/GCA_977035825.1.fa.gz	41475	below-min-len
CDRQJQ010000241.1	/lustre/scratch122/tol/data/8/a/6/f/5/7/Empetrum_nigrum/assembly/release/ddEmpNigr1.hap2.1/insdc/GCA_977035825.1.fa.gz	40779	below-min-len
CDRQJQ010000242.1	/lustre/scratch122/tol/data/8/a/6/f/5/7/Empetrum_nigrum/assembly/release/ddEmpNigr1.hap2.1/insdc/GCA_977035825.1.fa.gz	40580	below-min-len
CDRQJQ010000243.1	/lustre/scratch122/tol/data/8/a/6/f/5/7/Empetrum_nigrum/assembly/release/ddEmpNigr1.hap2.1/insdc/GCA_977035825.1.fa.gz	40416	below-min-len
CDRQJQ010000244.1	/lustre/scratch122/tol/data/8/a/6/f/5/7/Empetrum_nigrum/assembly/release/ddEmpNigr1.hap2.1/insdc/GCA_977035825.1.fa.gz	39917	below-min-len
CDRQJQ010000245.1	/lustre/scratch122/tol/data/8/a/6/f/5/7/Empetrum_nigrum/assembly/release/ddEmpNigr1.hap2.1/insdc/GCA_977035825.1.fa.gz	39865	below-min-len
CDRQJQ010000246.1	/lustre/scratch122/tol/data/8/a/6/f/5/7/Empetrum_nigrum/assembly/release/ddEmpNigr1.hap2.1/insdc/GCA_977035825.1.fa.gz	39707	below-min-len
CDRQJQ010000247.1	/lustre/scratch122/tol/data/8/a/6/f/5/7/Empetrum_nigrum/assembly/release/ddEmpNigr1.hap2.1/insdc/GCA_977035825.1.fa.gz	39473	below-min-len
CDRQJQ010000248.1	/lustre/scratch122/tol/data/8/a/6/f/5/7/Empetrum_nigrum/assembly/release/ddEmpNigr1.hap2.1/insdc/GCA_977035825.1.fa.gz	39197	below-min-len
CDRQJQ010000249.1	/lustre/scratch122/tol/data/8/a/6/f/5/7/Empetrum_nigrum/assembly/release/ddEmpNigr1.hap2.1/insdc/GCA_977035825.1.fa.gz	38751	below-min-len
CDRQJQ010000250.1	/lustre/scratch122/tol/data/8/a/6/f/5/7/Empetrum_nigrum/assembly/release/ddEmpNigr1.hap2.1/insdc/GCA_977035825.1.fa.gz	38749	below-min-len
CDRQJQ010000251.1	/lustre/scratch122/tol/data/8/a/6/f/5/7/Empetrum_nigrum/assembly/release/ddEmpNigr1.hap2.1/insdc/GCA_977035825.1.fa.gz	38540	below-min-len
CDRQJQ010000252.1	/lustre/scratch122/tol/data/8/a/6/f/5/7/Empetrum_nigrum/assembly/release/ddEmpNigr1.hap2.1/insdc/GCA_977035825.1.fa.gz	38131	below-min-len
CDRQJQ010000253.1	/lustre/scratch122/tol/data/8/a/6/f/5/7/Empetrum_nigrum/assembly/release/ddEmpNigr1.hap2.1/insdc/GCA_977035825.1.fa.gz	37369	below-min-len
CDRQJQ010000254.1	/lustre/scratch122/tol/data/8/a/6/f/5/7/Empetrum_nigrum/assembly/release/ddEmpNigr1.hap2.1/insdc/GCA_977035825.1.fa.gz	37341	below-min-len
CDRQJQ010000255.1	/lustre/scratch122/tol/data/8/a/6/f/5/7/Empetrum_nigrum/assembly/release/ddEmpNigr1.hap2.1/insdc/GCA_977035825.1.fa.gz	36853	below-min-len
CDRQJQ010000256.1	/lustre/scratch122/tol/data/8/a/6/f/5/7/Empetrum_nigrum/assembly/release/ddEmpNigr1.hap2.1/insdc/GCA_977035825.1.fa.gz	36837	below-min-len
CDRQJQ010000257.1	/lustre/scratch122/tol/data/8/a/6/f/5/7/Empetrum_nigrum/assembly/release/ddEmpNigr1.hap2.1/insdc/GCA_977035825.1.fa.gz	36666	below-min-len
CDRQJQ010000258.1	/lustre/scratch122/tol/data/8/a/6/f/5/7/Empetrum_nigrum/assembly/release/ddEmpNigr1.hap2.1/insdc/GCA_977035825.1.fa.gz	36641	below-min-len
CDRQJQ010000259.1	/lustre/scratch122/tol/data/8/a/6/f/5/7/Empetrum_nigrum/assembly/release/ddEmpNigr1.hap2.1/insdc/GCA_977035825.1.fa.gz	36505	below-min-len
CDRQJQ010000260.1	/lustre/scratch122/tol/data/8/a/6/f/5/7/Empetrum_nigrum/assembly/release/ddEmpNigr1.hap2.1/insdc/GCA_977035825.1.fa.gz	36457	below-min-len
CDRQJQ010000261.1	/lustre/scratch122/tol/data/8/a/6/f/5/7/Empetrum_nigrum/assembly/release/ddEmpNigr1.hap2.1/insdc/GCA_977035825.1.fa.gz	36360	below-min-len
CDRQJQ010000262.1	/lustre/scratch122/tol/data/8/a/6/f/5/7/Empetrum_nigrum/assembly/release/ddEmpNigr1.hap2.1/insdc/GCA_977035825.1.fa.gz	36344	below-min-len
CDRQJQ010000263.1	/lustre/scratch122/tol/data/8/a/6/f/5/7/Empetrum_nigrum/assembly/release/ddEmpNigr1.hap2.1/insdc/GCA_977035825.1.fa.gz	36059	below-min-len
CDRQJQ010000264.1	/lustre/scratch122/tol/data/8/a/6/f/5/7/Empetrum_nigrum/assembly/release/ddEmpNigr1.hap2.1/insdc/GCA_977035825.1.fa.gz	36000	below-min-len
CDRQJQ010000265.1	/lustre/scratch122/tol/data/8/a/6/f/5/7/Empetrum_nigrum/assembly/release/ddEmpNigr1.hap2.1/insdc/GCA_977035825.1.fa.gz	35851	below-min-len
CDRQJQ010000266.1	/lustre/scratch122/tol/data/8/a/6/f/5/7/Empetrum_nigrum/assembly/release/ddEmpNigr1.hap2.1/insdc/GCA_977035825.1.fa.gz	35687	below-min-len
CDRQJQ010000267.1	/lustre/scratch122/tol/data/8/a/6/f/5/7/Empetrum_nigrum/assembly/release/ddEmpNigr1.hap2.1/insdc/GCA_977035825.1.fa.gz	35000	below-min-len
CDRQJQ010000268.1	/lustre/scratch122/tol/data/8/a/6/f/5/7/Empetrum_nigrum/assembly/release/ddEmpNigr1.hap2.1/insdc/GCA_977035825.1.fa.gz	33670	below-min-len
CDRQJQ010000269.1	/lustre/scratch122/tol/data/8/a/6/f/5/7/Empetrum_nigrum/assembly/release/ddEmpNigr1.hap2.1/insdc/GCA_977035825.1.fa.gz	33000	below-min-len
CDRQJQ010000270.1	/lustre/scratch122/tol/data/8/a/6/f/5/7/Empetrum_nigrum/assembly/release/ddEmpNigr1.hap2.1/insdc/GCA_977035825.1.fa.gz	32844	below-min-len
CDRQJQ010000271.1	/lustre/scratch122/tol/data/8/a/6/f/5/7/Empetrum_nigrum/assembly/release/ddEmpNigr1.hap2.1/insdc/GCA_977035825.1.fa.gz	32568	below-min-len
CDRQJQ010000272.1	/lustre/scratch122/tol/data/8/a/6/f/5/7/Empetrum_nigrum/assembly/release/ddEmpNigr1.hap2.1/insdc/GCA_977035825.1.fa.gz	32296	below-min-len
CDRQJQ010000273.1	/lustre/scratch122/tol/data/8/a/6/f/5/7/Empetrum_nigrum/assembly/release/ddEmpNigr1.hap2.1/insdc/GCA_977035825.1.fa.gz	32081	below-min-len
CDRQJQ010000274.1	/lustre/scratch122/tol/data/8/a/6/f/5/7/Empetrum_nigrum/assembly/release/ddEmpNigr1.hap2.1/insdc/GCA_977035825.1.fa.gz	31916	below-min-len
CDRQJQ010000275.1	/lustre/scratch122/tol/data/8/a/6/f/5/7/Empetrum_nigrum/assembly/release/ddEmpNigr1.hap2.1/insdc/GCA_977035825.1.fa.gz	31854	below-min-len
CDRQJQ010000276.1	/lustre/scratch122/tol/data/8/a/6/f/5/7/Empetrum_nigrum/assembly/release/ddEmpNigr1.hap2.1/insdc/GCA_977035825.1.fa.gz	31738	below-min-len
CDRQJQ010000277.1	/lustre/scratch122/tol/data/8/a/6/f/5/7/Empetrum_nigrum/assembly/release/ddEmpNigr1.hap2.1/insdc/GCA_977035825.1.fa.gz	31692	below-min-len
CDRQJQ010000278.1	/lustre/scratch122/tol/data/8/a/6/f/5/7/Empetrum_nigrum/assembly/release/ddEmpNigr1.hap2.1/insdc/GCA_977035825.1.fa.gz	31414	below-min-len
CDRQJQ010000279.1	/lustre/scratch122/tol/data/8/a/6/f/5/7/Empetrum_nigrum/assembly/release/ddEmpNigr1.hap2.1/insdc/GCA_977035825.1.fa.gz	31289	below-min-len
CDRQJQ010000280.1	/lustre/scratch122/tol/data/8/a/6/f/5/7/Empetrum_nigrum/assembly/release/ddEmpNigr1.hap2.1/insdc/GCA_977035825.1.fa.gz	31272	below-min-len
CDRQJQ010000281.1	/lustre/scratch122/tol/data/8/a/6/f/5/7/Empetrum_nigrum/assembly/release/ddEmpNigr1.hap2.1/insdc/GCA_977035825.1.fa.gz	30739	below-min-len
CDRQJQ010000282.1	/lustre/scratch122/tol/data/8/a/6/f/5/7/Empetrum_nigrum/assembly/release/ddEmpNigr1.hap2.1/insdc/GCA_977035825.1.fa.gz	29955	below-min-len
CDRQJQ010000283.1	/lustre/scratch122/tol/data/8/a/6/f/5/7/Empetrum_nigrum/assembly/release/ddEmpNigr1.hap2.1/insdc/GCA_977035825.1.fa.gz	29733	below-min-len
CDRQJQ010000284.1	/lustre/scratch122/tol/data/8/a/6/f/5/7/Empetrum_nigrum/assembly/release/ddEmpNigr1.hap2.1/insdc/GCA_977035825.1.fa.gz	28966	below-min-len
CDRQJQ010000285.1	/lustre/scratch122/tol/data/8/a/6/f/5/7/Empetrum_nigrum/assembly/release/ddEmpNigr1.hap2.1/insdc/GCA_977035825.1.fa.gz	28741	below-min-len
CDRQJQ010000286.1	/lustre/scratch122/tol/data/8/a/6/f/5/7/Empetrum_nigrum/assembly/release/ddEmpNigr1.hap2.1/insdc/GCA_977035825.1.fa.gz	28323	below-min-len
CDRQJQ010000287.1	/lustre/scratch122/tol/data/8/a/6/f/5/7/Empetrum_nigrum/assembly/release/ddEmpNigr1.hap2.1/insdc/GCA_977035825.1.fa.gz	28000	below-min-len
CDRQJQ010000288.1	/lustre/scratch122/tol/data/8/a/6/f/5/7/Empetrum_nigrum/assembly/release/ddEmpNigr1.hap2.1/insdc/GCA_977035825.1.fa.gz	26715	below-min-len
CDRQJQ010000289.1	/lustre/scratch122/tol/data/8/a/6/f/5/7/Empetrum_nigrum/assembly/release/ddEmpNigr1.hap2.1/insdc/GCA_977035825.1.fa.gz	26681	below-min-len
CDRQJQ010000290.1	/lustre/scratch122/tol/data/8/a/6/f/5/7/Empetrum_nigrum/assembly/release/ddEmpNigr1.hap2.1/insdc/GCA_977035825.1.fa.gz	26645	below-min-len
CDRQJQ010000291.1	/lustre/scratch122/tol/data/8/a/6/f/5/7/Empetrum_nigrum/assembly/release/ddEmpNigr1.hap2.1/insdc/GCA_977035825.1.fa.gz	26594	below-min-len
CDRQJQ010000292.1	/lustre/scratch122/tol/data/8/a/6/f/5/7/Empetrum_nigrum/assembly/release/ddEmpNigr1.hap2.1/insdc/GCA_977035825.1.fa.gz	26465	below-min-len
CDRQJQ010000293.1	/lustre/scratch122/tol/data/8/a/6/f/5/7/Empetrum_nigrum/assembly/release/ddEmpNigr1.hap2.1/insdc/GCA_977035825.1.fa.gz	26004	below-min-len
CDRQJQ010000294.1	/lustre/scratch122/tol/data/8/a/6/f/5/7/Empetrum_nigrum/assembly/release/ddEmpNigr1.hap2.1/insdc/GCA_977035825.1.fa.gz	25927	below-min-len
CDRQJQ010000295.1	/lustre/scratch122/tol/data/8/a/6/f/5/7/Empetrum_nigrum/assembly/release/ddEmpNigr1.hap2.1/insdc/GCA_977035825.1.fa.gz	25909	below-min-len
CDRQJQ010000296.1	/lustre/scratch122/tol/data/8/a/6/f/5/7/Empetrum_nigrum/assembly/release/ddEmpNigr1.hap2.1/insdc/GCA_977035825.1.fa.gz	24397	below-min-len
CDRQJQ010000297.1	/lustre/scratch122/tol/data/8/a/6/f/5/7/Empetrum_nigrum/assembly/release/ddEmpNigr1.hap2.1/insdc/GCA_977035825.1.fa.gz	23568	below-min-len
CDRQJQ010000298.1	/lustre/scratch122/tol/data/8/a/6/f/5/7/Empetrum_nigrum/assembly/release/ddEmpNigr1.hap2.1/insdc/GCA_977035825.1.fa.gz	23165	below-min-len
CDRQJQ010000299.1	/lustre/scratch122/tol/data/8/a/6/f/5/7/Empetrum_nigrum/assembly/release/ddEmpNigr1.hap2.1/insdc/GCA_977035825.1.fa.gz	23059	below-min-len
CDRQJQ010000300.1	/lustre/scratch122/tol/data/8/a/6/f/5/7/Empetrum_nigrum/assembly/release/ddEmpNigr1.hap2.1/insdc/GCA_977035825.1.fa.gz	22979	below-min-len
CDRQJQ010000301.1	/lustre/scratch122/tol/data/8/a/6/f/5/7/Empetrum_nigrum/assembly/release/ddEmpNigr1.hap2.1/insdc/GCA_977035825.1.fa.gz	22606	below-min-len
CDRQJQ010000302.1	/lustre/scratch122/tol/data/8/a/6/f/5/7/Empetrum_nigrum/assembly/release/ddEmpNigr1.hap2.1/insdc/GCA_977035825.1.fa.gz	22424	below-min-len
CDRQJQ010000303.1	/lustre/scratch122/tol/data/8/a/6/f/5/7/Empetrum_nigrum/assembly/release/ddEmpNigr1.hap2.1/insdc/GCA_977035825.1.fa.gz	22206	below-min-len
CDRQJQ010000304.1	/lustre/scratch122/tol/data/8/a/6/f/5/7/Empetrum_nigrum/assembly/release/ddEmpNigr1.hap2.1/insdc/GCA_977035825.1.fa.gz	21865	below-min-len
CDRQJQ010000305.1	/lustre/scratch122/tol/data/8/a/6/f/5/7/Empetrum_nigrum/assembly/release/ddEmpNigr1.hap2.1/insdc/GCA_977035825.1.fa.gz	21268	below-min-len
CDRQJQ010000306.1	/lustre/scratch122/tol/data/8/a/6/f/5/7/Empetrum_nigrum/assembly/release/ddEmpNigr1.hap2.1/insdc/GCA_977035825.1.fa.gz	20942	below-min-len
CDRQJQ010000307.1	/lustre/scratch122/tol/data/8/a/6/f/5/7/Empetrum_nigrum/assembly/release/ddEmpNigr1.hap2.1/insdc/GCA_977035825.1.fa.gz	20579	below-min-len
CDRQJQ010000308.1	/lustre/scratch122/tol/data/8/a/6/f/5/7/Empetrum_nigrum/assembly/release/ddEmpNigr1.hap2.1/insdc/GCA_977035825.1.fa.gz	19946	below-min-len
CDRQJQ010000309.1	/lustre/scratch122/tol/data/8/a/6/f/5/7/Empetrum_nigrum/assembly/release/ddEmpNigr1.hap2.1/insdc/GCA_977035825.1.fa.gz	19753	below-min-len
CDRQJQ010000310.1	/lustre/scratch122/tol/data/8/a/6/f/5/7/Empetrum_nigrum/assembly/release/ddEmpNigr1.hap2.1/insdc/GCA_977035825.1.fa.gz	19540	below-min-len
CDRQJQ010000311.1	/lustre/scratch122/tol/data/8/a/6/f/5/7/Empetrum_nigrum/assembly/release/ddEmpNigr1.hap2.1/insdc/GCA_977035825.1.fa.gz	19331	below-min-len
CDRQJQ010000312.1	/lustre/scratch122/tol/data/8/a/6/f/5/7/Empetrum_nigrum/assembly/release/ddEmpNigr1.hap2.1/insdc/GCA_977035825.1.fa.gz	19228	below-min-len
CDRQJQ010000313.1	/lustre/scratch122/tol/data/8/a/6/f/5/7/Empetrum_nigrum/assembly/release/ddEmpNigr1.hap2.1/insdc/GCA_977035825.1.fa.gz	19001	below-min-len
CDRQJQ010000314.1	/lustre/scratch122/tol/data/8/a/6/f/5/7/Empetrum_nigrum/assembly/release/ddEmpNigr1.hap2.1/insdc/GCA_977035825.1.fa.gz	19000	below-min-len
CDRQJQ010000315.1	/lustre/scratch122/tol/data/8/a/6/f/5/7/Empetrum_nigrum/assembly/release/ddEmpNigr1.hap2.1/insdc/GCA_977035825.1.fa.gz	18856	below-min-len
CDRQJQ010000316.1	/lustre/scratch122/tol/data/8/a/6/f/5/7/Empetrum_nigrum/assembly/release/ddEmpNigr1.hap2.1/insdc/GCA_977035825.1.fa.gz	18615	below-min-len
CDRQJQ010000317.1	/lustre/scratch122/tol/data/8/a/6/f/5/7/Empetrum_nigrum/assembly/release/ddEmpNigr1.hap2.1/insdc/GCA_977035825.1.fa.gz	18000	below-min-len
CDRQJQ010000318.1	/lustre/scratch122/tol/data/8/a/6/f/5/7/Empetrum_nigrum/assembly/release/ddEmpNigr1.hap2.1/insdc/GCA_977035825.1.fa.gz	17145	below-min-len
CDRQJQ010000319.1	/lustre/scratch122/tol/data/8/a/6/f/5/7/Empetrum_nigrum/assembly/release/ddEmpNigr1.hap2.1/insdc/GCA_977035825.1.fa.gz	17000	below-min-len
CDRQJQ010000320.1	/lustre/scratch122/tol/data/8/a/6/f/5/7/Empetrum_nigrum/assembly/release/ddEmpNigr1.hap2.1/insdc/GCA_977035825.1.fa.gz	16967	below-min-len
CDRQJQ010000321.1	/lustre/scratch122/tol/data/8/a/6/f/5/7/Empetrum_nigrum/assembly/release/ddEmpNigr1.hap2.1/insdc/GCA_977035825.1.fa.gz	16882	below-min-len
CDRQJQ010000322.1	/lustre/scratch122/tol/data/8/a/6/f/5/7/Empetrum_nigrum/assembly/release/ddEmpNigr1.hap2.1/insdc/GCA_977035825.1.fa.gz	16592	below-min-len
CDRQJQ010000323.1	/lustre/scratch122/tol/data/8/a/6/f/5/7/Empetrum_nigrum/assembly/release/ddEmpNigr1.hap2.1/insdc/GCA_977035825.1.fa.gz	15687	below-min-len
CDRQJQ010000324.1	/lustre/scratch122/tol/data/8/a/6/f/5/7/Empetrum_nigrum/assembly/release/ddEmpNigr1.hap2.1/insdc/GCA_977035825.1.fa.gz	13669	below-min-len
CDRQJQ010000325.1	/lustre/scratch122/tol/data/8/a/6/f/5/7/Empetrum_nigrum/assembly/release/ddEmpNigr1.hap2.1/insdc/GCA_977035825.1.fa.gz	12811	below-min-len
CDRQJQ010000326.1	/lustre/scratch122/tol/data/8/a/6/f/5/7/Empetrum_nigrum/assembly/release/ddEmpNigr1.hap2.1/insdc/GCA_977035825.1.fa.gz	12157	below-min-len
CDRQJQ010000327.1	/lustre/scratch122/tol/data/8/a/6/f/5/7/Empetrum_nigrum/assembly/release/ddEmpNigr1.hap2.1/insdc/GCA_977035825.1.fa.gz	11817	below-min-len
CDRQJQ010000328.1	/lustre/scratch122/tol/data/8/a/6/f/5/7/Empetrum_nigrum/assembly/release/ddEmpNigr1.hap2.1/insdc/GCA_977035825.1.fa.gz	11179	below-min-len
CDRQJQ010000329.1	/lustre/scratch122/tol/data/8/a/6/f/5/7/Empetrum_nigrum/assembly/release/ddEmpNigr1.hap2.1/insdc/GCA_977035825.1.fa.gz	9669	below-min-len
CDRQJQ010000330.1	/lustre/scratch122/tol/data/8/a/6/f/5/7/Empetrum_nigrum/assembly/release/ddEmpNigr1.hap2.1/insdc/GCA_977035825.1.fa.gz	8280	below-min-len
CDRQJQ010000331.1	/lustre/scratch122/tol/data/8/a/6/f/5/7/Empetrum_nigrum/assembly/release/ddEmpNigr1.hap2.1/insdc/GCA_977035825.1.fa.gz	7575	below-min-len
CDRQJQ010000332.1	/lustre/scratch122/tol/data/8/a/6/f/5/7/Empetrum_nigrum/assembly/release/ddEmpNigr1.hap2.1/insdc/GCA_977035825.1.fa.gz	2000	below-min-len
CDRQJQ010000333.1	/lustre/scratch122/tol/data/8/a/6/f/5/7/Empetrum_nigrum/assembly/release/ddEmpNigr1.hap2.1/insdc/GCA_977035825.1.fa.gz	2000	below-min-len
CDRQJQ010000334.1	/lustre/scratch122/tol/data/8/a/6/f/5/7/Empetrum_nigrum/assembly/release/ddEmpNigr1.hap2.1/insdc/GCA_977035825.1.fa.gz	1000	below-min-len
CDRQJQ010000335.1	/lustre/scratch122/tol/data/8/a/6/f/5/7/Empetrum_nigrum/assembly/release/ddEmpNigr1.hap2.1/insdc/GCA_977035825.1.fa.gz	1000	below-min-len
CDRQJQ010000336.1	/lustre/scratch122/tol/data/8/a/6/f/5/7/Empetrum_nigrum/assembly/release/ddEmpNigr1.hap2.1/insdc/GCA_977035825.1.fa.gz	1000	below-min-len
CDRQJQ010000337.1	/lustre/scratch122/tol/data/8/a/6/f/5/7/Empetrum_nigrum/assembly/release/ddEmpNigr1.hap2.1/insdc/GCA_977035825.1.fa.gz	1000	below-min-len
CDRQJQ010000339.1	/lustre/scratch122/tol/data/8/a/6/f/5/7/Empetrum_nigrum/assembly/release/ddEmpNigr1.hap2.1/insdc/GCA_977035825.1.fa.gz	497000	below-min-len
CDRQJQ010000340.1	/lustre/scratch122/tol/data/8/a/6/f/5/7/Empetrum_nigrum/assembly/release/ddEmpNigr1.hap2.1/insdc/GCA_977035825.1.fa.gz	384000	below-min-len
CDRQJQ010000341.1	/lustre/scratch122/tol/data/8/a/6/f/5/7/Empetrum_nigrum/assembly/release/ddEmpNigr1.hap2.1/insdc/GCA_977035825.1.fa.gz	314919	below-min-len
CDRQJQ010000342.1	/lustre/scratch122/tol/data/8/a/6/f/5/7/Empetrum_nigrum/assembly/release/ddEmpNigr1.hap2.1/insdc/GCA_977035825.1.fa.gz	65700	below-min-len
CDRQJQ010000358.1	/lustre/scratch122/tol/data/8/a/6/f/5/7/Empetrum_nigrum/assembly/release/ddEmpNigr1.hap2.1/insdc/GCA_977035825.1.fa.gz	740216	below-min-len
CDRQJQ010000359.1	/lustre/scratch122/tol/data/8/a/6/f/5/7/Empetrum_nigrum/assembly/release/ddEmpNigr1.hap2.1/insdc/GCA_977035825.1.fa.gz	577328	below-min-len
CDRQJQ010000360.1	/lustre/scratch122/tol/data/8/a/6/f/5/7/Empetrum_nigrum/assembly/release/ddEmpNigr1.hap2.1/insdc/GCA_977035825.1.fa.gz	523015	below-min-len
CDRQJQ010000361.1	/lustre/scratch122/tol/data/8/a/6/f/5/7/Empetrum_nigrum/assembly/release/ddEmpNigr1.hap2.1/insdc/GCA_977035825.1.fa.gz	450743	below-min-len
CDRQJQ010000362.1	/lustre/scratch122/tol/data/8/a/6/f/5/7/Empetrum_nigrum/assembly/release/ddEmpNigr1.hap2.1/insdc/GCA_977035825.1.fa.gz	439742	below-min-len
CDRQJQ010000363.1	/lustre/scratch122/tol/data/8/a/6/f/5/7/Empetrum_nigrum/assembly/release/ddEmpNigr1.hap2.1/insdc/GCA_977035825.1.fa.gz	412500	below-min-len
CDRQJQ010000364.1	/lustre/scratch122/tol/data/8/a/6/f/5/7/Empetrum_nigrum/assembly/release/ddEmpNigr1.hap2.1/insdc/GCA_977035825.1.fa.gz	371787	below-min-len
CDRQJQ010000365.1	/lustre/scratch122/tol/data/8/a/6/f/5/7/Empetrum_nigrum/assembly/release/ddEmpNigr1.hap2.1/insdc/GCA_977035825.1.fa.gz	356367	below-min-len
CDRQJQ010000366.1	/lustre/scratch122/tol/data/8/a/6/f/5/7/Empetrum_nigrum/assembly/release/ddEmpNigr1.hap2.1/insdc/GCA_977035825.1.fa.gz	323558	below-min-len
CDRQJQ010000367.1	/lustre/scratch122/tol/data/8/a/6/f/5/7/Empetrum_nigrum/assembly/release/ddEmpNigr1.hap2.1/insdc/GCA_977035825.1.fa.gz	294404	below-min-len
CDRQJQ010000368.1	/lustre/scratch122/tol/data/8/a/6/f/5/7/Empetrum_nigrum/assembly/release/ddEmpNigr1.hap2.1/insdc/GCA_977035825.1.fa.gz	263966	below-min-len
CDRQJQ010000369.1	/lustre/scratch122/tol/data/8/a/6/f/5/7/Empetrum_nigrum/assembly/release/ddEmpNigr1.hap2.1/insdc/GCA_977035825.1.fa.gz	254644	below-min-len
CDRQJQ010000370.1	/lustre/scratch122/tol/data/8/a/6/f/5/7/Empetrum_nigrum/assembly/release/ddEmpNigr1.hap2.1/insdc/GCA_977035825.1.fa.gz	253736	below-min-len
CDRQJQ010000371.1	/lustre/scratch122/tol/data/8/a/6/f/5/7/Empetrum_nigrum/assembly/release/ddEmpNigr1.hap2.1/insdc/GCA_977035825.1.fa.gz	223615	below-min-len
CDRQJQ010000372.1	/lustre/scratch122/tol/data/8/a/6/f/5/7/Empetrum_nigrum/assembly/release/ddEmpNigr1.hap2.1/insdc/GCA_977035825.1.fa.gz	215408	below-min-len
CDRQJQ010000373.1	/lustre/scratch122/tol/data/8/a/6/f/5/7/Empetrum_nigrum/assembly/release/ddEmpNigr1.hap2.1/insdc/GCA_977035825.1.fa.gz	207254	below-min-len
CDRQJQ010000374.1	/lustre/scratch122/tol/data/8/a/6/f/5/7/Empetrum_nigrum/assembly/release/ddEmpNigr1.hap2.1/insdc/GCA_977035825.1.fa.gz	204963	below-min-len
CDRQJQ010000375.1	/lustre/scratch122/tol/data/8/a/6/f/5/7/Empetrum_nigrum/assembly/release/ddEmpNigr1.hap2.1/insdc/GCA_977035825.1.fa.gz	193777	below-min-len
CDRQJQ010000376.1	/lustre/scratch122/tol/data/8/a/6/f/5/7/Empetrum_nigrum/assembly/release/ddEmpNigr1.hap2.1/insdc/GCA_977035825.1.fa.gz	180674	below-min-len
CDRQJQ010000377.1	/lustre/scratch122/tol/data/8/a/6/f/5/7/Empetrum_nigrum/assembly/release/ddEmpNigr1.hap2.1/insdc/GCA_977035825.1.fa.gz	160502	below-min-len
CDRQJQ010000378.1	/lustre/scratch122/tol/data/8/a/6/f/5/7/Empetrum_nigrum/assembly/release/ddEmpNigr1.hap2.1/insdc/GCA_977035825.1.fa.gz	157379	below-min-len
CDRQJQ010000379.1	/lustre/scratch122/tol/data/8/a/6/f/5/7/Empetrum_nigrum/assembly/release/ddEmpNigr1.hap2.1/insdc/GCA_977035825.1.fa.gz	153246	below-min-len
CDRQJQ010000380.1	/lustre/scratch122/tol/data/8/a/6/f/5/7/Empetrum_nigrum/assembly/release/ddEmpNigr1.hap2.1/insdc/GCA_977035825.1.fa.gz	152040	below-min-len
CDRQJQ010000381.1	/lustre/scratch122/tol/data/8/a/6/f/5/7/Empetrum_nigrum/assembly/release/ddEmpNigr1.hap2.1/insdc/GCA_977035825.1.fa.gz	150496	below-min-len
CDRQJQ010000382.1	/lustre/scratch122/tol/data/8/a/6/f/5/7/Empetrum_nigrum/assembly/release/ddEmpNigr1.hap2.1/insdc/GCA_977035825.1.fa.gz	150285	below-min-len
CDRQJQ010000383.1	/lustre/scratch122/tol/data/8/a/6/f/5/7/Empetrum_nigrum/assembly/release/ddEmpNigr1.hap2.1/insdc/GCA_977035825.1.fa.gz	150213	below-min-len
CDRQJQ010000384.1	/lustre/scratch122/tol/data/8/a/6/f/5/7/Empetrum_nigrum/assembly/release/ddEmpNigr1.hap2.1/insdc/GCA_977035825.1.fa.gz	123695	below-min-len
CDRQJQ010000385.1	/lustre/scratch122/tol/data/8/a/6/f/5/7/Empetrum_nigrum/assembly/release/ddEmpNigr1.hap2.1/insdc/GCA_977035825.1.fa.gz	122888	below-min-len
CDRQJQ010000386.1	/lustre/scratch122/tol/data/8/a/6/f/5/7/Empetrum_nigrum/assembly/release/ddEmpNigr1.hap2.1/insdc/GCA_977035825.1.fa.gz	119099	below-min-len
CDRQJQ010000387.1	/lustre/scratch122/tol/data/8/a/6/f/5/7/Empetrum_nigrum/assembly/release/ddEmpNigr1.hap2.1/insdc/GCA_977035825.1.fa.gz	118602	below-min-len
CDRQJQ010000388.1	/lustre/scratch122/tol/data/8/a/6/f/5/7/Empetrum_nigrum/assembly/release/ddEmpNigr1.hap2.1/insdc/GCA_977035825.1.fa.gz	113421	below-min-len
CDRQJQ010000389.1	/lustre/scratch122/tol/data/8/a/6/f/5/7/Empetrum_nigrum/assembly/release/ddEmpNigr1.hap2.1/insdc/GCA_977035825.1.fa.gz	96812	below-min-len
CDRQJQ010000390.1	/lustre/scratch122/tol/data/8/a/6/f/5/7/Empetrum_nigrum/assembly/release/ddEmpNigr1.hap2.1/insdc/GCA_977035825.1.fa.gz	96633	below-min-len
CDRQJQ010000391.1	/lustre/scratch122/tol/data/8/a/6/f/5/7/Empetrum_nigrum/assembly/release/ddEmpNigr1.hap2.1/insdc/GCA_977035825.1.fa.gz	95255	below-min-len
CDRQJQ010000392.1	/lustre/scratch122/tol/data/8/a/6/f/5/7/Empetrum_nigrum/assembly/release/ddEmpNigr1.hap2.1/insdc/GCA_977035825.1.fa.gz	95179	below-min-len
CDRQJQ010000393.1	/lustre/scratch122/tol/data/8/a/6/f/5/7/Empetrum_nigrum/assembly/release/ddEmpNigr1.hap2.1/insdc/GCA_977035825.1.fa.gz	92820	below-min-len
CDRQJQ010000394.1	/lustre/scratch122/tol/data/8/a/6/f/5/7/Empetrum_nigrum/assembly/release/ddEmpNigr1.hap2.1/insdc/GCA_977035825.1.fa.gz	91274	below-min-len
CDRQJQ010000395.1	/lustre/scratch122/tol/data/8/a/6/f/5/7/Empetrum_nigrum/assembly/release/ddEmpNigr1.hap2.1/insdc/GCA_977035825.1.fa.gz	90462	below-min-len
CDRQJQ010000396.1	/lustre/scratch122/tol/data/8/a/6/f/5/7/Empetrum_nigrum/assembly/release/ddEmpNigr1.hap2.1/insdc/GCA_977035825.1.fa.gz	83457	below-min-len
CDRQJQ010000397.1	/lustre/scratch122/tol/data/8/a/6/f/5/7/Empetrum_nigrum/assembly/release/ddEmpNigr1.hap2.1/insdc/GCA_977035825.1.fa.gz	82000	below-min-len
CDRQJQ010000398.1	/lustre/scratch122/tol/data/8/a/6/f/5/7/Empetrum_nigrum/assembly/release/ddEmpNigr1.hap2.1/insdc/GCA_977035825.1.fa.gz	74645	below-min-len
CDRQJQ010000399.1	/lustre/scratch122/tol/data/8/a/6/f/5/7/Empetrum_nigrum/assembly/release/ddEmpNigr1.hap2.1/insdc/GCA_977035825.1.fa.gz	71112	below-min-len
CDRQJQ010000400.1	/lustre/scratch122/tol/data/8/a/6/f/5/7/Empetrum_nigrum/assembly/release/ddEmpNigr1.hap2.1/insdc/GCA_977035825.1.fa.gz	65700	below-min-len
CDRQJQ010000401.1	/lustre/scratch122/tol/data/8/a/6/f/5/7/Empetrum_nigrum/assembly/release/ddEmpNigr1.hap2.1/insdc/GCA_977035825.1.fa.gz	65313	below-min-len
CDRQJQ010000402.1	/lustre/scratch122/tol/data/8/a/6/f/5/7/Empetrum_nigrum/assembly/release/ddEmpNigr1.hap2.1/insdc/GCA_977035825.1.fa.gz	61992	below-min-len
CDRQJQ010000403.1	/lustre/scratch122/tol/data/8/a/6/f/5/7/Empetrum_nigrum/assembly/release/ddEmpNigr1.hap2.1/insdc/GCA_977035825.1.fa.gz	61845	below-min-len
CDRQJQ010000404.1	/lustre/scratch122/tol/data/8/a/6/f/5/7/Empetrum_nigrum/assembly/release/ddEmpNigr1.hap2.1/insdc/GCA_977035825.1.fa.gz	59182	below-min-len
CDRQJQ010000405.1	/lustre/scratch122/tol/data/8/a/6/f/5/7/Empetrum_nigrum/assembly/release/ddEmpNigr1.hap2.1/insdc/GCA_977035825.1.fa.gz	59120	below-min-len
CDRQJQ010000406.1	/lustre/scratch122/tol/data/8/a/6/f/5/7/Empetrum_nigrum/assembly/release/ddEmpNigr1.hap2.1/insdc/GCA_977035825.1.fa.gz	57890	below-min-len
CDRQJQ010000407.1	/lustre/scratch122/tol/data/8/a/6/f/5/7/Empetrum_nigrum/assembly/release/ddEmpNigr1.hap2.1/insdc/GCA_977035825.1.fa.gz	56678	below-min-len
CDRQJQ010000408.1	/lustre/scratch122/tol/data/8/a/6/f/5/7/Empetrum_nigrum/assembly/release/ddEmpNigr1.hap2.1/insdc/GCA_977035825.1.fa.gz	52746	below-min-len
CDRQJQ010000409.1	/lustre/scratch122/tol/data/8/a/6/f/5/7/Empetrum_nigrum/assembly/release/ddEmpNigr1.hap2.1/insdc/GCA_977035825.1.fa.gz	52269	below-min-len
CDRQJQ010000410.1	/lustre/scratch122/tol/data/8/a/6/f/5/7/Empetrum_nigrum/assembly/release/ddEmpNigr1.hap2.1/insdc/GCA_977035825.1.fa.gz	47006	below-min-len
CDRQJQ010000413.1	/lustre/scratch122/tol/data/8/a/6/f/5/7/Empetrum_nigrum/assembly/release/ddEmpNigr1.hap2.1/insdc/GCA_977035825.1.fa.gz	1511102	no-chrom-match
CDRQJQ010000422.1	/lustre/scratch122/tol/data/8/a/6/f/5/7/Empetrum_nigrum/assembly/release/ddEmpNigr1.hap2.1/insdc/GCA_977035825.1.fa.gz	382248	below-min-len
CDRQJQ010000423.1	/lustre/scratch122/tol/data/8/a/6/f/5/7/Empetrum_nigrum/assembly/release/ddEmpNigr1.hap2.1/insdc/GCA_977035825.1.fa.gz	306759	below-min-len
CDRQJQ010000424.1	/lustre/scratch122/tol/data/8/a/6/f/5/7/Empetrum_nigrum/assembly/release/ddEmpNigr1.hap2.1/insdc/GCA_977035825.1.fa.gz	259167	below-min-len
CDRQJQ010000425.1	/lustre/scratch122/tol/data/8/a/6/f/5/7/Empetrum_nigrum/assembly/release/ddEmpNigr1.hap2.1/insdc/GCA_977035825.1.fa.gz	213041	below-min-len
CDRQJQ010000426.1	/lustre/scratch122/tol/data/8/a/6/f/5/7/Empetrum_nigrum/assembly/release/ddEmpNigr1.hap2.1/insdc/GCA_977035825.1.fa.gz	195787	below-min-len
CDRQJQ010000427.1	/lustre/scratch122/tol/data/8/a/6/f/5/7/Empetrum_nigrum/assembly/release/ddEmpNigr1.hap2.1/insdc/GCA_977035825.1.fa.gz	192360	below-min-len
CDRQJQ010000428.1	/lustre/scratch122/tol/data/8/a/6/f/5/7/Empetrum_nigrum/assembly/release/ddEmpNigr1.hap2.1/insdc/GCA_977035825.1.fa.gz	171879	below-min-len
CDRQJQ010000429.1	/lustre/scratch122/tol/data/8/a/6/f/5/7/Empetrum_nigrum/assembly/release/ddEmpNigr1.hap2.1/insdc/GCA_977035825.1.fa.gz	150292	below-min-len
CDRQJQ010000430.1	/lustre/scratch122/tol/data/8/a/6/f/5/7/Empetrum_nigrum/assembly/release/ddEmpNigr1.hap2.1/insdc/GCA_977035825.1.fa.gz	132080	below-min-len
CDRQJQ010000431.1	/lustre/scratch122/tol/data/8/a/6/f/5/7/Empetrum_nigrum/assembly/release/ddEmpNigr1.hap2.1/insdc/GCA_977035825.1.fa.gz	131046	below-min-len
CDRQJQ010000432.1	/lustre/scratch122/tol/data/8/a/6/f/5/7/Empetrum_nigrum/assembly/release/ddEmpNigr1.hap2.1/insdc/GCA_977035825.1.fa.gz	120315	below-min-len
CDRQJQ010000433.1	/lustre/scratch122/tol/data/8/a/6/f/5/7/Empetrum_nigrum/assembly/release/ddEmpNigr1.hap2.1/insdc/GCA_977035825.1.fa.gz	113000	below-min-len
CDRQJQ010000434.1	/lustre/scratch122/tol/data/8/a/6/f/5/7/Empetrum_nigrum/assembly/release/ddEmpNigr1.hap2.1/insdc/GCA_977035825.1.fa.gz	109132	below-min-len
CDRQJQ010000435.1	/lustre/scratch122/tol/data/8/a/6/f/5/7/Empetrum_nigrum/assembly/release/ddEmpNigr1.hap2.1/insdc/GCA_977035825.1.fa.gz	108502	below-min-len
CDRQJQ010000436.1	/lustre/scratch122/tol/data/8/a/6/f/5/7/Empetrum_nigrum/assembly/release/ddEmpNigr1.hap2.1/insdc/GCA_977035825.1.fa.gz	103128	below-min-len
CDRQJQ010000437.1	/lustre/scratch122/tol/data/8/a/6/f/5/7/Empetrum_nigrum/assembly/release/ddEmpNigr1.hap2.1/insdc/GCA_977035825.1.fa.gz	95421	below-min-len
CDRQJQ010000438.1	/lustre/scratch122/tol/data/8/a/6/f/5/7/Empetrum_nigrum/assembly/release/ddEmpNigr1.hap2.1/insdc/GCA_977035825.1.fa.gz	79170	below-min-len
CDRQJQ010000439.1	/lustre/scratch122/tol/data/8/a/6/f/5/7/Empetrum_nigrum/assembly/release/ddEmpNigr1.hap2.1/insdc/GCA_977035825.1.fa.gz	74516	below-min-len
CDRQJQ010000440.1	/lustre/scratch122/tol/data/8/a/6/f/5/7/Empetrum_nigrum/assembly/release/ddEmpNigr1.hap2.1/insdc/GCA_977035825.1.fa.gz	73756	below-min-len
CDRQJQ010000441.1	/lustre/scratch122/tol/data/8/a/6/f/5/7/Empetrum_nigrum/assembly/release/ddEmpNigr1.hap2.1/insdc/GCA_977035825.1.fa.gz	72437	below-min-len
CDRQJQ010000442.1	/lustre/scratch122/tol/data/8/a/6/f/5/7/Empetrum_nigrum/assembly/release/ddEmpNigr1.hap2.1/insdc/GCA_977035825.1.fa.gz	62816	below-min-len
CDRQJQ010000443.1	/lustre/scratch122/tol/data/8/a/6/f/5/7/Empetrum_nigrum/assembly/release/ddEmpNigr1.hap2.1/insdc/GCA_977035825.1.fa.gz	54134	below-min-len
CDRQJQ010000444.1	/lustre/scratch122/tol/data/8/a/6/f/5/7/Empetrum_nigrum/assembly/release/ddEmpNigr1.hap2.1/insdc/GCA_977035825.1.fa.gz	48665	below-min-len
