group	win_start	win_end	unit_a	unit_b	hap_a	hap_b	chrom_a	chrom_b	kmers_a	kmers_b	shared	union	jaccard_distance
chr01	1	250000	HAP1_chr01	HAP2_chr01	HAP1	HAP2	1	1	240095	233954	166275	307774	0.459750
chr01	1	250000	HAP1_chr01	HAP3_chr01	HAP1	HAP3	1	1	240095	243405	196656	286844	0.314415
chr01	1	250000	HAP2_chr01	HAP3_chr01	HAP2	HAP3	1	1	233954	243405	168944	308415	0.452219
chr01	250001	500000	HAP1_chr01	HAP2_chr01	HAP1	HAP2	1	1	224964	224874	33963	415875	0.918334
chr01	250001	500000	HAP1_chr01	HAP3_chr01	HAP1	HAP3	1	1	224964	225398	49815	400547	0.875633
chr01	250001	500000	HAP2_chr01	HAP3_chr01	HAP2	HAP3	1	1	224874	225398	135624	314648	0.568966
chr01	500001	750000	HAP1_chr01	HAP2_chr01	HAP1	HAP2	1	1	205728	206176	3410	408494	0.991652
chr01	500001	750000	HAP1_chr01	HAP3_chr01	HAP1	HAP3	1	1	205728	231458	30199	406987	0.925799
chr01	500001	750000	HAP2_chr01	HAP3_chr01	HAP2	HAP3	1	1	206176	231458	115095	322539	0.643159
chr01	750001	1000000	HAP1_chr01	HAP2_chr01	HAP1	HAP2	1	1	142242	228787	3918	367111	0.989327
chr01	750001	1000000	HAP1_chr01	HAP3_chr01	HAP1	HAP3	1	1	142242	233906	4812	371336	0.987041
chr01	750001	1000000	HAP2_chr01	HAP3_chr01	HAP2	HAP3	1	1	228787	233906	132580	330113	0.598380
chr01	1000001	1250000	HAP1_chr01	HAP2_chr01	HAP1	HAP2	1	1	204379	189909	3813	390475	0.990235
chr01	1000001	1250000	HAP1_chr01	HAP3_chr01	HAP1	HAP3	1	1	204379	218250	26038	396591	0.934345
chr01	1000001	1250000	HAP2_chr01	HAP3_chr01	HAP2	HAP3	1	1	189909	218250	88419	319740	0.723466
chr01	1250001	1500000	HAP1_chr01	HAP2_chr01	HAP1	HAP2	1	1	211521	232365	8030	435856	0.981576
chr01	1250001	1500000	HAP1_chr01	HAP3_chr01	HAP1	HAP3	1	1	211521	220169	51704	379986	0.863932
chr01	1250001	1500000	HAP2_chr01	HAP3_chr01	HAP2	HAP3	1	1	232365	220169	104980	347554	0.697946
chr01	1500001	1750000	HAP1_chr01	HAP2_chr01	HAP1	HAP2	1	1	237726	189501	3227	424000	0.992389
chr01	1500001	1750000	HAP1_chr01	HAP3_chr01	HAP1	HAP3	1	1	237726	230046	57932	409840	0.858647
chr01	1500001	1750000	HAP2_chr01	HAP3_chr01	HAP2	HAP3	1	1	189501	230046	80587	338960	0.762252
chr01	1750001	2000000	HAP1_chr01	HAP2_chr01	HAP1	HAP2	1	1	235707	190841	4097	422451	0.990302
chr01	1750001	2000000	HAP1_chr01	HAP3_chr01	HAP1	HAP3	1	1	235707	234774	36821	433660	0.915092
chr01	1750001	2000000	HAP2_chr01	HAP3_chr01	HAP2	HAP3	1	1	190841	234774	27104	398511	0.931987
chr01	2000001	2250000	HAP1_chr01	HAP2_chr01	HAP1	HAP2	1	1	242176	240499	4998	477677	0.989537
chr01	2000001	2250000	HAP1_chr01	HAP3_chr01	HAP1	HAP3	1	1	242176	235769	42406	435539	0.902636
chr01	2000001	2250000	HAP2_chr01	HAP3_chr01	HAP2	HAP3	1	1	240499	235769	27746	448522	0.938139
chr01	2250001	2500000	HAP1_chr01	HAP2_chr01	HAP1	HAP2	1	1	229480	236794	4366	461908	0.990548
chr01	2250001	2500000	HAP1_chr01	HAP3_chr01	HAP1	HAP3	1	1	229480	218283	3940	443823	0.991123
chr01	2250001	2500000	HAP2_chr01	HAP3_chr01	HAP2	HAP3	1	1	236794	218283	38378	416699	0.907900
chr01	2500001	2750000	HAP1_chr01	HAP2_chr01	HAP1	HAP2	1	1	231157	238728	4643	465242	0.990020
chr01	2500001	2750000	HAP1_chr01	HAP3_chr01	HAP1	HAP3	1	1	231157	215376	26026	420507	0.938108
chr01	2500001	2750000	HAP2_chr01	HAP3_chr01	HAP2	HAP3	1	1	238728	215376	58002	396102	0.853568
chr01	2750001	3000000	HAP1_chr01	HAP2_chr01	HAP1	HAP2	1	1	242346	215759	4203	453902	0.990740
chr01	2750001	3000000	HAP1_chr01	HAP3_chr01	HAP1	HAP3	1	1	242346	240882	84854	398374	0.786999
chr01	2750001	3000000	HAP2_chr01	HAP3_chr01	HAP2	HAP3	1	1	215759	240882	33121	423520	0.921796
chr01	3000001	3250000	HAP1_chr01	HAP2_chr01	HAP1	HAP2	1	1	240770	242336	5479	477627	0.988529
chr01	3000001	3250000	HAP1_chr01	HAP3_chr01	HAP1	HAP3	1	1	240770	239689	70881	409578	0.826941
chr01	3000001	3250000	HAP2_chr01	HAP3_chr01	HAP2	HAP3	1	1	242336	239689	34058	447967	0.923972
chr01	3250001	3500000	HAP1_chr01	HAP2_chr01	HAP1	HAP2	1	1	239656	241098	6685	474069	0.985899
chr01	3250001	3500000	HAP1_chr01	HAP3_chr01	HAP1	HAP3	1	1	239656	231069	56291	414434	0.864174
chr01	3250001	3500000	HAP2_chr01	HAP3_chr01	HAP2	HAP3	1	1	241098	231069	46651	425516	0.890366
chr01	3500001	3750000	HAP1_chr01	HAP2_chr01	HAP1	HAP2	1	1	235267	216492	6618	445141	0.985133
chr01	3500001	3750000	HAP1_chr01	HAP3_chr01	HAP1	HAP3	1	1	235267	240841	45535	430573	0.894246
chr01	3500001	3750000	HAP2_chr01	HAP3_chr01	HAP2	HAP3	1	1	216492	240841	28448	428885	0.933670
chr01	3750001	4000000	HAP1_chr01	HAP2_chr01	HAP1	HAP2	1	1	222576	241096	4863	458809	0.989401
chr01	3750001	4000000	HAP1_chr01	HAP3_chr01	HAP1	HAP3	1	1	222576	237625	38870	421331	0.907745
chr01	3750001	4000000	HAP2_chr01	HAP3_chr01	HAP2	HAP3	1	1	241096	237625	23591	455130	0.948166
chr01	4000001	4250000	HAP1_chr01	HAP2_chr01	HAP1	HAP2	1	1	237325	240126	4426	473025	0.990643
chr01	4000001	4250000	HAP1_chr01	HAP3_chr01	HAP1	HAP3	1	1	237325	211997	19470	429852	0.954705
chr01	4000001	4250000	HAP2_chr01	HAP3_chr01	HAP2	HAP3	1	1	240126	211997	35436	416687	0.914958
chr01	4250001	4500000	HAP1_chr01	HAP2_chr01	HAP1	HAP2	1	1	243473	205383	4413	444443	0.990071
chr01	4250001	4500000	HAP1_chr01	HAP3_chr01	HAP1	HAP3	1	1	243473	230849	4937	469385	0.989482
chr01	4250001	4500000	HAP2_chr01	HAP3_chr01	HAP2	HAP3	1	1	205383	230849	51932	384300	0.864866
chr01	4500001	4750000	HAP1_chr01	HAP2_chr01	HAP1	HAP2	1	1	238336	242651	5778	475209	0.987841
chr01	4500001	4750000	HAP1_chr01	HAP3_chr01	HAP1	HAP3	1	1	238336	242527	5232	475631	0.989000
chr01	4500001	4750000	HAP2_chr01	HAP3_chr01	HAP2	HAP3	1	1	242651	242527	75570	409608	0.815507
chr01	4750001	5000000	HAP1_chr01	HAP2_chr01	HAP1	HAP2	1	1	241499	240322	5466	476355	0.988525
chr01	4750001	5000000	HAP1_chr01	HAP3_chr01	HAP1	HAP3	1	1	241499	242776	28100	456175	0.938401
chr01	4750001	5000000	HAP2_chr01	HAP3_chr01	HAP2	HAP3	1	1	240322	242776	49979	433119	0.884607
chr01	5000001	5250000	HAP1_chr01	HAP2_chr01	HAP1	HAP2	1	1	238890	241540	3627	476803	0.992393
chr01	5000001	5250000	HAP1_chr01	HAP3_chr01	HAP1	HAP3	1	1	238890	242637	46115	435412	0.894089
chr01	5000001	5250000	HAP2_chr01	HAP3_chr01	HAP2	HAP3	1	1	241540	242637	44070	440107	0.899865
chr01	5250001	5500000	HAP1_chr01	HAP2_chr01	HAP1	HAP2	1	1	239353	240778	12933	467198	0.972318
chr01	5250001	5500000	HAP1_chr01	HAP3_chr01	HAP1	HAP3	1	1	239353	232164	24895	446622	0.944259
chr01	5250001	5500000	HAP2_chr01	HAP3_chr01	HAP2	HAP3	1	1	240778	232164	33415	439527	0.923975
chr01	5500001	5750000	HAP1_chr01	HAP2_chr01	HAP1	HAP2	1	1	228676	233882	4761	457797	0.989600
chr01	5500001	5750000	HAP1_chr01	HAP3_chr01	HAP1	HAP3	1	1	228676	239716	21967	446425	0.950794
chr01	5500001	5750000	HAP2_chr01	HAP3_chr01	HAP2	HAP3	1	1	233882	239716	35554	438044	0.918835
chr01	5750001	6000000	HAP1_chr01	HAP2_chr01	HAP1	HAP2	1	1	227988	240173	6337	461824	0.986278
chr01	5750001	6000000	HAP1_chr01	HAP3_chr01	HAP1	HAP3	1	1	227988	225438	33732	419694	0.919627
chr01	5750001	6000000	HAP2_chr01	HAP3_chr01	HAP2	HAP3	1	1	240173	225438	47763	417848	0.885693
chr01	6000001	6250000	HAP1_chr01	HAP2_chr01	HAP1	HAP2	1	1	221996	225818	7458	440356	0.983064
chr01	6000001	6250000	HAP1_chr01	HAP3_chr01	HAP1	HAP3	1	1	221996	228019	25736	424279	0.939342
chr01	6000001	6250000	HAP2_chr01	HAP3_chr01	HAP2	HAP3	1	1	225818	228019	47491	406346	0.883127
chr01	6250001	6500000	HAP1_chr01	HAP2_chr01	HAP1	HAP2	1	1	174723	226211	10266	390668	0.973722
chr01	6250001	6500000	HAP1_chr01	HAP3_chr01	HAP1	HAP3	1	1	174723	237180	46580	365323	0.872496
chr01	6250001	6500000	HAP2_chr01	HAP3_chr01	HAP2	HAP3	1	1	226211	237180	70506	392885	0.820543
chr01	6500001	6750000	HAP1_chr01	HAP2_chr01	HAP1	HAP2	1	1	216817	206203	4666	418354	0.988847
chr01	6500001	6750000	HAP1_chr01	HAP3_chr01	HAP1	HAP3	1	1	216817	239184	132262	323739	0.591455
chr01	6500001	6750000	HAP2_chr01	HAP3_chr01	HAP2	HAP3	1	1	206203	239184	16493	428894	0.961545
chr01	6750001	7000000	HAP1_chr01	HAP2_chr01	HAP1	HAP2	1	1	238110	228077	4752	461435	0.989702
chr01	6750001	7000000	HAP1_chr01	HAP3_chr01	HAP1	HAP3	1	1	238110	241647	130712	349045	0.625515
chr01	6750001	7000000	HAP2_chr01	HAP3_chr01	HAP2	HAP3	1	1	228077	241647	5884	463840	0.987315
chr01	7000001	7250000	HAP1_chr01	HAP2_chr01	HAP1	HAP2	1	1	237860	240499	5011	473348	0.989414
chr01	7000001	7250000	HAP1_chr01	HAP3_chr01	HAP1	HAP3	1	1	237860	236829	150277	324412	0.536771
chr01	7000001	7250000	HAP2_chr01	HAP3_chr01	HAP2	HAP3	1	1	240499	236829	5452	471876	0.988446
chr01	7250001	7500000	HAP1_chr01	HAP2_chr01	HAP1	HAP2	1	1	235132	230575	6569	459138	0.985693
chr01	7250001	7500000	HAP1_chr01	HAP3_chr01	HAP1	HAP3	1	1	235132	241148	161838	314442	0.485317
chr01	7250001	7500000	HAP2_chr01	HAP3_chr01	HAP2	HAP3	1	1	230575	241148	6291	465432	0.986484
chr01	7500001	7750000	HAP1_chr01	HAP2_chr01	HAP1	HAP2	1	1	241675	241910	6119	477466	0.987184
chr01	7500001	7750000	HAP1_chr01	HAP3_chr01	HAP1	HAP3	1	1	241675	236993	172499	306169	0.436589
chr01	7500001	7750000	HAP2_chr01	HAP3_chr01	HAP2	HAP3	1	1	241910	236993	6351	472552	0.986560
chr01	7750001	8000000	HAP1_chr01	HAP2_chr01	HAP1	HAP2	1	1	227249	236853	14784	449318	0.967097
chr01	7750001	8000000	HAP1_chr01	HAP3_chr01	HAP1	HAP3	1	1	227249	229368	88076	368541	0.761014
chr01	7750001	8000000	HAP2_chr01	HAP3_chr01	HAP2	HAP3	1	1	236853	229368	24306	441915	0.944998
chr01	8000001	8250000	HAP1_chr01	HAP2_chr01	HAP1	HAP2	1	1	185956	230464	10946	405474	0.973004
chr01	8000001	8250000	HAP1_chr01	HAP3_chr01	HAP1	HAP3	1	1	185956	189850	52887	322919	0.836222
chr01	8000001	8250000	HAP2_chr01	HAP3_chr01	HAP2	HAP3	1	1	230464	189850	32130	388184	0.917230
chr01	8250001	8500000	HAP1_chr01	HAP2_chr01	HAP1	HAP2	1	1	242018	153025	6426	388617	0.983464
chr01	8250001	8500000	HAP1_chr01	HAP3_chr01	HAP1	HAP3	1	1	242018	240961	134592	348387	0.613671
chr01	8250001	8500000	HAP2_chr01	HAP3_chr01	HAP2	HAP3	1	1	153025	240961	6757	387229	0.982550
chr01	8500001	8750000	HAP1_chr01	HAP2_chr01	HAP1	HAP2	1	1	238515	239891	7254	471152	0.984604
chr01	8500001	8750000	HAP1_chr01	HAP3_chr01	HAP1	HAP3	1	1	238515	235767	107441	366841	0.707118
chr01	8500001	8750000	HAP2_chr01	HAP3_chr01	HAP2	HAP3	1	1	239891	235767	8302	467356	0.982236
chr01	8750001	9000000	HAP1_chr01	HAP2_chr01	HAP1	HAP2	1	1	238779	194291	4316	428754	0.989934
chr01	8750001	9000000	HAP1_chr01	HAP3_chr01	HAP1	HAP3	1	1	238779	243196	124607	357368	0.651320
chr01	8750001	9000000	HAP2_chr01	HAP3_chr01	HAP2	HAP3	1	1	194291	243196	4252	433235	0.990185
chr01	9000001	9250000	HAP1_chr01	HAP2_chr01	HAP1	HAP2	1	1	237422	241232	7726	470928	0.983594
chr01	9000001	9250000	HAP1_chr01	HAP3_chr01	HAP1	HAP3	1	1	237422	239600	92348	384674	0.759932
chr01	9000001	9250000	HAP2_chr01	HAP3_chr01	HAP2	HAP3	1	1	241232	239600	6401	474431	0.986508
chr01	9250001	9500000	HAP1_chr01	HAP2_chr01	HAP1	HAP2	1	1	230510	226345	3935	452920	0.991312
chr01	9250001	9500000	HAP1_chr01	HAP3_chr01	HAP1	HAP3	1	1	230510	237718	93837	374391	0.749361
chr01	9250001	9500000	HAP2_chr01	HAP3_chr01	HAP2	HAP3	1	1	226345	237718	4022	460041	0.991257
chr01	9500001	9750000	HAP1_chr01	HAP2_chr01	HAP1	HAP2	1	1	235078	236758	7632	464204	0.983559
chr01	9500001	9750000	HAP1_chr01	HAP3_chr01	HAP1	HAP3	1	1	235078	236178	92979	378277	0.754204
chr01	9500001	9750000	HAP2_chr01	HAP3_chr01	HAP2	HAP3	1	1	236758	236178	8245	464691	0.982257
chr01	9750001	10000000	HAP1_chr01	HAP2_chr01	HAP1	HAP2	1	1	237421	234977	8824	463574	0.980965
chr01	9750001	10000000	HAP1_chr01	HAP3_chr01	HAP1	HAP3	1	1	237421	230382	86832	380971	0.772077
chr01	9750001	10000000	HAP2_chr01	HAP3_chr01	HAP2	HAP3	1	1	234977	230382	7443	457916	0.983746
chr01	10000001	10250000	HAP1_chr01	HAP2_chr01	HAP1	HAP2	1	1	237172	232405	6461	463116	0.986049
chr01	10000001	10250000	HAP1_chr01	HAP3_chr01	HAP1	HAP3	1	1	237172	215906	58569	394509	0.851540
chr01	10000001	10250000	HAP2_chr01	HAP3_chr01	HAP2	HAP3	1	1	232405	215906	8047	440264	0.981722
chr01	10250001	10500000	HAP1_chr01	HAP2_chr01	HAP1	HAP2	1	1	235754	196858	4547	428065	0.989378
chr01	10250001	10500000	HAP1_chr01	HAP3_chr01	HAP1	HAP3	1	1	235754	238414	66377	407791	0.837228
chr01	10250001	10500000	HAP2_chr01	HAP3_chr01	HAP2	HAP3	1	1	196858	238414	4309	430963	0.990001
chr01	10500001	10750000	HAP1_chr01	HAP2_chr01	HAP1	HAP2	1	1	240592	235898	5770	470720	0.987742
chr01	10500001	10750000	HAP1_chr01	HAP3_chr01	HAP1	HAP3	1	1	240592	235096	66484	409204	0.837528
chr01	10500001	10750000	HAP2_chr01	HAP3_chr01	HAP2	HAP3	1	1	235898	235096	6747	464247	0.985467
chr01	10750001	11000000	HAP1_chr01	HAP2_chr01	HAP1	HAP2	1	1	237552	238320	8258	467614	0.982340
chr01	10750001	11000000	HAP1_chr01	HAP3_chr01	HAP1	HAP3	1	1	237552	188989	5978	420563	0.985786
chr01	10750001	11000000	HAP2_chr01	HAP3_chr01	HAP2	HAP3	1	1	238320	188989	5576	421733	0.986778
chr01	11000001	11250000	HAP1_chr01	HAP2_chr01	HAP1	HAP2	1	1	241394	205523	4443	442474	0.989959
chr01	11000001	11250000	HAP1_chr01	HAP3_chr01	HAP1	HAP3	1	1	241394	240535	7493	474436	0.984207
chr01	11000001	11250000	HAP2_chr01	HAP3_chr01	HAP2	HAP3	1	1	205523	240535	7301	438757	0.983360
chr01	11250001	11500000	HAP1_chr01	HAP2_chr01	HAP1	HAP2	1	1	240761	241077	7394	474444	0.984415
chr01	11250001	11500000	HAP1_chr01	HAP3_chr01	HAP1	HAP3	1	1	240761	242167	5520	477408	0.988438
chr01	11250001	11500000	HAP2_chr01	HAP3_chr01	HAP2	HAP3	1	1	241077	242167	7711	475533	0.983785
chr01	11500001	11750000	HAP1_chr01	HAP2_chr01	HAP1	HAP2	1	1	224561	240784	4298	461047	0.990678
chr01	11500001	11750000	HAP1_chr01	HAP3_chr01	HAP1	HAP3	1	1	224561	235676	4951	455286	0.989126
chr01	11500001	11750000	HAP2_chr01	HAP3_chr01	HAP2	HAP3	1	1	240784	235676	4689	471771	0.990061
chr01	11750001	12000000	HAP1_chr01	HAP2_chr01	HAP1	HAP2	1	1	226965	237444	5527	458882	0.987956
chr01	11750001	12000000	HAP1_chr01	HAP3_chr01	HAP1	HAP3	1	1	226965	204156	4698	426423	0.988983
chr01	11750001	12000000	HAP2_chr01	HAP3_chr01	HAP2	HAP3	1	1	237444	204156	4288	437312	0.990195
chr01	12000001	12250000	HAP1_chr01	HAP2_chr01	HAP1	HAP2	1	1	240728	216212	4333	452607	0.990427
chr01	12000001	12250000	HAP1_chr01	HAP3_chr01	HAP1	HAP3	1	1	240728	226630	6357	461001	0.986210
chr01	12000001	12250000	HAP2_chr01	HAP3_chr01	HAP2	HAP3	1	1	216212	226630	5027	437815	0.988518
chr01	12250001	12500000	HAP1_chr01	HAP2_chr01	HAP1	HAP2	1	1	236334	229899	4031	462202	0.991279
chr01	12250001	12500000	HAP1_chr01	HAP3_chr01	HAP1	HAP3	1	1	236334	239617	4009	471942	0.991505
chr01	12250001	12500000	HAP2_chr01	HAP3_chr01	HAP2	HAP3	1	1	229899	239617	6597	462919	0.985749
chr01	12500001	12750000	HAP1_chr01	HAP2_chr01	HAP1	HAP2	1	1	243234	241096	5313	479017	0.988909
chr01	12500001	12750000	HAP1_chr01	HAP3_chr01	HAP1	HAP3	1	1	243234	240032	7131	476135	0.985023
chr01	12500001	12750000	HAP2_chr01	HAP3_chr01	HAP2	HAP3	1	1	241096	240032	5068	476060	0.989354
chr01	12750001	13000000	HAP1_chr01	HAP2_chr01	HAP1	HAP2	1	1	240565	240377	4825	476117	0.989866
chr01	12750001	13000000	HAP1_chr01	HAP3_chr01	HAP1	HAP3	1	1	240565	243237	4594	479208	0.990413
chr01	12750001	13000000	HAP2_chr01	HAP3_chr01	HAP2	HAP3	1	1	240377	243237	4253	479361	0.991128
chr01	13000001	13250000	HAP1_chr01	HAP2_chr01	HAP1	HAP2	1	1	238678	241624	5165	475137	0.989129
chr01	13000001	13250000	HAP1_chr01	HAP3_chr01	HAP1	HAP3	1	1	238678	241951	5217	475412	0.989026
chr01	13000001	13250000	HAP2_chr01	HAP3_chr01	HAP2	HAP3	1	1	241624	241951	4589	478986	0.990419
chr01	13250001	13500000	HAP1_chr01	HAP2_chr01	HAP1	HAP2	1	1	244813	243103	4203	483713	0.991311
chr01	13250001	13500000	HAP1_chr01	HAP3_chr01	HAP1	HAP3	1	1	244813	240834	3810	481837	0.992093
chr01	13250001	13500000	HAP2_chr01	HAP3_chr01	HAP2	HAP3	1	1	243103	240834	5183	478754	0.989174
chr01	13500001	13750000	HAP1_chr01	HAP2_chr01	HAP1	HAP2	1	1	244611	240612	4117	481106	0.991443
chr01	13500001	13750000	HAP1_chr01	HAP3_chr01	HAP1	HAP3	1	1	244611	244168	3975	484804	0.991801
chr01	13500001	13750000	HAP2_chr01	HAP3_chr01	HAP2	HAP3	1	1	240612	244168	4618	480162	0.990382
chr01	13750001	14000000	HAP1_chr01	HAP2_chr01	HAP1	HAP2	1	1	234533	240246	5838	468941	0.987551
chr01	13750001	14000000	HAP1_chr01	HAP3_chr01	HAP1	HAP3	1	1	234533	244391	3441	475483	0.992763
chr01	13750001	14000000	HAP2_chr01	HAP3_chr01	HAP2	HAP3	1	1	240246	244391	4561	480076	0.990499
chr01	14000001	14250000	HAP1_chr01	HAP2_chr01	HAP1	HAP2	1	1	94178	243584	2453	335309	0.992684
chr01	14000001	14250000	HAP1_chr01	HAP3_chr01	HAP1	HAP3	1	1	94178	235335	1989	327524	0.993927
chr01	14000001	14250000	HAP2_chr01	HAP3_chr01	HAP2	HAP3	1	1	243584	235335	4058	474861	0.991454
chr01	14250001	14500000	HAP1_chr01	HAP2_chr01	HAP1	HAP2	1	1	243392	238318	4794	476916	0.989948
chr01	14250001	14500000	HAP1_chr01	HAP3_chr01	HAP1	HAP3	1	1	243392	218515	56557	405350	0.860474
chr01	14250001	14500000	HAP2_chr01	HAP3_chr01	HAP2	HAP3	1	1	238318	218515	5381	451452	0.988081
chr01	14500001	14750000	HAP1_chr01	HAP2_chr01	HAP1	HAP2	1	1	233888	222752	4264	452376	0.990574
chr01	14500001	14750000	HAP1_chr01	HAP3_chr01	HAP1	HAP3	1	1	233888	238532	26501	445919	0.940570
chr01	14500001	14750000	HAP2_chr01	HAP3_chr01	HAP2	HAP3	1	1	222752	238532	5260	456024	0.988466
chr01	14750001	15000000	HAP1_chr01	HAP2_chr01	HAP1	HAP2	1	1	242706	225929	3537	465098	0.992395
chr01	14750001	15000000	HAP1_chr01	HAP3_chr01	HAP1	HAP3	1	1	242706	234588	39799	437495	0.909030
chr01	14750001	15000000	HAP2_chr01	HAP3_chr01	HAP2	HAP3	1	1	225929	234588	5204	455313	0.988570
chr01	15000001	15250000	HAP1_chr01	HAP2_chr01	HAP1	HAP2	1	1	241995	236457	4464	473988	0.990582
chr01	15000001	15250000	HAP1_chr01	HAP3_chr01	HAP1	HAP3	1	1	241995	242381	41313	443063	0.906756
chr01	15000001	15250000	HAP2_chr01	HAP3_chr01	HAP2	HAP3	1	1	236457	242381	4174	474664	0.991206
chr01	15250001	15500000	HAP1_chr01	HAP2_chr01	HAP1	HAP2	1	1	239472	241166	3670	476968	0.992306
chr01	15250001	15500000	HAP1_chr01	HAP3_chr01	HAP1	HAP3	1	1	239472	240173	27226	452419	0.939821
chr01	15250001	15500000	HAP2_chr01	HAP3_chr01	HAP2	HAP3	1	1	241166	240173	3763	477576	0.992121
chr01	15500001	15750000	HAP1_chr01	HAP2_chr01	HAP1	HAP2	1	1	228438	241886	3636	466688	0.992209
chr01	15500001	15750000	HAP1_chr01	HAP3_chr01	HAP1	HAP3	1	1	228438	243766	34148	438056	0.922046
chr01	15500001	15750000	HAP2_chr01	HAP3_chr01	HAP2	HAP3	1	1	241886	243766	3822	481830	0.992068
chr01	15750001	16000000	HAP1_chr01	HAP2_chr01	HAP1	HAP2	1	1	221399	234925	3942	452382	0.991286
chr01	15750001	16000000	HAP1_chr01	HAP3_chr01	HAP1	HAP3	1	1	221399	222382	27358	416423	0.934302
chr01	15750001	16000000	HAP2_chr01	HAP3_chr01	HAP2	HAP3	1	1	234925	222382	4076	453231	0.991007
chr01	16000001	16250000	HAP1_chr01	HAP2_chr01	HAP1	HAP2	1	1	187764	238055	3760	422059	0.991091
chr01	16000001	16250000	HAP1_chr01	HAP3_chr01	HAP1	HAP3	1	1	187764	244174	3346	428592	0.992193
chr01	16000001	16250000	HAP2_chr01	HAP3_chr01	HAP2	HAP3	1	1	238055	244174	5572	476657	0.988310
chr01	16250001	16500000	HAP1_chr01	HAP2_chr01	HAP1	HAP2	1	1	243142	232536	4663	471015	0.990100
chr01	16250001	16500000	HAP1_chr01	HAP3_chr01	HAP1	HAP3	1	1	243142	239810	3504	479448	0.992692
chr01	16250001	16500000	HAP2_chr01	HAP3_chr01	HAP2	HAP3	1	1	232536	239810	3589	468757	0.992344
chr01	16500001	16750000	HAP1_chr01	HAP2_chr01	HAP1	HAP2	1	1	245041	222615	3328	464328	0.992833
chr01	16500001	16750000	HAP1_chr01	HAP3_chr01	HAP1	HAP3	1	1	245041	242679	4090	483630	0.991543
chr01	16500001	16750000	HAP2_chr01	HAP3_chr01	HAP2	HAP3	1	1	222615	242679	4804	460490	0.989568
chr01	16750001	17000000	HAP1_chr01	HAP2_chr01	HAP1	HAP2	1	1	122627	243933	1793	364767	0.995085
chr01	16750001	17000000	HAP1_chr01	HAP3_chr01	HAP1	HAP3	1	1	122627	233029	6158	349498	0.982380
chr01	16750001	17000000	HAP2_chr01	HAP3_chr01	HAP2	HAP3	1	1	243933	233029	3507	473455	0.992593
chr01	17000001	17250000	HAP1_chr01	HAP2_chr01	HAP1	HAP2	1	1	134754	244275	2841	376188	0.992448
chr01	17000001	17250000	HAP1_chr01	HAP3_chr01	HAP1	HAP3	1	1	134754	239487	2856	371385	0.992310
chr01	17000001	17250000	HAP2_chr01	HAP3_chr01	HAP2	HAP3	1	1	244275	239487	4365	479397	0.990895
chr01	17250001	17500000	HAP1_chr01	HAP2_chr01	HAP1	HAP2	1	1	238867	55878	899	293846	0.996941
chr01	17250001	17500000	HAP1_chr01	HAP3_chr01	HAP1	HAP3	1	1	238867	239613	3321	475159	0.993011
chr01	17250001	17500000	HAP2_chr01	HAP3_chr01	HAP2	HAP3	1	1	55878	239613	794	294697	0.997306
chr01	17500001	17750000	HAP1_chr01	HAP2_chr01	HAP1	HAP2	1	1	241483	239080	4133	476430	0.991325
chr01	17500001	17750000	HAP1_chr01	HAP3_chr01	HAP1	HAP3	1	1	241483	242293	4574	479202	0.990455
chr01	17500001	17750000	HAP2_chr01	HAP3_chr01	HAP2	HAP3	1	1	239080	242293	3868	477505	0.991900
chr01	17750001	18000000	HAP1_chr01	HAP2_chr01	HAP1	HAP2	1	1	163638	234758	4693	393703	0.988080
chr01	17750001	18000000	HAP1_chr01	HAP3_chr01	HAP1	HAP3	1	1	163638	242511	3917	402232	0.990262
chr01	17750001	18000000	HAP2_chr01	HAP3_chr01	HAP2	HAP3	1	1	234758	242511	4840	472429	0.989755
chr01	18000001	18250000	HAP1_chr01	HAP2_chr01	HAP1	HAP2	1	1	234731	235380	7218	462893	0.984407
chr01	18000001	18250000	HAP1_chr01	HAP3_chr01	HAP1	HAP3	1	1	234731	242268	4852	472147	0.989724
chr01	18000001	18250000	HAP2_chr01	HAP3_chr01	HAP2	HAP3	1	1	235380	242268	5067	472581	0.989278
chr01	18250001	18500000	HAP1_chr01	HAP2_chr01	HAP1	HAP2	1	1	243690	197091	4183	436598	0.990419
chr01	18250001	18500000	HAP1_chr01	HAP3_chr01	HAP1	HAP3	1	1	243690	240424	3999	480115	0.991671
chr01	18250001	18500000	HAP2_chr01	HAP3_chr01	HAP2	HAP3	1	1	197091	240424	3922	433593	0.990955
chr01	18500001	18750000	HAP1_chr01	HAP2_chr01	HAP1	HAP2	1	1	243244	236607	5579	474272	0.988237
chr01	18500001	18750000	HAP1_chr01	HAP3_chr01	HAP1	HAP3	1	1	243244	239927	6886	476285	0.985542
chr01	18500001	18750000	HAP2_chr01	HAP3_chr01	HAP2	HAP3	1	1	236607	239927	6048	470486	0.987145
chr01	18750001	19000000	HAP1_chr01	HAP2_chr01	HAP1	HAP2	1	1	241107	243737	4436	480408	0.990766
chr01	18750001	19000000	HAP1_chr01	HAP3_chr01	HAP1	HAP3	1	1	241107	219332	4742	455697	0.989594
chr01	18750001	19000000	HAP2_chr01	HAP3_chr01	HAP2	HAP3	1	1	243737	219332	4812	458257	0.989499
chr01	19000001	19250000	HAP1_chr01	HAP2_chr01	HAP1	HAP2	1	1	238658	242252	4487	476423	0.990582
chr01	19000001	19250000	HAP1_chr01	HAP3_chr01	HAP1	HAP3	1	1	238658	238793	4503	472948	0.990479
chr01	19000001	19250000	HAP2_chr01	HAP3_chr01	HAP2	HAP3	1	1	242252	238793	4664	476381	0.990210
chr01	19250001	19500000	HAP1_chr01	HAP2_chr01	HAP1	HAP2	1	1	231681	242259	4291	469649	0.990863
chr01	19250001	19500000	HAP1_chr01	HAP3_chr01	HAP1	HAP3	1	1	231681	240075	4830	466926	0.989656
chr01	19250001	19500000	HAP2_chr01	HAP3_chr01	HAP2	HAP3	1	1	242259	240075	4506	477828	0.990570
chr01	19500001	19750000	HAP1_chr01	HAP2_chr01	HAP1	HAP2	1	1	240456	230396	4940	465912	0.989397
chr01	19500001	19750000	HAP1_chr01	HAP3_chr01	HAP1	HAP3	1	1	240456	240269	5687	475038	0.988028
chr01	19500001	19750000	HAP2_chr01	HAP3_chr01	HAP2	HAP3	1	1	230396	240269	4962	465703	0.989345
chr01	19750001	20000000	HAP1_chr01	HAP2_chr01	HAP1	HAP2	1	1	233168	242928	5084	471012	0.989206
chr01	19750001	20000000	HAP1_chr01	HAP3_chr01	HAP1	HAP3	1	1	233168	236592	5687	464073	0.987745
chr01	19750001	20000000	HAP2_chr01	HAP3_chr01	HAP2	HAP3	1	1	242928	236592	4610	474910	0.990293
chr01	20000001	20250000	HAP1_chr01	HAP2_chr01	HAP1	HAP2	1	1	240486	230591	7581	463496	0.983644
chr01	20000001	20250000	HAP1_chr01	HAP3_chr01	HAP1	HAP3	1	1	240486	236799	3947	473338	0.991661
chr01	20000001	20250000	HAP2_chr01	HAP3_chr01	HAP2	HAP3	1	1	230591	236799	5479	461911	0.988138
chr01	20250001	20500000	HAP1_chr01	HAP2_chr01	HAP1	HAP2	1	1	243559	241370	3924	481005	0.991842
chr01	20250001	20500000	HAP1_chr01	HAP3_chr01	HAP1	HAP3	1	1	243559	236743	4382	475920	0.990793
chr01	20250001	20500000	HAP2_chr01	HAP3_chr01	HAP2	HAP3	1	1	241370	236743	4294	473819	0.990937
chr01	20500001	20750000	HAP1_chr01	HAP2_chr01	HAP1	HAP2	1	1	243423	237686	3572	477537	0.992520
chr01	20500001	20750000	HAP1_chr01	HAP3_chr01	HAP1	HAP3	1	1	243423	240394	4517	479300	0.990576
chr01	20500001	20750000	HAP2_chr01	HAP3_chr01	HAP2	HAP3	1	1	237686	240394	3986	474094	0.991592
chr01	20750001	21000000	HAP1_chr01	HAP2_chr01	HAP1	HAP2	1	1	243070	242424	4159	481335	0.991359
chr01	20750001	21000000	HAP1_chr01	HAP3_chr01	HAP1	HAP3	1	1	243070	198322	2928	438464	0.993322
chr01	20750001	21000000	HAP2_chr01	HAP3_chr01	HAP2	HAP3	1	1	242424	198322	3126	437620	0.992857
chr01	21000001	21250000	HAP1_chr01	HAP2_chr01	HAP1	HAP2	1	1	243568	241962	4636	480894	0.990360
chr01	21000001	21250000	HAP1_chr01	HAP3_chr01	HAP1	HAP3	1	1	243568	188216	2933	428851	0.993161
chr01	21000001	21250000	HAP2_chr01	HAP3_chr01	HAP2	HAP3	1	1	241962	188216	2560	427618	0.994013
chr01	21250001	21500000	HAP1_chr01	HAP2_chr01	HAP1	HAP2	1	1	240977	243366	5068	479275	0.989426
chr01	21250001	21500000	HAP1_chr01	HAP3_chr01	HAP1	HAP3	1	1	240977	236832	4692	473117	0.990083
chr01	21250001	21500000	HAP2_chr01	HAP3_chr01	HAP2	HAP3	1	1	243366	236832	4070	476128	0.991452
chr01	21500001	21750000	HAP1_chr01	HAP2_chr01	HAP1	HAP2	1	1	242334	240542	4157	478719	0.991316
chr01	21500001	21750000	HAP1_chr01	HAP3_chr01	HAP1	HAP3	1	1	242334	204940	3547	443727	0.992006
chr01	21500001	21750000	HAP2_chr01	HAP3_chr01	HAP2	HAP3	1	1	240542	204940	5900	439582	0.986578
chr01	21750001	22000000	HAP1_chr01	HAP2_chr01	HAP1	HAP2	1	1	244114	238972	3865	479221	0.991935
chr01	21750001	22000000	HAP1_chr01	HAP3_chr01	HAP1	HAP3	1	1	244114	240582	4074	480622	0.991523
chr01	21750001	22000000	HAP2_chr01	HAP3_chr01	HAP2	HAP3	1	1	238972	240582	4020	475534	0.991546
chr01	22000001	22250000	HAP1_chr01	HAP2_chr01	HAP1	HAP2	1	1	229378	242060	5848	465590	0.987440
chr01	22000001	22250000	HAP1_chr01	HAP3_chr01	HAP1	HAP3	1	1	229378	236774	5476	460676	0.988113
chr01	22000001	22250000	HAP2_chr01	HAP3_chr01	HAP2	HAP3	1	1	242060	236774	5182	473652	0.989059
chr01	22250001	22500000	HAP1_chr01	HAP2_chr01	HAP1	HAP2	1	1	243379	228640	3790	468229	0.991906
chr01	22250001	22500000	HAP1_chr01	HAP3_chr01	HAP1	HAP3	1	1	243379	214416	4485	453310	0.990106
chr01	22250001	22500000	HAP2_chr01	HAP3_chr01	HAP2	HAP3	1	1	228640	214416	5823	437233	0.986682
chr01	22500001	22750000	HAP1_chr01	HAP2_chr01	HAP1	HAP2	1	1	242220	242561	4102	480679	0.991466
chr01	22500001	22750000	HAP1_chr01	HAP3_chr01	HAP1	HAP3	1	1	242220	164231	3238	403213	0.991970
chr01	22500001	22750000	HAP2_chr01	HAP3_chr01	HAP2	HAP3	1	1	242561	164231	3836	402956	0.990480
chr01	22750001	23000000	HAP1_chr01	HAP2_chr01	HAP1	HAP2	1	1	239762	243044	3748	479058	0.992176
chr01	22750001	23000000	HAP1_chr01	HAP3_chr01	HAP1	HAP3	1	1	239762	232347	4463	467646	0.990456
chr01	22750001	23000000	HAP2_chr01	HAP3_chr01	HAP2	HAP3	1	1	243044	232347	5149	470242	0.989050
chr01	23000001	23250000	HAP1_chr01	HAP2_chr01	HAP1	HAP2	1	1	239251	243276	8165	474362	0.982787
chr01	23000001	23250000	HAP1_chr01	HAP3_chr01	HAP1	HAP3	1	1	239251	232487	5638	466100	0.987904
chr01	23000001	23250000	HAP2_chr01	HAP3_chr01	HAP2	HAP3	1	1	243276	232487	4276	471487	0.990931
chr01	23250001	23500000	HAP1_chr01	HAP2_chr01	HAP1	HAP2	1	1	232820	243048	38666	437202	0.911560
chr01	23250001	23500000	HAP1_chr01	HAP3_chr01	HAP1	HAP3	1	1	232820	239543	4729	467634	0.989887
chr01	23250001	23500000	HAP2_chr01	HAP3_chr01	HAP2	HAP3	1	1	243048	239543	4680	477911	0.990207
chr01	23500001	23750000	HAP1_chr01	HAP2_chr01	HAP1	HAP2	1	1	229535	242375	34019	437891	0.922312
chr01	23500001	23750000	HAP1_chr01	HAP3_chr01	HAP1	HAP3	1	1	229535	239989	5336	464188	0.988505
chr01	23500001	23750000	HAP2_chr01	HAP3_chr01	HAP2	HAP3	1	1	242375	239989	6374	475990	0.986609
chr01	23750001	24000000	HAP1_chr01	HAP2_chr01	HAP1	HAP2	1	1	238588	225711	27855	436444	0.936177
chr01	23750001	24000000	HAP1_chr01	HAP3_chr01	HAP1	HAP3	1	1	238588	230579	7627	461540	0.983475
chr01	23750001	24000000	HAP2_chr01	HAP3_chr01	HAP2	HAP3	1	1	225711	230579	6000	450290	0.986675
chr01	24000001	24250000	HAP1_chr01	HAP2_chr01	HAP1	HAP2	1	1	228006	234897	17872	445031	0.959841
chr01	24000001	24250000	HAP1_chr01	HAP3_chr01	HAP1	HAP3	1	1	228006	234812	3997	458821	0.991289
chr01	24000001	24250000	HAP2_chr01	HAP3_chr01	HAP2	HAP3	1	1	234897	234812	3964	465745	0.991489
chr01	24250001	24500000	HAP1_chr01	HAP2_chr01	HAP1	HAP2	1	1	240725	232138	33973	438890	0.922593
chr01	24250001	24500000	HAP1_chr01	HAP3_chr01	HAP1	HAP3	1	1	240725	206741	4369	443097	0.990140
chr01	24250001	24500000	HAP2_chr01	HAP3_chr01	HAP2	HAP3	1	1	232138	206741	4106	434773	0.990556
chr01	24500001	24750000	HAP1_chr01	HAP2_chr01	HAP1	HAP2	1	1	242788	241765	39225	445328	0.911919
chr01	24500001	24750000	HAP1_chr01	HAP3_chr01	HAP1	HAP3	1	1	242788	239085	4705	477168	0.990140
chr01	24500001	24750000	HAP2_chr01	HAP3_chr01	HAP2	HAP3	1	1	241765	239085	3967	476883	0.991681
chr01	24750001	24944291	HAP1_chr01	HAP2_chr01	HAP1	HAP2	1	1	185229	188537	3435	370331	0.990725
chr01	24750001	24944291	HAP1_chr01	HAP3_chr01	HAP1	HAP3	1	1	185229	177824	2150	360903	0.994043
chr01	24750001	24944291	HAP2_chr01	HAP3_chr01	HAP2	HAP3	1	1	188537	177824	2259	364102	0.993796
chr02	1	250000	HAP1_chr02	HAP2_chr02	HAP1	HAP2	2	2	18521	228774	1511	245784	0.993852
chr02	1	250000	HAP1_chr02	HAP3_chr02	HAP1	HAP3	2	2	18521	18883	2496	34908	0.928498
chr02	1	250000	HAP2_chr02	HAP3_chr02	HAP2	HAP3	2	2	228774	18883	1606	246051	0.993473
chr02	250001	500000	HAP1_chr02	HAP2_chr02	HAP1	HAP2	2	2	10794	221436	29	232201	0.999875
chr02	250001	500000	HAP1_chr02	HAP3_chr02	HAP1	HAP3	2	2	10794	9664	4204	16254	0.741356
chr02	250001	500000	HAP2_chr02	HAP3_chr02	HAP2	HAP3	2	2	221436	9664	22	231078	0.999905
chr02	500001	750000	HAP1_chr02	HAP2_chr02	HAP1	HAP2	2	2	13588	226759	16	240331	0.999933
chr02	500001	750000	HAP1_chr02	HAP3_chr02	HAP1	HAP3	2	2	13588	10082	3418	20252	0.831227
chr02	500001	750000	HAP2_chr02	HAP3_chr02	HAP2	HAP3	2	2	226759	10082	26	236815	0.999890
chr02	750001	1000000	HAP1_chr02	HAP2_chr02	HAP1	HAP2	2	2	12768	240421	28	253161	0.999889
chr02	750001	1000000	HAP1_chr02	HAP3_chr02	HAP1	HAP3	2	2	12768	8143	1788	19123	0.906500
chr02	750001	1000000	HAP2_chr02	HAP3_chr02	HAP2	HAP3	2	2	240421	8143	15	248549	0.999940
chr02	1000001	1250000	HAP1_chr02	HAP2_chr02	HAP1	HAP2	2	2	10257	224243	19	234481	0.999919
chr02	1000001	1250000	HAP1_chr02	HAP3_chr02	HAP1	HAP3	2	2	10257	8910	1678	17489	0.904054
chr02	1000001	1250000	HAP2_chr02	HAP3_chr02	HAP2	HAP3	2	2	224243	8910	9	233144	0.999961
chr02	1250001	1500000	HAP1_chr02	HAP2_chr02	HAP1	HAP2	2	2	10729	237171	24	247876	0.999903
chr02	1250001	1500000	HAP1_chr02	HAP3_chr02	HAP1	HAP3	2	2	10729	8044	1747	17026	0.897392
chr02	1250001	1500000	HAP2_chr02	HAP3_chr02	HAP2	HAP3	2	2	237171	8044	12	245203	0.999951
chr02	1500001	1750000	HAP1_chr02	HAP2_chr02	HAP1	HAP2	2	2	20836	229698	76	250458	0.999697
chr02	1500001	1750000	HAP1_chr02	HAP3_chr02	HAP1	HAP3	2	2	20836	8691	1802	27725	0.935005
chr02	1500001	1750000	HAP2_chr02	HAP3_chr02	HAP2	HAP3	2	2	229698	8691	26	238363	0.999891
chr02	1750001	2000000	HAP1_chr02	HAP2_chr02	HAP1	HAP2	2	2	11819	225540	23	237336	0.999903
chr02	1750001	2000000	HAP1_chr02	HAP3_chr02	HAP1	HAP3	2	2	11819	8250	868	19201	0.954794
chr02	1750001	2000000	HAP2_chr02	HAP3_chr02	HAP2	HAP3	2	2	225540	8250	14	233776	0.999940
chr02	2000001	2250000	HAP1_chr02	HAP2_chr02	HAP1	HAP2	2	2	9544	239646	24	249166	0.999904
chr02	2000001	2250000	HAP1_chr02	HAP3_chr02	HAP1	HAP3	2	2	9544	13550	1196	21898	0.945383
chr02	2000001	2250000	HAP2_chr02	HAP3_chr02	HAP2	HAP3	2	2	239646	13550	83	253113	0.999672
chr02	2250001	2500000	HAP1_chr02	HAP2_chr02	HAP1	HAP2	2	2	7155	236811	31	243935	0.999873
chr02	2250001	2500000	HAP1_chr02	HAP3_chr02	HAP1	HAP3	2	2	7155	117604	1928	122831	0.984304
chr02	2250001	2500000	HAP2_chr02	HAP3_chr02	HAP2	HAP3	2	2	236811	117604	1225	353190	0.996532
chr02	2500001	2750000	HAP1_chr02	HAP2_chr02	HAP1	HAP2	2	2	11117	232866	104	243879	0.999574
chr02	2500001	2750000	HAP1_chr02	HAP3_chr02	HAP1	HAP3	2	2	11117	187604	51	198670	0.999743
chr02	2500001	2750000	HAP2_chr02	HAP3_chr02	HAP2	HAP3	2	2	232866	187604	2928	417542	0.992988
chr02	2750001	3000000	HAP1_chr02	HAP2_chr02	HAP1	HAP2	2	2	7459	239069	183	246345	0.999257
chr02	2750001	3000000	HAP1_chr02	HAP3_chr02	HAP1	HAP3	2	2	7459	238241	203	245497	0.999173
chr02	2750001	3000000	HAP2_chr02	HAP3_chr02	HAP2	HAP3	2	2	239069	238241	5451	471859	0.988448
chr02	3000001	3250000	HAP1_chr02	HAP2_chr02	HAP1	HAP2	2	2	5931	241516	10	247437	0.999960
chr02	3000001	3250000	HAP1_chr02	HAP3_chr02	HAP1	HAP3	2	2	5931	205595	11	211515	0.999948
chr02	3000001	3250000	HAP2_chr02	HAP3_chr02	HAP2	HAP3	2	2	241516	205595	3578	443533	0.991933
chr02	3250001	3500000	HAP1_chr02	HAP2_chr02	HAP1	HAP2	2	2	7874	237791	13	245652	0.999947
chr02	3250001	3500000	HAP1_chr02	HAP3_chr02	HAP1	HAP3	2	2	7874	212844	1524	219194	0.993047
chr02	3250001	3500000	HAP2_chr02	HAP3_chr02	HAP2	HAP3	2	2	237791	212844	4054	446581	0.990922
chr02	3500001	3750000	HAP1_chr02	HAP2_chr02	HAP1	HAP2	2	2	10996	242165	30	253131	0.999881
chr02	3500001	3750000	HAP1_chr02	HAP3_chr02	HAP1	HAP3	2	2	10996	225049	10	236035	0.999958
chr02	3500001	3750000	HAP2_chr02	HAP3_chr02	HAP2	HAP3	2	2	242165	225049	3675	463539	0.992072
chr02	3750001	4000000	HAP1_chr02	HAP2_chr02	HAP1	HAP2	2	2	56783	227141	730	283194	0.997422
chr02	3750001	4000000	HAP1_chr02	HAP3_chr02	HAP1	HAP3	2	2	56783	232643	443	288983	0.998467
chr02	3750001	4000000	HAP2_chr02	HAP3_chr02	HAP2	HAP3	2	2	227141	232643	5086	454698	0.988815
chr02	4000001	4250000	HAP1_chr02	HAP2_chr02	HAP1	HAP2	2	2	231226	237817	5603	463440	0.987910
chr02	4000001	4250000	HAP1_chr02	HAP3_chr02	HAP1	HAP3	2	2	231226	236574	3840	463960	0.991723
chr02	4000001	4250000	HAP2_chr02	HAP3_chr02	HAP2	HAP3	2	2	237817	236574	6440	467951	0.986238
chr02	4250001	4500000	HAP1_chr02	HAP2_chr02	HAP1	HAP2	2	2	229033	236179	3264	461948	0.992934
chr02	4250001	4500000	HAP1_chr02	HAP3_chr02	HAP1	HAP3	2	2	229033	233587	4436	458184	0.990318
chr02	4250001	4500000	HAP2_chr02	HAP3_chr02	HAP2	HAP3	2	2	236179	233587	3102	466664	0.993353
chr02	4500001	4750000	HAP1_chr02	HAP2_chr02	HAP1	HAP2	2	2	231516	239036	4277	466275	0.990827
chr02	4500001	4750000	HAP1_chr02	HAP3_chr02	HAP1	HAP3	2	2	231516	230258	6168	455606	0.986462
chr02	4500001	4750000	HAP2_chr02	HAP3_chr02	HAP2	HAP3	2	2	239036	230258	5370	463924	0.988425
chr02	4750001	5000000	HAP1_chr02	HAP2_chr02	HAP1	HAP2	2	2	192366	241271	3006	430631	0.993020
chr02	4750001	5000000	HAP1_chr02	HAP3_chr02	HAP1	HAP3	2	2	192366	237858	4136	426088	0.990293
chr02	4750001	5000000	HAP2_chr02	HAP3_chr02	HAP2	HAP3	2	2	241271	237858	4421	474708	0.990687
chr02	5000001	5250000	HAP1_chr02	HAP2_chr02	HAP1	HAP2	2	2	206208	241494	2886	444816	0.993512
chr02	5000001	5250000	HAP1_chr02	HAP3_chr02	HAP1	HAP3	2	2	206208	240083	3748	442543	0.991531
chr02	5000001	5250000	HAP2_chr02	HAP3_chr02	HAP2	HAP3	2	2	241494	240083	4603	476974	0.990350
chr02	5250001	5500000	HAP1_chr02	HAP2_chr02	HAP1	HAP2	2	2	231011	222313	2420	450904	0.994633
chr02	5250001	5500000	HAP1_chr02	HAP3_chr02	HAP1	HAP3	2	2	231011	242385	4071	469325	0.991326
chr02	5250001	5500000	HAP2_chr02	HAP3_chr02	HAP2	HAP3	2	2	222313	242385	4462	460236	0.990305
chr02	5500001	5750000	HAP1_chr02	HAP2_chr02	HAP1	HAP2	2	2	227090	141655	2665	366080	0.992720
chr02	5500001	5750000	HAP1_chr02	HAP3_chr02	HAP1	HAP3	2	2	227090	240714	6054	461750	0.986889
chr02	5500001	5750000	HAP2_chr02	HAP3_chr02	HAP2	HAP3	2	2	141655	240714	2917	379452	0.992313
chr02	5750001	6000000	HAP1_chr02	HAP2_chr02	HAP1	HAP2	2	2	230943	128077	1077	357943	0.996991
chr02	5750001	6000000	HAP1_chr02	HAP3_chr02	HAP1	HAP3	2	2	230943	239638	4861	465720	0.989562
chr02	5750001	6000000	HAP2_chr02	HAP3_chr02	HAP2	HAP3	2	2	128077	239638	1650	366065	0.995493
chr02	6000001	6250000	HAP1_chr02	HAP2_chr02	HAP1	HAP2	2	2	238644	240764	3598	475810	0.992438
chr02	6000001	6250000	HAP1_chr02	HAP3_chr02	HAP1	HAP3	2	2	238644	237060	5527	470177	0.988245
chr02	6000001	6250000	HAP2_chr02	HAP3_chr02	HAP2	HAP3	2	2	240764	237060	6269	471555	0.986706
chr02	6250001	6500000	HAP1_chr02	HAP2_chr02	HAP1	HAP2	2	2	231676	229162	3504	457334	0.992338
chr02	6250001	6500000	HAP1_chr02	HAP3_chr02	HAP1	HAP3	2	2	231676	238748	6073	464351	0.986922
chr02	6250001	6500000	HAP2_chr02	HAP3_chr02	HAP2	HAP3	2	2	229162	238748	4599	463311	0.990074
chr02	6500001	6750000	HAP1_chr02	HAP2_chr02	HAP1	HAP2	2	2	239275	128448	1058	366665	0.997115
chr02	6500001	6750000	HAP1_chr02	HAP3_chr02	HAP1	HAP3	2	2	239275	221609	4732	456152	0.989626
chr02	6500001	6750000	HAP2_chr02	HAP3_chr02	HAP2	HAP3	2	2	128448	221609	1143	348914	0.996724
chr02	6750001	7000000	HAP1_chr02	HAP2_chr02	HAP1	HAP2	2	2	240574	221719	2780	459513	0.993950
chr02	6750001	7000000	HAP1_chr02	HAP3_chr02	HAP1	HAP3	2	2	240574	226711	4494	462791	0.990289
chr02	6750001	7000000	HAP2_chr02	HAP3_chr02	HAP2	HAP3	2	2	221719	226711	11208	437222	0.974365
chr02	7000001	7250000	HAP1_chr02	HAP2_chr02	HAP1	HAP2	2	2	239418	203564	2620	440362	0.994050
chr02	7000001	7250000	HAP1_chr02	HAP3_chr02	HAP1	HAP3	2	2	239418	242889	5649	476658	0.988149
chr02	7000001	7250000	HAP2_chr02	HAP3_chr02	HAP2	HAP3	2	2	203564	242889	3997	442456	0.990966
chr02	7250001	7500000	HAP1_chr02	HAP2_chr02	HAP1	HAP2	2	2	239938	69216	1021	308133	0.996686
chr02	7250001	7500000	HAP1_chr02	HAP3_chr02	HAP1	HAP3	2	2	239938	240603	3810	476731	0.992008
chr02	7250001	7500000	HAP2_chr02	HAP3_chr02	HAP2	HAP3	2	2	69216	240603	2649	307170	0.991376
chr02	7500001	7750000	HAP1_chr02	HAP2_chr02	HAP1	HAP2	2	2	240329	23157	311	263175	0.998818
chr02	7500001	7750000	HAP1_chr02	HAP3_chr02	HAP1	HAP3	2	2	240329	244201	4984	479546	0.989607
chr02	7500001	7750000	HAP2_chr02	HAP3_chr02	HAP2	HAP3	2	2	23157	244201	350	267008	0.998689
chr02	7750001	8000000	HAP1_chr02	HAP2_chr02	HAP1	HAP2	2	2	232418	115559	16484	331493	0.950273
chr02	7750001	8000000	HAP1_chr02	HAP3_chr02	HAP1	HAP3	2	2	232418	140386	3062	369742	0.991719
chr02	7750001	8000000	HAP2_chr02	HAP3_chr02	HAP2	HAP3	2	2	115559	140386	2725	253220	0.989239
chr02	8000001	8250000	HAP1_chr02	HAP2_chr02	HAP1	HAP2	2	2	240932	118902	1462	358372	0.995920
chr02	8000001	8250000	HAP1_chr02	HAP3_chr02	HAP1	HAP3	2	2	240932	145397	3023	383306	0.992113
chr02	8000001	8250000	HAP2_chr02	HAP3_chr02	HAP2	HAP3	2	2	118902	145397	3878	260421	0.985109
chr02	8250001	8500000	HAP1_chr02	HAP2_chr02	HAP1	HAP2	2	2	230347	225539	6369	449517	0.985831
chr02	8250001	8500000	HAP1_chr02	HAP3_chr02	HAP1	HAP3	2	2	230347	109386	2882	336851	0.991444
chr02	8250001	8500000	HAP2_chr02	HAP3_chr02	HAP2	HAP3	2	2	225539	109386	3071	331854	0.990746
chr02	8500001	8750000	HAP1_chr02	HAP2_chr02	HAP1	HAP2	2	2	243123	240999	5489	478633	0.988532
chr02	8500001	8750000	HAP1_chr02	HAP3_chr02	HAP1	HAP3	2	2	243123	60084	1175	302032	0.996110
chr02	8500001	8750000	HAP2_chr02	HAP3_chr02	HAP2	HAP3	2	2	240999	60084	1666	299417	0.994436
chr02	8750001	9000000	HAP1_chr02	HAP2_chr02	HAP1	HAP2	2	2	238823	242808	7009	474622	0.985232
chr02	8750001	9000000	HAP1_chr02	HAP3_chr02	HAP1	HAP3	2	2	238823	148142	3614	383351	0.990573
chr02	8750001	9000000	HAP2_chr02	HAP3_chr02	HAP2	HAP3	2	2	242808	148142	2452	388498	0.993689
chr02	9000001	9250000	HAP1_chr02	HAP2_chr02	HAP1	HAP2	2	2	242416	236701	5081	474036	0.989281
chr02	9000001	9250000	HAP1_chr02	HAP3_chr02	HAP1	HAP3	2	2	242416	238498	4127	476787	0.991344
chr02	9000001	9250000	HAP2_chr02	HAP3_chr02	HAP2	HAP3	2	2	236701	238498	5793	469406	0.987659
chr02	9250001	9500000	HAP1_chr02	HAP2_chr02	HAP1	HAP2	2	2	220656	239532	3891	456297	0.991473
chr02	9250001	9500000	HAP1_chr02	HAP3_chr02	HAP1	HAP3	2	2	220656	234323	4941	450038	0.989021
chr02	9250001	9500000	HAP2_chr02	HAP3_chr02	HAP2	HAP3	2	2	239532	234323	4414	469441	0.990597
chr02	9500001	9750000	HAP1_chr02	HAP2_chr02	HAP1	HAP2	2	2	108150	220569	2491	326228	0.992364
chr02	9500001	9750000	HAP1_chr02	HAP3_chr02	HAP1	HAP3	2	2	108150	120655	6952	221853	0.968664
chr02	9500001	9750000	HAP2_chr02	HAP3_chr02	HAP2	HAP3	2	2	220569	120655	1135	340089	0.996663
chr02	9750001	10000000	HAP1_chr02	HAP2_chr02	HAP1	HAP2	2	2	196162	241788	3018	434932	0.993061
chr02	9750001	10000000	HAP1_chr02	HAP3_chr02	HAP1	HAP3	2	2	196162	221664	12028	405798	0.970360
chr02	9750001	10000000	HAP2_chr02	HAP3_chr02	HAP2	HAP3	2	2	241788	221664	3711	459741	0.991928
chr02	10000001	10250000	HAP1_chr02	HAP2_chr02	HAP1	HAP2	2	2	119295	228855	2190	345960	0.993670
chr02	10000001	10250000	HAP1_chr02	HAP3_chr02	HAP1	HAP3	2	2	119295	165100	36297	248098	0.853699
chr02	10000001	10250000	HAP2_chr02	HAP3_chr02	HAP2	HAP3	2	2	228855	165100	3124	390831	0.992007
chr02	10250001	10500000	HAP1_chr02	HAP2_chr02	HAP1	HAP2	2	2	98043	221613	4187	315469	0.986728
chr02	10250001	10500000	HAP1_chr02	HAP3_chr02	HAP1	HAP3	2	2	98043	161258	3256	256045	0.987283
chr02	10250001	10500000	HAP2_chr02	HAP3_chr02	HAP2	HAP3	2	2	221613	161258	3780	379091	0.990029
chr02	10500001	10750000	HAP1_chr02	HAP2_chr02	HAP1	HAP2	2	2	211131	229200	5961	434370	0.986277
chr02	10500001	10750000	HAP1_chr02	HAP3_chr02	HAP1	HAP3	2	2	211131	82290	5876	287545	0.979565
chr02	10500001	10750000	HAP2_chr02	HAP3_chr02	HAP2	HAP3	2	2	229200	82290	1218	310272	0.996074
chr02	10750001	11000000	HAP1_chr02	HAP2_chr02	HAP1	HAP2	2	2	220339	241113	3239	458213	0.992931
chr02	10750001	11000000	HAP1_chr02	HAP3_chr02	HAP1	HAP3	2	2	220339	158722	6083	372978	0.983691
chr02	10750001	11000000	HAP2_chr02	HAP3_chr02	HAP2	HAP3	2	2	241113	158722	3926	395909	0.990084
chr02	11000001	11250000	HAP1_chr02	HAP2_chr02	HAP1	HAP2	2	2	151526	231360	1826	381060	0.995208
chr02	11000001	11250000	HAP1_chr02	HAP3_chr02	HAP1	HAP3	2	2	151526	238797	3353	386970	0.991335
chr02	11000001	11250000	HAP2_chr02	HAP3_chr02	HAP2	HAP3	2	2	231360	238797	5904	464253	0.987283
chr02	11250001	11500000	HAP1_chr02	HAP2_chr02	HAP1	HAP2	2	2	220042	241827	2853	459016	0.993785
chr02	11250001	11500000	HAP1_chr02	HAP3_chr02	HAP1	HAP3	2	2	220042	240510	7789	452763	0.982797
chr02	11250001	11500000	HAP2_chr02	HAP3_chr02	HAP2	HAP3	2	2	241827	240510	5046	477291	0.989428
chr02	11500001	11750000	HAP1_chr02	HAP2_chr02	HAP1	HAP2	2	2	184204	241281	3020	422465	0.992851
chr02	11500001	11750000	HAP1_chr02	HAP3_chr02	HAP1	HAP3	2	2	184204	240148	3525	420827	0.991624
chr02	11500001	11750000	HAP2_chr02	HAP3_chr02	HAP2	HAP3	2	2	241281	240148	5917	475512	0.987557
chr02	11750001	12000000	HAP1_chr02	HAP2_chr02	HAP1	HAP2	2	2	60118	236271	852	295537	0.997117
chr02	11750001	12000000	HAP1_chr02	HAP3_chr02	HAP1	HAP3	2	2	60118	239963	1902	298179	0.993621
chr02	11750001	12000000	HAP2_chr02	HAP3_chr02	HAP2	HAP3	2	2	236271	239963	7160	469074	0.984736
chr02	12000001	12250000	HAP1_chr02	HAP2_chr02	HAP1	HAP2	2	2	90117	241709	1472	330354	0.995544
chr02	12000001	12250000	HAP1_chr02	HAP3_chr02	HAP1	HAP3	2	2	90117	240884	3027	327974	0.990771
chr02	12000001	12250000	HAP2_chr02	HAP3_chr02	HAP2	HAP3	2	2	241709	240884	6134	476459	0.987126
chr02	12250001	12500000	HAP1_chr02	HAP2_chr02	HAP1	HAP2	2	2	78492	239500	619	317373	0.998050
chr02	12250001	12500000	HAP1_chr02	HAP3_chr02	HAP1	HAP3	2	2	78492	177919	1586	254825	0.993776
chr02	12250001	12500000	HAP2_chr02	HAP3_chr02	HAP2	HAP3	2	2	239500	177919	3896	413523	0.990579
chr02	12500001	12750000	HAP1_chr02	HAP2_chr02	HAP1	HAP2	2	2	112946	243965	862	356049	0.997579
chr02	12500001	12750000	HAP1_chr02	HAP3_chr02	HAP1	HAP3	2	2	112946	240523	993	352476	0.997183
chr02	12500001	12750000	HAP2_chr02	HAP3_chr02	HAP2	HAP3	2	2	243965	240523	4709	479779	0.990185
chr02	12750001	13000000	HAP1_chr02	HAP2_chr02	HAP1	HAP2	2	2	202851	239884	3486	439249	0.992064
chr02	12750001	13000000	HAP1_chr02	HAP3_chr02	HAP1	HAP3	2	2	202851	224779	3516	424114	0.991710
chr02	12750001	13000000	HAP2_chr02	HAP3_chr02	HAP2	HAP3	2	2	239884	224779	3982	460681	0.991356
chr02	13000001	13250000	HAP1_chr02	HAP2_chr02	HAP1	HAP2	2	2	243540	245189	3238	485491	0.993330
chr02	13000001	13250000	HAP1_chr02	HAP3_chr02	HAP1	HAP3	2	2	243540	232088	5882	469746	0.987478
chr02	13000001	13250000	HAP2_chr02	HAP3_chr02	HAP2	HAP3	2	2	245189	232088	3633	473644	0.992330
chr02	13250001	13500000	HAP1_chr02	HAP2_chr02	HAP1	HAP2	2	2	240087	42108	332	281863	0.998822
chr02	13250001	13500000	HAP1_chr02	HAP3_chr02	HAP1	HAP3	2	2	240087	234468	5487	469068	0.988302
chr02	13250001	13500000	HAP2_chr02	HAP3_chr02	HAP2	HAP3	2	2	42108	234468	395	276181	0.998570
chr02	13500001	13750000	HAP1_chr02	HAP2_chr02	HAP1	HAP2	2	2	238236	15098	33	253301	0.999870
chr02	13500001	13750000	HAP1_chr02	HAP3_chr02	HAP1	HAP3	2	2	238236	240627	6518	472345	0.986201
chr02	13500001	13750000	HAP2_chr02	HAP3_chr02	HAP2	HAP3	2	2	15098	240627	28	255697	0.999890
chr02	13750001	14000000	HAP1_chr02	HAP2_chr02	HAP1	HAP2	2	2	237304	13543	25	250822	0.999900
chr02	13750001	14000000	HAP1_chr02	HAP3_chr02	HAP1	HAP3	2	2	237304	230486	6888	460902	0.985055
chr02	13750001	14000000	HAP2_chr02	HAP3_chr02	HAP2	HAP3	2	2	13543	230486	32	243997	0.999869
chr02	14000001	14250000	HAP1_chr02	HAP2_chr02	HAP1	HAP2	2	2	238703	9926	20	248609	0.999920
chr02	14000001	14250000	HAP1_chr02	HAP3_chr02	HAP1	HAP3	2	2	238703	240502	5586	473619	0.988206
chr02	14000001	14250000	HAP2_chr02	HAP3_chr02	HAP2	HAP3	2	2	9926	240502	22	250406	0.999912
chr02	14250001	14500000	HAP1_chr02	HAP2_chr02	HAP1	HAP2	2	2	239434	8550	74	247910	0.999702
chr02	14250001	14500000	HAP1_chr02	HAP3_chr02	HAP1	HAP3	2	2	239434	243124	5229	477329	0.989045
chr02	14250001	14500000	HAP2_chr02	HAP3_chr02	HAP2	HAP3	2	2	8550	243124	76	251598	0.999698
chr02	14500001	14750000	HAP1_chr02	HAP2_chr02	HAP1	HAP2	2	2	232552	13179	22	245709	0.999910
chr02	14500001	14750000	HAP1_chr02	HAP3_chr02	HAP1	HAP3	2	2	232552	230028	4160	458420	0.990925
chr02	14500001	14750000	HAP2_chr02	HAP3_chr02	HAP2	HAP3	2	2	13179	230028	14	243193	0.999942
chr02	14750001	15000000	HAP1_chr02	HAP2_chr02	HAP1	HAP2	2	2	224409	17453	25	241837	0.999897
chr02	14750001	15000000	HAP1_chr02	HAP3_chr02	HAP1	HAP3	2	2	224409	242044	5768	460685	0.987480
chr02	14750001	15000000	HAP2_chr02	HAP3_chr02	HAP2	HAP3	2	2	17453	242044	50	259447	0.999807
chr02	15000001	15250000	HAP1_chr02	HAP2_chr02	HAP1	HAP2	2	2	238844	9396	23	248217	0.999907
chr02	15000001	15250000	HAP1_chr02	HAP3_chr02	HAP1	HAP3	2	2	238844	241934	4412	476366	0.990738
chr02	15000001	15250000	HAP2_chr02	HAP3_chr02	HAP2	HAP3	2	2	9396	241934	34	251296	0.999865
chr02	15250001	15500000	HAP1_chr02	HAP2_chr02	HAP1	HAP2	2	2	233073	16151	24	249200	0.999904
chr02	15250001	15500000	HAP1_chr02	HAP3_chr02	HAP1	HAP3	2	2	233073	239932	5831	467174	0.987519
chr02	15250001	15500000	HAP2_chr02	HAP3_chr02	HAP2	HAP3	2	2	16151	239932	17	256066	0.999934
chr02	15500001	15750000	HAP1_chr02	HAP2_chr02	HAP1	HAP2	2	2	237367	9561	19	246909	0.999923
chr02	15500001	15750000	HAP1_chr02	HAP3_chr02	HAP1	HAP3	2	2	237367	224370	4159	457578	0.990911
chr02	15500001	15750000	HAP2_chr02	HAP3_chr02	HAP2	HAP3	2	2	9561	224370	18	233913	0.999923
chr02	15750001	15969661	HAP1_chr02	HAP2_chr02	HAP1	HAP2	2	2	212749	31238	141	243846	0.999422
chr02	15750001	15969661	HAP1_chr02	HAP3_chr02	HAP1	HAP3	2	2	212749	139906	1668	350987	0.995248
chr02	15750001	15969661	HAP2_chr02	HAP3_chr02	HAP2	HAP3	2	2	31238	139906	2859	168285	0.983011
chr03	1	250000	HAP1_chr03	HAP2_chr03	HAP1	HAP2	3	3	18154	243498	36	261616	0.999862
chr03	1	250000	HAP1_chr03	HAP3_chr03	HAP1	HAP3	3	3	18154	240145	42	258257	0.999837
chr03	1	250000	HAP2_chr03	HAP3_chr03	HAP2	HAP3	3	3	243498	240145	182660	300983	0.393122
chr03	250001	500000	HAP1_chr03	HAP2_chr03	HAP1	HAP2	3	3	6739	240429	17	247151	0.999931
chr03	250001	500000	HAP1_chr03	HAP3_chr03	HAP1	HAP3	3	3	6739	240270	15	246994	0.999939
chr03	250001	500000	HAP2_chr03	HAP3_chr03	HAP2	HAP3	3	3	240429	240270	175881	304818	0.422997
chr03	500001	750000	HAP1_chr03	HAP2_chr03	HAP1	HAP2	3	3	9296	223657	18	232935	0.999923
chr03	500001	750000	HAP1_chr03	HAP3_chr03	HAP1	HAP3	3	3	9296	239618	9	248905	0.999964
chr03	500001	750000	HAP2_chr03	HAP3_chr03	HAP2	HAP3	3	3	223657	239618	125142	338133	0.629903
chr03	750001	1000000	HAP1_chr03	HAP2_chr03	HAP1	HAP2	3	3	9906	233719	12	243613	0.999951
chr03	750001	1000000	HAP1_chr03	HAP3_chr03	HAP1	HAP3	3	3	9906	230073	11	239968	0.999954
chr03	750001	1000000	HAP2_chr03	HAP3_chr03	HAP2	HAP3	3	3	233719	230073	112513	351279	0.679705
chr03	1000001	1250000	HAP1_chr03	HAP2_chr03	HAP1	HAP2	3	3	8713	240664	24	249353	0.999904
chr03	1000001	1250000	HAP1_chr03	HAP3_chr03	HAP1	HAP3	3	3	8713	240968	14	249667	0.999944
chr03	1000001	1250000	HAP2_chr03	HAP3_chr03	HAP2	HAP3	3	3	240664	240968	136171	345461	0.605828
chr03	1250001	1500000	HAP1_chr03	HAP2_chr03	HAP1	HAP2	3	3	9619	239672	12	249279	0.999952
chr03	1250001	1500000	HAP1_chr03	HAP3_chr03	HAP1	HAP3	3	3	9619	239633	19	249233	0.999924
chr03	1250001	1500000	HAP2_chr03	HAP3_chr03	HAP2	HAP3	3	3	239672	239633	133060	346245	0.615706
chr03	1500001	1750000	HAP1_chr03	HAP2_chr03	HAP1	HAP2	3	3	18883	237347	61	256169	0.999762
chr03	1500001	1750000	HAP1_chr03	HAP3_chr03	HAP1	HAP3	3	3	18883	237480	473	255890	0.998152
chr03	1500001	1750000	HAP2_chr03	HAP3_chr03	HAP2	HAP3	3	3	237347	237480	136257	338570	0.597551
chr03	1750001	2000000	HAP1_chr03	HAP2_chr03	HAP1	HAP2	3	3	8254	228880	10	237124	0.999958
chr03	1750001	2000000	HAP1_chr03	HAP3_chr03	HAP1	HAP3	3	3	8254	232566	16	240804	0.999934
chr03	1750001	2000000	HAP2_chr03	HAP3_chr03	HAP2	HAP3	3	3	228880	232566	108416	353030	0.692899
chr03	2000001	2250000	HAP1_chr03	HAP2_chr03	HAP1	HAP2	3	3	8162	242758	19	250901	0.999924
chr03	2000001	2250000	HAP1_chr03	HAP3_chr03	HAP1	HAP3	3	3	8162	241655	21	249796	0.999916
chr03	2000001	2250000	HAP2_chr03	HAP3_chr03	HAP2	HAP3	3	3	242758	241655	124094	360319	0.655600
chr03	2250001	2500000	HAP1_chr03	HAP2_chr03	HAP1	HAP2	3	3	11755	233335	22	245068	0.999910
chr03	2250001	2500000	HAP1_chr03	HAP3_chr03	HAP1	HAP3	3	3	11755	234337	27	246065	0.999890
chr03	2250001	2500000	HAP2_chr03	HAP3_chr03	HAP2	HAP3	3	3	233335	234337	103052	364620	0.717372
chr03	2500001	2750000	HAP1_chr03	HAP2_chr03	HAP1	HAP2	3	3	7621	227550	18	235153	0.999923
chr03	2500001	2750000	HAP1_chr03	HAP3_chr03	HAP1	HAP3	3	3	7621	206808	7	214422	0.999967
chr03	2500001	2750000	HAP2_chr03	HAP3_chr03	HAP2	HAP3	3	3	227550	206808	100067	334291	0.700659
chr03	2750001	3000000	HAP1_chr03	HAP2_chr03	HAP1	HAP2	3	3	15482	217822	34	233270	0.999854
chr03	2750001	3000000	HAP1_chr03	HAP3_chr03	HAP1	HAP3	3	3	15482	239852	17	255317	0.999933
chr03	2750001	3000000	HAP2_chr03	HAP3_chr03	HAP2	HAP3	3	3	217822	239852	77877	379797	0.794951
chr03	3000001	3250000	HAP1_chr03	HAP2_chr03	HAP1	HAP2	3	3	13670	243018	49	256639	0.999809
chr03	3000001	3250000	HAP1_chr03	HAP3_chr03	HAP1	HAP3	3	3	13670	242158	52	255776	0.999797
chr03	3000001	3250000	HAP2_chr03	HAP3_chr03	HAP2	HAP3	3	3	243018	242158	59425	425751	0.860423
chr03	3250001	3500000	HAP1_chr03	HAP2_chr03	HAP1	HAP2	3	3	226644	240338	3264	463718	0.992961
chr03	3250001	3500000	HAP1_chr03	HAP3_chr03	HAP1	HAP3	3	3	226644	234678	3012	458310	0.993428
chr03	3250001	3500000	HAP2_chr03	HAP3_chr03	HAP2	HAP3	3	3	240338	234678	64518	410498	0.842830
chr03	3500001	3750000	HAP1_chr03	HAP2_chr03	HAP1	HAP2	3	3	243156	238786	3385	478557	0.992927
chr03	3500001	3750000	HAP1_chr03	HAP3_chr03	HAP1	HAP3	3	3	243156	240829	3281	480704	0.993175
chr03	3500001	3750000	HAP2_chr03	HAP3_chr03	HAP2	HAP3	3	3	238786	240829	65573	414042	0.841627
chr03	3750001	4000000	HAP1_chr03	HAP2_chr03	HAP1	HAP2	3	3	241833	239224	3480	477577	0.992713
chr03	3750001	4000000	HAP1_chr03	HAP3_chr03	HAP1	HAP3	3	3	241833	238614	3256	477191	0.993177
chr03	3750001	4000000	HAP2_chr03	HAP3_chr03	HAP2	HAP3	3	3	239224	238614	106960	370878	0.711603
chr03	4000001	4250000	HAP1_chr03	HAP2_chr03	HAP1	HAP2	3	3	226114	234275	6645	453744	0.985355
chr03	4000001	4250000	HAP1_chr03	HAP3_chr03	HAP1	HAP3	3	3	226114	243024	4026	465112	0.991344
chr03	4000001	4250000	HAP2_chr03	HAP3_chr03	HAP2	HAP3	3	3	234275	243024	46579	430720	0.891858
chr03	4250001	4500000	HAP1_chr03	HAP2_chr03	HAP1	HAP2	3	3	198912	123126	813	321225	0.997469
chr03	4250001	4500000	HAP1_chr03	HAP3_chr03	HAP1	HAP3	3	3	198912	239706	2993	435625	0.993129
chr03	4250001	4500000	HAP2_chr03	HAP3_chr03	HAP2	HAP3	3	3	123126	239706	897	361935	0.997522
chr03	4500001	4750000	HAP1_chr03	HAP2_chr03	HAP1	HAP2	3	3	120729	58749	166	179312	0.999074
chr03	4500001	4750000	HAP1_chr03	HAP3_chr03	HAP1	HAP3	3	3	120729	226515	7626	339618	0.977545
chr03	4500001	4750000	HAP2_chr03	HAP3_chr03	HAP2	HAP3	3	3	58749	226515	257	285007	0.999098
chr03	4750001	5000000	HAP1_chr03	HAP2_chr03	HAP1	HAP2	3	3	225929	76598	742	301785	0.997541
chr03	4750001	5000000	HAP1_chr03	HAP3_chr03	HAP1	HAP3	3	3	225929	223448	90300	359077	0.748522
chr03	4750001	5000000	HAP2_chr03	HAP3_chr03	HAP2	HAP3	3	3	76598	223448	1763	298283	0.994090
chr03	5000001	5250000	HAP1_chr03	HAP2_chr03	HAP1	HAP2	3	3	154459	70811	193	225077	0.999143
chr03	5000001	5250000	HAP1_chr03	HAP3_chr03	HAP1	HAP3	3	3	154459	216259	4770	365948	0.986965
chr03	5000001	5250000	HAP2_chr03	HAP3_chr03	HAP2	HAP3	3	3	70811	216259	1527	285543	0.994652
chr03	5250001	5500000	HAP1_chr03	HAP2_chr03	HAP1	HAP2	3	3	150690	116595	641	266644	0.997596
chr03	5250001	5500000	HAP1_chr03	HAP3_chr03	HAP1	HAP3	3	3	150690	227382	2368	375704	0.993697
chr03	5250001	5500000	HAP2_chr03	HAP3_chr03	HAP2	HAP3	3	3	116595	227382	515	343462	0.998501
chr03	5500001	5750000	HAP1_chr03	HAP2_chr03	HAP1	HAP2	3	3	213378	228603	5340	436641	0.987770
chr03	5500001	5750000	HAP1_chr03	HAP3_chr03	HAP1	HAP3	3	3	213378	242501	4523	451356	0.989979
chr03	5500001	5750000	HAP2_chr03	HAP3_chr03	HAP2	HAP3	3	3	228603	242501	2373	468731	0.994937
chr03	5750001	6000000	HAP1_chr03	HAP2_chr03	HAP1	HAP2	3	3	242085	228620	2422	468283	0.994828
chr03	5750001	6000000	HAP1_chr03	HAP3_chr03	HAP1	HAP3	3	3	242085	243918	3775	482228	0.992172
chr03	5750001	6000000	HAP2_chr03	HAP3_chr03	HAP2	HAP3	3	3	228620	243918	3654	468884	0.992207
chr03	6000001	6250000	HAP1_chr03	HAP2_chr03	HAP1	HAP2	3	3	241331	238450	3135	476646	0.993423
chr03	6000001	6250000	HAP1_chr03	HAP3_chr03	HAP1	HAP3	3	3	241331	209570	2749	448152	0.993866
chr03	6000001	6250000	HAP2_chr03	HAP3_chr03	HAP2	HAP3	3	3	238450	209570	2614	445406	0.994131
chr03	6250001	6500000	HAP1_chr03	HAP2_chr03	HAP1	HAP2	3	3	240999	237436	4578	473857	0.990339
chr03	6250001	6500000	HAP1_chr03	HAP3_chr03	HAP1	HAP3	3	3	240999	12406	16	253389	0.999937
chr03	6250001	6500000	HAP2_chr03	HAP3_chr03	HAP2	HAP3	3	3	237436	12406	47	249795	0.999812
chr03	6500001	6750000	HAP1_chr03	HAP2_chr03	HAP1	HAP2	3	3	240624	225020	4976	460668	0.989198
chr03	6500001	6750000	HAP1_chr03	HAP3_chr03	HAP1	HAP3	3	3	240624	10269	11	250882	0.999956
chr03	6500001	6750000	HAP2_chr03	HAP3_chr03	HAP2	HAP3	3	3	225020	10269	14	235275	0.999940
chr03	6750001	7000000	HAP1_chr03	HAP2_chr03	HAP1	HAP2	3	3	242051	239671	6238	475484	0.986881
chr03	6750001	7000000	HAP1_chr03	HAP3_chr03	HAP1	HAP3	3	3	242051	10449	30	252470	0.999881
chr03	6750001	7000000	HAP2_chr03	HAP3_chr03	HAP2	HAP3	3	3	239671	10449	17	250103	0.999932
chr03	7000001	7250000	HAP1_chr03	HAP2_chr03	HAP1	HAP2	3	3	240757	244005	5098	479664	0.989372
chr03	7000001	7250000	HAP1_chr03	HAP3_chr03	HAP1	HAP3	3	3	240757	10561	26	251292	0.999897
chr03	7000001	7250000	HAP2_chr03	HAP3_chr03	HAP2	HAP3	3	3	244005	10561	29	254537	0.999886
chr03	7250001	7500000	HAP1_chr03	HAP2_chr03	HAP1	HAP2	3	3	237813	243420	5429	475804	0.988590
chr03	7250001	7500000	HAP1_chr03	HAP3_chr03	HAP1	HAP3	3	3	237813	10197	20	247990	0.999919
chr03	7250001	7500000	HAP2_chr03	HAP3_chr03	HAP2	HAP3	3	3	243420	10197	9	253608	0.999965
chr03	7500001	7750000	HAP1_chr03	HAP2_chr03	HAP1	HAP2	3	3	240698	241191	156153	325736	0.520615
chr03	7500001	7750000	HAP1_chr03	HAP3_chr03	HAP1	HAP3	3	3	240698	6646	9	247335	0.999964
chr03	7500001	7750000	HAP2_chr03	HAP3_chr03	HAP2	HAP3	3	3	241191	6646	9	247828	0.999964
chr03	7750001	8000000	HAP1_chr03	HAP2_chr03	HAP1	HAP2	3	3	241815	237430	5314	473931	0.988787
chr03	7750001	8000000	HAP1_chr03	HAP3_chr03	HAP1	HAP3	3	3	241815	15704	39	257480	0.999849
chr03	7750001	8000000	HAP2_chr03	HAP3_chr03	HAP2	HAP3	3	3	237430	15704	64	253070	0.999747
chr03	8000001	8250000	HAP1_chr03	HAP2_chr03	HAP1	HAP2	3	3	235684	241711	5175	472220	0.989041
chr03	8000001	8250000	HAP1_chr03	HAP3_chr03	HAP1	HAP3	3	3	235684	9547	37	245194	0.999849
chr03	8000001	8250000	HAP2_chr03	HAP3_chr03	HAP2	HAP3	3	3	241711	9547	21	251237	0.999916
chr03	8250001	8500000	HAP1_chr03	HAP2_chr03	HAP1	HAP2	3	3	240635	242152	5849	476938	0.987736
chr03	8250001	8500000	HAP1_chr03	HAP3_chr03	HAP1	HAP3	3	3	240635	10441	25	251051	0.999900
chr03	8250001	8500000	HAP2_chr03	HAP3_chr03	HAP2	HAP3	3	3	242152	10441	23	252570	0.999909
chr03	8500001	8750000	HAP1_chr03	HAP2_chr03	HAP1	HAP2	3	3	242758	238677	4690	476745	0.990162
chr03	8500001	8750000	HAP1_chr03	HAP3_chr03	HAP1	HAP3	3	3	242758	10348	32	253074	0.999874
chr03	8500001	8750000	HAP2_chr03	HAP3_chr03	HAP2	HAP3	3	3	238677	10348	17	249008	0.999932
chr03	8750001	9000000	HAP1_chr03	HAP2_chr03	HAP1	HAP2	3	3	234734	240156	4383	470507	0.990685
chr03	8750001	9000000	HAP1_chr03	HAP3_chr03	HAP1	HAP3	3	3	234734	9017	24	243727	0.999902
chr03	8750001	9000000	HAP2_chr03	HAP3_chr03	HAP2	HAP3	3	3	240156	9017	23	249150	0.999908
chr03	9000001	9250000	HAP1_chr03	HAP2_chr03	HAP1	HAP2	3	3	240410	242985	2890	480505	0.993985
chr03	9000001	9250000	HAP1_chr03	HAP3_chr03	HAP1	HAP3	3	3	240410	7069	13	247466	0.999947
chr03	9000001	9250000	HAP2_chr03	HAP3_chr03	HAP2	HAP3	3	3	242985	7069	12	250042	0.999952
chr03	9250001	9423752	HAP1_chr03	HAP2_chr03	HAP1	HAP2	3	3	159348	168193	990	326551	0.996968
chr03	9250001	9423752	HAP1_chr03	HAP3_chr03	HAP1	HAP3	3	3	159348	5584	6	164926	0.999964
chr03	9250001	9423752	HAP2_chr03	HAP3_chr03	HAP2	HAP3	3	3	168193	5584	14	173763	0.999919
chr04	1	250000	HAP1_chr04	HAP2_chr04	HAP1	HAP2	4	4	13395	26456	5014	34837	0.856073
chr04	1	250000	HAP1_chr04	HAP3_chr04	HAP1	HAP3	4	4	13395	238894	16	252273	0.999937
chr04	1	250000	HAP2_chr04	HAP3_chr04	HAP2	HAP3	4	4	26456	238894	35	265315	0.999868
chr04	250001	500000	HAP1_chr04	HAP2_chr04	HAP1	HAP2	4	4	32344	213742	1852	244234	0.992417
chr04	250001	500000	HAP1_chr04	HAP3_chr04	HAP1	HAP3	4	4	32344	240362	200	272506	0.999266
chr04	250001	500000	HAP2_chr04	HAP3_chr04	HAP2	HAP3	4	4	213742	240362	2439	451665	0.994600
chr04	500001	750000	HAP1_chr04	HAP2_chr04	HAP1	HAP2	4	4	14447	244185	14	258618	0.999946
chr04	500001	750000	HAP1_chr04	HAP3_chr04	HAP1	HAP3	4	4	14447	241472	24	255895	0.999906
chr04	500001	750000	HAP2_chr04	HAP3_chr04	HAP2	HAP3	4	4	244185	241472	6911	478746	0.985564
chr04	750001	1000000	HAP1_chr04	HAP2_chr04	HAP1	HAP2	4	4	14851	227944	27	242768	0.999889
chr04	750001	1000000	HAP1_chr04	HAP3_chr04	HAP1	HAP3	4	4	14851	241040	32	255859	0.999875
chr04	750001	1000000	HAP2_chr04	HAP3_chr04	HAP2	HAP3	4	4	227944	241040	4285	464699	0.990779
chr04	1000001	1250000	HAP1_chr04	HAP2_chr04	HAP1	HAP2	4	4	184199	242939	2204	424934	0.994813
chr04	1000001	1250000	HAP1_chr04	HAP3_chr04	HAP1	HAP3	4	4	184199	243251	2458	424992	0.994216
chr04	1000001	1250000	HAP2_chr04	HAP3_chr04	HAP2	HAP3	4	4	242939	243251	3760	482430	0.992206
chr04	1250001	1500000	HAP1_chr04	HAP2_chr04	HAP1	HAP2	4	4	209844	241061	4141	446764	0.990731
chr04	1250001	1500000	HAP1_chr04	HAP3_chr04	HAP1	HAP3	4	4	209844	243042	3457	449429	0.992308
chr04	1250001	1500000	HAP2_chr04	HAP3_chr04	HAP2	HAP3	4	4	241061	243042	5305	478798	0.988920
chr04	1500001	1750000	HAP1_chr04	HAP2_chr04	HAP1	HAP2	4	4	240968	241855	3735	479088	0.992204
chr04	1500001	1750000	HAP1_chr04	HAP3_chr04	HAP1	HAP3	4	4	240968	240046	4004	477010	0.991606
chr04	1500001	1750000	HAP2_chr04	HAP3_chr04	HAP2	HAP3	4	4	241855	240046	4785	477116	0.989971
chr04	1750001	2000000	HAP1_chr04	HAP2_chr04	HAP1	HAP2	4	4	216126	243507	3653	455980	0.991989
chr04	1750001	2000000	HAP1_chr04	HAP3_chr04	HAP1	HAP3	4	4	216126	236678	3350	449454	0.992547
chr04	1750001	2000000	HAP2_chr04	HAP3_chr04	HAP2	HAP3	4	4	243507	236678	4523	475662	0.990491
chr04	2000001	2250000	HAP1_chr04	HAP2_chr04	HAP1	HAP2	4	4	243468	240684	4615	479537	0.990376
chr04	2000001	2250000	HAP1_chr04	HAP3_chr04	HAP1	HAP3	4	4	243468	243117	4135	482450	0.991429
chr04	2000001	2250000	HAP2_chr04	HAP3_chr04	HAP2	HAP3	4	4	240684	243117	4158	479643	0.991331
chr04	2250001	2500000	HAP1_chr04	HAP2_chr04	HAP1	HAP2	4	4	243669	243453	4514	482608	0.990647
chr04	2250001	2500000	HAP1_chr04	HAP3_chr04	HAP1	HAP3	4	4	243669	233046	4389	472326	0.990708
chr04	2250001	2500000	HAP2_chr04	HAP3_chr04	HAP2	HAP3	4	4	243453	233046	4215	472284	0.991075
chr04	2500001	2750000	HAP1_chr04	HAP2_chr04	HAP1	HAP2	4	4	242144	242408	5568	478984	0.988375
chr04	2500001	2750000	HAP1_chr04	HAP3_chr04	HAP1	HAP3	4	4	242144	244082	5572	480654	0.988407
chr04	2500001	2750000	HAP2_chr04	HAP3_chr04	HAP2	HAP3	4	4	242408	244082	4638	481852	0.990375
chr04	2750001	3000000	HAP1_chr04	HAP2_chr04	HAP1	HAP2	4	4	239655	242735	3961	478429	0.991721
chr04	2750001	3000000	HAP1_chr04	HAP3_chr04	HAP1	HAP3	4	4	239655	229581	4855	464381	0.989545
chr04	2750001	3000000	HAP2_chr04	HAP3_chr04	HAP2	HAP3	4	4	242735	229581	4357	467959	0.990689
chr04	3000001	3250000	HAP1_chr04	HAP2_chr04	HAP1	HAP2	4	4	237410	239419	4068	472761	0.991395
chr04	3000001	3250000	HAP1_chr04	HAP3_chr04	HAP1	HAP3	4	4	237410	244318	4124	477604	0.991365
chr04	3000001	3250000	HAP2_chr04	HAP3_chr04	HAP2	HAP3	4	4	239419	244318	3440	480297	0.992838
chr04	3250001	3500000	HAP1_chr04	HAP2_chr04	HAP1	HAP2	4	4	242673	242847	3638	481882	0.992450
chr04	3250001	3500000	HAP1_chr04	HAP3_chr04	HAP1	HAP3	4	4	242673	241155	4912	478916	0.989744
chr04	3250001	3500000	HAP2_chr04	HAP3_chr04	HAP2	HAP3	4	4	242847	241155	3793	480209	0.992101
chr04	3500001	3750000	HAP1_chr04	HAP2_chr04	HAP1	HAP2	4	4	242244	240901	4555	478590	0.990482
chr04	3500001	3750000	HAP1_chr04	HAP3_chr04	HAP1	HAP3	4	4	242244	232009	4345	469908	0.990754
chr04	3500001	3750000	HAP2_chr04	HAP3_chr04	HAP2	HAP3	4	4	240901	232009	4798	468112	0.989750
chr04	3750001	4000000	HAP1_chr04	HAP2_chr04	HAP1	HAP2	4	4	243341	240295	5137	478499	0.989264
chr04	3750001	4000000	HAP1_chr04	HAP3_chr04	HAP1	HAP3	4	4	243341	244293	4195	483439	0.991323
chr04	3750001	4000000	HAP2_chr04	HAP3_chr04	HAP2	HAP3	4	4	240295	244293	5902	478686	0.987670
chr04	4000001	4250000	HAP1_chr04	HAP2_chr04	HAP1	HAP2	4	4	215916	244507	3675	456748	0.991954
chr04	4000001	4250000	HAP1_chr04	HAP3_chr04	HAP1	HAP3	4	4	215916	240475	4101	452290	0.990933
chr04	4000001	4250000	HAP2_chr04	HAP3_chr04	HAP2	HAP3	4	4	244507	240475	4281	480701	0.991094
chr04	4250001	4500000	HAP1_chr04	HAP2_chr04	HAP1	HAP2	4	4	242754	240435	3525	479664	0.992651
chr04	4250001	4500000	HAP1_chr04	HAP3_chr04	HAP1	HAP3	4	4	242754	229847	3766	468835	0.991967
chr04	4250001	4500000	HAP2_chr04	HAP3_chr04	HAP2	HAP3	4	4	240435	229847	4508	465774	0.990321
chr04	4500001	4750000	HAP1_chr04	HAP2_chr04	HAP1	HAP2	4	4	243435	234710	4562	473583	0.990367
chr04	4500001	4750000	HAP1_chr04	HAP3_chr04	HAP1	HAP3	4	4	243435	244389	4824	483000	0.990012
chr04	4500001	4750000	HAP2_chr04	HAP3_chr04	HAP2	HAP3	4	4	234710	244389	4225	474874	0.991103
chr04	4750001	5000000	HAP1_chr04	HAP2_chr04	HAP1	HAP2	4	4	243419	244270	4458	483231	0.990775
chr04	4750001	5000000	HAP1_chr04	HAP3_chr04	HAP1	HAP3	4	4	243419	234903	4833	473489	0.989793
chr04	4750001	5000000	HAP2_chr04	HAP3_chr04	HAP2	HAP3	4	4	244270	234903	3820	475353	0.991964
chr04	5000001	5250000	HAP1_chr04	HAP2_chr04	HAP1	HAP2	4	4	244508	243879	3503	484884	0.992776
chr04	5000001	5250000	HAP1_chr04	HAP3_chr04	HAP1	HAP3	4	4	244508	241288	3612	482184	0.992509
chr04	5000001	5250000	HAP2_chr04	HAP3_chr04	HAP2	HAP3	4	4	243879	241288	6080	479087	0.987309
chr04	5250001	5500000	HAP1_chr04	HAP2_chr04	HAP1	HAP2	4	4	239446	243447	4989	477904	0.989561
chr04	5250001	5500000	HAP1_chr04	HAP3_chr04	HAP1	HAP3	4	4	239446	238541	5365	472622	0.988648
chr04	5250001	5500000	HAP2_chr04	HAP3_chr04	HAP2	HAP3	4	4	243447	238541	6225	475763	0.986916
chr04	5500001	5750000	HAP1_chr04	HAP2_chr04	HAP1	HAP2	4	4	213448	241825	5529	449744	0.987706
chr04	5500001	5750000	HAP1_chr04	HAP3_chr04	HAP1	HAP3	4	4	213448	243559	5019	451988	0.988896
chr04	5500001	5750000	HAP2_chr04	HAP3_chr04	HAP2	HAP3	4	4	241825	243559	12431	472953	0.973716
chr04	5750001	6000000	HAP1_chr04	HAP2_chr04	HAP1	HAP2	4	4	240696	241124	5969	475851	0.987456
chr04	5750001	6000000	HAP1_chr04	HAP3_chr04	HAP1	HAP3	4	4	240696	240880	3687	477889	0.992285
chr04	5750001	6000000	HAP2_chr04	HAP3_chr04	HAP2	HAP3	4	4	241124	240880	4160	477844	0.991294
chr04	6000001	6250000	HAP1_chr04	HAP2_chr04	HAP1	HAP2	4	4	241368	238820	3882	476306	0.991850
chr04	6000001	6250000	HAP1_chr04	HAP3_chr04	HAP1	HAP3	4	4	241368	242065	4307	479126	0.991011
chr04	6000001	6250000	HAP2_chr04	HAP3_chr04	HAP2	HAP3	4	4	238820	242065	4190	476695	0.991210
chr04	6250001	6500000	HAP1_chr04	HAP2_chr04	HAP1	HAP2	4	4	232984	243142	4212	471914	0.991075
chr04	6250001	6500000	HAP1_chr04	HAP3_chr04	HAP1	HAP3	4	4	232984	240372	4076	469280	0.991314
chr04	6250001	6500000	HAP2_chr04	HAP3_chr04	HAP2	HAP3	4	4	243142	240372	6736	476778	0.985872
chr04	6500001	6750000	HAP1_chr04	HAP2_chr04	HAP1	HAP2	4	4	241520	244001	5133	480388	0.989315
chr04	6500001	6750000	HAP1_chr04	HAP3_chr04	HAP1	HAP3	4	4	241520	240936	5054	477402	0.989414
chr04	6500001	6750000	HAP2_chr04	HAP3_chr04	HAP2	HAP3	4	4	244001	240936	4393	480544	0.990858
chr04	6750001	7000000	HAP1_chr04	HAP2_chr04	HAP1	HAP2	4	4	242180	241611	4463	479328	0.990689
chr04	6750001	7000000	HAP1_chr04	HAP3_chr04	HAP1	HAP3	4	4	242180	241954	3956	480178	0.991761
chr04	6750001	7000000	HAP2_chr04	HAP3_chr04	HAP2	HAP3	4	4	241611	241954	3448	480117	0.992818
chr04	7000001	7250000	HAP1_chr04	HAP2_chr04	HAP1	HAP2	4	4	238129	239855	3997	473987	0.991567
chr04	7000001	7250000	HAP1_chr04	HAP3_chr04	HAP1	HAP3	4	4	238129	239517	3677	473969	0.992242
chr04	7000001	7250000	HAP2_chr04	HAP3_chr04	HAP2	HAP3	4	4	239855	239517	6840	472532	0.985525
chr04	7250001	7500000	HAP1_chr04	HAP2_chr04	HAP1	HAP2	4	4	243546	240618	3252	480912	0.993238
chr04	7250001	7500000	HAP1_chr04	HAP3_chr04	HAP1	HAP3	4	4	243546	237926	4021	477451	0.991578
chr04	7250001	7500000	HAP2_chr04	HAP3_chr04	HAP2	HAP3	4	4	240618	237926	5865	472679	0.987592
chr04	7500001	7750000	HAP1_chr04	HAP2_chr04	HAP1	HAP2	4	4	242518	229051	3017	468552	0.993561
chr04	7500001	7750000	HAP1_chr04	HAP3_chr04	HAP1	HAP3	4	4	242518	240569	3736	479351	0.992206
chr04	7500001	7750000	HAP2_chr04	HAP3_chr04	HAP2	HAP3	4	4	229051	240569	4407	465213	0.990527
chr04	7750001	8000000	HAP1_chr04	HAP2_chr04	HAP1	HAP2	4	4	242808	242054	4009	480853	0.991663
chr04	7750001	8000000	HAP1_chr04	HAP3_chr04	HAP1	HAP3	4	4	242808	166012	3388	405432	0.991643
chr04	7750001	8000000	HAP2_chr04	HAP3_chr04	HAP2	HAP3	4	4	242054	166012	3144	404922	0.992236
chr04	8000001	8250000	HAP1_chr04	HAP2_chr04	HAP1	HAP2	4	4	243015	241282	4446	479851	0.990735
chr04	8000001	8250000	HAP1_chr04	HAP3_chr04	HAP1	HAP3	4	4	243015	204109	4332	442792	0.990217
chr04	8000001	8250000	HAP2_chr04	HAP3_chr04	HAP2	HAP3	4	4	241282	204109	7630	437761	0.982570
chr04	8250001	8500000	HAP1_chr04	HAP2_chr04	HAP1	HAP2	4	4	231699	186095	5386	412408	0.986940
chr04	8250001	8500000	HAP1_chr04	HAP3_chr04	HAP1	HAP3	4	4	231699	239250	8264	462685	0.982139
chr04	8250001	8500000	HAP2_chr04	HAP3_chr04	HAP2	HAP3	4	4	186095	239250	5406	419939	0.987127
chr04	8500001	8750000	HAP1_chr04	HAP2_chr04	HAP1	HAP2	4	4	222947	240352	9410	453889	0.979268
chr04	8500001	8750000	HAP1_chr04	HAP3_chr04	HAP1	HAP3	4	4	222947	239281	7183	455045	0.984215
chr04	8500001	8750000	HAP2_chr04	HAP3_chr04	HAP2	HAP3	4	4	240352	239281	6768	472865	0.985687
chr04	8750001	9000000	HAP1_chr04	HAP2_chr04	HAP1	HAP2	4	4	244606	238573	3609	479570	0.992475
chr04	8750001	9000000	HAP1_chr04	HAP3_chr04	HAP1	HAP3	4	4	244606	241428	5379	480655	0.988809
chr04	8750001	9000000	HAP2_chr04	HAP3_chr04	HAP2	HAP3	4	4	238573	241428	4250	475751	0.991067
chr04	9000001	9250000	HAP1_chr04	HAP2_chr04	HAP1	HAP2	4	4	239986	232484	6831	465639	0.985330
chr04	9000001	9250000	HAP1_chr04	HAP3_chr04	HAP1	HAP3	4	4	239986	241035	4997	476024	0.989503
chr04	9000001	9250000	HAP2_chr04	HAP3_chr04	HAP2	HAP3	4	4	232484	241035	3949	469570	0.991590
chr04	9250001	9500000	HAP1_chr04	HAP2_chr04	HAP1	HAP2	4	4	215539	242426	5089	452876	0.988763
chr04	9250001	9500000	HAP1_chr04	HAP3_chr04	HAP1	HAP3	4	4	215539	242650	3506	454683	0.992289
chr04	9250001	9500000	HAP2_chr04	HAP3_chr04	HAP2	HAP3	4	4	242426	242650	4180	480896	0.991308
chr04	9500001	9750000	HAP1_chr04	HAP2_chr04	HAP1	HAP2	4	4	238448	241366	6070	473744	0.987187
chr04	9500001	9750000	HAP1_chr04	HAP3_chr04	HAP1	HAP3	4	4	238448	241083	4037	475494	0.991510
chr04	9500001	9750000	HAP2_chr04	HAP3_chr04	HAP2	HAP3	4	4	241366	241083	4461	477988	0.990667
chr04	9750001	10000000	HAP1_chr04	HAP2_chr04	HAP1	HAP2	4	4	238573	240435	2762	476246	0.994200
chr04	9750001	10000000	HAP1_chr04	HAP3_chr04	HAP1	HAP3	4	4	238573	238559	3669	473463	0.992251
chr04	9750001	10000000	HAP2_chr04	HAP3_chr04	HAP2	HAP3	4	4	240435	238559	4913	474081	0.989637
chr04	10000001	10250000	HAP1_chr04	HAP2_chr04	HAP1	HAP2	4	4	210351	244442	3581	451212	0.992064
chr04	10000001	10250000	HAP1_chr04	HAP3_chr04	HAP1	HAP3	4	4	210351	242620	2958	450013	0.993427
chr04	10000001	10250000	HAP2_chr04	HAP3_chr04	HAP2	HAP3	4	4	244442	242620	5182	481880	0.989246
chr04	10250001	10500000	HAP1_chr04	HAP2_chr04	HAP1	HAP2	4	4	240769	237156	5336	472589	0.988709
chr04	10250001	10500000	HAP1_chr04	HAP3_chr04	HAP1	HAP3	4	4	240769	240964	5476	476257	0.988502
chr04	10250001	10500000	HAP2_chr04	HAP3_chr04	HAP2	HAP3	4	4	237156	240964	4709	473411	0.990053
chr04	10500001	10750000	HAP1_chr04	HAP2_chr04	HAP1	HAP2	4	4	241390	238706	5153	474943	0.989150
chr04	10500001	10750000	HAP1_chr04	HAP3_chr04	HAP1	HAP3	4	4	241390	241594	4047	478937	0.991550
chr04	10500001	10750000	HAP2_chr04	HAP3_chr04	HAP2	HAP3	4	4	238706	241594	4354	475946	0.990852
chr04	10750001	11000000	HAP1_chr04	HAP2_chr04	HAP1	HAP2	4	4	241975	241049	3791	479233	0.992089
chr04	10750001	11000000	HAP1_chr04	HAP3_chr04	HAP1	HAP3	4	4	241975	243277	3903	481349	0.991892
chr04	10750001	11000000	HAP2_chr04	HAP3_chr04	HAP2	HAP3	4	4	241049	243277	3977	480349	0.991721
chr04	11000001	11250000	HAP1_chr04	HAP2_chr04	HAP1	HAP2	4	4	242136	241105	4743	478498	0.990088
chr04	11000001	11250000	HAP1_chr04	HAP3_chr04	HAP1	HAP3	4	4	242136	243161	4612	480685	0.990405
chr04	11000001	11250000	HAP2_chr04	HAP3_chr04	HAP2	HAP3	4	4	241105	243161	4641	479625	0.990324
chr04	11250001	11500000	HAP1_chr04	HAP2_chr04	HAP1	HAP2	4	4	237559	244867	5988	476438	0.987432
chr04	11250001	11500000	HAP1_chr04	HAP3_chr04	HAP1	HAP3	4	4	237559	243072	4744	475887	0.990031
chr04	11250001	11500000	HAP2_chr04	HAP3_chr04	HAP2	HAP3	4	4	244867	243072	4385	483554	0.990932
chr04	11500001	11750000	HAP1_chr04	HAP2_chr04	HAP1	HAP2	4	4	241852	242783	5743	478892	0.988008
chr04	11500001	11750000	HAP1_chr04	HAP3_chr04	HAP1	HAP3	4	4	241852	235752	4039	473565	0.991471
chr04	11500001	11750000	HAP2_chr04	HAP3_chr04	HAP2	HAP3	4	4	242783	235752	4748	473787	0.989979
chr04	11750001	12000000	HAP1_chr04	HAP2_chr04	HAP1	HAP2	4	4	241486	243618	3785	481319	0.992136
chr04	11750001	12000000	HAP1_chr04	HAP3_chr04	HAP1	HAP3	4	4	241486	234658	3530	472614	0.992531
chr04	11750001	12000000	HAP2_chr04	HAP3_chr04	HAP2	HAP3	4	4	243618	234658	3100	475176	0.993476
chr04	12000001	12250000	HAP1_chr04	HAP2_chr04	HAP1	HAP2	4	4	242305	204169	3561	442913	0.991960
chr04	12000001	12250000	HAP1_chr04	HAP3_chr04	HAP1	HAP3	4	4	242305	243900	4060	482145	0.991579
chr04	12000001	12250000	HAP2_chr04	HAP3_chr04	HAP2	HAP3	4	4	204169	243900	3412	444657	0.992327
chr04	12250001	12500000	HAP1_chr04	HAP2_chr04	HAP1	HAP2	4	4	243865	244774	4087	484552	0.991565
chr04	12250001	12500000	HAP1_chr04	HAP3_chr04	HAP1	HAP3	4	4	243865	241206	3925	481146	0.991842
chr04	12250001	12500000	HAP2_chr04	HAP3_chr04	HAP2	HAP3	4	4	244774	241206	3963	482017	0.991778
chr04	12500001	12750000	HAP1_chr04	HAP2_chr04	HAP1	HAP2	4	4	242711	242506	4577	480640	0.990477
chr04	12500001	12750000	HAP1_chr04	HAP3_chr04	HAP1	HAP3	4	4	242711	228911	4601	467021	0.990148
chr04	12500001	12750000	HAP2_chr04	HAP3_chr04	HAP2	HAP3	4	4	242506	228911	5886	465531	0.987356
chr04	12750001	13000000	HAP1_chr04	HAP2_chr04	HAP1	HAP2	4	4	243111	224966	4716	463361	0.989822
chr04	12750001	13000000	HAP1_chr04	HAP3_chr04	HAP1	HAP3	4	4	243111	243709	4260	482560	0.991172
chr04	12750001	13000000	HAP2_chr04	HAP3_chr04	HAP2	HAP3	4	4	224966	243709	3636	465039	0.992181
chr04	13000001	13250000	HAP1_chr04	HAP2_chr04	HAP1	HAP2	4	4	232250	221168	3439	449979	0.992357
chr04	13000001	13250000	HAP1_chr04	HAP3_chr04	HAP1	HAP3	4	4	232250	242714	3575	471389	0.992416
chr04	13000001	13250000	HAP2_chr04	HAP3_chr04	HAP2	HAP3	4	4	221168	242714	4009	459873	0.991282
chr04	13250001	13500000	HAP1_chr04	HAP2_chr04	HAP1	HAP2	4	4	243811	243714	5116	482409	0.989395
chr04	13250001	13500000	HAP1_chr04	HAP3_chr04	HAP1	HAP3	4	4	243811	231886	5157	470540	0.989040
chr04	13250001	13500000	HAP2_chr04	HAP3_chr04	HAP2	HAP3	4	4	243714	231886	3823	471777	0.991897
chr04	13500001	13750000	HAP1_chr04	HAP2_chr04	HAP1	HAP2	4	4	240728	232668	3966	469430	0.991551
chr04	13500001	13750000	HAP1_chr04	HAP3_chr04	HAP1	HAP3	4	4	240728	243750	3596	480882	0.992522
chr04	13500001	13750000	HAP2_chr04	HAP3_chr04	HAP2	HAP3	4	4	232668	243750	3613	472805	0.992358
chr04	13750001	14000000	HAP1_chr04	HAP2_chr04	HAP1	HAP2	4	4	213891	240226	3449	450668	0.992347
chr04	13750001	14000000	HAP1_chr04	HAP3_chr04	HAP1	HAP3	4	4	213891	244504	3691	454704	0.991883
chr04	13750001	14000000	HAP2_chr04	HAP3_chr04	HAP2	HAP3	4	4	240226	244504	3512	481218	0.992702
chr04	14000001	14250000	HAP1_chr04	HAP2_chr04	HAP1	HAP2	4	4	243385	243805	5494	481696	0.988594
chr04	14000001	14250000	HAP1_chr04	HAP3_chr04	HAP1	HAP3	4	4	243385	243365	3471	483279	0.992818
chr04	14000001	14250000	HAP2_chr04	HAP3_chr04	HAP2	HAP3	4	4	243805	243365	3507	483663	0.992749
chr04	14250001	14500000	HAP1_chr04	HAP2_chr04	HAP1	HAP2	4	4	241798	222395	3709	460484	0.991945
chr04	14250001	14500000	HAP1_chr04	HAP3_chr04	HAP1	HAP3	4	4	241798	238675	3313	477160	0.993057
chr04	14250001	14500000	HAP2_chr04	HAP3_chr04	HAP2	HAP3	4	4	222395	238675	3489	457581	0.992375
chr04	14500001	14750000	HAP1_chr04	HAP2_chr04	HAP1	HAP2	4	4	236643	244399	3252	477790	0.993194
chr04	14500001	14750000	HAP1_chr04	HAP3_chr04	HAP1	HAP3	4	4	236643	240091	4016	472718	0.991504
chr04	14500001	14750000	HAP2_chr04	HAP3_chr04	HAP2	HAP3	4	4	244399	240091	3019	481471	0.993730
chr04	14750001	15000000	HAP1_chr04	HAP2_chr04	HAP1	HAP2	4	4	241091	240068	3892	477267	0.991845
chr04	14750001	15000000	HAP1_chr04	HAP3_chr04	HAP1	HAP3	4	4	241091	239864	3547	477408	0.992570
chr04	14750001	15000000	HAP2_chr04	HAP3_chr04	HAP2	HAP3	4	4	240068	239864	4948	474984	0.989583
chr04	15000001	15250000	HAP1_chr04	HAP2_chr04	HAP1	HAP2	4	4	244440	240840	3474	481806	0.992790
chr04	15000001	15250000	HAP1_chr04	HAP3_chr04	HAP1	HAP3	4	4	244440	241178	4243	481375	0.991186
chr04	15000001	15250000	HAP2_chr04	HAP3_chr04	HAP2	HAP3	4	4	240840	241178	3525	478493	0.992633
chr04	15250001	15500000	HAP1_chr04	HAP2_chr04	HAP1	HAP2	4	4	244453	237495	3681	478267	0.992303
chr04	15250001	15500000	HAP1_chr04	HAP3_chr04	HAP1	HAP3	4	4	244453	244306	3703	485056	0.992366
chr04	15250001	15500000	HAP2_chr04	HAP3_chr04	HAP2	HAP3	4	4	237495	244306	3944	477857	0.991746
chr04	15500001	15750000	HAP1_chr04	HAP2_chr04	HAP1	HAP2	4	4	238936	237600	3417	473119	0.992778
chr04	15500001	15750000	HAP1_chr04	HAP3_chr04	HAP1	HAP3	4	4	238936	243100	3629	478407	0.992414
chr04	15500001	15750000	HAP2_chr04	HAP3_chr04	HAP2	HAP3	4	4	237600	243100	3409	477291	0.992858
chr04	15750001	16000000	HAP1_chr04	HAP2_chr04	HAP1	HAP2	4	4	242000	244441	3368	483073	0.993028
chr04	15750001	16000000	HAP1_chr04	HAP3_chr04	HAP1	HAP3	4	4	242000	241954	5004	478950	0.989552
chr04	15750001	16000000	HAP2_chr04	HAP3_chr04	HAP2	HAP3	4	4	244441	241954	4541	481854	0.990576
chr04	16000001	16250000	HAP1_chr04	HAP2_chr04	HAP1	HAP2	4	4	243149	240541	4477	479213	0.990658
chr04	16000001	16250000	HAP1_chr04	HAP3_chr04	HAP1	HAP3	4	4	243149	243726	3322	483553	0.993130
chr04	16000001	16250000	HAP2_chr04	HAP3_chr04	HAP2	HAP3	4	4	240541	243726	4384	479883	0.990864
chr04	16250001	16500000	HAP1_chr04	HAP2_chr04	HAP1	HAP2	4	4	244208	243396	3746	483858	0.992258
chr04	16250001	16500000	HAP1_chr04	HAP3_chr04	HAP1	HAP3	4	4	244208	240164	3893	480479	0.991898
chr04	16250001	16500000	HAP2_chr04	HAP3_chr04	HAP2	HAP3	4	4	243396	240164	4160	479400	0.991322
chr04	16500001	16750000	HAP1_chr04	HAP2_chr04	HAP1	HAP2	4	4	236952	241380	3938	474394	0.991699
chr04	16500001	16750000	HAP1_chr04	HAP3_chr04	HAP1	HAP3	4	4	236952	242354	3972	475334	0.991644
chr04	16500001	16750000	HAP2_chr04	HAP3_chr04	HAP2	HAP3	4	4	241380	242354	4785	478949	0.990009
chr04	16750001	17000000	HAP1_chr04	HAP2_chr04	HAP1	HAP2	4	4	240890	244208	3632	481466	0.992456
chr04	16750001	17000000	HAP1_chr04	HAP3_chr04	HAP1	HAP3	4	4	240890	244029	3979	480940	0.991727
chr04	16750001	17000000	HAP2_chr04	HAP3_chr04	HAP2	HAP3	4	4	244208	244029	3773	484464	0.992212
chr04	17000001	17250000	HAP1_chr04	HAP2_chr04	HAP1	HAP2	4	4	241687	243978	4162	481503	0.991356
chr04	17000001	17250000	HAP1_chr04	HAP3_chr04	HAP1	HAP3	4	4	241687	242439	4419	479707	0.990788
chr04	17000001	17250000	HAP2_chr04	HAP3_chr04	HAP2	HAP3	4	4	243978	242439	4047	482370	0.991610
chr04	17250001	17500000	HAP1_chr04	HAP2_chr04	HAP1	HAP2	4	4	243973	241207	4247	480933	0.991169
chr04	17250001	17500000	HAP1_chr04	HAP3_chr04	HAP1	HAP3	4	4	243973	243884	3935	483922	0.991869
chr04	17250001	17500000	HAP2_chr04	HAP3_chr04	HAP2	HAP3	4	4	241207	243884	4288	480803	0.991082
chr04	17500001	17750000	HAP1_chr04	HAP2_chr04	HAP1	HAP2	4	4	244203	242360	4131	482432	0.991437
chr04	17500001	17750000	HAP1_chr04	HAP3_chr04	HAP1	HAP3	4	4	244203	233752	3677	474278	0.992247
chr04	17500001	17750000	HAP2_chr04	HAP3_chr04	HAP2	HAP3	4	4	242360	233752	4332	471780	0.990818
chr04	17750001	18000000	HAP1_chr04	HAP2_chr04	HAP1	HAP2	4	4	240925	239789	3728	476986	0.992184
chr04	17750001	18000000	HAP1_chr04	HAP3_chr04	HAP1	HAP3	4	4	240925	239660	4754	475831	0.990009
chr04	17750001	18000000	HAP2_chr04	HAP3_chr04	HAP2	HAP3	4	4	239789	239660	7677	471772	0.983727
chr04	18000001	18250000	HAP1_chr04	HAP2_chr04	HAP1	HAP2	4	4	243474	223405	3891	462988	0.991596
chr04	18000001	18250000	HAP1_chr04	HAP3_chr04	HAP1	HAP3	4	4	243474	238737	4224	477987	0.991163
chr04	18000001	18250000	HAP2_chr04	HAP3_chr04	HAP2	HAP3	4	4	223405	238737	4900	457242	0.989284
chr04	18250001	18500000	HAP1_chr04	HAP2_chr04	HAP1	HAP2	4	4	240562	240754	4218	477098	0.991159
chr04	18250001	18500000	HAP1_chr04	HAP3_chr04	HAP1	HAP3	4	4	240562	246423	2935	484050	0.993937
chr04	18250001	18500000	HAP2_chr04	HAP3_chr04	HAP2	HAP3	4	4	240754	246423	2782	484395	0.994257
chr04	18500001	18562383	HAP1_chr04	HAP2_chr04	HAP1	HAP2	4	4	61337	60499	548	121288	0.995482
chr04	18500001	18562383	HAP1_chr04	HAP3_chr04	HAP1	HAP3	4	4	61337	56086	207	117216	0.998234
chr04	18500001	18562383	HAP2_chr04	HAP3_chr04	HAP2	HAP3	4	4	60499	56086	183	116402	0.998428
chr05	1	250000	HAP1_chr05	HAP2_chr05	HAP1	HAP2	5	5	7789	15845	3283	20351	0.838681
chr05	1	250000	HAP1_chr05	HAP3_chr05	HAP1	HAP3	5	5	7789	30552	2537	35804	0.929142
chr05	1	250000	HAP2_chr05	HAP3_chr05	HAP2	HAP3	5	5	15845	30552	3130	43267	0.927658
chr05	250001	500000	HAP1_chr05	HAP2_chr05	HAP1	HAP2	5	5	11291	25923	2634	34580	0.923829
chr05	250001	500000	HAP1_chr05	HAP3_chr05	HAP1	HAP3	5	5	11291	215224	1369	225146	0.993920
chr05	250001	500000	HAP2_chr05	HAP3_chr05	HAP2	HAP3	5	5	25923	215224	4417	236730	0.981342
chr05	500001	750000	HAP1_chr05	HAP2_chr05	HAP1	HAP2	5	5	9110	227186	460	235836	0.998049
chr05	500001	750000	HAP1_chr05	HAP3_chr05	HAP1	HAP3	5	5	9110	212066	16	221160	0.999928
chr05	500001	750000	HAP2_chr05	HAP3_chr05	HAP2	HAP3	5	5	227186	212066	8663	430589	0.979881
chr05	750001	1000000	HAP1_chr05	HAP2_chr05	HAP1	HAP2	5	5	8938	242423	24	251337	0.999905
chr05	750001	1000000	HAP1_chr05	HAP3_chr05	HAP1	HAP3	5	5	8938	213756	8	222686	0.999964
chr05	750001	1000000	HAP2_chr05	HAP3_chr05	HAP2	HAP3	5	5	242423	213756	80775	375404	0.784832
chr05	1000001	1250000	HAP1_chr05	HAP2_chr05	HAP1	HAP2	5	5	21573	218615	208	239980	0.999133
chr05	1000001	1250000	HAP1_chr05	HAP3_chr05	HAP1	HAP3	5	5	21573	234799	271	256101	0.998942
chr05	1000001	1250000	HAP2_chr05	HAP3_chr05	HAP2	HAP3	5	5	218615	234799	137361	316053	0.565386
chr05	1250001	1500000	HAP1_chr05	HAP2_chr05	HAP1	HAP2	5	5	14013	224293	28	238278	0.999882
chr05	1250001	1500000	HAP1_chr05	HAP3_chr05	HAP1	HAP3	5	5	14013	202572	32	216553	0.999852
chr05	1250001	1500000	HAP2_chr05	HAP3_chr05	HAP2	HAP3	5	5	224293	202572	126487	300378	0.578907
chr05	1500001	1750000	HAP1_chr05	HAP2_chr05	HAP1	HAP2	5	5	17592	207379	32	224939	0.999858
chr05	1500001	1750000	HAP1_chr05	HAP3_chr05	HAP1	HAP3	5	5	17592	198883	26	216449	0.999880
chr05	1500001	1750000	HAP2_chr05	HAP3_chr05	HAP2	HAP3	5	5	207379	198883	125223	281039	0.554428
chr05	1750001	2000000	HAP1_chr05	HAP2_chr05	HAP1	HAP2	5	5	154388	232458	2697	384149	0.992979
chr05	1750001	2000000	HAP1_chr05	HAP3_chr05	HAP1	HAP3	5	5	154388	237764	1578	390574	0.995960
chr05	1750001	2000000	HAP2_chr05	HAP3_chr05	HAP2	HAP3	5	5	232458	237764	140901	329321	0.572147
chr05	2000001	2250000	HAP1_chr05	HAP2_chr05	HAP1	HAP2	5	5	204135	227258	2914	428479	0.993199
chr05	2000001	2250000	HAP1_chr05	HAP3_chr05	HAP1	HAP3	5	5	204135	209685	2576	411244	0.993736
chr05	2000001	2250000	HAP2_chr05	HAP3_chr05	HAP2	HAP3	5	5	227258	209685	140864	296079	0.524235
chr05	2250001	2500000	HAP1_chr05	HAP2_chr05	HAP1	HAP2	5	5	229977	240460	3318	467119	0.992897
chr05	2250001	2500000	HAP1_chr05	HAP3_chr05	HAP1	HAP3	5	5	229977	236967	3626	463318	0.992174
chr05	2250001	2500000	HAP2_chr05	HAP3_chr05	HAP2	HAP3	5	5	240460	236967	149077	328350	0.545981
chr05	2500001	2750000	HAP1_chr05	HAP2_chr05	HAP1	HAP2	5	5	241109	237730	5174	473665	0.989077
chr05	2500001	2750000	HAP1_chr05	HAP3_chr05	HAP1	HAP3	5	5	241109	239153	5007	475255	0.989465
chr05	2500001	2750000	HAP2_chr05	HAP3_chr05	HAP2	HAP3	5	5	237730	239153	135421	341462	0.603408
chr05	2750001	3000000	HAP1_chr05	HAP2_chr05	HAP1	HAP2	5	5	215762	220123	3432	432453	0.992064
chr05	2750001	3000000	HAP1_chr05	HAP3_chr05	HAP1	HAP3	5	5	215762	237450	5121	448091	0.988572
chr05	2750001	3000000	HAP2_chr05	HAP3_chr05	HAP2	HAP3	5	5	220123	237450	136756	320817	0.573726
chr05	3000001	3250000	HAP1_chr05	HAP2_chr05	HAP1	HAP2	5	5	204886	240368	4703	440551	0.989325
chr05	3000001	3250000	HAP1_chr05	HAP3_chr05	HAP1	HAP3	5	5	204886	214582	4922	414546	0.988127
chr05	3000001	3250000	HAP2_chr05	HAP3_chr05	HAP2	HAP3	5	5	240368	214582	158088	296862	0.467470
chr05	3250001	3500000	HAP1_chr05	HAP2_chr05	HAP1	HAP2	5	5	223471	240990	5397	459064	0.988243
chr05	3250001	3500000	HAP1_chr05	HAP3_chr05	HAP1	HAP3	5	5	223471	239551	5704	457318	0.987527
chr05	3250001	3500000	HAP2_chr05	HAP3_chr05	HAP2	HAP3	5	5	240990	239551	156506	324035	0.517009
chr05	3500001	3750000	HAP1_chr05	HAP2_chr05	HAP1	HAP2	5	5	224203	241579	4668	461114	0.989877
chr05	3500001	3750000	HAP1_chr05	HAP3_chr05	HAP1	HAP3	5	5	224203	236926	5297	455832	0.988379
chr05	3500001	3750000	HAP2_chr05	HAP3_chr05	HAP2	HAP3	5	5	241579	236926	130699	347806	0.624219
chr05	3750001	4000000	HAP1_chr05	HAP2_chr05	HAP1	HAP2	5	5	241281	242681	4940	479022	0.989687
chr05	3750001	4000000	HAP1_chr05	HAP3_chr05	HAP1	HAP3	5	5	241281	240709	7003	474987	0.985256
chr05	3750001	4000000	HAP2_chr05	HAP3_chr05	HAP2	HAP3	5	5	242681	240709	141615	341775	0.585648
chr05	4000001	4250000	HAP1_chr05	HAP2_chr05	HAP1	HAP2	5	5	232006	236785	5567	463224	0.987982
chr05	4000001	4250000	HAP1_chr05	HAP3_chr05	HAP1	HAP3	5	5	232006	238306	4787	465525	0.989717
chr05	4000001	4250000	HAP2_chr05	HAP3_chr05	HAP2	HAP3	5	5	236785	238306	168890	306201	0.448434
chr05	4250001	4500000	HAP1_chr05	HAP2_chr05	HAP1	HAP2	5	5	243268	239810	5077	478001	0.989379
chr05	4250001	4500000	HAP1_chr05	HAP3_chr05	HAP1	HAP3	5	5	243268	240345	5316	478297	0.988886
chr05	4250001	4500000	HAP2_chr05	HAP3_chr05	HAP2	HAP3	5	5	239810	240345	176834	303321	0.417007
chr05	4500001	4750000	HAP1_chr05	HAP2_chr05	HAP1	HAP2	5	5	240878	244594	4537	480935	0.990566
chr05	4500001	4750000	HAP1_chr05	HAP3_chr05	HAP1	HAP3	5	5	240878	241504	4865	477517	0.989812
chr05	4500001	4750000	HAP2_chr05	HAP3_chr05	HAP2	HAP3	5	5	244594	241504	125492	360606	0.651997
chr05	4750001	5000000	HAP1_chr05	HAP2_chr05	HAP1	HAP2	5	5	242718	242893	5012	480599	0.989571
chr05	4750001	5000000	HAP1_chr05	HAP3_chr05	HAP1	HAP3	5	5	242718	244278	8213	478783	0.982846
chr05	4750001	5000000	HAP2_chr05	HAP3_chr05	HAP2	HAP3	5	5	242893	244278	126646	360525	0.648718
chr05	5000001	5250000	HAP1_chr05	HAP2_chr05	HAP1	HAP2	5	5	242253	240140	4654	477739	0.990258
chr05	5000001	5250000	HAP1_chr05	HAP3_chr05	HAP1	HAP3	5	5	242253	239696	4517	477432	0.990539
chr05	5000001	5250000	HAP2_chr05	HAP3_chr05	HAP2	HAP3	5	5	240140	239696	117572	362264	0.675452
chr05	5250001	5500000	HAP1_chr05	HAP2_chr05	HAP1	HAP2	5	5	239732	235152	4839	470045	0.989705
chr05	5250001	5500000	HAP1_chr05	HAP3_chr05	HAP1	HAP3	5	5	239732	240714	7615	472831	0.983895
chr05	5250001	5500000	HAP2_chr05	HAP3_chr05	HAP2	HAP3	5	5	235152	240714	144018	331848	0.566012
chr05	5500001	5750000	HAP1_chr05	HAP2_chr05	HAP1	HAP2	5	5	235985	216869	5465	447389	0.987785
chr05	5500001	5750000	HAP1_chr05	HAP3_chr05	HAP1	HAP3	5	5	235985	227487	5430	458042	0.988145
chr05	5500001	5750000	HAP2_chr05	HAP3_chr05	HAP2	HAP3	5	5	216869	227487	98442	345914	0.715415
chr05	5750001	6000000	HAP1_chr05	HAP2_chr05	HAP1	HAP2	5	5	235051	233627	5404	463274	0.988335
chr05	5750001	6000000	HAP1_chr05	HAP3_chr05	HAP1	HAP3	5	5	235051	157921	4256	388716	0.989051
chr05	5750001	6000000	HAP2_chr05	HAP3_chr05	HAP2	HAP3	5	5	233627	157921	25815	365733	0.929416
chr05	6000001	6250000	HAP1_chr05	HAP2_chr05	HAP1	HAP2	5	5	237877	174186	6021	406042	0.985171
chr05	6000001	6250000	HAP1_chr05	HAP3_chr05	HAP1	HAP3	5	5	237877	237143	6196	468824	0.986784
chr05	6000001	6250000	HAP2_chr05	HAP3_chr05	HAP2	HAP3	5	5	174186	237143	15065	396264	0.961982
chr05	6250001	6500000	HAP1_chr05	HAP2_chr05	HAP1	HAP2	5	5	242551	224225	4982	461794	0.989212
chr05	6250001	6500000	HAP1_chr05	HAP3_chr05	HAP1	HAP3	5	5	242551	181474	4986	419039	0.988101
chr05	6250001	6500000	HAP2_chr05	HAP3_chr05	HAP2	HAP3	5	5	224225	181474	36351	369348	0.901581
chr05	6500001	6750000	HAP1_chr05	HAP2_chr05	HAP1	HAP2	5	5	238407	52172	1464	289115	0.994936
chr05	6500001	6750000	HAP1_chr05	HAP3_chr05	HAP1	HAP3	5	5	238407	225650	3911	460146	0.991501
chr05	6500001	6750000	HAP2_chr05	HAP3_chr05	HAP2	HAP3	5	5	52172	225650	30803	247019	0.875301
chr05	6750001	7000000	HAP1_chr05	HAP2_chr05	HAP1	HAP2	5	5	240093	118548	3355	355286	0.990557
chr05	6750001	7000000	HAP1_chr05	HAP3_chr05	HAP1	HAP3	5	5	240093	50945	1617	289421	0.994413
chr05	6750001	7000000	HAP2_chr05	HAP3_chr05	HAP2	HAP3	5	5	118548	50945	30003	139490	0.784909
chr05	7000001	7250000	HAP1_chr05	HAP2_chr05	HAP1	HAP2	5	5	239521	197065	6079	430507	0.985879
chr05	7000001	7250000	HAP1_chr05	HAP3_chr05	HAP1	HAP3	5	5	239521	54019	1738	291802	0.994044
chr05	7000001	7250000	HAP2_chr05	HAP3_chr05	HAP2	HAP3	5	5	197065	54019	2028	249056	0.991857
chr05	7250001	7500000	HAP1_chr05	HAP2_chr05	HAP1	HAP2	5	5	234311	97528	6488	325351	0.980058
chr05	7250001	7500000	HAP1_chr05	HAP3_chr05	HAP1	HAP3	5	5	234311	90472	3112	321671	0.990326
chr05	7250001	7500000	HAP2_chr05	HAP3_chr05	HAP2	HAP3	5	5	97528	90472	3266	184734	0.982321
chr05	7500001	7750000	HAP1_chr05	HAP2_chr05	HAP1	HAP2	5	5	210228	227720	5118	432830	0.988175
chr05	7500001	7750000	HAP1_chr05	HAP3_chr05	HAP1	HAP3	5	5	210228	185899	6930	389197	0.982194
chr05	7500001	7750000	HAP2_chr05	HAP3_chr05	HAP2	HAP3	5	5	227720	185899	4922	408697	0.987957
chr05	7750001	8000000	HAP1_chr05	HAP2_chr05	HAP1	HAP2	5	5	181624	235769	4804	412589	0.988356
chr05	7750001	8000000	HAP1_chr05	HAP3_chr05	HAP1	HAP3	5	5	181624	111221	3904	288941	0.986489
chr05	7750001	8000000	HAP2_chr05	HAP3_chr05	HAP2	HAP3	5	5	235769	111221	3310	343680	0.990369
chr05	8000001	8250000	HAP1_chr05	HAP2_chr05	HAP1	HAP2	5	5	111179	215633	1750	325062	0.994616
chr05	8000001	8250000	HAP1_chr05	HAP3_chr05	HAP1	HAP3	5	5	111179	223651	4007	330823	0.987888
chr05	8000001	8250000	HAP2_chr05	HAP3_chr05	HAP2	HAP3	5	5	215633	223651	8038	431246	0.981361
chr05	8250001	8500000	HAP1_chr05	HAP2_chr05	HAP1	HAP2	5	5	187269	176628	2949	360948	0.991830
chr05	8250001	8500000	HAP1_chr05	HAP3_chr05	HAP1	HAP3	5	5	187269	236544	5412	418401	0.987065
chr05	8250001	8500000	HAP2_chr05	HAP3_chr05	HAP2	HAP3	5	5	176628	236544	6565	406607	0.983854
chr05	8500001	8750000	HAP1_chr05	HAP2_chr05	HAP1	HAP2	5	5	195209	236435	8207	423437	0.980618
chr05	8500001	8750000	HAP1_chr05	HAP3_chr05	HAP1	HAP3	5	5	195209	209406	6911	397704	0.982623
chr05	8500001	8750000	HAP2_chr05	HAP3_chr05	HAP2	HAP3	5	5	236435	209406	7838	438003	0.982105
chr05	8750001	9000000	HAP1_chr05	HAP2_chr05	HAP1	HAP2	5	5	139560	233692	3999	369253	0.989170
chr05	8750001	9000000	HAP1_chr05	HAP3_chr05	HAP1	HAP3	5	5	139560	154984	2947	291597	0.989894
chr05	8750001	9000000	HAP2_chr05	HAP3_chr05	HAP2	HAP3	5	5	233692	154984	4963	383713	0.987066
chr05	9000001	9250000	HAP1_chr05	HAP2_chr05	HAP1	HAP2	5	5	236088	241115	5373	471830	0.988612
chr05	9000001	9250000	HAP1_chr05	HAP3_chr05	HAP1	HAP3	5	5	236088	237831	10420	463499	0.977519
chr05	9000001	9250000	HAP2_chr05	HAP3_chr05	HAP2	HAP3	5	5	241115	237831	4861	474085	0.989747
chr05	9250001	9500000	HAP1_chr05	HAP2_chr05	HAP1	HAP2	5	5	234441	241534	3768	472207	0.992020
chr05	9250001	9500000	HAP1_chr05	HAP3_chr05	HAP1	HAP3	5	5	234441	229107	8806	454742	0.980635
chr05	9250001	9500000	HAP2_chr05	HAP3_chr05	HAP2	HAP3	5	5	241534	229107	6020	464621	0.987043
chr05	9500001	9750000	HAP1_chr05	HAP2_chr05	HAP1	HAP2	5	5	196576	221421	2441	415556	0.994126
chr05	9500001	9750000	HAP1_chr05	HAP3_chr05	HAP1	HAP3	5	5	196576	240212	8596	428192	0.979925
chr05	9500001	9750000	HAP2_chr05	HAP3_chr05	HAP2	HAP3	5	5	221421	240212	3779	457854	0.991746
chr05	9750001	10000000	HAP1_chr05	HAP2_chr05	HAP1	HAP2	5	5	187495	87662	4059	271098	0.985028
chr05	9750001	10000000	HAP1_chr05	HAP3_chr05	HAP1	HAP3	5	5	187495	195227	5548	377174	0.985291
chr05	9750001	10000000	HAP2_chr05	HAP3_chr05	HAP2	HAP3	5	5	87662	195227	67239	215650	0.688203
chr05	10000001	10250000	HAP1_chr05	HAP2_chr05	HAP1	HAP2	5	5	234745	217264	6822	445187	0.984676
chr05	10000001	10250000	HAP1_chr05	HAP3_chr05	HAP1	HAP3	5	5	234745	240400	8257	466888	0.982315
chr05	10000001	10250000	HAP2_chr05	HAP3_chr05	HAP2	HAP3	5	5	217264	240400	19850	437814	0.954661
chr05	10250001	10500000	HAP1_chr05	HAP2_chr05	HAP1	HAP2	5	5	239860	216237	4779	451318	0.989411
chr05	10250001	10500000	HAP1_chr05	HAP3_chr05	HAP1	HAP3	5	5	239860	237703	4328	473235	0.990854
chr05	10250001	10500000	HAP2_chr05	HAP3_chr05	HAP2	HAP3	5	5	216237	237703	4981	448959	0.988905
chr05	10500001	10750000	HAP1_chr05	HAP2_chr05	HAP1	HAP2	5	5	241146	236321	6378	471089	0.986461
chr05	10500001	10750000	HAP1_chr05	HAP3_chr05	HAP1	HAP3	5	5	241146	227817	6025	462938	0.986985
chr05	10500001	10750000	HAP2_chr05	HAP3_chr05	HAP2	HAP3	5	5	236321	227817	6366	457772	0.986094
chr05	10750001	11000000	HAP1_chr05	HAP2_chr05	HAP1	HAP2	5	5	240690	222017	4928	457779	0.989235
chr05	10750001	11000000	HAP1_chr05	HAP3_chr05	HAP1	HAP3	5	5	240690	209553	4375	445868	0.990188
chr05	10750001	11000000	HAP2_chr05	HAP3_chr05	HAP2	HAP3	5	5	222017	209553	7787	423783	0.981625
chr05	11000001	11250000	HAP1_chr05	HAP2_chr05	HAP1	HAP2	5	5	230506	234852	6796	458562	0.985180
chr05	11000001	11250000	HAP1_chr05	HAP3_chr05	HAP1	HAP3	5	5	230506	239106	3826	465786	0.991786
chr05	11000001	11250000	HAP2_chr05	HAP3_chr05	HAP2	HAP3	5	5	234852	239106	5168	468790	0.988976
chr05	11250001	11500000	HAP1_chr05	HAP2_chr05	HAP1	HAP2	5	5	97539	236548	1756	332331	0.994716
chr05	11250001	11500000	HAP1_chr05	HAP3_chr05	HAP1	HAP3	5	5	97539	237567	2380	332726	0.992847
chr05	11250001	11500000	HAP2_chr05	HAP3_chr05	HAP2	HAP3	5	5	236548	237567	5292	468823	0.988712
chr05	11500001	11750000	HAP1_chr05	HAP2_chr05	HAP1	HAP2	5	5	228509	231581	4702	455388	0.989675
chr05	11500001	11750000	HAP1_chr05	HAP3_chr05	HAP1	HAP3	5	5	228509	239191	4518	463182	0.990246
chr05	11500001	11750000	HAP2_chr05	HAP3_chr05	HAP2	HAP3	5	5	231581	239191	3933	466839	0.991575
chr05	11750001	12000000	HAP1_chr05	HAP2_chr05	HAP1	HAP2	5	5	230754	239702	4933	465523	0.989403
chr05	11750001	12000000	HAP1_chr05	HAP3_chr05	HAP1	HAP3	5	5	230754	211120	3141	438733	0.992841
chr05	11750001	12000000	HAP2_chr05	HAP3_chr05	HAP2	HAP3	5	5	239702	211120	3159	447663	0.992943
chr05	12000001	12250000	HAP1_chr05	HAP2_chr05	HAP1	HAP2	5	5	237554	235851	5449	467956	0.988356
chr05	12000001	12250000	HAP1_chr05	HAP3_chr05	HAP1	HAP3	5	5	237554	20881	79	258356	0.999694
chr05	12000001	12250000	HAP2_chr05	HAP3_chr05	HAP2	HAP3	5	5	235851	20881	77	256655	0.999700
chr05	12250001	12500000	HAP1_chr05	HAP2_chr05	HAP1	HAP2	5	5	197445	233963	3771	427637	0.991182
chr05	12250001	12500000	HAP1_chr05	HAP3_chr05	HAP1	HAP3	5	5	197445	8941	13	206373	0.999937
chr05	12250001	12500000	HAP2_chr05	HAP3_chr05	HAP2	HAP3	5	5	233963	8941	31	242873	0.999872
chr05	12500001	12750000	HAP1_chr05	HAP2_chr05	HAP1	HAP2	5	5	238572	234423	6548	466447	0.985962
chr05	12500001	12750000	HAP1_chr05	HAP3_chr05	HAP1	HAP3	5	5	238572	19715	140	258147	0.999458
chr05	12500001	12750000	HAP2_chr05	HAP3_chr05	HAP2	HAP3	5	5	234423	19715	129	254009	0.999492
chr05	12750001	13000000	HAP1_chr05	HAP2_chr05	HAP1	HAP2	5	5	235249	232063	6662	460650	0.985538
chr05	12750001	13000000	HAP1_chr05	HAP3_chr05	HAP1	HAP3	5	5	235249	10511	34	245726	0.999862
chr05	12750001	13000000	HAP2_chr05	HAP3_chr05	HAP2	HAP3	5	5	232063	10511	29	242545	0.999880
chr05	13000001	13250000	HAP1_chr05	HAP2_chr05	HAP1	HAP2	5	5	242445	236654	3876	475223	0.991844
chr05	13000001	13250000	HAP1_chr05	HAP3_chr05	HAP1	HAP3	5	5	242445	10710	22	253133	0.999913
chr05	13000001	13250000	HAP2_chr05	HAP3_chr05	HAP2	HAP3	5	5	236654	10710	23	247341	0.999907
chr05	13250001	13500000	HAP1_chr05	HAP2_chr05	HAP1	HAP2	5	5	221379	217721	3143	435957	0.992791
chr05	13250001	13500000	HAP1_chr05	HAP3_chr05	HAP1	HAP3	5	5	221379	9941	18	231302	0.999922
chr05	13250001	13500000	HAP2_chr05	HAP3_chr05	HAP2	HAP3	5	5	217721	9941	22	227640	0.999903
chr05	13500001	13750000	HAP1_chr05	HAP2_chr05	HAP1	HAP2	5	5	232512	97185	1322	328375	0.995974
chr05	13500001	13750000	HAP1_chr05	HAP3_chr05	HAP1	HAP3	5	5	232512	8905	80	241337	0.999669
chr05	13500001	13750000	HAP2_chr05	HAP3_chr05	HAP2	HAP3	5	5	97185	8905	2028	104062	0.980512
chr05	13750001	14000000	HAP1_chr05	HAP2_chr05	HAP1	HAP2	5	5	207707	16358	121	223944	0.999460
chr05	13750001	14000000	HAP1_chr05	HAP3_chr05	HAP1	HAP3	5	5	207707	7771	31	215447	0.999856
chr05	13750001	14000000	HAP2_chr05	HAP3_chr05	HAP2	HAP3	5	5	16358	7771	958	23171	0.958655
chr05	14000001	14232473	HAP1_chr05	HAP2_chr05	HAP1	HAP2	5	5	204635	8764	24	213375	0.999888
chr05	14000001	14232473	HAP1_chr05	HAP3_chr05	HAP1	HAP3	5	5	204635	10449	25	215059	0.999884
chr05	14000001	14232473	HAP2_chr05	HAP3_chr05	HAP2	HAP3	5	5	8764	10449	1490	17723	0.915928
chr06	1	250000	HAP1_chr06	HAP2_chr06	HAP1	HAP2	6	6	7140	20147	295	26992	0.989071
chr06	1	250000	HAP1_chr06	HAP3_chr06	HAP1	HAP3	6	6	7140	24531	1865	29806	0.937429
chr06	1	250000	HAP2_chr06	HAP3_chr06	HAP2	HAP3	6	6	20147	24531	5025	39653	0.873276
chr06	250001	500000	HAP1_chr06	HAP2_chr06	HAP1	HAP2	6	6	6919	22656	1266	28309	0.955279
chr06	250001	500000	HAP1_chr06	HAP3_chr06	HAP1	HAP3	6	6	6919	11486	1375	17030	0.919260
chr06	250001	500000	HAP2_chr06	HAP3_chr06	HAP2	HAP3	6	6	22656	11486	4414	29728	0.851520
chr06	500001	750000	HAP1_chr06	HAP2_chr06	HAP1	HAP2	6	6	69314	10326	2269	77371	0.970674
chr06	500001	750000	HAP1_chr06	HAP3_chr06	HAP1	HAP3	6	6	69314	25062	2563	91813	0.972085
chr06	500001	750000	HAP2_chr06	HAP3_chr06	HAP2	HAP3	6	6	10326	25062	4584	30804	0.851188
chr06	750001	1000000	HAP1_chr06	HAP2_chr06	HAP1	HAP2	6	6	239145	10076	12	249209	0.999952
chr06	750001	1000000	HAP1_chr06	HAP3_chr06	HAP1	HAP3	6	6	239145	11407	23	250529	0.999908
chr06	750001	1000000	HAP2_chr06	HAP3_chr06	HAP2	HAP3	6	6	10076	11407	4270	17213	0.751932
chr06	1000001	1250000	HAP1_chr06	HAP2_chr06	HAP1	HAP2	6	6	242704	8278	10	250972	0.999960
chr06	1000001	1250000	HAP1_chr06	HAP3_chr06	HAP1	HAP3	6	6	242704	10038	25	252717	0.999901
chr06	1000001	1250000	HAP2_chr06	HAP3_chr06	HAP2	HAP3	6	6	8278	10038	3566	14750	0.758237
chr06	1250001	1500000	HAP1_chr06	HAP2_chr06	HAP1	HAP2	6	6	243374	8108	33	251449	0.999869
chr06	1250001	1500000	HAP1_chr06	HAP3_chr06	HAP1	HAP3	6	6	243374	10906	39	254241	0.999847
chr06	1250001	1500000	HAP2_chr06	HAP3_chr06	HAP2	HAP3	6	6	8108	10906	2204	16810	0.868888
chr06	1500001	1750000	HAP1_chr06	HAP2_chr06	HAP1	HAP2	6	6	225387	8193	17	233563	0.999927
chr06	1500001	1750000	HAP1_chr06	HAP3_chr06	HAP1	HAP3	6	6	225387	9552	15	234924	0.999936
chr06	1500001	1750000	HAP2_chr06	HAP3_chr06	HAP2	HAP3	6	6	8193	9552	1487	16258	0.908537
chr06	1750001	2000000	HAP1_chr06	HAP2_chr06	HAP1	HAP2	6	6	231343	9289	11	240621	0.999954
chr06	1750001	2000000	HAP1_chr06	HAP3_chr06	HAP1	HAP3	6	6	231343	16607	55	247895	0.999778
chr06	1750001	2000000	HAP2_chr06	HAP3_chr06	HAP2	HAP3	6	6	9289	16607	1796	24100	0.925477
chr06	2000001	2250000	HAP1_chr06	HAP2_chr06	HAP1	HAP2	6	6	242458	9040	6	251492	0.999976
chr06	2000001	2250000	HAP1_chr06	HAP3_chr06	HAP1	HAP3	6	6	242458	10282	27	252713	0.999893
chr06	2000001	2250000	HAP2_chr06	HAP3_chr06	HAP2	HAP3	6	6	9040	10282	2078	17244	0.879494
chr06	2250001	2500000	HAP1_chr06	HAP2_chr06	HAP1	HAP2	6	6	238467	37035	424	275078	0.998459
chr06	2250001	2500000	HAP1_chr06	HAP3_chr06	HAP1	HAP3	6	6	238467	11267	9	249725	0.999964
chr06	2250001	2500000	HAP2_chr06	HAP3_chr06	HAP2	HAP3	6	6	37035	11267	3106	45196	0.931277
chr06	2500001	2750000	HAP1_chr06	HAP2_chr06	HAP1	HAP2	6	6	237019	237641	3032	471628	0.993571
chr06	2500001	2750000	HAP1_chr06	HAP3_chr06	HAP1	HAP3	6	6	237019	9093	21	246091	0.999915
chr06	2500001	2750000	HAP2_chr06	HAP3_chr06	HAP2	HAP3	6	6	237641	9093	12	246722	0.999951
chr06	2750001	3000000	HAP1_chr06	HAP2_chr06	HAP1	HAP2	6	6	241617	212401	3786	450232	0.991591
chr06	2750001	3000000	HAP1_chr06	HAP3_chr06	HAP1	HAP3	6	6	241617	10647	22	252242	0.999913
chr06	2750001	3000000	HAP2_chr06	HAP3_chr06	HAP2	HAP3	6	6	212401	10647	26	223022	0.999883
chr06	3000001	3250000	HAP1_chr06	HAP2_chr06	HAP1	HAP2	6	6	240467	242140	6349	476258	0.986669
chr06	3000001	3250000	HAP1_chr06	HAP3_chr06	HAP1	HAP3	6	6	240467	8910	18	249359	0.999928
chr06	3000001	3250000	HAP2_chr06	HAP3_chr06	HAP2	HAP3	6	6	242140	8910	23	251027	0.999908
chr06	3250001	3500000	HAP1_chr06	HAP2_chr06	HAP1	HAP2	6	6	235006	205675	3436	437245	0.992142
chr06	3250001	3500000	HAP1_chr06	HAP3_chr06	HAP1	HAP3	6	6	235006	126376	2000	359382	0.994435
chr06	3250001	3500000	HAP2_chr06	HAP3_chr06	HAP2	HAP3	6	6	205675	126376	1769	330282	0.994644
chr06	3500001	3750000	HAP1_chr06	HAP2_chr06	HAP1	HAP2	6	6	223612	242724	3808	462528	0.991767
chr06	3500001	3750000	HAP1_chr06	HAP3_chr06	HAP1	HAP3	6	6	223612	240522	3910	460224	0.991504
chr06	3500001	3750000	HAP2_chr06	HAP3_chr06	HAP2	HAP3	6	6	242724	240522	3459	479787	0.992791
chr06	3750001	4000000	HAP1_chr06	HAP2_chr06	HAP1	HAP2	6	6	173369	241135	1798	412706	0.995643
chr06	3750001	4000000	HAP1_chr06	HAP3_chr06	HAP1	HAP3	6	6	173369	228663	3441	398591	0.991367
chr06	3750001	4000000	HAP2_chr06	HAP3_chr06	HAP2	HAP3	6	6	241135	228663	3440	466358	0.992624
chr06	4000001	4250000	HAP1_chr06	HAP2_chr06	HAP1	HAP2	6	6	230835	240630	3437	468028	0.992656
chr06	4000001	4250000	HAP1_chr06	HAP3_chr06	HAP1	HAP3	6	6	230835	240288	3160	467963	0.993247
chr06	4000001	4250000	HAP2_chr06	HAP3_chr06	HAP2	HAP3	6	6	240630	240288	4210	476708	0.991169
chr06	4250001	4500000	HAP1_chr06	HAP2_chr06	HAP1	HAP2	6	6	242841	233176	4712	471305	0.990002
chr06	4250001	4500000	HAP1_chr06	HAP3_chr06	HAP1	HAP3	6	6	242841	233386	4896	471331	0.989612
chr06	4250001	4500000	HAP2_chr06	HAP3_chr06	HAP2	HAP3	6	6	233176	233386	4051	462511	0.991241
chr06	4500001	4750000	HAP1_chr06	HAP2_chr06	HAP1	HAP2	6	6	240400	243434	4252	479582	0.991134
chr06	4500001	4750000	HAP1_chr06	HAP3_chr06	HAP1	HAP3	6	6	240400	240522	4292	476630	0.990995
chr06	4500001	4750000	HAP2_chr06	HAP3_chr06	HAP2	HAP3	6	6	243434	240522	5440	478516	0.988632
chr06	4750001	5000000	HAP1_chr06	HAP2_chr06	HAP1	HAP2	6	6	182676	237801	5051	415426	0.987841
chr06	4750001	5000000	HAP1_chr06	HAP3_chr06	HAP1	HAP3	6	6	182676	240036	5105	417607	0.987776
chr06	4750001	5000000	HAP2_chr06	HAP3_chr06	HAP2	HAP3	6	6	237801	240036	6604	471233	0.985986
chr06	5000001	5250000	HAP1_chr06	HAP2_chr06	HAP1	HAP2	6	6	238617	240210	4430	474397	0.990662
chr06	5000001	5250000	HAP1_chr06	HAP3_chr06	HAP1	HAP3	6	6	238617	237879	3917	472579	0.991711
chr06	5000001	5250000	HAP2_chr06	HAP3_chr06	HAP2	HAP3	6	6	240210	237879	5415	472674	0.988544
chr06	5250001	5500000	HAP1_chr06	HAP2_chr06	HAP1	HAP2	6	6	243163	235865	3959	475069	0.991666
chr06	5250001	5500000	HAP1_chr06	HAP3_chr06	HAP1	HAP3	6	6	243163	224548	5128	462583	0.988914
chr06	5250001	5500000	HAP2_chr06	HAP3_chr06	HAP2	HAP3	6	6	235865	224548	3751	456662	0.991786
chr06	5500001	5750000	HAP1_chr06	HAP2_chr06	HAP1	HAP2	6	6	229907	208126	4383	433650	0.989893
chr06	5500001	5750000	HAP1_chr06	HAP3_chr06	HAP1	HAP3	6	6	229907	242763	3397	469273	0.992761
chr06	5500001	5750000	HAP2_chr06	HAP3_chr06	HAP2	HAP3	6	6	208126	242763	3052	447837	0.993185
chr06	5750001	6000000	HAP1_chr06	HAP2_chr06	HAP1	HAP2	6	6	238990	202221	3846	437365	0.991206
chr06	5750001	6000000	HAP1_chr06	HAP3_chr06	HAP1	HAP3	6	6	238990	239066	4381	473675	0.990751
chr06	5750001	6000000	HAP2_chr06	HAP3_chr06	HAP2	HAP3	6	6	202221	239066	3648	437639	0.991664
chr06	6000001	6250000	HAP1_chr06	HAP2_chr06	HAP1	HAP2	6	6	235079	239791	6166	468704	0.986845
chr06	6000001	6250000	HAP1_chr06	HAP3_chr06	HAP1	HAP3	6	6	235079	240603	4319	471363	0.990837
chr06	6000001	6250000	HAP2_chr06	HAP3_chr06	HAP2	HAP3	6	6	239791	240603	5918	474476	0.987527
chr06	6250001	6500000	HAP1_chr06	HAP2_chr06	HAP1	HAP2	6	6	239149	242501	3864	477786	0.991913
chr06	6250001	6500000	HAP1_chr06	HAP3_chr06	HAP1	HAP3	6	6	239149	228597	3757	463989	0.991903
chr06	6250001	6500000	HAP2_chr06	HAP3_chr06	HAP2	HAP3	6	6	242501	228597	4880	466218	0.989533
chr06	6500001	6750000	HAP1_chr06	HAP2_chr06	HAP1	HAP2	6	6	226723	216190	5493	437420	0.987442
chr06	6500001	6750000	HAP1_chr06	HAP3_chr06	HAP1	HAP3	6	6	226723	150967	6625	371065	0.982146
chr06	6500001	6750000	HAP2_chr06	HAP3_chr06	HAP2	HAP3	6	6	216190	150967	3201	363956	0.991205
chr06	6750001	7000000	HAP1_chr06	HAP2_chr06	HAP1	HAP2	6	6	75477	228386	963	302900	0.996821
chr06	6750001	7000000	HAP1_chr06	HAP3_chr06	HAP1	HAP3	6	6	75477	237071	835	311713	0.997321
chr06	6750001	7000000	HAP2_chr06	HAP3_chr06	HAP2	HAP3	6	6	228386	237071	5412	460045	0.988236
chr06	7000001	7250000	HAP1_chr06	HAP2_chr06	HAP1	HAP2	6	6	151188	243647	2438	392397	0.993787
chr06	7000001	7250000	HAP1_chr06	HAP3_chr06	HAP1	HAP3	6	6	151188	243313	2092	392409	0.994669
chr06	7000001	7250000	HAP2_chr06	HAP3_chr06	HAP2	HAP3	6	6	243647	243313	4590	482370	0.990484
chr06	7250001	7500000	HAP1_chr06	HAP2_chr06	HAP1	HAP2	6	6	234510	221005	5849	449666	0.986993
chr06	7250001	7500000	HAP1_chr06	HAP3_chr06	HAP1	HAP3	6	6	234510	229058	4275	459293	0.990692
chr06	7250001	7500000	HAP2_chr06	HAP3_chr06	HAP2	HAP3	6	6	221005	229058	3969	446094	0.991103
chr06	7500001	7750000	HAP1_chr06	HAP2_chr06	HAP1	HAP2	6	6	238766	234615	10338	463043	0.977674
chr06	7500001	7750000	HAP1_chr06	HAP3_chr06	HAP1	HAP3	6	6	238766	206287	5074	439979	0.988468
chr06	7500001	7750000	HAP2_chr06	HAP3_chr06	HAP2	HAP3	6	6	234615	206287	5793	435109	0.986686
chr06	7750001	8000000	HAP1_chr06	HAP2_chr06	HAP1	HAP2	6	6	230782	240716	4137	467361	0.991148
chr06	7750001	8000000	HAP1_chr06	HAP3_chr06	HAP1	HAP3	6	6	230782	239543	5280	465045	0.988646
chr06	7750001	8000000	HAP2_chr06	HAP3_chr06	HAP2	HAP3	6	6	240716	239543	4337	475922	0.990887
chr06	8000001	8250000	HAP1_chr06	HAP2_chr06	HAP1	HAP2	6	6	73209	239398	1579	311028	0.994923
chr06	8000001	8250000	HAP1_chr06	HAP3_chr06	HAP1	HAP3	6	6	73209	227963	2120	299052	0.992911
chr06	8000001	8250000	HAP2_chr06	HAP3_chr06	HAP2	HAP3	6	6	239398	227963	6691	460670	0.985476
chr06	8250001	8500000	HAP1_chr06	HAP2_chr06	HAP1	HAP2	6	6	241052	237235	7625	470662	0.983799
chr06	8250001	8500000	HAP1_chr06	HAP3_chr06	HAP1	HAP3	6	6	241052	227758	4590	464220	0.990112
chr06	8250001	8500000	HAP2_chr06	HAP3_chr06	HAP2	HAP3	6	6	237235	227758	81246	383747	0.788282
chr06	8500001	8750000	HAP1_chr06	HAP2_chr06	HAP1	HAP2	6	6	240621	151149	3369	388401	0.991326
chr06	8500001	8750000	HAP1_chr06	HAP3_chr06	HAP1	HAP3	6	6	240621	237054	5345	472330	0.988684
chr06	8500001	8750000	HAP2_chr06	HAP3_chr06	HAP2	HAP3	6	6	151149	237054	7672	380531	0.979839
chr06	8750001	9000000	HAP1_chr06	HAP2_chr06	HAP1	HAP2	6	6	133173	30407	144	163436	0.999119
chr06	8750001	9000000	HAP1_chr06	HAP3_chr06	HAP1	HAP3	6	6	133173	236363	2272	367264	0.993814
chr06	8750001	9000000	HAP2_chr06	HAP3_chr06	HAP2	HAP3	6	6	30407	236363	175	266595	0.999344
chr06	9000001	9250000	HAP1_chr06	HAP2_chr06	HAP1	HAP2	6	6	208504	171773	9731	370546	0.973739
chr06	9000001	9250000	HAP1_chr06	HAP3_chr06	HAP1	HAP3	6	6	208504	240459	4061	444902	0.990872
chr06	9000001	9250000	HAP2_chr06	HAP3_chr06	HAP2	HAP3	6	6	171773	240459	1917	410315	0.995328
chr06	9250001	9500000	HAP1_chr06	HAP2_chr06	HAP1	HAP2	6	6	243215	240175	6292	477098	0.986812
chr06	9250001	9500000	HAP1_chr06	HAP3_chr06	HAP1	HAP3	6	6	243215	234857	4020	474052	0.991520
chr06	9250001	9500000	HAP2_chr06	HAP3_chr06	HAP2	HAP3	6	6	240175	234857	3863	471169	0.991801
chr06	9500001	9750000	HAP1_chr06	HAP2_chr06	HAP1	HAP2	6	6	200546	242624	4111	439059	0.990637
chr06	9500001	9750000	HAP1_chr06	HAP3_chr06	HAP1	HAP3	6	6	200546	231272	5120	426698	0.988001
chr06	9500001	9750000	HAP2_chr06	HAP3_chr06	HAP2	HAP3	6	6	242624	231272	3914	469982	0.991672
chr06	9750001	10000000	HAP1_chr06	HAP2_chr06	HAP1	HAP2	6	6	239765	192231	3812	428184	0.991097
chr06	9750001	10000000	HAP1_chr06	HAP3_chr06	HAP1	HAP3	6	6	239765	231029	5995	464799	0.987102
chr06	9750001	10000000	HAP2_chr06	HAP3_chr06	HAP2	HAP3	6	6	192231	231029	4723	418537	0.988715
chr06	10000001	10250000	HAP1_chr06	HAP2_chr06	HAP1	HAP2	6	6	211921	117462	2678	326705	0.991803
chr06	10000001	10250000	HAP1_chr06	HAP3_chr06	HAP1	HAP3	6	6	211921	240839	4117	448643	0.990823
chr06	10000001	10250000	HAP2_chr06	HAP3_chr06	HAP2	HAP3	6	6	117462	240839	1597	356704	0.995523
chr06	10250001	10500000	HAP1_chr06	HAP2_chr06	HAP1	HAP2	6	6	215622	239749	5661	449710	0.987412
chr06	10250001	10500000	HAP1_chr06	HAP3_chr06	HAP1	HAP3	6	6	215622	153366	4041	364947	0.988927
chr06	10250001	10500000	HAP2_chr06	HAP3_chr06	HAP2	HAP3	6	6	239749	153366	5971	387144	0.984577
chr06	10500001	10750000	HAP1_chr06	HAP2_chr06	HAP1	HAP2	6	6	237731	218043	4992	450782	0.988926
chr06	10500001	10750000	HAP1_chr06	HAP3_chr06	HAP1	HAP3	6	6	237731	223047	6015	454763	0.986773
chr06	10500001	10750000	HAP2_chr06	HAP3_chr06	HAP2	HAP3	6	6	218043	223047	3405	437685	0.992220
chr06	10750001	11000000	HAP1_chr06	HAP2_chr06	HAP1	HAP2	6	6	241124	126951	2092	365983	0.994284
chr06	10750001	11000000	HAP1_chr06	HAP3_chr06	HAP1	HAP3	6	6	241124	222594	5596	458122	0.987785
chr06	10750001	11000000	HAP2_chr06	HAP3_chr06	HAP2	HAP3	6	6	126951	222594	1992	347553	0.994269
chr06	11000001	11250000	HAP1_chr06	HAP2_chr06	HAP1	HAP2	6	6	236598	243825	4209	476214	0.991162
chr06	11000001	11250000	HAP1_chr06	HAP3_chr06	HAP1	HAP3	6	6	236598	239325	5311	470612	0.988715
chr06	11000001	11250000	HAP2_chr06	HAP3_chr06	HAP2	HAP3	6	6	243825	239325	4127	479023	0.991385
chr06	11250001	11500000	HAP1_chr06	HAP2_chr06	HAP1	HAP2	6	6	232837	229049	4216	457670	0.990788
chr06	11250001	11500000	HAP1_chr06	HAP3_chr06	HAP1	HAP3	6	6	232837	237704	4749	465792	0.989804
chr06	11250001	11500000	HAP2_chr06	HAP3_chr06	HAP2	HAP3	6	6	229049	237704	3215	463538	0.993064
chr06	11500001	11750000	HAP1_chr06	HAP2_chr06	HAP1	HAP2	6	6	240074	225906	5456	460524	0.988153
chr06	11500001	11750000	HAP1_chr06	HAP3_chr06	HAP1	HAP3	6	6	240074	240781	4012	476843	0.991586
chr06	11500001	11750000	HAP2_chr06	HAP3_chr06	HAP2	HAP3	6	6	225906	240781	5991	460696	0.986996
chr06	11750001	12000000	HAP1_chr06	HAP2_chr06	HAP1	HAP2	6	6	237497	215636	4713	448420	0.989490
chr06	11750001	12000000	HAP1_chr06	HAP3_chr06	HAP1	HAP3	6	6	237497	211699	4282	444914	0.990376
chr06	11750001	12000000	HAP2_chr06	HAP3_chr06	HAP2	HAP3	6	6	215636	211699	3987	423348	0.990582
chr06	12000001	12250000	HAP1_chr06	HAP2_chr06	HAP1	HAP2	6	6	186721	228654	4430	410945	0.989220
chr06	12000001	12250000	HAP1_chr06	HAP3_chr06	HAP1	HAP3	6	6	186721	27825	86	214460	0.999599
chr06	12000001	12250000	HAP2_chr06	HAP3_chr06	HAP2	HAP3	6	6	228654	27825	3783	252696	0.985029
chr06	12250001	12500000	HAP1_chr06	HAP2_chr06	HAP1	HAP2	6	6	158717	223008	3729	377996	0.990135
chr06	12250001	12500000	HAP1_chr06	HAP3_chr06	HAP1	HAP3	6	6	158717	17622	84	176255	0.999523
chr06	12250001	12500000	HAP2_chr06	HAP3_chr06	HAP2	HAP3	6	6	223008	17622	983	239647	0.995898
chr06	12500001	12750000	HAP1_chr06	HAP2_chr06	HAP1	HAP2	6	6	223435	239862	4441	458856	0.990322
chr06	12500001	12750000	HAP1_chr06	HAP3_chr06	HAP1	HAP3	6	6	223435	10494	21	233908	0.999910
chr06	12500001	12750000	HAP2_chr06	HAP3_chr06	HAP2	HAP3	6	6	239862	10494	27	250329	0.999892
chr06	12750001	13000000	HAP1_chr06	HAP2_chr06	HAP1	HAP2	6	6	224086	240469	5622	458933	0.987750
chr06	12750001	13000000	HAP1_chr06	HAP3_chr06	HAP1	HAP3	6	6	224086	10106	27	234165	0.999885
chr06	12750001	13000000	HAP2_chr06	HAP3_chr06	HAP2	HAP3	6	6	240469	10106	24	250551	0.999904
chr06	13000001	13027777	HAP1_chr06	HAP2_chr06	HAP1	HAP2	6	6	27252	27148	138	54262	0.997457
chr06	13000001	13027777	HAP1_chr06	HAP3_chr06	HAP1	HAP3	6	6	27252	3287	2	30537	0.999935
chr06	13000001	13027777	HAP2_chr06	HAP3_chr06	HAP2	HAP3	6	6	27148	3287	1	30434	0.999967
chr07	1	250000	HAP1_chr07	HAP2_chr07	HAP1	HAP2	7	7	8907	16474	1942	23439	0.917147
chr07	1	250000	HAP1_chr07	HAP3_chr07	HAP1	HAP3	7	7	8907	14044	2118	20833	0.898334
chr07	1	250000	HAP2_chr07	HAP3_chr07	HAP2	HAP3	7	7	16474	14044	4313	26205	0.835413
chr07	250001	500000	HAP1_chr07	HAP2_chr07	HAP1	HAP2	7	7	9848	9442	3973	15317	0.740615
chr07	250001	500000	HAP1_chr07	HAP3_chr07	HAP1	HAP3	7	7	9848	10015	4271	15592	0.726077
chr07	250001	500000	HAP2_chr07	HAP3_chr07	HAP2	HAP3	7	7	9442	10015	3960	15497	0.744467
chr07	500001	750000	HAP1_chr07	HAP2_chr07	HAP1	HAP2	7	7	10313	19779	4497	25595	0.824302
chr07	500001	750000	HAP1_chr07	HAP3_chr07	HAP1	HAP3	7	7	10313	9093	4435	14971	0.703761
chr07	500001	750000	HAP2_chr07	HAP3_chr07	HAP2	HAP3	7	7	19779	9093	3971	24901	0.840528
chr07	750001	1000000	HAP1_chr07	HAP2_chr07	HAP1	HAP2	7	7	10925	7649	3692	14882	0.751915
chr07	750001	1000000	HAP1_chr07	HAP3_chr07	HAP1	HAP3	7	7	10925	11162	4269	17818	0.760411
chr07	750001	1000000	HAP2_chr07	HAP3_chr07	HAP2	HAP3	7	7	7649	11162	3193	15618	0.795556
chr07	1000001	1250000	HAP1_chr07	HAP2_chr07	HAP1	HAP2	7	7	9704	9995	4112	15587	0.736190
chr07	1000001	1250000	HAP1_chr07	HAP3_chr07	HAP1	HAP3	7	7	9704	9973	4004	15673	0.744529
chr07	1000001	1250000	HAP2_chr07	HAP3_chr07	HAP2	HAP3	7	7	9995	9973	5158	14810	0.651722
chr07	1250001	1500000	HAP1_chr07	HAP2_chr07	HAP1	HAP2	7	7	15296	10289	3040	22545	0.865159
chr07	1250001	1500000	HAP1_chr07	HAP3_chr07	HAP1	HAP3	7	7	15296	9027	2833	21490	0.868171
chr07	1250001	1500000	HAP2_chr07	HAP3_chr07	HAP2	HAP3	7	7	10289	9027	2994	16322	0.816567
chr07	1500001	1750000	HAP1_chr07	HAP2_chr07	HAP1	HAP2	7	7	10552	15711	3792	22471	0.831249
chr07	1500001	1750000	HAP1_chr07	HAP3_chr07	HAP1	HAP3	7	7	10552	6898	3098	14352	0.784142
chr07	1500001	1750000	HAP2_chr07	HAP3_chr07	HAP2	HAP3	7	7	15711	6898	3329	19280	0.827334
chr07	1750001	2000000	HAP1_chr07	HAP2_chr07	HAP1	HAP2	7	7	8430	14902	2301	21031	0.890590
chr07	1750001	2000000	HAP1_chr07	HAP3_chr07	HAP1	HAP3	7	7	8430	8456	2727	14159	0.807402
chr07	1750001	2000000	HAP2_chr07	HAP3_chr07	HAP2	HAP3	7	7	14902	8456	3258	20100	0.837910
chr07	2000001	2250000	HAP1_chr07	HAP2_chr07	HAP1	HAP2	7	7	17390	10724	2900	25214	0.884985
chr07	2000001	2250000	HAP1_chr07	HAP3_chr07	HAP1	HAP3	7	7	17390	9281	2706	23965	0.887085
chr07	2000001	2250000	HAP2_chr07	HAP3_chr07	HAP2	HAP3	7	7	10724	9281	3850	16155	0.761684
chr07	2250001	2500000	HAP1_chr07	HAP2_chr07	HAP1	HAP2	7	7	15924	9193	1702	23415	0.927312
chr07	2250001	2500000	HAP1_chr07	HAP3_chr07	HAP1	HAP3	7	7	15924	9115	1822	23217	0.921523
chr07	2250001	2500000	HAP2_chr07	HAP3_chr07	HAP2	HAP3	7	7	9193	9115	3470	14838	0.766141
chr07	2500001	2750000	HAP1_chr07	HAP2_chr07	HAP1	HAP2	7	7	25241	8124	1648	31717	0.948040
chr07	2500001	2750000	HAP1_chr07	HAP3_chr07	HAP1	HAP3	7	7	25241	8674	1860	32055	0.941975
chr07	2500001	2750000	HAP2_chr07	HAP3_chr07	HAP2	HAP3	7	7	8124	8674	3245	13553	0.760570
chr07	2750001	3000000	HAP1_chr07	HAP2_chr07	HAP1	HAP2	7	7	8022	10390	1867	16545	0.887156
chr07	2750001	3000000	HAP1_chr07	HAP3_chr07	HAP1	HAP3	7	7	8022	11186	1993	17215	0.884229
chr07	2750001	3000000	HAP2_chr07	HAP3_chr07	HAP2	HAP3	7	7	10390	11186	4742	16834	0.718308
chr07	3000001	3250000	HAP1_chr07	HAP2_chr07	HAP1	HAP2	7	7	8350	10553	1766	17137	0.896948
chr07	3000001	3250000	HAP1_chr07	HAP3_chr07	HAP1	HAP3	7	7	8350	8209	1495	15064	0.900757
chr07	3000001	3250000	HAP2_chr07	HAP3_chr07	HAP2	HAP3	7	7	10553	8209	3649	15113	0.758552
chr07	3250001	3500000	HAP1_chr07	HAP2_chr07	HAP1	HAP2	7	7	9391	11619	1914	19096	0.899770
chr07	3250001	3500000	HAP1_chr07	HAP3_chr07	HAP1	HAP3	7	7	9391	11112	2162	18341	0.882122
chr07	3250001	3500000	HAP2_chr07	HAP3_chr07	HAP2	HAP3	7	7	11619	11112	4279	18452	0.768101
chr07	3500001	3750000	HAP1_chr07	HAP2_chr07	HAP1	HAP2	7	7	9554	14605	1526	22633	0.932576
chr07	3500001	3750000	HAP1_chr07	HAP3_chr07	HAP1	HAP3	7	7	9554	17107	1752	24909	0.929664
chr07	3500001	3750000	HAP2_chr07	HAP3_chr07	HAP2	HAP3	7	7	14605	17107	5268	26444	0.800787
chr07	3750001	4000000	HAP1_chr07	HAP2_chr07	HAP1	HAP2	7	7	8763	6746	1640	13869	0.881751
chr07	3750001	4000000	HAP1_chr07	HAP3_chr07	HAP1	HAP3	7	7	8763	6458	1415	13806	0.897508
chr07	3750001	4000000	HAP2_chr07	HAP3_chr07	HAP2	HAP3	7	7	6746	6458	4070	9134	0.554412
chr07	4000001	4250000	HAP1_chr07	HAP2_chr07	HAP1	HAP2	7	7	10887	9721	1825	18783	0.902838
chr07	4000001	4250000	HAP1_chr07	HAP3_chr07	HAP1	HAP3	7	7	10887	9983	1814	19056	0.904807
chr07	4000001	4250000	HAP2_chr07	HAP3_chr07	HAP2	HAP3	7	7	9721	9983	6687	13017	0.486287
chr07	4250001	4500000	HAP1_chr07	HAP2_chr07	HAP1	HAP2	7	7	11500	8343	1752	18091	0.903156
chr07	4250001	4500000	HAP1_chr07	HAP3_chr07	HAP1	HAP3	7	7	11500	14743	1638	24605	0.933428
chr07	4250001	4500000	HAP2_chr07	HAP3_chr07	HAP2	HAP3	7	7	8343	14743	2936	20150	0.854293
chr07	4500001	4750000	HAP1_chr07	HAP2_chr07	HAP1	HAP2	7	7	9037	15835	2319	22553	0.897176
chr07	4500001	4750000	HAP1_chr07	HAP3_chr07	HAP1	HAP3	7	7	9037	7164	2249	13952	0.838804
chr07	4500001	4750000	HAP2_chr07	HAP3_chr07	HAP2	HAP3	7	7	15835	7164	2788	20211	0.862055
chr07	4750001	5000000	HAP1_chr07	HAP2_chr07	HAP1	HAP2	7	7	11835	22020	2615	31240	0.916293
chr07	4750001	5000000	HAP1_chr07	HAP3_chr07	HAP1	HAP3	7	7	11835	17419	3908	25346	0.845814
chr07	4750001	5000000	HAP2_chr07	HAP3_chr07	HAP2	HAP3	7	7	22020	17419	2642	36797	0.928201
chr07	5000001	5250000	HAP1_chr07	HAP2_chr07	HAP1	HAP2	7	7	16997	6194	2545	20646	0.876732
chr07	5000001	5250000	HAP1_chr07	HAP3_chr07	HAP1	HAP3	7	7	16997	227365	37	244325	0.999849
chr07	5000001	5250000	HAP2_chr07	HAP3_chr07	HAP2	HAP3	7	7	6194	227365	15	233544	0.999936
chr07	5250001	5500000	HAP1_chr07	HAP2_chr07	HAP1	HAP2	7	7	193781	9545	1615	201711	0.991993
chr07	5250001	5500000	HAP1_chr07	HAP3_chr07	HAP1	HAP3	7	7	193781	179524	12382	360923	0.965694
chr07	5250001	5500000	HAP2_chr07	HAP3_chr07	HAP2	HAP3	7	7	9545	179524	20	189049	0.999894
chr07	5500001	5750000	HAP1_chr07	HAP2_chr07	HAP1	HAP2	7	7	214493	60045	862	273676	0.996850
chr07	5500001	5750000	HAP1_chr07	HAP3_chr07	HAP1	HAP3	7	7	214493	151741	8386	357848	0.976565
chr07	5500001	5750000	HAP2_chr07	HAP3_chr07	HAP2	HAP3	7	7	60045	151741	599	211187	0.997164
chr07	5750001	6000000	HAP1_chr07	HAP2_chr07	HAP1	HAP2	7	7	205940	207415	8114	405241	0.979977
chr07	5750001	6000000	HAP1_chr07	HAP3_chr07	HAP1	HAP3	7	7	205940	195772	14416	387296	0.962778
chr07	5750001	6000000	HAP2_chr07	HAP3_chr07	HAP2	HAP3	7	7	207415	195772	3554	399633	0.991107
chr07	6000001	6250000	HAP1_chr07	HAP2_chr07	HAP1	HAP2	7	7	227842	204801	3805	428838	0.991127
chr07	6000001	6250000	HAP1_chr07	HAP3_chr07	HAP1	HAP3	7	7	227842	201583	72762	356663	0.795992
chr07	6000001	6250000	HAP2_chr07	HAP3_chr07	HAP2	HAP3	7	7	204801	201583	4268	402116	0.989386
chr07	6250001	6500000	HAP1_chr07	HAP2_chr07	HAP1	HAP2	7	7	193047	208027	4220	396854	0.989366
chr07	6250001	6500000	HAP1_chr07	HAP3_chr07	HAP1	HAP3	7	7	193047	231478	70373	354152	0.801292
chr07	6250001	6500000	HAP2_chr07	HAP3_chr07	HAP2	HAP3	7	7	208027	231478	6313	433192	0.985427
chr07	6500001	6750000	HAP1_chr07	HAP2_chr07	HAP1	HAP2	7	7	223349	183847	4972	402224	0.987639
chr07	6500001	6750000	HAP1_chr07	HAP3_chr07	HAP1	HAP3	7	7	223349	134638	57041	300946	0.810461
chr07	6500001	6750000	HAP2_chr07	HAP3_chr07	HAP2	HAP3	7	7	183847	134638	3804	314681	0.987912
chr07	6750001	7000000	HAP1_chr07	HAP2_chr07	HAP1	HAP2	7	7	218207	233200	9532	441875	0.978428
chr07	6750001	7000000	HAP1_chr07	HAP3_chr07	HAP1	HAP3	7	7	218207	218611	109116	327702	0.667027
chr07	6750001	7000000	HAP2_chr07	HAP3_chr07	HAP2	HAP3	7	7	233200	218611	12229	439582	0.972180
chr07	7000001	7250000	HAP1_chr07	HAP2_chr07	HAP1	HAP2	7	7	238458	157739	3452	392745	0.991211
chr07	7000001	7250000	HAP1_chr07	HAP3_chr07	HAP1	HAP3	7	7	238458	220725	91991	367192	0.749474
chr07	7000001	7250000	HAP2_chr07	HAP3_chr07	HAP2	HAP3	7	7	157739	220725	11022	367442	0.970003
chr07	7250001	7500000	HAP1_chr07	HAP2_chr07	HAP1	HAP2	7	7	222182	198278	4619	415841	0.988892
chr07	7250001	7500000	HAP1_chr07	HAP3_chr07	HAP1	HAP3	7	7	222182	229243	66349	385076	0.827699
chr07	7250001	7500000	HAP2_chr07	HAP3_chr07	HAP2	HAP3	7	7	198278	229243	4741	422780	0.988786
chr07	7500001	7750000	HAP1_chr07	HAP2_chr07	HAP1	HAP2	7	7	210444	227979	5054	433369	0.988338
chr07	7500001	7750000	HAP1_chr07	HAP3_chr07	HAP1	HAP3	7	7	210444	195882	21557	384769	0.943974
chr07	7500001	7750000	HAP2_chr07	HAP3_chr07	HAP2	HAP3	7	7	227979	195882	3727	420134	0.991129
chr07	7750001	8000000	HAP1_chr07	HAP2_chr07	HAP1	HAP2	7	7	233216	233809	6055	460970	0.986865
chr07	7750001	8000000	HAP1_chr07	HAP3_chr07	HAP1	HAP3	7	7	233216	220546	17731	436031	0.959335
chr07	7750001	8000000	HAP2_chr07	HAP3_chr07	HAP2	HAP3	7	7	233809	220546	5231	449124	0.988353
chr07	8000001	8250000	HAP1_chr07	HAP2_chr07	HAP1	HAP2	7	7	226598	192948	5101	414445	0.987692
chr07	8000001	8250000	HAP1_chr07	HAP3_chr07	HAP1	HAP3	7	7	226598	235492	17310	444780	0.961082
chr07	8000001	8250000	HAP2_chr07	HAP3_chr07	HAP2	HAP3	7	7	192948	235492	5728	422712	0.986449
chr07	8250001	8500000	HAP1_chr07	HAP2_chr07	HAP1	HAP2	7	7	228479	231685	6798	453366	0.985005
chr07	8250001	8500000	HAP1_chr07	HAP3_chr07	HAP1	HAP3	7	7	228479	221277	7619	442137	0.982768
chr07	8250001	8500000	HAP2_chr07	HAP3_chr07	HAP2	HAP3	7	7	231685	221277	6085	446877	0.986383
chr07	8500001	8750000	HAP1_chr07	HAP2_chr07	HAP1	HAP2	7	7	239152	234652	5945	467859	0.987293
chr07	8500001	8750000	HAP1_chr07	HAP3_chr07	HAP1	HAP3	7	7	239152	229899	6088	462963	0.986850
chr07	8500001	8750000	HAP2_chr07	HAP3_chr07	HAP2	HAP3	7	7	234652	229899	8005	456546	0.982466
chr07	8750001	9000000	HAP1_chr07	HAP2_chr07	HAP1	HAP2	7	7	211634	225282	5054	431862	0.988297
chr07	8750001	9000000	HAP1_chr07	HAP3_chr07	HAP1	HAP3	7	7	211634	240285	5044	446875	0.988713
chr07	8750001	9000000	HAP2_chr07	HAP3_chr07	HAP2	HAP3	7	7	225282	240285	6583	458984	0.985657
chr07	9000001	9250000	HAP1_chr07	HAP2_chr07	HAP1	HAP2	7	7	238242	233485	6842	464885	0.985282
chr07	9000001	9250000	HAP1_chr07	HAP3_chr07	HAP1	HAP3	7	7	238242	220053	31164	427131	0.927039
chr07	9000001	9250000	HAP2_chr07	HAP3_chr07	HAP2	HAP3	7	7	233485	220053	6359	447179	0.985780
chr07	9250001	9500000	HAP1_chr07	HAP2_chr07	HAP1	HAP2	7	7	228405	206378	4641	430142	0.989211
chr07	9250001	9500000	HAP1_chr07	HAP3_chr07	HAP1	HAP3	7	7	228405	237681	15686	450400	0.965173
chr07	9250001	9500000	HAP2_chr07	HAP3_chr07	HAP2	HAP3	7	7	206378	237681	6018	438041	0.986262
chr07	9500001	9750000	HAP1_chr07	HAP2_chr07	HAP1	HAP2	7	7	234406	240209	5223	469392	0.988873
chr07	9500001	9750000	HAP1_chr07	HAP3_chr07	HAP1	HAP3	7	7	234406	240543	33531	441418	0.924038
chr07	9500001	9750000	HAP2_chr07	HAP3_chr07	HAP2	HAP3	7	7	240209	240543	5089	475663	0.989301
chr07	9750001	10000000	HAP1_chr07	HAP2_chr07	HAP1	HAP2	7	7	235500	206666	6703	435463	0.984607
chr07	9750001	10000000	HAP1_chr07	HAP3_chr07	HAP1	HAP3	7	7	235500	231346	47161	419685	0.887628
chr07	9750001	10000000	HAP2_chr07	HAP3_chr07	HAP2	HAP3	7	7	206666	231346	5935	432077	0.986264
chr07	10000001	10250000	HAP1_chr07	HAP2_chr07	HAP1	HAP2	7	7	224592	219048	6431	437209	0.985291
chr07	10000001	10250000	HAP1_chr07	HAP3_chr07	HAP1	HAP3	7	7	224592	238381	38260	424713	0.909916
chr07	10000001	10250000	HAP2_chr07	HAP3_chr07	HAP2	HAP3	7	7	219048	238381	8487	448942	0.981096
chr07	10250001	10500000	HAP1_chr07	HAP2_chr07	HAP1	HAP2	7	7	124421	234019	7411	351029	0.978888
chr07	10250001	10500000	HAP1_chr07	HAP3_chr07	HAP1	HAP3	7	7	124421	182138	31751	274808	0.884461
chr07	10250001	10500000	HAP2_chr07	HAP3_chr07	HAP2	HAP3	7	7	234019	182138	7235	408922	0.982307
chr07	10500001	10750000	HAP1_chr07	HAP2_chr07	HAP1	HAP2	7	7	16036	224865	9	240892	0.999963
chr07	10500001	10750000	HAP1_chr07	HAP3_chr07	HAP1	HAP3	7	7	16036	177265	11995	181306	0.933841
chr07	10500001	10750000	HAP2_chr07	HAP3_chr07	HAP2	HAP3	7	7	224865	177265	11723	390407	0.969972
chr07	10750001	11000000	HAP1_chr07	HAP2_chr07	HAP1	HAP2	7	7	11301	173741	1	185041	0.999995
chr07	10750001	11000000	HAP1_chr07	HAP3_chr07	HAP1	HAP3	7	7	11301	232059	2799	240561	0.988365
chr07	10750001	11000000	HAP2_chr07	HAP3_chr07	HAP2	HAP3	7	7	173741	232059	10143	395657	0.974364
chr07	11000001	11250000	HAP1_chr07	HAP2_chr07	HAP1	HAP2	7	7	11452	127123	10495	128080	0.918059
chr07	11000001	11250000	HAP1_chr07	HAP3_chr07	HAP1	HAP3	7	7	11452	229999	2711	238740	0.988645
chr07	11000001	11250000	HAP2_chr07	HAP3_chr07	HAP2	HAP3	7	7	127123	229999	15286	341836	0.955283
chr07	11250001	11500000	HAP1_chr07	HAP2_chr07	HAP1	HAP2	7	7	146729	131020	118228	159521	0.258856
chr07	11250001	11500000	HAP1_chr07	HAP3_chr07	HAP1	HAP3	7	7	146729	238222	4017	380934	0.989455
chr07	11250001	11500000	HAP2_chr07	HAP3_chr07	HAP2	HAP3	7	7	131020	238222	3856	365386	0.989447
chr07	11500001	11750000	HAP1_chr07	HAP2_chr07	HAP1	HAP2	7	7	234691	229613	137970	326334	0.577212
chr07	11500001	11750000	HAP1_chr07	HAP3_chr07	HAP1	HAP3	7	7	234691	235349	11692	458348	0.974491
chr07	11500001	11750000	HAP2_chr07	HAP3_chr07	HAP2	HAP3	7	7	229613	235349	8078	456884	0.982319
chr07	11750001	12000000	HAP1_chr07	HAP2_chr07	HAP1	HAP2	7	7	233084	237355	124653	345786	0.639508
chr07	11750001	12000000	HAP1_chr07	HAP3_chr07	HAP1	HAP3	7	7	233084	187410	8203	412291	0.980104
chr07	11750001	12000000	HAP2_chr07	HAP3_chr07	HAP2	HAP3	7	7	237355	187410	6978	417787	0.983298
chr07	12000001	12250000	HAP1_chr07	HAP2_chr07	HAP1	HAP2	7	7	237535	235589	131678	341446	0.614352
chr07	12000001	12250000	HAP1_chr07	HAP3_chr07	HAP1	HAP3	7	7	237535	233415	8376	462574	0.981893
chr07	12000001	12250000	HAP2_chr07	HAP3_chr07	HAP2	HAP3	7	7	235589	233415	7264	461740	0.984268
chr07	12250001	12500000	HAP1_chr07	HAP2_chr07	HAP1	HAP2	7	7	142607	172587	34234	280960	0.878153
chr07	12250001	12500000	HAP1_chr07	HAP3_chr07	HAP1	HAP3	7	7	142607	238566	5501	375672	0.985357
chr07	12250001	12500000	HAP2_chr07	HAP3_chr07	HAP2	HAP3	7	7	172587	238566	5652	405501	0.986062
chr07	12500001	12750000	HAP1_chr07	HAP2_chr07	HAP1	HAP2	7	7	233280	231538	86742	378076	0.770570
chr07	12500001	12750000	HAP1_chr07	HAP3_chr07	HAP1	HAP3	7	7	233280	235940	7402	461818	0.983972
chr07	12500001	12750000	HAP2_chr07	HAP3_chr07	HAP2	HAP3	7	7	231538	235940	7677	459801	0.983304
chr07	12750001	13000000	HAP1_chr07	HAP2_chr07	HAP1	HAP2	7	7	237714	240319	82312	395721	0.791995
chr07	12750001	13000000	HAP1_chr07	HAP3_chr07	HAP1	HAP3	7	7	237714	229713	6149	461278	0.986670
chr07	12750001	13000000	HAP2_chr07	HAP3_chr07	HAP2	HAP3	7	7	240319	229713	5602	464430	0.987938
chr07	13000001	13250000	HAP1_chr07	HAP2_chr07	HAP1	HAP2	7	7	240977	239568	81879	398666	0.794618
chr07	13000001	13250000	HAP1_chr07	HAP3_chr07	HAP1	HAP3	7	7	240977	203638	5739	438876	0.986923
chr07	13000001	13250000	HAP2_chr07	HAP3_chr07	HAP2	HAP3	7	7	239568	203638	4998	438208	0.988594
chr07	13250001	13500000	HAP1_chr07	HAP2_chr07	HAP1	HAP2	7	7	239496	226629	92292	373833	0.753120
chr07	13250001	13500000	HAP1_chr07	HAP3_chr07	HAP1	HAP3	7	7	239496	236500	5746	470250	0.987781
chr07	13250001	13500000	HAP2_chr07	HAP3_chr07	HAP2	HAP3	7	7	226629	236500	5270	457859	0.988490
chr07	13500001	13750000	HAP1_chr07	HAP2_chr07	HAP1	HAP2	7	7	224564	233349	47557	410356	0.884108
chr07	13500001	13750000	HAP1_chr07	HAP3_chr07	HAP1	HAP3	7	7	224564	223060	5763	441861	0.986957
chr07	13500001	13750000	HAP2_chr07	HAP3_chr07	HAP2	HAP3	7	7	233349	223060	4743	451666	0.989499
chr07	13750001	14000000	HAP1_chr07	HAP2_chr07	HAP1	HAP2	7	7	233854	238765	40609	432010	0.906000
chr07	13750001	14000000	HAP1_chr07	HAP3_chr07	HAP1	HAP3	7	7	233854	237322	5643	465533	0.987878
chr07	13750001	14000000	HAP2_chr07	HAP3_chr07	HAP2	HAP3	7	7	238765	237322	5119	470968	0.989131
chr07	14000001	14250000	HAP1_chr07	HAP2_chr07	HAP1	HAP2	7	7	228883	206722	26271	409334	0.935820
chr07	14000001	14250000	HAP1_chr07	HAP3_chr07	HAP1	HAP3	7	7	228883	225197	4394	449686	0.990229
chr07	14000001	14250000	HAP2_chr07	HAP3_chr07	HAP2	HAP3	7	7	206722	225197	3629	428290	0.991527
chr07	14250001	14500000	HAP1_chr07	HAP2_chr07	HAP1	HAP2	7	7	236644	240928	74341	403231	0.815637
chr07	14250001	14500000	HAP1_chr07	HAP3_chr07	HAP1	HAP3	7	7	236644	236745	5682	467707	0.987851
chr07	14250001	14500000	HAP2_chr07	HAP3_chr07	HAP2	HAP3	7	7	240928	236745	6610	471063	0.985968
chr07	14500001	14750000	HAP1_chr07	HAP2_chr07	HAP1	HAP2	7	7	229136	229280	55643	402773	0.861850
chr07	14500001	14750000	HAP1_chr07	HAP3_chr07	HAP1	HAP3	7	7	229136	236412	7262	458286	0.984154
chr07	14500001	14750000	HAP2_chr07	HAP3_chr07	HAP2	HAP3	7	7	229280	236412	5683	460009	0.987646
chr07	14750001	15000000	HAP1_chr07	HAP2_chr07	HAP1	HAP2	7	7	226719	238062	51050	413731	0.876611
chr07	14750001	15000000	HAP1_chr07	HAP3_chr07	HAP1	HAP3	7	7	226719	231569	6181	452107	0.986328
chr07	14750001	15000000	HAP2_chr07	HAP3_chr07	HAP2	HAP3	7	7	238062	231569	6594	463037	0.985759
chr07	15000001	15250000	HAP1_chr07	HAP2_chr07	HAP1	HAP2	7	7	237294	236842	49284	424852	0.883997
chr07	15000001	15250000	HAP1_chr07	HAP3_chr07	HAP1	HAP3	7	7	237294	227476	5982	458788	0.986961
chr07	15000001	15250000	HAP2_chr07	HAP3_chr07	HAP2	HAP3	7	7	236842	227476	5432	458886	0.988163
chr07	15250001	15500000	HAP1_chr07	HAP2_chr07	HAP1	HAP2	7	7	236814	228680	46150	419344	0.889947
chr07	15250001	15500000	HAP1_chr07	HAP3_chr07	HAP1	HAP3	7	7	236814	229517	5592	460739	0.987863
chr07	15250001	15500000	HAP2_chr07	HAP3_chr07	HAP2	HAP3	7	7	228680	229517	5814	452383	0.987148
chr07	15500001	15750000	HAP1_chr07	HAP2_chr07	HAP1	HAP2	7	7	223962	230928	39929	414961	0.903776
chr07	15500001	15750000	HAP1_chr07	HAP3_chr07	HAP1	HAP3	7	7	223962	234620	6249	452333	0.986185
chr07	15500001	15750000	HAP2_chr07	HAP3_chr07	HAP2	HAP3	7	7	230928	234620	6061	459487	0.986809
chr07	15750001	16000000	HAP1_chr07	HAP2_chr07	HAP1	HAP2	7	7	231633	236745	51310	417068	0.876974
chr07	15750001	16000000	HAP1_chr07	HAP3_chr07	HAP1	HAP3	7	7	231633	200823	5161	427295	0.987922
chr07	15750001	16000000	HAP2_chr07	HAP3_chr07	HAP2	HAP3	7	7	236745	200823	6445	431123	0.985051
chr07	16000001	16250000	HAP1_chr07	HAP2_chr07	HAP1	HAP2	7	7	224890	226915	5243	446562	0.988259
chr07	16000001	16250000	HAP1_chr07	HAP3_chr07	HAP1	HAP3	7	7	224890	204933	4064	425759	0.990455
chr07	16000001	16250000	HAP2_chr07	HAP3_chr07	HAP2	HAP3	7	7	226915	204933	5988	425860	0.985939
chr07	16250001	16500000	HAP1_chr07	HAP2_chr07	HAP1	HAP2	7	7	232635	197404	11539	418500	0.972428
chr07	16250001	16500000	HAP1_chr07	HAP3_chr07	HAP1	HAP3	7	7	232635	230869	3983	459521	0.991332
chr07	16250001	16500000	HAP2_chr07	HAP3_chr07	HAP2	HAP3	7	7	197404	230869	2424	425849	0.994308
chr07	16500001	16558440	HAP1_chr07	HAP2_chr07	HAP1	HAP2	7	7	51412	57787	293	108906	0.997310
chr07	16500001	16558440	HAP1_chr07	HAP3_chr07	HAP1	HAP3	7	7	51412	20155	4	71563	0.999944
chr07	16500001	16558440	HAP2_chr07	HAP3_chr07	HAP2	HAP3	7	7	57787	20155	4	77938	0.999949
chr08	1	250000	HAP1_chr08	HAP2_chr08	HAP1	HAP2	8	8	241200	236710	165628	312282	0.469620
chr08	1	250000	HAP1_chr08	HAP3_chr08	HAP1	HAP3	8	8	241200	244206	209831	275575	0.238570
chr08	1	250000	HAP2_chr08	HAP3_chr08	HAP2	HAP3	8	8	236710	244206	170759	310157	0.449443
chr08	250001	500000	HAP1_chr08	HAP2_chr08	HAP1	HAP2	8	8	243091	237496	148175	332412	0.554243
chr08	250001	500000	HAP1_chr08	HAP3_chr08	HAP1	HAP3	8	8	243091	243229	190158	296162	0.357926
chr08	250001	500000	HAP2_chr08	HAP3_chr08	HAP2	HAP3	8	8	237496	243229	148641	332084	0.552399
chr08	500001	750000	HAP1_chr08	HAP2_chr08	HAP1	HAP2	8	8	241790	241350	146756	336384	0.563725
chr08	500001	750000	HAP1_chr08	HAP3_chr08	HAP1	HAP3	8	8	241790	240741	177717	304814	0.416966
chr08	500001	750000	HAP2_chr08	HAP3_chr08	HAP2	HAP3	8	8	241350	240741	146630	335461	0.562900
chr08	750001	1000000	HAP1_chr08	HAP2_chr08	HAP1	HAP2	8	8	241709	244529	156139	330099	0.526993
chr08	750001	1000000	HAP1_chr08	HAP3_chr08	HAP1	HAP3	8	8	241709	243612	177043	308278	0.425703
chr08	750001	1000000	HAP2_chr08	HAP3_chr08	HAP2	HAP3	8	8	244529	243612	148751	339390	0.561711
chr08	1000001	1250000	HAP1_chr08	HAP2_chr08	HAP1	HAP2	8	8	234434	234588	148631	320391	0.536095
chr08	1000001	1250000	HAP1_chr08	HAP3_chr08	HAP1	HAP3	8	8	234434	178662	122896	290200	0.576513
chr08	1000001	1250000	HAP2_chr08	HAP3_chr08	HAP2	HAP3	8	8	234588	178662	124216	289034	0.570237
chr08	1250001	1500000	HAP1_chr08	HAP2_chr08	HAP1	HAP2	8	8	233239	231849	145216	319872	0.546018
chr08	1250001	1500000	HAP1_chr08	HAP3_chr08	HAP1	HAP3	8	8	233239	237042	172172	298109	0.422453
chr08	1250001	1500000	HAP2_chr08	HAP3_chr08	HAP2	HAP3	8	8	231849	237042	166206	302685	0.450894
chr08	1500001	1750000	HAP1_chr08	HAP2_chr08	HAP1	HAP2	8	8	243541	243129	181075	305595	0.407467
chr08	1500001	1750000	HAP1_chr08	HAP3_chr08	HAP1	HAP3	8	8	243541	243556	185763	301334	0.383531
chr08	1500001	1750000	HAP2_chr08	HAP3_chr08	HAP2	HAP3	8	8	243129	243556	193904	292781	0.337717
chr08	1750001	2000000	HAP1_chr08	HAP2_chr08	HAP1	HAP2	8	8	243755	243850	174055	313550	0.444889
chr08	1750001	2000000	HAP1_chr08	HAP3_chr08	HAP1	HAP3	8	8	243755	243058	166725	320088	0.479128
chr08	1750001	2000000	HAP2_chr08	HAP3_chr08	HAP2	HAP3	8	8	243850	243058	182206	304702	0.402019
chr08	2000001	2250000	HAP1_chr08	HAP2_chr08	HAP1	HAP2	8	8	245096	244843	184480	305459	0.396056
chr08	2000001	2250000	HAP1_chr08	HAP3_chr08	HAP1	HAP3	8	8	245096	244123	182116	307103	0.406987
chr08	2000001	2250000	HAP2_chr08	HAP3_chr08	HAP2	HAP3	8	8	244843	244123	192794	296172	0.349047
chr08	2250001	2500000	HAP1_chr08	HAP2_chr08	HAP1	HAP2	8	8	243428	239786	171694	311520	0.448851
chr08	2250001	2500000	HAP1_chr08	HAP3_chr08	HAP1	HAP3	8	8	243428	243797	168262	318963	0.472472
chr08	2250001	2500000	HAP2_chr08	HAP3_chr08	HAP2	HAP3	8	8	239786	243797	184687	298896	0.382103
chr08	2500001	2750000	HAP1_chr08	HAP2_chr08	HAP1	HAP2	8	8	242580	244267	171525	315322	0.456032
chr08	2500001	2750000	HAP1_chr08	HAP3_chr08	HAP1	HAP3	8	8	242580	243426	168863	317143	0.467549
chr08	2500001	2750000	HAP2_chr08	HAP3_chr08	HAP2	HAP3	8	8	244267	243426	176914	310779	0.430740
chr08	2750001	3000000	HAP1_chr08	HAP2_chr08	HAP1	HAP2	8	8	228855	245086	182685	291256	0.372768
chr08	2750001	3000000	HAP1_chr08	HAP3_chr08	HAP1	HAP3	8	8	228855	244596	170606	302845	0.436656
chr08	2750001	3000000	HAP2_chr08	HAP3_chr08	HAP2	HAP3	8	8	245086	244596	185579	304103	0.389750
chr08	3000001	3250000	HAP1_chr08	HAP2_chr08	HAP1	HAP2	8	8	242501	244038	191617	294922	0.350279
chr08	3000001	3250000	HAP1_chr08	HAP3_chr08	HAP1	HAP3	8	8	242501	244932	193726	293707	0.340411
chr08	3000001	3250000	HAP2_chr08	HAP3_chr08	HAP2	HAP3	8	8	244038	244932	195658	293312	0.332936
chr08	3250001	3500000	HAP1_chr08	HAP2_chr08	HAP1	HAP2	8	8	243686	244574	181885	306375	0.406332
chr08	3250001	3500000	HAP1_chr08	HAP3_chr08	HAP1	HAP3	8	8	243686	243532	190770	296448	0.356481
chr08	3250001	3500000	HAP2_chr08	HAP3_chr08	HAP2	HAP3	8	8	244574	243532	184433	303673	0.392659
chr08	3500001	3750000	HAP1_chr08	HAP2_chr08	HAP1	HAP2	8	8	244862	244980	186622	303220	0.384533
chr08	3500001	3750000	HAP1_chr08	HAP3_chr08	HAP1	HAP3	8	8	244862	245049	196271	293640	0.331593
chr08	3500001	3750000	HAP2_chr08	HAP3_chr08	HAP2	HAP3	8	8	244980	245049	194301	295728	0.342974
chr08	3750001	4000000	HAP1_chr08	HAP2_chr08	HAP1	HAP2	8	8	243861	243679	184439	303101	0.391493
chr08	3750001	4000000	HAP1_chr08	HAP3_chr08	HAP1	HAP3	8	8	243861	244064	192187	295738	0.350144
chr08	3750001	4000000	HAP2_chr08	HAP3_chr08	HAP2	HAP3	8	8	243679	244064	183537	304206	0.396669
chr08	4000001	4250000	HAP1_chr08	HAP2_chr08	HAP1	HAP2	8	8	243144	242632	182251	303525	0.399552
chr08	4000001	4250000	HAP1_chr08	HAP3_chr08	HAP1	HAP3	8	8	243144	243109	191243	295010	0.351741
chr08	4000001	4250000	HAP2_chr08	HAP3_chr08	HAP2	HAP3	8	8	242632	243109	182201	303540	0.399746
chr08	4250001	4500000	HAP1_chr08	HAP2_chr08	HAP1	HAP2	8	8	233222	193115	143091	283246	0.494817
chr08	4250001	4500000	HAP1_chr08	HAP3_chr08	HAP1	HAP3	8	8	233222	232643	174796	291069	0.399469
chr08	4250001	4500000	HAP2_chr08	HAP3_chr08	HAP2	HAP3	8	8	193115	232643	146744	279014	0.474062
chr08	4500001	4750000	HAP1_chr08	HAP2_chr08	HAP1	HAP2	8	8	241119	240721	178775	303065	0.410110
chr08	4500001	4750000	HAP1_chr08	HAP3_chr08	HAP1	HAP3	8	8	241119	242868	178248	305739	0.416993
chr08	4500001	4750000	HAP2_chr08	HAP3_chr08	HAP2	HAP3	8	8	240721	242868	166089	317500	0.476885
chr08	4750001	5000000	HAP1_chr08	HAP2_chr08	HAP1	HAP2	8	8	244613	244517	191215	297915	0.358156
chr08	4750001	5000000	HAP1_chr08	HAP3_chr08	HAP1	HAP3	8	8	244613	221010	172566	293057	0.411152
chr08	4750001	5000000	HAP2_chr08	HAP3_chr08	HAP2	HAP3	8	8	244517	221010	172416	293111	0.411772
chr08	5000001	5250000	HAP1_chr08	HAP2_chr08	HAP1	HAP2	8	8	243968	243830	184771	303027	0.390249
chr08	5000001	5250000	HAP1_chr08	HAP3_chr08	HAP1	HAP3	8	8	243968	242528	169819	316677	0.463747
chr08	5000001	5250000	HAP2_chr08	HAP3_chr08	HAP2	HAP3	8	8	243830	242528	168341	318017	0.470654
chr08	5250001	5500000	HAP1_chr08	HAP2_chr08	HAP1	HAP2	8	8	245787	244912	151875	338824	0.551758
chr08	5250001	5500000	HAP1_chr08	HAP3_chr08	HAP1	HAP3	8	8	245787	245177	174434	316530	0.448918
chr08	5250001	5500000	HAP2_chr08	HAP3_chr08	HAP2	HAP3	8	8	244912	245177	179979	310110	0.419629
chr08	5500001	5750000	HAP1_chr08	HAP2_chr08	HAP1	HAP2	8	8	245483	244544	146408	343619	0.573923
chr08	5500001	5750000	HAP1_chr08	HAP3_chr08	HAP1	HAP3	8	8	245483	240493	153687	332289	0.537490
chr08	5500001	5750000	HAP2_chr08	HAP3_chr08	HAP2	HAP3	8	8	244544	240493	172528	312509	0.447926
chr08	5750001	6000000	HAP1_chr08	HAP2_chr08	HAP1	HAP2	8	8	243146	242326	139702	345770	0.595968
chr08	5750001	6000000	HAP1_chr08	HAP3_chr08	HAP1	HAP3	8	8	243146	227726	138998	331874	0.581172
chr08	5750001	6000000	HAP2_chr08	HAP3_chr08	HAP2	HAP3	8	8	242326	227726	179385	290667	0.382850
chr08	6000001	6250000	HAP1_chr08	HAP2_chr08	HAP1	HAP2	8	8	239535	243893	132311	351117	0.623171
chr08	6000001	6250000	HAP1_chr08	HAP3_chr08	HAP1	HAP3	8	8	239535	245404	11997	472942	0.974633
chr08	6000001	6250000	HAP2_chr08	HAP3_chr08	HAP2	HAP3	8	8	243893	245404	77950	411347	0.810501
chr08	6250001	6500000	HAP1_chr08	HAP2_chr08	HAP1	HAP2	8	8	245074	244390	135010	354454	0.619104
chr08	6250001	6500000	HAP1_chr08	HAP3_chr08	HAP1	HAP3	8	8	245074	244728	3161	486641	0.993504
chr08	6250001	6500000	HAP2_chr08	HAP3_chr08	HAP2	HAP3	8	8	244390	244728	3691	485427	0.992396
chr08	6500001	6750000	HAP1_chr08	HAP2_chr08	HAP1	HAP2	8	8	241927	244848	134893	351882	0.616653
chr08	6500001	6750000	HAP1_chr08	HAP3_chr08	HAP1	HAP3	8	8	241927	244298	4151	482074	0.991389
chr08	6500001	6750000	HAP2_chr08	HAP3_chr08	HAP2	HAP3	8	8	244848	244298	3758	485388	0.992258
chr08	6750001	7000000	HAP1_chr08	HAP2_chr08	HAP1	HAP2	8	8	246169	245028	144294	346903	0.584051
chr08	6750001	7000000	HAP1_chr08	HAP3_chr08	HAP1	HAP3	8	8	246169	243812	5204	484777	0.989265
chr08	6750001	7000000	HAP2_chr08	HAP3_chr08	HAP2	HAP3	8	8	245028	243812	3143	485697	0.993529
chr08	7000001	7250000	HAP1_chr08	HAP2_chr08	HAP1	HAP2	8	8	241958	244264	131948	354274	0.627554
chr08	7000001	7250000	HAP1_chr08	HAP3_chr08	HAP1	HAP3	8	8	241958	239742	4356	477344	0.990875
chr08	7000001	7250000	HAP2_chr08	HAP3_chr08	HAP2	HAP3	8	8	244264	239742	4811	479195	0.989960
chr08	7250001	7500000	HAP1_chr08	HAP2_chr08	HAP1	HAP2	8	8	238414	240942	119384	359972	0.668352
chr08	7250001	7500000	HAP1_chr08	HAP3_chr08	HAP1	HAP3	8	8	238414	237702	4630	471486	0.990180
chr08	7250001	7500000	HAP2_chr08	HAP3_chr08	HAP2	HAP3	8	8	240942	237702	5331	473313	0.988737
chr08	7500001	7750000	HAP1_chr08	HAP2_chr08	HAP1	HAP2	8	8	243742	242574	127897	358419	0.643163
chr08	7500001	7750000	HAP1_chr08	HAP3_chr08	HAP1	HAP3	8	8	243742	215772	5266	454248	0.988407
chr08	7500001	7750000	HAP2_chr08	HAP3_chr08	HAP2	HAP3	8	8	242574	215772	6982	451364	0.984531
chr08	7750001	8000000	HAP1_chr08	HAP2_chr08	HAP1	HAP2	8	8	235984	233829	106331	363482	0.707466
chr08	7750001	8000000	HAP1_chr08	HAP3_chr08	HAP1	HAP3	8	8	235984	242545	3932	474597	0.991715
chr08	7750001	8000000	HAP2_chr08	HAP3_chr08	HAP2	HAP3	8	8	233829	242545	4497	471877	0.990470
chr08	8000001	8250000	HAP1_chr08	HAP2_chr08	HAP1	HAP2	8	8	239690	242538	118564	363664	0.673974
chr08	8000001	8250000	HAP1_chr08	HAP3_chr08	HAP1	HAP3	8	8	239690	238730	4295	474125	0.990941
chr08	8000001	8250000	HAP2_chr08	HAP3_chr08	HAP2	HAP3	8	8	242538	238730	4138	477130	0.991327
chr08	8250001	8500000	HAP1_chr08	HAP2_chr08	HAP1	HAP2	8	8	242614	237876	114392	366098	0.687537
chr08	8250001	8500000	HAP1_chr08	HAP3_chr08	HAP1	HAP3	8	8	242614	241143	4423	479334	0.990773
chr08	8250001	8500000	HAP2_chr08	HAP3_chr08	HAP2	HAP3	8	8	237876	241143	4267	474752	0.991012
chr08	8500001	8750000	HAP1_chr08	HAP2_chr08	HAP1	HAP2	8	8	239938	228262	101205	366995	0.724233
chr08	8500001	8750000	HAP1_chr08	HAP3_chr08	HAP1	HAP3	8	8	239938	238216	5480	472674	0.988406
chr08	8500001	8750000	HAP2_chr08	HAP3_chr08	HAP2	HAP3	8	8	228262	238216	5481	460997	0.988111
chr08	8750001	9000000	HAP1_chr08	HAP2_chr08	HAP1	HAP2	8	8	241829	242793	106485	378137	0.718396
chr08	8750001	9000000	HAP1_chr08	HAP3_chr08	HAP1	HAP3	8	8	241829	239603	5586	475846	0.988261
chr08	8750001	9000000	HAP2_chr08	HAP3_chr08	HAP2	HAP3	8	8	242793	239603	5173	477223	0.989160
chr08	9000001	9250000	HAP1_chr08	HAP2_chr08	HAP1	HAP2	8	8	240352	242392	96730	386014	0.749413
chr08	9000001	9250000	HAP1_chr08	HAP3_chr08	HAP1	HAP3	8	8	240352	243947	3816	480483	0.992058
chr08	9000001	9250000	HAP2_chr08	HAP3_chr08	HAP2	HAP3	8	8	242392	243947	3538	482801	0.992672
chr08	9250001	9500000	HAP1_chr08	HAP2_chr08	HAP1	HAP2	8	8	239880	244542	104052	380370	0.726445
chr08	9250001	9500000	HAP1_chr08	HAP3_chr08	HAP1	HAP3	8	8	239880	218339	5034	453185	0.988892
chr08	9250001	9500000	HAP2_chr08	HAP3_chr08	HAP2	HAP3	8	8	244542	218339	5462	457419	0.988059
chr08	9500001	9750000	HAP1_chr08	HAP2_chr08	HAP1	HAP2	8	8	235645	239692	81819	393518	0.792083
chr08	9500001	9750000	HAP1_chr08	HAP3_chr08	HAP1	HAP3	8	8	235645	239318	4890	470073	0.989597
chr08	9500001	9750000	HAP2_chr08	HAP3_chr08	HAP2	HAP3	8	8	239692	239318	5306	473704	0.988799
chr08	9750001	10000000	HAP1_chr08	HAP2_chr08	HAP1	HAP2	8	8	241212	235238	76798	399652	0.807838
chr08	9750001	10000000	HAP1_chr08	HAP3_chr08	HAP1	HAP3	8	8	241212	242856	5586	478482	0.988326
chr08	9750001	10000000	HAP2_chr08	HAP3_chr08	HAP2	HAP3	8	8	235238	242856	4985	473109	0.989463
chr08	10000001	10250000	HAP1_chr08	HAP2_chr08	HAP1	HAP2	8	8	243398	242896	91299	394995	0.768860
chr08	10000001	10250000	HAP1_chr08	HAP3_chr08	HAP1	HAP3	8	8	243398	242547	4477	481468	0.990701
chr08	10000001	10250000	HAP2_chr08	HAP3_chr08	HAP2	HAP3	8	8	242896	242547	4420	481023	0.990811
chr08	10250001	10500000	HAP1_chr08	HAP2_chr08	HAP1	HAP2	8	8	237289	242153	97087	382355	0.746082
chr08	10250001	10500000	HAP1_chr08	HAP3_chr08	HAP1	HAP3	8	8	237289	241527	5953	472863	0.987411
chr08	10250001	10500000	HAP2_chr08	HAP3_chr08	HAP2	HAP3	8	8	242153	241527	5350	478330	0.988815
chr08	10500001	10750000	HAP1_chr08	HAP2_chr08	HAP1	HAP2	8	8	231068	242687	107633	366122	0.706019
chr08	10500001	10750000	HAP1_chr08	HAP3_chr08	HAP1	HAP3	8	8	231068	240761	6461	465368	0.986116
chr08	10500001	10750000	HAP2_chr08	HAP3_chr08	HAP2	HAP3	8	8	242687	240761	5983	477465	0.987469
chr08	10750001	11000000	HAP1_chr08	HAP2_chr08	HAP1	HAP2	8	8	242900	236176	128661	350415	0.632832
chr08	10750001	11000000	HAP1_chr08	HAP3_chr08	HAP1	HAP3	8	8	242900	242938	4657	481181	0.990322
chr08	10750001	11000000	HAP2_chr08	HAP3_chr08	HAP2	HAP3	8	8	236176	242938	5224	473890	0.988976
chr08	11000001	11250000	HAP1_chr08	HAP2_chr08	HAP1	HAP2	8	8	242702	242839	147858	337683	0.562140
chr08	11000001	11250000	HAP1_chr08	HAP3_chr08	HAP1	HAP3	8	8	242702	242260	6927	478035	0.985509
chr08	11000001	11250000	HAP2_chr08	HAP3_chr08	HAP2	HAP3	8	8	242839	242260	4545	480554	0.990542
chr08	11250001	11500000	HAP1_chr08	HAP2_chr08	HAP1	HAP2	8	8	240029	241850	133253	348626	0.617777
chr08	11250001	11500000	HAP1_chr08	HAP3_chr08	HAP1	HAP3	8	8	240029	241474	8615	472888	0.981782
chr08	11250001	11500000	HAP2_chr08	HAP3_chr08	HAP2	HAP3	8	8	241850	241474	4486	478838	0.990631
chr08	11500001	11750000	HAP1_chr08	HAP2_chr08	HAP1	HAP2	8	8	240082	242129	137977	344234	0.599177
chr08	11500001	11750000	HAP1_chr08	HAP3_chr08	HAP1	HAP3	8	8	240082	241223	5670	475635	0.988079
chr08	11500001	11750000	HAP2_chr08	HAP3_chr08	HAP2	HAP3	8	8	242129	241223	5744	477608	0.987973
chr08	11750001	12000000	HAP1_chr08	HAP2_chr08	HAP1	HAP2	8	8	237485	237621	137297	337809	0.593566
chr08	11750001	12000000	HAP1_chr08	HAP3_chr08	HAP1	HAP3	8	8	237485	238435	3991	471929	0.991543
chr08	11750001	12000000	HAP2_chr08	HAP3_chr08	HAP2	HAP3	8	8	237621	238435	4500	471556	0.990457
chr08	12000001	12250000	HAP1_chr08	HAP2_chr08	HAP1	HAP2	8	8	240299	242550	127017	355832	0.643042
chr08	12000001	12250000	HAP1_chr08	HAP3_chr08	HAP1	HAP3	8	8	240299	242108	3982	478425	0.991677
chr08	12000001	12250000	HAP2_chr08	HAP3_chr08	HAP2	HAP3	8	8	242550	242108	5096	479562	0.989374
chr08	12250001	12500000	HAP1_chr08	HAP2_chr08	HAP1	HAP2	8	8	242271	242063	136850	347484	0.606169
chr08	12250001	12500000	HAP1_chr08	HAP3_chr08	HAP1	HAP3	8	8	242271	243918	4807	481382	0.990014
chr08	12250001	12500000	HAP2_chr08	HAP3_chr08	HAP2	HAP3	8	8	242063	243918	4559	481422	0.990530
chr08	12500001	12750000	HAP1_chr08	HAP2_chr08	HAP1	HAP2	8	8	243316	241863	133213	351966	0.621517
chr08	12500001	12750000	HAP1_chr08	HAP3_chr08	HAP1	HAP3	8	8	243316	233994	4920	472390	0.989585
chr08	12500001	12750000	HAP2_chr08	HAP3_chr08	HAP2	HAP3	8	8	241863	233994	6002	469855	0.987226
chr08	12750001	13000000	HAP1_chr08	HAP2_chr08	HAP1	HAP2	8	8	239466	239433	112872	366027	0.691629
chr08	12750001	13000000	HAP1_chr08	HAP3_chr08	HAP1	HAP3	8	8	239466	240855	3727	476594	0.992180
chr08	12750001	13000000	HAP2_chr08	HAP3_chr08	HAP2	HAP3	8	8	239433	240855	3659	476629	0.992323
chr08	13000001	13250000	HAP1_chr08	HAP2_chr08	HAP1	HAP2	8	8	242167	242864	125895	359136	0.649450
chr08	13000001	13250000	HAP1_chr08	HAP3_chr08	HAP1	HAP3	8	8	242167	243548	4271	481444	0.991129
chr08	13000001	13250000	HAP2_chr08	HAP3_chr08	HAP2	HAP3	8	8	242864	243548	5335	481077	0.988910
chr08	13250001	13500000	HAP1_chr08	HAP2_chr08	HAP1	HAP2	8	8	243780	244918	133883	354815	0.622668
chr08	13250001	13500000	HAP1_chr08	HAP3_chr08	HAP1	HAP3	8	8	243780	241700	4318	481162	0.991026
chr08	13250001	13500000	HAP2_chr08	HAP3_chr08	HAP2	HAP3	8	8	244918	241700	3883	482735	0.991956
chr08	13500001	13750000	HAP1_chr08	HAP2_chr08	HAP1	HAP2	8	8	230041	241998	133473	338566	0.605770
chr08	13500001	13750000	HAP1_chr08	HAP3_chr08	HAP1	HAP3	8	8	230041	236282	5378	460945	0.988333
chr08	13500001	13750000	HAP2_chr08	HAP3_chr08	HAP2	HAP3	8	8	241998	236282	5215	473065	0.988976
chr08	13750001	14000000	HAP1_chr08	HAP2_chr08	HAP1	HAP2	8	8	242190	226583	134153	334620	0.599089
chr08	13750001	14000000	HAP1_chr08	HAP3_chr08	HAP1	HAP3	8	8	242190	240865	5271	477784	0.988968
chr08	13750001	14000000	HAP2_chr08	HAP3_chr08	HAP2	HAP3	8	8	226583	240865	4677	462771	0.989893
chr08	14000001	14250000	HAP1_chr08	HAP2_chr08	HAP1	HAP2	8	8	244919	243189	106289	381819	0.721625
chr08	14000001	14250000	HAP1_chr08	HAP3_chr08	HAP1	HAP3	8	8	244919	236539	3914	477544	0.991804
chr08	14000001	14250000	HAP2_chr08	HAP3_chr08	HAP2	HAP3	8	8	243189	236539	5446	474282	0.988517
chr08	14250001	14500000	HAP1_chr08	HAP2_chr08	HAP1	HAP2	8	8	239270	241542	90805	390007	0.767171
chr08	14250001	14500000	HAP1_chr08	HAP3_chr08	HAP1	HAP3	8	8	239270	240873	5689	474454	0.988009
chr08	14250001	14500000	HAP2_chr08	HAP3_chr08	HAP2	HAP3	8	8	241542	240873	4922	477493	0.989692
chr08	14500001	14750000	HAP1_chr08	HAP2_chr08	HAP1	HAP2	8	8	240331	235495	84590	391236	0.783788
chr08	14500001	14750000	HAP1_chr08	HAP3_chr08	HAP1	HAP3	8	8	240331	235273	5358	470246	0.988606
chr08	14500001	14750000	HAP2_chr08	HAP3_chr08	HAP2	HAP3	8	8	235495	235273	4978	465790	0.989313
chr08	14750001	15000000	HAP1_chr08	HAP2_chr08	HAP1	HAP2	8	8	241576	239755	89782	391549	0.770700
chr08	14750001	15000000	HAP1_chr08	HAP3_chr08	HAP1	HAP3	8	8	241576	242490	4436	479630	0.990751
chr08	14750001	15000000	HAP2_chr08	HAP3_chr08	HAP2	HAP3	8	8	239755	242490	4828	477417	0.989887
chr08	15000001	15250000	HAP1_chr08	HAP2_chr08	HAP1	HAP2	8	8	244296	241231	97128	388399	0.749927
chr08	15000001	15250000	HAP1_chr08	HAP3_chr08	HAP1	HAP3	8	8	244296	243590	4191	483695	0.991335
chr08	15000001	15250000	HAP2_chr08	HAP3_chr08	HAP2	HAP3	8	8	241231	243590	3990	480831	0.991702
chr08	15250001	15500000	HAP1_chr08	HAP2_chr08	HAP1	HAP2	8	8	243706	240164	78646	405224	0.805920
chr08	15250001	15500000	HAP1_chr08	HAP3_chr08	HAP1	HAP3	8	8	243706	241939	3799	481846	0.992116
chr08	15250001	15500000	HAP2_chr08	HAP3_chr08	HAP2	HAP3	8	8	240164	241939	3667	478436	0.992335
chr08	15500001	15750000	HAP1_chr08	HAP2_chr08	HAP1	HAP2	8	8	241730	237247	57633	421344	0.863216
chr08	15500001	15750000	HAP1_chr08	HAP3_chr08	HAP1	HAP3	8	8	241730	230400	3092	469038	0.993408
chr08	15500001	15750000	HAP2_chr08	HAP3_chr08	HAP2	HAP3	8	8	237247	230400	3084	464563	0.993362
chr08	15750001	15784131	HAP1_chr08	HAP2_chr08	HAP1	HAP2	8	8	33623	33463	195	66891	0.997085
chr08	15750001	15784131	HAP1_chr08	HAP3_chr08	HAP1	HAP3	8	8	33623	29776	164	63235	0.997406
chr08	15750001	15784131	HAP2_chr08	HAP3_chr08	HAP2	HAP3	8	8	33463	29776	200	63039	0.996827
chr09	1	250000	HAP1_chr09	HAP2_chr09	HAP1	HAP2	9	9	32901	127584	2965	157520	0.981177
chr09	1	250000	HAP1_chr09	HAP3_chr09	HAP1	HAP3	9	9	32901	32913	31047	34767	0.106998
chr09	1	250000	HAP2_chr09	HAP3_chr09	HAP2	HAP3	9	9	127584	32913	2962	157535	0.981198
chr09	250001	500000	HAP1_chr09	HAP2_chr09	HAP1	HAP2	9	9	12653	211015	117	223551	0.999477
chr09	250001	500000	HAP1_chr09	HAP3_chr09	HAP1	HAP3	9	9	12653	7875	1465	19063	0.923150
chr09	250001	500000	HAP2_chr09	HAP3_chr09	HAP2	HAP3	9	9	211015	7875	12	218878	0.999945
chr09	500001	750000	HAP1_chr09	HAP2_chr09	HAP1	HAP2	9	9	11479	232720	27	244172	0.999889
chr09	500001	750000	HAP1_chr09	HAP3_chr09	HAP1	HAP3	9	9	11479	13794	2947	22326	0.868001
chr09	500001	750000	HAP2_chr09	HAP3_chr09	HAP2	HAP3	9	9	232720	13794	41	246473	0.999834
chr09	750001	1000000	HAP1_chr09	HAP2_chr09	HAP1	HAP2	9	9	8915	238997	9	247903	0.999964
chr09	750001	1000000	HAP1_chr09	HAP3_chr09	HAP1	HAP3	9	9	8915	10116	4019	15012	0.732281
chr09	750001	1000000	HAP2_chr09	HAP3_chr09	HAP2	HAP3	9	9	238997	10116	14	249099	0.999944
chr09	1000001	1250000	HAP1_chr09	HAP2_chr09	HAP1	HAP2	9	9	9702	223724	15	233411	0.999936
chr09	1000001	1250000	HAP1_chr09	HAP3_chr09	HAP1	HAP3	9	9	9702	23540	1985	31257	0.936494
chr09	1000001	1250000	HAP2_chr09	HAP3_chr09	HAP2	HAP3	9	9	223724	23540	76	247188	0.999693
chr09	1250001	1500000	HAP1_chr09	HAP2_chr09	HAP1	HAP2	9	9	8981	184810	1863	191928	0.990293
chr09	1250001	1500000	HAP1_chr09	HAP3_chr09	HAP1	HAP3	9	9	8981	9329	1665	16645	0.899970
chr09	1250001	1500000	HAP2_chr09	HAP3_chr09	HAP2	HAP3	9	9	184810	9329	1839	192300	0.990437
chr09	1500001	1750000	HAP1_chr09	HAP2_chr09	HAP1	HAP2	9	9	9805	230335	13	240127	0.999946
chr09	1500001	1750000	HAP1_chr09	HAP3_chr09	HAP1	HAP3	9	9	9805	14199	1628	22376	0.927243
chr09	1500001	1750000	HAP2_chr09	HAP3_chr09	HAP2	HAP3	9	9	230335	14199	315	244219	0.998710
chr09	1750001	2000000	HAP1_chr09	HAP2_chr09	HAP1	HAP2	9	9	8529	239784	20	248293	0.999919
chr09	1750001	2000000	HAP1_chr09	HAP3_chr09	HAP1	HAP3	9	9	8529	6764	1265	14028	0.909823
chr09	1750001	2000000	HAP2_chr09	HAP3_chr09	HAP2	HAP3	9	9	239784	6764	8	246540	0.999968
chr09	2000001	2250000	HAP1_chr09	HAP2_chr09	HAP1	HAP2	9	9	15010	238615	35	253590	0.999862
chr09	2000001	2250000	HAP1_chr09	HAP3_chr09	HAP1	HAP3	9	9	15010	9203	1913	22300	0.914215
chr09	2000001	2250000	HAP2_chr09	HAP3_chr09	HAP2	HAP3	9	9	238615	9203	16	247802	0.999935
chr09	2250001	2500000	HAP1_chr09	HAP2_chr09	HAP1	HAP2	9	9	15062	187170	2257	199975	0.988714
chr09	2250001	2500000	HAP1_chr09	HAP3_chr09	HAP1	HAP3	9	9	15062	147996	3322	159736	0.979203
chr09	2250001	2500000	HAP2_chr09	HAP3_chr09	HAP2	HAP3	9	9	187170	147996	3508	331658	0.989423
chr09	2500001	2750000	HAP1_chr09	HAP2_chr09	HAP1	HAP2	9	9	8299	241398	11	249686	0.999956
chr09	2500001	2750000	HAP1_chr09	HAP3_chr09	HAP1	HAP3	9	9	8299	224694	18	232975	0.999923
chr09	2500001	2750000	HAP2_chr09	HAP3_chr09	HAP2	HAP3	9	9	241398	224694	3838	462254	0.991697
chr09	2750001	3000000	HAP1_chr09	HAP2_chr09	HAP1	HAP2	9	9	10305	230645	15	240935	0.999938
chr09	2750001	3000000	HAP1_chr09	HAP3_chr09	HAP1	HAP3	9	9	10305	233798	26	244077	0.999893
chr09	2750001	3000000	HAP2_chr09	HAP3_chr09	HAP2	HAP3	9	9	230645	233798	3593	460850	0.992204
chr09	3000001	3250000	HAP1_chr09	HAP2_chr09	HAP1	HAP2	9	9	78607	241622	946	319283	0.997037
chr09	3000001	3250000	HAP1_chr09	HAP3_chr09	HAP1	HAP3	9	9	78607	229191	1236	306562	0.995968
chr09	3000001	3250000	HAP2_chr09	HAP3_chr09	HAP2	HAP3	9	9	241622	229191	3865	466948	0.991723
chr09	3250001	3500000	HAP1_chr09	HAP2_chr09	HAP1	HAP2	9	9	211559	213380	3163	421776	0.992501
chr09	3250001	3500000	HAP1_chr09	HAP3_chr09	HAP1	HAP3	9	9	211559	224075	2464	433170	0.994312
chr09	3250001	3500000	HAP2_chr09	HAP3_chr09	HAP2	HAP3	9	9	213380	224075	4111	433344	0.990513
chr09	3500001	3750000	HAP1_chr09	HAP2_chr09	HAP1	HAP2	9	9	233314	236347	3645	466016	0.992178
chr09	3500001	3750000	HAP1_chr09	HAP3_chr09	HAP1	HAP3	9	9	233314	152514	3200	382628	0.991637
chr09	3500001	3750000	HAP2_chr09	HAP3_chr09	HAP2	HAP3	9	9	236347	152514	3210	385651	0.991676
chr09	3750001	4000000	HAP1_chr09	HAP2_chr09	HAP1	HAP2	9	9	236777	242409	4239	474947	0.991075
chr09	3750001	4000000	HAP1_chr09	HAP3_chr09	HAP1	HAP3	9	9	236777	238884	4849	470812	0.989701
chr09	3750001	4000000	HAP2_chr09	HAP3_chr09	HAP2	HAP3	9	9	242409	238884	4931	476362	0.989649
chr09	4000001	4250000	HAP1_chr09	HAP2_chr09	HAP1	HAP2	9	9	219375	221008	3662	436721	0.991615
chr09	4000001	4250000	HAP1_chr09	HAP3_chr09	HAP1	HAP3	9	9	219375	237240	3446	453169	0.992396
chr09	4000001	4250000	HAP2_chr09	HAP3_chr09	HAP2	HAP3	9	9	221008	237240	4390	453858	0.990327
chr09	4250001	4500000	HAP1_chr09	HAP2_chr09	HAP1	HAP2	9	9	184542	237859	3881	418520	0.990727
chr09	4250001	4500000	HAP1_chr09	HAP3_chr09	HAP1	HAP3	9	9	184542	227578	3689	408431	0.990968
chr09	4250001	4500000	HAP2_chr09	HAP3_chr09	HAP2	HAP3	9	9	237859	227578	4178	461259	0.990942
chr09	4500001	4750000	HAP1_chr09	HAP2_chr09	HAP1	HAP2	9	9	235619	240945	5138	471426	0.989101
chr09	4500001	4750000	HAP1_chr09	HAP3_chr09	HAP1	HAP3	9	9	235619	184351	3865	416105	0.990711
chr09	4500001	4750000	HAP2_chr09	HAP3_chr09	HAP2	HAP3	9	9	240945	184351	4213	421083	0.989995
chr09	4750001	5000000	HAP1_chr09	HAP2_chr09	HAP1	HAP2	9	9	229991	241355	5292	466054	0.988645
chr09	4750001	5000000	HAP1_chr09	HAP3_chr09	HAP1	HAP3	9	9	229991	243572	4027	469536	0.991423
chr09	4750001	5000000	HAP2_chr09	HAP3_chr09	HAP2	HAP3	9	9	241355	243572	3950	480977	0.991788
chr09	5000001	5250000	HAP1_chr09	HAP2_chr09	HAP1	HAP2	9	9	207897	220323	3092	425128	0.992727
chr09	5000001	5250000	HAP1_chr09	HAP3_chr09	HAP1	HAP3	9	9	207897	236957	4180	440674	0.990515
chr09	5000001	5250000	HAP2_chr09	HAP3_chr09	HAP2	HAP3	9	9	220323	236957	3284	453996	0.992766
chr09	5250001	5500000	HAP1_chr09	HAP2_chr09	HAP1	HAP2	9	9	227805	213601	2830	438576	0.993547
chr09	5250001	5500000	HAP1_chr09	HAP3_chr09	HAP1	HAP3	9	9	227805	240545	3912	464438	0.991577
chr09	5250001	5500000	HAP2_chr09	HAP3_chr09	HAP2	HAP3	9	9	213601	240545	3139	451007	0.993040
chr09	5500001	5750000	HAP1_chr09	HAP2_chr09	HAP1	HAP2	9	9	241155	231998	3432	469721	0.992694
chr09	5500001	5750000	HAP1_chr09	HAP3_chr09	HAP1	HAP3	9	9	241155	241989	5060	478084	0.989416
chr09	5500001	5750000	HAP2_chr09	HAP3_chr09	HAP2	HAP3	9	9	231998	241989	4967	469020	0.989410
chr09	5750001	6000000	HAP1_chr09	HAP2_chr09	HAP1	HAP2	9	9	231440	205695	2455	434680	0.994352
chr09	5750001	6000000	HAP1_chr09	HAP3_chr09	HAP1	HAP3	9	9	231440	240423	4428	467435	0.990527
chr09	5750001	6000000	HAP2_chr09	HAP3_chr09	HAP2	HAP3	9	9	205695	240423	3482	442636	0.992133
chr09	6000001	6250000	HAP1_chr09	HAP2_chr09	HAP1	HAP2	9	9	241558	203146	2114	442590	0.995224
chr09	6000001	6250000	HAP1_chr09	HAP3_chr09	HAP1	HAP3	9	9	241558	239820	4676	476702	0.990191
chr09	6000001	6250000	HAP2_chr09	HAP3_chr09	HAP2	HAP3	9	9	203146	239820	3453	439513	0.992144
chr09	6250001	6500000	HAP1_chr09	HAP2_chr09	HAP1	HAP2	9	9	234824	213802	2836	445790	0.993638
chr09	6250001	6500000	HAP1_chr09	HAP3_chr09	HAP1	HAP3	9	9	234824	241253	5522	470555	0.988265
chr09	6250001	6500000	HAP2_chr09	HAP3_chr09	HAP2	HAP3	9	9	213802	241253	3233	451822	0.992845
chr09	6500001	6750000	HAP1_chr09	HAP2_chr09	HAP1	HAP2	9	9	236410	36303	1474	271239	0.994566
chr09	6500001	6750000	HAP1_chr09	HAP3_chr09	HAP1	HAP3	9	9	236410	238786	5736	469460	0.987782
chr09	6500001	6750000	HAP2_chr09	HAP3_chr09	HAP2	HAP3	9	9	36303	238786	383	274706	0.998606
chr09	6750001	7000000	HAP1_chr09	HAP2_chr09	HAP1	HAP2	9	9	242335	154776	2988	394123	0.992419
chr09	6750001	7000000	HAP1_chr09	HAP3_chr09	HAP1	HAP3	9	9	242335	243395	5084	480646	0.989423
chr09	6750001	7000000	HAP2_chr09	HAP3_chr09	HAP2	HAP3	9	9	154776	243395	2923	395248	0.992605
chr09	7000001	7250000	HAP1_chr09	HAP2_chr09	HAP1	HAP2	9	9	240149	230076	3485	466740	0.992533
chr09	7000001	7250000	HAP1_chr09	HAP3_chr09	HAP1	HAP3	9	9	240149	242527	4364	478312	0.990876
chr09	7000001	7250000	HAP2_chr09	HAP3_chr09	HAP2	HAP3	9	9	230076	242527	3664	468939	0.992187
chr09	7250001	7500000	HAP1_chr09	HAP2_chr09	HAP1	HAP2	9	9	240993	236451	5625	471819	0.988078
chr09	7250001	7500000	HAP1_chr09	HAP3_chr09	HAP1	HAP3	9	9	240993	178185	3229	415949	0.992237
chr09	7250001	7500000	HAP2_chr09	HAP3_chr09	HAP2	HAP3	9	9	236451	178185	4389	410247	0.989302
chr09	7500001	7750000	HAP1_chr09	HAP2_chr09	HAP1	HAP2	9	9	242252	240789	4938	478103	0.989672
chr09	7500001	7750000	HAP1_chr09	HAP3_chr09	HAP1	HAP3	9	9	242252	233948	5031	471169	0.989322
chr09	7500001	7750000	HAP2_chr09	HAP3_chr09	HAP2	HAP3	9	9	240789	233948	6328	468409	0.986490
chr09	7750001	8000000	HAP1_chr09	HAP2_chr09	HAP1	HAP2	9	9	241591	173410	4076	410925	0.990081
chr09	7750001	8000000	HAP1_chr09	HAP3_chr09	HAP1	HAP3	9	9	241591	243519	4614	480496	0.990397
chr09	7750001	8000000	HAP2_chr09	HAP3_chr09	HAP2	HAP3	9	9	173410	243519	4034	412895	0.990230
chr09	8000001	8250000	HAP1_chr09	HAP2_chr09	HAP1	HAP2	9	9	230160	211886	3475	438571	0.992077
chr09	8000001	8250000	HAP1_chr09	HAP3_chr09	HAP1	HAP3	9	9	230160	168574	4530	394204	0.988508
chr09	8000001	8250000	HAP2_chr09	HAP3_chr09	HAP2	HAP3	9	9	211886	168574	2658	377802	0.992965
chr09	8250001	8500000	HAP1_chr09	HAP2_chr09	HAP1	HAP2	9	9	235185	68525	2936	300774	0.990239
chr09	8250001	8500000	HAP1_chr09	HAP3_chr09	HAP1	HAP3	9	9	235185	224950	10234	449901	0.977253
chr09	8250001	8500000	HAP2_chr09	HAP3_chr09	HAP2	HAP3	9	9	68525	224950	1981	291494	0.993204
chr09	8500001	8750000	HAP1_chr09	HAP2_chr09	HAP1	HAP2	9	9	243752	235362	5580	473534	0.988216
chr09	8500001	8750000	HAP1_chr09	HAP3_chr09	HAP1	HAP3	9	9	243752	51658	2344	293066	0.992002
chr09	8500001	8750000	HAP2_chr09	HAP3_chr09	HAP2	HAP3	9	9	235362	51658	1221	285799	0.995728
chr09	8750001	9000000	HAP1_chr09	HAP2_chr09	HAP1	HAP2	9	9	141913	213816	2887	352842	0.991818
chr09	8750001	9000000	HAP1_chr09	HAP3_chr09	HAP1	HAP3	9	9	141913	3961	0	145874	1.000000
chr09	8750001	9000000	HAP2_chr09	HAP3_chr09	HAP2	HAP3	9	9	213816	3961	1	217776	0.999995
chr09	9000001	9250000	HAP1_chr09	HAP2_chr09	HAP1	HAP2	9	9	224145	178436	4564	398017	0.988533
chr09	9000001	9250000	HAP1_chr09	HAP3_chr09	HAP1	HAP3	9	9	224145	236267	9156	451256	0.979710
chr09	9000001	9250000	HAP2_chr09	HAP3_chr09	HAP2	HAP3	9	9	178436	236267	4597	410106	0.988791
chr09	9250001	9500000	HAP1_chr09	HAP2_chr09	HAP1	HAP2	9	9	77047	203761	1794	279014	0.993570
chr09	9250001	9500000	HAP1_chr09	HAP3_chr09	HAP1	HAP3	9	9	77047	165029	1202	240874	0.995010
chr09	9250001	9500000	HAP2_chr09	HAP3_chr09	HAP2	HAP3	9	9	203761	165029	4276	364514	0.988269
chr09	9500001	9750000	HAP1_chr09	HAP2_chr09	HAP1	HAP2	9	9	235065	211808	4043	442830	0.990870
chr09	9500001	9750000	HAP1_chr09	HAP3_chr09	HAP1	HAP3	9	9	235065	240634	4436	471263	0.990587
chr09	9500001	9750000	HAP2_chr09	HAP3_chr09	HAP2	HAP3	9	9	211808	240634	4742	447700	0.989408
chr09	9750001	10000000	HAP1_chr09	HAP2_chr09	HAP1	HAP2	9	9	222617	234698	4175	453140	0.990787
chr09	9750001	10000000	HAP1_chr09	HAP3_chr09	HAP1	HAP3	9	9	222617	229326	5639	446304	0.987365
chr09	9750001	10000000	HAP2_chr09	HAP3_chr09	HAP2	HAP3	9	9	234698	229326	4714	459310	0.989737
chr09	10000001	10250000	HAP1_chr09	HAP2_chr09	HAP1	HAP2	9	9	236669	229226	5486	460409	0.988085
chr09	10000001	10250000	HAP1_chr09	HAP3_chr09	HAP1	HAP3	9	9	236669	230406	4890	462185	0.989420
chr09	10000001	10250000	HAP2_chr09	HAP3_chr09	HAP2	HAP3	9	9	229226	230406	4446	455186	0.990233
chr09	10250001	10500000	HAP1_chr09	HAP2_chr09	HAP1	HAP2	9	9	231441	196637	7070	421008	0.983207
chr09	10250001	10500000	HAP1_chr09	HAP3_chr09	HAP1	HAP3	9	9	231441	94253	2652	323042	0.991791
chr09	10250001	10500000	HAP2_chr09	HAP3_chr09	HAP2	HAP3	9	9	196637	94253	1527	289363	0.994723
chr09	10500001	10750000	HAP1_chr09	HAP2_chr09	HAP1	HAP2	9	9	221807	212640	4081	430366	0.990517
chr09	10500001	10750000	HAP1_chr09	HAP3_chr09	HAP1	HAP3	9	9	221807	168835	4780	385862	0.987612
chr09	10500001	10750000	HAP2_chr09	HAP3_chr09	HAP2	HAP3	9	9	212640	168835	3718	377757	0.990158
chr09	10750001	11000000	HAP1_chr09	HAP2_chr09	HAP1	HAP2	9	9	84371	237557	2436	319492	0.992375
chr09	10750001	11000000	HAP1_chr09	HAP3_chr09	HAP1	HAP3	9	9	84371	235832	3335	316868	0.989475
chr09	10750001	11000000	HAP2_chr09	HAP3_chr09	HAP2	HAP3	9	9	237557	235832	6199	467190	0.986731
chr09	11000001	11250000	HAP1_chr09	HAP2_chr09	HAP1	HAP2	9	9	188793	207015	5121	390687	0.986892
chr09	11000001	11250000	HAP1_chr09	HAP3_chr09	HAP1	HAP3	9	9	188793	222106	6689	404210	0.983452
chr09	11000001	11250000	HAP2_chr09	HAP3_chr09	HAP2	HAP3	9	9	207015	222106	6231	422890	0.985266
chr09	11250001	11500000	HAP1_chr09	HAP2_chr09	HAP1	HAP2	9	9	234199	236524	6139	464584	0.986786
chr09	11250001	11500000	HAP1_chr09	HAP3_chr09	HAP1	HAP3	9	9	234199	213104	5065	442238	0.988547
chr09	11250001	11500000	HAP2_chr09	HAP3_chr09	HAP2	HAP3	9	9	236524	213104	4683	444945	0.989475
chr09	11500001	11750000	HAP1_chr09	HAP2_chr09	HAP1	HAP2	9	9	209255	229413	8120	430548	0.981140
chr09	11500001	11750000	HAP1_chr09	HAP3_chr09	HAP1	HAP3	9	9	209255	223956	5703	427508	0.986660
chr09	11500001	11750000	HAP2_chr09	HAP3_chr09	HAP2	HAP3	9	9	229413	223956	5913	447456	0.986785
chr09	11750001	12000000	HAP1_chr09	HAP2_chr09	HAP1	HAP2	9	9	223015	219931	4382	438564	0.990008
chr09	11750001	12000000	HAP1_chr09	HAP3_chr09	HAP1	HAP3	9	9	223015	233697	4801	451911	0.989376
chr09	11750001	12000000	HAP2_chr09	HAP3_chr09	HAP2	HAP3	9	9	219931	233697	4006	449622	0.991090
chr09	12000001	12250000	HAP1_chr09	HAP2_chr09	HAP1	HAP2	9	9	233623	20483	217	253889	0.999145
chr09	12000001	12250000	HAP1_chr09	HAP3_chr09	HAP1	HAP3	9	9	233623	219149	5476	447296	0.987758
chr09	12000001	12250000	HAP2_chr09	HAP3_chr09	HAP2	HAP3	9	9	20483	219149	178	239454	0.999257
chr09	12250001	12500000	HAP1_chr09	HAP2_chr09	HAP1	HAP2	9	9	230639	29703	316	260026	0.998785
chr09	12250001	12500000	HAP1_chr09	HAP3_chr09	HAP1	HAP3	9	9	230639	168686	2821	396504	0.992885
chr09	12250001	12500000	HAP2_chr09	HAP3_chr09	HAP2	HAP3	9	9	29703	168686	541	197848	0.997266
chr09	12500001	12750000	HAP1_chr09	HAP2_chr09	HAP1	HAP2	9	9	157366	29424	802	185988	0.995688
chr09	12500001	12750000	HAP1_chr09	HAP3_chr09	HAP1	HAP3	9	9	157366	208660	2645	363381	0.992721
chr09	12500001	12750000	HAP2_chr09	HAP3_chr09	HAP2	HAP3	9	9	29424	208660	164	237920	0.999311
chr09	12750001	13000000	HAP1_chr09	HAP2_chr09	HAP1	HAP2	9	9	179006	75511	837	253680	0.996701
chr09	12750001	13000000	HAP1_chr09	HAP3_chr09	HAP1	HAP3	9	9	179006	209305	7751	380560	0.979633
chr09	12750001	13000000	HAP2_chr09	HAP3_chr09	HAP2	HAP3	9	9	75511	209305	748	284068	0.997367
chr09	13000001	13250000	HAP1_chr09	HAP2_chr09	HAP1	HAP2	9	9	183398	11854	21	195231	0.999892
chr09	13000001	13250000	HAP1_chr09	HAP3_chr09	HAP1	HAP3	9	9	183398	171402	3200	351600	0.990899
chr09	13000001	13250000	HAP2_chr09	HAP3_chr09	HAP2	HAP3	9	9	11854	171402	24	183232	0.999869
chr09	13250001	13500000	HAP1_chr09	HAP2_chr09	HAP1	HAP2	9	9	227257	6691	11	233937	0.999953
chr09	13250001	13500000	HAP1_chr09	HAP3_chr09	HAP1	HAP3	9	9	227257	212939	5933	434263	0.986338
chr09	13250001	13500000	HAP2_chr09	HAP3_chr09	HAP2	HAP3	9	9	6691	212939	7	219623	0.999968
chr09	13500001	13750000	HAP1_chr09	HAP2_chr09	HAP1	HAP2	9	9	218817	11112	20	229909	0.999913
chr09	13500001	13750000	HAP1_chr09	HAP3_chr09	HAP1	HAP3	9	9	218817	233855	4176	448496	0.990689
chr09	13500001	13750000	HAP2_chr09	HAP3_chr09	HAP2	HAP3	9	9	11112	233855	11	244956	0.999955
chr09	13750001	14000000	HAP1_chr09	HAP2_chr09	HAP1	HAP2	9	9	201338	12305	17	213626	0.999920
chr09	13750001	14000000	HAP1_chr09	HAP3_chr09	HAP1	HAP3	9	9	201338	216879	3473	414744	0.991626
chr09	13750001	14000000	HAP2_chr09	HAP3_chr09	HAP2	HAP3	9	9	12305	216879	10	229174	0.999956
chr09	14000001	14250000	HAP1_chr09	HAP2_chr09	HAP1	HAP2	9	9	238589	9864	18	248435	0.999928
chr09	14000001	14250000	HAP1_chr09	HAP3_chr09	HAP1	HAP3	9	9	238589	81642	1348	318883	0.995773
chr09	14000001	14250000	HAP2_chr09	HAP3_chr09	HAP2	HAP3	9	9	9864	81642	3186	88320	0.963927
chr09	14250001	14500000	HAP1_chr09	HAP2_chr09	HAP1	HAP2	9	9	226101	9321	7	235415	0.999970
chr09	14250001	14500000	HAP1_chr09	HAP3_chr09	HAP1	HAP3	9	9	226101	18300	132	244269	0.999460
chr09	14250001	14500000	HAP2_chr09	HAP3_chr09	HAP2	HAP3	9	9	9321	18300	1874	25747	0.927215
chr09	14500001	14543367	HAP1_chr09	HAP2_chr09	HAP1	HAP2	9	9	40284	6929	9	47204	0.999809
chr09	14500001	14543367	HAP1_chr09	HAP3_chr09	HAP1	HAP3	9	9	40284	1550	0	41834	1.000000
chr09	14500001	14543367	HAP2_chr09	HAP3_chr09	HAP2	HAP3	9	9	6929	1550	77	8402	0.990836
chr10	1	250000	HAP1_chr10	HAP2_chr10	HAP1	HAP2	10	10	243193	228847	2431	469609	0.994823
chr10	1	250000	HAP1_chr10	HAP3_chr10	HAP1	HAP3	10	10	243193	240071	202392	280872	0.279416
chr10	1	250000	HAP2_chr10	HAP3_chr10	HAP2	HAP3	10	10	228847	240071	2295	466623	0.995082
chr10	250001	500000	HAP1_chr10	HAP2_chr10	HAP1	HAP2	10	10	244181	232115	2590	473706	0.994532
chr10	250001	500000	HAP1_chr10	HAP3_chr10	HAP1	HAP3	10	10	244181	246010	197749	292442	0.323801
chr10	250001	500000	HAP2_chr10	HAP3_chr10	HAP2	HAP3	10	10	232115	246010	2259	475866	0.995253
chr10	500001	750000	HAP1_chr10	HAP2_chr10	HAP1	HAP2	10	10	243429	215468	3052	455845	0.993305
chr10	500001	750000	HAP1_chr10	HAP3_chr10	HAP1	HAP3	10	10	243429	244076	190570	296935	0.358210
chr10	500001	750000	HAP2_chr10	HAP3_chr10	HAP2	HAP3	10	10	215468	244076	2941	456603	0.993559
chr10	750001	1000000	HAP1_chr10	HAP2_chr10	HAP1	HAP2	10	10	240712	243804	4393	480123	0.990850
chr10	750001	1000000	HAP1_chr10	HAP3_chr10	HAP1	HAP3	10	10	240712	240466	168866	312312	0.459304
chr10	750001	1000000	HAP2_chr10	HAP3_chr10	HAP2	HAP3	10	10	243804	240466	5093	479177	0.989371
chr10	1000001	1250000	HAP1_chr10	HAP2_chr10	HAP1	HAP2	10	10	244125	231092	3956	471261	0.991606
chr10	1000001	1250000	HAP1_chr10	HAP3_chr10	HAP1	HAP3	10	10	244125	243464	178056	309533	0.424759
chr10	1000001	1250000	HAP2_chr10	HAP3_chr10	HAP2	HAP3	10	10	231092	243464	4378	470178	0.990689
chr10	1250001	1500000	HAP1_chr10	HAP2_chr10	HAP1	HAP2	10	10	243903	244445	3514	484834	0.992752
chr10	1250001	1500000	HAP1_chr10	HAP3_chr10	HAP1	HAP3	10	10	243903	240279	174106	310076	0.438505
chr10	1250001	1500000	HAP2_chr10	HAP3_chr10	HAP2	HAP3	10	10	244445	240279	3470	481254	0.992790
chr10	1500001	1750000	HAP1_chr10	HAP2_chr10	HAP1	HAP2	10	10	243496	239542	3975	479063	0.991703
chr10	1500001	1750000	HAP1_chr10	HAP3_chr10	HAP1	HAP3	10	10	243496	242929	173884	312541	0.443644
chr10	1500001	1750000	HAP2_chr10	HAP3_chr10	HAP2	HAP3	10	10	239542	242929	4018	478453	0.991602
chr10	1750001	2000000	HAP1_chr10	HAP2_chr10	HAP1	HAP2	10	10	243353	238517	3328	478542	0.993046
chr10	1750001	2000000	HAP1_chr10	HAP3_chr10	HAP1	HAP3	10	10	243353	243115	172108	314360	0.452513
chr10	1750001	2000000	HAP2_chr10	HAP3_chr10	HAP2	HAP3	10	10	238517	243115	3166	478466	0.993383
chr10	2000001	2250000	HAP1_chr10	HAP2_chr10	HAP1	HAP2	10	10	237907	241671	4245	475333	0.991069
chr10	2000001	2250000	HAP1_chr10	HAP3_chr10	HAP1	HAP3	10	10	237907	234367	155006	317268	0.511435
chr10	2000001	2250000	HAP2_chr10	HAP3_chr10	HAP2	HAP3	10	10	241671	234367	3630	472408	0.992316
chr10	2250001	2500000	HAP1_chr10	HAP2_chr10	HAP1	HAP2	10	10	241375	235882	4164	473093	0.991198
chr10	2250001	2500000	HAP1_chr10	HAP3_chr10	HAP1	HAP3	10	10	241375	241295	164284	318386	0.484010
chr10	2250001	2500000	HAP2_chr10	HAP3_chr10	HAP2	HAP3	10	10	235882	241295	4376	472801	0.990745
chr10	2500001	2750000	HAP1_chr10	HAP2_chr10	HAP1	HAP2	10	10	241577	243825	4250	481152	0.991167
chr10	2500001	2750000	HAP1_chr10	HAP3_chr10	HAP1	HAP3	10	10	241577	243399	166529	318447	0.477059
chr10	2500001	2750000	HAP2_chr10	HAP3_chr10	HAP2	HAP3	10	10	243825	243399	3806	483418	0.992127
chr10	2750001	3000000	HAP1_chr10	HAP2_chr10	HAP1	HAP2	10	10	242435	243474	4011	481898	0.991677
chr10	2750001	3000000	HAP1_chr10	HAP3_chr10	HAP1	HAP3	10	10	242435	243083	167824	317694	0.471743
chr10	2750001	3000000	HAP2_chr10	HAP3_chr10	HAP2	HAP3	10	10	243474	243083	4269	482288	0.991148
chr10	3000001	3250000	HAP1_chr10	HAP2_chr10	HAP1	HAP2	10	10	219975	240466	4175	456266	0.990850
chr10	3000001	3250000	HAP1_chr10	HAP3_chr10	HAP1	HAP3	10	10	219975	241940	148869	313046	0.524450
chr10	3000001	3250000	HAP2_chr10	HAP3_chr10	HAP2	HAP3	10	10	240466	241940	4684	477722	0.990195
chr10	3250001	3500000	HAP1_chr10	HAP2_chr10	HAP1	HAP2	10	10	241937	244870	3573	483234	0.992606
chr10	3250001	3500000	HAP1_chr10	HAP3_chr10	HAP1	HAP3	10	10	241937	234996	96950	379983	0.744857
chr10	3250001	3500000	HAP2_chr10	HAP3_chr10	HAP2	HAP3	10	10	244870	234996	3680	476186	0.992272
chr10	3500001	3750000	HAP1_chr10	HAP2_chr10	HAP1	HAP2	10	10	235990	237715	3230	470475	0.993135
chr10	3500001	3750000	HAP1_chr10	HAP3_chr10	HAP1	HAP3	10	10	235990	239850	43047	432793	0.900537
chr10	3500001	3750000	HAP2_chr10	HAP3_chr10	HAP2	HAP3	10	10	237715	239850	3199	474366	0.993256
chr10	3750001	4000000	HAP1_chr10	HAP2_chr10	HAP1	HAP2	10	10	240981	213360	4103	450238	0.990887
chr10	3750001	4000000	HAP1_chr10	HAP3_chr10	HAP1	HAP3	10	10	240981	240358	5336	476003	0.988790
chr10	3750001	4000000	HAP2_chr10	HAP3_chr10	HAP2	HAP3	10	10	213360	240358	4352	449366	0.990315
chr10	4000001	4250000	HAP1_chr10	HAP2_chr10	HAP1	HAP2	10	10	239360	244104	3874	479590	0.991922
chr10	4000001	4250000	HAP1_chr10	HAP3_chr10	HAP1	HAP3	10	10	239360	242788	82608	399540	0.793242
chr10	4000001	4250000	HAP2_chr10	HAP3_chr10	HAP2	HAP3	10	10	244104	242788	4526	482366	0.990617
chr10	4250001	4500000	HAP1_chr10	HAP2_chr10	HAP1	HAP2	10	10	241120	235743	4878	471985	0.989665
chr10	4250001	4500000	HAP1_chr10	HAP3_chr10	HAP1	HAP3	10	10	241120	236813	5081	472852	0.989255
chr10	4250001	4500000	HAP2_chr10	HAP3_chr10	HAP2	HAP3	10	10	235743	236813	5049	467507	0.989200
chr10	4500001	4750000	HAP1_chr10	HAP2_chr10	HAP1	HAP2	10	10	244896	244808	3358	486346	0.993095
chr10	4500001	4750000	HAP1_chr10	HAP3_chr10	HAP1	HAP3	10	10	244896	239240	71218	412918	0.827525
chr10	4500001	4750000	HAP2_chr10	HAP3_chr10	HAP2	HAP3	10	10	244808	239240	4854	479194	0.989870
chr10	4750001	5000000	HAP1_chr10	HAP2_chr10	HAP1	HAP2	10	10	233379	242213	6129	469463	0.986945
chr10	4750001	5000000	HAP1_chr10	HAP3_chr10	HAP1	HAP3	10	10	233379	244214	73909	403684	0.816914
chr10	4750001	5000000	HAP2_chr10	HAP3_chr10	HAP2	HAP3	10	10	242213	244214	4371	482056	0.990933
chr10	5000001	5250000	HAP1_chr10	HAP2_chr10	HAP1	HAP2	10	10	229016	240139	4536	464619	0.990237
chr10	5000001	5250000	HAP1_chr10	HAP3_chr10	HAP1	HAP3	10	10	229016	237666	58131	408551	0.857714
chr10	5000001	5250000	HAP2_chr10	HAP3_chr10	HAP2	HAP3	10	10	240139	237666	6343	471462	0.986546
chr10	5250001	5500000	HAP1_chr10	HAP2_chr10	HAP1	HAP2	10	10	232482	236330	4371	464441	0.990589
chr10	5250001	5500000	HAP1_chr10	HAP3_chr10	HAP1	HAP3	10	10	232482	237142	39734	429890	0.907572
chr10	5250001	5500000	HAP2_chr10	HAP3_chr10	HAP2	HAP3	10	10	236330	237142	8563	464909	0.981581
chr10	5500001	5750000	HAP1_chr10	HAP2_chr10	HAP1	HAP2	10	10	243592	243485	4059	483018	0.991597
chr10	5500001	5750000	HAP1_chr10	HAP3_chr10	HAP1	HAP3	10	10	243592	241100	56557	428135	0.867899
chr10	5500001	5750000	HAP2_chr10	HAP3_chr10	HAP2	HAP3	10	10	243485	241100	4099	480486	0.991469
chr10	5750001	6000000	HAP1_chr10	HAP2_chr10	HAP1	HAP2	10	10	243913	238860	3860	478913	0.991940
chr10	5750001	6000000	HAP1_chr10	HAP3_chr10	HAP1	HAP3	10	10	243913	243853	69939	417827	0.832613
chr10	5750001	6000000	HAP2_chr10	HAP3_chr10	HAP2	HAP3	10	10	238860	243853	3672	479041	0.992335
chr10	6000001	6250000	HAP1_chr10	HAP2_chr10	HAP1	HAP2	10	10	243192	244125	3621	483696	0.992514
chr10	6000001	6250000	HAP1_chr10	HAP3_chr10	HAP1	HAP3	10	10	243192	238549	61787	419954	0.852872
chr10	6000001	6250000	HAP2_chr10	HAP3_chr10	HAP2	HAP3	10	10	244125	238549	4195	478479	0.991233
chr10	6250001	6500000	HAP1_chr10	HAP2_chr10	HAP1	HAP2	10	10	243078	243057	4678	481457	0.990284
chr10	6250001	6500000	HAP1_chr10	HAP3_chr10	HAP1	HAP3	10	10	243078	231896	76497	398477	0.808027
chr10	6250001	6500000	HAP2_chr10	HAP3_chr10	HAP2	HAP3	10	10	243057	231896	3626	471327	0.992307
chr10	6500001	6750000	HAP1_chr10	HAP2_chr10	HAP1	HAP2	10	10	229047	243111	4957	467201	0.989390
chr10	6500001	6750000	HAP1_chr10	HAP3_chr10	HAP1	HAP3	10	10	229047	240634	101981	367700	0.722652
chr10	6500001	6750000	HAP2_chr10	HAP3_chr10	HAP2	HAP3	10	10	243111	240634	4348	479397	0.990930
chr10	6750001	7000000	HAP1_chr10	HAP2_chr10	HAP1	HAP2	10	10	238140	239229	4554	472815	0.990368
chr10	6750001	7000000	HAP1_chr10	HAP3_chr10	HAP1	HAP3	10	10	238140	238091	99276	376955	0.736637
chr10	6750001	7000000	HAP2_chr10	HAP3_chr10	HAP2	HAP3	10	10	239229	238091	6036	471284	0.987192
chr10	7000001	7250000	HAP1_chr10	HAP2_chr10	HAP1	HAP2	10	10	199705	242493	3044	439154	0.993068
chr10	7000001	7250000	HAP1_chr10	HAP3_chr10	HAP1	HAP3	10	10	199705	204956	62257	342404	0.818177
chr10	7000001	7250000	HAP2_chr10	HAP3_chr10	HAP2	HAP3	10	10	242493	204956	3062	444387	0.993110
chr10	7250001	7500000	HAP1_chr10	HAP2_chr10	HAP1	HAP2	10	10	232603	243516	4670	471449	0.990094
chr10	7250001	7500000	HAP1_chr10	HAP3_chr10	HAP1	HAP3	10	10	232603	238291	82622	388272	0.787206
chr10	7250001	7500000	HAP2_chr10	HAP3_chr10	HAP2	HAP3	10	10	243516	238291	3667	478140	0.992331
chr10	7500001	7750000	HAP1_chr10	HAP2_chr10	HAP1	HAP2	10	10	240393	242692	4391	478694	0.990827
chr10	7500001	7750000	HAP1_chr10	HAP3_chr10	HAP1	HAP3	10	10	240393	243461	75503	408351	0.815103
chr10	7500001	7750000	HAP2_chr10	HAP3_chr10	HAP2	HAP3	10	10	242692	243461	5399	480754	0.988770
chr10	7750001	8000000	HAP1_chr10	HAP2_chr10	HAP1	HAP2	10	10	237710	242073	4907	474876	0.989667
chr10	7750001	8000000	HAP1_chr10	HAP3_chr10	HAP1	HAP3	10	10	237710	233654	58882	412482	0.857250
chr10	7750001	8000000	HAP2_chr10	HAP3_chr10	HAP2	HAP3	10	10	242073	233654	113990	361737	0.684882
chr10	8000001	8250000	HAP1_chr10	HAP2_chr10	HAP1	HAP2	10	10	238372	238962	11876	465458	0.974485
chr10	8000001	8250000	HAP1_chr10	HAP3_chr10	HAP1	HAP3	10	10	238372	234337	71720	400989	0.821142
chr10	8000001	8250000	HAP2_chr10	HAP3_chr10	HAP2	HAP3	10	10	238962	234337	4450	468849	0.990509
chr10	8250001	8500000	HAP1_chr10	HAP2_chr10	HAP1	HAP2	10	10	243287	240380	3510	480157	0.992690
chr10	8250001	8500000	HAP1_chr10	HAP3_chr10	HAP1	HAP3	10	10	243287	240824	93583	390528	0.760368
chr10	8250001	8500000	HAP2_chr10	HAP3_chr10	HAP2	HAP3	10	10	240380	240824	4479	476725	0.990605
chr10	8500001	8750000	HAP1_chr10	HAP2_chr10	HAP1	HAP2	10	10	243537	233818	4081	473274	0.991377
chr10	8500001	8750000	HAP1_chr10	HAP3_chr10	HAP1	HAP3	10	10	243537	238832	83806	398563	0.789730
chr10	8500001	8750000	HAP2_chr10	HAP3_chr10	HAP2	HAP3	10	10	233818	238832	3816	468834	0.991861
chr10	8750001	9000000	HAP1_chr10	HAP2_chr10	HAP1	HAP2	10	10	230205	202564	5937	426832	0.986091
chr10	8750001	9000000	HAP1_chr10	HAP3_chr10	HAP1	HAP3	10	10	230205	237557	59539	408223	0.854151
chr10	8750001	9000000	HAP2_chr10	HAP3_chr10	HAP2	HAP3	10	10	202564	237557	3853	436268	0.991168
chr10	9000001	9250000	HAP1_chr10	HAP2_chr10	HAP1	HAP2	10	10	234629	237503	5755	466377	0.987660
chr10	9000001	9250000	HAP1_chr10	HAP3_chr10	HAP1	HAP3	10	10	234629	241951	60610	415970	0.854292
chr10	9000001	9250000	HAP2_chr10	HAP3_chr10	HAP2	HAP3	10	10	237503	241951	4257	475197	0.991042
chr10	9250001	9500000	HAP1_chr10	HAP2_chr10	HAP1	HAP2	10	10	242776	233049	4275	471550	0.990934
chr10	9250001	9500000	HAP1_chr10	HAP3_chr10	HAP1	HAP3	10	10	242776	243717	56390	430103	0.868892
chr10	9250001	9500000	HAP2_chr10	HAP3_chr10	HAP2	HAP3	10	10	233049	243717	3947	472819	0.991652
chr10	9500001	9750000	HAP1_chr10	HAP2_chr10	HAP1	HAP2	10	10	241559	242294	4819	479034	0.989940
chr10	9500001	9750000	HAP1_chr10	HAP3_chr10	HAP1	HAP3	10	10	241559	237271	37908	440922	0.914026
chr10	9500001	9750000	HAP2_chr10	HAP3_chr10	HAP2	HAP3	10	10	242294	237271	3915	475650	0.991769
chr10	9750001	10000000	HAP1_chr10	HAP2_chr10	HAP1	HAP2	10	10	244347	243904	3750	484501	0.992260
chr10	9750001	10000000	HAP1_chr10	HAP3_chr10	HAP1	HAP3	10	10	244347	237178	51838	429687	0.879359
chr10	9750001	10000000	HAP2_chr10	HAP3_chr10	HAP2	HAP3	10	10	243904	237178	4003	477079	0.991609
chr10	10000001	10250000	HAP1_chr10	HAP2_chr10	HAP1	HAP2	10	10	235841	242676	4107	474410	0.991343
chr10	10000001	10250000	HAP1_chr10	HAP3_chr10	HAP1	HAP3	10	10	235841	245221	48306	432756	0.888376
chr10	10000001	10250000	HAP2_chr10	HAP3_chr10	HAP2	HAP3	10	10	242676	245221	3969	483928	0.991798
chr10	10250001	10500000	HAP1_chr10	HAP2_chr10	HAP1	HAP2	10	10	244029	243420	4562	482887	0.990553
chr10	10250001	10500000	HAP1_chr10	HAP3_chr10	HAP1	HAP3	10	10	244029	241232	43972	441289	0.900356
chr10	10250001	10500000	HAP2_chr10	HAP3_chr10	HAP2	HAP3	10	10	243420	241232	5062	479590	0.989445
chr10	10500001	10750000	HAP1_chr10	HAP2_chr10	HAP1	HAP2	10	10	238505	235021	4613	468913	0.990162
chr10	10500001	10750000	HAP1_chr10	HAP3_chr10	HAP1	HAP3	10	10	238505	240406	39413	439498	0.910323
chr10	10500001	10750000	HAP2_chr10	HAP3_chr10	HAP2	HAP3	10	10	235021	240406	4930	470497	0.989522
chr10	10750001	11000000	HAP1_chr10	HAP2_chr10	HAP1	HAP2	10	10	241186	233849	4404	470631	0.990642
chr10	10750001	11000000	HAP1_chr10	HAP3_chr10	HAP1	HAP3	10	10	241186	240631	47678	434139	0.890178
chr10	10750001	11000000	HAP2_chr10	HAP3_chr10	HAP2	HAP3	10	10	233849	240631	4858	469622	0.989656
chr10	11000001	11250000	HAP1_chr10	HAP2_chr10	HAP1	HAP2	10	10	241944	234161	5741	470364	0.987795
chr10	11000001	11250000	HAP1_chr10	HAP3_chr10	HAP1	HAP3	10	10	241944	244607	56162	430389	0.869509
chr10	11000001	11250000	HAP2_chr10	HAP3_chr10	HAP2	HAP3	10	10	234161	244607	4621	474147	0.990254
chr10	11250001	11500000	HAP1_chr10	HAP2_chr10	HAP1	HAP2	10	10	244090	244684	3845	484929	0.992071
chr10	11250001	11500000	HAP1_chr10	HAP3_chr10	HAP1	HAP3	10	10	244090	242577	53725	432942	0.875907
chr10	11250001	11500000	HAP2_chr10	HAP3_chr10	HAP2	HAP3	10	10	244684	242577	3742	483519	0.992261
chr10	11500001	11750000	HAP1_chr10	HAP2_chr10	HAP1	HAP2	10	10	229563	240813	5362	465014	0.988469
chr10	11500001	11750000	HAP1_chr10	HAP3_chr10	HAP1	HAP3	10	10	229563	234925	44990	419498	0.892753
chr10	11500001	11750000	HAP2_chr10	HAP3_chr10	HAP2	HAP3	10	10	240813	234925	6094	469644	0.987024
chr10	11750001	12000000	HAP1_chr10	HAP2_chr10	HAP1	HAP2	10	10	242767	241795	3724	480838	0.992255
chr10	11750001	12000000	HAP1_chr10	HAP3_chr10	HAP1	HAP3	10	10	242767	242361	56713	428415	0.867621
chr10	11750001	12000000	HAP2_chr10	HAP3_chr10	HAP2	HAP3	10	10	241795	242361	5257	478899	0.989023
chr10	12000001	12250000	HAP1_chr10	HAP2_chr10	HAP1	HAP2	10	10	229820	241199	4236	466783	0.990925
chr10	12000001	12250000	HAP1_chr10	HAP3_chr10	HAP1	HAP3	10	10	229820	240236	58897	411159	0.856754
chr10	12000001	12250000	HAP2_chr10	HAP3_chr10	HAP2	HAP3	10	10	241199	240236	6239	475196	0.986871
chr10	12250001	12500000	HAP1_chr10	HAP2_chr10	HAP1	HAP2	10	10	245685	236118	3666	478137	0.992333
chr10	12250001	12500000	HAP1_chr10	HAP3_chr10	HAP1	HAP3	10	10	245685	245504	81015	410174	0.802486
chr10	12250001	12500000	HAP2_chr10	HAP3_chr10	HAP2	HAP3	10	10	236118	245504	3858	477764	0.991925
chr10	12500001	12750000	HAP1_chr10	HAP2_chr10	HAP1	HAP2	10	10	244555	242793	4375	482973	0.990942
chr10	12500001	12750000	HAP1_chr10	HAP3_chr10	HAP1	HAP3	10	10	244555	231545	99782	376318	0.734847
chr10	12500001	12750000	HAP2_chr10	HAP3_chr10	HAP2	HAP3	10	10	242793	231545	4563	469775	0.990287
chr10	12750001	13000000	HAP1_chr10	HAP2_chr10	HAP1	HAP2	10	10	236202	241142	5136	472208	0.989123
chr10	12750001	13000000	HAP1_chr10	HAP3_chr10	HAP1	HAP3	10	10	236202	244369	92475	388096	0.761721
chr10	12750001	13000000	HAP2_chr10	HAP3_chr10	HAP2	HAP3	10	10	241142	244369	4896	480615	0.989813
chr10	13000001	13250000	HAP1_chr10	HAP2_chr10	HAP1	HAP2	10	10	244803	240913	3868	481848	0.991973
chr10	13000001	13250000	HAP1_chr10	HAP3_chr10	HAP1	HAP3	10	10	244803	244089	83892	405000	0.792859
chr10	13000001	13250000	HAP2_chr10	HAP3_chr10	HAP2	HAP3	10	10	240913	244089	3903	481099	0.991887
chr10	13250001	13500000	HAP1_chr10	HAP2_chr10	HAP1	HAP2	10	10	244049	242323	4134	482238	0.991427
chr10	13250001	13500000	HAP1_chr10	HAP3_chr10	HAP1	HAP3	10	10	244049	230130	81002	393177	0.793981
chr10	13250001	13500000	HAP2_chr10	HAP3_chr10	HAP2	HAP3	10	10	242323	230130	5266	467187	0.988728
chr10	13500001	13750000	HAP1_chr10	HAP2_chr10	HAP1	HAP2	10	10	240981	242518	4082	479417	0.991485
chr10	13500001	13750000	HAP1_chr10	HAP3_chr10	HAP1	HAP3	10	10	240981	242865	97152	386694	0.748763
chr10	13500001	13750000	HAP2_chr10	HAP3_chr10	HAP2	HAP3	10	10	242518	242865	3975	481408	0.991743
chr10	13750001	14000000	HAP1_chr10	HAP2_chr10	HAP1	HAP2	10	10	238420	240759	3764	475415	0.992083
chr10	13750001	14000000	HAP1_chr10	HAP3_chr10	HAP1	HAP3	10	10	238420	236729	97861	377288	0.740620
chr10	13750001	14000000	HAP2_chr10	HAP3_chr10	HAP2	HAP3	10	10	240759	236729	3889	473599	0.991788
chr10	14000001	14250000	HAP1_chr10	HAP2_chr10	HAP1	HAP2	10	10	234442	243144	4366	473220	0.990774
chr10	14000001	14250000	HAP1_chr10	HAP3_chr10	HAP1	HAP3	10	10	234442	236953	96659	374736	0.742061
chr10	14000001	14250000	HAP2_chr10	HAP3_chr10	HAP2	HAP3	10	10	243144	236953	3588	476509	0.992470
chr10	14250001	14500000	HAP1_chr10	HAP2_chr10	HAP1	HAP2	10	10	230328	243422	3840	469910	0.991828
chr10	14250001	14500000	HAP1_chr10	HAP3_chr10	HAP1	HAP3	10	10	230328	232279	89766	372841	0.759238
chr10	14250001	14500000	HAP2_chr10	HAP3_chr10	HAP2	HAP3	10	10	243422	232279	3896	471805	0.991742
chr10	14500001	14750000	HAP1_chr10	HAP2_chr10	HAP1	HAP2	10	10	244268	241599	3606	482261	0.992523
chr10	14500001	14750000	HAP1_chr10	HAP3_chr10	HAP1	HAP3	10	10	244268	240949	102935	382282	0.730735
chr10	14500001	14750000	HAP2_chr10	HAP3_chr10	HAP2	HAP3	10	10	241599	240949	3925	478623	0.991799
chr10	14750001	15000000	HAP1_chr10	HAP2_chr10	HAP1	HAP2	10	10	229869	241601	3205	468265	0.993156
chr10	14750001	15000000	HAP1_chr10	HAP3_chr10	HAP1	HAP3	10	10	229869	243688	93684	379873	0.753381
chr10	14750001	15000000	HAP2_chr10	HAP3_chr10	HAP2	HAP3	10	10	241601	243688	3263	482026	0.993231
chr10	15000001	15250000	HAP1_chr10	HAP2_chr10	HAP1	HAP2	10	10	242848	242106	3903	481051	0.991887
chr10	15000001	15250000	HAP1_chr10	HAP3_chr10	HAP1	HAP3	10	10	242848	235942	83120	395670	0.789926
chr10	15000001	15250000	HAP2_chr10	HAP3_chr10	HAP2	HAP3	10	10	242106	235942	3884	474164	0.991809
chr10	15250001	15500000	HAP1_chr10	HAP2_chr10	HAP1	HAP2	10	10	197194	241812	2996	436010	0.993129
chr10	15250001	15500000	HAP1_chr10	HAP3_chr10	HAP1	HAP3	10	10	197194	207373	33837	370730	0.908729
chr10	15250001	15500000	HAP2_chr10	HAP3_chr10	HAP2	HAP3	10	10	241812	207373	2564	446621	0.994259
chr10	15500001	15750000	HAP1_chr10	HAP2_chr10	HAP1	HAP2	10	10	229675	246595	2300	473970	0.995147
chr10	15500001	15750000	HAP1_chr10	HAP3_chr10	HAP1	HAP3	10	10	229675	229746	54089	405332	0.866556
chr10	15500001	15750000	HAP2_chr10	HAP3_chr10	HAP2	HAP3	10	10	246595	229746	2045	474296	0.995688
chr10	15750001	15843351	HAP1_chr10	HAP2_chr10	HAP1	HAP2	10	10	91140	92338	525	182953	0.997130
chr10	15750001	15843351	HAP1_chr10	HAP3_chr10	HAP1	HAP3	10	10	91140	88727	355	179512	0.998022
chr10	15750001	15843351	HAP2_chr10	HAP3_chr10	HAP2	HAP3	10	10	92338	88727	466	180599	0.997420
chr11	1	250000	HAP1_chr11	HAP2_chr11	HAP1	HAP2	11	11	21296	9155	3254	27197	0.880354
chr11	1	250000	HAP1_chr11	HAP3_chr11	HAP1	HAP3	11	11	21296	157974	1817	177453	0.989761
chr11	1	250000	HAP2_chr11	HAP3_chr11	HAP2	HAP3	11	11	9155	157974	1327	165802	0.991996
chr11	250001	500000	HAP1_chr11	HAP2_chr11	HAP1	HAP2	11	11	30029	8433	2973	35489	0.916228
chr11	250001	500000	HAP1_chr11	HAP3_chr11	HAP1	HAP3	11	11	30029	169590	2522	197097	0.987204
chr11	250001	500000	HAP2_chr11	HAP3_chr11	HAP2	HAP3	11	11	8433	169590	1287	176736	0.992718
chr11	500001	750000	HAP1_chr11	HAP2_chr11	HAP1	HAP2	11	11	9222	18452	3196	24478	0.869434
chr11	500001	750000	HAP1_chr11	HAP3_chr11	HAP1	HAP3	11	11	9222	242164	354	251032	0.998590
chr11	500001	750000	HAP2_chr11	HAP3_chr11	HAP2	HAP3	11	11	18452	242164	440	260176	0.998309
chr11	750001	1000000	HAP1_chr11	HAP2_chr11	HAP1	HAP2	11	11	9708	12416	3212	18912	0.830161
chr11	750001	1000000	HAP1_chr11	HAP3_chr11	HAP1	HAP3	11	11	9708	8933	1840	16801	0.890483
chr11	750001	1000000	HAP2_chr11	HAP3_chr11	HAP2	HAP3	11	11	12416	8933	1512	19837	0.923779
chr11	1000001	1250000	HAP1_chr11	HAP2_chr11	HAP1	HAP2	11	11	6242	9302	1476	14068	0.895081
chr11	1000001	1250000	HAP1_chr11	HAP3_chr11	HAP1	HAP3	11	11	6242	14833	1517	19558	0.922436
chr11	1000001	1250000	HAP2_chr11	HAP3_chr11	HAP2	HAP3	11	11	9302	14833	1346	22789	0.940936
chr11	1250001	1500000	HAP1_chr11	HAP2_chr11	HAP1	HAP2	11	11	8702	7851	3350	13203	0.746270
chr11	1250001	1500000	HAP1_chr11	HAP3_chr11	HAP1	HAP3	11	11	8702	125280	1335	132647	0.989936
chr11	1250001	1500000	HAP2_chr11	HAP3_chr11	HAP2	HAP3	11	11	7851	125280	1325	131806	0.989947
chr11	1500001	1750000	HAP1_chr11	HAP2_chr11	HAP1	HAP2	11	11	9612	10282	3866	16028	0.758797
chr11	1500001	1750000	HAP1_chr11	HAP3_chr11	HAP1	HAP3	11	11	9612	243271	18	252865	0.999929
chr11	1500001	1750000	HAP2_chr11	HAP3_chr11	HAP2	HAP3	11	11	10282	243271	23	253530	0.999909
chr11	1750001	2000000	HAP1_chr11	HAP2_chr11	HAP1	HAP2	11	11	37028	183302	21931	198399	0.889460
chr11	1750001	2000000	HAP1_chr11	HAP3_chr11	HAP1	HAP3	11	11	37028	241758	407	278379	0.998538
chr11	1750001	2000000	HAP2_chr11	HAP3_chr11	HAP2	HAP3	11	11	183302	241758	2180	422880	0.994845
chr11	2000001	2250000	HAP1_chr11	HAP2_chr11	HAP1	HAP2	11	11	211783	185842	39428	358197	0.889926
chr11	2000001	2250000	HAP1_chr11	HAP3_chr11	HAP1	HAP3	11	11	211783	240497	3383	448897	0.992464
chr11	2000001	2250000	HAP2_chr11	HAP3_chr11	HAP2	HAP3	11	11	185842	240497	2569	423770	0.993938
chr11	2250001	2500000	HAP1_chr11	HAP2_chr11	HAP1	HAP2	11	11	194426	219372	31456	382342	0.917728
chr11	2250001	2500000	HAP1_chr11	HAP3_chr11	HAP1	HAP3	11	11	194426	206042	4757	395711	0.987979
chr11	2250001	2500000	HAP2_chr11	HAP3_chr11	HAP2	HAP3	11	11	219372	206042	3638	421776	0.991375
chr11	2500001	2750000	HAP1_chr11	HAP2_chr11	HAP1	HAP2	11	11	243608	110151	72293	281466	0.743155
chr11	2500001	2750000	HAP1_chr11	HAP3_chr11	HAP1	HAP3	11	11	243608	233971	3308	474271	0.993025
chr11	2500001	2750000	HAP2_chr11	HAP3_chr11	HAP2	HAP3	11	11	110151	233971	2267	341855	0.993369
chr11	2750001	3000000	HAP1_chr11	HAP2_chr11	HAP1	HAP2	11	11	47801	16558	4463	59896	0.925488
chr11	2750001	3000000	HAP1_chr11	HAP3_chr11	HAP1	HAP3	11	11	47801	242398	1246	288953	0.995688
chr11	2750001	3000000	HAP2_chr11	HAP3_chr11	HAP2	HAP3	11	11	16558	242398	98	258858	0.999621
chr11	3000001	3250000	HAP1_chr11	HAP2_chr11	HAP1	HAP2	11	11	190985	56603	46019	201569	0.771696
chr11	3000001	3250000	HAP1_chr11	HAP3_chr11	HAP1	HAP3	11	11	190985	233844	3517	421312	0.991652
chr11	3000001	3250000	HAP2_chr11	HAP3_chr11	HAP2	HAP3	11	11	56603	233844	1049	289398	0.996375
chr11	3250001	3500000	HAP1_chr11	HAP2_chr11	HAP1	HAP2	11	11	235533	242449	90343	387639	0.766940
chr11	3250001	3500000	HAP1_chr11	HAP3_chr11	HAP1	HAP3	11	11	235533	239972	4339	471166	0.990791
chr11	3250001	3500000	HAP2_chr11	HAP3_chr11	HAP2	HAP3	11	11	242449	239972	4710	477711	0.990140
chr11	3500001	3750000	HAP1_chr11	HAP2_chr11	HAP1	HAP2	11	11	243000	242017	120364	364653	0.669922
chr11	3500001	3750000	HAP1_chr11	HAP3_chr11	HAP1	HAP3	11	11	243000	239707	4871	477836	0.989806
chr11	3500001	3750000	HAP2_chr11	HAP3_chr11	HAP2	HAP3	11	11	242017	239707	4892	476832	0.989741
chr11	3750001	4000000	HAP1_chr11	HAP2_chr11	HAP1	HAP2	11	11	238039	239871	123750	354160	0.650582
chr11	3750001	4000000	HAP1_chr11	HAP3_chr11	HAP1	HAP3	11	11	238039	240938	5752	473225	0.987845
chr11	3750001	4000000	HAP2_chr11	HAP3_chr11	HAP2	HAP3	11	11	239871	240938	6143	474666	0.987058
chr11	4000001	4250000	HAP1_chr11	HAP2_chr11	HAP1	HAP2	11	11	209666	163034	59433	313267	0.810280
chr11	4000001	4250000	HAP1_chr11	HAP3_chr11	HAP1	HAP3	11	11	209666	240545	5275	444936	0.988144
chr11	4000001	4250000	HAP2_chr11	HAP3_chr11	HAP2	HAP3	11	11	163034	240545	2903	400676	0.992755
chr11	4250001	4500000	HAP1_chr11	HAP2_chr11	HAP1	HAP2	11	11	239513	242812	85037	397288	0.785956
chr11	4250001	4500000	HAP1_chr11	HAP3_chr11	HAP1	HAP3	11	11	239513	236172	5703	469982	0.987865
chr11	4250001	4500000	HAP2_chr11	HAP3_chr11	HAP2	HAP3	11	11	242812	236172	5048	473936	0.989349
chr11	4500001	4750000	HAP1_chr11	HAP2_chr11	HAP1	HAP2	11	11	241642	237503	85924	393221	0.781487
chr11	4500001	4750000	HAP1_chr11	HAP3_chr11	HAP1	HAP3	11	11	241642	221407	5036	458013	0.989005
chr11	4500001	4750000	HAP2_chr11	HAP3_chr11	HAP2	HAP3	11	11	237503	221407	4373	454537	0.990379
chr11	4750001	5000000	HAP1_chr11	HAP2_chr11	HAP1	HAP2	11	11	238675	236544	62878	412341	0.847510
chr11	4750001	5000000	HAP1_chr11	HAP3_chr11	HAP1	HAP3	11	11	238675	241675	3725	476625	0.992185
chr11	4750001	5000000	HAP2_chr11	HAP3_chr11	HAP2	HAP3	11	11	236544	241675	4069	474150	0.991418
chr11	5000001	5250000	HAP1_chr11	HAP2_chr11	HAP1	HAP2	11	11	241021	234775	64972	410824	0.841850
chr11	5000001	5250000	HAP1_chr11	HAP3_chr11	HAP1	HAP3	11	11	241021	239712	4653	476080	0.990226
chr11	5000001	5250000	HAP2_chr11	HAP3_chr11	HAP2	HAP3	11	11	234775	239712	4429	470058	0.990578
chr11	5250001	5500000	HAP1_chr11	HAP2_chr11	HAP1	HAP2	11	11	237069	240189	57396	419862	0.863298
chr11	5250001	5500000	HAP1_chr11	HAP3_chr11	HAP1	HAP3	11	11	237069	180238	3254	414053	0.992141
chr11	5250001	5500000	HAP2_chr11	HAP3_chr11	HAP2	HAP3	11	11	240189	180238	4228	416199	0.989841
chr11	5500001	5750000	HAP1_chr11	HAP2_chr11	HAP1	HAP2	11	11	243314	237811	72423	408702	0.822798
chr11	5500001	5750000	HAP1_chr11	HAP3_chr11	HAP1	HAP3	11	11	243314	241008	4802	479520	0.989986
chr11	5500001	5750000	HAP2_chr11	HAP3_chr11	HAP2	HAP3	11	11	237811	241008	4609	474210	0.990281
chr11	5750001	6000000	HAP1_chr11	HAP2_chr11	HAP1	HAP2	11	11	239434	239600	58359	420675	0.861273
chr11	5750001	6000000	HAP1_chr11	HAP3_chr11	HAP1	HAP3	11	11	239434	243510	5150	477794	0.989221
chr11	5750001	6000000	HAP2_chr11	HAP3_chr11	HAP2	HAP3	11	11	239600	243510	6234	476876	0.986927
chr11	6000001	6250000	HAP1_chr11	HAP2_chr11	HAP1	HAP2	11	11	221899	239918	48764	413053	0.881943
chr11	6000001	6250000	HAP1_chr11	HAP3_chr11	HAP1	HAP3	11	11	221899	229965	3577	448287	0.992021
chr11	6000001	6250000	HAP2_chr11	HAP3_chr11	HAP2	HAP3	11	11	239918	229965	4164	465719	0.991059
chr11	6250001	6500000	HAP1_chr11	HAP2_chr11	HAP1	HAP2	11	11	241530	240975	67849	414656	0.836373
chr11	6250001	6500000	HAP1_chr11	HAP3_chr11	HAP1	HAP3	11	11	241530	241285	5505	477310	0.988467
chr11	6250001	6500000	HAP2_chr11	HAP3_chr11	HAP2	HAP3	11	11	240975	241285	4122	478138	0.991379
chr11	6500001	6750000	HAP1_chr11	HAP2_chr11	HAP1	HAP2	11	11	241639	243376	52811	432204	0.877810
chr11	6500001	6750000	HAP1_chr11	HAP3_chr11	HAP1	HAP3	11	11	241639	228664	4616	465687	0.990088
chr11	6500001	6750000	HAP2_chr11	HAP3_chr11	HAP2	HAP3	11	11	243376	228664	5869	466171	0.987410
chr11	6750001	7000000	HAP1_chr11	HAP2_chr11	HAP1	HAP2	11	11	237142	241867	45438	433571	0.895201
chr11	6750001	7000000	HAP1_chr11	HAP3_chr11	HAP1	HAP3	11	11	237142	184723	4265	417600	0.989787
chr11	6750001	7000000	HAP2_chr11	HAP3_chr11	HAP2	HAP3	11	11	241867	184723	2974	423616	0.992979
chr11	7000001	7250000	HAP1_chr11	HAP2_chr11	HAP1	HAP2	11	11	184666	239664	45351	378979	0.880334
chr11	7000001	7250000	HAP1_chr11	HAP3_chr11	HAP1	HAP3	11	11	184666	197609	3350	378925	0.991159
chr11	7000001	7250000	HAP2_chr11	HAP3_chr11	HAP2	HAP3	11	11	239664	197609	3127	434146	0.992797
chr11	7250001	7500000	HAP1_chr11	HAP2_chr11	HAP1	HAP2	11	11	244560	202846	64362	383044	0.831972
chr11	7250001	7500000	HAP1_chr11	HAP3_chr11	HAP1	HAP3	11	11	244560	98446	1370	341636	0.995990
chr11	7250001	7500000	HAP2_chr11	HAP3_chr11	HAP2	HAP3	11	11	202846	98446	2122	299170	0.992907
chr11	7500001	7750000	HAP1_chr11	HAP2_chr11	HAP1	HAP2	11	11	243104	239952	53942	429114	0.874294
chr11	7500001	7750000	HAP1_chr11	HAP3_chr11	HAP1	HAP3	11	11	243104	170007	2256	410855	0.994509
chr11	7500001	7750000	HAP2_chr11	HAP3_chr11	HAP2	HAP3	11	11	239952	170007	4877	405082	0.987960
chr11	7750001	8000000	HAP1_chr11	HAP2_chr11	HAP1	HAP2	11	11	238823	240649	38486	440986	0.912727
chr11	7750001	8000000	HAP1_chr11	HAP3_chr11	HAP1	HAP3	11	11	238823	240770	8912	470681	0.981066
chr11	7750001	8000000	HAP2_chr11	HAP3_chr11	HAP2	HAP3	11	11	240649	240770	4740	476679	0.990056
chr11	8000001	8250000	HAP1_chr11	HAP2_chr11	HAP1	HAP2	11	11	235651	241090	49581	427160	0.883929
chr11	8000001	8250000	HAP1_chr11	HAP3_chr11	HAP1	HAP3	11	11	235651	239696	6471	468876	0.986199
chr11	8000001	8250000	HAP2_chr11	HAP3_chr11	HAP2	HAP3	11	11	241090	239696	8871	471915	0.981202
chr11	8250001	8500000	HAP1_chr11	HAP2_chr11	HAP1	HAP2	11	11	237373	234027	72323	399077	0.818774
chr11	8250001	8500000	HAP1_chr11	HAP3_chr11	HAP1	HAP3	11	11	237373	243752	3828	477297	0.991980
chr11	8250001	8500000	HAP2_chr11	HAP3_chr11	HAP2	HAP3	11	11	234027	243752	2946	474833	0.993796
chr11	8500001	8750000	HAP1_chr11	HAP2_chr11	HAP1	HAP2	11	11	161479	228285	55733	334031	0.833150
chr11	8500001	8750000	HAP1_chr11	HAP3_chr11	HAP1	HAP3	11	11	161479	241033	4669	397843	0.988264
chr11	8500001	8750000	HAP2_chr11	HAP3_chr11	HAP2	HAP3	11	11	228285	241033	5901	463417	0.987266
chr11	8750001	9000000	HAP1_chr11	HAP2_chr11	HAP1	HAP2	11	11	235131	160553	60648	335036	0.818981
chr11	8750001	9000000	HAP1_chr11	HAP3_chr11	HAP1	HAP3	11	11	235131	233152	3741	464542	0.991947
chr11	8750001	9000000	HAP2_chr11	HAP3_chr11	HAP2	HAP3	11	11	160553	233152	2112	391593	0.994607
chr11	9000001	9250000	HAP1_chr11	HAP2_chr11	HAP1	HAP2	11	11	100577	230769	14126	317220	0.955469
chr11	9000001	9250000	HAP1_chr11	HAP3_chr11	HAP1	HAP3	11	11	100577	169536	2225	267888	0.991694
chr11	9000001	9250000	HAP2_chr11	HAP3_chr11	HAP2	HAP3	11	11	230769	169536	3173	397132	0.992010
chr11	9250001	9500000	HAP1_chr11	HAP2_chr11	HAP1	HAP2	11	11	103056	81044	28527	155573	0.816633
chr11	9250001	9500000	HAP1_chr11	HAP3_chr11	HAP1	HAP3	11	11	103056	236821	1938	337939	0.994265
chr11	9250001	9500000	HAP2_chr11	HAP3_chr11	HAP2	HAP3	11	11	81044	236821	1199	316666	0.996214
chr11	9500001	9750000	HAP1_chr11	HAP2_chr11	HAP1	HAP2	11	11	73810	123319	42712	154417	0.723398
chr11	9500001	9750000	HAP1_chr11	HAP3_chr11	HAP1	HAP3	11	11	73810	239596	969	312437	0.996899
chr11	9500001	9750000	HAP2_chr11	HAP3_chr11	HAP2	HAP3	11	11	123319	239596	1578	361337	0.995633
chr11	9750001	10000000	HAP1_chr11	HAP2_chr11	HAP1	HAP2	11	11	238669	75782	16847	297604	0.943391
chr11	9750001	10000000	HAP1_chr11	HAP3_chr11	HAP1	HAP3	11	11	238669	211295	2910	447054	0.993491
chr11	9750001	10000000	HAP2_chr11	HAP3_chr11	HAP2	HAP3	11	11	75782	211295	1152	285925	0.995971
chr11	10000001	10250000	HAP1_chr11	HAP2_chr11	HAP1	HAP2	11	11	238044	74335	2802	309577	0.990949
chr11	10000001	10250000	HAP1_chr11	HAP3_chr11	HAP1	HAP3	11	11	238044	238859	3658	473245	0.992270
chr11	10000001	10250000	HAP2_chr11	HAP3_chr11	HAP2	HAP3	11	11	74335	238859	1153	312041	0.996305
chr11	10250001	10500000	HAP1_chr11	HAP2_chr11	HAP1	HAP2	11	11	238402	72801	3574	307629	0.988382
chr11	10250001	10500000	HAP1_chr11	HAP3_chr11	HAP1	HAP3	11	11	238402	238267	5559	471110	0.988200
chr11	10250001	10500000	HAP2_chr11	HAP3_chr11	HAP2	HAP3	11	11	72801	238267	1169	309899	0.996228
chr11	10500001	10750000	HAP1_chr11	HAP2_chr11	HAP1	HAP2	11	11	241311	95996	2359	334948	0.992957
chr11	10500001	10750000	HAP1_chr11	HAP3_chr11	HAP1	HAP3	11	11	241311	238753	5422	474642	0.988577
chr11	10500001	10750000	HAP2_chr11	HAP3_chr11	HAP2	HAP3	11	11	95996	238753	1119	333630	0.996646
chr11	10750001	11000000	HAP1_chr11	HAP2_chr11	HAP1	HAP2	11	11	241601	240698	4213	478086	0.991188
chr11	10750001	11000000	HAP1_chr11	HAP3_chr11	HAP1	HAP3	11	11	241601	240816	4733	477684	0.990092
chr11	10750001	11000000	HAP2_chr11	HAP3_chr11	HAP2	HAP3	11	11	240698	240816	2715	478799	0.994330
chr11	11000001	11250000	HAP1_chr11	HAP2_chr11	HAP1	HAP2	11	11	206051	239663	4537	441177	0.989716
chr11	11000001	11250000	HAP1_chr11	HAP3_chr11	HAP1	HAP3	11	11	206051	235149	4269	436931	0.990230
chr11	11000001	11250000	HAP2_chr11	HAP3_chr11	HAP2	HAP3	11	11	239663	235149	5043	469769	0.989265
chr11	11250001	11500000	HAP1_chr11	HAP2_chr11	HAP1	HAP2	11	11	202226	241468	3769	439925	0.991433
chr11	11250001	11500000	HAP1_chr11	HAP3_chr11	HAP1	HAP3	11	11	202226	238819	3052	437993	0.993032
chr11	11250001	11500000	HAP2_chr11	HAP3_chr11	HAP2	HAP3	11	11	241468	238819	4236	476051	0.991102
chr11	11500001	11750000	HAP1_chr11	HAP2_chr11	HAP1	HAP2	11	11	236501	243765	5415	474851	0.988596
chr11	11500001	11750000	HAP1_chr11	HAP3_chr11	HAP1	HAP3	11	11	236501	134478	2464	368515	0.993314
chr11	11500001	11750000	HAP2_chr11	HAP3_chr11	HAP2	HAP3	11	11	243765	134478	2282	375961	0.993930
chr11	11750001	12000000	HAP1_chr11	HAP2_chr11	HAP1	HAP2	11	11	237049	238139	5908	469280	0.987411
chr11	11750001	12000000	HAP1_chr11	HAP3_chr11	HAP1	HAP3	11	11	237049	67463	971	303541	0.996801
chr11	11750001	12000000	HAP2_chr11	HAP3_chr11	HAP2	HAP3	11	11	238139	67463	849	304753	0.997214
chr11	12000001	12250000	HAP1_chr11	HAP2_chr11	HAP1	HAP2	11	11	241411	234758	5378	470791	0.988577
chr11	12000001	12250000	HAP1_chr11	HAP3_chr11	HAP1	HAP3	11	11	241411	8229	13	249627	0.999948
chr11	12000001	12250000	HAP2_chr11	HAP3_chr11	HAP2	HAP3	11	11	234758	8229	25	242962	0.999897
chr11	12250001	12500000	HAP1_chr11	HAP2_chr11	HAP1	HAP2	11	11	240343	238613	5321	473635	0.988766
chr11	12250001	12500000	HAP1_chr11	HAP3_chr11	HAP1	HAP3	11	11	240343	15992	36	256299	0.999860
chr11	12250001	12500000	HAP2_chr11	HAP3_chr11	HAP2	HAP3	11	11	238613	15992	58	254547	0.999772
chr11	12500001	12750000	HAP1_chr11	HAP2_chr11	HAP1	HAP2	11	11	236463	237050	7766	465747	0.983326
chr11	12500001	12750000	HAP1_chr11	HAP3_chr11	HAP1	HAP3	11	11	236463	20763	66	257160	0.999743
chr11	12500001	12750000	HAP2_chr11	HAP3_chr11	HAP2	HAP3	11	11	237050	20763	54	257759	0.999791
chr11	12750001	13000000	HAP1_chr11	HAP2_chr11	HAP1	HAP2	11	11	236673	241724	5789	472608	0.987751
chr11	12750001	13000000	HAP1_chr11	HAP3_chr11	HAP1	HAP3	11	11	236673	9809	26	246456	0.999895
chr11	12750001	13000000	HAP2_chr11	HAP3_chr11	HAP2	HAP3	11	11	241724	9809	29	251504	0.999885
chr11	13000001	13140069	HAP1_chr11	HAP2_chr11	HAP1	HAP2	11	11	134754	134565	2488	266831	0.990676
chr11	13000001	13140069	HAP1_chr11	HAP3_chr11	HAP1	HAP3	11	11	134754	5867	7	140614	0.999950
chr11	13000001	13140069	HAP2_chr11	HAP3_chr11	HAP2	HAP3	11	11	134565	5867	11	140421	0.999922
chr12	1	250000	HAP1_chr12	HAP2_chr12	HAP1	HAP2	12	12	22468	18750	14673	26545	0.447241
chr12	1	250000	HAP1_chr12	HAP3_chr12	HAP1	HAP3	12	12	22468	21783	5684	38567	0.852620
chr12	1	250000	HAP2_chr12	HAP3_chr12	HAP2	HAP3	12	12	18750	21783	5624	34909	0.838895
chr12	250001	500000	HAP1_chr12	HAP2_chr12	HAP1	HAP2	12	12	20600	15466	9454	26612	0.644747
chr12	250001	500000	HAP1_chr12	HAP3_chr12	HAP1	HAP3	12	12	20600	160972	2916	178656	0.983678
chr12	250001	500000	HAP2_chr12	HAP3_chr12	HAP2	HAP3	12	12	15466	160972	3148	173290	0.981834
chr12	500001	750000	HAP1_chr12	HAP2_chr12	HAP1	HAP2	12	12	112727	86594	73043	126278	0.421570
chr12	500001	750000	HAP1_chr12	HAP3_chr12	HAP1	HAP3	12	12	112727	237842	1310	349259	0.996249
chr12	500001	750000	HAP2_chr12	HAP3_chr12	HAP2	HAP3	12	12	86594	237842	861	323575	0.997339
chr12	750001	1000000	HAP1_chr12	HAP2_chr12	HAP1	HAP2	12	12	244798	245080	191679	298199	0.357211
chr12	750001	1000000	HAP1_chr12	HAP3_chr12	HAP1	HAP3	12	12	244798	238064	5435	477427	0.988616
chr12	750001	1000000	HAP2_chr12	HAP3_chr12	HAP2	HAP3	12	12	245080	238064	3320	479824	0.993081
chr12	1000001	1250000	HAP1_chr12	HAP2_chr12	HAP1	HAP2	12	12	242620	241963	175608	308975	0.431643
chr12	1000001	1250000	HAP1_chr12	HAP3_chr12	HAP1	HAP3	12	12	242620	233244	4656	471208	0.990119
chr12	1000001	1250000	HAP2_chr12	HAP3_chr12	HAP2	HAP3	12	12	241963	233244	4782	470425	0.989835
chr12	1250001	1500000	HAP1_chr12	HAP2_chr12	HAP1	HAP2	12	12	201263	229562	144208	286617	0.496862
chr12	1250001	1500000	HAP1_chr12	HAP3_chr12	HAP1	HAP3	12	12	201263	243325	5496	439092	0.987483
chr12	1250001	1500000	HAP2_chr12	HAP3_chr12	HAP2	HAP3	12	12	229562	243325	5535	467352	0.988157
chr12	1500001	1750000	HAP1_chr12	HAP2_chr12	HAP1	HAP2	12	12	237172	240915	143001	335086	0.573241
chr12	1500001	1750000	HAP1_chr12	HAP3_chr12	HAP1	HAP3	12	12	237172	239543	4607	472108	0.990242
chr12	1500001	1750000	HAP2_chr12	HAP3_chr12	HAP2	HAP3	12	12	240915	239543	4626	475832	0.990278
chr12	1750001	2000000	HAP1_chr12	HAP2_chr12	HAP1	HAP2	12	12	235538	239570	126594	348514	0.636761
chr12	1750001	2000000	HAP1_chr12	HAP3_chr12	HAP1	HAP3	12	12	235538	241659	4988	472209	0.989437
chr12	1750001	2000000	HAP2_chr12	HAP3_chr12	HAP2	HAP3	12	12	239570	241659	4993	476236	0.989516
chr12	2000001	2250000	HAP1_chr12	HAP2_chr12	HAP1	HAP2	12	12	241389	241806	130843	352352	0.628658
chr12	2000001	2250000	HAP1_chr12	HAP3_chr12	HAP1	HAP3	12	12	241389	243479	4957	479911	0.989671
chr12	2000001	2250000	HAP2_chr12	HAP3_chr12	HAP2	HAP3	12	12	241806	243479	4289	480996	0.991083
chr12	2250001	2500000	HAP1_chr12	HAP2_chr12	HAP1	HAP2	12	12	242899	241107	132562	351444	0.622808
chr12	2250001	2500000	HAP1_chr12	HAP3_chr12	HAP1	HAP3	12	12	242899	180129	4185	418843	0.990008
chr12	2250001	2500000	HAP2_chr12	HAP3_chr12	HAP2	HAP3	12	12	241107	180129	3902	417334	0.990650
chr12	2500001	2750000	HAP1_chr12	HAP2_chr12	HAP1	HAP2	12	12	242715	240783	130531	352967	0.630189
chr12	2500001	2750000	HAP1_chr12	HAP3_chr12	HAP1	HAP3	12	12	242715	155130	4154	393691	0.989449
chr12	2500001	2750000	HAP2_chr12	HAP3_chr12	HAP2	HAP3	12	12	240783	155130	4064	391849	0.989629
chr12	2750001	3000000	HAP1_chr12	HAP2_chr12	HAP1	HAP2	12	12	179643	218190	90936	306897	0.703692
chr12	2750001	3000000	HAP1_chr12	HAP3_chr12	HAP1	HAP3	12	12	179643	236868	8850	407661	0.978291
chr12	2750001	3000000	HAP2_chr12	HAP3_chr12	HAP2	HAP3	12	12	218190	236868	59443	395615	0.849745
chr12	3000001	3250000	HAP1_chr12	HAP2_chr12	HAP1	HAP2	12	12	163899	242265	5062	401102	0.987380
chr12	3000001	3250000	HAP1_chr12	HAP3_chr12	HAP1	HAP3	12	12	163899	239727	3854	399772	0.990360
chr12	3000001	3250000	HAP2_chr12	HAP3_chr12	HAP2	HAP3	12	12	242265	239727	63946	418046	0.847036
chr12	3250001	3500000	HAP1_chr12	HAP2_chr12	HAP1	HAP2	12	12	241013	234818	6387	469444	0.986395
chr12	3250001	3500000	HAP1_chr12	HAP3_chr12	HAP1	HAP3	12	12	241013	240055	5046	476022	0.989400
chr12	3250001	3500000	HAP2_chr12	HAP3_chr12	HAP2	HAP3	12	12	234818	240055	44619	430254	0.896296
chr12	3500001	3750000	HAP1_chr12	HAP2_chr12	HAP1	HAP2	12	12	235325	238955	15964	458316	0.965168
chr12	3500001	3750000	HAP1_chr12	HAP3_chr12	HAP1	HAP3	12	12	235325	222755	4533	453547	0.990005
chr12	3500001	3750000	HAP2_chr12	HAP3_chr12	HAP2	HAP3	12	12	238955	222755	33300	428410	0.922271
chr12	3750001	4000000	HAP1_chr12	HAP2_chr12	HAP1	HAP2	12	12	240376	228039	33195	435220	0.923728
chr12	3750001	4000000	HAP1_chr12	HAP3_chr12	HAP1	HAP3	12	12	240376	240154	6217	474313	0.986893
chr12	3750001	4000000	HAP2_chr12	HAP3_chr12	HAP2	HAP3	12	12	228039	240154	47834	420359	0.886207
chr12	4000001	4250000	HAP1_chr12	HAP2_chr12	HAP1	HAP2	12	12	241682	234943	42598	434027	0.901854
chr12	4000001	4250000	HAP1_chr12	HAP3_chr12	HAP1	HAP3	12	12	241682	239494	7178	473998	0.984856
chr12	4000001	4250000	HAP2_chr12	HAP3_chr12	HAP2	HAP3	12	12	234943	239494	21677	452760	0.952123
chr12	4250001	4500000	HAP1_chr12	HAP2_chr12	HAP1	HAP2	12	12	241713	241800	40809	442704	0.907819
chr12	4250001	4500000	HAP1_chr12	HAP3_chr12	HAP1	HAP3	12	12	241713	236215	3868	474060	0.991841
chr12	4250001	4500000	HAP2_chr12	HAP3_chr12	HAP2	HAP3	12	12	241800	236215	11033	466982	0.976374
chr12	4500001	4750000	HAP1_chr12	HAP2_chr12	HAP1	HAP2	12	12	241353	233383	50167	424569	0.881840
chr12	4500001	4750000	HAP1_chr12	HAP3_chr12	HAP1	HAP3	12	12	241353	213076	3862	450567	0.991429
chr12	4500001	4750000	HAP2_chr12	HAP3_chr12	HAP2	HAP3	12	12	233383	213076	11371	435088	0.973865
chr12	4750001	5000000	HAP1_chr12	HAP2_chr12	HAP1	HAP2	12	12	206424	220077	22923	403578	0.943201
chr12	4750001	5000000	HAP1_chr12	HAP3_chr12	HAP1	HAP3	12	12	206424	239143	2815	442752	0.993642
chr12	4750001	5000000	HAP2_chr12	HAP3_chr12	HAP2	HAP3	12	12	220077	239143	5329	453891	0.988259
chr12	5000001	5250000	HAP1_chr12	HAP2_chr12	HAP1	HAP2	12	12	241872	236572	46955	431489	0.891179
chr12	5000001	5250000	HAP1_chr12	HAP3_chr12	HAP1	HAP3	12	12	241872	239660	6736	474796	0.985813
chr12	5000001	5250000	HAP2_chr12	HAP3_chr12	HAP2	HAP3	12	12	236572	239660	10448	465784	0.977569
chr12	5250001	5500000	HAP1_chr12	HAP2_chr12	HAP1	HAP2	12	12	233503	243756	27642	449617	0.938521
chr12	5250001	5500000	HAP1_chr12	HAP3_chr12	HAP1	HAP3	12	12	233503	228697	5709	456491	0.987494
chr12	5250001	5500000	HAP2_chr12	HAP3_chr12	HAP2	HAP3	12	12	243756	228697	22390	450063	0.950251
chr12	5500001	5750000	HAP1_chr12	HAP2_chr12	HAP1	HAP2	12	12	244644	242161	30215	456590	0.933825
chr12	5500001	5750000	HAP1_chr12	HAP3_chr12	HAP1	HAP3	12	12	244644	237589	5220	477013	0.989057
chr12	5500001	5750000	HAP2_chr12	HAP3_chr12	HAP2	HAP3	12	12	242161	237589	33867	445883	0.924045
chr12	5750001	6000000	HAP1_chr12	HAP2_chr12	HAP1	HAP2	12	12	234367	238276	8530	464113	0.981621
chr12	5750001	6000000	HAP1_chr12	HAP3_chr12	HAP1	HAP3	12	12	234367	240977	7685	467659	0.983567
chr12	5750001	6000000	HAP2_chr12	HAP3_chr12	HAP2	HAP3	12	12	238276	240977	38627	440626	0.912336
chr12	6000001	6250000	HAP1_chr12	HAP2_chr12	HAP1	HAP2	12	12	242835	237322	19221	460936	0.958300
chr12	6000001	6250000	HAP1_chr12	HAP3_chr12	HAP1	HAP3	12	12	242835	229799	4319	468315	0.990778
chr12	6000001	6250000	HAP2_chr12	HAP3_chr12	HAP2	HAP3	12	12	237322	229799	35101	432020	0.918751
chr12	6250001	6500000	HAP1_chr12	HAP2_chr12	HAP1	HAP2	12	12	234647	209084	7392	436339	0.983059
chr12	6250001	6500000	HAP1_chr12	HAP3_chr12	HAP1	HAP3	12	12	234647	125016	3841	355822	0.989205
chr12	6250001	6500000	HAP2_chr12	HAP3_chr12	HAP2	HAP3	12	12	209084	125016	24224	309876	0.921827
chr12	6500001	6750000	HAP1_chr12	HAP2_chr12	HAP1	HAP2	12	12	234038	152062	21178	364922	0.941966
chr12	6500001	6750000	HAP1_chr12	HAP3_chr12	HAP1	HAP3	12	12	234038	240008	7388	466658	0.984168
chr12	6500001	6750000	HAP2_chr12	HAP3_chr12	HAP2	HAP3	12	12	152062	240008	14560	377510	0.961431
chr12	6750001	7000000	HAP1_chr12	HAP2_chr12	HAP1	HAP2	12	12	85843	240998	3022	323819	0.990668
chr12	6750001	7000000	HAP1_chr12	HAP3_chr12	HAP1	HAP3	12	12	85843	244897	2773	327967	0.991545
chr12	6750001	7000000	HAP2_chr12	HAP3_chr12	HAP2	HAP3	12	12	240998	244897	20399	465496	0.956178
chr12	7000001	7250000	HAP1_chr12	HAP2_chr12	HAP1	HAP2	12	12	240992	241770	3898	478864	0.991860
chr12	7000001	7250000	HAP1_chr12	HAP3_chr12	HAP1	HAP3	12	12	240992	230980	5048	466924	0.989189
chr12	7000001	7250000	HAP2_chr12	HAP3_chr12	HAP2	HAP3	12	12	241770	230980	5049	467701	0.989205
chr12	7250001	7500000	HAP1_chr12	HAP2_chr12	HAP1	HAP2	12	12	242589	239933	5333	477189	0.988824
chr12	7250001	7500000	HAP1_chr12	HAP3_chr12	HAP1	HAP3	12	12	242589	242791	5020	480360	0.989550
chr12	7250001	7500000	HAP2_chr12	HAP3_chr12	HAP2	HAP3	12	12	239933	242791	19897	462827	0.957010
chr12	7500001	7750000	HAP1_chr12	HAP2_chr12	HAP1	HAP2	12	12	236332	240737	9648	467421	0.979359
chr12	7500001	7750000	HAP1_chr12	HAP3_chr12	HAP1	HAP3	12	12	236332	243131	7272	472191	0.984599
chr12	7500001	7750000	HAP2_chr12	HAP3_chr12	HAP2	HAP3	12	12	240737	243131	6028	477840	0.987385
chr12	7750001	8000000	HAP1_chr12	HAP2_chr12	HAP1	HAP2	12	12	233647	240554	7728	466473	0.983433
chr12	7750001	8000000	HAP1_chr12	HAP3_chr12	HAP1	HAP3	12	12	233647	241772	7069	468350	0.984907
chr12	7750001	8000000	HAP2_chr12	HAP3_chr12	HAP2	HAP3	12	12	240554	241772	5494	476832	0.988478
chr12	8000001	8250000	HAP1_chr12	HAP2_chr12	HAP1	HAP2	12	12	244121	243389	5633	481877	0.988310
chr12	8000001	8250000	HAP1_chr12	HAP3_chr12	HAP1	HAP3	12	12	244121	242344	5964	480501	0.987588
chr12	8000001	8250000	HAP2_chr12	HAP3_chr12	HAP2	HAP3	12	12	243389	242344	7426	478307	0.984474
chr12	8250001	8500000	HAP1_chr12	HAP2_chr12	HAP1	HAP2	12	12	241792	245213	5502	481503	0.988573
chr12	8250001	8500000	HAP1_chr12	HAP3_chr12	HAP1	HAP3	12	12	241792	240754	5563	476983	0.988337
chr12	8250001	8500000	HAP2_chr12	HAP3_chr12	HAP2	HAP3	12	12	245213	240754	19090	466877	0.959111
chr12	8500001	8750000	HAP1_chr12	HAP2_chr12	HAP1	HAP2	12	12	240862	240751	8606	473007	0.981806
chr12	8500001	8750000	HAP1_chr12	HAP3_chr12	HAP1	HAP3	12	12	240862	240108	4965	476005	0.989569
chr12	8500001	8750000	HAP2_chr12	HAP3_chr12	HAP2	HAP3	12	12	240751	240108	3975	476884	0.991665
chr12	8750001	9000000	HAP1_chr12	HAP2_chr12	HAP1	HAP2	12	12	244299	242882	3815	483366	0.992107
chr12	8750001	9000000	HAP1_chr12	HAP3_chr12	HAP1	HAP3	12	12	244299	236777	4606	476470	0.990333
chr12	8750001	9000000	HAP2_chr12	HAP3_chr12	HAP2	HAP3	12	12	242882	236777	4828	474831	0.989832
chr12	9000001	9250000	HAP1_chr12	HAP2_chr12	HAP1	HAP2	12	12	237867	237526	5479	469914	0.988340
chr12	9000001	9250000	HAP1_chr12	HAP3_chr12	HAP1	HAP3	12	12	237867	241027	4215	474679	0.991120
chr12	9000001	9250000	HAP2_chr12	HAP3_chr12	HAP2	HAP3	12	12	237526	241027	4375	474178	0.990774
chr12	9250001	9500000	HAP1_chr12	HAP2_chr12	HAP1	HAP2	12	12	240193	240642	4245	476590	0.991093
chr12	9250001	9500000	HAP1_chr12	HAP3_chr12	HAP1	HAP3	12	12	240193	241719	4204	477708	0.991200
chr12	9250001	9500000	HAP2_chr12	HAP3_chr12	HAP2	HAP3	12	12	240642	241719	4730	477631	0.990097
chr12	9500001	9750000	HAP1_chr12	HAP2_chr12	HAP1	HAP2	12	12	235300	241234	4609	471925	0.990234
chr12	9500001	9750000	HAP1_chr12	HAP3_chr12	HAP1	HAP3	12	12	235300	242324	4165	473459	0.991203
chr12	9500001	9750000	HAP2_chr12	HAP3_chr12	HAP2	HAP3	12	12	241234	242324	4862	478696	0.989843
chr12	9750001	10000000	HAP1_chr12	HAP2_chr12	HAP1	HAP2	12	12	243180	243402	4285	482297	0.991115
chr12	9750001	10000000	HAP1_chr12	HAP3_chr12	HAP1	HAP3	12	12	243180	221860	3742	461298	0.991888
chr12	9750001	10000000	HAP2_chr12	HAP3_chr12	HAP2	HAP3	12	12	243402	221860	3420	461842	0.992595
chr12	10000001	10250000	HAP1_chr12	HAP2_chr12	HAP1	HAP2	12	12	241850	222071	3947	459974	0.991419
chr12	10000001	10250000	HAP1_chr12	HAP3_chr12	HAP1	HAP3	12	12	241850	241115	5255	477710	0.989000
chr12	10000001	10250000	HAP2_chr12	HAP3_chr12	HAP2	HAP3	12	12	222071	241115	4476	458710	0.990242
chr12	10250001	10500000	HAP1_chr12	HAP2_chr12	HAP1	HAP2	12	12	244134	238872	4544	478462	0.990503
chr12	10250001	10500000	HAP1_chr12	HAP3_chr12	HAP1	HAP3	12	12	244134	243871	4120	483885	0.991486
chr12	10250001	10500000	HAP2_chr12	HAP3_chr12	HAP2	HAP3	12	12	238872	243871	7371	475372	0.984494
chr12	10500001	10750000	HAP1_chr12	HAP2_chr12	HAP1	HAP2	12	12	237563	242177	5325	474415	0.988776
chr12	10500001	10750000	HAP1_chr12	HAP3_chr12	HAP1	HAP3	12	12	237563	241454	5102	473915	0.989234
chr12	10500001	10750000	HAP2_chr12	HAP3_chr12	HAP2	HAP3	12	12	242177	241454	4735	478896	0.990113
chr12	10750001	11000000	HAP1_chr12	HAP2_chr12	HAP1	HAP2	12	12	229520	241179	4422	466277	0.990516
chr12	10750001	11000000	HAP1_chr12	HAP3_chr12	HAP1	HAP3	12	12	229520	244044	5127	468437	0.989055
chr12	10750001	11000000	HAP2_chr12	HAP3_chr12	HAP2	HAP3	12	12	241179	244044	3964	481259	0.991763
chr12	11000001	11250000	HAP1_chr12	HAP2_chr12	HAP1	HAP2	12	12	243302	243723	4874	482151	0.989891
chr12	11000001	11250000	HAP1_chr12	HAP3_chr12	HAP1	HAP3	12	12	243302	232788	4080	472010	0.991356
chr12	11000001	11250000	HAP2_chr12	HAP3_chr12	HAP2	HAP3	12	12	243723	232788	4320	472191	0.990851
chr12	11250001	11500000	HAP1_chr12	HAP2_chr12	HAP1	HAP2	12	12	234805	220471	3974	451302	0.991194
chr12	11250001	11500000	HAP1_chr12	HAP3_chr12	HAP1	HAP3	12	12	234805	224607	4239	455173	0.990687
chr12	11250001	11500000	HAP2_chr12	HAP3_chr12	HAP2	HAP3	12	12	220471	224607	4934	440144	0.988790
chr12	11500001	11750000	HAP1_chr12	HAP2_chr12	HAP1	HAP2	12	12	242926	239898	4016	478808	0.991613
chr12	11500001	11750000	HAP1_chr12	HAP3_chr12	HAP1	HAP3	12	12	242926	244669	3619	483976	0.992522
chr12	11500001	11750000	HAP2_chr12	HAP3_chr12	HAP2	HAP3	12	12	239898	244669	3575	480992	0.992567
chr12	11750001	12000000	HAP1_chr12	HAP2_chr12	HAP1	HAP2	12	12	234839	242674	3796	473717	0.991987
chr12	11750001	12000000	HAP1_chr12	HAP3_chr12	HAP1	HAP3	12	12	234839	241468	3999	472308	0.991533
chr12	11750001	12000000	HAP2_chr12	HAP3_chr12	HAP2	HAP3	12	12	242674	241468	3783	480359	0.992125
chr12	12000001	12250000	HAP1_chr12	HAP2_chr12	HAP1	HAP2	12	12	238584	238230	3654	473160	0.992277
chr12	12000001	12250000	HAP1_chr12	HAP3_chr12	HAP1	HAP3	12	12	238584	243035	6526	475093	0.986264
chr12	12000001	12250000	HAP2_chr12	HAP3_chr12	HAP2	HAP3	12	12	238230	243035	4066	477199	0.991479
chr12	12250001	12500000	HAP1_chr12	HAP2_chr12	HAP1	HAP2	12	12	243509	241209	3444	481274	0.992844
chr12	12250001	12500000	HAP1_chr12	HAP3_chr12	HAP1	HAP3	12	12	243509	240006	3255	480260	0.993222
chr12	12250001	12500000	HAP2_chr12	HAP3_chr12	HAP2	HAP3	12	12	241209	240006	4297	476918	0.990990
chr12	12500001	12750000	HAP1_chr12	HAP2_chr12	HAP1	HAP2	12	12	245241	242500	4217	483524	0.991279
chr12	12500001	12750000	HAP1_chr12	HAP3_chr12	HAP1	HAP3	12	12	245241	244344	3574	486011	0.992646
chr12	12500001	12750000	HAP2_chr12	HAP3_chr12	HAP2	HAP3	12	12	242500	244344	3678	483166	0.992388
chr12	12750001	13000000	HAP1_chr12	HAP2_chr12	HAP1	HAP2	12	12	241683	242177	3867	479993	0.991944
chr12	12750001	13000000	HAP1_chr12	HAP3_chr12	HAP1	HAP3	12	12	241683	242894	4774	479803	0.990050
chr12	12750001	13000000	HAP2_chr12	HAP3_chr12	HAP2	HAP3	12	12	242177	242894	4819	480252	0.989966
chr12	13000001	13250000	HAP1_chr12	HAP2_chr12	HAP1	HAP2	12	12	242285	242363	3902	480746	0.991883
chr12	13000001	13250000	HAP1_chr12	HAP3_chr12	HAP1	HAP3	12	12	242285	241868	4865	479288	0.989850
chr12	13000001	13250000	HAP2_chr12	HAP3_chr12	HAP2	HAP3	12	12	242363	241868	4069	480162	0.991526
chr12	13250001	13500000	HAP1_chr12	HAP2_chr12	HAP1	HAP2	12	12	245337	241762	3689	483410	0.992369
chr12	13250001	13500000	HAP1_chr12	HAP3_chr12	HAP1	HAP3	12	12	245337	239874	3989	481222	0.991711
chr12	13250001	13500000	HAP2_chr12	HAP3_chr12	HAP2	HAP3	12	12	241762	239874	4317	477319	0.990956
chr12	13500001	13750000	HAP1_chr12	HAP2_chr12	HAP1	HAP2	12	12	243397	236034	4377	475054	0.990786
chr12	13500001	13750000	HAP1_chr12	HAP3_chr12	HAP1	HAP3	12	12	243397	235883	4212	475068	0.991134
chr12	13500001	13750000	HAP2_chr12	HAP3_chr12	HAP2	HAP3	12	12	236034	235883	4108	467809	0.991219
chr12	13750001	14000000	HAP1_chr12	HAP2_chr12	HAP1	HAP2	12	12	243934	235213	3839	475308	0.991923
chr12	13750001	14000000	HAP1_chr12	HAP3_chr12	HAP1	HAP3	12	12	243934	239833	3758	480009	0.992171
chr12	13750001	14000000	HAP2_chr12	HAP3_chr12	HAP2	HAP3	12	12	235213	239833	5237	469809	0.988853
chr12	14000001	14250000	HAP1_chr12	HAP2_chr12	HAP1	HAP2	12	12	233669	242531	3355	472845	0.992905
chr12	14000001	14250000	HAP1_chr12	HAP3_chr12	HAP1	HAP3	12	12	233669	207688	3452	437905	0.992117
chr12	14000001	14250000	HAP2_chr12	HAP3_chr12	HAP2	HAP3	12	12	242531	207688	5009	445210	0.988749
chr12	14250001	14500000	HAP1_chr12	HAP2_chr12	HAP1	HAP2	12	12	243177	238936	3837	478276	0.991977
chr12	14250001	14500000	HAP1_chr12	HAP3_chr12	HAP1	HAP3	12	12	243177	241488	3485	481180	0.992757
chr12	14250001	14500000	HAP2_chr12	HAP3_chr12	HAP2	HAP3	12	12	238936	241488	8013	472411	0.983038
chr12	14500001	14750000	HAP1_chr12	HAP2_chr12	HAP1	HAP2	12	12	237711	239733	3971	473473	0.991613
chr12	14500001	14750000	HAP1_chr12	HAP3_chr12	HAP1	HAP3	12	12	237711	241535	3385	475861	0.992887
chr12	14500001	14750000	HAP2_chr12	HAP3_chr12	HAP2	HAP3	12	12	239733	241535	8039	473229	0.983012
chr12	14750001	15000000	HAP1_chr12	HAP2_chr12	HAP1	HAP2	12	12	241042	232066	5994	467114	0.987168
chr12	14750001	15000000	HAP1_chr12	HAP3_chr12	HAP1	HAP3	12	12	241042	245022	2648	483416	0.994522
chr12	14750001	15000000	HAP2_chr12	HAP3_chr12	HAP2	HAP3	12	12	232066	245022	2415	474673	0.994912
chr12	15000001	15057362	HAP1_chr12	HAP2_chr12	HAP1	HAP2	12	12	56138	56453	168	112423	0.998506
chr12	15000001	15057362	HAP1_chr12	HAP3_chr12	HAP1	HAP3	12	12	56138	56107	244	112001	0.997821
chr12	15000001	15057362	HAP2_chr12	HAP3_chr12	HAP2	HAP3	12	12	56453	56107	250	112310	0.997774
chr13	1	250000	HAP1_chr13	HAP2_chr13	HAP1	HAP2	13	13	239468	239444	233794	245118	0.046198
chr13	1	250000	HAP1_chr13	HAP3_chr13	HAP1	HAP3	13	13	239468	237531	5278	471721	0.988811
chr13	1	250000	HAP2_chr13	HAP3_chr13	HAP2	HAP3	13	13	239444	237531	5296	471679	0.988772
chr13	250001	500000	HAP1_chr13	HAP2_chr13	HAP1	HAP2	13	13	246018	245787	199857	291948	0.315436
chr13	250001	500000	HAP1_chr13	HAP3_chr13	HAP1	HAP3	13	13	246018	231388	2639	474767	0.994441
chr13	250001	500000	HAP2_chr13	HAP3_chr13	HAP2	HAP3	13	13	245787	231388	3218	473957	0.993210
chr13	500001	750000	HAP1_chr13	HAP2_chr13	HAP1	HAP2	13	13	245414	245287	192738	297963	0.353148
chr13	500001	750000	HAP1_chr13	HAP3_chr13	HAP1	HAP3	13	13	245414	240693	2731	483376	0.994350
chr13	500001	750000	HAP2_chr13	HAP3_chr13	HAP2	HAP3	13	13	245287	240693	2928	483052	0.993939
chr13	750001	1000000	HAP1_chr13	HAP2_chr13	HAP1	HAP2	13	13	172932	187476	119022	241386	0.506923
chr13	750001	1000000	HAP1_chr13	HAP3_chr13	HAP1	HAP3	13	13	172932	235969	2664	406237	0.993442
chr13	750001	1000000	HAP2_chr13	HAP3_chr13	HAP2	HAP3	13	13	187476	235969	2872	420573	0.993171
chr13	1000001	1250000	HAP1_chr13	HAP2_chr13	HAP1	HAP2	13	13	243681	214051	169319	288413	0.412929
chr13	1000001	1250000	HAP1_chr13	HAP3_chr13	HAP1	HAP3	13	13	243681	240288	4510	479459	0.990594
chr13	1000001	1250000	HAP2_chr13	HAP3_chr13	HAP2	HAP3	13	13	214051	240288	3798	450541	0.991570
chr13	1250001	1500000	HAP1_chr13	HAP2_chr13	HAP1	HAP2	13	13	235009	239361	148003	326367	0.546514
chr13	1250001	1500000	HAP1_chr13	HAP3_chr13	HAP1	HAP3	13	13	235009	237859	5532	467336	0.988163
chr13	1250001	1500000	HAP2_chr13	HAP3_chr13	HAP2	HAP3	13	13	239361	237859	4640	472580	0.990182
chr13	1500001	1750000	HAP1_chr13	HAP2_chr13	HAP1	HAP2	13	13	244282	245118	214213	275187	0.221573
chr13	1500001	1750000	HAP1_chr13	HAP3_chr13	HAP1	HAP3	13	13	244282	244786	4219	484849	0.991298
chr13	1500001	1750000	HAP2_chr13	HAP3_chr13	HAP2	HAP3	13	13	245118	244786	3877	486027	0.992023
chr13	1750001	2000000	HAP1_chr13	HAP2_chr13	HAP1	HAP2	13	13	240232	241929	215758	266403	0.190107
chr13	1750001	2000000	HAP1_chr13	HAP3_chr13	HAP1	HAP3	13	13	240232	245421	3298	482355	0.993163
chr13	1750001	2000000	HAP2_chr13	HAP3_chr13	HAP2	HAP3	13	13	241929	245421	3113	484237	0.993571
chr13	2000001	2250000	HAP1_chr13	HAP2_chr13	HAP1	HAP2	13	13	236838	235586	211307	261117	0.190757
chr13	2000001	2250000	HAP1_chr13	HAP3_chr13	HAP1	HAP3	13	13	236838	244878	4233	477483	0.991135
chr13	2000001	2250000	HAP2_chr13	HAP3_chr13	HAP2	HAP3	13	13	235586	244878	4261	476203	0.991052
chr13	2250001	2500000	HAP1_chr13	HAP2_chr13	HAP1	HAP2	13	13	242059	243173	217667	267565	0.186489
chr13	2250001	2500000	HAP1_chr13	HAP3_chr13	HAP1	HAP3	13	13	242059	243554	4388	481225	0.990882
chr13	2250001	2500000	HAP2_chr13	HAP3_chr13	HAP2	HAP3	13	13	243173	243554	4282	482445	0.991124
chr13	2500001	2750000	HAP1_chr13	HAP2_chr13	HAP1	HAP2	13	13	241436	239726	216200	264962	0.184034
chr13	2500001	2750000	HAP1_chr13	HAP3_chr13	HAP1	HAP3	13	13	241436	245867	3359	483944	0.993059
chr13	2500001	2750000	HAP2_chr13	HAP3_chr13	HAP2	HAP3	13	13	239726	245867	3482	482111	0.992778
chr13	2750001	3000000	HAP1_chr13	HAP2_chr13	HAP1	HAP2	13	13	243028	242113	216471	268670	0.194287
chr13	2750001	3000000	HAP1_chr13	HAP3_chr13	HAP1	HAP3	13	13	243028	240532	3886	479674	0.991899
chr13	2750001	3000000	HAP2_chr13	HAP3_chr13	HAP2	HAP3	13	13	242113	240532	3936	478709	0.991778
chr13	3000001	3250000	HAP1_chr13	HAP2_chr13	HAP1	HAP2	13	13	241851	242988	180318	304521	0.407863
chr13	3000001	3250000	HAP1_chr13	HAP3_chr13	HAP1	HAP3	13	13	241851	243825	3382	482294	0.992988
chr13	3000001	3250000	HAP2_chr13	HAP3_chr13	HAP2	HAP3	13	13	242988	243825	3124	483689	0.993541
chr13	3250001	3500000	HAP1_chr13	HAP2_chr13	HAP1	HAP2	13	13	244644	245104	187100	302648	0.381790
chr13	3250001	3500000	HAP1_chr13	HAP3_chr13	HAP1	HAP3	13	13	244644	238200	3860	478984	0.991941
chr13	3250001	3500000	HAP2_chr13	HAP3_chr13	HAP2	HAP3	13	13	245104	238200	4373	478931	0.990869
chr13	3500001	3750000	HAP1_chr13	HAP2_chr13	HAP1	HAP2	13	13	244248	244115	174068	314295	0.446164
chr13	3500001	3750000	HAP1_chr13	HAP3_chr13	HAP1	HAP3	13	13	244248	246241	3116	487373	0.993607
chr13	3500001	3750000	HAP2_chr13	HAP3_chr13	HAP2	HAP3	13	13	244115	246241	3056	487300	0.993729
chr13	3750001	4000000	HAP1_chr13	HAP2_chr13	HAP1	HAP2	13	13	242276	241821	159877	324220	0.506887
chr13	3750001	4000000	HAP1_chr13	HAP3_chr13	HAP1	HAP3	13	13	242276	237434	4485	475225	0.990562
chr13	3750001	4000000	HAP2_chr13	HAP3_chr13	HAP2	HAP3	13	13	241821	237434	4098	475157	0.991375
chr13	4000001	4250000	HAP1_chr13	HAP2_chr13	HAP1	HAP2	13	13	243092	243423	183043	303472	0.396837
chr13	4000001	4250000	HAP1_chr13	HAP3_chr13	HAP1	HAP3	13	13	243092	238866	4112	477846	0.991395
chr13	4000001	4250000	HAP2_chr13	HAP3_chr13	HAP2	HAP3	13	13	243423	238866	3659	478630	0.992355
chr13	4250001	4500000	HAP1_chr13	HAP2_chr13	HAP1	HAP2	13	13	245161	243117	186006	302272	0.384640
chr13	4250001	4500000	HAP1_chr13	HAP3_chr13	HAP1	HAP3	13	13	245161	239067	3595	480633	0.992520
chr13	4250001	4500000	HAP2_chr13	HAP3_chr13	HAP2	HAP3	13	13	243117	239067	3517	478667	0.992653
chr13	4500001	4750000	HAP1_chr13	HAP2_chr13	HAP1	HAP2	13	13	239940	239963	175458	304445	0.423679
chr13	4500001	4750000	HAP1_chr13	HAP3_chr13	HAP1	HAP3	13	13	239940	242222	4121	478041	0.991379
chr13	4500001	4750000	HAP2_chr13	HAP3_chr13	HAP2	HAP3	13	13	239963	242222	4073	478112	0.991481
chr13	4750001	5000000	HAP1_chr13	HAP2_chr13	HAP1	HAP2	13	13	243330	243770	182976	304124	0.398351
chr13	4750001	5000000	HAP1_chr13	HAP3_chr13	HAP1	HAP3	13	13	243330	243822	3788	483364	0.992163
chr13	4750001	5000000	HAP2_chr13	HAP3_chr13	HAP2	HAP3	13	13	243770	243822	3322	484270	0.993140
chr13	5000001	5250000	HAP1_chr13	HAP2_chr13	HAP1	HAP2	13	13	236953	238319	187875	287397	0.346288
chr13	5000001	5250000	HAP1_chr13	HAP3_chr13	HAP1	HAP3	13	13	236953	240397	3739	473611	0.992105
chr13	5000001	5250000	HAP2_chr13	HAP3_chr13	HAP2	HAP3	13	13	238319	240397	3356	475360	0.992940
chr13	5250001	5500000	HAP1_chr13	HAP2_chr13	HAP1	HAP2	13	13	240442	239825	183255	297012	0.383005
chr13	5250001	5500000	HAP1_chr13	HAP3_chr13	HAP1	HAP3	13	13	240442	243517	3378	480581	0.992971
chr13	5250001	5500000	HAP2_chr13	HAP3_chr13	HAP2	HAP3	13	13	239825	243517	4249	479093	0.991131
chr13	5500001	5750000	HAP1_chr13	HAP2_chr13	HAP1	HAP2	13	13	239567	240309	181875	298001	0.389683
chr13	5500001	5750000	HAP1_chr13	HAP3_chr13	HAP1	HAP3	13	13	239567	234294	4606	469255	0.990184
chr13	5500001	5750000	HAP2_chr13	HAP3_chr13	HAP2	HAP3	13	13	240309	234294	4301	470302	0.990855
chr13	5750001	6000000	HAP1_chr13	HAP2_chr13	HAP1	HAP2	13	13	242428	212510	148284	306654	0.516445
chr13	5750001	6000000	HAP1_chr13	HAP3_chr13	HAP1	HAP3	13	13	242428	243793	5183	481038	0.989225
chr13	5750001	6000000	HAP2_chr13	HAP3_chr13	HAP2	HAP3	13	13	212510	243793	4684	451619	0.989628
chr13	6000001	6250000	HAP1_chr13	HAP2_chr13	HAP1	HAP2	13	13	240511	240826	152317	329020	0.537059
chr13	6000001	6250000	HAP1_chr13	HAP3_chr13	HAP1	HAP3	13	13	240511	241531	4915	477127	0.989699
chr13	6000001	6250000	HAP2_chr13	HAP3_chr13	HAP2	HAP3	13	13	240826	241531	4355	478002	0.990889
chr13	6250001	6500000	HAP1_chr13	HAP2_chr13	HAP1	HAP2	13	13	237418	239513	151777	325154	0.533215
chr13	6250001	6500000	HAP1_chr13	HAP3_chr13	HAP1	HAP3	13	13	237418	240177	4634	472961	0.990202
chr13	6250001	6500000	HAP2_chr13	HAP3_chr13	HAP2	HAP3	13	13	239513	240177	6920	472770	0.985363
chr13	6500001	6750000	HAP1_chr13	HAP2_chr13	HAP1	HAP2	13	13	236642	240354	165001	311995	0.471142
chr13	6500001	6750000	HAP1_chr13	HAP3_chr13	HAP1	HAP3	13	13	236642	244794	4901	476535	0.989715
chr13	6500001	6750000	HAP2_chr13	HAP3_chr13	HAP2	HAP3	13	13	240354	244794	4351	480797	0.990950
chr13	6750001	7000000	HAP1_chr13	HAP2_chr13	HAP1	HAP2	13	13	237962	243392	164350	317004	0.481552
chr13	6750001	7000000	HAP1_chr13	HAP3_chr13	HAP1	HAP3	13	13	237962	240756	4809	473909	0.989852
chr13	6750001	7000000	HAP2_chr13	HAP3_chr13	HAP2	HAP3	13	13	243392	240756	4133	480015	0.991390
chr13	7000001	7250000	HAP1_chr13	HAP2_chr13	HAP1	HAP2	13	13	234068	236789	178875	291982	0.387377
chr13	7000001	7250000	HAP1_chr13	HAP3_chr13	HAP1	HAP3	13	13	234068	240142	5732	468478	0.987765
chr13	7000001	7250000	HAP2_chr13	HAP3_chr13	HAP2	HAP3	13	13	236789	240142	5058	471873	0.989281
chr13	7250001	7500000	HAP1_chr13	HAP2_chr13	HAP1	HAP2	13	13	242942	242837	170331	315448	0.460035
chr13	7250001	7500000	HAP1_chr13	HAP3_chr13	HAP1	HAP3	13	13	242942	238428	5720	475650	0.987974
chr13	7250001	7500000	HAP2_chr13	HAP3_chr13	HAP2	HAP3	13	13	242837	238428	5760	475505	0.987887
chr13	7500001	7750000	HAP1_chr13	HAP2_chr13	HAP1	HAP2	13	13	239309	241954	152696	328567	0.535267
chr13	7500001	7750000	HAP1_chr13	HAP3_chr13	HAP1	HAP3	13	13	239309	240352	4737	474924	0.990026
chr13	7500001	7750000	HAP2_chr13	HAP3_chr13	HAP2	HAP3	13	13	241954	240352	4975	477331	0.989577
chr13	7750001	8000000	HAP1_chr13	HAP2_chr13	HAP1	HAP2	13	13	238708	240314	140985	338037	0.582930
chr13	7750001	8000000	HAP1_chr13	HAP3_chr13	HAP1	HAP3	13	13	238708	238269	6522	470455	0.986137
chr13	7750001	8000000	HAP2_chr13	HAP3_chr13	HAP2	HAP3	13	13	240314	238269	7115	471468	0.984909
chr13	8000001	8250000	HAP1_chr13	HAP2_chr13	HAP1	HAP2	13	13	236371	244042	143352	337061	0.574700
chr13	8000001	8250000	HAP1_chr13	HAP3_chr13	HAP1	HAP3	13	13	236371	239028	4857	470542	0.989678
chr13	8000001	8250000	HAP2_chr13	HAP3_chr13	HAP2	HAP3	13	13	244042	239028	5704	477366	0.988051
chr13	8250001	8500000	HAP1_chr13	HAP2_chr13	HAP1	HAP2	13	13	232060	243128	132904	342284	0.611714
chr13	8250001	8500000	HAP1_chr13	HAP3_chr13	HAP1	HAP3	13	13	232060	239253	5214	466099	0.988814
chr13	8250001	8500000	HAP2_chr13	HAP3_chr13	HAP2	HAP3	13	13	243128	239253	5388	476993	0.988704
chr13	8500001	8750000	HAP1_chr13	HAP2_chr13	HAP1	HAP2	13	13	241375	236751	121419	356707	0.659611
chr13	8500001	8750000	HAP1_chr13	HAP3_chr13	HAP1	HAP3	13	13	241375	231090	6090	466375	0.986942
chr13	8500001	8750000	HAP2_chr13	HAP3_chr13	HAP2	HAP3	13	13	236751	231090	6987	460854	0.984839
chr13	8750001	9000000	HAP1_chr13	HAP2_chr13	HAP1	HAP2	13	13	239506	244324	104864	378966	0.723289
chr13	8750001	9000000	HAP1_chr13	HAP3_chr13	HAP1	HAP3	13	13	239506	237677	5992	471191	0.987283
chr13	8750001	9000000	HAP2_chr13	HAP3_chr13	HAP2	HAP3	13	13	244324	237677	5108	476893	0.989289
chr13	9000001	9250000	HAP1_chr13	HAP2_chr13	HAP1	HAP2	13	13	242249	237531	96791	382989	0.747275
chr13	9000001	9250000	HAP1_chr13	HAP3_chr13	HAP1	HAP3	13	13	242249	234235	5755	470729	0.987774
chr13	9000001	9250000	HAP2_chr13	HAP3_chr13	HAP2	HAP3	13	13	237531	234235	7717	464049	0.983370
chr13	9250001	9500000	HAP1_chr13	HAP2_chr13	HAP1	HAP2	13	13	234780	235436	85813	384403	0.776763
chr13	9250001	9500000	HAP1_chr13	HAP3_chr13	HAP1	HAP3	13	13	234780	243436	5857	472359	0.987601
chr13	9250001	9500000	HAP2_chr13	HAP3_chr13	HAP2	HAP3	13	13	235436	243436	5181	473691	0.989062
chr13	9500001	9750000	HAP1_chr13	HAP2_chr13	HAP1	HAP2	13	13	240548	242733	88895	394386	0.774599
chr13	9500001	9750000	HAP1_chr13	HAP3_chr13	HAP1	HAP3	13	13	240548	236636	3903	473281	0.991753
chr13	9500001	9750000	HAP2_chr13	HAP3_chr13	HAP2	HAP3	13	13	242733	236636	5423	473946	0.988558
chr13	9750001	10000000	HAP1_chr13	HAP2_chr13	HAP1	HAP2	13	13	230275	230233	81889	378619	0.783717
chr13	9750001	10000000	HAP1_chr13	HAP3_chr13	HAP1	HAP3	13	13	230275	241345	7666	463954	0.983477
chr13	9750001	10000000	HAP2_chr13	HAP3_chr13	HAP2	HAP3	13	13	230233	241345	6460	465118	0.986111
chr13	10000001	10250000	HAP1_chr13	HAP2_chr13	HAP1	HAP2	13	13	236457	241380	98712	379125	0.739632
chr13	10000001	10250000	HAP1_chr13	HAP3_chr13	HAP1	HAP3	13	13	236457	242426	5077	473806	0.989285
chr13	10000001	10250000	HAP2_chr13	HAP3_chr13	HAP2	HAP3	13	13	241380	242426	4942	478864	0.989680
chr13	10250001	10500000	HAP1_chr13	HAP2_chr13	HAP1	HAP2	13	13	242098	236350	98658	379790	0.740230
chr13	10250001	10500000	HAP1_chr13	HAP3_chr13	HAP1	HAP3	13	13	242098	238997	3999	477096	0.991618
chr13	10250001	10500000	HAP2_chr13	HAP3_chr13	HAP2	HAP3	13	13	236350	238997	4446	470901	0.990559
chr13	10500001	10750000	HAP1_chr13	HAP2_chr13	HAP1	HAP2	13	13	238584	237856	113723	362717	0.686469
chr13	10500001	10750000	HAP1_chr13	HAP3_chr13	HAP1	HAP3	13	13	238584	227608	5426	460766	0.988224
chr13	10500001	10750000	HAP2_chr13	HAP3_chr13	HAP2	HAP3	13	13	237856	227608	4863	460601	0.989442
chr13	10750001	11000000	HAP1_chr13	HAP2_chr13	HAP1	HAP2	13	13	240787	242655	129255	354187	0.635066
chr13	10750001	11000000	HAP1_chr13	HAP3_chr13	HAP1	HAP3	13	13	240787	243118	4226	479679	0.991190
chr13	10750001	11000000	HAP2_chr13	HAP3_chr13	HAP2	HAP3	13	13	242655	243118	4689	481084	0.990253
chr13	11000001	11250000	HAP1_chr13	HAP2_chr13	HAP1	HAP2	13	13	242201	241750	98663	385288	0.743924
chr13	11000001	11250000	HAP1_chr13	HAP3_chr13	HAP1	HAP3	13	13	242201	241733	3406	480528	0.992912
chr13	11000001	11250000	HAP2_chr13	HAP3_chr13	HAP2	HAP3	13	13	241750	241733	3586	479897	0.992528
chr13	11250001	11500000	HAP1_chr13	HAP2_chr13	HAP1	HAP2	13	13	241922	237026	120721	358227	0.663004
chr13	11250001	11500000	HAP1_chr13	HAP3_chr13	HAP1	HAP3	13	13	241922	233020	5767	469175	0.987708
chr13	11250001	11500000	HAP2_chr13	HAP3_chr13	HAP2	HAP3	13	13	237026	233020	5580	464466	0.987986
chr13	11500001	11750000	HAP1_chr13	HAP2_chr13	HAP1	HAP2	13	13	243872	244894	121282	367484	0.669967
chr13	11500001	11750000	HAP1_chr13	HAP3_chr13	HAP1	HAP3	13	13	243872	234752	4744	473880	0.989989
chr13	11500001	11750000	HAP2_chr13	HAP3_chr13	HAP2	HAP3	13	13	244894	234752	4523	475123	0.990480
chr13	11750001	12000000	HAP1_chr13	HAP2_chr13	HAP1	HAP2	13	13	218809	220967	88974	350802	0.746370
chr13	11750001	12000000	HAP1_chr13	HAP3_chr13	HAP1	HAP3	13	13	218809	243094	4091	457812	0.991064
chr13	11750001	12000000	HAP2_chr13	HAP3_chr13	HAP2	HAP3	13	13	220967	243094	3520	460541	0.992357
chr13	12000001	12250000	HAP1_chr13	HAP2_chr13	HAP1	HAP2	13	13	210072	223340	105057	328355	0.680051
chr13	12000001	12250000	HAP1_chr13	HAP3_chr13	HAP1	HAP3	13	13	210072	236979	4330	442721	0.990220
chr13	12000001	12250000	HAP2_chr13	HAP3_chr13	HAP2	HAP3	13	13	223340	236979	4218	456101	0.990752
chr13	12250001	12500000	HAP1_chr13	HAP2_chr13	HAP1	HAP2	13	13	243261	243765	129356	357670	0.638337
chr13	12250001	12500000	HAP1_chr13	HAP3_chr13	HAP1	HAP3	13	13	243261	242895	4983	481173	0.989644
chr13	12250001	12500000	HAP2_chr13	HAP3_chr13	HAP2	HAP3	13	13	243765	242895	4838	481822	0.989959
chr13	12500001	12750000	HAP1_chr13	HAP2_chr13	HAP1	HAP2	13	13	240906	234255	132738	342423	0.612357
chr13	12500001	12750000	HAP1_chr13	HAP3_chr13	HAP1	HAP3	13	13	240906	240820	4672	477054	0.990207
chr13	12500001	12750000	HAP2_chr13	HAP3_chr13	HAP2	HAP3	13	13	234255	240820	5107	469968	0.989133
chr13	12750001	13000000	HAP1_chr13	HAP2_chr13	HAP1	HAP2	13	13	236047	233459	152519	316987	0.518848
chr13	12750001	13000000	HAP1_chr13	HAP3_chr13	HAP1	HAP3	13	13	236047	236299	5441	466905	0.988347
chr13	12750001	13000000	HAP2_chr13	HAP3_chr13	HAP2	HAP3	13	13	233459	236299	5390	464368	0.988393
chr13	13000001	13250000	HAP1_chr13	HAP2_chr13	HAP1	HAP2	13	13	234885	240052	140673	334264	0.579156
chr13	13000001	13250000	HAP1_chr13	HAP3_chr13	HAP1	HAP3	13	13	234885	240988	4088	471785	0.991335
chr13	13000001	13250000	HAP2_chr13	HAP3_chr13	HAP2	HAP3	13	13	240052	240988	4374	476666	0.990824
chr13	13250001	13500000	HAP1_chr13	HAP2_chr13	HAP1	HAP2	13	13	241898	241082	158713	324267	0.510548
chr13	13250001	13500000	HAP1_chr13	HAP3_chr13	HAP1	HAP3	13	13	241898	228024	5265	464657	0.988669
chr13	13250001	13500000	HAP2_chr13	HAP3_chr13	HAP2	HAP3	13	13	241082	228024	4204	464902	0.990957
chr13	13500001	13750000	HAP1_chr13	HAP2_chr13	HAP1	HAP2	13	13	241039	240081	156381	324739	0.518441
chr13	13500001	13750000	HAP1_chr13	HAP3_chr13	HAP1	HAP3	13	13	241039	237347	4795	473591	0.989875
chr13	13500001	13750000	HAP2_chr13	HAP3_chr13	HAP2	HAP3	13	13	240081	237347	4073	473355	0.991395
chr13	13750001	14000000	HAP1_chr13	HAP2_chr13	HAP1	HAP2	13	13	242770	242132	141653	343249	0.587317
chr13	13750001	14000000	HAP1_chr13	HAP3_chr13	HAP1	HAP3	13	13	242770	241183	3874	480079	0.991930
chr13	13750001	14000000	HAP2_chr13	HAP3_chr13	HAP2	HAP3	13	13	242132	241183	4315	479000	0.990992
chr13	14000001	14189514	HAP1_chr13	HAP2_chr13	HAP1	HAP2	13	13	184418	179289	102764	260943	0.606182
chr13	14000001	14189514	HAP1_chr13	HAP3_chr13	HAP1	HAP3	13	13	184418	183425	1864	365979	0.994907
chr13	14000001	14189514	HAP2_chr13	HAP3_chr13	HAP2	HAP3	13	13	179289	183425	1824	360890	0.994946
chr14	1	250000	HAP1_chr14	HAP2_chr14	HAP1	HAP2	14	14	208322	231829	2166	437985	0.995055
chr14	1	250000	HAP1_chr14	HAP3_chr14	HAP1	HAP3	14	14	208322	244312	2936	449698	0.993471
chr14	1	250000	HAP2_chr14	HAP3_chr14	HAP2	HAP3	14	14	231829	244312	160485	315656	0.491583
chr14	250001	500000	HAP1_chr14	HAP2_chr14	HAP1	HAP2	14	14	242270	230799	3291	469778	0.992995
chr14	250001	500000	HAP1_chr14	HAP3_chr14	HAP1	HAP3	14	14	242270	198693	3135	437828	0.992840
chr14	250001	500000	HAP2_chr14	HAP3_chr14	HAP2	HAP3	14	14	230799	198693	172304	257188	0.330047
chr14	500001	750000	HAP1_chr14	HAP2_chr14	HAP1	HAP2	14	14	243843	243316	3482	483677	0.992801
chr14	500001	750000	HAP1_chr14	HAP3_chr14	HAP1	HAP3	14	14	243843	244138	3228	484753	0.993341
chr14	500001	750000	HAP2_chr14	HAP3_chr14	HAP2	HAP3	14	14	243316	244138	181793	305661	0.405246
chr14	750001	1000000	HAP1_chr14	HAP2_chr14	HAP1	HAP2	14	14	224664	230719	3682	451701	0.991849
chr14	750001	1000000	HAP1_chr14	HAP3_chr14	HAP1	HAP3	14	14	224664	228409	4016	449057	0.991057
chr14	750001	1000000	HAP2_chr14	HAP3_chr14	HAP2	HAP3	14	14	230719	228409	152027	307101	0.504961
chr14	1000001	1250000	HAP1_chr14	HAP2_chr14	HAP1	HAP2	14	14	222451	218317	4950	435818	0.988642
chr14	1000001	1250000	HAP1_chr14	HAP3_chr14	HAP1	HAP3	14	14	222451	221448	4802	439097	0.989064
chr14	1000001	1250000	HAP2_chr14	HAP3_chr14	HAP2	HAP3	14	14	218317	221448	152232	287533	0.470558
chr14	1250001	1500000	HAP1_chr14	HAP2_chr14	HAP1	HAP2	14	14	241303	239987	3928	477362	0.991771
chr14	1250001	1500000	HAP1_chr14	HAP3_chr14	HAP1	HAP3	14	14	241303	240525	3868	477960	0.991907
chr14	1250001	1500000	HAP2_chr14	HAP3_chr14	HAP2	HAP3	14	14	239987	240525	182900	297612	0.385441
chr14	1500001	1750000	HAP1_chr14	HAP2_chr14	HAP1	HAP2	14	14	243404	242386	3489	482301	0.992766
chr14	1500001	1750000	HAP1_chr14	HAP3_chr14	HAP1	HAP3	14	14	243404	241709	3470	481643	0.992795
chr14	1500001	1750000	HAP2_chr14	HAP3_chr14	HAP2	HAP3	14	14	242386	241709	176518	307577	0.426101
chr14	1750001	2000000	HAP1_chr14	HAP2_chr14	HAP1	HAP2	14	14	241806	237694	4210	475290	0.991142
chr14	1750001	2000000	HAP1_chr14	HAP3_chr14	HAP1	HAP3	14	14	241806	238097	4123	475780	0.991334
chr14	1750001	2000000	HAP2_chr14	HAP3_chr14	HAP2	HAP3	14	14	237694	238097	168884	306907	0.449723
chr14	2000001	2250000	HAP1_chr14	HAP2_chr14	HAP1	HAP2	14	14	241217	242480	4043	479654	0.991571
chr14	2000001	2250000	HAP1_chr14	HAP3_chr14	HAP1	HAP3	14	14	241217	241474	3850	478841	0.991960
chr14	2000001	2250000	HAP2_chr14	HAP3_chr14	HAP2	HAP3	14	14	242480	241474	180208	303746	0.406715
chr14	2250001	2500000	HAP1_chr14	HAP2_chr14	HAP1	HAP2	14	14	220586	216515	3468	433633	0.992002
chr14	2250001	2500000	HAP1_chr14	HAP3_chr14	HAP1	HAP3	14	14	220586	233833	3716	450703	0.991755
chr14	2250001	2500000	HAP2_chr14	HAP3_chr14	HAP2	HAP3	14	14	216515	233833	167400	282948	0.408372
chr14	2500001	2750000	HAP1_chr14	HAP2_chr14	HAP1	HAP2	14	14	181316	240160	3362	418114	0.991959
chr14	2500001	2750000	HAP1_chr14	HAP3_chr14	HAP1	HAP3	14	14	181316	240424	3207	418533	0.992338
chr14	2500001	2750000	HAP2_chr14	HAP3_chr14	HAP2	HAP3	14	14	240160	240424	191399	289185	0.338143
chr14	2750001	3000000	HAP1_chr14	HAP2_chr14	HAP1	HAP2	14	14	237700	228691	4422	461969	0.990428
chr14	2750001	3000000	HAP1_chr14	HAP3_chr14	HAP1	HAP3	14	14	237700	239361	3984	473077	0.991579
chr14	2750001	3000000	HAP2_chr14	HAP3_chr14	HAP2	HAP3	14	14	228691	239361	50325	417727	0.879527
chr14	3000001	3250000	HAP1_chr14	HAP2_chr14	HAP1	HAP2	14	14	241194	244490	3273	482411	0.993215
chr14	3000001	3250000	HAP1_chr14	HAP3_chr14	HAP1	HAP3	14	14	241194	231883	3757	469320	0.991995
chr14	3000001	3250000	HAP2_chr14	HAP3_chr14	HAP2	HAP3	14	14	244490	231883	60312	416061	0.855040
chr14	3250001	3500000	HAP1_chr14	HAP2_chr14	HAP1	HAP2	14	14	196116	242605	3963	434758	0.990885
chr14	3250001	3500000	HAP1_chr14	HAP3_chr14	HAP1	HAP3	14	14	196116	245016	3635	437497	0.991691
chr14	3250001	3500000	HAP2_chr14	HAP3_chr14	HAP2	HAP3	14	14	242605	245016	57361	430260	0.866683
chr14	3500001	3750000	HAP1_chr14	HAP2_chr14	HAP1	HAP2	14	14	224985	244863	2990	466858	0.993595
chr14	3500001	3750000	HAP1_chr14	HAP3_chr14	HAP1	HAP3	14	14	224985	243688	3532	465141	0.992407
chr14	3500001	3750000	HAP2_chr14	HAP3_chr14	HAP2	HAP3	14	14	244863	243688	56940	431611	0.868076
chr14	3750001	4000000	HAP1_chr14	HAP2_chr14	HAP1	HAP2	14	14	240382	230825	3980	467227	0.991482
chr14	3750001	4000000	HAP1_chr14	HAP3_chr14	HAP1	HAP3	14	14	240382	240704	3613	477473	0.992433
chr14	3750001	4000000	HAP2_chr14	HAP3_chr14	HAP2	HAP3	14	14	230825	240704	60122	411407	0.853862
chr14	4000001	4250000	HAP1_chr14	HAP2_chr14	HAP1	HAP2	14	14	226147	240315	6923	459539	0.984935
chr14	4000001	4250000	HAP1_chr14	HAP3_chr14	HAP1	HAP3	14	14	226147	240247	4586	461808	0.990069
chr14	4000001	4250000	HAP2_chr14	HAP3_chr14	HAP2	HAP3	14	14	240315	240247	67151	413411	0.837568
chr14	4250001	4500000	HAP1_chr14	HAP2_chr14	HAP1	HAP2	14	14	243761	241434	4600	480595	0.990429
chr14	4250001	4500000	HAP1_chr14	HAP3_chr14	HAP1	HAP3	14	14	243761	244854	3777	484838	0.992210
chr14	4250001	4500000	HAP2_chr14	HAP3_chr14	HAP2	HAP3	14	14	241434	244854	80131	406157	0.802709
chr14	4500001	4750000	HAP1_chr14	HAP2_chr14	HAP1	HAP2	14	14	237238	245520	4176	478582	0.991274
chr14	4500001	4750000	HAP1_chr14	HAP3_chr14	HAP1	HAP3	14	14	237238	242577	3884	475931	0.991839
chr14	4500001	4750000	HAP2_chr14	HAP3_chr14	HAP2	HAP3	14	14	245520	242577	88479	399618	0.778591
chr14	4750001	5000000	HAP1_chr14	HAP2_chr14	HAP1	HAP2	14	14	245305	241099	3138	483266	0.993507
chr14	4750001	5000000	HAP1_chr14	HAP3_chr14	HAP1	HAP3	14	14	245305	228758	2995	471068	0.993642
chr14	4750001	5000000	HAP2_chr14	HAP3_chr14	HAP2	HAP3	14	14	241099	228758	63942	405915	0.842474
chr14	5000001	5250000	HAP1_chr14	HAP2_chr14	HAP1	HAP2	14	14	243274	241479	3922	480831	0.991843
chr14	5000001	5250000	HAP1_chr14	HAP3_chr14	HAP1	HAP3	14	14	243274	244268	4213	483329	0.991283
chr14	5000001	5250000	HAP2_chr14	HAP3_chr14	HAP2	HAP3	14	14	241479	244268	86843	398904	0.782296
chr14	5250001	5500000	HAP1_chr14	HAP2_chr14	HAP1	HAP2	14	14	223300	244948	3881	464367	0.991642
chr14	5250001	5500000	HAP1_chr14	HAP3_chr14	HAP1	HAP3	14	14	223300	241755	4234	460821	0.990812
chr14	5250001	5500000	HAP2_chr14	HAP3_chr14	HAP2	HAP3	14	14	244948	241755	95224	391479	0.756758
chr14	5500001	5750000	HAP1_chr14	HAP2_chr14	HAP1	HAP2	14	14	238794	242194	4932	476056	0.989640
chr14	5500001	5750000	HAP1_chr14	HAP3_chr14	HAP1	HAP3	14	14	238794	223477	4259	458012	0.990701
chr14	5500001	5750000	HAP2_chr14	HAP3_chr14	HAP2	HAP3	14	14	242194	223477	89032	376639	0.763614
chr14	5750001	6000000	HAP1_chr14	HAP2_chr14	HAP1	HAP2	14	14	242857	241169	3715	480311	0.992265
chr14	5750001	6000000	HAP1_chr14	HAP3_chr14	HAP1	HAP3	14	14	242857	243625	3673	482809	0.992392
chr14	5750001	6000000	HAP2_chr14	HAP3_chr14	HAP2	HAP3	14	14	241169	243625	102389	382405	0.732250
chr14	6000001	6250000	HAP1_chr14	HAP2_chr14	HAP1	HAP2	14	14	243208	240276	4856	478628	0.989854
chr14	6000001	6250000	HAP1_chr14	HAP3_chr14	HAP1	HAP3	14	14	243208	237833	4122	476919	0.991357
chr14	6000001	6250000	HAP2_chr14	HAP3_chr14	HAP2	HAP3	14	14	240276	237833	92524	385585	0.760043
chr14	6250001	6500000	HAP1_chr14	HAP2_chr14	HAP1	HAP2	14	14	243201	239540	3798	478943	0.992070
chr14	6250001	6500000	HAP1_chr14	HAP3_chr14	HAP1	HAP3	14	14	243201	243701	3738	483164	0.992263
chr14	6250001	6500000	HAP2_chr14	HAP3_chr14	HAP2	HAP3	14	14	239540	243701	98212	385029	0.744923
chr14	6500001	6750000	HAP1_chr14	HAP2_chr14	HAP1	HAP2	14	14	242028	236951	4006	474973	0.991566
chr14	6500001	6750000	HAP1_chr14	HAP3_chr14	HAP1	HAP3	14	14	242028	236311	3621	474718	0.992372
chr14	6500001	6750000	HAP2_chr14	HAP3_chr14	HAP2	HAP3	14	14	236951	236311	91757	381505	0.759487
chr14	6750001	7000000	HAP1_chr14	HAP2_chr14	HAP1	HAP2	14	14	239333	241717	4003	477047	0.991609
chr14	6750001	7000000	HAP1_chr14	HAP3_chr14	HAP1	HAP3	14	14	239333	243483	3998	478818	0.991650
chr14	6750001	7000000	HAP2_chr14	HAP3_chr14	HAP2	HAP3	14	14	241717	243483	104960	380240	0.723964
chr14	7000001	7250000	HAP1_chr14	HAP2_chr14	HAP1	HAP2	14	14	242295	245231	4023	483503	0.991679
chr14	7000001	7250000	HAP1_chr14	HAP3_chr14	HAP1	HAP3	14	14	242295	245551	3317	484529	0.993154
chr14	7000001	7250000	HAP2_chr14	HAP3_chr14	HAP2	HAP3	14	14	245231	245551	105152	385630	0.727324
chr14	7250001	7500000	HAP1_chr14	HAP2_chr14	HAP1	HAP2	14	14	238961	241604	4476	476089	0.990598
chr14	7250001	7500000	HAP1_chr14	HAP3_chr14	HAP1	HAP3	14	14	238961	241707	5316	475352	0.988817
chr14	7250001	7500000	HAP2_chr14	HAP3_chr14	HAP2	HAP3	14	14	241604	241707	93828	389483	0.759096
chr14	7500001	7750000	HAP1_chr14	HAP2_chr14	HAP1	HAP2	14	14	233235	235722	110062	358895	0.693331
chr14	7500001	7750000	HAP1_chr14	HAP3_chr14	HAP1	HAP3	14	14	233235	241014	160731	313518	0.487331
chr14	7500001	7750000	HAP2_chr14	HAP3_chr14	HAP2	HAP3	14	14	235722	241014	86225	390511	0.779200
chr14	7750001	8000000	HAP1_chr14	HAP2_chr14	HAP1	HAP2	14	14	240971	242017	6024	476964	0.987370
chr14	7750001	8000000	HAP1_chr14	HAP3_chr14	HAP1	HAP3	14	14	240971	241994	4877	478088	0.989799
chr14	7750001	8000000	HAP2_chr14	HAP3_chr14	HAP2	HAP3	14	14	242017	241994	100401	383610	0.738273
chr14	8000001	8250000	HAP1_chr14	HAP2_chr14	HAP1	HAP2	14	14	245400	241256	4506	482150	0.990654
chr14	8000001	8250000	HAP1_chr14	HAP3_chr14	HAP1	HAP3	14	14	245400	236826	4452	477774	0.990682
chr14	8000001	8250000	HAP2_chr14	HAP3_chr14	HAP2	HAP3	14	14	241256	236826	71650	406432	0.823710
chr14	8250001	8500000	HAP1_chr14	HAP2_chr14	HAP1	HAP2	14	14	241498	243104	4011	480591	0.991654
chr14	8250001	8500000	HAP1_chr14	HAP3_chr14	HAP1	HAP3	14	14	241498	241081	4125	478454	0.991378
chr14	8250001	8500000	HAP2_chr14	HAP3_chr14	HAP2	HAP3	14	14	243104	241081	84413	399772	0.788847
chr14	8500001	8750000	HAP1_chr14	HAP2_chr14	HAP1	HAP2	14	14	241032	241364	4423	477973	0.990746
chr14	8500001	8750000	HAP1_chr14	HAP3_chr14	HAP1	HAP3	14	14	241032	243915	3640	481307	0.992437
chr14	8500001	8750000	HAP2_chr14	HAP3_chr14	HAP2	HAP3	14	14	241364	243915	77521	407758	0.809885
chr14	8750001	9000000	HAP1_chr14	HAP2_chr14	HAP1	HAP2	14	14	243123	244496	3770	483849	0.992208
chr14	8750001	9000000	HAP1_chr14	HAP3_chr14	HAP1	HAP3	14	14	243123	240492	3338	480277	0.993050
chr14	8750001	9000000	HAP2_chr14	HAP3_chr14	HAP2	HAP3	14	14	244496	240492	90721	394267	0.769900
chr14	9000001	9250000	HAP1_chr14	HAP2_chr14	HAP1	HAP2	14	14	236545	242986	3515	476016	0.992616
chr14	9000001	9250000	HAP1_chr14	HAP3_chr14	HAP1	HAP3	14	14	236545	234542	3992	467095	0.991454
chr14	9000001	9250000	HAP2_chr14	HAP3_chr14	HAP2	HAP3	14	14	242986	234542	71017	406511	0.825301
chr14	9250001	9500000	HAP1_chr14	HAP2_chr14	HAP1	HAP2	14	14	240341	240774	4464	476651	0.990635
chr14	9250001	9500000	HAP1_chr14	HAP3_chr14	HAP1	HAP3	14	14	240341	241201	3786	477756	0.992075
chr14	9250001	9500000	HAP2_chr14	HAP3_chr14	HAP2	HAP3	14	14	240774	241201	66174	415801	0.840852
chr14	9500001	9750000	HAP1_chr14	HAP2_chr14	HAP1	HAP2	14	14	244473	236069	4307	476235	0.990956
chr14	9500001	9750000	HAP1_chr14	HAP3_chr14	HAP1	HAP3	14	14	244473	239842	4391	479924	0.990851
chr14	9500001	9750000	HAP2_chr14	HAP3_chr14	HAP2	HAP3	14	14	236069	239842	55071	420840	0.869140
chr14	9750001	10000000	HAP1_chr14	HAP2_chr14	HAP1	HAP2	14	14	240498	233603	4220	469881	0.991019
chr14	9750001	10000000	HAP1_chr14	HAP3_chr14	HAP1	HAP3	14	14	240498	224742	4747	460493	0.989691
chr14	9750001	10000000	HAP2_chr14	HAP3_chr14	HAP2	HAP3	14	14	233603	224742	48884	409461	0.880614
chr14	10000001	10250000	HAP1_chr14	HAP2_chr14	HAP1	HAP2	14	14	243562	244939	4182	484319	0.991365
chr14	10000001	10250000	HAP1_chr14	HAP3_chr14	HAP1	HAP3	14	14	243562	243721	4086	483197	0.991544
chr14	10000001	10250000	HAP2_chr14	HAP3_chr14	HAP2	HAP3	14	14	244939	243721	49537	439123	0.887191
chr14	10250001	10500000	HAP1_chr14	HAP2_chr14	HAP1	HAP2	14	14	235446	242324	4610	473160	0.990257
chr14	10250001	10500000	HAP1_chr14	HAP3_chr14	HAP1	HAP3	14	14	235446	244782	3719	476509	0.992195
chr14	10250001	10500000	HAP2_chr14	HAP3_chr14	HAP2	HAP3	14	14	242324	244782	56775	430331	0.868067
chr14	10500001	10750000	HAP1_chr14	HAP2_chr14	HAP1	HAP2	14	14	242627	237580	3569	476638	0.992512
chr14	10500001	10750000	HAP1_chr14	HAP3_chr14	HAP1	HAP3	14	14	242627	241179	4209	479597	0.991224
chr14	10500001	10750000	HAP2_chr14	HAP3_chr14	HAP2	HAP3	14	14	237580	241179	35143	443616	0.920781
chr14	10750001	11000000	HAP1_chr14	HAP2_chr14	HAP1	HAP2	14	14	243841	240735	3764	480812	0.992172
chr14	10750001	11000000	HAP1_chr14	HAP3_chr14	HAP1	HAP3	14	14	243841	240342	4260	479923	0.991124
chr14	10750001	11000000	HAP2_chr14	HAP3_chr14	HAP2	HAP3	14	14	240735	240342	55135	425942	0.870557
chr14	11000001	11250000	HAP1_chr14	HAP2_chr14	HAP1	HAP2	14	14	240918	229152	4095	465975	0.991212
chr14	11000001	11250000	HAP1_chr14	HAP3_chr14	HAP1	HAP3	14	14	240918	224133	4336	460715	0.990589
chr14	11000001	11250000	HAP2_chr14	HAP3_chr14	HAP2	HAP3	14	14	229152	224133	80794	372491	0.783098
chr14	11250001	11500000	HAP1_chr14	HAP2_chr14	HAP1	HAP2	14	14	236384	236092	3578	468898	0.992369
chr14	11250001	11500000	HAP1_chr14	HAP3_chr14	HAP1	HAP3	14	14	236384	237276	3518	470142	0.992517
chr14	11250001	11500000	HAP2_chr14	HAP3_chr14	HAP2	HAP3	14	14	236092	237276	81554	391814	0.791855
chr14	11500001	11750000	HAP1_chr14	HAP2_chr14	HAP1	HAP2	14	14	241581	225520	3857	463244	0.991674
chr14	11500001	11750000	HAP1_chr14	HAP3_chr14	HAP1	HAP3	14	14	241581	239601	4112	477070	0.991381
chr14	11500001	11750000	HAP2_chr14	HAP3_chr14	HAP2	HAP3	14	14	225520	239601	52559	412562	0.872603
chr14	11750001	12000000	HAP1_chr14	HAP2_chr14	HAP1	HAP2	14	14	244587	188240	3466	429361	0.991928
chr14	11750001	12000000	HAP1_chr14	HAP3_chr14	HAP1	HAP3	14	14	244587	240273	3871	480989	0.991952
chr14	11750001	12000000	HAP2_chr14	HAP3_chr14	HAP2	HAP3	14	14	188240	240273	4285	424228	0.989899
chr14	12000001	12250000	HAP1_chr14	HAP2_chr14	HAP1	HAP2	14	14	244873	142813	2623	385063	0.993188
chr14	12000001	12250000	HAP1_chr14	HAP3_chr14	HAP1	HAP3	14	14	244873	241340	4954	481259	0.989706
chr14	12000001	12250000	HAP2_chr14	HAP3_chr14	HAP2	HAP3	14	14	142813	241340	3630	380523	0.990460
chr14	12250001	12500000	HAP1_chr14	HAP2_chr14	HAP1	HAP2	14	14	229849	215521	4245	441125	0.990377
chr14	12250001	12500000	HAP1_chr14	HAP3_chr14	HAP1	HAP3	14	14	229849	176223	3323	402749	0.991749
chr14	12250001	12500000	HAP2_chr14	HAP3_chr14	HAP2	HAP3	14	14	215521	176223	4549	387195	0.988251
chr14	12500001	12750000	HAP1_chr14	HAP2_chr14	HAP1	HAP2	14	14	242990	239667	3438	479219	0.992826
chr14	12500001	12750000	HAP1_chr14	HAP3_chr14	HAP1	HAP3	14	14	242990	241407	3594	480803	0.992525
chr14	12500001	12750000	HAP2_chr14	HAP3_chr14	HAP2	HAP3	14	14	239667	241407	4629	476445	0.990284
chr14	12750001	13000000	HAP1_chr14	HAP2_chr14	HAP1	HAP2	14	14	238447	173086	3259	408274	0.992018
chr14	12750001	13000000	HAP1_chr14	HAP3_chr14	HAP1	HAP3	14	14	238447	242604	4378	476673	0.990816
chr14	12750001	13000000	HAP2_chr14	HAP3_chr14	HAP2	HAP3	14	14	173086	242604	3749	411941	0.990899
chr14	13000001	13250000	HAP1_chr14	HAP2_chr14	HAP1	HAP2	14	14	239035	242261	3745	477551	0.992158
chr14	13000001	13250000	HAP1_chr14	HAP3_chr14	HAP1	HAP3	14	14	239035	241609	3724	476920	0.992192
chr14	13000001	13250000	HAP2_chr14	HAP3_chr14	HAP2	HAP3	14	14	242261	241609	4855	479015	0.989865
chr14	13250001	13500000	HAP1_chr14	HAP2_chr14	HAP1	HAP2	14	14	237067	243319	3842	476544	0.991938
chr14	13250001	13500000	HAP1_chr14	HAP3_chr14	HAP1	HAP3	14	14	237067	235194	5011	467250	0.989276
chr14	13250001	13500000	HAP2_chr14	HAP3_chr14	HAP2	HAP3	14	14	243319	235194	4708	473805	0.990063
chr14	13500001	13750000	HAP1_chr14	HAP2_chr14	HAP1	HAP2	14	14	242054	241971	3826	480199	0.992032
chr14	13500001	13750000	HAP1_chr14	HAP3_chr14	HAP1	HAP3	14	14	242054	237538	4028	475564	0.991530
chr14	13500001	13750000	HAP2_chr14	HAP3_chr14	HAP2	HAP3	14	14	241971	237538	4481	475028	0.990567
chr14	13750001	14000000	HAP1_chr14	HAP2_chr14	HAP1	HAP2	14	14	239501	242530	4018	478013	0.991594
chr14	13750001	14000000	HAP1_chr14	HAP3_chr14	HAP1	HAP3	14	14	239501	191610	3831	427280	0.991034
chr14	13750001	14000000	HAP2_chr14	HAP3_chr14	HAP2	HAP3	14	14	242530	191610	4008	430132	0.990682
chr14	14000001	14250000	HAP1_chr14	HAP2_chr14	HAP1	HAP2	14	14	223663	234681	3589	454755	0.992108
chr14	14000001	14250000	HAP1_chr14	HAP3_chr14	HAP1	HAP3	14	14	223663	187950	2928	408685	0.992836
chr14	14000001	14250000	HAP2_chr14	HAP3_chr14	HAP2	HAP3	14	14	234681	187950	3496	419135	0.991659
chr14	14250001	14500000	HAP1_chr14	HAP2_chr14	HAP1	HAP2	14	14	236271	223667	4723	455215	0.989625
chr14	14250001	14500000	HAP1_chr14	HAP3_chr14	HAP1	HAP3	14	14	236271	242680	6179	472772	0.986930
chr14	14250001	14500000	HAP2_chr14	HAP3_chr14	HAP2	HAP3	14	14	223667	242680	3954	462393	0.991449
chr14	14500001	14750000	HAP1_chr14	HAP2_chr14	HAP1	HAP2	14	14	241570	235018	3532	473056	0.992534
chr14	14500001	14750000	HAP1_chr14	HAP3_chr14	HAP1	HAP3	14	14	241570	243288	3189	481669	0.993379
chr14	14500001	14750000	HAP2_chr14	HAP3_chr14	HAP2	HAP3	14	14	235018	243288	4256	474050	0.991022
chr14	14750001	14979588	HAP1_chr14	HAP2_chr14	HAP1	HAP2	14	14	212457	222461	3544	431374	0.991784
chr14	14750001	14979588	HAP1_chr14	HAP3_chr14	HAP1	HAP3	14	14	212457	205397	1965	415889	0.995275
chr14	14750001	14979588	HAP2_chr14	HAP3_chr14	HAP2	HAP3	14	14	222461	205397	2516	425342	0.994085
chr15	1	250000	HAP1_chr15	HAP2_chr15	HAP1	HAP2	15	15	240923	240720	229633	252010	0.088794
chr15	1	250000	HAP1_chr15	HAP3_chr15	HAP1	HAP3	15	15	240923	238730	2667	476986	0.994409
chr15	1	250000	HAP2_chr15	HAP3_chr15	HAP2	HAP3	15	15	240720	238730	2706	476744	0.994324
chr15	250001	500000	HAP1_chr15	HAP2_chr15	HAP1	HAP2	15	15	245128	236994	159869	322253	0.503902
chr15	250001	500000	HAP1_chr15	HAP3_chr15	HAP1	HAP3	15	15	245128	220970	3707	462391	0.991983
chr15	250001	500000	HAP2_chr15	HAP3_chr15	HAP2	HAP3	15	15	236994	220970	3245	454719	0.992864
chr15	500001	750000	HAP1_chr15	HAP2_chr15	HAP1	HAP2	15	15	222242	210804	137769	295277	0.533425
chr15	500001	750000	HAP1_chr15	HAP3_chr15	HAP1	HAP3	15	15	222242	162885	3843	381284	0.989921
chr15	500001	750000	HAP2_chr15	HAP3_chr15	HAP2	HAP3	15	15	210804	162885	5511	368178	0.985032
chr15	750001	1000000	HAP1_chr15	HAP2_chr15	HAP1	HAP2	15	15	229374	237402	155169	311607	0.502036
chr15	750001	1000000	HAP1_chr15	HAP3_chr15	HAP1	HAP3	15	15	229374	206769	5583	430560	0.987033
chr15	750001	1000000	HAP2_chr15	HAP3_chr15	HAP2	HAP3	15	15	237402	206769	3467	440704	0.992133
chr15	1000001	1250000	HAP1_chr15	HAP2_chr15	HAP1	HAP2	15	15	241655	241104	158442	324317	0.511459
chr15	1000001	1250000	HAP1_chr15	HAP3_chr15	HAP1	HAP3	15	15	241655	244344	3360	482639	0.993038
chr15	1000001	1250000	HAP2_chr15	HAP3_chr15	HAP2	HAP3	15	15	241104	244344	3501	481947	0.992736
chr15	1250001	1500000	HAP1_chr15	HAP2_chr15	HAP1	HAP2	15	15	242811	241229	133063	350977	0.620878
chr15	1250001	1500000	HAP1_chr15	HAP3_chr15	HAP1	HAP3	15	15	242811	236825	5123	474513	0.989204
chr15	1250001	1500000	HAP2_chr15	HAP3_chr15	HAP2	HAP3	15	15	241229	236825	4656	473398	0.990165
chr15	1500001	1750000	HAP1_chr15	HAP2_chr15	HAP1	HAP2	15	15	197567	222381	103097	316851	0.674620
chr15	1500001	1750000	HAP1_chr15	HAP3_chr15	HAP1	HAP3	15	15	197567	242124	3588	436103	0.991773
chr15	1500001	1750000	HAP2_chr15	HAP3_chr15	HAP2	HAP3	15	15	222381	242124	4055	460450	0.991193
chr15	1750001	2000000	HAP1_chr15	HAP2_chr15	HAP1	HAP2	15	15	196909	122577	56730	262756	0.784096
chr15	1750001	2000000	HAP1_chr15	HAP3_chr15	HAP1	HAP3	15	15	196909	233600	3633	426876	0.991489
chr15	1750001	2000000	HAP2_chr15	HAP3_chr15	HAP2	HAP3	15	15	122577	233600	3669	352508	0.989592
chr15	2000001	2250000	HAP1_chr15	HAP2_chr15	HAP1	HAP2	15	15	241112	232240	157565	315787	0.501040
chr15	2000001	2250000	HAP1_chr15	HAP3_chr15	HAP1	HAP3	15	15	241112	245437	3286	483263	0.993200
chr15	2000001	2250000	HAP2_chr15	HAP3_chr15	HAP2	HAP3	15	15	232240	245437	3293	474384	0.993058
chr15	2250001	2500000	HAP1_chr15	HAP2_chr15	HAP1	HAP2	15	15	238685	244342	165455	317572	0.479000
chr15	2250001	2500000	HAP1_chr15	HAP3_chr15	HAP1	HAP3	15	15	238685	245024	3732	479977	0.992225
chr15	2250001	2500000	HAP2_chr15	HAP3_chr15	HAP2	HAP3	15	15	244342	245024	3489	485877	0.992819
chr15	2500001	2750000	HAP1_chr15	HAP2_chr15	HAP1	HAP2	15	15	242738	240636	149670	333704	0.551489
chr15	2500001	2750000	HAP1_chr15	HAP3_chr15	HAP1	HAP3	15	15	242738	233673	4740	471671	0.989951
chr15	2500001	2750000	HAP2_chr15	HAP3_chr15	HAP2	HAP3	15	15	240636	233673	4725	469584	0.989938
chr15	2750001	3000000	HAP1_chr15	HAP2_chr15	HAP1	HAP2	15	15	237784	243005	148566	332223	0.552812
chr15	2750001	3000000	HAP1_chr15	HAP3_chr15	HAP1	HAP3	15	15	237784	245307	3483	479608	0.992738
chr15	2750001	3000000	HAP2_chr15	HAP3_chr15	HAP2	HAP3	15	15	243005	245307	3581	484731	0.992612
chr15	3000001	3250000	HAP1_chr15	HAP2_chr15	HAP1	HAP2	15	15	239680	222579	131249	331010	0.603489
chr15	3000001	3250000	HAP1_chr15	HAP3_chr15	HAP1	HAP3	15	15	239680	240987	4230	476437	0.991122
chr15	3000001	3250000	HAP2_chr15	HAP3_chr15	HAP2	HAP3	15	15	222579	240987	3841	459725	0.991645
chr15	3250001	3500000	HAP1_chr15	HAP2_chr15	HAP1	HAP2	15	15	237401	236648	123877	350172	0.646240
chr15	3250001	3500000	HAP1_chr15	HAP3_chr15	HAP1	HAP3	15	15	237401	243356	3807	476950	0.992018
chr15	3250001	3500000	HAP2_chr15	HAP3_chr15	HAP2	HAP3	15	15	236648	243356	4242	475762	0.991084
chr15	3500001	3750000	HAP1_chr15	HAP2_chr15	HAP1	HAP2	15	15	245001	244995	129859	360137	0.639418
chr15	3500001	3750000	HAP1_chr15	HAP3_chr15	HAP1	HAP3	15	15	245001	242397	3452	483946	0.992867
chr15	3500001	3750000	HAP2_chr15	HAP3_chr15	HAP2	HAP3	15	15	244995	242397	3462	483930	0.992846
chr15	3750001	4000000	HAP1_chr15	HAP2_chr15	HAP1	HAP2	15	15	245100	244885	128993	360992	0.642671
chr15	3750001	4000000	HAP1_chr15	HAP3_chr15	HAP1	HAP3	15	15	245100	244639	2933	486806	0.993975
chr15	3750001	4000000	HAP2_chr15	HAP3_chr15	HAP2	HAP3	15	15	244885	244639	3200	486324	0.993420
chr15	4000001	4250000	HAP1_chr15	HAP2_chr15	HAP1	HAP2	15	15	196386	231655	104760	323281	0.675948
chr15	4000001	4250000	HAP1_chr15	HAP3_chr15	HAP1	HAP3	15	15	196386	244415	3550	437251	0.991881
chr15	4000001	4250000	HAP2_chr15	HAP3_chr15	HAP2	HAP3	15	15	231655	244415	4285	471785	0.990917
chr15	4250001	4500000	HAP1_chr15	HAP2_chr15	HAP1	HAP2	15	15	244370	243217	155852	331735	0.530191
chr15	4250001	4500000	HAP1_chr15	HAP3_chr15	HAP1	HAP3	15	15	244370	244443	3407	485406	0.992981
chr15	4250001	4500000	HAP2_chr15	HAP3_chr15	HAP2	HAP3	15	15	243217	244443	3206	484454	0.993382
chr15	4500001	4750000	HAP1_chr15	HAP2_chr15	HAP1	HAP2	15	15	243308	243419	159591	327136	0.512157
chr15	4500001	4750000	HAP1_chr15	HAP3_chr15	HAP1	HAP3	15	15	243308	243137	3380	483065	0.993003
chr15	4500001	4750000	HAP2_chr15	HAP3_chr15	HAP2	HAP3	15	15	243419	243137	3476	483080	0.992805
chr15	4750001	5000000	HAP1_chr15	HAP2_chr15	HAP1	HAP2	15	15	241939	243971	136079	349831	0.611015
chr15	4750001	5000000	HAP1_chr15	HAP3_chr15	HAP1	HAP3	15	15	241939	242542	3982	480499	0.991713
chr15	4750001	5000000	HAP2_chr15	HAP3_chr15	HAP2	HAP3	15	15	243971	242542	3929	482584	0.991858
chr15	5000001	5250000	HAP1_chr15	HAP2_chr15	HAP1	HAP2	15	15	243184	239335	147790	334729	0.558479
chr15	5000001	5250000	HAP1_chr15	HAP3_chr15	HAP1	HAP3	15	15	243184	243357	3999	482542	0.991713
chr15	5000001	5250000	HAP2_chr15	HAP3_chr15	HAP2	HAP3	15	15	239335	243357	4012	478680	0.991619
chr15	5250001	5500000	HAP1_chr15	HAP2_chr15	HAP1	HAP2	15	15	245263	243328	150216	338375	0.556066
chr15	5250001	5500000	HAP1_chr15	HAP3_chr15	HAP1	HAP3	15	15	245263	235571	3566	477268	0.992528
chr15	5250001	5500000	HAP2_chr15	HAP3_chr15	HAP2	HAP3	15	15	243328	235571	3651	475248	0.992318
chr15	5500001	5750000	HAP1_chr15	HAP2_chr15	HAP1	HAP2	15	15	244367	245557	152793	337131	0.546784
chr15	5500001	5750000	HAP1_chr15	HAP3_chr15	HAP1	HAP3	15	15	244367	242442	3702	483107	0.992337
chr15	5500001	5750000	HAP2_chr15	HAP3_chr15	HAP2	HAP3	15	15	245557	242442	3363	484636	0.993061
chr15	5750001	6000000	HAP1_chr15	HAP2_chr15	HAP1	HAP2	15	15	243502	238993	141902	340593	0.583368
chr15	5750001	6000000	HAP1_chr15	HAP3_chr15	HAP1	HAP3	15	15	243502	243603	5414	481691	0.988760
chr15	5750001	6000000	HAP2_chr15	HAP3_chr15	HAP2	HAP3	15	15	238993	243603	2966	479630	0.993816
chr15	6000001	6250000	HAP1_chr15	HAP2_chr15	HAP1	HAP2	15	15	241778	239882	129327	352333	0.632941
chr15	6000001	6250000	HAP1_chr15	HAP3_chr15	HAP1	HAP3	15	15	241778	240029	4700	477107	0.990149
chr15	6000001	6250000	HAP2_chr15	HAP3_chr15	HAP2	HAP3	15	15	239882	240029	4516	475395	0.990501
chr15	6250001	6500000	HAP1_chr15	HAP2_chr15	HAP1	HAP2	15	15	244350	244576	144426	344500	0.580766
chr15	6250001	6500000	HAP1_chr15	HAP3_chr15	HAP1	HAP3	15	15	244350	242307	4585	482072	0.990489
chr15	6250001	6500000	HAP2_chr15	HAP3_chr15	HAP2	HAP3	15	15	244576	242307	4802	482081	0.990039
chr15	6500001	6750000	HAP1_chr15	HAP2_chr15	HAP1	HAP2	15	15	243401	244780	153484	334697	0.541424
chr15	6500001	6750000	HAP1_chr15	HAP3_chr15	HAP1	HAP3	15	15	243401	239180	4965	477616	0.989605
chr15	6500001	6750000	HAP2_chr15	HAP3_chr15	HAP2	HAP3	15	15	244780	239180	4291	479669	0.991054
chr15	6750001	7000000	HAP1_chr15	HAP2_chr15	HAP1	HAP2	15	15	244785	245222	173826	316181	0.450233
chr15	6750001	7000000	HAP1_chr15	HAP3_chr15	HAP1	HAP3	15	15	244785	237360	3552	478593	0.992578
chr15	6750001	7000000	HAP2_chr15	HAP3_chr15	HAP2	HAP3	15	15	245222	237360	2900	479682	0.993954
chr15	7000001	7250000	HAP1_chr15	HAP2_chr15	HAP1	HAP2	15	15	244960	245100	176500	313560	0.437109
chr15	7000001	7250000	HAP1_chr15	HAP3_chr15	HAP1	HAP3	15	15	244960	242050	4042	482968	0.991631
chr15	7000001	7250000	HAP2_chr15	HAP3_chr15	HAP2	HAP3	15	15	245100	242050	3591	483559	0.992574
chr15	7250001	7500000	HAP1_chr15	HAP2_chr15	HAP1	HAP2	15	15	239406	234770	151069	323107	0.532449
chr15	7250001	7500000	HAP1_chr15	HAP3_chr15	HAP1	HAP3	15	15	239406	239890	3552	475744	0.992534
chr15	7250001	7500000	HAP2_chr15	HAP3_chr15	HAP2	HAP3	15	15	234770	239890	3918	470742	0.991677
chr15	7500001	7750000	HAP1_chr15	HAP2_chr15	HAP1	HAP2	15	15	243848	243165	155267	331746	0.531970
chr15	7500001	7750000	HAP1_chr15	HAP3_chr15	HAP1	HAP3	15	15	243848	241677	4643	480882	0.990345
chr15	7500001	7750000	HAP2_chr15	HAP3_chr15	HAP2	HAP3	15	15	243165	241677	4968	479874	0.989647
chr15	7750001	8000000	HAP1_chr15	HAP2_chr15	HAP1	HAP2	15	15	243422	238515	133936	348001	0.615128
chr15	7750001	8000000	HAP1_chr15	HAP3_chr15	HAP1	HAP3	15	15	243422	243361	4411	482372	0.990856
chr15	7750001	8000000	HAP2_chr15	HAP3_chr15	HAP2	HAP3	15	15	238515	243361	5331	476545	0.988813
chr15	8000001	8250000	HAP1_chr15	HAP2_chr15	HAP1	HAP2	15	15	244255	243277	128772	358760	0.641064
chr15	8000001	8250000	HAP1_chr15	HAP3_chr15	HAP1	HAP3	15	15	244255	216519	3990	456784	0.991265
chr15	8000001	8250000	HAP2_chr15	HAP3_chr15	HAP2	HAP3	15	15	243277	216519	4257	455539	0.990655
chr15	8250001	8500000	HAP1_chr15	HAP2_chr15	HAP1	HAP2	15	15	238268	235465	108217	365516	0.703934
chr15	8250001	8500000	HAP1_chr15	HAP3_chr15	HAP1	HAP3	15	15	238268	244575	3630	479213	0.992425
chr15	8250001	8500000	HAP2_chr15	HAP3_chr15	HAP2	HAP3	15	15	235465	244575	3647	476393	0.992345
chr15	8500001	8750000	HAP1_chr15	HAP2_chr15	HAP1	HAP2	15	15	243338	242207	109536	376009	0.708688
chr15	8500001	8750000	HAP1_chr15	HAP3_chr15	HAP1	HAP3	15	15	243338	240061	4156	479243	0.991328
chr15	8500001	8750000	HAP2_chr15	HAP3_chr15	HAP2	HAP3	15	15	242207	240061	3713	478555	0.992241
chr15	8750001	9000000	HAP1_chr15	HAP2_chr15	HAP1	HAP2	15	15	240611	243470	103135	380946	0.729266
chr15	8750001	9000000	HAP1_chr15	HAP3_chr15	HAP1	HAP3	15	15	240611	243225	3641	480195	0.992418
chr15	8750001	9000000	HAP2_chr15	HAP3_chr15	HAP2	HAP3	15	15	243470	243225	7477	479218	0.984397
chr15	9000001	9250000	HAP1_chr15	HAP2_chr15	HAP1	HAP2	15	15	242326	236956	86697	392585	0.779164
chr15	9000001	9250000	HAP1_chr15	HAP3_chr15	HAP1	HAP3	15	15	242326	243384	4577	481133	0.990487
chr15	9000001	9250000	HAP2_chr15	HAP3_chr15	HAP2	HAP3	15	15	236956	243384	4854	475486	0.989791
chr15	9250001	9500000	HAP1_chr15	HAP2_chr15	HAP1	HAP2	15	15	242203	242618	77728	407093	0.809066
chr15	9250001	9500000	HAP1_chr15	HAP3_chr15	HAP1	HAP3	15	15	242203	239803	4217	477789	0.991174
chr15	9250001	9500000	HAP2_chr15	HAP3_chr15	HAP2	HAP3	15	15	242618	239803	4043	478378	0.991549
chr15	9500001	9750000	HAP1_chr15	HAP2_chr15	HAP1	HAP2	15	15	234731	241946	49039	427638	0.885326
chr15	9500001	9750000	HAP1_chr15	HAP3_chr15	HAP1	HAP3	15	15	234731	243721	4188	474264	0.991169
chr15	9500001	9750000	HAP2_chr15	HAP3_chr15	HAP2	HAP3	15	15	241946	243721	4643	481024	0.990348
chr15	9750001	10000000	HAP1_chr15	HAP2_chr15	HAP1	HAP2	15	15	236665	236498	68190	404973	0.831618
chr15	9750001	10000000	HAP1_chr15	HAP3_chr15	HAP1	HAP3	15	15	236665	231765	5879	462551	0.987290
chr15	9750001	10000000	HAP2_chr15	HAP3_chr15	HAP2	HAP3	15	15	236498	231765	5606	462657	0.987883
chr15	10000001	10250000	HAP1_chr15	HAP2_chr15	HAP1	HAP2	15	15	241545	242312	87913	395944	0.777966
chr15	10000001	10250000	HAP1_chr15	HAP3_chr15	HAP1	HAP3	15	15	241545	244533	4618	481460	0.990408
chr15	10000001	10250000	HAP2_chr15	HAP3_chr15	HAP2	HAP3	15	15	242312	244533	6746	480099	0.985949
chr15	10250001	10500000	HAP1_chr15	HAP2_chr15	HAP1	HAP2	15	15	226513	243444	91091	378866	0.759569
chr15	10250001	10500000	HAP1_chr15	HAP3_chr15	HAP1	HAP3	15	15	226513	229428	4472	451469	0.990095
chr15	10250001	10500000	HAP2_chr15	HAP3_chr15	HAP2	HAP3	15	15	243444	229428	4551	468321	0.990282
chr15	10500001	10750000	HAP1_chr15	HAP2_chr15	HAP1	HAP2	15	15	240535	242188	114263	368460	0.689890
chr15	10500001	10750000	HAP1_chr15	HAP3_chr15	HAP1	HAP3	15	15	240535	216247	4284	452498	0.990533
chr15	10500001	10750000	HAP2_chr15	HAP3_chr15	HAP2	HAP3	15	15	242188	216247	5041	453394	0.988882
chr15	10750001	11000000	HAP1_chr15	HAP2_chr15	HAP1	HAP2	15	15	242906	242722	125396	360232	0.651902
chr15	10750001	11000000	HAP1_chr15	HAP3_chr15	HAP1	HAP3	15	15	242906	201673	6749	437830	0.984585
chr15	10750001	11000000	HAP2_chr15	HAP3_chr15	HAP2	HAP3	15	15	242722	201673	4864	439531	0.988934
chr15	11000001	11250000	HAP1_chr15	HAP2_chr15	HAP1	HAP2	15	15	206483	219770	113409	312844	0.637490
chr15	11000001	11250000	HAP1_chr15	HAP3_chr15	HAP1	HAP3	15	15	206483	59216	721	264978	0.997279
chr15	11000001	11250000	HAP2_chr15	HAP3_chr15	HAP2	HAP3	15	15	219770	59216	743	278243	0.997330
chr15	11250001	11500000	HAP1_chr15	HAP2_chr15	HAP1	HAP2	15	15	243701	244452	144350	343803	0.580137
chr15	11250001	11500000	HAP1_chr15	HAP3_chr15	HAP1	HAP3	15	15	243701	87299	1646	329354	0.995002
chr15	11250001	11500000	HAP2_chr15	HAP3_chr15	HAP2	HAP3	15	15	244452	87299	1444	330307	0.995628
chr15	11500001	11750000	HAP1_chr15	HAP2_chr15	HAP1	HAP2	15	15	242774	239930	149727	332977	0.550338
chr15	11500001	11750000	HAP1_chr15	HAP3_chr15	HAP1	HAP3	15	15	242774	227484	5048	465210	0.989149
chr15	11500001	11750000	HAP2_chr15	HAP3_chr15	HAP2	HAP3	15	15	239930	227484	6009	461405	0.986977
chr15	11750001	12000000	HAP1_chr15	HAP2_chr15	HAP1	HAP2	15	15	242467	238609	117673	363403	0.676191
chr15	11750001	12000000	HAP1_chr15	HAP3_chr15	HAP1	HAP3	15	15	242467	150097	2510	390054	0.993565
chr15	11750001	12000000	HAP2_chr15	HAP3_chr15	HAP2	HAP3	15	15	238609	150097	3066	385640	0.992050
chr16	1	250000	HAP1_chr16	HAP2_chr16	HAP1	HAP2	16	16	25748	7325	2949	30124	0.902105
chr16	1	250000	HAP1_chr16	HAP3_chr16	HAP1	HAP3	16	16	25748	245932	52	271628	0.999809
chr16	1	250000	HAP2_chr16	HAP3_chr16	HAP2	HAP3	16	16	7325	245932	16	253241	0.999937
chr16	250001	500000	HAP1_chr16	HAP2_chr16	HAP1	HAP2	16	16	237581	158166	2655	393092	0.993246
chr16	250001	500000	HAP1_chr16	HAP3_chr16	HAP1	HAP3	16	16	237581	243353	2678	478256	0.994400
chr16	250001	500000	HAP2_chr16	HAP3_chr16	HAP2	HAP3	16	16	158166	243353	1834	399685	0.995411
chr16	500001	750000	HAP1_chr16	HAP2_chr16	HAP1	HAP2	16	16	243666	242963	3712	482917	0.992313
chr16	500001	750000	HAP1_chr16	HAP3_chr16	HAP1	HAP3	16	16	243666	244417	3190	484893	0.993421
chr16	500001	750000	HAP2_chr16	HAP3_chr16	HAP2	HAP3	16	16	242963	244417	3728	483652	0.992292
chr16	750001	1000000	HAP1_chr16	HAP2_chr16	HAP1	HAP2	16	16	243605	239067	4561	478111	0.990460
chr16	750001	1000000	HAP1_chr16	HAP3_chr16	HAP1	HAP3	16	16	243605	240477	5156	478926	0.989234
chr16	750001	1000000	HAP2_chr16	HAP3_chr16	HAP2	HAP3	16	16	239067	240477	5308	474236	0.988807
chr16	1000001	1250000	HAP1_chr16	HAP2_chr16	HAP1	HAP2	16	16	242774	218010	4699	456085	0.989697
chr16	1000001	1250000	HAP1_chr16	HAP3_chr16	HAP1	HAP3	16	16	242774	175114	3376	414512	0.991855
chr16	1000001	1250000	HAP2_chr16	HAP3_chr16	HAP2	HAP3	16	16	218010	175114	2626	390498	0.993275
chr16	1250001	1500000	HAP1_chr16	HAP2_chr16	HAP1	HAP2	16	16	201163	228690	3686	426167	0.991351
chr16	1250001	1500000	HAP1_chr16	HAP3_chr16	HAP1	HAP3	16	16	201163	235300	3386	433077	0.992182
chr16	1250001	1500000	HAP2_chr16	HAP3_chr16	HAP2	HAP3	16	16	228690	235300	4163	459827	0.990947
chr16	1500001	1750000	HAP1_chr16	HAP2_chr16	HAP1	HAP2	16	16	244264	234628	5041	473851	0.989362
chr16	1500001	1750000	HAP1_chr16	HAP3_chr16	HAP1	HAP3	16	16	244264	219007	3628	459643	0.992107
chr16	1500001	1750000	HAP2_chr16	HAP3_chr16	HAP2	HAP3	16	16	234628	219007	5122	448513	0.988580
chr16	1750001	2000000	HAP1_chr16	HAP2_chr16	HAP1	HAP2	16	16	242679	221395	4562	459512	0.990072
chr16	1750001	2000000	HAP1_chr16	HAP3_chr16	HAP1	HAP3	16	16	242679	207270	23304	426645	0.945378
chr16	1750001	2000000	HAP2_chr16	HAP3_chr16	HAP2	HAP3	16	16	221395	207270	4978	423687	0.988251
chr16	2000001	2250000	HAP1_chr16	HAP2_chr16	HAP1	HAP2	16	16	232753	239647	5034	467366	0.989229
chr16	2000001	2250000	HAP1_chr16	HAP3_chr16	HAP1	HAP3	16	16	232753	237746	52968	417531	0.873140
chr16	2000001	2250000	HAP2_chr16	HAP3_chr16	HAP2	HAP3	16	16	239647	237746	5196	472197	0.988996
chr16	2250001	2500000	HAP1_chr16	HAP2_chr16	HAP1	HAP2	16	16	228647	239771	4621	463797	0.990037
chr16	2250001	2500000	HAP1_chr16	HAP3_chr16	HAP1	HAP3	16	16	228647	242401	59829	411219	0.854508
chr16	2250001	2500000	HAP2_chr16	HAP3_chr16	HAP2	HAP3	16	16	239771	242401	4903	477269	0.989727
chr16	2500001	2750000	HAP1_chr16	HAP2_chr16	HAP1	HAP2	16	16	240503	240915	5430	475988	0.988592
chr16	2500001	2750000	HAP1_chr16	HAP3_chr16	HAP1	HAP3	16	16	240503	242115	62462	420156	0.851336
chr16	2500001	2750000	HAP2_chr16	HAP3_chr16	HAP2	HAP3	16	16	240915	242115	6018	477012	0.987384
chr16	2750001	3000000	HAP1_chr16	HAP2_chr16	HAP1	HAP2	16	16	242720	237045	5619	474146	0.988149
chr16	2750001	3000000	HAP1_chr16	HAP3_chr16	HAP1	HAP3	16	16	242720	244216	69878	417058	0.832450
chr16	2750001	3000000	HAP2_chr16	HAP3_chr16	HAP2	HAP3	16	16	237045	244216	4523	476738	0.990513
chr16	3000001	3250000	HAP1_chr16	HAP2_chr16	HAP1	HAP2	16	16	243291	242889	4026	482154	0.991650
chr16	3000001	3250000	HAP1_chr16	HAP3_chr16	HAP1	HAP3	16	16	243291	236742	62313	417720	0.850826
chr16	3000001	3250000	HAP2_chr16	HAP3_chr16	HAP2	HAP3	16	16	242889	236742	5174	474457	0.989095
chr16	3250001	3500000	HAP1_chr16	HAP2_chr16	HAP1	HAP2	16	16	210154	241975	3477	448652	0.992250
chr16	3250001	3500000	HAP1_chr16	HAP3_chr16	HAP1	HAP3	16	16	210154	242112	44551	407715	0.890730
chr16	3250001	3500000	HAP2_chr16	HAP3_chr16	HAP2	HAP3	16	16	241975	242112	4293	479794	0.991052
chr16	3500001	3750000	HAP1_chr16	HAP2_chr16	HAP1	HAP2	16	16	240482	244312	3925	480869	0.991838
chr16	3500001	3750000	HAP1_chr16	HAP3_chr16	HAP1	HAP3	16	16	240482	242079	38121	444440	0.914227
chr16	3500001	3750000	HAP2_chr16	HAP3_chr16	HAP2	HAP3	16	16	244312	242079	3857	482534	0.992007
chr16	3750001	4000000	HAP1_chr16	HAP2_chr16	HAP1	HAP2	16	16	242606	180713	3731	419588	0.991108
chr16	3750001	4000000	HAP1_chr16	HAP3_chr16	HAP1	HAP3	16	16	242606	239840	50256	432190	0.883718
chr16	3750001	4000000	HAP2_chr16	HAP3_chr16	HAP2	HAP3	16	16	180713	239840	9091	411462	0.977906
chr16	4000001	4250000	HAP1_chr16	HAP2_chr16	HAP1	HAP2	16	16	225786	168849	3111	391524	0.992054
chr16	4000001	4250000	HAP1_chr16	HAP3_chr16	HAP1	HAP3	16	16	225786	241234	39461	427559	0.907706
chr16	4000001	4250000	HAP2_chr16	HAP3_chr16	HAP2	HAP3	16	16	168849	241234	3012	407071	0.992601
chr16	4250001	4500000	HAP1_chr16	HAP2_chr16	HAP1	HAP2	16	16	240584	237387	6662	471309	0.985865
chr16	4250001	4500000	HAP1_chr16	HAP3_chr16	HAP1	HAP3	16	16	240584	241287	29300	452571	0.935259
chr16	4250001	4500000	HAP2_chr16	HAP3_chr16	HAP2	HAP3	16	16	237387	241287	5251	473423	0.988908
chr16	4500001	4750000	HAP1_chr16	HAP2_chr16	HAP1	HAP2	16	16	242757	230022	4018	468761	0.991428
chr16	4500001	4750000	HAP1_chr16	HAP3_chr16	HAP1	HAP3	16	16	242757	243652	26301	460108	0.942837
chr16	4500001	4750000	HAP2_chr16	HAP3_chr16	HAP2	HAP3	16	16	230022	243652	3859	469815	0.991786
chr16	4750001	5000000	HAP1_chr16	HAP2_chr16	HAP1	HAP2	16	16	243459	240427	3597	480289	0.992511
chr16	4750001	5000000	HAP1_chr16	HAP3_chr16	HAP1	HAP3	16	16	243459	232245	43191	432513	0.900139
chr16	4750001	5000000	HAP2_chr16	HAP3_chr16	HAP2	HAP3	16	16	240427	232245	10543	462129	0.977186
chr16	5000001	5250000	HAP1_chr16	HAP2_chr16	HAP1	HAP2	16	16	195218	236245	3873	427590	0.990942
chr16	5000001	5250000	HAP1_chr16	HAP3_chr16	HAP1	HAP3	16	16	195218	211773	31883	375108	0.915003
chr16	5000001	5250000	HAP2_chr16	HAP3_chr16	HAP2	HAP3	16	16	236245	211773	5823	442195	0.986832
chr16	5250001	5500000	HAP1_chr16	HAP2_chr16	HAP1	HAP2	16	16	225240	231806	84695	372351	0.772540
chr16	5250001	5500000	HAP1_chr16	HAP3_chr16	HAP1	HAP3	16	16	225240	230103	46499	408844	0.886267
chr16	5250001	5500000	HAP2_chr16	HAP3_chr16	HAP2	HAP3	16	16	231806	230103	128924	332985	0.612823
chr16	5500001	5750000	HAP1_chr16	HAP2_chr16	HAP1	HAP2	16	16	241245	189347	5009	425583	0.988230
chr16	5500001	5750000	HAP1_chr16	HAP3_chr16	HAP1	HAP3	16	16	241245	238039	73684	405600	0.818333
chr16	5500001	5750000	HAP2_chr16	HAP3_chr16	HAP2	HAP3	16	16	189347	238039	3592	423794	0.991524
chr16	5750001	6000000	HAP1_chr16	HAP2_chr16	HAP1	HAP2	16	16	237148	240902	7062	470988	0.985006
chr16	5750001	6000000	HAP1_chr16	HAP3_chr16	HAP1	HAP3	16	16	237148	236635	83882	389901	0.784863
chr16	5750001	6000000	HAP2_chr16	HAP3_chr16	HAP2	HAP3	16	16	240902	236635	7473	470064	0.984102
chr16	6000001	6250000	HAP1_chr16	HAP2_chr16	HAP1	HAP2	16	16	210173	236671	5649	441195	0.987196
chr16	6000001	6250000	HAP1_chr16	HAP3_chr16	HAP1	HAP3	16	16	210173	110981	73286	247868	0.704335
chr16	6000001	6250000	HAP2_chr16	HAP3_chr16	HAP2	HAP3	16	16	236671	110981	1945	345707	0.994374
chr16	6250001	6500000	HAP1_chr16	HAP2_chr16	HAP1	HAP2	16	16	148608	240689	2238	387059	0.994218
chr16	6250001	6500000	HAP1_chr16	HAP3_chr16	HAP1	HAP3	16	16	148608	202866	125196	226278	0.446716
chr16	6250001	6500000	HAP2_chr16	HAP3_chr16	HAP2	HAP3	16	16	240689	202866	3722	439833	0.991538
chr16	6500001	6750000	HAP1_chr16	HAP2_chr16	HAP1	HAP2	16	16	239895	239506	6506	472895	0.986242
chr16	6500001	6750000	HAP1_chr16	HAP3_chr16	HAP1	HAP3	16	16	239895	240730	162215	318410	0.490547
chr16	6500001	6750000	HAP2_chr16	HAP3_chr16	HAP2	HAP3	16	16	239506	240730	5977	474259	0.987397
chr16	6750001	7000000	HAP1_chr16	HAP2_chr16	HAP1	HAP2	16	16	170937	243412	1982	412367	0.995194
chr16	6750001	7000000	HAP1_chr16	HAP3_chr16	HAP1	HAP3	16	16	170937	138712	86426	223223	0.612827
chr16	6750001	7000000	HAP2_chr16	HAP3_chr16	HAP2	HAP3	16	16	243412	138712	1491	380633	0.996083
chr16	7000001	7250000	HAP1_chr16	HAP2_chr16	HAP1	HAP2	16	16	163257	240743	2689	401311	0.993299
chr16	7000001	7250000	HAP1_chr16	HAP3_chr16	HAP1	HAP3	16	16	163257	99403	65436	197224	0.668215
chr16	7000001	7250000	HAP2_chr16	HAP3_chr16	HAP2	HAP3	16	16	240743	99403	1116	339030	0.996708
chr16	7250001	7500000	HAP1_chr16	HAP2_chr16	HAP1	HAP2	16	16	94130	242628	1418	335340	0.995771
chr16	7250001	7500000	HAP1_chr16	HAP3_chr16	HAP1	HAP3	16	16	94130	109749	5124	198755	0.974220
chr16	7250001	7500000	HAP2_chr16	HAP3_chr16	HAP2	HAP3	16	16	242628	109749	1135	351242	0.996769
chr16	7500001	7750000	HAP1_chr16	HAP2_chr16	HAP1	HAP2	16	16	99771	236176	1439	334508	0.995698
chr16	7500001	7750000	HAP1_chr16	HAP3_chr16	HAP1	HAP3	16	16	99771	122096	65578	156289	0.580406
chr16	7500001	7750000	HAP2_chr16	HAP3_chr16	HAP2	HAP3	16	16	236176	122096	1390	356882	0.996105
chr16	7750001	8000000	HAP1_chr16	HAP2_chr16	HAP1	HAP2	16	16	149985	241701	2552	389134	0.993442
chr16	7750001	8000000	HAP1_chr16	HAP3_chr16	HAP1	HAP3	16	16	149985	120421	88083	182323	0.516885
chr16	7750001	8000000	HAP2_chr16	HAP3_chr16	HAP2	HAP3	16	16	241701	120421	1783	360339	0.995052
chr16	8000001	8250000	HAP1_chr16	HAP2_chr16	HAP1	HAP2	16	16	239686	241852	3072	478466	0.993579
chr16	8000001	8250000	HAP1_chr16	HAP3_chr16	HAP1	HAP3	16	16	239686	240646	137256	343076	0.599925
chr16	8000001	8250000	HAP2_chr16	HAP3_chr16	HAP2	HAP3	16	16	241852	240646	3255	479243	0.993208
chr16	8250001	8500000	HAP1_chr16	HAP2_chr16	HAP1	HAP2	16	16	242851	240607	6385	477073	0.986616
chr16	8250001	8500000	HAP1_chr16	HAP3_chr16	HAP1	HAP3	16	16	242851	242278	150502	334627	0.550240
chr16	8250001	8500000	HAP2_chr16	HAP3_chr16	HAP2	HAP3	16	16	240607	242278	4106	478779	0.991424
chr16	8500001	8750000	HAP1_chr16	HAP2_chr16	HAP1	HAP2	16	16	240923	230528	4748	466703	0.989827
chr16	8500001	8750000	HAP1_chr16	HAP3_chr16	HAP1	HAP3	16	16	240923	236877	131466	346334	0.620407
chr16	8500001	8750000	HAP2_chr16	HAP3_chr16	HAP2	HAP3	16	16	230528	236877	6153	461252	0.986660
chr16	8750001	9000000	HAP1_chr16	HAP2_chr16	HAP1	HAP2	16	16	239279	216846	4263	451862	0.990566
chr16	8750001	9000000	HAP1_chr16	HAP3_chr16	HAP1	HAP3	16	16	239279	243263	126195	356347	0.645865
chr16	8750001	9000000	HAP2_chr16	HAP3_chr16	HAP2	HAP3	16	16	216846	243263	3624	456485	0.992061
chr16	9000001	9250000	HAP1_chr16	HAP2_chr16	HAP1	HAP2	16	16	232942	244040	3934	473048	0.991684
chr16	9000001	9250000	HAP1_chr16	HAP3_chr16	HAP1	HAP3	16	16	232942	243347	144745	331544	0.563421
chr16	9000001	9250000	HAP2_chr16	HAP3_chr16	HAP2	HAP3	16	16	244040	243347	4067	483320	0.991585
chr16	9250001	9500000	HAP1_chr16	HAP2_chr16	HAP1	HAP2	16	16	234572	233831	4404	463999	0.990509
chr16	9250001	9500000	HAP1_chr16	HAP3_chr16	HAP1	HAP3	16	16	234572	148666	47603	335635	0.858170
chr16	9250001	9500000	HAP2_chr16	HAP3_chr16	HAP2	HAP3	16	16	233831	148666	2226	380271	0.994146
chr16	9500001	9750000	HAP1_chr16	HAP2_chr16	HAP1	HAP2	16	16	240242	240402	4977	475667	0.989537
chr16	9500001	9750000	HAP1_chr16	HAP3_chr16	HAP1	HAP3	16	16	240242	240462	53882	426822	0.873760
chr16	9500001	9750000	HAP2_chr16	HAP3_chr16	HAP2	HAP3	16	16	240402	240462	5736	475128	0.987927
chr16	9750001	10000000	HAP1_chr16	HAP2_chr16	HAP1	HAP2	16	16	239465	243369	5571	477263	0.988327
chr16	9750001	10000000	HAP1_chr16	HAP3_chr16	HAP1	HAP3	16	16	239465	240123	60322	419266	0.856125
chr16	9750001	10000000	HAP2_chr16	HAP3_chr16	HAP2	HAP3	16	16	243369	240123	4614	478878	0.990365
chr16	10000001	10250000	HAP1_chr16	HAP2_chr16	HAP1	HAP2	16	16	207851	243329	4235	446945	0.990525
chr16	10000001	10250000	HAP1_chr16	HAP3_chr16	HAP1	HAP3	16	16	207851	240170	56689	391332	0.855138
chr16	10000001	10250000	HAP2_chr16	HAP3_chr16	HAP2	HAP3	16	16	243329	240170	4626	478873	0.990340
chr16	10250001	10500000	HAP1_chr16	HAP2_chr16	HAP1	HAP2	16	16	223192	245067	4358	463901	0.990606
chr16	10250001	10500000	HAP1_chr16	HAP3_chr16	HAP1	HAP3	16	16	223192	233959	94890	362261	0.738062
chr16	10250001	10500000	HAP2_chr16	HAP3_chr16	HAP2	HAP3	16	16	245067	233959	4172	474854	0.991214
chr16	10500001	10750000	HAP1_chr16	HAP2_chr16	HAP1	HAP2	16	16	228673	110620	1632	337661	0.995167
chr16	10500001	10750000	HAP1_chr16	HAP3_chr16	HAP1	HAP3	16	16	228673	240992	60524	409141	0.852071
chr16	10500001	10750000	HAP2_chr16	HAP3_chr16	HAP2	HAP3	16	16	110620	240992	1576	350036	0.995498
chr16	10750001	11000000	HAP1_chr16	HAP2_chr16	HAP1	HAP2	16	16	217422	13643	17	231048	0.999926
chr16	10750001	11000000	HAP1_chr16	HAP3_chr16	HAP1	HAP3	16	16	217422	150633	1808	366247	0.995063
chr16	10750001	11000000	HAP2_chr16	HAP3_chr16	HAP2	HAP3	16	16	13643	150633	3223	161053	0.979988
chr16	11000001	11250000	HAP1_chr16	HAP2_chr16	HAP1	HAP2	16	16	200928	11239	52	212115	0.999755
chr16	11000001	11250000	HAP1_chr16	HAP3_chr16	HAP1	HAP3	16	16	200928	14786	18	215696	0.999917
chr16	11000001	11250000	HAP2_chr16	HAP3_chr16	HAP2	HAP3	16	16	11239	14786	2569	23456	0.890476
chr16	11250001	11307787	HAP1_chr16	HAP2_chr16	HAP1	HAP2	16	16	57104	2418	0	59522	1.000000
chr16	11250001	11307787	HAP1_chr16	HAP3_chr16	HAP1	HAP3	16	16	57104	6685	2	63787	0.999969
chr16	11250001	11307787	HAP2_chr16	HAP3_chr16	HAP2	HAP3	16	16	2418	6685	130	8973	0.985512
chr17	1	250000	HAP1_chr17	HAP2_chr17	HAP1	HAP2	17	17	245341	245177	190689	299829	0.364007
chr17	1	250000	HAP1_chr17	HAP3_chr17	HAP1	HAP3	17	17	245341	239471	2467	482345	0.994885
chr17	1	250000	HAP2_chr17	HAP3_chr17	HAP2	HAP3	17	17	245177	239471	2694	481954	0.994410
chr17	250001	500000	HAP1_chr17	HAP2_chr17	HAP1	HAP2	17	17	246239	244755	191016	299978	0.363233
chr17	250001	500000	HAP1_chr17	HAP3_chr17	HAP1	HAP3	17	17	246239	225167	4376	467030	0.990630
chr17	250001	500000	HAP2_chr17	HAP3_chr17	HAP2	HAP3	17	17	244755	225167	3678	466244	0.992111
chr17	500001	750000	HAP1_chr17	HAP2_chr17	HAP1	HAP2	17	17	241071	240972	173029	309014	0.440061
chr17	500001	750000	HAP1_chr17	HAP3_chr17	HAP1	HAP3	17	17	241071	242151	4302	478920	0.991017
chr17	500001	750000	HAP2_chr17	HAP3_chr17	HAP2	HAP3	17	17	240972	242151	3865	479258	0.991935
chr17	750001	1000000	HAP1_chr17	HAP2_chr17	HAP1	HAP2	17	17	216801	224174	161188	279787	0.423890
chr17	750001	1000000	HAP1_chr17	HAP3_chr17	HAP1	HAP3	17	17	216801	243706	4163	456344	0.990877
chr17	750001	1000000	HAP2_chr17	HAP3_chr17	HAP2	HAP3	17	17	224174	243706	4342	463538	0.990633
chr17	1000001	1250000	HAP1_chr17	HAP2_chr17	HAP1	HAP2	17	17	216319	172659	124463	264515	0.529467
chr17	1000001	1250000	HAP1_chr17	HAP3_chr17	HAP1	HAP3	17	17	216319	243624	3271	456672	0.992837
chr17	1000001	1250000	HAP2_chr17	HAP3_chr17	HAP2	HAP3	17	17	172659	243624	2443	413840	0.994097
chr17	1250001	1500000	HAP1_chr17	HAP2_chr17	HAP1	HAP2	17	17	233314	236716	137568	332462	0.586214
chr17	1250001	1500000	HAP1_chr17	HAP3_chr17	HAP1	HAP3	17	17	233314	239155	3781	468688	0.991933
chr17	1250001	1500000	HAP2_chr17	HAP3_chr17	HAP2	HAP3	17	17	236716	239155	3463	472408	0.992669
chr17	1500001	1750000	HAP1_chr17	HAP2_chr17	HAP1	HAP2	17	17	236259	242110	159956	318413	0.497646
chr17	1500001	1750000	HAP1_chr17	HAP3_chr17	HAP1	HAP3	17	17	236259	231915	3628	464546	0.992190
chr17	1500001	1750000	HAP2_chr17	HAP3_chr17	HAP2	HAP3	17	17	242110	231915	3211	470814	0.993180
chr17	1750001	2000000	HAP1_chr17	HAP2_chr17	HAP1	HAP2	17	17	232925	235063	161969	306019	0.470722
chr17	1750001	2000000	HAP1_chr17	HAP3_chr17	HAP1	HAP3	17	17	232925	241693	4415	470203	0.990610
chr17	1750001	2000000	HAP2_chr17	HAP3_chr17	HAP2	HAP3	17	17	235063	241693	3799	472957	0.991968
chr17	2000001	2250000	HAP1_chr17	HAP2_chr17	HAP1	HAP2	17	17	240046	231788	144568	327266	0.558255
chr17	2000001	2250000	HAP1_chr17	HAP3_chr17	HAP1	HAP3	17	17	240046	243579	4315	479310	0.990997
chr17	2000001	2250000	HAP2_chr17	HAP3_chr17	HAP2	HAP3	17	17	231788	243579	3706	471661	0.992143
chr17	2250001	2500000	HAP1_chr17	HAP2_chr17	HAP1	HAP2	17	17	243488	242343	148783	337048	0.558570
chr17	2250001	2500000	HAP1_chr17	HAP3_chr17	HAP1	HAP3	17	17	243488	238093	4802	476779	0.989928
chr17	2250001	2500000	HAP2_chr17	HAP3_chr17	HAP2	HAP3	17	17	242343	238093	5052	475384	0.989373
chr17	2500001	2750000	HAP1_chr17	HAP2_chr17	HAP1	HAP2	17	17	244525	242040	141743	344822	0.588939
chr17	2500001	2750000	HAP1_chr17	HAP3_chr17	HAP1	HAP3	17	17	244525	235868	3693	476700	0.992253
chr17	2500001	2750000	HAP2_chr17	HAP3_chr17	HAP2	HAP3	17	17	242040	235868	3926	473982	0.991717
chr17	2750001	3000000	HAP1_chr17	HAP2_chr17	HAP1	HAP2	17	17	243037	243294	138937	347394	0.600059
chr17	2750001	3000000	HAP1_chr17	HAP3_chr17	HAP1	HAP3	17	17	243037	236375	3845	475567	0.991915
chr17	2750001	3000000	HAP2_chr17	HAP3_chr17	HAP2	HAP3	17	17	243294	236375	3342	476327	0.992984
chr17	3000001	3250000	HAP1_chr17	HAP2_chr17	HAP1	HAP2	17	17	242115	245036	142886	344265	0.584953
chr17	3000001	3250000	HAP1_chr17	HAP3_chr17	HAP1	HAP3	17	17	242115	243327	4545	480897	0.990549
chr17	3000001	3250000	HAP2_chr17	HAP3_chr17	HAP2	HAP3	17	17	245036	243327	3815	484548	0.992127
chr17	3250001	3500000	HAP1_chr17	HAP2_chr17	HAP1	HAP2	17	17	243660	243500	152405	334755	0.544727
chr17	3250001	3500000	HAP1_chr17	HAP3_chr17	HAP1	HAP3	17	17	243660	237806	4097	477369	0.991418
chr17	3250001	3500000	HAP2_chr17	HAP3_chr17	HAP2	HAP3	17	17	243500	237806	5704	475602	0.988007
chr17	3500001	3750000	HAP1_chr17	HAP2_chr17	HAP1	HAP2	17	17	242348	244364	150814	335898	0.551013
chr17	3500001	3750000	HAP1_chr17	HAP3_chr17	HAP1	HAP3	17	17	242348	239753	6718	475383	0.985868
chr17	3500001	3750000	HAP2_chr17	HAP3_chr17	HAP2	HAP3	17	17	244364	239753	6223	477894	0.986978
chr17	3750001	4000000	HAP1_chr17	HAP2_chr17	HAP1	HAP2	17	17	245308	245054	143056	347306	0.588098
chr17	3750001	4000000	HAP1_chr17	HAP3_chr17	HAP1	HAP3	17	17	245308	236598	5218	476688	0.989054
chr17	3750001	4000000	HAP2_chr17	HAP3_chr17	HAP2	HAP3	17	17	245054	236598	3904	477748	0.991828
chr17	4000001	4250000	HAP1_chr17	HAP2_chr17	HAP1	HAP2	17	17	244981	246244	168846	322379	0.476250
chr17	4000001	4250000	HAP1_chr17	HAP3_chr17	HAP1	HAP3	17	17	244981	239722	3720	480983	0.992266
chr17	4000001	4250000	HAP2_chr17	HAP3_chr17	HAP2	HAP3	17	17	246244	239722	3245	482721	0.993278
chr17	4250001	4500000	HAP1_chr17	HAP2_chr17	HAP1	HAP2	17	17	243965	242409	160531	325843	0.507336
chr17	4250001	4500000	HAP1_chr17	HAP3_chr17	HAP1	HAP3	17	17	243965	241808	3305	482468	0.993150
chr17	4250001	4500000	HAP2_chr17	HAP3_chr17	HAP2	HAP3	17	17	242409	241808	3550	480667	0.992614
chr17	4500001	4750000	HAP1_chr17	HAP2_chr17	HAP1	HAP2	17	17	246330	245894	165808	326416	0.492035
chr17	4500001	4750000	HAP1_chr17	HAP3_chr17	HAP1	HAP3	17	17	246330	242004	3659	484675	0.992451
chr17	4500001	4750000	HAP2_chr17	HAP3_chr17	HAP2	HAP3	17	17	245894	242004	4282	483616	0.991146
chr17	4750001	5000000	HAP1_chr17	HAP2_chr17	HAP1	HAP2	17	17	246088	246506	169745	322849	0.474228
chr17	4750001	5000000	HAP1_chr17	HAP3_chr17	HAP1	HAP3	17	17	246088	243860	3370	486578	0.993074
chr17	4750001	5000000	HAP2_chr17	HAP3_chr17	HAP2	HAP3	17	17	246506	243860	3122	487244	0.993593
chr17	5000001	5250000	HAP1_chr17	HAP2_chr17	HAP1	HAP2	17	17	245414	245351	163005	327760	0.502670
chr17	5000001	5250000	HAP1_chr17	HAP3_chr17	HAP1	HAP3	17	17	245414	242659	3908	484165	0.991928
chr17	5000001	5250000	HAP2_chr17	HAP3_chr17	HAP2	HAP3	17	17	245351	242659	3450	484560	0.992880
chr17	5250001	5500000	HAP1_chr17	HAP2_chr17	HAP1	HAP2	17	17	246786	245562	170350	321998	0.470959
chr17	5250001	5500000	HAP1_chr17	HAP3_chr17	HAP1	HAP3	17	17	246786	244639	3293	488132	0.993254
chr17	5250001	5500000	HAP2_chr17	HAP3_chr17	HAP2	HAP3	17	17	245562	244639	4378	485823	0.990988
chr17	5500001	5750000	HAP1_chr17	HAP2_chr17	HAP1	HAP2	17	17	239483	246319	159865	325937	0.509522
chr17	5500001	5750000	HAP1_chr17	HAP3_chr17	HAP1	HAP3	17	17	239483	245042	3343	481182	0.993053
chr17	5500001	5750000	HAP2_chr17	HAP3_chr17	HAP2	HAP3	17	17	246319	245042	2908	488453	0.994047
chr17	5750001	6000000	HAP1_chr17	HAP2_chr17	HAP1	HAP2	17	17	243409	243989	175870	311528	0.435460
chr17	5750001	6000000	HAP1_chr17	HAP3_chr17	HAP1	HAP3	17	17	243409	242949	3663	482695	0.992411
chr17	5750001	6000000	HAP2_chr17	HAP3_chr17	HAP2	HAP3	17	17	243989	242949	3772	483166	0.992193
chr17	6000001	6250000	HAP1_chr17	HAP2_chr17	HAP1	HAP2	17	17	246342	232338	166514	312166	0.466585
chr17	6000001	6250000	HAP1_chr17	HAP3_chr17	HAP1	HAP3	17	17	246342	245724	2675	489391	0.994534
chr17	6000001	6250000	HAP2_chr17	HAP3_chr17	HAP2	HAP3	17	17	232338	245724	2524	475538	0.994692
chr17	6250001	6500000	HAP1_chr17	HAP2_chr17	HAP1	HAP2	17	17	243931	243028	166773	320186	0.479137
chr17	6250001	6500000	HAP1_chr17	HAP3_chr17	HAP1	HAP3	17	17	243931	242649	3653	482927	0.992436
chr17	6250001	6500000	HAP2_chr17	HAP3_chr17	HAP2	HAP3	17	17	243028	242649	3121	482556	0.993532
chr17	6500001	6750000	HAP1_chr17	HAP2_chr17	HAP1	HAP2	17	17	244166	244232	170627	317771	0.463050
chr17	6500001	6750000	HAP1_chr17	HAP3_chr17	HAP1	HAP3	17	17	244166	243764	147216	340714	0.567919
chr17	6500001	6750000	HAP2_chr17	HAP3_chr17	HAP2	HAP3	17	17	244232	243764	170048	317948	0.465170
chr17	6750001	7000000	HAP1_chr17	HAP2_chr17	HAP1	HAP2	17	17	244474	242763	167985	319252	0.473817
chr17	6750001	7000000	HAP1_chr17	HAP3_chr17	HAP1	HAP3	17	17	244474	245226	3410	486290	0.992988
chr17	6750001	7000000	HAP2_chr17	HAP3_chr17	HAP2	HAP3	17	17	242763	245226	3368	484621	0.993050
chr17	7000001	7250000	HAP1_chr17	HAP2_chr17	HAP1	HAP2	17	17	241528	244199	179317	306410	0.414781
chr17	7000001	7250000	HAP1_chr17	HAP3_chr17	HAP1	HAP3	17	17	241528	246512	3075	484965	0.993659
chr17	7000001	7250000	HAP2_chr17	HAP3_chr17	HAP2	HAP3	17	17	244199	246512	2961	487750	0.993929
chr17	7250001	7500000	HAP1_chr17	HAP2_chr17	HAP1	HAP2	17	17	243955	243544	168971	318528	0.469525
chr17	7250001	7500000	HAP1_chr17	HAP3_chr17	HAP1	HAP3	17	17	243955	244903	3448	485410	0.992897
chr17	7250001	7500000	HAP2_chr17	HAP3_chr17	HAP2	HAP3	17	17	243544	244903	3618	484829	0.992538
chr17	7500001	7750000	HAP1_chr17	HAP2_chr17	HAP1	HAP2	17	17	245077	244649	177235	312491	0.432832
chr17	7500001	7750000	HAP1_chr17	HAP3_chr17	HAP1	HAP3	17	17	245077	244862	3253	486686	0.993316
chr17	7500001	7750000	HAP2_chr17	HAP3_chr17	HAP2	HAP3	17	17	244649	244862	3523	485988	0.992751
chr17	7750001	8000000	HAP1_chr17	HAP2_chr17	HAP1	HAP2	17	17	244649	243907	159390	329166	0.515776
chr17	7750001	8000000	HAP1_chr17	HAP3_chr17	HAP1	HAP3	17	17	244649	245770	3007	487412	0.993831
chr17	7750001	8000000	HAP2_chr17	HAP3_chr17	HAP2	HAP3	17	17	243907	245770	4014	485663	0.991735
chr17	8000001	8250000	HAP1_chr17	HAP2_chr17	HAP1	HAP2	17	17	244803	245291	167008	323086	0.483085
chr17	8000001	8250000	HAP1_chr17	HAP3_chr17	HAP1	HAP3	17	17	244803	245859	2817	487845	0.994226
chr17	8000001	8250000	HAP2_chr17	HAP3_chr17	HAP2	HAP3	17	17	245291	245859	2795	488355	0.994277
chr17	8250001	8500000	HAP1_chr17	HAP2_chr17	HAP1	HAP2	17	17	238955	241406	173236	307125	0.435943
chr17	8250001	8500000	HAP1_chr17	HAP3_chr17	HAP1	HAP3	17	17	238955	246227	3486	481696	0.992763
chr17	8250001	8500000	HAP2_chr17	HAP3_chr17	HAP2	HAP3	17	17	241406	246227	3599	484034	0.992565
chr17	8500001	8750000	HAP1_chr17	HAP2_chr17	HAP1	HAP2	17	17	244786	240356	156924	328218	0.521891
chr17	8500001	8750000	HAP1_chr17	HAP3_chr17	HAP1	HAP3	17	17	244786	244570	3865	485491	0.992039
chr17	8500001	8750000	HAP2_chr17	HAP3_chr17	HAP2	HAP3	17	17	240356	244570	3185	481741	0.993389
chr17	8750001	9000000	HAP1_chr17	HAP2_chr17	HAP1	HAP2	17	17	240429	238665	147206	331888	0.556459
chr17	8750001	9000000	HAP1_chr17	HAP3_chr17	HAP1	HAP3	17	17	240429	239823	3430	476822	0.992807
chr17	8750001	9000000	HAP2_chr17	HAP3_chr17	HAP2	HAP3	17	17	238665	239823	3209	475279	0.993248
chr17	9000001	9250000	HAP1_chr17	HAP2_chr17	HAP1	HAP2	17	17	225247	240719	181841	284125	0.359996
chr17	9000001	9250000	HAP1_chr17	HAP3_chr17	HAP1	HAP3	17	17	225247	244861	3174	466934	0.993202
chr17	9000001	9250000	HAP2_chr17	HAP3_chr17	HAP2	HAP3	17	17	240719	244861	3431	482149	0.992884
chr17	9250001	9500000	HAP1_chr17	HAP2_chr17	HAP1	HAP2	17	17	236363	235063	151730	319696	0.525393
chr17	9250001	9500000	HAP1_chr17	HAP3_chr17	HAP1	HAP3	17	17	236363	245277	4464	477176	0.990645
chr17	9250001	9500000	HAP2_chr17	HAP3_chr17	HAP2	HAP3	17	17	235063	245277	4650	475690	0.990225
chr17	9500001	9750000	HAP1_chr17	HAP2_chr17	HAP1	HAP2	17	17	241713	240136	149472	332377	0.550294
chr17	9500001	9750000	HAP1_chr17	HAP3_chr17	HAP1	HAP3	17	17	241713	241432	4704	478441	0.990168
chr17	9500001	9750000	HAP2_chr17	HAP3_chr17	HAP2	HAP3	17	17	240136	241432	5044	476524	0.989415
chr17	9750001	10000000	HAP1_chr17	HAP2_chr17	HAP1	HAP2	17	17	231752	239771	140036	331487	0.577552
chr17	9750001	10000000	HAP1_chr17	HAP3_chr17	HAP1	HAP3	17	17	231752	243672	4197	471227	0.991093
chr17	9750001	10000000	HAP2_chr17	HAP3_chr17	HAP2	HAP3	17	17	239771	243672	4040	479403	0.991573
chr17	10000001	10250000	HAP1_chr17	HAP2_chr17	HAP1	HAP2	17	17	244028	242797	139458	347367	0.598528
chr17	10000001	10250000	HAP1_chr17	HAP3_chr17	HAP1	HAP3	17	17	244028	243409	4128	483309	0.991459
chr17	10000001	10250000	HAP2_chr17	HAP3_chr17	HAP2	HAP3	17	17	242797	243409	4005	482201	0.991694
chr17	10250001	10500000	HAP1_chr17	HAP2_chr17	HAP1	HAP2	17	17	241193	241940	149459	333674	0.552081
chr17	10250001	10500000	HAP1_chr17	HAP3_chr17	HAP1	HAP3	17	17	241193	242907	5218	478882	0.989104
chr17	10250001	10500000	HAP2_chr17	HAP3_chr17	HAP2	HAP3	17	17	241940	242907	3928	480919	0.991832
chr17	10500001	10750000	HAP1_chr17	HAP2_chr17	HAP1	HAP2	17	17	233590	226692	107889	352393	0.693839
chr17	10500001	10750000	HAP1_chr17	HAP3_chr17	HAP1	HAP3	17	17	233590	243199	4188	472601	0.991138
chr17	10500001	10750000	HAP2_chr17	HAP3_chr17	HAP2	HAP3	17	17	226692	243199	3900	465991	0.991631
chr17	10750001	11000000	HAP1_chr17	HAP2_chr17	HAP1	HAP2	17	17	239756	241894	120002	361648	0.668180
chr17	10750001	11000000	HAP1_chr17	HAP3_chr17	HAP1	HAP3	17	17	239756	244243	4352	479647	0.990927
chr17	10750001	11000000	HAP2_chr17	HAP3_chr17	HAP2	HAP3	17	17	241894	244243	4105	482032	0.991484
chr17	11000001	11250000	HAP1_chr17	HAP2_chr17	HAP1	HAP2	17	17	241241	241839	141375	341705	0.586266
chr17	11000001	11250000	HAP1_chr17	HAP3_chr17	HAP1	HAP3	17	17	241241	231454	4196	468499	0.991044
chr17	11000001	11250000	HAP2_chr17	HAP3_chr17	HAP2	HAP3	17	17	241839	231454	4488	468805	0.990427
chr17	11250001	11500000	HAP1_chr17	HAP2_chr17	HAP1	HAP2	17	17	242839	242277	157146	327970	0.520853
chr17	11250001	11500000	HAP1_chr17	HAP3_chr17	HAP1	HAP3	17	17	242839	233525	2885	473479	0.993907
chr17	11250001	11500000	HAP2_chr17	HAP3_chr17	HAP2	HAP3	17	17	242277	233525	2857	472945	0.993959
chr17	11500001	11750000	HAP1_chr17	HAP2_chr17	HAP1	HAP2	17	17	233521	233994	171582	295933	0.420200
chr17	11500001	11750000	HAP1_chr17	HAP3_chr17	HAP1	HAP3	17	17	233521	237862	4937	466446	0.989416
chr17	11500001	11750000	HAP2_chr17	HAP3_chr17	HAP2	HAP3	17	17	233994	237862	4155	467701	0.991116
chr17	11750001	12000000	HAP1_chr17	HAP2_chr17	HAP1	HAP2	17	17	238658	236199	163147	311710	0.476606
chr17	11750001	12000000	HAP1_chr17	HAP3_chr17	HAP1	HAP3	17	17	238658	207140	3530	442268	0.992018
chr17	11750001	12000000	HAP2_chr17	HAP3_chr17	HAP2	HAP3	17	17	236199	207140	3403	439936	0.992265
chr17	12000001	12250000	HAP1_chr17	HAP2_chr17	HAP1	HAP2	17	17	243787	242854	146773	339868	0.568147
chr17	12000001	12250000	HAP1_chr17	HAP3_chr17	HAP1	HAP3	17	17	243787	213322	3227	453882	0.992890
chr17	12000001	12250000	HAP2_chr17	HAP3_chr17	HAP2	HAP3	17	17	242854	213322	3635	452541	0.991968
chr17	12250001	12500000	HAP1_chr17	HAP2_chr17	HAP1	HAP2	17	17	242274	242668	135154	349788	0.613612
chr17	12250001	12500000	HAP1_chr17	HAP3_chr17	HAP1	HAP3	17	17	242274	223267	3443	462098	0.992549
chr17	12250001	12500000	HAP2_chr17	HAP3_chr17	HAP2	HAP3	17	17	242668	223267	3338	462597	0.992784
chr17	12500001	12750000	HAP1_chr17	HAP2_chr17	HAP1	HAP2	17	17	239328	240543	131199	348672	0.623718
chr17	12500001	12750000	HAP1_chr17	HAP3_chr17	HAP1	HAP3	17	17	239328	243504	4254	478578	0.991111
chr17	12500001	12750000	HAP2_chr17	HAP3_chr17	HAP2	HAP3	17	17	240543	243504	4504	479543	0.990608
chr17	12750001	13000000	HAP1_chr17	HAP2_chr17	HAP1	HAP2	17	17	237230	235719	151808	321141	0.527286
chr17	12750001	13000000	HAP1_chr17	HAP3_chr17	HAP1	HAP3	17	17	237230	245974	4265	478939	0.991095
chr17	12750001	13000000	HAP2_chr17	HAP3_chr17	HAP2	HAP3	17	17	235719	245974	4591	477102	0.990377
chr17	13000001	13220767	HAP1_chr17	HAP2_chr17	HAP1	HAP2	17	17	214805	214846	123387	306264	0.597122
chr17	13000001	13220767	HAP1_chr17	HAP3_chr17	HAP1	HAP3	17	17	214805	208028	3347	419486	0.992021
chr17	13000001	13220767	HAP2_chr17	HAP3_chr17	HAP2	HAP3	17	17	214846	208028	3028	419846	0.992788
chr18	1	250000	HAP1_chr18	HAP2_chr18	HAP1	HAP2	18	18	241479	237968	142847	336600	0.575618
chr18	1	250000	HAP1_chr18	HAP3_chr18	HAP1	HAP3	18	18	241479	240080	176216	305343	0.422892
chr18	1	250000	HAP2_chr18	HAP3_chr18	HAP2	HAP3	18	18	237968	240080	169465	308583	0.450828
chr18	250001	500000	HAP1_chr18	HAP2_chr18	HAP1	HAP2	18	18	244016	244403	187433	300986	0.377270
chr18	250001	500000	HAP1_chr18	HAP3_chr18	HAP1	HAP3	18	18	244016	244387	189110	299293	0.368144
chr18	250001	500000	HAP2_chr18	HAP3_chr18	HAP2	HAP3	18	18	244403	244387	190251	298539	0.362726
chr18	500001	750000	HAP1_chr18	HAP2_chr18	HAP1	HAP2	18	18	244439	241999	184688	301750	0.387944
chr18	500001	750000	HAP1_chr18	HAP3_chr18	HAP1	HAP3	18	18	244439	243565	190569	297435	0.359292
chr18	500001	750000	HAP2_chr18	HAP3_chr18	HAP2	HAP3	18	18	241999	243565	186238	299326	0.377809
chr18	750001	1000000	HAP1_chr18	HAP2_chr18	HAP1	HAP2	18	18	237768	237582	177794	297556	0.402486
chr18	750001	1000000	HAP1_chr18	HAP3_chr18	HAP1	HAP3	18	18	237768	233478	164737	306509	0.462538
chr18	750001	1000000	HAP2_chr18	HAP3_chr18	HAP2	HAP3	18	18	237582	233478	174865	296195	0.409629
chr18	1000001	1250000	HAP1_chr18	HAP2_chr18	HAP1	HAP2	18	18	243278	243587	181799	305066	0.404067
chr18	1000001	1250000	HAP1_chr18	HAP3_chr18	HAP1	HAP3	18	18	243278	241688	171462	313504	0.453079
chr18	1000001	1250000	HAP2_chr18	HAP3_chr18	HAP2	HAP3	18	18	243587	241688	183476	301799	0.392059
chr18	1250001	1500000	HAP1_chr18	HAP2_chr18	HAP1	HAP2	18	18	235151	229538	161970	302719	0.464949
chr18	1250001	1500000	HAP1_chr18	HAP3_chr18	HAP1	HAP3	18	18	235151	237535	178676	294010	0.392279
chr18	1250001	1500000	HAP2_chr18	HAP3_chr18	HAP2	HAP3	18	18	229538	237535	161461	305612	0.471680
chr18	1500001	1750000	HAP1_chr18	HAP2_chr18	HAP1	HAP2	18	18	231507	238397	123653	346251	0.642880
chr18	1500001	1750000	HAP1_chr18	HAP3_chr18	HAP1	HAP3	18	18	231507	233781	167602	297686	0.436984
chr18	1500001	1750000	HAP2_chr18	HAP3_chr18	HAP2	HAP3	18	18	238397	233781	148924	323254	0.539297
chr18	1750001	2000000	HAP1_chr18	HAP2_chr18	HAP1	HAP2	18	18	235745	242212	128893	349064	0.630747
chr18	1750001	2000000	HAP1_chr18	HAP3_chr18	HAP1	HAP3	18	18	235745	236771	167313	305203	0.451798
chr18	1750001	2000000	HAP2_chr18	HAP3_chr18	HAP2	HAP3	18	18	242212	236771	146117	332866	0.561034
chr18	2000001	2250000	HAP1_chr18	HAP2_chr18	HAP1	HAP2	18	18	220945	239892	116428	344409	0.661948
chr18	2000001	2250000	HAP1_chr18	HAP3_chr18	HAP1	HAP3	18	18	220945	240692	150147	311490	0.517972
chr18	2000001	2250000	HAP2_chr18	HAP3_chr18	HAP2	HAP3	18	18	239892	240692	133843	346741	0.613997
chr18	2250001	2500000	HAP1_chr18	HAP2_chr18	HAP1	HAP2	18	18	236755	220534	122313	334976	0.634860
chr18	2250001	2500000	HAP1_chr18	HAP3_chr18	HAP1	HAP3	18	18	236755	231515	169417	298853	0.433109
chr18	2250001	2500000	HAP2_chr18	HAP3_chr18	HAP2	HAP3	18	18	220534	231515	135178	316871	0.573397
chr18	2500001	2750000	HAP1_chr18	HAP2_chr18	HAP1	HAP2	18	18	232872	219439	137201	315110	0.564593
chr18	2500001	2750000	HAP1_chr18	HAP3_chr18	HAP1	HAP3	18	18	232872	230900	164148	299624	0.452153
chr18	2500001	2750000	HAP2_chr18	HAP3_chr18	HAP2	HAP3	18	18	219439	230900	137765	312574	0.559256
chr18	2750001	3000000	HAP1_chr18	HAP2_chr18	HAP1	HAP2	18	18	238024	244153	144643	337534	0.571471
chr18	2750001	3000000	HAP1_chr18	HAP3_chr18	HAP1	HAP3	18	18	238024	244500	179068	303456	0.409905
chr18	2750001	3000000	HAP2_chr18	HAP3_chr18	HAP2	HAP3	18	18	244153	244500	175360	313293	0.440268
chr18	3000001	3250000	HAP1_chr18	HAP2_chr18	HAP1	HAP2	18	18	197016	238463	103132	332347	0.689686
chr18	3000001	3250000	HAP1_chr18	HAP3_chr18	HAP1	HAP3	18	18	197016	221939	133421	285534	0.532732
chr18	3000001	3250000	HAP2_chr18	HAP3_chr18	HAP2	HAP3	18	18	238463	221939	120004	340398	0.647460
chr18	3250001	3500000	HAP1_chr18	HAP2_chr18	HAP1	HAP2	18	18	244720	243759	114615	373864	0.693431
chr18	3250001	3500000	HAP1_chr18	HAP3_chr18	HAP1	HAP3	18	18	244720	243254	177960	310014	0.425961
chr18	3250001	3500000	HAP2_chr18	HAP3_chr18	HAP2	HAP3	18	18	243759	243254	126721	360292	0.648283
chr18	3500001	3750000	HAP1_chr18	HAP2_chr18	HAP1	HAP2	18	18	239755	235719	109774	365700	0.699825
chr18	3500001	3750000	HAP1_chr18	HAP3_chr18	HAP1	HAP3	18	18	239755	239611	181400	297966	0.391206
chr18	3500001	3750000	HAP2_chr18	HAP3_chr18	HAP2	HAP3	18	18	235719	239611	130493	344837	0.621581
chr18	3750001	4000000	HAP1_chr18	HAP2_chr18	HAP1	HAP2	18	18	244902	236995	120124	361773	0.667958
chr18	3750001	4000000	HAP1_chr18	HAP3_chr18	HAP1	HAP3	18	18	244902	230481	167672	307711	0.455099
chr18	3750001	4000000	HAP2_chr18	HAP3_chr18	HAP2	HAP3	18	18	236995	230481	102502	364974	0.719153
chr18	4000001	4250000	HAP1_chr18	HAP2_chr18	HAP1	HAP2	18	18	238287	241061	119862	359486	0.666574
chr18	4000001	4250000	HAP1_chr18	HAP3_chr18	HAP1	HAP3	18	18	238287	233491	166430	305348	0.454950
chr18	4000001	4250000	HAP2_chr18	HAP3_chr18	HAP2	HAP3	18	18	241061	233491	93727	380825	0.753884
chr18	4250001	4500000	HAP1_chr18	HAP2_chr18	HAP1	HAP2	18	18	243150	244539	128747	358942	0.641315
chr18	4250001	4500000	HAP1_chr18	HAP3_chr18	HAP1	HAP3	18	18	243150	244361	168054	319457	0.473939
chr18	4250001	4500000	HAP2_chr18	HAP3_chr18	HAP2	HAP3	18	18	244539	244361	98140	390760	0.748848
chr18	4500001	4750000	HAP1_chr18	HAP2_chr18	HAP1	HAP2	18	18	243333	242641	126863	359111	0.646730
chr18	4500001	4750000	HAP1_chr18	HAP3_chr18	HAP1	HAP3	18	18	243333	240702	154111	329924	0.532889
chr18	4500001	4750000	HAP2_chr18	HAP3_chr18	HAP2	HAP3	18	18	242641	240702	83569	399774	0.790959
chr18	4750001	5000000	HAP1_chr18	HAP2_chr18	HAP1	HAP2	18	18	244289	241739	124548	361480	0.655450
chr18	4750001	5000000	HAP1_chr18	HAP3_chr18	HAP1	HAP3	18	18	244289	243560	148388	339461	0.562872
chr18	4750001	5000000	HAP2_chr18	HAP3_chr18	HAP2	HAP3	18	18	241739	243560	85063	400236	0.787468
chr18	5000001	5250000	HAP1_chr18	HAP2_chr18	HAP1	HAP2	18	18	243959	245609	156658	332910	0.529428
chr18	5000001	5250000	HAP1_chr18	HAP3_chr18	HAP1	HAP3	18	18	243959	239110	138782	344287	0.596900
chr18	5000001	5250000	HAP2_chr18	HAP3_chr18	HAP2	HAP3	18	18	245609	239110	87880	396839	0.778550
chr18	5250001	5500000	HAP1_chr18	HAP2_chr18	HAP1	HAP2	18	18	245206	243118	176634	311690	0.433302
chr18	5250001	5500000	HAP1_chr18	HAP3_chr18	HAP1	HAP3	18	18	245206	243912	124050	365068	0.660200
chr18	5250001	5500000	HAP2_chr18	HAP3_chr18	HAP2	HAP3	18	18	243118	243912	71222	415808	0.828714
chr18	5500001	5750000	HAP1_chr18	HAP2_chr18	HAP1	HAP2	18	18	243190	239778	71484	411484	0.826278
chr18	5500001	5750000	HAP1_chr18	HAP3_chr18	HAP1	HAP3	18	18	243190	244168	117066	370292	0.683855
chr18	5500001	5750000	HAP2_chr18	HAP3_chr18	HAP2	HAP3	18	18	239778	244168	43031	440915	0.902405
chr18	5750001	6000000	HAP1_chr18	HAP2_chr18	HAP1	HAP2	18	18	240449	243072	69954	413567	0.830852
chr18	5750001	6000000	HAP1_chr18	HAP3_chr18	HAP1	HAP3	18	18	240449	241731	130813	351367	0.627703
chr18	5750001	6000000	HAP2_chr18	HAP3_chr18	HAP2	HAP3	18	18	243072	241731	4042	480761	0.991592
chr18	6000001	6250000	HAP1_chr18	HAP2_chr18	HAP1	HAP2	18	18	233402	236023	62685	406740	0.845884
chr18	6000001	6250000	HAP1_chr18	HAP3_chr18	HAP1	HAP3	18	18	233402	244000	125653	351749	0.642777
chr18	6000001	6250000	HAP2_chr18	HAP3_chr18	HAP2	HAP3	18	18	236023	244000	3814	476209	0.991991
chr18	6250001	6500000	HAP1_chr18	HAP2_chr18	HAP1	HAP2	18	18	242964	244591	61478	426077	0.855712
chr18	6250001	6500000	HAP1_chr18	HAP3_chr18	HAP1	HAP3	18	18	242964	239464	128840	353588	0.635621
chr18	6250001	6500000	HAP2_chr18	HAP3_chr18	HAP2	HAP3	18	18	244591	239464	14073	469982	0.970056
chr18	6500001	6750000	HAP1_chr18	HAP2_chr18	HAP1	HAP2	18	18	243815	238204	64425	417594	0.845723
chr18	6500001	6750000	HAP1_chr18	HAP3_chr18	HAP1	HAP3	18	18	243815	244847	141854	346808	0.590973
chr18	6500001	6750000	HAP2_chr18	HAP3_chr18	HAP2	HAP3	18	18	238204	244847	13191	469860	0.971926
chr18	6750001	7000000	HAP1_chr18	HAP2_chr18	HAP1	HAP2	18	18	239197	239414	9163	469448	0.980481
chr18	6750001	7000000	HAP1_chr18	HAP3_chr18	HAP1	HAP3	18	18	239197	244183	139592	343788	0.593959
chr18	6750001	7000000	HAP2_chr18	HAP3_chr18	HAP2	HAP3	18	18	239414	244183	8780	474817	0.981509
chr18	7000001	7250000	HAP1_chr18	HAP2_chr18	HAP1	HAP2	18	18	240366	245211	4650	480927	0.990331
chr18	7000001	7250000	HAP1_chr18	HAP3_chr18	HAP1	HAP3	18	18	240366	243475	134552	349289	0.614783
chr18	7000001	7250000	HAP2_chr18	HAP3_chr18	HAP2	HAP3	18	18	245211	243475	3676	485010	0.992421
chr18	7250001	7500000	HAP1_chr18	HAP2_chr18	HAP1	HAP2	18	18	238890	243746	4373	478263	0.990856
chr18	7250001	7500000	HAP1_chr18	HAP3_chr18	HAP1	HAP3	18	18	238890	238543	142487	334946	0.574597
chr18	7250001	7500000	HAP2_chr18	HAP3_chr18	HAP2	HAP3	18	18	243746	238543	4213	478076	0.991188
chr18	7500001	7750000	HAP1_chr18	HAP2_chr18	HAP1	HAP2	18	18	245323	241878	3665	483536	0.992420
chr18	7500001	7750000	HAP1_chr18	HAP3_chr18	HAP1	HAP3	18	18	245323	245115	150354	340084	0.557892
chr18	7500001	7750000	HAP2_chr18	HAP3_chr18	HAP2	HAP3	18	18	241878	245115	3385	483608	0.993001
chr18	7750001	8000000	HAP1_chr18	HAP2_chr18	HAP1	HAP2	18	18	243464	240300	5767	477997	0.987935
chr18	7750001	8000000	HAP1_chr18	HAP3_chr18	HAP1	HAP3	18	18	243464	240601	135150	348915	0.612656
chr18	7750001	8000000	HAP2_chr18	HAP3_chr18	HAP2	HAP3	18	18	240300	240601	4121	476780	0.991357
chr18	8000001	8250000	HAP1_chr18	HAP2_chr18	HAP1	HAP2	18	18	243698	218513	3651	458560	0.992038
chr18	8000001	8250000	HAP1_chr18	HAP3_chr18	HAP1	HAP3	18	18	243698	242475	137104	349069	0.607230
chr18	8000001	8250000	HAP2_chr18	HAP3_chr18	HAP2	HAP3	18	18	218513	242475	3256	457732	0.992887
chr18	8250001	8500000	HAP1_chr18	HAP2_chr18	HAP1	HAP2	18	18	239725	239022	5666	473081	0.988023
chr18	8250001	8500000	HAP1_chr18	HAP3_chr18	HAP1	HAP3	18	18	239725	237043	122627	354141	0.653734
chr18	8250001	8500000	HAP2_chr18	HAP3_chr18	HAP2	HAP3	18	18	239022	237043	4442	471623	0.990581
chr18	8500001	8750000	HAP1_chr18	HAP2_chr18	HAP1	HAP2	18	18	218295	243961	4319	457937	0.990569
chr18	8500001	8750000	HAP1_chr18	HAP3_chr18	HAP1	HAP3	18	18	218295	242423	130294	330424	0.605676
chr18	8500001	8750000	HAP2_chr18	HAP3_chr18	HAP2	HAP3	18	18	243961	242423	3762	482622	0.992205
chr18	8750001	9000000	HAP1_chr18	HAP2_chr18	HAP1	HAP2	18	18	239685	240745	4454	475976	0.990642
chr18	8750001	9000000	HAP1_chr18	HAP3_chr18	HAP1	HAP3	18	18	239685	217975	99719	357941	0.721409
chr18	8750001	9000000	HAP2_chr18	HAP3_chr18	HAP2	HAP3	18	18	240745	217975	3036	455684	0.993337
chr18	9000001	9250000	HAP1_chr18	HAP2_chr18	HAP1	HAP2	18	18	234923	243567	4004	474486	0.991561
chr18	9000001	9250000	HAP1_chr18	HAP3_chr18	HAP1	HAP3	18	18	234923	242071	110216	366778	0.699502
chr18	9000001	9250000	HAP2_chr18	HAP3_chr18	HAP2	HAP3	18	18	243567	242071	4742	480896	0.990139
chr18	9250001	9500000	HAP1_chr18	HAP2_chr18	HAP1	HAP2	18	18	228583	238740	6052	461271	0.986880
chr18	9250001	9500000	HAP1_chr18	HAP3_chr18	HAP1	HAP3	18	18	228583	242371	129642	341312	0.620166
chr18	9250001	9500000	HAP2_chr18	HAP3_chr18	HAP2	HAP3	18	18	238740	242371	5943	475168	0.987493
chr18	9500001	9750000	HAP1_chr18	HAP2_chr18	HAP1	HAP2	18	18	242568	205863	4745	443686	0.989305
chr18	9500001	9750000	HAP1_chr18	HAP3_chr18	HAP1	HAP3	18	18	242568	237815	128427	351956	0.635105
chr18	9500001	9750000	HAP2_chr18	HAP3_chr18	HAP2	HAP3	18	18	205863	237815	4389	439289	0.990009
chr18	9750001	10000000	HAP1_chr18	HAP2_chr18	HAP1	HAP2	18	18	242179	237739	5006	474912	0.989459
chr18	9750001	10000000	HAP1_chr18	HAP3_chr18	HAP1	HAP3	18	18	242179	242469	141225	343423	0.588772
chr18	9750001	10000000	HAP2_chr18	HAP3_chr18	HAP2	HAP3	18	18	237739	242469	5860	474348	0.987646
chr18	10000001	10250000	HAP1_chr18	HAP2_chr18	HAP1	HAP2	18	18	235669	217075	5842	446902	0.986928
chr18	10000001	10250000	HAP1_chr18	HAP3_chr18	HAP1	HAP3	18	18	235669	226520	114005	348184	0.672573
chr18	10000001	10250000	HAP2_chr18	HAP3_chr18	HAP2	HAP3	18	18	217075	226520	4946	438649	0.988724
chr18	10250001	10500000	HAP1_chr18	HAP2_chr18	HAP1	HAP2	18	18	235285	233850	6148	462987	0.986721
chr18	10250001	10500000	HAP1_chr18	HAP3_chr18	HAP1	HAP3	18	18	235285	236132	95773	375644	0.745043
chr18	10250001	10500000	HAP2_chr18	HAP3_chr18	HAP2	HAP3	18	18	233850	236132	5262	464720	0.988677
chr18	10500001	10750000	HAP1_chr18	HAP2_chr18	HAP1	HAP2	18	18	156253	239081	4267	391067	0.989089
chr18	10500001	10750000	HAP1_chr18	HAP3_chr18	HAP1	HAP3	18	18	156253	212531	54764	314020	0.825603
chr18	10500001	10750000	HAP2_chr18	HAP3_chr18	HAP2	HAP3	18	18	239081	212531	4687	446925	0.989513
chr18	10750001	11000000	HAP1_chr18	HAP2_chr18	HAP1	HAP2	18	18	120514	227382	3312	344584	0.990388
chr18	10750001	11000000	HAP1_chr18	HAP3_chr18	HAP1	HAP3	18	18	120514	151491	63635	208370	0.694606
chr18	10750001	11000000	HAP2_chr18	HAP3_chr18	HAP2	HAP3	18	18	227382	151491	3333	375540	0.991125
chr18	11000001	11250000	HAP1_chr18	HAP2_chr18	HAP1	HAP2	18	18	220986	236447	6582	450851	0.985401
chr18	11000001	11250000	HAP1_chr18	HAP3_chr18	HAP1	HAP3	18	18	220986	238783	134238	325531	0.587634
chr18	11000001	11250000	HAP2_chr18	HAP3_chr18	HAP2	HAP3	18	18	236447	238783	8719	466511	0.981310
chr18	11250001	11436937	HAP1_chr18	HAP2_chr18	HAP1	HAP2	18	18	178960	154171	6501	326630	0.980097
chr18	11250001	11436937	HAP1_chr18	HAP3_chr18	HAP1	HAP3	18	18	178960	174647	35187	318420	0.889495
chr18	11250001	11436937	HAP2_chr18	HAP3_chr18	HAP2	HAP3	18	18	154171	174647	1825	326993	0.994419
chr19	1	250000	HAP1_chr19	HAP2_chr19	HAP1	HAP2	19	19	236924	240728	190566	287086	0.336206
chr19	1	250000	HAP1_chr19	HAP3_chr19	HAP1	HAP3	19	19	236924	236145	2876	470193	0.993883
chr19	1	250000	HAP2_chr19	HAP3_chr19	HAP2	HAP3	19	19	240728	236145	3045	473828	0.993574
chr19	250001	500000	HAP1_chr19	HAP2_chr19	HAP1	HAP2	19	19	241645	242622	192171	292096	0.342096
chr19	250001	500000	HAP1_chr19	HAP3_chr19	HAP1	HAP3	19	19	241645	243719	4289	481075	0.991085
chr19	250001	500000	HAP2_chr19	HAP3_chr19	HAP2	HAP3	19	19	242622	243719	4197	482144	0.991295
chr19	500001	750000	HAP1_chr19	HAP2_chr19	HAP1	HAP2	19	19	239807	239156	151037	327926	0.539417
chr19	500001	750000	HAP1_chr19	HAP3_chr19	HAP1	HAP3	19	19	239807	234326	4659	469474	0.990076
chr19	500001	750000	HAP2_chr19	HAP3_chr19	HAP2	HAP3	19	19	239156	234326	4674	468808	0.990030
chr19	750001	1000000	HAP1_chr19	HAP2_chr19	HAP1	HAP2	19	19	241212	241353	164582	317983	0.482419
chr19	750001	1000000	HAP1_chr19	HAP3_chr19	HAP1	HAP3	19	19	241212	225432	3931	462713	0.991504
chr19	750001	1000000	HAP2_chr19	HAP3_chr19	HAP2	HAP3	19	19	241353	225432	3785	463000	0.991825
chr19	1000001	1250000	HAP1_chr19	HAP2_chr19	HAP1	HAP2	19	19	241987	241640	177847	305780	0.418382
chr19	1000001	1250000	HAP1_chr19	HAP3_chr19	HAP1	HAP3	19	19	241987	242410	3709	480688	0.992284
chr19	1000001	1250000	HAP2_chr19	HAP3_chr19	HAP2	HAP3	19	19	241640	242410	3505	480545	0.992706
chr19	1250001	1500000	HAP1_chr19	HAP2_chr19	HAP1	HAP2	19	19	236679	234721	181823	289577	0.372108
chr19	1250001	1500000	HAP1_chr19	HAP3_chr19	HAP1	HAP3	19	19	236679	243203	3553	476329	0.992541
chr19	1250001	1500000	HAP2_chr19	HAP3_chr19	HAP2	HAP3	19	19	234721	243203	3764	474160	0.992062
chr19	1500001	1750000	HAP1_chr19	HAP2_chr19	HAP1	HAP2	19	19	220457	198921	170512	248866	0.314844
chr19	1500001	1750000	HAP1_chr19	HAP3_chr19	HAP1	HAP3	19	19	220457	244378	3503	461332	0.992407
chr19	1500001	1750000	HAP2_chr19	HAP3_chr19	HAP2	HAP3	19	19	198921	244378	2850	440449	0.993529
chr19	1750001	2000000	HAP1_chr19	HAP2_chr19	HAP1	HAP2	19	19	223667	236653	190550	269770	0.293658
chr19	1750001	2000000	HAP1_chr19	HAP3_chr19	HAP1	HAP3	19	19	223667	237928	3056	458539	0.993335
chr19	1750001	2000000	HAP2_chr19	HAP3_chr19	HAP2	HAP3	19	19	236653	237928	5201	469380	0.988919
chr19	2000001	2250000	HAP1_chr19	HAP2_chr19	HAP1	HAP2	19	19	241213	243847	172931	312129	0.445963
chr19	2000001	2250000	HAP1_chr19	HAP3_chr19	HAP1	HAP3	19	19	241213	243915	3330	481798	0.993088
chr19	2000001	2250000	HAP2_chr19	HAP3_chr19	HAP2	HAP3	19	19	243847	243915	3162	484600	0.993475
chr19	2250001	2500000	HAP1_chr19	HAP2_chr19	HAP1	HAP2	19	19	241379	242138	128065	355452	0.639712
chr19	2250001	2500000	HAP1_chr19	HAP3_chr19	HAP1	HAP3	19	19	241379	244309	3452	482236	0.992842
chr19	2250001	2500000	HAP2_chr19	HAP3_chr19	HAP2	HAP3	19	19	242138	244309	4158	482289	0.991379
chr19	2500001	2750000	HAP1_chr19	HAP2_chr19	HAP1	HAP2	19	19	239550	240343	123464	356429	0.653608
chr19	2500001	2750000	HAP1_chr19	HAP3_chr19	HAP1	HAP3	19	19	239550	238649	4108	474091	0.991335
chr19	2500001	2750000	HAP2_chr19	HAP3_chr19	HAP2	HAP3	19	19	240343	238649	4133	474859	0.991296
chr19	2750001	3000000	HAP1_chr19	HAP2_chr19	HAP1	HAP2	19	19	240576	237864	122624	355816	0.655372
chr19	2750001	3000000	HAP1_chr19	HAP3_chr19	HAP1	HAP3	19	19	240576	244219	4658	480137	0.990299
chr19	2750001	3000000	HAP2_chr19	HAP3_chr19	HAP2	HAP3	19	19	237864	244219	4967	477116	0.989590
chr19	3000001	3250000	HAP1_chr19	HAP2_chr19	HAP1	HAP2	19	19	236212	240257	122628	353841	0.653438
chr19	3000001	3250000	HAP1_chr19	HAP3_chr19	HAP1	HAP3	19	19	236212	239323	4511	471024	0.990423
chr19	3000001	3250000	HAP2_chr19	HAP3_chr19	HAP2	HAP3	19	19	240257	239323	4814	474766	0.989860
chr19	3250001	3500000	HAP1_chr19	HAP2_chr19	HAP1	HAP2	19	19	236341	235052	101815	369578	0.724510
chr19	3250001	3500000	HAP1_chr19	HAP3_chr19	HAP1	HAP3	19	19	236341	244781	3510	477612	0.992651
chr19	3250001	3500000	HAP2_chr19	HAP3_chr19	HAP2	HAP3	19	19	235052	244781	3837	475996	0.991939
chr19	3500001	3750000	HAP1_chr19	HAP2_chr19	HAP1	HAP2	19	19	242169	241082	104387	378864	0.724474
chr19	3500001	3750000	HAP1_chr19	HAP3_chr19	HAP1	HAP3	19	19	242169	237454	4587	475036	0.990344
chr19	3500001	3750000	HAP2_chr19	HAP3_chr19	HAP2	HAP3	19	19	241082	237454	4887	473649	0.989682
chr19	3750001	4000000	HAP1_chr19	HAP2_chr19	HAP1	HAP2	19	19	241011	240150	104297	376864	0.723250
chr19	3750001	4000000	HAP1_chr19	HAP3_chr19	HAP1	HAP3	19	19	241011	243674	4141	480544	0.991383
chr19	3750001	4000000	HAP2_chr19	HAP3_chr19	HAP2	HAP3	19	19	240150	243674	4855	478969	0.989864
chr19	4000001	4250000	HAP1_chr19	HAP2_chr19	HAP1	HAP2	19	19	237828	197245	95305	339768	0.719500
chr19	4000001	4250000	HAP1_chr19	HAP3_chr19	HAP1	HAP3	19	19	237828	241320	4891	474257	0.989687
chr19	4000001	4250000	HAP2_chr19	HAP3_chr19	HAP2	HAP3	19	19	197245	241320	3317	435248	0.992379
chr19	4250001	4500000	HAP1_chr19	HAP2_chr19	HAP1	HAP2	19	19	240164	216892	120524	336532	0.641865
chr19	4250001	4500000	HAP1_chr19	HAP3_chr19	HAP1	HAP3	19	19	240164	196424	5040	431548	0.988321
chr19	4250001	4500000	HAP2_chr19	HAP3_chr19	HAP2	HAP3	19	19	216892	196424	4071	409245	0.990052
chr19	4500001	4750000	HAP1_chr19	HAP2_chr19	HAP1	HAP2	19	19	230727	233228	138137	325818	0.576030
chr19	4500001	4750000	HAP1_chr19	HAP3_chr19	HAP1	HAP3	19	19	230727	243144	4187	469684	0.991085
chr19	4500001	4750000	HAP2_chr19	HAP3_chr19	HAP2	HAP3	19	19	233228	243144	4364	472008	0.990754
chr19	4750001	5000000	HAP1_chr19	HAP2_chr19	HAP1	HAP2	19	19	210474	203482	108665	305291	0.644061
chr19	4750001	5000000	HAP1_chr19	HAP3_chr19	HAP1	HAP3	19	19	210474	241668	4169	447973	0.990694
chr19	4750001	5000000	HAP2_chr19	HAP3_chr19	HAP2	HAP3	19	19	203482	241668	5701	439449	0.987027
chr19	5000001	5250000	HAP1_chr19	HAP2_chr19	HAP1	HAP2	19	19	227441	240793	131634	336600	0.608930
chr19	5000001	5250000	HAP1_chr19	HAP3_chr19	HAP1	HAP3	19	19	227441	243746	4517	466670	0.990321
chr19	5000001	5250000	HAP2_chr19	HAP3_chr19	HAP2	HAP3	19	19	240793	243746	13800	470739	0.970684
chr19	5250001	5500000	HAP1_chr19	HAP2_chr19	HAP1	HAP2	19	19	244477	244513	133962	355028	0.622672
chr19	5250001	5500000	HAP1_chr19	HAP3_chr19	HAP1	HAP3	19	19	244477	241527	48375	437629	0.889461
chr19	5250001	5500000	HAP2_chr19	HAP3_chr19	HAP2	HAP3	19	19	244513	241527	4280	481760	0.991116
chr19	5500001	5750000	HAP1_chr19	HAP2_chr19	HAP1	HAP2	19	19	243660	241602	135082	350180	0.614250
chr19	5500001	5750000	HAP1_chr19	HAP3_chr19	HAP1	HAP3	19	19	243660	209659	4509	448810	0.989953
chr19	5500001	5750000	HAP2_chr19	HAP3_chr19	HAP2	HAP3	19	19	241602	209659	4779	446482	0.989296
chr19	5750001	6000000	HAP1_chr19	HAP2_chr19	HAP1	HAP2	19	19	242159	243911	126036	360034	0.649933
chr19	5750001	6000000	HAP1_chr19	HAP3_chr19	HAP1	HAP3	19	19	242159	233259	3836	471582	0.991866
chr19	5750001	6000000	HAP2_chr19	HAP3_chr19	HAP2	HAP3	19	19	243911	233259	4056	473114	0.991427
chr19	6000001	6250000	HAP1_chr19	HAP2_chr19	HAP1	HAP2	19	19	196342	243675	97432	342585	0.715598
chr19	6000001	6250000	HAP1_chr19	HAP3_chr19	HAP1	HAP3	19	19	196342	233246	5130	424458	0.987914
chr19	6000001	6250000	HAP2_chr19	HAP3_chr19	HAP2	HAP3	19	19	243675	233246	3719	473202	0.992141
chr19	6250001	6500000	HAP1_chr19	HAP2_chr19	HAP1	HAP2	19	19	241560	244715	78694	407581	0.806924
chr19	6250001	6500000	HAP1_chr19	HAP3_chr19	HAP1	HAP3	19	19	241560	238984	4328	476216	0.990912
chr19	6250001	6500000	HAP2_chr19	HAP3_chr19	HAP2	HAP3	19	19	244715	238984	4256	479443	0.991123
chr19	6500001	6750000	HAP1_chr19	HAP2_chr19	HAP1	HAP2	19	19	245037	244075	83580	405532	0.793900
chr19	6500001	6750000	HAP1_chr19	HAP3_chr19	HAP1	HAP3	19	19	245037	237589	3767	478859	0.992133
chr19	6500001	6750000	HAP2_chr19	HAP3_chr19	HAP2	HAP3	19	19	244075	237589	4936	476728	0.989646
chr19	6750001	7000000	HAP1_chr19	HAP2_chr19	HAP1	HAP2	19	19	235842	240210	72610	403442	0.820024
chr19	6750001	7000000	HAP1_chr19	HAP3_chr19	HAP1	HAP3	19	19	235842	240255	5026	471071	0.989331
chr19	6750001	7000000	HAP2_chr19	HAP3_chr19	HAP2	HAP3	19	19	240210	240255	4391	476074	0.990777
chr19	7000001	7250000	HAP1_chr19	HAP2_chr19	HAP1	HAP2	19	19	245708	242098	85724	402082	0.786800
chr19	7000001	7250000	HAP1_chr19	HAP3_chr19	HAP1	HAP3	19	19	245708	240431	4298	481841	0.991080
chr19	7000001	7250000	HAP2_chr19	HAP3_chr19	HAP2	HAP3	19	19	242098	240431	4158	478371	0.991308
chr19	7250001	7500000	HAP1_chr19	HAP2_chr19	HAP1	HAP2	19	19	243569	239188	85562	397195	0.784584
chr19	7250001	7500000	HAP1_chr19	HAP3_chr19	HAP1	HAP3	19	19	243569	235079	3968	474680	0.991641
chr19	7250001	7500000	HAP2_chr19	HAP3_chr19	HAP2	HAP3	19	19	239188	235079	4246	470021	0.990966
chr19	7500001	7750000	HAP1_chr19	HAP2_chr19	HAP1	HAP2	19	19	240568	244161	82478	402251	0.794959
chr19	7500001	7750000	HAP1_chr19	HAP3_chr19	HAP1	HAP3	19	19	240568	240732	4044	477256	0.991527
chr19	7500001	7750000	HAP2_chr19	HAP3_chr19	HAP2	HAP3	19	19	244161	240732	4334	480559	0.990981
chr19	7750001	8000000	HAP1_chr19	HAP2_chr19	HAP1	HAP2	19	19	241470	242259	68727	415002	0.834394
chr19	7750001	8000000	HAP1_chr19	HAP3_chr19	HAP1	HAP3	19	19	241470	239228	5376	475322	0.988690
chr19	7750001	8000000	HAP2_chr19	HAP3_chr19	HAP2	HAP3	19	19	242259	239228	4074	477413	0.991467
chr19	8000001	8250000	HAP1_chr19	HAP2_chr19	HAP1	HAP2	19	19	243561	243141	77273	409429	0.811266
chr19	8000001	8250000	HAP1_chr19	HAP3_chr19	HAP1	HAP3	19	19	243561	239694	3923	479332	0.991816
chr19	8000001	8250000	HAP2_chr19	HAP3_chr19	HAP2	HAP3	19	19	243141	239694	3628	479207	0.992429
chr19	8250001	8500000	HAP1_chr19	HAP2_chr19	HAP1	HAP2	19	19	243674	243967	66881	420760	0.841047
chr19	8250001	8500000	HAP1_chr19	HAP3_chr19	HAP1	HAP3	19	19	243674	238018	3452	478240	0.992782
chr19	8250001	8500000	HAP2_chr19	HAP3_chr19	HAP2	HAP3	19	19	243967	238018	4279	477706	0.991043
chr19	8500001	8750000	HAP1_chr19	HAP2_chr19	HAP1	HAP2	19	19	240351	243254	71895	411710	0.825375
chr19	8500001	8750000	HAP1_chr19	HAP3_chr19	HAP1	HAP3	19	19	240351	223786	2665	461472	0.994225
chr19	8500001	8750000	HAP2_chr19	HAP3_chr19	HAP2	HAP3	19	19	243254	223786	2652	464388	0.994289
chr19	8750001	9000000	HAP1_chr19	HAP2_chr19	HAP1	HAP2	19	19	243130	242707	69306	416531	0.833611
chr19	8750001	9000000	HAP1_chr19	HAP3_chr19	HAP1	HAP3	19	19	243130	204634	2994	444770	0.993268
chr19	8750001	9000000	HAP2_chr19	HAP3_chr19	HAP2	HAP3	19	19	242707	204634	2729	444612	0.993862
chr19	9000001	9250000	HAP1_chr19	HAP2_chr19	HAP1	HAP2	19	19	242025	234899	68505	408419	0.832268
chr19	9000001	9250000	HAP1_chr19	HAP3_chr19	HAP1	HAP3	19	19	242025	235282	3510	473797	0.992592
chr19	9000001	9250000	HAP2_chr19	HAP3_chr19	HAP2	HAP3	19	19	234899	235282	4259	465922	0.990859
chr19	9250001	9500000	HAP1_chr19	HAP2_chr19	HAP1	HAP2	19	19	237347	243653	78997	402003	0.803492
chr19	9250001	9500000	HAP1_chr19	HAP3_chr19	HAP1	HAP3	19	19	237347	240616	3429	474534	0.992774
chr19	9250001	9500000	HAP2_chr19	HAP3_chr19	HAP2	HAP3	19	19	243653	240616	3005	481264	0.993756
chr19	9500001	9750000	HAP1_chr19	HAP2_chr19	HAP1	HAP2	19	19	218472	226119	57174	387417	0.852423
chr19	9500001	9750000	HAP1_chr19	HAP3_chr19	HAP1	HAP3	19	19	218472	235871	2665	451678	0.994100
chr19	9500001	9750000	HAP2_chr19	HAP3_chr19	HAP2	HAP3	19	19	226119	235871	2766	459224	0.993977
chr19	9750001	10000000	HAP1_chr19	HAP2_chr19	HAP1	HAP2	19	19	241170	241873	57542	425501	0.864766
chr19	9750001	10000000	HAP1_chr19	HAP3_chr19	HAP1	HAP3	19	19	241170	239883	4505	476548	0.990547
chr19	9750001	10000000	HAP2_chr19	HAP3_chr19	HAP2	HAP3	19	19	241873	239883	5212	476544	0.989063
chr19	10000001	10250000	HAP1_chr19	HAP2_chr19	HAP1	HAP2	19	19	244815	240405	72626	412594	0.823977
chr19	10000001	10250000	HAP1_chr19	HAP3_chr19	HAP1	HAP3	19	19	244815	241311	3657	482469	0.992420
chr19	10000001	10250000	HAP2_chr19	HAP3_chr19	HAP2	HAP3	19	19	240405	241311	3897	477819	0.991844
chr19	10250001	10309762	HAP1_chr19	HAP2_chr19	HAP1	HAP2	19	19	54374	54250	122	108502	0.998876
chr19	10250001	10309762	HAP1_chr19	HAP3_chr19	HAP1	HAP3	19	19	54374	58800	151	113023	0.998664
chr19	10250001	10309762	HAP2_chr19	HAP3_chr19	HAP2	HAP3	19	19	54250	58800	290	112760	0.997428
