unit_a	unit_b	k_sweep	chosen_k	kmers_a	kmers_b	shared	union	jaccard_at_chosen_k	containment_at_chosen_k	distance	containment_p	resolution_limited	k_consistency_spread
HAP1_chr01	HAP1_chr02	11,13,15,17,19,23	23	35717311	37159492	5984731	66892072	0.089468	0.167558	0.078540	0.074731	False	0.090923
HAP1_chr01	HAP1_chr03	11,13,15,17,19,23	23	35717311	30682602	6067599	60332314	0.100570	0.197754	0.073895	0.068041	False	0.085788
HAP1_chr01	HAP1_chr04	11,13,15,17,19,23	23	35717311	30408506	5853356	60272461	0.097115	0.192491	0.075278	0.069134	False	0.087158
HAP1_chr01	HAP1_chr05	11,13,15,17,19,23	23	35717311	29160850	5899523	58978638	0.100028	0.202310	0.074108	0.067118	False	0.086190
HAP1_chr01	HAP1_chr06	11,13,15,17,19,23	23	35717311	30699169	5647771	60768709	0.092939	0.183971	0.077023	0.070964	False	0.088854
HAP1_chr01	HAP1_chr07	11,13,15,17,19,23	23	35717311	29100890	5881765	58936436	0.099798	0.202116	0.074199	0.067157	False	0.086195
HAP1_chr01	HAP1_chr08	11,13,15,17,19,23	23	35717311	28351854	5752630	58316535	0.098645	0.202901	0.074659	0.066999	False	0.086604
HAP1_chr01	HAP1_chr09	11,13,15,17,19,23	23	35717311	29702627	5751929	59668009	0.096399	0.193651	0.075572	0.068890	False	0.087691
HAP1_chr01	HAP1_chr10	11,13,15,17,19,23	23	35717311	29755350	5571598	59901063	0.093013	0.187247	0.076991	0.070251	False	0.088964
HAP1_chr01	HAP1_chr11	11,13,15,17,19,23	23	35717311	31388879	5606307	61499883	0.091160	0.178608	0.077793	0.072158	False	0.089835
HAP1_chr01	HAP1_chr12	11,13,15,17,19,23	23	35717311	29275459	5647614	59345156	0.095166	0.192913	0.076082	0.069045	False	0.087987
HAP1_chr01	HAP1_chr13	11,13,15,17,19,23	23	35717311	27945792	5466675	58196428	0.093935	0.195617	0.076599	0.068481	False	0.089052
HAP1_chr01	HAP1_chr14	11,13,15,17,19,23	23	35717311	29707144	5448619	59975836	0.090847	0.183411	0.077930	0.071087	False	0.089776
HAP1_chr01	HAP1_chr15	11,13,15,17,19,23	23	35717311	28623844	5562016	58779139	0.094626	0.194314	0.076308	0.068752	False	0.088586
HAP1_chr01	HAP1_chr16	11,13,15,17,19,23	23	35717311	27011355	5343746	57384920	0.093121	0.197833	0.076945	0.068025	False	0.089231
HAP1_chr01	HAP1_chr17	11,13,15,17,19,23	23	35717311	27940339	5216433	58441217	0.089259	0.186699	0.078633	0.070369	False	0.090735
HAP1_chr01	HAP1_chr18	11,13,15,17,19,23	23	35717311	26803682	4982043	57538950	0.086586	0.185872	0.079848	0.070549	False	0.092579
HAP1_chr01	HAP1_chr19	11,13,15,17,19,23	23	35717311	26589451	2025180	60281582	0.033595	0.076165	0.118838	0.105911	False	0.128279
HAP1_chr01	HAP1_chr20	11,13,15,17,19,23	23	35717311	21443029	2187552	54972788	0.039793	0.102017	0.111736	0.094478	False	0.119872
HAP1_chr01	HAP1_chr21	11,13,15,17,19,23	23	35717311	22165965	1860384	56022892	0.033208	0.083930	0.119326	0.102129	False	0.127986
HAP1_chr01	HAP1_chr22	11,13,15,17,19,23	23	35717311	22122737	4094895	53745153	0.076191	0.185099	0.084991	0.070717	False	0.087130
HAP1_chr01	HAP1_chr23	11,13,15,17,19,23	23	35717311	22072795	1984596	55805510	0.035563	0.089911	0.116446	0.099438	False	0.124742
HAP1_chr01	HAP1_chr24	11,13,15,17,19,23	23	35717311	21115586	1962487	54870410	0.035766	0.092940	0.116207	0.098140	False	0.124237
HAP1_chr01	HAP1_chr25	11,13,15,17,19,23	23	35717311	21212482	1973543	54956250	0.035911	0.093037	0.116037	0.098099	False	0.124725
HAP1_chr01	HAP1_chr26	11,13,15,17,19,23	23	35717311	21132037	1858362	54990986	0.033794	0.087941	0.118590	0.100305	False	0.127087
HAP1_chr01	HAP1_chr27	11,13,15,17,19,23	23	35717311	19486219	1782503	53421027	0.033367	0.091475	0.119124	0.098763	False	0.127791
HAP1_chr01	HAP1_chr28	11,13,15,17,19,23	23	35717311	21292029	1804399	55204941	0.032685	0.084745	0.119993	0.101752	False	0.128720
HAP1_chr01	HAP1_chr29	11,13,15,17,19,23	23	35717311	19895838	1816811	53796338	0.033772	0.091316	0.118617	0.098831	False	0.127120
HAP1_chr01	HAP1_chr30	11,13,15,17,19,23	23	35717311	20107834	1760350	54064795	0.032560	0.087545	0.120155	0.100481	False	0.128113
HAP1_chr01	HAP1_chr31	11,13,15,17,19,23	23	35717311	17964037	1712404	51968944	0.032951	0.095324	0.119653	0.097146	False	0.127475
HAP1_chr01	HAP1_chr32	11,13,15,17,19,23	23	35717311	19521485	1756345	53482451	0.032840	0.089970	0.119795	0.099412	False	0.128137
HAP1_chr01	HAP1_chr33	11,13,15,17,19,23	23	35717311	19539073	1685398	53570986	0.031461	0.086258	0.121602	0.101061	False	0.129996
HAP1_chr01	HAP1_chr34	11,13,15,17,19,23	23	35717311	19140608	1722779	53135140	0.032423	0.090006	0.120333	0.099396	False	0.128119
HAP1_chr01	HAP1_chr35	11,13,15,17,19,23	23	35717311	18698993	1611387	52804917	0.030516	0.086175	0.122888	0.101098	False	0.131086
HAP1_chr01	HAP1_chr36	11,13,15,17,19,23	23	35717311	17333529	1548553	51502287	0.030068	0.089339	0.123512	0.099688	False	0.131182
HAP1_chr01	HAP2_chr01	11,13,15,17,19,23	23	35717311	28826960	27350660	37193611	0.735359	0.948788	0.007194	0.002283	False	0.008672
HAP1_chr01	HAP2_chr02	11,13,15,17,19,23	23	35717311	32469880	5494328	62692863	0.087639	0.169213	0.079365	0.074335	False	0.091867
HAP1_chr01	HAP2_chr03	11,13,15,17,19,23	23	35717311	22336550	4999129	53054732	0.094226	0.223809	0.076477	0.063012	False	0.088509
HAP1_chr01	HAP2_chr04	11,13,15,17,19,23	23	35717311	24275153	5004850	54987614	0.091018	0.206172	0.077855	0.066350	False	0.089804
HAP1_chr01	HAP2_chr05	11,13,15,17,19,23	23	35717311	27694867	5732415	57679763	0.099383	0.206985	0.074364	0.066191	False	0.086432
HAP1_chr01	HAP2_chr06	11,13,15,17,19,23	23	35717311	25452098	5076107	56093302	0.090494	0.199438	0.078085	0.067698	False	0.089951
HAP1_chr01	HAP2_chr07	11,13,15,17,19,23	23	35717311	24690358	5379077	55028592	0.097751	0.217861	0.075020	0.064109	False	0.087099
HAP1_chr01	HAP2_chr08	11,13,15,17,19,23	23	35717311	23770547	5213184	54274674	0.096052	0.219313	0.075715	0.063839	False	0.087615
HAP1_chr01	HAP2_chr09	11,13,15,17,19,23	23	35717311	27088665	5273640	57532336	0.091664	0.194681	0.077573	0.068676	False	0.089807
HAP1_chr01	HAP2_chr10	11,13,15,17,19,23	23	35717311	27665485	5365927	58016869	0.092489	0.193957	0.077216	0.068826	False	0.089212
HAP1_chr01	HAP2_chr11	11,13,15,17,19,23	23	35717311	27186520	5201428	57702403	0.090142	0.191324	0.078240	0.069380	False	0.090207
HAP1_chr01	HAP2_chr12	11,13,15,17,19,23	23	35717311	26259349	5059214	56917446	0.088887	0.192663	0.078800	0.069097	False	0.090894
HAP1_chr01	HAP2_chr13	11,13,15,17,19,23	23	35717311	23327952	4777188	54268075	0.088029	0.204784	0.079187	0.066625	False	0.091601
HAP1_chr01	HAP2_chr14	11,13,15,17,19,23	23	35717311	24080067	4607544	55189834	0.083485	0.191343	0.081310	0.069376	False	0.093535
HAP1_chr01	HAP2_chr15	11,13,15,17,19,23	23	35717311	27590322	5350677	57956956	0.092322	0.193933	0.077289	0.068831	False	0.089476
HAP1_chr01	HAP2_chr16	11,13,15,17,19,23	23	35717311	26246790	5272932	56691169	0.093012	0.200898	0.076992	0.067402	False	0.089287
HAP1_chr01	HAP2_chr17	11,13,15,17,19,23	23	35717311	26521176	5115298	57123189	0.089549	0.192876	0.078504	0.069053	False	0.090644
HAP1_chr01	HAP2_chr18	11,13,15,17,19,23	23	35717311	24381093	4743323	55355081	0.085689	0.194549	0.080265	0.068703	False	0.093066
HAP1_chr01	HAP2_chr19	11,13,15,17,19,23	23	35717311	25768877	1908236	59577952	0.032029	0.074052	0.120847	0.107004	False	0.130154
HAP1_chr01	HAP2_chr20	11,13,15,17,19,23	23	35717311	20063909	1835945	53945275	0.034033	0.091505	0.118293	0.098750	False	0.126228
HAP1_chr01	HAP2_chr21	11,13,15,17,19,23	23	35717311	22803913	1893488	56627736	0.033437	0.083033	0.119036	0.102548	False	0.127666
HAP1_chr01	HAP2_chr22	11,13,15,17,19,23	23	35717311	21922403	4079246	53560468	0.076162	0.186077	0.085007	0.070504	False	0.087138
HAP1_chr01	HAP2_chr23	11,13,15,17,19,23	23	35717311	21196957	1968061	54946207	0.035818	0.092846	0.116146	0.098179	False	0.124173
HAP1_chr01	HAP2_chr24	11,13,15,17,19,23	23	35717311	20102868	1831794	53988385	0.033929	0.091121	0.118421	0.098914	False	0.126312
HAP1_chr01	HAP2_chr25	11,13,15,17,19,23	23	35717311	20239507	1723547	54233271	0.031780	0.085158	0.121176	0.101562	False	0.129693
HAP1_chr01	HAP2_chr26	11,13,15,17,19,23	23	35717311	19903419	1796366	53824364	0.033375	0.090254	0.119115	0.099289	False	0.127463
HAP1_chr01	HAP2_chr27	11,13,15,17,19,23	23	35717311	17870121	1690072	51897360	0.032566	0.094575	0.120148	0.097456	False	0.128748
HAP1_chr01	HAP2_chr28	11,13,15,17,19,23	23	35717311	17426831	1673785	51470357	0.032519	0.096046	0.120208	0.096850	False	0.127860
HAP1_chr01	HAP2_chr29	11,13,15,17,19,23	23	35717311	19028380	1741918	53003773	0.032864	0.091543	0.119764	0.098733	False	0.128148
HAP1_chr01	HAP2_chr30	11,13,15,17,19,23	23	35717311	19686693	1768860	53635144	0.032979	0.089851	0.119616	0.099464	False	0.127479
HAP1_chr01	HAP2_chr31	11,13,15,17,19,23	23	35717311	17171636	1662891	51226056	0.032462	0.096839	0.120282	0.096527	False	0.128046
HAP1_chr01	HAP2_chr32	11,13,15,17,19,23	23	35717311	19285510	1698375	53304446	0.031862	0.088065	0.121068	0.100250	False	0.129423
HAP1_chr01	HAP2_chr33	11,13,15,17,19,23	23	35717311	19469942	1692475	53494778	0.031638	0.086928	0.121365	0.100758	False	0.129589
HAP1_chr01	HAP2_chr34	11,13,15,17,19,23	23	35717311	19829428	1806762	53739977	0.033620	0.091115	0.118806	0.098917	False	0.126502
HAP1_chr01	HAP2_chr35	11,13,15,17,19,23	23	35717311	17598234	1519281	51796264	0.029332	0.086331	0.124558	0.101027	False	0.132761
HAP1_chr01	HAP2_chr36	11,13,15,17,19,23	23	35717311	16850131	1515448	51051994	0.029684	0.089937	0.124054	0.099427	False	0.131769
HAP1_chr02	HAP1_chr03	11,13,15,17,19,23	23	37159492	30682602	5742981	62099113	0.092481	0.187174	0.077220	0.070266	False	0.089414
HAP1_chr02	HAP1_chr04	11,13,15,17,19,23	23	37159492	30408506	5586386	61981612	0.090130	0.183711	0.078246	0.071021	False	0.090470
HAP1_chr02	HAP1_chr05	11,13,15,17,19,23	23	37159492	29160850	5569988	60750354	0.091687	0.191009	0.077563	0.069446	False	0.090024
HAP1_chr02	HAP1_chr06	11,13,15,17,19,23	23	37159492	30699169	5522725	62335936	0.088596	0.179898	0.078931	0.071868	False	0.091037
HAP1_chr02	HAP1_chr07	11,13,15,17,19,23	23	37159492	29100890	5485232	60775150	0.090255	0.188490	0.078191	0.069983	False	0.090761
HAP1_chr02	HAP1_chr08	11,13,15,17,19,23	23	37159492	28351854	5507331	60004015	0.091783	0.194249	0.077522	0.068765	False	0.089864
HAP1_chr02	HAP1_chr09	11,13,15,17,19,23	23	37159492	29702627	5470519	61391600	0.089109	0.184176	0.078701	0.070919	False	0.091119
HAP1_chr02	HAP1_chr10	11,13,15,17,19,23	23	37159492	29755350	5362896	61551946	0.087128	0.180233	0.079599	0.071793	False	0.092070
HAP1_chr02	HAP1_chr11	11,13,15,17,19,23	23	37159492	31388879	5501952	63046419	0.087268	0.175283	0.079534	0.072916	False	0.091802
HAP1_chr02	HAP1_chr12	11,13,15,17,19,23	23	37159492	29275459	5434895	61000056	0.089097	0.185647	0.078706	0.070598	False	0.090943
HAP1_chr02	HAP1_chr13	11,13,15,17,19,23	23	37159492	27945792	5202026	59903258	0.086840	0.186147	0.079731	0.070489	False	0.092443
HAP1_chr02	HAP1_chr14	11,13,15,17,19,23	23	37159492	29707144	5346133	61520503	0.086900	0.179961	0.079703	0.071854	False	0.092013
HAP1_chr02	HAP1_chr15	11,13,15,17,19,23	23	37159492	28623844	5237362	60545974	0.086502	0.182972	0.079887	0.071184	False	0.092549
HAP1_chr02	HAP1_chr16	11,13,15,17,19,23	23	37159492	27011355	5087978	59082869	0.086116	0.188364	0.080066	0.070010	False	0.092709
HAP1_chr02	HAP1_chr17	11,13,15,17,19,23	23	37159492	27940339	5069451	60030380	0.084448	0.181438	0.080850	0.071524	False	0.093425
HAP1_chr02	HAP1_chr18	11,13,15,17,19,23	23	37159492	26803682	4855214	59107960	0.082141	0.181140	0.081961	0.071590	False	0.094952
HAP1_chr02	HAP1_chr19	11,13,15,17,19,23	23	37159492	26589451	5201097	58547846	0.088835	0.195608	0.078823	0.068483	False	0.081437
HAP1_chr02	HAP1_chr20	11,13,15,17,19,23	23	37159492	21443029	2172462	56430059	0.038498	0.101313	0.113120	0.094751	False	0.121754
HAP1_chr02	HAP1_chr21	11,13,15,17,19,23	23	37159492	22165965	1892050	57433407	0.032943	0.085358	0.119662	0.101470	False	0.128709
HAP1_chr02	HAP1_chr22	11,13,15,17,19,23	23	37159492	22122737	1867211	57415018	0.032521	0.084402	0.120205	0.101910	False	0.129074
HAP1_chr02	HAP1_chr23	11,13,15,17,19,23	23	37159492	22072795	2017933	57214354	0.035270	0.091422	0.116793	0.098785	False	0.125465
HAP1_chr02	HAP1_chr24	11,13,15,17,19,23	23	37159492	21115586	2013907	56261171	0.035796	0.095375	0.116172	0.097125	False	0.124611
HAP1_chr02	HAP1_chr25	11,13,15,17,19,23	23	37159492	21212482	1991725	56380249	0.035327	0.093894	0.116726	0.097739	False	0.125657
HAP1_chr02	HAP1_chr26	11,13,15,17,19,23	23	37159492	21132037	1874092	56417437	0.033218	0.088685	0.119312	0.099976	False	0.128229
HAP1_chr02	HAP1_chr27	11,13,15,17,19,23	23	37159492	19486219	1812644	54833067	0.033057	0.093022	0.119517	0.098105	False	0.128623
HAP1_chr02	HAP1_chr28	11,13,15,17,19,23	23	37159492	21292029	1804308	56647213	0.031852	0.084741	0.121081	0.101754	False	0.130237
HAP1_chr02	HAP1_chr29	11,13,15,17,19,23	23	37159492	19895838	1848393	55206937	0.033481	0.092904	0.118981	0.098155	False	0.127891
HAP1_chr02	HAP1_chr30	11,13,15,17,19,23	23	37159492	20107834	1801973	55465353	0.032488	0.089615	0.120248	0.099567	False	0.128517
HAP1_chr02	HAP1_chr31	11,13,15,17,19,23	23	37159492	17964037	1697813	53425716	0.031779	0.094512	0.121178	0.097482	False	0.129493
HAP1_chr02	HAP1_chr32	11,13,15,17,19,23	23	37159492	19521485	1787523	54893454	0.032564	0.091567	0.120150	0.098723	False	0.128973
HAP1_chr02	HAP1_chr33	11,13,15,17,19,23	23	37159492	19539073	1737386	54961179	0.031611	0.088919	0.121401	0.099873	False	0.130274
HAP1_chr02	HAP1_chr34	11,13,15,17,19,23	23	37159492	19140608	1728242	54571858	0.031669	0.090292	0.121324	0.099272	False	0.129697
HAP1_chr02	HAP1_chr35	11,13,15,17,19,23	23	37159492	18698993	1662236	54196249	0.030671	0.088894	0.122674	0.099883	False	0.131315
HAP1_chr02	HAP1_chr36	11,13,15,17,19,23	23	37159492	17333529	1619730	52873291	0.030634	0.093445	0.122725	0.097927	False	0.130906
HAP1_chr02	HAP2_chr01	11,13,15,17,19,23	23	37159492	28826960	5394853	60591599	0.089036	0.187146	0.078733	0.070272	False	0.091204
HAP1_chr02	HAP2_chr02	11,13,15,17,19,23	23	37159492	32469880	29578719	40050653	0.738533	0.910959	0.007086	0.004046	False	0.008443
HAP1_chr02	HAP2_chr03	11,13,15,17,19,23	23	37159492	22336550	4713208	54782834	0.086034	0.211009	0.080104	0.065409	False	0.092624
HAP1_chr02	HAP2_chr04	11,13,15,17,19,23	23	37159492	24275153	4799145	56635500	0.084737	0.197698	0.080713	0.068053	False	0.093112
HAP1_chr02	HAP2_chr05	11,13,15,17,19,23	23	37159492	27694867	5410267	59444092	0.091014	0.195353	0.077856	0.068536	False	0.090369
HAP1_chr02	HAP2_chr06	11,13,15,17,19,23	23	37159492	25452098	4996793	57614797	0.086728	0.196321	0.079783	0.068336	False	0.092076
HAP1_chr02	HAP2_chr07	11,13,15,17,19,23	23	37159492	24690358	5027355	56822495	0.088475	0.203616	0.078986	0.066857	False	0.091728
HAP1_chr02	HAP2_chr08	11,13,15,17,19,23	23	37159492	23770547	4978410	55951629	0.088977	0.209436	0.078760	0.065713	False	0.091158
HAP1_chr02	HAP2_chr09	11,13,15,17,19,23	23	37159492	27088665	5058879	59189278	0.085470	0.186753	0.080368	0.070358	False	0.092914
HAP1_chr02	HAP2_chr10	11,13,15,17,19,23	23	37159492	27665485	5190127	59634850	0.087032	0.187603	0.079643	0.070174	False	0.092167
HAP1_chr02	HAP2_chr11	11,13,15,17,19,23	23	37159492	27186520	5091552	59254460	0.085927	0.187282	0.080154	0.070243	False	0.092510
HAP1_chr02	HAP2_chr12	11,13,15,17,19,23	23	37159492	26259349	4959445	58459396	0.084836	0.188864	0.080666	0.069903	False	0.093142
HAP1_chr02	HAP2_chr13	11,13,15,17,19,23	23	37159492	23327952	4555045	55932399	0.081438	0.195261	0.082307	0.068555	False	0.095025
HAP1_chr02	HAP2_chr14	11,13,15,17,19,23	23	37159492	24080067	4572865	56666694	0.080698	0.189903	0.082674	0.069681	False	0.095417
HAP1_chr02	HAP2_chr15	11,13,15,17,19,23	23	37159492	27590322	5081650	59668164	0.085165	0.184182	0.080511	0.070918	False	0.093066
HAP1_chr02	HAP2_chr16	11,13,15,17,19,23	23	37159492	26246790	5028375	58377907	0.086135	0.191581	0.080057	0.069325	False	0.092707
HAP1_chr02	HAP2_chr17	11,13,15,17,19,23	23	37159492	26521176	4951973	58728695	0.084319	0.186718	0.080911	0.070365	False	0.093483
HAP1_chr02	HAP2_chr18	11,13,15,17,19,23	23	37159492	24381093	4584432	56956153	0.080491	0.188032	0.082778	0.070082	False	0.095970
HAP1_chr02	HAP2_chr19	11,13,15,17,19,23	23	37159492	25768877	5013939	57914430	0.086575	0.194573	0.079853	0.068698	False	0.082375
HAP1_chr02	HAP2_chr20	11,13,15,17,19,23	23	37159492	20063909	1871242	55352159	0.033806	0.093264	0.118574	0.098003	False	0.127014
HAP1_chr02	HAP2_chr21	11,13,15,17,19,23	23	37159492	22803913	1918670	58044735	0.033055	0.084138	0.119520	0.102033	False	0.128552
HAP1_chr02	HAP2_chr22	11,13,15,17,19,23	23	37159492	21922403	1841100	57240795	0.032164	0.083983	0.120670	0.102105	False	0.129611
HAP1_chr02	HAP2_chr23	11,13,15,17,19,23	23	37159492	21196957	1998225	56358224	0.035456	0.094269	0.116572	0.097583	False	0.125004
HAP1_chr02	HAP2_chr24	11,13,15,17,19,23	23	37159492	20102868	1896100	55366260	0.034246	0.094320	0.118030	0.097562	False	0.126310
HAP1_chr02	HAP2_chr25	11,13,15,17,19,23	23	37159492	20239507	1778656	55620343	0.031979	0.087880	0.120914	0.100332	False	0.129719
HAP1_chr02	HAP2_chr26	11,13,15,17,19,23	23	37159492	19903419	1809039	55253872	0.032740	0.090891	0.119922	0.099014	False	0.128678
HAP1_chr02	HAP2_chr27	11,13,15,17,19,23	23	37159492	17870121	1701378	53328235	0.031904	0.095208	0.121012	0.097194	False	0.129939
HAP1_chr02	HAP2_chr28	11,13,15,17,19,23	23	37159492	17426831	1677734	52908589	0.031710	0.096273	0.121269	0.096757	False	0.129453
HAP1_chr02	HAP2_chr29	11,13,15,17,19,23	23	37159492	19028380	1802062	54385810	0.033135	0.094704	0.119418	0.097402	False	0.128223
HAP1_chr02	HAP2_chr30	11,13,15,17,19,23	23	37159492	19686693	1795139	55051046	0.032609	0.091185	0.120092	0.098887	False	0.128262
HAP1_chr02	HAP2_chr31	11,13,15,17,19,23	23	37159492	17171636	1673876	52657252	0.031788	0.097479	0.121166	0.096268	False	0.129434
HAP1_chr02	HAP2_chr32	11,13,15,17,19,23	23	37159492	19285510	1720991	54724011	0.031449	0.089238	0.121618	0.099732	False	0.130466
HAP1_chr02	HAP2_chr33	11,13,15,17,19,23	23	37159492	19469942	1740102	54889332	0.031702	0.089374	0.121280	0.099673	False	0.129995
HAP1_chr02	HAP2_chr34	11,13,15,17,19,23	23	37159492	19829428	1823847	55165073	0.033062	0.091977	0.119511	0.098548	False	0.127844
HAP1_chr02	HAP2_chr35	11,13,15,17,19,23	23	37159492	17598234	1577555	53180171	0.029664	0.089643	0.124082	0.099555	False	0.132702
HAP1_chr02	HAP2_chr36	11,13,15,17,19,23	23	37159492	16850131	1565578	52444045	0.029852	0.092912	0.123816	0.098152	False	0.131925
HAP1_chr03	HAP1_chr04	11,13,15,17,19,23	23	30682602	30408506	5611732	55479376	0.101150	0.184545	0.073668	0.070838	False	0.085120
HAP1_chr03	HAP1_chr05	11,13,15,17,19,23	23	30682602	29160850	5615394	54228058	0.103551	0.192566	0.072742	0.069118	False	0.084489
HAP1_chr03	HAP1_chr06	11,13,15,17,19,23	23	30682602	30699169	5433470	55948301	0.097116	0.177086	0.075278	0.072503	False	0.086774
HAP1_chr03	HAP1_chr07	11,13,15,17,19,23	23	30682602	29100890	5554753	54228739	0.102432	0.190879	0.073171	0.069474	False	0.084926
HAP1_chr03	HAP1_chr08	11,13,15,17,19,23	23	30682602	28351854	5468706	53565750	0.102093	0.192887	0.073301	0.069050	False	0.084933
HAP1_chr03	HAP1_chr09	11,13,15,17,19,23	23	30682602	29702627	5442835	54942394	0.099064	0.183244	0.074491	0.071124	False	0.086427
HAP1_chr03	HAP1_chr10	11,13,15,17,19,23	23	30682602	29755350	5252298	55185654	0.095175	0.176516	0.076078	0.072633	False	0.087834
HAP1_chr03	HAP1_chr11	11,13,15,17,19,23	23	30682602	31388879	5400788	56670693	0.095301	0.176021	0.076026	0.072747	False	0.087708
HAP1_chr03	HAP1_chr12	11,13,15,17,19,23	23	30682602	29275459	5393934	54564127	0.098855	0.184248	0.074575	0.070903	False	0.086128
HAP1_chr03	HAP1_chr13	11,13,15,17,19,23	23	30682602	27945792	5246084	53382310	0.098274	0.187724	0.074808	0.070148	False	0.086879
HAP1_chr03	HAP1_chr14	11,13,15,17,19,23	23	30682602	29707144	5186786	55202960	0.093958	0.174597	0.076589	0.073074	False	0.088201
HAP1_chr03	HAP1_chr15	11,13,15,17,19,23	23	30682602	28623844	5215566	54090880	0.096422	0.182211	0.075562	0.071352	False	0.087576
HAP1_chr03	HAP1_chr16	11,13,15,17,19,23	23	30682602	27011355	5077430	52616527	0.096499	0.187974	0.075530	0.070094	False	0.087542
HAP1_chr03	HAP1_chr17	11,13,15,17,19,23	23	30682602	27940339	5031226	53591715	0.093881	0.180070	0.076622	0.071829	False	0.088395
HAP1_chr03	HAP1_chr18	11,13,15,17,19,23	23	30682602	26803682	4718314	52767970	0.089416	0.176032	0.078563	0.072744	False	0.091115
HAP1_chr03	HAP1_chr19	11,13,15,17,19,23	23	30682602	26589451	1871205	55400848	0.033776	0.070374	0.118612	0.108980	False	0.127786
HAP1_chr03	HAP1_chr20	11,13,15,17,19,23	23	30682602	21443029	2043140	50082491	0.040795	0.095282	0.110697	0.097163	False	0.118549
HAP1_chr03	HAP1_chr21	11,13,15,17,19,23	23	30682602	22165965	1735602	51112965	0.033956	0.078300	0.118388	0.104836	False	0.126609
HAP1_chr03	HAP1_chr22	11,13,15,17,19,23	23	30682602	22122737	1702354	51102985	0.033312	0.076950	0.119194	0.105512	False	0.127179
HAP1_chr03	HAP1_chr23	11,13,15,17,19,23	23	30682602	22072795	1836657	50918740	0.036070	0.083209	0.115851	0.102466	False	0.123609
HAP1_chr03	HAP1_chr24	11,13,15,17,19,23	23	30682602	21115586	3723562	48074626	0.077454	0.176342	0.084327	0.072673	False	0.086401
HAP1_chr03	HAP1_chr25	11,13,15,17,19,23	23	30682602	21212482	1845805	50049279	0.036880	0.087015	0.114920	0.100719	False	0.123140
HAP1_chr03	HAP1_chr26	11,13,15,17,19,23	23	30682602	21132037	1749311	50065328	0.034941	0.082780	0.117187	0.102668	False	0.125243
HAP1_chr03	HAP1_chr27	11,13,15,17,19,23	23	30682602	19486219	1667354	48501467	0.034377	0.085566	0.117870	0.101375	False	0.126137
HAP1_chr03	HAP1_chr28	11,13,15,17,19,23	23	30682602	21292029	1670938	50303693	0.033217	0.078477	0.119314	0.104748	False	0.127546
HAP1_chr03	HAP1_chr29	11,13,15,17,19,23	23	30682602	19895838	1735978	48842462	0.035542	0.087253	0.116470	0.100612	False	0.124579
HAP1_chr03	HAP1_chr30	11,13,15,17,19,23	23	30682602	20107834	1667232	49123204	0.033940	0.082915	0.118409	0.102604	False	0.125879
HAP1_chr03	HAP1_chr31	11,13,15,17,19,23	23	30682602	17964037	1586134	47060505	0.033704	0.088295	0.118702	0.100148	False	0.125867
HAP1_chr03	HAP1_chr32	11,13,15,17,19,23	23	30682602	19521485	1700395	48503692	0.035057	0.087104	0.117047	0.100679	False	0.124992
HAP1_chr03	HAP1_chr33	11,13,15,17,19,23	23	30682602	19539073	1574197	48647478	0.032359	0.080567	0.120415	0.103724	False	0.128409
HAP1_chr03	HAP1_chr34	11,13,15,17,19,23	23	30682602	19140608	1648720	48174490	0.034224	0.086137	0.118058	0.101115	False	0.125377
HAP1_chr03	HAP1_chr35	11,13,15,17,19,23	23	30682602	18698993	1522369	47859226	0.031809	0.081414	0.121138	0.103316	False	0.128886
HAP1_chr03	HAP1_chr36	11,13,15,17,19,23	23	30682602	17333529	1474849	46541282	0.031689	0.085086	0.121297	0.101595	False	0.128471
HAP1_chr03	HAP2_chr01	11,13,15,17,19,23	23	30682602	28826960	5394590	54114972	0.099688	0.187137	0.074243	0.070274	False	0.085926
HAP1_chr03	HAP2_chr02	11,13,15,17,19,23	23	30682602	32469880	5258010	57894472	0.090821	0.171368	0.077941	0.073826	False	0.090214
HAP1_chr03	HAP2_chr03	11,13,15,17,19,23	23	30682602	22336550	20572715	32446437	0.634052	0.921034	0.011023	0.003570	False	0.012743
HAP1_chr03	HAP2_chr04	11,13,15,17,19,23	23	30682602	24275153	4776429	50181326	0.095183	0.196762	0.076075	0.068245	False	0.087511
HAP1_chr03	HAP2_chr05	11,13,15,17,19,23	23	30682602	27694867	5442655	52934814	0.102818	0.196522	0.073022	0.068294	False	0.084722
HAP1_chr03	HAP2_chr06	11,13,15,17,19,23	23	30682602	25452098	4891639	51243061	0.095460	0.192190	0.075960	0.069197	False	0.087384
HAP1_chr03	HAP2_chr07	11,13,15,17,19,23	23	30682602	24690358	5062668	50310292	0.100629	0.205046	0.073872	0.066573	False	0.085555
HAP1_chr03	HAP2_chr08	11,13,15,17,19,23	23	30682602	23770547	4941945	49511204	0.099815	0.207902	0.074193	0.066011	False	0.085654
HAP1_chr03	HAP2_chr09	11,13,15,17,19,23	23	30682602	27088665	5026564	52744703	0.095300	0.185560	0.076026	0.070617	False	0.087978
HAP1_chr03	HAP2_chr10	11,13,15,17,19,23	23	30682602	27665485	5065214	53282873	0.095063	0.183088	0.076125	0.071158	False	0.087823
HAP1_chr03	HAP2_chr11	11,13,15,17,19,23	23	30682602	27186520	5014626	52854496	0.094876	0.184453	0.076203	0.070858	False	0.087669
HAP1_chr03	HAP2_chr12	11,13,15,17,19,23	23	30682602	26259349	4853677	52088274	0.093182	0.184836	0.076920	0.070774	False	0.088667
HAP1_chr03	HAP2_chr13	11,13,15,17,19,23	23	30682602	23327952	4575715	49434839	0.092561	0.196147	0.077186	0.068372	False	0.089180
HAP1_chr03	HAP2_chr14	11,13,15,17,19,23	23	30682602	24080067	4381307	50381362	0.086963	0.181947	0.079675	0.071411	False	0.091535
HAP1_chr03	HAP2_chr15	11,13,15,17,19,23	23	30682602	27590322	5021925	53250999	0.094307	0.182018	0.076442	0.071395	False	0.088370
HAP1_chr03	HAP2_chr16	11,13,15,17,19,23	23	30682602	26246790	4973419	51955973	0.095724	0.189487	0.075850	0.069770	False	0.087854
HAP1_chr03	HAP2_chr17	11,13,15,17,19,23	23	30682602	26521176	4986645	52217133	0.095498	0.188025	0.075944	0.070083	False	0.087706
HAP1_chr03	HAP2_chr18	11,13,15,17,19,23	23	30682602	24381093	4495291	50568404	0.088895	0.184376	0.078796	0.070875	False	0.091316
HAP1_chr03	HAP2_chr19	11,13,15,17,19,23	23	30682602	25768877	1759718	54691761	0.032175	0.068289	0.120656	0.110145	False	0.129582
HAP1_chr03	HAP2_chr20	11,13,15,17,19,23	23	30682602	20063909	1709921	49036590	0.034870	0.085224	0.117272	0.101532	False	0.124822
HAP1_chr03	HAP2_chr21	11,13,15,17,19,23	23	30682602	22803913	1765828	51720687	0.034142	0.077435	0.118159	0.105268	False	0.126312
HAP1_chr03	HAP2_chr22	11,13,15,17,19,23	23	30682602	21922403	1675366	50929639	0.032896	0.076423	0.119723	0.105780	False	0.127800
HAP1_chr03	HAP2_chr23	11,13,15,17,19,23	23	30682602	21196957	1845887	50033672	0.036893	0.087083	0.114905	0.100689	False	0.122400
HAP1_chr03	HAP2_chr24	11,13,15,17,19,23	23	30682602	20102868	3567431	47218039	0.075552	0.177459	0.085331	0.072419	False	0.087238
HAP1_chr03	HAP2_chr25	11,13,15,17,19,23	23	30682602	20239507	1601127	49320982	0.032463	0.079109	0.120280	0.104436	False	0.128335
HAP1_chr03	HAP2_chr26	11,13,15,17,19,23	23	30682602	19903419	1699063	48886958	0.034755	0.085365	0.117411	0.101467	False	0.125300
HAP1_chr03	HAP2_chr27	11,13,15,17,19,23	23	30682602	17870121	1572248	46980475	0.033466	0.087982	0.119000	0.100287	False	0.127274
HAP1_chr03	HAP2_chr28	11,13,15,17,19,23	23	30682602	17426831	1588037	46521396	0.034136	0.091126	0.118167	0.098912	False	0.125278
HAP1_chr03	HAP2_chr29	11,13,15,17,19,23	23	30682602	19028380	1671719	48039263	0.034799	0.087854	0.117358	0.100344	False	0.125382
HAP1_chr03	HAP2_chr30	11,13,15,17,19,23	23	30682602	19686693	1652296	48716999	0.033916	0.083930	0.118438	0.102130	False	0.125765
HAP1_chr03	HAP2_chr31	11,13,15,17,19,23	23	30682602	17171636	1543613	46310625	0.033332	0.089893	0.119169	0.099446	False	0.126250
HAP1_chr03	HAP2_chr32	11,13,15,17,19,23	23	30682602	19285510	1604134	48363978	0.033168	0.083178	0.119376	0.102481	False	0.127308
HAP1_chr03	HAP2_chr33	11,13,15,17,19,23	23	30682602	19469942	1583209	48569335	0.032597	0.081316	0.120107	0.103364	False	0.127960
HAP1_chr03	HAP2_chr34	11,13,15,17,19,23	23	30682602	19829428	1706554	48805476	0.034966	0.086062	0.117156	0.101150	False	0.124350
HAP1_chr03	HAP2_chr35	11,13,15,17,19,23	23	30682602	17598234	1452128	46828708	0.031009	0.082516	0.122211	0.102793	False	0.130024
HAP1_chr03	HAP2_chr36	11,13,15,17,19,23	23	30682602	16850131	1446456	46086277	0.031386	0.085842	0.121702	0.101249	False	0.128951
HAP1_chr04	HAP1_chr05	11,13,15,17,19,23	23	30408506	29160850	5396045	54173311	0.099607	0.185044	0.074275	0.070729	False	0.085959
HAP1_chr04	HAP1_chr06	11,13,15,17,19,23	23	30408506	30699169	5392608	55715067	0.096789	0.177339	0.075411	0.072446	False	0.086716
HAP1_chr04	HAP1_chr07	11,13,15,17,19,23	23	30408506	29100890	5377430	54131966	0.099339	0.184786	0.074382	0.070785	False	0.086087
HAP1_chr04	HAP1_chr08	11,13,15,17,19,23	23	30408506	28351854	5338742	53421618	0.099936	0.188303	0.074145	0.070023	False	0.085652
HAP1_chr04	HAP1_chr09	11,13,15,17,19,23	23	30408506	29702627	5363558	54747575	0.097969	0.180575	0.074931	0.071716	False	0.086630
HAP1_chr04	HAP1_chr10	11,13,15,17,19,23	23	30408506	29755350	5164335	54999521	0.093898	0.173560	0.076615	0.073314	False	0.088324
HAP1_chr04	HAP1_chr11	11,13,15,17,19,23	23	30408506	31388879	5263626	56533759	0.093106	0.173097	0.076952	0.073422	False	0.088676
HAP1_chr04	HAP1_chr12	11,13,15,17,19,23	23	30408506	29275459	5313930	54370035	0.097736	0.181515	0.075025	0.071507	False	0.086401
HAP1_chr04	HAP1_chr13	11,13,15,17,19,23	23	30408506	27945792	5105756	53248542	0.095885	0.182702	0.075783	0.071243	False	0.087717
HAP1_chr04	HAP1_chr14	11,13,15,17,19,23	23	30408506	29707144	5144421	54971229	0.093584	0.173171	0.076748	0.073404	False	0.088364
HAP1_chr04	HAP1_chr15	11,13,15,17,19,23	23	30408506	28623844	5098604	53933746	0.094535	0.178124	0.076347	0.072268	False	0.088188
HAP1_chr04	HAP1_chr16	11,13,15,17,19,23	23	30408506	27011355	4919727	52500134	0.093709	0.182136	0.076695	0.071369	False	0.088567
HAP1_chr04	HAP1_chr17	11,13,15,17,19,23	23	30408506	27940339	4948780	53400065	0.092674	0.177120	0.077137	0.072496	False	0.088846
HAP1_chr04	HAP1_chr18	11,13,15,17,19,23	23	30408506	26803682	4724841	52487347	0.090019	0.176276	0.078295	0.072688	False	0.090570
HAP1_chr04	HAP1_chr19	11,13,15,17,19,23	23	30408506	26589451	2015030	54982927	0.036648	0.075783	0.115184	0.106107	False	0.124490
HAP1_chr04	HAP1_chr20	11,13,15,17,19,23	23	30408506	21443029	2170954	49680581	0.043698	0.101243	0.107829	0.094778	False	0.116023
HAP1_chr04	HAP1_chr21	11,13,15,17,19,23	23	30408506	22165965	1877648	50696823	0.037037	0.084709	0.114742	0.101769	False	0.123083
HAP1_chr04	HAP1_chr22	11,13,15,17,19,23	23	30408506	22122737	1864066	50667177	0.036790	0.084260	0.115022	0.101976	False	0.123194
HAP1_chr04	HAP1_chr23	11,13,15,17,19,23	23	30408506	22072795	1993423	50487878	0.039483	0.090311	0.112063	0.099264	False	0.119883
HAP1_chr04	HAP1_chr24	11,13,15,17,19,23	23	30408506	21115586	1971192	49552900	0.039780	0.093352	0.111751	0.097966	False	0.119370
HAP1_chr04	HAP1_chr25	11,13,15,17,19,23	23	30408506	21212482	1944332	49676656	0.039140	0.091660	0.112429	0.098683	False	0.120663
HAP1_chr04	HAP1_chr26	11,13,15,17,19,23	23	30408506	21132037	1862990	49677553	0.037502	0.088160	0.114219	0.100208	False	0.122361
HAP1_chr04	HAP1_chr27	11,13,15,17,19,23	23	30408506	19486219	1785848	48108877	0.037121	0.091647	0.114647	0.098689	False	0.123236
HAP1_chr04	HAP1_chr28	11,13,15,17,19,23	23	30408506	21292029	1775200	49925335	0.035557	0.083374	0.116453	0.102389	False	0.124821
HAP1_chr04	HAP1_chr29	11,13,15,17,19,23	23	30408506	19895838	1845456	48458888	0.038083	0.092756	0.113575	0.098218	False	0.121942
HAP1_chr04	HAP1_chr30	11,13,15,17,19,23	23	30408506	20107834	1788802	48727538	0.036710	0.088960	0.115113	0.099854	False	0.122677
HAP1_chr04	HAP1_chr31	11,13,15,17,19,23	23	30408506	17964037	1724202	46648341	0.036962	0.095981	0.114827	0.096877	False	0.122597
HAP1_chr04	HAP1_chr32	11,13,15,17,19,23	23	30408506	19521485	1773802	48156189	0.036834	0.090864	0.114972	0.099025	False	0.122988
HAP1_chr04	HAP1_chr33	11,13,15,17,19,23	23	30408506	19539073	1700099	48247480	0.035237	0.087010	0.116832	0.100721	False	0.124865
HAP1_chr04	HAP1_chr34	11,13,15,17,19,23	23	30408506	19140608	3350305	46198809	0.072519	0.175036	0.086990	0.072973	False	0.088898
HAP1_chr04	HAP1_chr35	11,13,15,17,19,23	23	30408506	18698993	1641059	47466440	0.034573	0.087762	0.117631	0.100385	False	0.125428
HAP1_chr04	HAP1_chr36	11,13,15,17,19,23	23	30408506	17333529	1585051	46156984	0.034340	0.091444	0.117915	0.098776	False	0.125241
HAP1_chr04	HAP2_chr01	11,13,15,17,19,23	23	30408506	28826960	5252085	53983381	0.097291	0.182194	0.075206	0.071356	False	0.086915
HAP1_chr04	HAP2_chr02	11,13,15,17,19,23	23	30408506	32469880	5152161	57726225	0.089252	0.169432	0.078636	0.074283	False	0.090941
HAP1_chr04	HAP2_chr03	11,13,15,17,19,23	23	30408506	22336550	4625496	48119560	0.096125	0.207082	0.075684	0.066172	False	0.087161
HAP1_chr04	HAP2_chr04	11,13,15,17,19,23	23	30408506	24275153	21910233	32773426	0.668537	0.902579	0.009629	0.004447	False	0.011016
HAP1_chr04	HAP2_chr05	11,13,15,17,19,23	23	30408506	27694867	5270230	52833143	0.099752	0.190296	0.074218	0.069597	False	0.085911
HAP1_chr04	HAP2_chr06	11,13,15,17,19,23	23	30408506	25452098	4858328	51002276	0.095257	0.190881	0.076044	0.069473	False	0.087323
HAP1_chr04	HAP2_chr07	11,13,15,17,19,23	23	30408506	24690358	4932357	50166507	0.098320	0.199769	0.074790	0.067630	False	0.086433
HAP1_chr04	HAP2_chr08	11,13,15,17,19,23	23	30408506	23770547	4852959	49326094	0.098385	0.204158	0.074763	0.066749	False	0.086048
HAP1_chr04	HAP2_chr09	11,13,15,17,19,23	23	30408506	27088665	4972753	52524418	0.094675	0.183573	0.076288	0.071051	False	0.088012
HAP1_chr04	HAP2_chr10	11,13,15,17,19,23	23	30408506	27665485	5017941	53056050	0.094578	0.181379	0.076328	0.071537	False	0.087991
HAP1_chr04	HAP2_chr11	11,13,15,17,19,23	23	30408506	27186520	4850712	52744314	0.091967	0.178423	0.077442	0.072200	False	0.089081
HAP1_chr04	HAP2_chr12	11,13,15,17,19,23	23	30408506	26259349	4778464	51889391	0.092089	0.181972	0.077389	0.071405	False	0.089006
HAP1_chr04	HAP2_chr13	11,13,15,17,19,23	23	30408506	23327952	4459513	49276945	0.090499	0.191166	0.078083	0.069413	False	0.089888
HAP1_chr04	HAP2_chr14	11,13,15,17,19,23	23	30408506	24080067	4360977	50127596	0.086998	0.181103	0.079659	0.071598	False	0.091486
HAP1_chr04	HAP2_chr15	11,13,15,17,19,23	23	30408506	27590322	4926643	53072185	0.092829	0.178564	0.077070	0.072168	False	0.088808
HAP1_chr04	HAP2_chr16	11,13,15,17,19,23	23	30408506	26246790	4855440	51799856	0.093735	0.184992	0.076684	0.070740	False	0.088522
HAP1_chr04	HAP2_chr17	11,13,15,17,19,23	23	30408506	26521176	4869796	52059886	0.093542	0.183619	0.076766	0.071041	False	0.088445
HAP1_chr04	HAP2_chr18	11,13,15,17,19,23	23	30408506	24381093	4465731	50323868	0.088740	0.183164	0.078866	0.071142	False	0.091254
HAP1_chr04	HAP2_chr19	11,13,15,17,19,23	23	30408506	25768877	1886617	54290766	0.034750	0.073213	0.117417	0.107446	False	0.126460
HAP1_chr04	HAP2_chr20	11,13,15,17,19,23	23	30408506	20063909	1838582	48633833	0.037805	0.091636	0.113882	0.098694	False	0.121504
HAP1_chr04	HAP2_chr21	11,13,15,17,19,23	23	30408506	22803913	1888684	51323735	0.036799	0.082823	0.115011	0.102648	False	0.123357
HAP1_chr04	HAP2_chr22	11,13,15,17,19,23	23	30408506	21922403	1831365	50499544	0.036265	0.083539	0.115625	0.102312	False	0.123856
HAP1_chr04	HAP2_chr23	11,13,15,17,19,23	23	30408506	21196957	1988882	49616581	0.040085	0.093829	0.111431	0.097767	False	0.118999
HAP1_chr04	HAP2_chr24	11,13,15,17,19,23	23	30408506	20102868	1844313	48667061	0.037897	0.091744	0.113780	0.098648	False	0.121259
HAP1_chr04	HAP2_chr25	11,13,15,17,19,23	23	30408506	20239507	1714921	48933092	0.035046	0.084731	0.117060	0.101758	False	0.125125
HAP1_chr04	HAP2_chr26	11,13,15,17,19,23	23	30408506	19903419	1788267	48523658	0.036854	0.089847	0.114950	0.099466	False	0.122937
HAP1_chr04	HAP2_chr27	11,13,15,17,19,23	23	30408506	17870121	1688632	46589995	0.036245	0.094495	0.115649	0.097489	False	0.124325
HAP1_chr04	HAP2_chr28	11,13,15,17,19,23	23	30408506	17426831	1675822	46159515	0.036305	0.096163	0.115579	0.096802	False	0.123112
HAP1_chr04	HAP2_chr29	11,13,15,17,19,23	23	30408506	19028380	1769444	47667442	0.037121	0.092990	0.114647	0.098119	False	0.122971
HAP1_chr04	HAP2_chr30	11,13,15,17,19,23	23	30408506	19686693	1775008	48320191	0.036734	0.090163	0.115086	0.099329	False	0.122475
HAP1_chr04	HAP2_chr31	11,13,15,17,19,23	23	30408506	17171636	1671743	45908399	0.036415	0.097355	0.115452	0.096318	False	0.123282
HAP1_chr04	HAP2_chr32	11,13,15,17,19,23	23	30408506	19285510	1684900	48009116	0.035095	0.087366	0.117001	0.100562	False	0.124985
HAP1_chr04	HAP2_chr33	11,13,15,17,19,23	23	30408506	19469942	1709546	48168902	0.035491	0.087804	0.116531	0.100366	False	0.124401
HAP1_chr04	HAP2_chr34	11,13,15,17,19,23	23	30408506	19829428	3498039	46739895	0.074841	0.176406	0.085714	0.072658	False	0.087797
HAP1_chr04	HAP2_chr35	11,13,15,17,19,23	23	30408506	17598234	1549235	46457505	0.033347	0.088034	0.119149	0.100264	False	0.126965
HAP1_chr04	HAP2_chr36	11,13,15,17,19,23	23	30408506	16850131	1543435	45715202	0.033762	0.091598	0.118629	0.098710	False	0.126024
HAP1_chr05	HAP1_chr06	11,13,15,17,19,23	23	29160850	30699169	5297880	54562139	0.097098	0.181678	0.075285	0.071470	False	0.086840
HAP1_chr05	HAP1_chr07	11,13,15,17,19,23	23	29160850	29100890	5356329	52905411	0.101244	0.184061	0.073631	0.070944	False	0.085600
HAP1_chr05	HAP1_chr08	11,13,15,17,19,23	23	29160850	28351854	5286401	52226303	0.101221	0.186457	0.073640	0.070422	False	0.085463
HAP1_chr05	HAP1_chr09	11,13,15,17,19,23	23	29160850	29702627	5311342	53552135	0.099181	0.182139	0.074445	0.071368	False	0.086499
HAP1_chr05	HAP1_chr10	11,13,15,17,19,23	23	29160850	29755350	5138017	53778183	0.095541	0.176196	0.075926	0.072707	False	0.087853
HAP1_chr05	HAP1_chr11	11,13,15,17,19,23	23	29160850	31388879	5221062	55328667	0.094365	0.179044	0.076418	0.072060	False	0.088410
HAP1_chr05	HAP1_chr12	11,13,15,17,19,23	23	29160850	29275459	5258151	53178158	0.098878	0.180315	0.074566	0.071774	False	0.086170
HAP1_chr05	HAP1_chr13	11,13,15,17,19,23	23	29160850	27945792	5108990	51997652	0.098254	0.182818	0.074816	0.071218	False	0.087056
HAP1_chr05	HAP1_chr14	11,13,15,17,19,23	23	29160850	29707144	5066297	53801697	0.094166	0.173736	0.076502	0.073273	False	0.088410
HAP1_chr05	HAP1_chr15	11,13,15,17,19,23	23	29160850	28623844	5000901	52783793	0.094743	0.174711	0.076259	0.073048	False	0.088515
HAP1_chr05	HAP1_chr16	11,13,15,17,19,23	23	29160850	27011355	4934837	51237368	0.096313	0.182695	0.075607	0.071245	False	0.087754
HAP1_chr05	HAP1_chr17	11,13,15,17,19,23	23	29160850	27940339	4925939	52175250	0.094411	0.176302	0.076398	0.072682	False	0.088238
HAP1_chr05	HAP1_chr18	11,13,15,17,19,23	23	29160850	26803682	4612023	51352509	0.089811	0.172067	0.078387	0.073662	False	0.091017
HAP1_chr05	HAP1_chr19	11,13,15,17,19,23	23	29160850	26589451	1864041	53886260	0.034592	0.070105	0.117608	0.109129	False	0.126836
HAP1_chr05	HAP1_chr20	11,13,15,17,19,23	23	29160850	21443029	1999538	48604341	0.041139	0.093249	0.110346	0.098010	False	0.118376
HAP1_chr05	HAP1_chr21	11,13,15,17,19,23	23	29160850	22165965	1691134	49635681	0.034071	0.076294	0.118246	0.105845	False	0.126532
HAP1_chr05	HAP1_chr22	11,13,15,17,19,23	23	29160850	22122737	1681051	49602536	0.033890	0.075987	0.118470	0.106002	False	0.126647
HAP1_chr05	HAP1_chr23	11,13,15,17,19,23	23	29160850	22072795	1814959	49418686	0.036726	0.082226	0.115095	0.102930	False	0.122925
HAP1_chr05	HAP1_chr24	11,13,15,17,19,23	23	29160850	21115586	1812267	48464169	0.037394	0.085826	0.114340	0.101257	False	0.122040
HAP1_chr05	HAP1_chr25	11,13,15,17,19,23	23	29160850	21212482	1807313	48566019	0.037214	0.085200	0.114542	0.101543	False	0.122809
HAP1_chr05	HAP1_chr26	11,13,15,17,19,23	23	29160850	21132037	1734630	48558257	0.035723	0.082085	0.116257	0.102996	False	0.124391
HAP1_chr05	HAP1_chr27	11,13,15,17,19,23	23	29160850	19486219	1650466	46996603	0.035119	0.084699	0.116973	0.101773	False	0.125392
HAP1_chr05	HAP1_chr28	11,13,15,17,19,23	23	29160850	21292029	1673588	48779291	0.034309	0.078602	0.117953	0.104686	False	0.126185
HAP1_chr05	HAP1_chr29	11,13,15,17,19,23	23	29160850	19895838	1704755	47351933	0.036002	0.085684	0.115931	0.101322	False	0.124159
HAP1_chr05	HAP1_chr30	11,13,15,17,19,23	23	29160850	20107834	3404224	45864460	0.074224	0.169298	0.086049	0.074315	False	0.087869
HAP1_chr05	HAP1_chr31	11,13,15,17,19,23	23	29160850	17964037	1550302	45574585	0.034017	0.086300	0.118313	0.101041	False	0.125558
HAP1_chr05	HAP1_chr32	11,13,15,17,19,23	23	29160850	19521485	1657689	47024646	0.035251	0.084916	0.116815	0.101673	False	0.124587
HAP1_chr05	HAP1_chr33	11,13,15,17,19,23	23	29160850	19539073	1527085	47172838	0.032372	0.078155	0.120399	0.104908	False	0.128535
HAP1_chr05	HAP1_chr34	11,13,15,17,19,23	23	29160850	19140608	1572897	46728561	0.033660	0.082176	0.118756	0.102953	False	0.126220
HAP1_chr05	HAP1_chr35	11,13,15,17,19,23	23	29160850	18698993	1495356	46364487	0.032252	0.079970	0.120555	0.104014	False	0.128319
HAP1_chr05	HAP1_chr36	11,13,15,17,19,23	23	29160850	17333529	1425217	45069162	0.031623	0.082223	0.121385	0.102931	False	0.128659
HAP1_chr05	HAP2_chr01	11,13,15,17,19,23	23	29160850	28826960	5310279	52677531	0.100807	0.184212	0.073802	0.070911	False	0.085565
HAP1_chr05	HAP2_chr02	11,13,15,17,19,23	23	29160850	32469880	5114390	56516340	0.090494	0.175385	0.078085	0.072892	False	0.090642
HAP1_chr05	HAP2_chr03	11,13,15,17,19,23	23	29160850	22336550	4625433	46871967	0.098682	0.207079	0.074644	0.066172	False	0.086394
HAP1_chr05	HAP2_chr04	11,13,15,17,19,23	23	29160850	24275153	4622428	48813575	0.094696	0.190418	0.076279	0.069572	False	0.087942
HAP1_chr05	HAP2_chr05	11,13,15,17,19,23	23	29160850	27694867	24125067	32730650	0.737079	0.871102	0.007136	0.005982	False	0.008482
HAP1_chr05	HAP2_chr06	11,13,15,17,19,23	23	29160850	25452098	4774870	49838078	0.095808	0.187602	0.075816	0.070174	False	0.087287
HAP1_chr05	HAP2_chr07	11,13,15,17,19,23	23	29160850	24690358	4899730	48951478	0.100094	0.198447	0.074083	0.067899	False	0.085982
HAP1_chr05	HAP2_chr08	11,13,15,17,19,23	23	29160850	23770547	4774238	48157159	0.099139	0.200847	0.074462	0.067412	False	0.086154
HAP1_chr05	HAP2_chr09	11,13,15,17,19,23	23	29160850	27088665	4947107	51302408	0.096430	0.182626	0.075559	0.071260	False	0.087538
HAP1_chr05	HAP2_chr10	11,13,15,17,19,23	23	29160850	27665485	4993930	51832405	0.096348	0.180511	0.075593	0.071730	False	0.087406
HAP1_chr05	HAP2_chr11	11,13,15,17,19,23	23	29160850	27186520	4808375	51538995	0.093296	0.176866	0.076871	0.072553	False	0.088692
HAP1_chr05	HAP2_chr12	11,13,15,17,19,23	23	29160850	26259349	4757794	50662405	0.093912	0.181185	0.076609	0.071580	False	0.088411
HAP1_chr05	HAP2_chr13	11,13,15,17,19,23	23	29160850	23327952	4481074	48007728	0.093341	0.192090	0.076852	0.069218	False	0.088901
HAP1_chr05	HAP2_chr14	11,13,15,17,19,23	23	29160850	24080067	4263244	48977673	0.087045	0.177045	0.079637	0.072513	False	0.091826
HAP1_chr05	HAP2_chr15	11,13,15,17,19,23	23	29160850	27590322	4861765	51889407	0.093695	0.176213	0.076701	0.072703	False	0.088846
HAP1_chr05	HAP2_chr16	11,13,15,17,19,23	23	29160850	26246790	4893644	50513996	0.096877	0.186447	0.075375	0.070424	False	0.087443
HAP1_chr05	HAP2_chr17	11,13,15,17,19,23	23	29160850	26521176	4849284	50832742	0.095397	0.182846	0.075986	0.071212	False	0.087761
HAP1_chr05	HAP2_chr18	11,13,15,17,19,23	23	29160850	24381093	4446733	49095210	0.090574	0.182384	0.078050	0.071314	False	0.090590
HAP1_chr05	HAP2_chr19	11,13,15,17,19,23	23	29160850	25768877	1720038	53209689	0.032326	0.066749	0.120459	0.111027	False	0.129467
HAP1_chr05	HAP2_chr20	11,13,15,17,19,23	23	29160850	20063909	1701266	47523493	0.035798	0.084792	0.116169	0.101730	False	0.123744
HAP1_chr05	HAP2_chr21	11,13,15,17,19,23	23	29160850	22803913	1717718	50247045	0.034185	0.075326	0.118105	0.106342	False	0.126417
HAP1_chr05	HAP2_chr22	11,13,15,17,19,23	23	29160850	21922403	1662504	49420749	0.033640	0.075836	0.118782	0.106080	False	0.126995
HAP1_chr05	HAP2_chr23	11,13,15,17,19,23	23	29160850	21196957	1809022	48548785	0.037262	0.085343	0.114488	0.101477	False	0.122044
HAP1_chr05	HAP2_chr24	11,13,15,17,19,23	23	29160850	20102868	1691138	47572580	0.035549	0.084124	0.116463	0.102039	False	0.124027
HAP1_chr05	HAP2_chr25	11,13,15,17,19,23	23	29160850	20239507	1565536	47834821	0.032728	0.077351	0.119938	0.105311	False	0.128014
HAP1_chr05	HAP2_chr26	11,13,15,17,19,23	23	29160850	19903419	1670072	47394197	0.035238	0.083909	0.116831	0.102139	False	0.124761
HAP1_chr05	HAP2_chr27	11,13,15,17,19,23	23	29160850	17870121	1590244	45440727	0.034996	0.088989	0.117121	0.099842	False	0.125747
HAP1_chr05	HAP2_chr28	11,13,15,17,19,23	23	29160850	17426831	1547481	45040200	0.034358	0.088799	0.117894	0.099925	False	0.125244
HAP1_chr05	HAP2_chr29	11,13,15,17,19,23	23	29160850	19028380	1605968	46583262	0.034475	0.084399	0.117751	0.101912	False	0.125825
HAP1_chr05	HAP2_chr30	11,13,15,17,19,23	23	29160850	19686693	3379861	45467682	0.074335	0.171683	0.085988	0.073752	False	0.087716
HAP1_chr05	HAP2_chr31	11,13,15,17,19,23	23	29160850	17171636	1504566	44827920	0.033563	0.087619	0.118878	0.100448	False	0.126271
HAP1_chr05	HAP2_chr32	11,13,15,17,19,23	23	29160850	19285510	1586712	46859648	0.033861	0.082275	0.118506	0.102907	False	0.126330
HAP1_chr05	HAP2_chr33	11,13,15,17,19,23	23	29160850	19469942	1556925	47073867	0.033074	0.079966	0.119496	0.104016	False	0.127445
HAP1_chr05	HAP2_chr34	11,13,15,17,19,23	23	29160850	19829428	1637214	47353064	0.034575	0.082565	0.117630	0.102769	False	0.125005
HAP1_chr05	HAP2_chr35	11,13,15,17,19,23	23	29160850	17598234	1406962	45352122	0.031023	0.079949	0.122193	0.104024	False	0.130004
HAP1_chr05	HAP2_chr36	11,13,15,17,19,23	23	29160850	16850131	1402276	44608705	0.031435	0.083220	0.121636	0.102461	False	0.128933
HAP1_chr06	HAP1_chr07	11,13,15,17,19,23	23	30699169	29100890	5147146	54652913	0.094179	0.176872	0.076496	0.072552	False	0.088216
HAP1_chr06	HAP1_chr08	11,13,15,17,19,23	23	30699169	28351854	5132073	53918950	0.095181	0.181014	0.076076	0.071618	False	0.087674
HAP1_chr06	HAP1_chr09	11,13,15,17,19,23	23	30699169	29702627	5178930	55222866	0.093782	0.174359	0.076664	0.073129	False	0.088508
HAP1_chr06	HAP1_chr10	11,13,15,17,19,23	23	30699169	29755350	5098414	55356105	0.092102	0.171344	0.077383	0.073832	False	0.089114
HAP1_chr06	HAP1_chr11	11,13,15,17,19,23	23	30699169	31388879	5110063	56977985	0.089685	0.166456	0.078443	0.074996	False	0.090338
HAP1_chr06	HAP1_chr12	11,13,15,17,19,23	23	30699169	29275459	5188875	54785753	0.094712	0.177243	0.076272	0.072468	False	0.087817
HAP1_chr06	HAP1_chr13	11,13,15,17,19,23	23	30699169	27945792	5005600	53639361	0.093320	0.179118	0.076861	0.072043	False	0.088748
HAP1_chr06	HAP1_chr14	11,13,15,17,19,23	23	30699169	29707144	5052106	55354207	0.091269	0.170064	0.077745	0.074134	False	0.089458
HAP1_chr06	HAP1_chr15	11,13,15,17,19,23	23	30699169	28623844	4869549	54453464	0.089426	0.170122	0.078559	0.074120	False	0.090587
HAP1_chr06	HAP1_chr16	11,13,15,17,19,23	23	30699169	27011355	4792304	52918220	0.090561	0.177418	0.078056	0.072428	False	0.090059
HAP1_chr06	HAP1_chr17	11,13,15,17,19,23	23	30699169	27940339	4890996	53748512	0.090998	0.175051	0.077864	0.072969	False	0.089693
HAP1_chr06	HAP1_chr18	11,13,15,17,19,23	23	30699169	26803682	4610143	52892708	0.087160	0.171997	0.079584	0.073679	False	0.091872
HAP1_chr06	HAP1_chr19	11,13,15,17,19,23	23	30699169	26589451	2123023	55165597	0.038485	0.079845	0.113135	0.104075	False	0.122609
HAP1_chr06	HAP1_chr20	11,13,15,17,19,23	23	30699169	21443029	2294092	49848106	0.046022	0.106985	0.105673	0.092604	False	0.114530
HAP1_chr06	HAP1_chr21	11,13,15,17,19,23	23	30699169	22165965	1997151	50867983	0.039261	0.090100	0.112299	0.099356	False	0.121065
HAP1_chr06	HAP1_chr22	11,13,15,17,19,23	23	30699169	22122737	1933768	50888138	0.038000	0.087411	0.113666	0.100542	False	0.121940
HAP1_chr06	HAP1_chr23	11,13,15,17,19,23	23	30699169	22072795	2107073	50664891	0.041588	0.095460	0.109893	0.097090	False	0.118101
HAP1_chr06	HAP1_chr24	11,13,15,17,19,23	23	30699169	21115586	2099730	49715025	0.042235	0.099440	0.109249	0.095485	False	0.117445
HAP1_chr06	HAP1_chr25	11,13,15,17,19,23	23	30699169	21212482	2059327	49852324	0.041309	0.097081	0.110175	0.096429	False	0.119148
HAP1_chr06	HAP1_chr26	11,13,15,17,19,23	23	30699169	21132037	1986383	49844823	0.039851	0.093999	0.111675	0.097696	False	0.120470
HAP1_chr06	HAP1_chr27	11,13,15,17,19,23	23	30699169	19486219	1885995	48299393	0.039048	0.096786	0.112527	0.096548	False	0.121896
HAP1_chr06	HAP1_chr28	11,13,15,17,19,23	23	30699169	21292029	1891046	50100152	0.037745	0.088815	0.113948	0.099918	False	0.122726
HAP1_chr06	HAP1_chr29	11,13,15,17,19,23	23	30699169	19895838	1948422	48646585	0.040053	0.097931	0.111465	0.096086	False	0.120499
HAP1_chr06	HAP1_chr30	11,13,15,17,19,23	23	30699169	20107834	1873606	48933397	0.038289	0.093178	0.113349	0.098039	False	0.121175
HAP1_chr06	HAP1_chr31	11,13,15,17,19,23	23	30699169	17964037	1840925	46822281	0.039317	0.102478	0.112239	0.094301	False	0.120662
HAP1_chr06	HAP1_chr32	11,13,15,17,19,23	23	30699169	19521485	1908238	48312416	0.039498	0.097751	0.112048	0.096159	False	0.120826
HAP1_chr06	HAP1_chr33	11,13,15,17,19,23	23	30699169	19539073	1787391	48450851	0.036891	0.091478	0.114907	0.098761	False	0.123531
HAP1_chr06	HAP1_chr34	11,13,15,17,19,23	23	30699169	19140608	1839998	47999779	0.038333	0.096131	0.113300	0.096815	False	0.121238
HAP1_chr06	HAP1_chr35	11,13,15,17,19,23	23	30699169	18698993	1745873	47652289	0.036638	0.093367	0.115196	0.097960	False	0.123766
HAP1_chr06	HAP1_chr36	11,13,15,17,19,23	23	30699169	17333529	3452826	44579872	0.077453	0.199199	0.084328	0.067746	False	0.085755
HAP1_chr06	HAP2_chr01	11,13,15,17,19,23	23	30699169	28826960	5093418	54432711	0.093573	0.176689	0.076753	0.072594	False	0.088415
HAP1_chr06	HAP2_chr02	11,13,15,17,19,23	23	30699169	32469880	5054426	58114623	0.086973	0.164644	0.079670	0.075436	False	0.091874
HAP1_chr06	HAP2_chr03	11,13,15,17,19,23	23	30699169	22336550	4469055	48566664	0.092019	0.200078	0.077419	0.067568	False	0.089025
HAP1_chr06	HAP2_chr04	11,13,15,17,19,23	23	30699169	24275153	4672011	50302311	0.092879	0.192461	0.077049	0.069140	False	0.088315
HAP1_chr06	HAP2_chr05	11,13,15,17,19,23	23	30699169	27694867	5144282	53249754	0.096607	0.185749	0.075486	0.070575	False	0.087074
HAP1_chr06	HAP2_chr06	11,13,15,17,19,23	23	30699169	25452098	23280642	32870625	0.708251	0.914685	0.008143	0.003870	False	0.009447
HAP1_chr06	HAP2_chr07	11,13,15,17,19,23	23	30699169	24690358	4721072	50668455	0.093176	0.191211	0.076922	0.069403	False	0.088529
HAP1_chr06	HAP2_chr08	11,13,15,17,19,23	23	30699169	23770547	4645518	49824198	0.093238	0.195432	0.076895	0.068520	False	0.088354
HAP1_chr06	HAP2_chr09	11,13,15,17,19,23	23	30699169	27088665	4805469	52982365	0.090699	0.177398	0.077995	0.072432	False	0.089924
HAP1_chr06	HAP2_chr10	11,13,15,17,19,23	23	30699169	27665485	4952061	53412593	0.092713	0.178998	0.077120	0.072070	False	0.088804
HAP1_chr06	HAP2_chr11	11,13,15,17,19,23	23	30699169	27186520	4711549	53174140	0.088606	0.173305	0.078926	0.073373	False	0.090741
HAP1_chr06	HAP2_chr12	11,13,15,17,19,23	23	30699169	26259349	4685986	52272532	0.089645	0.178450	0.078461	0.072194	False	0.090267
HAP1_chr06	HAP2_chr13	11,13,15,17,19,23	23	30699169	23327952	4438037	49589084	0.089496	0.190245	0.078527	0.069608	False	0.090301
HAP1_chr06	HAP2_chr14	11,13,15,17,19,23	23	30699169	24080067	4332068	50447168	0.085873	0.179903	0.080179	0.071867	False	0.092104
HAP1_chr06	HAP2_chr15	11,13,15,17,19,23	23	30699169	27590322	4756841	53532650	0.088859	0.172410	0.078813	0.073582	False	0.090659
HAP1_chr06	HAP2_chr16	11,13,15,17,19,23	23	30699169	26246790	4712531	52233428	0.090221	0.179547	0.078206	0.071947	False	0.090209
HAP1_chr06	HAP2_chr17	11,13,15,17,19,23	23	30699169	26521176	4733120	52487225	0.090177	0.178466	0.078225	0.072190	False	0.090084
HAP1_chr06	HAP2_chr18	11,13,15,17,19,23	23	30699169	24381093	4394290	50685972	0.086696	0.180234	0.079797	0.071793	False	0.092146
HAP1_chr06	HAP2_chr19	11,13,15,17,19,23	23	30699169	25768877	1978626	54489420	0.036312	0.076784	0.115571	0.105597	False	0.124813
HAP1_chr06	HAP2_chr20	11,13,15,17,19,23	23	30699169	20063909	1984443	48778635	0.040683	0.098906	0.110812	0.095697	False	0.119261
HAP1_chr06	HAP2_chr21	11,13,15,17,19,23	23	30699169	22803913	2023696	51479386	0.039311	0.088743	0.112246	0.099950	False	0.120925
HAP1_chr06	HAP2_chr22	11,13,15,17,19,23	23	30699169	21922403	1911677	50709895	0.037698	0.087202	0.114000	0.100635	False	0.122355
HAP1_chr06	HAP2_chr23	11,13,15,17,19,23	23	30699169	21196957	2111596	49784530	0.042415	0.099618	0.109072	0.095415	False	0.117221
HAP1_chr06	HAP2_chr24	11,13,15,17,19,23	23	30699169	20102868	1956057	48845980	0.040045	0.097302	0.111472	0.096339	False	0.119370
HAP1_chr06	HAP2_chr25	11,13,15,17,19,23	23	30699169	20239507	1815104	49123572	0.036950	0.089681	0.114841	0.099538	False	0.123244
HAP1_chr06	HAP2_chr26	11,13,15,17,19,23	23	30699169	19903419	1923010	48679578	0.039503	0.096617	0.112042	0.096617	False	0.120724
HAP1_chr06	HAP2_chr27	11,13,15,17,19,23	23	30699169	17870121	1789955	46779335	0.038264	0.100165	0.113376	0.095200	False	0.122746
HAP1_chr06	HAP2_chr28	11,13,15,17,19,23	23	30699169	17426831	1805332	46320668	0.038975	0.103595	0.112606	0.093874	False	0.120914
HAP1_chr06	HAP2_chr29	11,13,15,17,19,23	23	30699169	19028380	1874883	47852666	0.039180	0.098531	0.112385	0.095846	False	0.121455
HAP1_chr06	HAP2_chr30	11,13,15,17,19,23	23	30699169	19686693	1868545	48517317	0.038513	0.094914	0.113104	0.097315	False	0.120876
HAP1_chr06	HAP2_chr31	11,13,15,17,19,23	23	30699169	17171636	1776420	46094385	0.038539	0.103451	0.113076	0.093929	False	0.121500
HAP1_chr06	HAP2_chr32	11,13,15,17,19,23	23	30699169	19285510	1802207	48182472	0.037404	0.093449	0.114329	0.097926	False	0.122845
HAP1_chr06	HAP2_chr33	11,13,15,17,19,23	23	30699169	19469942	1811443	48357668	0.037459	0.093038	0.114266	0.098098	False	0.122672
HAP1_chr06	HAP2_chr34	11,13,15,17,19,23	23	30699169	19829428	1917505	48611092	0.039446	0.096700	0.112103	0.096583	False	0.119903
HAP1_chr06	HAP2_chr35	11,13,15,17,19,23	23	30699169	17598234	1637577	46659826	0.035096	0.093053	0.117001	0.098092	False	0.125696
HAP1_chr06	HAP2_chr36	11,13,15,17,19,23	23	30699169	16850131	3347389	44201911	0.075730	0.198657	0.085236	0.067857	False	0.086777
HAP1_chr07	HAP1_chr08	11,13,15,17,19,23	23	29100890	28351854	5229548	52223196	0.100138	0.184452	0.074065	0.070859	False	0.085904
HAP1_chr07	HAP1_chr09	11,13,15,17,19,23	23	29100890	29702627	5227296	53576221	0.097567	0.179627	0.075094	0.071929	False	0.087055
HAP1_chr07	HAP1_chr10	11,13,15,17,19,23	23	29100890	29755350	5098110	53758130	0.094834	0.175187	0.076221	0.072938	False	0.088107
HAP1_chr07	HAP1_chr11	11,13,15,17,19,23	23	29100890	31388879	5108015	55381754	0.092233	0.175528	0.077327	0.072860	False	0.089319
HAP1_chr07	HAP1_chr12	11,13,15,17,19,23	23	29100890	29275459	5137338	53239011	0.096496	0.176535	0.075532	0.072629	False	0.087371
HAP1_chr07	HAP1_chr13	11,13,15,17,19,23	23	29100890	27945792	5043799	52002883	0.096991	0.180485	0.075329	0.071736	False	0.087581
HAP1_chr07	HAP1_chr14	11,13,15,17,19,23	23	29100890	29707144	4981996	53826038	0.092557	0.171197	0.077187	0.073866	False	0.089080
HAP1_chr07	HAP1_chr15	11,13,15,17,19,23	23	29100890	28623844	5035387	52689347	0.095567	0.175916	0.075915	0.072771	False	0.088073
HAP1_chr07	HAP1_chr16	11,13,15,17,19,23	23	29100890	27011355	4895227	51217018	0.095578	0.181228	0.075911	0.071570	False	0.087969
HAP1_chr07	HAP1_chr17	11,13,15,17,19,23	23	29100890	27940339	4840958	52200271	0.092738	0.173261	0.077109	0.073384	False	0.089091
HAP1_chr07	HAP1_chr18	11,13,15,17,19,23	23	29100890	26803682	4557887	51346685	0.088767	0.170047	0.078854	0.074138	False	0.091612
HAP1_chr07	HAP1_chr19	11,13,15,17,19,23	23	29100890	26589451	1904028	53786313	0.035400	0.071608	0.116639	0.108306	False	0.125906
HAP1_chr07	HAP1_chr20	11,13,15,17,19,23	23	29100890	21443029	3905558	46638361	0.083741	0.182136	0.081187	0.071369	False	0.083408
HAP1_chr07	HAP1_chr21	11,13,15,17,19,23	23	29100890	22165965	1765949	49500906	0.035675	0.079669	0.116313	0.104161	False	0.124763
HAP1_chr07	HAP1_chr22	11,13,15,17,19,23	23	29100890	22122737	1754052	49469575	0.035457	0.079287	0.116571	0.104348	False	0.124762
HAP1_chr07	HAP1_chr23	11,13,15,17,19,23	23	29100890	22072795	1886486	49287199	0.038275	0.085467	0.113364	0.101421	False	0.121415
HAP1_chr07	HAP1_chr24	11,13,15,17,19,23	23	29100890	21115586	1865065	48351411	0.038573	0.088326	0.113039	0.100134	False	0.120890
HAP1_chr07	HAP1_chr25	11,13,15,17,19,23	23	29100890	21212482	1842780	48470592	0.038019	0.086872	0.113646	0.100783	False	0.121938
HAP1_chr07	HAP1_chr26	11,13,15,17,19,23	23	29100890	21132037	1782618	48450309	0.036793	0.084356	0.115019	0.101932	False	0.123229
HAP1_chr07	HAP1_chr27	11,13,15,17,19,23	23	29100890	19486219	1710265	46876844	0.036484	0.087768	0.115372	0.100382	False	0.124251
HAP1_chr07	HAP1_chr28	11,13,15,17,19,23	23	29100890	21292029	1703724	48689195	0.034992	0.080017	0.117126	0.103991	False	0.125544
HAP1_chr07	HAP1_chr29	11,13,15,17,19,23	23	29100890	19895838	1757573	47239155	0.037206	0.088339	0.114551	0.100129	False	0.123137
HAP1_chr07	HAP1_chr30	11,13,15,17,19,23	23	29100890	20107834	1690291	47518433	0.035571	0.084061	0.116436	0.102068	False	0.123991
HAP1_chr07	HAP1_chr31	11,13,15,17,19,23	23	29100890	17964037	1628351	45436576	0.035838	0.090645	0.116122	0.099120	False	0.123909
HAP1_chr07	HAP1_chr32	11,13,15,17,19,23	23	29100890	19521485	1708430	46913945	0.036416	0.087515	0.115451	0.100495	False	0.123616
HAP1_chr07	HAP1_chr33	11,13,15,17,19,23	23	29100890	19539073	1586197	47053766	0.033710	0.081181	0.118694	0.103429	False	0.127020
HAP1_chr07	HAP1_chr34	11,13,15,17,19,23	23	29100890	19140608	1637643	46603855	0.035140	0.085559	0.116948	0.101379	False	0.124450
HAP1_chr07	HAP1_chr35	11,13,15,17,19,23	23	29100890	18698993	1544196	46255687	0.033384	0.082582	0.119103	0.102761	False	0.127028
HAP1_chr07	HAP1_chr36	11,13,15,17,19,23	23	29100890	17333529	1500648	44933771	0.033397	0.086575	0.119087	0.100917	False	0.126535
HAP1_chr07	HAP2_chr01	11,13,15,17,19,23	23	29100890	28826960	5291198	52636652	0.100523	0.183550	0.073913	0.071056	False	0.085661
HAP1_chr07	HAP2_chr02	11,13,15,17,19,23	23	29100890	32469880	5019041	56551729	0.088751	0.172470	0.078861	0.073568	False	0.091439
HAP1_chr07	HAP2_chr03	11,13,15,17,19,23	23	29100890	22336550	4643111	46794329	0.099224	0.207871	0.074428	0.066017	False	0.086068
HAP1_chr07	HAP2_chr04	11,13,15,17,19,23	23	29100890	24275153	4607299	48768744	0.094472	0.189795	0.076373	0.069704	False	0.088013
HAP1_chr07	HAP2_chr05	11,13,15,17,19,23	23	29100890	27694867	5165294	51630463	0.100044	0.186507	0.074102	0.070411	False	0.086092
HAP1_chr07	HAP2_chr06	11,13,15,17,19,23	23	29100890	25452098	4629866	49923122	0.092740	0.181905	0.077109	0.071420	False	0.088705
HAP1_chr07	HAP2_chr07	11,13,15,17,19,23	23	29100890	24690358	21668604	32122644	0.674559	0.877614	0.009396	0.005660	False	0.010930
HAP1_chr07	HAP2_chr08	11,13,15,17,19,23	23	29100890	23770547	4796270	48075167	0.099766	0.201774	0.074212	0.067225	False	0.085863
HAP1_chr07	HAP2_chr09	11,13,15,17,19,23	23	29100890	27088665	4833450	51356105	0.094116	0.178431	0.076523	0.072198	False	0.088484
HAP1_chr07	HAP2_chr10	11,13,15,17,19,23	23	29100890	27665485	4897810	51868565	0.094427	0.177037	0.076392	0.072515	False	0.088241
HAP1_chr07	HAP2_chr11	11,13,15,17,19,23	23	29100890	27186520	4737112	51550298	0.091893	0.174245	0.077474	0.073155	False	0.089302
HAP1_chr07	HAP2_chr12	11,13,15,17,19,23	23	29100890	26259349	4666370	50693869	0.092050	0.177703	0.077406	0.072363	False	0.089377
HAP1_chr07	HAP2_chr13	11,13,15,17,19,23	23	29100890	23327952	4390279	48038563	0.091391	0.188198	0.077692	0.070046	False	0.089785
HAP1_chr07	HAP2_chr14	11,13,15,17,19,23	23	29100890	24080067	4239920	48941037	0.086633	0.176076	0.079826	0.072734	False	0.091970
HAP1_chr07	HAP2_chr15	11,13,15,17,19,23	23	29100890	27590322	4888037	51803175	0.094358	0.177165	0.076421	0.072485	False	0.088420
HAP1_chr07	HAP2_chr16	11,13,15,17,19,23	23	29100890	26246790	4880010	50467670	0.096696	0.185928	0.075450	0.070536	False	0.087406
HAP1_chr07	HAP2_chr17	11,13,15,17,19,23	23	29100890	26521176	4749365	50872701	0.093358	0.179078	0.076844	0.072052	False	0.088825
HAP1_chr07	HAP2_chr18	11,13,15,17,19,23	23	29100890	24381093	4355607	49126376	0.088661	0.178647	0.078901	0.072149	False	0.091665
HAP1_chr07	HAP2_chr19	11,13,15,17,19,23	23	29100890	25768877	1792830	53076937	0.033778	0.069573	0.118610	0.109423	False	0.127717
HAP1_chr07	HAP2_chr20	11,13,15,17,19,23	23	29100890	20063909	3681826	45482973	0.080950	0.183505	0.082549	0.071066	False	0.084391
HAP1_chr07	HAP2_chr21	11,13,15,17,19,23	23	29100890	22803913	1802885	50101918	0.035984	0.079060	0.115951	0.104460	False	0.124356
HAP1_chr07	HAP2_chr22	11,13,15,17,19,23	23	29100890	21922403	1740738	49282555	0.035322	0.079405	0.116732	0.104290	False	0.125014
HAP1_chr07	HAP2_chr23	11,13,15,17,19,23	23	29100890	21196957	1881079	48416768	0.038852	0.088743	0.112738	0.099950	False	0.120603
HAP1_chr07	HAP2_chr24	11,13,15,17,19,23	23	29100890	20102868	1738861	47464897	0.036635	0.086498	0.115200	0.100952	False	0.122888
HAP1_chr07	HAP2_chr25	11,13,15,17,19,23	23	29100890	20239507	1619928	47720469	0.033946	0.080038	0.118401	0.103981	False	0.126512
HAP1_chr07	HAP2_chr26	11,13,15,17,19,23	23	29100890	19903419	1727855	47276454	0.036548	0.086812	0.115299	0.100810	False	0.123480
HAP1_chr07	HAP2_chr27	11,13,15,17,19,23	23	29100890	17870121	1616824	45354187	0.035649	0.090476	0.116344	0.099193	False	0.125220
HAP1_chr07	HAP2_chr28	11,13,15,17,19,23	23	29100890	17426831	1597849	44929872	0.035563	0.091689	0.116445	0.098671	False	0.124177
HAP1_chr07	HAP2_chr29	11,13,15,17,19,23	23	29100890	19028380	1677668	46451602	0.036116	0.088167	0.115797	0.100205	False	0.124371
HAP1_chr07	HAP2_chr30	11,13,15,17,19,23	23	29100890	19686693	1675339	47112244	0.035561	0.085100	0.116448	0.101589	False	0.123865
HAP1_chr07	HAP2_chr31	11,13,15,17,19,23	23	29100890	17171636	1594491	44678035	0.035688	0.092856	0.116298	0.098175	False	0.124176
HAP1_chr07	HAP2_chr32	11,13,15,17,19,23	23	29100890	19285510	1637327	46749073	0.035024	0.084899	0.117087	0.101681	False	0.125143
HAP1_chr07	HAP2_chr33	11,13,15,17,19,23	23	29100890	19469942	1589443	46981389	0.033831	0.081636	0.118543	0.103211	False	0.126681
HAP1_chr07	HAP2_chr34	11,13,15,17,19,23	23	29100890	19829428	1718070	47212248	0.036390	0.086642	0.115480	0.100887	False	0.122865
HAP1_chr07	HAP2_chr35	11,13,15,17,19,23	23	29100890	17598234	1459030	45240094	0.032251	0.082908	0.120557	0.102608	False	0.128515
HAP1_chr07	HAP2_chr36	11,13,15,17,19,23	23	29100890	16850131	1477250	44473771	0.033216	0.087670	0.119315	0.100426	False	0.126838
HAP1_chr08	HAP1_chr09	11,13,15,17,19,23	23	28351854	29702627	5204295	52850186	0.098473	0.183561	0.074728	0.071054	False	0.086643
HAP1_chr08	HAP1_chr10	11,13,15,17,19,23	23	28351854	29755350	4984912	53122292	0.093838	0.175823	0.076640	0.072792	False	0.088590
HAP1_chr08	HAP1_chr11	11,13,15,17,19,23	23	28351854	31388879	5114755	54625978	0.093632	0.180403	0.076728	0.071755	False	0.088635
HAP1_chr08	HAP1_chr12	11,13,15,17,19,23	23	28351854	29275459	5119869	52507444	0.097507	0.180583	0.075118	0.071714	False	0.086732
HAP1_chr08	HAP1_chr13	11,13,15,17,19,23	23	28351854	27945792	4961881	51335765	0.096655	0.177554	0.075466	0.072397	False	0.087613
HAP1_chr08	HAP1_chr14	11,13,15,17,19,23	23	28351854	29707144	4979066	53079932	0.093803	0.175617	0.076655	0.072839	False	0.088333
HAP1_chr08	HAP1_chr15	11,13,15,17,19,23	23	28351854	28623844	4929371	52046327	0.094711	0.173864	0.076272	0.073243	False	0.088443
HAP1_chr08	HAP1_chr16	11,13,15,17,19,23	23	28351854	27011355	4835975	50527234	0.095710	0.179035	0.075856	0.072062	False	0.087956
HAP1_chr08	HAP1_chr17	11,13,15,17,19,23	23	28351854	27940339	4770143	51522050	0.092584	0.170726	0.077175	0.073977	False	0.089079
HAP1_chr08	HAP1_chr18	11,13,15,17,19,23	23	28351854	26803682	4531581	50623955	0.089515	0.169066	0.078519	0.074371	False	0.091089
HAP1_chr08	HAP1_chr19	11,13,15,17,19,23	23	28351854	26589451	1827347	53113958	0.034404	0.068725	0.117837	0.109898	False	0.126973
HAP1_chr08	HAP1_chr20	11,13,15,17,19,23	23	28351854	21443029	1992741	47802142	0.041687	0.092932	0.109794	0.098143	False	0.117840
HAP1_chr08	HAP1_chr21	11,13,15,17,19,23	23	28351854	22165965	1667691	48850128	0.034139	0.075237	0.118163	0.106388	False	0.126333
HAP1_chr08	HAP1_chr22	11,13,15,17,19,23	23	28351854	22122737	1629940	48844651	0.033370	0.073677	0.119121	0.107201	False	0.127045
HAP1_chr08	HAP1_chr23	11,13,15,17,19,23	23	28351854	22072795	1787447	48637202	0.036751	0.080980	0.115067	0.103525	False	0.122764
HAP1_chr08	HAP1_chr24	11,13,15,17,19,23	23	28351854	21115586	1784955	47682485	0.037434	0.084533	0.114295	0.101850	False	0.121847
HAP1_chr08	HAP1_chr25	11,13,15,17,19,23	23	28351854	21212482	1797653	47766683	0.037634	0.084745	0.114071	0.101752	False	0.122204
HAP1_chr08	HAP1_chr26	11,13,15,17,19,23	23	28351854	21132037	1700855	47783036	0.035595	0.080487	0.116407	0.103763	False	0.124279
HAP1_chr08	HAP1_chr27	11,13,15,17,19,23	23	28351854	19486219	1619061	46219012	0.035030	0.083087	0.117079	0.102523	False	0.125395
HAP1_chr08	HAP1_chr28	11,13,15,17,19,23	23	28351854	21292029	1622039	48021844	0.033777	0.076181	0.118611	0.105903	False	0.126855
HAP1_chr08	HAP1_chr29	11,13,15,17,19,23	23	28351854	19895838	1670269	46577423	0.035860	0.083951	0.116096	0.102120	False	0.124322
HAP1_chr08	HAP1_chr30	11,13,15,17,19,23	23	28351854	20107834	1599951	46859737	0.034143	0.079569	0.118157	0.104210	False	0.125515
HAP1_chr08	HAP1_chr31	11,13,15,17,19,23	23	28351854	17964037	3078038	43237853	0.071189	0.171344	0.087741	0.073832	False	0.089327
HAP1_chr08	HAP1_chr32	11,13,15,17,19,23	23	28351854	19521485	1629826	46243513	0.035244	0.083489	0.116823	0.102335	False	0.124611
HAP1_chr08	HAP1_chr33	11,13,15,17,19,23	23	28351854	19539073	1518589	46372338	0.032748	0.077721	0.119913	0.105125	False	0.127910
HAP1_chr08	HAP1_chr34	11,13,15,17,19,23	23	28351854	19140608	1568004	45924458	0.034143	0.081920	0.118157	0.103075	False	0.125483
HAP1_chr08	HAP1_chr35	11,13,15,17,19,23	23	28351854	18698993	1461599	45589248	0.032060	0.078165	0.120807	0.104903	False	0.128492
HAP1_chr08	HAP1_chr36	11,13,15,17,19,23	23	28351854	17333529	1409314	44276069	0.031830	0.081306	0.121110	0.103369	False	0.128274
HAP1_chr08	HAP2_chr01	11,13,15,17,19,23	23	28351854	28826960	5180800	51998014	0.099635	0.182732	0.074264	0.071237	False	0.085968
HAP1_chr08	HAP2_chr02	11,13,15,17,19,23	23	28351854	32469880	5050440	55771294	0.090556	0.178134	0.078058	0.072265	False	0.090436
HAP1_chr08	HAP2_chr03	11,13,15,17,19,23	23	28351854	22336550	4503981	46184423	0.097522	0.201642	0.075113	0.067252	False	0.086727
HAP1_chr08	HAP2_chr04	11,13,15,17,19,23	23	28351854	24275153	4555172	48071835	0.094758	0.187648	0.076253	0.070164	False	0.087735
HAP1_chr08	HAP2_chr05	11,13,15,17,19,23	23	28351854	27694867	5184565	50862156	0.101934	0.187203	0.073363	0.070260	False	0.085117
HAP1_chr08	HAP2_chr06	11,13,15,17,19,23	23	28351854	25452098	4633688	49170264	0.094238	0.182055	0.076472	0.071387	False	0.087929
HAP1_chr08	HAP2_chr07	11,13,15,17,19,23	23	28351854	24690358	4806565	48235647	0.099648	0.194674	0.074259	0.068677	False	0.085933
HAP1_chr08	HAP2_chr08	11,13,15,17,19,23	23	28351854	23770547	21631109	30491292	0.709419	0.909996	0.008101	0.004092	False	0.009580
HAP1_chr08	HAP2_chr09	11,13,15,17,19,23	23	28351854	27088665	4823001	50617518	0.095283	0.178045	0.076033	0.072286	False	0.087971
HAP1_chr08	HAP2_chr10	11,13,15,17,19,23	23	28351854	27665485	4830295	51187044	0.094366	0.174596	0.076418	0.073074	False	0.088270
HAP1_chr08	HAP2_chr11	11,13,15,17,19,23	23	28351854	27186520	4729524	50808850	0.093085	0.173966	0.076961	0.073220	False	0.088738
HAP1_chr08	HAP2_chr12	11,13,15,17,19,23	23	28351854	26259349	4616995	49994208	0.092351	0.175823	0.077276	0.072792	False	0.089052
HAP1_chr08	HAP2_chr13	11,13,15,17,19,23	23	28351854	23327952	4339161	47340645	0.091658	0.186007	0.077576	0.070519	False	0.089571
HAP1_chr08	HAP2_chr14	11,13,15,17,19,23	23	28351854	24080067	4245394	48186527	0.088103	0.176303	0.079154	0.072682	False	0.091092
HAP1_chr08	HAP2_chr15	11,13,15,17,19,23	23	28351854	27590322	4791283	51150893	0.093670	0.173658	0.076712	0.073291	False	0.088739
HAP1_chr08	HAP2_chr16	11,13,15,17,19,23	23	28351854	26246790	4831149	49767495	0.097074	0.184066	0.075295	0.070943	False	0.087290
HAP1_chr08	HAP2_chr17	11,13,15,17,19,23	23	28351854	26521176	4705846	50167184	0.093803	0.177437	0.076655	0.072423	False	0.088526
HAP1_chr08	HAP2_chr18	11,13,15,17,19,23	23	28351854	24381093	4350965	48381982	0.089929	0.178457	0.078335	0.072192	False	0.090837
HAP1_chr08	HAP2_chr19	11,13,15,17,19,23	23	28351854	25768877	1693057	52427674	0.032293	0.065702	0.120501	0.111637	False	0.129411
HAP1_chr08	HAP2_chr20	11,13,15,17,19,23	23	28351854	20063909	1687517	46728246	0.036113	0.084107	0.115801	0.102047	False	0.123239
HAP1_chr08	HAP2_chr21	11,13,15,17,19,23	23	28351854	22803913	1709052	49446715	0.034564	0.074946	0.117643	0.106538	False	0.125835
HAP1_chr08	HAP2_chr22	11,13,15,17,19,23	23	28351854	21922403	1618003	48656254	0.033254	0.073806	0.119268	0.107133	False	0.127246
HAP1_chr08	HAP2_chr23	11,13,15,17,19,23	23	28351854	21196957	1781745	47767066	0.037301	0.084057	0.114444	0.102070	False	0.121897
HAP1_chr08	HAP2_chr24	11,13,15,17,19,23	23	28351854	20102868	1665946	46788776	0.035606	0.082871	0.116395	0.102625	False	0.123810
HAP1_chr08	HAP2_chr25	11,13,15,17,19,23	23	28351854	20239507	1573236	47018125	0.033460	0.077731	0.119007	0.105120	False	0.126961
HAP1_chr08	HAP2_chr26	11,13,15,17,19,23	23	28351854	19903419	1654163	46601110	0.035496	0.083109	0.116524	0.102513	False	0.124242
HAP1_chr08	HAP2_chr27	11,13,15,17,19,23	23	28351854	17870121	1539264	44682711	0.034449	0.086136	0.117783	0.101116	False	0.126172
HAP1_chr08	HAP2_chr28	11,13,15,17,19,23	23	28351854	17426831	1523700	44254985	0.034430	0.087434	0.117806	0.100531	False	0.125137
HAP1_chr08	HAP2_chr29	11,13,15,17,19,23	23	28351854	19028380	1602950	45777284	0.035016	0.084240	0.117096	0.101985	False	0.125263
HAP1_chr08	HAP2_chr30	11,13,15,17,19,23	23	28351854	19686693	1577813	46460734	0.033960	0.080146	0.118383	0.103928	False	0.125591
HAP1_chr08	HAP2_chr31	11,13,15,17,19,23	23	28351854	17171636	2965461	42558029	0.069680	0.172695	0.088611	0.073515	False	0.090180
HAP1_chr08	HAP2_chr32	11,13,15,17,19,23	23	28351854	19285510	1561368	46075996	0.033887	0.080961	0.118474	0.103534	False	0.126396
HAP1_chr08	HAP2_chr33	11,13,15,17,19,23	23	28351854	19469942	1525416	46296380	0.032949	0.078347	0.119655	0.104812	False	0.127468
HAP1_chr08	HAP2_chr34	11,13,15,17,19,23	23	28351854	19829428	1625035	46556247	0.034905	0.081951	0.117230	0.103060	False	0.124482
HAP1_chr08	HAP2_chr35	11,13,15,17,19,23	23	28351854	17598234	1383277	44566811	0.031038	0.078603	0.122172	0.104685	False	0.129846
HAP1_chr08	HAP2_chr36	11,13,15,17,19,23	23	28351854	16850131	1402243	43799742	0.032015	0.083219	0.120866	0.102462	False	0.128028
HAP1_chr09	HAP1_chr10	11,13,15,17,19,23	23	29702627	29755350	4998000	54459977	0.091774	0.168268	0.077525	0.074561	False	0.089581
HAP1_chr09	HAP1_chr11	11,13,15,17,19,23	23	29702627	31388879	5099200	55992306	0.091070	0.171675	0.077832	0.073754	False	0.089912
HAP1_chr09	HAP1_chr12	11,13,15,17,19,23	23	29702627	29275459	5117258	53860828	0.095009	0.174797	0.076148	0.073028	False	0.088094
HAP1_chr09	HAP1_chr13	11,13,15,17,19,23	23	29702627	27945792	4961397	52687022	0.094167	0.177536	0.076501	0.072401	False	0.088891
HAP1_chr09	HAP1_chr14	11,13,15,17,19,23	23	29702627	29707144	5025190	54384581	0.092401	0.169183	0.077254	0.074342	False	0.089170
HAP1_chr09	HAP1_chr15	11,13,15,17,19,23	23	29702627	28623844	4924346	53402125	0.092213	0.172037	0.077336	0.073669	False	0.089562
HAP1_chr09	HAP1_chr16	11,13,15,17,19,23	23	29702627	27011355	4874787	51839195	0.094037	0.180472	0.076556	0.071739	False	0.088714
HAP1_chr09	HAP1_chr17	11,13,15,17,19,23	23	29702627	27940339	4780974	52861992	0.090443	0.171114	0.078108	0.073886	False	0.090246
HAP1_chr09	HAP1_chr18	11,13,15,17,19,23	23	29702627	26803682	4569108	51937201	0.087974	0.170466	0.079212	0.074039	False	0.091945
HAP1_chr09	HAP1_chr19	11,13,15,17,19,23	23	29702627	26589451	1881685	54410393	0.034583	0.070768	0.117619	0.108764	False	0.126981
HAP1_chr09	HAP1_chr20	11,13,15,17,19,23	23	29702627	21443029	2020804	49124852	0.041136	0.094241	0.110349	0.097595	False	0.118614
HAP1_chr09	HAP1_chr21	11,13,15,17,19,23	23	29702627	22165965	1715429	50153163	0.034204	0.077390	0.118083	0.105291	False	0.126519
HAP1_chr09	HAP1_chr22	11,13,15,17,19,23	23	29702627	22122737	1708176	50117188	0.034084	0.077214	0.118231	0.105379	False	0.126432
HAP1_chr09	HAP1_chr23	11,13,15,17,19,23	23	29702627	22072795	1824108	49951314	0.036518	0.082641	0.115334	0.102734	False	0.123344
HAP1_chr09	HAP1_chr24	11,13,15,17,19,23	23	29702627	21115586	1837386	48980827	0.037512	0.087016	0.114207	0.100719	False	0.122017
HAP1_chr09	HAP1_chr25	11,13,15,17,19,23	23	29702627	21212482	4016748	46898361	0.085648	0.189358	0.080284	0.069797	False	0.082297
HAP1_chr09	HAP1_chr26	11,13,15,17,19,23	23	29702627	21132037	1733107	49101557	0.035296	0.082013	0.116762	0.103031	False	0.124964
HAP1_chr09	HAP1_chr27	11,13,15,17,19,23	23	29702627	19486219	1623762	47565084	0.034138	0.083329	0.118164	0.102410	False	0.126524
HAP1_chr09	HAP1_chr28	11,13,15,17,19,23	23	29702627	21292029	1684590	49310066	0.034163	0.079118	0.118133	0.104431	False	0.126709
HAP1_chr09	HAP1_chr29	11,13,15,17,19,23	23	29702627	19895838	1712798	47885667	0.035768	0.086088	0.116204	0.101138	False	0.124641
HAP1_chr09	HAP1_chr30	11,13,15,17,19,23	23	29702627	20107834	1634523	48175938	0.033928	0.081288	0.118423	0.103377	False	0.126013
HAP1_chr09	HAP1_chr31	11,13,15,17,19,23	23	29702627	17964037	1569075	46097589	0.034038	0.087345	0.118287	0.100571	False	0.125854
HAP1_chr09	HAP1_chr32	11,13,15,17,19,23	23	29702627	19521485	1657237	47566875	0.034840	0.084893	0.117308	0.101684	False	0.125420
HAP1_chr09	HAP1_chr33	11,13,15,17,19,23	23	29702627	19539073	1567187	47674513	0.032873	0.080208	0.119753	0.103898	False	0.128030
HAP1_chr09	HAP1_chr34	11,13,15,17,19,23	23	29702627	19140608	1591158	47252077	0.033674	0.083130	0.118739	0.102503	False	0.126314
HAP1_chr09	HAP1_chr35	11,13,15,17,19,23	23	29702627	18698993	1491462	46910158	0.031794	0.079762	0.121158	0.104116	False	0.129177
HAP1_chr09	HAP1_chr36	11,13,15,17,19,23	23	29702627	17333529	1447919	45588237	0.031761	0.083533	0.121202	0.102314	False	0.128659
HAP1_chr09	HAP2_chr01	11,13,15,17,19,23	23	29702627	28826960	5188761	53340826	0.097276	0.179997	0.075213	0.071846	False	0.087157
HAP1_chr09	HAP2_chr02	11,13,15,17,19,23	23	29702627	32469880	5014987	57157520	0.087740	0.168840	0.079319	0.074424	False	0.091813
HAP1_chr09	HAP2_chr03	11,13,15,17,19,23	23	29702627	22336550	4502113	47537064	0.094707	0.201558	0.076274	0.067269	False	0.088239
HAP1_chr09	HAP2_chr04	11,13,15,17,19,23	23	29702627	24275153	4553976	49423804	0.092141	0.187598	0.077366	0.070175	False	0.089034
HAP1_chr09	HAP2_chr05	11,13,15,17,19,23	23	29702627	27694867	5144350	52253144	0.098451	0.185751	0.074737	0.070575	False	0.086800
HAP1_chr09	HAP2_chr06	11,13,15,17,19,23	23	29702627	25452098	4688869	50465856	0.092912	0.184223	0.077035	0.070909	False	0.088814
HAP1_chr09	HAP2_chr07	11,13,15,17,19,23	23	29702627	24690358	4798004	49594981	0.096744	0.194327	0.075430	0.068749	False	0.087305
HAP1_chr09	HAP2_chr08	11,13,15,17,19,23	23	29702627	23770547	4711188	48761986	0.096616	0.198194	0.075482	0.067951	False	0.087233
HAP1_chr09	HAP2_chr09	11,13,15,17,19,23	23	29702627	27088665	24488616	32302676	0.758099	0.904017	0.006436	0.004378	False	0.007556
HAP1_chr09	HAP2_chr10	11,13,15,17,19,23	23	29702627	27665485	4860369	52507743	0.092565	0.175683	0.077184	0.072824	False	0.089142
HAP1_chr09	HAP2_chr11	11,13,15,17,19,23	23	29702627	27186520	4719474	52169673	0.090464	0.173596	0.078098	0.073306	False	0.090070
HAP1_chr09	HAP2_chr12	11,13,15,17,19,23	23	29702627	26259349	4623303	51338673	0.090055	0.176063	0.078279	0.072737	False	0.090417
HAP1_chr09	HAP2_chr13	11,13,15,17,19,23	23	29702627	23327952	4376342	48654237	0.089948	0.187601	0.078326	0.070174	False	0.090581
HAP1_chr09	HAP2_chr14	11,13,15,17,19,23	23	29702627	24080067	4307198	49475496	0.087057	0.178870	0.079631	0.072099	False	0.091733
HAP1_chr09	HAP2_chr15	11,13,15,17,19,23	23	29702627	27590322	4814935	52478014	0.091751	0.174515	0.077535	0.073093	False	0.089615
HAP1_chr09	HAP2_chr16	11,13,15,17,19,23	23	29702627	26246790	4804608	51144809	0.093941	0.183055	0.076597	0.071166	False	0.088724
HAP1_chr09	HAP2_chr17	11,13,15,17,19,23	23	29702627	26521176	4694096	51529707	0.091095	0.176994	0.077821	0.072524	False	0.089991
HAP1_chr09	HAP2_chr18	11,13,15,17,19,23	23	29702627	24381093	4358169	49725551	0.087644	0.178752	0.079362	0.072126	False	0.092075
HAP1_chr09	HAP2_chr19	11,13,15,17,19,23	23	29702627	25768877	1749483	53722021	0.032565	0.067891	0.120148	0.110370	False	0.129272
HAP1_chr09	HAP2_chr20	11,13,15,17,19,23	23	29702627	20063909	1685095	48081441	0.035047	0.083986	0.117060	0.102103	False	0.124799
HAP1_chr09	HAP2_chr21	11,13,15,17,19,23	23	29702627	22803913	1748937	50757603	0.034457	0.076695	0.117773	0.105642	False	0.126186
HAP1_chr09	HAP2_chr22	11,13,15,17,19,23	23	29702627	21922403	1689015	49936015	0.033824	0.077045	0.118553	0.105464	False	0.126851
HAP1_chr09	HAP2_chr23	11,13,15,17,19,23	23	29702627	21196957	1826783	49072801	0.037226	0.086181	0.114528	0.101095	False	0.122241
HAP1_chr09	HAP2_chr24	11,13,15,17,19,23	23	29702627	20102868	1726283	48079212	0.035905	0.085872	0.116044	0.101236	False	0.123704
HAP1_chr09	HAP2_chr25	11,13,15,17,19,23	23	29702627	20239507	3772190	46169944	0.081702	0.186378	0.082177	0.070439	False	0.083975
HAP1_chr09	HAP2_chr26	11,13,15,17,19,23	23	29702627	19903419	1659451	47946595	0.034610	0.083375	0.117586	0.102388	False	0.125661
HAP1_chr09	HAP2_chr27	11,13,15,17,19,23	23	29702627	17870121	1530215	46042533	0.033235	0.085630	0.119292	0.101346	False	0.127638
HAP1_chr09	HAP2_chr28	11,13,15,17,19,23	23	29702627	17426831	1565442	45564016	0.034357	0.089829	0.117895	0.099474	False	0.125626
HAP1_chr09	HAP2_chr29	11,13,15,17,19,23	23	29702627	19028380	1625296	47105711	0.034503	0.085414	0.117716	0.101445	False	0.126023
HAP1_chr09	HAP2_chr30	11,13,15,17,19,23	23	29702627	19686693	1638982	47750338	0.034324	0.083253	0.117935	0.102445	False	0.125414
HAP1_chr09	HAP2_chr31	11,13,15,17,19,23	23	29702627	17171636	1516235	45358028	0.033428	0.088299	0.119047	0.100146	False	0.126626
HAP1_chr09	HAP2_chr32	11,13,15,17,19,23	23	29702627	19285510	1603569	47384568	0.033842	0.083149	0.118530	0.102494	False	0.126689
HAP1_chr09	HAP2_chr33	11,13,15,17,19,23	23	29702627	19469942	1563700	47608869	0.032845	0.080314	0.119788	0.103847	False	0.127823
HAP1_chr09	HAP2_chr34	11,13,15,17,19,23	23	29702627	19829428	1651474	47880581	0.034492	0.083284	0.117731	0.102431	False	0.125265
HAP1_chr09	HAP2_chr35	11,13,15,17,19,23	23	29702627	17598234	1413495	45887366	0.030804	0.080320	0.122492	0.103844	False	0.130515
HAP1_chr09	HAP2_chr36	11,13,15,17,19,23	23	29702627	16850131	1419377	45133381	0.031448	0.084235	0.121618	0.101988	False	0.129045
HAP1_chr10	HAP1_chr11	11,13,15,17,19,23	23	29755350	31388879	5002515	56141714	0.089105	0.168122	0.078702	0.074596	False	0.090847
HAP1_chr10	HAP1_chr12	11,13,15,17,19,23	23	29755350	29275459	5017740	54013069	0.092899	0.171397	0.077041	0.073819	False	0.088771
HAP1_chr10	HAP1_chr13	11,13,15,17,19,23	23	29755350	27945792	4846521	52854621	0.091695	0.173426	0.077560	0.073345	False	0.089738
HAP1_chr10	HAP1_chr14	11,13,15,17,19,23	23	29755350	29707144	5013466	54449028	0.092076	0.168763	0.077394	0.074443	False	0.089246
HAP1_chr10	HAP1_chr15	11,13,15,17,19,23	23	29755350	28623844	4801402	53577792	0.089616	0.167741	0.078474	0.074687	False	0.090662
HAP1_chr10	HAP1_chr16	11,13,15,17,19,23	23	29755350	27011355	4681977	52084728	0.089892	0.173334	0.078351	0.073367	False	0.090460
HAP1_chr10	HAP1_chr17	11,13,15,17,19,23	23	29755350	27940339	4795934	52899755	0.090661	0.171649	0.078012	0.073760	False	0.090002
HAP1_chr10	HAP1_chr18	11,13,15,17,19,23	23	29755350	26803682	4508113	52050919	0.086610	0.168190	0.079837	0.074579	False	0.092404
HAP1_chr10	HAP1_chr19	11,13,15,17,19,23	23	29755350	26589451	1915867	54428934	0.035199	0.072054	0.116877	0.108066	False	0.126213
HAP1_chr10	HAP1_chr20	11,13,15,17,19,23	23	29755350	21443029	2060478	49137901	0.041933	0.096091	0.109549	0.096832	False	0.118065
HAP1_chr10	HAP1_chr21	11,13,15,17,19,23	23	29755350	22165965	1780327	50140988	0.035506	0.080318	0.116512	0.103845	False	0.125058
HAP1_chr10	HAP1_chr22	11,13,15,17,19,23	23	29755350	22122737	1710806	50167281	0.034102	0.077332	0.118208	0.105320	False	0.126555
HAP1_chr10	HAP1_chr23	11,13,15,17,19,23	23	29755350	22072795	1860143	49968002	0.037227	0.084273	0.114528	0.101970	False	0.122626
HAP1_chr10	HAP1_chr24	11,13,15,17,19,23	23	29755350	21115586	1859422	49011514	0.037938	0.088059	0.113734	0.100253	False	0.121736
HAP1_chr10	HAP1_chr25	11,13,15,17,19,23	23	29755350	21212482	1869456	49098376	0.038076	0.088130	0.113583	0.100221	False	0.122146
HAP1_chr10	HAP1_chr26	11,13,15,17,19,23	23	29755350	21132037	1795051	49092336	0.036565	0.084945	0.115280	0.101660	False	0.123539
HAP1_chr10	HAP1_chr27	11,13,15,17,19,23	23	29755350	19486219	1718496	47523073	0.036161	0.088190	0.115745	0.100194	False	0.124354
HAP1_chr10	HAP1_chr28	11,13,15,17,19,23	23	29755350	21292029	1710464	49336915	0.034669	0.080334	0.117515	0.103837	False	0.125996
HAP1_chr10	HAP1_chr29	11,13,15,17,19,23	23	29755350	19895838	4150401	45500787	0.091216	0.208606	0.077768	0.065874	False	0.079859
HAP1_chr10	HAP1_chr30	11,13,15,17,19,23	23	29755350	20107834	1690248	48172936	0.035087	0.084059	0.117011	0.102069	False	0.124728
HAP1_chr10	HAP1_chr31	11,13,15,17,19,23	23	29755350	17964037	1590045	46129342	0.034469	0.088513	0.117758	0.100052	False	0.125588
HAP1_chr10	HAP1_chr32	11,13,15,17,19,23	23	29755350	19521485	1698956	47577879	0.035709	0.087030	0.116274	0.100712	False	0.124400
HAP1_chr10	HAP1_chr33	11,13,15,17,19,23	23	29755350	19539073	1611110	47683313	0.033788	0.082456	0.118597	0.102821	False	0.126873
HAP1_chr10	HAP1_chr34	11,13,15,17,19,23	23	29755350	19140608	1644819	47251139	0.034810	0.085933	0.117344	0.101208	False	0.124927
HAP1_chr10	HAP1_chr35	11,13,15,17,19,23	23	29755350	18698993	1523541	46930802	0.032464	0.081477	0.120280	0.103286	False	0.128271
HAP1_chr10	HAP1_chr36	11,13,15,17,19,23	23	29755350	17333529	1484006	45604873	0.032541	0.085615	0.120180	0.101353	False	0.127780
HAP1_chr10	HAP2_chr01	11,13,15,17,19,23	23	29755350	28826960	5024817	53557493	0.093821	0.174310	0.076648	0.073140	False	0.088438
HAP1_chr10	HAP2_chr02	11,13,15,17,19,23	23	29755350	32469880	4951315	57273915	0.086450	0.166401	0.079911	0.075010	False	0.092445
HAP1_chr10	HAP2_chr03	11,13,15,17,19,23	23	29755350	22336550	4317111	47774789	0.090364	0.193276	0.078142	0.068969	False	0.089977
HAP1_chr10	HAP2_chr04	11,13,15,17,19,23	23	29755350	24275153	4418876	49611627	0.089069	0.182033	0.078718	0.071392	False	0.090483
HAP1_chr10	HAP2_chr05	11,13,15,17,19,23	23	29755350	27694867	4968478	52481739	0.094671	0.179401	0.076289	0.071980	False	0.088273
HAP1_chr10	HAP2_chr06	11,13,15,17,19,23	23	29755350	25452098	4605700	50601748	0.091019	0.180956	0.077855	0.071631	False	0.089573
HAP1_chr10	HAP2_chr07	11,13,15,17,19,23	23	29755350	24690358	4646444	49799264	0.093303	0.188189	0.076868	0.070048	False	0.088774
HAP1_chr10	HAP2_chr08	11,13,15,17,19,23	23	29755350	23770547	4564649	48961248	0.093230	0.192030	0.076899	0.069231	False	0.088615
HAP1_chr10	HAP2_chr09	11,13,15,17,19,23	23	29755350	27088665	4700954	52143061	0.090155	0.173540	0.078235	0.073319	False	0.090332
HAP1_chr10	HAP2_chr10	11,13,15,17,19,23	23	29755350	27665485	25607117	31813718	0.804908	0.925598	0.004973	0.003356	False	0.005872
HAP1_chr10	HAP2_chr11	11,13,15,17,19,23	23	29755350	27186520	4649526	52292344	0.088914	0.171023	0.078788	0.073907	False	0.090804
HAP1_chr10	HAP2_chr12	11,13,15,17,19,23	23	29755350	26259349	4599297	51415402	0.089454	0.175149	0.078546	0.072947	False	0.090422
HAP1_chr10	HAP2_chr13	11,13,15,17,19,23	23	29755350	23327952	4258355	48824947	0.087217	0.182543	0.079558	0.071279	False	0.091636
HAP1_chr10	HAP2_chr14	11,13,15,17,19,23	23	29755350	24080067	4259880	49575537	0.085927	0.176905	0.080154	0.072545	False	0.092293
HAP1_chr10	HAP2_chr15	11,13,15,17,19,23	23	29755350	27590322	4634645	52711027	0.087926	0.167981	0.079234	0.074630	False	0.091350
HAP1_chr10	HAP2_chr16	11,13,15,17,19,23	23	29755350	26246790	4637340	51364800	0.090282	0.176682	0.078178	0.072595	False	0.090247
HAP1_chr10	HAP2_chr17	11,13,15,17,19,23	23	29755350	26521176	4706569	51569957	0.091266	0.177465	0.077747	0.072417	False	0.089746
HAP1_chr10	HAP2_chr18	11,13,15,17,19,23	23	29755350	24381093	4281799	49854644	0.085886	0.175620	0.080173	0.072839	False	0.092768
HAP1_chr10	HAP2_chr19	11,13,15,17,19,23	23	29755350	25768877	1767875	53756352	0.032887	0.068605	0.119735	0.109966	False	0.128862
HAP1_chr10	HAP2_chr20	11,13,15,17,19,23	23	29755350	20063909	1761462	48057797	0.036653	0.087793	0.115179	0.100371	False	0.123199
HAP1_chr10	HAP2_chr21	11,13,15,17,19,23	23	29755350	22803913	1807613	50751650	0.035617	0.079268	0.116382	0.104358	False	0.124887
HAP1_chr10	HAP2_chr22	11,13,15,17,19,23	23	29755350	21922403	1742723	49935030	0.034900	0.079495	0.117236	0.104246	False	0.125681
HAP1_chr10	HAP2_chr23	11,13,15,17,19,23	23	29755350	21196957	1854701	49097606	0.037776	0.087498	0.113914	0.100502	False	0.121715
HAP1_chr10	HAP2_chr24	11,13,15,17,19,23	23	29755350	20102868	1738688	48119530	0.036133	0.086490	0.115778	0.100956	False	0.123636
HAP1_chr10	HAP2_chr25	11,13,15,17,19,23	23	29755350	20239507	1626209	48368648	0.033621	0.080348	0.118805	0.103830	False	0.127132
HAP1_chr10	HAP2_chr26	11,13,15,17,19,23	23	29755350	19903419	1733859	47924910	0.036179	0.087114	0.115725	0.100675	False	0.123969
HAP1_chr10	HAP2_chr27	11,13,15,17,19,23	23	29755350	17870121	1608073	46017398	0.034945	0.089987	0.117182	0.099405	False	0.125841
HAP1_chr10	HAP2_chr28	11,13,15,17,19,23	23	29755350	17426831	1591900	45590281	0.034918	0.091348	0.117215	0.098817	False	0.125092
HAP1_chr10	HAP2_chr29	11,13,15,17,19,23	23	29755350	19028380	3804440	44979290	0.084582	0.199935	0.080786	0.067597	False	0.082824
HAP1_chr10	HAP2_chr30	11,13,15,17,19,23	23	29755350	19686693	1695892	47746151	0.035519	0.086144	0.116498	0.101112	False	0.124101
HAP1_chr10	HAP2_chr31	11,13,15,17,19,23	23	29755350	17171636	1539832	45387154	0.033927	0.089673	0.118425	0.099542	False	0.126322
HAP1_chr10	HAP2_chr32	11,13,15,17,19,23	23	29755350	19285510	1616328	47424532	0.034082	0.083810	0.118233	0.102185	False	0.126340
HAP1_chr10	HAP2_chr33	11,13,15,17,19,23	23	29755350	19469942	1619321	47605971	0.034015	0.083170	0.118315	0.102484	False	0.126367
HAP1_chr10	HAP2_chr34	11,13,15,17,19,23	23	29755350	19829428	1719663	47865115	0.035927	0.086723	0.116018	0.100851	False	0.123518
HAP1_chr10	HAP2_chr35	11,13,15,17,19,23	23	29755350	17598234	1444408	45909176	0.031462	0.082077	0.121600	0.103000	False	0.129593
HAP1_chr10	HAP2_chr36	11,13,15,17,19,23	23	29755350	16850131	1494422	45111059	0.033128	0.088689	0.119427	0.099974	False	0.127107
HAP1_chr11	HAP1_chr12	11,13,15,17,19,23	23	31388879	29275459	5150249	55514089	0.092774	0.175924	0.077094	0.072769	False	0.088877
HAP1_chr11	HAP1_chr13	11,13,15,17,19,23	23	31388879	27945792	4881444	54453227	0.089645	0.174675	0.078461	0.073056	False	0.090808
HAP1_chr11	HAP1_chr14	11,13,15,17,19,23	23	31388879	29707144	5075706	56020317	0.090605	0.170858	0.078036	0.073946	False	0.089960
HAP1_chr11	HAP1_chr15	11,13,15,17,19,23	23	31388879	28623844	4859192	55153531	0.088103	0.169760	0.079154	0.074205	False	0.091373
HAP1_chr11	HAP1_chr16	11,13,15,17,19,23	23	31388879	27011355	4754543	53645691	0.088629	0.176020	0.078916	0.072747	False	0.091142
HAP1_chr11	HAP1_chr17	11,13,15,17,19,23	23	31388879	27940339	4787092	54542126	0.087769	0.171333	0.079306	0.073834	False	0.091494
HAP1_chr11	HAP1_chr18	11,13,15,17,19,23	23	31388879	26803682	4473236	53719325	0.083271	0.166889	0.081413	0.074892	False	0.094083
HAP1_chr11	HAP1_chr19	11,13,15,17,19,23	23	31388879	26589451	1967788	56010542	0.035132	0.074006	0.116957	0.107028	False	0.126512
HAP1_chr11	HAP1_chr20	11,13,15,17,19,23	23	31388879	21443029	2088897	50743011	0.041166	0.097416	0.110319	0.096293	False	0.118913
HAP1_chr11	HAP1_chr21	11,13,15,17,19,23	23	31388879	22165965	4169615	49385229	0.084430	0.188109	0.080858	0.070065	False	0.082984
HAP1_chr11	HAP1_chr22	11,13,15,17,19,23	23	31388879	22122737	1761020	51750596	0.034029	0.079602	0.118298	0.104194	False	0.126763
HAP1_chr11	HAP1_chr23	11,13,15,17,19,23	23	31388879	22072795	1899452	51562222	0.036838	0.086054	0.114967	0.101153	False	0.123316
HAP1_chr11	HAP1_chr24	11,13,15,17,19,23	23	31388879	21115586	1928064	50576401	0.038122	0.091310	0.113532	0.098833	False	0.121636
HAP1_chr11	HAP1_chr25	11,13,15,17,19,23	23	31388879	21212482	1913610	50687751	0.037753	0.090212	0.113939	0.099307	False	0.122604
HAP1_chr11	HAP1_chr26	11,13,15,17,19,23	23	31388879	21132037	1801011	50719905	0.035509	0.085227	0.116509	0.101531	False	0.125106
HAP1_chr11	HAP1_chr27	11,13,15,17,19,23	23	31388879	19486219	1737365	49137733	0.035357	0.089159	0.116689	0.099767	False	0.125598
HAP1_chr11	HAP1_chr28	11,13,15,17,19,23	23	31388879	21292029	1741384	50939524	0.034185	0.081786	0.118105	0.103139	False	0.126884
HAP1_chr11	HAP1_chr29	11,13,15,17,19,23	23	31388879	19895838	1754548	49530169	0.035424	0.088187	0.116610	0.100196	False	0.125321
HAP1_chr11	HAP1_chr30	11,13,15,17,19,23	23	31388879	20107834	1720623	49776090	0.034567	0.085570	0.117638	0.101374	False	0.125650
HAP1_chr11	HAP1_chr31	11,13,15,17,19,23	23	31388879	17964037	1616236	47736680	0.033857	0.089971	0.118511	0.099412	False	0.126341
HAP1_chr11	HAP1_chr32	11,13,15,17,19,23	23	31388879	19521485	1729261	49181103	0.035161	0.088582	0.116923	0.100021	False	0.125245
HAP1_chr11	HAP1_chr33	11,13,15,17,19,23	23	31388879	19539073	1657131	49270821	0.033633	0.084811	0.118790	0.101722	False	0.127287
HAP1_chr11	HAP1_chr34	11,13,15,17,19,23	23	31388879	19140608	1670816	48858671	0.034197	0.087292	0.118091	0.100595	False	0.125978
HAP1_chr11	HAP1_chr35	11,13,15,17,19,23	23	31388879	18698993	1583489	48504383	0.032646	0.084683	0.120044	0.101781	False	0.128369
HAP1_chr11	HAP1_chr36	11,13,15,17,19,23	23	31388879	17333529	1538277	47184131	0.032602	0.088746	0.120101	0.099949	False	0.127970
HAP1_chr11	HAP2_chr01	11,13,15,17,19,23	23	31388879	28826960	5015714	55200125	0.090864	0.173994	0.077922	0.073213	False	0.089907
HAP1_chr11	HAP2_chr02	11,13,15,17,19,23	23	31388879	32469880	5121749	58737010	0.087198	0.163171	0.079567	0.075798	False	0.091863
HAP1_chr11	HAP2_chr03	11,13,15,17,19,23	23	31388879	22336550	4490192	49235237	0.091199	0.201024	0.077776	0.067376	False	0.089570
HAP1_chr11	HAP2_chr04	11,13,15,17,19,23	23	31388879	24275153	4560657	51103375	0.089244	0.187873	0.078640	0.070116	False	0.090403
HAP1_chr11	HAP2_chr05	11,13,15,17,19,23	23	31388879	27694867	5072669	54011077	0.093919	0.183163	0.076606	0.071142	False	0.088637
HAP1_chr11	HAP2_chr06	11,13,15,17,19,23	23	31388879	25452098	4622710	52218267	0.088527	0.181624	0.078962	0.071482	False	0.090901
HAP1_chr11	HAP2_chr07	11,13,15,17,19,23	23	31388879	24690358	4654872	51424365	0.090519	0.188530	0.078074	0.069975	False	0.090118
HAP1_chr11	HAP2_chr08	11,13,15,17,19,23	23	31388879	23770547	4635629	50523797	0.091751	0.195016	0.077535	0.068606	False	0.089252
HAP1_chr11	HAP2_chr09	11,13,15,17,19,23	23	31388879	27088665	4743283	53734261	0.088273	0.175102	0.079077	0.072958	False	0.091194
HAP1_chr11	HAP2_chr10	11,13,15,17,19,23	23	31388879	27665485	4819223	54235141	0.088858	0.174196	0.078813	0.073167	False	0.090940
HAP1_chr11	HAP2_chr11	11,13,15,17,19,23	23	31388879	27186520	24759330	33816069	0.732176	0.910721	0.007303	0.004058	False	0.008909
HAP1_chr11	HAP2_chr12	11,13,15,17,19,23	23	31388879	26259349	4703401	52944827	0.088836	0.179113	0.078823	0.072044	False	0.090825
HAP1_chr11	HAP2_chr13	11,13,15,17,19,23	23	31388879	23327952	4295214	50421617	0.085186	0.184123	0.080501	0.070931	False	0.092791
HAP1_chr11	HAP2_chr14	11,13,15,17,19,23	23	31388879	24080067	4333948	51134998	0.084755	0.179981	0.080704	0.071849	False	0.092886
HAP1_chr11	HAP2_chr15	11,13,15,17,19,23	23	31388879	27590322	4754566	54224635	0.087683	0.172327	0.079345	0.073601	False	0.091435
HAP1_chr11	HAP2_chr16	11,13,15,17,19,23	23	31388879	26246790	4702756	52932913	0.088844	0.179175	0.078819	0.072030	False	0.090999
HAP1_chr11	HAP2_chr17	11,13,15,17,19,23	23	31388879	26521176	4683261	53226794	0.087987	0.176586	0.079206	0.072617	False	0.091358
HAP1_chr11	HAP2_chr18	11,13,15,17,19,23	23	31388879	24381093	4261635	51508337	0.082737	0.174793	0.081671	0.073029	False	0.094423
HAP1_chr11	HAP2_chr19	11,13,15,17,19,23	23	31388879	25768877	1842421	55315335	0.033308	0.071498	0.119199	0.108366	False	0.128543
HAP1_chr11	HAP2_chr20	11,13,15,17,19,23	23	31388879	20063909	1777687	49675101	0.035786	0.088601	0.116183	0.100012	False	0.124270
HAP1_chr11	HAP2_chr21	11,13,15,17,19,23	23	31388879	22803913	4276192	49916600	0.085667	0.187520	0.080276	0.070192	False	0.082468
HAP1_chr11	HAP2_chr22	11,13,15,17,19,23	23	31388879	21922403	1734476	51576806	0.033629	0.079119	0.118795	0.104431	False	0.127333
HAP1_chr11	HAP2_chr23	11,13,15,17,19,23	23	31388879	21196957	1900633	50685203	0.037499	0.089665	0.114222	0.099545	False	0.122328
HAP1_chr11	HAP2_chr24	11,13,15,17,19,23	23	31388879	20102868	1799405	49692342	0.036211	0.089510	0.115688	0.099613	False	0.123638
HAP1_chr11	HAP2_chr25	11,13,15,17,19,23	23	31388879	20239507	1684863	49943523	0.033735	0.083246	0.118663	0.102449	False	0.127156
HAP1_chr11	HAP2_chr26	11,13,15,17,19,23	23	31388879	19903419	1736732	49555566	0.035046	0.087258	0.117060	0.100610	False	0.125512
HAP1_chr11	HAP2_chr27	11,13,15,17,19,23	23	31388879	17870121	1637990	47621010	0.034396	0.091661	0.117847	0.098683	False	0.126932
HAP1_chr11	HAP2_chr28	11,13,15,17,19,23	23	31388879	17426831	1615466	47200244	0.034226	0.092700	0.118056	0.098241	False	0.125979
HAP1_chr11	HAP2_chr29	11,13,15,17,19,23	23	31388879	19028380	1651691	48765568	0.033870	0.086801	0.118495	0.100815	False	0.126976
HAP1_chr11	HAP2_chr30	11,13,15,17,19,23	23	31388879	19686693	1711718	49363854	0.034676	0.086948	0.117507	0.100749	False	0.125386
HAP1_chr11	HAP2_chr31	11,13,15,17,19,23	23	31388879	17171636	1571198	46989317	0.033437	0.091500	0.119036	0.098752	False	0.126936
HAP1_chr11	HAP2_chr32	11,13,15,17,19,23	23	31388879	19285510	1694815	48979574	0.034602	0.087880	0.117596	0.100332	False	0.125986
HAP1_chr11	HAP2_chr33	11,13,15,17,19,23	23	31388879	19469942	1677623	49181198	0.034111	0.086165	0.118197	0.101103	False	0.126537
HAP1_chr11	HAP2_chr34	11,13,15,17,19,23	23	31388879	19829428	1746726	49471581	0.035308	0.088088	0.116748	0.100240	False	0.124588
HAP1_chr11	HAP2_chr35	11,13,15,17,19,23	23	31388879	17598234	1496107	47491006	0.031503	0.085015	0.121545	0.101628	False	0.129801
HAP1_chr11	HAP2_chr36	11,13,15,17,19,23	23	31388879	16850131	1507534	46731476	0.032259	0.089467	0.120545	0.099632	False	0.128421
HAP1_chr12	HAP1_chr13	11,13,15,17,19,23	23	29275459	27945792	4842479	52378772	0.092451	0.173281	0.077233	0.073379	False	0.089302
HAP1_chr12	HAP1_chr14	11,13,15,17,19,23	23	29275459	29707144	5125390	53857213	0.095166	0.175075	0.076082	0.072964	False	0.087627
HAP1_chr12	HAP1_chr15	11,13,15,17,19,23	23	29275459	28623844	4865753	53033550	0.091749	0.169990	0.077536	0.074151	False	0.089510
HAP1_chr12	HAP1_chr16	11,13,15,17,19,23	23	29275459	27011355	4790056	51496758	0.093017	0.177335	0.076990	0.072447	False	0.088879
HAP1_chr12	HAP1_chr17	11,13,15,17,19,23	23	29275459	27940339	4772714	52443084	0.091008	0.170818	0.077859	0.073955	False	0.089707
HAP1_chr12	HAP1_chr18	11,13,15,17,19,23	23	29275459	26803682	4514363	51564778	0.087547	0.168423	0.079407	0.074524	False	0.091792
HAP1_chr12	HAP1_chr19	11,13,15,17,19,23	23	29275459	26589451	1916294	53948616	0.035521	0.072070	0.116495	0.108057	False	0.125677
HAP1_chr12	HAP1_chr20	11,13,15,17,19,23	23	29275459	21443029	2031011	48687477	0.041715	0.094717	0.109766	0.097397	False	0.118053
HAP1_chr12	HAP1_chr21	11,13,15,17,19,23	23	29275459	22165965	1753879	49687545	0.035298	0.079125	0.116759	0.104428	False	0.125170
HAP1_chr12	HAP1_chr22	11,13,15,17,19,23	23	29275459	22122737	1696862	49701334	0.034141	0.076702	0.118160	0.105638	False	0.126361
HAP1_chr12	HAP1_chr23	11,13,15,17,19,23	23	29275459	22072795	3760972	47587282	0.079033	0.170389	0.083513	0.074057	False	0.085631
HAP1_chr12	HAP1_chr24	11,13,15,17,19,23	23	29275459	21115586	1854704	48536341	0.038213	0.087836	0.113432	0.100352	False	0.121212
HAP1_chr12	HAP1_chr25	11,13,15,17,19,23	23	29275459	21212482	1859847	48628094	0.038246	0.087677	0.113395	0.100423	False	0.121871
HAP1_chr12	HAP1_chr26	11,13,15,17,19,23	23	29275459	21132037	1743780	48663716	0.035833	0.082518	0.116128	0.102791	False	0.124277
HAP1_chr12	HAP1_chr27	11,13,15,17,19,23	23	29275459	19486219	1673558	47088120	0.035541	0.085884	0.116472	0.101230	False	0.125119
HAP1_chr12	HAP1_chr28	11,13,15,17,19,23	23	29275459	21292029	1700374	48867114	0.034796	0.079860	0.117361	0.104068	False	0.125719
HAP1_chr12	HAP1_chr29	11,13,15,17,19,23	23	29275459	19895838	1725699	47445598	0.036372	0.086737	0.115501	0.100844	False	0.123853
HAP1_chr12	HAP1_chr30	11,13,15,17,19,23	23	29275459	20107834	1670286	47713007	0.035007	0.083066	0.117107	0.102533	False	0.124670
HAP1_chr12	HAP1_chr31	11,13,15,17,19,23	23	29275459	17964037	1592380	45647116	0.034885	0.088643	0.117254	0.099994	False	0.124692
HAP1_chr12	HAP1_chr32	11,13,15,17,19,23	23	29275459	19521485	1675204	47121740	0.035551	0.085813	0.116460	0.101263	False	0.124436
HAP1_chr12	HAP1_chr33	11,13,15,17,19,23	23	29275459	19539073	1595715	47218817	0.033794	0.081668	0.118590	0.103195	False	0.126749
HAP1_chr12	HAP1_chr34	11,13,15,17,19,23	23	29275459	19140608	1638222	46777845	0.035021	0.085589	0.117090	0.101365	False	0.124515
HAP1_chr12	HAP1_chr35	11,13,15,17,19,23	23	29275459	18698993	1509988	46464464	0.032498	0.080752	0.120236	0.103635	False	0.128181
HAP1_chr12	HAP1_chr36	11,13,15,17,19,23	23	29275459	17333529	1457059	45151929	0.032270	0.084060	0.120532	0.102069	False	0.127878
HAP1_chr12	HAP2_chr01	11,13,15,17,19,23	23	29275459	28826960	5065003	53037416	0.095499	0.175704	0.075944	0.072819	False	0.087696
HAP1_chr12	HAP2_chr02	11,13,15,17,19,23	23	29275459	32469880	5033595	56711744	0.088758	0.171939	0.078858	0.073692	False	0.091099
HAP1_chr12	HAP2_chr03	11,13,15,17,19,23	23	29275459	22336550	4493852	47118157	0.095374	0.201188	0.075996	0.067343	False	0.087502
HAP1_chr12	HAP2_chr04	11,13,15,17,19,23	23	29275459	24275153	4554812	48995800	0.092963	0.187633	0.077013	0.070168	False	0.088403
HAP1_chr12	HAP2_chr05	11,13,15,17,19,23	23	29275459	27694867	5131407	51838919	0.098988	0.185284	0.074522	0.070677	False	0.086087
HAP1_chr12	HAP2_chr06	11,13,15,17,19,23	23	29275459	25452098	4711741	50015816	0.094205	0.185122	0.076485	0.070712	False	0.087991
HAP1_chr12	HAP2_chr07	11,13,15,17,19,23	23	29275459	24690358	4720142	49245675	0.095849	0.191173	0.075798	0.069411	False	0.087565
HAP1_chr12	HAP2_chr08	11,13,15,17,19,23	23	29275459	23770547	4669013	48376993	0.096513	0.196420	0.075525	0.068315	False	0.086943
HAP1_chr12	HAP2_chr09	11,13,15,17,19,23	23	29275459	27088665	4797682	51566442	0.093039	0.177110	0.076981	0.072498	False	0.088880
HAP1_chr12	HAP2_chr10	11,13,15,17,19,23	23	29275459	27665485	4857432	52083512	0.093262	0.175577	0.076885	0.072848	False	0.088569
HAP1_chr12	HAP2_chr11	11,13,15,17,19,23	23	29275459	27186520	4754266	51707713	0.091945	0.174876	0.077451	0.073010	False	0.089109
HAP1_chr12	HAP2_chr12	11,13,15,17,19,23	23	29275459	26259349	22633156	32901652	0.687903	0.861908	0.008889	0.006440	False	0.010075
HAP1_chr12	HAP2_chr13	11,13,15,17,19,23	23	29275459	23327952	4253457	48349954	0.087972	0.182333	0.079213	0.071325	False	0.091195
HAP1_chr12	HAP2_chr14	11,13,15,17,19,23	23	29275459	24080067	4365358	48990168	0.089107	0.181285	0.078701	0.071558	False	0.090540
HAP1_chr12	HAP2_chr15	11,13,15,17,19,23	23	29275459	27590322	4736801	52128980	0.090867	0.171683	0.077921	0.073752	False	0.089779
HAP1_chr12	HAP2_chr16	11,13,15,17,19,23	23	29275459	26246790	4725169	50797080	0.093020	0.180028	0.076988	0.071839	False	0.088884
HAP1_chr12	HAP2_chr17	11,13,15,17,19,23	23	29275459	26521176	4691600	51105035	0.091803	0.176900	0.077513	0.072546	False	0.089318
HAP1_chr12	HAP2_chr18	11,13,15,17,19,23	23	29275459	24381093	4298496	49358056	0.087088	0.176304	0.079617	0.072682	False	0.091964
HAP1_chr12	HAP2_chr19	11,13,15,17,19,23	23	29275459	25768877	1800738	53243598	0.033821	0.069880	0.118556	0.109253	False	0.127516
HAP1_chr12	HAP2_chr20	11,13,15,17,19,23	23	29275459	20063909	1719911	47619457	0.036118	0.085722	0.115796	0.101304	False	0.123462
HAP1_chr12	HAP2_chr21	11,13,15,17,19,23	23	29275459	22803913	1784035	50295337	0.035471	0.078234	0.116554	0.104869	False	0.124970
HAP1_chr12	HAP2_chr22	11,13,15,17,19,23	23	29275459	21922403	1675613	49522249	0.033836	0.076434	0.118538	0.105774	False	0.126775
HAP1_chr12	HAP2_chr23	11,13,15,17,19,23	23	29275459	21196957	3630171	46842245	0.077498	0.171259	0.084304	0.073852	False	0.086296
HAP1_chr12	HAP2_chr24	11,13,15,17,19,23	23	29275459	20102868	1727011	47651316	0.036243	0.085909	0.115651	0.101219	False	0.123248
HAP1_chr12	HAP2_chr25	11,13,15,17,19,23	23	29275459	20239507	1616292	47898674	0.033744	0.079858	0.118652	0.104069	False	0.126811
HAP1_chr12	HAP2_chr26	11,13,15,17,19,23	23	29275459	19903419	1669674	47509204	0.035144	0.083889	0.116943	0.102148	False	0.124905
HAP1_chr12	HAP2_chr27	11,13,15,17,19,23	23	29275459	17870121	1588700	45556880	0.034873	0.088903	0.117269	0.099880	False	0.125939
HAP1_chr12	HAP2_chr28	11,13,15,17,19,23	23	29275459	17426831	1582960	45119330	0.035084	0.090835	0.117015	0.099038	False	0.124547
HAP1_chr12	HAP2_chr29	11,13,15,17,19,23	23	29275459	19028380	1643101	46660738	0.035214	0.086350	0.116860	0.101019	False	0.125100
HAP1_chr12	HAP2_chr30	11,13,15,17,19,23	23	29275459	19686693	1654617	47307535	0.034976	0.084047	0.117145	0.102075	False	0.124556
HAP1_chr12	HAP2_chr31	11,13,15,17,19,23	23	29275459	17171636	1548156	44898939	0.034481	0.090158	0.117744	0.099331	False	0.125276
HAP1_chr12	HAP2_chr32	11,13,15,17,19,23	23	29275459	19285510	1596264	46964705	0.033989	0.082770	0.118348	0.102672	False	0.126369
HAP1_chr12	HAP2_chr33	11,13,15,17,19,23	23	29275459	19469942	1604582	47140819	0.034038	0.082413	0.118287	0.102841	False	0.126227
HAP1_chr12	HAP2_chr34	11,13,15,17,19,23	23	29275459	19829428	1701994	47402893	0.035905	0.085832	0.116044	0.101254	False	0.123396
HAP1_chr12	HAP2_chr35	11,13,15,17,19,23	23	29275459	17598234	1429102	45444591	0.031447	0.081207	0.121620	0.103416	False	0.129557
HAP1_chr12	HAP2_chr36	11,13,15,17,19,23	23	29275459	16850131	1453133	44672457	0.032529	0.086239	0.120196	0.101069	False	0.127595
HAP1_chr13	HAP1_chr14	11,13,15,17,19,23	23	27945792	29707144	4746291	52906645	0.089711	0.169839	0.078432	0.074187	False	0.090535
HAP1_chr13	HAP1_chr15	11,13,15,17,19,23	23	27945792	28623844	4781784	51787852	0.092334	0.171109	0.077283	0.073887	False	0.089800
HAP1_chr13	HAP1_chr16	11,13,15,17,19,23	23	27945792	27011355	4640971	50316176	0.092236	0.171816	0.077325	0.073721	False	0.089815
HAP1_chr13	HAP1_chr17	11,13,15,17,19,23	23	27945792	27940339	4582113	51304018	0.089313	0.163996	0.078609	0.075595	False	0.090951
HAP1_chr13	HAP1_chr18	11,13,15,17,19,23	23	27945792	26803682	4423046	50326428	0.087887	0.165016	0.079252	0.075346	False	0.092058
HAP1_chr13	HAP1_chr19	11,13,15,17,19,23	23	27945792	26589451	1815240	52720003	0.034432	0.068269	0.117804	0.110156	False	0.127192
HAP1_chr13	HAP1_chr20	11,13,15,17,19,23	23	27945792	21443029	1933642	47455179	0.040747	0.090176	0.110747	0.099323	False	0.119081
HAP1_chr13	HAP1_chr21	11,13,15,17,19,23	23	27945792	22165965	1660087	48451670	0.034263	0.074894	0.118010	0.106565	False	0.126559
HAP1_chr13	HAP1_chr22	11,13,15,17,19,23	23	27945792	22122737	1621943	48446586	0.033479	0.073316	0.118984	0.107392	False	0.127238
HAP1_chr13	HAP1_chr23	11,13,15,17,19,23	23	27945792	22072795	1776923	48241664	0.036834	0.080503	0.114972	0.103755	False	0.123081
HAP1_chr13	HAP1_chr24	11,13,15,17,19,23	23	27945792	21115586	1763443	47297935	0.037284	0.083514	0.114463	0.102323	False	0.122419
HAP1_chr13	HAP1_chr25	11,13,15,17,19,23	23	27945792	21212482	1736221	47422053	0.036612	0.081849	0.115226	0.103109	False	0.123826
HAP1_chr13	HAP1_chr26	11,13,15,17,19,23	23	27945792	21132037	3773563	45304266	0.083294	0.178571	0.081402	0.072167	False	0.083266
HAP1_chr13	HAP1_chr27	11,13,15,17,19,23	23	27945792	19486219	1591062	45840949	0.034708	0.081651	0.117467	0.103204	False	0.126215
HAP1_chr13	HAP1_chr28	11,13,15,17,19,23	23	27945792	21292029	1609241	47628580	0.033787	0.075580	0.118598	0.106211	False	0.127059
HAP1_chr13	HAP1_chr29	11,13,15,17,19,23	23	27945792	19895838	1648853	46192777	0.035695	0.082874	0.116290	0.102623	False	0.124818
HAP1_chr13	HAP1_chr30	11,13,15,17,19,23	23	27945792	20107834	1570555	46483071	0.033788	0.078107	0.118597	0.104932	False	0.126347
HAP1_chr13	HAP1_chr31	11,13,15,17,19,23	23	27945792	17964037	1502796	44407033	0.033841	0.083656	0.118531	0.102257	False	0.126249
HAP1_chr13	HAP1_chr32	11,13,15,17,19,23	23	27945792	19521485	1587302	45879975	0.034597	0.081311	0.117603	0.103366	False	0.125735
HAP1_chr13	HAP1_chr33	11,13,15,17,19,23	23	27945792	19539073	1507901	45976964	0.032797	0.077174	0.119850	0.105400	False	0.128244
HAP1_chr13	HAP1_chr34	11,13,15,17,19,23	23	27945792	19140608	1568970	45517430	0.034470	0.081971	0.117757	0.103051	False	0.125424
HAP1_chr13	HAP1_chr35	11,13,15,17,19,23	23	27945792	18698993	1458833	45185952	0.032285	0.078017	0.120512	0.104977	False	0.128458
HAP1_chr13	HAP1_chr36	11,13,15,17,19,23	23	27945792	17333529	1407979	43871342	0.032093	0.081229	0.120763	0.103406	False	0.128396
HAP1_chr13	HAP2_chr01	11,13,15,17,19,23	23	27945792	28826960	4926827	51845925	0.095028	0.176299	0.076140	0.072683	False	0.088279
HAP1_chr13	HAP2_chr02	11,13,15,17,19,23	23	27945792	32469880	4790714	55624958	0.086125	0.171429	0.080062	0.073812	False	0.092883
HAP1_chr13	HAP2_chr03	11,13,15,17,19,23	23	27945792	22336550	4350753	45931589	0.094722	0.194782	0.076268	0.068655	False	0.088333
HAP1_chr13	HAP2_chr04	11,13,15,17,19,23	23	27945792	24275153	4391730	47829215	0.091821	0.180915	0.077505	0.071640	False	0.089379
HAP1_chr13	HAP2_chr05	11,13,15,17,19,23	23	27945792	27694867	4930299	50710360	0.097225	0.178022	0.075233	0.072291	False	0.087493
HAP1_chr13	HAP2_chr06	11,13,15,17,19,23	23	27945792	25452098	4493514	48904376	0.091884	0.176548	0.077478	0.072626	False	0.089301
HAP1_chr13	HAP2_chr07	11,13,15,17,19,23	23	27945792	24690358	4660584	47975566	0.097145	0.188761	0.075266	0.069925	False	0.087311
HAP1_chr13	HAP2_chr08	11,13,15,17,19,23	23	27945792	23770547	4502264	47214075	0.095359	0.189405	0.076002	0.069787	False	0.087956
HAP1_chr13	HAP2_chr09	11,13,15,17,19,23	23	27945792	27088665	4626644	50407813	0.091784	0.170796	0.077521	0.073961	False	0.089878
HAP1_chr13	HAP2_chr10	11,13,15,17,19,23	23	27945792	27665485	4705055	50906222	0.092426	0.170069	0.077244	0.074132	False	0.089316
HAP1_chr13	HAP2_chr11	11,13,15,17,19,23	23	27945792	27186520	4540580	50591732	0.089749	0.167016	0.078415	0.074861	False	0.090546
HAP1_chr13	HAP2_chr12	11,13,15,17,19,23	23	27945792	26259349	4399834	49805307	0.088341	0.167553	0.079046	0.074732	False	0.091320
HAP1_chr13	HAP2_chr13	11,13,15,17,19,23	23	27945792	23327952	21197110	30076634	0.704770	0.908657	0.008268	0.004156	False	0.009281
HAP1_chr13	HAP2_chr14	11,13,15,17,19,23	23	27945792	24080067	4065784	47960075	0.084774	0.168844	0.080695	0.074423	False	0.092965
HAP1_chr13	HAP2_chr15	11,13,15,17,19,23	23	27945792	27590322	4609992	50926122	0.090523	0.167087	0.078072	0.074844	False	0.090513
HAP1_chr13	HAP2_chr16	11,13,15,17,19,23	23	27945792	26246790	4623299	49569283	0.093269	0.176147	0.076882	0.072718	False	0.089247
HAP1_chr13	HAP2_chr17	11,13,15,17,19,23	23	27945792	26521176	4544412	49922556	0.091029	0.171350	0.077850	0.073830	False	0.090116
HAP1_chr13	HAP2_chr18	11,13,15,17,19,23	23	27945792	24381093	4199936	48126949	0.087268	0.172262	0.079535	0.073616	False	0.092374
HAP1_chr13	HAP2_chr19	11,13,15,17,19,23	23	27945792	25768877	1679103	52035566	0.032268	0.065160	0.120534	0.111957	False	0.129661
HAP1_chr13	HAP2_chr20	11,13,15,17,19,23	23	27945792	20063909	1651744	46357957	0.035630	0.082324	0.116366	0.102883	False	0.124028
HAP1_chr13	HAP2_chr21	11,13,15,17,19,23	23	27945792	22803913	1668264	49081441	0.033990	0.073157	0.118347	0.107476	False	0.126915
HAP1_chr13	HAP2_chr22	11,13,15,17,19,23	23	27945792	21922403	1602417	48265778	0.033200	0.073095	0.119336	0.107509	False	0.127675
HAP1_chr13	HAP2_chr23	11,13,15,17,19,23	23	27945792	21196957	1758781	47383968	0.037118	0.082973	0.114650	0.102577	False	0.122471
HAP1_chr13	HAP2_chr24	11,13,15,17,19,23	23	27945792	20102868	1659653	46389007	0.035777	0.082558	0.116194	0.102772	False	0.123979
HAP1_chr13	HAP2_chr25	11,13,15,17,19,23	23	27945792	20239507	1534341	46650958	0.032890	0.075809	0.119731	0.106093	False	0.127985
HAP1_chr13	HAP2_chr26	11,13,15,17,19,23	23	27945792	19903419	3573414	44275797	0.080708	0.179538	0.082669	0.071949	False	0.084521
HAP1_chr13	HAP2_chr27	11,13,15,17,19,23	23	27945792	17870121	1494405	44321508	0.033717	0.083626	0.118685	0.102271	False	0.127443
HAP1_chr13	HAP2_chr28	11,13,15,17,19,23	23	27945792	17426831	1541489	43831134	0.035169	0.088455	0.116914	0.100077	False	0.124772
HAP1_chr13	HAP2_chr29	11,13,15,17,19,23	23	27945792	19028380	1577546	45396626	0.034750	0.082905	0.117417	0.102609	False	0.125869
HAP1_chr13	HAP2_chr30	11,13,15,17,19,23	23	27945792	19686693	1573016	46059469	0.034152	0.079903	0.118147	0.104047	False	0.125803
HAP1_chr13	HAP2_chr31	11,13,15,17,19,23	23	27945792	17171636	1458205	43659223	0.033400	0.084919	0.119083	0.101672	False	0.126892
HAP1_chr13	HAP2_chr32	11,13,15,17,19,23	23	27945792	19285510	1523572	45707730	0.033333	0.079001	0.119167	0.104489	False	0.127292
HAP1_chr13	HAP2_chr33	11,13,15,17,19,23	23	27945792	19469942	1533108	45882626	0.033414	0.078742	0.119066	0.104617	False	0.127220
HAP1_chr13	HAP2_chr34	11,13,15,17,19,23	23	27945792	19829428	1630858	46144362	0.035343	0.082244	0.116707	0.102921	False	0.124226
HAP1_chr13	HAP2_chr35	11,13,15,17,19,23	23	27945792	17598234	1370056	44173970	0.031015	0.077852	0.122204	0.105059	False	0.130123
HAP1_chr13	HAP2_chr36	11,13,15,17,19,23	23	27945792	16850131	1384412	43411511	0.031890	0.082160	0.121030	0.102961	False	0.128739
HAP1_chr14	HAP1_chr15	11,13,15,17,19,23	23	29707144	28623844	4700284	53630704	0.087642	0.164209	0.079364	0.075543	False	0.091567
HAP1_chr14	HAP1_chr16	11,13,15,17,19,23	23	29707144	27011355	4597472	52121027	0.088208	0.170205	0.079106	0.074100	False	0.091136
HAP1_chr14	HAP1_chr17	11,13,15,17,19,23	23	29707144	27940339	4751886	52895597	0.089835	0.170073	0.078376	0.074131	False	0.090341
HAP1_chr14	HAP1_chr18	11,13,15,17,19,23	23	29707144	26803682	4426523	52084303	0.084988	0.165146	0.080594	0.075314	False	0.093062
HAP1_chr14	HAP1_chr19	11,13,15,17,19,23	23	29707144	26589451	1937733	54358862	0.035647	0.072876	0.116346	0.107625	False	0.125803
HAP1_chr14	HAP1_chr20	11,13,15,17,19,23	23	29707144	21443029	2036150	49114023	0.041458	0.094956	0.110024	0.097298	False	0.118565
HAP1_chr14	HAP1_chr21	11,13,15,17,19,23	23	29707144	22165965	1766885	50106224	0.035263	0.079712	0.116802	0.104140	False	0.125371
HAP1_chr14	HAP1_chr22	11,13,15,17,19,23	23	29707144	22122737	1766018	50063863	0.035275	0.079828	0.116787	0.104083	False	0.125144
HAP1_chr14	HAP1_chr23	11,13,15,17,19,23	23	29707144	22072795	1878838	49901101	0.037651	0.085120	0.114052	0.101580	False	0.122224
HAP1_chr14	HAP1_chr24	11,13,15,17,19,23	23	29707144	21115586	1855042	48967688	0.037883	0.087852	0.113795	0.100345	False	0.121749
HAP1_chr14	HAP1_chr25	11,13,15,17,19,23	23	29707144	21212482	1877508	49042118	0.038284	0.088510	0.113355	0.100053	False	0.122034
HAP1_chr14	HAP1_chr26	11,13,15,17,19,23	23	29707144	21132037	1791211	49047970	0.036520	0.084763	0.115332	0.101744	False	0.123654
HAP1_chr14	HAP1_chr27	11,13,15,17,19,23	23	29707144	19486219	1696927	47496436	0.035727	0.087083	0.116252	0.100688	False	0.125135
HAP1_chr14	HAP1_chr28	11,13,15,17,19,23	23	29707144	21292029	3978861	47020312	0.084620	0.186871	0.080768	0.070332	False	0.082872
HAP1_chr14	HAP1_chr29	11,13,15,17,19,23	23	29707144	19895838	1756640	47846342	0.036714	0.088292	0.115109	0.100149	False	0.123669
HAP1_chr14	HAP1_chr30	11,13,15,17,19,23	23	29707144	20107834	1710863	48104115	0.035566	0.085084	0.116442	0.101596	False	0.124097
HAP1_chr14	HAP1_chr31	11,13,15,17,19,23	23	29707144	17964037	1574329	46096852	0.034153	0.087638	0.118146	0.100440	False	0.125992
HAP1_chr14	HAP1_chr32	11,13,15,17,19,23	23	29707144	19521485	1699679	47528950	0.035761	0.087067	0.116213	0.100696	False	0.124550
HAP1_chr14	HAP1_chr33	11,13,15,17,19,23	23	29707144	19539073	1629106	47617111	0.034213	0.083377	0.118072	0.102387	False	0.126417
HAP1_chr14	HAP1_chr34	11,13,15,17,19,23	23	29707144	19140608	1658914	47188838	0.035155	0.086670	0.116930	0.100874	False	0.124609
HAP1_chr14	HAP1_chr35	11,13,15,17,19,23	23	29707144	18698993	1557876	46848261	0.033254	0.083313	0.119268	0.102417	False	0.127335
HAP1_chr14	HAP1_chr36	11,13,15,17,19,23	23	29707144	17333529	1513482	45527191	0.033243	0.087315	0.119281	0.100584	False	0.126789
HAP1_chr14	HAP2_chr01	11,13,15,17,19,23	23	29707144	28826960	4894084	53640020	0.091239	0.169775	0.077758	0.074202	False	0.089473
HAP1_chr14	HAP2_chr02	11,13,15,17,19,23	23	29707144	32469880	4950388	57226636	0.086505	0.166640	0.079886	0.074952	False	0.092249
HAP1_chr14	HAP2_chr03	11,13,15,17,19,23	23	29707144	22336550	4309790	47733904	0.090288	0.192948	0.078176	0.069038	False	0.089869
HAP1_chr14	HAP2_chr04	11,13,15,17,19,23	23	29707144	24275153	4396543	49585754	0.088665	0.181113	0.078900	0.071596	False	0.090524
HAP1_chr14	HAP2_chr05	11,13,15,17,19,23	23	29707144	27694867	4910344	52491667	0.093545	0.177302	0.076765	0.072454	False	0.088713
HAP1_chr14	HAP2_chr06	11,13,15,17,19,23	23	29707144	25452098	4557235	50602007	0.090060	0.179051	0.078277	0.072058	False	0.089932
HAP1_chr14	HAP2_chr07	11,13,15,17,19,23	23	29707144	24690358	4566040	49831462	0.091630	0.184932	0.077588	0.070753	False	0.089408
HAP1_chr14	HAP2_chr08	11,13,15,17,19,23	23	29707144	23770547	4508736	48968955	0.092073	0.189677	0.077396	0.069729	False	0.088966
HAP1_chr14	HAP2_chr09	11,13,15,17,19,23	23	29707144	27088665	4703829	52091980	0.090299	0.173646	0.078171	0.073294	False	0.090068
HAP1_chr14	HAP2_chr10	11,13,15,17,19,23	23	29707144	27665485	4825355	52547274	0.091829	0.174418	0.077502	0.073115	False	0.089351
HAP1_chr14	HAP2_chr11	11,13,15,17,19,23	23	29707144	27186520	4686737	52206927	0.089772	0.172392	0.078404	0.073586	False	0.090261
HAP1_chr14	HAP2_chr12	11,13,15,17,19,23	23	29707144	26259349	4665756	51300737	0.090949	0.177680	0.077885	0.072368	False	0.089632
HAP1_chr14	HAP2_chr13	11,13,15,17,19,23	23	29707144	23327952	4188032	48847064	0.085738	0.179528	0.080242	0.071951	False	0.092281
HAP1_chr14	HAP2_chr14	11,13,15,17,19,23	23	29707144	24080067	22087978	31699233	0.696798	0.917272	0.008559	0.003747	False	0.009944
HAP1_chr14	HAP2_chr15	11,13,15,17,19,23	23	29707144	27590322	4587428	52710038	0.087031	0.166269	0.079643	0.075041	False	0.091710
HAP1_chr14	HAP2_chr16	11,13,15,17,19,23	23	29707144	26246790	4562679	51391255	0.088783	0.173838	0.078847	0.073250	False	0.090799
HAP1_chr14	HAP2_chr17	11,13,15,17,19,23	23	29707144	26521176	4647311	51581009	0.090097	0.175230	0.078260	0.072928	False	0.090234
HAP1_chr14	HAP2_chr18	11,13,15,17,19,23	23	29707144	24381093	4214725	49873512	0.084508	0.172869	0.080821	0.073475	False	0.093303
HAP1_chr14	HAP2_chr19	11,13,15,17,19,23	23	29707144	25768877	1802582	53673439	0.033584	0.069952	0.118851	0.109213	False	0.128090
HAP1_chr14	HAP2_chr20	11,13,15,17,19,23	23	29707144	20063909	1748945	48022108	0.036420	0.087169	0.115447	0.100650	False	0.123497
HAP1_chr14	HAP2_chr21	11,13,15,17,19,23	23	29707144	22803913	1803683	50707374	0.035570	0.079095	0.116437	0.104442	False	0.124993
HAP1_chr14	HAP2_chr22	11,13,15,17,19,23	23	29707144	21922403	1735186	49894361	0.034777	0.079151	0.117384	0.104415	False	0.125807
HAP1_chr14	HAP2_chr23	11,13,15,17,19,23	23	29707144	21196957	1880792	49023309	0.038365	0.088729	0.113265	0.099956	False	0.121221
HAP1_chr14	HAP2_chr24	11,13,15,17,19,23	23	29707144	20102868	1739075	48070937	0.036177	0.086509	0.115727	0.100947	False	0.123519
HAP1_chr14	HAP2_chr25	11,13,15,17,19,23	23	29707144	20239507	1651871	48294780	0.034204	0.081616	0.118083	0.103220	False	0.126403
HAP1_chr14	HAP2_chr26	11,13,15,17,19,23	23	29707144	19903419	1713737	47896826	0.035780	0.086103	0.116190	0.101131	False	0.124396
HAP1_chr14	HAP2_chr27	11,13,15,17,19,23	23	29707144	17870121	1604436	45972829	0.034900	0.089783	0.117236	0.099494	False	0.126163
HAP1_chr14	HAP2_chr28	11,13,15,17,19,23	23	29707144	17426831	3254912	43879063	0.074179	0.186776	0.086073	0.070353	False	0.088683
HAP1_chr14	HAP2_chr29	11,13,15,17,19,23	23	29707144	19028380	1675371	47060153	0.035601	0.088046	0.116401	0.100258	False	0.124970
HAP1_chr14	HAP2_chr30	11,13,15,17,19,23	23	29707144	19686693	1717246	47676591	0.036019	0.087229	0.115911	0.100623	False	0.123511
HAP1_chr14	HAP2_chr31	11,13,15,17,19,23	23	29707144	17171636	1533723	45345057	0.033823	0.089317	0.118553	0.099697	False	0.126491
HAP1_chr14	HAP2_chr32	11,13,15,17,19,23	23	29707144	19285510	1624704	47367950	0.034300	0.084245	0.117965	0.101983	False	0.126227
HAP1_chr14	HAP2_chr33	11,13,15,17,19,23	23	29707144	19469942	1622668	47554418	0.034122	0.083342	0.118183	0.102404	False	0.126331
HAP1_chr14	HAP2_chr34	11,13,15,17,19,23	23	29707144	19829428	1743925	47792647	0.036489	0.087946	0.115366	0.100303	False	0.122992
HAP1_chr14	HAP2_chr35	11,13,15,17,19,23	23	29707144	17598234	1470743	45834635	0.032088	0.083573	0.120770	0.102296	False	0.128816
HAP1_chr14	HAP2_chr36	11,13,15,17,19,23	23	29707144	16850131	1469070	45088205	0.032582	0.087184	0.120126	0.100643	False	0.127714
HAP1_chr15	HAP1_chr16	11,13,15,17,19,23	23	28623844	27011355	4601099	51034100	0.090157	0.170339	0.078234	0.074068	False	0.090795
HAP1_chr15	HAP1_chr17	11,13,15,17,19,23	23	28623844	27940339	4581499	51982684	0.088135	0.163974	0.079139	0.075600	False	0.091430
HAP1_chr15	HAP1_chr18	11,13,15,17,19,23	23	28623844	26803682	4377067	51050459	0.085740	0.163301	0.080241	0.075766	False	0.093013
HAP1_chr15	HAP1_chr19	11,13,15,17,19,23	23	28623844	26589451	1787861	53425434	0.033465	0.067239	0.119002	0.110743	False	0.128502
HAP1_chr15	HAP1_chr20	11,13,15,17,19,23	23	28623844	21443029	1912307	48154566	0.039712	0.089181	0.111822	0.099757	False	0.120198
HAP1_chr15	HAP1_chr21	11,13,15,17,19,23	23	28623844	22165965	1670457	49119352	0.034008	0.075361	0.118324	0.106323	False	0.126905
HAP1_chr15	HAP1_chr22	11,13,15,17,19,23	23	28623844	22122737	1639269	49107312	0.033381	0.074099	0.119106	0.106980	False	0.127630
HAP1_chr15	HAP1_chr23	11,13,15,17,19,23	23	28623844	22072795	1750999	48945640	0.035774	0.079328	0.116197	0.104328	False	0.124346
HAP1_chr15	HAP1_chr24	11,13,15,17,19,23	23	28623844	21115586	1744964	47994466	0.036358	0.082639	0.115518	0.102734	False	0.123579
HAP1_chr15	HAP1_chr25	11,13,15,17,19,23	23	28623844	21212482	1778748	48057578	0.037013	0.083854	0.114769	0.102165	False	0.123249
HAP1_chr15	HAP1_chr26	11,13,15,17,19,23	23	28623844	21132037	1698915	48056966	0.035352	0.080395	0.116695	0.103807	False	0.124977
HAP1_chr15	HAP1_chr27	11,13,15,17,19,23	23	28623844	19486219	1578034	46532029	0.033913	0.080982	0.118442	0.103524	False	0.126924
HAP1_chr15	HAP1_chr28	11,13,15,17,19,23	23	28623844	21292029	1608939	48306934	0.033307	0.075565	0.119201	0.106218	False	0.127804
HAP1_chr15	HAP1_chr29	11,13,15,17,19,23	23	28623844	19895838	1654130	46865552	0.035295	0.083139	0.116763	0.102499	False	0.125140
HAP1_chr15	HAP1_chr30	11,13,15,17,19,23	23	28623844	20107834	1582838	47148840	0.033571	0.078717	0.118868	0.104629	False	0.126707
HAP1_chr15	HAP1_chr31	11,13,15,17,19,23	23	28623844	17964037	1553924	45033957	0.034506	0.086502	0.117713	0.100950	False	0.125503
HAP1_chr15	HAP1_chr32	11,13,15,17,19,23	23	28623844	19521485	1589817	46555512	0.034149	0.081439	0.118150	0.103305	False	0.126404
HAP1_chr15	HAP1_chr33	11,13,15,17,19,23	23	28623844	19539073	3601980	44560937	0.080833	0.184348	0.082607	0.070881	False	0.084483
HAP1_chr15	HAP1_chr34	11,13,15,17,19,23	23	28623844	19140608	1542251	46222201	0.033366	0.080575	0.119126	0.103721	False	0.126752
HAP1_chr15	HAP1_chr35	11,13,15,17,19,23	23	28623844	18698993	1482676	45840161	0.032344	0.079292	0.120435	0.104346	False	0.128545
HAP1_chr15	HAP1_chr36	11,13,15,17,19,23	23	28623844	17333529	1409701	44547672	0.031645	0.081328	0.121356	0.103358	False	0.128960
HAP1_chr15	HAP2_chr01	11,13,15,17,19,23	23	28623844	28826960	5013146	52437658	0.095602	0.175139	0.075901	0.072949	False	0.087946
HAP1_chr15	HAP2_chr02	11,13,15,17,19,23	23	28623844	32469880	4816709	56277015	0.085589	0.168276	0.080312	0.074559	False	0.092999
HAP1_chr15	HAP2_chr03	11,13,15,17,19,23	23	28623844	22336550	4310148	46650246	0.092393	0.192964	0.077258	0.069034	False	0.089377
HAP1_chr15	HAP2_chr04	11,13,15,17,19,23	23	28623844	24275153	4424491	48474506	0.091275	0.182264	0.077743	0.071340	False	0.089570
HAP1_chr15	HAP2_chr05	11,13,15,17,19,23	23	28623844	27694867	4897540	51421171	0.095244	0.176839	0.076050	0.072560	False	0.088271
HAP1_chr15	HAP2_chr06	11,13,15,17,19,23	23	28623844	25452098	4394625	49681317	0.088456	0.172663	0.078994	0.073523	False	0.091026
HAP1_chr15	HAP2_chr07	11,13,15,17,19,23	23	28623844	24690358	4629863	48684339	0.095100	0.187517	0.076110	0.070192	False	0.088140
HAP1_chr15	HAP2_chr08	11,13,15,17,19,23	23	28623844	23770547	4480129	47914262	0.093503	0.188474	0.076783	0.069987	False	0.088755
HAP1_chr15	HAP2_chr09	11,13,15,17,19,23	23	28623844	27088665	4583339	51129170	0.089642	0.169198	0.078462	0.074339	False	0.090729
HAP1_chr15	HAP2_chr10	11,13,15,17,19,23	23	28623844	27665485	4655855	51633474	0.090171	0.168291	0.078227	0.074555	False	0.090338
HAP1_chr15	HAP2_chr11	11,13,15,17,19,23	23	28623844	27186520	4504019	51306345	0.087787	0.165671	0.079297	0.075186	False	0.091373
HAP1_chr15	HAP2_chr12	11,13,15,17,19,23	23	28623844	26259349	4419568	50463625	0.087579	0.168305	0.079392	0.074552	False	0.091595
HAP1_chr15	HAP2_chr13	11,13,15,17,19,23	23	28623844	23327952	4241559	47710237	0.088902	0.181823	0.078793	0.071438	False	0.091123
HAP1_chr15	HAP2_chr14	11,13,15,17,19,23	23	28623844	24080067	4029755	48674156	0.082790	0.167348	0.081645	0.074781	False	0.094061
HAP1_chr15	HAP2_chr15	11,13,15,17,19,23	23	28623844	27590322	24194830	32019336	0.755632	0.876932	0.006517	0.005694	False	0.007416
HAP1_chr15	HAP2_chr16	11,13,15,17,19,23	23	28623844	26246790	4531090	50339544	0.090011	0.172634	0.078299	0.073530	False	0.090837
HAP1_chr15	HAP2_chr17	11,13,15,17,19,23	23	28623844	26521176	4544576	50600444	0.089813	0.171357	0.078386	0.073829	False	0.090632
HAP1_chr15	HAP2_chr18	11,13,15,17,19,23	23	28623844	24381093	4172591	48832346	0.085447	0.171140	0.080378	0.073879	False	0.093203
HAP1_chr15	HAP2_chr19	11,13,15,17,19,23	23	28623844	25768877	1669618	52723103	0.031668	0.064792	0.121326	0.112176	False	0.130538
HAP1_chr15	HAP2_chr20	11,13,15,17,19,23	23	28623844	20063909	1623701	47064052	0.034500	0.080926	0.117721	0.103551	False	0.125647
HAP1_chr15	HAP2_chr21	11,13,15,17,19,23	23	28623844	22803913	1691335	49736422	0.034006	0.074169	0.118327	0.106943	False	0.126863
HAP1_chr15	HAP2_chr22	11,13,15,17,19,23	23	28623844	21922403	1625654	48920593	0.033230	0.074155	0.119297	0.106950	False	0.127886
HAP1_chr15	HAP2_chr23	11,13,15,17,19,23	23	28623844	21196957	1753800	48067001	0.036487	0.082738	0.115370	0.102687	False	0.123253
HAP1_chr15	HAP2_chr24	11,13,15,17,19,23	23	28623844	20102868	1651409	47075303	0.035080	0.082148	0.117020	0.102967	False	0.124962
HAP1_chr15	HAP2_chr25	11,13,15,17,19,23	23	28623844	20239507	1557780	47305571	0.032930	0.076967	0.119679	0.105504	False	0.128038
HAP1_chr15	HAP2_chr26	11,13,15,17,19,23	23	28623844	19903419	1638493	46888770	0.034944	0.082322	0.117183	0.102884	False	0.125354
HAP1_chr15	HAP2_chr27	11,13,15,17,19,23	23	28623844	17870121	1491642	45002323	0.033146	0.083471	0.119404	0.102343	False	0.128026
HAP1_chr15	HAP2_chr28	11,13,15,17,19,23	23	28623844	17426831	1513633	44537042	0.033986	0.086856	0.118351	0.100790	False	0.126128
HAP1_chr15	HAP2_chr29	11,13,15,17,19,23	23	28623844	19028380	1592387	46059837	0.034572	0.083685	0.117633	0.102244	False	0.125971
HAP1_chr15	HAP2_chr30	11,13,15,17,19,23	23	28623844	19686693	1584117	46726420	0.033902	0.080466	0.118455	0.103773	False	0.126211
HAP1_chr15	HAP2_chr31	11,13,15,17,19,23	23	28623844	17171636	1505130	44290350	0.033983	0.087652	0.118355	0.100434	False	0.126179
HAP1_chr15	HAP2_chr32	11,13,15,17,19,23	23	28623844	19285510	1518376	46390978	0.032730	0.078731	0.119936	0.104622	False	0.128209
HAP1_chr15	HAP2_chr33	11,13,15,17,19,23	23	28623844	19469942	3687405	44406381	0.083038	0.189390	0.081525	0.069791	False	0.083545
HAP1_chr15	HAP2_chr34	11,13,15,17,19,23	23	28623844	19829428	1620771	46832501	0.034608	0.081736	0.117589	0.103163	False	0.125185
HAP1_chr15	HAP2_chr35	11,13,15,17,19,23	23	28623844	17598234	1387890	44834188	0.030956	0.078865	0.122284	0.104556	False	0.130318
HAP1_chr15	HAP2_chr36	11,13,15,17,19,23	23	28623844	16850131	1377433	44096542	0.031237	0.081746	0.121903	0.103158	False	0.129506
HAP1_chr16	HAP1_chr17	11,13,15,17,19,23	23	27011355	27940339	4454783	50496911	0.088219	0.164923	0.079101	0.075368	False	0.091327
HAP1_chr16	HAP1_chr18	11,13,15,17,19,23	23	27011355	26803682	4292827	49522210	0.086685	0.160158	0.079803	0.076546	False	0.092565
HAP1_chr16	HAP1_chr19	11,13,15,17,19,23	23	27011355	26589451	1765551	51835255	0.034061	0.066400	0.118259	0.111229	False	0.127310
HAP1_chr16	HAP1_chr20	11,13,15,17,19,23	23	27011355	21443029	1888309	46566075	0.040551	0.088062	0.110948	0.100251	False	0.119072
HAP1_chr16	HAP1_chr21	11,13,15,17,19,23	23	27011355	22165965	1599648	47577672	0.033622	0.072167	0.118804	0.108005	False	0.127043
HAP1_chr16	HAP1_chr22	11,13,15,17,19,23	23	27011355	22122737	1591851	47542241	0.033483	0.071955	0.118979	0.108119	False	0.127027
HAP1_chr16	HAP1_chr23	11,13,15,17,19,23	23	27011355	22072795	1695442	47388708	0.035777	0.076811	0.116193	0.105583	False	0.124057
HAP1_chr16	HAP1_chr24	11,13,15,17,19,23	23	27011355	21115586	1726357	46400584	0.037206	0.081757	0.114551	0.103153	False	0.122249
HAP1_chr16	HAP1_chr25	11,13,15,17,19,23	23	27011355	21212482	1725215	46498622	0.037102	0.081330	0.114668	0.103357	False	0.122758
HAP1_chr16	HAP1_chr26	11,13,15,17,19,23	23	27011355	21132037	1606116	46537276	0.034512	0.076004	0.117705	0.105994	False	0.125591
HAP1_chr16	HAP1_chr27	11,13,15,17,19,23	23	27011355	19486219	1524429	44973145	0.033896	0.078231	0.118462	0.104870	False	0.126748
HAP1_chr16	HAP1_chr28	11,13,15,17,19,23	23	27011355	21292029	1541019	46762365	0.032954	0.072375	0.119648	0.107893	False	0.127887
HAP1_chr16	HAP1_chr29	11,13,15,17,19,23	23	27011355	19895838	1593782	45313411	0.035172	0.080106	0.116909	0.103948	False	0.125055
HAP1_chr16	HAP1_chr30	11,13,15,17,19,23	23	27011355	20107834	1557494	45561695	0.034184	0.077457	0.118107	0.105257	False	0.125616
HAP1_chr16	HAP1_chr31	11,13,15,17,19,23	23	27011355	17964037	1450970	43524422	0.033337	0.080771	0.119162	0.103626	False	0.126566
HAP1_chr16	HAP1_chr32	11,13,15,17,19,23	23	27011355	19521485	1541072	44991768	0.034252	0.078942	0.118023	0.104518	False	0.125869
HAP1_chr16	HAP1_chr33	11,13,15,17,19,23	23	27011355	19539073	1466097	45084331	0.032519	0.075034	0.120208	0.106492	False	0.128346
HAP1_chr16	HAP1_chr34	11,13,15,17,19,23	23	27011355	19140608	1520781	44631182	0.034074	0.079453	0.118242	0.104267	False	0.125606
HAP1_chr16	HAP1_chr35	11,13,15,17,19,23	23	27011355	18698993	3380163	42330185	0.079852	0.180767	0.083098	0.071673	False	0.084760
HAP1_chr16	HAP1_chr36	11,13,15,17,19,23	23	27011355	17333529	1372671	42972213	0.031943	0.079192	0.120961	0.104395	False	0.128203
HAP1_chr16	HAP2_chr01	11,13,15,17,19,23	23	27011355	28826960	4825539	51012776	0.094595	0.178649	0.076321	0.072149	False	0.088312
HAP1_chr16	HAP2_chr02	11,13,15,17,19,23	23	27011355	32469880	4680062	54801173	0.085401	0.173263	0.080400	0.073383	False	0.093080
HAP1_chr16	HAP2_chr03	11,13,15,17,19,23	23	27011355	22336550	4196388	45151517	0.092940	0.187871	0.077023	0.070116	False	0.088994
HAP1_chr16	HAP2_chr04	11,13,15,17,19,23	23	27011355	24275153	4216111	47070397	0.089570	0.173680	0.078494	0.073286	False	0.090358
HAP1_chr16	HAP2_chr05	11,13,15,17,19,23	23	27011355	27694867	4720966	49985256	0.094447	0.174777	0.076383	0.073032	False	0.088605
HAP1_chr16	HAP2_chr06	11,13,15,17,19,23	23	27011355	25452098	4333785	48129668	0.090044	0.170272	0.078284	0.074084	False	0.090155
HAP1_chr16	HAP2_chr07	11,13,15,17,19,23	23	27011355	24690358	4451950	47249763	0.094222	0.180311	0.076478	0.071775	False	0.088562
HAP1_chr16	HAP2_chr08	11,13,15,17,19,23	23	27011355	23770547	4395598	46386304	0.094761	0.184918	0.076252	0.070757	False	0.088130
HAP1_chr16	HAP2_chr09	11,13,15,17,19,23	23	27011355	27088665	4531823	49568197	0.091426	0.167775	0.077677	0.074679	False	0.089857
HAP1_chr16	HAP2_chr10	11,13,15,17,19,23	23	27011355	27665485	4535128	50141712	0.090446	0.167897	0.078106	0.074650	False	0.090133
HAP1_chr16	HAP2_chr11	11,13,15,17,19,23	23	27011355	27186520	4401023	49796852	0.088380	0.162932	0.079029	0.075856	False	0.091086
HAP1_chr16	HAP2_chr12	11,13,15,17,19,23	23	27011355	26259349	4385362	48885342	0.089707	0.167002	0.078433	0.074865	False	0.090399
HAP1_chr16	HAP2_chr13	11,13,15,17,19,23	23	27011355	23327952	4053850	46285457	0.087584	0.173777	0.079390	0.073264	False	0.091702
HAP1_chr16	HAP2_chr14	11,13,15,17,19,23	23	27011355	24080067	3977446	47113976	0.084422	0.165176	0.080862	0.075307	False	0.093028
HAP1_chr16	HAP2_chr15	11,13,15,17,19,23	23	27011355	27590322	4437388	50164289	0.088457	0.164279	0.078994	0.075526	False	0.091417
HAP1_chr16	HAP2_chr16	11,13,15,17,19,23	23	27011355	26246790	23046207	30211938	0.762818	0.878058	0.006283	0.005638	False	0.007251
HAP1_chr16	HAP2_chr17	11,13,15,17,19,23	23	27011355	26521176	4376535	49155996	0.089034	0.165020	0.078734	0.075345	False	0.090963
HAP1_chr16	HAP2_chr18	11,13,15,17,19,23	23	27011355	24381093	4078528	47313920	0.086201	0.167282	0.080026	0.074797	False	0.092844
HAP1_chr16	HAP2_chr19	11,13,15,17,19,23	23	27011355	25768877	1629511	51150721	0.031857	0.063236	0.121074	0.113114	False	0.129912
HAP1_chr16	HAP2_chr20	11,13,15,17,19,23	23	27011355	20063909	1620514	45454750	0.035651	0.080768	0.116342	0.103627	False	0.123923
HAP1_chr16	HAP2_chr21	11,13,15,17,19,23	23	27011355	22803913	1616387	48198881	0.033536	0.070882	0.118912	0.108701	False	0.127150
HAP1_chr16	HAP2_chr22	11,13,15,17,19,23	23	27011355	21922403	1589747	47344011	0.033579	0.072517	0.118858	0.107817	False	0.126962
HAP1_chr16	HAP2_chr23	11,13,15,17,19,23	23	27011355	21196957	1721384	46486928	0.037029	0.081209	0.114750	0.103415	False	0.122358
HAP1_chr16	HAP2_chr24	11,13,15,17,19,23	23	27011355	20102868	1604293	45509930	0.035251	0.079804	0.116815	0.104095	False	0.124350
HAP1_chr16	HAP2_chr25	11,13,15,17,19,23	23	27011355	20239507	1490630	45760232	0.032575	0.073650	0.120136	0.107216	False	0.127981
HAP1_chr16	HAP2_chr26	11,13,15,17,19,23	23	27011355	19903419	1557947	45356827	0.034349	0.078275	0.117905	0.104848	False	0.125670
HAP1_chr16	HAP2_chr27	11,13,15,17,19,23	23	27011355	17870121	1447360	43434116	0.033323	0.080993	0.119180	0.103519	False	0.127424
HAP1_chr16	HAP2_chr28	11,13,15,17,19,23	23	27011355	17426831	1445415	42992771	0.033620	0.082942	0.118807	0.102591	False	0.126256
HAP1_chr16	HAP2_chr29	11,13,15,17,19,23	23	27011355	19028380	1522209	44517526	0.034193	0.079997	0.118095	0.104001	False	0.126150
HAP1_chr16	HAP2_chr30	11,13,15,17,19,23	23	27011355	19686693	1574414	45123634	0.034891	0.079974	0.117247	0.104012	False	0.124624
HAP1_chr16	HAP2_chr31	11,13,15,17,19,23	23	27011355	17171636	1429917	42753074	0.033446	0.083272	0.119025	0.102437	False	0.126492
HAP1_chr16	HAP2_chr32	11,13,15,17,19,23	23	27011355	19285510	1484917	44811948	0.033137	0.076997	0.119416	0.105489	False	0.127344
HAP1_chr16	HAP2_chr33	11,13,15,17,19,23	23	27011355	19469942	1486961	44994336	0.033048	0.076372	0.119529	0.105806	False	0.127416
HAP1_chr16	HAP2_chr34	11,13,15,17,19,23	23	27011355	19829428	1569965	45270818	0.034679	0.079173	0.117502	0.104404	False	0.124791
HAP1_chr16	HAP2_chr35	11,13,15,17,19,23	23	27011355	17598234	3307918	41301671	0.080092	0.187969	0.082978	0.070095	False	0.084560
HAP1_chr16	HAP2_chr36	11,13,15,17,19,23	23	27011355	16850131	1357095	42504391	0.031928	0.080539	0.120980	0.103738	False	0.128254
HAP1_chr17	HAP1_chr18	11,13,15,17,19,23	23	27940339	26803682	4322882	50421139	0.085736	0.161279	0.080243	0.076266	False	0.092849
HAP1_chr17	HAP1_chr19	11,13,15,17,19,23	23	27940339	26589451	1941672	52588118	0.036922	0.073024	0.114872	0.107547	False	0.124291
HAP1_chr17	HAP1_chr20	11,13,15,17,19,23	23	27940339	21443029	2070321	47313047	0.043758	0.096550	0.107772	0.096644	False	0.116481
HAP1_chr17	HAP1_chr21	11,13,15,17,19,23	23	27940339	22165965	1769880	48336424	0.036616	0.079847	0.115221	0.104074	False	0.123732
HAP1_chr17	HAP1_chr22	11,13,15,17,19,23	23	27940339	22122737	1712521	48350555	0.035419	0.077410	0.116616	0.105281	False	0.124990
HAP1_chr17	HAP1_chr23	11,13,15,17,19,23	23	27940339	22072795	1882421	48130713	0.039111	0.085282	0.112460	0.101505	False	0.120585
HAP1_chr17	HAP1_chr24	11,13,15,17,19,23	23	27940339	21115586	1876381	47179544	0.039771	0.088862	0.111760	0.099897	False	0.120026
HAP1_chr17	HAP1_chr25	11,13,15,17,19,23	23	27940339	21212482	1885352	47267469	0.039887	0.088879	0.111638	0.099890	False	0.120421
HAP1_chr17	HAP1_chr26	11,13,15,17,19,23	23	27940339	21132037	1760316	47312060	0.037206	0.083301	0.114550	0.102423	False	0.123009
HAP1_chr17	HAP1_chr27	11,13,15,17,19,23	23	27940339	19486219	1729771	45696787	0.037853	0.088769	0.113828	0.099938	False	0.123062
HAP1_chr17	HAP1_chr28	11,13,15,17,19,23	23	27940339	21292029	1726401	47505967	0.036341	0.081082	0.115538	0.103476	False	0.124209
HAP1_chr17	HAP1_chr29	11,13,15,17,19,23	23	27940339	19895838	1753053	46083124	0.038041	0.088112	0.113621	0.100229	False	0.122542
HAP1_chr17	HAP1_chr30	11,13,15,17,19,23	23	27940339	20107834	1683403	46364770	0.036308	0.083719	0.115576	0.102228	False	0.123379
HAP1_chr17	HAP1_chr31	11,13,15,17,19,23	23	27940339	17964037	1614046	44290330	0.036442	0.089849	0.115420	0.099465	False	0.123492
HAP1_chr17	HAP1_chr32	11,13,15,17,19,23	23	27940339	19521485	3703721	43758103	0.084641	0.189725	0.080758	0.069719	False	0.082612
HAP1_chr17	HAP1_chr33	11,13,15,17,19,23	23	27940339	19539073	1622913	45856499	0.035391	0.083060	0.116649	0.102536	False	0.125147
HAP1_chr17	HAP1_chr34	11,13,15,17,19,23	23	27940339	19140608	1648832	45432115	0.036292	0.086143	0.115594	0.101113	False	0.123342
HAP1_chr17	HAP1_chr35	11,13,15,17,19,23	23	27940339	18698993	1560820	45078512	0.034624	0.083471	0.117569	0.102343	False	0.125828
HAP1_chr17	HAP1_chr36	11,13,15,17,19,23	23	27940339	17333529	1514830	43759038	0.034618	0.087393	0.117577	0.100550	False	0.125462
HAP1_chr17	HAP2_chr01	11,13,15,17,19,23	23	27940339	28826960	4690341	52076958	0.090066	0.167870	0.078274	0.074656	False	0.090239
HAP1_chr17	HAP2_chr02	11,13,15,17,19,23	23	27940339	32469880	4680294	55729925	0.083982	0.167510	0.081072	0.074742	False	0.093629
HAP1_chr17	HAP2_chr03	11,13,15,17,19,23	23	27940339	22336550	4189264	46087625	0.090898	0.187552	0.077908	0.070185	False	0.089696
HAP1_chr17	HAP2_chr04	11,13,15,17,19,23	23	27940339	24275153	4272012	47943480	0.089105	0.175983	0.078702	0.072755	False	0.090374
HAP1_chr17	HAP2_chr05	11,13,15,17,19,23	23	27940339	27694867	4782612	50852594	0.094049	0.172689	0.076551	0.073517	False	0.088414
HAP1_chr17	HAP2_chr06	11,13,15,17,19,23	23	27940339	25452098	4396154	48996283	0.089724	0.172723	0.078426	0.073509	False	0.090197
HAP1_chr17	HAP2_chr07	11,13,15,17,19,23	23	27940339	24690358	4434426	48196271	0.092008	0.179602	0.077424	0.071934	False	0.089301
HAP1_chr17	HAP2_chr08	11,13,15,17,19,23	23	27940339	23770547	4339666	47371220	0.091610	0.182565	0.077597	0.071274	False	0.089335
HAP1_chr17	HAP2_chr09	11,13,15,17,19,23	23	27940339	27088665	4492242	50536762	0.088891	0.165835	0.078798	0.075147	False	0.090949
HAP1_chr17	HAP2_chr10	11,13,15,17,19,23	23	27940339	27665485	4611240	50994584	0.090426	0.166678	0.078115	0.074943	False	0.090065
HAP1_chr17	HAP2_chr11	11,13,15,17,19,23	23	27940339	27186520	4484064	50642795	0.088543	0.164937	0.078955	0.075365	False	0.090938
HAP1_chr17	HAP2_chr12	11,13,15,17,19,23	23	27940339	26259349	4338900	49860788	0.087020	0.165233	0.079648	0.075293	False	0.091673
HAP1_chr17	HAP2_chr13	11,13,15,17,19,23	23	27940339	23327952	4038893	47229398	0.085517	0.173135	0.080346	0.073413	False	0.092529
HAP1_chr17	HAP2_chr14	11,13,15,17,19,23	23	27940339	24080067	4065987	47954419	0.084789	0.168853	0.080688	0.074421	False	0.092891
HAP1_chr17	HAP2_chr15	11,13,15,17,19,23	23	27940339	27590322	4463337	51067324	0.087401	0.161772	0.079474	0.076144	False	0.091667
HAP1_chr17	HAP2_chr16	11,13,15,17,19,23	23	27940339	26246790	4461892	49725237	0.089731	0.169998	0.078423	0.074149	False	0.090520
HAP1_chr17	HAP2_chr17	11,13,15,17,19,23	23	27940339	26521176	22346648	32114867	0.695835	0.842596	0.008594	0.007419	False	0.009787
HAP1_chr17	HAP2_chr18	11,13,15,17,19,23	23	27940339	24381093	4143830	48177602	0.086012	0.169961	0.080115	0.074158	False	0.092698
HAP1_chr17	HAP2_chr19	11,13,15,17,19,23	23	27940339	25768877	1820210	51889006	0.035079	0.070636	0.117021	0.108836	False	0.126292
HAP1_chr17	HAP2_chr20	11,13,15,17,19,23	23	27940339	20063909	1774002	46230246	0.038373	0.088418	0.113257	0.100094	False	0.121518
HAP1_chr17	HAP2_chr21	11,13,15,17,19,23	23	27940339	22803913	1808282	48935970	0.036952	0.079297	0.114838	0.104343	False	0.123367
HAP1_chr17	HAP2_chr22	11,13,15,17,19,23	23	27940339	21922403	1703387	48159355	0.035370	0.077701	0.116674	0.105135	False	0.125086
HAP1_chr17	HAP2_chr23	11,13,15,17,19,23	23	27940339	21196957	1882715	47254581	0.039842	0.088820	0.111685	0.099916	False	0.119755
HAP1_chr17	HAP2_chr24	11,13,15,17,19,23	23	27940339	20102868	1768262	46274945	0.038212	0.087961	0.113433	0.100296	False	0.121450
HAP1_chr17	HAP2_chr25	11,13,15,17,19,23	23	27940339	20239507	1637743	46542103	0.035188	0.080918	0.116890	0.103555	False	0.125143
HAP1_chr17	HAP2_chr26	11,13,15,17,19,23	23	27940339	19903419	1700867	46142891	0.036861	0.085456	0.114942	0.101426	False	0.123360
HAP1_chr17	HAP2_chr27	11,13,15,17,19,23	23	27940339	17870121	1628192	44182268	0.036852	0.091113	0.114952	0.098918	False	0.124205
HAP1_chr17	HAP2_chr28	11,13,15,17,19,23	23	27940339	17426831	1591213	43775957	0.036349	0.091308	0.115528	0.098834	False	0.123589
HAP1_chr17	HAP2_chr29	11,13,15,17,19,23	23	27940339	19028380	1677848	45290871	0.037046	0.088176	0.114731	0.100201	False	0.123507
HAP1_chr17	HAP2_chr30	11,13,15,17,19,23	23	27940339	19686693	1683574	45943458	0.036644	0.085518	0.115188	0.101397	False	0.122865
HAP1_chr17	HAP2_chr31	11,13,15,17,19,23	23	27940339	17171636	1566333	43545642	0.035970	0.091216	0.115968	0.098874	False	0.124146
HAP1_chr17	HAP2_chr32	11,13,15,17,19,23	23	27940339	19285510	3649163	43576686	0.083741	0.189218	0.081187	0.069827	False	0.082889
HAP1_chr17	HAP2_chr33	11,13,15,17,19,23	23	27940339	19469942	1637108	45773173	0.035766	0.084084	0.116207	0.102058	False	0.124512
HAP1_chr17	HAP2_chr34	11,13,15,17,19,23	23	27940339	19829428	1721889	46047878	0.037393	0.086835	0.114340	0.100800	False	0.122014
HAP1_chr17	HAP2_chr35	11,13,15,17,19,23	23	27940339	17598234	1469693	44068880	0.033350	0.083514	0.119146	0.102323	False	0.127403
HAP1_chr17	HAP2_chr36	11,13,15,17,19,23	23	27940339	16850131	1506693	43283777	0.034810	0.089417	0.117345	0.099654	False	0.125531
HAP1_chr18	HAP1_chr19	11,13,15,17,19,23	23	26803682	26589451	1891135	51501998	0.036720	0.071124	0.115103	0.108569	False	0.124728
HAP1_chr18	HAP1_chr20	11,13,15,17,19,23	23	26803682	21443029	1973594	46273117	0.042651	0.092039	0.108840	0.098522	False	0.118135
HAP1_chr18	HAP1_chr21	11,13,15,17,19,23	23	26803682	22165965	1755487	47214160	0.037181	0.079197	0.114579	0.104392	False	0.123589
HAP1_chr18	HAP1_chr22	11,13,15,17,19,23	23	26803682	22122737	1682996	47243423	0.035624	0.076075	0.116374	0.105957	False	0.125045
HAP1_chr18	HAP1_chr23	11,13,15,17,19,23	23	26803682	22072795	1851643	47024834	0.039376	0.083888	0.112177	0.102149	False	0.120948
HAP1_chr18	HAP1_chr24	11,13,15,17,19,23	23	26803682	21115586	1849059	46070209	0.040136	0.087568	0.111378	0.100471	False	0.120107
HAP1_chr18	HAP1_chr25	11,13,15,17,19,23	23	26803682	21212482	1797249	46218915	0.038886	0.084726	0.112701	0.101761	False	0.122010
HAP1_chr18	HAP1_chr26	11,13,15,17,19,23	23	26803682	21132037	1745681	46190038	0.037793	0.082608	0.113894	0.102749	False	0.122976
HAP1_chr18	HAP1_chr27	11,13,15,17,19,23	23	26803682	19486219	3877638	42412263	0.091427	0.198994	0.077676	0.067788	False	0.079686
HAP1_chr18	HAP1_chr28	11,13,15,17,19,23	23	26803682	21292029	1662300	46433411	0.035800	0.078071	0.116167	0.104950	False	0.125454
HAP1_chr18	HAP1_chr29	11,13,15,17,19,23	23	26803682	19895838	1678910	45020610	0.037292	0.084385	0.114454	0.101918	False	0.123805
HAP1_chr18	HAP1_chr30	11,13,15,17,19,23	23	26803682	20107834	1632806	45278710	0.036061	0.081202	0.115862	0.103418	False	0.124232
HAP1_chr18	HAP1_chr31	11,13,15,17,19,23	23	26803682	17964037	1565479	43202240	0.036236	0.087145	0.115659	0.100661	False	0.124675
HAP1_chr18	HAP1_chr32	11,13,15,17,19,23	23	26803682	19521485	1627072	44698095	0.036401	0.083348	0.115468	0.102401	False	0.124505
HAP1_chr18	HAP1_chr33	11,13,15,17,19,23	23	26803682	19539073	1605060	44737695	0.035877	0.082146	0.116076	0.102968	False	0.125223
HAP1_chr18	HAP1_chr34	11,13,15,17,19,23	23	26803682	19140608	1609022	44335268	0.036292	0.084063	0.115594	0.102067	False	0.124039
HAP1_chr18	HAP1_chr35	11,13,15,17,19,23	23	26803682	18698993	1520985	43981690	0.034582	0.081340	0.117620	0.103352	False	0.126515
HAP1_chr18	HAP1_chr36	11,13,15,17,19,23	23	26803682	17333529	1463902	42673309	0.034305	0.084455	0.117959	0.101886	False	0.126486
HAP1_chr18	HAP2_chr01	11,13,15,17,19,23	23	26803682	28826960	4523266	51107376	0.088505	0.168755	0.078972	0.074444	False	0.091477
HAP1_chr18	HAP2_chr02	11,13,15,17,19,23	23	26803682	32469880	4524963	54748599	0.082650	0.168819	0.081713	0.074429	False	0.094715
HAP1_chr18	HAP2_chr03	11,13,15,17,19,23	23	26803682	22336550	3950535	45189697	0.087421	0.176864	0.079464	0.072554	False	0.092015
HAP1_chr18	HAP2_chr04	11,13,15,17,19,23	23	26803682	24275153	4133975	46944860	0.088060	0.170297	0.079173	0.074079	False	0.091315
HAP1_chr18	HAP2_chr05	11,13,15,17,19,23	23	26803682	27694867	4493306	50005243	0.089857	0.167638	0.078367	0.074712	False	0.090981
HAP1_chr18	HAP2_chr06	11,13,15,17,19,23	23	26803682	25452098	4154852	48100928	0.086378	0.163242	0.079945	0.075780	False	0.092214
HAP1_chr18	HAP2_chr07	11,13,15,17,19,23	23	26803682	24690358	4224385	47269655	0.089368	0.171095	0.078585	0.073890	False	0.091254
HAP1_chr18	HAP2_chr08	11,13,15,17,19,23	23	26803682	23770547	4123042	46451187	0.088761	0.173452	0.078857	0.073339	False	0.091171
HAP1_chr18	HAP2_chr09	11,13,15,17,19,23	23	26803682	27088665	4293859	49598488	0.086572	0.160197	0.079855	0.076537	False	0.092480
HAP1_chr18	HAP2_chr10	11,13,15,17,19,23	23	26803682	27665485	4350829	50118338	0.086811	0.162322	0.079744	0.076007	False	0.092273
HAP1_chr18	HAP2_chr11	11,13,15,17,19,23	23	26803682	27186520	4172072	49818130	0.083746	0.155653	0.081184	0.077691	False	0.093763
HAP1_chr18	HAP2_chr12	11,13,15,17,19,23	23	26803682	26259349	4157009	48906022	0.085000	0.158306	0.080589	0.077013	False	0.093061
HAP1_chr18	HAP2_chr13	11,13,15,17,19,23	23	26803682	23327952	3944778	46186856	0.085409	0.169101	0.080396	0.074362	False	0.093012
HAP1_chr18	HAP2_chr14	11,13,15,17,19,23	23	26803682	24080067	3843205	47040544	0.081700	0.159601	0.082178	0.076686	False	0.094856
HAP1_chr18	HAP2_chr15	11,13,15,17,19,23	23	26803682	27590322	4236710	50157294	0.084468	0.158064	0.080840	0.077074	False	0.093495
HAP1_chr18	HAP2_chr16	11,13,15,17,19,23	23	26803682	26246790	4239641	48810831	0.086859	0.161530	0.079723	0.076204	False	0.092430
HAP1_chr18	HAP2_chr17	11,13,15,17,19,23	23	26803682	26521176	4219242	49105616	0.085922	0.159090	0.080157	0.076815	False	0.092775
HAP1_chr18	HAP2_chr18	11,13,15,17,19,23	23	26803682	24381093	21715829	29468946	0.736906	0.890683	0.007141	0.005021	False	0.008144
HAP1_chr18	HAP2_chr19	11,13,15,17,19,23	23	26803682	25768877	1755427	50817132	0.034544	0.068122	0.117667	0.110239	False	0.127068
HAP1_chr18	HAP2_chr20	11,13,15,17,19,23	23	26803682	20063909	1723932	45143659	0.038188	0.085922	0.113460	0.101213	False	0.122358
HAP1_chr18	HAP2_chr21	11,13,15,17,19,23	23	26803682	22803913	1775833	47831762	0.037127	0.077874	0.114640	0.105048	False	0.123586
HAP1_chr18	HAP2_chr22	11,13,15,17,19,23	23	26803682	21922403	1680393	47045692	0.035718	0.076652	0.116263	0.105663	False	0.125055
HAP1_chr18	HAP2_chr23	11,13,15,17,19,23	23	26803682	21196957	1815611	46185028	0.039312	0.085654	0.112245	0.101335	False	0.120907
HAP1_chr18	HAP2_chr24	11,13,15,17,19,23	23	26803682	20102868	1739281	45167269	0.038508	0.086519	0.113110	0.100943	False	0.121639
HAP1_chr18	HAP2_chr25	11,13,15,17,19,23	23	26803682	20239507	1594663	45448526	0.035087	0.078790	0.117011	0.104593	False	0.125870
HAP1_chr18	HAP2_chr26	11,13,15,17,19,23	23	26803682	19903419	1686569	45020532	0.037462	0.084738	0.114263	0.101755	False	0.123332
HAP1_chr18	HAP2_chr27	11,13,15,17,19,23	23	26803682	17870121	3624599	41049204	0.088299	0.202830	0.079065	0.067014	False	0.081463
HAP1_chr18	HAP2_chr28	11,13,15,17,19,23	23	26803682	17426831	1556125	42674388	0.036465	0.089295	0.115394	0.099707	False	0.124211
HAP1_chr18	HAP2_chr29	11,13,15,17,19,23	23	26803682	19028380	1678551	44153511	0.038016	0.088213	0.113648	0.100184	False	0.122943
HAP1_chr18	HAP2_chr30	11,13,15,17,19,23	23	26803682	19686693	1610498	44879877	0.035885	0.081806	0.116068	0.103129	False	0.124384
HAP1_chr18	HAP2_chr31	11,13,15,17,19,23	23	26803682	17171636	1532263	42443055	0.036102	0.089232	0.115815	0.099735	False	0.124932
HAP1_chr18	HAP2_chr32	11,13,15,17,19,23	23	26803682	19285510	1564728	44524464	0.035143	0.081135	0.116944	0.103451	False	0.125882
HAP1_chr18	HAP2_chr33	11,13,15,17,19,23	23	26803682	19469942	1614788	44658836	0.036158	0.082937	0.115749	0.102594	False	0.124634
HAP1_chr18	HAP2_chr34	11,13,15,17,19,23	23	26803682	19829428	1664125	44968985	0.037006	0.083922	0.114777	0.102133	False	0.123016
HAP1_chr18	HAP2_chr35	11,13,15,17,19,23	23	26803682	17598234	1432604	42969312	0.033340	0.081406	0.119158	0.103320	False	0.128062
HAP1_chr18	HAP2_chr36	11,13,15,17,19,23	23	26803682	16850131	1436416	42217397	0.034024	0.085247	0.118304	0.101521	False	0.126970
HAP1_chr19	HAP1_chr20	11,13,15,17,19,23	23	26589451	21443029	2718941	45313539	0.060003	0.126798	0.094717	0.085876	False	0.107478
HAP1_chr19	HAP1_chr21	11,13,15,17,19,23	23	26589451	22165965	2558525	46196891	0.055383	0.115426	0.098010	0.089604	False	0.110624
HAP1_chr19	HAP1_chr22	11,13,15,17,19,23	23	26589451	22122737	2565265	46146923	0.055589	0.115956	0.097857	0.089422	False	0.110508
HAP1_chr19	HAP1_chr23	11,13,15,17,19,23	23	26589451	22072795	2576906	46085340	0.055916	0.116746	0.097616	0.089153	False	0.109731
HAP1_chr19	HAP1_chr24	11,13,15,17,19,23	23	26589451	21115586	2653109	45051928	0.058890	0.125647	0.095485	0.086239	False	0.107901
HAP1_chr19	HAP1_chr25	11,13,15,17,19,23	23	26589451	21212482	2415958	45385975	0.053231	0.113893	0.099644	0.090132	False	0.111963
HAP1_chr19	HAP1_chr26	11,13,15,17,19,23	23	26589451	21132037	2545582	45175906	0.056348	0.120461	0.097299	0.087912	False	0.110078
HAP1_chr19	HAP1_chr27	11,13,15,17,19,23	23	26589451	19486219	2403155	43672515	0.055027	0.123326	0.098276	0.086979	False	0.111389
HAP1_chr19	HAP1_chr28	11,13,15,17,19,23	23	26589451	21292029	2496051	45385429	0.054997	0.117229	0.098299	0.088990	False	0.111129
HAP1_chr19	HAP1_chr29	11,13,15,17,19,23	23	26589451	19895838	2468040	44017249	0.056070	0.124048	0.097503	0.086748	False	0.110219
HAP1_chr19	HAP1_chr30	11,13,15,17,19,23	23	26589451	20107834	2508478	44188807	0.056767	0.124751	0.096994	0.086523	False	0.109369
HAP1_chr19	HAP1_chr31	11,13,15,17,19,23	23	26589451	17964037	2485964	42067524	0.059095	0.138386	0.095343	0.082394	False	0.108122
HAP1_chr19	HAP1_chr32	11,13,15,17,19,23	23	26589451	19521485	2470777	43640159	0.056617	0.126567	0.097103	0.085949	False	0.109822
HAP1_chr19	HAP1_chr33	11,13,15,17,19,23	23	26589451	19539073	2418935	43709589	0.055341	0.123800	0.098042	0.086827	False	0.111005
HAP1_chr19	HAP1_chr34	11,13,15,17,19,23	23	26589451	19140608	2374495	43355564	0.054768	0.124055	0.098471	0.086745	False	0.110780
HAP1_chr19	HAP1_chr35	11,13,15,17,19,23	23	26589451	18698993	2389174	42899270	0.055693	0.127770	0.097781	0.085573	False	0.110538
HAP1_chr19	HAP1_chr36	11,13,15,17,19,23	23	26589451	17333529	2254737	41668243	0.054112	0.130080	0.098968	0.084860	False	0.111378
HAP1_chr19	HAP2_chr01	11,13,15,17,19,23	23	26589451	28826960	1816069	53600342	0.033882	0.068300	0.118481	0.110138	False	0.127596
HAP1_chr19	HAP2_chr02	11,13,15,17,19,23	23	26589451	32469880	5063834	53995497	0.093783	0.190445	0.076664	0.069566	False	0.079367
HAP1_chr19	HAP2_chr03	11,13,15,17,19,23	23	26589451	22336550	1566919	47359082	0.033086	0.070150	0.119480	0.109103	False	0.128284
HAP1_chr19	HAP2_chr04	11,13,15,17,19,23	23	26589451	24275153	1821736	49042868	0.037146	0.075045	0.114619	0.106487	False	0.123609
HAP1_chr19	HAP2_chr05	11,13,15,17,19,23	23	26589451	27694867	1842915	52441403	0.035142	0.069310	0.116945	0.109570	False	0.126191
HAP1_chr19	HAP2_chr06	11,13,15,17,19,23	23	26589451	25452098	1954660	50086889	0.039025	0.076798	0.112551	0.105590	False	0.122016
HAP1_chr19	HAP2_chr07	11,13,15,17,19,23	23	26589451	24690358	1806064	49473745	0.036506	0.073149	0.115348	0.107481	False	0.124437
HAP1_chr19	HAP2_chr08	11,13,15,17,19,23	23	26589451	23770547	1698206	48661792	0.034898	0.071442	0.117238	0.108396	False	0.126071
HAP1_chr19	HAP2_chr09	11,13,15,17,19,23	23	26589451	27088665	1819021	51859095	0.035076	0.068411	0.117024	0.110075	False	0.126393
HAP1_chr19	HAP2_chr10	11,13,15,17,19,23	23	26589451	27665485	1832195	52422741	0.034950	0.068907	0.117175	0.109796	False	0.126459
HAP1_chr19	HAP2_chr11	11,13,15,17,19,23	23	26589451	27186520	1822242	51953729	0.035074	0.068533	0.117027	0.110007	False	0.126393
HAP1_chr19	HAP2_chr12	11,13,15,17,19,23	23	26589451	26259349	1805031	51043769	0.035362	0.068739	0.116683	0.109890	False	0.125967
HAP1_chr19	HAP2_chr13	11,13,15,17,19,23	23	26589451	23327952	1624194	48293209	0.033632	0.069624	0.118792	0.109395	False	0.127879
HAP1_chr19	HAP2_chr14	11,13,15,17,19,23	23	26589451	24080067	1719251	48950267	0.035122	0.071397	0.116969	0.108421	False	0.126273
HAP1_chr19	HAP2_chr15	11,13,15,17,19,23	23	26589451	27590322	1802511	52377262	0.034414	0.067790	0.117825	0.110428	False	0.127296
HAP1_chr19	HAP2_chr16	11,13,15,17,19,23	23	26589451	26246790	1745367	51090874	0.034162	0.066498	0.118134	0.111172	False	0.127146
HAP1_chr19	HAP2_chr17	11,13,15,17,19,23	23	26589451	26521176	1846134	51264493	0.036012	0.069610	0.115919	0.109403	False	0.125177
HAP1_chr19	HAP2_chr18	11,13,15,17,19,23	23	26589451	24381093	1749295	49221249	0.035539	0.071748	0.116473	0.108231	False	0.125968
HAP1_chr19	HAP2_chr19	11,13,15,17,19,23	23	26589451	25768877	21687343	30670985	0.707096	0.841610	0.008184	0.007469	False	0.009080
HAP1_chr19	HAP2_chr20	11,13,15,17,19,23	23	26589451	20063909	2594663	44058697	0.058891	0.129320	0.095484	0.085093	False	0.108311
HAP1_chr19	HAP2_chr21	11,13,15,17,19,23	23	26589451	22803913	2583595	46809769	0.055194	0.113296	0.098152	0.090340	False	0.110707
HAP1_chr19	HAP2_chr22	11,13,15,17,19,23	23	26589451	21922403	2565110	45946744	0.055828	0.117009	0.097681	0.089064	False	0.110380
HAP1_chr19	HAP2_chr23	11,13,15,17,19,23	23	26589451	21196957	2626179	45160229	0.058152	0.123894	0.096003	0.086797	False	0.108091
HAP1_chr19	HAP2_chr24	11,13,15,17,19,23	23	26589451	20102868	2501485	44190834	0.056606	0.124434	0.097111	0.086624	False	0.109445
HAP1_chr19	HAP2_chr25	11,13,15,17,19,23	23	26589451	20239507	2400372	44428586	0.054028	0.118598	0.099032	0.088530	False	0.111715
HAP1_chr19	HAP2_chr26	11,13,15,17,19,23	23	26589451	19903419	2444630	44048240	0.055499	0.122825	0.097924	0.087141	False	0.110580
HAP1_chr19	HAP2_chr27	11,13,15,17,19,23	23	26589451	17870121	2236356	42223216	0.052965	0.125145	0.099852	0.086398	False	0.113003
HAP1_chr19	HAP2_chr28	11,13,15,17,19,23	23	26589451	17426831	2321462	41694820	0.055677	0.133212	0.097792	0.083913	False	0.110227
HAP1_chr19	HAP2_chr29	11,13,15,17,19,23	23	26589451	19028380	2373181	43244650	0.054878	0.124718	0.098388	0.086534	False	0.111227
HAP1_chr19	HAP2_chr30	11,13,15,17,19,23	23	26589451	19686693	2475903	43800241	0.056527	0.125765	0.097168	0.086201	False	0.109456
HAP1_chr19	HAP2_chr31	11,13,15,17,19,23	23	26589451	17171636	2419434	41341653	0.058523	0.140897	0.095742	0.081676	False	0.108481
HAP1_chr19	HAP2_chr32	11,13,15,17,19,23	23	26589451	19285510	2349335	43525626	0.053976	0.121819	0.099071	0.087467	False	0.111601
HAP1_chr19	HAP2_chr33	11,13,15,17,19,23	23	26589451	19469942	2437889	43621504	0.055887	0.125213	0.097637	0.086376	False	0.110375
HAP1_chr19	HAP2_chr34	11,13,15,17,19,23	23	26589451	19829428	2455309	43963570	0.055849	0.123821	0.097665	0.086820	False	0.109838
HAP1_chr19	HAP2_chr35	11,13,15,17,19,23	23	26589451	17598234	2233937	41953748	0.053248	0.126941	0.099632	0.085832	False	0.112277
HAP1_chr19	HAP2_chr36	11,13,15,17,19,23	23	26589451	16850131	2188532	41251050	0.053054	0.129882	0.099782	0.084921	False	0.112215
HAP1_chr20	HAP1_chr21	11,13,15,17,19,23	23	21443029	22165965	2586847	41022147	0.063060	0.120638	0.092682	0.087854	False	0.104776
HAP1_chr20	HAP1_chr22	11,13,15,17,19,23	23	21443029	22122737	2603541	40962225	0.063560	0.121417	0.092359	0.087598	False	0.104170
HAP1_chr20	HAP1_chr23	11,13,15,17,19,23	23	21443029	22072795	2682571	40833253	0.065696	0.125102	0.091009	0.086411	False	0.102547
HAP1_chr20	HAP1_chr24	11,13,15,17,19,23	23	21443029	21115586	2698349	39860266	0.067695	0.127789	0.089787	0.085567	False	0.101335
HAP1_chr20	HAP1_chr25	11,13,15,17,19,23	23	21443029	21212482	2458578	40196933	0.061163	0.115902	0.093932	0.089440	False	0.105561
HAP1_chr20	HAP1_chr26	11,13,15,17,19,23	23	21443029	21132037	2599064	39976002	0.065016	0.122992	0.091433	0.087087	False	0.103367
HAP1_chr20	HAP1_chr27	11,13,15,17,19,23	23	21443029	19486219	2461184	38468064	0.063980	0.126304	0.092089	0.086032	False	0.104231
HAP1_chr20	HAP1_chr28	11,13,15,17,19,23	23	21443029	21292029	2466285	40268773	0.061246	0.115831	0.093876	0.089465	False	0.106300
HAP1_chr20	HAP1_chr29	11,13,15,17,19,23	23	21443029	19895838	2494580	38844287	0.064220	0.125382	0.091936	0.086323	False	0.103872
HAP1_chr20	HAP1_chr30	11,13,15,17,19,23	23	21443029	20107834	2555308	38995555	0.065528	0.127080	0.091113	0.085788	False	0.102714
HAP1_chr20	HAP1_chr31	11,13,15,17,19,23	23	21443029	17964037	2505153	36901913	0.067887	0.139454	0.089672	0.082087	False	0.101098
HAP1_chr20	HAP1_chr32	11,13,15,17,19,23	23	21443029	19521485	2484346	38480168	0.064562	0.127262	0.091720	0.085731	False	0.103618
HAP1_chr20	HAP1_chr33	11,13,15,17,19,23	23	21443029	19539073	2419845	38562257	0.062752	0.123846	0.092882	0.086812	False	0.105127
HAP1_chr20	HAP1_chr34	11,13,15,17,19,23	23	21443029	19140608	2430374	38153263	0.063700	0.126975	0.092268	0.085821	False	0.103617
HAP1_chr20	HAP1_chr35	11,13,15,17,19,23	23	21443029	18698993	2443478	37698544	0.064816	0.130674	0.091559	0.084679	False	0.103442
HAP1_chr20	HAP1_chr36	11,13,15,17,19,23	23	21443029	17333529	2215191	36561367	0.060588	0.127798	0.094319	0.085564	False	0.105826
HAP1_chr20	HAP2_chr01	11,13,15,17,19,23	23	21443029	28826960	2003301	48266688	0.041505	0.093424	0.109977	0.097936	False	0.118016
HAP1_chr20	HAP2_chr02	11,13,15,17,19,23	23	21443029	32469880	2020897	51892012	0.038944	0.094245	0.112638	0.097593	False	0.121222
HAP1_chr20	HAP2_chr03	11,13,15,17,19,23	23	21443029	22336550	1690605	42088974	0.040167	0.078842	0.111345	0.104567	False	0.119318
HAP1_chr20	HAP2_chr04	11,13,15,17,19,23	23	21443029	24275153	1902822	43815360	0.043428	0.088738	0.108087	0.099952	False	0.116245
HAP1_chr20	HAP2_chr05	11,13,15,17,19,23	23	21443029	27694867	1968072	47169824	0.041723	0.091781	0.109758	0.098631	False	0.117946
HAP1_chr20	HAP2_chr06	11,13,15,17,19,23	23	21443029	25452098	2103977	44791150	0.046973	0.098119	0.104823	0.096011	False	0.113738
HAP1_chr20	HAP2_chr07	11,13,15,17,19,23	23	21443029	24690358	3460308	42673079	0.081089	0.161372	0.082480	0.076243	False	0.085040
HAP1_chr20	HAP2_chr08	11,13,15,17,19,23	23	21443029	23770547	1852670	43360906	0.042727	0.086400	0.108766	0.100996	False	0.116851
HAP1_chr20	HAP2_chr09	11,13,15,17,19,23	23	21443029	27088665	1912105	46619589	0.041015	0.089171	0.110472	0.099761	False	0.118877
HAP1_chr20	HAP2_chr10	11,13,15,17,19,23	23	21443029	27665485	1985165	47123349	0.042127	0.092579	0.109356	0.098293	False	0.117844
HAP1_chr20	HAP2_chr11	11,13,15,17,19,23	23	21443029	27186520	1953900	46675649	0.041861	0.091121	0.109620	0.098915	False	0.118159
HAP1_chr20	HAP2_chr12	11,13,15,17,19,23	23	21443029	26259349	1856161	45846217	0.040487	0.086562	0.111014	0.100923	False	0.119418
HAP1_chr20	HAP2_chr13	11,13,15,17,19,23	23	21443029	23327952	1716288	43054693	0.039863	0.080039	0.111663	0.103980	False	0.119874
HAP1_chr20	HAP2_chr14	11,13,15,17,19,23	23	21443029	24080067	1748178	43774918	0.039936	0.081527	0.111587	0.103263	False	0.120241
HAP1_chr20	HAP2_chr15	11,13,15,17,19,23	23	21443029	27590322	1928535	47104816	0.040941	0.089938	0.110548	0.099426	False	0.119051
HAP1_chr20	HAP2_chr16	11,13,15,17,19,23	23	21443029	26246790	1872638	45817181	0.040872	0.087331	0.110618	0.100577	False	0.118791
HAP1_chr20	HAP2_chr17	11,13,15,17,19,23	23	21443029	26521176	1956337	46007868	0.042522	0.091234	0.108967	0.098866	False	0.117502
HAP1_chr20	HAP2_chr18	11,13,15,17,19,23	23	21443029	24381093	1865392	43958730	0.042435	0.086993	0.109052	0.100729	False	0.118408
HAP1_chr20	HAP2_chr19	11,13,15,17,19,23	23	21443029	25768877	2580593	44631313	0.057820	0.120346	0.096238	0.087950	False	0.108830
HAP1_chr20	HAP2_chr20	11,13,15,17,19,23	23	21443029	20063909	14219116	27287822	0.521079	0.708691	0.016440	0.014860	False	0.017153
HAP1_chr20	HAP2_chr21	11,13,15,17,19,23	23	21443029	22803913	2625825	41621117	0.063089	0.122456	0.092663	0.087260	False	0.104665
HAP1_chr20	HAP2_chr22	11,13,15,17,19,23	23	21443029	21922403	2557095	40808337	0.062661	0.119251	0.092941	0.088312	False	0.104870
HAP1_chr20	HAP2_chr23	11,13,15,17,19,23	23	21443029	21196957	2667107	39972879	0.066723	0.125825	0.090376	0.086183	False	0.101842
HAP1_chr20	HAP2_chr24	11,13,15,17,19,23	23	21443029	20102868	2532498	39013399	0.064914	0.125977	0.091498	0.086135	False	0.103007
HAP1_chr20	HAP2_chr25	11,13,15,17,19,23	23	21443029	20239507	2422231	39260305	0.061697	0.119678	0.093576	0.088170	False	0.105402
HAP1_chr20	HAP2_chr26	11,13,15,17,19,23	23	21443029	19903419	2520020	38826428	0.064905	0.126612	0.091503	0.085935	False	0.103298
HAP1_chr20	HAP2_chr27	11,13,15,17,19,23	23	21443029	17870121	2321621	36991529	0.062761	0.129916	0.092876	0.084910	False	0.105055
HAP1_chr20	HAP2_chr28	11,13,15,17,19,23	23	21443029	17426831	2346705	36523155	0.064253	0.134660	0.091916	0.083482	False	0.103317
HAP1_chr20	HAP2_chr29	11,13,15,17,19,23	23	21443029	19028380	2410640	38060769	0.063337	0.126687	0.092502	0.085911	False	0.104425
HAP1_chr20	HAP2_chr30	11,13,15,17,19,23	23	21443029	19686693	2559042	38570680	0.066347	0.129988	0.090607	0.084888	False	0.102098
HAP1_chr20	HAP2_chr31	11,13,15,17,19,23	23	21443029	17171636	2406075	36208590	0.066450	0.140119	0.090543	0.081897	False	0.102011
HAP1_chr20	HAP2_chr32	11,13,15,17,19,23	23	21443029	19285510	2356043	38372496	0.061399	0.122166	0.093774	0.087354	False	0.105642
HAP1_chr20	HAP2_chr33	11,13,15,17,19,23	23	21443029	19469942	2396602	38516369	0.062223	0.123092	0.093228	0.087055	False	0.105212
HAP1_chr20	HAP2_chr34	11,13,15,17,19,23	23	21443029	19829428	2494814	38777643	0.064336	0.125814	0.091862	0.086186	False	0.103069
HAP1_chr20	HAP2_chr35	11,13,15,17,19,23	23	21443029	17598234	2245282	36795981	0.061020	0.127586	0.094028	0.085630	False	0.105908
HAP1_chr20	HAP2_chr36	11,13,15,17,19,23	23	21443029	16850131	2209446	36083714	0.061231	0.131123	0.093886	0.084542	False	0.105462
HAP1_chr21	HAP1_chr22	11,13,15,17,19,23	23	22165965	22122737	2438318	41850384	0.058263	0.110218	0.095925	0.091429	False	0.108035
HAP1_chr21	HAP1_chr23	11,13,15,17,19,23	23	22165965	22072795	2482359	41756401	0.059449	0.112462	0.095098	0.090632	False	0.106933
HAP1_chr21	HAP1_chr24	11,13,15,17,19,23	23	22165965	21115586	2483632	40797919	0.060876	0.117621	0.094124	0.088858	False	0.106039
HAP1_chr21	HAP1_chr25	11,13,15,17,19,23	23	22165965	21212482	2299739	41078708	0.055984	0.108414	0.097566	0.092081	False	0.109464
HAP1_chr21	HAP1_chr26	11,13,15,17,19,23	23	22165965	21132037	2401990	40896012	0.058734	0.113666	0.095594	0.090212	False	0.107897
HAP1_chr21	HAP1_chr27	11,13,15,17,19,23	23	22165965	19486219	2287589	39364595	0.058113	0.117395	0.096031	0.088934	False	0.108606
HAP1_chr21	HAP1_chr28	11,13,15,17,19,23	23	22165965	21292029	2380422	41077572	0.057949	0.111799	0.096147	0.090866	False	0.108533
HAP1_chr21	HAP1_chr29	11,13,15,17,19,23	23	22165965	19895838	2327040	39734763	0.058564	0.116961	0.095713	0.089080	False	0.108157
HAP1_chr21	HAP1_chr30	11,13,15,17,19,23	23	22165965	20107834	2358753	39915046	0.059094	0.117305	0.095343	0.088964	False	0.107270
HAP1_chr21	HAP1_chr31	11,13,15,17,19,23	23	22165965	17964037	2317906	37812096	0.061301	0.129030	0.093840	0.085183	False	0.105878
HAP1_chr21	HAP1_chr32	11,13,15,17,19,23	23	22165965	19521485	2310327	39377123	0.058672	0.118348	0.095638	0.088613	False	0.107997
HAP1_chr21	HAP1_chr33	11,13,15,17,19,23	23	22165965	19539073	2249629	39455409	0.057017	0.115135	0.096813	0.089703	False	0.109360
HAP1_chr21	HAP1_chr34	11,13,15,17,19,23	23	22165965	19140608	2301699	39004874	0.059011	0.120252	0.095401	0.087981	False	0.107114
HAP1_chr21	HAP1_chr35	11,13,15,17,19,23	23	22165965	18698993	2228742	38636216	0.057685	0.119190	0.096334	0.088332	False	0.108658
HAP1_chr21	HAP1_chr36	11,13,15,17,19,23	23	22165965	17333529	2117204	37382290	0.056637	0.122145	0.097089	0.087361	False	0.108815
HAP1_chr21	HAP2_chr01	11,13,15,17,19,23	23	22165965	28826960	1695069	49297856	0.034384	0.076472	0.117862	0.105755	False	0.126082
HAP1_chr21	HAP2_chr02	11,13,15,17,19,23	23	22165965	32469880	1772962	52862883	0.033539	0.079986	0.118908	0.104006	False	0.127886
HAP1_chr21	HAP2_chr03	11,13,15,17,19,23	23	22165965	22336550	1444647	43057868	0.033551	0.065174	0.118893	0.111949	False	0.126700
HAP1_chr21	HAP2_chr04	11,13,15,17,19,23	23	22165965	24275153	1682769	44758349	0.037597	0.075917	0.114113	0.106038	False	0.122310
HAP1_chr21	HAP2_chr05	11,13,15,17,19,23	23	22165965	27694867	1658580	48202252	0.034409	0.074826	0.117832	0.106601	False	0.126137
HAP1_chr21	HAP2_chr06	11,13,15,17,19,23	23	22165965	25452098	1818782	45799281	0.039712	0.082053	0.111822	0.103012	False	0.120900
HAP1_chr21	HAP2_chr07	11,13,15,17,19,23	23	22165965	24690358	1640162	45216161	0.036274	0.073995	0.115615	0.107034	False	0.124068
HAP1_chr21	HAP2_chr08	11,13,15,17,19,23	23	22165965	23770547	1597517	44338995	0.036030	0.072071	0.115898	0.108057	False	0.123707
HAP1_chr21	HAP2_chr09	11,13,15,17,19,23	23	22165965	27088665	1648971	47605659	0.034638	0.074392	0.117552	0.106826	False	0.126028
HAP1_chr21	HAP2_chr10	11,13,15,17,19,23	23	22165965	27665485	1702216	48129234	0.035368	0.076794	0.116677	0.105591	False	0.125124
HAP1_chr21	HAP2_chr11	11,13,15,17,19,23	23	22165965	27186520	3597533	45754952	0.078626	0.162300	0.083721	0.076013	False	0.086195
HAP1_chr21	HAP2_chr12	11,13,15,17,19,23	23	22165965	26259349	1641260	46784054	0.035082	0.074044	0.117018	0.107008	False	0.125474
HAP1_chr21	HAP2_chr13	11,13,15,17,19,23	23	22165965	23327952	1506661	43987256	0.034252	0.067972	0.118023	0.110324	False	0.126335
HAP1_chr21	HAP2_chr14	11,13,15,17,19,23	23	22165965	24080067	1558459	44687573	0.034875	0.070309	0.117267	0.109016	False	0.125642
HAP1_chr21	HAP2_chr15	11,13,15,17,19,23	23	22165965	27590322	1676929	48079358	0.034878	0.075653	0.117262	0.106173	False	0.125832
HAP1_chr21	HAP2_chr16	11,13,15,17,19,23	23	22165965	26246790	1593483	46819272	0.034035	0.071889	0.118291	0.108155	False	0.126457
HAP1_chr21	HAP2_chr17	11,13,15,17,19,23	23	22165965	26521176	1671168	47015973	0.035545	0.075393	0.116467	0.106307	False	0.124821
HAP1_chr21	HAP2_chr18	11,13,15,17,19,23	23	22165965	24381093	1629909	44917149	0.036287	0.073532	0.115600	0.107278	False	0.124626
HAP1_chr21	HAP2_chr19	11,13,15,17,19,23	23	22165965	25768877	2423969	45510873	0.053261	0.109355	0.099621	0.091739	False	0.112157
HAP1_chr21	HAP2_chr20	11,13,15,17,19,23	23	22165965	20063909	2464546	39765328	0.061977	0.122835	0.093390	0.087138	False	0.105599
HAP1_chr21	HAP2_chr21	11,13,15,17,19,23	23	22165965	22803913	19317083	25652795	0.753021	0.871475	0.006602	0.005963	False	0.007468
HAP1_chr21	HAP2_chr22	11,13,15,17,19,23	23	22165965	21922403	2423396	41664972	0.058164	0.110544	0.095995	0.091312	False	0.108149
HAP1_chr21	HAP2_chr23	11,13,15,17,19,23	23	22165965	21196957	2411922	40951000	0.058898	0.113786	0.095480	0.090170	False	0.107139
HAP1_chr21	HAP2_chr24	11,13,15,17,19,23	23	22165965	20102868	2331529	39937304	0.058380	0.115980	0.095843	0.089414	False	0.107639
HAP1_chr21	HAP2_chr25	11,13,15,17,19,23	23	22165965	20239507	2289189	40116283	0.057064	0.113105	0.096780	0.090407	False	0.108989
HAP1_chr21	HAP2_chr26	11,13,15,17,19,23	23	22165965	19903419	2307164	39762220	0.058024	0.115918	0.096094	0.089435	False	0.108261
HAP1_chr21	HAP2_chr27	11,13,15,17,19,23	23	22165965	17870121	2162556	37873530	0.057099	0.121015	0.096754	0.087730	False	0.109340
HAP1_chr21	HAP2_chr28	11,13,15,17,19,23	23	22165965	17426831	2238953	37353843	0.059939	0.128477	0.094761	0.085353	False	0.106469
HAP1_chr21	HAP2_chr29	11,13,15,17,19,23	23	22165965	19028380	2242088	38952257	0.057560	0.117829	0.096424	0.088788	False	0.108879
HAP1_chr21	HAP2_chr30	11,13,15,17,19,23	23	22165965	19686693	2373591	39479067	0.060123	0.120568	0.094635	0.087877	False	0.106483
HAP1_chr21	HAP2_chr31	11,13,15,17,19,23	23	22165965	17171636	2235757	37101844	0.060260	0.130201	0.094541	0.084823	False	0.106565
HAP1_chr21	HAP2_chr32	11,13,15,17,19,23	23	22165965	19285510	2207333	39244142	0.056246	0.114456	0.097374	0.089938	False	0.109571
HAP1_chr21	HAP2_chr33	11,13,15,17,19,23	23	22165965	19469942	2248633	39387274	0.057090	0.115493	0.096761	0.089581	False	0.109026
HAP1_chr21	HAP2_chr34	11,13,15,17,19,23	23	22165965	19829428	2342553	39652840	0.059077	0.118135	0.095355	0.088685	False	0.106976
HAP1_chr21	HAP2_chr35	11,13,15,17,19,23	23	22165965	17598234	2088969	37675230	0.055447	0.118703	0.097963	0.088495	False	0.110196
HAP1_chr21	HAP2_chr36	11,13,15,17,19,23	23	22165965	16850131	2085687	36930409	0.056476	0.123779	0.097206	0.086834	False	0.108931
HAP1_chr22	HAP1_chr23	11,13,15,17,19,23	23	22122737	22072795	2458608	41736924	0.058907	0.111386	0.095473	0.091012	False	0.107209
HAP1_chr22	HAP1_chr24	11,13,15,17,19,23	23	22122737	21115586	2513077	40725246	0.061708	0.119015	0.093568	0.088391	False	0.105169
HAP1_chr22	HAP1_chr25	11,13,15,17,19,23	23	22122737	21212482	2290908	41044311	0.055815	0.107998	0.097690	0.092233	False	0.109621
HAP1_chr22	HAP1_chr26	11,13,15,17,19,23	23	22122737	21132037	2390641	40864133	0.058502	0.113129	0.095756	0.090399	False	0.108003
HAP1_chr22	HAP1_chr27	11,13,15,17,19,23	23	22122737	19486219	2280145	39328811	0.057976	0.117013	0.096127	0.089063	False	0.108625
HAP1_chr22	HAP1_chr28	11,13,15,17,19,23	23	22122737	21292029	2312028	41102738	0.056250	0.108587	0.097371	0.092018	False	0.109728
HAP1_chr22	HAP1_chr29	11,13,15,17,19,23	23	22122737	19895838	2338031	39680544	0.058921	0.117514	0.095463	0.088894	False	0.107853
HAP1_chr22	HAP1_chr30	11,13,15,17,19,23	23	22122737	20107834	2369648	39860923	0.059448	0.117847	0.095098	0.088781	False	0.106976
HAP1_chr22	HAP1_chr31	11,13,15,17,19,23	23	22122737	17964037	2289338	37797436	0.060569	0.127440	0.094332	0.085676	False	0.106339
HAP1_chr22	HAP1_chr32	11,13,15,17,19,23	23	22122737	19521485	2326408	39317814	0.059169	0.119172	0.095291	0.088339	False	0.107292
HAP1_chr22	HAP1_chr33	11,13,15,17,19,23	23	22122737	19539073	2227640	39434170	0.056490	0.114010	0.097195	0.090092	False	0.109526
HAP1_chr22	HAP1_chr34	11,13,15,17,19,23	23	22122737	19140608	2299368	38963977	0.059013	0.120130	0.095400	0.088021	False	0.107069
HAP1_chr22	HAP1_chr35	11,13,15,17,19,23	23	22122737	18698993	2255271	38566459	0.058478	0.120609	0.095774	0.087863	False	0.107894
HAP1_chr22	HAP1_chr36	11,13,15,17,19,23	23	22122737	17333529	2065495	37390771	0.055241	0.119162	0.098116	0.088342	False	0.109847
HAP1_chr22	HAP2_chr01	11,13,15,17,19,23	23	22122737	28826960	3344329	47605368	0.070251	0.151172	0.088279	0.078862	False	0.090795
HAP1_chr22	HAP2_chr02	11,13,15,17,19,23	23	22122737	32469880	1734918	52857699	0.032822	0.078422	0.119817	0.104775	False	0.128652
HAP1_chr22	HAP2_chr03	11,13,15,17,19,23	23	22122737	22336550	1419262	43040025	0.032975	0.064154	0.119621	0.112558	False	0.127196
HAP1_chr22	HAP2_chr04	11,13,15,17,19,23	23	22122737	24275153	1645079	44752811	0.036759	0.074361	0.115057	0.106842	False	0.122894
HAP1_chr22	HAP2_chr05	11,13,15,17,19,23	23	22122737	27694867	1640248	48177356	0.034046	0.074143	0.118277	0.106956	False	0.126439
HAP1_chr22	HAP2_chr06	11,13,15,17,19,23	23	22122737	25452098	1765624	45809211	0.038543	0.079810	0.113072	0.104092	False	0.121447
HAP1_chr22	HAP2_chr07	11,13,15,17,19,23	23	22122737	24690358	1628959	45184136	0.036052	0.073633	0.115873	0.107225	False	0.123791
HAP1_chr22	HAP2_chr08	11,13,15,17,19,23	23	22122737	23770547	1538542	44354742	0.034687	0.069546	0.117493	0.109438	False	0.125114
HAP1_chr22	HAP2_chr09	11,13,15,17,19,23	23	22122737	27088665	1661398	47550004	0.034940	0.075099	0.117188	0.106459	False	0.125394
HAP1_chr22	HAP2_chr10	11,13,15,17,19,23	23	22122737	27665485	1628999	48159223	0.033825	0.073635	0.118551	0.107224	False	0.126796
HAP1_chr22	HAP2_chr11	11,13,15,17,19,23	23	22122737	27186520	1651501	47657756	0.034653	0.074652	0.117534	0.106691	False	0.125758
HAP1_chr22	HAP2_chr12	11,13,15,17,19,23	23	22122737	26259349	1595959	46786127	0.034112	0.072141	0.118196	0.108019	False	0.126482
HAP1_chr22	HAP2_chr13	11,13,15,17,19,23	23	22122737	23327952	1465775	43984914	0.033324	0.066256	0.119178	0.111313	False	0.127139
HAP1_chr22	HAP2_chr14	11,13,15,17,19,23	23	22122737	24080067	1538727	44664077	0.034451	0.069554	0.117780	0.109434	False	0.125992
HAP1_chr22	HAP2_chr15	11,13,15,17,19,23	23	22122737	27590322	1630969	48082090	0.033921	0.073724	0.118432	0.107177	False	0.126874
HAP1_chr22	HAP2_chr16	11,13,15,17,19,23	23	22122737	26246790	1567857	46801670	0.033500	0.070871	0.118957	0.108707	False	0.126929
HAP1_chr22	HAP2_chr17	11,13,15,17,19,23	23	22122737	26521176	1619209	47024704	0.034433	0.073192	0.117802	0.107458	False	0.125985
HAP1_chr22	HAP2_chr18	11,13,15,17,19,23	23	22122737	24381093	1601470	44902360	0.035666	0.072390	0.116325	0.107885	False	0.125075
HAP1_chr22	HAP2_chr19	11,13,15,17,19,23	23	22122737	25768877	2430763	45460851	0.053469	0.109876	0.099460	0.091552	False	0.111917
HAP1_chr22	HAP2_chr20	11,13,15,17,19,23	23	22122737	20063909	2468401	39718245	0.062148	0.123027	0.093278	0.087076	False	0.105262
HAP1_chr22	HAP2_chr21	11,13,15,17,19,23	23	22122737	22803913	2452781	42473869	0.057748	0.110871	0.096290	0.091196	False	0.108325
HAP1_chr22	HAP2_chr22	11,13,15,17,19,23	23	22122737	21922403	19565227	24479913	0.799236	0.892476	0.005144	0.004934	False	0.005837
HAP1_chr22	HAP2_chr23	11,13,15,17,19,23	23	22122737	21196957	2457800	40861894	0.060149	0.115951	0.094617	0.089424	False	0.106224
HAP1_chr22	HAP2_chr24	11,13,15,17,19,23	23	22122737	20102868	2367766	39857839	0.059405	0.117782	0.095128	0.088803	False	0.106578
HAP1_chr22	HAP2_chr25	11,13,15,17,19,23	23	22122737	20239507	2285223	40077021	0.057021	0.112909	0.096811	0.090476	False	0.108993
HAP1_chr22	HAP2_chr26	11,13,15,17,19,23	23	22122737	19903419	2315503	39710653	0.058309	0.116337	0.095892	0.089292	False	0.107975
HAP1_chr22	HAP2_chr27	11,13,15,17,19,23	23	22122737	17870121	2185512	37807346	0.057807	0.122300	0.096248	0.087311	False	0.108779
HAP1_chr22	HAP2_chr28	11,13,15,17,19,23	23	22122737	17426831	2214132	37335436	0.059304	0.127053	0.095198	0.085797	False	0.106822
HAP1_chr22	HAP2_chr29	11,13,15,17,19,23	23	22122737	19028380	2254597	38896520	0.057964	0.118486	0.096136	0.088567	False	0.108590
HAP1_chr22	HAP2_chr30	11,13,15,17,19,23	23	22122737	19686693	2366924	39442506	0.060009	0.120230	0.094712	0.087988	False	0.106483
HAP1_chr22	HAP2_chr31	11,13,15,17,19,23	23	22122737	17171636	2276859	37017514	0.061508	0.132594	0.093702	0.084098	False	0.105736
HAP1_chr22	HAP2_chr32	11,13,15,17,19,23	23	22122737	19285510	2238234	39170013	0.057142	0.116058	0.096724	0.089387	False	0.108622
HAP1_chr22	HAP2_chr33	11,13,15,17,19,23	23	22122737	19469942	2239660	39353019	0.056912	0.115032	0.096889	0.089739	False	0.108978
HAP1_chr22	HAP2_chr34	11,13,15,17,19,23	23	22122737	19829428	2421934	39530231	0.061268	0.122138	0.093862	0.087363	False	0.105236
HAP1_chr22	HAP2_chr35	11,13,15,17,19,23	23	22122737	17598234	2093484	37627487	0.055637	0.118960	0.097822	0.088409	False	0.109960
HAP1_chr22	HAP2_chr36	11,13,15,17,19,23	23	22122737	16850131	2051499	36921369	0.055564	0.121750	0.097876	0.087490	False	0.109705
HAP1_chr23	HAP1_chr24	11,13,15,17,19,23	23	22072795	21115586	2573529	40614852	0.063364	0.121878	0.092485	0.087448	False	0.103868
HAP1_chr23	HAP1_chr25	11,13,15,17,19,23	23	22072795	21212482	2307583	40977694	0.056313	0.108784	0.097325	0.091946	False	0.108788
HAP1_chr23	HAP1_chr26	11,13,15,17,19,23	23	22072795	21132037	2465534	40739298	0.060520	0.116673	0.094365	0.089178	False	0.106179
HAP1_chr23	HAP1_chr27	11,13,15,17,19,23	23	22072795	19486219	2321503	39237511	0.059165	0.119136	0.095294	0.088350	False	0.107393
HAP1_chr23	HAP1_chr28	11,13,15,17,19,23	23	22072795	21292029	2405568	40959256	0.058731	0.112980	0.095596	0.090451	False	0.107672
HAP1_chr23	HAP1_chr29	11,13,15,17,19,23	23	22072795	19895838	2370516	39598117	0.059864	0.119146	0.094812	0.088347	False	0.106709
HAP1_chr23	HAP1_chr30	11,13,15,17,19,23	23	22072795	20107834	2356165	39824464	0.059164	0.117176	0.095295	0.089008	False	0.106673
HAP1_chr23	HAP1_chr31	11,13,15,17,19,23	23	22072795	17964037	2384298	37652534	0.063324	0.132726	0.092511	0.084059	False	0.103974
HAP1_chr23	HAP1_chr32	11,13,15,17,19,23	23	22072795	19521485	2389790	39204490	0.060957	0.122418	0.094070	0.087272	False	0.105968
HAP1_chr23	HAP1_chr33	11,13,15,17,19,23	23	22072795	19539073	2303995	39307873	0.058614	0.117917	0.095678	0.088758	False	0.107719
HAP1_chr23	HAP1_chr34	11,13,15,17,19,23	23	22072795	19140608	2355771	38857632	0.060626	0.123077	0.094293	0.087059	False	0.105395
HAP1_chr23	HAP1_chr35	11,13,15,17,19,23	23	22072795	18698993	2329504	38442284	0.060597	0.124579	0.094313	0.086578	False	0.106114
HAP1_chr23	HAP1_chr36	11,13,15,17,19,23	23	22072795	17333529	2118727	37287597	0.056821	0.122233	0.096955	0.087333	False	0.108538
HAP1_chr23	HAP2_chr01	11,13,15,17,19,23	23	22072795	28826960	1815174	49084581	0.036981	0.082236	0.114806	0.102925	False	0.122645
HAP1_chr23	HAP2_chr02	11,13,15,17,19,23	23	22072795	32469880	1884454	52658221	0.035787	0.085375	0.116183	0.101463	False	0.124728
HAP1_chr23	HAP2_chr03	11,13,15,17,19,23	23	22072795	22336550	1543997	42865348	0.036020	0.069950	0.115910	0.109214	False	0.123416
HAP1_chr23	HAP2_chr04	11,13,15,17,19,23	23	22072795	24275153	1772338	44575610	0.039760	0.080295	0.111771	0.103856	False	0.119470
HAP1_chr23	HAP2_chr05	11,13,15,17,19,23	23	22072795	27694867	1793586	47974076	0.037387	0.081258	0.114348	0.103392	False	0.122131
HAP1_chr23	HAP2_chr06	11,13,15,17,19,23	23	22072795	25452098	1910188	45614705	0.041877	0.086540	0.109605	0.100933	False	0.118087
HAP1_chr23	HAP2_chr07	11,13,15,17,19,23	23	22072795	24690358	1774111	44989042	0.039434	0.080375	0.112115	0.103817	False	0.120238
HAP1_chr23	HAP2_chr08	11,13,15,17,19,23	23	22072795	23770547	1690132	44153210	0.038279	0.076571	0.113360	0.105705	False	0.120836
HAP1_chr23	HAP2_chr09	11,13,15,17,19,23	23	22072795	27088665	1760916	47400544	0.037150	0.079778	0.114614	0.104108	False	0.122553
HAP1_chr23	HAP2_chr10	11,13,15,17,19,23	23	22072795	27665485	1800418	47937862	0.037557	0.081567	0.114157	0.103243	False	0.122128
HAP1_chr23	HAP2_chr11	11,13,15,17,19,23	23	22072795	27186520	1797979	47461336	0.037883	0.081457	0.113795	0.103296	False	0.121845
HAP1_chr23	HAP2_chr12	11,13,15,17,19,23	23	22072795	26259349	3680156	44651988	0.082419	0.166728	0.081826	0.074931	False	0.083728
HAP1_chr23	HAP2_chr13	11,13,15,17,19,23	23	22072795	23327952	1592978	43807769	0.036363	0.072169	0.115512	0.108004	False	0.123344
HAP1_chr23	HAP2_chr14	11,13,15,17,19,23	23	22072795	24080067	1658022	44494840	0.037263	0.075116	0.114486	0.106450	False	0.122616
HAP1_chr23	HAP2_chr15	11,13,15,17,19,23	23	22072795	27590322	1768289	47894828	0.036920	0.080112	0.114874	0.103945	False	0.123005
HAP1_chr23	HAP2_chr16	11,13,15,17,19,23	23	22072795	26246790	1709019	46610566	0.036666	0.077426	0.115164	0.105272	False	0.122994
HAP1_chr23	HAP2_chr17	11,13,15,17,19,23	23	22072795	26521176	1775869	46818102	0.037931	0.080455	0.113742	0.103778	False	0.121703
HAP1_chr23	HAP2_chr18	11,13,15,17,19,23	23	22072795	24381093	1719882	44734006	0.038447	0.077919	0.113176	0.105026	False	0.122020
HAP1_chr23	HAP2_chr19	11,13,15,17,19,23	23	22072795	25768877	2493825	45347847	0.054993	0.112982	0.098301	0.090450	False	0.110336
HAP1_chr23	HAP2_chr20	11,13,15,17,19,23	23	22072795	20063909	2496192	39640512	0.062971	0.124412	0.092739	0.086631	False	0.104414
HAP1_chr23	HAP2_chr21	11,13,15,17,19,23	23	22072795	22803913	2513633	42363075	0.059335	0.113879	0.095176	0.090137	False	0.106891
HAP1_chr23	HAP2_chr22	11,13,15,17,19,23	23	22072795	21922403	2424454	41570744	0.058321	0.110593	0.095884	0.091295	False	0.107676
HAP1_chr23	HAP2_chr23	11,13,15,17,19,23	23	22072795	21196957	16939551	26330201	0.643351	0.799150	0.010637	0.009701	False	0.011805
HAP1_chr23	HAP2_chr24	11,13,15,17,19,23	23	22072795	20102868	2422623	39753040	0.060942	0.120511	0.094080	0.087895	False	0.105343
HAP1_chr23	HAP2_chr25	11,13,15,17,19,23	23	22072795	20239507	2280968	40031334	0.056980	0.112699	0.096840	0.090549	False	0.108655
HAP1_chr23	HAP2_chr26	11,13,15,17,19,23	23	22072795	19903419	2372446	39603768	0.059905	0.119198	0.094784	0.088330	False	0.106481
HAP1_chr23	HAP2_chr27	11,13,15,17,19,23	23	22072795	17870121	2228027	37714889	0.059076	0.124679	0.095356	0.086546	False	0.107496
HAP1_chr23	HAP2_chr28	11,13,15,17,19,23	23	22072795	17426831	2277507	37222119	0.061187	0.130690	0.093916	0.084674	False	0.105269
HAP1_chr23	HAP2_chr29	11,13,15,17,19,23	23	22072795	19028380	2295014	38806161	0.059140	0.120610	0.095311	0.087863	False	0.107210
HAP1_chr23	HAP2_chr30	11,13,15,17,19,23	23	22072795	19686693	2373307	39386181	0.060257	0.120554	0.094543	0.087881	False	0.105857
HAP1_chr23	HAP2_chr31	11,13,15,17,19,23	23	22072795	17171636	2327618	36916813	0.063050	0.135550	0.092688	0.083220	False	0.104140
HAP1_chr23	HAP2_chr32	11,13,15,17,19,23	23	22072795	19285510	2295335	39062970	0.058760	0.119019	0.095576	0.088389	False	0.107306
HAP1_chr23	HAP2_chr33	11,13,15,17,19,23	23	22072795	19469942	2317685	39225052	0.059087	0.119039	0.095348	0.088383	False	0.107132
HAP1_chr23	HAP2_chr34	11,13,15,17,19,23	23	22072795	19829428	2418085	39484138	0.061242	0.121944	0.093879	0.087426	False	0.104797
HAP1_chr23	HAP2_chr35	11,13,15,17,19,23	23	22072795	17598234	2192360	37478669	0.058496	0.124578	0.095761	0.086578	False	0.107609
HAP1_chr23	HAP2_chr36	11,13,15,17,19,23	23	22072795	16850131	2075431	36847495	0.056325	0.123170	0.097316	0.087030	False	0.108881
HAP1_chr24	HAP1_chr25	11,13,15,17,19,23	23	21115586	21212482	2390865	39937203	0.059866	0.113227	0.094811	0.090364	False	0.106189
HAP1_chr24	HAP1_chr26	11,13,15,17,19,23	23	21115586	21132037	2503782	39743841	0.062998	0.118575	0.092722	0.088537	False	0.104463
HAP1_chr24	HAP1_chr27	11,13,15,17,19,23	23	21115586	19486219	2417203	38184602	0.063303	0.124047	0.092524	0.086748	False	0.104457
HAP1_chr24	HAP1_chr28	11,13,15,17,19,23	23	21115586	21292029	2431889	39975726	0.060834	0.115170	0.094153	0.089691	False	0.106103
HAP1_chr24	HAP1_chr29	11,13,15,17,19,23	23	21115586	19895838	2401249	38610175	0.062192	0.120691	0.093248	0.087836	False	0.105090
HAP1_chr24	HAP1_chr30	11,13,15,17,19,23	23	21115586	20107834	2463679	38759741	0.063563	0.122523	0.092357	0.087238	False	0.103814
HAP1_chr24	HAP1_chr31	11,13,15,17,19,23	23	21115586	17964037	2394330	36685293	0.065267	0.133285	0.091276	0.083891	False	0.102889
HAP1_chr24	HAP1_chr32	11,13,15,17,19,23	23	21115586	19521485	2457143	38179928	0.064357	0.125869	0.091849	0.086169	False	0.103657
HAP1_chr24	HAP1_chr33	11,13,15,17,19,23	23	21115586	19539073	2355618	38299041	0.061506	0.120559	0.093703	0.087880	False	0.105659
HAP1_chr24	HAP1_chr34	11,13,15,17,19,23	23	21115586	19140608	2394921	37861273	0.063255	0.125123	0.092555	0.086405	False	0.103952
HAP1_chr24	HAP1_chr35	11,13,15,17,19,23	23	21115586	18698993	2413525	37401054	0.064531	0.129072	0.091739	0.085170	False	0.103373
HAP1_chr24	HAP1_chr36	11,13,15,17,19,23	23	21115586	17333529	2196105	36253010	0.060577	0.126697	0.094326	0.085908	False	0.105638
HAP1_chr24	HAP2_chr01	11,13,15,17,19,23	23	21115586	28826960	1775820	48166726	0.036868	0.084100	0.114933	0.102050	False	0.122494
HAP1_chr24	HAP2_chr02	11,13,15,17,19,23	23	21115586	32469880	1881039	51704427	0.036381	0.089083	0.115492	0.099800	False	0.123862
HAP1_chr24	HAP2_chr03	11,13,15,17,19,23	23	21115586	22336550	3014710	40437426	0.074552	0.142772	0.085870	0.081149	False	0.088068
HAP1_chr24	HAP2_chr04	11,13,15,17,19,23	23	21115586	24275153	1751180	43639559	0.040128	0.082933	0.111386	0.102596	False	0.119078
HAP1_chr24	HAP2_chr05	11,13,15,17,19,23	23	21115586	27694867	1769544	47040909	0.037617	0.083803	0.114090	0.102189	False	0.121751
HAP1_chr24	HAP2_chr06	11,13,15,17,19,23	23	21115586	25452098	1914832	44652852	0.042883	0.090683	0.108614	0.099103	False	0.117012
HAP1_chr24	HAP2_chr07	11,13,15,17,19,23	23	21115586	24690358	1732938	44073006	0.039320	0.082069	0.112237	0.103004	False	0.120275
HAP1_chr24	HAP2_chr08	11,13,15,17,19,23	23	21115586	23770547	1662693	43223440	0.038467	0.078742	0.113154	0.104617	False	0.120688
HAP1_chr24	HAP2_chr09	11,13,15,17,19,23	23	21115586	27088665	1753599	46450652	0.037752	0.083048	0.113940	0.102542	False	0.121856
HAP1_chr24	HAP2_chr10	11,13,15,17,19,23	23	21115586	27665485	1784126	46996945	0.037963	0.084493	0.113707	0.101868	False	0.121719
HAP1_chr24	HAP2_chr11	11,13,15,17,19,23	23	21115586	27186520	1797943	46504163	0.038662	0.085148	0.112943	0.101567	False	0.120999
HAP1_chr24	HAP2_chr12	11,13,15,17,19,23	23	21115586	26259349	1721884	45653051	0.037717	0.081546	0.113979	0.103254	False	0.121861
HAP1_chr24	HAP2_chr13	11,13,15,17,19,23	23	21115586	23327952	1589303	42854235	0.037086	0.075267	0.114686	0.106372	False	0.122602
HAP1_chr24	HAP2_chr14	11,13,15,17,19,23	23	21115586	24080067	1602764	43592889	0.036767	0.075904	0.115049	0.106044	False	0.123043
HAP1_chr24	HAP2_chr15	11,13,15,17,19,23	23	21115586	27590322	1760694	46945214	0.037505	0.083384	0.114215	0.102384	False	0.122253
HAP1_chr24	HAP2_chr16	11,13,15,17,19,23	23	21115586	26246790	1712757	45649619	0.037520	0.081113	0.114199	0.103461	False	0.121884
HAP1_chr24	HAP2_chr17	11,13,15,17,19,23	23	21115586	26521176	1796926	45839836	0.039200	0.085100	0.112364	0.101589	False	0.120476
HAP1_chr24	HAP2_chr18	11,13,15,17,19,23	23	21115586	24381093	1723246	43773433	0.039367	0.081610	0.112186	0.103223	False	0.120927
HAP1_chr24	HAP2_chr19	11,13,15,17,19,23	23	21115586	25768877	2531430	44353033	0.057075	0.119884	0.096772	0.088102	False	0.109027
HAP1_chr24	HAP2_chr20	11,13,15,17,19,23	23	21115586	20063909	2535508	38643987	0.065612	0.126372	0.091061	0.086010	False	0.102820
HAP1_chr24	HAP2_chr21	11,13,15,17,19,23	23	21115586	22803913	2533062	41386437	0.061205	0.119962	0.093904	0.088077	False	0.105640
HAP1_chr24	HAP2_chr22	11,13,15,17,19,23	23	21115586	21922403	2472475	40565514	0.060950	0.117092	0.094075	0.089036	False	0.105735
HAP1_chr24	HAP2_chr23	11,13,15,17,19,23	23	21115586	21196957	2559375	39753168	0.064382	0.121208	0.091834	0.087667	False	0.103082
HAP1_chr24	HAP2_chr24	11,13,15,17,19,23	23	21115586	20102868	18948958	22269496	0.850893	0.942600	0.003652	0.002567	False	0.004023
HAP1_chr24	HAP2_chr25	11,13,15,17,19,23	23	21115586	20239507	2397918	38957175	0.061553	0.118477	0.093672	0.088570	False	0.105447
HAP1_chr24	HAP2_chr26	11,13,15,17,19,23	23	21115586	19903419	2421993	38597012	0.062751	0.121687	0.092883	0.087510	False	0.104529
HAP1_chr24	HAP2_chr27	11,13,15,17,19,23	23	21115586	17870121	2283698	36702009	0.062223	0.127794	0.093228	0.085565	False	0.105188
HAP1_chr24	HAP2_chr28	11,13,15,17,19,23	23	21115586	17426831	2308051	36234366	0.063698	0.132442	0.092270	0.084144	False	0.103425
HAP1_chr24	HAP2_chr29	11,13,15,17,19,23	23	21115586	19028380	2375954	37768012	0.062909	0.124864	0.092779	0.086487	False	0.104535
HAP1_chr24	HAP2_chr30	11,13,15,17,19,23	23	21115586	19686693	2482521	38319758	0.064784	0.126101	0.091579	0.086095	False	0.102866
HAP1_chr24	HAP2_chr31	11,13,15,17,19,23	23	21115586	17171636	2325959	35961263	0.064680	0.135454	0.091645	0.083248	False	0.103239
HAP1_chr24	HAP2_chr32	11,13,15,17,19,23	23	21115586	19285510	2313403	38087693	0.060739	0.119956	0.094217	0.088079	False	0.105976
HAP1_chr24	HAP2_chr33	11,13,15,17,19,23	23	21115586	19469942	2346142	38239386	0.061354	0.120501	0.093804	0.087899	False	0.105450
HAP1_chr24	HAP2_chr34	11,13,15,17,19,23	23	21115586	19829428	2475080	38469934	0.064338	0.124819	0.091861	0.086502	False	0.103088
HAP1_chr24	HAP2_chr35	11,13,15,17,19,23	23	21115586	17598234	2233239	36480581	0.061217	0.126901	0.093895	0.085844	False	0.105490
HAP1_chr24	HAP2_chr36	11,13,15,17,19,23	23	21115586	16850131	2164277	35801440	0.060452	0.128443	0.094411	0.085364	False	0.105639
HAP1_chr25	HAP1_chr26	11,13,15,17,19,23	23	21212482	21132037	2282349	40062170	0.056970	0.108004	0.096847	0.092230	False	0.108827
HAP1_chr25	HAP1_chr27	11,13,15,17,19,23	23	21212482	19486219	2098465	38600236	0.054364	0.107690	0.098776	0.092345	False	0.110957
HAP1_chr25	HAP1_chr28	11,13,15,17,19,23	23	21212482	21292029	2211786	40292725	0.054893	0.104268	0.098377	0.093619	False	0.110611
HAP1_chr25	HAP1_chr29	11,13,15,17,19,23	23	21212482	19895838	2212991	38895329	0.056896	0.111229	0.096901	0.091068	False	0.109101
HAP1_chr25	HAP1_chr30	11,13,15,17,19,23	23	21212482	20107834	2226357	39093959	0.056949	0.110721	0.096863	0.091249	False	0.108291
HAP1_chr25	HAP1_chr31	11,13,15,17,19,23	23	21212482	17964037	2200606	36975913	0.059515	0.122501	0.095052	0.087246	False	0.106739
HAP1_chr25	HAP1_chr32	11,13,15,17,19,23	23	21212482	19521485	2220848	38513119	0.057665	0.113764	0.096349	0.090177	False	0.108381
HAP1_chr25	HAP1_chr33	11,13,15,17,19,23	23	21212482	19539073	2182774	38568781	0.056594	0.111713	0.097120	0.090897	False	0.109315
HAP1_chr25	HAP1_chr34	11,13,15,17,19,23	23	21212482	19140608	2144182	38208908	0.056117	0.112023	0.097468	0.090787	False	0.108638
HAP1_chr25	HAP1_chr35	11,13,15,17,19,23	23	21212482	18698993	2159033	37752442	0.057189	0.115463	0.096689	0.089591	False	0.108550
HAP1_chr25	HAP1_chr36	11,13,15,17,19,23	23	21212482	17333529	2046151	36499860	0.056059	0.118046	0.097511	0.088715	False	0.109128
HAP1_chr25	HAP2_chr01	11,13,15,17,19,23	23	21212482	28826960	1793883	48245559	0.037182	0.084567	0.114577	0.101834	False	0.122885
HAP1_chr25	HAP2_chr02	11,13,15,17,19,23	23	21212482	32469880	1873134	51809228	0.036154	0.088303	0.115753	0.100144	False	0.124570
HAP1_chr25	HAP2_chr03	11,13,15,17,19,23	23	21212482	22336550	1523256	42025776	0.036246	0.071809	0.115647	0.108197	False	0.123919
HAP1_chr25	HAP2_chr04	11,13,15,17,19,23	23	21212482	24275153	1766594	43721041	0.040406	0.083281	0.111097	0.102432	False	0.119472
HAP1_chr25	HAP2_chr05	11,13,15,17,19,23	23	21212482	27694867	1783698	47123651	0.037851	0.084087	0.113830	0.102056	False	0.122304
HAP1_chr25	HAP2_chr06	11,13,15,17,19,23	23	21212482	25452098	1867818	44796762	0.041695	0.088053	0.109786	0.100255	False	0.118938
HAP1_chr25	HAP2_chr07	11,13,15,17,19,23	23	21212482	24690358	1718029	44184811	0.038883	0.080991	0.112704	0.103520	False	0.121263
HAP1_chr25	HAP2_chr08	11,13,15,17,19,23	23	21212482	23770547	1695555	43287474	0.039170	0.079932	0.112397	0.104033	False	0.120708
HAP1_chr25	HAP2_chr09	11,13,15,17,19,23	23	21212482	27088665	3864065	44437082	0.086956	0.182160	0.079678	0.071363	False	0.081586
HAP1_chr25	HAP2_chr10	11,13,15,17,19,23	23	21212482	27665485	1796501	47081466	0.038157	0.084691	0.113493	0.101777	False	0.122098
HAP1_chr25	HAP2_chr11	11,13,15,17,19,23	23	21212482	27186520	1805963	46593039	0.038760	0.085137	0.112836	0.101572	False	0.121623
HAP1_chr25	HAP2_chr12	11,13,15,17,19,23	23	21212482	26259349	1729946	45741885	0.037820	0.081553	0.113865	0.103250	False	0.122504
HAP1_chr25	HAP2_chr13	11,13,15,17,19,23	23	21212482	23327952	1588787	42951647	0.036990	0.074899	0.114795	0.106563	False	0.123455
HAP1_chr25	HAP2_chr14	11,13,15,17,19,23	23	21212482	24080067	1640272	43652277	0.037576	0.077326	0.114136	0.105323	False	0.122897
HAP1_chr25	HAP2_chr15	11,13,15,17,19,23	23	21212482	27590322	1790632	47012172	0.038089	0.084414	0.113568	0.101905	False	0.122104
HAP1_chr25	HAP2_chr16	11,13,15,17,19,23	23	21212482	26246790	1693187	45766085	0.036997	0.079820	0.114787	0.104087	False	0.122941
HAP1_chr25	HAP2_chr17	11,13,15,17,19,23	23	21212482	26521176	1801191	45932467	0.039214	0.084912	0.112350	0.101675	False	0.121022
HAP1_chr25	HAP2_chr18	11,13,15,17,19,23	23	21212482	24381093	1691638	43901937	0.038532	0.079747	0.113084	0.104123	False	0.122485
HAP1_chr25	HAP2_chr19	11,13,15,17,19,23	23	21212482	25768877	2326551	44654808	0.052101	0.109678	0.100531	0.091623	False	0.112633
HAP1_chr25	HAP2_chr20	11,13,15,17,19,23	23	21212482	20063909	2283220	38993171	0.058554	0.113797	0.095720	0.090166	False	0.107436
HAP1_chr25	HAP2_chr21	11,13,15,17,19,23	23	21212482	22803913	2318370	41698025	0.055599	0.109293	0.097850	0.091762	False	0.109761
HAP1_chr25	HAP2_chr22	11,13,15,17,19,23	23	21212482	21922403	2255127	40879758	0.055165	0.106311	0.098173	0.092854	False	0.110194
HAP1_chr25	HAP2_chr23	11,13,15,17,19,23	23	21212482	21196957	2319095	40090344	0.057847	0.109407	0.096219	0.091721	False	0.107456
HAP1_chr25	HAP2_chr24	11,13,15,17,19,23	23	21212482	20102868	2248888	39066462	0.057566	0.111869	0.096420	0.090842	False	0.107670
HAP1_chr25	HAP2_chr25	11,13,15,17,19,23	23	21212482	20239507	17575184	23876805	0.736078	0.868360	0.007170	0.006118	False	0.007737
HAP1_chr25	HAP2_chr26	11,13,15,17,19,23	23	21212482	19903419	2210773	38905128	0.056825	0.111075	0.096952	0.091123	False	0.108769
HAP1_chr25	HAP2_chr27	11,13,15,17,19,23	23	21212482	17870121	2000527	37082076	0.053949	0.111948	0.099092	0.090814	False	0.111324
HAP1_chr25	HAP2_chr28	11,13,15,17,19,23	23	21212482	17426831	2084951	36554362	0.057037	0.119640	0.096799	0.088183	False	0.108317
HAP1_chr25	HAP2_chr29	11,13,15,17,19,23	23	21212482	19028380	2138758	38102104	0.056132	0.112398	0.097457	0.090655	False	0.109603
HAP1_chr25	HAP2_chr30	11,13,15,17,19,23	23	21212482	19686693	2218688	38680487	0.057359	0.112700	0.096567	0.090549	False	0.108007
HAP1_chr25	HAP2_chr31	11,13,15,17,19,23	23	21212482	17171636	2154125	36229993	0.059457	0.125447	0.095092	0.086302	False	0.106717
HAP1_chr25	HAP2_chr32	11,13,15,17,19,23	23	21212482	19285510	2125850	38372142	0.055401	0.110230	0.097997	0.091425	False	0.109897
HAP1_chr25	HAP2_chr33	11,13,15,17,19,23	23	21212482	19469942	2144248	38538176	0.055640	0.110131	0.097820	0.091460	False	0.109827
HAP1_chr25	HAP2_chr34	11,13,15,17,19,23	23	21212482	19829428	2203504	38838406	0.056735	0.111123	0.097017	0.091106	False	0.108153
HAP1_chr25	HAP2_chr35	11,13,15,17,19,23	23	21212482	17598234	1999509	36811207	0.054318	0.113620	0.098811	0.090228	False	0.110639
HAP1_chr25	HAP2_chr36	11,13,15,17,19,23	23	21212482	16850131	2013679	36048934	0.055860	0.119505	0.097657	0.088228	False	0.109141
HAP1_chr26	HAP1_chr27	11,13,15,17,19,23	23	21132037	19486219	2292724	38325532	0.059822	0.117659	0.094840	0.088845	False	0.107345
HAP1_chr26	HAP1_chr28	11,13,15,17,19,23	23	21132037	21292029	2341946	40082120	0.058429	0.110824	0.095808	0.091212	False	0.108395
HAP1_chr26	HAP1_chr29	11,13,15,17,19,23	23	21132037	19895838	2346657	38681218	0.060667	0.117947	0.094266	0.088748	False	0.106625
HAP1_chr26	HAP1_chr30	11,13,15,17,19,23	23	21132037	20107834	2340105	38899766	0.060157	0.116378	0.094611	0.089278	False	0.106449
HAP1_chr26	HAP1_chr31	11,13,15,17,19,23	23	21132037	17964037	2319700	36776374	0.063076	0.129130	0.092671	0.085152	False	0.104457
HAP1_chr26	HAP1_chr32	11,13,15,17,19,23	23	21132037	19521485	2295544	38357978	0.059845	0.117591	0.094825	0.088868	False	0.107099
HAP1_chr26	HAP1_chr33	11,13,15,17,19,23	23	21132037	19539073	2243747	38427363	0.058389	0.114834	0.095836	0.089807	False	0.108229
HAP1_chr26	HAP1_chr34	11,13,15,17,19,23	23	21132037	19140608	2275136	37997509	0.059876	0.118864	0.094804	0.088441	False	0.106617
HAP1_chr26	HAP1_chr35	11,13,15,17,19,23	23	21132037	18698993	2265304	37565726	0.060302	0.121146	0.094513	0.087687	False	0.106688
HAP1_chr26	HAP1_chr36	11,13,15,17,19,23	23	21132037	17333529	2099374	36366192	0.057729	0.121116	0.096303	0.087697	False	0.108223
HAP1_chr26	HAP2_chr01	11,13,15,17,19,23	23	21132037	28826960	1710321	48248676	0.035448	0.080935	0.116581	0.103547	False	0.124638
HAP1_chr26	HAP2_chr02	11,13,15,17,19,23	23	21132037	32469880	1765301	51836616	0.034055	0.083537	0.118266	0.102313	False	0.127116
HAP1_chr26	HAP2_chr03	11,13,15,17,19,23	23	21132037	22336550	1452727	42015860	0.034576	0.068745	0.117628	0.109887	False	0.125536
HAP1_chr26	HAP2_chr04	11,13,15,17,19,23	23	21132037	24275153	1655610	43751580	0.037841	0.078346	0.113841	0.104813	False	0.122001
HAP1_chr26	HAP2_chr05	11,13,15,17,19,23	23	21132037	27694867	1690758	47136146	0.035870	0.080009	0.116085	0.103995	False	0.124159
HAP1_chr26	HAP2_chr06	11,13,15,17,19,23	23	21132037	25452098	1822533	44761602	0.040716	0.086245	0.110778	0.101066	False	0.119656
HAP1_chr26	HAP2_chr07	11,13,15,17,19,23	23	21132037	24690358	1658040	44164355	0.037542	0.078461	0.114173	0.104756	False	0.122514
HAP1_chr26	HAP2_chr08	11,13,15,17,19,23	23	21132037	23770547	1601286	43301298	0.036980	0.075775	0.114806	0.106111	False	0.122833
HAP1_chr26	HAP2_chr09	11,13,15,17,19,23	23	21132037	27088665	1674594	46546108	0.035977	0.079244	0.115960	0.104369	False	0.124190
HAP1_chr26	HAP2_chr10	11,13,15,17,19,23	23	21132037	27665485	1735734	47061788	0.036882	0.082138	0.114917	0.102972	False	0.123243
HAP1_chr26	HAP2_chr11	11,13,15,17,19,23	23	21132037	27186520	1701932	46616625	0.036509	0.080538	0.115344	0.103738	False	0.123878
HAP1_chr26	HAP2_chr12	11,13,15,17,19,23	23	21132037	26259349	1620332	45771054	0.035401	0.076677	0.116637	0.105651	False	0.124813
HAP1_chr26	HAP2_chr13	11,13,15,17,19,23	23	21132037	23327952	3374987	41085002	0.082146	0.159709	0.081959	0.076659	False	0.083885
HAP1_chr26	HAP2_chr14	11,13,15,17,19,23	23	21132037	24080067	1551234	43660870	0.035529	0.073407	0.116486	0.107344	False	0.124882
HAP1_chr26	HAP2_chr15	11,13,15,17,19,23	23	21132037	27590322	1682605	47039754	0.035770	0.079623	0.116202	0.104183	False	0.124470
HAP1_chr26	HAP2_chr16	11,13,15,17,19,23	23	21132037	26246790	1613083	45765744	0.035247	0.076334	0.116821	0.105825	False	0.124642
HAP1_chr26	HAP2_chr17	11,13,15,17,19,23	23	21132037	26521176	1675138	45978075	0.036433	0.079270	0.115431	0.104356	False	0.123767
HAP1_chr26	HAP2_chr18	11,13,15,17,19,23	23	21132037	24381093	1625659	43887471	0.037042	0.076929	0.114737	0.105523	False	0.123772
HAP1_chr26	HAP2_chr19	11,13,15,17,19,23	23	21132037	25768877	2451132	44449782	0.055144	0.115991	0.098189	0.089410	False	0.110852
HAP1_chr26	HAP2_chr20	11,13,15,17,19,23	23	21132037	20063909	2418328	38777618	0.062364	0.120531	0.093135	0.087889	False	0.105113
HAP1_chr26	HAP2_chr21	11,13,15,17,19,23	23	21132037	22803913	2450452	41485498	0.059068	0.115959	0.095361	0.089421	False	0.107583
HAP1_chr26	HAP2_chr22	11,13,15,17,19,23	23	21132037	21922403	2344948	40709492	0.057602	0.110966	0.096394	0.091162	False	0.108782
HAP1_chr26	HAP2_chr23	11,13,15,17,19,23	23	21132037	21196957	2438604	39890390	0.061133	0.115398	0.093952	0.089613	False	0.105600
HAP1_chr26	HAP2_chr24	11,13,15,17,19,23	23	21132037	20102868	2362373	38872532	0.060772	0.117514	0.094194	0.088893	False	0.105778
HAP1_chr26	HAP2_chr25	11,13,15,17,19,23	23	21132037	20239507	2259868	39111676	0.057780	0.111656	0.096267	0.090917	False	0.108552
HAP1_chr26	HAP2_chr26	11,13,15,17,19,23	23	21132037	19903419	18486135	22549321	0.819809	0.928792	0.004533	0.003207	False	0.005065
HAP1_chr26	HAP2_chr27	11,13,15,17,19,23	23	21132037	17870121	2159462	36842696	0.058613	0.120842	0.095679	0.087787	False	0.108153
HAP1_chr26	HAP2_chr28	11,13,15,17,19,23	23	21132037	17426831	2241874	36316994	0.061731	0.128645	0.093553	0.085302	False	0.105280
HAP1_chr26	HAP2_chr29	11,13,15,17,19,23	23	21132037	19028380	2246549	37913868	0.059254	0.118063	0.095232	0.088709	False	0.107662
HAP1_chr26	HAP2_chr30	11,13,15,17,19,23	23	21132037	19686693	2302018	38516712	0.059767	0.116933	0.094879	0.089090	False	0.106628
HAP1_chr26	HAP2_chr31	11,13,15,17,19,23	23	21132037	17171636	2219408	36084265	0.061506	0.129248	0.093703	0.085115	False	0.105514
HAP1_chr26	HAP2_chr32	11,13,15,17,19,23	23	21132037	19285510	2182567	38234980	0.057083	0.113171	0.096766	0.090384	False	0.108884
HAP1_chr26	HAP2_chr33	11,13,15,17,19,23	23	21132037	19469942	2251342	38350637	0.058704	0.115632	0.095615	0.089533	False	0.107692
HAP1_chr26	HAP2_chr34	11,13,15,17,19,23	23	21132037	19829428	2363715	38597750	0.061240	0.119202	0.093880	0.088328	False	0.105484
HAP1_chr26	HAP2_chr35	11,13,15,17,19,23	23	21132037	17598234	2118365	36611906	0.057860	0.120374	0.096210	0.087941	False	0.108323
HAP1_chr26	HAP2_chr36	11,13,15,17,19,23	23	21132037	16850131	2071082	35911086	0.057672	0.122912	0.096343	0.087113	False	0.108283
HAP1_chr27	HAP1_chr28	11,13,15,17,19,23	23	19486219	21292029	2201593	38576655	0.057071	0.112982	0.096775	0.090450	False	0.109457
HAP1_chr27	HAP1_chr29	11,13,15,17,19,23	23	19486219	19895838	2196641	37185416	0.059073	0.112728	0.095358	0.090539	False	0.107823
HAP1_chr27	HAP1_chr30	11,13,15,17,19,23	23	19486219	20107834	2191034	37403019	0.058579	0.112440	0.095703	0.090640	False	0.107744
HAP1_chr27	HAP1_chr31	11,13,15,17,19,23	23	19486219	17964037	2138154	35312102	0.060550	0.119024	0.094345	0.088388	False	0.106631
HAP1_chr27	HAP1_chr32	11,13,15,17,19,23	23	19486219	19521485	2192532	36815172	0.059555	0.112517	0.095024	0.090613	False	0.107601
HAP1_chr27	HAP1_chr33	11,13,15,17,19,23	23	19486219	19539073	2170112	36855180	0.058882	0.111366	0.095491	0.091020	False	0.107908
HAP1_chr27	HAP1_chr34	11,13,15,17,19,23	23	19486219	19140608	2118743	36508084	0.058035	0.110694	0.096086	0.091259	False	0.107985
HAP1_chr27	HAP1_chr35	11,13,15,17,19,23	23	19486219	18698993	2145920	36039292	0.059544	0.114761	0.095032	0.089832	False	0.107381
HAP1_chr27	HAP1_chr36	11,13,15,17,19,23	23	19486219	17333529	1956238	34863510	0.056111	0.112859	0.097472	0.090493	False	0.109533
HAP1_chr27	HAP2_chr01	11,13,15,17,19,23	23	19486219	28826960	1636876	46676303	0.035069	0.084002	0.117033	0.102096	False	0.125373
HAP1_chr27	HAP2_chr02	11,13,15,17,19,23	23	19486219	32469880	1687164	50268935	0.033563	0.086582	0.118878	0.100914	False	0.127876
HAP1_chr27	HAP2_chr03	11,13,15,17,19,23	23	19486219	22336550	1388181	40434588	0.034332	0.071239	0.117926	0.108506	False	0.126320
HAP1_chr27	HAP2_chr04	11,13,15,17,19,23	23	19486219	24275153	1603706	42157666	0.038041	0.082299	0.113621	0.102895	False	0.122291
HAP1_chr27	HAP2_chr05	11,13,15,17,19,23	23	19486219	27694867	1634579	45546507	0.035888	0.083884	0.116064	0.102151	False	0.124669
HAP1_chr27	HAP2_chr06	11,13,15,17,19,23	23	19486219	25452098	1708602	43229715	0.039524	0.087683	0.112020	0.100420	False	0.121440
HAP1_chr27	HAP2_chr07	11,13,15,17,19,23	23	19486219	24690358	1618491	42558086	0.038030	0.083058	0.113633	0.102537	False	0.122809
HAP1_chr27	HAP2_chr08	11,13,15,17,19,23	23	19486219	23770547	1513629	41743137	0.036261	0.077677	0.115630	0.105147	False	0.124038
HAP1_chr27	HAP2_chr09	11,13,15,17,19,23	23	19486219	27088665	1561727	45013157	0.034695	0.080145	0.117484	0.103929	False	0.126043
HAP1_chr27	HAP2_chr10	11,13,15,17,19,23	23	19486219	27665485	1658711	45492993	0.036461	0.085122	0.115399	0.101578	False	0.124051
HAP1_chr27	HAP2_chr11	11,13,15,17,19,23	23	19486219	27186520	1637400	45035339	0.036358	0.084029	0.115518	0.102083	False	0.124573
HAP1_chr27	HAP2_chr12	11,13,15,17,19,23	23	19486219	26259349	1559230	44186338	0.035288	0.080017	0.116772	0.103991	False	0.125587
HAP1_chr27	HAP2_chr13	11,13,15,17,19,23	23	19486219	23327952	1423805	41390366	0.034399	0.073067	0.117843	0.107524	False	0.126327
HAP1_chr27	HAP2_chr14	11,13,15,17,19,23	23	19486219	24080067	1495242	42071044	0.035541	0.076733	0.116472	0.105622	False	0.125580
HAP1_chr27	HAP2_chr15	11,13,15,17,19,23	23	19486219	27590322	1646954	45429587	0.036253	0.084519	0.115639	0.101856	False	0.124499
HAP1_chr27	HAP2_chr16	11,13,15,17,19,23	23	19486219	26246790	1507556	44225453	0.034088	0.077365	0.118225	0.105303	False	0.126546
HAP1_chr27	HAP2_chr17	11,13,15,17,19,23	23	19486219	26521176	1607826	44399569	0.036213	0.082511	0.115686	0.102795	False	0.124498
HAP1_chr27	HAP2_chr18	11,13,15,17,19,23	23	19486219	24381093	3576260	40291052	0.088761	0.183528	0.078857	0.071061	False	0.081020
HAP1_chr27	HAP2_chr19	11,13,15,17,19,23	23	19486219	25768877	2285330	42969766	0.053185	0.117279	0.099681	0.088973	False	0.112711
HAP1_chr27	HAP2_chr20	11,13,15,17,19,23	23	19486219	20063909	2282369	37267759	0.061242	0.117127	0.093879	0.089024	False	0.106183
HAP1_chr27	HAP2_chr21	11,13,15,17,19,23	23	19486219	22803913	2301295	39988837	0.057548	0.118099	0.096432	0.088697	False	0.108960
HAP1_chr27	HAP2_chr22	11,13,15,17,19,23	23	19486219	21922403	2235176	39173446	0.057058	0.114705	0.096784	0.089851	False	0.109337
HAP1_chr27	HAP2_chr23	11,13,15,17,19,23	23	19486219	21196957	2275834	38407342	0.059255	0.116792	0.095231	0.089138	False	0.107157
HAP1_chr27	HAP2_chr24	11,13,15,17,19,23	23	19486219	20102868	2274933	37314154	0.060967	0.116746	0.094063	0.089153	False	0.105945
HAP1_chr27	HAP2_chr25	11,13,15,17,19,23	23	19486219	20239507	2096843	37628883	0.055724	0.107606	0.097757	0.092376	False	0.110206
HAP1_chr27	HAP2_chr26	11,13,15,17,19,23	23	19486219	19903419	2206296	37183342	0.059336	0.113223	0.095176	0.090366	False	0.107577
HAP1_chr27	HAP2_chr27	11,13,15,17,19,23	23	19486219	17870121	15324280	22032060	0.695545	0.857536	0.008605	0.006660	False	0.009575
HAP1_chr27	HAP2_chr28	11,13,15,17,19,23	23	19486219	17426831	2050629	34862421	0.058821	0.117671	0.095534	0.088841	False	0.107387
HAP1_chr27	HAP2_chr29	11,13,15,17,19,23	23	19486219	19028380	2070414	36444185	0.056811	0.108807	0.096963	0.091938	False	0.109524
HAP1_chr27	HAP2_chr30	11,13,15,17,19,23	23	19486219	19686693	2209863	36963049	0.059786	0.113406	0.094866	0.090302	False	0.106900
HAP1_chr27	HAP2_chr31	11,13,15,17,19,23	23	19486219	17171636	2084498	34573357	0.060292	0.121392	0.094520	0.087607	False	0.106807
HAP1_chr27	HAP2_chr32	11,13,15,17,19,23	23	19486219	19285510	2138605	36633124	0.058379	0.110892	0.095843	0.091188	False	0.108324
HAP1_chr27	HAP2_chr33	11,13,15,17,19,23	23	19486219	19469942	2153157	36803004	0.058505	0.110589	0.095755	0.091296	False	0.108002
HAP1_chr27	HAP2_chr34	11,13,15,17,19,23	23	19486219	19829428	2183417	37132230	0.058801	0.112049	0.095547	0.090778	False	0.107341
HAP1_chr27	HAP2_chr35	11,13,15,17,19,23	23	19486219	17598234	1980255	35104198	0.056411	0.112526	0.097253	0.090610	False	0.109683
HAP1_chr27	HAP2_chr36	11,13,15,17,19,23	23	19486219	16850131	1925413	34410937	0.055954	0.114267	0.097588	0.090003	False	0.109677
HAP1_chr28	HAP1_chr29	11,13,15,17,19,23	23	21292029	19895838	2241247	38946620	0.057547	0.112649	0.096433	0.090567	False	0.108903
HAP1_chr28	HAP1_chr30	11,13,15,17,19,23	23	21292029	20107834	2284710	39115153	0.058410	0.113623	0.095821	0.090226	False	0.108010
HAP1_chr28	HAP1_chr31	11,13,15,17,19,23	23	21292029	17964037	2248115	37007951	0.060747	0.125145	0.094212	0.086398	False	0.106322
HAP1_chr28	HAP1_chr32	11,13,15,17,19,23	23	21292029	19521485	2252830	38560684	0.058423	0.115403	0.095812	0.089611	False	0.108160
HAP1_chr28	HAP1_chr33	11,13,15,17,19,23	23	21292029	19539073	2163256	38667846	0.055945	0.110714	0.097595	0.091252	False	0.110128
HAP1_chr28	HAP1_chr34	11,13,15,17,19,23	23	21292029	19140608	2179682	38252955	0.056981	0.113877	0.096840	0.090138	False	0.108700
HAP1_chr28	HAP1_chr35	11,13,15,17,19,23	23	21292029	18698993	2216029	37774993	0.058664	0.118511	0.095643	0.088559	False	0.108025
HAP1_chr28	HAP1_chr36	11,13,15,17,19,23	23	21292029	17333529	2055086	36570472	0.056195	0.118561	0.097411	0.088542	False	0.109321
HAP1_chr28	HAP2_chr01	11,13,15,17,19,23	23	21292029	28826960	1627461	48491528	0.033562	0.076435	0.118880	0.105773	False	0.127222
HAP1_chr28	HAP2_chr02	11,13,15,17,19,23	23	21292029	32469880	1704117	52057792	0.032735	0.080035	0.119929	0.103982	False	0.128965
HAP1_chr28	HAP2_chr03	11,13,15,17,19,23	23	21292029	22336550	1400398	42228181	0.033163	0.065771	0.119383	0.111597	False	0.127341
HAP1_chr28	HAP2_chr04	11,13,15,17,19,23	23	21292029	24275153	1594452	43972730	0.036260	0.074885	0.115631	0.106570	False	0.123969
HAP1_chr28	HAP2_chr05	11,13,15,17,19,23	23	21292029	27694867	1639424	47347472	0.034625	0.076997	0.117568	0.105489	False	0.125789
HAP1_chr28	HAP2_chr06	11,13,15,17,19,23	23	21292029	25452098	1727257	45016870	0.038369	0.081122	0.113261	0.103457	False	0.122262
HAP1_chr28	HAP2_chr07	11,13,15,17,19,23	23	21292029	24690358	1594459	44387928	0.035921	0.074885	0.116025	0.106570	False	0.124609
HAP1_chr28	HAP2_chr08	11,13,15,17,19,23	23	21292029	23770547	1527283	43535293	0.035081	0.071730	0.117018	0.108240	False	0.125159
HAP1_chr28	HAP2_chr09	11,13,15,17,19,23	23	21292029	27088665	1616944	46763750	0.034577	0.075941	0.117627	0.106026	False	0.126196
HAP1_chr28	HAP2_chr10	11,13,15,17,19,23	23	21292029	27665485	1644368	47313146	0.034755	0.077229	0.117411	0.105372	False	0.125794
HAP1_chr28	HAP2_chr11	11,13,15,17,19,23	23	21292029	27186520	1645855	46832694	0.035143	0.077299	0.116944	0.105336	False	0.125506
HAP1_chr28	HAP2_chr12	11,13,15,17,19,23	23	21292029	26259349	1585573	45965805	0.034495	0.074468	0.117727	0.106787	False	0.126149
HAP1_chr28	HAP2_chr13	11,13,15,17,19,23	23	21292029	23327952	1470937	43149044	0.034090	0.069084	0.118223	0.109696	False	0.126503
HAP1_chr28	HAP2_chr14	11,13,15,17,19,23	23	21292029	24080067	3552586	41819510	0.084950	0.166851	0.080612	0.074901	False	0.082768
HAP1_chr28	HAP2_chr15	11,13,15,17,19,23	23	21292029	27590322	1615415	47266936	0.034176	0.075869	0.118116	0.106062	False	0.126697
HAP1_chr28	HAP2_chr16	11,13,15,17,19,23	23	21292029	26246790	1543644	45995175	0.033561	0.072499	0.118881	0.107827	False	0.127044
HAP1_chr28	HAP2_chr17	11,13,15,17,19,23	23	21292029	26521176	1644339	46168866	0.035616	0.077228	0.116383	0.105372	False	0.124888
HAP1_chr28	HAP2_chr18	11,13,15,17,19,23	23	21292029	24381093	1555297	44117825	0.035253	0.073046	0.116813	0.107535	False	0.126129
HAP1_chr28	HAP2_chr19	11,13,15,17,19,23	23	21292029	25768877	2394624	44666282	0.053611	0.112466	0.099351	0.090631	False	0.112155
HAP1_chr28	HAP2_chr20	11,13,15,17,19,23	23	21292029	20063909	2298506	39057432	0.058849	0.114559	0.095513	0.089902	False	0.107954
HAP1_chr28	HAP2_chr21	11,13,15,17,19,23	23	21292029	22803913	2403674	41692268	0.057653	0.112891	0.096357	0.090482	False	0.108644
HAP1_chr28	HAP2_chr22	11,13,15,17,19,23	23	21292029	21922403	2295518	40918914	0.056099	0.107811	0.097481	0.092301	False	0.109840
HAP1_chr28	HAP2_chr23	11,13,15,17,19,23	23	21292029	21196957	2386534	40102452	0.059511	0.112589	0.095055	0.090588	False	0.106979
HAP1_chr28	HAP2_chr24	11,13,15,17,19,23	23	21292029	20102868	2306874	39088023	0.059017	0.114753	0.095396	0.089835	False	0.107233
HAP1_chr28	HAP2_chr25	11,13,15,17,19,23	23	21292029	20239507	2208220	39323316	0.056155	0.109104	0.097440	0.091830	False	0.109824
HAP1_chr28	HAP2_chr26	11,13,15,17,19,23	23	21292029	19903419	2265728	38929720	0.058200	0.113836	0.095969	0.090152	False	0.108413
HAP1_chr28	HAP2_chr27	11,13,15,17,19,23	23	21292029	17870121	2066542	37095608	0.055709	0.115642	0.097769	0.089529	False	0.110495
HAP1_chr28	HAP2_chr28	11,13,15,17,19,23	23	21292029	17426831	14857149	23861711	0.622636	0.852545	0.011509	0.006912	False	0.013274
HAP1_chr28	HAP2_chr29	11,13,15,17,19,23	23	21292029	19028380	2113021	38207388	0.055304	0.111046	0.098069	0.091134	False	0.110578
HAP1_chr28	HAP2_chr30	11,13,15,17,19,23	23	21292029	19686693	2260237	38718485	0.058376	0.114810	0.095845	0.089815	False	0.107960
HAP1_chr28	HAP2_chr31	11,13,15,17,19,23	23	21292029	17171636	2182423	36281242	0.060153	0.127095	0.094614	0.085784	False	0.106712
HAP1_chr28	HAP2_chr32	11,13,15,17,19,23	23	21292029	19285510	2178405	38399134	0.056731	0.112956	0.097021	0.090459	False	0.109225
HAP1_chr28	HAP2_chr33	11,13,15,17,19,23	23	21292029	19469942	2144590	38617381	0.055534	0.110149	0.097898	0.091454	False	0.110168
HAP1_chr28	HAP2_chr34	11,13,15,17,19,23	23	21292029	19829428	2252261	38869196	0.057945	0.113582	0.096150	0.090241	False	0.107955
HAP1_chr28	HAP2_chr35	11,13,15,17,19,23	23	21292029	17598234	2075032	36815231	0.056363	0.117911	0.097288	0.088760	False	0.109699
HAP1_chr28	HAP2_chr36	11,13,15,17,19,23	23	21292029	16850131	2019854	36122306	0.055917	0.119872	0.097615	0.088106	False	0.109585
HAP1_chr29	HAP1_chr30	11,13,15,17,19,23	23	19895838	20107834	2228031	37775641	0.058981	0.111985	0.095422	0.090801	False	0.107311
HAP1_chr29	HAP1_chr31	11,13,15,17,19,23	23	19895838	17964037	2222012	35637863	0.062350	0.123692	0.093145	0.086862	False	0.105215
HAP1_chr29	HAP1_chr32	11,13,15,17,19,23	23	19895838	19521485	2272627	37144696	0.061183	0.116417	0.093918	0.089265	False	0.106194
HAP1_chr29	HAP1_chr33	11,13,15,17,19,23	23	19895838	19539073	2145618	37289293	0.057540	0.109812	0.096438	0.091575	False	0.108856
HAP1_chr29	HAP1_chr34	11,13,15,17,19,23	23	19895838	19140608	2204889	36831557	0.059864	0.115194	0.094812	0.089683	False	0.106600
HAP1_chr29	HAP1_chr35	11,13,15,17,19,23	23	19895838	18698993	2180755	36414076	0.059888	0.116624	0.094796	0.089195	False	0.107021
HAP1_chr29	HAP1_chr36	11,13,15,17,19,23	23	19895838	17333529	2027236	35202131	0.057588	0.116955	0.096403	0.089083	False	0.108087
HAP1_chr29	HAP2_chr01	11,13,15,17,19,23	23	19895838	28826960	1675368	47047430	0.035610	0.084207	0.116390	0.102001	False	0.124561
HAP1_chr29	HAP2_chr02	11,13,15,17,19,23	23	19895838	32469880	1739699	50626019	0.034364	0.087440	0.117887	0.100528	False	0.126692
HAP1_chr29	HAP2_chr03	11,13,15,17,19,23	23	19895838	22336550	1443213	40789175	0.035382	0.072538	0.116659	0.107806	False	0.124947
HAP1_chr29	HAP2_chr04	11,13,15,17,19,23	23	19895838	24275153	1651455	42519536	0.038840	0.083005	0.112751	0.102562	False	0.121247
HAP1_chr29	HAP2_chr05	11,13,15,17,19,23	23	19895838	27694867	1665841	45924864	0.036273	0.083728	0.115616	0.102223	False	0.124073
HAP1_chr29	HAP2_chr06	11,13,15,17,19,23	23	19895838	25452098	1768411	43579525	0.040579	0.088883	0.110919	0.099888	False	0.120026
HAP1_chr29	HAP2_chr07	11,13,15,17,19,23	23	19895838	24690358	1652206	42933990	0.038482	0.083043	0.113138	0.102544	False	0.122041
HAP1_chr29	HAP2_chr08	11,13,15,17,19,23	23	19895838	23770547	1564097	42102288	0.037150	0.078614	0.114614	0.104680	False	0.122979
HAP1_chr29	HAP2_chr09	11,13,15,17,19,23	23	19895838	27088665	1639375	45345128	0.036153	0.082398	0.115755	0.102848	False	0.124459
HAP1_chr29	HAP2_chr10	11,13,15,17,19,23	23	19895838	27665485	3737781	43823542	0.085292	0.187867	0.080451	0.070117	False	0.082579
HAP1_chr29	HAP2_chr11	11,13,15,17,19,23	23	19895838	27186520	1646448	45435910	0.036237	0.082753	0.115658	0.102680	False	0.124402
HAP1_chr29	HAP2_chr12	11,13,15,17,19,23	23	19895838	26259349	1618681	44536506	0.036345	0.081358	0.115533	0.103344	False	0.124162
HAP1_chr29	HAP2_chr13	11,13,15,17,19,23	23	19895838	23327952	1501388	41722402	0.035985	0.075462	0.115950	0.106271	False	0.124480
HAP1_chr29	HAP2_chr14	11,13,15,17,19,23	23	19895838	24080067	1533731	42442174	0.036137	0.077088	0.115774	0.105443	False	0.124546
HAP1_chr29	HAP2_chr15	11,13,15,17,19,23	23	19895838	27590322	1660787	45825373	0.036242	0.083474	0.115652	0.102342	False	0.124220
HAP1_chr29	HAP2_chr16	11,13,15,17,19,23	23	19895838	26246790	1582837	44559791	0.035522	0.079556	0.116494	0.104216	False	0.124639
HAP1_chr29	HAP2_chr17	11,13,15,17,19,23	23	19895838	26521176	1665652	44751362	0.037220	0.083719	0.114535	0.102228	False	0.123302
HAP1_chr29	HAP2_chr18	11,13,15,17,19,23	23	19895838	24381093	1592853	42684078	0.037317	0.080060	0.114426	0.103970	False	0.123818
HAP1_chr29	HAP2_chr19	11,13,15,17,19,23	23	19895838	25768877	2350577	43314138	0.054268	0.118144	0.098849	0.088682	False	0.111606
HAP1_chr29	HAP2_chr20	11,13,15,17,19,23	23	19895838	20063909	2332938	37626809	0.062002	0.117258	0.093374	0.088980	False	0.105493
HAP1_chr29	HAP2_chr21	11,13,15,17,19,23	23	19895838	22803913	2348978	40350773	0.058214	0.118064	0.095959	0.088709	False	0.108312
HAP1_chr29	HAP2_chr22	11,13,15,17,19,23	23	19895838	21922403	2316122	39502119	0.058633	0.116412	0.095665	0.089267	False	0.108064
HAP1_chr29	HAP2_chr23	11,13,15,17,19,23	23	19895838	21196957	2392179	38700616	0.061812	0.120235	0.093499	0.087986	False	0.105161
HAP1_chr29	HAP2_chr24	11,13,15,17,19,23	23	19895838	20102868	2262833	37735873	0.059965	0.113734	0.094743	0.090188	False	0.106467
HAP1_chr29	HAP2_chr25	11,13,15,17,19,23	23	19895838	20239507	2165297	37970048	0.057026	0.108832	0.096807	0.091929	False	0.109207
HAP1_chr29	HAP2_chr26	11,13,15,17,19,23	23	19895838	19903419	2243389	37555868	0.059735	0.112757	0.094901	0.090529	False	0.107208
HAP1_chr29	HAP2_chr27	11,13,15,17,19,23	23	19895838	17870121	2093851	35672108	0.058697	0.117170	0.095620	0.089010	False	0.107956
HAP1_chr29	HAP2_chr28	11,13,15,17,19,23	23	19895838	17426831	2118194	35204475	0.060168	0.121548	0.094604	0.087556	False	0.106442
HAP1_chr29	HAP2_chr29	11,13,15,17,19,23	23	19895838	19028380	16163484	22760734	0.710148	0.849441	0.008075	0.007070	False	0.008815
HAP1_chr29	HAP2_chr30	11,13,15,17,19,23	23	19895838	19686693	2249440	37333091	0.060253	0.114262	0.094546	0.090005	False	0.106369
HAP1_chr29	HAP2_chr31	11,13,15,17,19,23	23	19895838	17171636	2161954	34905520	0.061937	0.125903	0.093417	0.086158	False	0.105468
HAP1_chr29	HAP2_chr32	11,13,15,17,19,23	23	19895838	19285510	2155344	37026004	0.058212	0.111760	0.095961	0.090880	False	0.108216
HAP1_chr29	HAP2_chr33	11,13,15,17,19,23	23	19895838	19469942	2154127	37211653	0.057889	0.110639	0.096190	0.091279	False	0.108369
HAP1_chr29	HAP2_chr34	11,13,15,17,19,23	23	19895838	19829428	2291326	37433940	0.061210	0.115552	0.093900	0.089560	False	0.105588
HAP1_chr29	HAP2_chr35	11,13,15,17,19,23	23	19895838	17598234	2032417	35461655	0.057313	0.115490	0.096600	0.089582	False	0.108811
HAP1_chr29	HAP2_chr36	11,13,15,17,19,23	23	19895838	16850131	2006402	34739567	0.057756	0.119073	0.096284	0.088371	False	0.107958
HAP1_chr30	HAP1_chr31	11,13,15,17,19,23	23	20107834	17964037	2253858	35818013	0.062925	0.125465	0.092769	0.086296	False	0.104386
HAP1_chr30	HAP1_chr32	11,13,15,17,19,23	23	20107834	19521485	2253523	37375796	0.060294	0.115438	0.094519	0.089599	False	0.106280
HAP1_chr30	HAP1_chr33	11,13,15,17,19,23	23	20107834	19539073	2200474	37446433	0.058763	0.112619	0.095574	0.090577	False	0.107718
HAP1_chr30	HAP1_chr34	11,13,15,17,19,23	23	20107834	19140608	2259704	36988738	0.061092	0.118058	0.093980	0.088711	False	0.105112
HAP1_chr30	HAP1_chr35	11,13,15,17,19,23	23	20107834	18698993	2237011	36569816	0.061171	0.119633	0.093926	0.088185	False	0.105683
HAP1_chr30	HAP1_chr36	11,13,15,17,19,23	23	20107834	17333529	2060864	35380499	0.058249	0.118895	0.095935	0.088431	False	0.107150
HAP1_chr30	HAP2_chr01	11,13,15,17,19,23	23	20107834	28826960	1603016	47331778	0.033868	0.079721	0.118498	0.104136	False	0.126061
HAP1_chr30	HAP2_chr02	11,13,15,17,19,23	23	20107834	32469880	1680169	50897545	0.033011	0.083558	0.119576	0.102303	False	0.127794
HAP1_chr30	HAP2_chr03	11,13,15,17,19,23	23	20107834	22336550	1366123	41078261	0.033257	0.067940	0.119264	0.110343	False	0.126308
HAP1_chr30	HAP2_chr04	11,13,15,17,19,23	23	20107834	24275153	1597585	42785402	0.037339	0.079451	0.114401	0.104268	False	0.121932
HAP1_chr30	HAP2_chr05	11,13,15,17,19,23	23	20107834	27694867	3307133	44495568	0.074325	0.164470	0.085994	0.075479	False	0.087816
HAP1_chr30	HAP2_chr06	11,13,15,17,19,23	23	20107834	25452098	1721756	43838176	0.039275	0.085626	0.112284	0.101348	False	0.120418
HAP1_chr30	HAP2_chr07	11,13,15,17,19,23	23	20107834	24690358	1567116	43231076	0.036250	0.077936	0.115643	0.105017	False	0.123148
HAP1_chr30	HAP2_chr08	11,13,15,17,19,23	23	20107834	23770547	1503509	42374872	0.035481	0.074772	0.116542	0.106628	False	0.123632
HAP1_chr30	HAP2_chr09	11,13,15,17,19,23	23	20107834	27088665	1573932	45622567	0.034499	0.078275	0.117722	0.104848	False	0.125344
HAP1_chr30	HAP2_chr10	11,13,15,17,19,23	23	20107834	27665485	1630742	46142577	0.035341	0.081100	0.116708	0.103467	False	0.124305
HAP1_chr30	HAP2_chr11	11,13,15,17,19,23	23	20107834	27186520	1599786	45694568	0.035010	0.079560	0.117103	0.104214	False	0.124823
HAP1_chr30	HAP2_chr12	11,13,15,17,19,23	23	20107834	26259349	1544412	44822771	0.034456	0.076806	0.117774	0.105585	False	0.125413
HAP1_chr30	HAP2_chr13	11,13,15,17,19,23	23	20107834	23327952	1400820	42034966	0.033325	0.069665	0.119177	0.109372	False	0.126581
HAP1_chr30	HAP2_chr14	11,13,15,17,19,23	23	20107834	24080067	1486177	42701724	0.034804	0.073910	0.117352	0.107079	False	0.124848
HAP1_chr30	HAP2_chr15	11,13,15,17,19,23	23	20107834	27590322	1600984	46097172	0.034731	0.079620	0.117440	0.104185	False	0.125250
HAP1_chr30	HAP2_chr16	11,13,15,17,19,23	23	20107834	26246790	1544087	44810537	0.034458	0.076790	0.117771	0.105593	False	0.125130
HAP1_chr30	HAP2_chr17	11,13,15,17,19,23	23	20107834	26521176	1598316	45030694	0.035494	0.079487	0.116527	0.104250	False	0.124140
HAP1_chr30	HAP2_chr18	11,13,15,17,19,23	23	20107834	24381093	1520237	42968690	0.035380	0.075604	0.116662	0.106198	False	0.125143
HAP1_chr30	HAP2_chr19	11,13,15,17,19,23	23	20107834	25768877	2438550	43438161	0.056138	0.121274	0.097452	0.087645	False	0.109651
HAP1_chr30	HAP2_chr20	11,13,15,17,19,23	23	20107834	20063909	2445245	37726498	0.064815	0.121873	0.091560	0.087450	False	0.103262
HAP1_chr30	HAP2_chr21	11,13,15,17,19,23	23	20107834	22803913	2401289	40510458	0.059276	0.119421	0.095217	0.088256	False	0.107094
HAP1_chr30	HAP2_chr22	11,13,15,17,19,23	23	20107834	21922403	2293694	39736543	0.057723	0.114070	0.096308	0.090071	False	0.108237
HAP1_chr30	HAP2_chr23	11,13,15,17,19,23	23	20107834	21196957	2382592	38922199	0.061214	0.118491	0.093897	0.088566	False	0.105126
HAP1_chr30	HAP2_chr24	11,13,15,17,19,23	23	20107834	20102868	2350330	37860372	0.062079	0.116915	0.093323	0.089096	False	0.104671
HAP1_chr30	HAP2_chr25	11,13,15,17,19,23	23	20107834	20239507	2240048	38107293	0.058783	0.111402	0.095560	0.091007	False	0.107178
HAP1_chr30	HAP2_chr26	11,13,15,17,19,23	23	20107834	19903419	2253568	37757685	0.059685	0.113225	0.094935	0.090365	False	0.106628
HAP1_chr30	HAP2_chr27	11,13,15,17,19,23	23	20107834	17870121	2090506	35887449	0.058252	0.116983	0.095933	0.089073	False	0.107969
HAP1_chr30	HAP2_chr28	11,13,15,17,19,23	23	20107834	17426831	2138151	35396514	0.060406	0.122693	0.094442	0.087184	False	0.105742
HAP1_chr30	HAP2_chr29	11,13,15,17,19,23	23	20107834	19028380	2152064	36984150	0.058189	0.113098	0.095977	0.090410	False	0.107867
HAP1_chr30	HAP2_chr30	11,13,15,17,19,23	23	20107834	19686693	16579173	23215354	0.714147	0.842151	0.007932	0.007442	False	0.008987
HAP1_chr30	HAP2_chr31	11,13,15,17,19,23	23	20107834	17171636	2198081	35081389	0.062657	0.128006	0.092944	0.085499	False	0.104544
HAP1_chr30	HAP2_chr32	11,13,15,17,19,23	23	20107834	19285510	2141354	37251990	0.057483	0.111034	0.096479	0.091138	False	0.108190
HAP1_chr30	HAP2_chr33	11,13,15,17,19,23	23	20107834	19469942	2206307	37371469	0.059037	0.113319	0.095383	0.090333	False	0.107233
HAP1_chr30	HAP2_chr34	11,13,15,17,19,23	23	20107834	19829428	2337109	37600153	0.062157	0.117861	0.093272	0.088777	False	0.104346
HAP1_chr30	HAP2_chr35	11,13,15,17,19,23	23	20107834	17598234	2065598	35640470	0.057957	0.117375	0.096141	0.088940	False	0.107871
HAP1_chr30	HAP2_chr36	11,13,15,17,19,23	23	20107834	16850131	2027792	34930173	0.058053	0.120343	0.096073	0.087951	False	0.107412
HAP1_chr31	HAP1_chr32	11,13,15,17,19,23	23	17964037	19521485	2265811	35219711	0.064334	0.126130	0.091864	0.086086	False	0.103855
HAP1_chr31	HAP1_chr33	11,13,15,17,19,23	23	17964037	19539073	2188766	35314344	0.061980	0.121842	0.093389	0.087460	False	0.105537
HAP1_chr31	HAP1_chr34	11,13,15,17,19,23	23	17964037	19140608	2206765	34897880	0.063235	0.122843	0.092568	0.087135	False	0.103800
HAP1_chr31	HAP1_chr35	11,13,15,17,19,23	23	17964037	18698993	2189571	34473459	0.063515	0.121886	0.092388	0.087445	False	0.104139
HAP1_chr31	HAP1_chr36	11,13,15,17,19,23	23	17964037	17333529	2043699	33253867	0.061457	0.117904	0.093735	0.088762	False	0.105278
HAP1_chr31	HAP2_chr01	11,13,15,17,19,23	23	17964037	28826960	1556884	45234113	0.034418	0.086667	0.117820	0.100876	False	0.125311
HAP1_chr31	HAP2_chr02	11,13,15,17,19,23	23	17964037	32469880	1595833	48838084	0.032676	0.088835	0.120005	0.099909	False	0.128217
HAP1_chr31	HAP2_chr03	11,13,15,17,19,23	23	17964037	22336550	1319662	38980925	0.033854	0.073461	0.118515	0.107315	False	0.125652
HAP1_chr31	HAP2_chr04	11,13,15,17,19,23	23	17964037	24275153	1529849	40709341	0.037580	0.085162	0.114132	0.101560	False	0.121979
HAP1_chr31	HAP2_chr05	11,13,15,17,19,23	23	17964037	27694867	1529976	44128928	0.034671	0.085169	0.117513	0.101557	False	0.124979
HAP1_chr31	HAP2_chr06	11,13,15,17,19,23	23	17964037	25452098	1683900	41732235	0.040350	0.093737	0.111155	0.097805	False	0.119644
HAP1_chr31	HAP2_chr07	11,13,15,17,19,23	23	17964037	24690358	1494381	41160014	0.036307	0.083187	0.115577	0.102476	False	0.123292
HAP1_chr31	HAP2_chr08	11,13,15,17,19,23	23	17964037	23770547	2800557	38934027	0.071931	0.155898	0.087320	0.077628	False	0.089645
HAP1_chr31	HAP2_chr09	11,13,15,17,19,23	23	17964037	27088665	1492093	43560609	0.034253	0.083060	0.118022	0.102536	False	0.125707
HAP1_chr31	HAP2_chr10	11,13,15,17,19,23	23	17964037	27665485	1538692	44090830	0.034898	0.085654	0.117238	0.101335	False	0.125101
HAP1_chr31	HAP2_chr11	11,13,15,17,19,23	23	17964037	27186520	1525305	43625252	0.034964	0.084909	0.117159	0.101677	False	0.125025
HAP1_chr31	HAP2_chr12	11,13,15,17,19,23	23	17964037	26259349	1490789	42732597	0.034886	0.082987	0.117252	0.102570	False	0.124975
HAP1_chr31	HAP2_chr13	11,13,15,17,19,23	23	17964037	23327952	1351357	39940632	0.033834	0.075226	0.118540	0.106393	False	0.126109
HAP1_chr31	HAP2_chr14	11,13,15,17,19,23	23	17964037	24080067	1366525	40677579	0.033594	0.076070	0.118839	0.105960	False	0.126824
HAP1_chr31	HAP2_chr15	11,13,15,17,19,23	23	17964037	27590322	1562761	43991598	0.035524	0.086994	0.116492	0.100729	False	0.124497
HAP1_chr31	HAP2_chr16	11,13,15,17,19,23	23	17964037	26246790	1429201	42781626	0.033407	0.079559	0.119074	0.104215	False	0.126513
HAP1_chr31	HAP2_chr17	11,13,15,17,19,23	23	17964037	26521176	1527362	42957851	0.035555	0.085023	0.116455	0.101624	False	0.124238
HAP1_chr31	HAP2_chr18	11,13,15,17,19,23	23	17964037	24381093	1456454	40888676	0.035620	0.081076	0.116378	0.103479	False	0.125243
HAP1_chr31	HAP2_chr19	11,13,15,17,19,23	23	17964037	25768877	2334685	41398229	0.056396	0.129964	0.097264	0.084896	False	0.109808
HAP1_chr31	HAP2_chr20	11,13,15,17,19,23	23	17964037	20063909	2368024	35659922	0.066406	0.131820	0.090570	0.084331	False	0.102254
HAP1_chr31	HAP2_chr21	11,13,15,17,19,23	23	17964037	22803913	2342919	38425031	0.060974	0.130423	0.094059	0.084756	False	0.106008
HAP1_chr31	HAP2_chr22	11,13,15,17,19,23	23	17964037	21922403	2288437	37598003	0.060866	0.127390	0.094131	0.085691	False	0.106221
HAP1_chr31	HAP2_chr23	11,13,15,17,19,23	23	17964037	21196957	2343027	36817967	0.063638	0.130429	0.092308	0.084754	False	0.103550
HAP1_chr31	HAP2_chr24	11,13,15,17,19,23	23	17964037	20102868	2266625	35800280	0.063313	0.126176	0.092518	0.086072	False	0.104061
HAP1_chr31	HAP2_chr25	11,13,15,17,19,23	23	17964037	20239507	2193119	36010425	0.060902	0.122084	0.094107	0.087381	False	0.106018
HAP1_chr31	HAP2_chr26	11,13,15,17,19,23	23	17964037	19903419	2203505	35663951	0.061785	0.122662	0.093517	0.087194	False	0.105126
HAP1_chr31	HAP2_chr27	11,13,15,17,19,23	23	17964037	17870121	2011297	33822861	0.059466	0.112551	0.095086	0.090601	False	0.107333
HAP1_chr31	HAP2_chr28	11,13,15,17,19,23	23	17964037	17426831	2132909	33257959	0.064132	0.122392	0.091992	0.087281	False	0.103148
HAP1_chr31	HAP2_chr29	11,13,15,17,19,23	23	17964037	19028380	2148147	34844270	0.061650	0.119580	0.093607	0.088203	False	0.105646
HAP1_chr31	HAP2_chr30	11,13,15,17,19,23	23	17964037	19686693	2237740	35412990	0.063190	0.124568	0.092597	0.086581	False	0.104143
HAP1_chr31	HAP2_chr31	11,13,15,17,19,23	23	17964037	17171636	15256136	19879537	0.767429	0.888450	0.006134	0.005129	False	0.006898
HAP1_chr31	HAP2_chr32	11,13,15,17,19,23	23	17964037	19285510	2151101	35098446	0.061288	0.119745	0.093848	0.088148	False	0.105766
HAP1_chr31	HAP2_chr33	11,13,15,17,19,23	23	17964037	19469942	2200435	35233544	0.062453	0.122491	0.093077	0.087249	False	0.104944
HAP1_chr31	HAP2_chr34	11,13,15,17,19,23	23	17964037	19829428	2273875	35519590	0.064017	0.126579	0.092065	0.085945	False	0.103172
HAP1_chr31	HAP2_chr35	11,13,15,17,19,23	23	17964037	17598234	2047141	33515130	0.061081	0.116327	0.093987	0.089296	False	0.105735
HAP1_chr31	HAP2_chr36	11,13,15,17,19,23	23	17964037	16850131	1998531	32815637	0.060902	0.118606	0.094107	0.088527	False	0.105626
HAP1_chr32	HAP1_chr33	11,13,15,17,19,23	23	19521485	19539073	2194451	36866107	0.059525	0.112412	0.095045	0.090650	False	0.107487
HAP1_chr32	HAP1_chr34	11,13,15,17,19,23	23	19521485	19140608	2186477	36475616	0.059944	0.114232	0.094757	0.090015	False	0.106511
HAP1_chr32	HAP1_chr35	11,13,15,17,19,23	23	19521485	18698993	2199861	36020617	0.061072	0.117646	0.093993	0.088849	False	0.106134
HAP1_chr32	HAP1_chr36	11,13,15,17,19,23	23	19521485	17333529	2030417	34824597	0.058304	0.117138	0.095896	0.089020	False	0.107664
HAP1_chr32	HAP2_chr01	11,13,15,17,19,23	23	19521485	28826960	1604519	46743926	0.034326	0.082192	0.117933	0.102946	False	0.125762
HAP1_chr32	HAP2_chr02	11,13,15,17,19,23	23	19521485	32469880	1679225	50312140	0.033376	0.086019	0.119113	0.101169	False	0.127822
HAP1_chr32	HAP2_chr03	11,13,15,17,19,23	23	19521485	22336550	1429205	40428830	0.035351	0.073212	0.116696	0.107447	False	0.124770
HAP1_chr32	HAP2_chr04	11,13,15,17,19,23	23	19521485	24275153	1591624	42205014	0.037712	0.081532	0.113985	0.103260	False	0.122166
HAP1_chr32	HAP2_chr05	11,13,15,17,19,23	23	19521485	27694867	1632874	45583478	0.035822	0.083645	0.116141	0.102262	False	0.124015
HAP1_chr32	HAP2_chr06	11,13,15,17,19,23	23	19521485	25452098	1738621	43234962	0.040213	0.089062	0.111297	0.099809	False	0.120249
HAP1_chr32	HAP2_chr07	11,13,15,17,19,23	23	19521485	24690358	1573303	42638540	0.036899	0.080593	0.114899	0.103712	False	0.123196
HAP1_chr32	HAP2_chr08	11,13,15,17,19,23	23	19521485	23770547	1528485	41763547	0.036599	0.078298	0.115241	0.104837	False	0.123165
HAP1_chr32	HAP2_chr09	11,13,15,17,19,23	23	19521485	27088665	1581031	45029119	0.035111	0.080989	0.116982	0.103521	False	0.125171
HAP1_chr32	HAP2_chr10	11,13,15,17,19,23	23	19521485	27665485	1632164	45554806	0.035829	0.083609	0.116133	0.102279	False	0.124251
HAP1_chr32	HAP2_chr11	11,13,15,17,19,23	23	19521485	27186520	1634549	45073456	0.036264	0.083731	0.115626	0.102222	False	0.123936
HAP1_chr32	HAP2_chr12	11,13,15,17,19,23	23	19521485	26259349	1606018	44174816	0.036356	0.082269	0.115520	0.102909	False	0.123870
HAP1_chr32	HAP2_chr13	11,13,15,17,19,23	23	19521485	23327952	1427738	41421699	0.034468	0.073137	0.117759	0.107487	False	0.125744
HAP1_chr32	HAP2_chr14	11,13,15,17,19,23	23	19521485	24080067	1484381	42117171	0.035244	0.076038	0.116824	0.105976	False	0.125339
HAP1_chr32	HAP2_chr15	11,13,15,17,19,23	23	19521485	27590322	1600832	45510975	0.035175	0.082004	0.116907	0.103035	False	0.125240
HAP1_chr32	HAP2_chr16	11,13,15,17,19,23	23	19521485	26246790	1542265	44226010	0.034872	0.079003	0.117269	0.104488	False	0.125189
HAP1_chr32	HAP2_chr17	11,13,15,17,19,23	23	19521485	26521176	3457500	42585161	0.081190	0.177113	0.082429	0.072497	False	0.084444
HAP1_chr32	HAP2_chr18	11,13,15,17,19,23	23	19521485	24381093	1536446	42366132	0.036266	0.078705	0.115624	0.104635	False	0.124709
HAP1_chr32	HAP2_chr19	11,13,15,17,19,23	23	19521485	25768877	2392067	42898295	0.055761	0.122535	0.097730	0.087235	False	0.110339
HAP1_chr32	HAP2_chr20	11,13,15,17,19,23	23	19521485	20063909	2344546	37240848	0.062956	0.120101	0.092749	0.088031	False	0.104713
HAP1_chr32	HAP2_chr21	11,13,15,17,19,23	23	19521485	22803913	2335363	39990035	0.058399	0.119630	0.095829	0.088186	False	0.108149
HAP1_chr32	HAP2_chr22	11,13,15,17,19,23	23	19521485	21922403	2312097	39131791	0.059085	0.118439	0.095349	0.088583	False	0.107423
HAP1_chr32	HAP2_chr23	11,13,15,17,19,23	23	19521485	21196957	2364952	38353490	0.061662	0.121146	0.093599	0.087687	False	0.105277
HAP1_chr32	HAP2_chr24	11,13,15,17,19,23	23	19521485	20102868	2297091	37327262	0.061539	0.117670	0.093681	0.088841	False	0.105371
HAP1_chr32	HAP2_chr25	11,13,15,17,19,23	23	19521485	20239507	2206942	37554050	0.058767	0.113052	0.095571	0.090426	False	0.107842
HAP1_chr32	HAP2_chr26	11,13,15,17,19,23	23	19521485	19903419	2239581	37185323	0.060228	0.114724	0.094564	0.089845	False	0.106623
HAP1_chr32	HAP2_chr27	11,13,15,17,19,23	23	19521485	17870121	2075678	35315928	0.058775	0.116154	0.095566	0.089355	False	0.108121
HAP1_chr32	HAP2_chr28	11,13,15,17,19,23	23	19521485	17426831	2140786	34807530	0.061504	0.122844	0.093704	0.087135	False	0.105227
HAP1_chr32	HAP2_chr29	11,13,15,17,19,23	23	19521485	19028380	2158170	36391695	0.059304	0.113418	0.095198	0.090298	False	0.107409
HAP1_chr32	HAP2_chr30	11,13,15,17,19,23	23	19521485	19686693	2245530	36962648	0.060751	0.115029	0.094209	0.089740	False	0.105917
HAP1_chr32	HAP2_chr31	11,13,15,17,19,23	23	19521485	17171636	2205259	34487862	0.063943	0.128425	0.092113	0.085370	False	0.104072
HAP1_chr32	HAP2_chr32	11,13,15,17,19,23	23	19521485	19285510	16731017	22075978	0.757883	0.867543	0.006443	0.006159	False	0.007301
HAP1_chr32	HAP2_chr33	11,13,15,17,19,23	23	19521485	19469942	2205100	36786327	0.059943	0.113257	0.094757	0.090354	False	0.106927
HAP1_chr32	HAP2_chr34	11,13,15,17,19,23	23	19521485	19829428	2314057	37036856	0.062480	0.118539	0.093060	0.088549	False	0.104548
HAP1_chr32	HAP2_chr35	11,13,15,17,19,23	23	19521485	17598234	2066638	35053081	0.058957	0.117434	0.095438	0.088920	False	0.107465
HAP1_chr32	HAP2_chr36	11,13,15,17,19,23	23	19521485	16850131	1993311	34378305	0.057982	0.118296	0.096124	0.088631	False	0.107834
HAP1_chr33	HAP1_chr34	11,13,15,17,19,23	23	19539073	19140608	2161899	36517782	0.059201	0.112948	0.095269	0.090462	False	0.107178
HAP1_chr33	HAP1_chr35	11,13,15,17,19,23	23	19539073	18698993	2146574	36091492	0.059476	0.114796	0.095079	0.089820	False	0.107457
HAP1_chr33	HAP1_chr36	11,13,15,17,19,23	23	19539073	17333529	1974087	34898515	0.056567	0.113888	0.097140	0.090134	False	0.109325
HAP1_chr33	HAP2_chr01	11,13,15,17,19,23	23	19539073	28826960	1529452	46836581	0.032655	0.078277	0.120032	0.104847	False	0.128021
HAP1_chr33	HAP2_chr02	11,13,15,17,19,23	23	19539073	32469880	1624244	50384709	0.032237	0.083128	0.120575	0.102504	False	0.129342
HAP1_chr33	HAP2_chr03	11,13,15,17,19,23	23	19539073	22336550	1308703	40566920	0.032260	0.066979	0.120544	0.110893	False	0.128130
HAP1_chr33	HAP2_chr04	11,13,15,17,19,23	23	19539073	24275153	1536732	42277494	0.036349	0.078649	0.115528	0.104663	False	0.123616
HAP1_chr33	HAP2_chr05	11,13,15,17,19,23	23	19539073	27694867	1497818	45736122	0.032749	0.076658	0.119911	0.105661	False	0.127981
HAP1_chr33	HAP2_chr06	11,13,15,17,19,23	23	19539073	25452098	1627132	43364039	0.037523	0.083276	0.114196	0.102435	False	0.123026
HAP1_chr33	HAP2_chr07	11,13,15,17,19,23	23	19539073	24690358	1460992	42768439	0.034161	0.074773	0.118136	0.106628	False	0.126508
HAP1_chr33	HAP2_chr08	11,13,15,17,19,23	23	19539073	23770547	1415850	41893770	0.033796	0.072462	0.118587	0.107846	False	0.126279
HAP1_chr33	HAP2_chr09	11,13,15,17,19,23	23	19539073	27088665	1496843	45130895	0.033167	0.076608	0.119378	0.105686	False	0.127688
HAP1_chr33	HAP2_chr10	11,13,15,17,19,23	23	19539073	27665485	1542123	45662435	0.033772	0.078925	0.118617	0.104526	False	0.126752
HAP1_chr33	HAP2_chr11	11,13,15,17,19,23	23	19539073	27186520	1548088	45177505	0.034267	0.079230	0.118005	0.104376	False	0.126259
HAP1_chr33	HAP2_chr12	11,13,15,17,19,23	23	19539073	26259349	1482897	44315525	0.033462	0.075894	0.119005	0.106050	False	0.127220
HAP1_chr33	HAP2_chr13	11,13,15,17,19,23	23	19539073	23327952	1364999	41502026	0.032890	0.069860	0.119731	0.109264	False	0.127966
HAP1_chr33	HAP2_chr14	11,13,15,17,19,23	23	19539073	24080067	1430356	42188784	0.033904	0.073205	0.118453	0.107451	False	0.126860
HAP1_chr33	HAP2_chr15	11,13,15,17,19,23	23	19539073	27590322	3582971	43546424	0.082279	0.183375	0.081894	0.071095	False	0.083756
HAP1_chr33	HAP2_chr16	11,13,15,17,19,23	23	19539073	26246790	1435688	44350175	0.032372	0.073478	0.120399	0.107306	False	0.128470
HAP1_chr33	HAP2_chr17	11,13,15,17,19,23	23	19539073	26521176	1545710	44514539	0.034724	0.079109	0.117449	0.104436	False	0.125716
HAP1_chr33	HAP2_chr18	11,13,15,17,19,23	23	19539073	24381093	1483866	42436300	0.034967	0.075944	0.117155	0.106024	False	0.126172
HAP1_chr33	HAP2_chr19	11,13,15,17,19,23	23	19539073	25768877	2314759	42993191	0.053840	0.118468	0.099175	0.088573	False	0.112019
HAP1_chr33	HAP2_chr20	11,13,15,17,19,23	23	19539073	20063909	2296120	37306862	0.061547	0.117514	0.093675	0.088893	False	0.105965
HAP1_chr33	HAP2_chr21	11,13,15,17,19,23	23	19539073	22803913	2281662	40061324	0.056954	0.116774	0.096859	0.089144	False	0.109259
HAP1_chr33	HAP2_chr22	11,13,15,17,19,23	23	19539073	21922403	2205820	39255656	0.056191	0.112893	0.097414	0.090481	False	0.109825
HAP1_chr33	HAP2_chr23	11,13,15,17,19,23	23	19539073	21196957	2285239	38450791	0.059433	0.116957	0.095108	0.089082	False	0.106980
HAP1_chr33	HAP2_chr24	11,13,15,17,19,23	23	19539073	20102868	2220928	37421013	0.059350	0.113666	0.095166	0.090211	False	0.107025
HAP1_chr33	HAP2_chr25	11,13,15,17,19,23	23	19539073	20239507	2149747	37628833	0.057130	0.110023	0.096732	0.091499	False	0.109170
HAP1_chr33	HAP2_chr26	11,13,15,17,19,23	23	19539073	19903419	2156412	37286080	0.057834	0.110364	0.096228	0.091377	False	0.108507
HAP1_chr33	HAP2_chr27	11,13,15,17,19,23	23	19539073	17870121	2046801	35362393	0.057881	0.114538	0.096195	0.089909	False	0.108725
HAP1_chr33	HAP2_chr28	11,13,15,17,19,23	23	19539073	17426831	2060632	34905272	0.059035	0.118245	0.095384	0.088648	False	0.107060
HAP1_chr33	HAP2_chr29	11,13,15,17,19,23	23	19539073	19028380	2061324	36506129	0.056465	0.108329	0.097214	0.092112	False	0.109731
HAP1_chr33	HAP2_chr30	11,13,15,17,19,23	23	19539073	19686693	2186587	37039179	0.059034	0.111908	0.095385	0.090828	False	0.107487
HAP1_chr33	HAP2_chr31	11,13,15,17,19,23	23	19539073	17171636	2105126	34605583	0.060832	0.122593	0.094154	0.087216	False	0.106276
HAP1_chr33	HAP2_chr32	11,13,15,17,19,23	23	19539073	19285510	2118467	36706116	0.057714	0.109848	0.096314	0.091562	False	0.108666
HAP1_chr33	HAP2_chr33	11,13,15,17,19,23	23	19539073	19469942	15744773	23264242	0.676780	0.808671	0.009310	0.009191	False	0.010618
HAP1_chr33	HAP2_chr34	11,13,15,17,19,23	23	19539073	19829428	2231835	37136666	0.060098	0.114224	0.094652	0.090018	False	0.106367
HAP1_chr33	HAP2_chr35	11,13,15,17,19,23	23	19539073	17598234	1991785	35145522	0.056673	0.113181	0.097063	0.090381	False	0.109526
HAP1_chr33	HAP2_chr36	11,13,15,17,19,23	23	19539073	16850131	1903126	34486078	0.055185	0.112944	0.098158	0.090463	False	0.110292
HAP1_chr34	HAP1_chr35	11,13,15,17,19,23	23	19140608	18698993	2159716	35679885	0.060530	0.115499	0.094358	0.089578	False	0.105886
HAP1_chr34	HAP1_chr36	11,13,15,17,19,23	23	19140608	17333529	1996169	34477968	0.057897	0.115162	0.096184	0.089694	False	0.107448
HAP1_chr34	HAP2_chr01	11,13,15,17,19,23	23	19140608	28826960	1563964	46403604	0.033704	0.081709	0.118702	0.103176	False	0.126071
HAP1_chr34	HAP2_chr02	11,13,15,17,19,23	23	19140608	32469880	1631989	49978499	0.032654	0.085263	0.120034	0.101514	False	0.128333
HAP1_chr34	HAP2_chr03	11,13,15,17,19,23	23	19140608	22336550	1354720	40122438	0.033765	0.070777	0.118626	0.108759	False	0.125487
HAP1_chr34	HAP2_chr04	11,13,15,17,19,23	23	19140608	24275153	2988321	40427440	0.073918	0.156125	0.086216	0.077570	False	0.087932
HAP1_chr34	HAP2_chr05	11,13,15,17,19,23	23	19140608	27694867	1552341	45283134	0.034281	0.081102	0.117988	0.103466	False	0.125415
HAP1_chr34	HAP2_chr06	11,13,15,17,19,23	23	19140608	25452098	1689787	42902919	0.039386	0.088283	0.112166	0.100153	False	0.120281
HAP1_chr34	HAP2_chr07	11,13,15,17,19,23	23	19140608	24690358	1532271	42298695	0.036225	0.080053	0.115671	0.103973	False	0.123071
HAP1_chr34	HAP2_chr08	11,13,15,17,19,23	23	19140608	23770547	1480176	41430979	0.035726	0.077332	0.116253	0.105320	False	0.123366
HAP1_chr34	HAP2_chr09	11,13,15,17,19,23	23	19140608	27088665	1532017	44697256	0.034275	0.080040	0.117995	0.103980	False	0.125553
HAP1_chr34	HAP2_chr10	11,13,15,17,19,23	23	19140608	27665485	1572584	45233509	0.034766	0.082160	0.117398	0.102961	False	0.124840
HAP1_chr34	HAP2_chr11	11,13,15,17,19,23	23	19140608	27186520	1587394	44739734	0.035481	0.082933	0.116543	0.102596	False	0.124130
HAP1_chr34	HAP2_chr12	11,13,15,17,19,23	23	19140608	26259349	1510001	43889956	0.034404	0.078890	0.117837	0.104544	False	0.125269
HAP1_chr34	HAP2_chr13	11,13,15,17,19,23	23	19140608	23327952	1423184	41045376	0.034673	0.074354	0.117510	0.106846	False	0.125043
HAP1_chr34	HAP2_chr14	11,13,15,17,19,23	23	19140608	24080067	1467685	41752990	0.035152	0.076679	0.116934	0.105650	False	0.124637
HAP1_chr34	HAP2_chr15	11,13,15,17,19,23	23	19140608	27590322	1555612	45175318	0.034435	0.081273	0.117800	0.103384	False	0.125415
HAP1_chr34	HAP2_chr16	11,13,15,17,19,23	23	19140608	26246790	1512459	43874939	0.034472	0.079018	0.117754	0.104480	False	0.125035
HAP1_chr34	HAP2_chr17	11,13,15,17,19,23	23	19140608	26521176	1586652	44075132	0.035999	0.082895	0.115934	0.102614	False	0.123575
HAP1_chr34	HAP2_chr18	11,13,15,17,19,23	23	19140608	24381093	1509130	42012571	0.035921	0.078844	0.116025	0.104566	False	0.124445
HAP1_chr34	HAP2_chr19	11,13,15,17,19,23	23	19140608	25768877	2278042	42631443	0.053436	0.119016	0.099486	0.088390	False	0.111676
HAP1_chr34	HAP2_chr20	11,13,15,17,19,23	23	19140608	20063909	2276489	36928028	0.061647	0.118935	0.093609	0.088417	False	0.105169
HAP1_chr34	HAP2_chr21	11,13,15,17,19,23	23	19140608	22803913	2310091	39634430	0.058285	0.120691	0.095909	0.087836	False	0.107575
HAP1_chr34	HAP2_chr22	11,13,15,17,19,23	23	19140608	21922403	2255085	38807926	0.058109	0.117817	0.096034	0.088792	False	0.107820
HAP1_chr34	HAP2_chr23	11,13,15,17,19,23	23	19140608	21196957	2358433	37979132	0.062098	0.123216	0.093310	0.087015	False	0.104271
HAP1_chr34	HAP2_chr24	11,13,15,17,19,23	23	19140608	20102868	2259256	36984220	0.061087	0.118035	0.093983	0.088718	False	0.105209
HAP1_chr34	HAP2_chr25	11,13,15,17,19,23	23	19140608	20239507	2155795	37224320	0.057914	0.112629	0.096172	0.090574	False	0.107671
HAP1_chr34	HAP2_chr26	11,13,15,17,19,23	23	19140608	19903419	2174463	36869564	0.058977	0.113605	0.095424	0.090233	False	0.107091
HAP1_chr34	HAP2_chr27	11,13,15,17,19,23	23	19140608	17870121	2015066	34995663	0.057580	0.112762	0.096409	0.090527	False	0.108339
HAP1_chr34	HAP2_chr28	11,13,15,17,19,23	23	19140608	17426831	2103553	34463886	0.061036	0.120708	0.094017	0.087831	False	0.105039
HAP1_chr34	HAP2_chr29	11,13,15,17,19,23	23	19140608	19028380	2143281	36025707	0.059493	0.112636	0.095067	0.090571	False	0.106838
HAP1_chr34	HAP2_chr30	11,13,15,17,19,23	23	19140608	19686693	2253790	36573511	0.061624	0.117749	0.093624	0.088814	False	0.104756
HAP1_chr34	HAP2_chr31	11,13,15,17,19,23	23	19140608	17171636	2148002	34164242	0.062873	0.125090	0.092803	0.086415	False	0.103972
HAP1_chr34	HAP2_chr32	11,13,15,17,19,23	23	19140608	19285510	2079738	36346380	0.057220	0.108656	0.096667	0.091993	False	0.108321
HAP1_chr34	HAP2_chr33	11,13,15,17,19,23	23	19140608	19469942	2173949	36436601	0.059664	0.113578	0.094949	0.090242	False	0.106474
HAP1_chr34	HAP2_chr34	11,13,15,17,19,23	23	19140608	19829428	17153969	21816067	0.786300	0.896208	0.005540	0.004753	False	0.006180
HAP1_chr34	HAP2_chr35	11,13,15,17,19,23	23	19140608	17598234	2029425	34709417	0.058469	0.115320	0.095780	0.089640	False	0.107289
HAP1_chr34	HAP2_chr36	11,13,15,17,19,23	23	19140608	16850131	1984066	34006673	0.058343	0.117748	0.095868	0.088815	False	0.107203
HAP1_chr35	HAP1_chr36	11,13,15,17,19,23	23	18698993	17333529	1988480	34044042	0.058409	0.114719	0.095822	0.089847	False	0.107598
HAP1_chr35	HAP2_chr01	11,13,15,17,19,23	23	18698993	28826960	1457852	46068101	0.031646	0.077964	0.121355	0.105003	False	0.129101
HAP1_chr35	HAP2_chr02	11,13,15,17,19,23	23	18698993	32469880	1569962	49598911	0.031653	0.083960	0.121345	0.102115	False	0.129981
HAP1_chr35	HAP2_chr03	11,13,15,17,19,23	23	18698993	22336550	1256937	39778606	0.031598	0.067220	0.121418	0.110755	False	0.128701
HAP1_chr35	HAP2_chr04	11,13,15,17,19,23	23	18698993	24275153	1470957	41503189	0.035442	0.078665	0.116589	0.104655	False	0.124465
HAP1_chr35	HAP2_chr05	11,13,15,17,19,23	23	18698993	27694867	1480660	44913200	0.032967	0.079184	0.119632	0.104399	False	0.127342
HAP1_chr35	HAP2_chr06	11,13,15,17,19,23	23	18698993	25452098	1586207	42564884	0.037266	0.084828	0.114484	0.101714	False	0.123176
HAP1_chr35	HAP2_chr07	11,13,15,17,19,23	23	18698993	24690358	1438307	41951044	0.034285	0.076919	0.117983	0.105528	False	0.126014
HAP1_chr35	HAP2_chr08	11,13,15,17,19,23	23	18698993	23770547	1384823	41084717	0.033707	0.074059	0.118699	0.107001	False	0.126326
HAP1_chr35	HAP2_chr09	11,13,15,17,19,23	23	18698993	27088665	1455769	44331889	0.032838	0.077853	0.119797	0.105059	False	0.127763
HAP1_chr35	HAP2_chr10	11,13,15,17,19,23	23	18698993	27665485	1470759	44893719	0.032761	0.078654	0.119896	0.104660	False	0.127803
HAP1_chr35	HAP2_chr11	11,13,15,17,19,23	23	18698993	27186520	1500705	44384808	0.033811	0.080256	0.118568	0.103875	False	0.126738
HAP1_chr35	HAP2_chr12	11,13,15,17,19,23	23	18698993	26259349	1401594	43556748	0.032179	0.074956	0.120651	0.106533	False	0.128674
HAP1_chr35	HAP2_chr13	11,13,15,17,19,23	23	18698993	23327952	1314923	40712022	0.032298	0.070321	0.120495	0.109009	False	0.128282
HAP1_chr35	HAP2_chr14	11,13,15,17,19,23	23	18698993	24080067	1361179	41417881	0.032865	0.072794	0.119763	0.107669	False	0.127955
HAP1_chr35	HAP2_chr15	11,13,15,17,19,23	23	18698993	27590322	1484247	44805068	0.033127	0.079376	0.119429	0.104305	False	0.127455
HAP1_chr35	HAP2_chr16	11,13,15,17,19,23	23	18698993	26246790	3378674	41567109	0.081282	0.180687	0.082384	0.071691	False	0.084050
HAP1_chr35	HAP2_chr17	11,13,15,17,19,23	23	18698993	26521176	1485985	43734184	0.033978	0.079469	0.118362	0.104259	False	0.126432
HAP1_chr35	HAP2_chr18	11,13,15,17,19,23	23	18698993	24381093	1415071	41665015	0.033963	0.075676	0.118380	0.106161	False	0.127258
HAP1_chr35	HAP2_chr19	11,13,15,17,19,23	23	18698993	25768877	2324905	42142965	0.055167	0.124333	0.098171	0.086656	False	0.110757
HAP1_chr35	HAP2_chr20	11,13,15,17,19,23	23	18698993	20063909	2298743	36464159	0.063041	0.122934	0.092694	0.087106	False	0.104662
HAP1_chr35	HAP2_chr21	11,13,15,17,19,23	23	18698993	22803913	2252185	39250721	0.057379	0.120444	0.096553	0.087917	False	0.108807
HAP1_chr35	HAP2_chr22	11,13,15,17,19,23	23	18698993	21922403	2189709	38431687	0.056977	0.117103	0.096843	0.089032	False	0.109012
HAP1_chr35	HAP2_chr23	11,13,15,17,19,23	23	18698993	21196957	2361281	37534669	0.062909	0.126279	0.092779	0.086040	False	0.104355
HAP1_chr35	HAP2_chr24	11,13,15,17,19,23	23	18698993	20102868	2272937	36528924	0.062223	0.121554	0.093228	0.087554	False	0.104785
HAP1_chr35	HAP2_chr25	11,13,15,17,19,23	23	18698993	20239507	2175333	36763167	0.059172	0.116334	0.095289	0.089293	False	0.107276
HAP1_chr35	HAP2_chr26	11,13,15,17,19,23	23	18698993	19903419	2187463	36414949	0.060070	0.116983	0.094671	0.089073	False	0.106702
HAP1_chr35	HAP2_chr27	11,13,15,17,19,23	23	18698993	17870121	2045634	34523480	0.059253	0.114472	0.095233	0.089932	False	0.107538
HAP1_chr35	HAP2_chr28	11,13,15,17,19,23	23	18698993	17426831	2120059	34005765	0.062344	0.121655	0.093149	0.087521	False	0.104686
HAP1_chr35	HAP2_chr29	11,13,15,17,19,23	23	18698993	19028380	2096132	35631241	0.058828	0.112099	0.095528	0.090761	False	0.107822
HAP1_chr35	HAP2_chr30	11,13,15,17,19,23	23	18698993	19686693	2210821	36174865	0.061115	0.118232	0.093964	0.088652	False	0.105580
HAP1_chr35	HAP2_chr31	11,13,15,17,19,23	23	18698993	17171636	2136193	33734436	0.063324	0.124402	0.092511	0.086634	False	0.104279
HAP1_chr35	HAP2_chr32	11,13,15,17,19,23	23	18698993	19285510	2090970	35893533	0.058255	0.111823	0.095931	0.090858	False	0.108053
HAP1_chr35	HAP2_chr33	11,13,15,17,19,23	23	18698993	19469942	2118170	36050765	0.058755	0.113277	0.095579	0.090347	False	0.107695
HAP1_chr35	HAP2_chr34	11,13,15,17,19,23	23	18698993	19829428	2260040	36268381	0.062314	0.120864	0.093168	0.087779	False	0.104580
HAP1_chr35	HAP2_chr35	11,13,15,17,19,23	23	18698993	17598234	15389897	20907330	0.736101	0.874514	0.007169	0.005813	False	0.007950
HAP1_chr35	HAP2_chr36	11,13,15,17,19,23	23	18698993	16850131	1929403	33619721	0.057389	0.114504	0.096546	0.089921	False	0.108317
HAP1_chr36	HAP2_chr01	11,13,15,17,19,23	23	17333529	28826960	1405540	44754949	0.031405	0.081088	0.121676	0.103473	False	0.128889
HAP1_chr36	HAP2_chr02	11,13,15,17,19,23	23	17333529	32469880	1513828	48289581	0.031349	0.087335	0.121752	0.100575	False	0.129869
HAP1_chr36	HAP2_chr03	11,13,15,17,19,23	23	17333529	22336550	1238782	38431297	0.032234	0.071467	0.120579	0.108382	False	0.127516
HAP1_chr36	HAP2_chr04	11,13,15,17,19,23	23	17333529	24275153	1412686	40195996	0.035145	0.081500	0.116942	0.103275	False	0.124223
HAP1_chr36	HAP2_chr05	11,13,15,17,19,23	23	17333529	27694867	1397897	43630499	0.032039	0.080647	0.120834	0.103686	False	0.128069
HAP1_chr36	HAP2_chr06	11,13,15,17,19,23	23	17333529	25452098	2880179	39905448	0.072175	0.166162	0.087183	0.075067	False	0.089322
HAP1_chr36	HAP2_chr07	11,13,15,17,19,23	23	17333529	24690358	1376724	40647163	0.033870	0.079425	0.118495	0.104280	False	0.126009
HAP1_chr36	HAP2_chr08	11,13,15,17,19,23	23	17333529	23770547	1345236	39758840	0.033835	0.077609	0.118539	0.105181	False	0.125625
HAP1_chr36	HAP2_chr09	11,13,15,17,19,23	23	17333529	27088665	1391118	43031076	0.032328	0.080256	0.120456	0.103875	False	0.127947
HAP1_chr36	HAP2_chr10	11,13,15,17,19,23	23	17333529	27665485	1413355	43585659	0.032427	0.081539	0.120327	0.103257	False	0.127792
HAP1_chr36	HAP2_chr11	11,13,15,17,19,23	23	17333529	27186520	1436027	43084022	0.033331	0.082847	0.119170	0.102636	False	0.126930
HAP1_chr36	HAP2_chr12	11,13,15,17,19,23	23	17333529	26259349	1386331	42206547	0.032846	0.079980	0.119786	0.104009	False	0.127224
HAP1_chr36	HAP2_chr13	11,13,15,17,19,23	23	17333529	23327952	1259712	39401769	0.031971	0.072675	0.120924	0.107733	False	0.128381
HAP1_chr36	HAP2_chr14	11,13,15,17,19,23	23	17333529	24080067	1320511	40093085	0.032936	0.076182	0.119671	0.105902	False	0.127351
HAP1_chr36	HAP2_chr15	11,13,15,17,19,23	23	17333529	27590322	1414379	43509472	0.032507	0.081598	0.120223	0.103229	False	0.127788
HAP1_chr36	HAP2_chr16	11,13,15,17,19,23	23	17333529	26246790	1345210	42235109	0.031851	0.077607	0.121083	0.105182	False	0.128257
HAP1_chr36	HAP2_chr17	11,13,15,17,19,23	23	17333529	26521176	1430949	42423756	0.033730	0.082554	0.118669	0.102774	False	0.126249
HAP1_chr36	HAP2_chr18	11,13,15,17,19,23	23	17333529	24381093	1368582	40346040	0.033921	0.078956	0.118432	0.104511	False	0.126854
HAP1_chr36	HAP2_chr19	11,13,15,17,19,23	23	17333529	25768877	2194249	40908157	0.053638	0.126590	0.099330	0.085942	False	0.111604
HAP1_chr36	HAP2_chr20	11,13,15,17,19,23	23	17333529	20063909	2092404	35305034	0.059266	0.120714	0.095224	0.087829	False	0.106895
HAP1_chr36	HAP2_chr21	11,13,15,17,19,23	23	17333529	22803913	2137868	37999574	0.056260	0.123337	0.097363	0.086976	False	0.109012
HAP1_chr36	HAP2_chr22	11,13,15,17,19,23	23	17333529	21922403	2032541	37223391	0.054604	0.117261	0.098594	0.088979	False	0.110376
HAP1_chr36	HAP2_chr23	11,13,15,17,19,23	23	17333529	21196957	2108383	36422103	0.057887	0.121636	0.096190	0.087527	False	0.107566
HAP1_chr36	HAP2_chr24	11,13,15,17,19,23	23	17333529	20102868	2053052	35383345	0.058023	0.118444	0.096094	0.088581	False	0.107301
HAP1_chr36	HAP2_chr25	11,13,15,17,19,23	23	17333529	20239507	2051638	35521398	0.057758	0.118362	0.096283	0.088609	False	0.108134
HAP1_chr36	HAP2_chr26	11,13,15,17,19,23	23	17333529	19903419	2030351	35206597	0.057670	0.117134	0.096345	0.089022	False	0.108100
HAP1_chr36	HAP2_chr27	11,13,15,17,19,23	23	17333529	17870121	1853335	33350315	0.055572	0.106922	0.097870	0.092628	False	0.109885
HAP1_chr36	HAP2_chr28	11,13,15,17,19,23	23	17333529	17426831	1937989	32822371	0.059045	0.111806	0.095377	0.090864	False	0.106513
HAP1_chr36	HAP2_chr29	11,13,15,17,19,23	23	17333529	19028380	1929460	34432449	0.056036	0.111314	0.097528	0.091038	False	0.109209
HAP1_chr36	HAP2_chr30	11,13,15,17,19,23	23	17333529	19686693	2063539	34956683	0.059031	0.119049	0.095387	0.088379	False	0.106552
HAP1_chr36	HAP2_chr31	11,13,15,17,19,23	23	17333529	17171636	1998752	32506413	0.061488	0.116398	0.093715	0.089271	False	0.105133
HAP1_chr36	HAP2_chr32	11,13,15,17,19,23	23	17333529	19285510	1933061	34685978	0.055730	0.111521	0.097753	0.090965	False	0.109423
HAP1_chr36	HAP2_chr33	11,13,15,17,19,23	23	17333529	19469942	1993829	34809642	0.057278	0.115027	0.096626	0.089740	False	0.108426
HAP1_chr36	HAP2_chr34	11,13,15,17,19,23	23	17333529	19829428	2062207	35100750	0.058751	0.118972	0.095582	0.088405	False	0.106707
HAP1_chr36	HAP2_chr35	11,13,15,17,19,23	23	17333529	17598234	1851406	33080357	0.055967	0.106811	0.097578	0.092669	False	0.109275
HAP1_chr36	HAP2_chr36	11,13,15,17,19,23	23	17333529	16850131	13070332	21113328	0.619056	0.775681	0.011663	0.010983	False	0.012534
HAP2_chr01	HAP2_chr02	11,13,15,17,19,23	23	28826960	32469880	4959168	56337672	0.088026	0.172032	0.079189	0.073670	False	0.091667
HAP2_chr01	HAP2_chr03	11,13,15,17,19,23	23	28826960	22336550	4465718	46697792	0.095630	0.199929	0.075889	0.067598	False	0.087552
HAP2_chr01	HAP2_chr04	11,13,15,17,19,23	23	28826960	24275153	4512921	48589192	0.092879	0.185907	0.077049	0.070541	False	0.088705
HAP2_chr01	HAP2_chr05	11,13,15,17,19,23	23	28826960	27694867	5161105	51360722	0.100487	0.186356	0.073927	0.070443	False	0.085651
HAP2_chr01	HAP2_chr06	11,13,15,17,19,23	23	28826960	25452098	4607772	49671286	0.092765	0.181037	0.077098	0.071613	False	0.088594
HAP2_chr01	HAP2_chr07	11,13,15,17,19,23	23	28826960	24690358	4845877	48671441	0.099563	0.196266	0.074293	0.068347	False	0.085950
HAP2_chr01	HAP2_chr08	11,13,15,17,19,23	23	28826960	23770547	4720266	47877241	0.098591	0.198576	0.074681	0.067873	False	0.086209
HAP2_chr01	HAP2_chr09	11,13,15,17,19,23	23	28826960	27088665	4777053	51138572	0.093414	0.176349	0.076821	0.072672	False	0.088834
HAP2_chr01	HAP2_chr10	11,13,15,17,19,23	23	28826960	27665485	4853213	51639232	0.093983	0.175425	0.076579	0.072883	False	0.088288
HAP2_chr01	HAP2_chr11	11,13,15,17,19,23	23	28826960	27186520	4655514	51357966	0.090648	0.171243	0.078017	0.073855	False	0.089844
HAP2_chr01	HAP2_chr12	11,13,15,17,19,23	23	28826960	26259349	4572500	50513809	0.090520	0.174128	0.078074	0.073182	False	0.089957
HAP2_chr01	HAP2_chr13	11,13,15,17,19,23	23	28826960	23327952	4312045	47842867	0.090129	0.184845	0.078246	0.070773	False	0.090290
HAP2_chr01	HAP2_chr14	11,13,15,17,19,23	23	28826960	24080067	4183010	48724017	0.085851	0.173713	0.080189	0.073279	False	0.092114
HAP2_chr01	HAP2_chr15	11,13,15,17,19,23	23	28826960	27590322	4829586	51587696	0.093619	0.175046	0.076733	0.072970	False	0.088686
HAP2_chr01	HAP2_chr16	11,13,15,17,19,23	23	28826960	26246790	4740715	50333035	0.094187	0.180621	0.076493	0.071706	False	0.088501
HAP2_chr01	HAP2_chr17	11,13,15,17,19,23	23	28826960	26521176	4628166	50719970	0.091249	0.174508	0.077754	0.073094	False	0.089686
HAP2_chr01	HAP2_chr18	11,13,15,17,19,23	23	28826960	24381093	4296074	48911979	0.087833	0.176205	0.079277	0.072704	False	0.091791
HAP2_chr01	HAP2_chr19	11,13,15,17,19,23	23	28826960	25768877	1708248	52887589	0.032300	0.066291	0.120493	0.111292	False	0.129448
HAP2_chr01	HAP2_chr20	11,13,15,17,19,23	23	28826960	20063909	1679634	47211235	0.035577	0.083714	0.116429	0.102230	False	0.123879
HAP2_chr01	HAP2_chr21	11,13,15,17,19,23	23	28826960	22803913	1726912	49903961	0.034605	0.075729	0.117593	0.106134	False	0.125801
HAP2_chr01	HAP2_chr22	11,13,15,17,19,23	23	28826960	21922403	3319095	47430268	0.069978	0.151402	0.088437	0.078801	False	0.090953
HAP2_chr01	HAP2_chr23	11,13,15,17,19,23	23	28826960	21196957	1796408	48227509	0.037249	0.084748	0.114503	0.101750	False	0.122084
HAP2_chr01	HAP2_chr24	11,13,15,17,19,23	23	28826960	20102868	1658081	47271747	0.035076	0.082480	0.117025	0.102809	False	0.124454
HAP2_chr01	HAP2_chr25	11,13,15,17,19,23	23	28826960	20239507	1555453	47511014	0.032739	0.076852	0.119924	0.105562	False	0.128012
HAP2_chr01	HAP2_chr26	11,13,15,17,19,23	23	28826960	19903419	1657623	47072756	0.035214	0.083283	0.116860	0.102431	False	0.124738
HAP2_chr01	HAP2_chr27	11,13,15,17,19,23	23	28826960	17870121	1542970	45154111	0.034171	0.086344	0.118123	0.101022	False	0.126555
HAP2_chr01	HAP2_chr28	11,13,15,17,19,23	23	28826960	17426831	1526442	44727349	0.034128	0.087591	0.118176	0.100461	False	0.125757
HAP2_chr01	HAP2_chr29	11,13,15,17,19,23	23	28826960	19028380	1590126	46265214	0.034370	0.083566	0.117879	0.102299	False	0.125876
HAP2_chr01	HAP2_chr30	11,13,15,17,19,23	23	28826960	19686693	1618121	46895532	0.034505	0.082194	0.117714	0.102945	False	0.125149
HAP2_chr01	HAP2_chr31	11,13,15,17,19,23	23	28826960	17171636	1506625	44491971	0.033863	0.087739	0.118504	0.100395	False	0.126057
HAP2_chr01	HAP2_chr32	11,13,15,17,19,23	23	28826960	19285510	1551256	46561214	0.033316	0.080436	0.119188	0.103788	False	0.127061
HAP2_chr01	HAP2_chr33	11,13,15,17,19,23	23	28826960	19469942	1529353	46767549	0.032701	0.078549	0.119973	0.104712	False	0.127776
HAP2_chr01	HAP2_chr34	11,13,15,17,19,23	23	28826960	19829428	1652035	47004353	0.035146	0.083312	0.116940	0.102418	False	0.124233
HAP2_chr01	HAP2_chr35	11,13,15,17,19,23	23	28826960	17598234	1375354	45049840	0.030530	0.078153	0.122869	0.104909	False	0.130612
HAP2_chr01	HAP2_chr36	11,13,15,17,19,23	23	28826960	16850131	1371705	44305386	0.030960	0.081406	0.122278	0.103320	False	0.129523
HAP2_chr02	HAP2_chr03	11,13,15,17,19,23	23	32469880	22336550	4369479	50436951	0.086632	0.195620	0.079827	0.068481	False	0.092265
HAP2_chr02	HAP2_chr04	11,13,15,17,19,23	23	32469880	24275153	4470424	52274609	0.085518	0.184156	0.080345	0.070923	False	0.092718
HAP2_chr02	HAP2_chr05	11,13,15,17,19,23	23	32469880	27694867	4962400	55202347	0.089895	0.179181	0.078350	0.072029	False	0.090979
HAP2_chr02	HAP2_chr06	11,13,15,17,19,23	23	32469880	25452098	4607939	53314039	0.086430	0.181044	0.079920	0.071612	False	0.092228
HAP2_chr02	HAP2_chr07	11,13,15,17,19,23	23	32469880	24690358	4612773	52547465	0.087783	0.186825	0.079299	0.070342	False	0.091975
HAP2_chr02	HAP2_chr08	11,13,15,17,19,23	23	32469880	23770547	4557208	51683219	0.088176	0.191717	0.079121	0.069297	False	0.091485
HAP2_chr02	HAP2_chr09	11,13,15,17,19,23	23	32469880	27088665	4643469	54915076	0.084557	0.171417	0.080798	0.073814	False	0.093418
HAP2_chr02	HAP2_chr10	11,13,15,17,19,23	23	32469880	27665485	4791581	55343784	0.086578	0.173197	0.079852	0.073398	False	0.092395
HAP2_chr02	HAP2_chr11	11,13,15,17,19,23	23	32469880	27186520	4739237	54917163	0.086298	0.174323	0.079982	0.073137	False	0.092302
HAP2_chr02	HAP2_chr12	11,13,15,17,19,23	23	32469880	26259349	4624931	54104298	0.085482	0.176125	0.080362	0.072723	False	0.092808
HAP2_chr02	HAP2_chr13	11,13,15,17,19,23	23	32469880	23327952	4211453	51586379	0.081639	0.180532	0.082208	0.071726	False	0.094945
HAP2_chr02	HAP2_chr14	11,13,15,17,19,23	23	32469880	24080067	4259846	52290101	0.081466	0.176903	0.082293	0.072545	False	0.094998
HAP2_chr02	HAP2_chr15	11,13,15,17,19,23	23	32469880	27590322	4661715	55398487	0.084149	0.168962	0.080992	0.074395	False	0.093564
HAP2_chr02	HAP2_chr16	11,13,15,17,19,23	23	32469880	26246790	4637356	54079314	0.085751	0.176683	0.080236	0.072595	False	0.092898
HAP2_chr02	HAP2_chr17	11,13,15,17,19,23	23	32469880	26521176	4588450	54402606	0.084342	0.173011	0.080900	0.073442	False	0.093443
HAP2_chr02	HAP2_chr18	11,13,15,17,19,23	23	32469880	24381093	4279274	52571699	0.081399	0.175516	0.082326	0.072862	False	0.095451
HAP2_chr02	HAP2_chr19	11,13,15,17,19,23	23	32469880	25768877	4558487	53680270	0.084919	0.176899	0.080627	0.072546	False	0.083316
HAP2_chr02	HAP2_chr20	11,13,15,17,19,23	23	32469880	20063909	1751345	50782444	0.034487	0.087288	0.117736	0.100596	False	0.126092
HAP2_chr02	HAP2_chr21	11,13,15,17,19,23	23	32469880	22803913	1788174	53485619	0.033433	0.078415	0.119042	0.104779	False	0.128027
HAP2_chr02	HAP2_chr22	11,13,15,17,19,23	23	32469880	21922403	1715786	52676497	0.032572	0.078266	0.120139	0.104853	False	0.129058
HAP2_chr02	HAP2_chr23	11,13,15,17,19,23	23	32469880	21196957	1864154	51802683	0.035986	0.087944	0.115950	0.100304	False	0.124277
HAP2_chr02	HAP2_chr24	11,13,15,17,19,23	23	32469880	20102868	1777611	50795137	0.034996	0.088426	0.117121	0.100090	False	0.125312
HAP2_chr02	HAP2_chr25	11,13,15,17,19,23	23	32469880	20239507	1645389	51063998	0.032222	0.081296	0.120594	0.103373	False	0.129329
HAP2_chr02	HAP2_chr26	11,13,15,17,19,23	23	32469880	19903419	1699551	50673748	0.033539	0.085390	0.118908	0.101456	False	0.127597
HAP2_chr02	HAP2_chr27	11,13,15,17,19,23	23	32469880	17870121	1580915	48759086	0.032423	0.088467	0.120333	0.100072	False	0.129185
HAP2_chr02	HAP2_chr28	11,13,15,17,19,23	23	32469880	17426831	1569293	48327418	0.032472	0.090050	0.120269	0.099377	False	0.128284
HAP2_chr02	HAP2_chr29	11,13,15,17,19,23	23	32469880	19028380	1685183	49813077	0.033830	0.088562	0.118545	0.100030	False	0.127227
HAP2_chr02	HAP2_chr30	11,13,15,17,19,23	23	32469880	19686693	1679779	50476794	0.033278	0.085326	0.119237	0.101485	False	0.127343
HAP2_chr02	HAP2_chr31	11,13,15,17,19,23	23	32469880	17171636	1569348	48072168	0.032646	0.091392	0.120044	0.098798	False	0.128163
HAP2_chr02	HAP2_chr32	11,13,15,17,19,23	23	32469880	19285510	1616818	50138572	0.032247	0.083836	0.120562	0.102173	False	0.129276
HAP2_chr02	HAP2_chr33	11,13,15,17,19,23	23	32469880	19469942	1635330	50304492	0.032509	0.083993	0.120221	0.102100	False	0.128835
HAP2_chr02	HAP2_chr34	11,13,15,17,19,23	23	32469880	19829428	1730052	50569256	0.034212	0.087247	0.118073	0.100615	False	0.126316
HAP2_chr02	HAP2_chr35	11,13,15,17,19,23	23	32469880	17598234	1473851	48594263	0.030330	0.083750	0.123146	0.102213	False	0.131650
HAP2_chr02	HAP2_chr36	11,13,15,17,19,23	23	32469880	16850131	1466119	47853892	0.030637	0.087009	0.122720	0.100722	False	0.130731
HAP2_chr03	HAP2_chr04	11,13,15,17,19,23	23	22336550	24275153	4018309	42593394	0.094341	0.179898	0.076428	0.071868	False	0.087669
HAP2_chr03	HAP2_chr05	11,13,15,17,19,23	23	22336550	27694867	4481491	45549926	0.098386	0.200635	0.074763	0.067455	False	0.086396
HAP2_chr03	HAP2_chr06	11,13,15,17,19,23	23	22336550	25452098	4053031	43735617	0.092671	0.181453	0.077138	0.071520	False	0.088507
HAP2_chr03	HAP2_chr07	11,13,15,17,19,23	23	22336550	24690358	4231488	42795420	0.098877	0.189442	0.074566	0.069779	False	0.086024
HAP2_chr03	HAP2_chr08	11,13,15,17,19,23	23	22336550	23770547	4107897	41999200	0.097809	0.183909	0.074996	0.070977	False	0.086265
HAP2_chr03	HAP2_chr09	11,13,15,17,19,23	23	22336550	27088665	4175665	45249550	0.092281	0.186943	0.077306	0.070316	False	0.089220
HAP2_chr03	HAP2_chr10	11,13,15,17,19,23	23	22336550	27665485	4188441	45813594	0.091424	0.187515	0.077678	0.070193	False	0.089355
HAP2_chr03	HAP2_chr11	11,13,15,17,19,23	23	22336550	27186520	4197801	45325269	0.092615	0.187934	0.077162	0.070103	False	0.088562
HAP2_chr03	HAP2_chr12	11,13,15,17,19,23	23	22336550	26259349	4090115	44505784	0.091901	0.183113	0.077470	0.071153	False	0.089176
HAP2_chr03	HAP2_chr13	11,13,15,17,19,23	23	22336550	23327952	3814364	41850138	0.091143	0.170768	0.077800	0.073967	False	0.089697
HAP2_chr03	HAP2_chr14	11,13,15,17,19,23	23	22336550	24080067	3681917	42734700	0.086158	0.164838	0.080047	0.075389	False	0.091817
HAP2_chr03	HAP2_chr15	11,13,15,17,19,23	23	22336550	27590322	4159298	45767574	0.090879	0.186210	0.077916	0.070475	False	0.089906
HAP2_chr03	HAP2_chr16	11,13,15,17,19,23	23	22336550	26246790	4124044	44459296	0.092760	0.184632	0.077100	0.070819	False	0.089019
HAP2_chr03	HAP2_chr17	11,13,15,17,19,23	23	22336550	26521176	4172135	44685591	0.093366	0.186785	0.076841	0.070351	False	0.088512
HAP2_chr03	HAP2_chr18	11,13,15,17,19,23	23	22336550	24381093	3791037	42926606	0.088314	0.169723	0.079058	0.074214	False	0.091460
HAP2_chr03	HAP2_chr19	11,13,15,17,19,23	23	22336550	25768877	1460966	46644461	0.031321	0.065407	0.121789	0.111811	False	0.130334
HAP2_chr03	HAP2_chr20	11,13,15,17,19,23	23	22336550	20063909	1429497	40970962	0.034890	0.071247	0.117247	0.108502	False	0.124657
HAP2_chr03	HAP2_chr21	11,13,15,17,19,23	23	22336550	22803913	1476821	43663642	0.033823	0.066117	0.118554	0.111394	False	0.126323
HAP2_chr03	HAP2_chr22	11,13,15,17,19,23	23	22336550	21922403	1396304	42862649	0.032576	0.063693	0.120134	0.112836	False	0.127828
HAP2_chr03	HAP2_chr23	11,13,15,17,19,23	23	22336550	21196957	1554917	41978590	0.037041	0.073356	0.114737	0.107371	False	0.122148
HAP2_chr03	HAP2_chr24	11,13,15,17,19,23	23	22336550	20102868	2903163	39536255	0.073430	0.144415	0.086484	0.080691	False	0.088512
HAP2_chr03	HAP2_chr25	11,13,15,17,19,23	23	22336550	20239507	1321186	41254871	0.032025	0.065278	0.120853	0.111887	False	0.128481
HAP2_chr03	HAP2_chr26	11,13,15,17,19,23	23	22336550	19903419	1408426	40831543	0.034494	0.070763	0.117728	0.108766	False	0.125592
HAP2_chr03	HAP2_chr27	11,13,15,17,19,23	23	22336550	17870121	1307859	38898812	0.033622	0.073187	0.118804	0.107460	False	0.127209
HAP2_chr03	HAP2_chr28	11,13,15,17,19,23	23	22336550	17426831	1335282	38428099	0.034748	0.076622	0.117420	0.105678	False	0.124689
HAP2_chr03	HAP2_chr29	11,13,15,17,19,23	23	22336550	19028380	1380468	39984462	0.034525	0.072548	0.117690	0.107801	False	0.125873
HAP2_chr03	HAP2_chr30	11,13,15,17,19,23	23	22336550	19686693	1359873	40663370	0.033442	0.069076	0.119030	0.109701	False	0.125932
HAP2_chr03	HAP2_chr31	11,13,15,17,19,23	23	22336550	17171636	1288740	38219446	0.033719	0.075051	0.118682	0.106484	False	0.125885
HAP2_chr03	HAP2_chr32	11,13,15,17,19,23	23	22336550	19285510	1353105	40268955	0.033602	0.070162	0.118830	0.109097	False	0.126582
HAP2_chr03	HAP2_chr33	11,13,15,17,19,23	23	22336550	19469942	1314161	40492331	0.032455	0.067497	0.120292	0.110596	False	0.127763
HAP2_chr03	HAP2_chr34	11,13,15,17,19,23	23	22336550	19829428	1397520	40768458	0.034279	0.070477	0.117990	0.108923	False	0.124713
HAP2_chr03	HAP2_chr35	11,13,15,17,19,23	23	22336550	17598234	1212941	38721843	0.031324	0.068924	0.121785	0.109786	False	0.129301
HAP2_chr03	HAP2_chr36	11,13,15,17,19,23	23	22336550	16850131	1217804	37968877	0.032074	0.072273	0.120789	0.107948	False	0.127856
HAP2_chr04	HAP2_chr05	11,13,15,17,19,23	23	24275153	27694867	4527294	47442726	0.095427	0.186499	0.075974	0.070412	False	0.087564
HAP2_chr04	HAP2_chr06	11,13,15,17,19,23	23	24275153	25452098	4212539	45514712	0.092553	0.173533	0.077189	0.073320	False	0.088348
HAP2_chr04	HAP2_chr07	11,13,15,17,19,23	23	24275153	24690358	4261292	44704219	0.095322	0.175541	0.076017	0.072857	False	0.087467
HAP2_chr04	HAP2_chr08	11,13,15,17,19,23	23	24275153	23770547	4157196	43888504	0.094722	0.174889	0.076268	0.073007	False	0.087431
HAP2_chr04	HAP2_chr09	11,13,15,17,19,23	23	24275153	27088665	4266500	47097318	0.090589	0.175756	0.078043	0.072807	False	0.089669
HAP2_chr04	HAP2_chr10	11,13,15,17,19,23	23	24275153	27665485	4289573	47651065	0.090021	0.176706	0.078294	0.072590	False	0.089967
HAP2_chr04	HAP2_chr11	11,13,15,17,19,23	23	24275153	27186520	4211928	47249745	0.089142	0.173508	0.078686	0.073326	False	0.090216
HAP2_chr04	HAP2_chr12	11,13,15,17,19,23	23	24275153	26259349	4137320	46397182	0.089172	0.170434	0.078672	0.074046	False	0.090255
HAP2_chr04	HAP2_chr13	11,13,15,17,19,23	23	24275153	23327952	3879245	43723860	0.088721	0.166292	0.078874	0.075036	False	0.090540
HAP2_chr04	HAP2_chr14	11,13,15,17,19,23	23	24275153	24080067	3776535	44578685	0.084716	0.156832	0.080723	0.077388	False	0.092471
HAP2_chr04	HAP2_chr15	11,13,15,17,19,23	23	24275153	27590322	4284856	47580619	0.090055	0.176512	0.078279	0.072634	False	0.089965
HAP2_chr04	HAP2_chr16	11,13,15,17,19,23	23	24275153	26246790	4163065	46358878	0.089801	0.171495	0.078392	0.073796	False	0.090202
HAP2_chr04	HAP2_chr17	11,13,15,17,19,23	23	24275153	26521176	4230988	46565341	0.090861	0.174293	0.077924	0.073144	False	0.089514
HAP2_chr04	HAP2_chr18	11,13,15,17,19,23	23	24275153	24381093	3901391	44754855	0.087172	0.160715	0.079578	0.076407	False	0.091770
HAP2_chr04	HAP2_chr19	11,13,15,17,19,23	23	24275153	25768877	1704449	48339581	0.035260	0.070214	0.116805	0.109068	False	0.125578
HAP2_chr04	HAP2_chr20	11,13,15,17,19,23	23	24275153	20063909	1637206	42701856	0.038340	0.081600	0.113293	0.103228	False	0.120924
HAP2_chr04	HAP2_chr21	11,13,15,17,19,23	23	24275153	22803913	1691955	45387111	0.037278	0.074196	0.114469	0.106929	False	0.122536
HAP2_chr04	HAP2_chr22	11,13,15,17,19,23	23	24275153	21922403	1643779	44553777	0.036894	0.074982	0.114904	0.106520	False	0.122928
HAP2_chr04	HAP2_chr23	11,13,15,17,19,23	23	24275153	21196957	1782892	43689218	0.040809	0.084111	0.110683	0.102045	False	0.118290
HAP2_chr04	HAP2_chr24	11,13,15,17,19,23	23	24275153	20102868	1646029	42731992	0.038520	0.081880	0.113097	0.103094	False	0.120575
HAP2_chr04	HAP2_chr25	11,13,15,17,19,23	23	24275153	20239507	1548730	42965930	0.036046	0.076520	0.115880	0.105730	False	0.123642
HAP2_chr04	HAP2_chr26	11,13,15,17,19,23	23	24275153	19903419	1600515	42578057	0.037590	0.080414	0.114120	0.103798	False	0.122220
HAP2_chr04	HAP2_chr27	11,13,15,17,19,23	23	24275153	17870121	1523441	40621833	0.037503	0.085251	0.114218	0.101520	False	0.123020
HAP2_chr04	HAP2_chr28	11,13,15,17,19,23	23	24275153	17426831	1502108	40199876	0.037366	0.086195	0.114371	0.101089	False	0.122015
HAP2_chr04	HAP2_chr29	11,13,15,17,19,23	23	24275153	19028380	1593380	41710153	0.038201	0.083737	0.113445	0.102219	False	0.121939
HAP2_chr04	HAP2_chr30	11,13,15,17,19,23	23	24275153	19686693	1593250	42368596	0.037605	0.080930	0.114104	0.103549	False	0.121532
HAP2_chr04	HAP2_chr31	11,13,15,17,19,23	23	24275153	17171636	1490533	39956256	0.037304	0.086802	0.114440	0.100815	False	0.122346
HAP2_chr04	HAP2_chr32	11,13,15,17,19,23	23	24275153	19285510	1514130	42046533	0.036011	0.078511	0.115920	0.104731	False	0.123850
HAP2_chr04	HAP2_chr33	11,13,15,17,19,23	23	24275153	19469942	1526650	42218445	0.036161	0.078411	0.115746	0.104781	False	0.123469
HAP2_chr04	HAP2_chr34	11,13,15,17,19,23	23	24275153	19829428	2986529	41118052	0.072633	0.150611	0.086926	0.079011	False	0.088891
HAP2_chr04	HAP2_chr35	11,13,15,17,19,23	23	24275153	17598234	1375525	40497862	0.033965	0.078163	0.118377	0.104904	False	0.126251
HAP2_chr04	HAP2_chr36	11,13,15,17,19,23	23	24275153	16850131	1382727	39742557	0.034792	0.082060	0.117366	0.103008	False	0.124792
HAP2_chr05	HAP2_chr06	11,13,15,17,19,23	23	27694867	25452098	4659647	48487318	0.096100	0.183075	0.075695	0.071161	False	0.087181
HAP2_chr05	HAP2_chr07	11,13,15,17,19,23	23	27694867	24690358	4741641	47643584	0.099523	0.192044	0.074308	0.069228	False	0.086142
HAP2_chr05	HAP2_chr08	11,13,15,17,19,23	23	27694867	23770547	4648083	46817331	0.099281	0.195540	0.074405	0.068497	False	0.086031
HAP2_chr05	HAP2_chr09	11,13,15,17,19,23	23	27694867	27088665	4797030	49986502	0.095967	0.177086	0.075750	0.072503	False	0.087727
HAP2_chr05	HAP2_chr10	11,13,15,17,19,23	23	27694867	27665485	4825482	50534870	0.095488	0.174422	0.075948	0.073114	False	0.087817
HAP2_chr05	HAP2_chr11	11,13,15,17,19,23	23	27694867	27186520	4684520	50196867	0.093323	0.172310	0.076859	0.073605	False	0.088676
HAP2_chr05	HAP2_chr12	11,13,15,17,19,23	23	27694867	26259349	4595788	49358428	0.093111	0.175015	0.076950	0.072978	False	0.088786
HAP2_chr05	HAP2_chr13	11,13,15,17,19,23	23	27694867	23327952	4332901	46689918	0.092802	0.185739	0.077082	0.070578	False	0.089175
HAP2_chr05	HAP2_chr14	11,13,15,17,19,23	23	27694867	24080067	4145804	47629130	0.087043	0.172167	0.079637	0.073639	False	0.091835
HAP2_chr05	HAP2_chr15	11,13,15,17,19,23	23	27694867	27590322	4756108	50529081	0.094126	0.172383	0.076519	0.073588	False	0.088616
HAP2_chr05	HAP2_chr16	11,13,15,17,19,23	23	27694867	26246790	4692956	49248701	0.095291	0.178801	0.076030	0.072115	False	0.088152
HAP2_chr05	HAP2_chr17	11,13,15,17,19,23	23	27694867	26521176	4716495	49499548	0.095284	0.177839	0.076033	0.072332	False	0.087833
HAP2_chr05	HAP2_chr18	11,13,15,17,19,23	23	27694867	24381093	4328015	47747945	0.090643	0.177515	0.078019	0.072406	False	0.090507
HAP2_chr05	HAP2_chr19	11,13,15,17,19,23	23	27694867	25768877	1705338	51758406	0.032948	0.066178	0.119656	0.111358	False	0.128626
HAP2_chr05	HAP2_chr20	11,13,15,17,19,23	23	27694867	20063909	1662760	46096016	0.036072	0.082873	0.115849	0.102624	False	0.123420
HAP2_chr05	HAP2_chr21	11,13,15,17,19,23	23	27694867	22803913	1678479	48820301	0.034381	0.073605	0.117866	0.107239	False	0.126197
HAP2_chr05	HAP2_chr22	11,13,15,17,19,23	23	27694867	21922403	1630038	47987232	0.033968	0.074355	0.118373	0.106846	False	0.126619
HAP2_chr05	HAP2_chr23	11,13,15,17,19,23	23	27694867	21196957	1783418	47108406	0.037858	0.084136	0.113823	0.102034	False	0.121329
HAP2_chr05	HAP2_chr24	11,13,15,17,19,23	23	27694867	20102868	1653605	46144130	0.035836	0.082257	0.116125	0.102915	False	0.123651
HAP2_chr05	HAP2_chr25	11,13,15,17,19,23	23	27694867	20239507	1546759	46387615	0.033344	0.076423	0.119153	0.105780	False	0.127225
HAP2_chr05	HAP2_chr26	11,13,15,17,19,23	23	27694867	19903419	1625923	45972363	0.035367	0.081691	0.116677	0.103184	False	0.124644
HAP2_chr05	HAP2_chr27	11,13,15,17,19,23	23	27694867	17870121	1566839	43998149	0.035611	0.087679	0.116388	0.100422	False	0.125133
HAP2_chr05	HAP2_chr28	11,13,15,17,19,23	23	27694867	17426831	1529944	43591754	0.035097	0.087792	0.116999	0.100371	False	0.124417
HAP2_chr05	HAP2_chr29	11,13,15,17,19,23	23	27694867	19028380	1576602	45146645	0.034922	0.082855	0.117210	0.102632	False	0.125537
HAP2_chr05	HAP2_chr30	11,13,15,17,19,23	23	27694867	19686693	3161418	44220142	0.071493	0.160587	0.087568	0.076439	False	0.089584
HAP2_chr05	HAP2_chr31	11,13,15,17,19,23	23	27694867	17171636	1465191	43401312	0.033759	0.085326	0.118633	0.101485	False	0.126094
HAP2_chr05	HAP2_chr32	11,13,15,17,19,23	23	27694867	19285510	1565316	45415061	0.034467	0.081165	0.117761	0.103436	False	0.125544
HAP2_chr05	HAP2_chr33	11,13,15,17,19,23	23	27694867	19469942	1520957	45643852	0.033322	0.078118	0.119181	0.104926	False	0.127099
HAP2_chr05	HAP2_chr34	11,13,15,17,19,23	23	27694867	19829428	1614138	45910157	0.035159	0.081401	0.116926	0.103323	False	0.124290
HAP2_chr05	HAP2_chr35	11,13,15,17,19,23	23	27694867	17598234	1406907	43886194	0.032058	0.079946	0.120809	0.104026	False	0.128585
HAP2_chr05	HAP2_chr36	11,13,15,17,19,23	23	27694867	16850131	1376086	43168912	0.031877	0.081666	0.121048	0.103196	False	0.128344
HAP2_chr06	HAP2_chr07	11,13,15,17,19,23	23	25452098	24690358	4258334	45884122	0.092806	0.172470	0.077080	0.073568	False	0.088468
HAP2_chr06	HAP2_chr08	11,13,15,17,19,23	23	25452098	23770547	4230962	44991683	0.094039	0.177992	0.076556	0.072298	False	0.087735
HAP2_chr06	HAP2_chr09	11,13,15,17,19,23	23	25452098	27088665	4347978	48192785	0.090221	0.170830	0.078206	0.073953	False	0.090027
HAP2_chr06	HAP2_chr10	11,13,15,17,19,23	23	25452098	27665485	4472262	48645321	0.091936	0.175713	0.077455	0.072817	False	0.089037
HAP2_chr06	HAP2_chr11	11,13,15,17,19,23	23	25452098	27186520	4285189	48353429	0.088622	0.168363	0.078919	0.074538	False	0.090686
HAP2_chr06	HAP2_chr12	11,13,15,17,19,23	23	25452098	26259349	4274579	47436868	0.090111	0.167946	0.078254	0.074638	False	0.089983
HAP2_chr06	HAP2_chr13	11,13,15,17,19,23	23	25452098	23327952	3973112	44806938	0.088672	0.170316	0.078897	0.074074	False	0.090568
HAP2_chr06	HAP2_chr14	11,13,15,17,19,23	23	25452098	24080067	3936957	45595208	0.086346	0.163494	0.079959	0.075718	False	0.091725
HAP2_chr06	HAP2_chr15	11,13,15,17,19,23	23	25452098	27590322	4291137	48751283	0.088021	0.168597	0.079191	0.074482	False	0.091032
HAP2_chr06	HAP2_chr16	11,13,15,17,19,23	23	25452098	26246790	4280768	47418120	0.090277	0.168189	0.078181	0.074580	False	0.089964
HAP2_chr06	HAP2_chr17	11,13,15,17,19,23	23	25452098	26521176	4282856	47690418	0.089805	0.168271	0.078390	0.074560	False	0.090136
HAP2_chr06	HAP2_chr18	11,13,15,17,19,23	23	25452098	24381093	3967203	45865988	0.086496	0.162716	0.079890	0.075910	False	0.092128
HAP2_chr06	HAP2_chr19	11,13,15,17,19,23	23	25452098	25768877	1821619	49399356	0.036875	0.071570	0.114925	0.108327	False	0.123996
HAP2_chr06	HAP2_chr20	11,13,15,17,19,23	23	25452098	20063909	1819608	43696399	0.041642	0.090691	0.109839	0.099100	False	0.118380
HAP2_chr06	HAP2_chr21	11,13,15,17,19,23	23	25452098	22803913	1842048	46413963	0.039687	0.080778	0.111848	0.103623	False	0.120856
HAP2_chr06	HAP2_chr22	11,13,15,17,19,23	23	25452098	21922403	1749141	45625360	0.038337	0.079788	0.113296	0.104103	False	0.121846
HAP2_chr06	HAP2_chr23	11,13,15,17,19,23	23	25452098	21196957	1904990	44744065	0.042575	0.089871	0.108914	0.099455	False	0.117225
HAP2_chr06	HAP2_chr24	11,13,15,17,19,23	23	25452098	20102868	1798272	43756694	0.041097	0.089454	0.110389	0.099638	False	0.118552
HAP2_chr06	HAP2_chr25	11,13,15,17,19,23	23	25452098	20239507	1650999	44040606	0.037488	0.081573	0.114234	0.103241	False	0.122868
HAP2_chr06	HAP2_chr26	11,13,15,17,19,23	23	25452098	19903419	1751630	43603887	0.040171	0.088006	0.111341	0.100276	False	0.120075
HAP2_chr06	HAP2_chr27	11,13,15,17,19,23	23	25452098	17870121	1624863	41697356	0.038968	0.090926	0.112613	0.098998	False	0.121977
HAP2_chr06	HAP2_chr28	11,13,15,17,19,23	23	25452098	17426831	1651495	41227434	0.040058	0.094767	0.111459	0.097376	False	0.119806
HAP2_chr06	HAP2_chr29	11,13,15,17,19,23	23	25452098	19028380	1694828	42785650	0.039612	0.089068	0.111927	0.099807	False	0.120998
HAP2_chr06	HAP2_chr30	11,13,15,17,19,23	23	25452098	19686693	1708819	43429972	0.039347	0.086801	0.112208	0.100815	False	0.120264
HAP2_chr06	HAP2_chr31	11,13,15,17,19,23	23	25452098	17171636	1623351	41000383	0.039594	0.094537	0.111947	0.097472	False	0.120423
HAP2_chr06	HAP2_chr32	11,13,15,17,19,23	23	25452098	19285510	1629842	43107766	0.037809	0.084511	0.113878	0.101860	False	0.122567
HAP2_chr06	HAP2_chr33	11,13,15,17,19,23	23	25452098	19469942	1649893	43272147	0.038128	0.084741	0.113525	0.101754	False	0.122136
HAP2_chr06	HAP2_chr34	11,13,15,17,19,23	23	25452098	19829428	1750392	43531134	0.040210	0.088272	0.111301	0.100158	False	0.119274
HAP2_chr06	HAP2_chr35	11,13,15,17,19,23	23	25452098	17598234	1497219	41553113	0.036031	0.085078	0.115896	0.101599	False	0.124777
HAP2_chr06	HAP2_chr36	11,13,15,17,19,23	23	25452098	16850131	2865710	39436519	0.072666	0.170070	0.086908	0.074132	False	0.088915
HAP2_chr07	HAP2_chr08	11,13,15,17,19,23	23	24690358	23770547	4399517	44061388	0.099850	0.185083	0.074179	0.070721	False	0.085602
HAP2_chr07	HAP2_chr09	11,13,15,17,19,23	23	24690358	27088665	4432624	47346399	0.093621	0.179529	0.076732	0.071951	False	0.088604
HAP2_chr07	HAP2_chr10	11,13,15,17,19,23	23	24690358	27665485	4485608	47870235	0.093703	0.181674	0.076697	0.071471	False	0.088507
HAP2_chr07	HAP2_chr11	11,13,15,17,19,23	23	24690358	27186520	4329554	47547324	0.091058	0.175354	0.077837	0.072900	False	0.089593
HAP2_chr07	HAP2_chr12	11,13,15,17,19,23	23	24690358	26259349	4258723	46690984	0.091211	0.172485	0.077771	0.073564	False	0.089717
HAP2_chr07	HAP2_chr13	11,13,15,17,19,23	23	24690358	23327952	4052546	43965764	0.092175	0.173721	0.077352	0.073277	False	0.089227
HAP2_chr07	HAP2_chr14	11,13,15,17,19,23	23	24690358	24080067	3915401	44855024	0.087290	0.162599	0.079524	0.075939	False	0.091485
HAP2_chr07	HAP2_chr15	11,13,15,17,19,23	23	24690358	27590322	4512491	47768189	0.094466	0.182763	0.076375	0.071230	False	0.088210
HAP2_chr07	HAP2_chr16	11,13,15,17,19,23	23	24690358	26246790	4429312	46507836	0.095238	0.179394	0.076052	0.071981	False	0.088003
HAP2_chr07	HAP2_chr17	11,13,15,17,19,23	23	24690358	26521176	4361294	46850240	0.093090	0.176640	0.076959	0.072605	False	0.088733
HAP2_chr07	HAP2_chr18	11,13,15,17,19,23	23	24690358	24381093	4051310	45020141	0.089989	0.166166	0.078308	0.075066	False	0.090893
HAP2_chr07	HAP2_chr19	11,13,15,17,19,23	23	24690358	25768877	1675338	48783897	0.034342	0.067854	0.117913	0.110392	False	0.126813
HAP2_chr07	HAP2_chr20	11,13,15,17,19,23	23	24690358	20063909	3154907	41599360	0.075840	0.157243	0.085177	0.077283	False	0.087464
HAP2_chr07	HAP2_chr21	11,13,15,17,19,23	23	24690358	22803913	1684276	45809995	0.036767	0.073859	0.115049	0.107105	False	0.123343
HAP2_chr07	HAP2_chr22	11,13,15,17,19,23	23	24690358	21922403	1604881	45007880	0.035658	0.073207	0.116334	0.107449	False	0.124411
HAP2_chr07	HAP2_chr23	11,13,15,17,19,23	23	24690358	21196957	1777296	44110019	0.040292	0.083847	0.111215	0.102168	False	0.119251
HAP2_chr07	HAP2_chr24	11,13,15,17,19,23	23	24690358	20102868	1613767	43179459	0.037373	0.080275	0.114363	0.103866	False	0.122151
HAP2_chr07	HAP2_chr25	11,13,15,17,19,23	23	24690358	20239507	1502348	43427517	0.034594	0.074228	0.117605	0.106912	False	0.125531
HAP2_chr07	HAP2_chr26	11,13,15,17,19,23	23	24690358	19903419	1607106	42986671	0.037386	0.080745	0.114348	0.103638	False	0.122629
HAP2_chr07	HAP2_chr27	11,13,15,17,19,23	23	24690358	17870121	1542815	41017664	0.037613	0.086335	0.114094	0.101026	False	0.123185
HAP2_chr07	HAP2_chr28	11,13,15,17,19,23	23	24690358	17426831	1496527	40620662	0.036842	0.085875	0.114964	0.101235	False	0.122745
HAP2_chr07	HAP2_chr29	11,13,15,17,19,23	23	24690358	19028380	1569744	42148994	0.037243	0.082495	0.114509	0.102802	False	0.123235
HAP2_chr07	HAP2_chr30	11,13,15,17,19,23	23	24690358	19686693	1546303	42830748	0.036103	0.078546	0.115813	0.104714	False	0.123234
HAP2_chr07	HAP2_chr31	11,13,15,17,19,23	23	24690358	17171636	1469664	40392330	0.036385	0.085587	0.115487	0.101366	False	0.123266
HAP2_chr07	HAP2_chr32	11,13,15,17,19,23	23	24690358	19285510	1524294	42451574	0.035907	0.079038	0.116042	0.104471	False	0.124243
HAP2_chr07	HAP2_chr33	11,13,15,17,19,23	23	24690358	19469942	1464792	42695508	0.034308	0.075234	0.117955	0.106389	False	0.126057
HAP2_chr07	HAP2_chr34	11,13,15,17,19,23	23	24690358	19829428	1599915	42919871	0.037277	0.080684	0.114471	0.103668	False	0.121761
HAP2_chr07	HAP2_chr35	11,13,15,17,19,23	23	24690358	17598234	1348728	40939864	0.032944	0.076640	0.119661	0.105669	False	0.127772
HAP2_chr07	HAP2_chr36	11,13,15,17,19,23	23	24690358	16850131	1358906	40181583	0.033819	0.080647	0.118558	0.103686	False	0.126236
HAP2_chr08	HAP2_chr09	11,13,15,17,19,23	23	23770547	27088665	4368668	46490544	0.093969	0.183785	0.076585	0.071005	False	0.088330
HAP2_chr08	HAP2_chr10	11,13,15,17,19,23	23	23770547	27665485	4413975	47022057	0.093870	0.185691	0.076627	0.070588	False	0.088217
HAP2_chr08	HAP2_chr11	11,13,15,17,19,23	23	23770547	27186520	4330352	46626715	0.092873	0.182173	0.077052	0.071361	False	0.088521
HAP2_chr08	HAP2_chr12	11,13,15,17,19,23	23	23770547	26259349	4212118	45817778	0.091932	0.177199	0.077457	0.072478	False	0.089052
HAP2_chr08	HAP2_chr13	11,13,15,17,19,23	23	23770547	23327952	3967692	43130807	0.091992	0.170083	0.077431	0.074129	False	0.089187
HAP2_chr08	HAP2_chr14	11,13,15,17,19,23	23	23770547	24080067	3876634	43973980	0.088157	0.163086	0.079129	0.075819	False	0.090878
HAP2_chr08	HAP2_chr15	11,13,15,17,19,23	23	23770547	27590322	4360186	47000683	0.092769	0.183428	0.077096	0.071083	False	0.088933
HAP2_chr08	HAP2_chr16	11,13,15,17,19,23	23	23770547	26246790	4382639	45634698	0.096037	0.184373	0.075720	0.070876	False	0.087473
HAP2_chr08	HAP2_chr17	11,13,15,17,19,23	23	23770547	26521176	4271076	46020647	0.092808	0.179679	0.077079	0.071917	False	0.088762
HAP2_chr08	HAP2_chr18	11,13,15,17,19,23	23	23770547	24381093	3964983	44186657	0.089733	0.166802	0.078422	0.074913	False	0.090622
HAP2_chr08	HAP2_chr19	11,13,15,17,19,23	23	23770547	25768877	1585551	47953873	0.033064	0.066702	0.119508	0.111053	False	0.128151
HAP2_chr08	HAP2_chr20	11,13,15,17,19,23	23	23770547	20063909	1584786	42249670	0.037510	0.078987	0.114210	0.104496	False	0.121686
HAP2_chr08	HAP2_chr21	11,13,15,17,19,23	23	23770547	22803913	1628720	44945740	0.036237	0.071423	0.115657	0.108407	False	0.123482
HAP2_chr08	HAP2_chr22	11,13,15,17,19,23	23	23770547	21922403	1534079	44158871	0.034740	0.069978	0.117429	0.109199	False	0.125131
HAP2_chr08	HAP2_chr23	11,13,15,17,19,23	23	23770547	21196957	1690008	43277496	0.039051	0.079729	0.112524	0.104132	False	0.119894
HAP2_chr08	HAP2_chr24	11,13,15,17,19,23	23	23770547	20102868	1545089	42328326	0.036502	0.076859	0.115351	0.105558	False	0.122614
HAP2_chr08	HAP2_chr25	11,13,15,17,19,23	23	23770547	20239507	1469364	42540690	0.034540	0.072599	0.117671	0.107773	False	0.125264
HAP2_chr08	HAP2_chr26	11,13,15,17,19,23	23	23770547	19903419	1546748	42127218	0.036716	0.077713	0.115107	0.105129	False	0.123054
HAP2_chr08	HAP2_chr27	11,13,15,17,19,23	23	23770547	17870121	1439319	40201349	0.035803	0.080543	0.116163	0.103736	False	0.124562
HAP2_chr08	HAP2_chr28	11,13,15,17,19,23	23	23770547	17426831	1431149	39766229	0.035989	0.082123	0.115946	0.102978	False	0.123357
HAP2_chr08	HAP2_chr29	11,13,15,17,19,23	23	23770547	19028380	1497259	41301668	0.036252	0.078686	0.115640	0.104645	False	0.123873
HAP2_chr08	HAP2_chr30	11,13,15,17,19,23	23	23770547	19686693	1487627	41969613	0.035445	0.075565	0.116585	0.106219	False	0.123585
HAP2_chr08	HAP2_chr31	11,13,15,17,19,23	23	23770547	17171636	2708866	38233317	0.070851	0.157752	0.087934	0.077154	False	0.090360
HAP2_chr08	HAP2_chr32	11,13,15,17,19,23	23	23770547	19285510	1465296	41590761	0.035231	0.075979	0.116839	0.106006	False	0.124661
HAP2_chr08	HAP2_chr33	11,13,15,17,19,23	23	23770547	19469942	1422424	41818065	0.034015	0.073057	0.118316	0.107529	False	0.125767
HAP2_chr08	HAP2_chr34	11,13,15,17,19,23	23	23770547	19829428	1541046	42058929	0.036640	0.077715	0.115193	0.105128	False	0.122187
HAP2_chr08	HAP2_chr35	11,13,15,17,19,23	23	23770547	17598234	1295455	40073326	0.032327	0.073613	0.120457	0.107235	False	0.128030
HAP2_chr08	HAP2_chr36	11,13,15,17,19,23	23	23770547	16850131	1336132	39284546	0.034012	0.079295	0.118320	0.104344	False	0.125530
HAP2_chr09	HAP2_chr10	11,13,15,17,19,23	23	27088665	27665485	4553123	50201027	0.090698	0.168082	0.077995	0.074605	False	0.090023
HAP2_chr09	HAP2_chr11	11,13,15,17,19,23	23	27088665	27186520	4397174	49878011	0.088159	0.162325	0.079129	0.076006	False	0.091117
HAP2_chr09	HAP2_chr12	11,13,15,17,19,23	23	27088665	26259349	4383528	48964486	0.089525	0.166932	0.078515	0.074881	False	0.090572
HAP2_chr09	HAP2_chr13	11,13,15,17,19,23	23	27088665	23327952	4092132	46324485	0.088336	0.175418	0.079048	0.072885	False	0.091257
HAP2_chr09	HAP2_chr14	11,13,15,17,19,23	23	27088665	24080067	4035912	47132820	0.085628	0.167604	0.080293	0.074720	False	0.092397
HAP2_chr09	HAP2_chr15	11,13,15,17,19,23	23	27088665	27590322	4483882	50195105	0.089329	0.165526	0.078602	0.075222	False	0.090684
HAP2_chr09	HAP2_chr16	11,13,15,17,19,23	23	27088665	26246790	4493765	48841690	0.092007	0.171212	0.077424	0.073863	False	0.089542
HAP2_chr09	HAP2_chr17	11,13,15,17,19,23	23	27088665	26521176	4404565	49205276	0.089514	0.166077	0.078519	0.075088	False	0.090649
HAP2_chr09	HAP2_chr18	11,13,15,17,19,23	23	27088665	24381093	4093204	47376554	0.086397	0.167884	0.079936	0.074653	False	0.092572
HAP2_chr09	HAP2_chr19	11,13,15,17,19,23	23	27088665	25768877	1686746	51170796	0.032963	0.065457	0.119637	0.111782	False	0.128768
HAP2_chr09	HAP2_chr20	11,13,15,17,19,23	23	27088665	20063909	1607123	45545451	0.035286	0.080100	0.116774	0.103951	False	0.124517
HAP2_chr09	HAP2_chr21	11,13,15,17,19,23	23	27088665	22803913	1683832	48208746	0.034928	0.073840	0.117202	0.107116	False	0.125683
HAP2_chr09	HAP2_chr22	11,13,15,17,19,23	23	27088665	21922403	1652584	47358484	0.034895	0.075383	0.117242	0.106312	False	0.125527
HAP2_chr09	HAP2_chr23	11,13,15,17,19,23	23	27088665	21196957	1769842	46515780	0.038048	0.083495	0.113613	0.102332	False	0.121251
HAP2_chr09	HAP2_chr24	11,13,15,17,19,23	23	27088665	20102868	1650807	45540726	0.036249	0.082118	0.115644	0.102981	False	0.123330
HAP2_chr09	HAP2_chr25	11,13,15,17,19,23	23	27088665	20239507	3550484	43777688	0.081103	0.175423	0.082473	0.072884	False	0.084297
HAP2_chr09	HAP2_chr26	11,13,15,17,19,23	23	27088665	19903419	1608848	45383236	0.035450	0.080833	0.116579	0.103596	False	0.124786
HAP2_chr09	HAP2_chr27	11,13,15,17,19,23	23	27088665	17870121	1480124	43478662	0.034043	0.082827	0.118281	0.102646	False	0.126848
HAP2_chr09	HAP2_chr28	11,13,15,17,19,23	23	27088665	17426831	1510137	43005359	0.035115	0.086656	0.116978	0.100881	False	0.124946
HAP2_chr09	HAP2_chr29	11,13,15,17,19,23	23	27088665	19028380	1543968	44573077	0.034639	0.081140	0.117551	0.103448	False	0.126052
HAP2_chr09	HAP2_chr30	11,13,15,17,19,23	23	27088665	19686693	1581817	45193541	0.035001	0.080350	0.117115	0.103830	False	0.124650
HAP2_chr09	HAP2_chr31	11,13,15,17,19,23	23	27088665	17171636	1451490	42808811	0.033906	0.084528	0.118450	0.101852	False	0.126143
HAP2_chr09	HAP2_chr32	11,13,15,17,19,23	23	27088665	19285510	1538209	44835966	0.034307	0.079760	0.117956	0.104117	False	0.126059
HAP2_chr09	HAP2_chr33	11,13,15,17,19,23	23	27088665	19469942	1493916	45064691	0.033150	0.076729	0.119398	0.105624	False	0.127483
HAP2_chr09	HAP2_chr34	11,13,15,17,19,23	23	27088665	19829428	1589725	45328368	0.035071	0.080170	0.117030	0.103917	False	0.124583
HAP2_chr09	HAP2_chr35	11,13,15,17,19,23	23	27088665	17598234	1386147	43300752	0.032012	0.078766	0.120870	0.104605	False	0.128888
HAP2_chr09	HAP2_chr36	11,13,15,17,19,23	23	27088665	16850131	1362530	42576266	0.032002	0.080862	0.120883	0.103582	False	0.128411
HAP2_chr10	HAP2_chr11	11,13,15,17,19,23	23	27665485	27186520	4476538	50375467	0.088863	0.164660	0.078811	0.075432	False	0.090764
HAP2_chr10	HAP2_chr12	11,13,15,17,19,23	23	27665485	26259349	4452079	49472755	0.089991	0.169543	0.078308	0.074257	False	0.090122
HAP2_chr10	HAP2_chr13	11,13,15,17,19,23	23	27665485	23327952	4140712	46852725	0.088377	0.177500	0.079030	0.072409	False	0.091007
HAP2_chr10	HAP2_chr14	11,13,15,17,19,23	23	27665485	24080067	4122374	47623178	0.086562	0.171194	0.079859	0.073867	False	0.091925
HAP2_chr10	HAP2_chr15	11,13,15,17,19,23	23	27665485	27590322	4514540	50741267	0.088972	0.163628	0.078762	0.075685	False	0.090795
HAP2_chr10	HAP2_chr16	11,13,15,17,19,23	23	27665485	26246790	4489590	49422685	0.090841	0.171053	0.077933	0.073900	False	0.089918
HAP2_chr10	HAP2_chr17	11,13,15,17,19,23	23	27665485	26521176	4532156	49654505	0.091274	0.170888	0.077743	0.073939	False	0.089668
HAP2_chr10	HAP2_chr18	11,13,15,17,19,23	23	27665485	24381093	4149721	47896857	0.086639	0.170202	0.079824	0.074101	False	0.092324
HAP2_chr10	HAP2_chr19	11,13,15,17,19,23	23	27665485	25768877	1704715	51729647	0.032954	0.066154	0.119648	0.111372	False	0.128716
HAP2_chr10	HAP2_chr20	11,13,15,17,19,23	23	27665485	20063909	1697882	46031512	0.036885	0.084624	0.114914	0.101808	False	0.122915
HAP2_chr10	HAP2_chr21	11,13,15,17,19,23	23	27665485	22803913	1725281	48744117	0.035395	0.075657	0.116645	0.106171	False	0.125065
HAP2_chr10	HAP2_chr22	11,13,15,17,19,23	23	27665485	21922403	1638544	47949344	0.034172	0.074743	0.118121	0.106644	False	0.126446
HAP2_chr10	HAP2_chr23	11,13,15,17,19,23	23	27665485	21196957	1788802	47073640	0.038000	0.084390	0.113666	0.101916	False	0.121342
HAP2_chr10	HAP2_chr24	11,13,15,17,19,23	23	27665485	20102868	1662931	46105422	0.036068	0.082721	0.115854	0.102696	False	0.123596
HAP2_chr10	HAP2_chr25	11,13,15,17,19,23	23	27665485	20239507	1560846	46344146	0.033679	0.077119	0.118732	0.105427	False	0.126933
HAP2_chr10	HAP2_chr26	11,13,15,17,19,23	23	27665485	19903419	1673017	45895887	0.036452	0.084057	0.115409	0.102070	False	0.123667
HAP2_chr10	HAP2_chr27	11,13,15,17,19,23	23	27665485	17870121	1573690	43961916	0.035797	0.088063	0.116171	0.100251	False	0.124937
HAP2_chr10	HAP2_chr28	11,13,15,17,19,23	23	27665485	17426831	1538302	43554014	0.035319	0.088272	0.116734	0.100158	False	0.124586
HAP2_chr10	HAP2_chr29	11,13,15,17,19,23	23	27665485	19028380	3586682	43107183	0.083204	0.188491	0.081445	0.069983	False	0.083522
HAP2_chr10	HAP2_chr30	11,13,15,17,19,23	23	27665485	19686693	1626713	45725465	0.035576	0.082630	0.116431	0.102738	False	0.123903
HAP2_chr10	HAP2_chr31	11,13,15,17,19,23	23	27665485	17171636	1488371	43348750	0.034335	0.086676	0.117922	0.100872	False	0.125862
HAP2_chr10	HAP2_chr32	11,13,15,17,19,23	23	27665485	19285510	1557270	45393725	0.034306	0.080748	0.117958	0.103637	False	0.125930
HAP2_chr10	HAP2_chr33	11,13,15,17,19,23	23	27665485	19469942	1553817	45581610	0.034089	0.079806	0.118224	0.104094	False	0.126174
HAP2_chr10	HAP2_chr34	11,13,15,17,19,23	23	27665485	19829428	1644668	45850245	0.035870	0.082941	0.116084	0.102592	False	0.123452
HAP2_chr10	HAP2_chr35	11,13,15,17,19,23	23	27665485	17598234	1407608	43856111	0.032096	0.079986	0.120759	0.104006	False	0.128774
HAP2_chr10	HAP2_chr36	11,13,15,17,19,23	23	27665485	16850131	1418804	43096812	0.032921	0.084201	0.119690	0.102003	False	0.127306
HAP2_chr11	HAP2_chr12	11,13,15,17,19,23	23	27186520	26259349	4352148	49093721	0.088650	0.165737	0.078907	0.075170	False	0.090776
HAP2_chr11	HAP2_chr13	11,13,15,17,19,23	23	27186520	23327952	4015710	46498762	0.086362	0.172142	0.079952	0.073645	False	0.091969
HAP2_chr11	HAP2_chr14	11,13,15,17,19,23	23	27186520	24080067	4018683	47247904	0.085055	0.166888	0.080563	0.074892	False	0.092576
HAP2_chr11	HAP2_chr15	11,13,15,17,19,23	23	27186520	27590322	4391660	50385182	0.087162	0.161538	0.079583	0.076202	False	0.091560
HAP2_chr11	HAP2_chr16	11,13,15,17,19,23	23	27186520	26246790	4372793	49060517	0.089131	0.166603	0.078691	0.074961	False	0.090685
HAP2_chr11	HAP2_chr17	11,13,15,17,19,23	23	27186520	26521176	4403133	49304563	0.089305	0.166023	0.078613	0.075101	False	0.090545
HAP2_chr11	HAP2_chr18	11,13,15,17,19,23	23	27186520	24381093	3968454	47599159	0.083372	0.162768	0.081364	0.075897	False	0.093972
HAP2_chr11	HAP2_chr19	11,13,15,17,19,23	23	27186520	25768877	1722401	51232996	0.033619	0.066840	0.118808	0.110973	False	0.127978
HAP2_chr11	HAP2_chr20	11,13,15,17,19,23	23	27186520	20063909	1666874	45583555	0.036567	0.083078	0.115277	0.102527	False	0.123252
HAP2_chr11	HAP2_chr21	11,13,15,17,19,23	23	27186520	22803913	3707051	46283382	0.080095	0.162562	0.082976	0.075948	False	0.085379
HAP2_chr11	HAP2_chr22	11,13,15,17,19,23	23	27186520	21922403	1628086	47480837	0.034289	0.074266	0.117978	0.106892	False	0.126276
HAP2_chr11	HAP2_chr23	11,13,15,17,19,23	23	27186520	21196957	1794374	46589103	0.038515	0.084652	0.113102	0.101795	False	0.120969
HAP2_chr11	HAP2_chr24	11,13,15,17,19,23	23	27186520	20102868	1678139	45611249	0.036792	0.083478	0.115020	0.102340	False	0.122777
HAP2_chr11	HAP2_chr25	11,13,15,17,19,23	23	27186520	20239507	1586610	45839417	0.034612	0.078392	0.117584	0.104790	False	0.125795
HAP2_chr11	HAP2_chr26	11,13,15,17,19,23	23	27186520	19903419	1647693	45442246	0.036259	0.082784	0.115632	0.102666	False	0.124170
HAP2_chr11	HAP2_chr27	11,13,15,17,19,23	23	27186520	17870121	1543813	43512828	0.035479	0.086391	0.116544	0.101001	False	0.125639
HAP2_chr11	HAP2_chr28	11,13,15,17,19,23	23	27186520	17426831	1529051	43084300	0.035490	0.087741	0.116532	0.100394	False	0.124497
HAP2_chr11	HAP2_chr29	11,13,15,17,19,23	23	27186520	19028380	1553764	44661136	0.034790	0.081655	0.117368	0.103201	False	0.125881
HAP2_chr11	HAP2_chr30	11,13,15,17,19,23	23	27186520	19686693	1606262	45266951	0.035484	0.081591	0.116539	0.103232	False	0.124117
HAP2_chr11	HAP2_chr31	11,13,15,17,19,23	23	27186520	17171636	1486569	42871587	0.034675	0.086571	0.117508	0.100919	False	0.125427
HAP2_chr11	HAP2_chr32	11,13,15,17,19,23	23	27186520	19285510	1594783	44877247	0.035537	0.082693	0.116477	0.102709	False	0.124753
HAP2_chr11	HAP2_chr33	11,13,15,17,19,23	23	27186520	19469942	1553952	45102510	0.034454	0.079813	0.117777	0.104091	False	0.125816
HAP2_chr11	HAP2_chr34	11,13,15,17,19,23	23	27186520	19829428	1654480	45361468	0.036473	0.083436	0.115385	0.102360	False	0.122912
HAP2_chr11	HAP2_chr35	11,13,15,17,19,23	23	27186520	17598234	1410322	43374432	0.032515	0.080140	0.120213	0.103931	False	0.128363
HAP2_chr11	HAP2_chr36	11,13,15,17,19,23	23	27186520	16850131	1399085	42637566	0.032813	0.083031	0.119829	0.102550	False	0.127655
HAP2_chr12	HAP2_chr13	11,13,15,17,19,23	23	26259349	23327952	3877094	45710207	0.084819	0.166200	0.080674	0.075058	False	0.092806
HAP2_chr12	HAP2_chr14	11,13,15,17,19,23	23	26259349	24080067	3993785	46345631	0.086174	0.165854	0.080039	0.075142	False	0.092065
HAP2_chr12	HAP2_chr15	11,13,15,17,19,23	23	26259349	27590322	4297889	49551782	0.086735	0.163671	0.079779	0.075675	False	0.091872
HAP2_chr12	HAP2_chr16	11,13,15,17,19,23	23	26259349	26246790	4298839	48207300	0.089174	0.163785	0.078671	0.075647	False	0.090618
HAP2_chr12	HAP2_chr17	11,13,15,17,19,23	23	26259349	26521176	4283785	48496740	0.088331	0.163134	0.079050	0.075807	False	0.090990
HAP2_chr12	HAP2_chr18	11,13,15,17,19,23	23	26259349	24381093	3962462	46677980	0.084889	0.162522	0.080641	0.075958	False	0.093096
HAP2_chr12	HAP2_chr19	11,13,15,17,19,23	23	26259349	25768877	1695878	50332348	0.033694	0.065811	0.118715	0.111573	False	0.127799
HAP2_chr12	HAP2_chr20	11,13,15,17,19,23	23	26259349	20063909	1601316	44721942	0.035806	0.079811	0.116160	0.104092	False	0.124067
HAP2_chr12	HAP2_chr21	11,13,15,17,19,23	23	26259349	22803913	1677456	47385806	0.035400	0.073560	0.116638	0.107263	False	0.125098
HAP2_chr12	HAP2_chr22	11,13,15,17,19,23	23	26259349	21922403	1582402	46599350	0.033958	0.072182	0.118386	0.107997	False	0.126721
HAP2_chr12	HAP2_chr23	11,13,15,17,19,23	23	26259349	21196957	3444376	44011930	0.078260	0.162494	0.083910	0.075965	False	0.085901
HAP2_chr12	HAP2_chr24	11,13,15,17,19,23	23	26259349	20102868	1605114	44757103	0.035863	0.079845	0.116093	0.104075	False	0.123734
HAP2_chr12	HAP2_chr25	11,13,15,17,19,23	23	26259349	20239507	1506394	44992462	0.033481	0.074428	0.118981	0.106807	False	0.127203
HAP2_chr12	HAP2_chr26	11,13,15,17,19,23	23	26259349	19903419	1557010	44605758	0.034906	0.078228	0.117229	0.104872	False	0.125320
HAP2_chr12	HAP2_chr27	11,13,15,17,19,23	23	26259349	17870121	1458834	42670636	0.034188	0.081635	0.118102	0.103211	False	0.126868
HAP2_chr12	HAP2_chr28	11,13,15,17,19,23	23	26259349	17426831	1477981	42208199	0.035016	0.084811	0.117096	0.101722	False	0.124901
HAP2_chr12	HAP2_chr29	11,13,15,17,19,23	23	26259349	19028380	1518178	43769551	0.034686	0.079785	0.117495	0.104104	False	0.125914
HAP2_chr12	HAP2_chr30	11,13,15,17,19,23	23	26259349	19686693	1538840	44407202	0.034653	0.078167	0.117534	0.104902	False	0.125021
HAP2_chr12	HAP2_chr31	11,13,15,17,19,23	23	26259349	17171636	1466105	41964880	0.034936	0.085379	0.117192	0.101461	False	0.125004
HAP2_chr12	HAP2_chr32	11,13,15,17,19,23	23	26259349	19285510	1526239	44018620	0.034673	0.079139	0.117511	0.104421	False	0.125612
HAP2_chr12	HAP2_chr33	11,13,15,17,19,23	23	26259349	19469942	1485880	44243411	0.033584	0.076317	0.118852	0.105834	False	0.126848
HAP2_chr12	HAP2_chr34	11,13,15,17,19,23	23	26259349	19829428	1586551	44502226	0.035651	0.080010	0.116342	0.103995	False	0.123770
HAP2_chr12	HAP2_chr35	11,13,15,17,19,23	23	26259349	17598234	1317937	42539646	0.030981	0.074890	0.122249	0.106567	False	0.130229
HAP2_chr12	HAP2_chr36	11,13,15,17,19,23	23	26259349	16850131	1380783	41728697	0.033090	0.081945	0.119476	0.103063	False	0.127087
HAP2_chr13	HAP2_chr14	11,13,15,17,19,23	23	23327952	24080067	3616833	43791186	0.082593	0.155043	0.081741	0.077849	False	0.093867
HAP2_chr13	HAP2_chr15	11,13,15,17,19,23	23	23327952	27590322	4106116	46812158	0.087715	0.176017	0.079330	0.072747	False	0.091611
HAP2_chr13	HAP2_chr16	11,13,15,17,19,23	23	23327952	26246790	4046723	45528019	0.088884	0.173471	0.078801	0.073335	False	0.091001
HAP2_chr13	HAP2_chr17	11,13,15,17,19,23	23	23327952	26521176	4020583	45828545	0.087731	0.172350	0.079323	0.073596	False	0.091459
HAP2_chr13	HAP2_chr18	11,13,15,17,19,23	23	23327952	24381093	3754922	43954123	0.085428	0.160962	0.080387	0.076345	False	0.092961
HAP2_chr13	HAP2_chr19	11,13,15,17,19,23	23	23327952	25768877	1508542	47588287	0.031700	0.064667	0.121283	0.112250	False	0.130143
HAP2_chr13	HAP2_chr20	11,13,15,17,19,23	23	23327952	20063909	1477493	41914368	0.035250	0.073639	0.116816	0.107221	False	0.124352
HAP2_chr13	HAP2_chr21	11,13,15,17,19,23	23	23327952	22803913	1504949	44626916	0.033723	0.065995	0.118678	0.111465	False	0.126987
HAP2_chr13	HAP2_chr22	11,13,15,17,19,23	23	23327952	21922403	1450428	43799927	0.033115	0.066162	0.119444	0.111368	False	0.127496
HAP2_chr13	HAP2_chr23	11,13,15,17,19,23	23	23327952	21196957	1578514	42946395	0.036755	0.074469	0.115062	0.106786	False	0.122718
HAP2_chr13	HAP2_chr24	11,13,15,17,19,23	23	23327952	20102868	1498125	41932695	0.035727	0.074523	0.116253	0.106758	False	0.123935
HAP2_chr13	HAP2_chr25	11,13,15,17,19,23	23	23327952	20239507	1391896	42175563	0.033002	0.068771	0.119587	0.109872	False	0.127522
HAP2_chr13	HAP2_chr26	11,13,15,17,19,23	23	23327952	19903419	3207522	40023849	0.080140	0.161154	0.082953	0.076297	False	0.084917
HAP2_chr13	HAP2_chr27	11,13,15,17,19,23	23	23327952	17870121	1343197	39854876	0.033702	0.075164	0.118704	0.106425	False	0.127255
HAP2_chr13	HAP2_chr28	11,13,15,17,19,23	23	23327952	17426831	1387892	39366891	0.035255	0.079641	0.116810	0.104175	False	0.124565
HAP2_chr13	HAP2_chr29	11,13,15,17,19,23	23	23327952	19028380	1431468	40924864	0.034978	0.075228	0.117142	0.106392	False	0.125510
HAP2_chr13	HAP2_chr30	11,13,15,17,19,23	23	23327952	19686693	1412149	41602496	0.033944	0.071731	0.118404	0.108240	False	0.125726
HAP2_chr13	HAP2_chr31	11,13,15,17,19,23	23	23327952	17171636	1306960	39192628	0.033347	0.076112	0.119150	0.105938	False	0.126735
HAP2_chr13	HAP2_chr32	11,13,15,17,19,23	23	23327952	19285510	1390568	41222894	0.033733	0.072104	0.118666	0.108038	False	0.126548
HAP2_chr13	HAP2_chr33	11,13,15,17,19,23	23	23327952	19469942	1384006	41413888	0.033419	0.071084	0.119059	0.108591	False	0.127062
HAP2_chr13	HAP2_chr34	11,13,15,17,19,23	23	23327952	19829428	1471985	41685395	0.035312	0.074232	0.116743	0.106910	False	0.124074
HAP2_chr13	HAP2_chr35	11,13,15,17,19,23	23	23327952	17598234	1250624	39675562	0.031521	0.071065	0.121521	0.108601	False	0.129426
HAP2_chr13	HAP2_chr36	11,13,15,17,19,23	23	23327952	16850131	1246265	38931818	0.032011	0.073962	0.120871	0.107052	False	0.128524
HAP2_chr14	HAP2_chr15	11,13,15,17,19,23	23	24080067	27590322	3934903	47735486	0.082431	0.163409	0.081820	0.075739	False	0.094051
HAP2_chr14	HAP2_chr16	11,13,15,17,19,23	23	24080067	26246790	3944218	46382639	0.085037	0.163796	0.080571	0.075644	False	0.092664
HAP2_chr14	HAP2_chr17	11,13,15,17,19,23	23	24080067	26521176	3958739	46642504	0.084874	0.164399	0.080648	0.075496	False	0.092832
HAP2_chr14	HAP2_chr18	11,13,15,17,19,23	23	24080067	24381093	3654376	44806784	0.081559	0.151759	0.082247	0.078706	False	0.094874
HAP2_chr14	HAP2_chr19	11,13,15,17,19,23	23	24080067	25768877	1578592	48270352	0.032703	0.065556	0.119970	0.111723	False	0.129034
HAP2_chr14	HAP2_chr20	11,13,15,17,19,23	23	24080067	20063909	1511958	42632018	0.035465	0.075357	0.116561	0.106326	False	0.124781
HAP2_chr14	HAP2_chr21	11,13,15,17,19,23	23	24080067	22803913	1571986	45311994	0.034692	0.068935	0.117486	0.109780	False	0.125842
HAP2_chr14	HAP2_chr22	11,13,15,17,19,23	23	24080067	21922403	1513207	44489263	0.034013	0.069026	0.118318	0.109729	False	0.126639
HAP2_chr14	HAP2_chr23	11,13,15,17,19,23	23	24080067	21196957	1637008	43640016	0.037512	0.077228	0.114208	0.105372	False	0.122188
HAP2_chr14	HAP2_chr24	11,13,15,17,19,23	23	24080067	20102868	1506256	42676679	0.035295	0.074927	0.116764	0.106548	False	0.124453
HAP2_chr14	HAP2_chr25	11,13,15,17,19,23	23	24080067	20239507	1433478	42886096	0.033425	0.070826	0.119051	0.108732	False	0.127122
HAP2_chr14	HAP2_chr26	11,13,15,17,19,23	23	24080067	19903419	1493190	42490296	0.035142	0.075022	0.116946	0.106499	False	0.125295
HAP2_chr14	HAP2_chr27	11,13,15,17,19,23	23	24080067	17870121	1409433	40540755	0.034766	0.078871	0.117398	0.104553	False	0.126495
HAP2_chr14	HAP2_chr28	11,13,15,17,19,23	23	24080067	17426831	2875300	38631598	0.074429	0.164993	0.085937	0.075351	False	0.088716
HAP2_chr14	HAP2_chr29	11,13,15,17,19,23	23	24080067	19028380	1462385	41646062	0.035115	0.076853	0.116978	0.105562	False	0.125714
HAP2_chr14	HAP2_chr30	11,13,15,17,19,23	23	24080067	19686693	1480571	42286189	0.035013	0.075207	0.117100	0.106403	False	0.124622
HAP2_chr14	HAP2_chr31	11,13,15,17,19,23	23	24080067	17171636	1347418	39904285	0.033766	0.078468	0.118624	0.104753	False	0.126775
HAP2_chr14	HAP2_chr32	11,13,15,17,19,23	23	24080067	19285510	1426369	41939208	0.034010	0.073961	0.118321	0.107052	False	0.126666
HAP2_chr14	HAP2_chr33	11,13,15,17,19,23	23	24080067	19469942	1401676	42148333	0.033256	0.071992	0.119265	0.108099	False	0.127287
HAP2_chr14	HAP2_chr34	11,13,15,17,19,23	23	24080067	19829428	1523685	42385810	0.035948	0.076840	0.115994	0.105568	False	0.123606
HAP2_chr14	HAP2_chr35	11,13,15,17,19,23	23	24080067	17598234	1296578	40381723	0.032108	0.073677	0.120744	0.107201	False	0.128952
HAP2_chr14	HAP2_chr36	11,13,15,17,19,23	23	24080067	16850131	1283605	39646593	0.032376	0.076178	0.120393	0.105905	False	0.128180
HAP2_chr15	HAP2_chr16	11,13,15,17,19,23	23	27590322	26246790	4367253	49469859	0.088281	0.166392	0.079073	0.075012	False	0.091481
HAP2_chr15	HAP2_chr17	11,13,15,17,19,23	23	27590322	26521176	4401794	49709704	0.088550	0.165973	0.078952	0.075113	False	0.091120
HAP2_chr15	HAP2_chr18	11,13,15,17,19,23	23	27590322	24381093	4035929	47935486	0.084195	0.165535	0.080970	0.075219	False	0.093666
HAP2_chr15	HAP2_chr19	11,13,15,17,19,23	23	27590322	25768877	1683904	51675295	0.032586	0.065346	0.120121	0.111847	False	0.129355
HAP2_chr15	HAP2_chr20	11,13,15,17,19,23	23	27590322	20063909	1650663	46003568	0.035881	0.082270	0.116072	0.102909	False	0.123945
HAP2_chr15	HAP2_chr21	11,13,15,17,19,23	23	27590322	22803913	1708557	48685678	0.035094	0.074924	0.117003	0.106550	False	0.125542
HAP2_chr15	HAP2_chr22	11,13,15,17,19,23	23	27590322	21922403	1623929	47888796	0.033910	0.074076	0.118445	0.106991	False	0.126976
HAP2_chr15	HAP2_chr23	11,13,15,17,19,23	23	27590322	21196957	1778633	47008646	0.037836	0.083910	0.113847	0.102139	False	0.121690
HAP2_chr15	HAP2_chr24	11,13,15,17,19,23	23	27590322	20102868	1668769	46024421	0.036258	0.083011	0.115633	0.102559	False	0.123527
HAP2_chr15	HAP2_chr25	11,13,15,17,19,23	23	27590322	20239507	1573853	46255976	0.034025	0.077761	0.118303	0.105104	False	0.126621
HAP2_chr15	HAP2_chr26	11,13,15,17,19,23	23	27590322	19903419	1627111	45866630	0.035475	0.081750	0.116550	0.103156	False	0.124829
HAP2_chr15	HAP2_chr27	11,13,15,17,19,23	23	27590322	17870121	1570999	43889444	0.035794	0.087912	0.116173	0.100318	False	0.125228
HAP2_chr15	HAP2_chr28	11,13,15,17,19,23	23	27590322	17426831	1516510	43500643	0.034862	0.087022	0.117282	0.100716	False	0.125208
HAP2_chr15	HAP2_chr29	11,13,15,17,19,23	23	27590322	19028380	1591064	45027638	0.035335	0.083615	0.116715	0.102276	False	0.125211
HAP2_chr15	HAP2_chr30	11,13,15,17,19,23	23	27590322	19686693	1614260	45662755	0.035352	0.081998	0.116696	0.103038	False	0.124388
HAP2_chr15	HAP2_chr31	11,13,15,17,19,23	23	27590322	17171636	1508948	43253010	0.034887	0.087874	0.117252	0.100335	False	0.125243
HAP2_chr15	HAP2_chr32	11,13,15,17,19,23	23	27590322	19285510	1528981	45346851	0.033717	0.079281	0.118685	0.104351	False	0.126940
HAP2_chr15	HAP2_chr33	11,13,15,17,19,23	23	27590322	19469942	3406089	43654175	0.078024	0.174941	0.084031	0.072995	False	0.086112
HAP2_chr15	HAP2_chr34	11,13,15,17,19,23	23	27590322	19829428	1624613	45795137	0.035476	0.081929	0.116549	0.103071	False	0.124140
HAP2_chr15	HAP2_chr35	11,13,15,17,19,23	23	27590322	17598234	1396977	43791579	0.031901	0.079382	0.121017	0.104302	False	0.129035
HAP2_chr15	HAP2_chr36	11,13,15,17,19,23	23	27590322	16850131	1384194	43056259	0.032148	0.082147	0.120691	0.102967	False	0.128381
HAP2_chr16	HAP2_chr17	11,13,15,17,19,23	23	26246790	26521176	4383462	48384504	0.090596	0.167009	0.078040	0.074863	False	0.090152
HAP2_chr16	HAP2_chr18	11,13,15,17,19,23	23	26246790	24381093	4018533	46609350	0.086217	0.164822	0.080019	0.075393	False	0.092762
HAP2_chr16	HAP2_chr19	11,13,15,17,19,23	23	26246790	25768877	1616082	50399585	0.032065	0.062714	0.120800	0.113433	False	0.129585
HAP2_chr16	HAP2_chr20	11,13,15,17,19,23	23	26246790	20063909	1601621	44709078	0.035823	0.079826	0.116140	0.104084	False	0.123689
HAP2_chr16	HAP2_chr21	11,13,15,17,19,23	23	26246790	22803913	1612778	47437925	0.033998	0.070724	0.118337	0.108788	False	0.126484
HAP2_chr16	HAP2_chr22	11,13,15,17,19,23	23	26246790	21922403	1575761	46593432	0.033819	0.071879	0.118558	0.108160	False	0.126673
HAP2_chr16	HAP2_chr23	11,13,15,17,19,23	23	26246790	21196957	1701216	45742531	0.037191	0.080258	0.114568	0.103874	False	0.122079
HAP2_chr16	HAP2_chr24	11,13,15,17,19,23	23	26246790	20102868	1603156	44746502	0.035828	0.079748	0.116134	0.104123	False	0.123589
HAP2_chr16	HAP2_chr25	11,13,15,17,19,23	23	26246790	20239507	1473023	45013274	0.032724	0.072780	0.119943	0.107677	False	0.127776
HAP2_chr16	HAP2_chr26	11,13,15,17,19,23	23	26246790	19903419	1558722	44591487	0.034956	0.078314	0.117169	0.104829	False	0.124956
HAP2_chr16	HAP2_chr27	11,13,15,17,19,23	23	26246790	17870121	1431763	42685148	0.033542	0.080120	0.118904	0.103941	False	0.127180
HAP2_chr16	HAP2_chr28	11,13,15,17,19,23	23	26246790	17426831	1445801	42227820	0.034238	0.082964	0.118041	0.102581	False	0.125594
HAP2_chr16	HAP2_chr29	11,13,15,17,19,23	23	26246790	19028380	1516503	43758667	0.034656	0.079697	0.117531	0.104147	False	0.125646
HAP2_chr16	HAP2_chr30	11,13,15,17,19,23	23	26246790	19686693	1533964	44399519	0.034549	0.077919	0.117661	0.105026	False	0.124921
HAP2_chr16	HAP2_chr31	11,13,15,17,19,23	23	26246790	17171636	1399203	42019223	0.033299	0.081483	0.119210	0.103283	False	0.126676
HAP2_chr16	HAP2_chr32	11,13,15,17,19,23	23	26246790	19285510	1466540	44065760	0.033281	0.076044	0.119233	0.105973	False	0.127071
HAP2_chr16	HAP2_chr33	11,13,15,17,19,23	23	26246790	19469942	1461440	44255292	0.033023	0.075061	0.119561	0.106478	False	0.127371
HAP2_chr16	HAP2_chr34	11,13,15,17,19,23	23	26246790	19829428	1564034	44512184	0.035137	0.078874	0.116951	0.104551	False	0.124130
HAP2_chr16	HAP2_chr35	11,13,15,17,19,23	23	26246790	17598234	3223899	40621125	0.079365	0.183194	0.083344	0.071135	False	0.085225
HAP2_chr16	HAP2_chr36	11,13,15,17,19,23	23	26246790	16850131	1344772	41752149	0.032208	0.079808	0.120612	0.104093	False	0.127921
HAP2_chr17	HAP2_chr18	11,13,15,17,19,23	23	26521176	24381093	4033860	46868409	0.086068	0.165450	0.080089	0.075240	False	0.092627
HAP2_chr17	HAP2_chr19	11,13,15,17,19,23	23	26521176	25768877	1740915	50549138	0.034440	0.067559	0.117793	0.110560	False	0.126901
HAP2_chr17	HAP2_chr20	11,13,15,17,19,23	23	26521176	20063909	1675493	44909592	0.037308	0.083508	0.114436	0.102326	False	0.122324
HAP2_chr17	HAP2_chr21	11,13,15,17,19,23	23	26521176	22803913	1715311	47609778	0.036029	0.075220	0.115900	0.106396	False	0.124247
HAP2_chr17	HAP2_chr22	11,13,15,17,19,23	23	26521176	21922403	1606357	46837222	0.034297	0.073275	0.117969	0.107414	False	0.126210
HAP2_chr17	HAP2_chr23	11,13,15,17,19,23	23	26521176	21196957	1787441	45930692	0.038916	0.084325	0.112669	0.101946	False	0.120473
HAP2_chr17	HAP2_chr24	11,13,15,17,19,23	23	26521176	20102868	1697066	44926978	0.037774	0.084419	0.113916	0.101902	False	0.121764
HAP2_chr17	HAP2_chr25	11,13,15,17,19,23	23	26521176	20239507	1578896	45181787	0.034945	0.078011	0.117181	0.104980	False	0.125309
HAP2_chr17	HAP2_chr26	11,13,15,17,19,23	23	26521176	19903419	1624915	44799680	0.036271	0.081640	0.115619	0.103209	False	0.123910
HAP2_chr17	HAP2_chr27	11,13,15,17,19,23	23	26521176	17870121	1505603	42885694	0.035107	0.084253	0.116987	0.101980	False	0.125781
HAP2_chr17	HAP2_chr28	11,13,15,17,19,23	23	26521176	17426831	1536745	42411262	0.036234	0.088183	0.115661	0.100198	False	0.123680
HAP2_chr17	HAP2_chr29	11,13,15,17,19,23	23	26521176	19028380	1570133	43979423	0.035702	0.082515	0.116282	0.102793	False	0.124849
HAP2_chr17	HAP2_chr30	11,13,15,17,19,23	23	26521176	19686693	1606106	44601763	0.036010	0.081583	0.115921	0.103236	False	0.123422
HAP2_chr17	HAP2_chr31	11,13,15,17,19,23	23	26521176	17171636	1463780	42229032	0.034663	0.085244	0.117522	0.101523	False	0.125311
HAP2_chr17	HAP2_chr32	11,13,15,17,19,23	23	26521176	19285510	3462908	42343778	0.081781	0.179560	0.082138	0.071944	False	0.083862
HAP2_chr17	HAP2_chr33	11,13,15,17,19,23	23	26521176	19469942	1557385	44433733	0.035050	0.079989	0.117056	0.104005	False	0.125165
HAP2_chr17	HAP2_chr34	11,13,15,17,19,23	23	26521176	19829428	1654108	44696496	0.037008	0.083417	0.114775	0.102369	False	0.122317
HAP2_chr17	HAP2_chr35	11,13,15,17,19,23	23	26521176	17598234	1386873	42732537	0.032455	0.078808	0.120291	0.104584	False	0.128329
HAP2_chr17	HAP2_chr36	11,13,15,17,19,23	23	26521176	16850131	1409818	41961489	0.033598	0.083668	0.118834	0.102251	False	0.126641
HAP2_chr18	HAP2_chr19	11,13,15,17,19,23	23	24381093	25768877	1625808	48524162	0.033505	0.066683	0.118951	0.111064	False	0.128227
HAP2_chr18	HAP2_chr20	11,13,15,17,19,23	23	24381093	20063909	1632416	42812586	0.038129	0.081361	0.113524	0.103342	False	0.122454
HAP2_chr18	HAP2_chr21	11,13,15,17,19,23	23	24381093	22803913	1649036	45535970	0.036214	0.072314	0.115684	0.107926	False	0.124627
HAP2_chr18	HAP2_chr22	11,13,15,17,19,23	23	24381093	21922403	1597923	44705573	0.035743	0.072890	0.116233	0.107618	False	0.125193
HAP2_chr18	HAP2_chr23	11,13,15,17,19,23	23	24381093	21196957	1701086	43876964	0.038769	0.080251	0.112827	0.103877	False	0.121577
HAP2_chr18	HAP2_chr24	11,13,15,17,19,23	23	24381093	20102868	1598824	42885137	0.037282	0.079532	0.114466	0.104228	False	0.122910
HAP2_chr18	HAP2_chr25	11,13,15,17,19,23	23	24381093	20239507	1496548	43124052	0.034703	0.073942	0.117473	0.107062	False	0.126327
HAP2_chr18	HAP2_chr26	11,13,15,17,19,23	23	24381093	19903419	1584567	42699945	0.037109	0.079613	0.114660	0.104188	False	0.123736
HAP2_chr18	HAP2_chr27	11,13,15,17,19,23	23	24381093	17870121	3337450	38913764	0.085765	0.186761	0.080230	0.070356	False	0.082477
HAP2_chr18	HAP2_chr28	11,13,15,17,19,23	23	24381093	17426831	1455128	40352796	0.036060	0.083499	0.115863	0.102330	False	0.124544
HAP2_chr18	HAP2_chr29	11,13,15,17,19,23	23	24381093	19028380	1587006	41822467	0.037946	0.083402	0.113725	0.102376	False	0.123004
HAP2_chr18	HAP2_chr30	11,13,15,17,19,23	23	24381093	19686693	1491963	42575823	0.035042	0.075785	0.117065	0.106105	False	0.125393
HAP2_chr18	HAP2_chr31	11,13,15,17,19,23	23	24381093	17171636	1434681	40118048	0.035761	0.083549	0.116212	0.102307	False	0.125225
HAP2_chr18	HAP2_chr32	11,13,15,17,19,23	23	24381093	19285510	1475138	42191465	0.034963	0.076489	0.117160	0.105746	False	0.126131
HAP2_chr18	HAP2_chr33	11,13,15,17,19,23	23	24381093	19469942	1490840	42360195	0.035194	0.076571	0.116883	0.105704	False	0.125719
HAP2_chr18	HAP2_chr34	11,13,15,17,19,23	23	24381093	19829428	1561069	42649452	0.036602	0.078725	0.115237	0.104625	False	0.123457
HAP2_chr18	HAP2_chr35	11,13,15,17,19,23	23	24381093	17598234	1336169	40643158	0.032876	0.075926	0.119749	0.106033	False	0.128619
HAP2_chr18	HAP2_chr36	11,13,15,17,19,23	23	24381093	16850131	1350140	39881084	0.033854	0.080126	0.118515	0.103938	False	0.127063
HAP2_chr19	HAP2_chr20	11,13,15,17,19,23	23	25768877	20063909	2455128	43377658	0.056599	0.122365	0.097116	0.087290	False	0.109675
HAP2_chr19	HAP2_chr21	11,13,15,17,19,23	23	25768877	22803913	2452754	46120036	0.053182	0.107558	0.099683	0.092394	False	0.112145
HAP2_chr19	HAP2_chr22	11,13,15,17,19,23	23	25768877	21922403	2393099	45298181	0.052830	0.109162	0.099957	0.091809	False	0.112512
HAP2_chr19	HAP2_chr23	11,13,15,17,19,23	23	25768877	21196957	2505317	44460517	0.056349	0.118192	0.097298	0.088666	False	0.109274
HAP2_chr19	HAP2_chr24	11,13,15,17,19,23	23	25768877	20102868	2394915	43476830	0.055085	0.119133	0.098233	0.088351	False	0.110388
HAP2_chr19	HAP2_chr25	11,13,15,17,19,23	23	25768877	20239507	2309558	43698826	0.052852	0.114111	0.099940	0.090057	False	0.112396
HAP2_chr19	HAP2_chr26	11,13,15,17,19,23	23	25768877	19903419	2364403	43307893	0.054595	0.118794	0.098601	0.088464	False	0.111145
HAP2_chr19	HAP2_chr27	11,13,15,17,19,23	23	25768877	17870121	2103740	41535258	0.050649	0.117724	0.101699	0.088823	False	0.114787
HAP2_chr19	HAP2_chr28	11,13,15,17,19,23	23	25768877	17426831	2235761	40959947	0.054584	0.128294	0.098609	0.085410	False	0.110958
HAP2_chr19	HAP2_chr29	11,13,15,17,19,23	23	25768877	19028380	2257379	42539878	0.053065	0.118632	0.099774	0.088518	False	0.112573
HAP2_chr19	HAP2_chr30	11,13,15,17,19,23	23	25768877	19686693	2395319	43060251	0.055627	0.121672	0.097829	0.087515	False	0.109980
HAP2_chr19	HAP2_chr31	11,13,15,17,19,23	23	25768877	17171636	2282958	40657555	0.056151	0.132949	0.097443	0.083992	False	0.109957
HAP2_chr19	HAP2_chr32	11,13,15,17,19,23	23	25768877	19285510	2279970	42774417	0.053302	0.118222	0.099590	0.088656	False	0.111987
HAP2_chr19	HAP2_chr33	11,13,15,17,19,23	23	25768877	19469942	2335706	42903113	0.054441	0.119965	0.098717	0.088076	False	0.111320
HAP2_chr19	HAP2_chr34	11,13,15,17,19,23	23	25768877	19829428	2377977	43220328	0.055020	0.119922	0.098281	0.088090	False	0.110322
HAP2_chr19	HAP2_chr35	11,13,15,17,19,23	23	25768877	17598234	2165092	41202019	0.052548	0.123029	0.100178	0.087075	False	0.112621
HAP2_chr19	HAP2_chr36	11,13,15,17,19,23	23	25768877	16850131	2124963	40494045	0.052476	0.126110	0.100235	0.086093	False	0.112567
HAP2_chr20	HAP2_chr21	11,13,15,17,19,23	23	20063909	22803913	2467645	40400177	0.061080	0.122989	0.093987	0.087088	False	0.106069
HAP2_chr20	HAP2_chr22	11,13,15,17,19,23	23	20063909	21922403	2420568	39565744	0.061178	0.120643	0.093921	0.087852	False	0.106003
HAP2_chr20	HAP2_chr23	11,13,15,17,19,23	23	20063909	21196957	2489113	38771753	0.064199	0.124059	0.091950	0.086744	False	0.103567
HAP2_chr20	HAP2_chr24	11,13,15,17,19,23	23	20063909	20102868	2395261	37771516	0.063414	0.119382	0.092452	0.088269	False	0.104136
HAP2_chr20	HAP2_chr25	11,13,15,17,19,23	23	20063909	20239507	2270351	38033065	0.059694	0.113156	0.094928	0.090389	False	0.106814
HAP2_chr20	HAP2_chr26	11,13,15,17,19,23	23	20063909	19903419	2328185	37639143	0.061855	0.116974	0.093471	0.089076	False	0.105283
HAP2_chr20	HAP2_chr27	11,13,15,17,19,23	23	20063909	17870121	2170712	35763318	0.060697	0.121472	0.094245	0.087581	False	0.106566
HAP2_chr20	HAP2_chr28	11,13,15,17,19,23	23	20063909	17426831	2203658	35287082	0.062449	0.126452	0.093079	0.085985	False	0.104521
HAP2_chr20	HAP2_chr29	11,13,15,17,19,23	23	20063909	19028380	2254324	36837965	0.061196	0.118472	0.093910	0.088572	False	0.105993
HAP2_chr20	HAP2_chr30	11,13,15,17,19,23	23	20063909	19686693	2451356	37299246	0.065721	0.124518	0.090993	0.086597	False	0.102602
HAP2_chr20	HAP2_chr31	11,13,15,17,19,23	23	20063909	17171636	2288727	34946818	0.065492	0.133285	0.091136	0.083891	False	0.102810
HAP2_chr20	HAP2_chr32	11,13,15,17,19,23	23	20063909	19285510	2227732	37121687	0.060012	0.115513	0.094711	0.089574	False	0.106612
HAP2_chr20	HAP2_chr33	11,13,15,17,19,23	23	20063909	19469942	2280565	37253286	0.061218	0.117133	0.093895	0.089022	False	0.105939
HAP2_chr20	HAP2_chr34	11,13,15,17,19,23	23	20063909	19829428	2360176	37533161	0.062882	0.119024	0.092797	0.088388	False	0.104193
HAP2_chr20	HAP2_chr35	11,13,15,17,19,23	23	20063909	17598234	2115882	35546261	0.059525	0.120233	0.095045	0.087987	False	0.106969
HAP2_chr20	HAP2_chr36	11,13,15,17,19,23	23	20063909	16850131	2068517	34845523	0.059362	0.122760	0.095157	0.087162	False	0.106914
HAP2_chr21	HAP2_chr22	11,13,15,17,19,23	23	22803913	21922403	2444501	42281815	0.057814	0.111507	0.096242	0.090970	False	0.108312
HAP2_chr21	HAP2_chr23	11,13,15,17,19,23	23	22803913	21196957	2465812	41535058	0.059367	0.116329	0.095154	0.089295	False	0.106713
HAP2_chr21	HAP2_chr24	11,13,15,17,19,23	23	22803913	20102868	2396847	40509934	0.059167	0.119229	0.095293	0.088319	False	0.106911
HAP2_chr21	HAP2_chr25	11,13,15,17,19,23	23	22803913	20239507	2320642	40722778	0.056986	0.114659	0.096836	0.089867	False	0.108976
HAP2_chr21	HAP2_chr26	11,13,15,17,19,23	23	22803913	19903419	2344110	40363222	0.058075	0.117774	0.096057	0.088806	False	0.108165
HAP2_chr21	HAP2_chr27	11,13,15,17,19,23	23	22803913	17870121	2180924	38493110	0.056658	0.122043	0.097074	0.087394	False	0.109599
HAP2_chr21	HAP2_chr28	11,13,15,17,19,23	23	22803913	17426831	2255643	37975101	0.059398	0.129435	0.095133	0.085058	False	0.106850
HAP2_chr21	HAP2_chr29	11,13,15,17,19,23	23	22803913	19028380	2272053	39560240	0.057433	0.119403	0.096515	0.088262	False	0.108864
HAP2_chr21	HAP2_chr30	11,13,15,17,19,23	23	22803913	19686693	2423739	40066867	0.060492	0.123116	0.094384	0.087047	False	0.106188
HAP2_chr21	HAP2_chr31	11,13,15,17,19,23	23	22803913	17171636	2261436	37714113	0.059963	0.131696	0.094744	0.084369	False	0.106692
HAP2_chr21	HAP2_chr32	11,13,15,17,19,23	23	22803913	19285510	2238481	39850942	0.056171	0.116071	0.097428	0.089383	False	0.109612
HAP2_chr21	HAP2_chr33	11,13,15,17,19,23	23	22803913	19469942	2284565	39989290	0.057129	0.117338	0.096732	0.088953	False	0.108883
HAP2_chr21	HAP2_chr34	11,13,15,17,19,23	23	22803913	19829428	2382935	40250406	0.059203	0.120172	0.095268	0.088007	False	0.106815
HAP2_chr21	HAP2_chr35	11,13,15,17,19,23	23	22803913	17598234	2097098	38305049	0.054747	0.119165	0.098486	0.088341	False	0.110646
HAP2_chr21	HAP2_chr36	11,13,15,17,19,23	23	22803913	16850131	2111765	37542279	0.056250	0.125326	0.097371	0.086340	False	0.109015
HAP2_chr22	HAP2_chr23	11,13,15,17,19,23	23	21922403	21196957	2425585	40693775	0.059606	0.114431	0.094989	0.089946	False	0.106660
HAP2_chr22	HAP2_chr24	11,13,15,17,19,23	23	21922403	20102868	2331716	39693555	0.058743	0.115989	0.095588	0.089411	False	0.107097
HAP2_chr22	HAP2_chr25	11,13,15,17,19,23	23	21922403	20239507	2250175	39911735	0.056379	0.111177	0.097277	0.091087	False	0.109528
HAP2_chr22	HAP2_chr26	11,13,15,17,19,23	23	21922403	19903419	2283487	39542335	0.057748	0.114728	0.096290	0.089843	False	0.108501
HAP2_chr22	HAP2_chr27	11,13,15,17,19,23	23	21922403	17870121	2155430	37637094	0.057269	0.120616	0.096632	0.087861	False	0.109252
HAP2_chr22	HAP2_chr28	11,13,15,17,19,23	23	21922403	17426831	2172434	37176800	0.058435	0.124660	0.095804	0.086552	False	0.107560
HAP2_chr22	HAP2_chr29	11,13,15,17,19,23	23	21922403	19028380	2248483	38702300	0.058097	0.118165	0.096042	0.088675	False	0.108536
HAP2_chr22	HAP2_chr30	11,13,15,17,19,23	23	21922403	19686693	2306263	39302833	0.058679	0.117148	0.095632	0.089017	False	0.107473
HAP2_chr22	HAP2_chr31	11,13,15,17,19,23	23	21922403	17171636	2265624	36828415	0.061518	0.131940	0.093694	0.084295	False	0.105776
HAP2_chr22	HAP2_chr32	11,13,15,17,19,23	23	21922403	19285510	2212830	38995083	0.056746	0.114741	0.097009	0.089839	False	0.108977
HAP2_chr22	HAP2_chr33	11,13,15,17,19,23	23	21922403	19469942	2196339	39196006	0.056035	0.112807	0.097529	0.090512	False	0.109723
HAP2_chr22	HAP2_chr34	11,13,15,17,19,23	23	21922403	19829428	2381420	39370411	0.060488	0.120095	0.094387	0.088032	False	0.105872
HAP2_chr22	HAP2_chr35	11,13,15,17,19,23	23	21922403	17598234	2041167	37479470	0.054461	0.115987	0.098702	0.089412	False	0.110865
HAP2_chr22	HAP2_chr36	11,13,15,17,19,23	23	21922403	16850131	2031338	36741196	0.055288	0.120553	0.098081	0.087882	False	0.109923
HAP2_chr23	HAP2_chr24	11,13,15,17,19,23	23	21196957	20102868	2406540	38893285	0.061875	0.119711	0.093457	0.088159	False	0.104588
HAP2_chr23	HAP2_chr25	11,13,15,17,19,23	23	21196957	20239507	2289634	39146830	0.058488	0.113127	0.095766	0.090399	False	0.107328
HAP2_chr23	HAP2_chr26	11,13,15,17,19,23	23	21196957	19903419	2371378	38728998	0.061230	0.119144	0.093887	0.088348	False	0.105457
HAP2_chr23	HAP2_chr27	11,13,15,17,19,23	23	21196957	17870121	2182744	36884334	0.059178	0.122145	0.095285	0.087361	False	0.107257
HAP2_chr23	HAP2_chr28	11,13,15,17,19,23	23	21196957	17426831	2245713	36378075	0.061733	0.128865	0.093552	0.085233	False	0.104738
HAP2_chr23	HAP2_chr29	11,13,15,17,19,23	23	21196957	19028380	2310303	37915034	0.060934	0.121414	0.094086	0.087599	False	0.105803
HAP2_chr23	HAP2_chr30	11,13,15,17,19,23	23	21196957	19686693	2385296	38498354	0.061958	0.121163	0.093403	0.087681	False	0.104504
HAP2_chr23	HAP2_chr31	11,13,15,17,19,23	23	21196957	17171636	2286059	36082534	0.063356	0.133130	0.092490	0.083938	False	0.103682
HAP2_chr23	HAP2_chr32	11,13,15,17,19,23	23	21196957	19285510	2270658	38211809	0.059423	0.117739	0.095115	0.088818	False	0.106708
HAP2_chr23	HAP2_chr33	11,13,15,17,19,23	23	21196957	19469942	2263710	38403189	0.058946	0.116267	0.095446	0.089316	False	0.107086
HAP2_chr23	HAP2_chr34	11,13,15,17,19,23	23	21196957	19829428	2424147	38602238	0.062798	0.122250	0.092852	0.087327	False	0.103662
HAP2_chr23	HAP2_chr35	11,13,15,17,19,23	23	21196957	17598234	2209759	36585432	0.060400	0.125567	0.094446	0.086264	False	0.106132
HAP2_chr23	HAP2_chr36	11,13,15,17,19,23	23	21196957	16850131	2083708	35963380	0.057940	0.123661	0.096153	0.086872	False	0.107481
HAP2_chr24	HAP2_chr25	11,13,15,17,19,23	23	20102868	20239507	2269369	38073006	0.059606	0.112888	0.094989	0.090483	False	0.106607
HAP2_chr24	HAP2_chr26	11,13,15,17,19,23	23	20102868	19903419	2291240	37715047	0.060751	0.115118	0.094209	0.089709	False	0.105692
HAP2_chr24	HAP2_chr27	11,13,15,17,19,23	23	20102868	17870121	2139803	35833186	0.059716	0.119742	0.094914	0.088149	False	0.106804
HAP2_chr24	HAP2_chr28	11,13,15,17,19,23	23	20102868	17426831	2166556	35363143	0.061266	0.124323	0.093863	0.086660	False	0.104900
HAP2_chr24	HAP2_chr29	11,13,15,17,19,23	23	20102868	19028380	2230976	36900272	0.060460	0.117245	0.094406	0.088984	False	0.106070
HAP2_chr24	HAP2_chr30	11,13,15,17,19,23	23	20102868	19686693	2362634	37426927	0.063127	0.120012	0.092638	0.088060	False	0.103869
HAP2_chr24	HAP2_chr31	11,13,15,17,19,23	23	20102868	17171636	2185368	35089136	0.062280	0.127266	0.093190	0.085730	False	0.104704
HAP2_chr24	HAP2_chr32	11,13,15,17,19,23	23	20102868	19285510	2171902	37216476	0.058359	0.112618	0.095857	0.090578	False	0.107494
HAP2_chr24	HAP2_chr33	11,13,15,17,19,23	23	20102868	19469942	2216914	37355896	0.059346	0.113863	0.095169	0.090143	False	0.106714
HAP2_chr24	HAP2_chr34	11,13,15,17,19,23	23	20102868	19829428	2334089	37598207	0.062080	0.117708	0.093322	0.088828	False	0.104393
HAP2_chr24	HAP2_chr35	11,13,15,17,19,23	23	20102868	17598234	2114872	35586230	0.059430	0.120175	0.095111	0.088006	False	0.106615
HAP2_chr24	HAP2_chr36	11,13,15,17,19,23	23	20102868	16850131	2034645	34918354	0.058269	0.120750	0.095921	0.087817	False	0.107049
HAP2_chr25	HAP2_chr26	11,13,15,17,19,23	23	20239507	19903419	2166665	37976261	0.057053	0.108859	0.096787	0.091919	False	0.108900
HAP2_chr25	HAP2_chr27	11,13,15,17,19,23	23	20239507	17870121	1995200	36114428	0.055247	0.111650	0.098112	0.090919	False	0.110634
HAP2_chr25	HAP2_chr28	11,13,15,17,19,23	23	20239507	17426831	2084385	35581953	0.058580	0.119608	0.095702	0.088194	False	0.107299
HAP2_chr25	HAP2_chr29	11,13,15,17,19,23	23	20239507	19028380	2092352	37175535	0.056283	0.109960	0.097347	0.091522	False	0.109725
HAP2_chr25	HAP2_chr30	11,13,15,17,19,23	23	20239507	19686693	2238587	37687613	0.059398	0.113711	0.095132	0.090196	False	0.106739
HAP2_chr25	HAP2_chr31	11,13,15,17,19,23	23	20239507	17171636	2134299	35276844	0.060501	0.124292	0.094378	0.086669	False	0.106216
HAP2_chr25	HAP2_chr32	11,13,15,17,19,23	23	20239507	19285510	2107505	37417512	0.056324	0.109279	0.097317	0.091767	False	0.109477
HAP2_chr25	HAP2_chr33	11,13,15,17,19,23	23	20239507	19469942	2125780	37583669	0.056561	0.109183	0.097144	0.091802	False	0.109428
HAP2_chr25	HAP2_chr34	11,13,15,17,19,23	23	20239507	19829428	2217711	37851224	0.058590	0.111839	0.095695	0.090852	False	0.107140
HAP2_chr25	HAP2_chr35	11,13,15,17,19,23	23	20239507	17598234	2016806	35820935	0.056302	0.114603	0.097332	0.089887	False	0.109321
HAP2_chr25	HAP2_chr36	11,13,15,17,19,23	23	20239507	16850131	2014010	35075628	0.057419	0.119525	0.096524	0.088221	False	0.108200
HAP2_chr26	HAP2_chr27	11,13,15,17,19,23	23	19903419	17870121	2077485	35696055	0.058199	0.116255	0.095970	0.089320	False	0.108309
HAP2_chr26	HAP2_chr28	11,13,15,17,19,23	23	19903419	17426831	2149076	35181174	0.061086	0.123320	0.093983	0.086981	False	0.105567
HAP2_chr26	HAP2_chr29	11,13,15,17,19,23	23	19903419	19028380	2180728	36751071	0.059338	0.114604	0.095174	0.089886	False	0.107492
HAP2_chr26	HAP2_chr30	11,13,15,17,19,23	23	19903419	19686693	2213032	37377080	0.059208	0.112413	0.095264	0.090650	False	0.106862
HAP2_chr26	HAP2_chr31	11,13,15,17,19,23	23	19903419	17171636	2124010	34951045	0.060771	0.123693	0.094195	0.086861	False	0.105801
HAP2_chr26	HAP2_chr32	11,13,15,17,19,23	23	19903419	19285510	2132600	37056329	0.057550	0.110580	0.096431	0.091299	False	0.108299
HAP2_chr26	HAP2_chr33	11,13,15,17,19,23	23	19903419	19469942	2178167	37195194	0.058560	0.111873	0.095716	0.090840	False	0.107701
HAP2_chr26	HAP2_chr34	11,13,15,17,19,23	23	19903419	19829428	2287451	37445396	0.061088	0.115356	0.093982	0.089627	False	0.105395
HAP2_chr26	HAP2_chr35	11,13,15,17,19,23	23	19903419	17598234	2042474	35459179	0.057601	0.116061	0.096395	0.089386	False	0.108342
HAP2_chr26	HAP2_chr36	11,13,15,17,19,23	23	19903419	16850131	2005482	34748068	0.057715	0.119019	0.096313	0.088389	False	0.108131
HAP2_chr27	HAP2_chr28	11,13,15,17,19,23	23	17870121	17426831	1923524	33373428	0.057636	0.110377	0.096369	0.091372	False	0.108217
HAP2_chr27	HAP2_chr29	11,13,15,17,19,23	23	17870121	19028380	1998009	34900492	0.057249	0.111807	0.096647	0.090863	False	0.109039
HAP2_chr27	HAP2_chr30	11,13,15,17,19,23	23	17870121	19686693	2090797	35466017	0.058952	0.117000	0.095442	0.089067	False	0.107429
HAP2_chr27	HAP2_chr31	11,13,15,17,19,23	23	17870121	17171636	1952298	33089459	0.059001	0.113693	0.095408	0.090202	False	0.107671
HAP2_chr27	HAP2_chr32	11,13,15,17,19,23	23	17870121	19285510	2019901	35135730	0.057489	0.113032	0.096475	0.090433	False	0.108914
HAP2_chr27	HAP2_chr33	11,13,15,17,19,23	23	17870121	19469942	2038176	35301887	0.057736	0.114055	0.096298	0.090076	False	0.108584
HAP2_chr27	HAP2_chr34	11,13,15,17,19,23	23	17870121	19829428	2067917	35631632	0.058036	0.115719	0.096085	0.089503	False	0.107941
HAP2_chr27	HAP2_chr35	11,13,15,17,19,23	23	17870121	17598234	1894095	33574260	0.056415	0.107630	0.097250	0.092367	False	0.109568
HAP2_chr27	HAP2_chr36	11,13,15,17,19,23	23	17870121	16850131	1830974	32889278	0.055671	0.108662	0.097797	0.091991	False	0.109883
HAP2_chr28	HAP2_chr29	11,13,15,17,19,23	23	17426831	19028380	1986290	34468921	0.057626	0.113979	0.096377	0.090103	False	0.108271
HAP2_chr28	HAP2_chr30	11,13,15,17,19,23	23	17426831	19686693	2122072	34991452	0.060645	0.121770	0.094280	0.087483	False	0.105510
HAP2_chr28	HAP2_chr31	11,13,15,17,19,23	23	17426831	17171636	2051755	32546712	0.063040	0.119485	0.092694	0.088234	False	0.103810
HAP2_chr28	HAP2_chr32	11,13,15,17,19,23	23	17426831	19285510	2035042	34677299	0.058685	0.116776	0.095628	0.089143	False	0.107080
HAP2_chr28	HAP2_chr33	11,13,15,17,19,23	23	17426831	19469942	2047444	34849329	0.058751	0.117488	0.095582	0.088902	False	0.107003
HAP2_chr28	HAP2_chr34	11,13,15,17,19,23	23	17426831	19829428	2169912	35086347	0.061845	0.124516	0.093478	0.086598	False	0.104387
HAP2_chr28	HAP2_chr35	11,13,15,17,19,23	23	17426831	17598234	1968892	33056173	0.059562	0.112980	0.095019	0.090451	False	0.106613
HAP2_chr28	HAP2_chr36	11,13,15,17,19,23	23	17426831	16850131	1890901	32386061	0.058386	0.112219	0.095838	0.090718	False	0.107091
HAP2_chr29	HAP2_chr30	11,13,15,17,19,23	23	19028380	19686693	2160783	36554290	0.059112	0.113556	0.095331	0.090250	False	0.107175
HAP2_chr29	HAP2_chr31	11,13,15,17,19,23	23	19028380	17171636	2099232	34100784	0.061560	0.122250	0.093667	0.087327	False	0.105720
HAP2_chr29	HAP2_chr32	11,13,15,17,19,23	23	19028380	19285510	2049037	36264853	0.056502	0.107683	0.097187	0.092348	False	0.109392
HAP2_chr29	HAP2_chr33	11,13,15,17,19,23	23	19028380	19469942	2062411	36435911	0.056604	0.108386	0.097113	0.092091	False	0.109393
HAP2_chr29	HAP2_chr34	11,13,15,17,19,23	23	19028380	19829428	2198041	36659767	0.059958	0.115514	0.094748	0.089573	False	0.106343
HAP2_chr29	HAP2_chr35	11,13,15,17,19,23	23	19028380	17598234	1972947	34653667	0.056933	0.112111	0.096874	0.090756	False	0.109119
HAP2_chr29	HAP2_chr36	11,13,15,17,19,23	23	19028380	16850131	1908884	33969627	0.056194	0.113286	0.097412	0.090344	False	0.109232
HAP2_chr30	HAP2_chr31	11,13,15,17,19,23	23	19686693	17171636	2185706	34672623	0.063038	0.127286	0.092695	0.085724	False	0.104200
HAP2_chr30	HAP2_chr32	11,13,15,17,19,23	23	19686693	19285510	2144399	36827804	0.058228	0.111192	0.095950	0.091081	False	0.107634
HAP2_chr30	HAP2_chr33	11,13,15,17,19,23	23	19686693	19469942	2188054	36968581	0.059187	0.112381	0.095279	0.090661	False	0.107080
HAP2_chr30	HAP2_chr34	11,13,15,17,19,23	23	19686693	19829428	2322784	37193337	0.062452	0.117988	0.093078	0.088734	False	0.104107
HAP2_chr30	HAP2_chr35	11,13,15,17,19,23	23	19686693	17598234	2043685	35241242	0.057991	0.116130	0.096117	0.089363	False	0.107761
HAP2_chr30	HAP2_chr36	11,13,15,17,19,23	23	19686693	16850131	2032142	34504682	0.058895	0.120601	0.095482	0.087866	False	0.106738
HAP2_chr31	HAP2_chr32	11,13,15,17,19,23	23	17171636	19285510	2091325	34365821	0.060855	0.121790	0.094139	0.087477	False	0.106045
HAP2_chr31	HAP2_chr33	11,13,15,17,19,23	23	17171636	19469942	2115832	34525746	0.061283	0.123217	0.093852	0.087014	False	0.105727
HAP2_chr31	HAP2_chr34	11,13,15,17,19,23	23	17171636	19829428	2212097	34788967	0.063586	0.128823	0.092342	0.085247	False	0.103362
HAP2_chr31	HAP2_chr35	11,13,15,17,19,23	23	17171636	17598234	1970793	32799077	0.060087	0.114770	0.094659	0.089829	False	0.106380
HAP2_chr31	HAP2_chr36	11,13,15,17,19,23	23	17171636	16850131	1944470	32077297	0.060618	0.115398	0.094298	0.089613	False	0.105666
HAP2_chr32	HAP2_chr33	11,13,15,17,19,23	23	19285510	19469942	2119000	36636452	0.057839	0.109875	0.096225	0.091552	False	0.108328
HAP2_chr32	HAP2_chr34	11,13,15,17,19,23	23	19285510	19829428	2214422	36900516	0.060011	0.114823	0.094712	0.089811	False	0.106100
HAP2_chr32	HAP2_chr35	11,13,15,17,19,23	23	19285510	17598234	1966206	34917538	0.056310	0.111727	0.097327	0.090892	False	0.109303
HAP2_chr32	HAP2_chr36	11,13,15,17,19,23	23	19285510	16850131	1901452	34234189	0.055542	0.112845	0.097892	0.090498	False	0.109475
HAP2_chr33	HAP2_chr34	11,13,15,17,19,23	23	19469942	19829428	2237516	37061854	0.060372	0.114922	0.094465	0.089777	False	0.105862
HAP2_chr33	HAP2_chr35	11,13,15,17,19,23	23	19469942	17598234	1981126	35087050	0.056463	0.112575	0.097215	0.090593	False	0.109317
HAP2_chr33	HAP2_chr36	11,13,15,17,19,23	23	19469942	16850131	1904592	34415481	0.055341	0.113031	0.098042	0.090433	False	0.109852
HAP2_chr34	HAP2_chr35	11,13,15,17,19,23	23	19829428	17598234	2109757	35317905	0.059736	0.119885	0.094900	0.088102	False	0.106324
HAP2_chr34	HAP2_chr36	11,13,15,17,19,23	23	19829428	16850131	2036246	34643313	0.058777	0.120845	0.095564	0.087786	False	0.106783
HAP2_chr35	HAP2_chr36	11,13,15,17,19,23	23	17598234	16850131	1807448	32640917	0.055374	0.107266	0.098017	0.092501	False	0.109693
