unit_a	unit_b	k	shared	kmers_a	kmers_b	jaccard	containment	distance	resolution_limited	z
HAP1_chr01	HAP1_chr02	11	1859311	1957535	1946193	0.909458	0.955358	0.004416	False	31.6696
HAP1_chr01	HAP1_chr02	13	6512084	11640736	11244389	0.397732	0.579141	0.043360	False	1322.0622
HAP1_chr01	HAP1_chr02	15	4088472	20047961	19013563	0.116903	0.215029	0.104255	False	4009.4726
HAP1_chr01	HAP1_chr02	17	2376305	22549300	21311746	0.057281	0.111502	0.130725	False	9810.1179
HAP1_chr01	HAP1_chr02	19	1937461	23476635	22186511	0.044309	0.087326	0.129830	False	31410.5197
HAP1_chr01	HAP1_chr02	23	1625065	24549625	23215393	0.035220	0.069999	0.116852	False	403767.0352
HAP1_chr01	HAP1_chr03	11	1856107	1957535	1943738	0.907558	0.954916	0.004516	False	31.0122
HAP1_chr01	HAP1_chr03	13	6370203	11640736	10999145	0.391538	0.579154	0.044226	False	1307.6421
HAP1_chr01	HAP1_chr03	15	3880203	20047961	18329408	0.112479	0.211693	0.106562	False	3862.7563
HAP1_chr01	HAP1_chr03	17	2191062	22549300	20410376	0.053744	0.107350	0.134278	False	9234.3339
HAP1_chr01	HAP1_chr03	19	1767038	23476635	21163404	0.041216	0.083495	0.133483	False	29329.2346
HAP1_chr01	HAP1_chr03	23	1477556	24549625	22014490	0.032772	0.067117	0.119882	False	376996.7373
HAP1_chr01	HAP1_chr04	11	1848175	1957535	1932915	0.904959	0.956159	0.004653	False	32.7147
HAP1_chr01	HAP1_chr04	13	6276496	11640736	10773179	0.388941	0.582604	0.044594	False	1313.3630
HAP1_chr01	HAP1_chr04	15	3805320	20047961	17790903	0.111811	0.213891	0.106919	False	3853.5796
HAP1_chr01	HAP1_chr04	17	2158774	22549300	19778792	0.053742	0.109146	0.134280	False	9246.1887
HAP1_chr01	HAP1_chr04	19	1747127	23476635	20515672	0.041357	0.085161	0.133310	False	29454.1582
HAP1_chr01	HAP1_chr04	23	1463052	24549625	21366028	0.032913	0.068476	0.119701	False	378918.5890
HAP1_chr01	HAP1_chr05	11	1855589	1957535	1929544	0.913413	0.961672	0.004210	False	40.6123
HAP1_chr01	HAP1_chr05	13	7005376	11640736	10753558	0.455222	0.651447	0.036075	False	1695.4525
HAP1_chr01	HAP1_chr05	15	6045932	20047961	17707643	0.190665	0.341431	0.075907	False	6621.8613
HAP1_chr01	HAP1_chr05	17	4572336	22549300	19569396	0.121778	0.233647	0.089842	False	19946.6883
HAP1_chr01	HAP1_chr05	19	3932601	23476635	20182458	0.098992	0.194852	0.090209	False	66918.9267
HAP1_chr01	HAP1_chr05	23	3197323	24549625	20826870	0.075803	0.153519	0.085197	False	838735.4629
HAP1_chr01	HAP1_chr06	11	1790014	1957535	1862023	0.881978	0.961328	0.005888	False	39.4085
HAP1_chr01	HAP1_chr06	13	5447495	11640736	9019674	0.358084	0.603957	0.049224	False	1310.6119
HAP1_chr01	HAP1_chr06	15	3144980	20047961	13871743	0.102194	0.226718	0.112336	False	3649.9824
HAP1_chr01	HAP1_chr06	17	1796786	22549300	15203134	0.049972	0.118185	0.138347	False	8794.3363
HAP1_chr01	HAP1_chr06	19	1464497	23476635	15738727	0.038794	0.093051	0.136548	False	28193.0917
HAP1_chr01	HAP1_chr06	23	1230414	24549625	16408075	0.030972	0.074988	0.122263	False	363639.3543
HAP1_chr01	HAP1_chr07	11	1723958	1957535	1784793	0.854134	0.965915	0.007449	False	44.9258
HAP1_chr01	HAP1_chr07	13	4776572	11640736	7637316	0.329385	0.625425	0.054007	False	1306.7344
HAP1_chr01	HAP1_chr07	15	2777975	20047961	11192427	0.097602	0.248201	0.115123	False	3650.5160
HAP1_chr01	HAP1_chr07	17	1672230	22549300	12230946	0.050508	0.136721	0.137750	False	9153.2373
HAP1_chr01	HAP1_chr07	19	1379992	23476635	12703966	0.039654	0.108627	0.135437	False	29577.4304
HAP1_chr01	HAP1_chr07	23	1151299	24549625	13324187	0.031351	0.086407	0.121749	False	377586.7379
HAP1_chr01	HAP1_chr08	11	1787051	1957535	1858305	0.880846	0.961656	0.005950	False	39.8332
HAP1_chr01	HAP1_chr08	13	5414298	11640736	8947896	0.356806	0.605092	0.049427	False	1311.1497
HAP1_chr01	HAP1_chr08	15	3121495	20047961	13720128	0.101855	0.227512	0.112537	False	3645.1935
HAP1_chr01	HAP1_chr08	17	1793845	22549300	15032264	0.050125	0.119333	0.138177	False	8831.6300
HAP1_chr01	HAP1_chr08	19	1464048	23476635	15558722	0.038967	0.094098	0.136322	False	28347.5981
HAP1_chr01	HAP1_chr08	23	1228864	24549625	16207280	0.031088	0.075822	0.122104	False	365424.1358
HAP1_chr01	HAP1_chr09	11	1834253	1957535	1914774	0.900001	0.957948	0.004915	False	35.1218
HAP1_chr01	HAP1_chr09	13	6073389	11640736	10281492	0.383207	0.590711	0.045418	False	1327.1759
HAP1_chr01	HAP1_chr09	15	3689118	20047961	16671392	0.111689	0.221284	0.106985	False	3886.5738
HAP1_chr01	HAP1_chr09	17	2133254	22549300	18461438	0.054871	0.115552	0.133120	False	9470.1791
HAP1_chr01	HAP1_chr09	19	1737878	23476635	19130088	0.042523	0.090845	0.131905	False	30344.5311
HAP1_chr01	HAP1_chr09	23	1454142	24549625	19900010	0.033821	0.073072	0.118556	False	390237.0458
HAP1_chr01	HAP1_chr10	11	1819382	1957535	1897841	0.893609	0.958659	0.005257	False	35.9804
HAP1_chr01	HAP1_chr10	13	5794644	11640736	9766088	0.371162	0.593343	0.047202	False	1307.4507
HAP1_chr01	HAP1_chr10	15	3382397	20047961	15448533	0.105324	0.218946	0.110513	False	3693.7601
HAP1_chr01	HAP1_chr10	17	1904769	22549300	17004832	0.050592	0.112013	0.137657	False	8804.1107
HAP1_chr01	HAP1_chr10	19	1538604	23476635	17586104	0.038928	0.087490	0.136373	False	28017.5586
HAP1_chr01	HAP1_chr10	23	1287447	24549625	18258702	0.031007	0.070511	0.122214	False	360697.0438
HAP1_chr01	HAP1_chr11	11	1798808	1957535	1872099	0.885752	0.960851	0.005682	False	38.8399
HAP1_chr01	HAP1_chr11	13	5646067	11640736	9326903	0.368504	0.605353	0.047606	False	1339.9836
HAP1_chr01	HAP1_chr11	15	3415695	20047961	14671173	0.109116	0.232817	0.108384	False	3874.5603
HAP1_chr01	HAP1_chr11	17	2013235	22549300	16214000	0.054782	0.124166	0.133211	False	9552.0730
HAP1_chr01	HAP1_chr11	19	1645505	23476635	16845289	0.042545	0.097683	0.131879	False	30622.2340
HAP1_chr01	HAP1_chr11	23	1366827	24549625	17621694	0.033497	0.077565	0.118961	False	389796.8147
HAP1_chr01	HAP1_chr12	11	1834139	1957535	1915799	0.899443	0.957375	0.004945	False	34.3117
HAP1_chr01	HAP1_chr12	13	5978364	11640736	10153789	0.377991	0.588782	0.046182	False	1308.4706
HAP1_chr01	HAP1_chr12	15	3549149	20047961	16247040	0.108385	0.218449	0.108788	False	3777.6484
HAP1_chr01	HAP1_chr12	17	2023772	22549300	17909288	0.052655	0.113001	0.135422	False	9116.8094
HAP1_chr01	HAP1_chr12	19	1639260	23476635	18511755	0.040627	0.088552	0.134211	False	29095.2766
HAP1_chr01	HAP1_chr12	23	1368393	24549625	19189942	0.032295	0.071308	0.120499	False	373957.4885
HAP1_chr01	HAP1_chr13	11	1801622	1957535	1875135	0.887041	0.960796	0.005612	False	38.7935
HAP1_chr01	HAP1_chr13	13	5640699	11640736	9343819	0.367619	0.603682	0.047741	False	1332.5291
HAP1_chr01	HAP1_chr13	15	3391088	20047961	14682039	0.108207	0.230968	0.108887	False	3839.3456
HAP1_chr01	HAP1_chr13	17	1989679	22549300	16239991	0.054068	0.122517	0.133943	False	9430.0085
HAP1_chr01	HAP1_chr13	19	1624286	23476635	16884360	0.041931	0.096201	0.132613	False	30191.5473
HAP1_chr01	HAP1_chr13	23	1348538	24549625	17677470	0.032989	0.076286	0.119604	False	383973.8366
HAP1_chr01	HAP1_chr14	11	1798075	1957535	1871130	0.885494	0.960957	0.005696	False	38.9798
HAP1_chr01	HAP1_chr14	13	5591667	11640736	9262991	0.365181	0.603657	0.048116	False	1326.6206
HAP1_chr01	HAP1_chr14	15	3314752	20047961	14456692	0.106276	0.229288	0.109971	False	3776.7111
HAP1_chr01	HAP1_chr14	17	1917335	22549300	15903532	0.052479	0.120560	0.135609	False	9179.4950
HAP1_chr01	HAP1_chr14	19	1554765	23476635	16468416	0.040499	0.094409	0.134370	False	29261.0126
HAP1_chr01	HAP1_chr14	23	1284011	24549625	17136388	0.031781	0.074929	0.121175	False	371327.8541
HAP1_chr01	HAP1_chr15	11	1784780	1957535	1855173	0.880100	0.962056	0.005991	False	40.3627
HAP1_chr01	HAP1_chr15	13	5393949	11640736	8874233	0.356719	0.607821	0.049441	False	1319.5474
HAP1_chr01	HAP1_chr15	15	3139492	20047961	13573555	0.102995	0.231295	0.111864	False	3697.7883
HAP1_chr01	HAP1_chr15	17	1817552	22549300	14867839	0.051055	0.122247	0.137147	False	9002.5155
HAP1_chr01	HAP1_chr15	19	1480990	23476635	15377188	0.039627	0.096311	0.135471	False	28845.6095
HAP1_chr01	HAP1_chr15	23	1236958	24549625	15979423	0.031481	0.077409	0.121575	False	370444.3400
HAP1_chr01	HAP1_chr16	11	1800209	1957535	1875435	0.885598	0.959889	0.005690	False	37.5108
HAP1_chr01	HAP1_chr16	13	5489587	11640736	9236754	0.356747	0.594320	0.049436	False	1276.5631
HAP1_chr01	HAP1_chr16	15	2988116	20047961	14181284	0.095647	0.210708	0.116353	False	3378.4851
HAP1_chr01	HAP1_chr16	17	1565008	22549300	15402512	0.043010	0.101607	0.146781	False	7581.9592
HAP1_chr01	HAP1_chr16	19	1221497	23476635	15797116	0.032101	0.077324	0.146175	False	23462.8111
HAP1_chr01	HAP1_chr16	23	994541	24549625	16206423	0.025013	0.061367	0.131301	False	295751.2847
HAP1_chr01	HAP1_chr17	11	1761331	1957535	1828536	0.869905	0.963247	0.006556	False	41.7384
HAP1_chr01	HAP1_chr17	13	5046027	11640736	8215644	0.340709	0.614197	0.052060	False	1300.6671
HAP1_chr01	HAP1_chr17	15	2906268	20047961	12154666	0.099202	0.239107	0.114135	False	3640.1315
HAP1_chr01	HAP1_chr17	17	1724692	22549300	13222763	0.050656	0.130434	0.137587	False	9070.8742
HAP1_chr01	HAP1_chr17	19	1421761	23476635	13661444	0.039807	0.104071	0.135242	False	29383.3889
HAP1_chr01	HAP1_chr17	23	1190508	24549625	14203159	0.031694	0.083820	0.121290	False	378171.4159
HAP1_chr01	HAP1_chr18	11	1702507	1957535	1761652	0.844213	0.966426	0.008023	False	45.3364
HAP1_chr01	HAP1_chr18	13	4416725	11640736	7039081	0.309661	0.627458	0.057608	False	1263.6660
HAP1_chr01	HAP1_chr18	15	2451791	20047961	9893375	0.089190	0.247821	0.120618	False	3425.9528
HAP1_chr01	HAP1_chr18	17	1474140	22549300	10674911	0.046430	0.138094	0.142474	False	8638.7287
HAP1_chr01	HAP1_chr18	19	1229198	23476635	11026423	0.036942	0.111477	0.139028	False	28279.7486
HAP1_chr01	HAP1_chr18	23	1045721	24549625	11490106	0.029883	0.091011	0.123773	False	369320.1077
HAP1_chr01	HAP1_chr19	11	1699025	1957535	1756593	0.843145	0.967227	0.008086	False	46.3702
HAP1_chr01	HAP1_chr19	13	4490789	11640736	7125681	0.314577	0.630226	0.056684	False	1283.9618
HAP1_chr01	HAP1_chr19	15	2506815	20047961	10112005	0.090652	0.247905	0.119624	False	3464.9719
HAP1_chr01	HAP1_chr19	17	1486640	22549300	10913586	0.046492	0.136219	0.142398	False	8613.8931
HAP1_chr01	HAP1_chr19	19	1226086	23476635	11252278	0.036596	0.108963	0.139505	False	27922.6320
HAP1_chr01	HAP1_chr19	23	1030236	24549625	11676341	0.029272	0.088233	0.124645	False	360937.8054
HAP1_chr01	HAP1_chr20	11	1658536	1957535	1711472	0.824949	0.969070	0.009167	False	48.2656
HAP1_chr01	HAP1_chr20	13	4146341	11640736	6490457	0.296488	0.638837	0.060174	False	1262.6402
HAP1_chr01	HAP1_chr20	15	2304418	20047961	8988729	0.086204	0.256368	0.122706	False	3398.1550
HAP1_chr01	HAP1_chr20	17	1382653	22549300	9665961	0.044844	0.143044	0.144429	False	8520.6950
HAP1_chr01	HAP1_chr20	19	1141701	23476635	9964401	0.035348	0.114578	0.141269	False	27632.2240
HAP1_chr01	HAP1_chr20	23	952859	24549625	10349545	0.028070	0.092068	0.126418	False	354582.4133
HAP1_chr01	HAP1_chr21	11	1686003	1957535	1742327	0.837200	0.967673	0.008435	False	46.7904
HAP1_chr01	HAP1_chr21	13	4392961	11640736	6944609	0.309529	0.632571	0.057633	False	1278.0372
HAP1_chr01	HAP1_chr21	15	2444651	20047961	9781299	0.089271	0.249931	0.120563	False	3440.6353
HAP1_chr01	HAP1_chr21	17	1443418	22549300	10518678	0.045642	0.137224	0.143436	False	8520.2323
HAP1_chr01	HAP1_chr21	19	1179700	23476635	10816829	0.035626	0.109062	0.140871	False	27401.7220
HAP1_chr01	HAP1_chr21	23	970818	24549625	11173336	0.027935	0.086887	0.126620	False	347692.5412
HAP1_chr01	HAP1_chr22	11	1651826	1957535	1704026	0.821912	0.969367	0.009351	False	48.5614
HAP1_chr01	HAP1_chr22	13	4105060	11640736	6405553	0.294455	0.640860	0.060583	False	1263.0475
HAP1_chr01	HAP1_chr22	15	2288826	20047961	8841730	0.086043	0.258866	0.122820	False	3408.7047
HAP1_chr01	HAP1_chr22	17	1383665	22549300	9505777	0.045113	0.145560	0.144093	False	8601.2555
HAP1_chr01	HAP1_chr22	19	1144830	23476635	9805074	0.035624	0.116759	0.140874	False	27932.9455
HAP1_chr01	HAP1_chr22	23	952809	24549625	10195462	0.028196	0.093454	0.126227	False	357233.0440
HAP1_chr01	HAP1_chr23	11	1696463	1957535	1753511	0.842091	0.967466	0.008147	False	46.6570
HAP1_chr01	HAP1_chr23	13	4454665	11640736	7067544	0.312529	0.630299	0.057067	False	1279.0425
HAP1_chr01	HAP1_chr23	15	2486154	20047961	10003276	0.090192	0.248534	0.119935	False	3456.5902
HAP1_chr01	HAP1_chr23	17	1472883	22549300	10789591	0.046221	0.136510	0.142727	False	8583.4388
HAP1_chr01	HAP1_chr23	19	1208506	23476635	11123421	0.036192	0.108645	0.140070	False	27681.0954
HAP1_chr01	HAP1_chr23	23	999945	24549625	11537178	0.028499	0.086672	0.125775	False	352431.9651
HAP1_chr01	HAP1_chr24	11	1689067	1957535	1746189	0.838389	0.967288	0.008365	False	46.3149
HAP1_chr01	HAP1_chr24	13	4350398	11640736	6912850	0.306297	0.629320	0.058250	False	1260.5998
HAP1_chr01	HAP1_chr24	15	2363815	20047961	9670718	0.086413	0.244430	0.122557	False	3332.6057
HAP1_chr01	HAP1_chr24	17	1377446	22549300	10375760	0.043662	0.132756	0.145933	False	8181.2442
HAP1_chr01	HAP1_chr24	19	1128518	23476635	10659044	0.034190	0.105874	0.142963	False	26404.9356
HAP1_chr01	HAP1_chr24	23	939753	24549625	10997536	0.027155	0.085451	0.127820	False	339246.1671
HAP1_chr01	HAP1_chr25	11	1605705	1957535	1652760	0.801014	0.971529	0.010644	False	50.7033
HAP1_chr01	HAP1_chr25	13	3776105	11640736	5875803	0.274817	0.642653	0.064716	False	1217.0750
HAP1_chr01	HAP1_chr25	15	1957463	20047961	7878851	0.075376	0.248445	0.130986	False	3066.3779
HAP1_chr01	HAP1_chr25	17	1120416	22549300	8364267	0.037606	0.133953	0.154373	False	7413.0741
HAP1_chr01	HAP1_chr25	19	914308	23476635	8557390	0.029380	0.106844	0.150697	False	23876.1324
HAP1_chr01	HAP1_chr25	23	762328	24549625	8789357	0.023401	0.086733	0.134129	False	307830.9599
HAP1_chr01	HAP1_chr26	11	1635506	1957535	1686479	0.814289	0.969775	0.009817	False	48.8603
HAP1_chr01	HAP1_chr26	13	3914024	11640736	6131968	0.282424	0.638298	0.063073	False	1225.0117
HAP1_chr01	HAP1_chr26	15	2072928	20047961	8274002	0.078972	0.250535	0.128102	False	3173.4402
HAP1_chr01	HAP1_chr26	17	1216733	22549300	8799975	0.040379	0.138266	0.150346	False	7853.4096
HAP1_chr01	HAP1_chr26	19	1003937	23476635	9008407	0.031890	0.111444	0.146511	False	25553.6703
HAP1_chr01	HAP1_chr26	23	844296	24549625	9253365	0.025617	0.091242	0.130289	False	332272.2215
HAP1_chr01	HAP2_chr01	11	1943111	1957535	1956191	0.986043	0.993314	0.000641	False	86.6975
HAP1_chr01	HAP2_chr01	13	11181744	11640736	11594047	0.927712	0.964438	0.002940	False	3569.8623
HAP1_chr01	HAP2_chr01	15	18833083	20047961	19936069	0.890413	0.944674	0.003981	False	20964.5545
HAP1_chr01	HAP2_chr01	17	20950558	22549300	22404348	0.872828	0.935111	0.004136	False	86146.3639
HAP1_chr01	HAP2_chr01	19	21640230	23476635	23312721	0.860476	0.928258	0.004103	False	342864.4522
HAP1_chr01	HAP2_chr01	23	22320923	24549625	24358453	0.839538	0.916352	0.003968	False	5414264.1262
HAP1_chr01	HAP2_chr02	11	1858330	1957535	1944775	0.909172	0.955550	0.004431	False	31.9354
HAP1_chr01	HAP2_chr02	13	6495026	11640736	11207989	0.397159	0.579500	0.043439	False	1321.9607
HAP1_chr01	HAP2_chr02	15	4067216	20047961	18930484	0.116502	0.214850	0.104460	False	3996.6695
HAP1_chr01	HAP2_chr02	17	2356826	22549300	21212559	0.056921	0.111105	0.131076	False	9751.5835
HAP1_chr01	HAP2_chr02	19	1918786	23476635	22080660	0.043970	0.086899	0.130217	False	31181.9298
HAP1_chr01	HAP2_chr02	23	1607613	24549625	23100878	0.034916	0.069591	0.117217	False	400419.6512
HAP1_chr01	HAP2_chr03	11	1871169	1957535	1963081	0.913012	0.955880	0.004231	False	28.6478
HAP1_chr01	HAP2_chr03	13	6654831	11640736	11634879	0.400392	0.571973	0.042994	False	1303.3098
HAP1_chr01	HAP2_chr03	15	4149017	20047961	19905925	0.115879	0.208431	0.104780	False	3950.1461
HAP1_chr01	HAP2_chr03	17	2358076	22549300	22313308	0.055478	0.105680	0.132507	False	9501.2370
HAP1_chr01	HAP2_chr03	19	1906585	23476635	23191431	0.042594	0.082211	0.131821	False	30229.1609
HAP1_chr01	HAP2_chr03	23	1598706	24549625	24190163	0.033913	0.066089	0.118441	False	389132.1320
HAP1_chr01	HAP2_chr04	11	1851599	1957535	1937260	0.906227	0.955782	0.004586	False	32.2082
HAP1_chr01	HAP2_chr04	13	6328727	11640736	10898284	0.390414	0.580709	0.044385	False	1310.3439
HAP1_chr01	HAP2_chr04	15	3842001	20047961	18070854	0.112087	0.212608	0.106771	False	3855.5406
HAP1_chr01	HAP2_chr04	17	2174755	22549300	20103510	0.053727	0.108178	0.134296	False	9237.0664
HAP1_chr01	HAP2_chr04	19	1757908	23476635	20853426	0.041292	0.084298	0.133389	False	29394.3269
HAP1_chr01	HAP2_chr04	23	1470258	24549625	21714248	0.032823	0.067709	0.119816	False	377719.2773
HAP1_chr01	HAP2_chr06	11	1785086	1957535	1856147	0.879961	0.961716	0.005998	False	39.8938
HAP1_chr01	HAP2_chr06	13	5396697	11640736	8915399	0.355996	0.605323	0.049556	False	1309.9394
HAP1_chr01	HAP2_chr06	15	3101963	20047961	13659620	0.101353	0.227090	0.112836	False	3629.0737
HAP1_chr01	HAP2_chr06	17	1766477	22549300	14950852	0.049435	0.118152	0.138954	False	8718.5756
HAP1_chr01	HAP2_chr06	19	1437133	23476635	15462891	0.038321	0.092941	0.137169	False	27911.9186
HAP1_chr01	HAP2_chr06	23	1205606	24549625	16092268	0.030571	0.074918	0.122812	False	359786.7776
HAP1_chr01	HAP2_chr09	11	1767823	1957535	1835654	0.872841	0.963048	0.006392	False	41.5412
HAP1_chr01	HAP2_chr09	13	5147144	11640736	8400787	0.345576	0.612698	0.051247	False	1307.8619
HAP1_chr01	HAP2_chr09	15	2952445	20047961	12520506	0.099691	0.235809	0.113838	False	3634.1097
HAP1_chr01	HAP2_chr09	17	1728511	22549300	13598702	0.050219	0.127109	0.138071	False	8959.6021
HAP1_chr01	HAP2_chr09	19	1417306	23476635	14008836	0.039295	0.101172	0.135897	False	28924.4914
HAP1_chr01	HAP2_chr09	23	1185753	24549625	14488605	0.031326	0.081840	0.121783	False	372932.0550
HAP1_chr01	HAP2_chr08	11	1780649	1957535	1850664	0.878227	0.962168	0.006094	False	40.4710
HAP1_chr01	HAP2_chr08	13	5341344	11640736	8796322	0.353832	0.607225	0.049902	False	1310.7374
HAP1_chr01	HAP2_chr08	15	3069919	20047961	13405860	0.101038	0.228998	0.113025	False	3631.3634
HAP1_chr01	HAP2_chr08	17	1766419	22549300	14664144	0.049833	0.120458	0.138504	False	8806.9346
HAP1_chr01	HAP2_chr08	19	1442742	23476635	15167024	0.038782	0.095124	0.136563	False	28294.0367
HAP1_chr01	HAP2_chr08	23	1210915	24549625	15783256	0.030952	0.076721	0.122289	False	364891.6120
HAP1_chr01	HAP2_chr11	11	1801366	1957535	1875256	0.886750	0.960597	0.005627	False	38.5134
HAP1_chr01	HAP2_chr11	13	5677603	11640736	9396976	0.369633	0.604195	0.047434	False	1338.9804
HAP1_chr01	HAP2_chr11	15	3433494	20047961	14824614	0.109211	0.231608	0.108332	False	3870.6777
HAP1_chr01	HAP2_chr11	17	2017652	22549300	16402565	0.054628	0.123008	0.133367	False	9515.9095
HAP1_chr01	HAP2_chr11	19	1645585	23476635	17052685	0.042321	0.096500	0.132146	False	30436.2753
HAP1_chr01	HAP2_chr11	23	1363802	24549625	17855262	0.033230	0.076381	0.119297	False	386381.8461
HAP1_chr01	HAP2_chr12	11	1834556	1957535	1916305	0.899608	0.957340	0.004936	False	34.2658
HAP1_chr01	HAP2_chr12	13	5979092	11640736	10157744	0.377960	0.588624	0.046186	False	1307.8727
HAP1_chr01	HAP2_chr12	15	3548237	20047961	16248346	0.108349	0.218375	0.108808	False	3776.2631
HAP1_chr01	HAP2_chr12	17	2023128	22549300	17907770	0.052639	0.112975	0.135438	False	9114.2439
HAP1_chr01	HAP2_chr12	19	1638424	23476635	18511531	0.040606	0.088508	0.134237	False	29080.5863
HAP1_chr01	HAP2_chr12	23	1365789	24549625	19196363	0.032227	0.071148	0.120588	False	373183.4246
HAP1_chr01	HAP2_chr13	11	1714067	1957535	1773388	0.849871	0.966549	0.007695	False	45.6566
HAP1_chr01	HAP2_chr13	13	4678935	11640736	7463531	0.324355	0.626906	0.054900	False	1298.6504
HAP1_chr01	HAP2_chr13	15	2644103	20047961	10811655	0.093711	0.244560	0.117598	False	3525.9310
HAP1_chr01	HAP2_chr13	17	1545451	22549300	11714892	0.047234	0.131922	0.141508	False	8637.4476
HAP1_chr01	HAP2_chr13	19	1261291	23476635	12084487	0.036773	0.104373	0.139262	False	27715.7631
HAP1_chr01	HAP2_chr13	23	1045743	24549625	12533334	0.029018	0.083437	0.125012	False	353622.9956
HAP1_chr01	HAP2_chr05	11	1853610	1957535	1927047	0.912671	0.961891	0.004248	False	40.9009
HAP1_chr01	HAP2_chr05	13	6983999	11640736	10709499	0.454503	0.652131	0.036159	False	1695.7759
HAP1_chr01	HAP2_chr05	15	6013690	20047961	17601194	0.190093	0.341664	0.076075	False	6606.9886
HAP1_chr01	HAP2_chr05	17	4537778	22549300	19429478	0.121198	0.233551	0.090093	False	19866.9877
HAP1_chr01	HAP2_chr05	19	3894442	23476635	20016096	0.098349	0.194566	0.090521	False	66544.3367
HAP1_chr01	HAP2_chr05	23	3154498	24549625	20608717	0.075100	0.153066	0.085574	False	831869.6315
HAP1_chr01	HAP2_chr10	11	1817366	1957535	1895187	0.892898	0.958938	0.005295	False	36.3524
HAP1_chr01	HAP2_chr10	13	5767177	11640736	9712491	0.370022	0.593790	0.047375	False	1306.2193
HAP1_chr01	HAP2_chr10	15	3354014	20047961	15325642	0.104749	0.218850	0.110844	False	3677.0873
HAP1_chr01	HAP2_chr10	17	1883348	22549300	16850568	0.050200	0.111768	0.138092	False	8744.3944
HAP1_chr01	HAP2_chr10	19	1518781	23476635	17412284	0.038577	0.087225	0.136832	False	27794.1216
HAP1_chr01	HAP2_chr10	23	1269241	24549625	18052398	0.030708	0.070309	0.122623	False	357622.4745
HAP1_chr01	HAP2_chr14	11	1799255	1957535	1872511	0.885987	0.960878	0.005669	False	38.8829
HAP1_chr01	HAP2_chr14	13	5604018	11640736	9287321	0.365701	0.603405	0.048035	False	1327.0603
HAP1_chr01	HAP2_chr14	15	3323421	20047961	14504228	0.106422	0.229135	0.109889	False	3779.8845
HAP1_chr01	HAP2_chr14	17	1922546	22549300	15955961	0.052553	0.120491	0.135529	False	9189.1906
HAP1_chr01	HAP2_chr14	19	1559184	23476635	16521915	0.040562	0.094371	0.134291	False	29296.6100
HAP1_chr01	HAP2_chr14	23	1287916	24549625	17192812	0.031836	0.074910	0.121102	False	371845.4805
HAP1_chr01	HAP2_chr15	11	1739048	1957535	1801610	0.860874	0.965274	0.007064	False	44.2472
HAP1_chr01	HAP2_chr15	13	4930146	11640736	7922995	0.336906	0.622258	0.052705	False	1315.8120
HAP1_chr01	HAP2_chr15	15	2847637	20047961	11716993	0.098475	0.243035	0.114582	False	3643.5648
HAP1_chr01	HAP2_chr15	17	1679814	22549300	12776868	0.049926	0.131473	0.138400	False	8989.1415
HAP1_chr01	HAP2_chr15	19	1376796	23476635	13220548	0.038980	0.104141	0.136305	False	28924.7047
HAP1_chr01	HAP2_chr15	23	1148743	24549625	13763461	0.030910	0.083463	0.122347	False	370687.4563
HAP1_chr01	HAP2_chr18	11	1696014	1957535	1754152	0.841413	0.966857	0.008187	False	45.8300
HAP1_chr01	HAP2_chr18	13	4365611	11640736	6943926	0.307025	0.628695	0.058110	False	1260.6314
HAP1_chr01	HAP2_chr18	15	2411349	20047961	9721359	0.088141	0.248046	0.121343	False	3399.6690
HAP1_chr01	HAP2_chr18	17	1444899	22549300	10474208	0.045756	0.137948	0.143296	False	8547.9357
HAP1_chr01	HAP2_chr18	19	1202449	23476635	10808975	0.036346	0.111245	0.139854	False	27941.1349
HAP1_chr01	HAP2_chr18	23	1020948	24549625	11244443	0.029360	0.090796	0.124518	False	364488.4600
HAP1_chr01	HAP2_chr16	11	1800148	1957535	1875396	0.885558	0.959876	0.005692	False	37.4926
HAP1_chr01	HAP2_chr16	13	5486142	11640736	9231562	0.356564	0.594281	0.049465	False	1276.0035
HAP1_chr01	HAP2_chr16	15	2985920	20047961	14170650	0.095602	0.210712	0.116381	False	3377.2796
HAP1_chr01	HAP2_chr16	17	1564062	22549300	15390938	0.042997	0.101622	0.146799	False	7580.2543
HAP1_chr01	HAP2_chr16	19	1220925	23476635	15784249	0.032096	0.077351	0.146183	False	23461.3988
HAP1_chr01	HAP2_chr16	23	993927	24549625	16190750	0.025007	0.061389	0.131311	False	295711.7217
HAP1_chr01	HAP2_chr17	11	1762983	1957535	1830609	0.870540	0.963058	0.006520	False	41.4983
HAP1_chr01	HAP2_chr17	13	5053006	11640736	8240648	0.340766	0.613181	0.052050	False	1297.6896
HAP1_chr01	HAP2_chr17	15	2899114	20047961	12197774	0.098789	0.237676	0.114389	False	3620.7083
HAP1_chr01	HAP2_chr17	17	1712874	22549300	13269618	0.050222	0.129082	0.138068	False	8990.8661
HAP1_chr01	HAP2_chr17	19	1409421	23476635	13709289	0.039395	0.102808	0.135769	False	29076.8990
HAP1_chr01	HAP2_chr17	23	1178062	24549625	14252006	0.031312	0.082659	0.121802	False	373575.9886
HAP1_chr01	HAP2_chr07	11	1701520	1957535	1758901	0.844462	0.967377	0.008009	False	46.6056
HAP1_chr01	HAP2_chr07	13	4565029	11640736	7240106	0.318880	0.630520	0.055890	False	1295.5715
HAP1_chr01	HAP2_chr07	15	2618731	20047961	10421927	0.094026	0.251271	0.117393	False	3573.9100
HAP1_chr01	HAP2_chr07	17	1574798	22549300	11338838	0.048735	0.138885	0.139752	False	8955.3336
HAP1_chr01	HAP2_chr07	19	1297501	23476635	11754937	0.038236	0.110379	0.137282	False	28910.9219
HAP1_chr01	HAP2_chr07	23	1077941	24549625	12293816	0.030139	0.087682	0.123412	False	368044.7708
HAP1_chr01	HAP2_chr19	11	1648397	1957535	1700238	0.820353	0.969510	0.009446	False	48.7003
HAP1_chr01	HAP2_chr19	13	4061079	11640736	6349723	0.291548	0.639568	0.061173	False	1252.0051
HAP1_chr01	HAP2_chr19	15	2211868	20047961	8710089	0.083322	0.253943	0.124796	False	3308.0460
HAP1_chr01	HAP2_chr19	17	1314903	22549300	9328904	0.043022	0.140949	0.146765	False	8245.9766
HAP1_chr01	HAP2_chr19	19	1086251	23476635	9592131	0.033964	0.113244	0.143301	False	26795.0183
HAP1_chr01	HAP2_chr19	23	913586	24549625	9920765	0.027225	0.092088	0.127710	False	347237.0317
HAP1_chr01	HAP2_chr20	11	1654969	1957535	1707604	0.823298	0.969176	0.009267	False	48.3546
HAP1_chr01	HAP2_chr20	13	4120683	11640736	6447496	0.295018	0.639114	0.060469	False	1259.6494
HAP1_chr01	HAP2_chr20	15	2283852	20047961	8910664	0.085618	0.256305	0.123124	False	3382.4087
HAP1_chr01	HAP2_chr20	17	1368959	22549300	9575366	0.044511	0.142967	0.144849	False	8476.0348
HAP1_chr01	HAP2_chr20	19	1130629	23476635	9867294	0.035098	0.114583	0.141629	False	27498.5742
HAP1_chr01	HAP2_chr20	23	944715	24549625	10242168	0.027911	0.092238	0.126657	False	353389.8319
HAP1_chr01	HAP2_chr22	11	1621827	1957535	1670517	0.808397	0.970853	0.010181	False	50.0704
HAP1_chr01	HAP2_chr22	13	3905450	11640736	6040646	0.283498	0.646529	0.062846	False	1250.1991
HAP1_chr01	HAP2_chr22	15	2152343	20047961	8216329	0.082428	0.261959	0.125460	False	3331.8182
HAP1_chr01	HAP2_chr22	17	1298010	22549300	8800212	0.043193	0.147498	0.146542	False	8388.0482
HAP1_chr01	HAP2_chr22	19	1072300	23476635	9060039	0.034080	0.118355	0.143127	False	27218.3016
HAP1_chr01	HAP2_chr22	23	890477	24549625	9392238	0.026942	0.094810	0.128152	False	347846.3392
HAP1_chr01	HAP2_chr21	11	1684398	1957535	1740450	0.836516	0.967795	0.008476	False	46.9309
HAP1_chr01	HAP2_chr21	13	4383595	11640736	6927352	0.309041	0.632795	0.057725	False	1277.4483
HAP1_chr01	HAP2_chr21	15	2435900	20047961	9749738	0.089026	0.249843	0.120731	False	3433.6498
HAP1_chr01	HAP2_chr21	17	1436837	22549300	10481481	0.045478	0.137083	0.143638	False	8496.2518
HAP1_chr01	HAP2_chr21	19	1173687	23476635	10776712	0.035481	0.108910	0.141078	False	27312.6893
HAP1_chr01	HAP2_chr21	23	965027	24549625	11129001	0.027800	0.086713	0.126826	False	346306.2665
HAP1_chr01	HAP2_chr23	11	1685061	1957535	1740516	0.837094	0.968139	0.008442	False	47.4019
HAP1_chr01	HAP2_chr23	13	4377572	11640736	6913236	0.308793	0.633216	0.057772	False	1278.0249
HAP1_chr01	HAP2_chr23	15	2442002	20047961	9735989	0.089313	0.250822	0.120534	False	3447.0450
HAP1_chr01	HAP2_chr23	17	1451268	22549300	10491711	0.045941	0.138325	0.143069	False	8578.9032
HAP1_chr01	HAP2_chr23	19	1191951	23476635	10813251	0.036013	0.110231	0.140322	False	27691.3255
HAP1_chr01	HAP2_chr23	23	986114	24549625	11210512	0.028358	0.087963	0.125986	False	352584.6709
HAP1_chr01	HAP2_chr24	11	1689667	1957535	1746750	0.838703	0.967320	0.008347	False	46.3673
HAP1_chr01	HAP2_chr24	13	4362605	11640736	6932666	0.306992	0.629282	0.058116	False	1262.2353
HAP1_chr01	HAP2_chr24	15	2373620	20047961	9710842	0.086675	0.244430	0.122371	False	3339.5079
HAP1_chr01	HAP2_chr24	17	1382951	22549300	10421673	0.043781	0.132700	0.145780	False	8195.7569
HAP1_chr01	HAP2_chr24	19	1133118	23476635	10707211	0.034284	0.105828	0.142823	False	26452.8457
HAP1_chr01	HAP2_chr24	23	943701	24549625	11048947	0.027231	0.085411	0.127700	False	339877.8743
HAP1_chr01	HAP2_chr25	11	1605269	1957535	1652327	0.800795	0.971520	0.010657	False	50.6843
HAP1_chr01	HAP2_chr25	13	3764980	11640736	5856933	0.274162	0.642824	0.064860	False	1215.8220
HAP1_chr01	HAP2_chr25	15	1951725	20047961	7847891	0.075228	0.248694	0.131108	False	3063.9566
HAP1_chr01	HAP2_chr25	17	1116974	22549300	8334301	0.037524	0.134021	0.154497	False	7403.6504
HAP1_chr01	HAP2_chr25	19	910208	23476635	8530821	0.029270	0.106696	0.150890	False	23805.9979
HAP1_chr01	HAP2_chr25	23	756125	24549625	8768493	0.023221	0.086232	0.134457	False	305689.1855
HAP1_chr01	HAP2_chr26	11	1640766	1957535	1692364	0.816654	0.969511	0.009672	False	48.5897
HAP1_chr01	HAP2_chr26	13	3945707	11640736	6190440	0.284161	0.637387	0.062706	False	1226.9902
HAP1_chr01	HAP2_chr26	15	2091468	20047961	8368839	0.079447	0.249911	0.127731	False	3182.2378
HAP1_chr01	HAP2_chr26	17	1227412	22549300	8904372	0.040607	0.137844	0.150027	False	7875.2923
HAP1_chr01	HAP2_chr26	19	1012784	23476635	9117717	0.032069	0.111079	0.146226	False	25623.7335
HAP1_chr01	HAP2_chr26	23	851466	24549625	9371550	0.025748	0.090856	0.130073	False	332974.3144
HAP1_chr02	HAP1_chr03	11	1847717	1946193	1943738	0.904762	0.950600	0.004663	False	32.6826
HAP1_chr02	HAP1_chr03	13	6210475	11244389	10999145	0.387354	0.564633	0.044821	False	1314.9640
HAP1_chr02	HAP1_chr03	15	3750648	19013563	18329408	0.111652	0.204625	0.107005	False	3849.4714
HAP1_chr02	HAP1_chr03	17	2135754	21311746	20410376	0.053952	0.104641	0.134063	False	9265.9519
HAP1_chr02	HAP1_chr03	19	1728069	22186511	21163404	0.041518	0.081654	0.133113	False	29506.6081
HAP1_chr02	HAP1_chr03	23	1442503	23215393	22014490	0.032943	0.065525	0.119662	False	378481.7297
HAP1_chr02	HAP1_chr04	11	1849093	1946193	1932915	0.910877	0.956634	0.004342	False	41.3006
HAP1_chr02	HAP1_chr04	13	6808412	11244389	10773179	0.447652	0.631978	0.036964	False	1683.2318
HAP1_chr02	HAP1_chr04	15	5782225	19013563	17790903	0.186390	0.325010	0.077179	False	6490.7183
HAP1_chr02	HAP1_chr04	17	4390300	21311746	19778792	0.119626	0.221970	0.090778	False	19597.3875
HAP1_chr02	HAP1_chr04	19	3799486	22186511	20515672	0.097666	0.185199	0.090855	False	65965.0161
HAP1_chr02	HAP1_chr04	23	3119156	23215393	21366028	0.075229	0.145987	0.085505	False	830730.4294
HAP1_chr02	HAP1_chr05	11	1837186	1946193	1929544	0.901222	0.952135	0.004850	False	34.7764
HAP1_chr02	HAP1_chr05	13	6056578	11244389	10753558	0.379928	0.563216	0.045897	False	1292.1778
HAP1_chr02	HAP1_chr05	15	3455344	19013563	17707643	0.103871	0.195133	0.111352	False	3571.3777
HAP1_chr02	HAP1_chr05	17	1834209	21311746	19569396	0.046974	0.093728	0.141818	False	8103.9128
HAP1_chr02	HAP1_chr05	19	1443830	22186511	20182458	0.035280	0.071539	0.141367	False	25238.1984
HAP1_chr02	HAP1_chr05	23	1190906	23215393	20826870	0.027792	0.057181	0.126839	False	321253.1178
HAP1_chr02	HAP1_chr06	11	1783034	1946193	1862023	0.880431	0.957579	0.005972	False	41.8741
HAP1_chr02	HAP1_chr06	13	5317997	11244389	9019674	0.355812	0.589600	0.049585	False	1320.3057
HAP1_chr02	HAP1_chr06	15	3042890	19013563	13871743	0.101965	0.219359	0.112471	False	3640.4311
HAP1_chr02	HAP1_chr06	17	1757823	21311746	15203134	0.050575	0.115622	0.137676	False	8856.7321
HAP1_chr02	HAP1_chr06	19	1440414	22186511	15738727	0.039480	0.091520	0.135660	False	28526.3522
HAP1_chr02	HAP1_chr06	23	1215445	23215393	16408075	0.031646	0.074076	0.121355	False	369393.7212
HAP1_chr02	HAP1_chr07	11	1717916	1946193	1784793	0.853381	0.962530	0.007492	False	47.8620
HAP1_chr02	HAP1_chr07	13	4689466	11244389	7637316	0.330425	0.614020	0.053825	False	1331.5069
HAP1_chr02	HAP1_chr07	15	2740744	19013563	11192427	0.099790	0.244875	0.113778	False	3723.6174
HAP1_chr02	HAP1_chr07	17	1685398	21311746	12230946	0.052905	0.137798	0.135157	False	9500.9549
HAP1_chr02	HAP1_chr07	19	1403450	22186511	12703966	0.041910	0.110473	0.132639	False	30945.8649
HAP1_chr02	HAP1_chr07	23	1175642	23215393	13324187	0.033244	0.088234	0.119280	False	396495.5962
HAP1_chr02	HAP1_chr08	11	1780005	1946193	1858305	0.879235	0.957865	0.006038	False	42.2368
HAP1_chr02	HAP1_chr08	13	5298676	11244389	8947896	0.355768	0.592170	0.049592	False	1328.3237
HAP1_chr02	HAP1_chr08	15	3055248	19013563	13720128	0.102945	0.222684	0.111893	False	3685.9217
HAP1_chr02	HAP1_chr08	17	1786713	21311746	15032264	0.051703	0.118859	0.136441	False	9058.7181
HAP1_chr02	HAP1_chr08	19	1469682	22186511	15558722	0.040514	0.094460	0.134351	False	29275.4787
HAP1_chr02	HAP1_chr08	23	1238412	23215393	16207280	0.032433	0.076411	0.120320	False	378698.1785
HAP1_chr02	HAP1_chr09	11	1826007	1946193	1914774	0.897318	0.953641	0.005058	False	36.8066
HAP1_chr02	HAP1_chr09	13	5923379	11244389	10281492	0.379643	0.576121	0.045939	False	1334.9750
HAP1_chr02	HAP1_chr09	15	3570562	19013563	16671392	0.111183	0.214173	0.107257	False	3878.4065
HAP1_chr02	HAP1_chr09	17	2083015	21311746	18461438	0.055267	0.112831	0.132719	False	9518.9459
HAP1_chr02	HAP1_chr09	19	1702920	22186511	19130088	0.042988	0.089018	0.131356	False	30588.4800
HAP1_chr02	HAP1_chr09	23	1421509	23215393	19900010	0.034094	0.071433	0.118218	False	392288.7351
HAP1_chr02	HAP1_chr10	11	1811950	1946193	1897841	0.891671	0.954743	0.005361	False	38.2191
HAP1_chr02	HAP1_chr10	13	5656367	11244389	9766088	0.368394	0.579185	0.047622	False	1317.6247
HAP1_chr02	HAP1_chr10	15	3274419	19013563	15448533	0.104991	0.211957	0.110705	False	3687.1657
HAP1_chr02	HAP1_chr10	17	1861339	21311746	17004832	0.051058	0.109459	0.137143	False	8856.6136
HAP1_chr02	HAP1_chr10	19	1511125	22186511	17586104	0.039495	0.085927	0.135641	False	28308.0091
HAP1_chr02	HAP1_chr10	23	1266089	23215393	18258702	0.031488	0.069342	0.121565	False	364764.0551
HAP1_chr02	HAP1_chr11	11	1791669	1946193	1872099	0.884066	0.957038	0.005773	False	41.2183
HAP1_chr02	HAP1_chr11	13	5513450	11244389	9326903	0.366151	0.591134	0.047966	False	1350.6984
HAP1_chr02	HAP1_chr11	15	3313955	19013563	14671173	0.109117	0.225882	0.108384	False	3876.6298
HAP1_chr02	HAP1_chr11	17	1976267	21311746	16214000	0.055592	0.121886	0.132392	False	9652.8291
HAP1_chr02	HAP1_chr11	19	1624495	22186511	16845289	0.043427	0.096436	0.130844	False	31100.1131
HAP1_chr02	HAP1_chr11	23	1352374	23215393	17621694	0.034251	0.076745	0.118025	False	396603.1265
HAP1_chr02	HAP1_chr12	11	1826499	1946193	1915799	0.897325	0.953388	0.005058	False	36.4523
HAP1_chr02	HAP1_chr12	13	5834772	11244389	10153789	0.374903	0.574640	0.046640	False	1318.5079
HAP1_chr02	HAP1_chr12	15	3438364	19013563	16247040	0.108049	0.211630	0.108975	False	3774.2646
HAP1_chr02	HAP1_chr12	17	1983608	21311746	17909288	0.053269	0.110759	0.134773	False	9199.4786
HAP1_chr02	HAP1_chr12	19	1616161	22186511	18511755	0.041353	0.087305	0.133315	False	29509.8822
HAP1_chr02	HAP1_chr12	23	1351427	23215393	19189942	0.032918	0.070424	0.119694	False	379785.6698
HAP1_chr02	HAP1_chr13	11	1794342	1946193	1875135	0.885227	0.956914	0.005710	False	41.0754
HAP1_chr02	HAP1_chr13	13	5514218	11244389	9343819	0.365810	0.590146	0.048019	False	1346.7057
HAP1_chr02	HAP1_chr13	15	3321533	19013563	14682039	0.109354	0.226231	0.108253	False	3885.1704
HAP1_chr02	HAP1_chr13	17	1988263	21311746	16239991	0.055907	0.122430	0.132077	False	9704.5430
HAP1_chr02	HAP1_chr13	19	1638645	22186511	16884360	0.043776	0.097051	0.130440	False	31335.0226
HAP1_chr02	HAP1_chr13	23	1369523	23215393	17677470	0.034651	0.077473	0.117537	False	400998.2335
HAP1_chr02	HAP1_chr14	11	1790721	1946193	1871130	0.883608	0.957027	0.005799	False	41.1919
HAP1_chr02	HAP1_chr14	13	5454883	11244389	9262991	0.362391	0.588890	0.048548	False	1334.2645
HAP1_chr02	HAP1_chr14	15	3202059	19013563	14456692	0.105790	0.221493	0.110248	False	3759.5160
HAP1_chr02	HAP1_chr14	17	1867254	21311746	15903532	0.052825	0.117411	0.135241	False	9201.6690
HAP1_chr02	HAP1_chr14	19	1524147	22186511	16468416	0.041048	0.092550	0.133689	False	29508.9111
HAP1_chr02	HAP1_chr14	23	1267725	23215393	17136388	0.032436	0.073979	0.120316	False	377006.1375
HAP1_chr02	HAP1_chr15	11	1777795	1946193	1855173	0.878543	0.958291	0.006076	False	42.8033
HAP1_chr02	HAP1_chr15	13	5255534	11244389	8874233	0.353596	0.592224	0.049940	False	1323.1225
HAP1_chr02	HAP1_chr15	15	3017142	19013563	13573555	0.102034	0.222281	0.112431	False	3658.2959
HAP1_chr02	HAP1_chr15	17	1749418	21311746	14867839	0.050811	0.117665	0.137416	False	8916.6116
HAP1_chr02	HAP1_chr15	19	1428937	22186511	15377188	0.039545	0.092926	0.135577	False	28630.5660
HAP1_chr02	HAP1_chr15	23	1195180	23215393	15979423	0.031452	0.074795	0.121613	False	368074.5770
HAP1_chr02	HAP1_chr16	11	1792544	1946193	1875435	0.883425	0.955802	0.005808	False	39.4982
HAP1_chr02	HAP1_chr16	13	5342716	11244389	9236754	0.352924	0.578419	0.050048	False	1277.4009
HAP1_chr02	HAP1_chr16	15	2866084	19013563	14181284	0.094501	0.202103	0.117087	False	3335.5286
HAP1_chr02	HAP1_chr16	17	1510681	21311746	15402512	0.042913	0.098080	0.146909	False	7532.4325
HAP1_chr02	HAP1_chr16	19	1187829	22186511	15797116	0.032282	0.075193	0.145888	False	23471.5659
HAP1_chr02	HAP1_chr16	23	972294	23215393	16206423	0.025288	0.059994	0.130838	False	297328.2171
HAP1_chr02	HAP1_chr17	11	1754752	1946193	1828536	0.868699	0.959649	0.006623	False	44.4010
HAP1_chr02	HAP1_chr17	13	4934355	11244389	8215644	0.339699	0.600605	0.052230	False	1314.5757
HAP1_chr02	HAP1_chr17	15	2829835	19013563	12154666	0.099859	0.232819	0.113736	False	3657.0349
HAP1_chr02	HAP1_chr17	17	1700829	21311746	13222763	0.051801	0.128629	0.136335	False	9209.2948
HAP1_chr02	HAP1_chr17	19	1408505	22186511	13661444	0.040898	0.103101	0.133874	False	29946.0801
HAP1_chr02	HAP1_chr17	23	1179291	23215393	14203159	0.032542	0.083030	0.120179	False	385222.7621
HAP1_chr02	HAP1_chr18	11	1697001	1946193	1761652	0.843925	0.963301	0.008040	False	48.6135
HAP1_chr02	HAP1_chr18	13	4331213	11244389	7039081	0.310431	0.615309	0.057462	False	1284.2038
HAP1_chr02	HAP1_chr18	15	2404605	19013563	9893375	0.090732	0.243052	0.119570	False	3470.3970
HAP1_chr02	HAP1_chr18	17	1465064	21311746	10674911	0.048001	0.137244	0.140604	False	8839.6917
HAP1_chr02	HAP1_chr18	19	1224695	22186511	11026423	0.038286	0.111069	0.137216	False	28986.0723
HAP1_chr02	HAP1_chr18	23	1036362	23215393	11490106	0.030781	0.090196	0.122523	False	376385.7462
HAP1_chr02	HAP1_chr19	11	1692805	1946193	1756593	0.842200	0.963687	0.008141	False	49.0742
HAP1_chr02	HAP1_chr19	13	4386046	11244389	7125681	0.313647	0.615527	0.056857	False	1293.0805
HAP1_chr02	HAP1_chr19	15	2426880	19013563	10112005	0.090899	0.240000	0.119458	False	3456.9592
HAP1_chr02	HAP1_chr19	17	1452878	21311746	10913586	0.047214	0.133126	0.141533	False	8664.8423
HAP1_chr02	HAP1_chr19	19	1204549	22186511	11252278	0.037369	0.107049	0.138445	False	28220.1461
HAP1_chr02	HAP1_chr19	23	1015563	23215393	11676341	0.029979	0.086976	0.123637	False	365878.6540
HAP1_chr02	HAP1_chr20	11	1653318	1946193	1711472	0.824866	0.966021	0.009172	False	51.6102
HAP1_chr02	HAP1_chr20	13	4066967	11244389	6490457	0.297557	0.626607	0.059961	False	1282.8641
HAP1_chr02	HAP1_chr20	15	2254606	19013563	8988729	0.087565	0.250826	0.121744	False	3431.7761
HAP1_chr02	HAP1_chr20	17	1371691	21311746	9665961	0.046331	0.141909	0.142593	False	8702.8044
HAP1_chr02	HAP1_chr20	19	1139185	22186511	9964401	0.036734	0.114325	0.139315	False	28363.8653
HAP1_chr02	HAP1_chr20	23	953175	23215393	10349545	0.029228	0.092098	0.124708	False	364750.4073
HAP1_chr02	HAP1_chr21	11	1680094	1946193	1742327	0.836523	0.964282	0.008475	False	49.6900
HAP1_chr02	HAP1_chr21	13	4282503	11244389	6944609	0.307950	0.616666	0.057933	False	1281.7317
HAP1_chr02	HAP1_chr21	15	2340170	19013563	9781299	0.088460	0.239249	0.121122	False	3387.4886
HAP1_chr02	HAP1_chr21	17	1382226	21311746	10518678	0.045396	0.131407	0.143740	False	8394.7128
HAP1_chr02	HAP1_chr21	19	1135052	22186511	10816829	0.035617	0.104934	0.140883	False	27121.1166
HAP1_chr02	HAP1_chr21	23	942001	23215393	11173336	0.028164	0.084308	0.126275	False	346931.2476
HAP1_chr02	HAP1_chr22	11	1646686	1946193	1704026	0.821891	0.966350	0.009352	False	51.9439
HAP1_chr02	HAP1_chr22	13	4020239	11244389	6405553	0.294962	0.627618	0.060480	False	1278.8641
HAP1_chr02	HAP1_chr22	15	2222875	19013563	8841730	0.086721	0.251407	0.122338	False	3412.7850
HAP1_chr02	HAP1_chr22	17	1355382	21311746	9505777	0.046004	0.142585	0.142991	False	8672.2137
HAP1_chr02	HAP1_chr22	19	1128832	22186511	9805074	0.036576	0.115127	0.139534	False	28333.8054
HAP1_chr02	HAP1_chr22	23	945072	23215393	10195462	0.029110	0.092695	0.124879	False	364372.1979
HAP1_chr02	HAP1_chr23	11	1690841	1946193	1753511	0.841691	0.964260	0.008171	False	49.8198
HAP1_chr02	HAP1_chr23	13	4363076	11244389	7067544	0.312791	0.617340	0.057018	False	1296.1217
HAP1_chr02	HAP1_chr23	15	2426553	19013563	10003276	0.091257	0.242576	0.119217	False	3481.6160
HAP1_chr02	HAP1_chr23	17	1456624	21311746	10789591	0.047533	0.135003	0.141155	False	8739.2645
HAP1_chr02	HAP1_chr23	19	1202343	22186511	11123421	0.037447	0.108091	0.138339	False	28331.5625
HAP1_chr02	HAP1_chr23	23	998689	23215393	11537178	0.029587	0.086563	0.124192	False	361962.8857
HAP1_chr02	HAP1_chr24	11	1683104	1946193	1746189	0.837666	0.963873	0.008408	False	49.1841
HAP1_chr02	HAP1_chr24	13	4252723	11244389	6912850	0.305852	0.615191	0.058336	False	1272.0990
HAP1_chr02	HAP1_chr24	15	2293351	19013563	9670718	0.086899	0.237144	0.122213	False	3333.4916
HAP1_chr02	HAP1_chr24	17	1350815	21311746	10375760	0.044527	0.130189	0.144827	False	8258.7653
HAP1_chr02	HAP1_chr24	19	1114845	22186511	10659044	0.035135	0.104591	0.141577	False	26834.5899
HAP1_chr02	HAP1_chr24	23	934980	23215393	10997536	0.028096	0.085017	0.126378	False	347086.8315
HAP1_chr02	HAP1_chr25	11	1600763	1946193	1652760	0.801107	0.968539	0.010638	False	54.0778
HAP1_chr02	HAP1_chr25	13	3694823	11244389	5875803	0.275212	0.628820	0.064629	False	1229.8754
HAP1_chr02	HAP1_chr25	15	1903331	19013563	7878851	0.076167	0.241575	0.130339	False	3074.9445
HAP1_chr02	HAP1_chr25	17	1100549	21311746	8364267	0.038514	0.131577	0.153023	False	7495.7249
HAP1_chr02	HAP1_chr25	19	903125	22186511	8557390	0.030265	0.105537	0.149181	False	24261.7888
HAP1_chr02	HAP1_chr25	23	754374	23215393	8789357	0.024140	0.085828	0.132809	False	313250.4497
HAP1_chr02	HAP1_chr26	11	1630211	1946193	1686479	0.814104	0.966636	0.009828	False	52.0607
HAP1_chr02	HAP1_chr26	13	3826432	11244389	6131968	0.282395	0.624014	0.063079	False	1235.8384
HAP1_chr02	HAP1_chr26	15	2008058	19013563	8274002	0.079434	0.242695	0.127741	False	3168.2327
HAP1_chr02	HAP1_chr26	17	1184550	21311746	8799975	0.040949	0.134608	0.149553	False	7868.9859
HAP1_chr02	HAP1_chr26	19	979385	22186511	9008407	0.032413	0.108719	0.145681	False	25644.5176
HAP1_chr02	HAP1_chr26	23	821084	23215393	9253365	0.025945	0.088734	0.129750	False	332293.1554
HAP1_chr02	HAP2_chr01	11	1858282	1946193	1956191	0.909095	0.954829	0.004435	False	31.8424
HAP1_chr02	HAP2_chr01	13	6494899	11244389	11594047	0.397399	0.577612	0.043406	False	1323.9407
HAP1_chr02	HAP2_chr01	15	4074752	19013563	19936069	0.116839	0.214308	0.104287	False	4009.0964
HAP1_chr02	HAP2_chr01	17	2366787	21311746	22404348	0.057239	0.111056	0.130767	False	9802.9564
HAP1_chr02	HAP2_chr01	19	1928885	22186511	23312721	0.044271	0.086940	0.129874	False	31381.3855
HAP1_chr02	HAP2_chr01	23	1616273	23215393	24358453	0.035169	0.069621	0.116914	False	403155.3528
HAP1_chr02	HAP2_chr02	11	1937406	1946193	1944775	0.991730	0.996211	0.000378	False	98.7191
HAP1_chr02	HAP2_chr02	13	10982762	11244389	11207989	0.957553	0.979905	0.001686	False	3729.0063
HAP1_chr02	HAP2_chr02	15	18341159	19013563	18930484	0.935636	0.968869	0.002255	False	21581.2561
HAP1_chr02	HAP2_chr02	17	20447908	21311746	21212559	0.926234	0.963953	0.002297	False	88903.4346
HAP1_chr02	HAP2_chr02	19	21213556	22186511	22080660	0.920183	0.960730	0.002235	False	355258.8327
HAP1_chr02	HAP2_chr02	23	22073254	23215393	23100878	0.910499	0.955516	0.002086	False	5653777.3297
HAP1_chr02	HAP2_chr03	11	1862606	1946193	1963081	0.910067	0.957051	0.004384	False	30.2528
HAP1_chr02	HAP2_chr03	13	6484384	11244389	11634879	0.395513	0.576677	0.043668	False	1309.3606
HAP1_chr02	HAP2_chr03	15	4006973	19013563	19905925	0.114772	0.210743	0.105354	False	3932.6774
HAP1_chr02	HAP2_chr03	17	2293647	21311746	22313308	0.055494	0.107624	0.132491	False	9513.0390
HAP1_chr02	HAP2_chr03	19	1859492	22186511	23191431	0.042729	0.083812	0.131662	False	30329.5314
HAP1_chr02	HAP2_chr03	23	1554444	23215393	24190163	0.033902	0.066957	0.118455	False	389079.2827
HAP1_chr02	HAP2_chr04	11	1852263	1946193	1937260	0.911910	0.956125	0.004288	False	40.6112
HAP1_chr02	HAP2_chr04	13	6864900	11244389	10898284	0.449339	0.629907	0.036764	False	1681.1638
HAP1_chr02	HAP2_chr04	15	5846426	19013563	18070854	0.187158	0.323528	0.076948	False	6508.1040
HAP1_chr02	HAP2_chr04	17	4438255	21311746	20103510	0.120027	0.220770	0.090602	False	19649.5898
HAP1_chr02	HAP2_chr04	19	3838767	22186511	20853426	0.097925	0.184083	0.090728	False	66104.7164
HAP1_chr02	HAP2_chr04	23	3147557	23215393	21714248	0.075333	0.144954	0.085449	False	831545.6813
HAP1_chr02	HAP2_chr06	11	1778177	1946193	1856147	0.878475	0.957994	0.006080	False	42.3944
HAP1_chr02	HAP2_chr06	13	5268828	11244389	8915399	0.353827	0.590981	0.049903	False	1319.7743
HAP1_chr02	HAP2_chr06	15	3001059	19013563	13659620	0.101141	0.219703	0.112963	False	3619.2471
HAP1_chr02	HAP2_chr06	17	1726979	21311746	14950852	0.050006	0.115510	0.138310	False	8774.2455
HAP1_chr02	HAP2_chr06	19	1412153	22186511	15462891	0.038970	0.091325	0.136319	False	28214.8973
HAP1_chr02	HAP2_chr06	23	1188795	23215393	16092268	0.031187	0.073874	0.121971	False	364822.2730
HAP1_chr02	HAP2_chr09	11	1760674	1946193	1835654	0.871115	0.959154	0.006488	False	43.7911
HAP1_chr02	HAP2_chr09	13	5026488	11244389	8400787	0.343840	0.598335	0.051536	False	1317.9428
HAP1_chr02	HAP2_chr09	15	2863457	19013563	12520506	0.099874	0.228701	0.113726	False	3634.2450
HAP1_chr02	HAP2_chr09	17	1691881	21311746	13598702	0.050932	0.124415	0.137282	False	9027.3134
HAP1_chr02	HAP2_chr09	19	1393843	22186511	14008836	0.040051	0.099497	0.134933	False	29262.9470
HAP1_chr02	HAP2_chr09	23	1168145	23215393	14488605	0.031973	0.080625	0.120922	False	377804.2129
HAP1_chr02	HAP2_chr08	11	1773578	1946193	1850664	0.876586	0.958347	0.006184	False	42.8306
HAP1_chr02	HAP2_chr08	13	5226943	11244389	8796322	0.352844	0.594219	0.050061	False	1327.5233
HAP1_chr02	HAP2_chr08	15	3002000	19013563	13405860	0.102048	0.223932	0.112422	False	3667.7495
HAP1_chr02	HAP2_chr08	17	1755362	21311746	14664144	0.051296	0.119704	0.136884	False	9012.1392
HAP1_chr02	HAP2_chr08	19	1443383	22186511	15167024	0.040194	0.095166	0.134752	False	29120.8805
HAP1_chr02	HAP2_chr08	23	1214200	23215393	15783256	0.032135	0.076930	0.120708	False	376248.7673
HAP1_chr02	HAP2_chr11	11	1794100	1946193	1875256	0.884949	0.956723	0.005725	False	40.8055
HAP1_chr02	HAP2_chr11	13	5542401	11244389	9396976	0.367072	0.589807	0.047825	False	1348.7347
HAP1_chr02	HAP2_chr11	15	3333016	19013563	14824614	0.109261	0.224830	0.108304	False	3875.3216
HAP1_chr02	HAP2_chr11	17	1985264	21311746	16402565	0.055564	0.121034	0.132420	False	9639.4641
HAP1_chr02	HAP2_chr11	19	1632298	22186511	17052685	0.043404	0.095721	0.130871	False	31058.4977
HAP1_chr02	HAP2_chr11	23	1361606	23215393	17855262	0.034290	0.076258	0.117977	False	396690.1963
HAP1_chr02	HAP2_chr12	11	1826772	1946193	1916305	0.897357	0.953278	0.005056	False	36.3001
HAP1_chr02	HAP2_chr12	13	5835563	11244389	10157744	0.374878	0.574494	0.046644	False	1317.9616
HAP1_chr02	HAP2_chr12	15	3439764	19013563	16248346	0.108093	0.211699	0.108950	False	3775.8975
HAP1_chr02	HAP2_chr12	17	1987722	21311746	17907770	0.053388	0.110998	0.134649	False	9219.4041
HAP1_chr02	HAP2_chr12	19	1622051	22186511	18511531	0.041510	0.087624	0.133123	False	29617.8083
HAP1_chr02	HAP2_chr12	23	1359607	23215393	19196363	0.033119	0.070826	0.119438	False	382020.5729
HAP1_chr02	HAP2_chr13	11	1708095	1946193	1773388	0.849171	0.963182	0.007735	False	48.6105
HAP1_chr02	HAP2_chr13	13	4575804	11244389	7463531	0.323788	0.613088	0.055001	False	1311.8733
HAP1_chr02	HAP2_chr13	15	2574041	19013563	10811655	0.094456	0.238080	0.117115	False	3541.0115
HAP1_chr02	HAP2_chr13	17	1523028	21311746	11714892	0.048345	0.130008	0.140204	False	8763.0677
HAP1_chr02	HAP2_chr13	19	1250146	22186511	12084487	0.037859	0.103450	0.137784	False	28260.4336
HAP1_chr02	HAP2_chr13	23	1040273	23215393	12533334	0.029972	0.083001	0.123647	False	361740.7627
HAP1_chr02	HAP2_chr05	11	1835203	1946193	1927047	0.900476	0.952340	0.004890	False	35.0489
HAP1_chr02	HAP2_chr05	13	6034526	11244389	10709499	0.379068	0.563474	0.046023	False	1290.9863
HAP1_chr02	HAP2_chr05	15	3423800	19013563	17601194	0.103155	0.194521	0.111770	False	3546.9829
HAP1_chr02	HAP2_chr05	17	1803184	21311746	19429478	0.046309	0.092807	0.142620	False	7993.3130
HAP1_chr02	HAP2_chr05	19	1411630	22186511	20016096	0.034606	0.070525	0.142347	False	24776.8667
HAP1_chr02	HAP2_chr05	23	1157876	23215393	20608717	0.027138	0.056184	0.127846	False	313991.8361
HAP1_chr02	HAP2_chr10	11	1809754	1946193	1895187	0.890791	0.954921	0.005409	False	38.4471
HAP1_chr02	HAP2_chr10	13	5627451	11244389	9712491	0.367101	0.579403	0.047820	False	1315.1828
HAP1_chr02	HAP2_chr10	15	3242696	19013563	15325642	0.104278	0.211586	0.111116	False	3664.7674
HAP1_chr02	HAP2_chr10	17	1834186	21311746	16850568	0.050489	0.108850	0.137771	False	8766.1341
HAP1_chr02	HAP2_chr10	19	1484942	22186511	17412284	0.038961	0.085281	0.136330	False	27955.6235
HAP1_chr02	HAP2_chr10	23	1240449	23215393	18052398	0.030990	0.068714	0.122237	False	359413.3261
HAP1_chr02	HAP2_chr14	11	1791813	1946193	1872511	0.884020	0.956904	0.005776	False	41.0329
HAP1_chr02	HAP2_chr14	13	5466696	11244389	9287321	0.362874	0.588619	0.048473	False	1334.5902
HAP1_chr02	HAP2_chr14	15	3211236	19013563	14504228	0.105958	0.221400	0.110152	False	3763.8056
HAP1_chr02	HAP2_chr14	17	1872882	21311746	15955961	0.052914	0.117378	0.135147	False	9214.1715
HAP1_chr02	HAP2_chr14	19	1528641	22186511	16521915	0.041115	0.092522	0.133607	False	29547.9481
HAP1_chr02	HAP2_chr14	23	1271204	23215393	17192812	0.032481	0.073938	0.120257	False	377419.9045
HAP1_chr02	HAP2_chr15	11	1732908	1946193	1801610	0.860049	0.961866	0.007111	False	47.1629
HAP1_chr02	HAP2_chr15	13	4812027	11244389	7922995	0.335208	0.607349	0.052996	False	1323.7458
HAP1_chr02	HAP2_chr15	15	2751479	19013563	11716993	0.098341	0.234828	0.114665	False	3627.1355
HAP1_chr02	HAP2_chr15	17	1635422	21311746	12776868	0.050393	0.127999	0.137877	False	9007.4614
HAP1_chr02	HAP2_chr15	19	1347786	22186511	13220548	0.039572	0.101946	0.135542	False	29128.5182
HAP1_chr02	HAP2_chr15	23	1130710	23215393	13763461	0.031542	0.082153	0.121494	False	375206.8851
HAP1_chr02	HAP2_chr18	11	1690442	1946193	1754152	0.841057	0.963680	0.008208	False	49.0317
HAP1_chr02	HAP2_chr18	13	4282824	11244389	6943926	0.307995	0.616773	0.057925	False	1282.1552
HAP1_chr02	HAP2_chr18	15	2371054	19013563	9721359	0.089936	0.243901	0.120109	False	3454.1685
HAP1_chr02	HAP2_chr18	17	1443424	21311746	10474208	0.047571	0.137807	0.141109	False	8792.8302
HAP1_chr02	HAP2_chr18	19	1205719	22186511	10808975	0.037928	0.111548	0.137692	False	28822.7432
HAP1_chr02	HAP2_chr18	23	1019349	23215393	11244443	0.030482	0.090654	0.122934	False	374229.1809
HAP1_chr02	HAP2_chr16	11	1792425	1946193	1875396	0.883332	0.955758	0.005814	False	39.4358
HAP1_chr02	HAP2_chr16	13	5339159	11244389	9231562	0.352727	0.578359	0.050080	False	1276.7269
HAP1_chr02	HAP2_chr16	15	2861451	19013563	14170650	0.094366	0.201928	0.117173	False	3330.7716
HAP1_chr02	HAP2_chr16	17	1506288	21311746	15390938	0.042797	0.097868	0.147062	False	7512.9302
HAP1_chr02	HAP2_chr16	19	1184058	22186511	15784249	0.032187	0.075015	0.146038	False	23406.4659
HAP1_chr02	HAP2_chr16	23	968300	23215393	16190750	0.025191	0.059806	0.130999	False	296250.1230
HAP1_chr02	HAP2_chr17	11	1756317	1946193	1830609	0.869255	0.959417	0.006592	False	44.1006
HAP1_chr02	HAP2_chr17	13	4941984	11244389	8240648	0.339818	0.599708	0.052210	False	1312.1284
HAP1_chr02	HAP2_chr17	15	2826023	19013563	12197774	0.099559	0.231684	0.113918	False	3642.4444
HAP1_chr02	HAP2_chr17	17	1692924	21311746	13269618	0.051475	0.127579	0.136689	False	9148.8137
HAP1_chr02	HAP2_chr17	19	1400016	22186511	13709289	0.040585	0.102122	0.134263	False	29713.1637
HAP1_chr02	HAP2_chr17	23	1171245	23215393	14252006	0.032269	0.082181	0.120533	False	381938.2441
HAP1_chr02	HAP2_chr07	11	1695531	1946193	1758901	0.843731	0.963972	0.008051	False	49.4992
HAP1_chr02	HAP2_chr07	13	4482120	11244389	7240106	0.320097	0.619068	0.055668	False	1319.8838
HAP1_chr02	HAP2_chr07	15	2588040	19013563	10421927	0.096398	0.248326	0.115877	False	3652.3730
HAP1_chr02	HAP2_chr07	17	1592393	21311746	11338838	0.051271	0.140437	0.136910	False	9326.3220
HAP1_chr02	HAP2_chr07	19	1325352	22186511	11754937	0.040635	0.112749	0.134201	False	30381.5027
HAP1_chr02	HAP2_chr07	23	1108088	23215393	12293816	0.032211	0.090134	0.120609	False	389058.2245
HAP1_chr02	HAP2_chr19	11	1643255	1946193	1700238	0.820325	0.966485	0.009448	False	52.0689
HAP1_chr02	HAP2_chr19	13	3974255	11244389	6349723	0.291799	0.625894	0.061122	False	1265.7761
HAP1_chr02	HAP2_chr19	15	2156090	19013563	8710089	0.084329	0.247539	0.124056	False	3326.6261
HAP1_chr02	HAP2_chr19	17	1298874	21311746	9328904	0.044267	0.139231	0.145158	False	8385.4907
HAP1_chr02	HAP2_chr19	19	1080266	22186511	9592131	0.035190	0.112620	0.141497	False	27413.2554
HAP1_chr02	HAP2_chr19	23	913080	23215393	9920765	0.028336	0.092037	0.126018	False	356878.1985
HAP1_chr02	HAP2_chr20	11	1649877	1946193	1707604	0.823325	0.966194	0.009265	False	51.7866
HAP1_chr02	HAP2_chr20	13	4040728	11244389	6447496	0.295999	0.626713	0.060272	False	1279.0744
HAP1_chr02	HAP2_chr20	15	2230354	19013563	8910664	0.086805	0.250302	0.122279	False	3408.5261
HAP1_chr02	HAP2_chr20	17	1354043	21311746	9575366	0.045848	0.141409	0.143182	False	8630.8361
HAP1_chr02	HAP2_chr20	19	1124621	22186511	9867294	0.036361	0.113975	0.139833	False	28138.5698
HAP1_chr02	HAP2_chr20	23	941543	23215393	10242168	0.028956	0.091928	0.125103	False	362182.9290
HAP1_chr02	HAP2_chr22	11	1616575	1946193	1670517	0.808233	0.967709	0.010192	False	53.2541
HAP1_chr02	HAP2_chr22	13	3818143	11244389	6040646	0.283521	0.632075	0.062841	False	1260.8284
HAP1_chr02	HAP2_chr22	15	2079277	19013563	8216329	0.082673	0.253066	0.125277	False	3315.1453
HAP1_chr02	HAP2_chr22	17	1258958	21311746	8800212	0.043634	0.143060	0.145970	False	8372.4444
HAP1_chr02	HAP2_chr22	19	1043229	22186511	9060039	0.034540	0.115146	0.142444	False	27240.5423
HAP1_chr02	HAP2_chr22	23	866303	23215393	9392238	0.027293	0.092236	0.127605	False	347991.8313
HAP1_chr02	HAP2_chr21	11	1678483	1946193	1740450	0.835831	0.964396	0.008516	False	49.8198
HAP1_chr02	HAP2_chr21	13	4275332	11244389	6927352	0.307657	0.617167	0.057989	False	1282.4161
HAP1_chr02	HAP2_chr21	15	2337444	19013563	9749738	0.088453	0.239744	0.121126	False	3390.2301
HAP1_chr02	HAP2_chr21	17	1381750	21311746	10481481	0.045435	0.131828	0.143691	False	8407.2158
HAP1_chr02	HAP2_chr21	19	1135097	22186511	10776712	0.035663	0.105329	0.140817	False	27172.7839
HAP1_chr02	HAP2_chr21	23	942416	23215393	11129001	0.028214	0.084681	0.126200	False	347774.7592
HAP1_chr02	HAP2_chr23	11	1679545	1946193	1740516	0.836775	0.964970	0.008460	False	50.6063
HAP1_chr02	HAP2_chr23	13	4286481	11244389	6913236	0.309021	0.620040	0.057729	False	1294.1575
HAP1_chr02	HAP2_chr23	15	2379703	19013563	9735989	0.090243	0.244423	0.119900	False	3465.4191
HAP1_chr02	HAP2_chr23	17	1429263	21311746	10491711	0.047055	0.136228	0.141722	False	8697.4515
HAP1_chr02	HAP2_chr23	19	1178629	22186511	10813251	0.037039	0.108999	0.138895	False	28168.6298
HAP1_chr02	HAP2_chr23	23	975946	23215393	11210512	0.029176	0.087056	0.124783	False	358836.5357
HAP1_chr02	HAP2_chr24	11	1683814	1946193	1746750	0.838082	0.963970	0.008383	False	49.3250
HAP1_chr02	HAP2_chr24	13	4265820	11244389	6932666	0.306646	0.615322	0.058183	False	1274.5156
HAP1_chr02	HAP2_chr24	15	2305203	19013563	9710842	0.087255	0.237384	0.121962	False	3344.3846
HAP1_chr02	HAP2_chr24	17	1359273	21311746	10421673	0.044751	0.130428	0.144545	False	8292.4446
HAP1_chr02	HAP2_chr24	19	1122702	22186511	10707211	0.035337	0.104855	0.141284	False	26962.9621
HAP1_chr02	HAP2_chr24	23	942714	23215393	11048947	0.028291	0.085322	0.126085	False	349142.7558
HAP1_chr02	HAP2_chr25	11	1600410	1946193	1652327	0.800962	0.968579	0.010647	False	54.1244
HAP1_chr02	HAP2_chr25	13	3685918	11244389	5856933	0.274753	0.629326	0.064730	False	1230.0124
HAP1_chr02	HAP2_chr25	15	1903571	19013563	7847891	0.076271	0.242558	0.130254	False	3083.5389
HAP1_chr02	HAP2_chr25	17	1104233	21311746	8334301	0.038688	0.132493	0.152767	False	7535.3248
HAP1_chr02	HAP2_chr25	19	906080	22186511	8530821	0.030394	0.106213	0.148964	False	24379.2856
HAP1_chr02	HAP2_chr25	23	754362	23215393	8768493	0.024155	0.086031	0.132781	False	313617.9235
HAP1_chr02	HAP2_chr26	11	1635522	1946193	1692364	0.816522	0.966413	0.009680	False	51.8501
HAP1_chr02	HAP2_chr26	13	3857673	11244389	6190440	0.284130	0.623166	0.062712	False	1238.0742
HAP1_chr02	HAP2_chr26	15	2024901	19013563	8368839	0.079854	0.241957	0.127416	False	3174.9985
HAP1_chr02	HAP2_chr26	17	1194202	21311746	8904372	0.041148	0.134114	0.149279	False	7885.9167
HAP1_chr02	HAP2_chr26	19	988252	22186511	9117717	0.032598	0.108388	0.145391	False	25720.9948
HAP1_chr02	HAP2_chr26	23	830058	23215393	9371550	0.026138	0.088572	0.129436	False	333800.0316
HAP1_chr03	HAP1_chr04	11	1837477	1943738	1932915	0.901088	0.950625	0.004857	False	34.3387
HAP1_chr03	HAP1_chr04	13	6014830	10999145	10773179	0.381712	0.558315	0.045636	False	1321.4993
HAP1_chr03	HAP1_chr04	15	3578100	18329408	17790903	0.109953	0.201120	0.107925	False	3811.7127
HAP1_chr03	HAP1_chr04	17	2044639	20410376	19778792	0.053602	0.103375	0.134425	False	9214.8320
HAP1_chr03	HAP1_chr04	19	1657133	21163404	20515672	0.041406	0.080774	0.133251	False	29427.1322
HAP1_chr03	HAP1_chr04	23	1378595	22014490	21366028	0.032822	0.064523	0.119817	False	377043.2576
HAP1_chr03	HAP1_chr05	11	1834325	1943738	1929544	0.899639	0.950652	0.004934	False	34.3480
HAP1_chr03	HAP1_chr05	13	5954816	10999145	10753558	0.376937	0.553753	0.046338	False	1294.1653
HAP1_chr03	HAP1_chr05	15	3376140	18329408	17707643	0.103369	0.190660	0.111644	False	3564.5752
HAP1_chr03	HAP1_chr05	17	1796838	20410376	19569396	0.047059	0.091819	0.141718	False	8117.1397
HAP1_chr03	HAP1_chr05	19	1410907	21163404	20182458	0.035330	0.069908	0.141294	False	25253.1670
HAP1_chr03	HAP1_chr05	23	1153017	22014490	20826870	0.027658	0.055362	0.127042	False	319403.2914
HAP1_chr03	HAP1_chr06	11	1779920	1943738	1862023	0.878608	0.955907	0.006073	False	41.1894
HAP1_chr03	HAP1_chr06	13	5233647	10999145	9019674	0.353979	0.580248	0.049878	False	1324.2274
HAP1_chr03	HAP1_chr06	15	2977555	18329408	13871743	0.101889	0.214649	0.112517	False	3638.4978
HAP1_chr03	HAP1_chr06	17	1717957	20410376	15203134	0.050684	0.113000	0.137555	False	8848.8283
HAP1_chr03	HAP1_chr06	19	1398603	21163404	15738727	0.039393	0.088864	0.135771	False	28360.8087
HAP1_chr03	HAP1_chr06	23	1159392	22014490	16408075	0.031114	0.070660	0.122070	False	361841.3753
HAP1_chr03	HAP1_chr07	11	1717715	1943738	1784793	0.854238	0.962417	0.007443	False	49.3604
HAP1_chr03	HAP1_chr07	13	4739053	10999145	7637316	0.341003	0.620513	0.052010	False	1412.8876
HAP1_chr03	HAP1_chr07	15	3001009	18329408	11192427	0.113157	0.268129	0.106202	False	4236.5782
HAP1_chr03	HAP1_chr07	17	1981242	20410376	12230946	0.064620	0.161986	0.124042	False	11451.4195
HAP1_chr03	HAP1_chr07	19	1671065	21163404	12703966	0.051902	0.131539	0.121887	False	37737.8490
HAP1_chr03	HAP1_chr07	23	1384634	22014490	13324187	0.040780	0.103919	0.110713	False	479548.5754
HAP1_chr03	HAP1_chr08	11	1777063	1943738	1858305	0.877571	0.956282	0.006130	False	41.6794
HAP1_chr03	HAP1_chr08	13	5192026	10999145	8947896	0.351882	0.580251	0.050216	False	1318.9642
HAP1_chr03	HAP1_chr08	15	2932876	18329408	13720128	0.100728	0.213764	0.113210	False	3600.8287
HAP1_chr03	HAP1_chr08	17	1686087	20410376	15032264	0.049948	0.112165	0.138374	False	8732.4945
HAP1_chr03	HAP1_chr08	19	1371000	21163404	15558722	0.038782	0.088118	0.136563	False	27961.0237
HAP1_chr03	HAP1_chr08	23	1134301	22014490	16207280	0.030584	0.069987	0.122793	False	356196.7502
HAP1_chr03	HAP1_chr09	11	1823093	1943738	1914774	0.895684	0.952119	0.005145	False	36.3250
HAP1_chr03	HAP1_chr09	13	5799432	10999145	10281492	0.374611	0.564065	0.046684	False	1323.1931
HAP1_chr03	HAP1_chr09	15	3395858	18329408	16671392	0.107447	0.203694	0.109311	False	3746.7176
HAP1_chr03	HAP1_chr09	17	1930675	20410376	18461438	0.052264	0.104579	0.135838	False	9008.7520
HAP1_chr03	HAP1_chr09	19	1565287	21163404	19130088	0.040417	0.081823	0.134472	False	28785.8846
HAP1_chr03	HAP1_chr09	23	1306542	22014490	19900010	0.032175	0.065655	0.120657	False	370265.4395
HAP1_chr03	HAP1_chr10	11	1808857	1943738	1897841	0.889869	0.953113	0.005458	False	37.5862
HAP1_chr03	HAP1_chr10	13	5557849	10999145	9766088	0.365470	0.569097	0.048071	False	1317.0649
HAP1_chr03	HAP1_chr10	15	3194308	18329408	15448533	0.104445	0.206771	0.111019	False	3672.1469
HAP1_chr03	HAP1_chr10	17	1818837	20410376	17004832	0.051096	0.106960	0.137102	False	8847.4996
HAP1_chr03	HAP1_chr10	19	1473794	21163404	17586104	0.039538	0.083804	0.135586	False	28269.3230
HAP1_chr03	HAP1_chr10	23	1222913	22014490	18258702	0.031316	0.066977	0.121796	False	361807.1477
HAP1_chr03	HAP1_chr11	11	1790686	1943738	1872099	0.884223	0.956512	0.005765	False	42.1618
HAP1_chr03	HAP1_chr11	13	5543237	10999145	9326903	0.374979	0.594328	0.046629	False	1421.6952
HAP1_chr03	HAP1_chr11	15	3573513	18329408	14671173	0.121436	0.243574	0.101989	False	4341.4760
HAP1_chr03	HAP1_chr11	17	2281607	20410376	16214000	0.066436	0.140718	0.122511	False	11427.9766
HAP1_chr03	HAP1_chr11	19	1897239	21163404	16845289	0.052538	0.112627	0.121277	False	37200.6729
HAP1_chr03	HAP1_chr11	23	1557470	22014490	17621694	0.040901	0.088384	0.110588	False	469043.7743
HAP1_chr03	HAP1_chr12	11	1822980	1943738	1915799	0.895128	0.951551	0.005175	False	35.5175
HAP1_chr03	HAP1_chr12	13	5709970	10999145	10153789	0.369746	0.562349	0.047417	False	1305.3965
HAP1_chr03	HAP1_chr12	15	3273844	18329408	16247040	0.104587	0.201504	0.110937	False	3650.9585
HAP1_chr03	HAP1_chr12	17	1841886	20410376	17909288	0.050493	0.102845	0.137766	False	8722.5123
HAP1_chr03	HAP1_chr12	19	1488928	21163404	18511755	0.038991	0.080431	0.136291	False	27834.2687
HAP1_chr03	HAP1_chr12	23	1243045	22014490	19189942	0.031106	0.064776	0.122080	False	358728.9390
HAP1_chr03	HAP1_chr13	11	1791276	1943738	1875135	0.883448	0.955278	0.005807	False	40.4407
HAP1_chr03	HAP1_chr13	13	5399730	10999145	9343819	0.361349	0.577893	0.048711	False	1335.2407
HAP1_chr03	HAP1_chr13	15	3150245	18329408	14682039	0.105496	0.214565	0.110415	False	3741.5080
HAP1_chr03	HAP1_chr13	17	1836085	20410376	16239991	0.052739	0.113059	0.135332	False	9150.4999
HAP1_chr03	HAP1_chr13	19	1498788	21163404	16884360	0.041008	0.088768	0.133739	False	29343.1036
HAP1_chr03	HAP1_chr13	23	1248168	22014490	17677470	0.032467	0.070608	0.120275	False	375301.0066
HAP1_chr03	HAP1_chr14	11	1787579	1943738	1871130	0.881758	0.955347	0.005900	False	40.4953
HAP1_chr03	HAP1_chr14	13	5348938	10999145	9262991	0.358671	0.577453	0.049131	False	1327.1104
HAP1_chr03	HAP1_chr14	15	3063661	18329408	14456692	0.103076	0.211920	0.111816	False	3658.2636
HAP1_chr03	HAP1_chr14	17	1747806	20410376	15903532	0.050564	0.109900	0.137688	False	8796.7712
HAP1_chr03	HAP1_chr14	19	1409947	21163404	16468416	0.038925	0.085615	0.136376	False	27948.4176
HAP1_chr03	HAP1_chr14	23	1161435	22014490	17136388	0.030573	0.067776	0.122810	False	354692.3688
HAP1_chr03	HAP1_chr15	11	1774748	1943738	1855173	0.876781	0.956648	0.006174	False	42.1629
HAP1_chr03	HAP1_chr15	13	5174951	10999145	8874233	0.352075	0.583143	0.050185	False	1328.5733
HAP1_chr03	HAP1_chr15	15	2964480	18329408	13573555	0.102441	0.218401	0.112190	False	3673.9945
HAP1_chr03	HAP1_chr15	17	1730722	20410376	14867839	0.051590	0.116407	0.136564	False	9020.2038
HAP1_chr03	HAP1_chr15	19	1408031	21163404	15377188	0.040078	0.091566	0.134899	False	28887.1675
HAP1_chr03	HAP1_chr15	23	1160712	22014490	15979423	0.031513	0.072638	0.121532	False	367080.0438
HAP1_chr03	HAP1_chr16	11	1789549	1943738	1875435	0.881715	0.954205	0.005902	False	38.9167
HAP1_chr03	HAP1_chr16	13	5257145	10999145	9236754	0.350973	0.569155	0.050363	False	1281.1837
HAP1_chr03	HAP1_chr16	15	2793395	18329408	14181284	0.093999	0.196978	0.117411	False	3318.7152
HAP1_chr03	HAP1_chr16	17	1472106	20410376	15402512	0.042868	0.095576	0.146969	False	7503.7677
HAP1_chr03	HAP1_chr16	19	1153999	21163404	15797116	0.032229	0.073051	0.145972	False	23348.6769
HAP1_chr03	HAP1_chr16	23	934836	22014490	16206423	0.025072	0.057683	0.131201	False	293567.3284
HAP1_chr03	HAP1_chr17	11	1757245	1943738	1828536	0.872069	0.961012	0.006435	False	47.9883
HAP1_chr03	HAP1_chr17	13	5126821	10999145	8215644	0.363915	0.624032	0.048311	False	1483.0217
HAP1_chr03	HAP1_chr17	15	3454184	18329408	12154666	0.127791	0.284186	0.098965	False	4717.9118
HAP1_chr03	HAP1_chr17	17	2375937	20410376	13222763	0.076012	0.179685	0.115116	False	13227.0200
HAP1_chr03	HAP1_chr17	19	2020899	21163404	13661444	0.061605	0.147927	0.113350	False	44015.5520
HAP1_chr03	HAP1_chr17	23	1665092	22014490	14203159	0.048190	0.117234	0.103762	False	558552.5385
HAP1_chr03	HAP1_chr18	11	1694519	1943738	1761652	0.842679	0.961892	0.008113	False	48.3157
HAP1_chr03	HAP1_chr18	13	4261559	10999145	7039081	0.309332	0.605414	0.057670	False	1286.4559
HAP1_chr03	HAP1_chr18	15	2341549	18329408	9893375	0.090473	0.236678	0.119745	False	3447.7675
HAP1_chr03	HAP1_chr18	17	1424816	20410376	10674911	0.048038	0.133473	0.140561	False	8787.0918
HAP1_chr03	HAP1_chr18	19	1188919	21163404	11026423	0.038351	0.107825	0.137129	False	28812.2015
HAP1_chr03	HAP1_chr18	23	1002108	22014490	11490106	0.030832	0.087215	0.122453	False	373740.3465
HAP1_chr03	HAP1_chr19	11	1693629	1943738	1756593	0.843986	0.964156	0.008037	False	51.3625
HAP1_chr03	HAP1_chr19	13	4481368	10999145	7125681	0.328463	0.628904	0.054170	False	1403.8634
HAP1_chr03	HAP1_chr19	15	2808126	18329408	10112005	0.109550	0.277702	0.108145	False	4191.6704
HAP1_chr03	HAP1_chr19	17	1876529	20410376	10913586	0.063725	0.171944	0.124812	False	11492.0537
HAP1_chr03	HAP1_chr19	19	1585260	21163404	11252278	0.051419	0.140883	0.122355	False	38042.3638
HAP1_chr03	HAP1_chr19	23	1306021	22014490	11676341	0.040328	0.111852	0.111178	False	483186.6581
HAP1_chr03	HAP1_chr20	11	1650447	1943738	1711472	0.823263	0.964344	0.009269	False	50.9540
HAP1_chr03	HAP1_chr20	13	3978165	10999145	6490457	0.294429	0.612925	0.060588	False	1268.7285
HAP1_chr03	HAP1_chr20	15	2136259	18329408	8988729	0.084833	0.237660	0.123690	False	3302.2799
HAP1_chr03	HAP1_chr20	17	1264000	20410376	9665961	0.043870	0.130768	0.145665	False	8188.9874
HAP1_chr03	HAP1_chr20	19	1038119	21163404	9964401	0.034501	0.104183	0.142502	False	26463.1373
HAP1_chr03	HAP1_chr20	23	862068	22014490	10349545	0.027366	0.083295	0.127492	False	338764.7561
HAP1_chr03	HAP1_chr21	11	1677588	1943738	1742327	0.835254	0.962843	0.008550	False	49.3544
HAP1_chr03	HAP1_chr21	13	4198850	10999145	6944609	0.305484	0.604620	0.058406	False	1274.1391
HAP1_chr03	HAP1_chr21	15	2230161	18329408	9781299	0.086171	0.228003	0.122729	False	3281.3324
HAP1_chr03	HAP1_chr21	17	1279515	20410376	10518678	0.043155	0.121642	0.146592	False	7935.3676
HAP1_chr03	HAP1_chr21	19	1036164	21163404	10816829	0.033485	0.095792	0.144023	False	25347.9004
HAP1_chr03	HAP1_chr21	23	848832	22014490	11173336	0.026248	0.075969	0.129258	False	321031.2615
HAP1_chr03	HAP1_chr22	11	1643407	1943738	1704026	0.819917	0.964426	0.009472	False	50.9548
HAP1_chr03	HAP1_chr22	13	3941865	10999145	6405553	0.292796	0.615382	0.060918	False	1271.2650
HAP1_chr03	HAP1_chr22	15	2128856	18329408	8841730	0.085010	0.240774	0.123562	False	3325.2783
HAP1_chr03	HAP1_chr22	17	1276383	20410376	9505777	0.044567	0.134274	0.144778	False	8342.6240
HAP1_chr03	HAP1_chr22	19	1054865	21163404	9805074	0.035264	0.107584	0.141390	False	27108.8787
HAP1_chr03	HAP1_chr22	23	878663	22014490	10195462	0.028044	0.086182	0.126456	False	347885.4929
HAP1_chr03	HAP1_chr23	11	1687502	1943738	1753511	0.839659	0.962356	0.008290	False	48.8423
HAP1_chr03	HAP1_chr23	13	4270311	10999145	7067544	0.309524	0.604214	0.057634	False	1283.4830
HAP1_chr03	HAP1_chr23	15	2302693	18329408	10003276	0.088463	0.230194	0.121119	False	3355.8666
HAP1_chr03	HAP1_chr23	17	1348018	20410376	10789591	0.045157	0.124937	0.144037	False	8258.9256
HAP1_chr03	HAP1_chr23	19	1102126	21163404	11123421	0.035342	0.099082	0.141277	False	26588.8008
HAP1_chr03	HAP1_chr23	23	908990	22014490	11537178	0.027847	0.078788	0.126755	False	338319.0464
HAP1_chr03	HAP1_chr24	11	1680790	1943738	1746189	0.836573	0.962548	0.008472	False	49.0030
HAP1_chr03	HAP1_chr24	13	4184151	10999145	6912850	0.304793	0.605271	0.058540	False	1274.2138
HAP1_chr03	HAP1_chr24	15	2235346	18329408	9670718	0.086760	0.231146	0.122311	False	3315.6335
HAP1_chr03	HAP1_chr24	17	1309678	20410376	10375760	0.044431	0.126225	0.144949	False	8184.0981
HAP1_chr03	HAP1_chr24	19	1072065	21163404	10659044	0.034863	0.100578	0.141970	False	26421.5772
HAP1_chr03	HAP1_chr24	23	885758	22014490	10997536	0.027571	0.080541	0.127175	False	337663.8761
HAP1_chr03	HAP1_chr25	11	1599798	1943738	1652760	0.801221	0.967955	0.010631	False	54.8955
HAP1_chr03	HAP1_chr25	13	3702560	10999145	5875803	0.281085	0.630137	0.063358	False	1280.0298
HAP1_chr03	HAP1_chr25	15	2013121	18329408	7878851	0.083204	0.255509	0.124883	False	3362.8505
HAP1_chr03	HAP1_chr25	17	1235379	20410376	8364267	0.044859	0.147697	0.144410	False	8622.0824
HAP1_chr03	HAP1_chr25	19	1025662	21163404	8557390	0.035743	0.119857	0.140703	False	28218.7291
HAP1_chr03	HAP1_chr25	23	848363	22014490	8789357	0.028321	0.096522	0.126041	False	361760.3287
HAP1_chr03	HAP1_chr26	11	1628102	1943738	1686479	0.813191	0.965385	0.009885	False	51.9858
HAP1_chr03	HAP1_chr26	13	3763358	10999145	6131968	0.281525	0.613728	0.063264	False	1236.6631
HAP1_chr03	HAP1_chr26	15	1942938	18329408	8274002	0.078788	0.234824	0.128246	False	3124.1343
HAP1_chr03	HAP1_chr26	17	1136452	20410376	8799975	0.040481	0.129143	0.150204	False	7714.6255
HAP1_chr03	HAP1_chr26	19	935362	21163404	9008407	0.031993	0.103832	0.146346	False	25076.8707
HAP1_chr03	HAP1_chr26	23	779821	22014490	9253365	0.025578	0.084274	0.130354	False	324087.6213
HAP1_chr03	HAP2_chr01	11	1855077	1943738	1956191	0.907194	0.954386	0.004535	False	31.1830
HAP1_chr03	HAP2_chr01	13	6353520	10999145	11594047	0.391235	0.577638	0.044269	False	1309.5654
HAP1_chr03	HAP2_chr01	15	3866227	18329408	19936069	0.112393	0.210930	0.106608	False	3861.2711
HAP1_chr03	HAP2_chr01	17	2181225	20410376	22404348	0.053680	0.106868	0.134344	False	9223.0157
HAP1_chr03	HAP2_chr01	19	1758168	21163404	23312721	0.041158	0.083076	0.133554	False	29284.5401
HAP1_chr03	HAP2_chr01	23	1469056	22014490	24358453	0.032716	0.066731	0.119954	False	376295.9830
HAP1_chr03	HAP2_chr02	11	1846730	1943738	1944775	0.904469	0.950092	0.004678	False	32.9383
HAP1_chr03	HAP2_chr02	13	6192263	10999145	11207989	0.386657	0.562977	0.044920	False	1313.8212
HAP1_chr03	HAP2_chr02	15	3729252	18329408	18930484	0.111219	0.203457	0.107238	False	3834.8231
HAP1_chr03	HAP2_chr02	17	2117642	20410376	21212559	0.053604	0.103753	0.134424	False	9207.9645
HAP1_chr03	HAP2_chr02	19	1711697	21163404	22080660	0.041214	0.080880	0.133486	False	29296.7533
HAP1_chr03	HAP2_chr02	23	1427561	22014490	23100878	0.032676	0.064846	0.120005	False	375488.4843
HAP1_chr03	HAP2_chr03	11	1935788	1943738	1963081	0.982120	0.995910	0.000824	False	86.2296
HAP1_chr03	HAP2_chr03	13	10724908	10999145	11634879	0.900563	0.975067	0.004134	False	3538.7922
HAP1_chr03	HAP2_chr03	15	17589995	18329408	19905925	0.852008	0.959660	0.005552	False	20512.7074
HAP1_chr03	HAP2_chr03	17	19445070	20410376	22313308	0.835319	0.952705	0.005530	False	84219.2186
HAP1_chr03	HAP2_chr03	19	20065911	21163404	23191431	0.826134	0.948142	0.005266	False	335722.1292
HAP1_chr03	HAP2_chr03	23	20707721	22014490	24190163	0.812165	0.940641	0.004758	False	5322714.5751
HAP1_chr03	HAP2_chr04	11	1840632	1943738	1937260	0.902109	0.950121	0.004803	False	33.6493
HAP1_chr03	HAP2_chr04	13	6060635	10999145	10898284	0.382693	0.556109	0.045493	False	1316.4297
HAP1_chr03	HAP2_chr04	15	3603365	18329408	18070854	0.109869	0.199402	0.107971	False	3802.0694
HAP1_chr03	HAP2_chr04	17	2049138	20410376	20103510	0.053273	0.101929	0.134769	False	9157.1634
HAP1_chr03	HAP2_chr04	19	1656724	21163404	20853426	0.041049	0.079446	0.133688	False	29179.7146
HAP1_chr03	HAP2_chr04	23	1375611	22014490	21714248	0.032480	0.063351	0.120259	False	373198.2012
HAP1_chr03	HAP2_chr06	11	1775073	1943738	1856147	0.876661	0.956321	0.006180	False	41.7113
HAP1_chr03	HAP2_chr06	13	5185769	10999145	8915399	0.352084	0.581664	0.050183	False	1323.9370
HAP1_chr03	HAP2_chr06	15	2940072	18329408	13659620	0.101211	0.215238	0.112921	False	3622.3576
HAP1_chr03	HAP2_chr06	17	1692278	20410376	14950852	0.050262	0.113189	0.138023	False	8790.1112
HAP1_chr03	HAP2_chr06	19	1375817	21163404	15462891	0.039030	0.088975	0.136241	False	28146.5536
HAP1_chr03	HAP2_chr06	23	1138718	22014490	16092268	0.030803	0.070762	0.122493	False	358859.3823
HAP1_chr03	HAP2_chr09	11	1757899	1943738	1835654	0.869604	0.957642	0.006572	False	43.3387
HAP1_chr03	HAP2_chr09	13	4922706	10999145	8400787	0.340031	0.585982	0.052174	False	1307.0149
HAP1_chr03	HAP2_chr09	15	2721291	18329408	12520506	0.096745	0.217347	0.115659	False	3508.4094
HAP1_chr03	HAP2_chr09	17	1567929	20410376	13598702	0.048331	0.115300	0.140219	False	8542.8685
HAP1_chr03	HAP2_chr09	19	1281593	21163404	14008836	0.037816	0.091485	0.137842	False	27547.3390
HAP1_chr03	HAP2_chr09	23	1073266	22014490	14488605	0.030293	0.074077	0.123198	False	356460.1660
HAP1_chr03	HAP2_chr08	11	1770725	1943738	1850664	0.875004	0.956805	0.006272	False	42.3334
HAP1_chr03	HAP2_chr08	13	5123423	10999145	8796322	0.349196	0.582451	0.050653	False	1319.1392
HAP1_chr03	HAP2_chr08	15	2887284	18329408	13405860	0.100086	0.215375	0.113598	False	3591.2591
HAP1_chr03	HAP2_chr08	17	1664035	20410376	14664144	0.049806	0.113476	0.138534	False	8727.9708
HAP1_chr03	HAP2_chr08	19	1355066	21163404	15167024	0.038743	0.089343	0.136614	False	27991.3123
HAP1_chr03	HAP2_chr08	23	1122038	22014490	15783256	0.030593	0.071090	0.122781	False	357047.5281
HAP1_chr03	HAP2_chr11	11	1793506	1943738	1875256	0.885469	0.956406	0.005697	False	42.0458
HAP1_chr03	HAP2_chr11	13	5576196	10999145	9396976	0.376263	0.593403	0.046438	False	1422.0760
HAP1_chr03	HAP2_chr11	15	3596545	18329408	14824614	0.121680	0.242606	0.101870	False	4343.9603
HAP1_chr03	HAP2_chr11	17	2293384	20410376	16402565	0.066437	0.139819	0.122510	False	11419.4840
HAP1_chr03	HAP2_chr11	19	1905761	21163404	17052685	0.052485	0.111757	0.121328	False	37139.4447
HAP1_chr03	HAP2_chr11	23	1564740	22014490	17855262	0.040849	0.087635	0.110641	False	468140.8705
HAP1_chr03	HAP2_chr12	11	1823404	1943738	1916305	0.895301	0.951521	0.005166	False	35.4791
HAP1_chr03	HAP2_chr12	13	5712108	10999145	10157744	0.369841	0.562340	0.047402	False	1305.6035
HAP1_chr03	HAP2_chr12	15	3276532	18329408	16248346	0.104677	0.201653	0.110885	False	3654.3609
HAP1_chr03	HAP2_chr12	17	1845438	20410376	17907770	0.050598	0.103052	0.137651	False	8740.1190
HAP1_chr03	HAP2_chr12	19	1493104	21163404	18511531	0.039105	0.080658	0.136143	False	27912.6549
HAP1_chr03	HAP2_chr12	23	1247327	22014490	19196363	0.031212	0.064977	0.121937	False	359904.4798
HAP1_chr03	HAP2_chr13	11	1705687	1943738	1773388	0.847993	0.961824	0.007803	False	48.3822
HAP1_chr03	HAP2_chr13	13	4495887	10999145	7463531	0.321898	0.602381	0.055342	False	1310.1999
HAP1_chr03	HAP2_chr13	15	2477905	18329408	10811655	0.092934	0.229188	0.118106	False	3470.9342
HAP1_chr03	HAP2_chr13	17	1448263	20410376	11714892	0.047210	0.123626	0.141537	False	8513.7196
HAP1_chr03	HAP2_chr13	19	1184204	21163404	12084487	0.036933	0.097994	0.139041	False	27408.8996
HAP1_chr03	HAP2_chr13	23	983876	22014490	12533334	0.029313	0.078501	0.124585	False	351337.2411
HAP1_chr03	HAP2_chr05	11	1832291	1943738	1927047	0.898845	0.950828	0.004977	False	34.5800
HAP1_chr03	HAP2_chr05	13	5935491	10999145	10709499	0.376303	0.554227	0.046432	False	1294.2188
HAP1_chr03	HAP2_chr05	15	3349691	18329408	17601194	0.102811	0.190310	0.111972	False	3545.9069
HAP1_chr03	HAP2_chr05	17	1769587	20410376	19429478	0.046482	0.091077	0.142410	False	8021.0318
HAP1_chr03	HAP2_chr05	19	1381606	21163404	20016096	0.034716	0.069025	0.142187	False	24830.5736
HAP1_chr03	HAP2_chr05	23	1120857	22014490	20608717	0.027007	0.054388	0.128050	False	312133.4570
HAP1_chr03	HAP2_chr10	11	1806910	1943738	1895187	0.889221	0.953420	0.005493	False	37.9995
HAP1_chr03	HAP2_chr10	13	5531763	10999145	9712491	0.364414	0.569551	0.048234	False	1315.9207
HAP1_chr03	HAP2_chr10	15	3169027	18329408	15325642	0.103950	0.206779	0.111306	False	3657.6908
HAP1_chr03	HAP2_chr10	17	1799676	20410376	16850568	0.050750	0.106802	0.137482	False	8793.9787
HAP1_chr03	HAP2_chr10	19	1456307	21163404	17412284	0.039233	0.083637	0.135977	False	28072.8759
HAP1_chr03	HAP2_chr10	23	1206921	22014490	18052398	0.031058	0.066857	0.122145	False	359110.3462
HAP1_chr03	HAP2_chr14	11	1788696	1943738	1872511	0.882194	0.955239	0.005876	False	40.3567
HAP1_chr03	HAP2_chr14	13	5363189	10999145	9287321	0.359384	0.577474	0.049019	False	1328.9676
HAP1_chr03	HAP2_chr14	15	3080253	18329408	14504228	0.103526	0.212369	0.111553	False	3673.5359
HAP1_chr03	HAP2_chr14	17	1763265	20410376	15955961	0.050957	0.110508	0.137255	False	8861.0613
HAP1_chr03	HAP2_chr14	19	1424758	21163404	16521915	0.039292	0.086234	0.135901	False	28196.6090
HAP1_chr03	HAP2_chr14	23	1175679	22014490	17192812	0.030913	0.068382	0.122342	False	358452.7512
HAP1_chr03	HAP2_chr15	11	1729912	1943738	1801610	0.858331	0.960203	0.007209	False	46.5063
HAP1_chr03	HAP2_chr15	13	4735814	10999145	7922995	0.333829	0.597730	0.053233	False	1327.0634
HAP1_chr03	HAP2_chr15	15	2696904	18329408	11716993	0.098609	0.230170	0.114499	False	3631.5282
HAP1_chr03	HAP2_chr15	17	1608249	20410376	12776868	0.050928	0.125872	0.137287	False	9055.9493
HAP1_chr03	HAP2_chr15	19	1318010	21163404	13220548	0.039860	0.099694	0.135175	False	29166.5338
HAP1_chr03	HAP2_chr15	23	1087387	22014490	13763461	0.031345	0.079005	0.121757	False	370542.0133
HAP1_chr03	HAP2_chr18	11	1688053	1943738	1754152	0.839895	0.962319	0.008276	False	48.7996
HAP1_chr03	HAP2_chr18	13	4213184	10999145	6943926	0.306862	0.606744	0.058141	False	1283.8510
HAP1_chr03	HAP2_chr18	15	2305102	18329408	9721359	0.089534	0.237117	0.120383	False	3425.0669
HAP1_chr03	HAP2_chr18	17	1399842	20410376	10474208	0.047477	0.133647	0.141221	False	8715.5969
HAP1_chr03	HAP2_chr18	19	1167148	21163404	10808975	0.037888	0.107980	0.137745	False	28567.7519
HAP1_chr03	HAP2_chr18	23	983089	22014490	11244443	0.030459	0.087429	0.122967	False	370630.6601
HAP1_chr03	HAP2_chr16	11	1789512	1943738	1875396	0.881697	0.954205	0.005903	False	38.9164
HAP1_chr03	HAP2_chr16	13	5253501	10999145	9231562	0.350766	0.569080	0.050397	False	1280.4275
HAP1_chr03	HAP2_chr16	15	2791442	18329408	14170650	0.093961	0.196988	0.117436	False	3317.6743
HAP1_chr03	HAP2_chr16	17	1471131	20410376	15390938	0.042852	0.095584	0.146989	False	7501.6340
HAP1_chr03	HAP2_chr16	19	1153844	21163404	15784249	0.032236	0.073101	0.145961	False	23355.0879
HAP1_chr03	HAP2_chr16	23	935071	22014490	16190750	0.025089	0.057753	0.131172	False	293783.2207
HAP1_chr03	HAP2_chr17	11	1758977	1943738	1830609	0.872781	0.960870	0.006395	False	47.8157
HAP1_chr03	HAP2_chr17	13	5138871	10999145	8240648	0.364435	0.623600	0.048231	False	1483.1148
HAP1_chr03	HAP2_chr17	15	3463812	18329408	12197774	0.127989	0.283971	0.098873	False	4722.2066
HAP1_chr03	HAP2_chr17	17	2385416	20410376	13269618	0.076225	0.179765	0.114964	False	13256.4031
HAP1_chr03	HAP2_chr17	19	2031721	21163404	13709289	0.061865	0.148200	0.113141	False	44174.0567
HAP1_chr03	HAP2_chr17	23	1676990	22014490	14252006	0.048483	0.117667	0.103511	False	561578.8631
HAP1_chr03	HAP2_chr07	11	1695771	1943738	1758901	0.844984	0.964108	0.007978	False	51.3311
HAP1_chr03	HAP2_chr07	13	4545335	10999145	7240106	0.331924	0.627800	0.053564	False	1409.9003
HAP1_chr03	HAP2_chr07	15	2866522	18329408	10421927	0.110741	0.275047	0.107496	False	4209.0337
HAP1_chr03	HAP2_chr07	17	1904133	20410376	11338838	0.063801	0.167930	0.124747	False	11436.5127
HAP1_chr03	HAP2_chr07	19	1607456	21163404	11754937	0.051339	0.136747	0.122433	False	37739.9906
HAP1_chr03	HAP2_chr07	23	1328601	22014490	12293816	0.040285	0.108071	0.111222	False	479037.2596
HAP1_chr03	HAP2_chr19	11	1643228	1943738	1700238	0.821307	0.966469	0.009388	False	53.6657
HAP1_chr03	HAP2_chr19	13	4040557	10999145	6349723	0.303612	0.636336	0.058769	False	1357.9337
HAP1_chr03	HAP2_chr19	15	2439938	18329408	8710089	0.099186	0.280128	0.114145	False	3929.0131
HAP1_chr03	HAP2_chr19	17	1616957	20410376	9328904	0.057497	0.173328	0.130516	False	10711.6859
HAP1_chr03	HAP2_chr19	19	1366279	21163404	9592131	0.046489	0.142437	0.127412	False	35511.9276
HAP1_chr03	HAP2_chr19	23	1130891	22014490	9920765	0.036712	0.113992	0.115111	False	453906.4676
HAP1_chr03	HAP2_chr20	11	1646947	1943738	1707604	0.821668	0.964478	0.009366	False	51.0793
HAP1_chr03	HAP2_chr20	13	3955533	10999145	6447496	0.293196	0.613499	0.060837	False	1267.0676
HAP1_chr03	HAP2_chr20	15	2119250	18329408	8910664	0.084362	0.237833	0.124032	False	3290.7080
HAP1_chr03	HAP2_chr20	17	1252871	20410376	9575366	0.043604	0.130843	0.146008	False	8155.2808
HAP1_chr03	HAP2_chr20	19	1028756	21163404	9867294	0.034290	0.104259	0.142815	False	26353.2151
HAP1_chr03	HAP2_chr20	23	854264	22014490	10242168	0.027204	0.083407	0.127743	False	337453.1507
HAP1_chr03	HAP2_chr22	11	1613841	1943738	1670517	0.806754	0.966073	0.010284	False	52.6622
HAP1_chr03	HAP2_chr22	13	3750571	10999145	6040646	0.282227	0.620889	0.063115	False	1258.1623
HAP1_chr03	HAP2_chr22	15	2005083	18329408	8216329	0.081705	0.244036	0.126002	False	3256.1326
HAP1_chr03	HAP2_chr22	17	1201235	20410376	8800212	0.042887	0.136501	0.146943	False	8162.5238
HAP1_chr03	HAP2_chr22	19	992699	21163404	9060039	0.033961	0.109569	0.143305	False	26540.1846
HAP1_chr03	HAP2_chr22	23	826500	22014490	9392238	0.027027	0.087998	0.128019	False	340938.3174
HAP1_chr03	HAP2_chr21	11	1675965	1943738	1740450	0.834551	0.962949	0.008592	False	49.4729
HAP1_chr03	HAP2_chr21	13	4191337	10999145	6927352	0.305154	0.605042	0.058470	False	1274.4934
HAP1_chr03	HAP2_chr21	15	2225737	18329408	9749738	0.086091	0.228287	0.122786	False	3280.8388
HAP1_chr03	HAP2_chr21	17	1277185	20410376	10481481	0.043127	0.121852	0.146629	False	7935.2315
HAP1_chr03	HAP2_chr21	19	1034283	21163404	10776712	0.033466	0.095974	0.144053	False	25349.0127
HAP1_chr03	HAP2_chr21	23	847203	22014490	11129001	0.026232	0.076126	0.129283	False	321052.7637
HAP1_chr03	HAP2_chr23	11	1676314	1943738	1740516	0.834843	0.963113	0.008575	False	49.6985
HAP1_chr03	HAP2_chr23	13	4198329	10999145	6913236	0.306133	0.607289	0.058281	False	1283.5124
HAP1_chr03	HAP2_chr23	15	2264304	18329408	9735989	0.087760	0.232571	0.121608	False	3350.8627
HAP1_chr03	HAP2_chr23	17	1330982	20410376	10491711	0.045010	0.126860	0.144221	False	8271.9332
HAP1_chr03	HAP2_chr23	19	1089718	21163404	10813251	0.035281	0.100776	0.141365	False	26664.5366
HAP1_chr03	HAP2_chr23	23	899112	22014490	11210512	0.027814	0.080203	0.126804	False	339483.1865
HAP1_chr03	HAP2_chr24	11	1681345	1943738	1746750	0.836847	0.962556	0.008456	False	49.0227
HAP1_chr03	HAP2_chr24	13	4195531	10999145	6932666	0.305434	0.605183	0.058416	False	1275.6315
HAP1_chr03	HAP2_chr24	15	2243355	18329408	9710842	0.086962	0.231015	0.122168	False	3320.3069
HAP1_chr03	HAP2_chr24	17	1314162	20410376	10421673	0.044521	0.126099	0.144836	False	8193.8522
HAP1_chr03	HAP2_chr24	19	1076393	21163404	10707211	0.034954	0.100530	0.141838	False	26468.4867
HAP1_chr03	HAP2_chr24	23	890439	22014490	11048947	0.027677	0.080590	0.127014	False	338657.6920
HAP1_chr03	HAP2_chr25	11	1599475	1943738	1652327	0.801103	0.968014	0.010638	False	54.9660
HAP1_chr03	HAP2_chr25	13	3690752	10999145	5856933	0.280339	0.630151	0.063518	False	1278.0324
HAP1_chr03	HAP2_chr25	15	2007456	18329408	7847891	0.083056	0.255796	0.124992	False	3360.5750
HAP1_chr03	HAP2_chr25	17	1231342	20410376	8334301	0.044754	0.147744	0.144541	False	8609.3873
HAP1_chr03	HAP2_chr25	19	1020186	21163404	8530821	0.035579	0.119588	0.140938	False	28111.6630
HAP1_chr03	HAP2_chr25	23	839604	22014490	8768493	0.028040	0.095752	0.126463	False	358450.9777
HAP1_chr03	HAP2_chr26	11	1633090	1943738	1692364	0.815317	0.964976	0.009754	False	51.5228
HAP1_chr03	HAP2_chr26	13	3790082	10999145	6190440	0.282852	0.612248	0.062982	False	1236.1137
HAP1_chr03	HAP2_chr26	15	1953471	18329408	8368839	0.078945	0.233422	0.128123	False	3120.0301
HAP1_chr03	HAP2_chr26	17	1139084	20410376	8904372	0.040428	0.127924	0.150278	False	7685.6575
HAP1_chr03	HAP2_chr26	19	936575	21163404	9117717	0.031916	0.102720	0.146469	False	24958.0208
HAP1_chr03	HAP2_chr26	23	780509	22014490	9371550	0.025502	0.083285	0.130479	False	322321.6869
HAP1_chr04	HAP1_chr05	11	1826739	1932915	1929544	0.897343	0.946721	0.005057	False	36.2227
HAP1_chr04	HAP1_chr05	13	5867716	10773179	10753558	0.374718	0.545653	0.046668	False	1299.7656
HAP1_chr04	HAP1_chr05	15	3307375	17790903	17707643	0.102742	0.186777	0.112013	False	3551.5385
HAP1_chr04	HAP1_chr05	17	1765427	19778792	19569396	0.046974	0.090214	0.141818	False	8104.5245
HAP1_chr04	HAP1_chr05	19	1386279	20515672	20182458	0.035264	0.068687	0.141390	False	25201.7574
HAP1_chr04	HAP1_chr05	23	1125241	21366028	20826870	0.027400	0.054028	0.127439	False	316403.7845
HAP1_chr04	HAP1_chr06	11	1773783	1932915	1862023	0.877609	0.952611	0.006128	False	43.9552
HAP1_chr04	HAP1_chr06	13	5161226	10773179	9019674	0.352745	0.572219	0.050077	False	1331.1797
HAP1_chr04	HAP1_chr06	15	2928094	17790903	13871743	0.101902	0.211083	0.112509	False	3640.7241
HAP1_chr04	HAP1_chr06	17	1704773	19778792	15203134	0.051230	0.112133	0.136956	False	8924.5093
HAP1_chr04	HAP1_chr06	19	1396132	20515672	15738727	0.040052	0.088707	0.134932	False	28755.5913
HAP1_chr04	HAP1_chr06	23	1162797	21366028	16408075	0.031761	0.070867	0.121202	False	368370.0990
HAP1_chr04	HAP1_chr07	11	1709782	1932915	1784793	0.851516	0.957972	0.007599	False	50.4949
HAP1_chr04	HAP1_chr07	13	4525041	10773179	7637316	0.325884	0.592491	0.054627	False	1323.8038
HAP1_chr04	HAP1_chr07	15	2533905	17790903	11192427	0.095802	0.226395	0.116254	False	3551.6658
HAP1_chr04	HAP1_chr07	17	1517571	19778792	12230946	0.049769	0.124076	0.138575	False	8875.2148
HAP1_chr04	HAP1_chr07	19	1254912	20515672	12703966	0.039259	0.098781	0.135944	False	28773.9103
HAP1_chr04	HAP1_chr07	23	1049810	21366028	13324187	0.031207	0.078790	0.121944	False	369062.5722
HAP1_chr04	HAP1_chr08	11	1771251	1932915	1858305	0.876870	0.953154	0.006169	False	44.6829
HAP1_chr04	HAP1_chr08	13	5139951	10773179	8947896	0.352507	0.574431	0.050115	False	1337.5528
HAP1_chr04	HAP1_chr08	15	2917800	17790903	13720128	0.102045	0.212666	0.112424	False	3652.9695
HAP1_chr04	HAP1_chr08	17	1710555	19778792	15032264	0.051678	0.113792	0.136469	False	9008.2812
HAP1_chr04	HAP1_chr08	19	1402501	20515672	15558722	0.040451	0.090142	0.134430	False	29054.1718
HAP1_chr04	HAP1_chr08	23	1166153	21366028	16207280	0.032031	0.071952	0.120845	False	371714.7604
HAP1_chr04	HAP1_chr09	11	1815832	1932915	1914774	0.893681	0.948327	0.005253	False	38.3993
HAP1_chr04	HAP1_chr09	13	5716975	10773179	10281492	0.372740	0.556045	0.046964	False	1329.7227
HAP1_chr04	HAP1_chr09	15	3324274	17790903	16671392	0.106759	0.199400	0.109698	False	3729.1879
HAP1_chr04	HAP1_chr09	17	1897066	19778792	18461438	0.052199	0.102758	0.135908	False	8995.0296
HAP1_chr04	HAP1_chr09	19	1543669	20515672	19130088	0.040514	0.080693	0.134351	False	28833.9152
HAP1_chr04	HAP1_chr09	23	1292011	21366028	19900010	0.032321	0.064925	0.120465	False	371662.2978
HAP1_chr04	HAP1_chr10	11	1802309	1932915	1897841	0.888517	0.949663	0.005531	False	40.1459
HAP1_chr04	HAP1_chr10	13	5487835	10773179	9766088	0.364606	0.561928	0.048204	False	1328.4079
HAP1_chr04	HAP1_chr10	15	3146707	17790903	15448533	0.104567	0.203690	0.110949	False	3682.4364
HAP1_chr04	HAP1_chr10	17	1807424	19778792	17004832	0.051676	0.106289	0.136471	False	8936.2913
HAP1_chr04	HAP1_chr10	19	1471142	20515672	17586104	0.040162	0.083654	0.134793	False	28661.9792
HAP1_chr04	HAP1_chr10	23	1225279	21366028	18258702	0.031909	0.067107	0.121006	False	367967.2065
HAP1_chr04	HAP1_chr11	11	1782078	1932915	1872099	0.880936	0.951914	0.005945	False	43.0817
HAP1_chr04	HAP1_chr11	13	5320922	10773179	9326903	0.360029	0.570492	0.048918	False	1344.3539
HAP1_chr04	HAP1_chr11	15	3072386	17790903	14671173	0.104540	0.209417	0.110965	False	3709.0904
HAP1_chr04	HAP1_chr11	17	1784172	19778792	16214000	0.052156	0.110039	0.135954	False	9040.7131
HAP1_chr04	HAP1_chr11	19	1457629	20515672	16845289	0.040599	0.086530	0.134246	False	29018.1671
HAP1_chr04	HAP1_chr11	23	1216453	21366028	17621694	0.032206	0.069032	0.120616	False	371861.0502
HAP1_chr04	HAP1_chr12	11	1816224	1932915	1915799	0.893596	0.948024	0.005257	False	37.9731
HAP1_chr04	HAP1_chr12	13	5633191	10773179	10153789	0.368332	0.554787	0.047632	False	1314.3633
HAP1_chr04	HAP1_chr12	15	3220117	17790903	16247040	0.104489	0.198197	0.110994	False	3654.7889
HAP1_chr04	HAP1_chr12	17	1830399	19778792	17909288	0.051046	0.102204	0.137157	False	8810.6008
HAP1_chr04	HAP1_chr12	19	1490155	20515672	18511755	0.039698	0.080498	0.135381	False	28295.2550
HAP1_chr04	HAP1_chr12	23	1252185	21366028	19189942	0.031859	0.065252	0.121072	False	366809.5466
HAP1_chr04	HAP1_chr13	11	1784496	1932915	1875135	0.881862	0.951663	0.005894	False	42.7575
HAP1_chr04	HAP1_chr13	13	5320357	10773179	9343819	0.359565	0.569399	0.048991	False	1339.6745
HAP1_chr04	HAP1_chr13	15	3078462	17790903	14682039	0.104729	0.209675	0.110855	False	3715.9122
HAP1_chr04	HAP1_chr13	17	1798128	19778792	16239991	0.052545	0.110722	0.135538	False	9105.3373
HAP1_chr04	HAP1_chr13	19	1473708	20515672	16884360	0.041020	0.087282	0.133723	False	29304.7362
HAP1_chr04	HAP1_chr13	23	1236187	21366028	17677470	0.032697	0.069930	0.119978	False	377297.0002
HAP1_chr04	HAP1_chr14	11	1781044	1932915	1871130	0.880397	0.951855	0.005974	False	42.9855
HAP1_chr04	HAP1_chr14	13	5272308	10773179	9262991	0.357109	0.569180	0.049379	False	1332.6930
HAP1_chr04	HAP1_chr14	15	2987691	17790903	14456692	0.102109	0.206665	0.112386	False	3624.4065
HAP1_chr04	HAP1_chr14	17	1706666	19778792	15903532	0.050232	0.107314	0.138057	False	8727.2419
HAP1_chr04	HAP1_chr14	19	1385011	20515672	16468416	0.038906	0.084101	0.136402	False	27884.8196
HAP1_chr04	HAP1_chr14	23	1152365	21366028	17136388	0.030853	0.067247	0.122424	False	357223.0711
HAP1_chr04	HAP1_chr15	11	1768989	1932915	1855173	0.876128	0.953544	0.006210	False	45.1984
HAP1_chr04	HAP1_chr15	13	5111486	10773179	8874233	0.351645	0.575992	0.050254	False	1340.2405
HAP1_chr04	HAP1_chr15	15	2929465	17790903	13573555	0.103023	0.215821	0.111847	False	3697.2749
HAP1_chr04	HAP1_chr15	17	1730862	19778792	14867839	0.052585	0.116417	0.135496	False	9169.7554
HAP1_chr04	HAP1_chr15	19	1420037	20515672	15377188	0.041193	0.092347	0.133511	False	29591.7518
HAP1_chr04	HAP1_chr15	23	1180086	21366028	15979423	0.032630	0.073850	0.120064	False	378828.4143
HAP1_chr04	HAP1_chr16	11	1783428	1932915	1875435	0.880739	0.950941	0.005956	False	41.7315
HAP1_chr04	HAP1_chr16	13	5189896	10773179	9236754	0.350195	0.561874	0.050490	False	1291.6203
HAP1_chr04	HAP1_chr16	15	2763810	17790903	14181284	0.094624	0.194891	0.117007	False	3346.1600
HAP1_chr04	HAP1_chr16	17	1479953	19778792	15402512	0.043914	0.096085	0.145609	False	7670.3145
HAP1_chr04	HAP1_chr16	19	1167924	20515672	15797116	0.033232	0.073933	0.144410	False	24002.6942
HAP1_chr04	HAP1_chr16	23	949773	21366028	16206423	0.025934	0.058605	0.129768	False	302750.4100
HAP1_chr04	HAP1_chr17	11	1745752	1932915	1828536	0.866078	0.954727	0.006770	False	46.5385
HAP1_chr04	HAP1_chr17	13	4776724	10773179	8215644	0.336103	0.581418	0.052842	False	1316.9985
HAP1_chr04	HAP1_chr17	15	2659241	17790903	12154666	0.097457	0.218784	0.115213	False	3555.4263
HAP1_chr04	HAP1_chr17	17	1579696	19778792	13222763	0.050274	0.119468	0.138010	False	8878.8232
HAP1_chr04	HAP1_chr17	19	1308583	20515672	13661444	0.039813	0.095787	0.135235	False	28932.6156
HAP1_chr04	HAP1_chr17	23	1103016	21366028	14203159	0.032003	0.077660	0.120882	False	375576.9646
HAP1_chr04	HAP1_chr18	11	1689089	1932915	1761652	0.842238	0.958810	0.008139	False	51.3243
HAP1_chr04	HAP1_chr18	13	4201161	10773179	7039081	0.308657	0.596834	0.057798	False	1291.2336
HAP1_chr04	HAP1_chr18	15	2297158	17790903	9893375	0.090485	0.232192	0.119736	False	3439.3612
HAP1_chr04	HAP1_chr18	17	1402681	19778792	10674911	0.048283	0.131400	0.140275	False	8790.1058
HAP1_chr04	HAP1_chr18	19	1170955	20515672	11026423	0.038555	0.106195	0.136861	False	28821.9952
HAP1_chr04	HAP1_chr18	23	982669	21366028	11490106	0.030830	0.085523	0.122455	False	372010.4676
HAP1_chr04	HAP1_chr19	11	1685713	1932915	1756593	0.841260	0.959649	0.008196	False	52.4095
HAP1_chr04	HAP1_chr19	13	4266681	10773179	7125681	0.312986	0.598775	0.056981	False	1308.2985
HAP1_chr04	HAP1_chr19	15	2338807	17790903	10112005	0.091488	0.231290	0.119063	False	3461.4099
HAP1_chr04	HAP1_chr19	17	1409017	19778792	10913586	0.048117	0.129107	0.140469	False	8729.9592
HAP1_chr04	HAP1_chr19	19	1168037	20515672	11252278	0.038171	0.103804	0.137368	False	28459.2502
HAP1_chr04	HAP1_chr19	23	975632	21366028	11676341	0.030425	0.083556	0.123014	False	366389.0629
HAP1_chr04	HAP1_chr20	11	1645940	1932915	1711472	0.823610	0.961710	0.009248	False	54.5405
HAP1_chr04	HAP1_chr20	13	3941442	10773179	6490457	0.295855	0.607267	0.060301	False	1286.8044
HAP1_chr04	HAP1_chr20	15	2121001	17790903	8988729	0.086015	0.235962	0.122840	False	3340.4481
HAP1_chr04	HAP1_chr20	17	1275212	19778792	9665961	0.045269	0.131928	0.143897	False	8398.6254
HAP1_chr04	HAP1_chr20	19	1057645	20515672	9964401	0.035947	0.106142	0.140415	False	27385.1534
HAP1_chr04	HAP1_chr20	23	887723	21366028	10349545	0.028796	0.085774	0.125337	False	354100.6914
HAP1_chr04	HAP1_chr21	11	1672343	1932915	1742327	0.834961	0.959833	0.008568	False	52.4490
HAP1_chr04	HAP1_chr21	13	4145554	10773179	6944609	0.305444	0.596946	0.058414	False	1283.0599
HAP1_chr04	HAP1_chr21	15	2184236	17790903	9781299	0.086034	0.223307	0.122826	False	3267.1902
HAP1_chr04	HAP1_chr21	17	1262250	19778792	10518678	0.043473	0.120001	0.146178	False	7955.1010
HAP1_chr04	HAP1_chr21	19	1031242	20515672	10816829	0.034033	0.095337	0.143197	False	25623.7175
HAP1_chr04	HAP1_chr21	23	857070	21366028	11173336	0.027052	0.076707	0.127980	False	329029.1928
HAP1_chr04	HAP1_chr22	11	1639150	1932915	1704026	0.820481	0.961928	0.009438	False	54.7177
HAP1_chr04	HAP1_chr22	13	3894278	10773179	6405553	0.293146	0.607953	0.060847	False	1281.4251
HAP1_chr04	HAP1_chr22	15	2083531	17790903	8841730	0.084872	0.235647	0.123662	False	3307.8784
HAP1_chr04	HAP1_chr22	17	1251493	19778792	9505777	0.044643	0.131656	0.144681	False	8311.2627
HAP1_chr04	HAP1_chr22	19	1039297	20515672	9805074	0.035493	0.105996	0.141060	False	27127.7794
HAP1_chr04	HAP1_chr22	23	872205	21366028	10195462	0.028421	0.085548	0.125892	False	350529.8765
HAP1_chr04	HAP1_chr23	11	1682357	1932915	1753511	0.839471	0.959422	0.008301	False	52.0502
HAP1_chr04	HAP1_chr23	13	4212763	10773179	7067544	0.309126	0.596072	0.057709	False	1290.2663
HAP1_chr04	HAP1_chr23	15	2250832	17790903	10003276	0.088118	0.225009	0.121359	False	3333.6284
HAP1_chr04	HAP1_chr23	17	1319263	19778792	10789591	0.045104	0.122272	0.144103	False	8212.3521
HAP1_chr04	HAP1_chr23	19	1083820	20515672	11123421	0.035471	0.097436	0.141092	False	26557.3155
HAP1_chr04	HAP1_chr23	23	903932	21366028	11537178	0.028249	0.078349	0.126149	False	341503.8501
HAP1_chr04	HAP1_chr24	11	1675712	1932915	1746189	0.836437	0.959640	0.008480	False	52.2408
HAP1_chr04	HAP1_chr24	13	4135457	10773179	6912850	0.305187	0.598228	0.058464	False	1286.0708
HAP1_chr04	HAP1_chr24	15	2209591	17790903	9670718	0.087502	0.228483	0.121789	False	3337.0787
HAP1_chr04	HAP1_chr24	17	1312355	19778792	10375760	0.045501	0.126483	0.143610	False	8335.9953
HAP1_chr04	HAP1_chr24	19	1082684	20515672	10659044	0.035979	0.101574	0.140369	False	27102.9110
HAP1_chr04	HAP1_chr24	23	899620	21366028	10997536	0.028592	0.081802	0.125638	False	348113.7580
HAP1_chr04	HAP1_chr25	11	1594155	1932915	1652760	0.800471	0.964541	0.010678	False	57.3878
HAP1_chr04	HAP1_chr25	13	3591673	10773179	5875803	0.275070	0.611265	0.064660	False	1241.4607
HAP1_chr04	HAP1_chr25	15	1820002	17790903	7878851	0.076311	0.230998	0.130222	False	3050.8859
HAP1_chr04	HAP1_chr25	17	1055111	19778792	8364267	0.038951	0.126145	0.152383	False	7464.1221
HAP1_chr04	HAP1_chr25	19	866168	20515672	8557390	0.030708	0.101219	0.148439	False	24199.2873
HAP1_chr04	HAP1_chr25	23	720621	21366028	8789357	0.024482	0.081988	0.132211	False	311916.3576
HAP1_chr04	HAP1_chr26	11	1622988	1932915	1686479	0.812955	0.962353	0.009899	False	55.0103
HAP1_chr04	HAP1_chr26	13	3713564	10773179	6131968	0.281510	0.605607	0.063268	False	1243.5077
HAP1_chr04	HAP1_chr26	15	1909635	17790903	8274002	0.079057	0.230799	0.128035	False	3123.3122
HAP1_chr04	HAP1_chr26	17	1126099	19778792	8799975	0.041020	0.127966	0.149456	False	7768.6450
HAP1_chr04	HAP1_chr26	19	928751	20515672	9008407	0.032479	0.103098	0.145578	False	25290.5393
HAP1_chr04	HAP1_chr26	23	773702	21366028	9253365	0.025923	0.083613	0.129785	False	326387.6554
HAP1_chr04	HAP2_chr01	11	1847277	1932915	1956191	0.904717	0.955695	0.004665	False	32.9797
HAP1_chr04	HAP2_chr01	13	6259754	10773179	11594047	0.388624	0.581050	0.044639	False	1315.0968
HAP1_chr04	HAP2_chr01	15	3792104	17790903	19936069	0.111747	0.213148	0.106954	False	3852.6807
HAP1_chr04	HAP2_chr01	17	2151006	19778792	22404348	0.053732	0.108753	0.134290	False	9243.3196
HAP1_chr04	HAP2_chr01	19	1741329	20515672	23312721	0.041374	0.084878	0.133289	False	29459.6527
HAP1_chr04	HAP2_chr01	23	1458528	21366028	24358453	0.032949	0.068264	0.119655	False	379226.3629
HAP1_chr04	HAP2_chr02	11	1848319	1932915	1944775	0.910784	0.956234	0.004347	False	41.7137
HAP1_chr04	HAP2_chr02	13	6797450	10773179	11207989	0.447680	0.630960	0.036961	False	1686.3450
HAP1_chr04	HAP2_chr02	15	5776758	17790903	18930484	0.186680	0.324703	0.077091	False	6501.5189
HAP1_chr04	HAP2_chr02	17	4388758	19778792	21212559	0.119903	0.221892	0.090657	False	19637.2076
HAP1_chr04	HAP2_chr02	19	3798648	20515672	22080660	0.097909	0.185158	0.090736	False	66108.6184
HAP1_chr04	HAP2_chr02	23	3117380	21366028	23100878	0.075391	0.145904	0.085418	False	832312.7606
HAP1_chr04	HAP2_chr03	11	1851796	1932915	1963081	0.905878	0.958033	0.004604	False	31.5603
HAP1_chr04	HAP2_chr03	13	6267702	10773179	11634879	0.388325	0.581788	0.044682	False	1310.1165
HAP1_chr04	HAP2_chr03	15	3788956	17790903	19905925	0.111743	0.212972	0.106956	False	3852.9506
HAP1_chr04	HAP2_chr03	17	2157387	19778792	22313308	0.054023	0.109076	0.133989	False	9291.2334
HAP1_chr04	HAP2_chr03	19	1744718	20515672	23191431	0.041578	0.085043	0.133041	False	29594.4958
HAP1_chr04	HAP2_chr03	23	1450884	21366028	24190163	0.032896	0.067906	0.119723	False	378548.8253
HAP1_chr04	HAP2_chr04	11	1926080	1932915	1937260	0.990733	0.996464	0.000424	False	105.1719
HAP1_chr04	HAP2_chr04	13	10591266	10773179	10898284	0.955873	0.983114	0.001755	False	3791.4465
HAP1_chr04	HAP2_chr04	15	17333164	17790903	18070854	0.935482	0.974271	0.002260	False	21624.9404
HAP1_chr04	HAP2_chr04	17	19184895	19778792	20103510	0.926923	0.969973	0.002274	False	88954.8013
HAP1_chr04	HAP2_chr04	19	19835146	20515672	20853426	0.921110	0.966829	0.002207	False	355459.8711
HAP1_chr04	HAP2_chr04	23	20541517	21366028	21714248	0.911386	0.961410	0.002064	False	5656826.3018
HAP1_chr04	HAP2_chr06	11	1768857	1932915	1856147	0.875583	0.952972	0.006240	False	44.3992
HAP1_chr04	HAP2_chr06	13	5107229	10773179	8915399	0.350258	0.572855	0.050480	False	1326.8145
HAP1_chr04	HAP2_chr06	15	2870025	17790903	13659620	0.100419	0.210110	0.113397	False	3593.0219
HAP1_chr04	HAP2_chr06	17	1654309	19778792	14950852	0.050016	0.110650	0.138298	False	8730.6374
HAP1_chr04	HAP2_chr06	19	1348385	20515672	15462891	0.038937	0.087201	0.136362	False	28017.9625
HAP1_chr04	HAP2_chr06	23	1118609	21366028	16092268	0.030782	0.069512	0.122522	False	357831.7667
HAP1_chr04	HAP2_chr09	11	1751630	1932915	1835654	0.868460	0.954227	0.006636	False	45.9235
HAP1_chr04	HAP2_chr09	13	4858234	10773179	8400787	0.339363	0.578307	0.052287	False	1315.8416
HAP1_chr04	HAP2_chr09	15	2667945	17790903	12520506	0.096513	0.213086	0.115805	False	3497.7894
HAP1_chr04	HAP2_chr09	17	1543058	19778792	13598702	0.048471	0.113471	0.140057	False	8543.2914
HAP1_chr04	HAP2_chr09	19	1265727	20515672	14008836	0.038057	0.090352	0.137520	False	27633.3140
HAP1_chr04	HAP2_chr09	23	1063227	21366028	14488605	0.030560	0.073384	0.122827	False	358444.6663
HAP1_chr04	HAP2_chr08	11	1764887	1932915	1850664	0.874273	0.953651	0.006312	False	45.2947
HAP1_chr04	HAP2_chr08	13	5071288	10773179	8796322	0.349787	0.576524	0.050556	False	1337.1279
HAP1_chr04	HAP2_chr08	15	2869014	17790903	13405860	0.101279	0.214012	0.112880	False	3637.9684
HAP1_chr04	HAP2_chr08	17	1682777	19778792	14664144	0.051367	0.114755	0.136807	False	8974.0918
HAP1_chr04	HAP2_chr08	19	1379770	20515672	15167024	0.040223	0.090972	0.134716	False	28950.4527
HAP1_chr04	HAP2_chr08	23	1146374	21366028	15783256	0.031841	0.072632	0.121095	False	370286.0936
HAP1_chr04	HAP2_chr11	11	1784356	1932915	1875256	0.881679	0.951527	0.005904	False	42.5648
HAP1_chr04	HAP2_chr11	13	5344817	10773179	9396976	0.360519	0.568781	0.048841	False	1340.1363
HAP1_chr04	HAP2_chr11	15	3082106	17790903	14824614	0.104360	0.207905	0.111069	False	3696.4584
HAP1_chr04	HAP2_chr11	17	1782562	19778792	16402565	0.051820	0.108676	0.136314	False	8978.0780
HAP1_chr04	HAP2_chr11	19	1454593	20515672	17052685	0.040278	0.085300	0.134647	False	28780.3779
HAP1_chr04	HAP2_chr11	23	1215110	21366028	17855262	0.031971	0.068053	0.120923	False	369012.9538
HAP1_chr04	HAP2_chr12	11	1816568	1932915	1916305	0.893694	0.947953	0.005252	False	37.8760
HAP1_chr04	HAP2_chr12	13	5639006	10773179	10157744	0.368757	0.555144	0.047567	False	1316.6242
HAP1_chr04	HAP2_chr12	15	3235807	17790903	16248346	0.105047	0.199147	0.110673	False	3675.9654
HAP1_chr04	HAP2_chr12	17	1851516	19778792	17907770	0.051668	0.103392	0.136480	False	8914.9850
HAP1_chr04	HAP2_chr12	19	1513261	20515672	18511531	0.040339	0.081747	0.134571	False	28734.9842
HAP1_chr04	HAP2_chr12	23	1276694	21366028	19196363	0.032498	0.066507	0.120236	False	373926.6174
HAP1_chr04	HAP2_chr13	11	1699967	1932915	1773388	0.847299	0.958598	0.007844	False	51.2020
HAP1_chr04	HAP2_chr13	13	4432942	10773179	7463531	0.321140	0.593947	0.055479	False	1315.6758
HAP1_chr04	HAP2_chr13	15	2418010	17790903	10811655	0.092345	0.223648	0.118494	False	3441.1257
HAP1_chr04	HAP2_chr13	17	1411478	19778792	11714892	0.046921	0.120486	0.141882	False	8429.8542
HAP1_chr04	HAP2_chr13	19	1156873	20515672	12084487	0.036792	0.095732	0.139234	False	27196.0553
HAP1_chr04	HAP2_chr13	23	966538	21366028	12533334	0.029349	0.077117	0.124534	False	350344.4263
HAP1_chr04	HAP2_chr05	11	1824989	1932915	1927047	0.896812	0.947039	0.005085	False	36.6600
HAP1_chr04	HAP2_chr05	13	5851698	10773179	10709499	0.374365	0.546403	0.046721	False	1301.4269
HAP1_chr04	HAP2_chr05	15	3291780	17790903	17601194	0.102547	0.187020	0.112128	False	3546.4610
HAP1_chr04	HAP2_chr05	17	1753835	19778792	19429478	0.046826	0.090267	0.141996	False	8080.3717
HAP1_chr04	HAP2_chr05	19	1374817	20515672	20016096	0.035110	0.068686	0.141611	False	25097.0337
HAP1_chr04	HAP2_chr05	23	1114008	21366028	20608717	0.027264	0.054055	0.127650	False	314898.7660
HAP1_chr04	HAP2_chr10	11	1800184	1932915	1895187	0.887701	0.949871	0.005576	False	40.4170
HAP1_chr04	HAP2_chr10	13	5461566	10773179	9712491	0.363520	0.562324	0.048373	False	1326.9371
HAP1_chr04	HAP2_chr10	15	3119619	17790903	15325642	0.103998	0.203556	0.111278	False	3664.8750
HAP1_chr04	HAP2_chr10	17	1786442	19778792	16850568	0.051271	0.106017	0.136910	False	8872.3856
HAP1_chr04	HAP2_chr10	19	1451821	20515672	17412284	0.039802	0.083379	0.135249	False	28426.2158
HAP1_chr04	HAP2_chr10	23	1207441	21366028	18052398	0.031599	0.066885	0.121417	False	364676.2931
HAP1_chr04	HAP2_chr14	11	1782263	1932915	1872511	0.880929	0.951804	0.005945	False	42.9287
HAP1_chr04	HAP2_chr14	13	5286812	10773179	9287321	0.357853	0.569250	0.049261	False	1334.8218
HAP1_chr04	HAP2_chr14	15	3002084	17790903	14504228	0.102485	0.206980	0.112164	False	3636.9508
HAP1_chr04	HAP2_chr14	17	1719304	19778792	15955961	0.050545	0.107753	0.137709	False	8778.1964
HAP1_chr04	HAP2_chr14	19	1397805	20515672	16521915	0.039220	0.084603	0.135994	False	28097.1009
HAP1_chr04	HAP2_chr14	23	1165229	21366028	17192812	0.031161	0.067774	0.122005	False	360617.6194
HAP1_chr04	HAP2_chr15	11	1724820	1932915	1801610	0.858245	0.957377	0.007214	False	49.9001
HAP1_chr04	HAP2_chr15	13	4681663	10773179	7922995	0.334058	0.590896	0.053194	False	1340.4102
HAP1_chr04	HAP2_chr15	15	2668262	17790903	11716993	0.099415	0.227726	0.114006	False	3658.9746
HAP1_chr04	HAP2_chr15	17	1609515	19778792	12776868	0.052010	0.125971	0.136110	False	9212.2602
HAP1_chr04	HAP2_chr15	19	1329283	20515672	13220548	0.041018	0.100547	0.133726	False	29878.5514
HAP1_chr04	HAP2_chr15	23	1104422	21366028	13763461	0.032459	0.080243	0.120286	False	382015.4610
HAP1_chr04	HAP2_chr18	11	1682523	1932915	1754152	0.839354	0.959166	0.008308	False	51.7066
HAP1_chr04	HAP2_chr18	13	4153299	10773179	6943926	0.306205	0.598120	0.058268	False	1288.4569
HAP1_chr04	HAP2_chr18	15	2263546	17790903	9721359	0.089650	0.232843	0.120303	False	3420.4802
HAP1_chr04	HAP2_chr18	17	1380211	19778792	10474208	0.047803	0.131772	0.140836	False	8732.2087
HAP1_chr04	HAP2_chr18	19	1150694	20515672	10808975	0.038135	0.106457	0.137415	False	28606.8644
HAP1_chr04	HAP2_chr18	23	963484	21366028	11244443	0.030445	0.085685	0.122986	False	368710.4625
HAP1_chr04	HAP2_chr16	11	1783292	1932915	1875396	0.880630	0.950888	0.005962	False	41.6558
HAP1_chr04	HAP2_chr16	13	5185230	10773179	9231562	0.349892	0.561685	0.050539	False	1290.2414
HAP1_chr04	HAP2_chr16	15	2756527	17790903	14170650	0.094385	0.194524	0.117161	False	3337.3016
HAP1_chr04	HAP2_chr16	17	1473104	19778792	15390938	0.043717	0.095712	0.145863	False	7636.9573
HAP1_chr04	HAP2_chr16	19	1162134	20515672	15784249	0.033074	0.073626	0.144653	False	23893.2321
HAP1_chr04	HAP2_chr16	23	945235	21366028	16190750	0.025818	0.058381	0.129958	False	301449.6606
HAP1_chr04	HAP2_chr17	11	1747373	1932915	1830609	0.866688	0.954531	0.006736	False	46.2892
HAP1_chr04	HAP2_chr17	13	4781911	10773179	8240648	0.335999	0.580283	0.052860	False	1313.2524
HAP1_chr04	HAP2_chr17	15	2646426	17790903	12197774	0.096789	0.216960	0.115631	False	3526.7348
HAP1_chr04	HAP2_chr17	17	1560602	19778792	13269618	0.049562	0.117607	0.138809	False	8753.2813
HAP1_chr04	HAP2_chr17	19	1288826	20515672	13709289	0.039131	0.094011	0.136109	False	28445.1840
HAP1_chr04	HAP2_chr17	23	1083417	21366028	14252006	0.031372	0.076019	0.121721	False	368270.7143
HAP1_chr04	HAP2_chr07	11	1687673	1932915	1758901	0.842092	0.959504	0.008147	False	52.2437
HAP1_chr04	HAP2_chr07	13	4325504	10773179	7240106	0.316012	0.597437	0.056418	False	1312.4043
HAP1_chr04	HAP2_chr07	15	2391095	17790903	10421927	0.092600	0.229429	0.118325	False	3481.0528
HAP1_chr04	HAP2_chr07	17	1432843	19778792	11338838	0.048269	0.126366	0.140292	False	8706.0864
HAP1_chr04	HAP2_chr07	19	1184628	20515672	11754937	0.038108	0.100777	0.137452	False	28238.4030
HAP1_chr04	HAP2_chr07	23	989374	21366028	12293816	0.030283	0.080477	0.123210	False	362098.6183
HAP1_chr04	HAP2_chr19	11	1636599	1932915	1700238	0.819712	0.962571	0.009485	False	55.5298
HAP1_chr04	HAP2_chr19	13	3866583	10773179	6349723	0.291678	0.608937	0.061146	False	1280.2038
HAP1_chr04	HAP2_chr19	15	2075002	17790903	8710089	0.084951	0.238230	0.123605	False	3325.0261
HAP1_chr04	HAP2_chr19	17	1256563	19778792	9328904	0.045117	0.134696	0.144087	False	8427.0539
HAP1_chr04	HAP2_chr19	19	1045139	20515672	9592131	0.035962	0.108958	0.140394	False	27582.4706
HAP1_chr04	HAP2_chr19	23	876049	21366028	9920765	0.028807	0.088305	0.125321	False	356915.8514
HAP1_chr04	HAP2_chr20	11	1642711	1932915	1707604	0.822257	0.961998	0.009330	False	54.8701
HAP1_chr04	HAP2_chr20	13	3919564	10773179	6447496	0.294679	0.607920	0.060537	False	1285.4653
HAP1_chr04	HAP2_chr20	15	2105105	17790903	8910664	0.085586	0.236246	0.123147	False	3330.5566
HAP1_chr04	HAP2_chr20	17	1265094	19778792	9575366	0.045039	0.132120	0.144185	False	8371.5259
HAP1_chr04	HAP2_chr20	19	1049535	20515672	9867294	0.035779	0.106365	0.140652	False	27308.6372
HAP1_chr04	HAP2_chr20	23	881038	21366028	10242168	0.028673	0.086021	0.125518	False	353271.5247
HAP1_chr04	HAP2_chr22	11	1609551	1932915	1670517	0.807245	0.963505	0.010253	False	56.2999
HAP1_chr04	HAP2_chr22	13	3700396	10773179	6040646	0.282184	0.612583	0.063124	False	1264.4705
HAP1_chr04	HAP2_chr22	15	1949130	17790903	8216329	0.081018	0.237226	0.126523	False	3213.6075
HAP1_chr04	HAP2_chr22	17	1160586	19778792	8800212	0.042329	0.131882	0.147682	False	8010.8090
HAP1_chr04	HAP2_chr22	19	957604	20515672	9060039	0.033461	0.105695	0.144059	False	26002.7444
HAP1_chr04	HAP2_chr22	23	795470	21366028	9392238	0.026549	0.084694	0.128775	False	333080.4578
HAP1_chr04	HAP2_chr21	11	1670758	1932915	1740450	0.834292	0.959957	0.008608	False	52.5918
HAP1_chr04	HAP2_chr21	13	4134890	10773179	6927352	0.304806	0.596893	0.058537	False	1281.2217
HAP1_chr04	HAP2_chr21	15	2171590	17790903	9749738	0.085600	0.222733	0.123137	False	3252.0660
HAP1_chr04	HAP2_chr21	17	1251051	19778792	10481481	0.043126	0.119358	0.146630	False	7897.6674
HAP1_chr04	HAP2_chr21	19	1020575	20515672	10776712	0.033714	0.094702	0.143677	False	25405.5586
HAP1_chr04	HAP2_chr21	23	846572	21366028	11129001	0.026749	0.076069	0.128457	False	325645.7004
HAP1_chr04	HAP2_chr23	11	1671167	1932915	1740516	0.834639	0.960156	0.008587	False	52.8657
HAP1_chr04	HAP2_chr23	13	4139901	10773179	6913236	0.305606	0.598837	0.058383	False	1288.9346
HAP1_chr04	HAP2_chr23	15	2209922	17790903	9735989	0.087290	0.226985	0.121937	False	3322.6486
HAP1_chr04	HAP2_chr23	17	1298270	19778792	10491711	0.044811	0.123742	0.144470	False	8197.4652
HAP1_chr04	HAP2_chr23	19	1066322	20515672	10813251	0.035236	0.098613	0.141430	False	26501.1291
HAP1_chr04	HAP2_chr23	23	886704	21366028	11210512	0.027981	0.079096	0.126552	False	339840.8765
HAP1_chr04	HAP2_chr24	11	1676413	1932915	1746750	0.836846	0.959733	0.008456	False	52.3774
HAP1_chr04	HAP2_chr24	13	4148755	10773179	6932666	0.306021	0.598436	0.058303	False	1288.8803
HAP1_chr04	HAP2_chr24	15	2221977	17790903	9710842	0.087895	0.228814	0.121514	False	3349.6677
HAP1_chr04	HAP2_chr24	17	1321701	19778792	10421673	0.045767	0.126822	0.143282	False	8377.2629
HAP1_chr04	HAP2_chr24	19	1091354	20515672	10707211	0.036220	0.101927	0.140031	False	27258.5672
HAP1_chr04	HAP2_chr24	23	907928	21366028	11048947	0.028817	0.082173	0.125307	False	350510.2809
HAP1_chr04	HAP2_chr25	11	1593479	1932915	1652327	0.800034	0.964385	0.010705	False	57.1709
HAP1_chr04	HAP2_chr25	13	3579608	10773179	5856933	0.274289	0.611174	0.064832	False	1239.0788
HAP1_chr04	HAP2_chr25	15	1812305	17790903	7847891	0.076063	0.230929	0.130424	False	3043.8165
HAP1_chr04	HAP2_chr25	17	1049943	19778792	8334301	0.038796	0.125979	0.152609	False	7440.7204
HAP1_chr04	HAP2_chr25	19	860645	20515672	8530821	0.030535	0.100887	0.148728	False	24082.2814
HAP1_chr04	HAP2_chr25	23	712292	21366028	8768493	0.024209	0.081233	0.132687	False	308677.7643
HAP1_chr04	HAP2_chr26	11	1628167	1932915	1692364	0.815261	0.962067	0.009757	False	54.7183
HAP1_chr04	HAP2_chr26	13	3742744	10773179	6190440	0.283094	0.604601	0.062931	False	1245.0026
HAP1_chr04	HAP2_chr26	15	1922927	17790903	8368839	0.079339	0.229772	0.127815	False	3124.8373
HAP1_chr04	HAP2_chr26	17	1131693	19778792	8904372	0.041076	0.127094	0.149379	False	7760.3588
HAP1_chr04	HAP2_chr26	19	933395	20515672	9117717	0.032522	0.102372	0.145510	False	25263.9203
HAP1_chr04	HAP2_chr26	23	778777	21366028	9371550	0.025995	0.083100	0.129668	False	326450.4230
HAP1_chr05	HAP1_chr06	11	1770790	1929544	1862023	0.876292	0.951003	0.006201	False	43.9937
HAP1_chr05	HAP1_chr06	13	5105421	10753558	9019674	0.348070	0.566032	0.050837	False	1302.6729
HAP1_chr05	HAP1_chr06	15	2745842	17707643	13871743	0.095231	0.197945	0.116618	False	3383.0141
HAP1_chr05	HAP1_chr06	17	1486489	19569396	15203134	0.044658	0.097775	0.144663	False	7801.2190
HAP1_chr05	HAP1_chr06	19	1178678	20182458	15738727	0.033926	0.074890	0.143357	False	24469.5429
HAP1_chr05	HAP1_chr06	23	958959	20826870	16408075	0.026435	0.058444	0.128957	False	307701.5783
HAP1_chr05	HAP1_chr07	11	1706640	1929544	1784793	0.850049	0.956212	0.007684	False	50.3258
HAP1_chr05	HAP1_chr07	13	4464485	10753558	7637316	0.320577	0.584562	0.055581	False	1289.1589
HAP1_chr05	HAP1_chr07	15	2364005	17707643	11192427	0.089086	0.211215	0.120689	False	3283.2313
HAP1_chr05	HAP1_chr07	17	1323651	19569396	12230946	0.043432	0.108221	0.146232	False	7762.6449
HAP1_chr05	HAP1_chr07	19	1067093	20182458	12703966	0.033536	0.083997	0.143946	False	24662.6980
HAP1_chr05	HAP1_chr07	23	883030	20826870	13324187	0.026543	0.066273	0.128784	False	314422.8639
HAP1_chr05	HAP1_chr08	11	1768002	1929544	1858305	0.875315	0.951406	0.006255	False	44.5216
HAP1_chr05	HAP1_chr08	13	5072024	10753558	8947896	0.346700	0.566840	0.051062	False	1301.7497
HAP1_chr05	HAP1_chr08	15	2718522	17707643	13720128	0.094692	0.198141	0.116964	False	3368.4764
HAP1_chr05	HAP1_chr08	17	1474353	19569396	15032264	0.044506	0.098079	0.144855	False	7781.9553
HAP1_chr05	HAP1_chr08	19	1169083	20182458	15558722	0.033816	0.075140	0.143523	False	24410.5014
HAP1_chr05	HAP1_chr08	23	952597	20826870	16207280	0.026401	0.058776	0.129011	False	307547.8302
HAP1_chr05	HAP1_chr09	11	1813134	1929544	1914774	0.892649	0.946918	0.005308	False	38.7190
HAP1_chr05	HAP1_chr09	13	5660566	10753558	10281492	0.368179	0.550559	0.047655	False	1303.1717
HAP1_chr05	HAP1_chr09	15	3131848	17707643	16671392	0.100228	0.187858	0.113512	False	3481.9344
HAP1_chr05	HAP1_chr09	17	1663749	19569396	18461438	0.045749	0.090120	0.143305	False	7907.5409
HAP1_chr05	HAP1_chr09	19	1312227	20182458	19130088	0.034532	0.068595	0.142456	False	24705.1589
HAP1_chr05	HAP1_chr09	23	1080735	20826870	19900010	0.027260	0.054308	0.127657	False	314884.1024
HAP1_chr05	HAP1_chr10	11	1799513	1929544	1897841	0.887390	0.948190	0.005593	False	40.3736
HAP1_chr05	HAP1_chr10	13	5430058	10753558	9766088	0.359855	0.556012	0.048945	False	1300.1889
HAP1_chr05	HAP1_chr10	15	2963928	17707643	15448533	0.098169	0.191858	0.114771	False	3438.3825
HAP1_chr05	HAP1_chr10	17	1586818	19569396	17004832	0.045354	0.093316	0.143792	False	7865.2562
HAP1_chr05	HAP1_chr10	19	1251151	20182458	17586104	0.034262	0.071144	0.142856	False	24569.4514
HAP1_chr05	HAP1_chr10	23	1019611	20826870	18258702	0.026785	0.055842	0.128399	False	310140.0536
HAP1_chr05	HAP1_chr11	11	1779314	1929544	1872099	0.879834	0.950438	0.006005	False	43.3062
HAP1_chr05	HAP1_chr11	13	5257913	10753558	9326903	0.354724	0.563736	0.049759	False	1312.2898
HAP1_chr05	HAP1_chr11	15	2876452	17707643	14671173	0.097499	0.196061	0.115187	False	3439.4065
HAP1_chr05	HAP1_chr11	17	1551136	19569396	16214000	0.045312	0.095666	0.143844	False	7878.5028
HAP1_chr05	HAP1_chr11	19	1227923	20182458	16845289	0.034300	0.072894	0.142800	False	24639.0532
HAP1_chr05	HAP1_chr11	23	1007792	20826870	17621694	0.026917	0.057190	0.128192	False	312036.5612
HAP1_chr05	HAP1_chr12	11	1813620	1929544	1915799	0.892651	0.946665	0.005308	False	38.3644
HAP1_chr05	HAP1_chr12	13	5582661	10753558	10153789	0.364292	0.549811	0.048253	False	1290.8419
HAP1_chr05	HAP1_chr12	15	3035169	17707643	16247040	0.098164	0.186814	0.114774	False	3414.1644
HAP1_chr05	HAP1_chr12	17	1598303	19569396	17909288	0.044545	0.089244	0.144805	False	7710.7354
HAP1_chr05	HAP1_chr12	19	1255998	20182458	18511755	0.033549	0.067849	0.143927	False	24037.6534
HAP1_chr05	HAP1_chr12	23	1033726	20826870	19189942	0.026517	0.053868	0.128825	False	306709.1523
HAP1_chr05	HAP1_chr13	11	1781507	1929544	1875135	0.880551	0.950069	0.005966	False	42.8140
HAP1_chr05	HAP1_chr13	13	5255991	10753558	9343819	0.354144	0.562510	0.049852	False	1306.8578
HAP1_chr05	HAP1_chr13	15	2866553	17707643	14682039	0.097095	0.195242	0.115439	False	3423.3935
HAP1_chr05	HAP1_chr13	17	1539924	19569396	16239991	0.044936	0.094823	0.144314	False	7813.5976
HAP1_chr05	HAP1_chr13	19	1216292	20182458	16884360	0.033927	0.072037	0.143356	False	24376.8299
HAP1_chr05	HAP1_chr13	23	996647	20826870	17677470	0.026572	0.056380	0.128738	False	308098.5462
HAP1_chr05	HAP1_chr14	11	1778258	1929544	1871130	0.879274	0.950366	0.006036	False	43.1920
HAP1_chr05	HAP1_chr14	13	5210551	10753558	9262991	0.351922	0.562513	0.050210	False	1301.2085
HAP1_chr05	HAP1_chr14	15	2804386	17707643	14456692	0.095517	0.193985	0.116435	False	3370.7070
HAP1_chr05	HAP1_chr14	17	1488392	19569396	15903532	0.043796	0.093589	0.145760	False	7629.1152
HAP1_chr05	HAP1_chr14	19	1169276	20182458	16468416	0.032954	0.071001	0.144837	False	23727.9305
HAP1_chr05	HAP1_chr14	23	952782	20826870	17136388	0.025744	0.055600	0.130080	False	299152.1828
HAP1_chr05	HAP1_chr15	11	1766091	1929544	1855173	0.874898	0.951982	0.006278	False	45.3022
HAP1_chr05	HAP1_chr15	13	5056314	10753558	8874233	0.347001	0.569775	0.051012	False	1311.8243
HAP1_chr05	HAP1_chr15	15	2743813	17707643	13573555	0.096148	0.202144	0.116035	False	3431.6384
HAP1_chr05	HAP1_chr15	17	1507288	19569396	14867839	0.045773	0.101379	0.143275	False	8005.8565
HAP1_chr05	HAP1_chr15	19	1196954	20182458	15377188	0.034833	0.077840	0.142015	False	25141.2465
HAP1_chr05	HAP1_chr15	23	970801	20826870	15979423	0.027090	0.060753	0.127920	False	315651.8480
HAP1_chr05	HAP1_chr16	11	1781143	1929544	1875435	0.880083	0.949723	0.005992	False	42.3234
HAP1_chr05	HAP1_chr16	13	5162061	10753558	9236754	0.348123	0.558861	0.050828	False	1279.7591
HAP1_chr05	HAP1_chr16	15	2658924	17707643	14181284	0.090966	0.187495	0.119413	False	3203.8724
HAP1_chr05	HAP1_chr16	17	1345442	19569396	15402512	0.040011	0.087352	0.150863	False	6995.1741
HAP1_chr05	HAP1_chr16	19	1032057	20182458	15797116	0.029532	0.065332	0.150434	False	21379.8872
HAP1_chr05	HAP1_chr16	23	823783	20826870	16206423	0.022750	0.050831	0.135327	False	265966.5882
HAP1_chr05	HAP1_chr17	11	1742784	1929544	1828536	0.864778	0.953103	0.006843	False	46.5570
HAP1_chr05	HAP1_chr17	13	4715660	10753558	8215644	0.330841	0.573985	0.053752	False	1283.5276
HAP1_chr05	HAP1_chr17	15	2471143	17707643	12154666	0.090217	0.203308	0.119918	False	3269.6765
HAP1_chr05	HAP1_chr17	17	1352426	19569396	13222763	0.043016	0.102280	0.146773	False	7618.6115
HAP1_chr05	HAP1_chr17	19	1083020	20182458	13661444	0.033058	0.079276	0.144677	False	24135.1972
HAP1_chr05	HAP1_chr17	23	895498	20826870	14203159	0.026234	0.063049	0.129280	False	308838.1681
HAP1_chr05	HAP1_chr18	11	1686228	1929544	1761652	0.841025	0.957186	0.008210	False	51.3461
HAP1_chr05	HAP1_chr18	13	4149445	10753558	7039081	0.304140	0.589487	0.058666	False	1260.7193
HAP1_chr05	HAP1_chr18	15	2144483	17707643	9893375	0.084241	0.216759	0.124120	False	3182.8534
HAP1_chr05	HAP1_chr18	17	1224109	19569396	10674911	0.042181	0.114672	0.147879	False	7693.5929
HAP1_chr05	HAP1_chr18	19	994803	20182458	11026423	0.032925	0.090220	0.144882	False	24681.9914
HAP1_chr05	HAP1_chr18	23	821152	20826870	11490106	0.026072	0.071466	0.129543	False	314862.4276
HAP1_chr05	HAP1_chr19	11	1682384	1929544	1756593	0.839616	0.957754	0.008293	False	52.0577
HAP1_chr05	HAP1_chr19	13	4202829	10753558	7125681	0.307305	0.589814	0.058057	False	1269.9955
HAP1_chr05	HAP1_chr19	15	2158401	17707643	10112005	0.084111	0.213449	0.124215	False	3159.8708
HAP1_chr05	HAP1_chr19	17	1200845	19569396	10913586	0.041009	0.110032	0.149470	False	7458.0128
HAP1_chr05	HAP1_chr19	19	961614	20182458	11252278	0.031556	0.085459	0.147048	False	23615.7392
HAP1_chr05	HAP1_chr19	23	785572	20826870	11676341	0.024768	0.067279	0.131719	False	298807.6342
HAP1_chr05	HAP1_chr20	11	1643531	1929544	1711472	0.822800	0.960303	0.009297	False	54.8607
HAP1_chr05	HAP1_chr20	13	3888646	10753558	6490457	0.291167	0.599133	0.061251	False	1254.0026
HAP1_chr05	HAP1_chr20	15	1973858	17707643	8988729	0.079841	0.219593	0.127426	False	3080.6152
HAP1_chr05	HAP1_chr20	17	1105185	19569396	9665961	0.039288	0.114338	0.151895	False	7299.2461
HAP1_chr05	HAP1_chr20	19	891989	20182458	9964401	0.030490	0.089518	0.148802	False	23280.3111
HAP1_chr05	HAP1_chr20	23	736506	20826870	10349545	0.024195	0.071163	0.132711	False	297560.2723
HAP1_chr05	HAP1_chr21	11	1670200	1929544	1742327	0.834403	0.958603	0.008601	False	53.0143
HAP1_chr05	HAP1_chr21	13	4107923	10753558	6944609	0.302270	0.591527	0.059030	False	1261.7275
HAP1_chr05	HAP1_chr21	15	2078254	17707643	9781299	0.081787	0.212472	0.125941	False	3090.9429
HAP1_chr05	HAP1_chr21	17	1134110	19569396	10518678	0.039169	0.107819	0.152067	False	7171.4333
HAP1_chr05	HAP1_chr21	19	903326	20182458	10816829	0.030015	0.083511	0.149605	False	22625.4945
HAP1_chr05	HAP1_chr21	23	736745	20826870	11173336	0.023566	0.065938	0.133831	False	286473.7072
HAP1_chr05	HAP1_chr22	11	1636813	1929544	1704026	0.819736	0.960556	0.009483	False	55.0866
HAP1_chr05	HAP1_chr22	13	3851097	10753558	6405553	0.289382	0.601212	0.061617	False	1255.0700
HAP1_chr05	HAP1_chr22	15	1971608	17707643	8841730	0.080219	0.222989	0.127134	False	3110.9300
HAP1_chr05	HAP1_chr22	17	1116686	19569396	9505777	0.039941	0.117474	0.150963	False	7441.1230
HAP1_chr05	HAP1_chr22	19	903675	20182458	9805074	0.031071	0.092164	0.147838	False	23777.2815
HAP1_chr05	HAP1_chr22	23	743812	20826870	10195462	0.024566	0.072955	0.132066	False	302774.3644
HAP1_chr05	HAP1_chr23	11	1680006	1929544	1753511	0.838724	0.958081	0.008345	False	52.4638
HAP1_chr05	HAP1_chr23	13	4169997	10753558	7067544	0.305470	0.590021	0.058409	False	1265.7729
HAP1_chr05	HAP1_chr23	15	2124885	17707643	10003276	0.083049	0.212419	0.124997	False	3124.8913
HAP1_chr05	HAP1_chr23	17	1172146	19569396	10789591	0.040160	0.108637	0.150653	False	7319.4959
HAP1_chr05	HAP1_chr23	19	939531	20182458	11123421	0.030940	0.084464	0.148054	False	23206.2043
HAP1_chr05	HAP1_chr23	23	772693	20826870	11537178	0.024459	0.066974	0.132251	False	295676.1143
HAP1_chr05	HAP1_chr24	11	1672902	1929544	1746189	0.835269	0.958030	0.008550	False	52.2839
HAP1_chr05	HAP1_chr24	13	4092389	10753558	6912850	0.301487	0.591997	0.059184	False	1261.0242
HAP1_chr05	HAP1_chr24	15	2078658	17707643	9670718	0.082161	0.214944	0.125659	False	3115.7379
HAP1_chr05	HAP1_chr24	17	1153525	19569396	10375760	0.040065	0.111175	0.150788	False	7349.0523
HAP1_chr05	HAP1_chr24	19	922137	20182458	10659044	0.030821	0.086512	0.148251	False	23268.3940
HAP1_chr05	HAP1_chr24	23	747098	20826870	10997536	0.024040	0.067933	0.132985	False	292812.0821
HAP1_chr05	HAP1_chr25	11	1592351	1929544	1652760	0.800195	0.963450	0.010695	False	58.1293
HAP1_chr05	HAP1_chr25	13	3563761	10753558	5875803	0.272759	0.606515	0.065170	False	1224.7563
HAP1_chr05	HAP1_chr25	15	1731121	17707643	7878851	0.072567	0.219717	0.133343	False	2886.0929
HAP1_chr05	HAP1_chr25	17	948573	19569396	8364267	0.035152	0.113408	0.158205	False	6733.6408
HAP1_chr05	HAP1_chr25	19	760642	20182458	8557390	0.027186	0.088887	0.154670	False	21421.9725
HAP1_chr05	HAP1_chr25	23	623823	20826870	8789357	0.021517	0.070975	0.137698	False	273490.4135
HAP1_chr05	HAP1_chr26	11	1621210	1929544	1686479	0.812713	0.961299	0.009914	False	55.8072
HAP1_chr05	HAP1_chr26	13	3683433	10753558	6131968	0.279004	0.600693	0.063805	False	1225.7057
HAP1_chr05	HAP1_chr26	15	1815056	17707643	8274002	0.075106	0.219369	0.131208	False	2952.0556
HAP1_chr05	HAP1_chr26	17	1012045	19569396	8799975	0.036994	0.115005	0.155305	False	7006.0930
HAP1_chr05	HAP1_chr26	19	817431	20182458	9008407	0.028810	0.090741	0.151700	False	22438.3854
HAP1_chr05	HAP1_chr26	23	674051	20826870	9253365	0.022922	0.072844	0.135007	False	288006.4943
HAP1_chr05	HAP2_chr01	11	1854651	1929544	1956191	0.913134	0.961186	0.004224	False	40.8488
HAP1_chr05	HAP2_chr01	13	6986461	10753558	11594047	0.454814	0.649688	0.036123	False	1696.8126
HAP1_chr05	HAP2_chr01	15	6022146	17707643	19936069	0.190444	0.340087	0.075972	False	6615.6362
HAP1_chr05	HAP2_chr01	17	4550782	19569396	22404348	0.121604	0.232546	0.089918	False	19917.1673
HAP1_chr05	HAP2_chr01	19	3913586	20182458	23312721	0.098874	0.193910	0.090266	False	66829.1944
HAP1_chr05	HAP2_chr01	23	3180956	20826870	24358453	0.075729	0.152733	0.085237	False	837710.0798
HAP1_chr05	HAP2_chr02	11	1836228	1929544	1944775	0.900955	0.951638	0.004864	False	35.0482
HAP1_chr05	HAP2_chr02	13	6042073	10753558	11207989	0.379540	0.561867	0.045954	False	1292.7761
HAP1_chr05	HAP2_chr02	15	3440437	17707643	18930484	0.103635	0.194291	0.111490	False	3563.8083
HAP1_chr05	HAP2_chr02	17	1820117	19569396	21212559	0.046715	0.093008	0.142129	False	8059.7614
HAP1_chr05	HAP2_chr02	19	1429477	20182458	22080660	0.035007	0.070828	0.141761	False	25046.8325
HAP1_chr05	HAP2_chr02	23	1176349	20826870	23100878	0.027516	0.056482	0.127260	False	318111.8119
HAP1_chr05	HAP2_chr03	11	1848792	1929544	1963081	0.904571	0.958150	0.004673	False	31.7006
HAP1_chr05	HAP2_chr03	13	6213036	10753558	11634879	0.384104	0.577766	0.045288	False	1286.5248
HAP1_chr05	HAP2_chr03	15	3598211	17707643	19905925	0.105782	0.203201	0.110252	False	3630.4026
HAP1_chr05	HAP2_chr03	17	1921326	19569396	22313308	0.048080	0.098180	0.140512	False	8296.2182
HAP1_chr05	HAP2_chr03	19	1511678	20182458	23191431	0.036111	0.074901	0.140184	False	25845.4385
HAP1_chr05	HAP2_chr03	23	1239898	20826870	24190163	0.028323	0.059534	0.126038	False	327660.7688
HAP1_chr05	HAP2_chr04	11	1829979	1929544	1937260	0.898447	0.948400	0.004998	False	35.6145
HAP1_chr05	HAP2_chr04	13	5917169	10753558	10898284	0.376059	0.550252	0.046468	False	1297.2918
HAP1_chr05	HAP2_chr04	15	3343628	17707643	18070854	0.103087	0.188824	0.111810	False	3558.9190
HAP1_chr05	HAP2_chr04	17	1783060	19569396	20103510	0.047059	0.091115	0.141717	False	8117.7421
HAP1_chr05	HAP2_chr04	19	1399277	20182458	20853426	0.035303	0.069331	0.141334	False	25230.8222
HAP1_chr05	HAP2_chr04	23	1135317	20826870	21714248	0.027419	0.054512	0.127409	False	316666.9408
HAP1_chr05	HAP2_chr06	11	1766026	1929544	1856147	0.874415	0.951447	0.006304	False	44.5548
HAP1_chr05	HAP2_chr06	13	5058458	10753558	8915399	0.346221	0.567384	0.051141	False	1302.2557
HAP1_chr05	HAP2_chr06	15	2705714	17707643	13659620	0.094402	0.198081	0.117150	False	3359.8205
HAP1_chr05	HAP2_chr06	17	1458055	19569396	14950852	0.044100	0.097523	0.145370	False	7715.8095
HAP1_chr05	HAP2_chr06	19	1153168	20182458	15462891	0.033433	0.074576	0.144103	False	24152.3350
HAP1_chr05	HAP2_chr06	23	936303	20826870	16092268	0.026021	0.058183	0.129626	False	303365.5545
HAP1_chr05	HAP2_chr09	11	1749146	1929544	1835654	0.867610	0.952873	0.006684	False	46.3226
HAP1_chr05	HAP2_chr09	13	4803463	10753558	8400787	0.334716	0.571787	0.053080	False	1286.6551
HAP1_chr05	HAP2_chr09	15	2504427	17707643	12520506	0.090335	0.200026	0.119838	False	3254.5706
HAP1_chr05	HAP2_chr09	17	1347549	19569396	13598702	0.042348	0.099094	0.147656	False	7479.9902
HAP1_chr05	HAP2_chr09	19	1071721	20182458	14008836	0.032359	0.076503	0.145766	False	23583.8218
HAP1_chr05	HAP2_chr09	23	883382	20826870	14488605	0.025656	0.060971	0.130225	False	301643.4800
HAP1_chr05	HAP2_chr08	11	1761825	1929544	1850664	0.872889	0.951996	0.006389	False	45.2674
HAP1_chr05	HAP2_chr08	13	5004296	10753558	8796322	0.344042	0.568908	0.051502	False	1301.5109
HAP1_chr05	HAP2_chr08	15	2670993	17707643	13405860	0.093908	0.199241	0.117470	False	3351.8420
HAP1_chr05	HAP2_chr08	17	1448796	19569396	14664144	0.044191	0.098799	0.145254	False	7743.7891
HAP1_chr05	HAP2_chr08	19	1149085	20182458	15167024	0.033599	0.075762	0.143851	False	24301.1746
HAP1_chr05	HAP2_chr08	23	935918	20826870	15783256	0.026235	0.059298	0.129278	False	306194.9781
HAP1_chr05	HAP2_chr11	11	1781787	1929544	1875256	0.880759	0.950157	0.005954	False	42.9410
HAP1_chr05	HAP2_chr11	13	5285096	10753558	9396976	0.355529	0.562425	0.049630	False	1310.1110
HAP1_chr05	HAP2_chr11	15	2887866	17707643	14824614	0.097417	0.194802	0.115238	False	3430.6459
HAP1_chr05	HAP2_chr11	17	1549732	19569396	16402565	0.045021	0.094481	0.144207	False	7823.6007
HAP1_chr05	HAP2_chr11	19	1222433	20182458	17052685	0.033944	0.071686	0.143330	False	24378.4458
HAP1_chr05	HAP2_chr11	23	999095	20826870	17855262	0.026513	0.055955	0.128832	False	307313.7393
HAP1_chr05	HAP2_chr12	11	1814001	1929544	1916305	0.892784	0.946614	0.005301	False	38.2957
HAP1_chr05	HAP2_chr12	13	5586079	10753558	10157744	0.364502	0.549933	0.048220	False	1291.7825
HAP1_chr05	HAP2_chr12	15	3041694	17707643	16248346	0.098391	0.187200	0.114634	False	3422.8815
HAP1_chr05	HAP2_chr12	17	1606386	19569396	17907770	0.044783	0.089703	0.144506	False	7751.0976
HAP1_chr05	HAP2_chr12	19	1263722	20182458	18511531	0.033762	0.068267	0.143604	False	24185.9451
HAP1_chr05	HAP2_chr12	23	1039541	20826870	19196363	0.026666	0.054153	0.128588	False	308382.9070
HAP1_chr05	HAP2_chr13	11	1697109	1929544	1773388	0.846091	0.956987	0.007914	False	51.2409
HAP1_chr05	HAP2_chr13	13	4375262	10753558	7463531	0.316090	0.586219	0.056404	False	1282.4024
HAP1_chr05	HAP2_chr13	15	2249607	17707643	10811655	0.085635	0.208072	0.123112	False	3170.0080
HAP1_chr05	HAP2_chr13	17	1212398	19569396	11714892	0.040317	0.103492	0.150433	False	7257.9728
HAP1_chr05	HAP2_chr13	19	959575	20182458	12084487	0.030650	0.079406	0.148535	False	22736.7722
HAP1_chr05	HAP2_chr13	23	783571	20826870	12533334	0.024053	0.062519	0.132961	False	287676.1349
HAP1_chr05	HAP2_chr05	11	1918798	1929544	1927047	0.990198	0.995719	0.000449	False	109.4691
HAP1_chr05	HAP2_chr05	13	10477888	10753558	10709499	0.953821	0.978373	0.001840	False	3803.1043
HAP1_chr05	HAP2_chr05	15	17031448	17707643	17601194	0.931832	0.967630	0.002395	False	21591.0288
HAP1_chr05	HAP2_chr05	17	18710324	19569396	19429478	0.922211	0.962986	0.002430	False	88721.3851
HAP1_chr05	HAP2_chr05	19	19214012	20182458	20016096	0.915627	0.959928	0.002371	False	354347.8638
HAP1_chr05	HAP2_chr05	23	19680828	20826870	20608717	0.904668	0.954976	0.002233	False	5634826.1090
HAP1_chr05	HAP2_chr10	11	1797470	1929544	1895187	0.886650	0.948439	0.005633	False	40.7040
HAP1_chr05	HAP2_chr10	13	5406086	10753558	9712491	0.358971	0.556612	0.049084	False	1299.9199
HAP1_chr05	HAP2_chr10	15	2941819	17707643	15325642	0.097763	0.191954	0.115023	False	3426.7449
HAP1_chr05	HAP2_chr10	17	1571342	19569396	16850568	0.045091	0.093252	0.144120	False	7823.9831
HAP1_chr05	HAP2_chr10	19	1237514	20182458	17412284	0.034038	0.071071	0.143190	False	24422.5990
HAP1_chr05	HAP2_chr10	23	1008320	20826870	18052398	0.026625	0.055855	0.128653	False	308453.1633
HAP1_chr05	HAP2_chr14	11	1779391	1929544	1872511	0.879726	0.950270	0.006011	False	43.0712
HAP1_chr05	HAP2_chr14	13	5220213	10753558	9287321	0.352225	0.562080	0.050161	False	1300.5839
HAP1_chr05	HAP2_chr14	15	2805501	17707643	14504228	0.095405	0.193426	0.116507	False	3364.5241
HAP1_chr05	HAP2_chr14	17	1483807	19569396	15955961	0.043588	0.092994	0.146029	False	7591.8960
HAP1_chr05	HAP2_chr14	19	1163907	20182458	16521915	0.032749	0.070446	0.145156	False	23580.3224
HAP1_chr05	HAP2_chr14	23	946935	20826870	17192812	0.025543	0.055077	0.130412	False	296828.0532
HAP1_chr05	HAP2_chr15	11	1721948	1929544	1801610	0.857029	0.955783	0.007283	False	49.9623
HAP1_chr05	HAP2_chr15	13	4626226	10753558	7922995	0.329261	0.583899	0.054029	False	1309.7500
HAP1_chr05	HAP2_chr15	15	2492241	17707643	11716993	0.092537	0.212703	0.118367	False	3387.3433
HAP1_chr05	HAP2_chr15	17	1398906	19569396	12776868	0.045203	0.109487	0.143980	False	8028.7983
HAP1_chr05	HAP2_chr15	19	1118849	20182458	13220548	0.034656	0.084630	0.142274	False	25348.9755
HAP1_chr05	HAP2_chr15	23	906584	20826870	13763461	0.026915	0.065869	0.128196	False	317616.6189
HAP1_chr05	HAP2_chr18	11	1679742	1929544	1754152	0.838214	0.957581	0.008375	False	51.7821
HAP1_chr05	HAP2_chr18	13	4100460	10753558	6943926	0.301570	0.590510	0.059167	False	1256.9336
HAP1_chr05	HAP2_chr18	15	2107276	17707643	9721359	0.083220	0.216768	0.124871	False	3155.2016
HAP1_chr05	HAP2_chr18	17	1198385	19569396	10474208	0.041545	0.114413	0.148737	False	7603.3872
HAP1_chr05	HAP2_chr18	19	971914	20182458	10808975	0.032376	0.089917	0.145740	False	24355.3084
HAP1_chr05	HAP2_chr18	23	800040	20826870	11244443	0.025584	0.071150	0.130344	False	310100.1767
HAP1_chr05	HAP2_chr16	11	1781161	1929544	1875396	0.880116	0.949752	0.005990	False	42.3648
HAP1_chr05	HAP2_chr16	13	5160867	10753558	9231562	0.348137	0.559046	0.050826	False	1280.3922
HAP1_chr05	HAP2_chr16	15	2661673	17707643	14170650	0.091101	0.187830	0.119322	False	3209.6084
HAP1_chr05	HAP2_chr16	17	1349095	19569396	15390938	0.040138	0.087655	0.150684	False	7017.4531
HAP1_chr05	HAP2_chr16	19	1035719	20182458	15784249	0.029650	0.065617	0.150229	False	21464.7020
HAP1_chr05	HAP2_chr16	23	827117	20826870	16190750	0.022855	0.051086	0.135133	False	267172.2394
HAP1_chr05	HAP2_chr17	11	1744489	1929544	1830609	0.865466	0.952956	0.006805	False	46.3747
HAP1_chr05	HAP2_chr17	13	4725930	10753558	8240648	0.331219	0.573490	0.053686	False	1282.9675
HAP1_chr05	HAP2_chr17	15	2474027	17707643	12197774	0.090190	0.202826	0.119936	False	3266.1989
HAP1_chr05	HAP2_chr17	17	1352744	19569396	13269618	0.042963	0.101943	0.146843	False	7606.3640
HAP1_chr05	HAP2_chr17	19	1083126	20182458	13709289	0.033013	0.079007	0.144746	False	24095.2507
HAP1_chr05	HAP2_chr17	23	895610	20826870	14252006	0.026200	0.062841	0.129335	False	308347.0120
HAP1_chr05	HAP2_chr07	11	1684740	1929544	1758901	0.840812	0.957837	0.008222	False	52.2063
HAP1_chr05	HAP2_chr07	13	4267580	10753558	7240106	0.310910	0.589436	0.057371	False	1278.3540
HAP1_chr05	HAP2_chr07	15	2229364	17707643	10421927	0.086075	0.213911	0.122797	False	3216.1332
HAP1_chr05	HAP2_chr07	17	1248557	19569396	11338838	0.042096	0.110113	0.147993	False	7607.6544
HAP1_chr05	HAP2_chr07	19	1005937	20182458	11754937	0.032521	0.085576	0.145511	False	24170.3332
HAP1_chr05	HAP2_chr07	23	830436	20826870	12293816	0.025718	0.067549	0.130122	False	307837.7720
HAP1_chr05	HAP2_chr19	11	1633548	1929544	1700238	0.818315	0.960776	0.009570	False	55.3240
HAP1_chr05	HAP2_chr19	13	3813260	10753558	6349723	0.286927	0.600540	0.062126	False	1246.5943
HAP1_chr05	HAP2_chr19	15	1925774	17707643	8710089	0.078629	0.221097	0.128371	False	3056.9385
HAP1_chr05	HAP2_chr19	17	1084004	19569396	9328904	0.038973	0.116198	0.152351	False	7289.9151
HAP1_chr05	HAP2_chr19	19	873438	20182458	9592131	0.030222	0.091058	0.149254	False	23234.9360
HAP1_chr05	HAP2_chr19	23	716447	20826870	9920765	0.023857	0.072217	0.133309	False	295645.1963
HAP1_chr05	HAP2_chr20	11	1640230	1929544	1707604	0.821381	0.960545	0.009383	False	55.1285
HAP1_chr05	HAP2_chr20	13	3864252	10753558	6447496	0.289744	0.599342	0.061543	False	1250.7814
HAP1_chr05	HAP2_chr20	15	1951894	17707643	8910664	0.079132	0.219051	0.127977	False	3058.3152
HAP1_chr05	HAP2_chr20	17	1088754	19569396	9575366	0.038806	0.113704	0.152594	False	7223.8441
HAP1_chr05	HAP2_chr20	19	877536	20182458	9867294	0.030081	0.088934	0.149492	False	23015.2715
HAP1_chr05	HAP2_chr20	23	723977	20826870	10242168	0.023858	0.070686	0.133307	False	294027.5900
HAP1_chr05	HAP2_chr22	11	1607455	1929544	1670517	0.806710	0.962250	0.010286	False	56.8244
HAP1_chr05	HAP2_chr22	13	3661836	10753558	6040646	0.278840	0.606199	0.063840	False	1240.4486
HAP1_chr05	HAP2_chr22	15	1848257	17707643	8216329	0.076769	0.224949	0.129852	False	3029.8297
HAP1_chr05	HAP2_chr22	17	1041524	19569396	8800212	0.038112	0.118352	0.153617	False	7214.1909
HAP1_chr05	HAP2_chr22	19	840542	20182458	9060039	0.029595	0.092775	0.150325	False	23007.7588
HAP1_chr05	HAP2_chr22	23	690321	20826870	9392238	0.023378	0.073499	0.134171	False	292769.5750
HAP1_chr05	HAP2_chr21	11	1668641	1929544	1740450	0.833756	0.958741	0.008639	False	53.1756
HAP1_chr05	HAP2_chr21	13	4099655	10753558	6927352	0.301861	0.591807	0.059110	False	1261.4609
HAP1_chr05	HAP2_chr21	15	2070749	17707643	9749738	0.081568	0.212390	0.126105	False	3084.5429
HAP1_chr05	HAP2_chr21	17	1129228	19569396	10481481	0.039044	0.107736	0.152248	False	7153.1024
HAP1_chr05	HAP2_chr21	19	899229	20182458	10776712	0.029915	0.083442	0.149776	False	22564.7270
HAP1_chr05	HAP2_chr21	23	733424	20826870	11129001	0.023490	0.065902	0.133967	False	285749.8592
HAP1_chr05	HAP2_chr23	11	1668960	1929544	1740516	0.834021	0.958888	0.008624	False	53.3787
HAP1_chr05	HAP2_chr23	13	4098647	10753558	6913236	0.302079	0.592870	0.059068	False	1265.1102
HAP1_chr05	HAP2_chr23	15	2088051	17707643	9735989	0.082351	0.214467	0.125517	False	3118.0527
HAP1_chr05	HAP2_chr23	17	1155856	19569396	10491711	0.039988	0.110168	0.150897	False	7321.6986
HAP1_chr05	HAP2_chr23	19	927406	20182458	10813251	0.030843	0.085766	0.148214	False	23233.5418
HAP1_chr05	HAP2_chr23	23	762784	20826870	11210512	0.024390	0.068042	0.132371	False	296106.5212
HAP1_chr05	HAP2_chr24	11	1673600	1929544	1746750	0.835674	0.958122	0.008526	False	52.4190
HAP1_chr05	HAP2_chr24	13	4103830	10753558	6932666	0.302143	0.591956	0.059055	False	1262.6358
HAP1_chr05	HAP2_chr24	15	2085093	17707643	9710842	0.082306	0.214718	0.125550	False	3118.3262
HAP1_chr05	HAP2_chr24	17	1156052	19569396	10421673	0.040092	0.110928	0.150750	False	7348.5673
HAP1_chr05	HAP2_chr24	19	923680	20182458	10707211	0.030824	0.086267	0.148245	False	23254.7326
HAP1_chr05	HAP2_chr24	23	748338	20826870	11048947	0.024041	0.067729	0.132983	False	292614.9140
HAP1_chr05	HAP2_chr25	11	1592012	1929544	1652327	0.800063	0.963497	0.010704	False	58.1851
HAP1_chr05	HAP2_chr25	13	3554632	10753558	5856933	0.272263	0.606910	0.065280	False	1224.4785
HAP1_chr05	HAP2_chr25	15	1730931	17707643	7847891	0.072653	0.220560	0.133270	False	2893.4138
HAP1_chr05	HAP2_chr25	17	952350	19569396	8334301	0.035336	0.114269	0.157908	False	6773.6414
HAP1_chr05	HAP2_chr25	19	764356	20182458	8530821	0.027348	0.089599	0.154365	False	21560.3494
HAP1_chr05	HAP2_chr25	23	625645	20826870	8768493	0.021597	0.071351	0.137541	False	274615.3409
HAP1_chr05	HAP2_chr26	11	1626258	1929544	1692364	0.814901	0.960939	0.009779	False	55.4162
HAP1_chr05	HAP2_chr26	13	3709320	10753558	6190440	0.280273	0.599201	0.063532	False	1224.9780
HAP1_chr05	HAP2_chr26	15	1821512	17707643	8368839	0.075099	0.217654	0.131215	False	2941.6157
HAP1_chr05	HAP2_chr26	17	1009988	19569396	8904372	0.036775	0.113426	0.155641	False	6948.7891
HAP1_chr05	HAP2_chr26	19	813661	20182458	9117717	0.028563	0.089240	0.152140	False	22200.0065
HAP1_chr05	HAP2_chr26	23	669101	20826870	9371550	0.022659	0.071397	0.135498	False	284083.0123
HAP1_chr06	HAP1_chr07	11	1664900	1862023	1784793	0.840046	0.932825	0.008267	False	63.7211
HAP1_chr06	HAP1_chr07	13	3980456	9019674	7637316	0.314002	0.521185	0.056791	False	1345.2448
HAP1_chr06	HAP1_chr07	15	2116673	13871743	11192427	0.092240	0.189117	0.118563	False	3398.2888
HAP1_chr06	HAP1_chr07	17	1273944	15203134	12230946	0.048698	0.104157	0.139795	False	8511.4899
HAP1_chr06	HAP1_chr07	19	1058879	15738727	12703966	0.038668	0.083350	0.136712	False	27723.6054
HAP1_chr06	HAP1_chr07	23	889257	16408075	13324187	0.030831	0.066740	0.122455	False	356738.5021
HAP1_chr06	HAP1_chr08	11	1720522	1862023	1858305	0.860344	0.925856	0.007094	False	54.9370
HAP1_chr06	HAP1_chr08	13	4503525	9019674	8947896	0.334485	0.503305	0.053120	False	1352.9432
HAP1_chr06	HAP1_chr08	15	2453175	13871743	13720128	0.097586	0.178801	0.115133	False	3524.8043
HAP1_chr06	HAP1_chr08	17	1463585	15203134	15032264	0.050869	0.097363	0.137352	False	8809.8155
HAP1_chr06	HAP1_chr08	19	1212792	15738727	15558722	0.040313	0.077949	0.134603	False	28690.0296
HAP1_chr06	HAP1_chr08	23	1016005	16408075	16207280	0.032153	0.062688	0.120685	False	369558.8722
HAP1_chr06	HAP1_chr09	11	1761037	1862023	1914774	0.873634	0.945765	0.006348	False	46.7407
HAP1_chr06	HAP1_chr09	13	4979065	9019674	10281492	0.347649	0.552023	0.050906	False	1332.5669
HAP1_chr06	HAP1_chr09	15	2754175	13871743	16671392	0.099110	0.198546	0.114192	False	3540.0607
HAP1_chr06	HAP1_chr09	17	1582153	15203134	18461438	0.049315	0.104068	0.139089	False	8571.9802
HAP1_chr06	HAP1_chr09	19	1293325	15738727	19130088	0.038520	0.082175	0.136907	False	27585.6400
HAP1_chr06	HAP1_chr09	23	1083046	16408075	19900010	0.030746	0.066007	0.122570	False	355518.8400
HAP1_chr06	HAP1_chr10	11	1748693	1862023	1897841	0.869490	0.939136	0.006579	False	49.0214
HAP1_chr06	HAP1_chr10	13	4793584	9019674	9766088	0.342590	0.531459	0.051744	False	1338.3090
HAP1_chr06	HAP1_chr10	15	2629021	13871743	15448533	0.098497	0.189523	0.114568	False	3529.4200
HAP1_chr06	HAP1_chr10	17	1528614	15203134	17004832	0.049825	0.100546	0.138512	False	8637.8174
HAP1_chr06	HAP1_chr10	19	1251301	15738727	17586104	0.039014	0.079505	0.136262	False	27838.6114
HAP1_chr06	HAP1_chr10	23	1040372	16408075	18258702	0.030939	0.063406	0.122307	False	356530.1294
HAP1_chr06	HAP1_chr11	11	1730713	1862023	1872099	0.863884	0.929480	0.006894	False	53.1392
HAP1_chr06	HAP1_chr11	13	4655123	9019674	9326903	0.340002	0.516108	0.052179	False	1356.5689
HAP1_chr06	HAP1_chr11	15	2568234	13871743	14671173	0.098875	0.185141	0.114336	False	3555.6103
HAP1_chr06	HAP1_chr11	17	1507339	15203134	16214000	0.050396	0.099147	0.137874	False	8728.6359
HAP1_chr06	HAP1_chr11	19	1238692	15738727	16845289	0.039518	0.078703	0.135612	False	28159.0086
HAP1_chr06	HAP1_chr11	23	1034320	16408075	17621694	0.031347	0.063037	0.121754	False	360805.9829
HAP1_chr06	HAP1_chr12	11	1760969	1862023	1915799	0.873127	0.945729	0.006376	False	45.9783
HAP1_chr06	HAP1_chr12	13	4900978	9019674	10153789	0.343386	0.543365	0.051611	False	1314.4332
HAP1_chr06	HAP1_chr12	15	2644401	13871743	16247040	0.096250	0.190632	0.115970	False	3433.4897
HAP1_chr06	HAP1_chr12	17	1497896	15203134	17909288	0.047380	0.098525	0.141335	False	8235.3498
HAP1_chr06	HAP1_chr12	19	1218604	15738727	18511755	0.036892	0.077427	0.139097	False	26421.2142
HAP1_chr06	HAP1_chr12	23	1017886	16408075	19189942	0.029436	0.062036	0.124409	False	340255.0487
HAP1_chr06	HAP1_chr13	11	1733153	1862023	1875135	0.864845	0.930790	0.006840	False	52.8980
HAP1_chr06	HAP1_chr13	13	4654779	9019674	9343819	0.339549	0.516070	0.052256	False	1352.2541
HAP1_chr06	HAP1_chr13	15	2568344	13871743	14682039	0.098838	0.185149	0.114359	False	3554.0171
HAP1_chr06	HAP1_chr13	17	1510997	15203134	16239991	0.050481	0.099387	0.137780	False	8742.9534
HAP1_chr06	HAP1_chr13	19	1243105	15738727	16884360	0.039615	0.078984	0.135487	False	28226.6678
HAP1_chr06	HAP1_chr13	23	1041134	16408075	17677470	0.031507	0.063453	0.121540	False	362609.5370
HAP1_chr06	HAP1_chr14	11	1743683	1862023	1871130	0.876456	0.936445	0.006191	False	63.8830
HAP1_chr06	HAP1_chr14	13	5264267	9019674	9262991	0.404371	0.583643	0.042451	False	1758.1608
HAP1_chr06	HAP1_chr14	15	4142746	13871743	14456692	0.171289	0.298646	0.081957	False	6167.1644
HAP1_chr06	HAP1_chr14	17	3162879	15203134	15903532	0.113187	0.208041	0.093694	False	18684.5201
HAP1_chr06	HAP1_chr14	19	2743746	15738727	16468416	0.093124	0.174331	0.093143	False	63137.8081
HAP1_chr06	HAP1_chr14	23	2245564	16408075	17136388	0.071746	0.136857	0.087425	False	794347.1368
HAP1_chr06	HAP1_chr15	11	1718734	1862023	1855173	0.860028	0.926455	0.007112	False	55.7569
HAP1_chr06	HAP1_chr15	13	4486392	9019674	8874233	0.334618	0.505553	0.053097	False	1360.2744
HAP1_chr06	HAP1_chr15	15	2463508	13871743	13573555	0.098612	0.181493	0.114497	False	3567.6274
HAP1_chr06	HAP1_chr15	17	1475099	15203134	14867839	0.051584	0.099214	0.136570	False	8931.1690
HAP1_chr06	HAP1_chr15	19	1217162	15738727	15377188	0.040709	0.079154	0.134108	False	28963.5158
HAP1_chr06	HAP1_chr15	23	1010706	16408075	15979423	0.032212	0.063250	0.120608	False	370243.2771
HAP1_chr06	HAP1_chr16	11	1731548	1862023	1875435	0.863223	0.929928	0.006931	False	51.4436
HAP1_chr06	HAP1_chr16	13	4537342	9019674	9236754	0.330732	0.503049	0.053771	False	1303.8043
HAP1_chr06	HAP1_chr16	15	2307385	13871743	14181284	0.089622	0.166337	0.120322	False	3206.4894
HAP1_chr06	HAP1_chr16	17	1251701	15203134	15402512	0.042642	0.082332	0.147267	False	7416.0091
HAP1_chr06	HAP1_chr16	19	996507	15738727	15797116	0.032630	0.063316	0.145341	False	23386.8894
HAP1_chr06	HAP1_chr16	23	811281	16408075	16206423	0.025509	0.050059	0.130467	False	295100.3743
HAP1_chr06	HAP1_chr17	11	1698224	1862023	1828536	0.852379	0.928734	0.007550	False	58.6263
HAP1_chr06	HAP1_chr17	13	4197735	9019674	8215644	0.321972	0.510944	0.055328	False	1338.6323
HAP1_chr06	HAP1_chr17	15	2230695	13871743	12154666	0.093744	0.183526	0.117577	False	3420.0992
HAP1_chr06	HAP1_chr17	17	1336976	15203134	13222763	0.049355	0.101112	0.139044	False	8586.6069
HAP1_chr06	HAP1_chr17	19	1114063	15738727	13661444	0.039386	0.081548	0.135781	False	28126.8616
HAP1_chr06	HAP1_chr17	23	940359	16408075	14203159	0.031693	0.066208	0.121292	False	365379.5513
HAP1_chr06	HAP1_chr18	11	1645457	1862023	1761652	0.831787	0.934042	0.008757	False	65.0206
HAP1_chr06	HAP1_chr18	13	3717843	9019674	7039081	0.301262	0.528172	0.059228	False	1327.2352
HAP1_chr06	HAP1_chr18	15	1960543	13871743	9893375	0.089914	0.198167	0.120123	False	3372.0991
HAP1_chr06	HAP1_chr18	17	1217650	15203134	10674911	0.049377	0.114067	0.139019	False	8721.2209
HAP1_chr06	HAP1_chr18	19	1023999	15738727	11026423	0.039781	0.092868	0.135276	False	28781.7020
HAP1_chr06	HAP1_chr18	23	862290	16408075	11490106	0.031894	0.075046	0.121025	False	372507.2412
HAP1_chr06	HAP1_chr19	11	1642423	1862023	1756593	0.831105	0.935005	0.008797	False	66.2814
HAP1_chr06	HAP1_chr19	13	3762018	9019674	7125681	0.303797	0.527952	0.058733	False	1334.2440
HAP1_chr06	HAP1_chr19	15	1964237	13871743	10112005	0.089204	0.194248	0.120608	False	3331.6215
HAP1_chr06	HAP1_chr19	17	1194578	15203134	10913586	0.047932	0.109458	0.140684	False	8456.2815
HAP1_chr06	HAP1_chr19	19	995780	15738727	11252278	0.038306	0.088496	0.137189	False	27704.5402
HAP1_chr06	HAP1_chr19	23	834789	16408075	11676341	0.030635	0.071494	0.122724	False	357739.2451
HAP1_chr06	HAP1_chr20	11	1605493	1862023	1711472	0.815798	0.938077	0.009724	False	69.6903
HAP1_chr06	HAP1_chr20	13	3484356	9019674	6490457	0.289741	0.536843	0.061543	False	1317.0729
HAP1_chr06	HAP1_chr20	15	1794986	13871743	8988729	0.085210	0.199693	0.123418	False	3242.6893
HAP1_chr06	HAP1_chr20	17	1093203	15203134	9665961	0.045979	0.113098	0.143022	False	8227.2868
HAP1_chr06	HAP1_chr20	19	916202	15738727	9964401	0.036963	0.091948	0.138999	False	27089.0974
HAP1_chr06	HAP1_chr20	23	776671	16408075	10349545	0.029894	0.075044	0.123757	False	353524.7698
HAP1_chr06	HAP1_chr21	11	1630329	1862023	1742327	0.825892	0.935719	0.009110	False	67.0125
HAP1_chr06	HAP1_chr21	13	3660046	9019674	6944609	0.297462	0.527034	0.059979	False	1312.5169
HAP1_chr06	HAP1_chr21	15	1845903	13871743	9781299	0.084647	0.188718	0.123825	False	3169.0854
HAP1_chr06	HAP1_chr21	17	1083547	15203134	10518678	0.043978	0.103012	0.145527	False	7804.9287
HAP1_chr06	HAP1_chr21	19	894145	15738727	10816829	0.034844	0.082662	0.141999	False	25370.3251
HAP1_chr06	HAP1_chr21	23	748153	16408075	11173336	0.027882	0.066959	0.126702	False	327749.5120
HAP1_chr06	HAP1_chr22	11	1599730	1862023	1704026	0.813566	0.938794	0.009861	False	70.5319
HAP1_chr06	HAP1_chr22	13	3455259	9019674	6405553	0.288661	0.539416	0.061766	False	1320.9915
HAP1_chr06	HAP1_chr22	15	1782602	13871743	8841730	0.085166	0.201612	0.123449	False	3251.5709
HAP1_chr06	HAP1_chr22	17	1092754	15203134	9505777	0.046271	0.114957	0.142666	False	8295.0412
HAP1_chr06	HAP1_chr22	19	916709	15738727	9805074	0.037224	0.093493	0.138643	False	27323.9769
HAP1_chr06	HAP1_chr22	23	774824	16408075	10195462	0.029999	0.075997	0.123609	False	355339.1265
HAP1_chr06	HAP1_chr23	11	1639475	1862023	1753511	0.829669	0.934967	0.008883	False	66.1701
HAP1_chr06	HAP1_chr23	13	3720530	9019674	7067544	0.300851	0.526425	0.059309	False	1320.9584
HAP1_chr06	HAP1_chr23	15	1902155	13871743	10003276	0.086568	0.190153	0.122447	False	3233.0911
HAP1_chr06	HAP1_chr23	17	1127304	15203134	10789591	0.045336	0.104481	0.143814	False	8019.4956
HAP1_chr06	HAP1_chr23	19	930790	15738727	11123421	0.035894	0.083678	0.140489	False	26044.0127
HAP1_chr06	HAP1_chr23	23	775340	16408075	11537178	0.028537	0.067204	0.125720	False	334260.8135
HAP1_chr06	HAP1_chr24	11	1633404	1862023	1746189	0.827120	0.935411	0.009036	False	66.6541
HAP1_chr06	HAP1_chr24	13	3656125	9019674	6912850	0.297817	0.528888	0.059909	False	1318.9147
HAP1_chr06	HAP1_chr24	15	1875066	13871743	9670718	0.086539	0.193891	0.122468	False	3251.2092
HAP1_chr06	HAP1_chr24	17	1128168	15203134	10375760	0.046140	0.108731	0.142825	False	8189.6391
HAP1_chr06	HAP1_chr24	19	935637	15738727	10659044	0.036746	0.087779	0.139298	False	26745.5441
HAP1_chr06	HAP1_chr24	23	776099	16408075	10997536	0.029144	0.070570	0.124829	False	342698.8476
HAP1_chr06	HAP1_chr25	11	1556917	1862023	1652760	0.795211	0.942010	0.011011	False	73.8506
HAP1_chr06	HAP1_chr25	13	3184027	9019674	5875803	0.271873	0.541888	0.065366	False	1276.7451
HAP1_chr06	HAP1_chr25	15	1546478	13871743	7878851	0.076543	0.196282	0.130034	False	2976.3410
HAP1_chr06	HAP1_chr25	17	910628	15203134	8364267	0.040192	0.108871	0.150608	False	7362.7024
HAP1_chr06	HAP1_chr25	19	752944	15738727	8557390	0.031981	0.087988	0.146365	False	24021.3017
HAP1_chr06	HAP1_chr25	23	626123	16408075	8789357	0.025482	0.071236	0.130513	False	309260.4249
HAP1_chr06	HAP1_chr26	11	1583799	1862023	1686479	0.806126	0.939116	0.010323	False	70.6108
HAP1_chr06	HAP1_chr26	13	3287779	9019674	6131968	0.277126	0.536170	0.064211	False	1276.9705
HAP1_chr06	HAP1_chr26	15	1616172	13871743	8274002	0.078724	0.195331	0.128296	False	3033.0499
HAP1_chr06	HAP1_chr26	17	964595	15203134	8799975	0.041869	0.109613	0.148299	False	7604.3670
HAP1_chr06	HAP1_chr26	19	801408	15738727	9008407	0.033468	0.088962	0.144050	False	24919.5616
HAP1_chr06	HAP1_chr26	23	667443	16408075	9253365	0.026704	0.072130	0.128528	False	321297.6982
HAP1_chr06	HAP2_chr01	11	1788964	1862023	1956191	0.881589	0.960764	0.005909	False	39.5308
HAP1_chr06	HAP2_chr01	13	5427279	9019674	11594047	0.357377	0.601716	0.049336	False	1308.9059
HAP1_chr06	HAP2_chr01	15	3117104	13871743	19936069	0.101565	0.224709	0.112709	False	3625.3990
HAP1_chr06	HAP2_chr01	17	1770438	15203134	22404348	0.049402	0.116452	0.138990	False	8691.7124
HAP1_chr06	HAP2_chr01	19	1438405	15738727	23312721	0.038242	0.091393	0.137274	False	27787.4076
HAP1_chr06	HAP2_chr01	23	1204057	16408075	24358453	0.030434	0.073382	0.123001	False	357243.3756
HAP1_chr06	HAP2_chr02	11	1782106	1862023	1944775	0.880186	0.957081	0.005986	False	42.1413
HAP1_chr06	HAP2_chr02	13	5303556	9019674	11207989	0.355368	0.587999	0.049656	False	1319.7653
HAP1_chr06	HAP2_chr02	15	3026214	13871743	18930484	0.101633	0.218157	0.112669	False	3627.6358
HAP1_chr06	HAP2_chr02	17	1742919	15203134	21212559	0.050268	0.114642	0.138017	False	8801.4012
HAP1_chr06	HAP2_chr02	19	1426619	15738727	22080660	0.039201	0.090644	0.136019	False	28320.5489
HAP1_chr06	HAP2_chr02	23	1202722	16408075	23100878	0.031398	0.073301	0.121687	False	366431.8439
HAP1_chr06	HAP2_chr03	11	1792843	1862023	1963081	0.882191	0.962847	0.005876	False	37.7658
HAP1_chr06	HAP2_chr03	13	5450770	9019674	11634879	0.358514	0.604320	0.049156	False	1313.6839
HAP1_chr06	HAP2_chr03	15	3168891	13871743	19905925	0.103529	0.228442	0.111551	False	3701.4392
HAP1_chr06	HAP2_chr03	17	1835311	15203134	22313308	0.051436	0.120719	0.136730	False	9036.6818
HAP1_chr06	HAP2_chr03	19	1496193	15738727	23191431	0.039969	0.095064	0.135037	False	28981.6030
HAP1_chr06	HAP2_chr03	23	1243321	16408075	24190163	0.031593	0.075775	0.121426	False	370174.0900
HAP1_chr06	HAP2_chr04	11	1776421	1862023	1937260	0.878172	0.954027	0.006097	False	42.9758
HAP1_chr06	HAP2_chr04	13	5195744	9019674	10898284	0.352919	0.576046	0.050049	False	1324.0364
HAP1_chr06	HAP2_chr04	15	2941240	13871743	18070854	0.101417	0.212031	0.112797	False	3621.0660
HAP1_chr06	HAP2_chr04	17	1702269	15203134	20103510	0.050656	0.111968	0.137586	False	8835.8187
HAP1_chr06	HAP2_chr04	19	1390297	15738727	20853426	0.039495	0.088336	0.135640	False	28401.5733
HAP1_chr06	HAP2_chr04	23	1155867	16408075	21714248	0.031268	0.070445	0.121861	False	363226.6869
HAP1_chr06	HAP2_chr06	11	1843239	1862023	1856147	0.983097	0.993046	0.000778	False	152.0533
HAP1_chr06	HAP2_chr06	13	8675179	9019674	8915399	0.936855	0.973056	0.002550	False	4055.7929
HAP1_chr06	HAP2_chr06	15	13128140	13871743	13659620	0.911472	0.961091	0.003161	False	21503.9306
HAP1_chr06	HAP2_chr06	17	14278360	15203134	14950852	0.899389	0.955020	0.003201	False	87612.9142
HAP1_chr06	HAP2_chr06	19	14695624	15738727	15462891	0.890320	0.950380	0.003146	False	349188.9325
HAP1_chr06	HAP2_chr06	23	15158564	16408075	16092268	0.874107	0.941978	0.003023	False	5533441.2659
HAP1_chr06	HAP2_chr09	11	1702849	1862023	1835654	0.853632	0.927652	0.007478	False	57.1849
HAP1_chr06	HAP2_chr09	13	4252697	9019674	8400787	0.322963	0.506226	0.055150	False	1327.2557
HAP1_chr06	HAP2_chr09	15	2208945	13871743	12520506	0.091342	0.176426	0.119161	False	3314.9032
HAP1_chr06	HAP2_chr09	17	1276783	15203134	13598702	0.046386	0.093890	0.142526	False	8074.8024
HAP1_chr06	HAP2_chr09	19	1048305	15738727	14008836	0.036527	0.074832	0.139601	False	26133.1430
HAP1_chr06	HAP2_chr09	23	877233	16408075	14488605	0.029222	0.060546	0.124717	False	337477.1832
HAP1_chr06	HAP2_chr08	11	1714578	1862023	1850664	0.858100	0.926466	0.007222	False	55.7058
HAP1_chr06	HAP2_chr08	13	4440225	9019674	8796322	0.331960	0.504782	0.053557	False	1349.8815
HAP1_chr06	HAP2_chr08	15	2400542	13871743	13405860	0.096496	0.179067	0.115815	False	3490.2478
HAP1_chr06	HAP2_chr08	17	1426017	15203134	14664144	0.050139	0.097245	0.138161	False	8690.5581
HAP1_chr06	HAP2_chr08	19	1179068	15738727	15167024	0.039664	0.077739	0.135425	False	28250.0076
HAP1_chr06	HAP2_chr08	23	984119	16408075	15783256	0.031535	0.062352	0.121503	False	362737.2484
HAP1_chr06	HAP2_chr11	11	1733109	1862023	1875256	0.864751	0.930767	0.006845	False	52.7790
HAP1_chr06	HAP2_chr11	13	4681985	9019674	9396976	0.340888	0.519086	0.052030	False	1356.5513
HAP1_chr06	HAP2_chr11	15	2587728	13871743	14824614	0.099114	0.186547	0.114190	False	3562.2532
HAP1_chr06	HAP2_chr11	17	1518752	15203134	16402565	0.050479	0.099897	0.137782	False	8743.3439
HAP1_chr06	HAP2_chr11	19	1249202	15738727	17052685	0.039604	0.079371	0.135501	False	28224.5467
HAP1_chr06	HAP2_chr11	23	1048099	16408075	17855262	0.031555	0.063877	0.121476	False	363213.3719
HAP1_chr06	HAP2_chr12	11	1761451	1862023	1916305	0.873356	0.945988	0.006363	False	45.9973
HAP1_chr06	HAP2_chr12	13	4905716	9019674	10157744	0.343737	0.543891	0.051553	False	1316.4012
HAP1_chr06	HAP2_chr12	15	2655562	13871743	16248346	0.096691	0.191437	0.115693	False	3450.5250
HAP1_chr06	HAP2_chr12	17	1513959	15203134	17907770	0.047915	0.099582	0.140705	False	8325.9405
HAP1_chr06	HAP2_chr12	19	1237780	15738727	18511531	0.037494	0.078645	0.138275	False	26837.8669
HAP1_chr06	HAP2_chr12	23	1040841	16408075	19196363	0.030114	0.063435	0.123448	False	347870.2307
HAP1_chr06	HAP2_chr13	11	1655674	1862023	1773388	0.836310	0.933622	0.008488	False	64.6432
HAP1_chr06	HAP2_chr13	13	3896026	9019674	7463531	0.309523	0.522008	0.057634	False	1334.1892
HAP1_chr06	HAP2_chr13	15	2012164	13871743	10811655	0.088754	0.186111	0.120918	False	3278.4950
HAP1_chr06	HAP2_chr13	17	1174153	15203134	11714892	0.045609	0.100227	0.143477	False	8010.2552
HAP1_chr06	HAP2_chr13	19	961076	15738727	12084487	0.035778	0.079530	0.140654	False	25798.1137
HAP1_chr06	HAP2_chr13	23	797121	16408075	12533334	0.028323	0.063600	0.126038	False	329711.3107
HAP1_chr06	HAP2_chr05	11	1768922	1862023	1927047	0.875640	0.950000	0.006237	False	44.2890
HAP1_chr06	HAP2_chr05	13	5085304	9019674	10709499	0.347265	0.563801	0.050969	False	1300.4734
HAP1_chr06	HAP2_chr05	15	2714510	13871743	17601194	0.094390	0.195686	0.117158	False	3350.8464
HAP1_chr06	HAP2_chr05	17	1453291	15203134	19429478	0.043801	0.095592	0.145754	False	7651.5702
HAP1_chr06	HAP2_chr05	19	1143451	15738727	20016096	0.033037	0.072652	0.144710	False	23835.6249
HAP1_chr06	HAP2_chr05	23	922414	16408075	20608717	0.025556	0.056217	0.130391	False	297537.6779
HAP1_chr06	HAP2_chr10	11	1746555	1862023	1895187	0.868650	0.937988	0.006626	False	49.2241
HAP1_chr06	HAP2_chr10	13	4765290	9019674	9712491	0.341185	0.528322	0.051980	False	1333.4021
HAP1_chr06	HAP2_chr10	15	2594179	13871743	15325642	0.097514	0.187012	0.115177	False	3493.2197
HAP1_chr06	HAP2_chr10	17	1495857	15203134	16850568	0.048952	0.098391	0.139504	False	8489.1656
HAP1_chr06	HAP2_chr10	19	1218478	15738727	17412284	0.038158	0.077419	0.137385	False	27242.6070
HAP1_chr06	HAP2_chr10	23	1007234	16408075	18052398	0.030109	0.061386	0.123455	False	347140.5791
HAP1_chr06	HAP2_chr14	11	1744732	1862023	1872511	0.876837	0.937009	0.006170	False	63.7221
HAP1_chr06	HAP2_chr14	13	5272732	9019674	9287321	0.404529	0.584581	0.042430	False	1757.0746
HAP1_chr06	HAP2_chr14	15	4149201	13871743	14504228	0.171265	0.299112	0.081965	False	6165.5880
HAP1_chr06	HAP2_chr14	17	3167935	15203134	15955961	0.113176	0.208374	0.093699	False	18683.3320
HAP1_chr06	HAP2_chr14	19	2748764	15738727	16521915	0.093141	0.174650	0.093134	False	63150.7263
HAP1_chr06	HAP2_chr14	23	2250973	16408075	17192812	0.071802	0.137187	0.087393	False	794952.8449
HAP1_chr06	HAP2_chr15	11	1678594	1862023	1801610	0.845623	0.931719	0.007941	False	62.4446
HAP1_chr06	HAP2_chr15	13	4130762	9019674	7922995	0.322416	0.521364	0.055248	False	1371.1429
HAP1_chr06	HAP2_chr15	15	2265249	13871743	11716993	0.097123	0.193330	0.115421	False	3566.7431
HAP1_chr06	HAP2_chr15	17	1389388	15203134	12776868	0.052251	0.108742	0.135852	False	9088.9357
HAP1_chr06	HAP2_chr15	19	1154507	15738727	13220548	0.041522	0.087327	0.133109	False	29632.7586
HAP1_chr06	HAP2_chr15	23	959630	16408075	13763461	0.032851	0.069723	0.119781	False	378776.6246
HAP1_chr06	HAP2_chr18	11	1639571	1862023	1754152	0.829489	0.934680	0.008894	False	65.7789
HAP1_chr06	HAP2_chr18	13	3676006	9019674	6943926	0.299164	0.529384	0.059641	False	1324.3977
HAP1_chr06	HAP2_chr18	15	1928823	13871743	9721359	0.089032	0.198411	0.120726	False	3347.3800
HAP1_chr06	HAP2_chr18	17	1194804	15203134	10474208	0.048802	0.114071	0.139675	False	8639.1952
HAP1_chr06	HAP2_chr18	19	1003324	15738727	10808975	0.039278	0.092823	0.135920	False	28482.8178
HAP1_chr06	HAP2_chr18	23	843318	16408075	11244443	0.031456	0.074999	0.121608	False	368269.5255
HAP1_chr06	HAP2_chr16	11	1731529	1862023	1875396	0.863222	0.929918	0.006931	False	51.4563
HAP1_chr06	HAP2_chr16	13	4534114	9019674	9231562	0.330544	0.502692	0.053804	False	1303.0077
HAP1_chr06	HAP2_chr16	15	2304513	13871743	14170650	0.089538	0.166130	0.120380	False	3203.4000
HAP1_chr06	HAP2_chr16	17	1249203	15203134	15390938	0.042570	0.082167	0.147362	False	7403.7859
HAP1_chr06	HAP2_chr16	19	994067	15738727	15784249	0.032561	0.063161	0.145448	False	23339.0628
HAP1_chr06	HAP2_chr16	23	808664	16408075	16190750	0.025438	0.049946	0.130587	False	294290.7809
HAP1_chr06	HAP2_chr17	11	1699499	1862023	1830609	0.852677	0.928379	0.007533	False	58.1495
HAP1_chr06	HAP2_chr17	13	4203325	9019674	8240648	0.321921	0.510072	0.055337	False	1335.8398
HAP1_chr06	HAP2_chr17	15	2224718	13871743	12197774	0.093300	0.182387	0.117866	False	3401.4197
HAP1_chr06	HAP2_chr17	17	1326865	15203134	13269618	0.048879	0.099993	0.139587	False	8504.9156
HAP1_chr06	HAP2_chr17	19	1103125	15738727	13709289	0.038918	0.080466	0.136386	False	27801.5414
HAP1_chr06	HAP2_chr17	23	929376	16408075	14252006	0.031260	0.065210	0.121872	False	360492.6673
HAP1_chr06	HAP2_chr07	11	1644397	1862023	1758901	0.831963	0.934900	0.008746	False	66.1777
HAP1_chr06	HAP2_chr07	13	3806635	9019674	7240106	0.305677	0.525771	0.058369	False	1333.5928
HAP1_chr06	HAP2_chr07	15	1990601	13871743	10421927	0.089252	0.191001	0.120575	False	3317.0841
HAP1_chr06	HAP2_chr07	17	1194153	15203134	11338838	0.047111	0.105315	0.141655	False	8287.8809
HAP1_chr06	HAP2_chr07	19	990781	15738727	11754937	0.037384	0.084286	0.138425	False	26967.9036
HAP1_chr06	HAP2_chr07	23	829961	16408075	12293816	0.029778	0.067510	0.123921	False	346623.0322
HAP1_chr06	HAP2_chr19	11	1596574	1862023	1700238	0.812222	0.939030	0.009944	False	70.7792
HAP1_chr06	HAP2_chr19	13	3420289	9019674	6349723	0.286238	0.538652	0.062270	False	1311.5064
HAP1_chr06	HAP2_chr19	15	1750910	13871743	8710089	0.084053	0.201021	0.124258	False	3216.4153
HAP1_chr06	HAP2_chr19	17	1071064	15203134	9328904	0.045653	0.114811	0.143422	False	8206.9438
HAP1_chr06	HAP2_chr19	19	895567	15738727	9592131	0.036651	0.093365	0.139430	False	26988.4318
HAP1_chr06	HAP2_chr19	23	752960	16408075	9920765	0.029440	0.075897	0.124403	False	350060.2044
HAP1_chr06	HAP2_chr20	11	1602234	1862023	1707604	0.814394	0.938294	0.009810	False	69.9116
HAP1_chr06	HAP2_chr20	13	3460943	9019674	6447496	0.288262	0.536789	0.061849	False	1312.4411
HAP1_chr06	HAP2_chr20	15	1773845	13871743	8910664	0.084434	0.199070	0.123979	False	3217.0069
HAP1_chr06	HAP2_chr20	17	1076706	15203134	9575366	0.045427	0.112445	0.143701	False	8140.6240
HAP1_chr06	HAP2_chr20	19	900966	15738727	9867294	0.036469	0.091308	0.139683	False	26769.1434
HAP1_chr06	HAP2_chr20	23	763018	16408075	10242168	0.029475	0.074498	0.124353	False	349126.0085
HAP1_chr06	HAP2_chr22	11	1571815	1862023	1670517	0.801650	0.940915	0.010604	False	72.7442
HAP1_chr06	HAP2_chr22	13	3284582	9019674	6040646	0.278928	0.543747	0.063821	False	1303.3423
HAP1_chr06	HAP2_chr22	15	1661575	13871743	8216329	0.081344	0.202228	0.126275	False	3145.4510
HAP1_chr06	HAP2_chr22	17	1005935	15203134	8800212	0.043741	0.114308	0.145831	False	7935.5085
HAP1_chr06	HAP2_chr22	19	837532	15738727	9060039	0.034954	0.092442	0.141839	False	25969.7741
HAP1_chr06	HAP2_chr22	23	699563	16408075	9392238	0.027870	0.074483	0.126719	False	334260.9583
HAP1_chr06	HAP2_chr21	11	1628956	1862023	1740450	0.825408	0.935940	0.009139	False	67.2848
HAP1_chr06	HAP2_chr21	13	3651526	9019674	6927352	0.296981	0.527117	0.060075	False	1311.3065
HAP1_chr06	HAP2_chr21	15	1836453	13871743	9749738	0.084299	0.188359	0.124078	False	3157.0074
HAP1_chr06	HAP2_chr21	17	1074512	15203134	10481481	0.043661	0.102515	0.145934	False	7752.9136
HAP1_chr06	HAP2_chr21	19	885023	15738727	10776712	0.034530	0.082124	0.142459	False	25157.9662
HAP1_chr06	HAP2_chr21	23	738573	16408075	11129001	0.027560	0.066365	0.127192	False	324196.5365
HAP1_chr06	HAP2_chr23	11	1629207	1862023	1740516	0.825612	0.936048	0.009127	False	67.4383
HAP1_chr06	HAP2_chr23	13	3659247	9019674	6913236	0.298138	0.529310	0.059845	False	1321.0920
HAP1_chr06	HAP2_chr23	15	1867974	13871743	9735989	0.085924	0.191863	0.122905	False	3222.7902
HAP1_chr06	HAP2_chr23	17	1108177	15203134	10491711	0.045072	0.105624	0.144143	False	7996.0495
HAP1_chr06	HAP2_chr23	19	913848	15738727	10813251	0.035644	0.084512	0.140845	False	25934.4517
HAP1_chr06	HAP2_chr23	23	758201	16408075	11210512	0.028227	0.067633	0.126180	False	331600.1517
HAP1_chr06	HAP2_chr24	11	1633883	1862023	1746750	0.827329	0.935385	0.009024	False	66.6281
HAP1_chr06	HAP2_chr24	13	3664598	9019674	6932666	0.298232	0.528599	0.059826	False	1319.3332
HAP1_chr06	HAP2_chr24	15	1878724	13871743	9710842	0.086562	0.193467	0.122451	False	3249.7185
HAP1_chr06	HAP2_chr24	17	1128530	15203134	10421673	0.046069	0.108287	0.142912	False	8173.6464
HAP1_chr06	HAP2_chr24	19	935694	15738727	10707211	0.036679	0.087389	0.139391	False	26686.7884
HAP1_chr06	HAP2_chr24	23	776752	16408075	11048947	0.029113	0.070301	0.124874	False	342188.2874
HAP1_chr06	HAP2_chr25	11	1556764	1862023	1652327	0.795247	0.942165	0.011009	False	74.0514
HAP1_chr06	HAP2_chr25	13	3177978	9019674	5856933	0.271654	0.542601	0.065415	False	1278.0219
HAP1_chr06	HAP2_chr25	15	1548085	13871743	7847891	0.076746	0.197261	0.129870	False	2987.5512
HAP1_chr06	HAP2_chr25	17	915467	15203134	8334301	0.040468	0.109843	0.150222	False	7416.2063
HAP1_chr06	HAP2_chr25	19	757410	15738727	8530821	0.032214	0.088785	0.145996	False	24201.6640
HAP1_chr06	HAP2_chr25	23	628404	16408075	8768493	0.025599	0.071666	0.130319	False	310756.1420
HAP1_chr06	HAP2_chr26	11	1589008	1862023	1692364	0.808500	0.938928	0.010175	False	70.4747
HAP1_chr06	HAP2_chr26	13	3319822	9019674	6190440	0.279204	0.536282	0.063762	False	1283.5808
HAP1_chr06	HAP2_chr26	15	1642498	13871743	8368839	0.079740	0.196264	0.127504	False	3067.1596
HAP1_chr06	HAP2_chr26	17	987332	15203134	8904372	0.042704	0.110882	0.147184	False	7739.3033
HAP1_chr06	HAP2_chr26	19	823973	15738727	9117717	0.034286	0.090371	0.142820	False	25467.6794
HAP1_chr06	HAP2_chr26	23	690889	16408075	9371550	0.027538	0.073722	0.127227	False	330480.5493
HAP1_chr07	HAP1_chr08	11	1662825	1784793	1858305	0.839695	0.931663	0.008288	False	64.6509
HAP1_chr07	HAP1_chr08	13	3968739	7637316	8947896	0.314568	0.519651	0.056686	False	1353.8673
HAP1_chr07	HAP1_chr08	15	2133773	11192427	13720128	0.093674	0.190644	0.117622	False	3454.8972
HAP1_chr07	HAP1_chr08	17	1298602	12230946	15032264	0.050014	0.106173	0.138300	False	8729.9336
HAP1_chr07	HAP1_chr08	19	1080345	12703966	15558722	0.039744	0.085040	0.135322	False	28449.9986
HAP1_chr07	HAP1_chr08	23	902256	13324187	16207280	0.031515	0.067716	0.121529	False	364188.5602
HAP1_chr07	HAP1_chr09	11	1699225	1784793	1914774	0.849467	0.952057	0.007718	False	54.5579
HAP1_chr07	HAP1_chr09	13	4405152	7637316	10281492	0.325978	0.576793	0.054610	False	1349.8739
HAP1_chr07	HAP1_chr09	15	2497133	11192427	16671392	0.098441	0.223109	0.114603	False	3646.1929
HAP1_chr07	HAP1_chr09	17	1536596	12230946	18461438	0.052703	0.125632	0.135370	False	9315.3257
HAP1_chr07	HAP1_chr09	19	1281985	12703966	19130088	0.041961	0.100912	0.132578	False	30444.6002
HAP1_chr07	HAP1_chr09	23	1072715	13324187	19900010	0.033364	0.080509	0.119128	False	390759.1876
HAP1_chr07	HAP1_chr10	11	1687411	1784793	1897841	0.845726	0.945438	0.007935	False	56.8441
HAP1_chr07	HAP1_chr10	13	4210162	7637316	9766088	0.319115	0.551262	0.055848	False	1332.9345
HAP1_chr07	HAP1_chr10	15	2285948	11192427	15448533	0.093859	0.204241	0.117501	False	3460.5498
HAP1_chr07	HAP1_chr10	17	1371810	12230946	17004832	0.049232	0.112159	0.139183	False	8660.4184
HAP1_chr07	HAP1_chr10	19	1136737	12703966	17586104	0.038992	0.089479	0.136290	False	28153.9248
HAP1_chr07	HAP1_chr10	23	952157	13324187	18258702	0.031085	0.071461	0.122108	False	362097.0639
HAP1_chr07	HAP1_chr11	11	1672397	1784793	1872099	0.842732	0.937026	0.008110	False	62.6952
HAP1_chr07	HAP1_chr11	13	4132675	7637316	9326903	0.322072	0.541116	0.055310	False	1379.3820
HAP1_chr07	HAP1_chr11	15	2321157	11192427	14671173	0.098595	0.207386	0.114508	False	3644.0134
HAP1_chr07	HAP1_chr11	17	1445874	12230946	16214000	0.053553	0.118214	0.134477	False	9363.9659
HAP1_chr07	HAP1_chr11	19	1206865	12703966	16845289	0.042582	0.094999	0.131836	False	30545.2750
HAP1_chr07	HAP1_chr11	23	1004441	13324187	17621694	0.033547	0.075385	0.118898	False	388823.2818
HAP1_chr07	HAP1_chr12	11	1698607	1784793	1915799	0.848461	0.951711	0.007776	False	53.3761
HAP1_chr07	HAP1_chr12	13	4319611	7637316	10153789	0.320648	0.565593	0.055568	False	1321.1874
HAP1_chr07	HAP1_chr12	15	2360613	11192427	16247040	0.094128	0.210912	0.117328	False	3474.1286
HAP1_chr07	HAP1_chr12	17	1414394	12230946	17909288	0.049238	0.115641	0.139177	False	8697.5051
HAP1_chr07	HAP1_chr12	19	1169006	12703966	18511755	0.038906	0.092019	0.136401	False	28219.0278
HAP1_chr07	HAP1_chr12	23	973606	13324187	19189942	0.030868	0.073071	0.122403	False	361158.3928
HAP1_chr07	HAP1_chr13	11	1674388	1784793	1875135	0.843291	0.938141	0.008077	False	62.1751
HAP1_chr07	HAP1_chr13	13	4131783	7637316	9343819	0.321556	0.540999	0.055404	False	1374.8810
HAP1_chr07	HAP1_chr13	15	2325890	11192427	14682039	0.098770	0.207809	0.114400	False	3650.8102
HAP1_chr07	HAP1_chr13	17	1452059	12230946	16239991	0.053742	0.118720	0.134280	False	9396.8999
HAP1_chr07	HAP1_chr13	19	1213645	12703966	16884360	0.042772	0.095533	0.131611	False	30681.4436
HAP1_chr07	HAP1_chr13	23	1008581	13324187	17677470	0.033627	0.075696	0.118798	False	389809.4724
HAP1_chr07	HAP1_chr14	11	1671183	1784793	1871130	0.842016	0.936346	0.008152	False	62.4029
HAP1_chr07	HAP1_chr14	13	4083971	7637316	9262991	0.318654	0.534739	0.055932	False	1360.6086
HAP1_chr07	HAP1_chr14	15	2238852	11192427	14456692	0.095635	0.200033	0.116360	False	3529.1685
HAP1_chr07	HAP1_chr14	17	1365922	12230946	15903532	0.051027	0.111678	0.137178	False	8926.5539
HAP1_chr07	HAP1_chr14	19	1131031	12703966	16468416	0.040334	0.089030	0.134576	False	28950.0254
HAP1_chr07	HAP1_chr14	23	934002	13324187	17136388	0.031633	0.070098	0.121372	False	366639.8682
HAP1_chr07	HAP1_chr15	11	1661059	1784793	1855173	0.839382	0.930673	0.008307	False	65.4214
HAP1_chr07	HAP1_chr15	13	3952912	7637316	8874233	0.314756	0.517579	0.056651	False	1360.1357
HAP1_chr07	HAP1_chr15	15	2147851	11192427	13573555	0.094961	0.191902	0.116790	False	3505.7098
HAP1_chr07	HAP1_chr15	17	1322132	12230946	14867839	0.051292	0.108097	0.136888	False	8941.4023
HAP1_chr07	HAP1_chr15	19	1100742	12703966	15377188	0.040798	0.086646	0.133998	False	29158.9026
HAP1_chr07	HAP1_chr15	23	918930	13324187	15979423	0.032374	0.068967	0.120396	False	373554.1506
HAP1_chr07	HAP1_chr16	11	1671816	1784793	1875435	0.840779	0.936700	0.008224	False	59.9322
HAP1_chr07	HAP1_chr16	13	3982248	7637316	9236754	0.308897	0.521420	0.057753	False	1296.5024
HAP1_chr07	HAP1_chr16	15	1987272	11192427	14181284	0.084975	0.177555	0.123587	False	3111.1413
HAP1_chr07	HAP1_chr16	17	1106430	12230946	15402512	0.041710	0.090462	0.148514	False	7323.1548
HAP1_chr07	HAP1_chr16	19	889928	12703966	15797116	0.032231	0.070051	0.145969	False	23250.8083
HAP1_chr07	HAP1_chr16	23	730417	13324187	16206423	0.025362	0.054819	0.130714	False	294834.4186
HAP1_chr07	HAP1_chr17	11	1642690	1784793	1828536	0.833582	0.920381	0.008650	False	69.3436
HAP1_chr07	HAP1_chr17	13	3731909	7637316	8215644	0.307887	0.488641	0.057945	False	1361.6057
HAP1_chr07	HAP1_chr17	15	2012253	11192427	12154666	0.094318	0.179787	0.117205	False	3494.0744
HAP1_chr07	HAP1_chr17	17	1265891	12230946	13222763	0.052336	0.103499	0.135761	False	9088.5033
HAP1_chr07	HAP1_chr17	19	1063999	12703966	13661444	0.042053	0.083753	0.132467	False	29906.2831
HAP1_chr07	HAP1_chr17	23	889244	13324187	14203159	0.033382	0.066739	0.119105	False	383424.9636
HAP1_chr07	HAP1_chr18	11	1594634	1784793	1761652	0.817002	0.905192	0.009650	False	77.8885
HAP1_chr07	HAP1_chr18	13	3309273	7637316	7039081	0.291127	0.470129	0.061259	False	1348.6770
HAP1_chr07	HAP1_chr18	15	1738813	11192427	9893375	0.089875	0.175755	0.120150	False	3374.5685
HAP1_chr07	HAP1_chr18	17	1116033	12230946	10674911	0.051218	0.104547	0.136969	False	8929.0312
HAP1_chr07	HAP1_chr18	19	949385	12703966	11026423	0.041674	0.086101	0.132924	False	29705.9751
HAP1_chr07	HAP1_chr18	23	804563	13324187	11490106	0.033510	0.070022	0.118945	False	385700.5276
HAP1_chr07	HAP1_chr19	11	1591956	1784793	1756593	0.816626	0.906275	0.009673	False	79.3317
HAP1_chr07	HAP1_chr19	13	3350130	7637316	7125681	0.293540	0.470149	0.060768	False	1357.0609
HAP1_chr07	HAP1_chr19	15	1746411	11192427	10112005	0.089294	0.172707	0.120547	False	3344.5099
HAP1_chr07	HAP1_chr19	17	1099320	12230946	10913586	0.049867	0.100729	0.138466	False	8694.0571
HAP1_chr07	HAP1_chr19	19	926830	12703966	11252278	0.040245	0.082368	0.134688	False	28706.3170
HAP1_chr07	HAP1_chr19	23	780704	13324187	11676341	0.032234	0.066862	0.120579	False	371265.9347
HAP1_chr07	HAP1_chr20	11	1558065	1784793	1711472	0.803872	0.910365	0.010464	False	84.1071
HAP1_chr07	HAP1_chr20	13	3128980	7637316	6490457	0.284484	0.482089	0.062638	False	1358.9238
HAP1_chr07	HAP1_chr20	15	1655913	11192427	8988729	0.089387	0.184221	0.120483	False	3392.3731
HAP1_chr07	HAP1_chr20	17	1069984	12230946	9665961	0.051375	0.110696	0.136797	False	9003.2053
HAP1_chr07	HAP1_chr20	19	905915	12703966	9964401	0.041627	0.090915	0.132981	False	29819.8420
HAP1_chr07	HAP1_chr20	23	756553	13324187	10349545	0.033012	0.073100	0.119574	False	382147.4994
HAP1_chr07	HAP1_chr21	11	1580668	1784793	1742327	0.812077	0.907217	0.009953	False	80.3564
HAP1_chr07	HAP1_chr21	13	3274651	7637316	6944609	0.289606	0.471539	0.061571	False	1347.3846
HAP1_chr07	HAP1_chr21	15	1685955	11192427	9781299	0.087411	0.172365	0.121853	False	3281.9671
HAP1_chr07	HAP1_chr21	17	1045155	12230946	10518678	0.048154	0.099362	0.140426	False	8417.7592
HAP1_chr07	HAP1_chr21	19	870575	12703966	10816829	0.038436	0.080483	0.137018	False	27500.6148
HAP1_chr07	HAP1_chr21	23	718104	13324187	11173336	0.030199	0.064269	0.123329	False	349098.4337
HAP1_chr07	HAP1_chr22	11	1553132	1784793	1704026	0.802367	0.911449	0.010558	False	85.4565
HAP1_chr07	HAP1_chr22	13	3091586	7637316	6405553	0.282304	0.482642	0.063099	False	1352.9358
HAP1_chr07	HAP1_chr22	15	1617239	11192427	8841730	0.087813	0.182910	0.121571	False	3337.5160
HAP1_chr07	HAP1_chr22	17	1034454	12230946	9505777	0.049968	0.108824	0.138352	False	8775.3083
HAP1_chr07	HAP1_chr22	19	872773	12703966	9805074	0.040338	0.089012	0.134571	False	28960.7565
HAP1_chr07	HAP1_chr22	23	726101	13324187	10195462	0.031856	0.071218	0.121076	False	369526.6911
HAP1_chr07	HAP1_chr23	11	1590110	1784793	1753511	0.816197	0.906815	0.009700	False	80.0374
HAP1_chr07	HAP1_chr23	13	3334079	7637316	7067544	0.293215	0.471745	0.060833	False	1360.4088
HAP1_chr07	HAP1_chr23	15	1755299	11192427	10003276	0.090291	0.175472	0.119867	False	3387.0636
HAP1_chr07	HAP1_chr23	17	1109922	12230946	10789591	0.050657	0.102870	0.137585	False	8830.8316
HAP1_chr07	HAP1_chr23	19	932766	12703966	11123421	0.040742	0.083856	0.134068	False	29057.6037
HAP1_chr07	HAP1_chr23	23	775634	13324187	11537178	0.032203	0.067229	0.120619	False	371072.8143
HAP1_chr07	HAP1_chr24	11	1583284	1784793	1746189	0.812900	0.906708	0.009903	False	79.7173
HAP1_chr07	HAP1_chr24	13	3243484	7637316	6912850	0.286864	0.469196	0.062139	False	1331.3921
HAP1_chr07	HAP1_chr24	15	1636235	11192427	9670718	0.085101	0.169195	0.123496	False	3195.0797
HAP1_chr07	HAP1_chr24	17	1003995	12230946	10375760	0.046475	0.096764	0.142418	False	8138.5754
HAP1_chr07	HAP1_chr24	19	836222	12703966	10659044	0.037121	0.078452	0.138783	False	26609.4393
HAP1_chr07	HAP1_chr24	23	693444	13324187	10997536	0.029348	0.063054	0.124535	False	339793.9431
HAP1_chr07	HAP1_chr25	11	1522290	1784793	1652760	0.794820	0.921059	0.011036	False	97.5544
HAP1_chr07	HAP1_chr25	13	3106842	7637316	5875803	0.298555	0.528752	0.059762	False	1530.0644
HAP1_chr07	HAP1_chr25	15	1917129	11192427	7878851	0.111759	0.243326	0.106947	False	4325.0604
HAP1_chr07	HAP1_chr25	17	1380074	12230946	8364267	0.071822	0.164996	0.118222	False	12536.8733
HAP1_chr07	HAP1_chr25	19	1188059	12703966	8557390	0.059186	0.138834	0.115338	False	42214.6664
HAP1_chr07	HAP1_chr25	23	973773	13324187	8789357	0.046064	0.110790	0.105636	False	533743.0519
HAP1_chr07	HAP1_chr26	11	1537761	1784793	1686479	0.795321	0.911817	0.011004	False	85.5347
HAP1_chr07	HAP1_chr26	13	2930988	7637316	6131968	0.270429	0.477985	0.065689	False	1299.5581
HAP1_chr07	HAP1_chr26	15	1434956	11192427	8274002	0.079581	0.173429	0.127627	False	3039.7219
HAP1_chr07	HAP1_chr26	17	886443	12230946	8799975	0.044004	0.100732	0.145493	False	7807.1474
HAP1_chr07	HAP1_chr26	19	746171	12703966	9008407	0.035589	0.082831	0.140923	False	25829.4233
HAP1_chr07	HAP1_chr26	23	627516	13324187	9253365	0.028588	0.067815	0.125643	False	335217.8024
HAP1_chr07	HAP2_chr01	11	1723272	1784793	1956191	0.854072	0.965530	0.007452	False	45.2960
HAP1_chr07	HAP2_chr01	13	4767504	7637316	11594047	0.329615	0.624238	0.053967	False	1310.3225
HAP1_chr07	HAP2_chr01	15	2772920	11192427	19936069	0.097791	0.247750	0.115005	False	3656.5232
HAP1_chr07	HAP2_chr01	17	1669252	12230946	22404348	0.050635	0.136478	0.137609	False	9167.2816
HAP1_chr07	HAP2_chr01	19	1377392	12703966	23312721	0.039764	0.108422	0.135297	False	29625.5460
HAP1_chr07	HAP2_chr01	23	1148211	13324187	24358453	0.031428	0.086175	0.121646	False	378048.8362
HAP1_chr07	HAP2_chr02	11	1716986	1784793	1944775	0.853126	0.962008	0.007507	False	48.0946
HAP1_chr07	HAP2_chr02	13	4673569	7637316	11207989	0.329781	0.611939	0.053938	False	1328.9015
HAP1_chr07	HAP2_chr02	15	2719756	11192427	18930484	0.099250	0.243000	0.114106	False	3701.1273
HAP1_chr07	HAP2_chr02	17	1664848	12230946	21212559	0.052389	0.136118	0.135705	False	9405.7099
HAP1_chr07	HAP2_chr02	19	1383624	12703966	22080660	0.041425	0.108913	0.133227	False	30581.3192
HAP1_chr07	HAP2_chr02	23	1156445	13324187	23100878	0.032790	0.086793	0.119859	False	390986.7113
HAP1_chr07	HAP2_chr03	11	1728567	1784793	1963081	0.856020	0.968497	0.007341	False	44.7764
HAP1_chr07	HAP2_chr03	13	4912182	7637316	11634879	0.342074	0.643182	0.051831	False	1391.2152
HAP1_chr07	HAP2_chr03	15	3156934	11192427	19905925	0.112984	0.282060	0.106294	False	4256.3794
HAP1_chr07	HAP2_chr03	17	2080548	12230946	22313308	0.064088	0.170105	0.124498	False	11494.1686
HAP1_chr07	HAP2_chr03	19	1754445	12703966	23191431	0.051388	0.138102	0.122385	False	37846.8969
HAP1_chr07	HAP2_chr03	23	1455030	13324187	24190163	0.040351	0.109202	0.111154	False	480733.4688
HAP1_chr07	HAP2_chr04	11	1712094	1784793	1937260	0.851805	0.959268	0.007583	False	49.3589
HAP1_chr07	HAP2_chr04	13	4556057	7637316	10898284	0.325909	0.596552	0.054622	False	1317.7970
HAP1_chr07	HAP2_chr04	15	2549515	11192427	18070854	0.095438	0.227789	0.116486	False	3539.9711
HAP1_chr07	HAP2_chr04	17	1520831	12230946	20103510	0.049356	0.124343	0.139043	False	8819.7811
HAP1_chr07	HAP2_chr04	19	1255661	12703966	20853426	0.038873	0.098840	0.136445	False	28556.2886
HAP1_chr07	HAP2_chr04	23	1049064	13324187	21714248	0.030864	0.078734	0.122409	False	365831.1866
HAP1_chr07	HAP2_chr06	11	1660820	1784793	1856147	0.838747	0.930539	0.008344	False	64.5545
HAP1_chr07	HAP2_chr06	13	3943335	7637316	8915399	0.312730	0.516325	0.057029	False	1343.6914
HAP1_chr07	HAP2_chr06	15	2083628	11192427	13659620	0.091514	0.186164	0.119045	False	3370.9365
HAP1_chr07	HAP2_chr06	17	1248816	12230946	14950852	0.048156	0.102103	0.140424	False	8413.2408
HAP1_chr07	HAP2_chr06	19	1036596	12703966	15462891	0.038208	0.081596	0.137319	False	27381.0569
HAP1_chr07	HAP2_chr06	23	869440	13324187	16092268	0.030456	0.065253	0.122970	False	352194.4332
HAP1_chr07	HAP2_chr09	11	1647363	1784793	1835654	0.834918	0.922999	0.008570	False	68.1011
HAP1_chr07	HAP2_chr09	13	3783764	7637316	8400787	0.308769	0.495431	0.057777	False	1353.5435
HAP1_chr07	HAP2_chr09	15	2015118	11192427	12520506	0.092872	0.180043	0.118146	False	3433.3284
HAP1_chr07	HAP2_chr09	17	1243874	12230946	13598702	0.050593	0.101699	0.137656	False	8799.9245
HAP1_chr07	HAP2_chr09	19	1040041	12703966	14008836	0.040511	0.081867	0.134355	False	28866.4678
HAP1_chr07	HAP2_chr09	23	868592	13324187	14488605	0.032237	0.065189	0.120575	False	370812.4766
HAP1_chr07	HAP2_chr08	11	1657662	1784793	1850664	0.838136	0.928770	0.008380	False	65.8519
HAP1_chr07	HAP2_chr08	13	3924186	7637316	8796322	0.313698	0.513817	0.056848	False	1358.3771
HAP1_chr07	HAP2_chr08	15	2111014	11192427	13405860	0.093876	0.188611	0.117491	False	3464.5011
HAP1_chr07	HAP2_chr08	17	1292329	12230946	14664144	0.050476	0.105661	0.137785	False	8799.0452
HAP1_chr07	HAP2_chr08	19	1077813	12703966	15167024	0.040227	0.084841	0.134711	False	28748.3698
HAP1_chr07	HAP2_chr08	23	900968	13324187	15783256	0.031942	0.067619	0.120962	False	368521.4129
HAP1_chr07	HAP2_chr11	11	1674581	1784793	1875256	0.843419	0.938249	0.008070	False	62.2444
HAP1_chr07	HAP2_chr11	13	4154582	7637316	9396976	0.322568	0.543985	0.055221	False	1378.3031
HAP1_chr07	HAP2_chr11	15	2338072	11192427	14824614	0.098740	0.208898	0.114419	False	3649.7783
HAP1_chr07	HAP2_chr11	17	1454418	12230946	16402565	0.053512	0.118913	0.134519	False	9364.1366
HAP1_chr07	HAP2_chr11	19	1211536	12703966	17052685	0.042443	0.095367	0.132001	False	30476.1288
HAP1_chr07	HAP2_chr11	23	1004745	13324187	17855262	0.033298	0.075408	0.119212	False	386388.6495
HAP1_chr07	HAP2_chr12	11	1698907	1784793	1916305	0.848524	0.951879	0.007772	False	53.2668
HAP1_chr07	HAP2_chr12	13	4320860	7637316	10157744	0.320677	0.565756	0.055563	False	1321.1595
HAP1_chr07	HAP2_chr12	15	2363372	11192427	16248346	0.094243	0.211158	0.117253	False	3478.6826
HAP1_chr07	HAP2_chr12	17	1418293	12230946	17907770	0.049383	0.115959	0.139012	False	8722.3046
HAP1_chr07	HAP2_chr12	19	1173369	12703966	18511531	0.039057	0.092362	0.136205	False	28324.6740
HAP1_chr07	HAP2_chr12	23	977977	13324187	19196363	0.031005	0.073399	0.122217	False	362719.1449
HAP1_chr07	HAP2_chr13	11	1604552	1784793	1773388	0.821319	0.904795	0.009387	False	77.5734
HAP1_chr07	HAP2_chr13	13	3483219	7637316	7463531	0.299822	0.466699	0.059511	False	1369.1024
HAP1_chr07	HAP2_chr13	15	1836687	11192427	10811655	0.091072	0.169880	0.119341	False	3393.9125
HAP1_chr07	HAP2_chr13	17	1138913	12230946	11714892	0.049937	0.097219	0.138387	False	8689.1763
HAP1_chr07	HAP2_chr13	19	950159	12703966	12084487	0.039859	0.078626	0.135177	False	28395.9613
HAP1_chr07	HAP2_chr13	23	787104	13324187	12533334	0.031396	0.062801	0.121689	False	361285.6706
HAP1_chr07	HAP2_chr05	11	1705237	1784793	1927047	0.849813	0.955426	0.007698	False	50.9223
HAP1_chr07	HAP2_chr05	13	4448197	7637316	10709499	0.320046	0.582429	0.055678	False	1287.7986
HAP1_chr07	HAP2_chr05	15	2340799	11192427	17601194	0.088490	0.209141	0.121101	False	3258.4990
HAP1_chr07	HAP2_chr05	17	1299221	12230946	19429478	0.042792	0.106224	0.147068	False	7644.8649
HAP1_chr07	HAP2_chr05	19	1040856	12703966	20016096	0.032856	0.081932	0.144989	False	24155.3625
HAP1_chr07	HAP2_chr05	23	854934	13324187	20608717	0.025846	0.064164	0.129912	False	306025.5516
HAP1_chr07	HAP2_chr10	11	1685629	1784793	1895187	0.845202	0.944439	0.007966	False	57.2592
HAP1_chr07	HAP2_chr10	13	4190988	7637316	9712491	0.318493	0.548751	0.055961	False	1331.9162
HAP1_chr07	HAP2_chr10	15	2267814	11192427	15325642	0.093517	0.202620	0.117724	False	3446.8474
HAP1_chr07	HAP2_chr10	17	1357549	12230946	16850568	0.048967	0.110993	0.139487	False	8609.3207
HAP1_chr07	HAP2_chr10	19	1123559	12703966	17412284	0.038753	0.088442	0.136601	False	27966.0226
HAP1_chr07	HAP2_chr10	23	940060	13324187	18052398	0.030886	0.070553	0.122379	False	359533.6206
HAP1_chr07	HAP2_chr14	11	1672210	1784793	1872511	0.842383	0.936921	0.008130	False	62.2624
HAP1_chr07	HAP2_chr14	13	4095535	7637316	9287321	0.319238	0.536253	0.055825	False	1362.9701
HAP1_chr07	HAP2_chr14	15	2252940	11192427	14504228	0.096100	0.201291	0.116065	False	3547.1980
HAP1_chr07	HAP2_chr14	17	1378782	12230946	15955961	0.051431	0.112729	0.136736	False	8996.6996
HAP1_chr07	HAP2_chr14	19	1143454	12703966	16521915	0.040718	0.090008	0.134098	False	29220.8833
HAP1_chr07	HAP2_chr14	23	945786	13324187	17192812	0.031983	0.070983	0.120908	False	370655.9508
HAP1_chr07	HAP2_chr15	11	1625264	1784793	1801610	0.828735	0.910618	0.008939	False	74.2931
HAP1_chr07	HAP2_chr15	13	3655821	7637316	7922995	0.307096	0.478679	0.058097	False	1379.4662
HAP1_chr07	HAP2_chr15	15	1984830	11192427	11716993	0.094856	0.177337	0.116858	False	3521.7105
HAP1_chr07	HAP2_chr15	17	1249373	12230946	12776868	0.052586	0.102149	0.135494	False	9127.9740
HAP1_chr07	HAP2_chr15	19	1047923	12703966	13220548	0.042125	0.082488	0.132381	False	29942.1623
HAP1_chr07	HAP2_chr15	23	876285	13324187	13763461	0.033431	0.065766	0.119043	False	383825.2213
HAP1_chr07	HAP2_chr18	11	1589304	1784793	1754152	0.815178	0.906024	0.009762	False	78.9166
HAP1_chr07	HAP2_chr18	13	3267843	7637316	6943926	0.288847	0.470605	0.061728	False	1342.1592
HAP1_chr07	HAP2_chr18	15	1695833	11192427	9721359	0.088242	0.174444	0.121272	False	3316.7874
HAP1_chr07	HAP2_chr18	17	1078008	12230946	10474208	0.049845	0.102920	0.138490	False	8705.1451
HAP1_chr07	HAP2_chr18	19	913689	12703966	10808975	0.040430	0.084531	0.134456	False	28874.6176
HAP1_chr07	HAP2_chr18	23	772019	13324187	11244443	0.032442	0.068658	0.120307	False	374120.2040
HAP1_chr07	HAP2_chr16	11	1671819	1784793	1875396	0.840799	0.936702	0.008223	False	59.9615
HAP1_chr07	HAP2_chr16	13	3976966	7637316	9231562	0.308485	0.520728	0.057831	False	1294.0383
HAP1_chr07	HAP2_chr16	15	1979917	11192427	14170650	0.084673	0.176898	0.123806	False	3099.1843
HAP1_chr07	HAP2_chr16	17	1098946	12230946	15390938	0.041434	0.089850	0.148889	False	7275.4639
HAP1_chr07	HAP2_chr16	19	882829	12703966	15784249	0.031980	0.069492	0.146367	False	23074.4609
HAP1_chr07	HAP2_chr16	23	724245	13324187	16190750	0.025156	0.054356	0.131060	False	292484.5218
HAP1_chr07	HAP2_chr17	11	1643663	1784793	1830609	0.833611	0.920926	0.008648	False	68.6704
HAP1_chr07	HAP2_chr17	13	3732812	7637316	8240648	0.307350	0.488760	0.058048	False	1356.0423
HAP1_chr07	HAP2_chr17	15	1999952	11192427	12197774	0.093498	0.178688	0.117736	False	3461.7192
HAP1_chr07	HAP2_chr17	17	1249455	12230946	13269618	0.051522	0.102155	0.136638	False	8952.3854
HAP1_chr07	HAP2_chr17	19	1047028	12703966	13709289	0.041276	0.082417	0.133409	False	29377.1832
HAP1_chr07	HAP2_chr17	23	872329	13324187	14252006	0.032667	0.065470	0.120017	False	375486.3624
HAP1_chr07	HAP2_chr07	11	1742647	1784793	1758901	0.967574	0.990759	0.001511	False	200.8393
HAP1_chr07	HAP2_chr07	13	6985359	7637316	7240106	0.885112	0.964814	0.004837	False	4157.8147
HAP1_chr07	HAP2_chr07	15	9909251	11192427	10421927	0.846575	0.950808	0.005783	False	20792.7189
HAP1_chr07	HAP2_chr07	17	10715323	12230946	11338838	0.833588	0.945011	0.005597	False	84203.6739
HAP1_chr07	HAP2_chr07	19	11064264	12703966	11754937	0.826022	0.941244	0.005270	False	335625.5261
HAP1_chr07	HAP2_chr07	23	11496830	13324187	12293816	0.814155	0.935172	0.004699	False	5328305.5603
HAP1_chr07	HAP2_chr19	11	1549667	1784793	1700238	0.800711	0.911441	0.010663	False	85.3511
HAP1_chr07	HAP2_chr19	13	3054151	7637316	6349723	0.279354	0.480990	0.063729	False	1338.3019
HAP1_chr07	HAP2_chr19	15	1559723	11192427	8710089	0.085032	0.179071	0.123546	False	3234.1087
HAP1_chr07	HAP2_chr19	17	986356	12230946	9328904	0.047943	0.105731	0.140672	False	8442.9643
HAP1_chr07	HAP2_chr19	19	833044	12703966	9592131	0.038813	0.086847	0.136523	False	27946.8697
HAP1_chr07	HAP2_chr19	23	702379	13324187	9920765	0.031158	0.070799	0.122010	False	362369.0997
HAP1_chr07	HAP2_chr20	11	1555225	1784793	1707604	0.802833	0.910764	0.010529	False	84.5772
HAP1_chr07	HAP2_chr20	13	3111392	7637316	6447496	0.283539	0.482574	0.062837	False	1356.9970
HAP1_chr07	HAP2_chr20	15	1642595	11192427	8910664	0.088979	0.184340	0.120763	False	3380.0768
HAP1_chr07	HAP2_chr20	17	1060403	12230946	9575366	0.051114	0.110743	0.137083	False	8964.7470
HAP1_chr07	HAP2_chr20	19	897799	12703966	9867294	0.041424	0.090987	0.133228	False	29697.7755
HAP1_chr07	HAP2_chr20	23	749789	13324187	10242168	0.032862	0.073206	0.119767	False	380710.9896
HAP1_chr07	HAP2_chr22	11	1527668	1784793	1670517	0.792506	0.914488	0.011184	False	88.8707
HAP1_chr07	HAP2_chr22	13	2951477	7637316	6040646	0.275158	0.488603	0.064641	False	1344.5449
HAP1_chr07	HAP2_chr22	15	1534119	11192427	8216329	0.085827	0.186716	0.122975	False	3292.8749
HAP1_chr07	HAP2_chr22	17	983241	12230946	8800212	0.049045	0.111729	0.139398	False	8671.7776
HAP1_chr07	HAP2_chr22	19	829784	12703966	9060039	0.039638	0.091587	0.135458	False	28644.8632
HAP1_chr07	HAP2_chr22	23	690012	13324187	9392238	0.031327	0.073466	0.121782	False	365867.9805
HAP1_chr07	HAP2_chr21	11	1579406	1784793	1740450	0.811685	0.907470	0.009978	False	80.6754
HAP1_chr07	HAP2_chr21	13	3265747	7637316	6927352	0.289032	0.471428	0.061689	False	1345.0989
HAP1_chr07	HAP2_chr21	15	1675861	11192427	9749738	0.086984	0.171888	0.122153	False	3266.3450
HAP1_chr07	HAP2_chr21	17	1035881	12230946	10481481	0.047788	0.098830	0.140854	False	8357.2024
HAP1_chr07	HAP2_chr21	19	861897	12703966	10776712	0.038105	0.079978	0.137455	False	27276.9160
HAP1_chr07	HAP2_chr21	23	710232	13324187	11129001	0.029913	0.063818	0.123729	False	345958.5840
HAP1_chr07	HAP2_chr23	11	1580878	1784793	1740516	0.813029	0.908281	0.009895	False	81.8371
HAP1_chr07	HAP2_chr23	13	3283373	7637316	6913236	0.291410	0.474940	0.061201	False	1363.0841
HAP1_chr07	HAP2_chr23	15	1730194	11192427	9735989	0.090123	0.177711	0.119982	False	3389.8865
HAP1_chr07	HAP2_chr23	17	1098292	12230946	10491711	0.050790	0.104682	0.137439	False	8863.6338
HAP1_chr07	HAP2_chr23	19	924385	12703966	10813251	0.040915	0.085486	0.133853	False	29207.2161
HAP1_chr07	HAP2_chr23	23	769718	13324187	11210512	0.032389	0.068660	0.120377	False	373569.2034
HAP1_chr07	HAP2_chr24	11	1583986	1784793	1746750	0.813319	0.906819	0.009877	False	79.8887
HAP1_chr07	HAP2_chr24	13	3255310	7637316	6932666	0.287707	0.469561	0.061964	False	1335.3118
HAP1_chr07	HAP2_chr24	15	1648440	11192427	9710842	0.085612	0.169753	0.123129	False	3213.7387
HAP1_chr07	HAP2_chr24	17	1014393	12230946	10421673	0.046880	0.097335	0.141932	False	8205.4499
HAP1_chr07	HAP2_chr24	19	846061	12703966	10707211	0.037494	0.079018	0.138275	False	26862.1288
HAP1_chr07	HAP2_chr24	23	703167	13324187	11048947	0.029707	0.063641	0.124022	False	343755.7681
HAP1_chr07	HAP2_chr25	11	1522067	1784793	1652327	0.794791	0.921166	0.011038	False	97.6899
HAP1_chr07	HAP2_chr25	13	3098830	7637316	5856933	0.298096	0.529087	0.059853	False	1529.3079
HAP1_chr07	HAP2_chr25	15	1912433	11192427	7847891	0.111656	0.243688	0.107002	False	4323.5692
HAP1_chr07	HAP2_chr25	17	1376687	12230946	8334301	0.071745	0.165183	0.118281	False	12528.6912
HAP1_chr07	HAP2_chr25	19	1184470	12703966	8530821	0.059075	0.138846	0.115431	False	42152.6314
HAP1_chr07	HAP2_chr25	23	968944	13324187	8768493	0.045870	0.110503	0.105811	False	531727.6599
HAP1_chr07	HAP2_chr26	11	1542178	1784793	1692364	0.797000	0.911257	0.010897	False	84.8930
HAP1_chr07	HAP2_chr26	13	2953474	7637316	6190440	0.271602	0.477102	0.065427	False	1301.1373
HAP1_chr07	HAP2_chr26	15	1447144	11192427	8368839	0.079890	0.172921	0.127387	False	3046.8953
HAP1_chr07	HAP2_chr26	17	893869	12230946	8904372	0.044160	0.100385	0.145294	False	7825.8764
HAP1_chr07	HAP2_chr26	19	752786	12703966	9117717	0.035730	0.082563	0.140723	False	25901.6393
HAP1_chr07	HAP2_chr26	23	633833	13324187	9371550	0.028730	0.067634	0.125435	False	336450.5514
HAP1_chr08	HAP1_chr09	11	1758563	1858305	1914774	0.872946	0.946326	0.006386	False	47.4943
HAP1_chr08	HAP1_chr09	13	4960839	8947896	10281492	0.347676	0.554414	0.050901	False	1340.1764
HAP1_chr08	HAP1_chr09	15	2770829	13720128	16671392	0.100317	0.201954	0.113458	False	3592.2944
HAP1_chr08	HAP1_chr09	17	1617336	15032264	18461438	0.050738	0.107591	0.137496	False	8818.3455
HAP1_chr08	HAP1_chr09	19	1333526	15558722	19130088	0.039979	0.085709	0.135023	False	28609.1600
HAP1_chr08	HAP1_chr09	23	1124691	16207280	19900010	0.032150	0.069394	0.120689	False	371469.2489
HAP1_chr08	HAP1_chr10	11	1746169	1858305	1897841	0.868751	0.939657	0.006620	False	49.7187
HAP1_chr08	HAP1_chr10	13	4767936	8947896	9766088	0.341884	0.532856	0.051862	False	1340.7184
HAP1_chr08	HAP1_chr10	15	2622293	13720128	15448533	0.098782	0.191127	0.114393	False	3545.1031
HAP1_chr08	HAP1_chr10	17	1539007	15032264	17004832	0.050462	0.102380	0.137801	False	8748.9794
HAP1_chr08	HAP1_chr10	19	1265154	15558722	17586104	0.039685	0.081315	0.135397	False	28310.1777
HAP1_chr08	HAP1_chr10	23	1054795	16207280	18258702	0.031570	0.065082	0.121456	False	363705.1780
HAP1_chr08	HAP1_chr11	11	1728650	1858305	1872099	0.863568	0.930229	0.006912	False	54.1675
HAP1_chr08	HAP1_chr11	13	4632987	8947896	9326903	0.339617	0.517774	0.052244	False	1360.6140
HAP1_chr08	HAP1_chr11	15	2563198	13720128	14671173	0.099241	0.186820	0.114112	False	3573.7440
HAP1_chr08	HAP1_chr11	17	1517529	15032264	16214000	0.051046	0.100951	0.137157	False	8840.5131
HAP1_chr08	HAP1_chr11	19	1252321	15558722	16845289	0.040201	0.080490	0.134744	False	28634.0360
HAP1_chr08	HAP1_chr11	23	1048629	16207280	17621694	0.031990	0.064701	0.120899	False	368056.5148
HAP1_chr08	HAP1_chr12	11	1758272	1858305	1915799	0.872231	0.946170	0.006426	False	46.5611
HAP1_chr08	HAP1_chr12	13	4878588	8947896	10153789	0.343005	0.545222	0.051675	False	1319.2878
HAP1_chr08	HAP1_chr12	15	2648950	13720128	16247040	0.096966	0.193070	0.115519	False	3466.5888
HAP1_chr08	HAP1_chr12	17	1522699	15032264	17909288	0.048464	0.101295	0.140065	False	8424.1381
HAP1_chr08	HAP1_chr12	19	1248103	15558722	18511755	0.038026	0.080219	0.137561	False	27218.5370
HAP1_chr08	HAP1_chr12	23	1050265	16207280	19189942	0.030578	0.064802	0.122802	False	353246.8041
HAP1_chr08	HAP1_chr13	11	1730916	1858305	1875135	0.864367	0.931449	0.006867	False	53.7945
HAP1_chr08	HAP1_chr13	13	4638544	8947896	9343819	0.339741	0.518395	0.052223	False	1360.0445
HAP1_chr08	HAP1_chr13	15	2582992	13720128	14682039	0.100042	0.188263	0.113625	False	3604.2824
HAP1_chr08	HAP1_chr13	17	1546297	15032264	16239991	0.052018	0.102865	0.136101	False	9003.8135
HAP1_chr08	HAP1_chr13	19	1282768	15558722	16884360	0.041167	0.082447	0.133543	False	29297.2038
HAP1_chr08	HAP1_chr13	23	1079354	16207280	17677470	0.032902	0.066597	0.119715	False	378242.5731
HAP1_chr08	HAP1_chr14	11	1727499	1858305	1871130	0.862914	0.929610	0.006949	False	53.9545
HAP1_chr08	HAP1_chr14	13	4597296	8947896	9262991	0.337699	0.513785	0.052570	False	1353.4349
HAP1_chr08	HAP1_chr14	15	2509448	13720128	14456692	0.097768	0.182903	0.115019	False	3520.7444
HAP1_chr08	HAP1_chr14	17	1473323	15032264	15903532	0.050007	0.098011	0.138309	False	8664.6623
HAP1_chr08	HAP1_chr14	19	1213319	15558722	16468416	0.039376	0.077983	0.135794	False	28057.5163
HAP1_chr08	HAP1_chr14	23	1017311	16207280	17136388	0.031470	0.062769	0.121589	False	362085.0236
HAP1_chr08	HAP1_chr15	11	1716750	1858305	1855173	0.859782	0.925385	0.007126	False	56.8305
HAP1_chr08	HAP1_chr15	13	4459814	8947896	8874233	0.333761	0.502558	0.053245	False	1360.7824
HAP1_chr08	HAP1_chr15	15	2449370	13720128	13573555	0.098589	0.180452	0.114512	False	3569.7891
HAP1_chr08	HAP1_chr15	17	1474785	15032264	14867839	0.051883	0.099193	0.136247	False	8981.6722
HAP1_chr08	HAP1_chr15	19	1221119	15558722	15377188	0.041095	0.079411	0.133632	False	29225.9028
HAP1_chr08	HAP1_chr15	23	1015991	16207280	15979423	0.032594	0.063581	0.120111	False	374477.7361
HAP1_chr08	HAP1_chr16	11	1729016	1858305	1875435	0.862471	0.930426	0.006974	False	52.1101
HAP1_chr08	HAP1_chr16	13	4510147	8947896	9236754	0.329822	0.504046	0.053931	False	1304.2851
HAP1_chr08	HAP1_chr16	15	2294121	13720128	14181284	0.089589	0.167208	0.120345	False	3208.7770
HAP1_chr08	HAP1_chr16	17	1250552	15032264	15402512	0.042850	0.083191	0.146991	False	7452.9061
HAP1_chr08	HAP1_chr16	19	997430	15558722	15797116	0.032855	0.064107	0.144991	False	23544.1020
HAP1_chr08	HAP1_chr16	23	812500	16207280	16206423	0.025711	0.050134	0.130134	False	297368.9567
HAP1_chr08	HAP1_chr17	11	1700777	1858305	1828536	0.856356	0.930130	0.007322	False	63.2374
HAP1_chr08	HAP1_chr17	13	4417616	8947896	8215644	0.346590	0.537708	0.051080	False	1504.4171
HAP1_chr08	HAP1_chr17	15	2823877	13720128	12154666	0.122506	0.232329	0.101467	False	4509.4233
HAP1_chr08	HAP1_chr17	17	1963643	15032264	13222763	0.074688	0.148505	0.116078	False	12756.6318
HAP1_chr08	HAP1_chr17	19	1684913	15558722	13661444	0.061191	0.123333	0.113684	False	42805.3770
HAP1_chr08	HAP1_chr17	23	1399734	16207280	14203159	0.048249	0.098551	0.103711	False	547231.1899
HAP1_chr08	HAP1_chr18	11	1643217	1858305	1761652	0.831276	0.932770	0.008787	False	65.7925
HAP1_chr08	HAP1_chr18	13	3699851	8947896	7039081	0.301116	0.525616	0.059257	False	1330.4062
HAP1_chr08	HAP1_chr18	15	1952379	13720128	9893375	0.090133	0.197342	0.119975	False	3379.9999
HAP1_chr08	HAP1_chr18	17	1220405	15032264	10674911	0.049839	0.114325	0.138496	False	8792.3578
HAP1_chr08	HAP1_chr18	19	1029629	15558722	11026423	0.040290	0.093378	0.134632	False	29107.4779
HAP1_chr08	HAP1_chr18	23	870847	16207280	11490106	0.032462	0.075791	0.120282	False	378527.1525
HAP1_chr08	HAP1_chr19	11	1640481	1858305	1756593	0.830869	0.933899	0.008812	False	67.2873
HAP1_chr08	HAP1_chr19	13	3748631	8947896	7125681	0.304150	0.526073	0.058665	False	1340.9312
HAP1_chr08	HAP1_chr19	15	1965600	13720128	10112005	0.089891	0.194383	0.120139	False	3358.2778
HAP1_chr08	HAP1_chr19	17	1203195	15032264	10913586	0.048628	0.110247	0.139876	False	8568.1300
HAP1_chr08	HAP1_chr19	19	1005045	15558722	11252278	0.038946	0.089319	0.136349	False	28124.3478
HAP1_chr08	HAP1_chr19	23	840294	16207280	11676341	0.031072	0.071966	0.122126	False	362322.1900
HAP1_chr08	HAP1_chr20	11	1617491	1858305	1711472	0.828511	0.945088	0.008953	False	81.9666
HAP1_chr08	HAP1_chr20	13	3943984	8947896	6490457	0.343123	0.607659	0.051655	False	1682.2666
HAP1_chr08	HAP1_chr20	15	2831741	13720128	8988729	0.142462	0.315032	0.092581	False	5428.9843
HAP1_chr08	HAP1_chr20	17	2153806	15032264	9665961	0.095536	0.222824	0.102726	False	16430.1876
HAP1_chr08	HAP1_chr20	19	1877331	15558722	9964401	0.079394	0.188404	0.100873	False	55862.7335
HAP1_chr08	HAP1_chr20	23	1549559	16207280	10349545	0.061964	0.149722	0.093399	False	709685.5897
HAP1_chr08	HAP1_chr21	11	1628437	1858305	1742327	0.825698	0.934633	0.009122	False	68.0429
HAP1_chr08	HAP1_chr21	13	3645676	8947896	6944609	0.297683	0.524965	0.059935	False	1318.1276
HAP1_chr08	HAP1_chr21	15	1844654	13720128	9781299	0.085177	0.188590	0.123441	False	3189.5742
HAP1_chr08	HAP1_chr21	17	1087960	15032264	10518678	0.044474	0.103431	0.144895	False	7883.2308
HAP1_chr08	HAP1_chr21	19	896498	15558722	10816829	0.035186	0.082880	0.141503	False	25584.3095
HAP1_chr08	HAP1_chr21	23	745414	16207280	11173336	0.027986	0.066714	0.126544	False	328566.2506
HAP1_chr08	HAP1_chr22	11	1597685	1858305	1704026	0.813218	0.937594	0.009883	False	71.3968
HAP1_chr08	HAP1_chr22	13	3442095	8947896	6405553	0.288976	0.537361	0.061701	False	1326.6912
HAP1_chr08	HAP1_chr22	15	1787072	13720128	8841730	0.086021	0.202118	0.122836	False	3284.1438
HAP1_chr08	HAP1_chr22	17	1105251	15032264	9505777	0.047167	0.116272	0.141589	False	8440.4119
HAP1_chr08	HAP1_chr22	19	929876	15558722	9805074	0.038057	0.094836	0.137520	False	27877.1800
HAP1_chr08	HAP1_chr22	23	784394	16207280	10195462	0.030618	0.076936	0.122746	False	361949.5512
HAP1_chr08	HAP1_chr23	11	1638204	1858305	1753511	0.830054	0.934242	0.008860	False	67.7106
HAP1_chr08	HAP1_chr23	13	3715306	8947896	7067544	0.302054	0.525686	0.059073	False	1333.4534
HAP1_chr08	HAP1_chr23	15	1924420	13720128	10003276	0.088280	0.192379	0.121246	False	3300.5290
HAP1_chr08	HAP1_chr23	17	1165509	15032264	10789591	0.047270	0.108022	0.141466	False	8344.5427
HAP1_chr08	HAP1_chr23	19	972027	15558722	11123421	0.037807	0.087386	0.137854	False	27356.7262
HAP1_chr08	HAP1_chr23	23	814576	16207280	11537178	0.030248	0.070604	0.123260	False	353344.8901
HAP1_chr08	HAP1_chr24	11	1631787	1858305	1746189	0.827182	0.934485	0.009033	False	67.9096
HAP1_chr08	HAP1_chr24	13	3649097	8947896	6912850	0.298821	0.527872	0.059709	False	1329.9093
HAP1_chr08	HAP1_chr24	15	1890094	13720128	9670718	0.087908	0.195445	0.121505	False	3304.8466
HAP1_chr08	HAP1_chr24	17	1153747	15032264	10375760	0.047569	0.111196	0.141112	False	8427.4108
HAP1_chr08	HAP1_chr24	19	961758	15558722	10659044	0.038080	0.090229	0.137489	False	27652.1827
HAP1_chr08	HAP1_chr24	23	800608	16207280	10997536	0.030321	0.072799	0.123158	False	355704.4645
HAP1_chr08	HAP1_chr25	11	1555802	1858305	1652760	0.795700	0.941336	0.010980	False	75.4243
HAP1_chr08	HAP1_chr25	13	3177361	8947896	5875803	0.272821	0.540753	0.065156	False	1286.5718
HAP1_chr08	HAP1_chr25	15	1555908	13720128	7878851	0.077628	0.197479	0.129163	False	3018.7148
HAP1_chr08	HAP1_chr25	17	929460	15032264	8364267	0.041370	0.111123	0.148976	False	7561.4607
HAP1_chr08	HAP1_chr25	19	773097	15558722	8557390	0.033119	0.090343	0.144583	False	24807.7140
HAP1_chr08	HAP1_chr25	23	647106	16207280	8789357	0.026576	0.073624	0.128732	False	321598.4833
HAP1_chr08	HAP1_chr26	11	1582347	1858305	1686479	0.806317	0.938255	0.010311	False	71.9395
HAP1_chr08	HAP1_chr26	13	3277786	8947896	6131968	0.277730	0.534541	0.064080	False	1284.5252
HAP1_chr08	HAP1_chr26	15	1621718	13720128	8274002	0.079604	0.196002	0.127609	False	3066.9046
HAP1_chr08	HAP1_chr26	17	977357	15032264	8799975	0.042764	0.111064	0.147106	False	7751.7141
HAP1_chr08	HAP1_chr26	19	814043	15558722	9008407	0.034271	0.090365	0.142842	False	25459.3260
HAP1_chr08	HAP1_chr26	23	679210	16207280	9253365	0.027408	0.073401	0.127427	False	328981.3922
HAP1_chr08	HAP2_chr01	11	1786341	1858305	1956191	0.880771	0.961274	0.005954	False	40.2122
HAP1_chr08	HAP2_chr01	13	5401567	8947896	11594047	0.356766	0.603669	0.049433	False	1313.6275
HAP1_chr08	HAP2_chr01	15	3111372	13720128	19936069	0.101862	0.226774	0.112532	False	3645.2324
HAP1_chr08	HAP2_chr01	17	1786178	15032264	22404348	0.050103	0.118823	0.138201	False	8822.7140
HAP1_chr08	HAP2_chr01	19	1457059	15558722	23312721	0.038944	0.093649	0.136352	False	28311.3959
HAP1_chr08	HAP2_chr01	23	1221538	16207280	24358453	0.031047	0.075370	0.122159	False	364668.2693
HAP1_chr08	HAP2_chr02	11	1779045	1858305	1944775	0.878960	0.957348	0.006053	False	42.4781
HAP1_chr08	HAP2_chr02	13	5284535	8947896	11207989	0.355350	0.590590	0.049659	False	1327.9140
HAP1_chr08	HAP2_chr02	15	3042062	13720128	18930484	0.102743	0.221723	0.112012	False	3678.0956
HAP1_chr08	HAP2_chr02	17	1776810	15032264	21212559	0.051550	0.118200	0.136608	False	9029.3741
HAP1_chr08	HAP2_chr02	19	1461348	15558722	22080660	0.040393	0.093925	0.134502	False	29179.1131
HAP1_chr08	HAP2_chr02	23	1231539	16207280	23100878	0.032344	0.075987	0.120436	False	377528.7313
HAP1_chr08	HAP2_chr03	11	1789816	1858305	1963081	0.881001	0.963144	0.005941	False	38.1473
HAP1_chr08	HAP2_chr03	13	5408317	8947896	11634879	0.356409	0.604423	0.049490	False	1308.9708
HAP1_chr08	HAP2_chr03	15	3125841	13720128	19905925	0.102486	0.227829	0.112163	False	3669.3578
HAP1_chr08	HAP2_chr03	17	1804959	15032264	22313308	0.050786	0.120072	0.137443	False	8936.5434
HAP1_chr08	HAP2_chr03	19	1469084	15558722	23191431	0.039406	0.094422	0.135755	False	28620.2880
HAP1_chr08	HAP2_chr03	23	1217237	16207280	24190163	0.031068	0.075104	0.122132	False	364646.1284
HAP1_chr08	HAP2_chr04	11	1773980	1858305	1937260	0.877519	0.954623	0.006133	False	43.7771
HAP1_chr08	HAP2_chr04	13	5176341	8947896	10898284	0.352856	0.578498	0.050059	False	1331.6300
HAP1_chr08	HAP2_chr04	15	2937108	13720128	18070854	0.101793	0.214073	0.112574	False	3642.4477
HAP1_chr08	HAP2_chr04	17	1714383	15032264	20103510	0.051296	0.114047	0.136883	False	8952.6121
HAP1_chr08	HAP2_chr04	19	1402604	15558722	20853426	0.040063	0.090149	0.134917	False	28819.2553
HAP1_chr08	HAP2_chr04	23	1163839	16207280	21714248	0.031662	0.071810	0.121333	False	367990.5040
HAP1_chr08	HAP2_chr06	11	1716164	1858305	1856147	0.858817	0.924584	0.007181	False	55.6857
HAP1_chr08	HAP2_chr06	13	4459849	8947896	8915399	0.332739	0.500241	0.053422	False	1350.5403
HAP1_chr08	HAP2_chr06	15	2409111	13720128	13659620	0.096478	0.176367	0.115827	False	3486.6630
HAP1_chr08	HAP2_chr06	17	1425591	15032264	14950852	0.049920	0.095352	0.138406	False	8651.6726
HAP1_chr08	HAP2_chr06	19	1176149	15558722	15462891	0.039408	0.076063	0.135752	False	28069.7220
HAP1_chr08	HAP2_chr06	23	980834	16207280	16092268	0.031318	0.060951	0.121794	False	360249.5411
HAP1_chr08	HAP2_chr09	11	1700531	1858305	1835654	0.853069	0.926390	0.007510	False	57.9763
HAP1_chr08	HAP2_chr09	13	4235025	8947896	8400787	0.322948	0.504122	0.055152	False	1332.7680
HAP1_chr08	HAP2_chr09	15	2218792	13720128	12520506	0.092366	0.177213	0.118480	False	3356.8274
HAP1_chr08	HAP2_chr09	17	1298629	15032264	13598702	0.047513	0.095497	0.141178	False	8263.9328
HAP1_chr08	HAP2_chr09	19	1071729	15558722	14008836	0.037610	0.076504	0.138119	False	26872.5453
HAP1_chr08	HAP2_chr09	23	898732	16207280	14488605	0.030162	0.062030	0.123381	False	347883.2581
HAP1_chr08	HAP2_chr08	11	1844059	1858305	1850664	0.988819	0.996431	0.000513	False	159.4347
HAP1_chr08	HAP2_chr08	13	8666262	8947896	8796322	0.954649	0.985214	0.001806	False	4126.8600
HAP1_chr08	HAP2_chr08	15	13114999	13720128	13405860	0.936051	0.978303	0.002239	False	21821.3246
HAP1_chr08	HAP2_chr08	17	14296208	15032264	14664144	0.928313	0.974909	0.002229	False	89083.0261
HAP1_chr08	HAP2_chr08	19	14747632	15558722	15167024	0.922990	0.972348	0.002151	False	355868.4602
HAP1_chr08	HAP2_chr08	23	15275945	16207280	15783256	0.913929	0.967858	0.002001	False	5665384.8111
HAP1_chr08	HAP2_chr11	11	1730764	1858305	1875256	0.864173	0.931367	0.006877	False	53.5917
HAP1_chr08	HAP2_chr11	13	4659055	8947896	9396976	0.340429	0.520687	0.052107	False	1360.1946
HAP1_chr08	HAP2_chr11	15	2582626	13720128	14824614	0.099477	0.188236	0.113968	False	3580.3943
HAP1_chr08	HAP2_chr11	17	1529686	15032264	16402565	0.051151	0.101760	0.137042	False	8859.3581
HAP1_chr08	HAP2_chr11	19	1263162	15558722	17052685	0.040295	0.081187	0.134626	False	28705.5851
HAP1_chr08	HAP2_chr11	23	1059931	16207280	17855262	0.032117	0.065398	0.120732	False	369582.1141
HAP1_chr08	HAP2_chr12	11	1758700	1858305	1916305	0.872410	0.946400	0.006416	False	46.5393
HAP1_chr08	HAP2_chr12	13	4882277	8947896	10157744	0.343258	0.545634	0.051633	False	1320.6316
HAP1_chr08	HAP2_chr12	15	2657223	13720128	16248346	0.097294	0.193673	0.115314	False	3479.2362
HAP1_chr08	HAP2_chr12	17	1534358	15032264	17907770	0.048856	0.102071	0.139614	False	8490.3704
HAP1_chr08	HAP2_chr12	19	1261951	15558722	18511531	0.038464	0.081109	0.136980	False	27521.2082
HAP1_chr08	HAP2_chr12	23	1067104	16207280	19196363	0.031078	0.065841	0.122118	False	358850.4598
HAP1_chr08	HAP2_chr13	11	1653833	1858305	1773388	0.836173	0.932584	0.008496	False	65.7472
HAP1_chr08	HAP2_chr13	13	3886670	8947896	7463531	0.310319	0.520755	0.057483	False	1344.2149
HAP1_chr08	HAP2_chr13	15	2035208	13720128	10811655	0.090467	0.188242	0.119748	False	3346.2082
HAP1_chr08	HAP2_chr13	17	1214931	15032264	11714892	0.047584	0.103708	0.141094	False	8342.0796
HAP1_chr08	HAP2_chr13	19	1007280	15558722	12084487	0.037817	0.083353	0.137841	False	27196.5509
HAP1_chr08	HAP2_chr13	23	844916	16207280	12533334	0.030288	0.067414	0.123204	False	351639.0475
HAP1_chr08	HAP2_chr05	11	1766472	1858305	1927047	0.874976	0.950582	0.006273	False	45.0728
HAP1_chr08	HAP2_chr05	13	5055144	8947896	10709499	0.346189	0.564953	0.051146	False	1301.3885
HAP1_chr08	HAP2_chr05	15	2695656	13720128	17601194	0.094169	0.196475	0.117301	False	3348.6095
HAP1_chr08	HAP2_chr05	17	1452628	15032264	19429478	0.044007	0.096634	0.145490	False	7693.4350
HAP1_chr08	HAP2_chr05	19	1146942	15558722	20016096	0.033314	0.073717	0.144284	False	24046.9988
HAP1_chr08	HAP2_chr05	23	930158	16207280	20608717	0.025920	0.057391	0.129791	False	301888.5562
HAP1_chr08	HAP2_chr10	11	1744170	1858305	1895187	0.868039	0.938581	0.006660	False	50.0257
HAP1_chr08	HAP2_chr10	13	4742486	8947896	9712491	0.340747	0.530011	0.052053	False	1337.4797
HAP1_chr08	HAP2_chr10	15	2592628	13720128	15325642	0.098008	0.188965	0.114870	False	3516.9051
HAP1_chr08	HAP2_chr10	17	1513078	15032264	16850568	0.049822	0.100655	0.138516	False	8639.5134
HAP1_chr08	HAP2_chr10	19	1240045	15558722	17412284	0.039080	0.079701	0.136175	False	27886.0267
HAP1_chr08	HAP2_chr10	23	1030096	16207280	18052398	0.030999	0.063558	0.122225	False	357212.4440
HAP1_chr08	HAP2_chr14	11	1728470	1858305	1872511	0.863222	0.930133	0.006931	False	53.7384
HAP1_chr08	HAP2_chr14	13	4607727	8947896	9287321	0.338120	0.514951	0.052498	False	1354.1664
HAP1_chr08	HAP2_chr14	15	2519507	13720128	14504228	0.098017	0.183636	0.114865	False	3529.4969
HAP1_chr08	HAP2_chr14	17	1481457	15032264	15955961	0.050207	0.098552	0.138084	False	8698.5433
HAP1_chr08	HAP2_chr14	19	1221260	15558722	16521915	0.039575	0.078494	0.135538	False	28195.5305
HAP1_chr08	HAP2_chr14	23	1025014	16207280	17192812	0.031661	0.063244	0.121335	False	364227.5725
HAP1_chr08	HAP2_chr15	11	1676915	1858305	1801610	0.845645	0.930787	0.007940	False	63.7061
HAP1_chr08	HAP2_chr15	13	4107979	8947896	7922995	0.321868	0.518488	0.055347	False	1372.6174
HAP1_chr08	HAP2_chr15	15	2253452	13720128	11716993	0.097200	0.192323	0.115373	False	3570.8846
HAP1_chr08	HAP2_chr15	17	1390436	15032264	12776868	0.052631	0.108824	0.135447	False	9149.1545
HAP1_chr08	HAP2_chr15	19	1160817	15558722	13220548	0.042030	0.087804	0.132494	False	29967.2367
HAP1_chr08	HAP2_chr15	23	968446	16207280	13763461	0.033392	0.070364	0.119093	False	384617.0860
HAP1_chr08	HAP2_chr18	11	1637089	1858305	1754152	0.828751	0.933265	0.008938	False	66.3483
HAP1_chr08	HAP2_chr18	13	3651819	8947896	6943926	0.298351	0.525901	0.059802	False	1322.8406
HAP1_chr08	HAP2_chr18	15	1908715	13720128	9721359	0.088642	0.196342	0.120995	False	3330.9900
HAP1_chr08	HAP2_chr18	17	1184061	15032264	10474208	0.048682	0.113045	0.139814	False	8610.3456
HAP1_chr08	HAP2_chr18	19	994509	15558722	10808975	0.039195	0.092008	0.136026	False	28395.5146
HAP1_chr08	HAP2_chr18	23	835589	16207280	11244443	0.031394	0.074311	0.121691	False	367147.7603
HAP1_chr08	HAP2_chr16	11	1728808	1858305	1875396	0.862294	0.930314	0.006984	False	51.9761
HAP1_chr08	HAP2_chr16	13	4507937	8947896	9231562	0.329732	0.503799	0.053947	False	1304.1257
HAP1_chr08	HAP2_chr16	15	2293158	13720128	14170650	0.089585	0.167138	0.120348	False	3208.8321
HAP1_chr08	HAP2_chr16	17	1251007	15032264	15390938	0.042884	0.083221	0.146948	False	7458.6037
HAP1_chr08	HAP2_chr16	19	998191	15558722	15784249	0.032895	0.064156	0.144929	False	23571.7337
HAP1_chr08	HAP2_chr16	23	813262	16207280	16190750	0.025749	0.050230	0.130072	False	297791.8782
HAP1_chr08	HAP2_chr17	11	1702203	1858305	1830609	0.856794	0.929856	0.007297	False	62.8789
HAP1_chr08	HAP2_chr17	13	4427928	8947896	8240648	0.347000	0.537328	0.051013	False	1504.5913
HAP1_chr08	HAP2_chr17	15	2830671	13720128	12197774	0.122608	0.232065	0.101418	False	4511.6434
HAP1_chr08	HAP2_chr17	17	1967215	15032264	13269618	0.074701	0.148250	0.116068	False	12756.9924
HAP1_chr08	HAP2_chr17	19	1686934	15558722	13709289	0.061163	0.123050	0.113707	False	42781.7806
HAP1_chr08	HAP2_chr17	23	1399308	16207280	14252006	0.048152	0.098183	0.103794	False	546126.3309
HAP1_chr08	HAP2_chr07	11	1642318	1858305	1758901	0.831601	0.933718	0.008768	False	67.0764
HAP1_chr08	HAP2_chr07	13	3796780	8947896	7240106	0.306409	0.524409	0.058228	False	1342.9847
HAP1_chr08	HAP2_chr07	15	2009591	13720128	10421927	0.090798	0.192823	0.119525	False	3377.8610
HAP1_chr08	HAP2_chr07	17	1219347	15032264	11338838	0.048480	0.107537	0.140047	False	8515.3054
HAP1_chr08	HAP2_chr07	19	1012560	15558722	11754937	0.038499	0.086139	0.136935	False	27720.9076
HAP1_chr08	HAP2_chr07	23	842432	16207280	12293816	0.030458	0.068525	0.122968	False	354004.2014
HAP1_chr08	HAP2_chr19	11	1595053	1858305	1700238	0.812356	0.938135	0.009936	False	72.0666
HAP1_chr08	HAP2_chr19	13	3414552	8947896	6349723	0.287346	0.537748	0.062039	False	1322.7858
HAP1_chr08	HAP2_chr19	15	1765650	13720128	8710089	0.085443	0.202713	0.123250	False	3270.5939
HAP1_chr08	HAP2_chr19	17	1094537	15032264	9328904	0.047043	0.117328	0.141736	False	8438.6194
HAP1_chr08	HAP2_chr19	19	920177	15558722	9592131	0.037976	0.095930	0.137628	False	27891.3144
HAP1_chr08	HAP2_chr19	23	774355	16207280	9920765	0.030542	0.078054	0.122852	False	362230.3184
HAP1_chr08	HAP2_chr20	11	1614555	1858305	1707604	0.827402	0.945509	0.009019	False	82.4589
HAP1_chr08	HAP2_chr20	13	3924147	8947896	6447496	0.342086	0.608631	0.051829	False	1681.4705
HAP1_chr08	HAP2_chr20	15	2813672	13720128	8910664	0.141982	0.315765	0.092778	False	5419.0297
HAP1_chr08	HAP2_chr20	17	2140093	15032264	9575366	0.095253	0.223500	0.102886	False	16403.0199
HAP1_chr08	HAP2_chr20	19	1865256	15558722	9867294	0.079168	0.189034	0.101012	False	55775.9803
HAP1_chr08	HAP2_chr20	23	1539304	16207280	10242168	0.061794	0.150291	0.093511	False	708674.7417
HAP1_chr08	HAP2_chr22	11	1570065	1858305	1670517	0.801562	0.939868	0.010609	False	73.8128
HAP1_chr08	HAP2_chr22	13	3276071	8947896	6040646	0.279708	0.542338	0.063653	False	1312.0347
HAP1_chr08	HAP2_chr22	15	1673683	13720128	8216329	0.082599	0.203702	0.125332	False	3194.2699
HAP1_chr08	HAP2_chr22	17	1027270	15032264	8800212	0.045045	0.116732	0.144176	False	8153.8136
HAP1_chr08	HAP2_chr22	19	859952	15558722	9060039	0.036195	0.094917	0.140065	False	26820.0052
HAP1_chr08	HAP2_chr22	23	719668	16207280	9392238	0.028926	0.076624	0.125147	False	345991.0556
HAP1_chr08	HAP2_chr21	11	1626932	1858305	1740450	0.825090	0.934777	0.009159	False	68.2069
HAP1_chr08	HAP2_chr21	13	3637489	8947896	6927352	0.297235	0.525091	0.060025	False	1317.1306
HAP1_chr08	HAP2_chr21	15	1837086	13720128	9749738	0.084921	0.188424	0.123626	False	3181.1869
HAP1_chr08	HAP2_chr21	17	1082018	15032264	10481481	0.044287	0.103231	0.145132	False	7853.8135
HAP1_chr08	HAP2_chr21	19	891009	15558722	10776712	0.035018	0.082679	0.141746	False	25474.8635
HAP1_chr08	HAP2_chr21	23	740552	16207280	11129001	0.027845	0.066543	0.126758	False	327072.7006
HAP1_chr08	HAP2_chr23	11	1627976	1858305	1740516	0.826029	0.935341	0.009102	False	68.9992
HAP1_chr08	HAP2_chr23	13	3652630	8947896	6913236	0.299187	0.528353	0.059637	False	1332.3984
HAP1_chr08	HAP2_chr23	15	1888585	13720128	9735989	0.087566	0.193980	0.121744	False	3287.3807
HAP1_chr08	HAP2_chr23	17	1144813	15032264	10491711	0.046959	0.109116	0.141837	False	8313.2820
HAP1_chr08	HAP2_chr23	19	954357	15558722	10813251	0.037547	0.088258	0.138204	False	27242.2688
HAP1_chr08	HAP2_chr23	23	797894	16207280	11210512	0.029974	0.071174	0.123645	False	351115.0938
HAP1_chr08	HAP2_chr24	11	1632172	1858305	1746750	0.827303	0.934405	0.009025	False	67.8086
HAP1_chr08	HAP2_chr24	13	3656805	8947896	6932666	0.299156	0.527475	0.059643	False	1329.7898
HAP1_chr08	HAP2_chr24	15	1893272	13720128	9710842	0.087905	0.194965	0.121507	False	3302.3330
HAP1_chr08	HAP2_chr24	17	1154009	15032264	10421673	0.047490	0.110732	0.141205	False	8410.1718
HAP1_chr08	HAP2_chr24	19	961804	15558722	10707211	0.038010	0.089828	0.137583	False	27591.0797
HAP1_chr08	HAP2_chr24	23	800919	16207280	11048947	0.030274	0.072488	0.123223	False	355013.7928
HAP1_chr08	HAP2_chr25	11	1555639	1858305	1652327	0.795726	0.941484	0.010978	False	75.6166
HAP1_chr08	HAP2_chr25	13	3172688	8947896	5856933	0.272752	0.541698	0.065171	False	1288.9299
HAP1_chr08	HAP2_chr25	15	1560197	13720128	7847891	0.077979	0.198805	0.128883	False	3036.0072
HAP1_chr08	HAP2_chr25	17	936834	15032264	8334301	0.041768	0.112407	0.148436	False	7636.5355
HAP1_chr08	HAP2_chr25	19	780255	15558722	8530821	0.033474	0.091463	0.144040	False	25076.7495
HAP1_chr08	HAP2_chr25	23	652802	16207280	8768493	0.026839	0.074449	0.128315	False	324815.0504
HAP1_chr08	HAP2_chr26	11	1587354	1858305	1692364	0.808507	0.937951	0.010175	False	71.6446
HAP1_chr08	HAP2_chr26	13	3306921	8947896	6190440	0.279503	0.534198	0.063697	False	1288.9845
HAP1_chr08	HAP2_chr26	15	1644116	13720128	8368839	0.080417	0.196457	0.126982	False	3092.6690
HAP1_chr08	HAP2_chr26	17	996444	15032264	8904372	0.043437	0.111905	0.146225	False	7857.5791
HAP1_chr08	HAP2_chr26	19	833316	15558722	9117717	0.034950	0.091395	0.141844	False	25905.7615
HAP1_chr08	HAP2_chr26	23	699491	16207280	9371550	0.028115	0.074640	0.126349	False	336661.5917
HAP1_chr09	HAP1_chr10	11	1800593	1914774	1897841	0.894917	0.948759	0.005187	False	51.5035
HAP1_chr09	HAP1_chr10	13	5988242	10281492	9766088	0.425926	0.613167	0.039628	False	1731.8020
HAP1_chr09	HAP1_chr10	15	4898889	16671392	15448533	0.179967	0.317110	0.079155	False	6380.3696
HAP1_chr09	HAP1_chr10	17	3731579	18461438	17004832	0.117587	0.219442	0.091683	False	19328.3256
HAP1_chr09	HAP1_chr10	19	3229326	19130088	17586104	0.096436	0.183629	0.091463	False	65222.0117
HAP1_chr09	HAP1_chr10	23	2635228	19900010	18258702	0.074183	0.144327	0.086071	False	820030.1102
HAP1_chr09	HAP1_chr11	11	1769455	1914774	1872099	0.877089	0.945172	0.006157	False	46.0168
HAP1_chr09	HAP1_chr11	13	5156293	10281492	9326903	0.356785	0.552841	0.049430	False	1359.5856
HAP1_chr09	HAP1_chr11	15	2985413	16671392	14671173	0.105279	0.203488	0.110539	False	3748.0731
HAP1_chr09	HAP1_chr11	17	1764064	18461438	16214000	0.053600	0.108799	0.134427	False	9263.3179
HAP1_chr09	HAP1_chr11	19	1445051	19130088	16845289	0.041849	0.085784	0.132713	False	29794.4336
HAP1_chr09	HAP1_chr11	23	1200018	19900010	17621694	0.033039	0.068099	0.119541	False	380109.3747
HAP1_chr09	HAP1_chr12	11	1802684	1914774	1915799	0.888946	0.941460	0.005508	False	40.4453
HAP1_chr09	HAP1_chr12	13	5452509	10281492	10153789	0.363919	0.536993	0.048311	False	1327.3424
HAP1_chr09	HAP1_chr12	15	3117460	16671392	16247040	0.104609	0.191879	0.110924	False	3678.6776
HAP1_chr09	HAP1_chr12	17	1797396	18461438	17909288	0.051988	0.100361	0.136134	False	8965.3140
HAP1_chr09	HAP1_chr12	19	1467614	19130088	18511755	0.040571	0.079280	0.134281	False	28861.6620
HAP1_chr09	HAP1_chr12	23	1226355	19900010	19189942	0.032389	0.063906	0.120377	False	372240.6402
HAP1_chr09	HAP1_chr13	11	1772094	1914774	1875135	0.878224	0.945049	0.006094	False	45.8779
HAP1_chr09	HAP1_chr13	13	5161966	10281492	9343819	0.356900	0.552447	0.049412	False	1358.6438
HAP1_chr09	HAP1_chr13	15	3005513	16671392	14682039	0.106022	0.204707	0.110115	False	3775.9543
HAP1_chr09	HAP1_chr13	17	1790013	18461438	16239991	0.054389	0.110223	0.133612	False	9394.4993
HAP1_chr09	HAP1_chr13	19	1473513	19130088	16884360	0.042660	0.087271	0.131743	False	30346.9389
HAP1_chr09	HAP1_chr13	23	1227878	19900010	17677470	0.033780	0.069460	0.118607	False	388320.1104
HAP1_chr09	HAP1_chr14	11	1768385	1914774	1871130	0.876515	0.945089	0.006188	False	45.8870
HAP1_chr09	HAP1_chr14	13	5106564	10281492	9262991	0.353691	0.551287	0.049925	False	1346.3744
HAP1_chr09	HAP1_chr14	15	2892406	16671392	14456692	0.102438	0.200074	0.112192	False	3646.9015
HAP1_chr09	HAP1_chr14	17	1676643	18461438	15903532	0.051292	0.105426	0.136888	False	8884.0506
HAP1_chr09	HAP1_chr14	19	1364116	19130088	16468416	0.039846	0.082832	0.135192	False	28444.0498
HAP1_chr09	HAP1_chr14	23	1126003	19900010	17136388	0.031356	0.065708	0.121743	False	361679.9392
HAP1_chr09	HAP1_chr15	11	1756280	1914774	1855173	0.872180	0.946693	0.006429	False	47.9774
HAP1_chr09	HAP1_chr15	13	4934832	10281492	8874233	0.347013	0.556085	0.051010	False	1343.6436
HAP1_chr09	HAP1_chr15	15	2763100	16671392	13573555	0.100543	0.203565	0.113322	False	3606.7436
HAP1_chr09	HAP1_chr15	17	1613126	18461438	14867839	0.050861	0.108498	0.137360	False	8845.3982
HAP1_chr09	HAP1_chr15	19	1320266	19130088	15377188	0.039783	0.085859	0.135273	False	28491.4654
HAP1_chr09	HAP1_chr15	23	1100302	19900010	15979423	0.031637	0.068857	0.121367	False	365995.7510
HAP1_chr09	HAP1_chr16	11	1770526	1914774	1875435	0.876636	0.944062	0.006182	False	44.4667
HAP1_chr09	HAP1_chr16	13	5014769	10281492	9236754	0.345763	0.542915	0.051217	False	1298.5000
HAP1_chr09	HAP1_chr16	15	2624087	16671392	14181284	0.092958	0.185039	0.118090	False	3290.6949
HAP1_chr09	HAP1_chr16	17	1394755	18461438	15402512	0.042956	0.090554	0.146852	False	7483.9783
HAP1_chr09	HAP1_chr16	19	1102578	19130088	15797116	0.032597	0.069796	0.145393	False	23466.5857
HAP1_chr09	HAP1_chr16	23	904651	19900010	16206423	0.025699	0.055821	0.130153	False	298800.5119
HAP1_chr09	HAP1_chr17	11	1734400	1914774	1828536	0.863354	0.948518	0.006924	False	50.2144
HAP1_chr09	HAP1_chr17	13	4634415	10281492	8215644	0.334308	0.564096	0.053151	False	1334.3053
HAP1_chr09	HAP1_chr17	15	2582377	16671392	12154666	0.098400	0.212460	0.114628	False	3589.0059
HAP1_chr09	HAP1_chr17	17	1553911	18461438	13222763	0.051573	0.117518	0.136582	False	9049.2210
HAP1_chr09	HAP1_chr17	19	1289905	19130088	13661444	0.040947	0.094419	0.133813	False	29536.9172
HAP1_chr09	HAP1_chr17	23	1080522	19900010	14203159	0.032721	0.076076	0.119948	False	381229.2070
HAP1_chr09	HAP1_chr18	11	1677737	1914774	1761652	0.839419	0.952366	0.008304	False	54.6316
HAP1_chr09	HAP1_chr18	13	4061282	10281492	7039081	0.306297	0.576962	0.058250	False	1296.7367
HAP1_chr09	HAP1_chr18	15	2169274	16671392	9893375	0.088921	0.219265	0.120803	False	3359.4605
HAP1_chr09	HAP1_chr18	17	1309420	18461438	10674911	0.047056	0.122663	0.141721	False	8493.4130
HAP1_chr09	HAP1_chr18	19	1092985	19130088	11026423	0.037607	0.099124	0.138123	False	27860.1243
HAP1_chr09	HAP1_chr18	23	923176	19900010	11490106	0.030301	0.080345	0.123186	False	362132.6526
HAP1_chr09	HAP1_chr19	11	1675097	1914774	1756593	0.839113	0.953606	0.008322	False	56.2729
HAP1_chr09	HAP1_chr19	13	4126458	10281492	7125681	0.310711	0.579097	0.057409	False	1314.9832
HAP1_chr09	HAP1_chr19	15	2214890	16671392	10112005	0.090152	0.219036	0.119962	False	3392.2337
HAP1_chr09	HAP1_chr19	17	1323453	18461438	10913586	0.047179	0.121267	0.141574	False	8488.3049
HAP1_chr09	HAP1_chr19	19	1098138	19130088	11252278	0.037499	0.097593	0.138268	False	27708.5170
HAP1_chr09	HAP1_chr19	23	922636	19900010	11676341	0.030099	0.079018	0.123469	False	359022.9059
HAP1_chr09	HAP1_chr20	11	1635665	1914774	1711472	0.821702	0.955707	0.009364	False	58.4219
HAP1_chr09	HAP1_chr20	13	3818930	10281492	6490457	0.294829	0.588392	0.060507	False	1297.7815
HAP1_chr09	HAP1_chr20	15	2045772	16671392	8988729	0.086633	0.227593	0.122401	False	3343.8701
HAP1_chr09	HAP1_chr20	17	1239838	18461438	9665961	0.046112	0.128268	0.142860	False	8457.9700
HAP1_chr09	HAP1_chr20	19	1028948	19130088	9964401	0.036662	0.103262	0.139414	False	27591.7010
HAP1_chr09	HAP1_chr20	23	856550	19900010	10349545	0.029141	0.082762	0.124834	False	354027.8095
HAP1_chr09	HAP1_chr21	11	1661823	1914774	1742327	0.832878	0.953795	0.008692	False	56.3057
HAP1_chr09	HAP1_chr21	13	4030699	10281492	6944609	0.305462	0.580407	0.058411	False	1304.4058
HAP1_chr09	HAP1_chr21	15	2138511	16671392	9781299	0.087953	0.218633	0.121473	False	3329.1486
HAP1_chr09	HAP1_chr21	17	1258579	18461438	10518678	0.045401	0.119652	0.143734	False	8220.3504
HAP1_chr09	HAP1_chr21	19	1029019	19130088	10816829	0.035584	0.095131	0.140930	False	26480.9738
HAP1_chr09	HAP1_chr21	23	844742	19900010	11173336	0.027945	0.075603	0.126606	False	336029.7000
HAP1_chr09	HAP1_chr22	11	1629853	1914774	1704026	0.819455	0.956472	0.009500	False	59.3402
HAP1_chr09	HAP1_chr22	13	3791396	10281492	6405553	0.294006	0.591892	0.060673	False	1305.2703
HAP1_chr09	HAP1_chr22	15	2047946	16671392	8841730	0.087276	0.231623	0.121947	False	3384.4130
HAP1_chr09	HAP1_chr22	17	1255237	18461438	9505777	0.046992	0.132050	0.141798	False	8639.0805
HAP1_chr09	HAP1_chr22	19	1046115	19130088	9805074	0.037510	0.106691	0.138254	False	28280.2650
HAP1_chr09	HAP1_chr22	23	872138	19900010	10195462	0.029844	0.085542	0.123828	False	363184.3600
HAP1_chr09	HAP1_chr23	11	1672219	1914774	1753511	0.837757	0.953640	0.008402	False	56.2718
HAP1_chr09	HAP1_chr23	13	4103212	10281492	7067544	0.309774	0.580571	0.057586	False	1316.6893
HAP1_chr09	HAP1_chr23	15	2217018	16671392	10003276	0.090647	0.221629	0.119627	False	3420.4956
HAP1_chr09	HAP1_chr23	17	1334024	18461438	10789591	0.047785	0.123640	0.140857	False	8608.1084
HAP1_chr09	HAP1_chr23	19	1103309	19130088	11123421	0.037849	0.099188	0.137797	False	28000.4196
HAP1_chr09	HAP1_chr23	23	915033	19900010	11537178	0.029979	0.079312	0.123636	False	358205.3915
HAP1_chr09	HAP1_chr24	11	1664922	1914774	1746189	0.834112	0.953460	0.008618	False	55.9051
HAP1_chr09	HAP1_chr24	13	3998140	10281492	6912850	0.302977	0.578363	0.058893	False	1291.7139
HAP1_chr09	HAP1_chr24	15	2087805	16671392	9670718	0.086080	0.215889	0.122794	False	3261.8652
HAP1_chr09	HAP1_chr24	17	1224069	18461438	10375760	0.044329	0.117974	0.145079	False	8047.7296
HAP1_chr09	HAP1_chr24	19	1007294	19130088	10659044	0.034998	0.094501	0.141775	False	26112.7985
HAP1_chr09	HAP1_chr24	23	838460	19900010	10997536	0.027894	0.076241	0.126683	False	336186.0480
HAP1_chr09	HAP1_chr25	11	1585388	1914774	1652760	0.799834	0.959237	0.010718	False	62.1606
HAP1_chr09	HAP1_chr25	13	3485671	10281492	5875803	0.275077	0.593225	0.064659	False	1255.9670
HAP1_chr09	HAP1_chr25	15	1741391	16671392	7878851	0.076347	0.221021	0.130193	False	3025.9448
HAP1_chr09	HAP1_chr25	17	1008668	18461438	8364267	0.039070	0.120593	0.152211	False	7389.0174
HAP1_chr09	HAP1_chr25	19	827899	19130088	8557390	0.030823	0.096747	0.148247	False	23953.9898
HAP1_chr09	HAP1_chr25	23	688245	19900010	8789357	0.024579	0.078304	0.132043	False	308680.8097
HAP1_chr09	HAP1_chr26	11	1613801	1914774	1686479	0.811995	0.956905	0.009958	False	59.6232
HAP1_chr09	HAP1_chr26	13	3598649	10281492	6131968	0.280820	0.586867	0.063415	False	1254.6116
HAP1_chr09	HAP1_chr26	15	1821689	16671392	8274002	0.078780	0.220170	0.128252	False	3087.0111
HAP1_chr09	HAP1_chr26	17	1070822	18461438	8799975	0.040886	0.121685	0.149641	False	7648.9122
HAP1_chr09	HAP1_chr26	19	885428	19130088	9008407	0.032489	0.098289	0.145562	False	24969.5224
HAP1_chr09	HAP1_chr26	23	741827	19900010	9253365	0.026110	0.080168	0.129481	False	324263.4362
HAP1_chr09	HAP2_chr01	11	1833202	1914774	1956191	0.899615	0.957399	0.004936	False	35.2656
HAP1_chr09	HAP2_chr01	13	6051930	10281492	11594047	0.382462	0.588624	0.045527	False	1326.0505
HAP1_chr09	HAP2_chr01	15	3660203	16671392	19936069	0.111093	0.219550	0.107306	False	3865.1317
HAP1_chr09	HAP2_chr01	17	2106190	18461438	22404348	0.054340	0.114086	0.133663	False	9378.8491
HAP1_chr09	HAP2_chr01	19	1711109	19130088	23312721	0.042009	0.089446	0.132519	False	29981.4936
HAP1_chr09	HAP2_chr01	23	1427048	19900010	24358453	0.033318	0.071711	0.119187	False	384465.8697
HAP1_chr09	HAP2_chr02	11	1825097	1914774	1944775	0.897095	0.953166	0.005070	False	37.1087
HAP1_chr09	HAP2_chr02	13	5909091	10281492	11207989	0.379265	0.574731	0.045994	False	1335.4496
HAP1_chr09	HAP2_chr02	15	3556171	16671392	18930484	0.110972	0.213310	0.107371	False	3871.5027
HAP1_chr09	HAP2_chr02	17	2072645	18461438	21212559	0.055122	0.112269	0.132866	False	9493.6056
HAP1_chr09	HAP2_chr02	19	1694175	19130088	22080660	0.042873	0.088561	0.131492	False	30504.2331
HAP1_chr09	HAP2_chr02	23	1413926	19900010	23100878	0.033999	0.071052	0.118335	False	391162.0191
HAP1_chr09	HAP2_chr03	11	1837054	1914774	1963081	0.900163	0.959410	0.004907	False	33.3820
HAP1_chr09	HAP2_chr03	13	6048398	10281492	11634879	0.381170	0.588280	0.045715	False	1315.2246
HAP1_chr09	HAP2_chr03	15	3624283	16671392	19905925	0.109983	0.217395	0.107908	False	3823.5606
HAP1_chr09	HAP2_chr03	17	2071801	18461438	22313308	0.053531	0.112223	0.134500	False	9241.8201
HAP1_chr09	HAP2_chr03	19	1682368	19130088	23191431	0.041398	0.087944	0.133260	False	29554.2245
HAP1_chr09	HAP2_chr03	23	1406945	19900010	24190163	0.032962	0.070701	0.119638	False	380366.0573
HAP1_chr09	HAP2_chr04	11	1818925	1914774	1937260	0.894652	0.949942	0.005201	False	37.6990
HAP1_chr09	HAP2_chr04	13	5761844	10281492	10898284	0.373711	0.560409	0.046819	False	1325.6448
HAP1_chr09	HAP2_chr04	15	3352398	16671392	18070854	0.106799	0.201087	0.109676	False	3726.1278
HAP1_chr09	HAP2_chr04	17	1906153	18461438	20103510	0.051997	0.103251	0.136124	False	8962.4478
HAP1_chr09	HAP2_chr04	19	1547638	19130088	20853426	0.040265	0.080901	0.134663	False	28672.2538
HAP1_chr09	HAP2_chr04	23	1292499	19900010	21714248	0.032055	0.064950	0.120814	False	368809.3709
HAP1_chr09	HAP2_chr06	11	1756201	1914774	1856147	0.871685	0.946154	0.006456	False	47.2210
HAP1_chr09	HAP2_chr06	13	4929118	10281492	8915399	0.345472	0.552877	0.051265	False	1329.4491
HAP1_chr09	HAP2_chr06	15	2701326	16671392	13659620	0.097769	0.197760	0.115019	False	3496.4100
HAP1_chr09	HAP2_chr06	17	1536932	18461438	14950852	0.048217	0.102799	0.140352	False	8394.7525
HAP1_chr09	HAP2_chr06	19	1250010	19130088	15462891	0.037489	0.080839	0.138282	False	26897.7629
HAP1_chr09	HAP2_chr06	23	1041695	19900010	16092268	0.029805	0.064733	0.123883	False	345283.9663
HAP1_chr09	HAP2_chr09	11	1822225	1914774	1835654	0.945038	0.992684	0.002606	False	112.9358
HAP1_chr09	HAP2_chr09	13	8060816	10281492	8400787	0.758918	0.959531	0.011339	False	3419.7865
HAP1_chr09	HAP2_chr09	15	11697470	16671392	12520506	0.668640	0.934265	0.014758	False	18136.3412
HAP1_chr09	HAP2_chr09	17	12553453	18461438	13598702	0.643546	0.923136	0.014381	False	73259.5689
HAP1_chr09	HAP2_chr09	19	12832498	19130088	14008836	0.631943	0.916029	0.013452	False	290563.2068
HAP1_chr09	HAP2_chr09	23	13106412	19900010	14488605	0.615839	0.904601	0.011803	False	4578450.3950
HAP1_chr09	HAP2_chr08	11	1752400	1914774	1850664	0.870525	0.946903	0.006521	False	48.2180
HAP1_chr09	HAP2_chr08	13	4894195	10281492	8796322	0.345060	0.556391	0.051333	False	1339.3698
HAP1_chr09	HAP2_chr08	15	2723390	16671392	13405860	0.099561	0.203149	0.113916	False	3575.7567
HAP1_chr09	HAP2_chr08	17	1590431	18461438	14664144	0.050434	0.108457	0.137833	False	8781.2475
HAP1_chr09	HAP2_chr08	19	1311237	19130088	15167024	0.039751	0.086453	0.135313	False	28492.3103
HAP1_chr09	HAP2_chr08	23	1104296	19900010	15783256	0.031935	0.069966	0.120971	False	369599.9834
HAP1_chr09	HAP2_chr11	11	1771969	1914774	1875256	0.878055	0.944921	0.006103	False	45.6965
HAP1_chr09	HAP2_chr11	13	5184373	10281492	9396976	0.357689	0.551707	0.049287	False	1358.4016
HAP1_chr09	HAP2_chr11	15	3008593	16671392	14824614	0.105611	0.202946	0.110349	False	3755.7671
HAP1_chr09	HAP2_chr11	17	1778197	18461438	16402565	0.053745	0.108410	0.134277	False	9283.0329
HAP1_chr09	HAP2_chr11	19	1455687	19130088	17052685	0.041918	0.085364	0.132629	False	29830.4182
HAP1_chr09	HAP2_chr11	23	1206808	19900010	17855262	0.033019	0.067588	0.119565	False	379751.6659
HAP1_chr09	HAP2_chr12	11	1803141	1914774	1916305	0.889150	0.941699	0.005497	False	40.4361
HAP1_chr09	HAP2_chr12	13	5453965	10281492	10157744	0.363955	0.536927	0.048305	False	1327.2223
HAP1_chr09	HAP2_chr12	15	3120006	16671392	16248346	0.104699	0.192020	0.110873	False	3682.0570
HAP1_chr09	HAP2_chr12	17	1801654	18461438	17907770	0.052120	0.100607	0.135992	False	8987.4149
HAP1_chr09	HAP2_chr12	19	1472849	19130088	18511531	0.040722	0.079564	0.134093	False	28964.9689
HAP1_chr09	HAP2_chr12	23	1231823	19900010	19196363	0.032532	0.064170	0.120191	False	373837.8403
HAP1_chr09	HAP2_chr13	11	1689280	1914774	1773388	0.845112	0.952572	0.007971	False	55.1009
HAP1_chr09	HAP2_chr13	13	4307650	10281492	7463531	0.320572	0.577160	0.055582	False	1336.2368
HAP1_chr09	HAP2_chr13	15	2363003	16671392	10811655	0.094068	0.218561	0.117366	False	3498.7627
HAP1_chr09	HAP2_chr13	17	1407345	18461438	11714892	0.048919	0.120133	0.139542	False	8710.7124
HAP1_chr09	HAP2_chr13	19	1159240	19130088	12084487	0.038570	0.095928	0.136841	False	28224.4231
HAP1_chr09	HAP2_chr13	23	964258	19900010	12533334	0.030641	0.076935	0.122715	False	362163.7734
HAP1_chr09	HAP2_chr05	11	1811305	1914774	1927047	0.892042	0.945963	0.005341	False	39.0840
HAP1_chr09	HAP2_chr05	13	5643410	10281492	10709499	0.367707	0.548890	0.047728	False	1303.8315
HAP1_chr09	HAP2_chr05	15	3111552	16671392	17601194	0.099854	0.186640	0.113738	False	3469.4659
HAP1_chr09	HAP2_chr05	17	1645407	18461438	19429478	0.045396	0.089127	0.143740	False	7847.6747
HAP1_chr09	HAP2_chr05	19	1292924	19130088	20016096	0.034156	0.067586	0.143013	False	24442.3469
HAP1_chr09	HAP2_chr05	23	1060125	19900010	20608717	0.026874	0.053273	0.128260	False	310509.6334
HAP1_chr09	HAP2_chr10	11	1798834	1914774	1895187	0.894441	0.949159	0.005212	False	52.0445
HAP1_chr09	HAP2_chr10	13	5970004	10281492	9712491	0.425700	0.614673	0.039657	False	1735.5215
HAP1_chr09	HAP2_chr10	15	4883472	16671392	15325642	0.180112	0.318647	0.079109	False	6389.0833
HAP1_chr09	HAP2_chr10	17	3724220	18461438	16850568	0.117901	0.221015	0.091542	False	19379.6700
HAP1_chr09	HAP2_chr10	19	3225117	19130088	17412284	0.096800	0.185221	0.091282	False	65461.7412
HAP1_chr09	HAP2_chr10	23	2634550	19900010	18052398	0.074595	0.145939	0.085847	False	824490.3318
HAP1_chr09	HAP2_chr14	11	1769402	1914774	1872511	0.876861	0.944935	0.006169	False	45.6835
HAP1_chr09	HAP2_chr14	13	5118618	10281492	9287321	0.354225	0.551140	0.049839	False	1347.3360
HAP1_chr09	HAP2_chr14	15	2903952	16671392	14504228	0.102716	0.200214	0.112028	False	3655.9251
HAP1_chr09	HAP2_chr14	17	1685963	18461438	15955961	0.051509	0.105664	0.136652	False	8919.1631
HAP1_chr09	HAP2_chr14	19	1373015	19130088	16521915	0.040054	0.083103	0.134929	False	28583.3752
HAP1_chr09	HAP2_chr14	23	1134445	19900010	17192812	0.031549	0.065984	0.121484	False	363793.1528
HAP1_chr09	HAP2_chr15	11	1713051	1914774	1801610	0.855100	0.950845	0.007393	False	53.1109
HAP1_chr09	HAP2_chr15	13	4523560	10281492	7922995	0.330647	0.570941	0.053786	False	1345.1284
HAP1_chr09	HAP2_chr15	15	2519152	16671392	11716993	0.097380	0.215000	0.115261	False	3573.1378
HAP1_chr09	HAP2_chr15	17	1501245	18461438	12776868	0.050484	0.117497	0.137777	False	8893.7333
HAP1_chr09	HAP2_chr15	19	1235997	19130088	13220548	0.039724	0.093491	0.135348	False	28770.1456
HAP1_chr09	HAP2_chr15	23	1029032	19900010	13763461	0.031532	0.074765	0.121506	False	368816.2279
HAP1_chr09	HAP2_chr18	11	1671514	1914774	1754152	0.836840	0.952890	0.008457	False	55.2419
HAP1_chr09	HAP2_chr18	13	4012450	10281492	6943926	0.303675	0.577836	0.058757	False	1292.1027
HAP1_chr09	HAP2_chr18	15	2127993	16671392	9721359	0.087699	0.218899	0.121651	False	3323.6406
HAP1_chr09	HAP2_chr18	17	1277443	18461438	10474208	0.046187	0.121961	0.142769	False	8364.1483
HAP1_chr09	HAP2_chr18	19	1063118	19130088	10808975	0.036817	0.098355	0.139201	False	27369.7363
HAP1_chr09	HAP2_chr18	23	895031	19900010	11244443	0.029588	0.079598	0.124191	False	354906.7613
HAP1_chr09	HAP2_chr16	11	1770357	1914774	1875396	0.876495	0.943991	0.006189	False	44.3652
HAP1_chr09	HAP2_chr16	13	5008394	10281492	9231562	0.345296	0.542529	0.051294	False	1296.0205
HAP1_chr09	HAP2_chr16	15	2614585	16671392	14170650	0.092626	0.184507	0.118308	False	3278.1030
HAP1_chr09	HAP2_chr16	17	1385630	18461438	15390938	0.042678	0.090029	0.147218	False	7436.7564
HAP1_chr09	HAP2_chr16	19	1094236	19130088	15784249	0.032355	0.069325	0.145773	False	23298.2135
HAP1_chr09	HAP2_chr16	23	897546	19900010	16190750	0.025503	0.055436	0.130477	False	296597.2066
HAP1_chr09	HAP2_chr17	11	1735830	1914774	1830609	0.863789	0.948225	0.006899	False	49.8280
HAP1_chr09	HAP2_chr17	13	4640651	10281492	8240648	0.334305	0.563142	0.053151	False	1331.3823
HAP1_chr09	HAP2_chr17	15	2578464	16671392	12197774	0.098075	0.211388	0.114829	False	3574.1253
HAP1_chr09	HAP2_chr17	17	1546406	18461438	13269618	0.051232	0.116537	0.136954	False	8988.1932
HAP1_chr09	HAP2_chr17	19	1281320	19130088	13709289	0.040602	0.093464	0.134242	False	29288.6480
HAP1_chr09	HAP2_chr17	23	1071270	19900010	14252006	0.032383	0.075166	0.120384	False	377316.6171
HAP1_chr09	HAP2_chr07	11	1677473	1914774	1758901	0.840332	0.953705	0.008251	False	56.4480
HAP1_chr09	HAP2_chr07	13	4210925	10281492	7240106	0.316357	0.581611	0.056354	False	1337.7211
HAP1_chr09	HAP2_chr07	15	2349419	16671392	10421927	0.094949	0.225430	0.116798	False	3560.9756
HAP1_chr09	HAP2_chr07	17	1440850	18461438	11338838	0.050807	0.127072	0.137420	False	9073.7860
HAP1_chr09	HAP2_chr07	19	1199693	19130088	11754937	0.040414	0.102059	0.134477	False	29618.5439
HAP1_chr09	HAP2_chr07	23	1000518	19900010	12293816	0.032075	0.081384	0.120787	False	379425.7391
HAP1_chr09	HAP2_chr19	11	1626392	1914774	1700238	0.817850	0.956567	0.009599	False	59.4044
HAP1_chr09	HAP2_chr19	13	3738670	10281492	6349723	0.289987	0.588793	0.061493	False	1285.4602
HAP1_chr09	HAP2_chr19	15	1958939	16671392	8710089	0.083635	0.224905	0.124565	False	3246.6085
HAP1_chr09	HAP2_chr19	17	1172908	18461438	9328904	0.044065	0.125728	0.145415	False	8141.8447
HAP1_chr09	HAP2_chr19	19	974259	19130088	9592131	0.035111	0.101569	0.141611	False	26626.7246
HAP1_chr09	HAP2_chr19	23	818709	19900010	9920765	0.028229	0.082525	0.126178	False	345622.7028
HAP1_chr09	HAP2_chr20	11	1632428	1914774	1707604	0.820336	0.955976	0.009447	False	58.7240
HAP1_chr09	HAP2_chr20	13	3795273	10281492	6447496	0.293440	0.588643	0.060788	False	1294.6325
HAP1_chr09	HAP2_chr20	15	2024030	16671392	8910664	0.085917	0.227147	0.122910	False	3321.7615
HAP1_chr09	HAP2_chr20	17	1222765	18461438	9575366	0.045602	0.127699	0.143486	False	8380.2317
HAP1_chr09	HAP2_chr20	19	1013995	19130088	9867294	0.036236	0.102763	0.140008	False	27324.0189
HAP1_chr09	HAP2_chr20	23	843840	19900010	10242168	0.028802	0.082389	0.125329	False	350597.9999
HAP1_chr09	HAP2_chr22	11	1600821	1914774	1670517	0.806674	0.958279	0.010289	False	61.1979
HAP1_chr09	HAP2_chr22	13	3608317	10281492	6040646	0.283811	0.597340	0.062780	False	1291.7336
HAP1_chr09	HAP2_chr22	15	1922999	16671392	8216329	0.083737	0.234046	0.124489	False	3301.9404
HAP1_chr09	HAP2_chr22	17	1173019	18461438	8800212	0.044963	0.133294	0.144280	False	8391.9166
HAP1_chr09	HAP2_chr22	19	974385	19130088	9060039	0.035802	0.107548	0.140620	False	27403.0913
HAP1_chr09	HAP2_chr22	23	808827	19900010	9392238	0.028396	0.086117	0.125928	False	350926.7695
HAP1_chr09	HAP2_chr21	11	1660344	1914774	1740450	0.832303	0.953974	0.008726	False	56.5223
HAP1_chr09	HAP2_chr21	13	4022941	10281492	6927352	0.305094	0.580733	0.058482	False	1304.3340
HAP1_chr09	HAP2_chr21	15	2131661	16671392	9749738	0.087761	0.218638	0.121608	False	3323.8646
HAP1_chr09	HAP2_chr21	17	1253410	18461438	10481481	0.045267	0.119583	0.143901	False	8201.0169
HAP1_chr09	HAP2_chr21	19	1024475	19130088	10776712	0.035471	0.095064	0.141093	False	26413.0355
HAP1_chr09	HAP2_chr21	23	840269	19900010	11129001	0.027834	0.075503	0.126774	False	334915.5040
HAP1_chr09	HAP2_chr23	11	1661375	1914774	1740516	0.833223	0.954530	0.008671	False	57.2913
HAP1_chr09	HAP2_chr23	13	4035700	10281492	6913236	0.306687	0.583764	0.058175	False	1317.4032
HAP1_chr09	HAP2_chr23	15	2182884	16671392	9735989	0.090111	0.224208	0.119990	False	3420.1460
HAP1_chr09	HAP2_chr23	17	1319168	18461438	10491711	0.047737	0.125734	0.140914	False	8634.7840
HAP1_chr09	HAP2_chr23	19	1092340	19130088	10813251	0.037861	0.101019	0.137781	False	28117.5399
HAP1_chr09	HAP2_chr23	23	905600	19900010	11210512	0.029982	0.080781	0.123633	False	359640.7580
HAP1_chr09	HAP2_chr24	11	1665286	1914774	1746750	0.834212	0.953363	0.008612	False	55.7788
HAP1_chr09	HAP2_chr24	13	4008344	10281492	6932666	0.303529	0.578182	0.058785	False	1292.7016
HAP1_chr09	HAP2_chr24	15	2094169	16671392	9710842	0.086222	0.215653	0.122692	False	3264.4396
HAP1_chr09	HAP2_chr24	17	1225987	18461438	10421673	0.044328	0.117638	0.145080	False	8042.1391
HAP1_chr09	HAP2_chr24	19	1008133	19130088	10707211	0.034969	0.094155	0.141816	False	26075.5567
HAP1_chr09	HAP2_chr24	23	839225	19900010	11048947	0.027872	0.075955	0.126716	False	335709.0034
HAP1_chr09	HAP2_chr25	11	1584805	1914774	1652327	0.799479	0.959135	0.010740	False	62.0159
HAP1_chr09	HAP2_chr25	13	3471025	10281492	5856933	0.274012	0.592635	0.064893	False	1251.3719
HAP1_chr09	HAP2_chr25	15	1727336	16671392	7847891	0.075787	0.220102	0.130649	False	3005.3841
HAP1_chr09	HAP2_chr25	17	995356	18461438	8334301	0.038579	0.119429	0.152927	False	7303.3051
HAP1_chr09	HAP2_chr25	19	813885	19130088	8530821	0.030316	0.095405	0.149095	False	23584.6805
HAP1_chr09	HAP2_chr25	23	671966	19900010	8768493	0.024002	0.076634	0.133052	False	301737.9040
HAP1_chr09	HAP2_chr26	11	1618674	1914774	1692364	0.814032	0.956457	0.009833	False	59.1170
HAP1_chr09	HAP2_chr26	13	3624606	10281492	6190440	0.282129	0.585517	0.063136	False	1254.5104
HAP1_chr09	HAP2_chr26	15	1834081	16671392	8368839	0.079034	0.219156	0.128053	False	3088.0016
HAP1_chr09	HAP2_chr26	17	1076467	18461438	8904372	0.040947	0.120892	0.149557	False	7643.1253
HAP1_chr09	HAP2_chr26	19	890045	19130088	9117717	0.032534	0.097617	0.145492	False	24948.5699
HAP1_chr09	HAP2_chr26	23	745759	19900010	9371550	0.026143	0.079577	0.129427	False	323920.1451
HAP1_chr10	HAP1_chr11	11	1756848	1897841	1872099	0.872711	0.938438	0.006399	False	48.1492
HAP1_chr10	HAP1_chr11	13	4928594	9766088	9326903	0.347956	0.528428	0.050855	False	1343.7530
HAP1_chr10	HAP1_chr11	15	2733468	15448533	14671173	0.099812	0.186316	0.113764	False	3557.2614
HAP1_chr10	HAP1_chr11	17	1571708	17004832	16214000	0.049664	0.096935	0.138695	False	8593.5875
HAP1_chr10	HAP1_chr11	19	1278059	17586104	16845289	0.038550	0.075870	0.136867	False	27482.0239
HAP1_chr10	HAP1_chr11	23	1061547	18258702	17621694	0.030488	0.060241	0.122927	False	351035.9623
HAP1_chr10	HAP1_chr12	11	1789168	1897841	1915799	0.883770	0.942739	0.005790	False	42.1083
HAP1_chr10	HAP1_chr12	13	5210181	9766088	10153789	0.354200	0.533497	0.049843	False	1311.6795
HAP1_chr10	HAP1_chr12	15	2862155	15448533	16247040	0.099265	0.185270	0.114097	False	3502.2342
HAP1_chr10	HAP1_chr12	17	1608927	17004832	17909288	0.048309	0.094616	0.140246	False	8356.5880
HAP1_chr10	HAP1_chr12	19	1303450	17586104	18511755	0.037461	0.074118	0.138320	False	26733.1875
HAP1_chr10	HAP1_chr12	23	1089516	18258702	19189942	0.029965	0.059671	0.123656	False	345249.2660
HAP1_chr10	HAP1_chr13	11	1758870	1897841	1875135	0.873276	0.937996	0.006368	False	47.5533
HAP1_chr10	HAP1_chr13	13	4928112	9766088	9343819	0.347496	0.527419	0.050931	False	1339.2583
HAP1_chr10	HAP1_chr13	15	2743646	15448533	14682039	0.100181	0.186871	0.113540	False	3571.1227
HAP1_chr10	HAP1_chr13	17	1584786	17004832	16239991	0.050056	0.097585	0.138253	False	8659.3597
HAP1_chr10	HAP1_chr13	19	1291983	17586104	16884360	0.038940	0.076520	0.136357	False	27749.6663
HAP1_chr10	HAP1_chr13	23	1074366	18258702	17677470	0.030818	0.060776	0.122472	False	354714.0945
HAP1_chr10	HAP1_chr14	11	1755799	1897841	1871130	0.872155	0.938363	0.006430	False	48.0294
HAP1_chr10	HAP1_chr14	13	4884536	9766088	9262991	0.345330	0.527317	0.051288	False	1332.8771
HAP1_chr10	HAP1_chr14	15	2663135	15448533	14456692	0.097758	0.184215	0.115025	False	3484.0736
HAP1_chr10	HAP1_chr14	17	1508270	17004832	15903532	0.048034	0.094839	0.140566	False	8322.9986
HAP1_chr10	HAP1_chr14	19	1220150	17586104	16468416	0.037161	0.074090	0.138729	False	26534.2444
HAP1_chr10	HAP1_chr14	23	1010226	18258702	17136388	0.029380	0.058952	0.124489	False	338762.2646
HAP1_chr10	HAP1_chr15	11	1744141	1897841	1855173	0.868219	0.940150	0.006650	False	50.3829
HAP1_chr10	HAP1_chr15	13	4745044	9766088	8874233	0.341486	0.534699	0.051929	False	1345.3678
HAP1_chr10	HAP1_chr15	15	2619191	15448533	13573555	0.099201	0.192963	0.114136	False	3565.9776
HAP1_chr10	HAP1_chr15	17	1537838	17004832	14867839	0.050695	0.103434	0.137543	False	8792.3076
HAP1_chr10	HAP1_chr15	19	1257407	17586104	15377188	0.039658	0.081771	0.135431	False	28302.6691
HAP1_chr10	HAP1_chr15	23	1039022	18258702	15979423	0.031297	0.065022	0.121822	False	360811.7588
HAP1_chr10	HAP1_chr16	11	1757906	1897841	1875435	0.872250	0.937332	0.006425	False	46.6011
HAP1_chr10	HAP1_chr16	13	4822194	9766088	9236754	0.340055	0.522066	0.052170	False	1301.4041
HAP1_chr10	HAP1_chr16	15	2500911	15448533	14181284	0.092186	0.176353	0.118599	False	3276.1978
HAP1_chr10	HAP1_chr16	17	1351771	17004832	15402512	0.043527	0.087763	0.146107	False	7566.7221
HAP1_chr10	HAP1_chr16	19	1073932	17586104	15797116	0.033239	0.067983	0.144399	False	23841.8412
HAP1_chr10	HAP1_chr16	23	877339	18258702	16206423	0.026121	0.054135	0.129464	False	302523.8643
HAP1_chr10	HAP1_chr17	11	1722151	1897841	1828536	0.859260	0.941820	0.007156	False	52.3931
HAP1_chr10	HAP1_chr17	13	4436395	9766088	8215644	0.327522	0.539994	0.054336	False	1322.6127
HAP1_chr10	HAP1_chr17	15	2378308	15448533	12154666	0.094284	0.195670	0.117226	False	3430.0999
HAP1_chr10	HAP1_chr17	17	1399729	17004832	13222763	0.048555	0.105858	0.139961	False	8489.7137
HAP1_chr10	HAP1_chr17	19	1156265	17586104	13661444	0.038425	0.084637	0.137032	False	27613.5414
HAP1_chr10	HAP1_chr17	23	970635	18258702	14203159	0.030822	0.068339	0.122466	False	357519.8235
HAP1_chr10	HAP1_chr18	11	1667459	1897841	1761652	0.837064	0.946531	0.008443	False	58.0001
HAP1_chr10	HAP1_chr18	13	3917173	9766088	7039081	0.303940	0.556489	0.058705	False	1305.3721
HAP1_chr10	HAP1_chr18	15	2075217	15448533	9893375	0.089193	0.209758	0.120616	False	3355.8428
HAP1_chr10	HAP1_chr18	17	1268874	17004832	10674911	0.048044	0.118865	0.140554	False	8583.2411
HAP1_chr10	HAP1_chr18	19	1061292	17586104	11026423	0.038521	0.096250	0.136906	False	28216.9408
HAP1_chr10	HAP1_chr18	23	893742	18258702	11490106	0.030973	0.077784	0.122260	False	366005.1569
HAP1_chr10	HAP1_chr19	11	1664140	1897841	1756593	0.836128	0.947368	0.008499	False	59.0823
HAP1_chr10	HAP1_chr19	13	3971307	9766088	7125681	0.307366	0.557323	0.058045	False	1317.5035
HAP1_chr10	HAP1_chr19	15	2099331	15448533	10112005	0.089481	0.207608	0.120419	False	3352.4073
HAP1_chr10	HAP1_chr19	17	1258282	17004832	10913586	0.047197	0.115295	0.141552	False	8413.5906
HAP1_chr10	HAP1_chr19	19	1042299	17586104	11252278	0.037498	0.092630	0.138270	False	27431.0140
HAP1_chr10	HAP1_chr19	23	868271	18258702	11676341	0.029872	0.074362	0.123788	False	352727.1038
HAP1_chr10	HAP1_chr20	11	1625760	1897841	1711472	0.819620	0.949919	0.009490	False	61.8269
HAP1_chr10	HAP1_chr20	13	3665030	9766088	6490457	0.291071	0.564680	0.061270	False	1292.1482
HAP1_chr10	HAP1_chr20	15	1890695	15448533	8988729	0.083857	0.210341	0.124401	False	3209.0301
HAP1_chr10	HAP1_chr20	17	1123703	17004832	9665961	0.043986	0.116254	0.145517	False	7985.0697
HAP1_chr10	HAP1_chr20	19	929308	17586104	9964401	0.034909	0.093263	0.141905	False	25990.0983
HAP1_chr10	HAP1_chr20	23	778727	18258702	10349545	0.027982	0.075243	0.126550	False	336017.2406
HAP1_chr10	HAP1_chr21	11	1651575	1897841	1742327	0.830524	0.947913	0.008832	False	59.5985
HAP1_chr10	HAP1_chr21	13	3865235	9766088	6944609	0.300903	0.556581	0.059298	False	1297.0292
HAP1_chr10	HAP1_chr21	15	1970182	15448533	9781299	0.084704	0.201423	0.123784	False	3183.1102
HAP1_chr10	HAP1_chr21	17	1136447	17004832	10518678	0.043068	0.108041	0.146705	False	7731.1841
HAP1_chr10	HAP1_chr21	19	927166	17586104	10816829	0.033745	0.085715	0.143630	False	24884.4941
HAP1_chr10	HAP1_chr21	23	767005	18258702	11173336	0.026758	0.068646	0.128443	False	318524.9342
HAP1_chr10	HAP1_chr22	11	1619098	1897841	1704026	0.816584	0.950160	0.009676	False	62.0233
HAP1_chr10	HAP1_chr22	13	3625359	9766088	6405553	0.288959	0.565971	0.061705	False	1289.7275
HAP1_chr10	HAP1_chr22	15	1865073	15448533	8841730	0.083169	0.210940	0.124909	False	3193.1855
HAP1_chr10	HAP1_chr22	17	1110239	17004832	9505777	0.043710	0.116796	0.145872	False	7956.2296
HAP1_chr10	HAP1_chr22	19	919149	17586104	9805074	0.034722	0.093742	0.142178	False	25914.1743
HAP1_chr10	HAP1_chr22	23	768585	18258702	10195462	0.027761	0.075385	0.126885	False	334137.6483
HAP1_chr10	HAP1_chr23	11	1661143	1897841	1753511	0.834658	0.947324	0.008586	False	58.9691
HAP1_chr10	HAP1_chr23	13	3929587	9766088	7067544	0.304524	0.556005	0.058592	False	1305.6204
HAP1_chr10	HAP1_chr23	15	2034906	15448533	10003276	0.086899	0.203424	0.122213	False	3256.3277
HAP1_chr10	HAP1_chr23	17	1196110	17004832	10789591	0.044969	0.110858	0.144271	False	8038.0734
HAP1_chr10	HAP1_chr23	19	984287	17586104	11123421	0.035501	0.088488	0.141048	False	26052.1882
HAP1_chr10	HAP1_chr23	23	819674	18258702	11537178	0.028288	0.071046	0.126090	False	334987.1461
HAP1_chr10	HAP1_chr24	11	1654576	1897841	1746189	0.831673	0.947535	0.008763	False	59.1396
HAP1_chr10	HAP1_chr24	13	3859680	9766088	6912850	0.301085	0.558334	0.059263	False	1302.6056
HAP1_chr10	HAP1_chr24	15	1996765	15448533	9670718	0.086356	0.206475	0.122597	False	3257.6818
HAP1_chr10	HAP1_chr24	17	1183636	17004832	10375760	0.045182	0.114077	0.144006	False	8115.4821
HAP1_chr10	HAP1_chr24	19	975267	17586104	10659044	0.035764	0.091497	0.140675	False	26371.0079
HAP1_chr10	HAP1_chr24	23	806010	18258702	10997536	0.028331	0.073290	0.126026	False	337387.9838
HAP1_chr10	HAP1_chr25	11	1576301	1897841	1652760	0.798410	0.953739	0.010808	False	65.9188
HAP1_chr10	HAP1_chr25	13	3364635	9766088	5875803	0.274054	0.572626	0.064884	False	1265.1440
HAP1_chr10	HAP1_chr25	15	1666243	15448533	7878851	0.076923	0.211483	0.129727	False	3023.2913
HAP1_chr10	HAP1_chr25	17	978831	17004832	8364267	0.040132	0.117025	0.150693	False	7478.1310
HAP1_chr10	HAP1_chr25	19	807868	17586104	8557390	0.031887	0.094406	0.146516	False	24380.9605
HAP1_chr10	HAP1_chr25	23	673531	18258702	8789357	0.025537	0.076630	0.130421	False	315366.8557
HAP1_chr10	HAP1_chr26	11	1603884	1897841	1686479	0.809864	0.951025	0.010090	False	62.8837
HAP1_chr10	HAP1_chr26	13	3467982	9766088	6131968	0.278999	0.565558	0.063806	False	1259.9864
HAP1_chr10	HAP1_chr26	15	1730124	15448533	8274002	0.078669	0.209104	0.128339	False	3057.8313
HAP1_chr10	HAP1_chr26	17	1019696	17004832	8799975	0.041141	0.115875	0.149289	False	7593.7290
HAP1_chr10	HAP1_chr26	19	842686	17586104	9008407	0.032723	0.093544	0.145196	False	24786.6263
HAP1_chr10	HAP1_chr26	23	700893	18258702	9253365	0.026142	0.075745	0.129429	False	319844.4747
HAP1_chr10	HAP2_chr01	11	1818565	1897841	1956191	0.893439	0.958228	0.005266	False	36.2928
HAP1_chr10	HAP2_chr01	13	5779173	9766088	11594047	0.370912	0.591759	0.047240	False	1309.0560
HAP1_chr10	HAP2_chr01	15	3366510	15448533	19936069	0.105144	0.217918	0.110617	False	3687.3867
HAP1_chr10	HAP2_chr01	17	1892621	17004832	22404348	0.050448	0.111299	0.137817	False	8776.2249
HAP1_chr10	HAP2_chr01	19	1527644	17586104	23312721	0.038801	0.086867	0.136538	False	27915.5964
HAP1_chr10	HAP2_chr01	23	1276814	18258702	24358453	0.030885	0.069929	0.122380	False	359119.0447
HAP1_chr10	HAP2_chr02	11	1810947	1897841	1944775	0.891359	0.954214	0.005378	False	38.4442
HAP1_chr10	HAP2_chr02	13	5643103	9766088	11207989	0.368085	0.577826	0.047670	False	1318.2844
HAP1_chr10	HAP2_chr02	15	3265235	15448533	18930484	0.104945	0.211362	0.110731	False	3686.0432
HAP1_chr10	HAP2_chr02	17	1856721	17004832	21212559	0.051064	0.109188	0.137137	False	8855.7183
HAP1_chr10	HAP2_chr02	19	1508623	17586104	22080660	0.039536	0.085785	0.135588	False	28328.9640
HAP1_chr10	HAP2_chr02	23	1264163	18258702	23100878	0.031529	0.069236	0.121511	False	365110.7882
HAP1_chr10	HAP2_chr03	11	1822385	1897841	1963081	0.893967	0.960241	0.005238	False	34.4170
HAP1_chr10	HAP2_chr03	13	5788103	9766088	11634879	0.370727	0.592674	0.047268	False	1305.1516
HAP1_chr10	HAP2_chr03	15	3389918	15448533	19905925	0.106052	0.219433	0.110098	False	3722.2526
HAP1_chr10	HAP2_chr03	17	1928435	17004832	22313308	0.051577	0.113405	0.136578	False	8965.3719
HAP1_chr10	HAP2_chr03	19	1560324	17586104	23191431	0.039787	0.088725	0.135268	False	28588.6978
HAP1_chr10	HAP2_chr03	23	1294573	18258702	24190163	0.031457	0.070902	0.121607	False	365378.4158
HAP1_chr10	HAP2_chr04	11	1805308	1897841	1937260	0.889405	0.951243	0.005483	False	39.3962
HAP1_chr10	HAP2_chr04	13	5530597	9766088	10898284	0.365447	0.566306	0.048074	False	1324.3266
HAP1_chr10	HAP2_chr04	15	3174162	15448533	18070854	0.104602	0.205467	0.110929	False	3680.7035
HAP1_chr10	HAP2_chr04	17	1818664	17004832	20103510	0.051535	0.106950	0.136623	False	8916.9473
HAP1_chr10	HAP2_chr04	19	1478439	17586104	20853426	0.040000	0.084069	0.134997	False	28569.3443
HAP1_chr10	HAP2_chr04	23	1229588	18258702	21714248	0.031737	0.067343	0.121234	False	366288.4220
HAP1_chr10	HAP2_chr06	11	1744016	1897841	1856147	0.867682	0.939589	0.006680	False	49.5932
HAP1_chr10	HAP2_chr06	13	4750093	9766088	8915399	0.340963	0.532796	0.052017	False	1337.9546
HAP1_chr10	HAP2_chr06	15	2594621	15448533	13659620	0.097860	0.189948	0.114962	False	3511.5854
HAP1_chr10	HAP2_chr06	17	1504385	17004832	14950852	0.049403	0.100622	0.138989	False	8572.4580
HAP1_chr10	HAP2_chr06	19	1229231	17586104	15462891	0.038631	0.079496	0.136761	False	27590.4419
HAP1_chr10	HAP2_chr06	23	1019965	18258702	16092268	0.030601	0.063382	0.122770	False	352949.8789
HAP1_chr10	HAP2_chr09	11	1741018	1897841	1835654	0.873796	0.948446	0.006339	False	61.9320
HAP1_chr10	HAP2_chr09	13	5146013	9766088	8400787	0.395213	0.612563	0.043710	False	1727.3112
HAP1_chr10	HAP2_chr09	15	3985684	15448533	12520506	0.166185	0.318333	0.083683	False	6039.9991
HAP1_chr10	HAP2_chr09	17	3035615	17004832	13598702	0.110114	0.223228	0.095150	False	18337.4164
HAP1_chr10	HAP2_chr09	19	2633861	17586104	14008836	0.090945	0.188014	0.094284	False	62167.9092
HAP1_chr10	HAP2_chr09	23	2156254	18258702	14488605	0.070486	0.148824	0.088144	False	786366.6191
HAP1_chr10	HAP2_chr08	11	1740195	1897841	1850664	0.866497	0.940308	0.006747	False	50.5482
HAP1_chr10	HAP2_chr08	13	4705959	9766088	8796322	0.339622	0.534992	0.052243	False	1341.0576
HAP1_chr10	HAP2_chr08	15	2580603	15448533	13405860	0.098220	0.192498	0.114739	False	3533.8519
HAP1_chr10	HAP2_chr08	17	1515878	17004832	14664144	0.050273	0.103373	0.138012	False	8726.6413
HAP1_chr10	HAP2_chr08	19	1246211	17586104	15167024	0.039554	0.082166	0.135565	False	28244.5491
HAP1_chr10	HAP2_chr08	23	1037269	18258702	15783256	0.031428	0.065720	0.121646	False	362434.5750
HAP1_chr10	HAP2_chr11	11	1759076	1897841	1875256	0.873415	0.938046	0.006360	False	47.6258
HAP1_chr10	HAP2_chr11	13	4954502	9766088	9396976	0.348698	0.527244	0.050734	False	1342.0671
HAP1_chr10	HAP2_chr11	15	2751818	15448533	14824614	0.099989	0.185625	0.113657	False	3560.1392
HAP1_chr10	HAP2_chr11	17	1581745	17004832	16402565	0.049700	0.096433	0.138653	False	8597.6772
HAP1_chr10	HAP2_chr11	19	1287203	17586104	17052685	0.038595	0.075484	0.136808	False	27509.5791
HAP1_chr10	HAP2_chr11	23	1071724	18258702	17855262	0.030584	0.060023	0.122794	False	352075.6908
HAP1_chr10	HAP2_chr12	11	1789499	1897841	1916305	0.883857	0.942913	0.005785	False	42.0064
HAP1_chr10	HAP2_chr12	13	5213063	9766088	10157744	0.354371	0.533792	0.049816	False	1312.4308
HAP1_chr10	HAP2_chr12	15	2867394	15448533	16248346	0.099460	0.185609	0.113978	False	3509.7004
HAP1_chr10	HAP2_chr12	17	1615050	17004832	17907770	0.048504	0.094976	0.140020	False	8389.4783
HAP1_chr10	HAP2_chr12	19	1309867	17586104	18511531	0.037653	0.074483	0.138061	False	26865.2001
HAP1_chr10	HAP2_chr12	23	1095399	18258702	19196363	0.030127	0.059993	0.123429	False	347055.4476
HAP1_chr10	HAP2_chr13	11	1677655	1897841	1773388	0.841531	0.946017	0.008180	False	57.4727
HAP1_chr10	HAP2_chr13	13	4115599	9766088	7463531	0.313832	0.551428	0.056823	False	1318.5219
HAP1_chr10	HAP2_chr13	15	2153384	15448533	10811655	0.089327	0.199172	0.120524	False	3302.9363
HAP1_chr10	HAP2_chr13	17	1239873	17004832	11714892	0.045119	0.105837	0.144084	False	7989.4461
HAP1_chr10	HAP2_chr13	19	1009403	17586104	12084487	0.035218	0.083529	0.141455	False	25630.3648
HAP1_chr10	HAP2_chr13	23	835560	18258702	12533334	0.027892	0.066667	0.126685	False	327627.9211
HAP1_chr10	HAP2_chr05	11	1797670	1897841	1927047	0.886767	0.947218	0.005626	False	40.7153
HAP1_chr10	HAP2_chr05	13	5413910	9766088	10709499	0.359449	0.554358	0.049009	False	1300.9776
HAP1_chr10	HAP2_chr05	15	2945568	15448533	17601194	0.097846	0.190670	0.114971	False	3427.2699
HAP1_chr10	HAP2_chr05	17	1570142	17004832	19429478	0.045036	0.092335	0.144188	False	7809.9083
HAP1_chr10	HAP2_chr05	19	1233539	17586104	20016096	0.033918	0.070143	0.143370	False	24323.7563
HAP1_chr10	HAP2_chr05	23	1000593	18258702	20608717	0.026424	0.054801	0.128975	False	305961.8602
HAP1_chr10	HAP2_chr10	11	1887416	1897841	1895187	0.990451	0.995900	0.000437	False	131.6009
HAP1_chr10	HAP2_chr10	13	9533361	9766088	9712491	0.958587	0.981557	0.001644	False	3988.8393
HAP1_chr10	HAP2_chr10	15	14912455	15448533	15325642	0.940154	0.973039	0.002089	False	21791.8576
HAP1_chr10	HAP2_chr10	17	16332098	17004832	16850568	0.932022	0.969231	0.002107	False	89239.1698
HAP1_chr10	HAP2_chr10	19	16830732	17586104	17412284	0.926412	0.966601	0.002050	False	356523.1545
HAP1_chr10	HAP2_chr10	23	17368529	18258702	18052398	0.916905	0.962118	0.001927	False	5674600.6847
HAP1_chr10	HAP2_chr14	11	1756803	1897841	1872511	0.872491	0.938207	0.006411	False	47.8229
HAP1_chr10	HAP2_chr14	13	4898099	9766088	9287321	0.346026	0.527396	0.051173	False	1335.0725
HAP1_chr10	HAP2_chr14	15	2679998	15448533	14504228	0.098266	0.184774	0.114711	False	3502.3445
HAP1_chr10	HAP2_chr14	17	1524699	17004832	15955961	0.048502	0.095557	0.140022	False	8401.1690
HAP1_chr10	HAP2_chr14	19	1236902	17586104	16521915	0.037629	0.074864	0.138093	False	26855.4407
HAP1_chr10	HAP2_chr14	23	1027856	18258702	17192812	0.029859	0.059784	0.123806	False	344108.1831
HAP1_chr10	HAP2_chr15	11	1701888	1897841	1801610	0.851982	0.944648	0.007573	False	55.9973
HAP1_chr10	HAP2_chr15	13	4356214	9766088	7922995	0.326727	0.549819	0.054477	False	1350.1071
HAP1_chr10	HAP2_chr15	15	2392295	15448533	11716993	0.096568	0.204173	0.115770	False	3539.3539
HAP1_chr10	HAP2_chr15	17	1434163	17004832	12776868	0.050592	0.112247	0.137657	False	8858.6462
HAP1_chr10	HAP2_chr15	19	1180850	17586104	13220548	0.039859	0.089319	0.135176	False	28669.3275
HAP1_chr10	HAP2_chr15	23	975707	18258702	13763461	0.031427	0.070891	0.121647	False	365083.6345
HAP1_chr10	HAP2_chr18	11	1661044	1897841	1754152	0.834298	0.946921	0.008607	False	58.4194
HAP1_chr10	HAP2_chr18	13	3869860	9766088	6943926	0.301387	0.557301	0.059203	False	1300.4861
HAP1_chr10	HAP2_chr18	15	2036436	15448533	9721359	0.088030	0.209481	0.121420	False	3321.4373
HAP1_chr10	HAP2_chr18	17	1239619	17004832	10474208	0.047243	0.118350	0.141498	False	8464.6799
HAP1_chr10	HAP2_chr18	19	1034378	17586104	10808975	0.037805	0.095696	0.137856	False	27776.4049
HAP1_chr10	HAP2_chr18	23	868413	18258702	11244443	0.030327	0.077230	0.123149	False	359496.2599
HAP1_chr10	HAP2_chr16	11	1757866	1897841	1875396	0.872229	0.937331	0.006426	False	46.5980
HAP1_chr10	HAP2_chr16	13	4819180	9766088	9231562	0.339894	0.522033	0.052197	False	1300.8532
HAP1_chr10	HAP2_chr16	15	2496856	15448533	14170650	0.092059	0.176199	0.118683	False	3271.5558
HAP1_chr10	HAP2_chr16	17	1347951	17004832	15390938	0.043415	0.087581	0.146253	False	7547.8133
HAP1_chr10	HAP2_chr16	19	1069808	17586104	15784249	0.033120	0.067777	0.144581	False	23759.8286
HAP1_chr10	HAP2_chr16	23	872299	18258702	16190750	0.025979	0.053876	0.129694	False	300931.5071
HAP1_chr10	HAP2_chr17	11	1723611	1897841	1830609	0.859725	0.941551	0.007129	False	52.0402
HAP1_chr10	HAP2_chr17	13	4446585	9766088	8240648	0.327916	0.539592	0.054266	False	1322.4853
HAP1_chr10	HAP2_chr17	15	2384104	15448533	12197774	0.094374	0.195454	0.117168	False	3431.7228
HAP1_chr10	HAP2_chr17	17	1404221	17004832	13269618	0.048639	0.105822	0.139863	False	8501.8548
HAP1_chr10	HAP2_chr17	19	1161093	17586104	13709289	0.038531	0.084694	0.136893	False	27680.4415
HAP1_chr10	HAP2_chr17	23	976147	18258702	14252006	0.030955	0.068492	0.122285	False	358933.4119
HAP1_chr10	HAP2_chr07	11	1666038	1897841	1758901	0.836909	0.947204	0.008452	False	58.8924
HAP1_chr10	HAP2_chr07	13	4025558	9766088	7240106	0.310120	0.556008	0.057521	False	1321.4811
HAP1_chr10	HAP2_chr07	15	2149892	15448533	10421927	0.090634	0.206285	0.119636	False	3378.2279
HAP1_chr10	HAP2_chr07	17	1284067	17004832	11338838	0.047453	0.113245	0.141248	False	8420.7966
HAP1_chr10	HAP2_chr07	19	1061544	17586104	11754937	0.037538	0.090306	0.138217	False	27332.6762
HAP1_chr10	HAP2_chr07	23	886364	18258702	12293816	0.029878	0.072098	0.123779	False	350917.9475
HAP1_chr10	HAP2_chr19	11	1616678	1897841	1700238	0.815927	0.950854	0.009716	False	62.9049
HAP1_chr10	HAP2_chr19	13	3606006	9766088	6349723	0.288254	0.567900	0.061850	False	1293.1021
HAP1_chr10	HAP2_chr19	15	1868804	15448533	8710089	0.083841	0.214556	0.124413	False	3232.2442
HAP1_chr10	HAP2_chr19	17	1127935	17004832	9328904	0.044749	0.120908	0.144548	False	8164.0930
HAP1_chr10	HAP2_chr19	19	937873	17586104	9592131	0.035742	0.097775	0.140706	False	26735.4724
HAP1_chr10	HAP2_chr19	23	784111	18258702	9920765	0.028622	0.079037	0.125594	False	345574.8005
HAP1_chr10	HAP2_chr20	11	1622516	1897841	1707604	0.818242	0.950171	0.009575	False	62.1031
HAP1_chr10	HAP2_chr20	13	3644380	9766088	6447496	0.289945	0.565240	0.061501	False	1290.4994
HAP1_chr10	HAP2_chr20	15	1876651	15448533	8910664	0.083471	0.210607	0.124685	False	3199.7577
HAP1_chr10	HAP2_chr20	17	1115418	17004832	9575366	0.043802	0.116488	0.145752	False	7963.8817
HAP1_chr10	HAP2_chr20	19	922302	17586104	9867294	0.034763	0.093471	0.142117	False	25920.8528
HAP1_chr10	HAP2_chr20	23	772780	18258702	10242168	0.027870	0.075451	0.126719	False	335194.5057
HAP1_chr10	HAP2_chr22	11	1590444	1897841	1670517	0.804102	0.952067	0.010450	False	64.0008
HAP1_chr10	HAP2_chr22	13	3452017	9766088	6040646	0.279409	0.571465	0.063718	False	1277.4800
HAP1_chr10	HAP2_chr22	15	1756808	15448533	8216329	0.080190	0.213819	0.127156	False	3126.8362
HAP1_chr10	HAP2_chr22	17	1042366	17004832	8800212	0.042094	0.118448	0.147996	False	7765.3799
HAP1_chr10	HAP2_chr22	19	859642	17586104	9060039	0.033337	0.094883	0.144249	False	25213.7025
HAP1_chr10	HAP2_chr22	23	713004	18258702	9392238	0.026468	0.075914	0.128904	False	322956.7791
HAP1_chr10	HAP2_chr21	11	1650069	1897841	1740450	0.829922	0.948070	0.008868	False	59.7841
HAP1_chr10	HAP2_chr21	13	3858533	9766088	6927352	0.300628	0.557000	0.059352	False	1297.4611
HAP1_chr10	HAP2_chr21	15	1966523	15448533	9749738	0.084648	0.201700	0.123824	False	3183.0646
HAP1_chr10	HAP2_chr21	17	1135036	17004832	10481481	0.043073	0.108290	0.146699	False	7735.6061
HAP1_chr10	HAP2_chr21	19	926152	17586104	10776712	0.033756	0.085940	0.143613	False	24903.6000
HAP1_chr10	HAP2_chr21	23	766658	18258702	11129001	0.026787	0.068888	0.128398	False	319014.3813
HAP1_chr10	HAP2_chr23	11	1650435	1897841	1740516	0.830231	0.948245	0.008850	False	60.0270
HAP1_chr10	HAP2_chr23	13	3862025	9766088	6913236	0.301313	0.558642	0.059218	False	1304.1432
HAP1_chr10	HAP2_chr23	15	1995951	15448533	9735989	0.086075	0.205008	0.122797	False	3241.6572
HAP1_chr10	HAP2_chr23	17	1174349	17004832	10491711	0.044614	0.111931	0.144718	False	8004.4791
HAP1_chr10	HAP2_chr23	19	965901	17586104	10813251	0.035209	0.089326	0.141469	False	25929.9702
HAP1_chr10	HAP2_chr23	23	802718	18258702	11210512	0.028002	0.071604	0.126520	False	332802.8849
HAP1_chr10	HAP2_chr24	11	1654993	1897841	1746750	0.831823	0.947470	0.008755	False	59.0580
HAP1_chr10	HAP2_chr24	13	3867394	9766088	6932666	0.301402	0.557851	0.059200	False	1302.1129
HAP1_chr10	HAP2_chr24	15	1998508	15448533	9710842	0.086288	0.205802	0.122646	False	3252.0578
HAP1_chr10	HAP2_chr24	17	1181586	17004832	10421673	0.045022	0.113378	0.144206	False	8082.6808
HAP1_chr10	HAP2_chr24	19	972508	17586104	10707211	0.035596	0.090827	0.140913	False	26236.9197
HAP1_chr10	HAP2_chr24	23	803223	18258702	11048947	0.028179	0.072697	0.126253	False	335438.2183
HAP1_chr10	HAP2_chr25	11	1575888	1897841	1652327	0.798209	0.953739	0.010821	False	65.9101
HAP1_chr10	HAP2_chr25	13	3354902	9766088	5856933	0.273465	0.572809	0.065014	False	1263.9323
HAP1_chr10	HAP2_chr25	15	1662811	15448533	7847891	0.076862	0.211880	0.129776	False	3023.9015
HAP1_chr10	HAP2_chr25	17	977751	17004832	8334301	0.040135	0.117316	0.150688	False	7483.6165
HAP1_chr10	HAP2_chr25	19	806304	17586104	8530821	0.031856	0.094517	0.146565	False	24371.6627
HAP1_chr10	HAP2_chr25	23	670091	18258702	8768493	0.025424	0.076420	0.130610	False	314129.1999
HAP1_chr10	HAP2_chr26	11	1608952	1897841	1692364	0.812088	0.950713	0.009953	False	62.5660
HAP1_chr10	HAP2_chr26	13	3497972	9766088	6190440	0.280769	0.565060	0.063426	False	1263.6854
HAP1_chr10	HAP2_chr26	15	1750807	15448533	8368839	0.079342	0.209205	0.127813	False	3077.0426
HAP1_chr10	HAP2_chr26	17	1035562	17004832	8904372	0.041633	0.116298	0.148618	False	7667.0276
HAP1_chr10	HAP2_chr26	19	858037	17586104	9117717	0.033198	0.094107	0.144461	False	25086.6202
HAP1_chr10	HAP2_chr26	23	716378	18258702	9371550	0.026617	0.076442	0.128666	False	324843.0135
HAP1_chr11	HAP1_chr12	11	1770022	1872099	1915799	0.877171	0.945475	0.006152	False	45.7384
HAP1_chr11	HAP1_chr12	13	5080122	9326903	10153789	0.352772	0.544674	0.050072	False	1343.8976
HAP1_chr11	HAP1_chr12	15	2884290	14671173	16247040	0.102886	0.196596	0.111928	False	3662.3457
HAP1_chr11	HAP1_chr12	17	1692940	16214000	17909288	0.052202	0.104412	0.135904	False	9023.8622
HAP1_chr11	HAP1_chr12	19	1386982	16845289	18511755	0.040830	0.082336	0.133959	False	29070.4456
HAP1_chr11	HAP1_chr12	23	1154274	17621694	19189942	0.032371	0.065503	0.120400	False	372322.7218
HAP1_chr11	HAP1_chr13	11	1741211	1872099	1875135	0.867992	0.930085	0.006663	False	52.0202
HAP1_chr11	HAP1_chr13	13	4817221	9326903	9343819	0.347726	0.516487	0.050893	False	1377.5056
HAP1_chr11	HAP1_chr13	15	2773393	14671173	14682039	0.104342	0.189037	0.111079	False	3745.0352
HAP1_chr11	HAP1_chr13	17	1669344	16214000	16239991	0.054227	0.102957	0.133779	False	9359.5243
HAP1_chr11	HAP1_chr13	19	1372369	16845289	16884360	0.042413	0.081469	0.132036	False	30122.3536
HAP1_chr11	HAP1_chr13	23	1131429	17621694	17677470	0.033114	0.064207	0.119445	False	380246.2397
HAP1_chr11	HAP1_chr14	11	1737977	1872099	1871130	0.866713	0.928838	0.006735	False	52.3399
HAP1_chr11	HAP1_chr14	13	4786660	9326903	9262991	0.346778	0.516751	0.051049	False	1378.4585
HAP1_chr11	HAP1_chr14	15	2735751	14671173	14456692	0.103658	0.189238	0.111476	False	3724.0199
HAP1_chr11	HAP1_chr14	17	1639402	16214000	15903532	0.053789	0.103084	0.134231	False	9288.8618
HAP1_chr11	HAP1_chr14	19	1347491	16845289	16468416	0.042154	0.081823	0.132346	False	29947.7784
HAP1_chr11	HAP1_chr14	23	1110665	17621694	17136388	0.033009	0.064813	0.119579	False	379115.1690
HAP1_chr11	HAP1_chr15	11	1726766	1872099	1855173	0.863165	0.930784	0.006934	False	54.9218
HAP1_chr11	HAP1_chr15	13	4610142	9326903	8874233	0.339206	0.519498	0.052314	False	1364.7408
HAP1_chr11	HAP1_chr15	15	2559667	14671173	13573555	0.099656	0.188577	0.113859	False	3593.7666
HAP1_chr11	HAP1_chr15	17	1510342	16214000	14867839	0.051074	0.101585	0.137126	False	8848.2138
HAP1_chr11	HAP1_chr15	19	1236140	16845289	15377188	0.039893	0.080388	0.135133	False	28430.3509
HAP1_chr11	HAP1_chr15	23	1020770	17621694	15979423	0.031331	0.063880	0.121776	False	360823.6711
HAP1_chr11	HAP1_chr16	11	1739224	1872099	1875435	0.866014	0.929024	0.006774	False	50.2734
HAP1_chr11	HAP1_chr16	13	4662724	9326903	9236754	0.335425	0.504801	0.052958	False	1307.6192
HAP1_chr11	HAP1_chr16	15	2399588	14671173	14181284	0.090712	0.169208	0.119583	False	3232.0959
HAP1_chr11	HAP1_chr16	17	1288888	16214000	15402512	0.042499	0.083680	0.147456	False	7388.5768
HAP1_chr11	HAP1_chr16	19	1019940	16845289	15797116	0.032254	0.064565	0.145933	False	23135.3561
HAP1_chr11	HAP1_chr16	23	832724	17621694	16206423	0.025238	0.051382	0.130922	False	292283.5262
HAP1_chr11	HAP1_chr17	11	1705230	1872099	1828536	0.854578	0.932566	0.007423	False	57.0756
HAP1_chr11	HAP1_chr17	13	4329952	9326903	8215644	0.327714	0.527037	0.054302	False	1354.1150
HAP1_chr11	HAP1_chr17	15	2382185	14671173	12154666	0.097456	0.195989	0.115213	False	3557.0640
HAP1_chr11	HAP1_chr17	17	1443880	16214000	13222763	0.051580	0.109197	0.136574	False	8981.4620
HAP1_chr11	HAP1_chr17	19	1196354	16845289	13661444	0.040817	0.087572	0.133975	False	29195.6953
HAP1_chr11	HAP1_chr17	23	991671	17621694	14203159	0.032162	0.069820	0.120672	False	371811.7396
HAP1_chr11	HAP1_chr18	11	1652582	1872099	1761652	0.834145	0.938087	0.008616	False	63.7776
HAP1_chr11	HAP1_chr18	13	3823986	9326903	7039081	0.304894	0.543251	0.058520	False	1334.9985
HAP1_chr11	HAP1_chr18	15	2050034	14671173	9893375	0.091054	0.207213	0.119353	False	3422.7186
HAP1_chr11	HAP1_chr18	17	1269166	16214000	10674911	0.049539	0.118892	0.138836	False	8799.0520
HAP1_chr11	HAP1_chr18	19	1064720	16845289	11026423	0.039718	0.096561	0.135355	False	28925.5862
HAP1_chr11	HAP1_chr18	23	895246	17621694	11490106	0.031728	0.077915	0.121246	False	373188.8458
HAP1_chr11	HAP1_chr19	11	1656884	1872099	1756593	0.840287	0.943237	0.008253	False	70.9112
HAP1_chr11	HAP1_chr19	13	4165798	9326903	7125681	0.339047	0.584618	0.052341	False	1552.6310
HAP1_chr11	HAP1_chr19	15	2751253	14671173	10112005	0.124876	0.272078	0.100331	False	4708.0938
HAP1_chr11	HAP1_chr19	17	1959567	16214000	10913586	0.077859	0.179553	0.113805	False	13509.4142
HAP1_chr11	HAP1_chr19	19	1683204	16845289	11252278	0.063723	0.149588	0.111676	False	45287.2789
HAP1_chr11	HAP1_chr19	23	1387332	17621694	11676341	0.049706	0.118816	0.102478	False	573688.6568
HAP1_chr11	HAP1_chr20	11	1611831	1872099	1711472	0.817466	0.941781	0.009622	False	67.9775
HAP1_chr11	HAP1_chr20	13	3588895	9326903	6490457	0.293487	0.552950	0.060778	False	1328.7848
HAP1_chr11	HAP1_chr20	15	1904327	14671173	8988729	0.087533	0.211857	0.121767	False	3346.7146
HAP1_chr11	HAP1_chr20	17	1167820	16214000	9665961	0.047257	0.120818	0.141481	False	8510.6869
HAP1_chr11	HAP1_chr20	19	969855	16845289	9964401	0.037533	0.097332	0.138222	False	27717.2198
HAP1_chr11	HAP1_chr20	23	802329	17621694	10349545	0.029531	0.077523	0.124272	False	352403.4328
HAP1_chr11	HAP1_chr21	11	1636805	1872099	1742327	0.827664	0.939436	0.009004	False	65.3123
HAP1_chr11	HAP1_chr21	13	3783203	9326903	6944609	0.302940	0.544768	0.058900	False	1333.5951
HAP1_chr11	HAP1_chr21	15	1995729	14671173	9781299	0.088870	0.204035	0.120838	False	3343.1584
HAP1_chr11	HAP1_chr21	17	1196885	16214000	10518678	0.046871	0.113787	0.141942	False	8353.2781
HAP1_chr11	HAP1_chr21	19	981898	16845289	10816829	0.036802	0.090775	0.139220	False	26930.5544
HAP1_chr11	HAP1_chr21	23	799852	17621694	11173336	0.028571	0.071586	0.125669	False	338116.4043
HAP1_chr11	HAP1_chr22	11	1605456	1872099	1704026	0.814676	0.942155	0.009793	False	68.3464
HAP1_chr11	HAP1_chr22	13	3560783	9326903	6405553	0.292547	0.555890	0.060969	False	1334.1809
HAP1_chr11	HAP1_chr22	15	1900383	14671173	8841730	0.087930	0.214933	0.121490	False	3374.5691
HAP1_chr11	HAP1_chr22	17	1175828	16214000	9505777	0.047907	0.123696	0.140714	False	8644.1356
HAP1_chr11	HAP1_chr22	19	979273	16845289	9805074	0.038147	0.099874	0.137400	False	28213.7449
HAP1_chr11	HAP1_chr22	23	808735	17621694	10195462	0.029944	0.079323	0.123687	False	357891.2793
HAP1_chr11	HAP1_chr23	11	1647020	1872099	1753511	0.832421	0.939270	0.008719	False	65.2885
HAP1_chr11	HAP1_chr23	13	3856838	9326903	7067544	0.307621	0.545711	0.057996	False	1350.1016
HAP1_chr11	HAP1_chr23	15	2078793	14671173	10003276	0.092000	0.207811	0.118722	False	3453.1260
HAP1_chr11	HAP1_chr23	17	1273039	16214000	10789591	0.049476	0.117988	0.138907	False	8777.7878
HAP1_chr11	HAP1_chr23	19	1053793	16845289	11123421	0.039153	0.094736	0.136081	False	28502.9345
HAP1_chr11	HAP1_chr23	23	865010	17621694	11537178	0.030572	0.074976	0.122810	False	359848.3413
HAP1_chr11	HAP1_chr24	11	1639359	1872099	1746189	0.828407	0.938821	0.008959	False	64.5244
HAP1_chr11	HAP1_chr24	13	3746788	9326903	6912850	0.299912	0.542003	0.059494	False	1316.7536
HAP1_chr11	HAP1_chr24	15	1935650	14671173	9670718	0.086389	0.200156	0.122574	False	3251.2281
HAP1_chr11	HAP1_chr24	17	1148325	16214000	10375760	0.045136	0.110674	0.144063	False	8065.5476
HAP1_chr11	HAP1_chr24	19	947511	16845289	10659044	0.035679	0.088893	0.140795	False	26178.3096
HAP1_chr11	HAP1_chr24	23	786447	17621694	10997536	0.028256	0.071511	0.126137	False	335096.4269
HAP1_chr11	HAP1_chr25	11	1566667	1872099	1652760	0.800058	0.947910	0.010704	False	75.1410
HAP1_chr11	HAP1_chr25	13	3388849	9326903	5875803	0.286854	0.576747	0.062141	False	1373.7128
HAP1_chr11	HAP1_chr25	15	1877121	14671173	7878851	0.090801	0.238248	0.119523	False	3581.4057
HAP1_chr11	HAP1_chr25	17	1216020	16214000	8364267	0.052051	0.145383	0.136067	False	9552.1490
HAP1_chr11	HAP1_chr25	19	1025353	16845289	8557390	0.042062	0.119821	0.132456	False	31628.1624
HAP1_chr11	HAP1_chr25	23	847171	17621694	8789357	0.033139	0.096386	0.119413	False	403776.7857
HAP1_chr11	HAP1_chr26	11	1590225	1872099	1686479	0.807896	0.942926	0.010213	False	69.0539
HAP1_chr11	HAP1_chr26	13	3384038	9326903	6131968	0.280255	0.551868	0.063536	False	1286.4882
HAP1_chr11	HAP1_chr26	15	1706597	14671173	8274002	0.080354	0.206260	0.127031	False	3113.5132
HAP1_chr11	HAP1_chr26	17	1021768	16214000	8799975	0.042587	0.116110	0.147338	False	7799.0779
HAP1_chr11	HAP1_chr26	19	848327	16845289	9008407	0.033926	0.094171	0.143358	False	25497.0163
HAP1_chr11	HAP1_chr26	23	707221	17621694	9253365	0.027026	0.076429	0.128020	False	328513.7336
HAP1_chr11	HAP2_chr01	11	1798115	1872099	1956191	0.885695	0.960481	0.005685	False	39.2368
HAP1_chr11	HAP2_chr01	13	5638428	9326903	11594047	0.368946	0.604534	0.047538	False	1345.6529
HAP1_chr11	HAP2_chr01	15	3427134	14671173	19936069	0.109914	0.233596	0.107946	False	3905.0586
HAP1_chr11	HAP2_chr01	17	2034243	16214000	22404348	0.055605	0.125462	0.132380	False	9686.4108
HAP1_chr11	HAP2_chr01	19	1668654	16845289	23312721	0.043354	0.099058	0.130929	False	31163.1386
HAP1_chr11	HAP2_chr01	23	1390349	17621694	24358453	0.034254	0.078900	0.118022	False	398057.8944
HAP1_chr11	HAP2_chr02	11	1790787	1872099	1944775	0.883865	0.956566	0.005784	False	41.5246
HAP1_chr11	HAP2_chr02	13	5501961	9326903	11207989	0.365994	0.589902	0.047990	False	1352.1131
HAP1_chr11	HAP2_chr02	15	3306056	14671173	18930484	0.109127	0.225344	0.108378	False	3877.3012
HAP1_chr11	HAP2_chr02	17	1972199	16214000	21212559	0.055626	0.121636	0.132358	False	9655.9763
HAP1_chr11	HAP2_chr02	19	1621407	16845289	22080660	0.043464	0.096253	0.130801	False	31115.4587
HAP1_chr11	HAP2_chr02	23	1349635	17621694	23100878	0.034278	0.076589	0.117991	False	396779.6963
HAP1_chr11	HAP2_chr03	11	1803472	1872099	1963081	0.887663	0.963342	0.005578	False	38.5684
HAP1_chr11	HAP2_chr03	13	5763442	9326903	11634879	0.379215	0.617937	0.046001	False	1406.4942
HAP1_chr11	HAP2_chr03	15	3778316	14671173	19905925	0.122677	0.257533	0.101384	False	4385.2809
HAP1_chr11	HAP2_chr03	17	2409441	16214000	22313308	0.066711	0.148603	0.122284	False	11535.2084
HAP1_chr11	HAP2_chr03	19	2002852	16845289	23191431	0.052660	0.118897	0.121162	False	37513.1884
HAP1_chr11	HAP2_chr03	23	1645914	17621694	24190163	0.040978	0.093403	0.110510	False	472863.3121
HAP1_chr11	HAP2_chr04	11	1784850	1872099	1937260	0.881621	0.953395	0.005907	False	42.1918
HAP1_chr11	HAP2_chr04	13	5361221	9326903	10898284	0.360686	0.574813	0.048815	False	1339.7895
HAP1_chr11	HAP2_chr04	15	3098471	14671173	18070854	0.104524	0.211194	0.110974	False	3706.4810
HAP1_chr11	HAP2_chr04	17	1794015	16214000	20103510	0.051965	0.110646	0.136159	False	9014.7843
HAP1_chr11	HAP2_chr04	19	1462665	16845289	20853426	0.040365	0.086829	0.134538	False	28881.0038
HAP1_chr11	HAP2_chr04	23	1217872	17621694	21714248	0.031950	0.069112	0.120952	False	369297.5662
HAP1_chr11	HAP2_chr06	11	1726419	1872099	1856147	0.862422	0.930109	0.006976	False	53.9624
HAP1_chr11	HAP2_chr06	13	4610530	9326903	8915399	0.338219	0.517142	0.052481	False	1354.5640
HAP1_chr11	HAP2_chr06	15	2524974	14671173	13659620	0.097845	0.184850	0.114971	False	3521.7937
HAP1_chr11	HAP2_chr06	17	1472709	16214000	14950852	0.049599	0.098503	0.138767	False	8598.6631
HAP1_chr11	HAP2_chr06	19	1206908	16845289	15462891	0.038806	0.078052	0.136532	False	27679.7391
HAP1_chr11	HAP2_chr06	23	1005975	17621694	16092268	0.030756	0.062513	0.122557	False	354344.8742
HAP1_chr11	HAP2_chr09	11	1710664	1872099	1835654	0.856579	0.931910	0.007309	False	56.2460
HAP1_chr11	HAP2_chr09	13	4400868	9326903	8400787	0.330226	0.523864	0.053860	False	1351.8405
HAP1_chr11	HAP2_chr09	15	2396643	14671173	12520506	0.096658	0.191417	0.115713	False	3512.3371
HAP1_chr11	HAP2_chr09	17	1426128	16214000	13598702	0.050240	0.104872	0.138048	False	8741.2133
HAP1_chr11	HAP2_chr09	19	1173425	16845289	14008836	0.039535	0.083763	0.135589	False	28277.0471
HAP1_chr11	HAP2_chr09	23	973637	17621694	14488605	0.031270	0.067200	0.121859	False	361436.1780
HAP1_chr11	HAP2_chr08	11	1722924	1872099	1850664	0.861531	0.930976	0.007027	False	55.1311
HAP1_chr11	HAP2_chr08	13	4572299	9326903	8796322	0.337416	0.519797	0.052618	False	1360.4197
HAP1_chr11	HAP2_chr08	15	2517348	14671173	13405860	0.098489	0.187780	0.114573	False	3553.8271
HAP1_chr11	HAP2_chr08	17	1490110	16214000	14664144	0.050705	0.101616	0.137532	False	8790.1593
HAP1_chr11	HAP2_chr08	19	1229573	16845289	15167024	0.039944	0.081069	0.135069	False	28474.9338
HAP1_chr11	HAP2_chr08	23	1028530	17621694	15783256	0.031768	0.065166	0.121192	False	365819.1196
HAP1_chr11	HAP2_chr11	11	1834038	1872099	1875256	0.958565	0.979669	0.001944	False	123.6806
HAP1_chr11	HAP2_chr11	13	8468011	9326903	9396976	0.825675	0.907912	0.007720	False	3623.3720
HAP1_chr11	HAP2_chr11	15	12672346	14671173	14824614	0.753255	0.863758	0.010112	False	19273.3569
HAP1_chr11	HAP2_chr11	17	13719288	16214000	16402565	0.725993	0.846138	0.010169	False	77793.6840
HAP1_chr11	HAP2_chr11	19	14070647	16845289	17052685	0.709659	0.835287	0.009796	False	307729.3036
HAP1_chr11	HAP2_chr11	23	14416393	17621694	17855262	0.684521	0.818105	0.009016	False	4820857.6144
HAP1_chr11	HAP2_chr12	11	1770451	1872099	1916305	0.877350	0.945704	0.006142	False	45.7150
HAP1_chr11	HAP2_chr12	13	5081869	9326903	10157744	0.352840	0.544861	0.050062	False	1344.0214
HAP1_chr11	HAP2_chr12	15	2887378	14671173	16248346	0.103002	0.196806	0.111859	False	3666.7792
HAP1_chr11	HAP2_chr12	17	1697822	16214000	17907770	0.052363	0.104713	0.135732	False	9050.8141
HAP1_chr11	HAP2_chr12	19	1392979	16845289	18511531	0.041014	0.082692	0.133732	False	29196.5229
HAP1_chr11	HAP2_chr12	23	1160133	17621694	19196363	0.032535	0.065835	0.120187	False	374150.0255
HAP1_chr11	HAP2_chr13	11	1662572	1872099	1773388	0.838448	0.937512	0.008362	False	63.1795
HAP1_chr11	HAP2_chr13	13	4034624	9326903	7463531	0.316297	0.540578	0.056365	False	1360.8117
HAP1_chr11	HAP2_chr13	15	2183854	14671173	10811655	0.093732	0.201991	0.117584	False	3474.1683
HAP1_chr11	HAP2_chr13	17	1310205	16214000	11714892	0.049221	0.111841	0.139196	False	8662.1907
HAP1_chr11	HAP2_chr13	19	1076744	16845289	12084487	0.038658	0.089101	0.136725	False	27939.3451
HAP1_chr11	HAP2_chr13	23	885939	17621694	12533334	0.030269	0.070687	0.123231	False	353605.0927
HAP1_chr11	HAP2_chr05	11	1777602	1872099	1927047	0.879329	0.949524	0.006033	False	43.7284
HAP1_chr11	HAP2_chr05	13	5239725	9326903	10709499	0.354115	0.561786	0.049857	False	1311.5429
HAP1_chr11	HAP2_chr05	15	2850077	14671173	17601194	0.096868	0.194264	0.115581	False	3415.9559
HAP1_chr11	HAP2_chr05	17	1524855	16214000	19429478	0.044693	0.094046	0.144619	False	7770.9650
HAP1_chr11	HAP2_chr05	19	1201096	16845289	20016096	0.033682	0.071302	0.143725	False	24200.0214
HAP1_chr11	HAP2_chr05	23	980364	17621694	20608717	0.026318	0.055634	0.129144	False	305146.4906
HAP1_chr11	HAP2_chr10	11	1754949	1872099	1895187	0.872095	0.937423	0.006433	False	48.5444
HAP1_chr11	HAP2_chr10	13	4908789	9326903	9712491	0.347387	0.526304	0.050949	False	1344.4691
HAP1_chr11	HAP2_chr10	15	2717802	14671173	15325642	0.099630	0.185248	0.113875	False	3552.4769
HAP1_chr11	HAP2_chr10	17	1561727	16214000	16850568	0.049574	0.096320	0.138795	False	8578.5020
HAP1_chr11	HAP2_chr10	19	1270145	16845289	17412284	0.038504	0.075401	0.136928	False	27448.0051
HAP1_chr11	HAP2_chr10	23	1056226	17621694	18052398	0.030511	0.059939	0.122895	False	351266.5223
HAP1_chr11	HAP2_chr14	11	1739003	1872099	1872511	0.867071	0.928905	0.006714	False	52.1606
HAP1_chr11	HAP2_chr14	13	4794976	9326903	9287321	0.346978	0.516293	0.051016	False	1377.6184
HAP1_chr11	HAP2_chr14	15	2739536	14671173	14504228	0.103630	0.188878	0.111493	False	3721.8611
HAP1_chr11	HAP2_chr14	17	1639842	16214000	15955961	0.053712	0.102773	0.134311	False	9275.5535
HAP1_chr11	HAP2_chr14	19	1347282	16845289	16521915	0.042076	0.081545	0.132439	False	29894.4625
HAP1_chr11	HAP2_chr14	23	1109629	17621694	17192812	0.032922	0.064540	0.119690	False	378139.5002
HAP1_chr11	HAP2_chr15	11	1686027	1872099	1801610	0.848238	0.935845	0.007789	False	61.3119
HAP1_chr11	HAP2_chr15	13	4237368	9326903	7922995	0.325638	0.534819	0.054671	False	1371.3236
HAP1_chr11	HAP2_chr15	15	2337261	14671173	11716993	0.097180	0.199476	0.115386	False	3564.6351
HAP1_chr11	HAP2_chr15	17	1405800	16214000	12776868	0.050962	0.110027	0.137249	False	8897.0500
HAP1_chr11	HAP2_chr15	19	1157446	16845289	13220548	0.040038	0.087549	0.134949	False	28713.3109
HAP1_chr11	HAP2_chr15	23	955570	17621694	13763461	0.031403	0.069428	0.121680	False	363954.1034
HAP1_chr11	HAP2_chr18	11	1646358	1872099	1754152	0.831539	0.938549	0.008772	False	64.2903
HAP1_chr11	HAP2_chr18	13	3776806	9326903	6943926	0.302289	0.543901	0.059027	False	1329.1929
HAP1_chr11	HAP2_chr18	15	2009411	14671173	9721359	0.089773	0.206701	0.120219	False	3383.1725
HAP1_chr11	HAP2_chr18	17	1237382	16214000	10474208	0.048619	0.118136	0.139887	False	8659.6019
HAP1_chr11	HAP2_chr18	19	1035260	16845289	10808975	0.038892	0.095778	0.136420	False	28406.4360
HAP1_chr11	HAP2_chr18	23	867864	17621694	11244443	0.030997	0.077182	0.122228	False	365705.0492
HAP1_chr11	HAP2_chr16	11	1739116	1872099	1875396	0.865930	0.928966	0.006778	False	50.2174
HAP1_chr11	HAP2_chr16	13	4660454	9326903	9231562	0.335332	0.504839	0.052974	False	1307.4707
HAP1_chr11	HAP2_chr16	15	2399205	14671173	14170650	0.090733	0.169308	0.119569	False	3233.1599
HAP1_chr11	HAP2_chr16	17	1289080	16214000	15390938	0.042522	0.083756	0.147426	False	7392.6091
HAP1_chr11	HAP2_chr16	19	1020321	16845289	15784249	0.032279	0.064642	0.145892	False	23153.4820
HAP1_chr11	HAP2_chr16	23	833294	17621694	16190750	0.025267	0.051467	0.130872	False	292625.1301
HAP1_chr11	HAP2_chr17	11	1706663	1872099	1830609	0.855022	0.932292	0.007398	False	56.7166
HAP1_chr11	HAP2_chr17	13	4336990	9326903	8240648	0.327801	0.526292	0.054287	False	1352.1171
HAP1_chr11	HAP2_chr17	15	2380803	14671173	12197774	0.097223	0.195183	0.115359	False	3546.3388
HAP1_chr11	HAP2_chr17	17	1439327	16214000	13269618	0.051323	0.108468	0.136854	False	8936.2638
HAP1_chr11	HAP2_chr17	19	1191430	16845289	13709289	0.040576	0.086907	0.134274	False	29024.4387
HAP1_chr11	HAP2_chr17	23	987156	17621694	14252006	0.031961	0.069264	0.120937	False	369484.0758
HAP1_chr11	HAP2_chr07	11	1651688	1872099	1758901	0.834476	0.939045	0.008597	False	65.0738
HAP1_chr11	HAP2_chr07	13	3955166	9326903	7240106	0.313607	0.546286	0.056865	False	1369.4160
HAP1_chr11	HAP2_chr07	15	2191859	14671173	10421927	0.095709	0.210312	0.116313	False	3573.4868
HAP1_chr11	HAP2_chr07	17	1364179	16214000	11338838	0.052090	0.120310	0.136024	False	9178.4476
HAP1_chr11	HAP2_chr07	19	1137446	16845289	11754937	0.041418	0.096763	0.133236	False	29928.5635
HAP1_chr11	HAP2_chr07	23	943872	17621694	12293816	0.032579	0.076776	0.120130	False	380380.2768
HAP1_chr11	HAP2_chr19	11	1611003	1872099	1700238	0.821381	0.947516	0.009383	False	75.6697
HAP1_chr11	HAP2_chr19	13	3809397	9326903	6349723	0.321001	0.599931	0.055504	False	1538.8493
HAP1_chr11	HAP2_chr19	15	2496828	14671173	8710089	0.119554	0.286659	0.102918	False	4629.8840
HAP1_chr11	HAP2_chr19	17	1795578	16214000	9328904	0.075612	0.192475	0.115405	False	13398.5794
HAP1_chr11	HAP2_chr19	19	1546739	16845289	9592131	0.062141	0.161251	0.112920	False	45075.9556
HAP1_chr11	HAP2_chr19	23	1275481	17621694	9920765	0.048558	0.128567	0.103446	False	572203.8760
HAP1_chr11	HAP2_chr20	11	1608682	1872099	1707604	0.816167	0.942070	0.009702	False	68.3006
HAP1_chr11	HAP2_chr20	13	3569041	9326903	6447496	0.292416	0.553555	0.060996	False	1327.2940
HAP1_chr11	HAP2_chr20	15	1891237	14671173	8910664	0.087192	0.212244	0.122007	False	3339.1389
HAP1_chr11	HAP2_chr20	17	1160527	16214000	9575366	0.047121	0.121199	0.141644	False	8497.8776
HAP1_chr11	HAP2_chr20	19	964830	16845289	9867294	0.037472	0.097781	0.138305	False	27709.1199
HAP1_chr11	HAP2_chr20	23	799566	17621694	10242168	0.029543	0.078066	0.124255	False	353025.9734
HAP1_chr11	HAP2_chr22	11	1577639	1872099	1670517	0.802879	0.944402	0.010526	False	70.7449
HAP1_chr11	HAP2_chr22	13	3389126	9326903	6040646	0.282936	0.561054	0.062965	False	1319.6925
HAP1_chr11	HAP2_chr22	15	1781824	14671173	8216329	0.084424	0.216864	0.123987	False	3286.5061
HAP1_chr11	HAP2_chr22	17	1095516	16214000	8800212	0.045802	0.124487	0.143239	False	8371.1769
HAP1_chr11	HAP2_chr22	19	909743	16845289	9060039	0.036396	0.100413	0.139784	False	27267.0996
HAP1_chr11	HAP2_chr22	23	749260	17621694	9392238	0.028527	0.079774	0.125734	False	345458.8727
HAP1_chr11	HAP2_chr21	11	1635371	1872099	1740450	0.827124	0.939625	0.009036	False	65.5413
HAP1_chr11	HAP2_chr21	13	3776265	9326903	6927352	0.302634	0.545124	0.058959	False	1333.7121
HAP1_chr11	HAP2_chr21	15	1990105	14671173	9749738	0.088722	0.204119	0.120940	False	3339.3404
HAP1_chr11	HAP2_chr21	17	1193268	16214000	10481481	0.046791	0.113845	0.142038	False	8342.8713
HAP1_chr11	HAP2_chr21	19	978773	16845289	10776712	0.036736	0.090823	0.139312	False	26894.7835
HAP1_chr11	HAP2_chr21	23	796987	17621694	11129001	0.028511	0.071614	0.125758	False	337575.7057
HAP1_chr11	HAP2_chr23	11	1636643	1872099	1740516	0.828272	0.940321	0.008967	False	66.5133
HAP1_chr11	HAP2_chr23	13	3794995	9326903	6913236	0.304938	0.548946	0.058512	False	1351.4151
HAP1_chr11	HAP2_chr23	15	2049621	14671173	9735989	0.091675	0.210520	0.118938	False	3457.8100
HAP1_chr11	HAP2_chr23	17	1261006	16214000	10491711	0.049559	0.120191	0.138813	False	8820.0135
HAP1_chr11	HAP2_chr23	19	1045674	16845289	10813251	0.039292	0.096703	0.135901	False	28686.8631
HAP1_chr11	HAP2_chr23	23	859399	17621694	11210512	0.030723	0.076660	0.122603	False	362685.6373
HAP1_chr11	HAP2_chr24	11	1639883	1872099	1746750	0.828656	0.938820	0.008944	False	64.5326
HAP1_chr11	HAP2_chr24	13	3756264	9326903	6932666	0.300422	0.541821	0.059393	False	1317.7287
HAP1_chr11	HAP2_chr24	15	1941475	14671173	9710842	0.086516	0.199929	0.122483	False	3253.6834
HAP1_chr11	HAP2_chr24	17	1151741	16214000	10421673	0.045195	0.110514	0.143990	False	8071.4992
HAP1_chr11	HAP2_chr24	19	950767	16845289	10707211	0.035741	0.088797	0.140707	False	26209.0777
HAP1_chr11	HAP2_chr24	23	789874	17621694	11048947	0.028330	0.071489	0.126026	False	335772.7174
HAP1_chr11	HAP2_chr25	11	1565778	1872099	1652327	0.799418	0.947620	0.010744	False	74.7371
HAP1_chr11	HAP2_chr25	13	3358754	9326903	5856933	0.284036	0.573466	0.062732	False	1356.4482
HAP1_chr11	HAP2_chr25	15	1826559	14671173	7847891	0.088272	0.232745	0.121252	False	3481.1083
HAP1_chr11	HAP2_chr25	17	1165817	16214000	8334301	0.049859	0.139882	0.138475	False	9169.4944
HAP1_chr11	HAP2_chr25	19	977580	16845289	8530821	0.040067	0.114594	0.134912	False	30200.0613
HAP1_chr11	HAP2_chr25	23	803399	17621694	8768493	0.031399	0.091623	0.121685	False	383369.4552
HAP1_chr11	HAP2_chr26	11	1595141	1872099	1692364	0.809995	0.942552	0.010082	False	68.6591
HAP1_chr11	HAP2_chr26	13	3410771	9326903	6190440	0.281729	0.550974	0.063221	False	1288.3872
HAP1_chr11	HAP2_chr26	15	1721074	14671173	8368839	0.080730	0.205653	0.126742	False	3120.6747
HAP1_chr11	HAP2_chr26	17	1030040	16214000	8904372	0.042761	0.115678	0.147109	False	7815.5096
HAP1_chr11	HAP2_chr26	19	855345	16845289	9117717	0.034067	0.093811	0.143146	False	25553.2516
HAP1_chr11	HAP2_chr26	23	713002	17621694	9371550	0.027131	0.076082	0.127857	False	329104.0680
HAP1_chr12	HAP1_chr13	11	1772259	1915799	1875135	0.877932	0.945137	0.006110	False	45.2915
HAP1_chr12	HAP1_chr13	13	5074780	10153789	9343819	0.351857	0.543116	0.050220	False	1336.4595
HAP1_chr12	HAP1_chr13	15	2871206	16247040	14682039	0.102332	0.195559	0.112254	False	3640.8680
HAP1_chr12	HAP1_chr13	17	1676772	17909288	16239991	0.051637	0.103250	0.136513	False	8928.4781
HAP1_chr12	HAP1_chr13	19	1370982	18511755	16884360	0.040293	0.081198	0.134628	False	28701.1682
HAP1_chr12	HAP1_chr13	23	1139226	19189942	17677470	0.031886	0.064445	0.121036	False	366888.6101
HAP1_chr12	HAP1_chr14	11	1768934	1915799	1871130	0.876580	0.945383	0.006185	False	45.5951
HAP1_chr12	HAP1_chr14	13	5033158	10153789	9262991	0.349923	0.543362	0.050534	False	1332.0265
HAP1_chr12	HAP1_chr14	15	2804137	16247040	14456692	0.100508	0.193968	0.113343	False	3578.0456
HAP1_chr12	HAP1_chr14	17	1617229	17909288	15903532	0.050231	0.101690	0.138058	False	8699.2888
HAP1_chr12	HAP1_chr14	19	1316101	18511755	16468416	0.039095	0.079917	0.136156	False	27897.2796
HAP1_chr12	HAP1_chr14	23	1088837	19189942	17136388	0.030900	0.063539	0.122360	False	356153.7901
HAP1_chr12	HAP1_chr15	11	1756073	1915799	1855173	0.871544	0.946582	0.006464	False	47.1090
HAP1_chr12	HAP1_chr15	13	4857384	10153789	8874233	0.342778	0.547358	0.051713	False	1325.4153
HAP1_chr12	HAP1_chr15	15	2653621	16247040	13573555	0.097678	0.195499	0.115075	False	3499.4643
HAP1_chr12	HAP1_chr15	17	1526648	17909288	14867839	0.048852	0.102681	0.139618	False	8494.9683
HAP1_chr12	HAP1_chr15	19	1245311	18511755	15377188	0.038149	0.080984	0.137398	False	27317.9168
HAP1_chr12	HAP1_chr15	23	1037077	19189942	15979423	0.030384	0.064901	0.123071	False	351289.2644
HAP1_chr12	HAP1_chr16	11	1780760	1915799	1875435	0.885741	0.949518	0.005682	False	51.5732
HAP1_chr12	HAP1_chr16	13	5496525	10153789	9236754	0.395604	0.595071	0.043656	False	1615.8231
HAP1_chr12	HAP1_chr16	15	4025994	16247040	14181284	0.152486	0.283895	0.088630	False	5490.4804
HAP1_chr12	HAP1_chr16	17	2907549	17909288	15402512	0.095630	0.188771	0.102674	False	16045.8861
HAP1_chr12	HAP1_chr16	19	2483899	18511755	15797116	0.078049	0.157237	0.101707	False	53802.6879
HAP1_chr12	HAP1_chr16	23	2016788	19189942	16206423	0.060420	0.124444	0.094433	False	678348.4414
HAP1_chr12	HAP1_chr17	11	1733851	1915799	1828536	0.862405	0.948218	0.006977	False	49.0847
HAP1_chr12	HAP1_chr17	13	4563346	10153789	8215644	0.330531	0.555446	0.053807	False	1317.4268
HAP1_chr12	HAP1_chr17	15	2489807	16247040	12154666	0.096087	0.204844	0.116073	False	3498.7823
HAP1_chr12	HAP1_chr17	17	1483034	17909288	13222763	0.050020	0.112158	0.138294	False	8765.9022
HAP1_chr12	HAP1_chr17	19	1225879	18511755	13661444	0.039612	0.089733	0.135491	False	28535.0114
HAP1_chr12	HAP1_chr17	23	1022836	19189942	14203159	0.031598	0.072015	0.121418	False	367492.3585
HAP1_chr12	HAP1_chr18	11	1678431	1915799	1761652	0.839627	0.952760	0.008292	False	54.4853
HAP1_chr12	HAP1_chr18	13	4011187	10153789	7039081	0.304300	0.569845	0.058635	False	1288.8974
HAP1_chr12	HAP1_chr18	15	2114802	16247040	9893375	0.088023	0.213759	0.121425	False	3317.7898
HAP1_chr12	HAP1_chr18	17	1276962	17909288	10674911	0.046763	0.119623	0.142072	False	8410.3779
HAP1_chr12	HAP1_chr18	19	1065987	18511755	11026423	0.037440	0.096676	0.138349	False	27622.3241
HAP1_chr12	HAP1_chr18	23	901435	19189942	11490106	0.030271	0.078453	0.123228	False	360087.0069
HAP1_chr12	HAP1_chr19	11	1674865	1915799	1756593	0.838469	0.953474	0.008360	False	55.3970
HAP1_chr12	HAP1_chr19	13	4068110	10153789	7125681	0.307925	0.570908	0.057938	False	1301.9598
HAP1_chr12	HAP1_chr19	15	2149405	16247040	10112005	0.088783	0.212560	0.120898	False	3332.3191
HAP1_chr12	HAP1_chr19	17	1278531	17909288	10913586	0.046417	0.117150	0.142489	False	8325.0066
HAP1_chr12	HAP1_chr19	19	1060524	18511755	11252278	0.036948	0.094250	0.139021	False	27202.5934
HAP1_chr12	HAP1_chr19	23	891983	19189942	11676341	0.029758	0.076392	0.123949	False	353458.2828
HAP1_chr12	HAP1_chr20	11	1635889	1915799	1711472	0.821484	0.955837	0.009377	False	57.9164
HAP1_chr12	HAP1_chr20	13	3769823	10153789	6490457	0.292815	0.580826	0.060915	False	1288.5027
HAP1_chr12	HAP1_chr20	15	1980513	16247040	8988729	0.085164	0.220333	0.123451	False	3275.7563
HAP1_chr12	HAP1_chr20	17	1191524	17909288	9665961	0.045161	0.123270	0.144032	False	8251.4035
HAP1_chr12	HAP1_chr20	19	986869	18511755	9964401	0.035900	0.099039	0.140481	False	26901.3455
HAP1_chr12	HAP1_chr20	23	823430	19189942	10349545	0.028675	0.079562	0.125516	False	346578.1277
HAP1_chr12	HAP1_chr21	11	1662142	1915799	1742327	0.832743	0.953978	0.008700	False	55.8685
HAP1_chr12	HAP1_chr21	13	3980152	10153789	6944609	0.303406	0.573128	0.058809	False	1295.9465
HAP1_chr12	HAP1_chr21	15	2080567	16247040	9781299	0.086879	0.212709	0.122227	False	3280.0531
HAP1_chr12	HAP1_chr21	17	1223354	17909288	10518678	0.044969	0.116303	0.144272	False	8112.8097
HAP1_chr12	HAP1_chr21	19	1002069	18511755	10816829	0.035376	0.092640	0.141229	False	26214.8200
HAP1_chr12	HAP1_chr21	23	824839	19189942	11173336	0.027924	0.073822	0.126637	False	334127.8070
HAP1_chr12	HAP1_chr22	11	1629418	1915799	1704026	0.818636	0.956217	0.009551	False	58.3082
HAP1_chr12	HAP1_chr22	13	3737247	10153789	6405553	0.291469	0.583439	0.061189	False	1292.0698
HAP1_chr12	HAP1_chr22	15	1978091	16247040	8841730	0.085592	0.223722	0.123143	False	3306.7925
HAP1_chr12	HAP1_chr22	17	1202691	17909288	9505777	0.045883	0.126522	0.143140	False	8402.3313
HAP1_chr12	HAP1_chr22	19	1000391	18511755	9805074	0.036622	0.102028	0.139469	False	27491.7100
HAP1_chr12	HAP1_chr22	23	834320	19189942	10195462	0.029222	0.081832	0.124717	False	353805.3340
HAP1_chr12	HAP1_chr23	11	1672383	1915799	1753511	0.837478	0.953734	0.008419	False	55.7091
HAP1_chr12	HAP1_chr23	13	4036793	10153789	7067544	0.306176	0.571173	0.058273	False	1297.9190
HAP1_chr12	HAP1_chr23	15	2125034	16247040	10003276	0.088083	0.212434	0.121383	False	3312.0660
HAP1_chr12	HAP1_chr23	17	1260020	17909288	10789591	0.045921	0.116781	0.143093	False	8251.0102
HAP1_chr12	HAP1_chr23	19	1037693	18511755	11123421	0.036286	0.093289	0.139938	False	26770.3060
HAP1_chr12	HAP1_chr23	23	860614	19189942	11537178	0.028815	0.074595	0.125309	False	343078.5027
HAP1_chr12	HAP1_chr24	11	1665095	1915799	1746189	0.833843	0.953559	0.008634	False	55.3514
HAP1_chr12	HAP1_chr24	13	3947153	10153789	6912850	0.300862	0.570988	0.059306	False	1282.7491
HAP1_chr12	HAP1_chr24	15	2031947	16247040	9670718	0.085069	0.210113	0.123519	False	3215.0649
HAP1_chr12	HAP1_chr24	17	1188080	17909288	10375760	0.043845	0.114505	0.145697	False	7930.6900
HAP1_chr12	HAP1_chr24	19	978626	18511755	10659044	0.034713	0.091812	0.142191	False	25789.9888
HAP1_chr12	HAP1_chr24	23	817434	19189942	10997536	0.027832	0.074329	0.126777	False	333764.3032
HAP1_chr12	HAP1_chr25	11	1585170	1915799	1652760	0.799223	0.959105	0.010757	False	61.3091
HAP1_chr12	HAP1_chr25	13	3434732	10153789	5875803	0.272709	0.584555	0.065181	False	1242.4096
HAP1_chr12	HAP1_chr25	15	1680250	16247040	7878851	0.074859	0.213261	0.131413	False	2952.7478
HAP1_chr12	HAP1_chr25	17	964308	17909288	8364267	0.038101	0.115289	0.153633	False	7170.2091
HAP1_chr12	HAP1_chr25	19	791466	18511755	8557390	0.030119	0.092489	0.149427	False	23278.7580
HAP1_chr12	HAP1_chr25	23	661403	19189942	8789357	0.024211	0.075250	0.132683	False	302080.3889
HAP1_chr12	HAP1_chr26	11	1620918	1915799	1686479	0.818084	0.961126	0.009584	False	64.6770
HAP1_chr12	HAP1_chr26	13	3878889	10153789	6131968	0.312640	0.632568	0.057046	False	1485.3356
HAP1_chr12	HAP1_chr26	15	2544547	16247040	8274002	0.115785	0.307535	0.104829	False	4584.7199
HAP1_chr12	HAP1_chr26	17	1829415	17909288	8799975	0.073530	0.207889	0.116933	False	13370.5649
HAP1_chr12	HAP1_chr26	19	1573390	18511755	9008407	0.060639	0.174658	0.114134	False	45134.4823
HAP1_chr12	HAP1_chr26	23	1291830	19189942	9253365	0.047579	0.139607	0.104292	False	575031.8417
HAP1_chr12	HAP2_chr01	11	1833155	1915799	1956191	0.899119	0.956862	0.004962	False	34.5058
HAP1_chr12	HAP2_chr01	13	5961943	10153789	11594047	0.377675	0.587164	0.046229	False	1309.8785
HAP1_chr12	HAP2_chr01	15	3531377	16247040	19936069	0.108153	0.217355	0.108917	False	3769.7136
HAP1_chr12	HAP2_chr01	17	2007348	17909288	22404348	0.052403	0.112084	0.135690	False	9071.6601
HAP1_chr12	HAP2_chr01	19	1622713	18511755	23312721	0.040364	0.087659	0.134539	False	28902.4838
HAP1_chr12	HAP2_chr01	23	1350578	19189942	24358453	0.032006	0.070379	0.120878	False	370534.4728
HAP1_chr12	HAP2_chr02	11	1825468	1915799	1944775	0.896989	0.952849	0.005076	False	36.6640
HAP1_chr12	HAP2_chr02	13	5818665	10153789	11207989	0.374356	0.573054	0.046722	False	1317.8822
HAP1_chr12	HAP2_chr02	15	3422611	16247040	18930484	0.107782	0.210661	0.109124	False	3765.0464
HAP1_chr12	HAP2_chr02	17	1971871	17909288	21212559	0.053079	0.110103	0.134974	False	9166.1340
HAP1_chr12	HAP2_chr02	19	1605534	18511755	22080660	0.041181	0.086731	0.133525	False	29385.9259
HAP1_chr12	HAP2_chr02	23	1341642	19189942	23100878	0.032764	0.069914	0.119893	False	377969.1857
HAP1_chr12	HAP2_chr03	11	1836987	1915799	1963081	0.899649	0.958862	0.004934	False	32.6066
HAP1_chr12	HAP2_chr03	13	5952773	10153789	11634879	0.375904	0.586261	0.046491	False	1296.1059
HAP1_chr12	HAP2_chr03	15	3485101	16247040	19905925	0.106683	0.214507	0.109741	False	3714.1194
HAP1_chr12	HAP2_chr03	17	1966527	17909288	22313308	0.051404	0.109805	0.136765	False	8901.7684
HAP1_chr12	HAP2_chr03	19	1591515	18511755	23191431	0.039677	0.085973	0.135408	False	28420.0513
HAP1_chr12	HAP2_chr03	23	1330401	19189942	24190163	0.031639	0.069328	0.121364	False	366266.2734
HAP1_chr12	HAP2_chr04	11	1819208	1915799	1937260	0.894465	0.949582	0.005211	False	37.1899
HAP1_chr12	HAP2_chr04	13	5675540	10153789	10898284	0.369104	0.558958	0.047514	False	1309.2708
HAP1_chr12	HAP2_chr04	15	3239362	16247040	18070854	0.104231	0.199382	0.111143	False	3640.9365
HAP1_chr12	HAP2_chr04	17	1830113	17909288	20103510	0.050580	0.102188	0.137670	False	8734.4516
HAP1_chr12	HAP2_chr04	19	1484664	18511755	20853426	0.039193	0.080201	0.136029	False	27960.7100
HAP1_chr12	HAP2_chr04	23	1243391	19189942	21714248	0.031351	0.064794	0.121750	False	361301.0781
HAP1_chr12	HAP2_chr06	11	1756211	1915799	1856147	0.871251	0.946159	0.006480	False	46.5193
HAP1_chr12	HAP2_chr06	13	4854854	10153789	8915399	0.341546	0.544547	0.051919	False	1313.2273
HAP1_chr12	HAP2_chr06	15	2605204	16247040	13659620	0.095424	0.190723	0.116495	False	3409.0659
HAP1_chr12	HAP2_chr06	17	1469290	17909288	14950852	0.046806	0.098275	0.142020	False	8145.4961
HAP1_chr12	HAP2_chr06	19	1193441	18511755	15462891	0.036406	0.077181	0.139770	False	26105.2687
HAP1_chr12	HAP2_chr06	23	996095	19189942	16092268	0.029052	0.061899	0.124963	False	336222.1930
HAP1_chr12	HAP2_chr09	11	1739968	1915799	1835654	0.865017	0.947874	0.006830	False	48.6918
HAP1_chr12	HAP2_chr09	13	4641162	10153789	8400787	0.333575	0.552468	0.053277	False	1316.4955
HAP1_chr12	HAP2_chr09	15	2503920	16247040	12520506	0.095338	0.199986	0.116550	False	3452.2290
HAP1_chr12	HAP2_chr09	17	1457447	17909288	13598702	0.048500	0.107175	0.140024	False	8487.2715
HAP1_chr12	HAP2_chr09	19	1196244	18511755	14008836	0.038189	0.085392	0.137344	False	27495.6700
HAP1_chr12	HAP2_chr09	23	999811	19189942	14488605	0.030595	0.069007	0.122778	False	355663.4715
HAP1_chr12	HAP2_chr08	11	1752114	1915799	1850664	0.869817	0.946749	0.006561	False	47.2895
HAP1_chr12	HAP2_chr08	13	4813869	10153789	8796322	0.340534	0.547259	0.052089	False	1319.0511
HAP1_chr12	HAP2_chr08	15	2603264	16247040	13405860	0.096240	0.194189	0.115976	False	3450.1907
HAP1_chr12	HAP2_chr08	17	1496764	17909288	14664144	0.048164	0.102070	0.140414	False	8385.2847
HAP1_chr12	HAP2_chr08	19	1226827	18511755	15167024	0.037804	0.080888	0.137857	False	27098.2029
HAP1_chr12	HAP2_chr08	23	1030927	19189942	15783256	0.030373	0.065318	0.123086	False	351369.4983
HAP1_chr12	HAP2_chr11	11	1772271	1915799	1875256	0.877890	0.945082	0.006112	False	45.2147
HAP1_chr12	HAP2_chr11	13	5105853	10153789	9396976	0.353471	0.543351	0.049960	False	1341.5618
HAP1_chr12	HAP2_chr11	15	2899096	16247040	14824614	0.102905	0.195560	0.111917	False	3658.5155
HAP1_chr12	HAP2_chr11	17	1697673	17909288	16402565	0.052053	0.103500	0.136064	False	8995.3108
HAP1_chr12	HAP2_chr11	19	1388838	18511755	17052685	0.040638	0.081444	0.134196	False	28931.2704
HAP1_chr12	HAP2_chr11	23	1154745	19189942	17855262	0.032174	0.064673	0.120657	False	370030.3833
HAP1_chr12	HAP2_chr12	11	1907880	1915799	1916305	0.991506	0.995866	0.000389	False	118.8793
HAP1_chr12	HAP2_chr12	13	9950400	10153789	10157744	0.960358	0.979969	0.001571	False	3922.2571
HAP1_chr12	HAP2_chr12	15	15758303	16247040	16248346	0.941520	0.969918	0.002039	False	21771.3428
HAP1_chr12	HAP2_chr12	17	17287720	17909288	17907770	0.932992	0.965375	0.002075	False	89275.8054
HAP1_chr12	HAP2_chr12	19	17812002	18511755	18511531	0.927164	0.962211	0.002028	False	356666.1483
HAP1_chr12	HAP2_chr12	23	18367631	19189942	19196363	0.917525	0.957149	0.001911	False	5676511.1193
HAP1_chr12	HAP2_chr13	11	1689210	1915799	1773388	0.844615	0.952533	0.008000	False	54.3502
HAP1_chr12	HAP2_chr13	13	4236377	10153789	7463531	0.316598	0.567610	0.056310	False	1316.0887
HAP1_chr12	HAP2_chr13	15	2262260	16247040	10811655	0.091233	0.209243	0.119233	False	3382.9766
HAP1_chr12	HAP2_chr13	17	1324485	17909288	11714892	0.046802	0.113060	0.142025	False	8318.5986
HAP1_chr12	HAP2_chr13	19	1085724	18511755	12084487	0.036791	0.089844	0.139236	False	26871.0655
HAP1_chr12	HAP2_chr13	23	901827	19189942	12533334	0.029260	0.071954	0.124662	False	344925.0265
HAP1_chr12	HAP2_chr05	11	1811827	1915799	1927047	0.892078	0.945729	0.005339	False	38.7571
HAP1_chr12	HAP2_chr05	13	5567339	10153789	10709499	0.363975	0.548302	0.048302	False	1292.3893
HAP1_chr12	HAP2_chr05	15	3018576	16247040	17601194	0.097911	0.185792	0.114930	False	3406.1515
HAP1_chr12	HAP2_chr05	17	1584076	17909288	19429478	0.044304	0.088450	0.145111	False	7669.2119
HAP1_chr12	HAP2_chr05	19	1240678	18511755	20016096	0.033274	0.067021	0.144346	False	23842.7185
HAP1_chr12	HAP2_chr05	23	1016956	19189942	20608717	0.026223	0.052994	0.129299	False	303326.2223
HAP1_chr12	HAP2_chr10	11	1787138	1915799	1895187	0.883040	0.942988	0.005830	False	42.4376
HAP1_chr12	HAP2_chr10	13	5187337	10153789	9712491	0.353386	0.534089	0.049974	False	1311.4291
HAP1_chr12	HAP2_chr10	15	2843820	16247040	15325642	0.098988	0.185560	0.114266	False	3494.7859
HAP1_chr12	HAP2_chr10	17	1598050	17909288	16850568	0.048189	0.094837	0.140384	False	8338.4377
HAP1_chr12	HAP2_chr10	19	1294837	18511755	17412284	0.037391	0.074363	0.138414	False	26688.9215
HAP1_chr12	HAP2_chr10	23	1083009	19189942	18052398	0.029951	0.059993	0.123676	False	345142.7371
HAP1_chr12	HAP2_chr14	11	1770044	1915799	1872511	0.877012	0.945278	0.006161	False	45.4624
HAP1_chr12	HAP2_chr14	13	5047011	10153789	9287321	0.350631	0.543430	0.050419	False	1334.1523
HAP1_chr12	HAP2_chr14	15	2819781	16247040	14504228	0.100953	0.194411	0.113075	False	3593.6190
HAP1_chr12	HAP2_chr14	17	1632183	17909288	15955961	0.050637	0.102293	0.137607	False	8766.3737
HAP1_chr12	HAP2_chr14	19	1331498	18511755	16521915	0.039508	0.080590	0.135624	False	28178.3138
HAP1_chr12	HAP2_chr14	23	1105187	19189942	17192812	0.031328	0.064282	0.121780	False	360908.1565
HAP1_chr12	HAP2_chr15	11	1712893	1915799	1801610	0.854517	0.950757	0.007427	False	52.2871
HAP1_chr12	HAP2_chr15	13	4451457	10153789	7922995	0.326705	0.561840	0.054481	False	1326.4687
HAP1_chr12	HAP2_chr15	15	2416959	16247040	11716993	0.094608	0.206278	0.117017	False	3463.4356
HAP1_chr12	HAP2_chr15	17	1422328	17909288	12776868	0.048604	0.111321	0.139904	False	8551.3034
HAP1_chr12	HAP2_chr15	19	1169657	18511755	13220548	0.038271	0.088473	0.137236	False	27675.9951
HAP1_chr12	HAP2_chr15	23	976337	19189942	13763461	0.030532	0.070937	0.122865	False	356344.9856
HAP1_chr12	HAP2_chr18	11	1672059	1915799	1754152	0.836912	0.953201	0.008452	False	54.9804
HAP1_chr12	HAP2_chr18	13	3964793	10153789	6943926	0.301897	0.570973	0.059103	False	1285.5573
HAP1_chr12	HAP2_chr18	15	2079590	16247040	9721359	0.087053	0.213920	0.122104	False	3291.6927
HAP1_chr12	HAP2_chr18	17	1250830	17909288	10474208	0.046101	0.119420	0.142874	False	8316.5707
HAP1_chr12	HAP2_chr18	19	1041809	18511755	10808975	0.036840	0.096384	0.139168	False	27265.8879
HAP1_chr12	HAP2_chr18	23	878304	19189942	11244443	0.029717	0.078110	0.124008	False	354658.9515
HAP1_chr12	HAP2_chr16	11	1780665	1915799	1875396	0.885669	0.949487	0.005686	False	51.5283
HAP1_chr12	HAP2_chr16	13	5490768	10153789	9231562	0.395173	0.594782	0.043716	False	1613.7730
HAP1_chr12	HAP2_chr16	15	4016947	16247040	14170650	0.152153	0.283469	0.088757	False	5479.2163
HAP1_chr12	HAP2_chr16	17	2898861	17909288	15390938	0.095353	0.188349	0.102829	False	16003.5528
HAP1_chr12	HAP2_chr16	19	2476016	18511755	15784249	0.077813	0.156866	0.101854	False	53653.6841
HAP1_chr12	HAP2_chr16	23	2009732	19189942	16190750	0.060224	0.124128	0.094566	False	676302.2422
HAP1_chr12	HAP2_chr17	11	1735523	1915799	1830609	0.863064	0.948058	0.006940	False	48.8854
HAP1_chr12	HAP2_chr17	13	4577598	10153789	8240648	0.331306	0.555490	0.053671	False	1319.6603
HAP1_chr12	HAP2_chr17	15	2505100	16247040	12197774	0.096574	0.205374	0.115766	False	3515.6182
HAP1_chr12	HAP2_chr17	17	1498163	17909288	13269618	0.050476	0.112902	0.137786	False	8840.7822
HAP1_chr12	HAP2_chr17	19	1241321	18511755	13709289	0.040069	0.090546	0.134910	False	28844.3827
HAP1_chr12	HAP2_chr17	23	1038816	19189942	14252006	0.032059	0.072889	0.120808	False	372593.6538
HAP1_chr12	HAP2_chr07	11	1676867	1915799	1758901	0.839343	0.953361	0.008309	False	55.2767
HAP1_chr12	HAP2_chr07	13	4132646	10153789	7240106	0.311633	0.570799	0.057235	False	1311.8378
HAP1_chr12	HAP2_chr07	15	2229617	16247040	10421927	0.091231	0.213935	0.119235	False	3408.5251
HAP1_chr12	HAP2_chr07	17	1337374	17909288	11338838	0.047916	0.117946	0.140704	False	8544.3447
HAP1_chr12	HAP2_chr07	19	1105538	18511755	11754937	0.037911	0.094049	0.137714	False	27744.2015
HAP1_chr12	HAP2_chr07	23	919648	19189942	12293816	0.030089	0.074806	0.123482	False	355151.1140
HAP1_chr12	HAP2_chr19	11	1626356	1915799	1700238	0.817395	0.956546	0.009626	False	58.6928
HAP1_chr12	HAP2_chr19	13	3692541	10153789	6349723	0.288233	0.581528	0.061855	False	1277.6741
HAP1_chr12	HAP2_chr19	15	1913636	16247040	8710089	0.083045	0.219703	0.125000	False	3213.9039
HAP1_chr12	HAP2_chr19	17	1148942	17909288	9328904	0.044039	0.123159	0.145449	False	8098.8550
HAP1_chr12	HAP2_chr19	19	957479	18511755	9592131	0.035271	0.099819	0.141380	False	26602.1305
HAP1_chr12	HAP2_chr19	23	808473	19189942	9920765	0.028566	0.081493	0.125677	False	347558.6521
HAP1_chr12	HAP2_chr20	11	1632714	1915799	1707604	0.820175	0.956143	0.009457	False	58.2690
HAP1_chr12	HAP2_chr20	13	3749860	10153789	6447496	0.291786	0.581599	0.061124	False	1287.8036
HAP1_chr12	HAP2_chr20	15	1968309	16247040	8910664	0.084880	0.220894	0.123656	False	3271.1221
HAP1_chr12	HAP2_chr20	17	1186115	17909288	9575366	0.045102	0.123872	0.144106	False	8253.4007
HAP1_chr12	HAP2_chr20	19	984259	18511755	9867294	0.035929	0.099750	0.140441	False	26962.1589
HAP1_chr12	HAP2_chr20	23	823563	19189942	10242168	0.028787	0.080409	0.125350	False	348446.4184
HAP1_chr12	HAP2_chr22	11	1600237	1915799	1670517	0.805727	0.957929	0.010348	False	60.0479
HAP1_chr12	HAP2_chr22	13	3552852	10153789	6040646	0.281045	0.588158	0.063367	False	1275.8113
HAP1_chr12	HAP2_chr22	15	1852877	16247040	8216329	0.081948	0.225512	0.125819	False	3217.1825
HAP1_chr12	HAP2_chr22	17	1118589	17909288	8800212	0.043710	0.127109	0.145871	False	8122.6389
HAP1_chr12	HAP2_chr22	19	926967	18511755	9060039	0.034790	0.102314	0.142078	False	26500.7558
HAP1_chr12	HAP2_chr22	23	769643	19189942	9392238	0.027673	0.081945	0.127020	False	340047.7926
HAP1_chr12	HAP2_chr21	11	1660575	1915799	1740450	0.832087	0.954107	0.008739	False	56.0157
HAP1_chr12	HAP2_chr21	13	3971325	10153789	6927352	0.302928	0.573282	0.058902	False	1295.0698
HAP1_chr12	HAP2_chr21	15	2071390	16247040	9749738	0.086577	0.212456	0.122440	False	3270.2214
HAP1_chr12	HAP2_chr21	17	1215376	17909288	10481481	0.044723	0.115955	0.144580	False	8073.7488
HAP1_chr12	HAP2_chr21	19	994386	18511755	10776712	0.035145	0.092272	0.141562	False	26062.0501
HAP1_chr12	HAP2_chr21	23	817925	19189942	11129001	0.027725	0.073495	0.126940	False	331986.3598
HAP1_chr12	HAP2_chr23	11	1661506	1915799	1740516	0.832915	0.954605	0.008689	False	56.7052
HAP1_chr12	HAP2_chr23	13	3971224	10153789	6913236	0.303244	0.574438	0.058841	False	1299.2748
HAP1_chr12	HAP2_chr23	15	2093795	16247040	9735989	0.087646	0.215057	0.121688	False	3314.5727
HAP1_chr12	HAP2_chr23	17	1248191	17909288	10491711	0.045969	0.118969	0.143034	False	8291.5408
HAP1_chr12	HAP2_chr23	19	1030199	18511755	10813251	0.036409	0.095272	0.139765	False	26956.2631
HAP1_chr12	HAP2_chr23	23	855351	19189942	11210512	0.028951	0.076299	0.125111	False	345912.7822
HAP1_chr12	HAP2_chr24	11	1665741	1915799	1746750	0.834202	0.953623	0.008613	False	55.4482
HAP1_chr12	HAP2_chr24	13	3959785	10153789	6932666	0.301660	0.571178	0.059150	False	1285.4958
HAP1_chr12	HAP2_chr24	15	2042880	16247040	9710842	0.085423	0.210371	0.123265	False	3226.3439
HAP1_chr12	HAP2_chr24	17	1196608	17909288	10421673	0.044099	0.114819	0.145372	False	7970.4060
HAP1_chr12	HAP2_chr24	19	986387	18511755	10707211	0.034938	0.092124	0.141862	False	25936.1107
HAP1_chr12	HAP2_chr24	23	825011	19189942	11048947	0.028048	0.074669	0.126450	False	336073.4413
HAP1_chr12	HAP2_chr25	11	1585022	1915799	1652327	0.799263	0.959267	0.010754	False	61.5187
HAP1_chr12	HAP2_chr25	13	3429513	10153789	5856933	0.272590	0.585548	0.065207	False	1244.7784
HAP1_chr12	HAP2_chr25	15	1686462	16247040	7847891	0.075260	0.214894	0.131081	False	2973.2358
HAP1_chr12	HAP2_chr25	17	973343	17909288	8334301	0.038517	0.116788	0.153017	False	7252.1025
HAP1_chr12	HAP2_chr25	19	799122	18511755	8530821	0.030450	0.093675	0.148869	False	23540.9450
HAP1_chr12	HAP2_chr25	23	664734	19189942	8768493	0.024355	0.075809	0.132432	False	303962.7464
HAP1_chr12	HAP2_chr26	11	1626102	1915799	1692364	0.820410	0.960846	0.009442	False	64.4100
HAP1_chr12	HAP2_chr26	13	3911587	10153789	6190440	0.314622	0.631875	0.056676	False	1489.2665
HAP1_chr12	HAP2_chr26	15	2573606	16247040	8368839	0.116758	0.307522	0.104329	False	4610.7081
HAP1_chr12	HAP2_chr26	17	1853148	17909288	8904372	0.074243	0.208117	0.116405	False	13464.5399
HAP1_chr12	HAP2_chr26	19	1594776	18511755	9117717	0.061256	0.174910	0.113632	False	45472.9573
HAP1_chr12	HAP2_chr26	23	1309982	19189942	9371550	0.048070	0.139783	0.103865	False	579423.3487
HAP1_chr13	HAP1_chr14	11	1740632	1875135	1871130	0.867872	0.930257	0.006669	False	52.2559
HAP1_chr13	HAP1_chr14	13	4776164	9343819	9262991	0.345332	0.515618	0.051288	False	1367.7673
HAP1_chr13	HAP1_chr14	15	2712720	14682039	14456692	0.102653	0.187645	0.112065	False	3685.5477
HAP1_chr13	HAP1_chr14	17	1619464	16239991	15903532	0.053055	0.101830	0.134998	False	9166.1644
HAP1_chr13	HAP1_chr14	19	1330386	16884360	16468416	0.041545	0.080784	0.133080	False	29532.7186
HAP1_chr13	HAP1_chr14	23	1100381	17677470	17136388	0.032639	0.064213	0.120053	False	375011.7621
HAP1_chr13	HAP1_chr15	11	1740289	1875135	1855173	0.874509	0.938074	0.006299	False	63.2918
HAP1_chr13	HAP1_chr15	13	5162757	9343819	8874233	0.395453	0.581769	0.043677	False	1712.1951
HAP1_chr13	HAP1_chr15	15	3960006	14682039	13573555	0.162993	0.291744	0.084793	False	5890.3989
HAP1_chr13	HAP1_chr15	17	2976334	16239991	14867839	0.105801	0.200186	0.097272	False	17584.8534
HAP1_chr13	HAP1_chr15	19	2566967	16884360	15377188	0.086446	0.166933	0.096737	False	59016.6722
HAP1_chr13	HAP1_chr15	23	2088986	17677470	15979423	0.066174	0.130730	0.090713	False	737255.7386
HAP1_chr13	HAP1_chr16	11	1741630	1875135	1875435	0.866940	0.928802	0.006722	False	49.9941
HAP1_chr13	HAP1_chr16	13	4661065	9343819	9236754	0.334858	0.504622	0.053056	False	1302.4971
HAP1_chr13	HAP1_chr16	15	2394241	14682039	14181284	0.090454	0.168831	0.119757	False	3221.8527
HAP1_chr13	HAP1_chr16	17	1280822	16239991	15402512	0.042185	0.083157	0.147874	False	7335.1212
HAP1_chr13	HAP1_chr16	19	1011190	16884360	15797116	0.031929	0.064011	0.146449	False	22909.8467
HAP1_chr13	HAP1_chr16	23	822024	17677470	16206423	0.024863	0.050722	0.131556	False	288072.2724
HAP1_chr13	HAP1_chr17	11	1707911	1875135	1828536	0.855770	0.934032	0.007355	False	57.0559
HAP1_chr13	HAP1_chr17	13	4343269	9343819	8215644	0.328632	0.528658	0.054140	False	1358.9548
HAP1_chr13	HAP1_chr17	15	2418719	14682039	12154666	0.099055	0.198995	0.114226	False	3618.6884
HAP1_chr13	HAP1_chr17	17	1489921	16239991	13222763	0.053263	0.112678	0.134780	False	9265.2151
HAP1_chr13	HAP1_chr17	19	1244339	16884360	13661444	0.042467	0.091084	0.131972	False	30333.1055
HAP1_chr13	HAP1_chr17	23	1041183	17677470	14203159	0.033761	0.073306	0.118630	False	389759.2811
HAP1_chr13	HAP1_chr18	11	1653830	1875135	1761652	0.834022	0.938795	0.008624	False	62.6883
HAP1_chr13	HAP1_chr18	13	3815279	9343819	7039081	0.303580	0.542014	0.058775	False	1325.0358
HAP1_chr13	HAP1_chr18	15	2032106	14682039	9893375	0.090142	0.205401	0.119968	False	3386.6000
HAP1_chr13	HAP1_chr18	17	1248483	16239991	10674911	0.048643	0.116955	0.139859	False	8646.1900
HAP1_chr13	HAP1_chr18	19	1042809	16884360	11026423	0.038812	0.094574	0.136524	False	28296.6847
HAP1_chr13	HAP1_chr18	23	873143	17677470	11490106	0.030859	0.075991	0.122416	False	363400.3453
HAP1_chr13	HAP1_chr19	11	1651315	1875135	1756593	0.833824	0.940067	0.008635	False	64.3810
HAP1_chr13	HAP1_chr19	13	3872162	9343819	7125681	0.307379	0.543409	0.058042	False	1340.2214
HAP1_chr13	HAP1_chr19	15	2068809	14682039	10112005	0.091036	0.204589	0.119366	False	3408.2147
HAP1_chr13	HAP1_chr19	17	1261652	16239991	10913586	0.048728	0.115604	0.139761	False	8639.6612
HAP1_chr13	HAP1_chr19	19	1052169	16884360	11252278	0.038848	0.093507	0.136477	False	28262.2635
HAP1_chr13	HAP1_chr19	23	883976	17677470	11676341	0.031050	0.075707	0.122157	False	364963.1825
HAP1_chr13	HAP1_chr20	11	1613875	1875135	1711472	0.818091	0.942975	0.009584	False	67.5719
HAP1_chr13	HAP1_chr20	13	3597327	9343819	6490457	0.293973	0.554249	0.060680	False	1331.4196
HAP1_chr13	HAP1_chr20	15	1930239	14682039	8988729	0.088785	0.214740	0.120897	False	3397.3719
HAP1_chr13	HAP1_chr20	17	1197636	16239991	9665961	0.048471	0.123902	0.140057	False	8724.2185
HAP1_chr13	HAP1_chr20	19	1001349	16884360	9964401	0.038741	0.100493	0.136617	False	28585.2009
HAP1_chr13	HAP1_chr20	23	836698	17677470	10349545	0.030772	0.080844	0.122535	False	366919.0423
HAP1_chr13	HAP1_chr21	11	1638846	1875135	1742327	0.828279	0.940608	0.008967	False	64.8738
HAP1_chr13	HAP1_chr21	13	3782494	9343819	6944609	0.302456	0.544666	0.058994	False	1329.3600
HAP1_chr13	HAP1_chr21	15	1991628	14682039	9781299	0.088628	0.203616	0.121005	False	3333.6090
HAP1_chr13	HAP1_chr21	17	1192549	16239991	10518678	0.046646	0.113374	0.142213	False	8315.6177
HAP1_chr13	HAP1_chr21	19	981005	16884360	10816829	0.036714	0.090692	0.139342	False	26874.7958
HAP1_chr13	HAP1_chr21	23	805786	17677470	11173336	0.028732	0.072117	0.125432	False	340087.0621
HAP1_chr13	HAP1_chr22	11	1607996	1875135	1704026	0.815759	0.943645	0.009727	False	68.3502
HAP1_chr13	HAP1_chr22	13	3565704	9343819	6405553	0.292663	0.556658	0.060946	False	1334.2394
HAP1_chr13	HAP1_chr22	15	1915145	14682039	8841730	0.088629	0.216603	0.121005	False	3402.9768
HAP1_chr13	HAP1_chr22	17	1194295	16239991	9505777	0.048645	0.125639	0.139857	False	8774.7552
HAP1_chr13	HAP1_chr22	19	999908	16884360	9805074	0.038923	0.101979	0.136380	False	28775.5564
HAP1_chr13	HAP1_chr22	23	831918	17677470	10195462	0.030765	0.081597	0.122545	False	367569.3073
HAP1_chr13	HAP1_chr23	11	1648748	1875135	1753511	0.832744	0.940255	0.008700	False	64.5883
HAP1_chr13	HAP1_chr23	13	3852564	9343819	7067544	0.306762	0.545106	0.058161	False	1343.2926
HAP1_chr13	HAP1_chr23	15	2073622	14682039	10003276	0.091706	0.207294	0.118918	False	3441.5743
HAP1_chr13	HAP1_chr23	17	1270742	16239991	10789591	0.049332	0.117775	0.139070	False	8754.4495
HAP1_chr13	HAP1_chr23	19	1054903	16884360	11123421	0.039139	0.094836	0.136099	False	28499.8788
HAP1_chr13	HAP1_chr23	23	873566	17677470	11537178	0.030823	0.075717	0.122465	False	362833.9295
HAP1_chr13	HAP1_chr24	11	1641510	1875135	1746189	0.829123	0.940053	0.008916	False	64.1705
HAP1_chr13	HAP1_chr24	13	3755356	9343819	6912850	0.300397	0.543243	0.059398	False	1319.2247
HAP1_chr13	HAP1_chr24	15	1957491	14682039	9670718	0.087406	0.202414	0.121856	False	3292.1144
HAP1_chr13	HAP1_chr24	17	1174695	16239991	10375760	0.046173	0.113215	0.142785	False	8247.1458
HAP1_chr13	HAP1_chr24	19	973106	16884360	10659044	0.036624	0.091294	0.139467	False	26855.2276
HAP1_chr13	HAP1_chr24	23	810805	17677470	10997536	0.029098	0.073726	0.124896	False	344929.7157
HAP1_chr13	HAP1_chr25	11	1564671	1875135	1652760	0.796991	0.946702	0.010898	False	71.4700
HAP1_chr13	HAP1_chr25	13	3273370	9343819	5875803	0.274008	0.557093	0.064894	False	1279.8750
HAP1_chr13	HAP1_chr25	15	1618205	14682039	7878851	0.077268	0.205386	0.129450	False	3021.9487
HAP1_chr13	HAP1_chr25	17	954318	16239991	8364267	0.040352	0.114095	0.150384	False	7463.1904
HAP1_chr13	HAP1_chr25	19	789320	16884360	8557390	0.032018	0.092238	0.146307	False	24311.7517
HAP1_chr13	HAP1_chr25	23	660568	17677470	8789357	0.025597	0.075155	0.130322	False	314340.9227
HAP1_chr13	HAP1_chr26	11	1592207	1875135	1686479	0.808470	0.944101	0.010177	False	68.6238
HAP1_chr13	HAP1_chr26	13	3389820	9343819	6131968	0.280476	0.552811	0.063489	False	1287.3822
HAP1_chr13	HAP1_chr26	15	1721046	14682039	8274002	0.081048	0.208006	0.126500	False	3142.3842
HAP1_chr13	HAP1_chr26	17	1040588	16239991	8799975	0.043359	0.118249	0.146326	False	7938.5366
HAP1_chr13	HAP1_chr26	19	868385	16884360	9008407	0.034702	0.096397	0.142207	False	26070.3648
HAP1_chr13	HAP1_chr26	23	728489	17677470	9253365	0.027802	0.078727	0.126822	False	337858.7945
HAP1_chr13	HAP2_chr01	11	1800630	1875135	1956191	0.886706	0.960267	0.005630	False	38.9654
HAP1_chr13	HAP2_chr01	13	5624953	9343819	11594047	0.367334	0.601997	0.047785	False	1333.6820
HAP1_chr13	HAP2_chr01	15	3379532	14682039	19936069	0.108185	0.230181	0.108899	False	3838.5983
HAP1_chr13	HAP2_chr01	17	1982101	16239991	22404348	0.054064	0.122051	0.133947	False	9424.9755
HAP1_chr13	HAP2_chr01	19	1618167	16884360	23312721	0.041944	0.095838	0.132598	False	30183.5379
HAP1_chr13	HAP2_chr01	23	1343915	17677470	24358453	0.033027	0.076024	0.119556	False	384156.1966
HAP1_chr13	HAP2_chr02	11	1793577	1875135	1944775	0.885134	0.956506	0.005715	False	41.4717
HAP1_chr13	HAP2_chr02	13	5499515	9343819	11207989	0.365361	0.588573	0.048088	False	1346.3057
HAP1_chr13	HAP2_chr02	15	3303157	14682039	18930484	0.108981	0.224979	0.108458	False	3871.3046
HAP1_chr13	HAP2_chr02	17	1972299	16239991	21212559	0.055589	0.121447	0.132396	False	9648.4251
HAP1_chr13	HAP2_chr02	19	1624040	16884360	22080660	0.043492	0.096186	0.130768	False	31129.8704
HAP1_chr13	HAP2_chr02	23	1355458	17677470	23100878	0.034383	0.076677	0.117864	False	397862.4486
HAP1_chr13	HAP2_chr03	11	1804332	1875135	1963081	0.887136	0.962241	0.005606	False	37.0412
HAP1_chr13	HAP2_chr03	13	5624243	9343819	11634879	0.366294	0.601921	0.047944	False	1324.6283
HAP1_chr13	HAP2_chr03	15	3354692	14682039	19905925	0.107408	0.228490	0.109333	False	3808.9542
HAP1_chr13	HAP2_chr03	17	1962386	16239991	22313308	0.053630	0.120837	0.134396	False	9349.0333
HAP1_chr13	HAP2_chr03	19	1603266	16884360	23191431	0.041673	0.094956	0.132925	False	29983.4762
HAP1_chr13	HAP2_chr03	23	1337228	17677470	24190163	0.032993	0.075646	0.119599	False	383572.0601
HAP1_chr13	HAP2_chr04	11	1787420	1875135	1937260	0.882687	0.953222	0.005849	False	41.9794
HAP1_chr13	HAP2_chr04	13	5362849	9343819	10898284	0.360425	0.573946	0.048856	False	1336.3568
HAP1_chr13	HAP2_chr04	15	3107552	14682039	18070854	0.104824	0.211657	0.110801	False	3717.5066
HAP1_chr13	HAP2_chr04	17	1811392	16239991	20103510	0.052455	0.111539	0.135634	False	9096.3891
HAP1_chr13	HAP2_chr04	19	1482313	16884360	20853426	0.040885	0.087792	0.133890	False	29235.6396
HAP1_chr13	HAP2_chr04	23	1241388	17677470	21714248	0.032539	0.070224	0.120182	False	375834.0962
HAP1_chr13	HAP2_chr06	11	1728809	1875135	1856147	0.863337	0.931397	0.006925	False	53.6880
HAP1_chr13	HAP2_chr06	13	4613076	9343819	8915399	0.338050	0.517428	0.052510	False	1352.1006
HAP1_chr13	HAP2_chr06	15	2531957	14682039	13659620	0.098101	0.185361	0.114813	False	3531.4632
HAP1_chr13	HAP2_chr06	17	1482652	16239991	14950852	0.049907	0.099168	0.138420	False	8650.6511
HAP1_chr13	HAP2_chr06	19	1216712	16884360	15462891	0.039084	0.078686	0.136170	False	27872.5358
HAP1_chr13	HAP2_chr06	23	1016982	17677470	16092268	0.031050	0.063197	0.122156	False	357656.4266
HAP1_chr13	HAP2_chr09	11	1712949	1875135	1835654	0.857400	0.933155	0.007262	False	55.9098
HAP1_chr13	HAP2_chr09	13	4408755	9343819	8400787	0.330594	0.524803	0.053796	False	1353.0039
HAP1_chr13	HAP2_chr09	15	2420629	14682039	12520506	0.097677	0.193333	0.115076	False	3551.5951
HAP1_chr13	HAP2_chr09	17	1455574	16239991	13598702	0.051283	0.107038	0.136898	False	8917.6043
HAP1_chr13	HAP2_chr09	19	1205413	16884360	14008836	0.040603	0.086047	0.134240	False	29015.2938
HAP1_chr13	HAP2_chr09	23	1005888	17677470	14488605	0.032281	0.069426	0.120517	False	372819.0075
HAP1_chr13	HAP2_chr08	11	1725270	1875135	1850664	0.862407	0.932244	0.006977	False	54.8275
HAP1_chr13	HAP2_chr08	13	4579652	9343819	8796322	0.337720	0.520633	0.052566	False	1361.0524
HAP1_chr13	HAP2_chr08	15	2541486	14682039	13405860	0.099485	0.189580	0.113963	False	3591.9291
HAP1_chr13	HAP2_chr08	17	1522439	16239991	14664144	0.051816	0.103821	0.136319	False	8977.0187
HAP1_chr13	HAP2_chr08	19	1263103	16884360	15167024	0.041025	0.083280	0.133717	False	29218.6452
HAP1_chr13	HAP2_chr08	23	1061491	17677470	15783256	0.032763	0.067254	0.119894	False	376946.4170
HAP1_chr13	HAP2_chr11	11	1743871	1875135	1875256	0.869102	0.929998	0.006601	False	51.8507
HAP1_chr13	HAP2_chr11	13	4849313	9343819	9396976	0.349085	0.518986	0.050671	False	1380.1361
HAP1_chr13	HAP2_chr11	15	2807069	14682039	14824614	0.105135	0.191191	0.110622	False	3771.9027
HAP1_chr13	HAP2_chr11	17	1696932	16239991	16402565	0.054836	0.104491	0.133156	False	9460.2084
HAP1_chr13	HAP2_chr11	19	1398805	16884360	17052685	0.042990	0.082846	0.131355	False	30515.6412
HAP1_chr13	HAP2_chr11	23	1157171	17677470	17855262	0.033663	0.065460	0.118753	False	386345.5450
HAP1_chr13	HAP2_chr12	11	1772792	1875135	1916305	0.878208	0.945421	0.006095	False	45.3470
HAP1_chr13	HAP2_chr12	13	5080797	9343819	10157744	0.352325	0.543760	0.050145	False	1339.1221
HAP1_chr13	HAP2_chr12	15	2884426	14682039	16248346	0.102846	0.196459	0.111951	False	3660.5002
HAP1_chr13	HAP2_chr12	17	1693849	16239991	17907770	0.052192	0.104301	0.135914	False	9021.6817
HAP1_chr13	HAP2_chr12	19	1389843	16884360	18511531	0.040870	0.082315	0.133908	False	29096.8512
HAP1_chr13	HAP2_chr12	23	1159617	17677470	19196363	0.032469	0.065599	0.120272	False	373393.1380
HAP1_chr13	HAP2_chr13	11	1766949	1875135	1773388	0.939080	0.996369	0.002902	False	143.9794
HAP1_chr13	HAP2_chr13	13	7328946	9343819	7463531	0.773226	0.981968	0.010526	False	3642.0768
HAP1_chr13	HAP2_chr13	15	10507959	14682039	10811655	0.701197	0.971910	0.012877	False	18781.0002
HAP1_chr13	HAP2_chr13	17	11333790	16239991	11714892	0.681892	0.967469	0.012333	False	76007.8668
HAP1_chr13	HAP2_chr13	19	11655128	16884360	12084487	0.673173	0.964470	0.011438	False	302454.6279
HAP1_chr13	HAP2_chr13	23	12023770	17677470	12533334	0.661118	0.959343	0.009920	False	4791505.3128
HAP1_chr13	HAP2_chr05	11	1779715	1875135	1927047	0.879972	0.949113	0.005998	False	43.1774
HAP1_chr13	HAP2_chr05	13	5238148	9343819	10709499	0.353567	0.560600	0.049945	False	1306.3156
HAP1_chr13	HAP2_chr05	15	2842985	14682039	17601194	0.096568	0.193637	0.115770	False	3403.9560
HAP1_chr13	HAP2_chr05	17	1517745	16239991	19429478	0.044441	0.093457	0.144937	False	7727.3402
HAP1_chr13	HAP2_chr05	19	1193721	16884360	20016096	0.033431	0.070700	0.144105	False	24023.1652
HAP1_chr13	HAP2_chr05	23	973739	17677470	20608717	0.026097	0.055084	0.129502	False	302605.8480
HAP1_chr13	HAP2_chr10	11	1757052	1875135	1895187	0.872735	0.937027	0.006398	False	48.0129
HAP1_chr13	HAP2_chr10	13	4906546	9343819	9712491	0.346758	0.525111	0.051052	False	1338.9103
HAP1_chr13	HAP2_chr10	15	2722516	14682039	15325642	0.099780	0.185432	0.113783	False	3557.9645
HAP1_chr13	HAP2_chr10	17	1568326	16239991	16850568	0.049753	0.096572	0.138594	False	8608.3209
HAP1_chr13	HAP2_chr10	19	1276582	16884360	17412284	0.038661	0.075607	0.136722	False	27555.2991
HAP1_chr13	HAP2_chr10	23	1060155	17677470	18052398	0.030579	0.059972	0.122801	False	352016.5226
HAP1_chr13	HAP2_chr14	11	1741727	1875135	1872511	0.868294	0.930156	0.006646	False	52.1286
HAP1_chr13	HAP2_chr14	13	4788018	9343819	9287321	0.345877	0.515544	0.051198	False	1369.1327
HAP1_chr13	HAP2_chr14	15	2724361	14682039	14504228	0.102954	0.187832	0.111888	False	3695.9227
HAP1_chr13	HAP2_chr14	17	1629297	16239991	15955961	0.053303	0.102112	0.134738	False	9207.1363
HAP1_chr13	HAP2_chr14	19	1340690	16884360	16521915	0.041811	0.081146	0.132759	False	29713.4312
HAP1_chr13	HAP2_chr14	23	1111424	17677470	17192812	0.032922	0.064645	0.119689	False	378153.2055
HAP1_chr13	HAP2_chr15	11	1697263	1875135	1801610	0.857428	0.942081	0.007260	False	68.0601
HAP1_chr13	HAP2_chr15	13	4665483	9343819	7922995	0.370237	0.588853	0.047342	False	1655.6155
HAP1_chr13	HAP2_chr15	15	3394223	14682039	11716993	0.147544	0.289684	0.090540	False	5430.1063
HAP1_chr13	HAP2_chr15	17	2507751	16239991	12776868	0.094600	0.196273	0.103255	False	15979.7748
HAP1_chr13	HAP2_chr15	19	2157181	16884360	13220548	0.077186	0.163169	0.102249	False	53486.8932
HAP1_chr13	HAP2_chr15	23	1758637	17677470	13763461	0.059249	0.127776	0.095236	False	668768.0520
HAP1_chr13	HAP2_chr18	11	1648036	1875135	1754152	0.831816	0.939506	0.008755	False	63.5504
HAP1_chr13	HAP2_chr18	13	3773752	9343819	6943926	0.301563	0.543461	0.059169	False	1323.2755
HAP1_chr13	HAP2_chr18	15	2002414	14682039	9721359	0.089390	0.205981	0.120481	False	3367.9684
HAP1_chr13	HAP2_chr18	17	1228769	16239991	10474208	0.048215	0.117314	0.140355	False	8591.2381
HAP1_chr13	HAP2_chr18	19	1025849	16884360	10808975	0.038468	0.094907	0.136975	False	28115.2065
HAP1_chr13	HAP2_chr18	23	858385	17677470	11244443	0.030587	0.076339	0.122789	False	361139.6193
HAP1_chr13	HAP2_chr16	11	1741484	1875135	1875396	0.866821	0.928725	0.006728	False	49.9088
HAP1_chr13	HAP2_chr16	13	4657603	9343819	9231562	0.334651	0.504530	0.053091	False	1301.6058
HAP1_chr13	HAP2_chr16	15	2391945	14682039	14170650	0.090396	0.168796	0.119797	False	3219.8403
HAP1_chr13	HAP2_chr16	17	1280009	16239991	15390938	0.042174	0.083166	0.147889	False	7333.2409
HAP1_chr13	HAP2_chr16	19	1010879	16884360	15784249	0.031932	0.064044	0.146445	False	22912.1559
HAP1_chr13	HAP2_chr16	23	821899	17677470	16190750	0.024871	0.050763	0.131542	False	288167.8446
HAP1_chr13	HAP2_chr17	11	1708993	1875135	1830609	0.855887	0.933565	0.007348	False	56.4205
HAP1_chr13	HAP2_chr17	13	4344317	9343819	8240648	0.328117	0.527181	0.054231	False	1352.9869
HAP1_chr13	HAP2_chr17	15	2404898	14682039	12197774	0.098260	0.197159	0.114715	False	3586.3173
HAP1_chr13	HAP2_chr17	17	1471535	16239991	13269618	0.052483	0.110895	0.135604	False	9132.2029
HAP1_chr13	HAP2_chr17	19	1225358	16884360	13709289	0.041724	0.089382	0.132864	False	29817.4719
HAP1_chr13	HAP2_chr17	23	1022732	17677470	14252006	0.033091	0.071761	0.119474	False	382195.5743
HAP1_chr13	HAP2_chr07	11	1653825	1875135	1758901	0.835176	0.940260	0.008555	False	64.6947
HAP1_chr13	HAP2_chr07	13	3956291	9343819	7240106	0.313304	0.546441	0.056922	False	1366.3976
HAP1_chr13	HAP2_chr07	15	2200576	14682039	10421927	0.096081	0.211149	0.116077	False	3588.0972
HAP1_chr13	HAP2_chr07	17	1375287	16239991	11338838	0.052485	0.121290	0.135602	False	9246.7327
HAP1_chr13	HAP2_chr07	19	1149484	16884360	11754937	0.041815	0.097787	0.132754	False	30210.6069
HAP1_chr13	HAP2_chr07	23	953882	17677470	12293816	0.032873	0.077590	0.119753	False	383807.3921
HAP1_chr13	HAP2_chr19	11	1605064	1875135	1700238	0.814626	0.944023	0.009796	False	68.7954
HAP1_chr13	HAP2_chr19	13	3519596	9343819	6349723	0.289109	0.554291	0.061674	False	1317.1093
HAP1_chr13	HAP2_chr19	15	1845710	14682039	8710089	0.085662	0.211905	0.123093	False	3293.7037
HAP1_chr13	HAP2_chr19	17	1133726	16239991	9328904	0.046397	0.121528	0.142513	False	8403.9899
HAP1_chr13	HAP2_chr19	19	949108	16884360	9592131	0.037180	0.098947	0.138702	False	27614.1167
HAP1_chr13	HAP2_chr19	23	799701	17677470	9920765	0.029841	0.080609	0.123831	False	358193.0863
HAP1_chr13	HAP2_chr20	11	1610616	1875135	1707604	0.816691	0.943202	0.009669	False	67.8098
HAP1_chr13	HAP2_chr20	13	3576154	9343819	6447496	0.292764	0.554658	0.060925	False	1328.9747
HAP1_chr13	HAP2_chr20	15	1912539	14682039	8910664	0.088216	0.214635	0.121291	False	3380.6903
HAP1_chr13	HAP2_chr20	17	1184920	16239991	9575366	0.048108	0.123747	0.140479	False	8672.1560
HAP1_chr13	HAP2_chr20	19	990337	16884360	9867294	0.038443	0.100366	0.137008	False	28409.5711
HAP1_chr13	HAP2_chr20	23	827647	17677470	10242168	0.030550	0.080808	0.122841	False	364847.4753
HAP1_chr13	HAP2_chr22	11	1580110	1875135	1670517	0.803905	0.945881	0.010462	False	70.7306
HAP1_chr13	HAP2_chr22	13	3397993	9343819	6040646	0.283486	0.562521	0.062848	False	1322.9861
HAP1_chr13	HAP2_chr22	15	1806287	14682039	8216329	0.085638	0.219841	0.123110	False	3336.5464
HAP1_chr13	HAP2_chr22	17	1125082	16239991	8800212	0.047045	0.127847	0.141734	False	8593.4867
HAP1_chr13	HAP2_chr22	19	940440	16884360	9060039	0.037612	0.103801	0.138117	False	28155.5736
HAP1_chr13	HAP2_chr22	23	780073	17677470	9392238	0.029672	0.083055	0.124071	False	359097.9473
HAP1_chr13	HAP2_chr21	11	1637381	1875135	1740450	0.827711	0.940780	0.009001	False	65.0797
HAP1_chr13	HAP2_chr21	13	3776810	9343819	6927352	0.302281	0.545203	0.059028	False	1330.3823
HAP1_chr13	HAP2_chr21	15	1989349	14682039	9749738	0.088642	0.204041	0.120995	False	3336.2582
HAP1_chr13	HAP2_chr21	17	1192536	16239991	10481481	0.046713	0.113776	0.142132	False	8330.7672
HAP1_chr13	HAP2_chr21	19	981416	16884360	10776712	0.036785	0.091068	0.139244	False	26936.2020
HAP1_chr13	HAP2_chr21	23	805957	17677470	11129001	0.028784	0.072420	0.125356	False	340836.1225
HAP1_chr13	HAP2_chr23	11	1638326	1875135	1740516	0.828557	0.941288	0.008950	False	65.7887
HAP1_chr13	HAP2_chr23	13	3789546	9343819	6913236	0.303954	0.548158	0.058703	False	1343.7521
HAP1_chr13	HAP2_chr23	15	2038070	14682039	9735989	0.091067	0.209334	0.119345	False	3433.7626
HAP1_chr13	HAP2_chr23	17	1251896	16239991	10491711	0.049133	0.119322	0.139297	False	8748.0433
HAP1_chr13	HAP2_chr23	19	1039421	16884360	10813251	0.038991	0.096125	0.136291	False	28482.0057
HAP1_chr13	HAP2_chr23	23	859303	17677470	11210512	0.030658	0.076652	0.122692	False	362072.5539
HAP1_chr13	HAP2_chr24	11	1641954	1875135	1746750	0.829299	0.940005	0.008905	False	64.1141
HAP1_chr13	HAP2_chr24	13	3764306	9343819	6932666	0.300851	0.542981	0.059309	False	1319.8079
HAP1_chr13	HAP2_chr24	15	1962222	14682039	9710842	0.087479	0.202065	0.121804	False	3292.3573
HAP1_chr13	HAP2_chr24	17	1176270	16239991	10421673	0.046155	0.112868	0.142808	False	8239.5614
HAP1_chr13	HAP2_chr24	19	974141	16884360	10707211	0.036598	0.090980	0.139503	False	26823.1289
HAP1_chr13	HAP2_chr24	23	811860	17677470	11048947	0.029084	0.073478	0.124917	False	344574.0581
HAP1_chr13	HAP2_chr25	11	1564115	1875135	1652327	0.796657	0.946613	0.010919	False	71.3404
HAP1_chr13	HAP2_chr25	13	3261322	9343819	5856933	0.273156	0.556831	0.065082	False	1276.6157
HAP1_chr13	HAP2_chr25	15	1609576	14682039	7847891	0.076938	0.205097	0.129715	False	3011.1049
HAP1_chr13	HAP2_chr25	17	946990	16239991	8334301	0.040080	0.113626	0.150766	False	7418.6682
HAP1_chr13	HAP2_chr25	19	781042	16884360	8530821	0.031706	0.091555	0.146807	False	24093.9752
HAP1_chr13	HAP2_chr25	23	649230	17677470	8768493	0.025167	0.074041	0.131040	False	309312.8773
HAP1_chr13	HAP2_chr26	11	1597192	1875135	1692364	0.810631	0.943764	0.010043	False	68.2792
HAP1_chr13	HAP2_chr26	13	3415599	9343819	6190440	0.281846	0.551754	0.063196	False	1288.5207
HAP1_chr13	HAP2_chr26	15	1735361	14682039	8368839	0.081413	0.207360	0.126223	False	3149.0298
HAP1_chr13	HAP2_chr26	17	1049732	16239991	8904372	0.043567	0.117890	0.146056	False	7960.8168
HAP1_chr13	HAP2_chr26	19	877519	16884360	9117717	0.034927	0.096243	0.141878	False	26186.1338
HAP1_chr13	HAP2_chr26	23	738945	17677470	9371550	0.028086	0.078850	0.126393	False	340540.2749
HAP1_chr14	HAP1_chr15	11	1725825	1871130	1855173	0.862706	0.930277	0.006960	False	54.8709
HAP1_chr14	HAP1_chr15	13	4571425	9262991	8874233	0.336982	0.515135	0.052692	False	1355.5038
HAP1_chr14	HAP1_chr15	15	2501668	14456692	13573555	0.097995	0.184305	0.114879	False	3533.3623
HAP1_chr14	HAP1_chr15	17	1467110	15903532	14867839	0.050065	0.098677	0.138244	False	8676.8294
HAP1_chr14	HAP1_chr15	19	1201580	16468416	15377188	0.039211	0.078140	0.136006	False	27949.6748
HAP1_chr14	HAP1_chr15	23	997041	17136388	15979423	0.031042	0.062395	0.122166	False	357391.5993
HAP1_chr14	HAP1_chr16	11	1738571	1871130	1875435	0.865825	0.929156	0.006784	False	50.4515
HAP1_chr14	HAP1_chr16	13	4634031	9262991	9236754	0.334208	0.501695	0.053168	False	1305.1716
HAP1_chr14	HAP1_chr16	15	2363965	14456692	14181284	0.089974	0.166696	0.120083	False	3207.5050
HAP1_chr14	HAP1_chr16	17	1263205	15903532	15402512	0.042047	0.082013	0.148060	False	7311.5555
HAP1_chr14	HAP1_chr16	19	999834	16468416	15797116	0.031979	0.063292	0.146369	False	22937.4442
HAP1_chr14	HAP1_chr16	23	815386	17136388	16206423	0.025068	0.050313	0.131208	False	290222.2604
HAP1_chr14	HAP1_chr17	11	1704645	1871130	1828536	0.854450	0.932246	0.007431	False	57.2938
HAP1_chr14	HAP1_chr17	13	4299491	9262991	8215644	0.326234	0.523330	0.054564	False	1348.9428
HAP1_chr14	HAP1_chr17	15	2337038	14456692	12154666	0.096276	0.192275	0.115954	False	3512.9263
HAP1_chr14	HAP1_chr17	17	1408388	15903532	13222763	0.050811	0.106512	0.137415	False	8844.9217
HAP1_chr14	HAP1_chr17	19	1165397	16468416	13661444	0.040235	0.085306	0.134700	False	28763.6597
HAP1_chr14	HAP1_chr17	23	967522	17136388	14203159	0.031856	0.068120	0.121076	False	367858.2737
HAP1_chr14	HAP1_chr18	11	1651205	1871130	1761652	0.833278	0.937305	0.008668	False	63.3450
HAP1_chr14	HAP1_chr18	13	3783960	9262991	7039081	0.302279	0.537564	0.059029	False	1320.5009
HAP1_chr14	HAP1_chr18	15	1987209	14456692	9893375	0.088862	0.200863	0.120844	False	3333.9529
HAP1_chr14	HAP1_chr18	17	1212101	15903532	10674911	0.047784	0.113547	0.140859	False	8481.3530
HAP1_chr14	HAP1_chr18	19	1011417	16468416	11026423	0.038191	0.091727	0.137342	False	27789.0843
HAP1_chr14	HAP1_chr18	23	847936	17136388	11490106	0.030525	0.073797	0.122875	False	358437.5080
HAP1_chr14	HAP1_chr19	11	1648409	1871130	1756593	0.832818	0.938413	0.008695	False	64.8083
HAP1_chr14	HAP1_chr19	13	3837914	9262991	7125681	0.305791	0.538603	0.058347	False	1333.8758
HAP1_chr14	HAP1_chr19	15	2008443	14456692	10112005	0.089026	0.198620	0.120731	False	3327.1249
HAP1_chr14	HAP1_chr19	17	1204166	15903532	10913586	0.047014	0.110336	0.141771	False	8329.1673
HAP1_chr14	HAP1_chr19	19	999232	16468416	11252278	0.037394	0.088803	0.138411	False	27176.1989
HAP1_chr14	HAP1_chr19	23	836555	17136388	11676341	0.029902	0.071645	0.123745	False	350795.0214
HAP1_chr14	HAP1_chr20	11	1610915	1871130	1711472	0.817024	0.941245	0.009649	False	67.8938
HAP1_chr14	HAP1_chr20	13	3568550	9262991	6490457	0.292867	0.549815	0.060904	False	1327.3976
HAP1_chr14	HAP1_chr20	15	1883705	14456692	8988729	0.087363	0.209563	0.121886	False	3336.8322
HAP1_chr14	HAP1_chr20	17	1158416	15903532	9665961	0.047455	0.119845	0.141247	False	8525.6723
HAP1_chr14	HAP1_chr20	19	964852	16468416	9964401	0.037885	0.096830	0.137749	False	27888.5768
HAP1_chr14	HAP1_chr20	23	804274	17136388	10349545	0.030143	0.077711	0.123406	False	358225.0384
HAP1_chr14	HAP1_chr21	11	1636309	1871130	1742327	0.827611	0.939151	0.009007	False	65.5771
HAP1_chr14	HAP1_chr21	13	3754975	9262991	6944609	0.301541	0.540704	0.059173	False	1327.3542
HAP1_chr14	HAP1_chr21	15	1953303	14456692	9781299	0.087652	0.199698	0.121683	False	3292.8135
HAP1_chr14	HAP1_chr21	17	1159776	15903532	10518678	0.045909	0.110259	0.143108	False	8171.2270
HAP1_chr14	HAP1_chr21	19	949613	16468416	10816829	0.036058	0.087790	0.140258	False	26341.0152
HAP1_chr14	HAP1_chr21	23	776115	17136388	11173336	0.028188	0.069461	0.126240	False	332695.4501
HAP1_chr14	HAP1_chr22	11	1605429	1871130	1704026	0.815052	0.942139	0.009770	False	68.9807
HAP1_chr14	HAP1_chr22	13	3539906	9262991	6405553	0.291863	0.552631	0.061108	False	1332.2512
HAP1_chr14	HAP1_chr22	15	1877595	14456692	8841730	0.087653	0.212356	0.121683	False	3360.0466
HAP1_chr14	HAP1_chr22	17	1164280	15903532	9505777	0.048021	0.122481	0.140580	False	8643.6443
HAP1_chr14	HAP1_chr22	19	974314	16468416	9805074	0.038512	0.099368	0.136918	False	28390.8568
HAP1_chr14	HAP1_chr22	23	812387	17136388	10195462	0.030634	0.079681	0.122725	False	364562.6012
HAP1_chr14	HAP1_chr23	11	1646159	1871130	1753511	0.832031	0.938779	0.008742	False	65.2648
HAP1_chr14	HAP1_chr23	13	3820991	9262991	7067544	0.305446	0.540639	0.058414	False	1338.7252
HAP1_chr14	HAP1_chr23	15	2026173	14456692	10003276	0.090318	0.202551	0.119849	False	3384.9607
HAP1_chr14	HAP1_chr23	17	1227404	15903532	10789591	0.048198	0.113758	0.140374	False	8542.9307
HAP1_chr14	HAP1_chr23	19	1015800	16468416	11123421	0.038222	0.091321	0.137300	False	27787.3933
HAP1_chr14	HAP1_chr23	23	839106	17136388	11537178	0.030146	0.072731	0.123402	False	353980.5345
HAP1_chr14	HAP1_chr24	11	1638955	1871130	1746189	0.828440	0.938590	0.008957	False	64.8638
HAP1_chr14	HAP1_chr24	13	3723879	9262991	6912850	0.299060	0.538689	0.059662	False	1314.2363
HAP1_chr14	HAP1_chr24	15	1905784	14456692	9670718	0.085763	0.197067	0.123021	False	3224.3021
HAP1_chr14	HAP1_chr24	17	1127948	15903532	10375760	0.044846	0.108710	0.144426	False	7999.5798
HAP1_chr14	HAP1_chr24	19	929717	16468416	10659044	0.035488	0.087223	0.141067	False	25979.0715
HAP1_chr14	HAP1_chr24	23	772736	17136388	10997536	0.028242	0.070264	0.126159	False	333884.0693
HAP1_chr14	HAP1_chr25	11	1562806	1871130	1652760	0.796909	0.945573	0.010903	False	72.6098
HAP1_chr14	HAP1_chr25	13	3252346	9262991	5875803	0.273618	0.553515	0.064980	False	1280.0527
HAP1_chr14	HAP1_chr25	15	1594363	14456692	7878851	0.076869	0.202360	0.129771	False	3000.8280
HAP1_chr14	HAP1_chr25	17	936064	15903532	8364267	0.040120	0.111912	0.150710	False	7397.6693
HAP1_chr14	HAP1_chr25	19	773309	16468416	8557390	0.031886	0.090367	0.146518	False	24117.6600
HAP1_chr14	HAP1_chr25	23	646286	17136388	8789357	0.025566	0.073531	0.130374	False	312362.2757
HAP1_chr14	HAP1_chr26	11	1589670	1871130	1686479	0.807784	0.942597	0.010220	False	69.2546
HAP1_chr14	HAP1_chr26	13	3353139	9262991	6131968	0.278458	0.546829	0.063923	False	1276.1469
HAP1_chr14	HAP1_chr26	15	1657138	14456692	8274002	0.078636	0.200283	0.128365	False	3038.7449
HAP1_chr14	HAP1_chr26	17	976664	15903532	8799975	0.041163	0.110985	0.149259	False	7523.9642
HAP1_chr14	HAP1_chr26	19	805104	16468416	9008407	0.032633	0.089373	0.145337	False	24472.2743
HAP1_chr14	HAP1_chr26	23	668699	17136388	9253365	0.025998	0.072265	0.129663	False	314987.3836
HAP1_chr14	HAP2_chr01	11	1797104	1871130	1956191	0.885178	0.960438	0.005713	False	39.1658
HAP1_chr14	HAP2_chr01	13	5574007	9262991	11594047	0.364719	0.601750	0.048187	False	1326.6222
HAP1_chr14	HAP2_chr01	15	3293869	14456692	19936069	0.105916	0.227844	0.110176	False	3762.9051
HAP1_chr14	HAP2_chr01	17	1899032	15903532	22404348	0.052159	0.119409	0.135951	False	9120.5918
HAP1_chr14	HAP2_chr01	19	1538500	16468416	23312721	0.040230	0.093421	0.134707	False	29056.3307
HAP1_chr14	HAP2_chr01	23	1269429	17136388	24358453	0.031558	0.074078	0.121472	False	368548.5987
HAP1_chr14	HAP2_chr02	11	1789681	1871130	1944775	0.883259	0.956471	0.005818	False	41.3779
HAP1_chr14	HAP2_chr02	13	5439039	9262991	11207989	0.361832	0.587180	0.048635	False	1333.1347
HAP1_chr14	HAP2_chr02	15	3183730	14456692	18930484	0.105409	0.220225	0.110465	False	3745.2179
HAP1_chr14	HAP2_chr02	17	1851285	15903532	21212559	0.052497	0.116407	0.135590	False	9143.5030
HAP1_chr14	HAP2_chr02	19	1508792	16468416	22080660	0.040734	0.091617	0.134078	False	29281.2839
HAP1_chr14	HAP2_chr02	23	1253233	17136388	23100878	0.032147	0.073133	0.120692	False	373618.9873
HAP1_chr14	HAP2_chr03	11	1800599	1871130	1963081	0.885419	0.962306	0.005700	False	37.0929
HAP1_chr14	HAP2_chr03	13	5572870	9262991	11634879	0.363646	0.601627	0.048353	False	1317.3683
HAP1_chr14	HAP2_chr03	15	3263316	14456692	19905925	0.104932	0.225730	0.110739	False	3725.1304
HAP1_chr14	HAP2_chr03	17	1868961	15903532	22313308	0.051419	0.117519	0.136750	False	8992.0589
HAP1_chr14	HAP2_chr03	19	1509567	16468416	23191431	0.039569	0.091664	0.135546	False	28583.6325
HAP1_chr14	HAP2_chr03	23	1245530	17136388	24190163	0.031075	0.072683	0.122122	False	362865.7231
HAP1_chr14	HAP2_chr04	11	1783876	1871130	1937260	0.881138	0.953368	0.005934	False	42.1427
HAP1_chr14	HAP2_chr04	13	5313240	9262991	10898284	0.357841	0.573599	0.049263	False	1328.7089
HAP1_chr14	HAP2_chr04	15	3013409	14456692	18070854	0.102101	0.208444	0.112391	False	3622.2837
HAP1_chr14	HAP2_chr04	17	1716606	15903532	20103510	0.050061	0.107939	0.138248	False	8704.8789
HAP1_chr14	HAP2_chr04	19	1391258	16468416	20853426	0.038721	0.084480	0.136643	False	27782.2406
HAP1_chr14	HAP2_chr04	23	1155315	17136388	21714248	0.030649	0.067419	0.122705	False	355254.2635
HAP1_chr14	HAP2_chr06	11	1739439	1871130	1856147	0.875041	0.937124	0.006270	False	64.7601
HAP1_chr14	HAP2_chr06	13	5222504	9262991	8915399	0.403099	0.585785	0.042624	False	1760.1408
HAP1_chr14	HAP2_chr06	15	4100816	14456692	13659620	0.170757	0.300215	0.082134	False	6155.1474
HAP1_chr14	HAP2_chr06	17	3128306	15903532	14950852	0.112829	0.209239	0.093861	False	18636.5070
HAP1_chr14	HAP2_chr06	19	2711285	16468416	15462891	0.092789	0.175341	0.093317	False	62945.1022
HAP1_chr14	HAP2_chr06	23	2214548	17136388	16092268	0.071405	0.137616	0.087618	False	791024.9676
HAP1_chr14	HAP2_chr09	11	1709546	1871130	1835654	0.855955	0.931301	0.007345	False	56.0497
HAP1_chr14	HAP2_chr09	13	4357151	9262991	8400787	0.327442	0.518660	0.054350	False	1338.2963
HAP1_chr14	HAP2_chr09	15	2318055	14456692	12520506	0.094004	0.185141	0.117408	False	3411.5643
HAP1_chr14	HAP2_chr09	17	1352568	15903532	13598702	0.048049	0.099463	0.140548	False	8365.6238
HAP1_chr14	HAP2_chr09	19	1105665	16468416	14008836	0.037644	0.078926	0.138073	False	26945.8388
HAP1_chr14	HAP2_chr09	23	912538	17136388	14488605	0.029712	0.062983	0.124014	False	343518.0587
HAP1_chr14	HAP2_chr08	11	1721641	1871130	1850664	0.860755	0.930283	0.007071	False	54.8124
HAP1_chr14	HAP2_chr08	13	4536670	9262991	8796322	0.335487	0.515746	0.052948	False	1352.9927
HAP1_chr14	HAP2_chr08	15	2463856	14456692	13405860	0.097007	0.183789	0.115494	False	3499.9753
HAP1_chr14	HAP2_chr08	17	1445401	15903532	14664144	0.049632	0.098567	0.138730	False	8607.4212
HAP1_chr14	HAP2_chr08	19	1190164	16468416	15167024	0.039092	0.078471	0.136160	False	27875.4546
HAP1_chr14	HAP2_chr08	23	997148	17136388	15783256	0.031237	0.063178	0.121903	False	359644.3427
HAP1_chr14	HAP2_chr11	11	1740529	1871130	1875256	0.867723	0.930202	0.006678	False	52.0911
HAP1_chr14	HAP2_chr11	13	4814935	9262991	9396976	0.347773	0.519803	0.050885	False	1378.8542
HAP1_chr14	HAP2_chr11	15	2760022	14456692	14824614	0.104068	0.190917	0.111238	False	3736.5723
HAP1_chr14	HAP2_chr11	17	1656508	15903532	16402565	0.054047	0.104160	0.133965	False	9331.4729
HAP1_chr14	HAP2_chr11	19	1363626	16468416	17052685	0.042405	0.082802	0.132046	False	30121.5032
HAP1_chr14	HAP2_chr11	23	1128567	17136388	17855262	0.033327	0.065858	0.119175	False	382697.9589
HAP1_chr14	HAP2_chr12	11	1769404	1871130	1916305	0.876797	0.945634	0.006173	False	45.6033
HAP1_chr14	HAP2_chr12	13	5037728	9262991	10157744	0.350256	0.543855	0.050480	False	1333.8442
HAP1_chr14	HAP2_chr12	15	2815315	14456692	16248346	0.100945	0.194741	0.113080	False	3594.7476
HAP1_chr14	HAP2_chr12	17	1632874	15903532	17907770	0.050744	0.102674	0.137489	False	8785.5947
HAP1_chr14	HAP2_chr12	19	1334188	16468416	18511531	0.039654	0.081015	0.135437	False	28281.4871
HAP1_chr14	HAP2_chr12	23	1110253	17136388	19196363	0.031521	0.064789	0.121521	False	363098.1869
HAP1_chr14	HAP2_chr13	11	1662396	1871130	1773388	0.838695	0.937412	0.008347	False	63.7073
HAP1_chr14	HAP2_chr13	13	3995857	9262991	7463531	0.313877	0.535384	0.056815	False	1348.3943
HAP1_chr14	HAP2_chr13	15	2125263	14456692	10811655	0.091831	0.196571	0.118834	False	3399.2611
HAP1_chr14	HAP2_chr13	17	1258731	15903532	11714892	0.047752	0.107447	0.140896	False	8399.6926
HAP1_chr14	HAP2_chr13	19	1031472	16468416	12084487	0.037479	0.085355	0.138296	False	27068.3783
HAP1_chr14	HAP2_chr13	23	850409	17136388	12533334	0.029508	0.067852	0.124305	False	344196.6845
HAP1_chr14	HAP2_chr05	11	1776461	1871130	1927047	0.878690	0.949405	0.006068	False	43.5486
HAP1_chr14	HAP2_chr05	13	5192850	9262991	10709499	0.351352	0.560602	0.050302	False	1300.6615
HAP1_chr14	HAP2_chr05	15	2778626	14456692	17601194	0.094901	0.192203	0.116829	False	3347.6304
HAP1_chr14	HAP2_chr05	17	1462506	15903532	19429478	0.043179	0.091961	0.146560	False	7521.4174
HAP1_chr14	HAP2_chr05	19	1142928	16468416	20016096	0.032339	0.069401	0.145797	False	23288.7339
HAP1_chr14	HAP2_chr05	23	926337	17136388	20608717	0.025159	0.054057	0.131053	False	292384.3254
HAP1_chr14	HAP2_chr10	11	1753841	1871130	1895187	0.871484	0.937316	0.006467	False	48.3783
HAP1_chr14	HAP2_chr10	13	4859743	9262991	9712491	0.344278	0.524641	0.051463	False	1330.4444
HAP1_chr14	HAP2_chr10	15	2635146	14456692	15325642	0.097069	0.182279	0.115455	False	3459.5966
HAP1_chr14	HAP2_chr10	17	1484528	15903532	16850568	0.047475	0.093346	0.141223	False	8228.2084
HAP1_chr14	HAP2_chr10	19	1198197	16468416	17412284	0.036662	0.072757	0.139415	False	26186.1996
HAP1_chr14	HAP2_chr10	23	990613	17136388	18052398	0.028967	0.057808	0.125087	False	334078.0772
HAP1_chr14	HAP2_chr14	11	1860155	1871130	1872511	0.987613	0.994135	0.000568	False	146.5741
HAP1_chr14	HAP2_chr14	13	9037371	9262991	9287321	0.950008	0.975643	0.001998	False	4042.9184
HAP1_chr14	HAP2_chr14	15	13940162	14456692	14504228	0.928060	0.964271	0.002535	False	21681.0111
HAP1_chr14	HAP2_chr14	17	15244167	15903532	15955961	0.917476	0.958540	0.002588	False	88521.3299
HAP1_chr14	HAP2_chr14	19	15714167	16468416	16521915	0.909587	0.954200	0.002553	False	353130.6881
HAP1_chr14	HAP2_chr14	23	16220791	17136388	17192812	0.895760	0.946570	0.002459	False	5605490.3113
HAP1_chr14	HAP2_chr15	11	1685173	1871130	1801610	0.847857	0.935371	0.007811	False	61.3108
HAP1_chr14	HAP2_chr15	13	4203433	9262991	7922995	0.323776	0.530536	0.055004	False	1363.3047
HAP1_chr14	HAP2_chr15	15	2288001	14456692	11716993	0.095790	0.195272	0.116262	False	3511.6165
HAP1_chr14	HAP2_chr15	17	1370571	15903532	12776868	0.050186	0.107270	0.138108	False	8757.4235
HAP1_chr14	HAP2_chr15	19	1129975	16468416	13220548	0.039566	0.085471	0.135549	False	28350.7035
HAP1_chr14	HAP2_chr15	23	938451	17136388	13763461	0.031322	0.068184	0.121788	False	362459.8697
HAP1_chr14	HAP2_chr18	11	1645485	1871130	1754152	0.831138	0.938052	0.008795	False	64.2570
HAP1_chr14	HAP2_chr18	13	3743100	9262991	6943926	0.300317	0.539047	0.059414	False	1318.9787
HAP1_chr14	HAP2_chr18	15	1959117	14456692	9721359	0.088173	0.201527	0.121320	False	3317.4674
HAP1_chr14	HAP2_chr18	17	1194219	15903532	10474208	0.047421	0.114015	0.141287	False	8436.4827
HAP1_chr14	HAP2_chr18	19	996168	16468416	10808975	0.037904	0.092161	0.137724	False	27644.2187
HAP1_chr14	HAP2_chr18	23	834643	17136388	11244443	0.030300	0.074227	0.123188	False	356651.6118
HAP1_chr14	HAP2_chr16	11	1738445	1871130	1875396	0.865725	0.929088	0.006790	False	50.3815
HAP1_chr14	HAP2_chr16	13	4629807	9262991	9231562	0.333927	0.501519	0.053216	False	1303.7904
HAP1_chr14	HAP2_chr16	15	2360185	14456692	14170650	0.089853	0.166554	0.120165	False	3203.0526
HAP1_chr14	HAP2_chr16	17	1260775	15903532	15390938	0.041979	0.081917	0.148151	False	7300.0357
HAP1_chr14	HAP2_chr16	19	998487	16468416	15784249	0.031947	0.063258	0.146419	False	22915.8538
HAP1_chr14	HAP2_chr16	23	815398	17136388	16190750	0.025080	0.050362	0.131187	False	290366.9731
HAP1_chr14	HAP2_chr17	11	1706061	1871130	1830609	0.854878	0.931964	0.007406	False	56.9221
HAP1_chr14	HAP2_chr17	13	4305407	9262991	8240648	0.326211	0.522460	0.054568	False	1346.2406
HAP1_chr14	HAP2_chr17	15	2333437	14456692	12197774	0.095943	0.191300	0.116164	False	3498.4047
HAP1_chr14	HAP2_chr17	17	1401844	15903532	13269618	0.050478	0.105643	0.137783	False	8786.9881
HAP1_chr14	HAP2_chr17	19	1158562	16468416	13709289	0.039924	0.084509	0.135094	False	28544.6425
HAP1_chr14	HAP2_chr17	23	960673	17136388	14252006	0.031572	0.067406	0.121453	False	364627.7417
HAP1_chr14	HAP2_chr07	11	1650324	1871130	1758901	0.833620	0.938270	0.008647	False	64.6506
HAP1_chr14	HAP2_chr07	13	3907717	9262991	7240106	0.310250	0.539732	0.057496	False	1350.3242
HAP1_chr14	HAP2_chr07	15	2111799	14456692	10421927	0.092758	0.202630	0.118221	False	3456.6300
HAP1_chr14	HAP2_chr07	17	1286170	15903532	11338838	0.049552	0.113430	0.138821	False	8732.0293
HAP1_chr14	HAP2_chr07	19	1062864	16468416	11754937	0.039133	0.090419	0.136107	False	28282.6850
HAP1_chr14	HAP2_chr07	23	874012	17136388	12293816	0.030607	0.071094	0.122762	False	357179.3354
HAP1_chr14	HAP2_chr19	11	1602093	1871130	1700238	0.813545	0.942276	0.009863	False	69.0930
HAP1_chr14	HAP2_chr19	13	3485896	9262991	6349723	0.287453	0.548984	0.062016	False	1308.9423
HAP1_chr14	HAP2_chr19	15	1786218	14456692	8710089	0.083544	0.205075	0.124631	False	3203.9820
HAP1_chr14	HAP2_chr19	17	1077879	15903532	9328904	0.044624	0.115542	0.144705	False	8070.2585
HAP1_chr14	HAP2_chr19	19	898099	16468416	9592131	0.035692	0.093629	0.140776	False	26456.9340
HAP1_chr14	HAP2_chr19	23	755735	17136388	9920765	0.028734	0.076177	0.125429	False	343802.8220
HAP1_chr14	HAP2_chr20	11	1607630	1871130	1707604	0.815599	0.941454	0.009736	False	68.1052
HAP1_chr14	HAP2_chr20	13	3547243	9262991	6447496	0.291636	0.550174	0.061155	False	1324.7314
HAP1_chr14	HAP2_chr20	15	1865749	14456692	8910664	0.086773	0.209384	0.122302	False	3319.0516
HAP1_chr14	HAP2_chr20	17	1145007	15903532	9575366	0.047054	0.119578	0.141723	False	8466.4602
HAP1_chr14	HAP2_chr20	19	953212	16468416	9867294	0.037554	0.096603	0.138195	False	27687.2902
HAP1_chr14	HAP2_chr20	23	794683	17136388	10242168	0.029893	0.077589	0.123758	False	355803.7392
HAP1_chr14	HAP2_chr22	11	1577607	1871130	1670517	0.803246	0.944382	0.010503	False	71.3692
HAP1_chr14	HAP2_chr22	13	3367414	9262991	6040646	0.282117	0.557459	0.063138	False	1316.3338
HAP1_chr14	HAP2_chr22	15	1755681	14456692	8216329	0.083934	0.213682	0.124345	False	3262.1945
HAP1_chr14	HAP2_chr22	17	1078727	15903532	8800212	0.045660	0.122580	0.143413	False	8323.4542
HAP1_chr14	HAP2_chr22	19	897833	16468416	9060039	0.036452	0.099098	0.139706	False	27216.6141
HAP1_chr14	HAP2_chr22	23	742315	17136388	9392238	0.028787	0.079035	0.125350	False	347069.3597
HAP1_chr14	HAP2_chr21	11	1634926	1871130	1740450	0.827118	0.939370	0.009036	False	65.8465
HAP1_chr14	HAP2_chr21	13	3748542	9262991	6927352	0.301286	0.541122	0.059223	False	1327.7995
HAP1_chr14	HAP2_chr21	15	1949113	14456692	9749738	0.087572	0.199914	0.121740	False	3291.6199
HAP1_chr14	HAP2_chr21	17	1157644	15903532	10481481	0.045888	0.110447	0.143133	False	8170.9030
HAP1_chr14	HAP2_chr21	19	948482	16468416	10776712	0.036069	0.088012	0.140243	False	26358.6577
HAP1_chr14	HAP2_chr21	23	775660	17136388	11129001	0.028216	0.069697	0.126197	False	333162.0528
HAP1_chr14	HAP2_chr23	11	1635662	1871130	1740516	0.827771	0.939757	0.008997	False	66.3887
HAP1_chr14	HAP2_chr23	13	3754992	9262991	6913236	0.302304	0.543160	0.059024	False	1336.6442
HAP1_chr14	HAP2_chr23	15	1984863	14456692	9735989	0.089377	0.203869	0.120490	False	3364.4875
HAP1_chr14	HAP2_chr23	17	1200682	15903532	10491711	0.047656	0.114441	0.141009	False	8475.5824
HAP1_chr14	HAP2_chr23	19	991753	16468416	10813251	0.037724	0.091716	0.137966	False	27516.0841
HAP1_chr14	HAP2_chr23	23	815241	17136388	11210512	0.029611	0.072721	0.124158	False	348887.6845
HAP1_chr14	HAP2_chr24	11	1639386	1871130	1746750	0.828603	0.938535	0.008947	False	64.7977
HAP1_chr14	HAP2_chr24	13	3732332	9262991	6932666	0.299465	0.538369	0.059582	False	1314.5127
HAP1_chr14	HAP2_chr24	15	1908777	14456692	9710842	0.085754	0.196561	0.123027	False	3221.3741
HAP1_chr14	HAP2_chr24	17	1127306	15903532	10421673	0.044738	0.108169	0.144562	False	7976.7053
HAP1_chr14	HAP2_chr24	19	928326	16468416	10707211	0.035368	0.086701	0.141239	False	25881.5758
HAP1_chr14	HAP2_chr24	23	770954	17136388	11048947	0.028122	0.069776	0.126338	False	332338.1886
HAP1_chr14	HAP2_chr25	11	1562365	1871130	1652327	0.796681	0.945554	0.010918	False	72.5743
HAP1_chr14	HAP2_chr25	13	3245027	9262991	5856933	0.273268	0.554049	0.065057	False	1280.4539
HAP1_chr14	HAP2_chr25	15	1596443	14456692	7847891	0.077093	0.203423	0.129591	False	3013.0795
HAP1_chr14	HAP2_chr25	17	940662	15903532	8334301	0.040377	0.112866	0.150349	False	7448.4185
HAP1_chr14	HAP2_chr25	19	777065	16468416	8530821	0.032081	0.091089	0.146207	False	24272.7660
HAP1_chr14	HAP2_chr25	23	647884	17136388	8768493	0.025652	0.073888	0.130232	False	313506.9488
HAP1_chr14	HAP2_chr26	11	1594494	1871130	1692364	0.809799	0.942170	0.010094	False	68.7868
HAP1_chr14	HAP2_chr26	13	3381568	9262991	6190440	0.280120	0.546256	0.063565	False	1279.5049
HAP1_chr14	HAP2_chr26	15	1677305	14456692	8368839	0.079312	0.200423	0.127836	False	3058.5810
HAP1_chr14	HAP2_chr26	17	992834	15903532	8904372	0.041689	0.111500	0.148542	False	7604.1604
HAP1_chr14	HAP2_chr26	19	821359	16468416	9117717	0.033166	0.090084	0.144510	False	24816.5221
HAP1_chr14	HAP2_chr26	23	686352	17136388	9371550	0.026581	0.073238	0.128724	False	321257.7113
HAP1_chr15	HAP1_chr16	11	1727343	1855173	1875435	0.862264	0.931095	0.006985	False	53.0298
HAP1_chr15	HAP1_chr16	13	4501788	8874233	9236754	0.330790	0.507288	0.053761	False	1317.3129
HAP1_chr15	HAP1_chr16	15	2318828	13573555	14181284	0.091163	0.170834	0.119280	False	3273.7833
HAP1_chr15	HAP1_chr16	17	1282738	14867839	15402512	0.044251	0.086276	0.145178	False	7692.9349
HAP1_chr15	HAP1_chr16	19	1023889	15377188	15797116	0.033959	0.066585	0.143307	False	24312.5271
HAP1_chr15	HAP1_chr16	23	831240	15979423	16206423	0.026511	0.052019	0.128835	False	306389.1338
HAP1_chr15	HAP1_chr17	11	1693776	1855173	1828536	0.851172	0.926302	0.007619	False	59.9332
HAP1_chr15	HAP1_chr17	13	4156506	8874233	8215644	0.321378	0.505926	0.055436	False	1345.7456
HAP1_chr15	HAP1_chr17	15	2222751	13573555	12154666	0.094563	0.182872	0.117046	False	3455.3098
HAP1_chr15	HAP1_chr17	17	1341226	14867839	13222763	0.050140	0.101433	0.138159	False	8714.3931
HAP1_chr15	HAP1_chr17	19	1114133	15377188	13661444	0.039898	0.081553	0.135126	False	28458.3010
HAP1_chr15	HAP1_chr17	23	932745	15979423	14203159	0.031889	0.065672	0.121032	False	367250.0026
HAP1_chr15	HAP1_chr18	11	1642429	1855173	1761652	0.831864	0.932323	0.008752	False	67.3243
HAP1_chr15	HAP1_chr18	13	3691431	8874233	7039081	0.302035	0.524419	0.059077	False	1341.0712
HAP1_chr15	HAP1_chr18	15	1960720	13573555	9893375	0.091170	0.198185	0.119276	False	3420.2785
HAP1_chr15	HAP1_chr18	17	1225762	14867839	10674911	0.050408	0.114826	0.137861	False	8881.7556
HAP1_chr15	HAP1_chr18	19	1027806	15377188	11026423	0.040503	0.093213	0.134365	False	29227.2991
HAP1_chr15	HAP1_chr18	23	859688	15979423	11490106	0.032307	0.074820	0.120483	False	376331.4958
HAP1_chr15	HAP1_chr19	11	1639338	1855173	1756593	0.831127	0.933249	0.008796	False	68.5317
HAP1_chr15	HAP1_chr19	13	3739337	8874233	7125681	0.304989	0.524769	0.058502	False	1351.1101
HAP1_chr15	HAP1_chr19	15	1984611	13573555	10112005	0.091453	0.196263	0.119086	False	3419.4200
HAP1_chr15	HAP1_chr19	17	1225010	14867839	10913586	0.049886	0.112246	0.138445	False	8775.6216
HAP1_chr15	HAP1_chr19	19	1021193	15377188	11252278	0.039877	0.090754	0.135153	False	28745.3978
HAP1_chr15	HAP1_chr19	23	849243	15979423	11676341	0.031680	0.072732	0.121309	False	368782.4412
HAP1_chr15	HAP1_chr20	11	1602779	1855173	1711472	0.816135	0.936492	0.009704	False	72.1564
HAP1_chr15	HAP1_chr20	13	3462613	8874233	6490457	0.290925	0.533493	0.061300	False	1332.6989
HAP1_chr15	HAP1_chr20	15	1805227	13573555	8988729	0.086969	0.200832	0.122163	False	3310.0690
HAP1_chr15	HAP1_chr20	17	1116434	14867839	9665961	0.047675	0.115502	0.140986	False	8502.0603
HAP1_chr15	HAP1_chr20	19	935793	15377188	9964401	0.038343	0.093914	0.137140	False	27993.2258
HAP1_chr15	HAP1_chr20	23	788306	15979423	10349545	0.030865	0.076168	0.122408	False	363601.7541
HAP1_chr15	HAP1_chr21	11	1627074	1855173	1742327	0.825747	0.933851	0.009119	False	69.0983
HAP1_chr15	HAP1_chr21	13	3638522	8874233	6944609	0.298721	0.523935	0.059729	False	1329.5577
HAP1_chr15	HAP1_chr21	15	1867403	13573555	9781299	0.086907	0.190916	0.122207	False	3257.8650
HAP1_chr15	HAP1_chr21	17	1114293	14867839	10518678	0.045908	0.105935	0.143109	False	8123.3539
HAP1_chr15	HAP1_chr21	19	919547	15377188	10816829	0.036382	0.085011	0.139803	False	26397.8435
HAP1_chr15	HAP1_chr21	23	764136	15979423	11173336	0.028957	0.068389	0.125102	False	339211.6059
HAP1_chr15	HAP1_chr22	11	1596403	1855173	1704026	0.813331	0.936842	0.009876	False	72.4856
HAP1_chr15	HAP1_chr22	13	3419596	8874233	6405553	0.288326	0.533849	0.061835	False	1325.7042
HAP1_chr15	HAP1_chr22	15	1770113	13573555	8841730	0.085740	0.200200	0.123037	False	3271.0645
HAP1_chr15	HAP1_chr22	17	1086261	14867839	9505777	0.046646	0.114274	0.142213	False	8340.3260
HAP1_chr15	HAP1_chr22	19	906330	15377188	9805074	0.037335	0.092435	0.138492	False	27330.7396
HAP1_chr15	HAP1_chr22	23	757726	15979423	10195462	0.029812	0.074320	0.123873	False	352127.8996
HAP1_chr15	HAP1_chr23	11	1636133	1855173	1753511	0.829450	0.933061	0.008896	False	68.2076
HAP1_chr15	HAP1_chr23	13	3691127	8874233	7067544	0.301301	0.522264	0.059220	False	1332.6396
HAP1_chr15	HAP1_chr23	15	1907769	13573555	10003276	0.088041	0.190714	0.121412	False	3290.6221
HAP1_chr15	HAP1_chr23	17	1142442	14867839	10789591	0.046602	0.105884	0.142266	False	8223.2737
HAP1_chr15	HAP1_chr23	19	942392	15377188	11123421	0.036872	0.084721	0.139124	False	26678.1033
HAP1_chr15	HAP1_chr23	23	778838	15979423	11537178	0.029129	0.067507	0.124852	False	340242.6641
HAP1_chr15	HAP1_chr24	11	1629801	1855173	1746189	0.826655	0.933347	0.009064	False	68.4672
HAP1_chr15	HAP1_chr24	13	3627455	8874233	6912850	0.298320	0.524741	0.059809	False	1330.6354
HAP1_chr15	HAP1_chr24	15	1879867	13573555	9670718	0.087991	0.194388	0.121447	False	3307.2991
HAP1_chr15	HAP1_chr24	17	1144335	14867839	10375760	0.047484	0.110289	0.141212	False	8405.1313
HAP1_chr15	HAP1_chr24	19	948636	15377188	10659044	0.037813	0.088998	0.137846	False	27435.3571
HAP1_chr15	HAP1_chr24	23	784210	15979423	10997536	0.029940	0.071308	0.123692	False	350894.2645
HAP1_chr15	HAP1_chr25	11	1555119	1855173	1652760	0.796348	0.940922	0.010939	False	76.9645
HAP1_chr15	HAP1_chr25	13	3167958	8874233	5875803	0.273522	0.539153	0.065001	False	1294.7052
HAP1_chr15	HAP1_chr25	15	1560591	13573555	7878851	0.078454	0.198073	0.128508	False	3050.2818
HAP1_chr15	HAP1_chr25	17	934211	14867839	8364267	0.041897	0.111691	0.148261	False	7643.9737
HAP1_chr15	HAP1_chr25	19	773725	15377188	8557390	0.033407	0.090416	0.144143	False	24974.3781
HAP1_chr15	HAP1_chr25	23	642553	15979423	8789357	0.026633	0.073106	0.128641	False	321604.4586
HAP1_chr15	HAP1_chr26	11	1580183	1855173	1686479	0.805612	0.936972	0.010355	False	72.2905
HAP1_chr15	HAP1_chr26	13	3259488	8874233	6131968	0.277481	0.531557	0.064134	False	1286.0477
HAP1_chr15	HAP1_chr26	15	1616356	13573555	8274002	0.079894	0.195354	0.127385	False	3076.6344
HAP1_chr15	HAP1_chr26	17	970037	14867839	8799975	0.042737	0.110232	0.147141	False	7736.5128
HAP1_chr15	HAP1_chr26	19	802257	15377188	9008407	0.034018	0.089056	0.143220	False	25238.2952
HAP1_chr15	HAP1_chr26	23	662061	15979423	9253365	0.026945	0.071548	0.128148	False	322953.3234
HAP1_chr15	HAP2_chr01	11	1783806	1855173	1956191	0.879781	0.961531	0.006008	False	40.5399
HAP1_chr15	HAP2_chr01	13	5380396	8874233	11594047	0.356604	0.606294	0.049459	False	1321.5135
HAP1_chr15	HAP2_chr01	15	3131299	13573555	19936069	0.103077	0.230691	0.111816	False	3700.5953
HAP1_chr15	HAP2_chr01	17	1812931	14867839	22404348	0.051127	0.121936	0.137068	False	9009.3988
HAP1_chr15	HAP2_chr01	19	1477815	15377188	23312721	0.039713	0.096104	0.135361	False	28885.0316
HAP1_chr15	HAP2_chr01	23	1234655	15979423	24358453	0.031574	0.077265	0.121450	False	371202.7906
HAP1_chr15	HAP2_chr02	11	1776968	1855173	1944775	0.878391	0.957845	0.006085	False	43.1448
HAP1_chr15	HAP2_chr02	13	5243246	8874233	11207989	0.353343	0.590839	0.049981	False	1323.7236
HAP1_chr15	HAP2_chr02	15	3006042	13573555	18930484	0.101907	0.221463	0.112506	False	3653.3061
HAP1_chr15	HAP2_chr02	17	1741091	14867839	21212559	0.050703	0.117105	0.137535	False	8894.8724
HAP1_chr15	HAP2_chr02	19	1421351	15377188	22080660	0.039442	0.092432	0.135708	False	28546.7231
HAP1_chr15	HAP2_chr02	23	1187826	15979423	23100878	0.031347	0.074335	0.121754	False	366715.3624
HAP1_chr15	HAP2_chr03	11	1787446	1855173	1963081	0.880165	0.963493	0.005987	False	38.6057
HAP1_chr15	HAP2_chr03	13	5383536	8874233	11634879	0.355923	0.606648	0.049567	False	1314.8264
HAP1_chr15	HAP2_chr03	15	3140591	13573555	19905925	0.103517	0.231376	0.111558	False	3717.5685
HAP1_chr15	HAP2_chr03	17	1829849	14867839	22313308	0.051762	0.123074	0.136378	False	9114.6485
HAP1_chr15	HAP2_chr03	19	1486726	15377188	23191431	0.040093	0.096684	0.134880	False	29135.6691
HAP1_chr15	HAP2_chr03	23	1224904	15979423	24190163	0.031452	0.076655	0.121613	False	369549.9229
HAP1_chr15	HAP2_chr04	11	1771693	1855173	1937260	0.876755	0.955002	0.006175	False	44.2771
HAP1_chr15	HAP2_chr04	13	5148203	8874233	10898284	0.352030	0.580129	0.050192	False	1334.6640
HAP1_chr15	HAP2_chr04	15	2950749	13573555	18070854	0.102836	0.217390	0.111957	False	3689.5414
HAP1_chr15	HAP2_chr04	17	1737696	14867839	20103510	0.052287	0.116876	0.135813	False	9129.0207
HAP1_chr15	HAP2_chr04	19	1423100	15377188	20853426	0.040885	0.092546	0.133891	False	29413.7612
HAP1_chr15	HAP2_chr04	23	1180447	15979423	21714248	0.032329	0.073873	0.120454	False	375893.5066
HAP1_chr15	HAP2_chr06	11	1714203	1855173	1856147	0.858339	0.924012	0.007208	False	56.3657
HAP1_chr15	HAP2_chr06	13	4439703	8874233	8915399	0.332564	0.500291	0.053452	False	1355.7603
HAP1_chr15	HAP2_chr06	15	2417006	13573555	13659620	0.097396	0.178067	0.115251	False	3525.2180
HAP1_chr15	HAP2_chr06	17	1435454	14867839	14950852	0.050574	0.096548	0.137677	False	8762.4722
HAP1_chr15	HAP2_chr06	19	1179784	15377188	15462891	0.039777	0.076723	0.135281	False	28322.8069
HAP1_chr15	HAP2_chr06	23	975263	15979423	16092268	0.031363	0.061032	0.121734	False	360748.2400
HAP1_chr15	HAP2_chr09	11	1698588	1855173	1835654	0.852603	0.925331	0.007537	False	58.6518
HAP1_chr15	HAP2_chr09	13	4217623	8874233	8400787	0.323006	0.502051	0.055142	False	1338.9861
HAP1_chr15	HAP2_chr09	15	2224625	13573555	12520506	0.093200	0.177679	0.117931	False	3391.3459
HAP1_chr15	HAP2_chr09	17	1309688	14867839	13598702	0.048227	0.096310	0.140341	False	8383.2835
HAP1_chr15	HAP2_chr09	19	1076811	15377188	14008836	0.038037	0.076867	0.137546	False	27159.5340
HAP1_chr15	HAP2_chr09	23	897450	15979423	14488605	0.030349	0.061942	0.123119	False	349855.0500
HAP1_chr15	HAP2_chr08	11	1711042	1855173	1850664	0.857753	0.924556	0.007242	False	57.7694
HAP1_chr15	HAP2_chr08	13	4401468	8874233	8796322	0.331708	0.500376	0.053601	False	1360.4855
HAP1_chr15	HAP2_chr08	15	2406937	13573555	13405860	0.097953	0.179544	0.114905	False	3552.1510
HAP1_chr15	HAP2_chr08	17	1448998	14867839	14664144	0.051597	0.098812	0.136556	False	8935.8466
HAP1_chr15	HAP2_chr08	19	1199755	15377188	15167024	0.040885	0.079103	0.133890	False	29083.3302
HAP1_chr15	HAP2_chr08	23	997515	15979423	15783256	0.032424	0.063201	0.120332	False	372573.8500
HAP1_chr15	HAP2_chr11	11	1728800	1855173	1875256	0.863697	0.931881	0.006904	False	54.2865
HAP1_chr15	HAP2_chr11	13	4636588	8874233	9396976	0.340060	0.522478	0.052169	False	1364.6627
HAP1_chr15	HAP2_chr11	15	2581470	13573555	14824614	0.099992	0.190184	0.113655	False	3604.3964
HAP1_chr15	HAP2_chr11	17	1526362	14867839	16402565	0.051317	0.102662	0.136861	False	8890.3474
HAP1_chr15	HAP2_chr11	19	1251775	15377188	17052685	0.040149	0.081405	0.134809	False	28614.3512
HAP1_chr15	HAP2_chr11	23	1038853	15979423	17855262	0.031676	0.065012	0.121314	False	364805.9813
HAP1_chr15	HAP2_chr12	11	1756475	1855173	1916305	0.871698	0.946798	0.006456	False	47.0678
HAP1_chr15	HAP2_chr12	13	4864230	8874233	10157744	0.343331	0.548130	0.051620	False	1328.6959
HAP1_chr15	HAP2_chr12	15	2670027	13573555	16248346	0.098337	0.196708	0.114667	False	3524.8690
HAP1_chr15	HAP2_chr12	17	1547203	14867839	17907770	0.049545	0.104064	0.138829	False	8612.0962
HAP1_chr15	HAP2_chr12	19	1267694	15377188	18511531	0.038861	0.082440	0.136460	False	27809.9110
HAP1_chr15	HAP2_chr12	23	1061084	15979423	19196363	0.031103	0.066403	0.122083	False	359361.1103
HAP1_chr15	HAP2_chr13	11	1664053	1855173	1773388	0.847058	0.938347	0.007858	False	76.0769
HAP1_chr15	HAP2_chr13	13	4332810	8874233	7463531	0.360919	0.580531	0.048778	False	1678.9920
HAP1_chr15	HAP2_chr13	15	3102152	13573555	10811655	0.145757	0.286927	0.091249	False	5410.5934
HAP1_chr15	HAP2_chr13	17	2301155	14867839	11714892	0.094770	0.196430	0.103159	False	16017.8411
HAP1_chr15	HAP2_chr13	19	1979430	15377188	12084487	0.077679	0.163799	0.101939	False	53795.4752
HAP1_chr15	HAP2_chr13	23	1607612	15979423	12533334	0.059751	0.128267	0.094889	False	673815.1179
HAP1_chr15	HAP2_chr05	11	1764379	1855173	1927047	0.874390	0.951059	0.006306	False	45.7121
HAP1_chr15	HAP2_chr05	13	5041839	8874233	10709499	0.346711	0.568144	0.051060	False	1312.8428
HAP1_chr15	HAP2_chr05	15	2727293	13573555	17601194	0.095871	0.200927	0.116210	False	3421.2698
HAP1_chr15	HAP2_chr05	17	1493237	14867839	19429478	0.045520	0.100434	0.143587	False	7959.3308
HAP1_chr15	HAP2_chr05	19	1182421	15377188	20016096	0.034563	0.076894	0.142411	False	24938.8017
HAP1_chr15	HAP2_chr05	23	955977	15979423	20608717	0.026829	0.059826	0.128330	False	312472.6925
HAP1_chr15	HAP2_chr10	11	1742263	1855173	1895187	0.867619	0.939138	0.006684	False	50.7810
HAP1_chr15	HAP2_chr10	13	4720424	8874233	9712491	0.340424	0.531925	0.052108	False	1342.5577
HAP1_chr15	HAP2_chr10	15	2591753	13573555	15325642	0.098518	0.190941	0.114555	False	3541.1587
HAP1_chr15	HAP2_chr10	17	1514168	14867839	16850568	0.050131	0.101842	0.138170	False	8695.4258
HAP1_chr15	HAP2_chr10	19	1234472	15377188	17412284	0.039121	0.080279	0.136122	False	27924.4043
HAP1_chr15	HAP2_chr10	23	1016956	15979423	18052398	0.030803	0.063642	0.122493	False	355161.2432
HAP1_chr15	HAP2_chr14	11	1726869	1855173	1872511	0.863083	0.930840	0.006939	False	54.7126
HAP1_chr15	HAP2_chr14	13	4580636	8874233	9287321	0.337285	0.516173	0.052640	False	1355.4987
HAP1_chr15	HAP2_chr14	15	2508484	13573555	14504228	0.098105	0.184807	0.114810	False	3536.8384
HAP1_chr15	HAP2_chr14	17	1471843	14867839	15955961	0.050145	0.098995	0.138154	False	8690.4966
HAP1_chr15	HAP2_chr14	19	1205875	15377188	16521915	0.039288	0.078420	0.135907	False	28004.1438
HAP1_chr15	HAP2_chr14	23	1001106	15979423	17192812	0.031118	0.062650	0.122064	False	358259.3846
HAP1_chr15	HAP2_chr15	11	1790295	1855173	1801610	0.959178	0.993720	0.001914	False	155.7020
HAP1_chr15	HAP2_chr15	13	7697876	8874233	7922995	0.845981	0.971587	0.006702	False	3870.2907
HAP1_chr15	HAP2_chr15	15	11220308	13573555	11716993	0.797450	0.957610	0.007971	False	20070.7937
HAP1_chr15	HAP2_chr15	17	12159319	14867839	12776868	0.785212	0.951667	0.007541	False	81616.4047
HAP1_chr15	HAP2_chr15	19	12528780	15377188	13220548	0.779688	0.947675	0.006955	False	325723.6074
HAP1_chr15	HAP2_chr15	23	12952157	15979423	13763461	0.771388	0.941054	0.006008	False	5180508.8263
HAP1_chr15	HAP2_chr18	11	1636311	1855173	1754152	0.829346	0.932822	0.008903	False	67.8828
HAP1_chr15	HAP2_chr18	13	3647662	8874233	6943926	0.299713	0.525303	0.059533	False	1336.5009
HAP1_chr15	HAP2_chr18	15	1925644	13573555	9721359	0.090113	0.198084	0.119988	False	3388.4272
HAP1_chr15	HAP2_chr18	17	1198697	14867839	10474208	0.049649	0.114443	0.138711	False	8768.0160
HAP1_chr15	HAP2_chr18	19	1002514	15377188	10808975	0.039808	0.092748	0.135241	False	28793.2332
HAP1_chr15	HAP2_chr18	23	835839	15979423	11244443	0.031675	0.074334	0.121316	False	369866.8086
HAP1_chr15	HAP2_chr16	11	1727352	1855173	1875396	0.862289	0.931100	0.006984	False	53.0641
HAP1_chr15	HAP2_chr16	13	4497610	8874233	9231562	0.330508	0.506817	0.053811	False	1315.8882
HAP1_chr15	HAP2_chr16	15	2313647	13573555	14170650	0.090979	0.170453	0.119404	False	3266.8048
HAP1_chr15	HAP2_chr16	17	1278324	14867839	15390938	0.044110	0.085979	0.145358	False	7668.9057
HAP1_chr15	HAP2_chr16	19	1020345	15377188	15784249	0.033852	0.066354	0.143468	False	24238.1358
HAP1_chr15	HAP2_chr16	23	829259	15979423	16190750	0.026459	0.051895	0.128918	False	305806.8540
HAP1_chr15	HAP2_chr17	11	1695254	1855173	1830609	0.851660	0.926060	0.007591	False	59.6197
HAP1_chr15	HAP2_chr17	13	4161629	8874233	8240648	0.321281	0.505012	0.055453	False	1342.6932
HAP1_chr15	HAP2_chr17	15	2217008	13573555	12197774	0.094123	0.181755	0.117330	False	3436.8945
HAP1_chr15	HAP2_chr17	17	1332551	14867839	13269618	0.049713	0.100421	0.138639	False	8641.2176
HAP1_chr15	HAP2_chr17	19	1105779	15377188	13709289	0.039519	0.080659	0.135609	False	28195.1555
HAP1_chr15	HAP2_chr17	23	925599	15979423	14252006	0.031584	0.064945	0.121437	False	363811.3109
HAP1_chr15	HAP2_chr07	11	1640794	1855173	1758901	0.831506	0.932852	0.008773	False	68.0171
HAP1_chr15	HAP2_chr07	13	3782020	8874233	7240106	0.306675	0.522371	0.058177	False	1349.3669
HAP1_chr15	HAP2_chr07	15	2021133	13573555	10421927	0.091977	0.193931	0.118737	False	3424.0780
HAP1_chr15	HAP2_chr07	17	1239894	14867839	11338838	0.049662	0.109349	0.138697	False	8710.4789
HAP1_chr15	HAP2_chr07	19	1030158	15377188	11754937	0.039467	0.087636	0.135677	False	28369.7385
HAP1_chr15	HAP2_chr07	23	857357	15979423	12293816	0.031272	0.069739	0.121855	False	362835.5828
HAP1_chr15	HAP2_chr19	11	1594091	1855173	1700238	0.812764	0.937569	0.009911	False	73.4134
HAP1_chr15	HAP2_chr19	13	3403970	8874233	6349723	0.287984	0.536082	0.061906	False	1330.8555
HAP1_chr15	HAP2_chr19	15	1772663	13573555	8710089	0.086425	0.203518	0.122548	False	3308.2169
HAP1_chr15	HAP2_chr19	17	1102075	14867839	9328904	0.047720	0.118136	0.140934	False	8545.8796
HAP1_chr15	HAP2_chr19	19	921532	15377188	9592131	0.038321	0.096072	0.137169	False	28097.2140
HAP1_chr15	HAP2_chr19	23	767968	15979423	9920765	0.030557	0.077410	0.122831	False	361794.8251
HAP1_chr15	HAP2_chr20	11	1599623	1855173	1707604	0.814823	0.936765	0.009784	False	72.4543
HAP1_chr15	HAP2_chr20	13	3442017	8874233	6447496	0.289739	0.533853	0.061544	False	1330.0602
HAP1_chr15	HAP2_chr20	15	1788017	13573555	8910664	0.086393	0.200660	0.122571	False	3292.4363
HAP1_chr15	HAP2_chr20	17	1102931	14867839	9575366	0.047254	0.115184	0.141484	False	8438.5163
HAP1_chr15	HAP2_chr20	19	923449	15377188	9867294	0.037969	0.093587	0.137637	False	27759.4480
HAP1_chr15	HAP2_chr20	23	777313	15979423	10242168	0.030550	0.075893	0.122841	False	360405.7741
HAP1_chr15	HAP2_chr22	11	1569026	1855173	1670517	0.801888	0.939246	0.010589	False	75.0727
HAP1_chr15	HAP2_chr22	13	3257906	8874233	6040646	0.279481	0.539331	0.063702	False	1313.5892
HAP1_chr15	HAP2_chr22	15	1667981	13573555	8216329	0.082894	0.203008	0.125112	False	3203.8812
HAP1_chr15	HAP2_chr22	17	1020925	14867839	8800212	0.045080	0.116011	0.144134	False	8148.7304
HAP1_chr15	HAP2_chr22	19	849485	15377188	9060039	0.036014	0.093762	0.140320	False	26649.4712
HAP1_chr15	HAP2_chr22	23	706174	15979423	9392238	0.028630	0.075187	0.125582	False	341915.5964
HAP1_chr15	HAP2_chr21	11	1625813	1855173	1740450	0.825365	0.934134	0.009142	False	69.4575
HAP1_chr15	HAP2_chr21	13	3633060	8874233	6927352	0.298562	0.524451	0.059761	False	1330.5493
HAP1_chr15	HAP2_chr21	15	1865680	13573555	9749738	0.086947	0.191357	0.122179	False	3261.2706
HAP1_chr15	HAP2_chr21	17	1114490	14867839	10481481	0.045987	0.106329	0.143012	False	8139.6959
HAP1_chr15	HAP2_chr21	19	920133	15377188	10776712	0.036464	0.085382	0.139689	False	26463.9371
HAP1_chr15	HAP2_chr21	23	764990	15979423	11129001	0.029039	0.068738	0.124982	False	340266.4685
HAP1_chr15	HAP2_chr23	11	1625905	1855173	1740516	0.825423	0.934151	0.009139	False	69.4833
HAP1_chr15	HAP2_chr23	13	3630555	8874233	6913236	0.298641	0.525160	0.059745	False	1332.8154
HAP1_chr15	HAP2_chr23	15	1875722	13573555	9735989	0.087512	0.192659	0.121781	False	3284.5135
HAP1_chr15	HAP2_chr23	17	1125693	14867839	10491711	0.046451	0.107294	0.142448	False	8218.7299
HAP1_chr15	HAP2_chr23	19	928137	15377188	10813251	0.036740	0.085833	0.139306	False	26649.1849
HAP1_chr15	HAP2_chr23	23	764510	15979423	11210512	0.028931	0.068196	0.125140	False	338814.4390
HAP1_chr15	HAP2_chr24	11	1630350	1855173	1746750	0.826929	0.933362	0.009048	False	68.4986
HAP1_chr15	HAP2_chr24	13	3638670	8874233	6932666	0.299030	0.524859	0.059668	False	1333.1444
HAP1_chr15	HAP2_chr24	15	1891732	13573555	9710842	0.088429	0.194806	0.121143	False	3322.3577
HAP1_chr15	HAP2_chr24	17	1154425	14867839	10421673	0.047832	0.110772	0.140802	False	8461.1312
HAP1_chr15	HAP2_chr24	19	958561	15377188	10707211	0.038150	0.089525	0.137395	False	27660.1756
HAP1_chr15	HAP2_chr24	23	794277	15979423	11048947	0.030277	0.071887	0.123220	False	354570.9522
HAP1_chr15	HAP2_chr25	11	1554579	1855173	1652327	0.796028	0.940842	0.010959	False	76.8447
HAP1_chr15	HAP2_chr25	13	3155678	8874233	5856933	0.272617	0.538794	0.065201	False	1290.9323
HAP1_chr15	HAP2_chr25	15	1551456	13573555	7847891	0.078080	0.197691	0.128803	False	3037.5420
HAP1_chr15	HAP2_chr25	17	926530	14867839	8334301	0.041594	0.111171	0.148671	False	7594.1832
HAP1_chr15	HAP2_chr25	19	765484	15377188	8530821	0.033077	0.089732	0.144648	False	24746.5872
HAP1_chr15	HAP2_chr25	23	632092	15979423	8768493	0.026211	0.072087	0.129318	False	316744.7561
HAP1_chr15	HAP2_chr26	11	1585098	1855173	1692364	0.807718	0.936618	0.010224	False	71.9269
HAP1_chr15	HAP2_chr26	13	3288177	8874233	6190440	0.279215	0.531170	0.063759	False	1290.2952
HAP1_chr15	HAP2_chr26	15	1637181	13573555	8368839	0.080629	0.195628	0.126820	False	3099.2128
HAP1_chr15	HAP2_chr26	17	987425	14867839	8904372	0.043337	0.110892	0.146354	False	7829.6328
HAP1_chr15	HAP2_chr26	19	819788	15377188	9117717	0.034627	0.089912	0.142317	False	25635.0517
HAP1_chr15	HAP2_chr26	23	680681	15979423	9371550	0.027591	0.072633	0.127145	False	329935.8862
HAP1_chr16	HAP1_chr17	11	1705438	1875435	1828536	0.853345	0.932679	0.007494	False	54.9128
HAP1_chr16	HAP1_chr17	13	4197727	9236754	8215644	0.316698	0.510943	0.056291	False	1287.4601
HAP1_chr16	HAP1_chr17	15	2079450	14181284	12154666	0.085728	0.171082	0.123046	False	3103.2759
HAP1_chr16	HAP1_chr17	17	1142673	15402512	13222763	0.041578	0.086417	0.148693	False	7266.9794
HAP1_chr16	HAP1_chr17	19	918047	15797116	13661444	0.032166	0.067200	0.146071	False	23128.0582
HAP1_chr16	HAP1_chr17	23	756305	16206423	14203159	0.025505	0.053249	0.130475	False	295686.8820
HAP1_chr16	HAP1_chr18	11	1651929	1875435	1761652	0.832140	0.937716	0.008736	False	60.9679
HAP1_chr16	HAP1_chr18	13	3707179	9236754	7039081	0.294954	0.526657	0.060482	False	1271.1707
HAP1_chr16	HAP1_chr18	15	1806278	14181284	9893375	0.081114	0.182575	0.126450	False	3022.1683
HAP1_chr16	HAP1_chr18	17	1025521	15402512	10674911	0.040936	0.096068	0.149572	False	7274.0954
HAP1_chr16	HAP1_chr18	19	830298	15797116	11026423	0.031943	0.075301	0.146426	False	23287.3070
HAP1_chr16	HAP1_chr18	23	676570	16206423	11490106	0.025040	0.058883	0.131256	False	294088.9042
HAP1_chr16	HAP1_chr19	11	1649262	1875435	1756593	0.831799	0.938898	0.008756	False	62.5374
HAP1_chr16	HAP1_chr19	13	3768642	9236754	7125681	0.299246	0.528882	0.059625	False	1290.2865
HAP1_chr16	HAP1_chr19	15	1850836	14181284	10112005	0.082470	0.183034	0.125428	False	3064.3600
HAP1_chr16	HAP1_chr19	17	1044387	15402512	10913586	0.041326	0.095696	0.149036	False	7325.9196
HAP1_chr16	HAP1_chr19	19	843893	15797116	11252278	0.032203	0.074998	0.146013	False	23429.7188
HAP1_chr16	HAP1_chr19	23	690188	16206423	11676341	0.025381	0.059110	0.130681	False	297606.1848
HAP1_chr16	HAP1_chr20	11	1611685	1875435	1711472	0.815951	0.941695	0.009715	False	65.5984
HAP1_chr16	HAP1_chr20	13	3477306	9236754	6490457	0.283864	0.535757	0.062768	False	1264.8158
HAP1_chr16	HAP1_chr20	15	1660916	14181284	8988729	0.077219	0.184778	0.129489	False	2921.3246
HAP1_chr16	HAP1_chr20	17	927246	15402512	9665961	0.038409	0.095929	0.153176	False	6911.5748
HAP1_chr16	HAP1_chr20	19	748199	15797116	9964401	0.029912	0.075087	0.149780	False	22074.5693
HAP1_chr16	HAP1_chr20	23	615290	16206423	10349545	0.023719	0.059451	0.133555	False	281804.0178
HAP1_chr16	HAP1_chr21	11	1637262	1875435	1742327	0.826691	0.939698	0.009062	False	63.4000
HAP1_chr16	HAP1_chr21	13	3669775	9236754	6944609	0.293310	0.528435	0.060814	False	1271.5441
HAP1_chr16	HAP1_chr21	15	1745846	14181284	9781299	0.078582	0.178488	0.128407	False	2926.3673
HAP1_chr16	HAP1_chr21	17	950556	15402512	10518678	0.038067	0.090368	0.153684	False	6784.1021
HAP1_chr16	HAP1_chr21	19	758633	15797116	10816829	0.029341	0.070135	0.150764	False	21480.0576
HAP1_chr16	HAP1_chr21	23	618018	16206423	11173336	0.023093	0.055312	0.134691	False	272419.0007
HAP1_chr16	HAP1_chr22	11	1612322	1875435	1704026	0.819628	0.946184	0.009490	False	71.6517
HAP1_chr16	HAP1_chr22	13	3723835	9236754	6405553	0.312442	0.581345	0.057083	False	1476.4258
HAP1_chr16	HAP1_chr22	15	2299084	14181284	8841730	0.110939	0.260026	0.107389	False	4274.0592
HAP1_chr16	HAP1_chr22	17	1590232	15402512	9505777	0.068197	0.167291	0.121069	False	12049.9646
HAP1_chr16	HAP1_chr22	19	1350812	15797116	9805074	0.055700	0.137767	0.118359	False	40204.3462
HAP1_chr16	HAP1_chr22	23	1098439	16206423	10195462	0.043411	0.107738	0.108104	False	506876.2582
HAP1_chr16	HAP1_chr23	11	1646671	1875435	1753511	0.830698	0.939071	0.008822	False	62.7242
HAP1_chr16	HAP1_chr23	13	3724330	9236754	7067544	0.296052	0.526962	0.060261	False	1275.2873
HAP1_chr16	HAP1_chr23	15	1794576	14181284	10003276	0.080151	0.179399	0.127187	False	2977.1085
HAP1_chr16	HAP1_chr23	17	993336	15402512	10789591	0.039420	0.092064	0.151706	False	7002.4634
HAP1_chr16	HAP1_chr23	19	798224	15797116	11123421	0.030557	0.071761	0.148690	False	22288.2229
HAP1_chr16	HAP1_chr23	23	652625	16206423	11537178	0.024090	0.056567	0.132896	False	283101.1872
HAP1_chr16	HAP1_chr24	11	1640179	1875435	1746189	0.827769	0.939291	0.008997	False	62.9003
HAP1_chr16	HAP1_chr24	13	3661319	9236754	6912850	0.293180	0.529640	0.060840	False	1274.6693
HAP1_chr16	HAP1_chr24	15	1764382	14181284	9670718	0.079881	0.182446	0.127395	False	2985.5045
HAP1_chr16	HAP1_chr24	17	985591	15402512	10375760	0.039753	0.094990	0.151229	False	7089.4009
HAP1_chr16	HAP1_chr24	19	793250	15797116	10659044	0.030910	0.074420	0.148103	False	22627.9756
HAP1_chr16	HAP1_chr24	23	644398	16206423	10997536	0.024262	0.058595	0.132594	False	286308.5985
HAP1_chr16	HAP1_chr25	11	1563890	1875435	1652760	0.796154	0.946229	0.010951	False	70.6274
HAP1_chr16	HAP1_chr25	13	3201780	9236754	5875803	0.268814	0.544909	0.066052	False	1245.7225
HAP1_chr16	HAP1_chr25	15	1478955	14181284	7878851	0.071860	0.187712	0.133953	False	2785.7090
HAP1_chr16	HAP1_chr25	17	819291	15402512	8364267	0.035703	0.097951	0.157321	False	6567.4922
HAP1_chr16	HAP1_chr25	19	661151	15797116	8557390	0.027904	0.077261	0.153334	False	21049.8711
HAP1_chr16	HAP1_chr25	23	542803	16206423	8789357	0.022198	0.061757	0.136373	False	269768.8280
HAP1_chr16	HAP1_chr26	11	1590883	1875435	1686479	0.807132	0.943316	0.010260	False	67.3437
HAP1_chr16	HAP1_chr26	13	3306988	9236754	6131968	0.274172	0.539303	0.064858	False	1246.1266
HAP1_chr16	HAP1_chr26	15	1548736	14181284	8274002	0.074079	0.187181	0.132063	False	2845.3127
HAP1_chr16	HAP1_chr26	17	866816	15402512	8799975	0.037146	0.098502	0.155073	False	6774.9611
HAP1_chr16	HAP1_chr26	19	700699	15797116	9008407	0.029069	0.077783	0.151242	False	21743.5917
HAP1_chr16	HAP1_chr26	23	572631	16206423	9253365	0.023009	0.061884	0.134846	False	277365.9170
HAP1_chr16	HAP2_chr01	11	1799231	1875435	1956191	0.885276	0.959367	0.005708	False	37.6929
HAP1_chr16	HAP2_chr01	13	5472889	9236754	11594047	0.356356	0.592512	0.049498	False	1276.9783
HAP1_chr16	HAP2_chr01	15	2973048	14181284	19936069	0.095460	0.209646	0.116471	False	3371.2616
HAP1_chr16	HAP2_chr01	17	1552299	15402512	22404348	0.042817	0.100782	0.147036	False	7544.3353
HAP1_chr16	HAP2_chr01	19	1209164	15797116	23312721	0.031903	0.076543	0.146489	False	23307.2623
HAP1_chr16	HAP2_chr01	23	982883	16206423	24358453	0.024832	0.060648	0.131610	False	293429.2016
HAP1_chr16	HAP2_chr02	11	1791664	1875435	1944775	0.883226	0.955332	0.005819	False	39.8068
HAP1_chr16	HAP2_chr02	13	5331652	9236754	11207989	0.352784	0.577221	0.050071	False	1278.8792
HAP1_chr16	HAP2_chr02	15	2859831	14181284	18930484	0.094534	0.201662	0.117065	False	3337.1005
HAP1_chr16	HAP2_chr02	17	1508168	15402512	21212559	0.042959	0.097917	0.146848	False	7538.0489
HAP1_chr16	HAP2_chr02	19	1186419	15797116	22080660	0.032335	0.075104	0.145804	False	23500.0110
HAP1_chr16	HAP2_chr02	23	971508	16206423	23100878	0.025342	0.059946	0.130746	False	297823.3186
HAP1_chr16	HAP2_chr03	11	1802808	1875435	1963081	0.885593	0.961275	0.005690	False	35.6761
HAP1_chr16	HAP2_chr03	13	5476671	9236754	11634879	0.355744	0.592922	0.049596	False	1270.5682
HAP1_chr16	HAP2_chr03	15	2974371	14181284	19905925	0.095599	0.209739	0.116383	False	3376.7358
HAP1_chr16	HAP2_chr03	17	1571846	15402512	22313308	0.043488	0.102051	0.146158	False	7658.2496
HAP1_chr16	HAP2_chr03	19	1232688	15797116	23191431	0.032649	0.078032	0.145312	False	23824.0319
HAP1_chr16	HAP2_chr03	23	1000335	16206423	24190163	0.025392	0.061725	0.130664	False	299676.4027
HAP1_chr16	HAP2_chr04	11	1786361	1875435	1937260	0.881573	0.952505	0.005910	False	40.9609
HAP1_chr16	HAP2_chr04	13	5231578	9236754	10898284	0.351031	0.566387	0.050354	False	1288.3674
HAP1_chr16	HAP2_chr04	15	2788121	14181284	18070854	0.094628	0.196606	0.117005	False	3344.6242
HAP1_chr16	HAP2_chr04	17	1487928	15402512	20103510	0.043739	0.096603	0.145834	False	7647.0533
HAP1_chr16	HAP2_chr04	19	1172174	15797116	20853426	0.033039	0.074202	0.144706	False	23893.5364
HAP1_chr16	HAP2_chr04	23	952616	16206423	21714248	0.025769	0.058780	0.130039	False	301211.9740
HAP1_chr16	HAP2_chr06	11	1727025	1875435	1856147	0.861549	0.930435	0.007026	False	52.0930
HAP1_chr16	HAP2_chr06	13	4495355	9236754	8915399	0.329166	0.504224	0.054046	False	1302.9282
HAP1_chr16	HAP2_chr06	15	2271538	14181284	13659620	0.088838	0.166296	0.120860	False	3180.9412
HAP1_chr16	HAP2_chr06	17	1224831	15402512	14950852	0.042049	0.081924	0.148056	False	7316.9698
HAP1_chr16	HAP2_chr06	19	972061	15797116	15462891	0.032094	0.062864	0.146186	False	23015.4467
HAP1_chr16	HAP2_chr06	23	789653	16206423	16092268	0.025061	0.049070	0.131219	False	290038.0002
HAP1_chr16	HAP2_chr09	11	1711402	1875435	1835654	0.855835	0.932312	0.007351	False	54.4929
HAP1_chr16	HAP2_chr09	13	4279899	9236754	8400787	0.320408	0.509464	0.055612	False	1293.7151
HAP1_chr16	HAP2_chr09	15	2108970	14181284	12520506	0.085756	0.168441	0.123026	False	3092.1298
HAP1_chr16	HAP2_chr09	17	1134766	15402512	13598702	0.040722	0.083447	0.149868	False	7110.8737
HAP1_chr16	HAP2_chr09	19	903835	15797116	14008836	0.031272	0.064519	0.147509	False	22484.3206
HAP1_chr16	HAP2_chr09	23	741863	16206423	14488605	0.024767	0.051203	0.131719	False	287169.1850
HAP1_chr16	HAP2_chr08	11	1723245	1875435	1850664	0.860395	0.931150	0.007091	False	53.0432
HAP1_chr16	HAP2_chr08	13	4451635	9236754	8796322	0.327773	0.506079	0.054291	False	1304.6865
HAP1_chr16	HAP2_chr08	15	2255434	14181284	13405860	0.089036	0.168242	0.120724	False	3195.1080
HAP1_chr16	HAP2_chr08	17	1229860	15402512	14664144	0.042649	0.083869	0.147257	False	7422.3369
HAP1_chr16	HAP2_chr08	19	981170	15797116	15167024	0.032724	0.064691	0.145194	False	23457.8268
HAP1_chr16	HAP2_chr08	23	798387	16206423	15783256	0.025596	0.050584	0.130323	False	296102.8034
HAP1_chr16	HAP2_chr11	11	1741428	1875435	1875256	0.866700	0.928635	0.006735	False	49.7529
HAP1_chr16	HAP2_chr11	13	4683815	9236754	9396976	0.335759	0.507085	0.052901	False	1303.8547
HAP1_chr16	HAP2_chr11	15	2406958	14181284	14824614	0.090491	0.169728	0.119733	False	3220.6261
HAP1_chr16	HAP2_chr11	17	1284994	15402512	16402565	0.042103	0.083428	0.147984	False	7321.3068
HAP1_chr16	HAP2_chr11	19	1014892	15797116	17052685	0.031880	0.064245	0.146527	False	22879.6783
HAP1_chr16	HAP2_chr11	23	828305	16206423	17855262	0.024924	0.051110	0.131452	False	288824.5960
HAP1_chr16	HAP2_chr12	11	1781020	1875435	1916305	0.885762	0.949657	0.005681	False	51.4193
HAP1_chr16	HAP2_chr12	13	5497268	9236754	10157744	0.395566	0.595152	0.043661	False	1615.3018
HAP1_chr16	HAP2_chr12	15	4025320	14181284	16248346	0.152449	0.283847	0.088644	False	5489.1783
HAP1_chr16	HAP2_chr12	17	2908263	15402512	17907770	0.095660	0.188817	0.102657	False	16050.5659
HAP1_chr16	HAP2_chr12	19	2486492	15797116	18511531	0.078137	0.157402	0.101651	False	53859.2283
HAP1_chr16	HAP2_chr12	23	2021686	16206423	19196363	0.060564	0.124746	0.094335	False	679882.1587
HAP1_chr16	HAP2_chr13	11	1663096	1875435	1773388	0.837525	0.937807	0.008416	False	61.2993
HAP1_chr16	HAP2_chr13	13	3908285	9236754	7463531	0.305526	0.523651	0.058398	False	1293.2841
HAP1_chr16	HAP2_chr13	15	1902757	14181284	10811655	0.082405	0.175991	0.125476	False	3026.1249
HAP1_chr16	HAP2_chr13	17	1029219	15402512	11714892	0.039452	0.087856	0.151660	False	6956.3651
HAP1_chr16	HAP2_chr13	19	817376	15797116	12084487	0.030201	0.067638	0.149288	False	21894.5063
HAP1_chr16	HAP2_chr13	23	665116	16206423	12533334	0.023691	0.053068	0.133606	False	276816.2853
HAP1_chr16	HAP2_chr05	11	1779546	1875435	1927047	0.879685	0.948871	0.006014	False	42.8353
HAP1_chr16	HAP2_chr05	13	5149873	9236754	10709499	0.348050	0.557541	0.050840	False	1282.3542
HAP1_chr16	HAP2_chr05	15	2648434	14181284	17601194	0.090905	0.186756	0.119453	False	3202.2854
HAP1_chr16	HAP2_chr05	17	1337049	15402512	19429478	0.039918	0.086807	0.150996	False	6976.6942
HAP1_chr16	HAP2_chr05	19	1023602	15797116	20016096	0.029423	0.064797	0.150623	False	21292.6758
HAP1_chr16	HAP2_chr05	23	815163	16206423	20608717	0.022643	0.050299	0.135527	False	264572.8290
HAP1_chr16	HAP2_chr10	11	1756078	1875435	1895187	0.871700	0.936358	0.006455	False	47.0527
HAP1_chr16	HAP2_chr10	13	4803395	9236754	9712491	0.339562	0.520031	0.052253	False	1302.5162
HAP1_chr16	HAP2_chr10	15	2487691	14181284	15325642	0.092071	0.175421	0.118675	False	3273.6310
HAP1_chr16	HAP2_chr10	17	1344820	15402512	16850568	0.043510	0.087312	0.146130	False	7562.8816
HAP1_chr16	HAP2_chr10	19	1068785	15797116	17412284	0.033253	0.067657	0.144377	False	23845.9426
HAP1_chr16	HAP2_chr10	23	874252	16206423	18052398	0.026187	0.053945	0.129356	False	303177.0838
HAP1_chr16	HAP2_chr14	11	1739701	1875435	1872511	0.866279	0.929074	0.006759	False	50.3518
HAP1_chr16	HAP2_chr14	13	4646261	9236754	9287321	0.334798	0.503019	0.053066	False	1306.9210
HAP1_chr16	HAP2_chr14	15	2373922	14181284	14504228	0.090223	0.167398	0.119913	False	3216.3023
HAP1_chr16	HAP2_chr14	17	1271403	15402512	15955961	0.042257	0.082545	0.147777	False	7347.4444
HAP1_chr16	HAP2_chr14	19	1007933	15797116	16521915	0.032191	0.063805	0.146032	False	23085.9886
HAP1_chr16	HAP2_chr14	23	823598	16206423	17192812	0.025283	0.050819	0.130846	False	292663.7733
HAP1_chr16	HAP2_chr15	11	1686138	1875435	1801610	0.846920	0.935906	0.007866	False	59.0870
HAP1_chr16	HAP2_chr15	13	4133228	9236754	7922995	0.317293	0.521675	0.056182	False	1321.8967
HAP1_chr16	HAP2_chr15	15	2118156	14181284	11716993	0.089073	0.180776	0.120699	False	3251.0589
HAP1_chr16	HAP2_chr15	17	1201734	15402512	12776868	0.044546	0.094055	0.144805	False	7788.1785
HAP1_chr16	HAP2_chr15	19	967992	15797116	13220548	0.034510	0.073219	0.142489	False	24793.0960
HAP1_chr16	HAP2_chr15	23	787789	16206423	13763461	0.026996	0.057238	0.128068	False	312877.1929
HAP1_chr16	HAP2_chr18	11	1646179	1875435	1754152	0.829975	0.938447	0.008865	False	61.8623
HAP1_chr16	HAP2_chr18	13	3668757	9236754	6943926	0.293221	0.528340	0.060832	False	1271.0063
HAP1_chr16	HAP2_chr18	15	1784379	14181284	9721359	0.080674	0.183552	0.126785	False	3014.5404
HAP1_chr16	HAP2_chr18	17	1013438	15402512	10474208	0.040760	0.096756	0.149815	False	7257.9140
HAP1_chr16	HAP2_chr18	19	820309	15797116	10808975	0.031812	0.075891	0.146635	False	23237.6919
HAP1_chr16	HAP2_chr18	23	667677	16206423	11244443	0.024929	0.059378	0.131444	False	293376.5457
HAP1_chr16	HAP2_chr16	11	1865703	1875435	1875396	0.989696	0.994831	0.000472	False	145.6168
HAP1_chr16	HAP2_chr16	13	9034525	9236754	9231562	0.957677	0.978656	0.001681	False	4073.2636
HAP1_chr16	HAP2_chr16	15	13726917	14181284	14170650	0.938592	0.968686	0.002146	False	21824.6973
HAP1_chr16	HAP2_chr16	17	14829425	15402512	15390938	0.928928	0.963517	0.002208	False	89100.8712
HAP1_chr16	HAP2_chr16	19	15148619	15797116	15784249	0.921856	0.959730	0.002185	False	355610.9147
HAP1_chr16	HAP2_chr16	23	15435955	16206423	16190750	0.910073	0.953381	0.002097	False	5652377.0957
HAP1_chr16	HAP2_chr17	11	1706868	1875435	1830609	0.853786	0.932404	0.007469	False	54.5505
HAP1_chr16	HAP2_chr17	13	4204392	9236754	8240648	0.316763	0.510202	0.056279	False	1285.3606
HAP1_chr16	HAP2_chr17	15	2077819	14181284	12197774	0.085503	0.170344	0.123207	False	3092.9080
HAP1_chr16	HAP2_chr17	17	1137376	15402512	13269618	0.041307	0.085713	0.149062	False	7219.2536
HAP1_chr16	HAP2_chr17	19	912206	15797116	13709289	0.031902	0.066539	0.146492	False	22940.3812
HAP1_chr16	HAP2_chr17	23	749892	16206423	14252006	0.025242	0.052617	0.130915	False	292676.7594
HAP1_chr16	HAP2_chr07	11	1651175	1875435	1758901	0.832598	0.938754	0.008708	False	62.3760
HAP1_chr16	HAP2_chr07	13	3813254	9236754	7240106	0.301119	0.526685	0.059256	False	1289.3387
HAP1_chr16	HAP2_chr07	15	1878808	14181284	10421927	0.082678	0.180275	0.125273	False	3056.1624
HAP1_chr16	HAP2_chr07	17	1047076	15402512	11338838	0.040751	0.092344	0.149827	False	7200.7419
HAP1_chr16	HAP2_chr07	19	842048	15797116	11754937	0.031526	0.071634	0.147097	False	22871.5347
HAP1_chr16	HAP2_chr07	23	690116	16206423	12293816	0.024815	0.056135	0.131637	False	290005.6745
HAP1_chr16	HAP2_chr19	11	1602815	1875435	1700238	0.812433	0.942700	0.009931	False	66.7687
HAP1_chr16	HAP2_chr19	13	3425881	9236754	6349723	0.281720	0.539532	0.063223	False	1269.1615
HAP1_chr16	HAP2_chr19	15	1654515	14181284	8710089	0.077908	0.189954	0.128940	False	2969.6838
HAP1_chr16	HAP2_chr19	17	945068	15402512	9328904	0.039732	0.101305	0.151260	False	7177.7960
HAP1_chr16	HAP2_chr19	19	768337	15797116	9592131	0.031207	0.080101	0.147616	False	23106.6285
HAP1_chr16	HAP2_chr19	23	631206	16206423	9920765	0.024757	0.063625	0.131737	False	295275.0220
HAP1_chr16	HAP2_chr20	11	1608527	1875435	1707604	0.814645	0.941979	0.009795	False	65.9163
HAP1_chr16	HAP2_chr20	13	3458485	9236754	6447496	0.282885	0.536407	0.062975	False	1263.7722
HAP1_chr16	HAP2_chr20	15	1648986	14181284	8910664	0.076901	0.185058	0.129745	False	2913.7535
HAP1_chr16	HAP2_chr20	17	920727	15402512	9575366	0.038272	0.096156	0.153379	False	6895.6826
HAP1_chr16	HAP2_chr20	19	743297	15797116	9867294	0.029826	0.075329	0.149927	False	22037.6966
HAP1_chr16	HAP2_chr20	23	611663	16206423	10242168	0.023674	0.059720	0.133636	False	281607.5087
HAP1_chr16	HAP2_chr22	11	1584323	1875435	1670517	0.807657	0.948403	0.010227	False	73.9764
HAP1_chr16	HAP2_chr22	13	3545683	9236754	6040646	0.302231	0.586971	0.059038	False	1460.1099
HAP1_chr16	HAP2_chr22	15	2159728	14181284	8216329	0.106717	0.262858	0.109722	False	4170.0679
HAP1_chr16	HAP2_chr22	17	1487523	15402512	8800212	0.065486	0.169033	0.123306	False	11716.1438
HAP1_chr16	HAP2_chr22	19	1260387	15797116	9060039	0.053414	0.139115	0.120452	False	39025.2710
HAP1_chr16	HAP2_chr22	23	1020306	16206423	9392238	0.041512	0.108633	0.109969	False	490541.0676
HAP1_chr16	HAP2_chr21	11	1635804	1875435	1740450	0.826130	0.939874	0.009096	False	63.6109
HAP1_chr16	HAP2_chr21	13	3664052	9236754	6927352	0.293123	0.528925	0.060852	False	1272.4226
HAP1_chr16	HAP2_chr21	15	1743549	14181284	9749738	0.078583	0.178830	0.128407	False	2928.2165
HAP1_chr16	HAP2_chr21	17	949625	15402512	10481481	0.038085	0.090600	0.153657	False	6789.8247
HAP1_chr16	HAP2_chr21	19	758137	15797116	10776712	0.029367	0.070350	0.150720	False	21506.0389
HAP1_chr16	HAP2_chr21	23	617648	16206423	11129001	0.023117	0.055499	0.134647	False	272797.6732
HAP1_chr16	HAP2_chr23	11	1636207	1875435	1740516	0.826474	0.940070	0.009075	False	63.8854
HAP1_chr16	HAP2_chr23	13	3660659	9236754	6913236	0.293103	0.529515	0.060856	False	1274.0783
HAP1_chr16	HAP2_chr23	15	1760214	14181284	9735989	0.079443	0.180795	0.127735	False	2963.8614
HAP1_chr16	HAP2_chr23	17	974376	15402512	10491711	0.039100	0.092871	0.152167	False	6966.8348
HAP1_chr16	HAP2_chr23	19	781755	15797116	10813251	0.030267	0.072296	0.149177	False	22139.4860
HAP1_chr16	HAP2_chr23	23	636362	16206423	11210512	0.023762	0.056765	0.133478	False	280039.5090
HAP1_chr16	HAP2_chr24	11	1640700	1875435	1746750	0.828015	0.939287	0.008982	False	62.9057
HAP1_chr16	HAP2_chr24	13	3671123	9236754	6932666	0.293730	0.529540	0.060729	False	1275.9945
HAP1_chr16	HAP2_chr24	15	1768782	14181284	9710842	0.079951	0.182145	0.127341	False	2985.9252
HAP1_chr16	HAP2_chr24	17	986770	15402512	10421673	0.039729	0.094684	0.151264	False	7081.7898
HAP1_chr16	HAP2_chr24	19	793978	15797116	10707211	0.030882	0.074154	0.148151	False	22597.6157
HAP1_chr16	HAP2_chr24	23	645338	16206423	11048947	0.024252	0.058407	0.132612	False	286058.3874
HAP1_chr16	HAP2_chr25	11	1563392	1875435	1652327	0.795875	0.946176	0.010969	False	70.5455
HAP1_chr16	HAP2_chr25	13	3189589	9236754	5856933	0.267940	0.544583	0.066249	False	1242.2175
HAP1_chr16	HAP2_chr25	15	1469221	14181284	7847891	0.071460	0.187212	0.134299	False	2771.6153
HAP1_chr16	HAP2_chr25	17	810748	15402512	8334301	0.035364	0.097278	0.157863	False	6509.8443
HAP1_chr16	HAP2_chr25	19	651467	15797116	8530821	0.027515	0.076366	0.154053	False	20773.4616
HAP1_chr16	HAP2_chr25	23	530664	16206423	8768493	0.021709	0.060519	0.137320	False	264049.3839
HAP1_chr16	HAP2_chr26	11	1595742	1875435	1692364	0.809176	0.942907	0.010133	False	66.8983
HAP1_chr16	HAP2_chr26	13	3332819	9236754	6190440	0.275568	0.538382	0.064551	False	1247.6849
HAP1_chr16	HAP2_chr26	15	1564206	14181284	8368839	0.074536	0.186908	0.131681	False	2856.7199
HAP1_chr16	HAP2_chr26	17	878002	15402512	8904372	0.037475	0.098603	0.154572	False	6822.1732
HAP1_chr16	HAP2_chr26	19	711576	15797116	9117717	0.029400	0.078043	0.150663	False	21948.4659
HAP1_chr16	HAP2_chr26	23	583453	16206423	9371550	0.023343	0.062258	0.134234	False	280820.1508
HAP1_chr17	HAP1_chr18	11	1623315	1828536	1761652	0.825328	0.921473	0.009144	False	70.4446
HAP1_chr17	HAP1_chr18	13	3460436	8215644	7039081	0.293399	0.491603	0.060796	False	1323.0722
HAP1_chr17	HAP1_chr18	15	1785239	12154666	9893375	0.088104	0.180448	0.121368	False	3298.8680
HAP1_chr17	HAP1_chr18	17	1119716	13222763	10674911	0.049158	0.104892	0.139268	False	8606.7446
HAP1_chr17	HAP1_chr18	19	946868	13661444	11026423	0.039883	0.085873	0.135145	False	28567.7300
HAP1_chr17	HAP1_chr18	23	800437	14203159	11490106	0.032155	0.069663	0.120682	False	371659.3383
HAP1_chr17	HAP1_chr19	11	1620119	1828536	1756593	0.824484	0.922308	0.009195	False	71.5278
HAP1_chr17	HAP1_chr19	13	3499397	8215644	7125681	0.295509	0.491097	0.060370	False	1328.4516
HAP1_chr17	HAP1_chr19	15	1790337	12154666	10112005	0.087434	0.177051	0.121836	False	3263.3208
HAP1_chr17	HAP1_chr19	17	1100568	13222763	10913586	0.047776	0.100844	0.140867	False	8361.5454
HAP1_chr17	HAP1_chr19	19	923985	13661444	11252278	0.038516	0.082115	0.136912	False	27594.6749
HAP1_chr17	HAP1_chr19	23	779699	14203159	11676341	0.031064	0.066776	0.122137	False	359131.4135
HAP1_chr17	HAP1_chr20	11	1584883	1828536	1711472	0.810630	0.926035	0.010043	False	75.8254
HAP1_chr17	HAP1_chr20	13	3264967	8215644	6490457	0.285371	0.503041	0.062451	False	1329.3554
HAP1_chr17	HAP1_chr20	15	1685773	12154666	8988729	0.086638	0.187543	0.122397	False	3285.8029
HAP1_chr17	HAP1_chr20	17	1061089	13222763	9665961	0.048612	0.109776	0.139894	False	8576.8955
HAP1_chr17	HAP1_chr20	19	895043	13661444	9964401	0.039376	0.089824	0.135794	False	28408.2224
HAP1_chr17	HAP1_chr20	23	751410	14203159	10349545	0.031570	0.072603	0.121456	False	367617.6506
HAP1_chr17	HAP1_chr21	11	1609211	1828536	1742327	0.820335	0.923599	0.009447	False	73.0619
HAP1_chr17	HAP1_chr21	13	3433730	8215644	6944609	0.292817	0.494445	0.060914	False	1329.2995
HAP1_chr17	HAP1_chr21	15	1758067	12154666	9781299	0.087128	0.179738	0.122051	False	3265.3644
HAP1_chr17	HAP1_chr21	17	1080043	13222763	10518678	0.047660	0.102679	0.141004	False	8360.5366
HAP1_chr17	HAP1_chr21	19	901255	13661444	10816829	0.038226	0.083320	0.137295	False	27452.7529
HAP1_chr17	HAP1_chr21	23	749646	14203159	11173336	0.030440	0.067092	0.122993	False	352975.5418
HAP1_chr17	HAP1_chr22	11	1579209	1828536	1704026	0.808461	0.926752	0.010177	False	76.6622
HAP1_chr17	HAP1_chr22	13	3234720	8215644	6405553	0.284084	0.504987	0.062722	False	1330.5838
HAP1_chr17	HAP1_chr22	15	1670541	12154666	8841730	0.086441	0.188938	0.122537	False	3286.3981
HAP1_chr17	HAP1_chr22	17	1052635	13222763	9505777	0.048562	0.110736	0.139952	False	8581.0096
HAP1_chr17	HAP1_chr22	19	886099	13661444	9805074	0.039242	0.090371	0.135966	False	28352.1162
HAP1_chr17	HAP1_chr22	23	739112	14203159	10195462	0.031240	0.072494	0.121899	False	364323.1833
HAP1_chr17	HAP1_chr23	11	1618195	1828536	1753511	0.823990	0.922831	0.009225	False	72.2078
HAP1_chr17	HAP1_chr23	13	3489765	8215644	7067544	0.295908	0.493773	0.060290	False	1337.4031
HAP1_chr17	HAP1_chr23	15	1806800	12154666	10003276	0.088781	0.180621	0.120899	False	3320.7746
HAP1_chr17	HAP1_chr23	17	1122518	13222763	10789591	0.049040	0.104037	0.139403	False	8581.2551
HAP1_chr17	HAP1_chr23	19	939264	13661444	11123421	0.039389	0.084440	0.135776	False	28213.9290
HAP1_chr17	HAP1_chr23	23	781075	14203159	11537178	0.031294	0.067701	0.121826	False	361928.4970
HAP1_chr17	HAP1_chr24	11	1611746	1828536	1746189	0.821071	0.923008	0.009402	False	72.3065
HAP1_chr17	HAP1_chr24	13	3411181	8215644	6912850	0.291123	0.493455	0.061260	False	1320.9944
HAP1_chr17	HAP1_chr24	15	1723816	12154666	9670718	0.085755	0.178251	0.123026	False	3216.1315
HAP1_chr17	HAP1_chr24	17	1057179	13222763	10375760	0.046900	0.101889	0.141908	False	8238.7448
HAP1_chr17	HAP1_chr24	19	885842	13661444	10659044	0.037801	0.083107	0.137863	False	27182.1628
HAP1_chr17	HAP1_chr24	23	742521	14203159	10997536	0.030359	0.067517	0.123106	False	352404.0380
HAP1_chr17	HAP1_chr25	11	1539070	1828536	1652760	0.792426	0.931212	0.011189	False	81.6411
HAP1_chr17	HAP1_chr25	13	2995471	8215644	5875803	0.269960	0.509798	0.065794	False	1297.9432
HAP1_chr17	HAP1_chr25	15	1465058	12154666	7878851	0.078900	0.185948	0.128158	False	3046.5146
HAP1_chr17	HAP1_chr25	17	894738	13222763	8364267	0.043240	0.106971	0.146481	False	7771.7856
HAP1_chr17	HAP1_chr25	19	748805	13661444	8557390	0.034877	0.087504	0.141951	False	25645.4942
HAP1_chr17	HAP1_chr25	23	626226	14203159	8789357	0.027999	0.071248	0.126525	False	332454.7252
HAP1_chr17	HAP1_chr26	11	1564192	1828536	1686479	0.801811	0.927490	0.010593	False	77.2929
HAP1_chr17	HAP1_chr26	13	3078639	8215644	6131968	0.273196	0.502064	0.065073	False	1287.2304
HAP1_chr17	HAP1_chr26	15	1508676	12154666	8274002	0.079740	0.182339	0.127504	False	3052.9859
HAP1_chr17	HAP1_chr26	17	925599	13222763	8799975	0.043873	0.105182	0.145661	False	7836.3376
HAP1_chr17	HAP1_chr26	19	777696	13661444	9008407	0.035524	0.086330	0.141016	False	25959.2505
HAP1_chr17	HAP1_chr26	23	654285	14203159	9253365	0.028694	0.070708	0.125488	False	338529.9256
HAP1_chr17	HAP2_chr01	11	1760329	1828536	1956191	0.869557	0.962699	0.006575	False	41.8828
HAP1_chr17	HAP2_chr01	13	5035115	8215644	11594047	0.340796	0.612869	0.052045	False	1303.5918
HAP1_chr17	HAP2_chr01	15	2900627	12154666	19936069	0.099370	0.238643	0.114033	False	3645.7065
HAP1_chr17	HAP2_chr01	17	1722468	13222763	22404348	0.050803	0.130265	0.137424	False	9089.3961
HAP1_chr17	HAP2_chr01	19	1420591	13661444	23312721	0.039956	0.103985	0.135053	False	29462.5401
HAP1_chr17	HAP2_chr01	23	1189646	14203159	24358453	0.031833	0.083759	0.121107	False	379377.6444
HAP1_chr17	HAP2_chr02	11	1754029	1828536	1944775	0.868640	0.959253	0.006626	False	44.8114
HAP1_chr17	HAP2_chr02	13	4925133	8215644	11207989	0.339699	0.599482	0.052230	False	1316.5217
HAP1_chr17	HAP2_chr02	15	2824025	12154666	18930484	0.099926	0.232341	0.113695	False	3659.0491
HAP1_chr17	HAP2_chr02	17	1698678	13222763	21212559	0.051889	0.128466	0.136240	False	9219.7418
HAP1_chr17	HAP2_chr02	19	1407564	13661444	22080660	0.040996	0.103032	0.133754	False	29997.9113
HAP1_chr17	HAP2_chr02	23	1179133	14203159	23100878	0.032640	0.083019	0.120051	False	386124.6646
HAP1_chr17	HAP2_chr03	11	1768821	1828536	1963081	0.874444	0.967343	0.006303	False	43.7083
HAP1_chr17	HAP2_chr03	13	5320467	8215644	11634879	0.366170	0.647602	0.047963	False	1464.4441
HAP1_chr17	HAP2_chr03	15	3647788	12154666	19905925	0.128385	0.300114	0.098691	False	4762.4601
HAP1_chr17	HAP2_chr03	17	2511773	13222763	22313308	0.076058	0.189958	0.115083	False	13367.5688
HAP1_chr17	HAP2_chr03	19	2136175	13661444	23191431	0.061532	0.156365	0.113409	False	44443.7559
HAP1_chr17	HAP2_chr03	23	1760012	14203159	24190163	0.048044	0.123917	0.103888	False	563217.6419
HAP1_chr17	HAP2_chr04	11	1748265	1828536	1937260	0.866537	0.956101	0.006744	False	45.5049
HAP1_chr17	HAP2_chr04	13	4812788	8215644	10898284	0.336532	0.585808	0.052769	False	1312.7433
HAP1_chr17	HAP2_chr04	15	2680191	12154666	18070854	0.097301	0.220507	0.115310	False	3550.6233
HAP1_chr17	HAP2_chr04	17	1586199	13222763	20103510	0.049975	0.119960	0.138345	False	8840.9499
HAP1_chr17	HAP2_chr04	19	1311351	13661444	20853426	0.039494	0.095989	0.135641	False	28757.4144
HAP1_chr17	HAP2_chr04	23	1102168	14203159	21714248	0.031658	0.077600	0.121339	False	372266.8590
HAP1_chr17	HAP2_chr06	11	1694130	1828536	1856147	0.851085	0.926495	0.007624	False	59.5282
HAP1_chr17	HAP2_chr06	13	4159052	8215644	8915399	0.320618	0.506236	0.055574	False	1337.5363
HAP1_chr17	HAP2_chr06	15	2193468	12154666	13659620	0.092862	0.180463	0.118153	False	3388.2459
HAP1_chr17	HAP2_chr06	17	1306357	13222763	14950852	0.048623	0.098796	0.139882	False	8459.4764
HAP1_chr17	HAP2_chr06	19	1085134	13661444	15462891	0.038701	0.079430	0.136670	False	27639.4285
HAP1_chr17	HAP2_chr06	23	913385	14203159	16092268	0.031087	0.064309	0.122106	False	358364.1738
HAP1_chr17	HAP2_chr09	11	1678836	1828536	1835654	0.845610	0.918131	0.007942	False	61.8943
HAP1_chr17	HAP2_chr09	13	3974987	8215644	8400787	0.314441	0.483831	0.056709	False	1337.4084
HAP1_chr17	HAP2_chr09	15	2092031	12154666	12520506	0.092637	0.172118	0.118301	False	3396.9373
HAP1_chr17	HAP2_chr09	17	1270484	13222763	13598702	0.049723	0.096083	0.138627	False	8636.5264
HAP1_chr17	HAP2_chr09	19	1058827	13661444	14008836	0.039788	0.077505	0.135266	False	28337.3396
HAP1_chr17	HAP2_chr09	23	886619	14203159	14488605	0.031887	0.062424	0.121035	False	366609.1590
HAP1_chr17	HAP2_chr08	11	1695497	1828536	1850664	0.854713	0.927243	0.007416	False	64.4559
HAP1_chr17	HAP2_chr08	13	4366903	8215644	8796322	0.345345	0.531535	0.051286	False	1508.0558
HAP1_chr17	HAP2_chr08	15	2787544	12154666	13405860	0.122406	0.229339	0.101516	False	4508.9379
HAP1_chr17	HAP2_chr08	17	1942155	13222763	14664144	0.074857	0.146880	0.115954	False	12776.5069
HAP1_chr17	HAP2_chr08	19	1667807	13661444	15167024	0.061405	0.122081	0.113511	False	42915.0346
HAP1_chr17	HAP2_chr08	23	1385601	14203159	15783256	0.048446	0.097556	0.103542	False	548934.2373
HAP1_chr17	HAP2_chr11	11	1707464	1828536	1875256	0.855302	0.933787	0.007382	False	56.6219
HAP1_chr17	HAP2_chr11	13	4356325	8215644	9396976	0.328623	0.530248	0.054142	False	1355.1325
HAP1_chr17	HAP2_chr11	15	2406888	12154666	14824614	0.097951	0.198022	0.114906	False	3575.2516
HAP1_chr17	HAP2_chr11	17	1464796	13222763	16402565	0.052016	0.110778	0.136104	False	9059.4908
HAP1_chr17	HAP2_chr11	19	1217228	13661444	17052685	0.041266	0.089100	0.133421	False	29524.1207
HAP1_chr17	HAP2_chr11	23	1014567	14203159	17855262	0.032682	0.071432	0.119998	False	377900.0604
HAP1_chr17	HAP2_chr12	11	1734308	1828536	1916305	0.862611	0.948468	0.006966	False	49.0904
HAP1_chr17	HAP2_chr12	13	4567796	8215644	10157744	0.330866	0.555988	0.053748	False	1319.3780
HAP1_chr17	HAP2_chr12	15	2500366	12154666	16248346	0.096529	0.205712	0.115794	False	3516.0023
HAP1_chr17	HAP2_chr12	17	1497781	13222763	17907770	0.050545	0.113273	0.137709	False	8855.1091
HAP1_chr17	HAP2_chr12	19	1242262	13661444	18511531	0.040163	0.090932	0.134792	False	28917.1103
HAP1_chr17	HAP2_chr12	23	1041217	14203159	19196363	0.032178	0.073309	0.120652	False	374033.9031
HAP1_chr17	HAP2_chr13	11	1633646	1828536	1773388	0.829987	0.921201	0.008864	False	70.2901
HAP1_chr17	HAP2_chr13	13	3646874	8215644	7463531	0.303090	0.488626	0.058870	False	1345.9390
HAP1_chr17	HAP2_chr13	15	1903505	12154666	10811655	0.090373	0.176060	0.119812	False	3352.6891
HAP1_chr17	HAP2_chr13	17	1163143	13222763	11714892	0.048924	0.099288	0.139536	False	8527.3059
HAP1_chr17	HAP2_chr13	19	968735	13661444	12084487	0.039098	0.080164	0.136152	False	27916.3512
HAP1_chr17	HAP2_chr13	23	806897	14203159	12533334	0.031119	0.064380	0.122063	False	358727.3580
HAP1_chr17	HAP2_chr05	11	1741107	1828536	1927047	0.864298	0.952186	0.006870	False	46.9730
HAP1_chr17	HAP2_chr05	13	4699411	8215644	10709499	0.330346	0.572008	0.053839	False	1282.7925
HAP1_chr17	HAP2_chr05	15	2448504	12154666	17601194	0.089665	0.201446	0.120293	False	3247.5033
HAP1_chr17	HAP2_chr05	17	1329346	13222763	19429478	0.042440	0.100535	0.147534	False	7513.7835
HAP1_chr17	HAP2_chr05	19	1058436	13661444	20016096	0.032448	0.077476	0.145626	False	23684.5095
HAP1_chr17	HAP2_chr05	23	869013	14203159	20608717	0.025602	0.061184	0.130313	False	301286.0793
HAP1_chr17	HAP2_chr10	11	1720183	1828536	1895187	0.858572	0.940743	0.007195	False	52.6990
HAP1_chr17	HAP2_chr10	13	4414088	8215644	9712491	0.326630	0.537278	0.054494	False	1320.3015
HAP1_chr17	HAP2_chr10	15	2354078	12154666	15325642	0.093690	0.193677	0.117612	False	3407.4135
HAP1_chr17	HAP2_chr10	17	1378024	13222763	16850568	0.048023	0.104216	0.140579	False	8395.1926
HAP1_chr17	HAP2_chr10	19	1134261	13661444	17412284	0.037885	0.083026	0.137749	False	27222.5337
HAP1_chr17	HAP2_chr10	23	948113	14203159	18052398	0.030284	0.066754	0.123210	False	351213.9370
HAP1_chr17	HAP2_chr14	11	1705603	1828536	1872511	0.854749	0.932770	0.007414	False	57.0801
HAP1_chr17	HAP2_chr14	13	4310061	8215644	9287321	0.326695	0.524616	0.054482	False	1350.2337
HAP1_chr17	HAP2_chr14	15	2348326	12154666	14504228	0.096597	0.193204	0.115752	False	3524.9854
HAP1_chr17	HAP2_chr14	17	1418897	13222763	15955961	0.051113	0.107307	0.137083	False	8896.9186
HAP1_chr17	HAP2_chr14	19	1175644	13661444	16521915	0.040529	0.086056	0.134333	False	28969.7774
HAP1_chr17	HAP2_chr14	23	976779	14203159	17192812	0.032111	0.068772	0.120740	False	370767.9614
HAP1_chr17	HAP2_chr15	11	1655269	1828536	1801610	0.838163	0.918772	0.008378	False	67.3564
HAP1_chr17	HAP2_chr15	13	3827281	8215644	7922995	0.310874	0.483060	0.057378	False	1355.0871
HAP1_chr17	HAP2_chr15	15	2032913	12154666	11716993	0.093087	0.173501	0.118005	False	3432.0193
HAP1_chr17	HAP2_chr15	17	1250269	13222763	12776868	0.050517	0.097854	0.137740	False	8774.8345
HAP1_chr17	HAP2_chr15	19	1045567	13661444	13220548	0.040469	0.079087	0.134408	False	28806.3059
HAP1_chr17	HAP2_chr15	23	877434	14203159	13763461	0.032391	0.063751	0.120375	False	372246.2306
HAP1_chr17	HAP2_chr18	11	1617589	1828536	1754152	0.823159	0.922149	0.009275	False	71.2527
HAP1_chr17	HAP2_chr18	13	3420353	8215644	6943926	0.291361	0.492568	0.061211	False	1319.2340
HAP1_chr17	HAP2_chr18	15	1754221	12154666	9721359	0.087180	0.180450	0.122015	False	3270.1103
HAP1_chr17	HAP2_chr18	17	1096047	13222763	10474208	0.048496	0.104642	0.140029	False	8504.8430
HAP1_chr17	HAP2_chr18	19	925212	13661444	10808975	0.039295	0.085597	0.135897	False	28193.6299
HAP1_chr17	HAP2_chr18	23	781263	14203159	11244443	0.031673	0.069480	0.121318	False	366697.7018
HAP1_chr17	HAP2_chr16	11	1705392	1828536	1875396	0.853319	0.932654	0.007496	False	54.9040
HAP1_chr17	HAP2_chr16	13	4192288	8215644	9231562	0.316282	0.510281	0.056368	False	1285.0499
HAP1_chr17	HAP2_chr16	15	2071125	12154666	14170650	0.085392	0.170398	0.123286	False	3090.1673
HAP1_chr17	HAP2_chr16	17	1133995	13222763	15390938	0.041267	0.085761	0.149117	False	7213.4476
HAP1_chr17	HAP2_chr16	19	909563	13661444	15784249	0.031874	0.066579	0.146536	False	22923.3273
HAP1_chr17	HAP2_chr16	23	747796	14203159	16190750	0.025224	0.052650	0.130944	False	292501.6272
HAP1_chr17	HAP2_chr17	11	1812130	1828536	1830609	0.981113	0.991028	0.000871	False	170.9670
HAP1_chr17	HAP2_chr17	13	7920574	8215644	8240648	0.927933	0.964084	0.002931	False	4155.6424
HAP1_chr17	HAP2_chr17	15	11531362	12154666	12197774	0.899407	0.948719	0.003628	False	21417.8858
HAP1_chr17	HAP2_chr17	17	12447290	13222763	13269618	0.886238	0.941353	0.003659	False	86949.3109
HAP1_chr17	HAP2_chr17	19	12786368	13661444	13709289	0.876717	0.935946	0.003576	False	346337.9349
HAP1_chr17	HAP2_chr17	23	13161646	14203159	14252006	0.860603	0.926670	0.003386	False	5487246.1897
HAP1_chr17	HAP2_chr07	11	1622963	1828536	1758901	0.826157	0.922714	0.009094	False	72.1523
HAP1_chr17	HAP2_chr07	13	3576541	8215644	7240106	0.301076	0.493990	0.059264	False	1354.8105
HAP1_chr17	HAP2_chr07	15	1902980	12154666	10421927	0.092049	0.182594	0.118690	False	3431.8844
HAP1_chr17	HAP2_chr07	17	1195898	13222763	11338838	0.051182	0.105469	0.137008	False	8919.8676
HAP1_chr17	HAP2_chr07	19	1003690	13661444	11754937	0.041113	0.085385	0.133609	False	29328.5225
HAP1_chr17	HAP2_chr07	23	836255	14203159	12293816	0.032589	0.068022	0.120118	False	375383.5384
HAP1_chr17	HAP2_chr19	11	1576045	1828536	1700238	0.807099	0.926956	0.010262	False	76.8616
HAP1_chr17	HAP2_chr19	13	3186970	8215644	6349723	0.280090	0.501907	0.063571	False	1309.0880
HAP1_chr17	HAP2_chr19	15	1597410	12154666	8710089	0.082908	0.183398	0.125102	False	3153.1663
HAP1_chr17	HAP2_chr19	17	987742	13222763	9328904	0.045805	0.105880	0.143235	False	8122.7240
HAP1_chr17	HAP2_chr19	19	831480	13661444	9592131	0.037083	0.086684	0.138835	False	26896.9219
HAP1_chr17	HAP2_chr19	23	702715	14203159	9920765	0.030003	0.070833	0.123603	False	351145.0865
HAP1_chr17	HAP2_chr20	11	1581840	1828536	1707604	0.809415	0.926351	0.010118	False	76.1813
HAP1_chr17	HAP2_chr20	13	3246780	8215644	6447496	0.284397	0.503572	0.062656	False	1327.6738
HAP1_chr17	HAP2_chr20	15	1672117	12154666	8910664	0.086222	0.187653	0.122693	False	3273.6956
HAP1_chr17	HAP2_chr20	17	1050861	13222763	9575366	0.048322	0.109746	0.140231	False	8534.2772
HAP1_chr17	HAP2_chr20	19	886017	13661444	9867294	0.039130	0.089793	0.136110	False	28259.7693
HAP1_chr17	HAP2_chr20	23	743559	14203159	10242168	0.031371	0.072598	0.121722	False	365678.5618
HAP1_chr17	HAP2_chr22	11	1552706	1828536	1670517	0.797754	0.929476	0.010850	False	79.6760
HAP1_chr17	HAP2_chr22	13	3087225	8215644	6040646	0.276409	0.511075	0.064368	False	1322.3697
HAP1_chr17	HAP2_chr22	15	1579701	12154666	8216329	0.084066	0.192264	0.124249	False	3231.3876
HAP1_chr17	HAP2_chr22	17	995027	13222763	8800212	0.047319	0.113069	0.141407	False	8432.7447
HAP1_chr17	HAP2_chr22	19	835934	13661444	9060039	0.038196	0.092266	0.137335	False	27825.6582
HAP1_chr17	HAP2_chr22	23	694917	14203159	9392238	0.030345	0.073988	0.123125	False	356885.1276
HAP1_chr17	HAP2_chr21	11	1607694	1828536	1740450	0.819712	0.923723	0.009485	False	73.1984
HAP1_chr17	HAP2_chr21	13	3424846	8215644	6927352	0.292268	0.494395	0.061026	False	1327.3771
HAP1_chr17	HAP2_chr21	15	1747420	12154666	9749738	0.086691	0.179227	0.122360	False	3249.5044
HAP1_chr17	HAP2_chr21	17	1070064	13222763	10481481	0.047276	0.102091	0.141458	False	8297.2479
HAP1_chr17	HAP2_chr21	19	891413	13661444	10776712	0.037857	0.082717	0.137787	False	27203.2153
HAP1_chr17	HAP2_chr21	23	739734	14203159	11129001	0.030080	0.066469	0.123495	False	349001.4892
HAP1_chr17	HAP2_chr23	11	1608130	1828536	1740516	0.820089	0.923939	0.009462	False	73.5042
HAP1_chr17	HAP2_chr23	13	3432239	8215644	6913236	0.293438	0.496474	0.060788	False	1337.0706
HAP1_chr17	HAP2_chr23	15	1772702	12154666	9735989	0.088115	0.182077	0.121361	False	3306.3109
HAP1_chr17	HAP2_chr23	17	1100934	13222763	10491711	0.048685	0.104934	0.139811	False	8535.9889
HAP1_chr17	HAP2_chr23	19	919794	13661444	10813251	0.039049	0.085062	0.136216	False	28022.7821
HAP1_chr17	HAP2_chr23	23	761667	14203159	11210512	0.030897	0.067942	0.122365	False	358040.5894
HAP1_chr17	HAP2_chr24	11	1612147	1828536	1746750	0.821209	0.922941	0.009394	False	72.2235
HAP1_chr17	HAP2_chr24	13	3416435	8215644	6932666	0.291210	0.492802	0.061242	False	1319.4138
HAP1_chr17	HAP2_chr24	15	1722608	12154666	9710842	0.085519	0.177390	0.123195	False	3204.9666
HAP1_chr17	HAP2_chr24	17	1053089	13222763	10421673	0.046615	0.101048	0.142250	False	8187.7272
HAP1_chr17	HAP2_chr24	19	881471	13661444	10707211	0.037530	0.082325	0.138227	False	26986.8240
HAP1_chr17	HAP2_chr24	23	738844	14203159	11048947	0.030141	0.066870	0.123410	False	349842.1328
HAP1_chr17	HAP2_chr25	11	1538743	1828536	1652327	0.792301	0.931258	0.011197	False	81.6939
HAP1_chr17	HAP2_chr25	13	2987260	8215644	5856933	0.269479	0.510038	0.065902	False	1297.0339
HAP1_chr17	HAP2_chr25	15	1462610	12154666	7847891	0.078890	0.186370	0.128166	False	3048.3732
HAP1_chr17	HAP2_chr25	17	894594	13222763	8334301	0.043296	0.107339	0.146408	False	7784.8807
HAP1_chr17	HAP2_chr25	19	748433	13661444	8530821	0.034902	0.087733	0.141914	False	25672.7151
HAP1_chr17	HAP2_chr25	23	624024	14203159	8768493	0.027924	0.071167	0.126638	False	331679.6128
HAP1_chr17	HAP2_chr26	11	1568939	1828536	1692364	0.803776	0.927069	0.010470	False	76.8421
HAP1_chr17	HAP2_chr26	13	3101060	8215644	6190440	0.274308	0.500943	0.064828	False	1287.7195
HAP1_chr17	HAP2_chr26	15	1518710	12154666	8368839	0.079912	0.181472	0.127371	False	3053.7573
HAP1_chr17	HAP2_chr26	17	930926	13222763	8904372	0.043919	0.104547	0.145602	False	7834.3923
HAP1_chr17	HAP2_chr26	19	782276	13661444	9117717	0.035563	0.085797	0.140960	False	25954.9459
HAP1_chr17	HAP2_chr26	23	658450	14203159	9371550	0.028733	0.070261	0.125430	False	338529.8911
HAP1_chr18	HAP1_chr19	11	1573970	1761652	1756593	0.809541	0.896036	0.010110	False	81.0012
HAP1_chr18	HAP1_chr19	13	3113848	7039081	7125681	0.281773	0.442366	0.063212	False	1324.2039
HAP1_chr18	HAP1_chr19	15	1566874	9893375	10112005	0.084978	0.158376	0.123585	False	3198.0879
HAP1_chr18	HAP1_chr19	17	987855	10674911	10913586	0.047953	0.092540	0.140661	False	8366.0102
HAP1_chr18	HAP1_chr19	19	832244	11026423	11252278	0.038806	0.075477	0.136532	False	27669.2063
HAP1_chr18	HAP1_chr19	23	696430	11490106	11676341	0.030994	0.060611	0.122232	False	356643.7297
HAP1_chr18	HAP1_chr20	11	1541855	1761652	1711472	0.798364	0.900894	0.010811	False	86.8889
HAP1_chr18	HAP1_chr20	13	2920909	7039081	6490457	0.275333	0.450031	0.064603	False	1336.3452
HAP1_chr18	HAP1_chr20	15	1490186	9893375	8988729	0.085683	0.165784	0.123078	False	3254.4653
HAP1_chr18	HAP1_chr20	17	966180	10674911	9665961	0.049868	0.099957	0.138464	False	8705.9280
HAP1_chr18	HAP1_chr20	19	826965	11026423	9964401	0.041012	0.082992	0.133733	False	29219.9248
HAP1_chr18	HAP1_chr20	23	706037	11490106	10349545	0.033408	0.068219	0.119073	False	384041.0409
HAP1_chr18	HAP1_chr21	11	1563340	1761652	1742327	0.805580	0.897271	0.010357	False	82.4511
HAP1_chr18	HAP1_chr21	13	3034545	7039081	6944609	0.277149	0.436964	0.064206	False	1307.1247
HAP1_chr18	HAP1_chr21	15	1483564	9893375	9781299	0.081554	0.151674	0.126116	False	3069.8282
HAP1_chr18	HAP1_chr21	17	911395	10674911	10518678	0.044936	0.086645	0.144314	False	7857.1461
HAP1_chr18	HAP1_chr21	19	762269	11026423	10816829	0.036159	0.070471	0.140116	False	25846.4656
HAP1_chr18	HAP1_chr21	23	636253	11490106	11173336	0.028885	0.056944	0.125207	False	333080.1932
HAP1_chr18	HAP1_chr22	11	1536232	1761652	1704026	0.796204	0.901531	0.010948	False	87.6066
HAP1_chr18	HAP1_chr22	13	2872569	7039081	6405553	0.271713	0.448450	0.065402	False	1318.8367
HAP1_chr18	HAP1_chr22	15	1434422	9893375	8841730	0.082911	0.162233	0.125099	False	3149.9693
HAP1_chr18	HAP1_chr22	17	914985	10674911	9505777	0.047493	0.096256	0.141202	False	8309.7781
HAP1_chr18	HAP1_chr22	19	776663	11026423	9805074	0.038727	0.079210	0.136635	False	27663.3440
HAP1_chr18	HAP1_chr22	23	655801	11490106	10195462	0.031184	0.064323	0.121974	False	359401.0150
HAP1_chr18	HAP1_chr23	11	1590684	1761652	1753511	0.826553	0.907142	0.009070	False	96.9770
HAP1_chr18	HAP1_chr23	13	3639947	7039081	7067544	0.347765	0.517105	0.050887	False	1771.7214
HAP1_chr18	HAP1_chr23	15	2655291	9893375	10003276	0.154007	0.268391	0.088057	False	5755.1403
HAP1_chr18	HAP1_chr23	17	2076902	10674911	10789591	0.107125	0.194559	0.096610	False	17820.2346
HAP1_chr18	HAP1_chr23	19	1815855	11026423	11123421	0.089301	0.164682	0.095165	False	60755.5681
HAP1_chr18	HAP1_chr23	23	1484048	11490106	11537178	0.068887	0.129159	0.089076	False	764557.1140
HAP1_chr18	HAP1_chr24	11	1565862	1761652	1746189	0.806323	0.896731	0.010311	False	81.7636
HAP1_chr18	HAP1_chr24	13	3031848	7039081	6912850	0.277640	0.438581	0.064100	False	1313.4167
HAP1_chr18	HAP1_chr24	15	1507689	9893375	9670718	0.083499	0.155902	0.124665	False	3149.3045
HAP1_chr18	HAP1_chr24	17	945512	10674911	10375760	0.047028	0.091127	0.141754	False	8213.0892
HAP1_chr18	HAP1_chr24	19	793841	11026423	10659044	0.037998	0.074476	0.137598	False	27117.1413
HAP1_chr18	HAP1_chr24	23	658285	11490106	10997536	0.030156	0.059857	0.123389	False	347357.5784
HAP1_chr18	HAP1_chr25	11	1497843	1761652	1652760	0.781523	0.906268	0.011894	False	92.9230
HAP1_chr18	HAP1_chr25	13	2664236	7039081	5875803	0.259909	0.453425	0.068101	False	1289.4555
HAP1_chr18	HAP1_chr25	15	1270979	9893375	7878851	0.077023	0.161315	0.129647	False	2954.5283
HAP1_chr18	HAP1_chr25	17	796858	10674911	8364267	0.043682	0.095269	0.145908	False	7713.9611
HAP1_chr18	HAP1_chr25	19	673508	11026423	8557390	0.035616	0.078705	0.140885	False	25678.3295
HAP1_chr18	HAP1_chr25	23	566580	11490106	8789357	0.028742	0.064462	0.125417	False	334420.8700
HAP1_chr18	HAP1_chr26	11	1521306	1761652	1686479	0.789540	0.902060	0.011374	False	87.9048
HAP1_chr18	HAP1_chr26	13	2743933	7039081	6131968	0.263154	0.447480	0.067345	False	1285.1219
HAP1_chr18	HAP1_chr26	15	1320639	9893375	8274002	0.078391	0.159613	0.128558	False	2991.6433
HAP1_chr18	HAP1_chr26	17	829273	10674911	8799975	0.044476	0.094236	0.144893	False	7825.3595
HAP1_chr18	HAP1_chr26	19	699934	11026423	9008407	0.036201	0.077698	0.140058	False	26008.9020
HAP1_chr18	HAP1_chr26	23	585672	11490106	9253365	0.029054	0.063293	0.124960	False	336911.0530
HAP1_chr18	HAP2_chr01	11	1701538	1761652	1956191	0.843889	0.965876	0.008042	False	45.4768
HAP1_chr18	HAP2_chr01	13	4402034	7039081	11594047	0.309325	0.625371	0.057671	False	1263.0682
HAP1_chr18	HAP2_chr01	15	2431017	9893375	19936069	0.088728	0.245722	0.120936	False	3404.6815
HAP1_chr18	HAP2_chr01	17	1453833	10674911	22404348	0.045970	0.136192	0.143033	False	8546.0082
HAP1_chr18	HAP2_chr01	19	1208615	11026423	23312721	0.036480	0.109611	0.139667	False	27903.3600
HAP1_chr18	HAP2_chr01	23	1025793	11490106	24358453	0.029458	0.089276	0.124378	False	363700.9175
HAP1_chr18	HAP2_chr02	11	1696150	1761652	1944775	0.843739	0.962818	0.008051	False	48.8974
HAP1_chr18	HAP2_chr02	13	4318672	7039081	11207989	0.310062	0.613528	0.057531	False	1283.0887
HAP1_chr18	HAP2_chr02	15	2391875	9893375	18930484	0.090492	0.241765	0.119732	False	3459.0428
HAP1_chr18	HAP2_chr02	17	1454594	10674911	21212559	0.047797	0.136263	0.140843	False	8796.6077
HAP1_chr18	HAP2_chr02	19	1214628	11026423	22080660	0.038085	0.110156	0.137482	False	28816.4844
HAP1_chr18	HAP2_chr02	23	1026450	11490106	23100878	0.030581	0.089333	0.122797	False	373708.7347
HAP1_chr18	HAP2_chr03	11	1705388	1761652	1963081	0.844525	0.968062	0.008005	False	43.8879
HAP1_chr18	HAP2_chr03	13	4426915	7039081	11634879	0.310725	0.628905	0.057406	False	1271.2930
HAP1_chr18	HAP2_chr03	15	2481056	9893375	19905925	0.090820	0.250780	0.119510	False	3490.7946
HAP1_chr18	HAP2_chr03	17	1512976	10674911	22313308	0.048069	0.141732	0.140525	False	8919.2723
HAP1_chr18	HAP2_chr03	19	1263237	11026423	23191431	0.038333	0.114565	0.137154	False	29242.7710
HAP1_chr18	HAP2_chr03	23	1066202	11490106	24190163	0.030803	0.092793	0.122493	False	379340.9806
HAP1_chr18	HAP2_chr04	11	1691360	1761652	1937260	0.842499	0.960099	0.008124	False	50.1858
HAP1_chr18	HAP2_chr04	13	4230272	7039081	10898284	0.308619	0.600969	0.057806	False	1285.6967
HAP1_chr18	HAP2_chr04	15	2313879	9893375	18070854	0.090208	0.233882	0.119924	False	3432.6521
HAP1_chr18	HAP2_chr04	17	1409239	10674911	20103510	0.047984	0.132014	0.140625	False	8757.7640
HAP1_chr18	HAP2_chr04	19	1174678	11026423	20853426	0.038257	0.106533	0.137254	False	28677.9922
HAP1_chr18	HAP2_chr04	23	984462	11490106	21714248	0.030554	0.085679	0.122835	False	369688.8199
HAP1_chr18	HAP2_chr06	11	1641497	1761652	1856147	0.830590	0.931794	0.008828	False	65.9050
HAP1_chr18	HAP2_chr06	13	3681714	7039081	8915399	0.299991	0.523039	0.059478	False	1324.5515
HAP1_chr18	HAP2_chr06	15	1925089	9893375	13659620	0.089009	0.194584	0.120742	False	3335.3068
HAP1_chr18	HAP2_chr06	17	1187067	10674911	14950852	0.048573	0.111202	0.139939	False	8572.4270
HAP1_chr18	HAP2_chr06	19	994928	11026423	15462891	0.039025	0.090231	0.136246	False	28212.5311
HAP1_chr18	HAP2_chr06	23	835006	11490106	16092268	0.031218	0.072672	0.121928	False	364242.9204
HAP1_chr18	HAP2_chr09	11	1627278	1761652	1835654	0.826018	0.923723	0.009103	False	68.6842
HAP1_chr18	HAP2_chr09	13	3501861	7039081	8400787	0.293337	0.497488	0.060809	False	1310.3592
HAP1_chr18	HAP2_chr09	15	1776970	9893375	12520506	0.086106	0.179612	0.122775	False	3219.0654
HAP1_chr18	HAP2_chr09	17	1089549	10674911	13598702	0.046996	0.102066	0.141793	False	8251.2916
HAP1_chr18	HAP2_chr09	19	916257	11026423	14008836	0.037989	0.083096	0.137610	False	27297.3718
HAP1_chr18	HAP2_chr09	23	776050	11490106	14488605	0.030792	0.067541	0.122507	False	356768.6245
HAP1_chr18	HAP2_chr08	11	1638339	1761652	1850664	0.829969	0.930001	0.008865	False	67.1638
HAP1_chr18	HAP2_chr08	13	3663653	7039081	8796322	0.300996	0.520473	0.059280	False	1338.5802
HAP1_chr18	HAP2_chr08	15	1947883	9893375	13405860	0.091230	0.196888	0.119235	False	3421.9944
HAP1_chr18	HAP2_chr08	17	1235038	10674911	14664144	0.051238	0.115695	0.136947	False	9013.8188
HAP1_chr18	HAP2_chr08	19	1050707	11026423	15167024	0.041790	0.095290	0.132784	False	30086.0927
HAP1_chr18	HAP2_chr08	23	899328	11490106	15783256	0.034099	0.078270	0.118212	False	396123.1378
HAP1_chr18	HAP2_chr11	11	1653925	1761652	1875256	0.834059	0.938849	0.008621	False	62.6810
HAP1_chr18	HAP2_chr11	13	3836925	7039081	9396976	0.304539	0.545089	0.058589	False	1328.7574
HAP1_chr18	HAP2_chr11	15	2049390	9893375	14824614	0.090407	0.207148	0.119789	False	3398.3172
HAP1_chr18	HAP2_chr11	17	1261969	10674911	16402565	0.048884	0.118218	0.139581	False	8696.2782
HAP1_chr18	HAP2_chr11	19	1056246	11026423	17052685	0.039087	0.095792	0.136166	False	28519.5983
HAP1_chr18	HAP2_chr11	23	887279	11490106	17855262	0.031178	0.077221	0.121982	False	367440.5817
HAP1_chr18	HAP2_chr12	11	1678654	1761652	1916305	0.839620	0.952886	0.008293	False	54.3189
HAP1_chr18	HAP2_chr12	13	4014515	7039081	10157744	0.304538	0.570318	0.058589	False	1290.3579
HAP1_chr18	HAP2_chr12	15	2121698	9893375	16248346	0.088330	0.214456	0.121211	False	3330.2150
HAP1_chr18	HAP2_chr12	17	1285032	10674911	17907770	0.047075	0.120379	0.141698	False	8464.8431
HAP1_chr18	HAP2_chr12	19	1074126	11026423	18511531	0.037737	0.097414	0.137949	False	27833.6885
HAP1_chr18	HAP2_chr12	23	908857	11490106	19196363	0.030521	0.079099	0.122880	False	362991.0933
HAP1_chr18	HAP2_chr13	11	1586125	1761652	1773388	0.813850	0.900362	0.009844	False	79.0164
HAP1_chr18	HAP2_chr13	13	3232674	7039081	7463531	0.286840	0.459247	0.062144	False	1332.2075
HAP1_chr18	HAP2_chr13	15	1633002	9893375	10811655	0.085623	0.165060	0.123121	False	3212.1442
HAP1_chr18	HAP2_chr13	17	1009520	10674911	11714892	0.047217	0.094569	0.141528	False	8246.1264
HAP1_chr18	HAP2_chr13	19	845726	11026423	12084487	0.037984	0.076700	0.137617	False	27130.3266
HAP1_chr18	HAP2_chr13	23	708919	11490106	12533334	0.030407	0.061698	0.123039	False	350407.7371
HAP1_chr18	HAP2_chr05	11	1684774	1761652	1927047	0.840737	0.956360	0.008227	False	51.8852
HAP1_chr18	HAP2_chr05	13	4134386	7039081	10709499	0.303682	0.587347	0.058755	False	1259.4295
HAP1_chr18	HAP2_chr05	15	2122381	9893375	17601194	0.083650	0.214525	0.124554	False	3157.0997
HAP1_chr18	HAP2_chr05	17	1200301	10674911	19429478	0.041527	0.112441	0.148762	False	7569.1478
HAP1_chr18	HAP2_chr05	19	968974	11026423	20016096	0.032220	0.087877	0.145986	False	24140.1349
HAP1_chr18	HAP2_chr05	23	792994	11490106	20608717	0.025331	0.069015	0.130766	False	305670.5670
HAP1_chr18	HAP2_chr10	11	1665662	1761652	1895187	0.836521	0.945511	0.008475	False	58.3834
HAP1_chr18	HAP2_chr10	13	3895331	7039081	9712491	0.302991	0.553386	0.058890	False	1301.5440
HAP1_chr18	HAP2_chr10	15	2050173	9893375	15325642	0.088488	0.207227	0.121102	False	3326.4063
HAP1_chr18	HAP2_chr10	17	1245846	10674911	16850568	0.047407	0.116708	0.141303	False	8464.6319
HAP1_chr18	HAP2_chr10	19	1038764	11026423	17412284	0.037911	0.094207	0.137714	False	27755.0602
HAP1_chr18	HAP2_chr10	23	871988	11490106	18052398	0.030414	0.075890	0.123029	False	359131.0928
HAP1_chr18	HAP2_chr14	11	1652146	1761652	1872511	0.833568	0.937839	0.008651	False	63.1470
HAP1_chr18	HAP2_chr14	13	3791961	7039081	9287321	0.302523	0.538701	0.058981	False	1320.8456
HAP1_chr18	HAP2_chr14	15	1994243	9893375	14504228	0.089015	0.201574	0.120738	False	3340.3963
HAP1_chr18	HAP2_chr14	17	1218182	10674911	15955961	0.047936	0.114116	0.140680	False	8510.1289
HAP1_chr18	HAP2_chr14	19	1017402	11026423	16521915	0.038348	0.092269	0.137134	False	27908.3270
HAP1_chr18	HAP2_chr14	23	853835	11490106	17192812	0.030681	0.074310	0.122660	False	360338.3828
HAP1_chr18	HAP2_chr15	11	1607556	1761652	1801610	0.821982	0.912528	0.009347	False	76.5449
HAP1_chr18	HAP2_chr15	13	3416594	7039081	7922995	0.295925	0.485375	0.060287	False	1360.8986
HAP1_chr18	HAP2_chr15	15	1815290	9893375	11716993	0.091704	0.183485	0.118919	False	3441.9444
HAP1_chr18	HAP2_chr15	17	1160663	10674911	12776868	0.052068	0.108728	0.136048	False	9084.9906
HAP1_chr18	HAP2_chr15	19	980345	11026423	13220548	0.042135	0.088909	0.132368	False	30069.1865
HAP1_chr18	HAP2_chr15	23	821822	11490106	13763461	0.033637	0.071524	0.118785	False	387636.3043
HAP1_chr18	HAP2_chr18	11	1743512	1761652	1754152	0.983761	0.993934	0.000747	False	222.4152
HAP1_chr18	HAP2_chr18	13	6811350	7039081	6943926	0.949760	0.980908	0.002008	False	4436.5485
HAP1_chr18	HAP2_chr18	15	9472292	9893375	9721359	0.933926	0.974379	0.002318	False	21956.4477
HAP1_chr18	HAP2_chr18	17	10172335	10674911	10474208	0.926714	0.971179	0.002281	False	89046.4836
HAP1_chr18	HAP2_chr18	19	10470576	11026423	10808975	0.921315	0.968693	0.002201	False	355533.0205
HAP1_chr18	HAP2_chr18	23	10843056	11490106	11244443	0.911833	0.964304	0.002053	False	5658423.7098
HAP1_chr18	HAP2_chr16	11	1651858	1761652	1875396	0.832091	0.937676	0.008739	False	60.9381
HAP1_chr18	HAP2_chr16	13	3705709	7039081	9231562	0.294925	0.526448	0.060488	False	1271.2545
HAP1_chr18	HAP2_chr16	15	1806421	9893375	14170650	0.081160	0.182589	0.126415	False	3023.9653
HAP1_chr18	HAP2_chr16	17	1027140	10674911	15390938	0.041022	0.096220	0.149453	False	7288.6404
HAP1_chr18	HAP2_chr16	19	832685	11026423	15784249	0.032053	0.075517	0.146250	False	23363.9035
HAP1_chr18	HAP2_chr16	23	679307	11490106	16190750	0.025158	0.059121	0.131055	False	295421.5081
HAP1_chr18	HAP2_chr17	11	1624622	1761652	1830609	0.825671	0.922215	0.009124	False	70.0544
HAP1_chr18	HAP2_chr17	13	3467706	7039081	8240648	0.293574	0.492636	0.060761	False	1322.6033
HAP1_chr18	HAP2_chr17	15	1789170	9893375	12197774	0.088128	0.180845	0.121352	False	3299.6494
HAP1_chr18	HAP2_chr17	17	1123770	10674911	13269618	0.049243	0.105272	0.139171	False	8622.6520
HAP1_chr18	HAP2_chr17	19	951266	11026423	13709289	0.039995	0.086271	0.135003	False	28650.3332
HAP1_chr18	HAP2_chr17	23	805484	11490106	14252006	0.032301	0.070102	0.120491	False	373361.2958
HAP1_chr18	HAP2_chr07	11	1576226	1761652	1758901	0.810679	0.896143	0.010040	False	81.2090
HAP1_chr18	HAP2_chr07	13	3169668	7039081	7240106	0.285311	0.450296	0.062464	False	1339.5141
HAP1_chr18	HAP2_chr07	15	1633051	9893375	10421927	0.087412	0.165065	0.121852	False	3288.1518
HAP1_chr18	HAP2_chr07	17	1040482	10674911	11338838	0.049610	0.097470	0.138755	False	8646.5198
HAP1_chr18	HAP2_chr07	19	881397	11026423	11754937	0.040247	0.079935	0.134686	False	28670.4215
HAP1_chr18	HAP2_chr07	23	741917	11490106	12293816	0.032198	0.064570	0.120625	False	370273.3904
HAP1_chr18	HAP2_chr19	11	1532786	1761652	1700238	0.794559	0.901513	0.011053	False	87.4832
HAP1_chr18	HAP2_chr19	13	2843874	7039081	6349723	0.269691	0.447874	0.065854	False	1309.9072
HAP1_chr18	HAP2_chr19	15	1405777	9893375	8710089	0.081742	0.161396	0.125974	False	3108.2398
HAP1_chr18	HAP2_chr19	17	892543	10674911	9328904	0.046702	0.095675	0.142144	False	8181.7956
HAP1_chr18	HAP2_chr19	19	754361	11026423	9592131	0.037976	0.078644	0.137628	False	27165.3937
HAP1_chr18	HAP2_chr19	23	632231	11490106	9920765	0.030427	0.063728	0.123011	False	351248.0039
HAP1_chr18	HAP2_chr20	11	1539027	1761652	1707604	0.797329	0.901279	0.010877	False	87.3389
HAP1_chr18	HAP2_chr20	13	2903277	7039081	6447496	0.274326	0.450295	0.064824	False	1333.3785
HAP1_chr18	HAP2_chr20	15	1476228	9893375	8910664	0.085194	0.165670	0.123429	False	3237.7949
HAP1_chr18	HAP2_chr20	17	955871	10674911	9575366	0.049541	0.099826	0.138833	False	8653.5434
HAP1_chr18	HAP2_chr20	19	817799	11026423	9867294	0.040735	0.082880	0.134076	False	29037.8552
HAP1_chr18	HAP2_chr20	23	698315	11490106	10242168	0.033199	0.068180	0.119336	False	381826.6419
HAP1_chr18	HAP2_chr22	11	1510786	1761652	1670517	0.786301	0.904382	0.011583	False	90.7620
HAP1_chr18	HAP2_chr22	13	2734779	7039081	6040646	0.264359	0.452730	0.067067	False	1303.6862
HAP1_chr18	HAP2_chr22	15	1338735	9893375	8216329	0.079825	0.162936	0.127438	False	3051.3616
HAP1_chr18	HAP2_chr22	17	845791	10674911	8800212	0.045401	0.096110	0.143734	False	7983.2028
HAP1_chr18	HAP2_chr22	19	714630	11026423	9060039	0.036890	0.078877	0.139099	False	26479.6262
HAP1_chr18	HAP2_chr22	23	599299	11490106	9392238	0.029547	0.063808	0.124250	False	342191.8570
HAP1_chr18	HAP2_chr21	11	1561944	1761652	1740450	0.805060	0.897437	0.010390	False	82.6450
HAP1_chr18	HAP2_chr21	13	3026131	7039081	6927352	0.276604	0.436838	0.064325	False	1304.7751
HAP1_chr18	HAP2_chr21	15	1473740	9893375	9749738	0.081111	0.151157	0.126452	False	3052.9881
HAP1_chr18	HAP2_chr21	17	902217	10674911	10481481	0.044545	0.086077	0.144806	False	7791.0633
HAP1_chr18	HAP2_chr21	19	753331	11026423	10776712	0.035788	0.069904	0.140640	False	25590.6651
HAP1_chr18	HAP2_chr21	23	627647	11490106	11129001	0.028540	0.056397	0.125714	False	329228.7376
HAP1_chr18	HAP2_chr23	11	1581494	1761652	1740516	0.823406	0.908635	0.009260	False	98.7658
HAP1_chr18	HAP2_chr23	13	3576095	7039081	6913236	0.344643	0.517282	0.051402	False	1765.2440
HAP1_chr18	HAP2_chr23	15	2592404	9893375	9735989	0.152164	0.266270	0.088753	False	5696.7651
HAP1_chr18	HAP2_chr23	17	2024468	10674911	10491711	0.105760	0.192959	0.097292	False	17615.4806
HAP1_chr18	HAP2_chr23	19	1769805	11026423	10813251	0.088182	0.163670	0.095774	False	60058.1481
HAP1_chr18	HAP2_chr23	23	1446778	11490106	11210512	0.068071	0.129055	0.089561	False	756137.8152
HAP1_chr18	HAP2_chr24	11	1566130	1761652	1746750	0.806339	0.896597	0.010310	False	81.5827
HAP1_chr18	HAP2_chr24	13	3035937	7039081	6932666	0.277614	0.437918	0.064105	False	1311.4819
HAP1_chr18	HAP2_chr24	15	1505432	9893375	9710842	0.083179	0.155026	0.124901	False	3135.7082
HAP1_chr18	HAP2_chr24	17	939960	10674911	10421673	0.046633	0.090193	0.142228	False	8145.6905
HAP1_chr18	HAP2_chr24	19	787380	11026423	10707211	0.037590	0.073537	0.138145	False	26835.5023
HAP1_chr18	HAP2_chr24	23	651760	11490106	11048947	0.029778	0.058988	0.123921	False	343113.4468
HAP1_chr18	HAP2_chr25	11	1497768	1761652	1652327	0.781630	0.906460	0.011887	False	93.1802
HAP1_chr18	HAP2_chr25	13	2658406	7039081	5856933	0.259671	0.453890	0.068157	False	1289.8428
HAP1_chr18	HAP2_chr25	15	1267853	9893375	7847891	0.076964	0.161553	0.129695	False	2953.6306
HAP1_chr18	HAP2_chr25	17	793593	10674911	8334301	0.043567	0.095220	0.146057	False	7696.1003
HAP1_chr18	HAP2_chr25	19	668183	11026423	8530821	0.035374	0.078326	0.141231	False	25514.8215
HAP1_chr18	HAP2_chr25	23	557347	11490106	8768493	0.028290	0.063562	0.126087	False	329362.2657
HAP1_chr18	HAP2_chr26	11	1525950	1761652	1692364	0.791441	0.901668	0.011252	False	87.5006
HAP1_chr18	HAP2_chr26	13	2769016	7039081	6190440	0.264712	0.447305	0.066986	False	1290.2850
HAP1_chr18	HAP2_chr26	15	1340360	9893375	8368839	0.079209	0.160161	0.127917	False	3020.4118
HAP1_chr18	HAP2_chr26	17	845778	10674911	8904372	0.045148	0.094985	0.144048	False	7935.0191
HAP1_chr18	HAP2_chr26	19	715618	11026423	9117717	0.036833	0.078487	0.139178	False	26432.0983
HAP1_chr18	HAP2_chr26	23	600533	11490106	9371550	0.029640	0.064080	0.124118	False	343274.7311
HAP1_chr19	HAP1_chr20	11	1538817	1756593	1711472	0.797625	0.899119	0.010858	False	87.9248
HAP1_chr19	HAP1_chr20	13	2932368	7125681	6490457	0.274469	0.451797	0.064792	False	1323.6923
HAP1_chr19	HAP1_chr20	15	1450432	10112005	8988729	0.082176	0.161361	0.125648	False	3113.5789
HAP1_chr19	HAP1_chr20	17	902771	10913586	9665961	0.045880	0.093397	0.143143	False	8035.5919
HAP1_chr19	HAP1_chr20	19	759651	11252278	9964401	0.037134	0.076236	0.138765	False	26567.8594
HAP1_chr19	HAP1_chr20	23	638235	11676341	10349545	0.029841	0.061668	0.123831	False	344380.9887
HAP1_chr19	HAP1_chr21	11	1561200	1756593	1742327	0.805689	0.896043	0.010350	False	84.2775
HAP1_chr19	HAP1_chr21	13	3078316	7125681	6944609	0.280051	0.443267	0.063580	False	1320.4419
HAP1_chr19	HAP1_chr21	15	1507940	10112005	9781299	0.082019	0.154166	0.125766	False	3083.9717
HAP1_chr19	HAP1_chr21	17	917678	10913586	10518678	0.044733	0.087243	0.144568	False	7822.5767
HAP1_chr19	HAP1_chr21	19	764425	11252278	10816829	0.035881	0.070670	0.140509	False	25657.6083
HAP1_chr19	HAP1_chr21	23	638231	11676341	11173336	0.028734	0.057121	0.125428	False	331440.4117
HAP1_chr19	HAP1_chr22	11	1533826	1756593	1704026	0.796051	0.900119	0.010958	False	89.1595
HAP1_chr19	HAP1_chr22	13	2913191	7125681	6405553	0.274362	0.454791	0.064816	False	1331.4529
HAP1_chr19	HAP1_chr22	15	1445519	10112005	8841730	0.082562	0.163488	0.125359	False	3134.1004
HAP1_chr19	HAP1_chr22	17	907408	10913586	9505777	0.046505	0.095459	0.142382	False	8147.0601
HAP1_chr19	HAP1_chr22	19	766326	11252278	9805074	0.037767	0.078156	0.137908	False	27018.8985
HAP1_chr19	HAP1_chr22	23	645990	11676341	10195462	0.030434	0.063361	0.123001	False	351189.5486
HAP1_chr19	HAP1_chr23	11	1569458	1756593	1753511	0.808730	0.895037	0.010161	False	83.0925
HAP1_chr19	HAP1_chr23	13	3130539	7125681	7067544	0.282982	0.442946	0.062955	False	1330.2251
HAP1_chr19	HAP1_chr23	15	1554922	10112005	10003276	0.083777	0.155441	0.124460	False	3148.1675
HAP1_chr19	HAP1_chr23	17	960262	10913586	10789591	0.046293	0.088999	0.142639	False	8084.5150
HAP1_chr19	HAP1_chr23	19	805750	11252278	11123421	0.037355	0.072437	0.138464	False	26670.1027
HAP1_chr19	HAP1_chr23	23	676232	11676341	11537178	0.030005	0.058613	0.123600	False	345593.0342
HAP1_chr19	HAP1_chr24	11	1563300	1756593	1746189	0.806040	0.895264	0.010328	False	83.2459
HAP1_chr19	HAP1_chr24	13	3070920	7125681	6912850	0.279999	0.444234	0.063591	False	1322.9338
HAP1_chr19	HAP1_chr24	15	1521998	10112005	9670718	0.083348	0.157382	0.124776	False	3139.3728
HAP1_chr19	HAP1_chr24	17	942515	10913586	10375760	0.046322	0.090838	0.142604	False	8094.1707
HAP1_chr19	HAP1_chr24	19	788399	11252278	10659044	0.037324	0.073965	0.138506	False	26658.8033
HAP1_chr19	HAP1_chr24	23	654491	11676341	10997536	0.029723	0.059513	0.123998	False	342590.3128
HAP1_chr19	HAP1_chr25	11	1496417	1756593	1652760	0.782262	0.905405	0.011846	False	95.2333
HAP1_chr19	HAP1_chr25	13	2703048	7125681	5875803	0.262472	0.460030	0.067503	False	1302.7655
HAP1_chr19	HAP1_chr25	15	1282275	10112005	7878851	0.076744	0.162749	0.129872	False	2943.4083
HAP1_chr19	HAP1_chr25	17	785976	10913586	8364267	0.042504	0.093968	0.147449	False	7521.3284
HAP1_chr19	HAP1_chr25	19	656499	11252278	8557390	0.034276	0.076717	0.142835	False	24776.1819
HAP1_chr19	HAP1_chr25	23	546059	11676341	8789357	0.027413	0.062127	0.127419	False	319727.6641
HAP1_chr19	HAP1_chr26	11	1519721	1756593	1686479	0.790142	0.901121	0.011335	False	90.1206
HAP1_chr19	HAP1_chr26	13	2787322	7125681	6131968	0.266212	0.454556	0.066642	False	1301.4429
HAP1_chr19	HAP1_chr26	15	1352051	10112005	8274002	0.079374	0.163410	0.127788	False	3030.1613
HAP1_chr19	HAP1_chr26	17	846792	10913586	8799975	0.044883	0.096227	0.144380	False	7902.6893
HAP1_chr19	HAP1_chr26	19	713327	11252278	9008407	0.036492	0.079185	0.139650	False	26239.1701
HAP1_chr19	HAP1_chr26	23	595920	11676341	9253365	0.029307	0.064400	0.124594	False	340061.4437
HAP1_chr19	HAP2_chr01	11	1698102	1756593	1956191	0.842864	0.966702	0.008102	False	46.5445
HAP1_chr19	HAP2_chr01	13	4480122	7125681	11594047	0.314624	0.628729	0.056675	False	1286.0652
HAP1_chr19	HAP2_chr01	15	2500062	10112005	19936069	0.090753	0.247237	0.119556	False	3467.1009
HAP1_chr19	HAP2_chr01	17	1481829	10913586	22404348	0.046546	0.135778	0.142334	False	8614.2894
HAP1_chr19	HAP2_chr01	19	1221779	11252278	23312721	0.036643	0.108581	0.139441	False	27922.3451
HAP1_chr19	HAP2_chr01	23	1025373	11676341	24358453	0.029288	0.087816	0.124621	False	360641.0176
HAP1_chr19	HAP2_chr02	11	1692342	1756593	1944775	0.842369	0.963423	0.008131	False	49.6599
HAP1_chr19	HAP2_chr02	13	4378140	7125681	11207989	0.313721	0.614417	0.056844	False	1295.0645
HAP1_chr19	HAP2_chr02	15	2422246	10112005	18930484	0.090993	0.239542	0.119395	False	3459.3966
HAP1_chr19	HAP2_chr02	17	1451885	10913586	21212559	0.047332	0.133035	0.141392	False	8679.7954
HAP1_chr19	HAP2_chr02	19	1205008	11252278	22080660	0.037507	0.107090	0.138259	False	28298.7058
HAP1_chr19	HAP2_chr02	23	1017627	11676341	23100878	0.030143	0.087153	0.123406	False	367529.8555
HAP1_chr19	HAP2_chr03	11	1703740	1756593	1963081	0.845137	0.969912	0.007969	False	46.3589
HAP1_chr19	HAP2_chr03	13	4641645	7125681	11634879	0.328754	0.651397	0.054119	False	1381.0480
HAP1_chr19	HAP2_chr03	15	2948896	10112005	19905925	0.108940	0.291623	0.108481	False	4203.6639
HAP1_chr19	HAP2_chr03	17	1967158	10913586	22313308	0.062929	0.180249	0.125507	False	11515.0064
HAP1_chr19	HAP2_chr03	19	1662244	11252278	23191431	0.050707	0.147725	0.123053	False	38103.8917
HAP1_chr19	HAP2_chr03	23	1373737	11676341	24190163	0.039827	0.117651	0.111701	False	484845.2865
HAP1_chr19	HAP2_chr04	11	1687967	1756593	1937260	0.841507	0.960932	0.008182	False	51.2631
HAP1_chr19	HAP2_chr04	13	4294901	7125681	10898284	0.312833	0.602736	0.057010	False	1301.8538
HAP1_chr19	HAP2_chr04	15	2352695	10112005	18070854	0.091083	0.232664	0.119334	False	3449.2602
HAP1_chr19	HAP2_chr04	17	1412205	10913586	20103510	0.047702	0.129399	0.140955	False	8676.5340
HAP1_chr19	HAP2_chr04	19	1168390	11252278	20853426	0.037766	0.103836	0.137908	False	28235.7122
HAP1_chr19	HAP2_chr04	23	973956	11676341	21714248	0.030045	0.083413	0.123544	False	362815.0091
HAP1_chr19	HAP2_chr06	11	1638684	1756593	1856147	0.830110	0.932876	0.008857	False	67.3349
HAP1_chr19	HAP2_chr06	13	3728689	7125681	8915399	0.302840	0.523275	0.058919	False	1333.8952
HAP1_chr19	HAP2_chr06	15	1935847	10112005	13659620	0.088655	0.191440	0.120987	False	3309.2964
HAP1_chr19	HAP2_chr06	17	1172059	10913586	14950852	0.047466	0.107394	0.141233	False	8366.2640
HAP1_chr19	HAP2_chr06	19	974392	11252278	15462891	0.037854	0.086595	0.137791	False	27350.0697
HAP1_chr19	HAP2_chr06	23	814270	11676341	16092268	0.030209	0.069737	0.123314	False	352353.4071
HAP1_chr19	HAP2_chr09	11	1624978	1756593	1835654	0.826007	0.925074	0.009103	False	70.4993
HAP1_chr19	HAP2_chr09	13	3557745	7125681	8400787	0.297254	0.499285	0.060021	False	1327.9794
HAP1_chr19	HAP2_chr09	15	1809396	10112005	12520506	0.086894	0.178935	0.122216	False	3240.3490
HAP1_chr19	HAP2_chr09	17	1094955	10913586	13598702	0.046758	0.100330	0.142077	False	8198.8204
HAP1_chr19	HAP2_chr09	19	913387	11252278	14008836	0.037514	0.081174	0.138248	False	26936.6025
HAP1_chr19	HAP2_chr09	23	767437	11676341	14488605	0.030217	0.065726	0.123303	False	349984.0432
HAP1_chr19	HAP2_chr08	11	1635564	1756593	1850664	0.829523	0.931100	0.008892	False	68.6173
HAP1_chr19	HAP2_chr08	13	3700944	7125681	8796322	0.302833	0.519381	0.058921	False	1341.0953
HAP1_chr19	HAP2_chr08	15	1929227	10112005	13405860	0.089363	0.190786	0.120500	False	3336.8080
HAP1_chr19	HAP2_chr08	17	1178640	10913586	14664144	0.048307	0.107997	0.140248	False	8498.5380
HAP1_chr19	HAP2_chr08	19	983589	11252278	15167024	0.038670	0.087412	0.136710	False	27877.2252
HAP1_chr19	HAP2_chr08	23	820865	11676341	15783256	0.030815	0.070302	0.122477	False	358667.6313
HAP1_chr19	HAP2_chr11	11	1658581	1756593	1875256	0.840525	0.944203	0.008239	False	70.0957
HAP1_chr19	HAP2_chr11	13	4183125	7125681	9396976	0.339002	0.587049	0.052348	False	1548.5629
HAP1_chr19	HAP2_chr11	15	2764249	10112005	14824614	0.124671	0.273363	0.100428	False	4702.7900
HAP1_chr19	HAP2_chr11	17	1969026	10913586	16402565	0.077682	0.180420	0.113929	False	13495.4016
HAP1_chr19	HAP2_chr11	19	1693195	11252278	17052685	0.063626	0.150476	0.111751	False	45277.9797
HAP1_chr19	HAP2_chr11	23	1400748	11676341	17855262	0.049794	0.119965	0.102405	False	575435.4030
HAP1_chr19	HAP2_chr12	11	1675223	1756593	1916305	0.838586	0.953677	0.008353	False	55.3377
HAP1_chr19	HAP2_chr12	13	4066691	7125681	10157744	0.307693	0.570709	0.057982	False	1300.1683
HAP1_chr19	HAP2_chr12	15	2140855	10112005	16248346	0.088394	0.211714	0.121167	False	3316.6854
HAP1_chr19	HAP2_chr12	17	1269211	10913586	17907770	0.046066	0.116296	0.142916	False	8263.5839
HAP1_chr19	HAP2_chr12	19	1052248	11252278	18511531	0.036649	0.093514	0.139432	False	26990.1728
HAP1_chr19	HAP2_chr12	23	884941	11676341	19196363	0.029510	0.075789	0.124303	False	350609.1380
HAP1_chr19	HAP2_chr13	11	1584320	1756593	1773388	0.814284	0.901928	0.009817	False	81.1592
HAP1_chr19	HAP2_chr13	13	3280085	7125681	7463531	0.290039	0.460319	0.061482	False	1346.4461
HAP1_chr19	HAP2_chr13	15	1658587	10112005	10811655	0.086093	0.164022	0.122784	False	3224.1696
HAP1_chr19	HAP2_chr13	17	1015934	10913586	11714892	0.047007	0.093089	0.141780	False	8205.3644
HAP1_chr19	HAP2_chr13	19	849194	11252278	12084487	0.037763	0.075469	0.137913	False	26966.2913
HAP1_chr19	HAP2_chr13	23	713104	11676341	12533334	0.030349	0.061073	0.123119	False	349654.0398
HAP1_chr19	HAP2_chr05	11	1681060	1756593	1927047	0.839447	0.957000	0.008303	False	52.6955
HAP1_chr19	HAP2_chr05	13	4190924	7125681	10709499	0.307157	0.588144	0.058085	False	1270.9153
HAP1_chr19	HAP2_chr05	15	2143655	10112005	17601194	0.083836	0.211991	0.124417	False	3147.2832
HAP1_chr19	HAP2_chr05	17	1186658	10913586	19429478	0.040700	0.108732	0.149899	False	7395.6533
HAP1_chr19	HAP2_chr05	19	947419	11252278	20016096	0.031246	0.084198	0.147551	False	23363.3573
HAP1_chr19	HAP2_chr05	23	771658	11676341	20608717	0.024487	0.066087	0.132203	False	295064.5626
HAP1_chr19	HAP2_chr10	11	1662578	1756593	1895187	0.835801	0.946479	0.008518	False	59.6483
HAP1_chr19	HAP2_chr10	13	3955875	7125681	9712491	0.307078	0.555157	0.058100	False	1318.3137
HAP1_chr19	HAP2_chr10	15	2086470	10112005	15325642	0.089352	0.206336	0.120507	False	3346.1919
HAP1_chr19	HAP2_chr10	17	1249338	10913586	16850568	0.047118	0.114475	0.141646	False	8392.2275
HAP1_chr19	HAP2_chr10	19	1033999	11252278	17412284	0.037422	0.091892	0.138373	False	27348.1385
HAP1_chr19	HAP2_chr10	23	860370	11676341	18052398	0.029803	0.073685	0.123885	False	351508.8811
HAP1_chr19	HAP2_chr14	11	1649197	1756593	1872511	0.832967	0.938861	0.008686	False	64.4899
HAP1_chr19	HAP2_chr14	13	3845700	7125681	9287321	0.306008	0.539696	0.058305	False	1333.9925
HAP1_chr19	HAP2_chr14	15	2015234	10112005	14504228	0.089166	0.199291	0.120635	False	3332.9481
HAP1_chr19	HAP2_chr14	17	1209464	10913586	15955961	0.047134	0.110822	0.141628	False	8352.2141
HAP1_chr19	HAP2_chr14	19	1004261	11252278	16521915	0.037515	0.089250	0.138248	False	27268.7821
HAP1_chr19	HAP2_chr14	23	840504	11676341	17192812	0.029987	0.071984	0.123625	False	351872.1518
HAP1_chr19	HAP2_chr15	11	1604481	1756593	1801610	0.821243	0.913405	0.009392	False	77.6898
HAP1_chr19	HAP2_chr15	13	3454465	7125681	7922995	0.297947	0.484791	0.059883	False	1366.0354
HAP1_chr19	HAP2_chr15	15	1823709	10112005	11716993	0.091161	0.180351	0.119281	False	3412.2965
HAP1_chr19	HAP2_chr15	17	1147336	10913586	12776868	0.050895	0.105129	0.137322	False	8877.7129
HAP1_chr19	HAP2_chr15	19	961476	11252278	13220548	0.040894	0.085447	0.133879	False	29191.6895
HAP1_chr19	HAP2_chr15	23	799951	11676341	13763461	0.032466	0.068510	0.120277	False	374298.9382
HAP1_chr19	HAP2_chr18	11	1569183	1756593	1754152	0.808206	0.894554	0.010193	False	82.4076
HAP1_chr19	HAP2_chr18	13	3086514	7125681	6943926	0.281024	0.444491	0.063371	False	1327.3772
HAP1_chr19	HAP2_chr18	15	1555443	10112005	9721359	0.085100	0.160003	0.123497	False	3207.1160
HAP1_chr19	HAP2_chr18	17	984690	10913586	10474208	0.048262	0.094011	0.140300	False	8420.5573
HAP1_chr19	HAP2_chr18	19	831039	11252278	10808975	0.039144	0.076884	0.136092	False	27906.2276
HAP1_chr19	HAP2_chr18	23	696969	11676341	11244443	0.031361	0.061983	0.121735	False	360797.6337
HAP1_chr19	HAP2_chr16	11	1649134	1756593	1875396	0.831697	0.938825	0.008762	False	62.4620
HAP1_chr19	HAP2_chr16	13	3765010	7125681	9231562	0.298995	0.528372	0.059675	False	1288.8428
HAP1_chr19	HAP2_chr16	15	1847343	10112005	14170650	0.082341	0.182688	0.125524	False	3059.1361
HAP1_chr19	HAP2_chr16	17	1041438	10913586	15390938	0.041224	0.095426	0.149176	False	7307.6899
HAP1_chr19	HAP2_chr16	19	841787	11252278	15784249	0.032136	0.074810	0.146119	False	23380.7116
HAP1_chr19	HAP2_chr16	23	688431	11676341	16190750	0.025330	0.058959	0.130767	False	296992.2132
HAP1_chr19	HAP2_chr17	11	1621203	1756593	1830609	0.824620	0.922925	0.009187	False	70.9604
HAP1_chr19	HAP2_chr17	13	3502697	7125681	8240648	0.295247	0.491560	0.060423	False	1324.9153
HAP1_chr19	HAP2_chr17	15	1784480	10112005	12197774	0.086941	0.176471	0.122183	False	3243.6359
HAP1_chr19	HAP2_chr17	17	1091509	10913586	13269618	0.047268	0.100014	0.141468	False	8276.5426
HAP1_chr19	HAP2_chr17	19	913975	11252278	13709289	0.038007	0.081226	0.137586	False	27247.5769
HAP1_chr19	HAP2_chr17	23	768233	11676341	14252006	0.030534	0.065794	0.122863	False	353243.1950
HAP1_chr19	HAP2_chr07	11	1573969	1756593	1758901	0.810687	0.896035	0.010039	False	82.9621
HAP1_chr19	HAP2_chr07	13	3212760	7125681	7240106	0.288062	0.450871	0.061890	False	1351.0323
HAP1_chr19	HAP2_chr07	15	1651239	10112005	10421927	0.087447	0.163295	0.121827	False	3283.8834
HAP1_chr19	HAP2_chr07	17	1037267	10913586	11338838	0.048893	0.095044	0.139571	False	8522.0386
HAP1_chr19	HAP2_chr07	19	873185	11252278	11754937	0.039450	0.077601	0.135698	False	28115.8929
HAP1_chr19	HAP2_chr07	23	733020	11676341	12293816	0.031545	0.062778	0.121489	False	362903.8455
HAP1_chr19	HAP2_chr19	11	1676866	1756593	1700238	0.942078	0.986254	0.002753	False	211.7796
HAP1_chr19	HAP2_chr19	13	6046253	7125681	6349723	0.813855	0.952207	0.008329	False	4045.5744
HAP1_chr19	HAP2_chr19	15	8126248	10112005	8710089	0.759757	0.932970	0.009786	False	19657.9259
HAP1_chr19	HAP2_chr19	17	8617683	10913586	9328904	0.741318	0.923762	0.009460	False	79047.5965
HAP1_chr19	HAP2_chr19	19	8795940	11252278	9592131	0.730046	0.916995	0.008929	False	313848.9097
HAP1_chr19	HAP2_chr19	23	8980840	11676341	9920765	0.711846	0.905257	0.008014	False	4949550.2342
HAP1_chr19	HAP2_chr20	11	1536098	1756593	1707604	0.796690	0.899563	0.010917	False	88.4598
HAP1_chr19	HAP2_chr20	13	2916243	7125681	6447496	0.273647	0.452306	0.064973	False	1322.1113
HAP1_chr19	HAP2_chr20	15	1438789	10112005	8910664	0.081824	0.161468	0.125912	False	3102.3570
HAP1_chr19	HAP2_chr20	17	895299	10913586	9575366	0.045693	0.093500	0.143373	False	8006.8154
HAP1_chr19	HAP2_chr20	19	753528	11252278	9867294	0.036999	0.076366	0.138950	False	26483.1233
HAP1_chr19	HAP2_chr20	23	633646	11676341	10242168	0.029770	0.061866	0.123933	False	343692.4073
HAP1_chr19	HAP2_chr22	11	1509020	1756593	1670517	0.786731	0.903325	0.011555	False	92.8064
HAP1_chr19	HAP2_chr22	13	2778723	7125681	6040646	0.267504	0.460004	0.066348	False	1320.7740
HAP1_chr19	HAP2_chr22	15	1359908	10112005	8216329	0.080143	0.165513	0.127192	False	3063.5114
HAP1_chr19	HAP2_chr22	17	848993	10913586	8800212	0.045004	0.096474	0.144228	False	7923.3955
HAP1_chr19	HAP2_chr22	19	714769	11252278	9060039	0.036472	0.078892	0.139678	False	26217.0875
HAP1_chr19	HAP2_chr22	23	599190	11676341	9392238	0.029272	0.063796	0.124644	False	339390.1787
HAP1_chr19	HAP2_chr21	11	1559899	1756593	1740450	0.805257	0.896262	0.010377	False	84.5475
HAP1_chr19	HAP2_chr21	13	3070555	7125681	6927352	0.279587	0.443251	0.063679	False	1318.7083
HAP1_chr19	HAP2_chr21	15	1498502	10112005	9749738	0.081603	0.153697	0.126079	False	3068.3223
HAP1_chr19	HAP2_chr21	17	909034	10913586	10481481	0.044373	0.086728	0.145023	False	7761.9488
HAP1_chr19	HAP2_chr21	19	756159	11252278	10776712	0.035546	0.070166	0.140985	False	25427.1474
HAP1_chr19	HAP2_chr21	23	629800	11676341	11129001	0.028401	0.056591	0.125922	False	327712.8994
HAP1_chr19	HAP2_chr23	11	1560222	1756593	1740516	0.805531	0.896413	0.010360	False	84.7677
HAP1_chr19	HAP2_chr23	13	3079009	7125681	6913236	0.280934	0.445379	0.063391	False	1329.5052
HAP1_chr19	HAP2_chr23	15	1523806	10112005	9735989	0.083158	0.156513	0.124916	False	3130.1829
HAP1_chr19	HAP2_chr23	17	939433	10913586	10491711	0.045902	0.089540	0.143116	False	8021.3490
HAP1_chr19	HAP2_chr23	19	786351	11252278	10813251	0.036954	0.072721	0.139012	False	26398.7753
HAP1_chr19	HAP2_chr23	23	656641	11676341	11210512	0.029538	0.058574	0.124262	False	340435.0986
HAP1_chr19	HAP2_chr24	11	1563742	1756593	1746750	0.806218	0.895229	0.010317	False	83.2094
HAP1_chr19	HAP2_chr24	13	3078531	7125681	6932666	0.280381	0.444062	0.063509	False	1323.8462
HAP1_chr19	HAP2_chr24	15	1525027	10112005	9710842	0.083345	0.157044	0.124778	False	3138.1957
HAP1_chr19	HAP2_chr24	17	942226	10913586	10421673	0.046203	0.090410	0.142748	False	8073.3030
HAP1_chr19	HAP2_chr24	19	787013	11252278	10707211	0.037172	0.073503	0.138714	False	26551.8271
HAP1_chr19	HAP2_chr24	23	652691	11676341	11048947	0.029570	0.059073	0.124217	False	340852.3219
HAP1_chr19	HAP2_chr25	11	1496318	1756593	1652327	0.782347	0.905582	0.011840	False	95.4699
HAP1_chr19	HAP2_chr25	13	2695886	7125681	5856933	0.262074	0.460290	0.067595	False	1302.0337
HAP1_chr19	HAP2_chr25	15	1279437	10112005	7847891	0.076703	0.163029	0.129905	False	2943.3436
HAP1_chr19	HAP2_chr25	17	785128	10913586	8334301	0.042525	0.094204	0.147421	False	7526.9668
HAP1_chr19	HAP2_chr25	19	655867	11252278	8530821	0.034290	0.076882	0.142815	False	24790.9024
HAP1_chr19	HAP2_chr25	23	544652	11676341	8768493	0.027369	0.062115	0.127487	False	319283.0182
HAP1_chr19	HAP2_chr26	11	1524501	1756593	1692364	0.792172	0.900812	0.011205	False	89.8384
HAP1_chr19	HAP2_chr26	13	2814683	7125681	6190440	0.268028	0.454682	0.066229	False	1308.3154
HAP1_chr19	HAP2_chr26	15	1375716	10112005	8368839	0.080427	0.164386	0.126974	False	3068.0502
HAP1_chr19	HAP2_chr26	17	867678	10913586	8904372	0.045787	0.097444	0.143257	False	8051.3445
HAP1_chr19	HAP2_chr26	19	733695	11252278	9117717	0.037364	0.080469	0.138451	False	26826.5678
HAP1_chr19	HAP2_chr26	23	615962	11676341	9371550	0.030147	0.065727	0.123401	False	349275.0246
HAP1_chr20	HAP1_chr21	11	1529090	1711472	1742327	0.794453	0.893436	0.011060	False	89.8903
HAP1_chr20	HAP1_chr21	13	2882323	6490457	6944609	0.273135	0.444086	0.065086	False	1327.8786
HAP1_chr20	HAP1_chr21	15	1428873	8988729	9781299	0.082398	0.158963	0.125482	False	3126.1847
HAP1_chr20	HAP1_chr21	17	891493	9665961	10518678	0.046208	0.092230	0.142743	False	8085.4657
HAP1_chr20	HAP1_chr21	19	747103	9964401	10816829	0.037292	0.074977	0.138550	False	26650.3984
HAP1_chr20	HAP1_chr21	23	622163	10349545	11173336	0.029768	0.060115	0.123936	False	343182.1812
HAP1_chr20	HAP1_chr22	11	1503550	1711472	1704026	0.786397	0.882352	0.011577	False	95.7430
HAP1_chr20	HAP1_chr22	13	2733019	6490457	6405553	0.268919	0.426664	0.066028	False	1342.1660
HAP1_chr20	HAP1_chr22	15	1383108	8988729	8841730	0.084093	0.156430	0.124229	False	3210.0341
HAP1_chr20	HAP1_chr22	17	893266	9665961	9505777	0.048870	0.093971	0.139598	False	8533.5060
HAP1_chr20	HAP1_chr22	19	758972	9964401	9805074	0.039924	0.077406	0.135094	False	28439.5471
HAP1_chr20	HAP1_chr22	23	638011	10349545	10195462	0.032050	0.062578	0.120820	False	368414.6943
HAP1_chr20	HAP1_chr23	11	1537632	1711472	1753511	0.797796	0.898427	0.010847	False	89.1140
HAP1_chr20	HAP1_chr23	13	2929712	6490457	7067544	0.275652	0.451388	0.064533	False	1336.4717
HAP1_chr20	HAP1_chr23	15	1478680	8988729	10003276	0.084432	0.164504	0.123981	False	3203.9271
HAP1_chr20	HAP1_chr23	17	935577	9665961	10789591	0.047929	0.096791	0.140688	False	8380.6296
HAP1_chr20	HAP1_chr23	19	786386	9964401	11123421	0.038735	0.078920	0.136624	False	27663.0653
HAP1_chr20	HAP1_chr23	23	652967	10349545	11537178	0.030751	0.063091	0.122564	False	354448.7534
HAP1_chr20	HAP1_chr24	11	1531390	1711472	1746189	0.795002	0.894779	0.011024	False	89.0773
HAP1_chr20	HAP1_chr24	13	2857995	6490457	6912850	0.271020	0.440338	0.065556	False	1315.1994
HAP1_chr20	HAP1_chr24	15	1395776	8988729	9670718	0.080850	0.155281	0.126650	False	3066.3566
HAP1_chr20	HAP1_chr24	17	868396	9665961	10375760	0.045292	0.089841	0.143869	False	7928.6932
HAP1_chr20	HAP1_chr24	19	731377	9964401	10659044	0.036767	0.073399	0.139269	False	26281.6342
HAP1_chr20	HAP1_chr24	23	614732	10349545	10997536	0.029651	0.059397	0.124102	False	341782.7291
HAP1_chr20	HAP1_chr25	11	1466794	1711472	1652760	0.773039	0.887482	0.012452	False	101.5923
HAP1_chr20	HAP1_chr25	13	2512481	6490457	5875803	0.254976	0.427598	0.069273	False	1290.6158
HAP1_chr20	HAP1_chr25	15	1171926	8988729	7878851	0.074666	0.148743	0.131573	False	2863.4701
HAP1_chr20	HAP1_chr25	17	720320	9665961	8364267	0.041613	0.086119	0.148645	False	7327.7704
HAP1_chr20	HAP1_chr25	19	605237	9964401	8557390	0.033781	0.070727	0.143576	False	24273.8528
HAP1_chr20	HAP1_chr25	23	507958	10349545	8789357	0.027264	0.057792	0.127649	False	315908.5030
HAP1_chr20	HAP1_chr26	11	1488467	1711472	1686479	0.779513	0.882589	0.012025	False	95.5895
HAP1_chr20	HAP1_chr26	13	2576972	6490457	6131968	0.256531	0.420252	0.068901	False	1277.0890
HAP1_chr20	HAP1_chr26	15	1201450	8988729	8274002	0.074804	0.145208	0.131458	False	2855.8049
HAP1_chr20	HAP1_chr26	17	734642	9665961	8799975	0.041432	0.083482	0.148891	False	7283.0574
HAP1_chr20	HAP1_chr26	19	614104	9964401	9008407	0.033450	0.068170	0.144076	False	24004.0830
HAP1_chr20	HAP1_chr26	23	511200	10349545	9253365	0.026776	0.055245	0.128414	False	309851.0412
HAP1_chr20	HAP2_chr01	11	1657895	1711472	1956191	0.824919	0.968695	0.009169	False	48.6429
HAP1_chr20	HAP2_chr01	13	4135970	6490457	11594047	0.296516	0.637239	0.060168	False	1264.2852
HAP1_chr20	HAP2_chr01	15	2294180	8988729	19936069	0.086148	0.255229	0.122745	False	3393.1997
HAP1_chr20	HAP2_chr01	17	1374422	9665961	22404348	0.044775	0.142192	0.144515	False	8497.4022
HAP1_chr20	HAP2_chr01	19	1133773	9964401	23312721	0.035272	0.113782	0.141377	False	27536.6457
HAP1_chr20	HAP2_chr01	23	945808	10349545	24358453	0.028014	0.091386	0.126502	False	353336.9985
HAP1_chr20	HAP2_chr02	11	1652522	1711472	1944775	0.824725	0.965556	0.009181	False	51.9157
HAP1_chr20	HAP2_chr02	13	4053735	6490457	11207989	0.297092	0.624569	0.060053	False	1280.7408
HAP1_chr20	HAP2_chr02	15	2237280	8988729	18930484	0.087115	0.248898	0.122060	False	3410.9936
HAP1_chr20	HAP2_chr02	17	1355513	9665961	21212559	0.045914	0.140236	0.143102	False	8619.1366
HAP1_chr20	HAP2_chr02	19	1123588	9964401	22080660	0.036337	0.112760	0.139867	False	28042.1414
HAP1_chr20	HAP2_chr02	23	938439	10349545	23100878	0.028864	0.090674	0.125237	False	360000.3591
HAP1_chr20	HAP2_chr03	11	1660275	1711472	1963081	0.824253	0.970086	0.009209	False	45.9954
HAP1_chr20	HAP2_chr03	13	4126092	6490457	11634879	0.294737	0.635717	0.060526	False	1250.2154
HAP1_chr20	HAP2_chr03	15	2255198	8988729	19905925	0.084656	0.250892	0.123818	False	3329.1181
HAP1_chr20	HAP2_chr03	17	1333016	9665961	22313308	0.043497	0.137908	0.146147	False	8254.0575
HAP1_chr20	HAP2_chr03	19	1093901	9964401	23191431	0.034118	0.109781	0.143070	False	26636.3993
HAP1_chr20	HAP2_chr03	23	908138	10349545	24190163	0.027003	0.087747	0.128057	False	340442.1482
HAP1_chr20	HAP2_chr04	11	1647904	1711472	1937260	0.823611	0.962858	0.009248	False	53.2212
HAP1_chr20	HAP2_chr04	13	3963667	6490457	10898284	0.295244	0.610692	0.060424	False	1278.0376
HAP1_chr20	HAP2_chr04	15	2128006	8988729	18070854	0.085354	0.236742	0.123314	False	3318.6861
HAP1_chr20	HAP2_chr04	17	1272652	9665961	20103510	0.044659	0.131663	0.144661	False	8311.0706
HAP1_chr20	HAP2_chr04	19	1053147	9964401	20853426	0.035382	0.105691	0.141219	False	27046.1650
HAP1_chr20	HAP2_chr04	23	882507	10349545	21714248	0.028302	0.085270	0.126068	False	349186.0559
HAP1_chr20	HAP2_chr06	11	1601980	1711472	1856147	0.814992	0.936025	0.009774	False	70.8424
HAP1_chr20	HAP2_chr06	13	3451422	6490457	8915399	0.288715	0.531769	0.061755	False	1315.0331
HAP1_chr20	HAP2_chr06	15	1762528	8988729	13659620	0.084389	0.196082	0.124013	False	3207.3254
HAP1_chr20	HAP2_chr06	17	1064835	9665961	14950852	0.045212	0.110163	0.143968	False	8079.8893
HAP1_chr20	HAP2_chr06	19	888389	9964401	15462891	0.036203	0.089156	0.140054	False	26499.5659
HAP1_chr20	HAP2_chr06	23	748857	10349545	16092268	0.029146	0.072357	0.124826	False	344192.8101
HAP1_chr20	HAP2_chr09	11	1588517	1711472	1835654	0.811043	0.928158	0.010017	False	73.9013
HAP1_chr20	HAP2_chr09	13	3299259	6490457	8400787	0.284616	0.508325	0.062610	False	1313.4324
HAP1_chr20	HAP2_chr09	15	1668209	8988729	12520506	0.084079	0.185589	0.124239	False	3185.7028
HAP1_chr20	HAP2_chr09	17	1018277	9665961	13598702	0.045773	0.105347	0.143275	False	8107.9996
HAP1_chr20	HAP2_chr09	19	848004	9964401	14008836	0.036670	0.085103	0.139403	False	26576.9864
HAP1_chr20	HAP2_chr09	23	704546	10349545	14488605	0.029194	0.068075	0.124758	False	341277.5451
HAP1_chr20	HAP2_chr08	11	1612764	1711472	1850664	0.827325	0.942326	0.009024	False	83.3633
HAP1_chr20	HAP2_chr08	13	3893542	6490457	8796322	0.341742	0.599887	0.051886	False	1680.5052
HAP1_chr20	HAP2_chr08	15	2775937	8988729	13405860	0.141495	0.308824	0.092979	False	5385.5679
HAP1_chr20	HAP2_chr08	17	2106624	9665961	14664144	0.094793	0.217943	0.103146	False	16271.0613
HAP1_chr20	HAP2_chr08	19	1834727	9964401	15167024	0.078755	0.184128	0.101267	False	55295.5549
HAP1_chr20	HAP2_chr08	23	1512128	10349545	15783256	0.061417	0.146106	0.093762	False	701783.5683
HAP1_chr20	HAP2_chr11	11	1613508	1711472	1875256	0.817703	0.942760	0.009607	False	67.1932
HAP1_chr20	HAP2_chr11	13	3602736	6490457	9396976	0.293270	0.555082	0.060822	False	1324.0339
HAP1_chr20	HAP2_chr11	15	1909524	8988729	14824614	0.087178	0.212435	0.122016	False	3334.6245
HAP1_chr20	HAP2_chr11	17	1167555	9665961	16402565	0.046888	0.120790	0.141922	False	8458.1133
HAP1_chr20	HAP2_chr11	19	968774	9964401	17052685	0.037191	0.097224	0.138687	False	27516.9833
HAP1_chr20	HAP2_chr11	23	803147	10349545	17855262	0.029310	0.077602	0.124590	False	350447.8191
HAP1_chr20	HAP2_chr12	11	1636171	1711472	1916305	0.821533	0.956002	0.009374	False	57.8040
HAP1_chr20	HAP2_chr12	13	3772961	6490457	10157744	0.293040	0.581309	0.060869	False	1289.9447
HAP1_chr20	HAP2_chr12	15	1987955	8988729	16248346	0.085507	0.221161	0.123204	False	3289.8510
HAP1_chr20	HAP2_chr12	17	1201758	9665961	17907770	0.045570	0.124329	0.143525	False	8323.8589
HAP1_chr20	HAP2_chr12	19	999315	9964401	18511531	0.036370	0.100289	0.139821	False	27241.2418
HAP1_chr20	HAP2_chr12	23	839189	10349545	19196363	0.029233	0.081085	0.124701	False	353151.9895
HAP1_chr20	HAP2_chr13	11	1550389	1711472	1773388	0.801454	0.905880	0.010616	False	85.7333
HAP1_chr20	HAP2_chr13	13	3053167	6490457	7463531	0.280086	0.470409	0.063572	False	1339.5339
HAP1_chr20	HAP2_chr13	15	1545680	8988729	10811655	0.084673	0.171958	0.123806	False	3207.4874
HAP1_chr20	HAP2_chr13	17	958612	9665961	11714892	0.046940	0.099174	0.141860	False	8234.4098
HAP1_chr20	HAP2_chr13	19	801093	9964401	12084487	0.037702	0.080395	0.137994	False	27034.7846
HAP1_chr20	HAP2_chr13	23	666495	10349545	12533334	0.030000	0.064398	0.123607	False	347116.6618
HAP1_chr20	HAP2_chr05	11	1642085	1711472	1927047	0.822509	0.959458	0.009315	False	55.3681
HAP1_chr20	HAP2_chr05	13	3873421	6490457	10709499	0.290655	0.596787	0.061356	False	1251.9225
HAP1_chr20	HAP2_chr05	15	1950541	8988729	17601194	0.079164	0.216999	0.127952	False	3050.2474
HAP1_chr20	HAP2_chr05	17	1082217	9665961	19429478	0.038632	0.111962	0.152848	False	7171.2124
HAP1_chr20	HAP2_chr05	19	869135	9964401	20016096	0.029856	0.087224	0.149877	False	22777.2419
HAP1_chr20	HAP2_chr05	23	713824	10349545	20608717	0.023602	0.068972	0.133766	False	289918.7166
HAP1_chr20	HAP2_chr10	11	1624088	1711472	1895187	0.819183	0.948942	0.009517	False	62.2673
HAP1_chr20	HAP2_chr10	13	3644781	6490457	9712491	0.290232	0.561560	0.061442	False	1288.4991
HAP1_chr20	HAP2_chr10	15	1866714	8988729	15325642	0.083159	0.207673	0.124916	False	3178.5907
HAP1_chr20	HAP2_chr10	17	1101634	9665961	16850568	0.043346	0.113970	0.146343	False	7862.5296
HAP1_chr20	HAP2_chr10	19	907192	9964401	17412284	0.034273	0.091043	0.142839	False	25497.4002
HAP1_chr20	HAP2_chr10	23	756361	10349545	18052398	0.027359	0.073082	0.127502	False	328225.9411
HAP1_chr20	HAP2_chr14	11	1611859	1711472	1872511	0.817321	0.941797	0.009631	False	67.7207
HAP1_chr20	HAP2_chr14	13	3575792	6490457	9287321	0.293050	0.550931	0.060867	False	1327.5497
HAP1_chr20	HAP2_chr14	15	1888584	8988729	14504228	0.087417	0.210106	0.121848	False	3339.6454
HAP1_chr20	HAP2_chr14	17	1161841	9665961	15955961	0.047499	0.120199	0.141194	False	8536.7740
HAP1_chr20	HAP2_chr14	19	968470	9964401	16521915	0.037953	0.097193	0.137659	False	27947.8121
HAP1_chr20	HAP2_chr14	23	808344	10349545	17192812	0.030237	0.078104	0.123276	False	359446.5492
HAP1_chr20	HAP2_chr15	11	1569954	1711472	1801610	0.807952	0.917312	0.010209	False	82.2001
HAP1_chr20	HAP2_chr15	13	3204082	6490457	7922995	0.285840	0.493660	0.062353	False	1350.2283
HAP1_chr20	HAP2_chr15	15	1659488	8988729	11716993	0.087129	0.184619	0.122050	False	3303.8081
HAP1_chr20	HAP2_chr15	17	1043062	9665961	12776868	0.048742	0.107911	0.139745	False	8579.1143
HAP1_chr20	HAP2_chr15	19	878171	9964401	13220548	0.039368	0.088131	0.135804	False	28334.0989
HAP1_chr20	HAP2_chr15	23	739123	10349545	13763461	0.031622	0.071416	0.121387	False	367337.0919
HAP1_chr20	HAP2_chr18	11	1536451	1711472	1754152	0.796430	0.897737	0.010934	False	87.6734
HAP1_chr20	HAP2_chr18	13	2878920	6490457	6943926	0.272742	0.443562	0.065173	False	1325.1216
HAP1_chr20	HAP2_chr18	15	1442943	8988729	9721359	0.083566	0.160528	0.124615	False	3173.1703
HAP1_chr20	HAP2_chr18	17	920408	9665961	10474208	0.047889	0.095222	0.140736	False	8369.4117
HAP1_chr20	HAP2_chr18	19	781043	9964401	10808975	0.039067	0.078383	0.136192	False	27872.5076
HAP1_chr20	HAP2_chr18	23	659865	10349545	11244443	0.031521	0.063758	0.121521	False	362825.8462
HAP1_chr20	HAP2_chr16	11	1611551	1711472	1875396	0.815844	0.941617	0.009721	False	65.5165
HAP1_chr20	HAP2_chr16	13	3472765	6490457	9231562	0.283508	0.535057	0.062843	False	1262.5248
HAP1_chr20	HAP2_chr16	15	1655388	8988729	14170650	0.076981	0.184163	0.129681	False	2911.4370
HAP1_chr20	HAP2_chr16	17	922393	9665961	15390938	0.038219	0.095427	0.153458	False	6877.3955
HAP1_chr20	HAP2_chr16	19	743321	9964401	15784249	0.029727	0.074598	0.150098	False	21939.3945
HAP1_chr20	HAP2_chr16	23	610244	10349545	16190750	0.023534	0.058963	0.133888	False	279628.1691
HAP1_chr20	HAP2_chr17	11	1586114	1711472	1830609	0.810910	0.926754	0.010025	False	75.4055
HAP1_chr20	HAP2_chr17	13	3269450	6490457	8240648	0.285251	0.503732	0.062476	False	1327.0570
HAP1_chr20	HAP2_chr17	15	1684810	8988729	12197774	0.086393	0.187436	0.122571	False	3276.2636
HAP1_chr20	HAP2_chr17	17	1058295	9665961	13269618	0.048374	0.109487	0.140170	False	8538.4432
HAP1_chr20	HAP2_chr17	19	892076	9964401	13709289	0.039158	0.089526	0.136075	False	28264.3863
HAP1_chr20	HAP2_chr17	23	748371	10349545	14252006	0.031374	0.072310	0.121718	False	365502.8710
HAP1_chr20	HAP2_chr07	11	1540776	1711472	1758901	0.798496	0.900264	0.010803	False	87.9301
HAP1_chr20	HAP2_chr07	13	3004238	6490457	7240106	0.280081	0.462870	0.063573	False	1355.2189
HAP1_chr20	HAP2_chr07	15	1569764	8988729	10421927	0.087987	0.174637	0.121450	False	3340.1852
HAP1_chr20	HAP2_chr07	17	1013588	9665961	11338838	0.050702	0.104862	0.137536	False	8860.2898
HAP1_chr20	HAP2_chr07	19	857168	9964401	11754937	0.041087	0.086023	0.133641	False	29332.7720
HAP1_chr20	HAP2_chr07	23	712921	10349545	12293816	0.032508	0.068884	0.120222	False	374895.4108
HAP1_chr20	HAP2_chr19	11	1500351	1711472	1700238	0.784966	0.882436	0.011670	False	95.7583
HAP1_chr20	HAP2_chr19	13	2686017	6490457	6349723	0.264524	0.423013	0.067029	False	1315.3872
HAP1_chr20	HAP2_chr19	15	1311571	8988729	8710089	0.080036	0.150581	0.127275	False	3052.6432
HAP1_chr20	HAP2_chr19	17	827575	9665961	9328904	0.045553	0.088711	0.143546	False	7974.8101
HAP1_chr20	HAP2_chr19	19	700733	9964401	9592131	0.037163	0.073053	0.138726	False	26545.6349
HAP1_chr20	HAP2_chr19	23	591666	10349545	9920765	0.030066	0.059639	0.123514	False	346350.7752
HAP1_chr20	HAP2_chr20	11	1693682	1711472	1707604	0.981620	0.991847	0.000847	False	254.2306
HAP1_chr20	HAP2_chr20	13	6280483	6490457	6447496	0.943374	0.974096	0.002275	False	4507.1082
HAP1_chr20	HAP2_chr20	15	8594942	8988729	8910664	0.923745	0.964568	0.002696	False	21865.9880
HAP1_chr20	HAP2_chr20	17	9188886	9665961	9575366	0.914095	0.959638	0.002701	False	88419.4952
HAP1_chr20	HAP2_chr20	19	9431950	9964401	9867294	0.906941	0.955880	0.002633	False	352613.4192
HAP1_chr20	HAP2_chr20	23	9722716	10349545	10242168	0.894537	0.949283	0.002490	False	5601518.7224
HAP1_chr20	HAP2_chr22	11	1479756	1711472	1670517	0.777905	0.885807	0.012131	False	99.7411
HAP1_chr20	HAP2_chr22	13	2606239	6490457	6040646	0.262597	0.431450	0.067474	False	1330.1232
HAP1_chr20	HAP2_chr22	15	1296947	8988729	8216329	0.081527	0.157850	0.126136	False	3125.8896
HAP1_chr20	HAP2_chr22	17	830049	9665961	8800212	0.047065	0.094321	0.141710	False	8241.7082
HAP1_chr20	HAP2_chr22	19	699711	9964401	9060039	0.038184	0.077230	0.137351	False	27275.6495
HAP1_chr20	HAP2_chr22	23	579698	10349545	9392238	0.030252	0.061721	0.123254	False	348762.2426
HAP1_chr20	HAP2_chr21	11	1527987	1711472	1740450	0.794199	0.892791	0.011076	False	90.2986
HAP1_chr20	HAP2_chr21	13	2875284	6490457	6927352	0.272732	0.443002	0.065176	False	1326.3343
HAP1_chr20	HAP2_chr21	15	1421168	8988729	9749738	0.082066	0.158106	0.125730	False	3113.4779
HAP1_chr20	HAP2_chr21	17	884283	9665961	10481481	0.045905	0.091484	0.143112	False	8033.7963
HAP1_chr20	HAP2_chr21	19	740089	9964401	10776712	0.037003	0.074273	0.138945	False	26449.1307
HAP1_chr20	HAP2_chr21	23	615434	10349545	11129001	0.029499	0.059465	0.124319	False	340145.9924
HAP1_chr20	HAP2_chr23	11	1528903	1711472	1740516	0.795026	0.893326	0.011023	False	91.0202
HAP1_chr20	HAP2_chr23	13	2879826	6490457	6913236	0.273647	0.443702	0.064973	False	1333.9767
HAP1_chr20	HAP2_chr23	15	1443206	8988729	9735989	0.083512	0.160557	0.124655	False	3170.8300
HAP1_chr20	HAP2_chr23	17	908915	9665961	10491711	0.047219	0.094033	0.141526	False	8256.4714
HAP1_chr20	HAP2_chr23	19	761483	9964401	10813251	0.038043	0.076420	0.137538	False	27168.3988
HAP1_chr20	HAP2_chr23	23	629120	10349545	11210512	0.030057	0.060787	0.123527	False	346443.7775
HAP1_chr20	HAP2_chr24	11	1531815	1711472	1746750	0.795167	0.895028	0.011014	False	89.0355
HAP1_chr20	HAP2_chr24	13	2865823	6490457	6932666	0.271454	0.441544	0.065460	False	1316.7682
HAP1_chr20	HAP2_chr24	15	1401638	8988729	9710842	0.081029	0.155933	0.126514	False	3072.8871
HAP1_chr20	HAP2_chr24	17	873116	9665961	10421673	0.045440	0.090329	0.143685	False	7954.3177
HAP1_chr20	HAP2_chr24	19	736085	9964401	10707211	0.036923	0.073871	0.139054	False	26391.3045
HAP1_chr20	HAP2_chr24	23	619921	10349545	11048947	0.029835	0.059898	0.123841	False	343864.9418
HAP1_chr20	HAP2_chr25	11	1466441	1711472	1652327	0.772886	0.887500	0.012462	False	101.6059
HAP1_chr20	HAP2_chr25	13	2506222	6490457	5856933	0.254667	0.427907	0.069348	False	1290.2421
HAP1_chr20	HAP2_chr25	15	1168687	8988729	7847891	0.074591	0.148917	0.131635	False	2861.6072
HAP1_chr20	HAP2_chr25	17	718055	9665961	8334301	0.041549	0.086157	0.148732	False	7317.8916
HAP1_chr20	HAP2_chr25	19	602113	9964401	8530821	0.033651	0.070581	0.143772	False	24186.0850
HAP1_chr20	HAP2_chr25	23	502875	10349545	8768493	0.027014	0.057350	0.128039	False	313119.1375
HAP1_chr20	HAP2_chr26	11	1493148	1711472	1692364	0.781471	0.882285	0.011897	False	95.3195
HAP1_chr20	HAP2_chr26	13	2603063	6490457	6190440	0.258296	0.420497	0.068482	False	1284.5507
HAP1_chr20	HAP2_chr26	15	1225883	8988729	8368839	0.075992	0.146482	0.130481	False	2900.6082
HAP1_chr20	HAP2_chr26	17	758120	9665961	8904372	0.042562	0.085140	0.147372	False	7473.6119
HAP1_chr20	HAP2_chr26	19	638621	9964401	9117717	0.034626	0.070042	0.142318	False	24813.0237
HAP1_chr20	HAP2_chr26	23	538269	10349545	9371550	0.028060	0.057436	0.126432	False	324194.5465
HAP1_chr21	HAP1_chr22	11	1524271	1742327	1704026	0.793031	0.894512	0.011150	False	91.2355
HAP1_chr21	HAP1_chr22	13	2864543	6944609	6405553	0.273188	0.447197	0.065075	False	1336.4695
HAP1_chr21	HAP1_chr22	15	1431109	9781299	8841730	0.083243	0.161858	0.124853	False	3164.3088
HAP1_chr21	HAP1_chr22	17	900975	10518678	9505777	0.047114	0.094782	0.141652	False	8243.0103
HAP1_chr21	HAP1_chr22	19	756017	10816829	9805074	0.038056	0.077105	0.137521	False	27187.3914
HAP1_chr21	HAP1_chr22	23	626005	11173336	10195462	0.030179	0.061400	0.123356	False	347900.9171
HAP1_chr21	HAP1_chr23	11	1558993	1742327	1753511	0.804914	0.894776	0.010399	False	84.6444
HAP1_chr21	HAP1_chr23	13	3063813	6944609	7067544	0.279843	0.441179	0.063624	False	1323.8189
HAP1_chr21	HAP1_chr23	15	1509100	9781299	10003276	0.082575	0.154284	0.125349	False	3108.0442
HAP1_chr21	HAP1_chr23	17	917078	10518678	10789591	0.044974	0.087186	0.144265	False	7863.4982
HAP1_chr21	HAP1_chr23	19	757812	10816829	11123421	0.035775	0.070059	0.140658	False	25582.6324
HAP1_chr21	HAP1_chr23	23	619671	11173336	11537178	0.028051	0.055460	0.126446	False	323736.9574
HAP1_chr21	HAP1_chr24	11	1574222	1742327	1746189	0.822351	0.903517	0.009324	False	102.5160
HAP1_chr21	HAP1_chr24	13	3587670	6944609	6912850	0.349342	0.518986	0.050629	False	1803.2764
HAP1_chr21	HAP1_chr24	15	2630185	9781299	9670718	0.156355	0.271974	0.087183	False	5846.2945
HAP1_chr21	HAP1_chr24	17	2054814	10518678	10375760	0.109069	0.198040	0.095656	False	18116.8716
HAP1_chr21	HAP1_chr24	19	1792362	10816829	10659044	0.091059	0.168154	0.094224	False	61854.0617
HAP1_chr21	HAP1_chr24	23	1458899	11173336	10997536	0.070437	0.132657	0.088172	False	780656.4706
HAP1_chr21	HAP1_chr25	11	1485831	1742327	1652760	0.778225	0.899000	0.012110	False	96.1831
HAP1_chr21	HAP1_chr25	13	2622792	6944609	5875803	0.257196	0.446372	0.068742	False	1275.6162
HAP1_chr21	HAP1_chr25	15	1192516	9781299	7878851	0.072416	0.151357	0.133473	False	2768.6529
HAP1_chr21	HAP1_chr25	17	702392	10518678	8364267	0.038634	0.083975	0.152846	False	6839.1230
HAP1_chr21	HAP1_chr25	19	580719	10816829	8557390	0.030900	0.067862	0.148120	False	22350.9684
HAP1_chr21	HAP1_chr25	23	481104	11173336	8789357	0.024695	0.054737	0.131843	False	287966.1027
HAP1_chr21	HAP1_chr26	11	1509708	1742327	1686479	0.786676	0.895183	0.011559	False	91.7217
HAP1_chr21	HAP1_chr26	13	2718523	6944609	6131968	0.262455	0.443336	0.067507	False	1286.6030
HAP1_chr21	HAP1_chr26	15	1280485	9781299	8274002	0.076334	0.154760	0.130204	False	2909.7619
HAP1_chr21	HAP1_chr26	17	777858	10518678	8799975	0.041954	0.088393	0.148184	False	7389.5074
HAP1_chr21	HAP1_chr26	19	647284	10816829	9008407	0.033751	0.071853	0.143620	False	24282.8611
HAP1_chr21	HAP1_chr26	23	537219	11173336	9253365	0.027010	0.058057	0.128045	False	313388.1819
HAP1_chr21	HAP2_chr01	11	1685116	1742327	1956191	0.836950	0.967164	0.008450	False	46.9865
HAP1_chr21	HAP2_chr01	13	4379299	6944609	11594047	0.309287	0.630604	0.057679	False	1278.0264
HAP1_chr21	HAP2_chr01	15	2431724	9781299	19936069	0.089121	0.248610	0.120666	False	3432.2104
HAP1_chr21	HAP2_chr01	17	1433237	10518678	22404348	0.045514	0.136256	0.143594	False	8487.3552
HAP1_chr21	HAP2_chr01	19	1170933	10816829	23312721	0.035527	0.108251	0.141011	False	27293.5141
HAP1_chr21	HAP2_chr01	23	963335	11173336	24358453	0.027867	0.086217	0.126723	False	346363.7824
HAP1_chr21	HAP2_chr02	11	1679253	1742327	1944775	0.836344	0.963799	0.008486	False	49.9733
HAP1_chr21	HAP2_chr02	13	4269701	6944609	11207989	0.307551	0.614822	0.058009	False	1280.3521
HAP1_chr21	HAP2_chr02	15	2319492	9781299	18930484	0.087885	0.237135	0.121521	False	3362.2811
HAP1_chr21	HAP2_chr02	17	1359628	10518678	21212559	0.044766	0.129258	0.144526	False	8274.8569
HAP1_chr21	HAP2_chr02	19	1112566	10816829	22080660	0.035003	0.102855	0.141767	False	26646.8456
HAP1_chr21	HAP2_chr02	23	919580	11173336	23100878	0.027570	0.082301	0.127178	False	339512.1199
HAP1_chr21	HAP2_chr03	11	1688106	1742327	1963081	0.836814	0.968880	0.008458	False	44.7630
HAP1_chr21	HAP2_chr03	13	4358917	6944609	11634879	0.306522	0.627669	0.058207	False	1257.2013
HAP1_chr21	HAP2_chr03	15	2358271	9781299	19905925	0.086292	0.241100	0.122643	False	3313.7495
HAP1_chr21	HAP2_chr03	17	1351369	10518678	22313308	0.042927	0.128473	0.146890	False	8010.0513
HAP1_chr21	HAP2_chr03	19	1092684	10816829	23191431	0.033197	0.101017	0.144464	False	25533.4613
HAP1_chr21	HAP2_chr03	23	894530	11173336	24190163	0.025952	0.080059	0.129739	False	322741.8292
HAP1_chr21	HAP2_chr04	11	1674519	1742327	1937260	0.835143	0.961082	0.008557	False	51.2600
HAP1_chr21	HAP2_chr04	13	4174324	6944609	10898284	0.305396	0.601088	0.058424	False	1277.5903
HAP1_chr21	HAP2_chr04	15	2200843	9781299	18070854	0.085798	0.225005	0.122995	False	3261.8376
HAP1_chr21	HAP2_chr04	17	1267210	10518678	20103510	0.043168	0.120472	0.146574	False	7919.6711
HAP1_chr21	HAP2_chr04	19	1033022	10816829	20853426	0.033718	0.095501	0.143671	False	25458.6437
HAP1_chr21	HAP2_chr04	23	856502	11173336	21714248	0.026740	0.076656	0.128472	False	326163.9523
HAP1_chr21	HAP2_chr06	11	1626340	1742327	1856147	0.824660	0.933430	0.009185	False	67.8375
HAP1_chr21	HAP2_chr06	13	3628158	6944609	8915399	0.296616	0.522442	0.060148	False	1312.5827
HAP1_chr21	HAP2_chr06	15	1824040	9781299	13659620	0.084380	0.186482	0.124019	False	3157.5188
HAP1_chr21	HAP2_chr06	17	1068977	10518678	14950852	0.043810	0.101627	0.145743	False	7765.1055
HAP1_chr21	HAP2_chr06	19	881104	10816829	15462891	0.034691	0.081457	0.142223	False	25222.4056
HAP1_chr21	HAP2_chr06	23	736151	11173336	16092268	0.027748	0.065885	0.126904	False	325640.7424
HAP1_chr21	HAP2_chr09	11	1613033	1742327	1835654	0.820904	0.925792	0.009412	False	71.2264
HAP1_chr21	HAP2_chr09	13	3482579	6944609	8400787	0.293571	0.501479	0.060761	False	1322.5563
HAP1_chr21	HAP2_chr09	15	1757337	9781299	12520506	0.085538	0.179663	0.123181	False	3201.8211
HAP1_chr21	HAP2_chr09	17	1052426	10518678	13598702	0.045629	0.100053	0.143452	False	8026.5809
HAP1_chr21	HAP2_chr09	19	867703	10816829	14008836	0.036218	0.080218	0.140034	False	26098.9377
HAP1_chr21	HAP2_chr09	23	714068	11173336	14488605	0.028622	0.063908	0.125593	False	332894.7603
HAP1_chr21	HAP2_chr08	11	1623533	1742327	1850664	0.824355	0.931819	0.009203	False	69.3479
HAP1_chr21	HAP2_chr08	13	3601246	6944609	8796322	0.296651	0.518567	0.060141	False	1319.7569
HAP1_chr21	HAP2_chr08	15	1815599	9781299	13405860	0.084954	0.185619	0.123602	False	3179.5381
HAP1_chr21	HAP2_chr08	17	1071436	10518678	14664144	0.044437	0.101860	0.144942	False	7861.6186
HAP1_chr21	HAP2_chr08	19	882498	10816829	15167024	0.035157	0.081586	0.141544	False	25508.2489
HAP1_chr21	HAP2_chr08	23	732043	11173336	15783256	0.027914	0.065517	0.126652	False	326978.1943
HAP1_chr21	HAP2_chr11	11	1638950	1742327	1875256	0.828324	0.940667	0.008964	False	64.8745
HAP1_chr21	HAP2_chr11	13	3806593	6944609	9396976	0.303677	0.548136	0.058756	False	1334.9863
HAP1_chr21	HAP2_chr11	15	2015216	9781299	14824614	0.089206	0.206027	0.120608	False	3357.9291
HAP1_chr21	HAP2_chr11	17	1211426	10518678	16402565	0.047119	0.115169	0.141645	False	8406.0963
HAP1_chr21	HAP2_chr11	19	995823	10816829	17052685	0.037056	0.092062	0.138872	False	27145.9473
HAP1_chr21	HAP2_chr11	23	814253	11173336	17855262	0.028860	0.072875	0.125244	False	341945.3501
HAP1_chr21	HAP2_chr12	11	1662595	1742327	1916305	0.832948	0.954238	0.008687	False	55.8870
HAP1_chr21	HAP2_chr12	13	3985733	6944609	10157744	0.303869	0.573932	0.058719	False	1298.9788
HAP1_chr21	HAP2_chr12	15	2092928	9781299	16248346	0.087436	0.213972	0.121835	False	3302.5964
HAP1_chr21	HAP2_chr12	17	1238709	10518678	17907770	0.045561	0.117763	0.143535	False	8216.8577
HAP1_chr21	HAP2_chr12	19	1019255	10816829	18511531	0.036004	0.094229	0.140333	False	26665.2341
HAP1_chr21	HAP2_chr12	23	844597	11173336	19196363	0.028606	0.075590	0.125617	False	342074.2598
HAP1_chr21	HAP2_chr13	11	1572580	1742327	1773388	0.809300	0.902575	0.010125	False	81.7574
HAP1_chr21	HAP2_chr13	13	3198666	6944609	7463531	0.285354	0.460597	0.062455	False	1330.7829
HAP1_chr21	HAP2_chr13	15	1586528	9781299	10811655	0.083473	0.162200	0.124684	False	3130.8669
HAP1_chr21	HAP2_chr13	17	949408	10518678	11714892	0.044606	0.090259	0.144728	False	7807.0316
HAP1_chr21	HAP2_chr13	19	780717	10816829	12084487	0.035294	0.072176	0.141347	False	25284.5412
HAP1_chr21	HAP2_chr13	23	638619	11173336	12533334	0.027684	0.057156	0.127002	False	320102.6688
HAP1_chr21	HAP2_chr05	11	1668754	1742327	1927047	0.834118	0.957773	0.008618	False	53.5453
HAP1_chr21	HAP2_chr05	13	4096134	6944609	10709499	0.302120	0.589829	0.059060	False	1262.5267
HAP1_chr21	HAP2_chr05	15	2064677	9781299	17601194	0.081550	0.211084	0.126119	False	3079.7248
HAP1_chr21	HAP2_chr05	17	1122007	10518678	19429478	0.038923	0.106668	0.152424	False	7119.8545
HAP1_chr21	HAP2_chr05	19	891372	10816829	20016096	0.029770	0.082406	0.150023	False	22418.4731
HAP1_chr21	HAP2_chr05	23	725451	11173336	20608717	0.023359	0.064927	0.134205	False	283571.2261
HAP1_chr21	HAP2_chr10	11	1650019	1742327	1895187	0.830200	0.947020	0.008851	False	60.1574
HAP1_chr21	HAP2_chr10	13	3851198	6944609	9712491	0.300736	0.554559	0.059331	False	1298.5263
HAP1_chr21	HAP2_chr10	15	1965050	9781299	15325642	0.084913	0.200899	0.123632	False	3190.3719
HAP1_chr21	HAP2_chr10	17	1137876	10518678	16850568	0.043378	0.108177	0.146301	False	7777.7555
HAP1_chr21	HAP2_chr10	19	930497	10816829	17412284	0.034086	0.086023	0.143118	False	25098.7425
HAP1_chr21	HAP2_chr10	23	772154	11173336	18052398	0.027137	0.069107	0.127847	False	322490.3505
HAP1_chr21	HAP2_chr14	11	1637371	1742327	1872511	0.828014	0.939761	0.008983	False	65.4845
HAP1_chr21	HAP2_chr14	13	3766098	6944609	9287321	0.302114	0.542305	0.059061	False	1330.0052
HAP1_chr21	HAP2_chr14	15	1966350	9781299	14504228	0.088101	0.201032	0.121370	False	3311.1088
HAP1_chr21	HAP2_chr14	17	1171787	10518678	15955961	0.046310	0.111401	0.142618	False	8243.2594
HAP1_chr21	HAP2_chr14	19	961617	10816829	16521915	0.036456	0.088900	0.139700	False	26631.1069
HAP1_chr21	HAP2_chr14	23	788193	11173336	17192812	0.028581	0.070542	0.125655	False	337318.0500
HAP1_chr21	HAP2_chr15	11	1592600	1742327	1801610	0.816158	0.914065	0.009702	False	78.3133
HAP1_chr21	HAP2_chr15	13	3359487	6944609	7922995	0.291923	0.483755	0.061096	False	1342.9480
HAP1_chr21	HAP2_chr15	15	1705613	9781299	11716993	0.086174	0.174375	0.122727	False	3229.5215
HAP1_chr21	HAP2_chr15	17	1032768	10518678	12776868	0.046390	0.098184	0.142522	False	8131.5869
HAP1_chr21	HAP2_chr15	19	855145	10816829	13220548	0.036888	0.079057	0.139102	False	26478.3685
HAP1_chr21	HAP2_chr15	23	708423	11173336	13763461	0.029239	0.063403	0.124692	False	338851.6603
HAP1_chr21	HAP2_chr18	11	1558263	1742327	1754152	0.803968	0.894357	0.010458	False	83.5831
HAP1_chr21	HAP2_chr18	13	3003552	6944609	6943926	0.275935	0.432544	0.064471	False	1306.6249
HAP1_chr21	HAP2_chr18	15	1464763	9781299	9721359	0.081205	0.150675	0.126381	False	3059.6417
HAP1_chr21	HAP2_chr18	17	899657	10518678	10474208	0.044774	0.085893	0.144516	False	7830.5920
HAP1_chr21	HAP2_chr18	19	752021	10816829	10808975	0.036027	0.069574	0.140302	False	25754.3796
HAP1_chr21	HAP2_chr18	23	626904	11173336	11244443	0.028769	0.056107	0.125377	False	331751.6309
HAP1_chr21	HAP2_chr16	11	1637178	1742327	1875396	0.826630	0.939650	0.009066	False	63.3593
HAP1_chr21	HAP2_chr16	13	3667092	6944609	9231562	0.293154	0.528049	0.060846	False	1270.7380
HAP1_chr21	HAP2_chr16	15	1744390	9781299	14170650	0.078549	0.178339	0.128433	False	2924.9809
HAP1_chr21	HAP2_chr16	17	949392	10518678	15390938	0.038036	0.090258	0.153729	False	6778.2768
HAP1_chr21	HAP2_chr16	19	757572	10816829	15784249	0.029314	0.070036	0.150813	False	21458.7367
HAP1_chr21	HAP2_chr16	23	617266	11173336	16190750	0.023078	0.055245	0.134719	False	272219.1841
HAP1_chr21	HAP2_chr17	11	1610427	1742327	1830609	0.820596	0.924297	0.009431	False	72.6100
HAP1_chr21	HAP2_chr17	13	3437839	6944609	8240648	0.292646	0.495037	0.060949	False	1326.4651
HAP1_chr21	HAP2_chr17	15	1755579	9781299	12197774	0.086809	0.179483	0.122276	False	3252.6455
HAP1_chr21	HAP2_chr17	17	1075587	10518678	13269618	0.047356	0.102255	0.141364	False	8310.3563
HAP1_chr21	HAP2_chr17	19	896817	10816829	13709289	0.037954	0.082909	0.137658	False	27269.5826
HAP1_chr21	HAP2_chr17	23	745713	11173336	14252006	0.030216	0.066740	0.123305	False	350521.4125
HAP1_chr21	HAP2_chr07	11	1562888	1742327	1758901	0.806302	0.897012	0.010312	False	84.0323
HAP1_chr21	HAP2_chr07	13	3140212	6944609	7240106	0.284324	0.452180	0.062671	False	1341.1837
HAP1_chr21	HAP2_chr07	15	1593496	9781299	10421927	0.085627	0.162913	0.123118	False	3221.1547
HAP1_chr21	HAP2_chr07	17	985047	10518678	11338838	0.047194	0.093647	0.141557	False	8241.7956
HAP1_chr21	HAP2_chr07	19	817773	10816829	11754937	0.037592	0.075602	0.138143	False	26855.6679
HAP1_chr21	HAP2_chr07	23	670306	11173336	12293816	0.029403	0.059992	0.124455	False	339242.8444
HAP1_chr21	HAP2_chr19	11	1521624	1742327	1700238	0.792124	0.894948	0.011208	False	91.7579
HAP1_chr21	HAP2_chr19	13	2815698	6944609	6349723	0.268708	0.443436	0.066075	False	1309.8033
HAP1_chr21	HAP2_chr19	15	1358963	9781299	8710089	0.079321	0.156022	0.127829	False	3013.0438
HAP1_chr21	HAP2_chr19	17	837895	10518678	9328904	0.044077	0.089817	0.145400	False	7732.6238
HAP1_chr21	HAP2_chr19	19	702506	10816829	9592131	0.035649	0.073238	0.140838	False	25540.5633
HAP1_chr21	HAP2_chr19	23	590732	11173336	9920765	0.028811	0.059545	0.125315	False	332812.0735
HAP1_chr21	HAP2_chr20	11	1526343	1742327	1707604	0.793487	0.893851	0.011121	False	90.3838
HAP1_chr21	HAP2_chr20	13	2866582	6944609	6447496	0.272346	0.444604	0.065261	False	1326.3657
HAP1_chr21	HAP2_chr20	15	1417894	9781299	8910664	0.082082	0.159123	0.125718	False	3116.1301
HAP1_chr21	HAP2_chr20	17	884065	10518678	9575366	0.046021	0.092327	0.142971	False	8056.0519
HAP1_chr21	HAP2_chr20	19	741195	10816829	9867294	0.037166	0.075116	0.138722	False	26569.4837
HAP1_chr21	HAP2_chr20	23	617775	11173336	10242168	0.029704	0.060317	0.124026	False	342543.3717
HAP1_chr21	HAP2_chr22	11	1499851	1742327	1670517	0.784034	0.897836	0.011730	False	95.0486
HAP1_chr21	HAP2_chr22	13	2737372	6944609	6040646	0.267116	0.453159	0.066436	False	1330.0533
HAP1_chr21	HAP2_chr22	15	1356585	9781299	8216329	0.081520	0.165108	0.126141	False	3119.3621
HAP1_chr21	HAP2_chr22	17	853575	10518678	8800212	0.046226	0.096995	0.142721	False	8118.7974
HAP1_chr21	HAP2_chr22	19	714630	10816829	9060039	0.037294	0.078877	0.138547	False	26735.4561
HAP1_chr21	HAP2_chr22	23	588568	11173336	9392238	0.029462	0.062665	0.124371	False	340795.1251
HAP1_chr21	HAP2_chr21	11	1732425	1742327	1740450	0.989758	0.995389	0.000469	False	238.2130
HAP1_chr21	HAP2_chr21	13	6822498	6944609	6927352	0.967804	0.984864	0.001269	False	4500.4661
HAP1_chr21	HAP2_chr21	15	9553108	9781299	9749738	0.957424	0.979832	0.001466	False	22245.0586
HAP1_chr21	HAP2_chr21	17	10245189	10518678	10481481	0.952600	0.977456	0.001446	False	90318.8879
HAP1_chr21	HAP2_chr21	19	10514266	10816829	10776712	0.949003	0.975647	0.001395	False	360998.7720
HAP1_chr21	HAP2_chr21	23	10822809	11173336	11129001	0.942792	0.972487	0.001299	False	5756986.8120
HAP1_chr21	HAP2_chr23	11	1550009	1742327	1740516	0.801936	0.890546	0.010586	False	86.4670
HAP1_chr21	HAP2_chr23	13	3015864	6944609	6913236	0.278165	0.436245	0.063986	False	1325.1250
HAP1_chr21	HAP2_chr23	15	1484053	9781299	9735989	0.082295	0.152430	0.125558	False	3102.5105
HAP1_chr21	HAP2_chr23	17	902940	10518678	10491711	0.044906	0.086062	0.144351	False	7852.8327
HAP1_chr21	HAP2_chr23	19	745364	10816829	10813251	0.035689	0.068931	0.140780	False	25521.0808
HAP1_chr21	HAP2_chr23	23	607299	11173336	11210512	0.027888	0.054353	0.126692	False	321862.7882
HAP1_chr21	HAP2_chr24	11	1574610	1742327	1746750	0.822480	0.903740	0.009317	False	102.4347
HAP1_chr21	HAP2_chr24	13	3595778	6944609	6932666	0.349733	0.518672	0.050565	False	1804.0423
HAP1_chr21	HAP2_chr24	15	2637534	9781299	9710842	0.156487	0.271607	0.087135	False	5849.9377
HAP1_chr21	HAP2_chr24	17	2060579	10518678	10421673	0.109142	0.197721	0.095620	False	18127.4549
HAP1_chr21	HAP2_chr24	19	1797663	10816829	10707211	0.091130	0.167893	0.094186	False	61897.2573
HAP1_chr21	HAP2_chr24	23	1463896	11173336	11048947	0.070521	0.132492	0.088124	False	781505.8098
HAP1_chr21	HAP2_chr25	11	1485785	1742327	1652327	0.778359	0.899208	0.012101	False	96.4634
HAP1_chr21	HAP2_chr25	13	2621074	6944609	5856933	0.257461	0.447516	0.068680	False	1279.6563
HAP1_chr21	HAP2_chr25	15	1200168	9781299	7847891	0.073052	0.152929	0.132930	False	2795.8369
HAP1_chr21	HAP2_chr25	17	712871	10518678	8334301	0.039298	0.085535	0.151881	False	6955.4991
HAP1_chr21	HAP2_chr25	19	590703	10816829	8530821	0.031492	0.069243	0.147151	False	22771.1411
HAP1_chr21	HAP2_chr25	23	488671	11173336	8768493	0.025120	0.055730	0.131119	False	292843.1604
HAP1_chr21	HAP2_chr26	11	1514487	1742327	1692364	0.788712	0.894894	0.011428	False	91.4691
HAP1_chr21	HAP2_chr26	13	2745455	6944609	6190440	0.264250	0.443499	0.067092	False	1293.6143
HAP1_chr21	HAP2_chr26	15	1304243	9781299	8368839	0.077422	0.155845	0.129327	False	2949.6465
HAP1_chr21	HAP2_chr26	17	799798	10518678	8904372	0.042946	0.089821	0.146865	False	7554.9485
HAP1_chr21	HAP2_chr26	19	669664	10816829	9117717	0.034761	0.073446	0.142120	False	24971.9934
HAP1_chr21	HAP2_chr26	23	560877	11173336	9371550	0.028066	0.059849	0.126423	False	325119.5510
HAP1_chr22	HAP1_chr23	11	1531878	1704026	1753511	0.795508	0.898976	0.010992	False	89.7038
HAP1_chr22	HAP1_chr23	13	2898370	6405553	7067544	0.274085	0.452478	0.064877	False	1333.7130
HAP1_chr22	HAP1_chr23	15	1454025	8841730	10003276	0.083608	0.164450	0.124584	False	3176.4554
HAP1_chr22	HAP1_chr23	17	918362	9505777	10789591	0.047394	0.096611	0.141318	False	8295.2425
HAP1_chr22	HAP1_chr23	19	771470	9805074	11123421	0.038273	0.078681	0.137233	False	27357.8760
HAP1_chr22	HAP1_chr23	23	639179	10195462	11537178	0.030302	0.062692	0.123184	False	349576.2161
HAP1_chr22	HAP1_chr24	11	1526206	1704026	1746189	0.793243	0.895647	0.011137	False	90.1246
HAP1_chr22	HAP1_chr24	13	2839473	6405553	6912850	0.270970	0.443283	0.065568	False	1322.9902
HAP1_chr22	HAP1_chr24	15	1399377	8841730	9670718	0.081772	0.158270	0.125951	False	3107.3997
HAP1_chr22	HAP1_chr24	17	879145	9505777	10375760	0.046265	0.092485	0.142674	False	8097.3374
HAP1_chr22	HAP1_chr24	19	741885	9805074	10659044	0.037617	0.075663	0.138110	False	26875.8102
HAP1_chr22	HAP1_chr24	23	621855	10195462	10997536	0.030229	0.060993	0.123286	False	348345.8622
HAP1_chr22	HAP1_chr25	11	1462335	1704026	1652760	0.771904	0.884784	0.012527	False	103.0300
HAP1_chr22	HAP1_chr25	13	2490050	6405553	5875803	0.254312	0.423780	0.069433	False	1291.9999
HAP1_chr22	HAP1_chr25	15	1162641	8841730	7878851	0.074730	0.147565	0.131520	False	2867.3882
HAP1_chr22	HAP1_chr25	17	719680	9505777	8364267	0.041963	0.086042	0.148172	False	7384.2224
HAP1_chr22	HAP1_chr25	19	605773	9805074	8557390	0.034115	0.070789	0.143074	False	24492.3711
HAP1_chr22	HAP1_chr25	23	507914	10195462	8789357	0.027489	0.057787	0.127302	False	318259.1518
HAP1_chr22	HAP1_chr26	11	1491378	1704026	1686479	0.785297	0.884315	0.011648	False	103.4000
HAP1_chr22	HAP1_chr26	13	2735386	6405553	6131968	0.279060	0.446086	0.063793	False	1446.2823
HAP1_chr22	HAP1_chr26	15	1532002	8841730	8274002	0.098308	0.185159	0.114685	False	3781.0483
HAP1_chr22	HAP1_chr26	17	1068276	9505777	8799975	0.061974	0.121395	0.126354	False	10726.7156
HAP1_chr22	HAP1_chr26	19	916634	9805074	9008407	0.051218	0.101753	0.122551	False	36132.4029
HAP1_chr22	HAP1_chr26	23	754378	10195462	9253365	0.040353	0.081525	0.111152	False	460690.3036
HAP1_chr22	HAP2_chr01	11	1651071	1704026	1956191	0.821778	0.968924	0.009359	False	48.8454
HAP1_chr22	HAP2_chr01	13	4096884	6405553	11594047	0.294682	0.639583	0.060537	False	1266.0834
HAP1_chr22	HAP2_chr01	15	2282739	8841730	19936069	0.086157	0.258178	0.122739	False	3410.8500
HAP1_chr22	HAP2_chr01	17	1378867	9505777	22404348	0.045162	0.145056	0.144030	False	8599.5820
HAP1_chr22	HAP2_chr01	19	1140316	9805074	23312721	0.035660	0.116299	0.140822	False	27920.5734
HAP1_chr22	HAP2_chr01	23	947805	10195462	24358453	0.028203	0.092963	0.126217	False	356748.6653
HAP1_chr22	HAP2_chr02	11	1645920	1704026	1944775	0.821776	0.965901	0.009359	False	52.2700
HAP1_chr22	HAP2_chr02	13	4011254	6405553	11207989	0.294896	0.626215	0.060494	False	1279.5470
HAP1_chr22	HAP2_chr02	15	2214480	8841730	18930484	0.086646	0.250458	0.122391	False	3407.6808
HAP1_chr22	HAP2_chr02	17	1349002	9505777	21212559	0.045932	0.141914	0.143079	False	8651.5401
HAP1_chr22	HAP2_chr02	19	1122858	9805074	22080660	0.036500	0.114518	0.139639	False	28251.3101
HAP1_chr22	HAP2_chr02	23	939811	10195462	23100878	0.029045	0.092179	0.124973	False	363240.8093
HAP1_chr22	HAP2_chr03	11	1653345	1704026	1963081	0.821023	0.970258	0.009405	False	46.1274
HAP1_chr22	HAP2_chr03	13	4093078	6405553	11634879	0.293466	0.638989	0.060782	False	1256.0758
HAP1_chr22	HAP2_chr03	15	2263197	8841730	19905925	0.085454	0.255968	0.123242	False	3380.1680
HAP1_chr22	HAP2_chr03	17	1363139	9505777	22313308	0.044758	0.143401	0.144537	False	8517.6583
HAP1_chr22	HAP2_chr03	19	1128358	9805074	23191431	0.035407	0.115079	0.141184	False	27699.7181
HAP1_chr22	HAP2_chr03	23	942354	10195462	24190163	0.028178	0.092429	0.126255	False	355928.6093
HAP1_chr22	HAP2_chr04	11	1641427	1704026	1937260	0.820771	0.963264	0.009420	False	53.6572
HAP1_chr22	HAP2_chr04	13	3925121	6405553	10898284	0.293385	0.612768	0.060799	False	1278.8746
HAP1_chr22	HAP2_chr04	15	2110337	8841730	18070854	0.085087	0.238679	0.123507	False	3322.8414
HAP1_chr22	HAP2_chr04	17	1270542	9505777	20103510	0.044834	0.133660	0.144441	False	8369.1709
HAP1_chr22	HAP2_chr04	19	1055823	9805074	20853426	0.035666	0.107681	0.140813	False	27335.0276
HAP1_chr22	HAP2_chr04	23	886809	10195462	21714248	0.028586	0.086981	0.125647	False	353529.8272
HAP1_chr22	HAP2_chr06	11	1596108	1704026	1856147	0.812655	0.936669	0.009918	False	71.5820
HAP1_chr22	HAP2_chr06	13	3422244	6405553	8915399	0.287615	0.534262	0.061983	False	1318.6459
HAP1_chr22	HAP2_chr06	15	1751776	8841730	13659620	0.084425	0.198126	0.123987	False	3219.0936
HAP1_chr22	HAP2_chr06	17	1066495	9505777	14950852	0.045596	0.112194	0.143493	False	8162.7560
HAP1_chr22	HAP2_chr06	19	891616	9805074	15462891	0.036577	0.090934	0.139532	False	26811.6986
HAP1_chr22	HAP2_chr06	23	750240	10195462	16092268	0.029378	0.073586	0.124492	False	347424.4151
HAP1_chr22	HAP2_chr09	11	1583880	1704026	1835654	0.809837	0.929493	0.010092	False	75.6024
HAP1_chr22	HAP2_chr09	13	3282004	6405553	8400787	0.284789	0.512369	0.062573	False	1325.2684
HAP1_chr22	HAP2_chr09	15	1676854	8841730	12520506	0.085183	0.189652	0.123437	False	3238.6633
HAP1_chr22	HAP2_chr09	17	1037739	9505777	13598702	0.047027	0.109169	0.141755	False	8336.7462
HAP1_chr22	HAP2_chr09	19	868365	9805074	14008836	0.037845	0.088563	0.137803	False	27436.6224
HAP1_chr22	HAP2_chr09	23	722956	10195462	14488605	0.030172	0.070910	0.123366	False	352831.6254
HAP1_chr22	HAP2_chr08	11	1592980	1704026	1850664	0.812036	0.934833	0.009956	False	72.7702
HAP1_chr22	HAP2_chr08	13	3398328	6405553	8796322	0.287907	0.530528	0.061922	False	1326.6275
HAP1_chr22	HAP2_chr08	15	1753126	8841730	13405860	0.085541	0.198279	0.123179	False	3261.1853
HAP1_chr22	HAP2_chr08	17	1081728	9505777	14664144	0.046852	0.113797	0.141965	False	8364.2378
HAP1_chr22	HAP2_chr08	19	909074	9805074	15167024	0.037779	0.092715	0.137892	False	27603.3187
HAP1_chr22	HAP2_chr08	23	765685	10195462	15783256	0.030369	0.075101	0.123092	False	358031.0499
HAP1_chr22	HAP2_chr11	11	1607266	1704026	1875256	0.815037	0.943217	0.009771	False	67.6770
HAP1_chr22	HAP2_chr11	13	3580324	6405553	9396976	0.292936	0.558941	0.060890	False	1333.7994
HAP1_chr22	HAP2_chr11	15	1915421	8841730	14824614	0.088062	0.216634	0.121398	False	3382.3797
HAP1_chr22	HAP2_chr11	17	1186655	9505777	16402565	0.048001	0.124835	0.140605	False	8673.1189
HAP1_chr22	HAP2_chr11	19	990393	9805074	17052685	0.038287	0.101008	0.137214	False	28360.0414
HAP1_chr22	HAP2_chr11	23	822505	10195462	17855262	0.030208	0.080674	0.123316	False	361596.4420
HAP1_chr22	HAP2_chr12	11	1629708	1704026	1916305	0.818692	0.956387	0.009547	False	58.2034
HAP1_chr22	HAP2_chr12	13	3740530	6405553	10157744	0.291710	0.583951	0.061140	False	1293.6337
HAP1_chr22	HAP2_chr12	15	1986313	8841730	16248346	0.085974	0.224652	0.122870	False	3322.5122
HAP1_chr22	HAP2_chr12	17	1215033	9505777	17907770	0.046378	0.127820	0.142536	False	8490.3724
HAP1_chr22	HAP2_chr12	19	1014912	9805074	18511531	0.037174	0.103509	0.138710	False	27891.4578
HAP1_chr22	HAP2_chr12	23	852015	10195462	19196363	0.029854	0.083568	0.123814	False	361248.7689
HAP1_chr22	HAP2_chr13	11	1545041	1704026	1773388	0.799556	0.906700	0.010736	False	86.7106
HAP1_chr22	HAP2_chr13	13	3025127	6405553	7463531	0.278969	0.472266	0.063812	False	1340.7127
HAP1_chr22	HAP2_chr13	15	1528350	8841730	10811655	0.084323	0.172856	0.124061	False	3199.9867
HAP1_chr22	HAP2_chr13	17	950632	9505777	11714892	0.046898	0.100006	0.141909	False	8235.3319
HAP1_chr22	HAP2_chr13	19	794936	9805074	12084487	0.037684	0.081074	0.138019	False	27044.3334
HAP1_chr22	HAP2_chr13	23	659069	10195462	12533334	0.029863	0.064643	0.123801	False	345833.1593
HAP1_chr22	HAP2_chr05	11	1635577	1704026	1927047	0.819634	0.959831	0.009490	False	55.7559
HAP1_chr22	HAP2_chr05	13	3837834	6405553	10709499	0.289054	0.599142	0.061685	False	1254.2555
HAP1_chr22	HAP2_chr05	15	1952816	8841730	17601194	0.079739	0.220864	0.127505	False	3088.6757
HAP1_chr22	HAP2_chr05	17	1097041	9505777	19429478	0.039408	0.115408	0.151723	False	7334.9492
HAP1_chr22	HAP2_chr05	19	883129	9805074	20016096	0.030518	0.090069	0.148756	False	23332.4928
HAP1_chr22	HAP2_chr05	23	722359	10195462	20608717	0.024013	0.070851	0.133032	False	295593.8998
HAP1_chr22	HAP2_chr10	11	1617351	1704026	1895187	0.816076	0.949135	0.009707	False	62.3967
HAP1_chr22	HAP2_chr10	13	3606979	6405553	9712491	0.288303	0.563102	0.061840	False	1287.2971
HAP1_chr22	HAP2_chr10	15	1844749	8841730	15325642	0.082640	0.208641	0.125301	False	3169.5365
HAP1_chr22	HAP2_chr10	17	1092271	9505777	16850568	0.043234	0.114906	0.146488	False	7862.2346
HAP1_chr22	HAP2_chr10	19	901687	9805074	17412284	0.034264	0.091961	0.142852	False	25548.1053
HAP1_chr22	HAP2_chr10	23	751382	10195462	18052398	0.027326	0.073698	0.127553	False	328519.9596
HAP1_chr22	HAP2_chr14	11	1606191	1704026	1872511	0.815182	0.942586	0.009762	False	68.6633
HAP1_chr22	HAP2_chr14	13	3547137	6405553	9287321	0.292048	0.553760	0.061071	False	1332.4475
HAP1_chr22	HAP2_chr14	15	1883843	8841730	14504228	0.087775	0.213063	0.121598	False	3365.7180
HAP1_chr22	HAP2_chr14	17	1169308	9505777	15955961	0.048135	0.123010	0.140448	False	8666.8337
HAP1_chr22	HAP2_chr14	19	979095	9805074	16521915	0.038626	0.099856	0.136767	False	28484.0000
HAP1_chr22	HAP2_chr14	23	816979	10195462	17192812	0.030747	0.080132	0.122570	False	366021.1955
HAP1_chr22	HAP2_chr15	11	1563831	1704026	1801610	0.805349	0.917727	0.010371	False	82.6057
HAP1_chr22	HAP2_chr15	13	3166396	6405553	7922995	0.283673	0.494320	0.062809	False	1344.8055
HAP1_chr22	HAP2_chr15	15	1631993	8841730	11716993	0.086227	0.184578	0.122689	False	3275.8711
HAP1_chr22	HAP2_chr15	17	1021507	9505777	12776868	0.048046	0.107462	0.140552	False	8471.8258
HAP1_chr22	HAP2_chr15	19	857204	9805074	13220548	0.038668	0.087425	0.136713	False	27881.1595
HAP1_chr22	HAP2_chr15	23	717425	10195462	13763461	0.030868	0.070367	0.122404	False	359237.5378
HAP1_chr22	HAP2_chr18	11	1531602	1704026	1754152	0.794987	0.898814	0.011025	False	89.0200
HAP1_chr22	HAP2_chr18	13	2844140	6405553	6943926	0.270733	0.444012	0.065621	False	1318.9275
HAP1_chr22	HAP2_chr18	15	1416197	8841730	9721359	0.082592	0.160172	0.125337	False	3139.2479
HAP1_chr22	HAP2_chr18	17	903187	9505777	10474208	0.047345	0.095015	0.141377	False	8281.4933
HAP1_chr22	HAP2_chr18	19	766359	9805074	10808975	0.038612	0.078159	0.136786	False	27569.7147
HAP1_chr22	HAP2_chr18	23	646407	10195462	11244443	0.031087	0.063401	0.122106	False	358101.6609
HAP1_chr22	HAP2_chr16	11	1612255	1704026	1875396	0.819582	0.946145	0.009493	False	71.6238
HAP1_chr22	HAP2_chr16	13	3721942	6405553	9231562	0.312370	0.581049	0.057096	False	1476.1616
HAP1_chr22	HAP2_chr16	15	2294894	8841730	14170650	0.110771	0.259553	0.107480	False	4267.3518
HAP1_chr22	HAP2_chr16	17	1585358	9505777	15390938	0.068008	0.166778	0.121222	False	12017.2458
HAP1_chr22	HAP2_chr16	19	1346095	9805074	15784249	0.055525	0.137286	0.118517	False	40080.1901
HAP1_chr22	HAP2_chr16	23	1094061	10195462	16190750	0.043257	0.107309	0.108252	False	505100.3140
HAP1_chr22	HAP2_chr17	11	1580470	1704026	1830609	0.808770	0.927492	0.010158	False	76.2716
HAP1_chr22	HAP2_chr17	13	3242301	6405553	8240648	0.284315	0.506170	0.062673	False	1330.8021
HAP1_chr22	HAP2_chr17	15	1675407	8841730	12197774	0.086521	0.189489	0.122480	False	3289.8585
HAP1_chr22	HAP2_chr17	17	1056859	9505777	13269618	0.048662	0.111181	0.139837	False	8600.2761
HAP1_chr22	HAP2_chr17	19	890891	9805074	13709289	0.039379	0.090860	0.135789	False	28455.7180
HAP1_chr22	HAP2_chr17	23	744705	10195462	14252006	0.031418	0.073043	0.121659	False	366450.4930
HAP1_chr22	HAP2_chr07	11	1536118	1704026	1758901	0.797234	0.901464	0.010883	False	89.4495
HAP1_chr22	HAP2_chr07	13	2966106	6405553	7240106	0.277737	0.463052	0.064079	False	1347.3187
HAP1_chr22	HAP2_chr07	15	1528019	8841730	10421927	0.086155	0.172819	0.122740	False	3273.9629
HAP1_chr22	HAP2_chr07	17	975365	9505777	11338838	0.049089	0.102608	0.139347	False	8595.2933
HAP1_chr22	HAP2_chr07	19	821729	9805074	11754937	0.039624	0.083807	0.135476	False	28346.8300
HAP1_chr22	HAP2_chr07	23	681929	10195462	12293816	0.031271	0.066886	0.121857	False	361297.5229
HAP1_chr22	HAP2_chr19	11	1495624	1704026	1700238	0.783607	0.879656	0.011758	False	97.0816
HAP1_chr22	HAP2_chr19	13	2668656	6405553	6349723	0.264574	0.420279	0.067017	False	1322.9007
HAP1_chr22	HAP2_chr19	15	1305791	8841730	8710089	0.080376	0.149917	0.127013	False	3068.9505
HAP1_chr22	HAP2_chr19	17	828610	9505777	9328904	0.046018	0.088822	0.142974	False	8053.6207
HAP1_chr22	HAP2_chr19	19	702776	9805074	9592131	0.037593	0.073266	0.138142	False	26838.9648
HAP1_chr22	HAP2_chr19	23	593749	10195462	9920765	0.030414	0.059849	0.123029	False	350186.7056
HAP1_chr22	HAP2_chr20	11	1501001	1704026	1707604	0.785606	0.880856	0.011628	False	96.3556
HAP1_chr22	HAP2_chr20	13	2719141	6405553	6447496	0.268321	0.424497	0.066163	False	1341.5133
HAP1_chr22	HAP2_chr20	15	1373924	8841730	8910664	0.083886	0.155391	0.124380	False	3203.4467
HAP1_chr22	HAP2_chr20	17	887782	9505777	9575366	0.048797	0.093394	0.139681	False	8521.4791
HAP1_chr22	HAP2_chr20	19	754556	9805074	9867294	0.039886	0.076956	0.135142	False	28412.9659
HAP1_chr22	HAP2_chr20	23	634929	10195462	10242168	0.032063	0.062276	0.120803	False	368551.8820
HAP1_chr22	HAP2_chr22	11	1639483	1704026	1670517	0.944914	0.981423	0.002612	False	242.1472
HAP1_chr22	HAP2_chr22	13	5670545	6405553	6040646	0.836900	0.938732	0.007153	False	4206.7035
HAP1_chr22	HAP2_chr22	15	7528232	8841730	8216329	0.789965	0.916253	0.008321	False	20097.5559
HAP1_chr22	HAP2_chr22	17	7968147	9505777	8800212	0.770775	0.905449	0.008155	False	80645.6189
HAP1_chr22	HAP2_chr22	19	8131105	9805074	9060039	0.757509	0.897469	0.007814	False	319800.7615
HAP1_chr22	HAP2_chr22	23	8301745	10195462	9392238	0.735582	0.883894	0.007186	False	5032179.7949
HAP1_chr22	HAP2_chr21	11	1523018	1704026	1740450	0.792637	0.893776	0.011176	False	91.5136
HAP1_chr22	HAP2_chr21	13	2858337	6405553	6927352	0.272884	0.446228	0.065142	False	1335.6012
HAP1_chr22	HAP2_chr21	15	1424790	8841730	9749738	0.082997	0.161144	0.125035	False	3154.9539
HAP1_chr22	HAP2_chr21	17	895248	9505777	10481481	0.046891	0.094179	0.141918	False	8204.8299
HAP1_chr22	HAP2_chr21	19	750383	9805074	10776712	0.037838	0.076530	0.137812	False	27034.8606
HAP1_chr22	HAP2_chr21	23	620277	10195462	11129001	0.029959	0.060839	0.123665	False	345403.5337
HAP1_chr22	HAP2_chr23	11	1523313	1704026	1740516	0.792885	0.893949	0.011160	False	91.7148
HAP1_chr22	HAP2_chr23	13	2854126	6405553	6913236	0.272739	0.445571	0.065174	False	1335.6442
HAP1_chr22	HAP2_chr23	15	1430487	8841730	9735989	0.083424	0.161788	0.124720	False	3171.9736
HAP1_chr22	HAP2_chr23	17	904448	9505777	10491711	0.047371	0.095147	0.141346	False	8286.1057
HAP1_chr22	HAP2_chr23	19	758832	9805074	10813251	0.038210	0.077392	0.137316	False	27293.2496
HAP1_chr22	HAP2_chr23	23	625996	10195462	11210512	0.030125	0.061399	0.123432	False	347318.5888
HAP1_chr22	HAP2_chr24	11	1526626	1704026	1746750	0.793403	0.895894	0.011127	False	90.0801
HAP1_chr22	HAP2_chr24	13	2844274	6405553	6932666	0.271040	0.444033	0.065552	False	1321.9831
HAP1_chr22	HAP2_chr24	15	1398677	8841730	9710842	0.081537	0.158190	0.126129	False	3097.5706
HAP1_chr22	HAP2_chr24	17	875858	9505777	10421673	0.045973	0.092140	0.143030	False	8048.4002
HAP1_chr22	HAP2_chr24	19	737974	9805074	10707211	0.037320	0.075265	0.138512	False	26673.6592
HAP1_chr22	HAP2_chr24	23	617923	10195462	11048947	0.029958	0.060608	0.123667	False	345337.0005
HAP1_chr22	HAP2_chr25	11	1462227	1704026	1652327	0.771980	0.884950	0.012522	False	103.2540
HAP1_chr22	HAP2_chr25	13	2485144	6405553	5856933	0.254174	0.424308	0.069467	False	1292.8466
HAP1_chr22	HAP2_chr25	15	1163201	8841730	7847891	0.074918	0.148218	0.131364	False	2876.0145
HAP1_chr22	HAP2_chr25	17	722080	9505777	8334301	0.042183	0.086640	0.147878	False	7422.8214
HAP1_chr22	HAP2_chr25	19	607397	9805074	8530821	0.034261	0.071200	0.142857	False	24596.3881
HAP1_chr22	HAP2_chr25	23	507491	10195462	8768493	0.027497	0.057877	0.127290	False	318372.1995
HAP1_chr22	HAP2_chr26	11	1495660	1704026	1692364	0.786887	0.883770	0.011545	False	102.7938
HAP1_chr22	HAP2_chr26	13	2757116	6405553	6190440	0.280227	0.445383	0.063542	False	1449.1567
HAP1_chr22	HAP2_chr26	15	1549549	8841730	8368839	0.098943	0.185157	0.114294	False	3802.6211
HAP1_chr22	HAP2_chr26	17	1084105	9505777	8904372	0.062571	0.121750	0.125824	False	10821.9455
HAP1_chr22	HAP2_chr26	19	933023	9805074	9117717	0.051864	0.102331	0.121923	False	36557.4502
HAP1_chr22	HAP2_chr26	23	772312	10195462	9371550	0.041092	0.082410	0.110394	False	468659.0305
HAP1_chr23	HAP1_chr24	11	1561978	1753511	1746189	0.806090	0.894507	0.010325	False	84.3487
HAP1_chr23	HAP1_chr24	13	3057704	7067544	6912850	0.279941	0.442322	0.063603	False	1327.3373
HAP1_chr23	HAP1_chr24	15	1512777	10003276	9670718	0.083297	0.156429	0.124814	False	3139.2794
HAP1_chr23	HAP1_chr24	17	935356	10789591	10375760	0.046236	0.090148	0.142709	False	8079.1496
HAP1_chr23	HAP1_chr24	19	784120	11123421	10659044	0.037342	0.073564	0.138482	False	26667.4243
HAP1_chr23	HAP1_chr24	23	655666	11537178	10997536	0.029968	0.059619	0.123653	False	345269.0777
HAP1_chr23	HAP1_chr25	11	1494209	1753511	1652760	0.781465	0.904069	0.011898	False	95.5049
HAP1_chr23	HAP1_chr25	13	2667933	7067544	5875803	0.259642	0.454054	0.068164	False	1285.6993
HAP1_chr23	HAP1_chr25	15	1237166	10003276	7878851	0.074327	0.157024	0.131855	False	2845.7938
HAP1_chr23	HAP1_chr25	17	744794	10789591	8364267	0.040458	0.089045	0.150236	False	7163.8230
HAP1_chr23	HAP1_chr25	19	619812	11123421	8557390	0.032517	0.072430	0.145518	False	23525.5344
HAP1_chr23	HAP1_chr25	23	516779	11537178	8789357	0.026087	0.058796	0.129518	False	304403.0423
HAP1_chr23	HAP1_chr26	11	1517616	1753511	1686479	0.789449	0.899872	0.011380	False	90.5143
HAP1_chr23	HAP1_chr26	13	2749104	7067544	6131968	0.263062	0.448323	0.067366	False	1282.5046
HAP1_chr23	HAP1_chr26	15	1294381	10003276	8274002	0.076217	0.156440	0.130299	False	2903.9747
HAP1_chr23	HAP1_chr26	17	787650	10789591	8799975	0.041892	0.089506	0.148268	False	7386.6444
HAP1_chr23	HAP1_chr26	19	657439	11123421	9008407	0.033759	0.072981	0.143608	False	24321.2173
HAP1_chr23	HAP1_chr26	23	546741	11537178	9253365	0.027008	0.059086	0.128049	False	313873.3855
HAP1_chr23	HAP2_chr01	11	1695635	1753511	1956191	0.841896	0.966994	0.008159	False	46.9043
HAP1_chr23	HAP2_chr01	13	4444176	7067544	11594047	0.312587	0.628815	0.057056	False	1281.1961
HAP1_chr23	HAP2_chr01	15	2478370	10003276	19936069	0.090251	0.247756	0.119895	False	3456.9258
HAP1_chr23	HAP2_chr01	17	1467716	10789591	22404348	0.046262	0.136031	0.142677	False	8581.4450
HAP1_chr23	HAP2_chr01	19	1204219	11123421	23312721	0.036237	0.108260	0.140007	False	27679.8501
HAP1_chr23	HAP2_chr01	23	995458	11537178	24358453	0.028523	0.086283	0.125740	False	352224.6213
HAP1_chr23	HAP2_chr02	11	1690118	1753511	1944775	0.841622	0.963848	0.008175	False	50.2008
HAP1_chr23	HAP2_chr02	13	4353534	7067544	11207989	0.312709	0.615990	0.057033	False	1297.0043
HAP1_chr23	HAP2_chr02	15	2418827	10003276	18930484	0.091225	0.241803	0.119239	False	3478.8450
HAP1_chr23	HAP2_chr02	17	1452905	10789591	21212559	0.047559	0.134658	0.141123	False	8737.6521
HAP1_chr23	HAP2_chr02	19	1199998	11123421	22080660	0.037495	0.107880	0.138274	False	28344.1205
HAP1_chr23	HAP2_chr02	23	997612	11537178	23100878	0.029655	0.086469	0.124096	False	362467.6311
HAP1_chr23	HAP2_chr03	11	1698024	1753511	1963081	0.841202	0.968357	0.008200	False	44.1899
HAP1_chr23	HAP2_chr03	13	4434796	7067544	11634879	0.310829	0.627488	0.057386	False	1267.4603
HAP1_chr23	HAP2_chr03	15	2440454	10003276	19905925	0.088845	0.243965	0.120856	False	3398.2065
HAP1_chr23	HAP2_chr03	17	1431131	10789591	22313308	0.045186	0.132640	0.144001	False	8381.0855
HAP1_chr23	HAP2_chr03	19	1170733	11123421	23191431	0.035322	0.105249	0.141305	False	26979.4432
HAP1_chr23	HAP2_chr03	23	967909	11537178	24190163	0.027846	0.083895	0.126756	False	343666.0866
HAP1_chr23	HAP2_chr04	11	1684673	1753511	1937260	0.839776	0.960743	0.008283	False	50.9569
HAP1_chr23	HAP2_chr04	13	4243908	7067544	10898284	0.309279	0.600478	0.057680	False	1286.0036
HAP1_chr23	HAP2_chr04	15	2274051	10003276	18070854	0.088141	0.227331	0.121343	False	3338.7308
HAP1_chr23	HAP2_chr04	17	1332699	10789591	20103510	0.045084	0.123517	0.144128	False	8227.7437
HAP1_chr23	HAP2_chr04	19	1094516	11123421	20853426	0.035441	0.098397	0.141134	False	26601.0599
HAP1_chr23	HAP2_chr04	23	912998	11537178	21714248	0.028233	0.079135	0.126173	False	342152.0515
HAP1_chr23	HAP2_chr06	11	1635873	1753511	1856147	0.828800	0.932913	0.008935	False	67.3272
HAP1_chr23	HAP2_chr06	13	3689238	7067544	8915399	0.300092	0.521997	0.059458	False	1321.8535
HAP1_chr23	HAP2_chr06	15	1875985	10003276	13659620	0.086106	0.187537	0.122775	False	3214.0586
HAP1_chr23	HAP2_chr06	17	1107558	10789591	14950852	0.044963	0.102651	0.144280	False	7945.0943
HAP1_chr23	HAP2_chr06	19	912546	11123421	15462891	0.035544	0.082038	0.140988	False	25760.1952
HAP1_chr23	HAP2_chr06	23	758674	11537178	16092268	0.028234	0.065759	0.126170	False	330269.6436
HAP1_chr23	HAP2_chr09	11	1622371	1753511	1835654	0.824881	0.925213	0.009171	False	70.6345
HAP1_chr23	HAP2_chr09	13	3536018	7067544	8400787	0.296340	0.500318	0.060204	False	1328.0388
HAP1_chr23	HAP2_chr09	15	1803075	10003276	12520506	0.087018	0.180248	0.122129	False	3250.0746
HAP1_chr23	HAP2_chr09	17	1092283	10789591	13598702	0.046887	0.101235	0.141923	False	8226.8539
HAP1_chr23	HAP2_chr09	19	905679	11123421	14008836	0.037384	0.081421	0.138425	False	26863.6480
HAP1_chr23	HAP2_chr09	23	749762	11537178	14488605	0.029663	0.064987	0.124084	False	343979.4463
HAP1_chr23	HAP2_chr08	11	1633189	1753511	1850664	0.828615	0.931382	0.008946	False	68.9547
HAP1_chr23	HAP2_chr08	13	3669186	7067544	8796322	0.300884	0.519160	0.059302	False	1334.4652
HAP1_chr23	HAP2_chr08	15	1892072	10003276	13405860	0.087934	0.189145	0.121487	False	3285.9838
HAP1_chr23	HAP2_chr08	17	1145253	10789591	14664144	0.047113	0.106144	0.141652	False	8302.7876
HAP1_chr23	HAP2_chr08	19	954564	11123421	15167024	0.037676	0.085816	0.138029	False	27210.2014
HAP1_chr23	HAP2_chr08	23	798838	11537178	15783256	0.030120	0.069240	0.123438	False	351141.9427
HAP1_chr23	HAP2_chr11	11	1649012	1753511	1875256	0.832937	0.940406	0.008688	False	64.7163
HAP1_chr23	HAP2_chr11	13	3877293	7067544	9396976	0.308034	0.548605	0.057917	False	1349.1068
HAP1_chr23	HAP2_chr11	15	2092364	10003276	14824614	0.092031	0.209168	0.118702	False	3455.5907
HAP1_chr23	HAP2_chr11	17	1281586	10789591	16402565	0.049462	0.118780	0.138923	False	8785.0825
HAP1_chr23	HAP2_chr11	19	1061859	11123421	17052685	0.039162	0.095462	0.136069	False	28545.7439
HAP1_chr23	HAP2_chr11	23	875145	11537178	17855262	0.030688	0.075854	0.122650	False	361675.5101
HAP1_chr23	HAP2_chr12	11	1672748	1753511	1916305	0.837602	0.953942	0.008412	False	55.6559
HAP1_chr23	HAP2_chr12	13	4039948	7067544	10157744	0.306397	0.571620	0.058231	False	1299.2538
HAP1_chr23	HAP2_chr12	15	2130346	10003276	16248346	0.088318	0.212965	0.121220	False	3321.5429
HAP1_chr23	HAP2_chr12	17	1266589	10789591	17907770	0.046174	0.117390	0.142784	False	8295.1723
HAP1_chr23	HAP2_chr12	19	1044723	11123421	18511531	0.036541	0.093921	0.139582	False	26952.0910
HAP1_chr23	HAP2_chr12	23	868507	11537178	19196363	0.029081	0.075279	0.124921	False	346167.1117
HAP1_chr23	HAP2_chr13	11	1581793	1753511	1773388	0.813217	0.902072	0.009883	False	81.2955
HAP1_chr23	HAP2_chr13	13	3254178	7067544	7463531	0.288570	0.460440	0.061785	False	1341.6237
HAP1_chr23	HAP2_chr13	15	1643063	10003276	10811655	0.085702	0.164252	0.123064	False	3211.9353
HAP1_chr23	HAP2_chr13	17	1001180	10789591	11714892	0.046559	0.092791	0.142317	False	8132.1443
HAP1_chr23	HAP2_chr13	19	828618	11123421	12084487	0.037026	0.074493	0.138913	False	26464.4623
HAP1_chr23	HAP2_chr13	23	680515	11537178	12533334	0.029094	0.058985	0.124902	False	335681.0916
HAP1_chr23	HAP2_chr05	11	1678612	1753511	1927047	0.838490	0.957286	0.008359	False	53.0443
HAP1_chr23	HAP2_chr05	13	4156672	7067544	10709499	0.305181	0.588135	0.058465	False	1265.6808
HAP1_chr23	HAP2_chr05	15	2107269	10003276	17601194	0.082647	0.210658	0.125296	False	3107.0289
HAP1_chr23	HAP2_chr05	17	1154730	10789591	19429478	0.039730	0.107023	0.151262	False	7235.4452
HAP1_chr23	HAP2_chr05	19	921584	11123421	20016096	0.030498	0.082851	0.148789	False	22856.8769
HAP1_chr23	HAP2_chr05	23	754796	11537178	20608717	0.024045	0.065423	0.132976	False	290352.3396
HAP1_chr23	HAP2_chr10	11	1659431	1753511	1895187	0.834192	0.946348	0.008613	False	59.4132
HAP1_chr23	HAP2_chr10	13	3910713	7067544	9712491	0.303879	0.553334	0.058717	False	1303.9148
HAP1_chr23	HAP2_chr10	15	2014941	10003276	15325642	0.086426	0.201428	0.122547	False	3236.2808
HAP1_chr23	HAP2_chr10	17	1179241	10789591	16850568	0.044565	0.109294	0.144780	False	7960.1640
HAP1_chr23	HAP2_chr10	19	968243	11123421	17412284	0.035123	0.087045	0.141594	False	25754.8882
HAP1_chr23	HAP2_chr10	23	804528	11537178	18052398	0.027950	0.069734	0.126599	False	330670.6309
HAP1_chr23	HAP2_chr14	11	1647099	1753511	1872511	0.832321	0.939315	0.008725	False	65.0691
HAP1_chr23	HAP2_chr14	13	3829131	7067544	9287321	0.305701	0.541791	0.058365	False	1339.1265
HAP1_chr23	HAP2_chr14	15	2032809	10003276	14504228	0.090449	0.203214	0.119761	False	3390.4705
HAP1_chr23	HAP2_chr14	17	1232685	10789591	15955961	0.048316	0.114248	0.140237	False	8565.7218
HAP1_chr23	HAP2_chr14	19	1020702	11123421	16521915	0.038337	0.091762	0.137148	False	27876.3034
HAP1_chr23	HAP2_chr14	23	843672	11537178	17192812	0.030254	0.073126	0.123252	False	355322.2328
HAP1_chr23	HAP2_chr15	11	1601709	1753511	1801610	0.819955	0.913430	0.009470	False	77.6567
HAP1_chr23	HAP2_chr15	13	3414645	7067544	7922995	0.294979	0.483144	0.060477	False	1351.4442
HAP1_chr23	HAP2_chr15	15	1760518	10003276	11716993	0.088203	0.175994	0.121299	False	3300.6279
HAP1_chr23	HAP2_chr15	17	1078760	10789591	12776868	0.047971	0.099982	0.140639	False	8388.7169
HAP1_chr23	HAP2_chr15	19	897046	11123421	13220548	0.038259	0.080645	0.137252	False	27390.9684
HAP1_chr23	HAP2_chr15	23	743556	11537178	13763461	0.030279	0.064449	0.123217	False	350003.4490
HAP1_chr23	HAP2_chr18	11	1585690	1753511	1754152	0.825032	0.904294	0.009162	False	98.2385
HAP1_chr23	HAP2_chr18	13	3607469	7067544	6943926	0.346739	0.519514	0.051056	False	1773.5367
HAP1_chr23	HAP2_chr18	15	2629551	10003276	9721359	0.153819	0.270492	0.088127	False	5752.8858
HAP1_chr23	HAP2_chr18	17	2057466	10789591	10474208	0.107124	0.196432	0.096611	False	17822.9059
HAP1_chr23	HAP2_chr18	19	1798552	11123421	10808975	0.089330	0.166394	0.095149	False	60779.2287
HAP1_chr23	HAP2_chr18	23	1469172	11537178	11244443	0.068935	0.130658	0.089048	False	765116.7067
HAP1_chr23	HAP2_chr16	11	1646507	1753511	1875396	0.830562	0.938977	0.008830	False	62.6200
HAP1_chr23	HAP2_chr16	13	3721987	7067544	9231562	0.295933	0.526631	0.060285	False	1274.7499
HAP1_chr23	HAP2_chr16	15	1791936	10003276	14170650	0.080062	0.179135	0.127255	False	2973.4732
HAP1_chr23	HAP2_chr16	17	991243	10789591	15390938	0.039352	0.091870	0.151804	False	6990.1472
HAP1_chr23	HAP2_chr16	19	796561	11123421	15784249	0.030507	0.071611	0.148775	False	22250.8065
HAP1_chr23	HAP2_chr16	23	651195	11537178	16190750	0.024050	0.056443	0.132967	False	282617.5577
HAP1_chr23	HAP2_chr17	11	1619100	1753511	1830609	0.823961	0.923348	0.009227	False	71.4974
HAP1_chr23	HAP2_chr17	13	3487527	7067544	8240648	0.295036	0.493457	0.060465	False	1329.6763
HAP1_chr23	HAP2_chr17	15	1790462	10003276	12197774	0.087722	0.178988	0.121635	False	3278.9460
HAP1_chr23	HAP2_chr17	17	1102371	10789591	13269618	0.048019	0.102170	0.140583	False	8409.5822
HAP1_chr23	HAP2_chr17	19	918738	11123421	13709289	0.038418	0.082595	0.137040	False	27548.3214
HAP1_chr23	HAP2_chr17	23	760235	11537178	14252006	0.030374	0.065894	0.123084	False	351667.5517
HAP1_chr23	HAP2_chr07	11	1572085	1753511	1758901	0.810217	0.896536	0.010068	False	83.6129
HAP1_chr23	HAP2_chr07	13	3195963	7067544	7240106	0.287622	0.452203	0.061981	False	1353.1340
HAP1_chr23	HAP2_chr07	15	1657920	10003276	10421927	0.088341	0.165738	0.121204	False	3321.6329
HAP1_chr23	HAP2_chr07	17	1045478	10789591	11338838	0.049589	0.096897	0.138779	False	8641.0407
HAP1_chr23	HAP2_chr07	19	876398	11123421	11754937	0.039833	0.078789	0.135209	False	28382.8012
HAP1_chr23	HAP2_chr07	23	725737	11537178	12293816	0.031410	0.062904	0.121670	False	361458.6350
HAP1_chr23	HAP2_chr19	11	1529112	1753511	1700238	0.794494	0.899352	0.011057	False	90.1403
HAP1_chr23	HAP2_chr19	13	2861981	7067544	6349723	0.271142	0.450725	0.065529	False	1318.2664
HAP1_chr23	HAP2_chr19	15	1400305	10003276	8710089	0.080881	0.160768	0.126627	False	3073.1093
HAP1_chr23	HAP2_chr19	17	873821	10789591	9328904	0.045406	0.093668	0.143728	False	7964.0942
HAP1_chr23	HAP2_chr19	19	736480	11123421	9592131	0.036863	0.076780	0.139137	False	26404.6921
HAP1_chr23	HAP2_chr19	23	620148	11537178	9920765	0.029761	0.062510	0.123945	False	343831.4462
HAP1_chr23	HAP2_chr20	11	1534864	1753511	1707604	0.796814	0.898841	0.010909	False	89.6050
HAP1_chr23	HAP2_chr20	13	2913505	7067544	6447496	0.274819	0.451882	0.064715	False	1334.7744
HAP1_chr23	HAP2_chr20	15	1465294	10003276	8910664	0.083978	0.164443	0.124313	False	3188.6490
HAP1_chr23	HAP2_chr20	17	924727	10789591	9575366	0.047568	0.096574	0.141113	False	8322.2857
HAP1_chr23	HAP2_chr20	19	776401	11123421	9867294	0.038408	0.078684	0.137054	False	27445.7969
HAP1_chr23	HAP2_chr20	23	643768	11537178	10242168	0.030459	0.062855	0.122967	False	351282.3083
HAP1_chr23	HAP2_chr22	11	1506862	1753511	1670517	0.785984	0.902033	0.011604	False	93.1393
HAP1_chr23	HAP2_chr22	13	2765518	7067544	6040646	0.267389	0.457818	0.066374	False	1323.7671
HAP1_chr23	HAP2_chr22	15	1368541	10003276	8216329	0.081214	0.166564	0.126374	False	3106.4326
HAP1_chr23	HAP2_chr22	17	861093	10789591	8800212	0.045977	0.097849	0.143024	False	8085.0902
HAP1_chr23	HAP2_chr22	19	721619	11123421	9060039	0.037079	0.079649	0.138841	False	26621.7826
HAP1_chr23	HAP2_chr22	23	595572	11537178	9392238	0.029290	0.063411	0.124619	False	339369.3271
HAP1_chr23	HAP2_chr21	11	1557716	1753511	1740450	0.804504	0.895008	0.010424	False	84.9325
HAP1_chr23	HAP2_chr21	13	3058841	7067544	6927352	0.279702	0.441560	0.063655	False	1324.3598
HAP1_chr23	HAP2_chr21	15	1505554	10003276	9749738	0.082508	0.154420	0.125400	False	3106.1307
HAP1_chr23	HAP2_chr21	17	914873	10789591	10481481	0.044943	0.087285	0.144304	False	7858.6290
HAP1_chr23	HAP2_chr21	19	755684	11123421	10776712	0.035739	0.070122	0.140709	False	25558.2596
HAP1_chr23	HAP2_chr21	23	617668	11537178	11129001	0.028014	0.055501	0.126501	False	323332.6423
HAP1_chr23	HAP2_chr23	11	1735758	1753511	1740516	0.987197	0.997266	0.000588	False	232.4708
HAP1_chr23	HAP2_chr23	13	6846453	7067544	6913236	0.959649	0.990340	0.001600	False	4466.9884
HAP1_chr23	HAP2_chr23	15	9605207	10003276	9735989	0.947814	0.986567	0.001810	False	22125.8450
HAP1_chr23	HAP2_chr23	17	10331594	10789591	10491711	0.943550	0.984739	0.001734	False	89883.9802
HAP1_chr23	HAP2_chr23	19	10633639	11123421	10813251	0.940777	0.983390	0.001631	False	359421.2569
HAP1_chr23	HAP2_chr23	23	10998394	11537178	11210512	0.936090	0.981079	0.001459	False	5736427.5157
HAP1_chr23	HAP2_chr24	11	1562349	1753511	1746750	0.806202	0.894432	0.010318	False	84.2540
HAP1_chr23	HAP2_chr24	13	3063595	7067544	6932666	0.280123	0.441907	0.063564	False	1326.8600
HAP1_chr23	HAP2_chr24	15	1513164	10003276	9710842	0.083137	0.155822	0.124932	False	3131.9393
HAP1_chr23	HAP2_chr24	17	933380	10789591	10421673	0.046029	0.089561	0.142960	False	8043.5587
HAP1_chr23	HAP2_chr24	19	781974	11123421	10707211	0.037151	0.073032	0.138742	False	26534.3418
HAP1_chr23	HAP2_chr24	23	653746	11537178	11048947	0.029807	0.059168	0.123879	False	343456.1509
HAP1_chr23	HAP2_chr25	11	1494252	1753511	1652327	0.781682	0.904332	0.011883	False	95.8620
HAP1_chr23	HAP2_chr25	13	2664848	7067544	5856933	0.259741	0.454990	0.068141	False	1288.5697
HAP1_chr23	HAP2_chr25	15	1241804	10003276	7847891	0.074765	0.158234	0.131490	False	2865.0390
HAP1_chr23	HAP2_chr25	17	751581	10789591	8334301	0.040908	0.090179	0.149610	False	7243.3920
HAP1_chr23	HAP2_chr25	19	626311	11123421	8530821	0.032915	0.073417	0.144898	False	23809.5582
HAP1_chr23	HAP2_chr25	23	521446	11537178	8768493	0.026357	0.059468	0.129083	False	307517.3133
HAP1_chr23	HAP2_chr26	11	1522146	1753511	1692364	0.791248	0.899420	0.011265	False	90.0284
HAP1_chr23	HAP2_chr26	13	2772454	7067544	6190440	0.264408	0.447861	0.067055	False	1286.0964
HAP1_chr23	HAP2_chr26	15	1311351	10003276	8368839	0.076864	0.156694	0.129775	False	2925.9735
HAP1_chr23	HAP2_chr26	17	801642	10789591	8904372	0.042432	0.090028	0.147545	False	7474.2787
HAP1_chr23	HAP2_chr26	19	671263	11123421	9117717	0.034301	0.073622	0.142798	False	24683.5545
HAP1_chr23	HAP2_chr26	23	560639	11537178	9371550	0.027552	0.059824	0.127204	False	319816.0960
HAP1_chr24	HAP1_chr25	11	1488740	1746189	1652760	0.779360	0.900760	0.012035	False	95.9619
HAP1_chr24	HAP1_chr25	13	2624766	6912850	5875803	0.258244	0.446708	0.068494	False	1285.3920
HAP1_chr24	HAP1_chr25	15	1215196	9670718	7878851	0.074395	0.154235	0.131798	False	2848.9477
HAP1_chr24	HAP1_chr25	17	734923	10375760	8364267	0.040817	0.087865	0.149736	False	7211.0929
HAP1_chr24	HAP1_chr25	19	611249	10659044	8557390	0.032854	0.071429	0.144993	False	23701.2635
HAP1_chr24	HAP1_chr25	23	504978	10997536	8789357	0.026189	0.057453	0.129353	False	304662.3230
HAP1_chr24	HAP1_chr26	11	1512110	1746189	1686479	0.787328	0.896608	0.011517	False	91.0264
HAP1_chr24	HAP1_chr26	13	2714045	6912850	6131968	0.262715	0.442606	0.067446	False	1290.7347
HAP1_chr24	HAP1_chr26	15	1286388	9670718	8274002	0.077222	0.155473	0.129487	False	2946.0555
HAP1_chr24	HAP1_chr26	17	793688	10375760	8799975	0.043177	0.090192	0.146563	False	7595.1871
HAP1_chr24	HAP1_chr26	19	664072	10659044	9008407	0.034945	0.073717	0.141852	False	25097.4626
HAP1_chr24	HAP1_chr26	23	550902	10997536	9253365	0.027965	0.059535	0.126576	False	323928.7004
HAP1_chr24	HAP2_chr01	11	1688381	1746189	1956191	0.838323	0.966895	0.008369	False	46.6702
HAP1_chr24	HAP2_chr01	13	4340148	6912850	11594047	0.306362	0.627838	0.058238	False	1262.7270
HAP1_chr24	HAP2_chr01	15	2356115	9670718	19936069	0.086461	0.243634	0.122523	False	3332.4590
HAP1_chr24	HAP2_chr01	17	1371514	10375760	22404348	0.043667	0.132184	0.145927	False	8172.6719
HAP1_chr24	HAP2_chr01	19	1123299	10659044	23312721	0.034196	0.105385	0.142953	False	26375.1597
HAP1_chr24	HAP2_chr01	23	935144	10997536	24358453	0.027168	0.085032	0.127799	False	338904.4806
HAP1_chr24	HAP2_chr02	11	1682286	1746189	1944775	0.837509	0.963404	0.008417	False	49.4871
HAP1_chr24	HAP2_chr02	13	4242158	6912850	11207989	0.305660	0.613663	0.058373	False	1272.1454
HAP1_chr24	HAP2_chr02	15	2284551	9670718	18930484	0.086810	0.236234	0.122275	False	3328.2913
HAP1_chr24	HAP2_chr02	17	1344807	10375760	21212559	0.044466	0.129610	0.144905	False	8241.2663
HAP1_chr24	HAP2_chr02	19	1109985	10659044	22080660	0.035093	0.104136	0.141637	False	26781.5889
HAP1_chr24	HAP2_chr02	23	930830	10997536	23100878	0.028064	0.084640	0.126425	False	346401.6611
HAP1_chr24	HAP2_chr03	11	1691382	1746189	1963081	0.838194	0.968613	0.008377	False	44.4482
HAP1_chr24	HAP2_chr03	13	4345624	6912850	11634879	0.305985	0.628630	0.058310	False	1258.6129
HAP1_chr24	HAP2_chr03	15	2369658	9670718	19905925	0.087097	0.245034	0.122073	False	3358.5047
HAP1_chr24	HAP2_chr03	17	1390838	10375760	22313308	0.044438	0.134047	0.144940	False	8307.7037
HAP1_chr24	HAP2_chr03	19	1139519	10659044	23191431	0.034836	0.106906	0.142011	False	26826.7191
HAP1_chr24	HAP2_chr03	23	943359	10997536	24190163	0.027548	0.085779	0.127211	False	343068.8803
HAP1_chr24	HAP2_chr04	11	1677944	1746189	1937260	0.836669	0.960918	0.008467	False	51.0910
HAP1_chr24	HAP2_chr04	13	4163578	6912850	10898284	0.305079	0.602295	0.058485	False	1280.2342
HAP1_chr24	HAP2_chr04	15	2223349	9670718	18070854	0.087128	0.229905	0.122051	False	3326.4045
HAP1_chr24	HAP2_chr04	17	1314443	10375760	20103510	0.045069	0.126684	0.144146	False	8279.2807
HAP1_chr24	HAP2_chr04	19	1081756	10659044	20853426	0.035548	0.101487	0.140982	False	26858.8008
HAP1_chr24	HAP2_chr04	23	896904	10997536	21714248	0.028191	0.081555	0.126235	False	344268.6558
HAP1_chr24	HAP2_chr06	11	1629659	1746189	1856147	0.826115	0.933266	0.009097	False	67.6827
HAP1_chr24	HAP2_chr06	13	3623833	6912850	8915399	0.296928	0.524217	0.060086	False	1318.6295
HAP1_chr24	HAP2_chr06	15	1848140	9670718	13659620	0.086031	0.191107	0.122829	False	3229.7771
HAP1_chr24	HAP2_chr06	17	1107553	10375760	14950852	0.045731	0.106744	0.143327	False	8107.3104
HAP1_chr24	HAP2_chr06	19	916847	10659044	15462891	0.036375	0.086016	0.139813	False	26441.0618
HAP1_chr24	HAP2_chr06	23	758913	10997536	16092268	0.028822	0.069008	0.125299	False	338382.3419
HAP1_chr24	HAP2_chr09	11	1615766	1746189	1835654	0.821822	0.925310	0.009356	False	70.6239
HAP1_chr24	HAP2_chr09	13	3455331	6912850	8400787	0.291385	0.499842	0.061206	False	1310.9229
HAP1_chr24	HAP2_chr09	15	1719618	9670718	12520506	0.084000	0.177817	0.124297	False	3146.0806
HAP1_chr24	HAP2_chr09	17	1029496	10375760	13598702	0.044868	0.099221	0.144398	False	7904.5248
HAP1_chr24	HAP2_chr09	19	855301	10659044	14008836	0.035918	0.080242	0.140456	False	25915.6276
HAP1_chr24	HAP2_chr09	23	715050	10997536	14488605	0.028866	0.065019	0.125234	False	336006.4239
HAP1_chr24	HAP2_chr08	11	1626745	1746189	1850664	0.825714	0.931597	0.009121	False	69.1132
HAP1_chr24	HAP2_chr08	13	3604248	6912850	8796322	0.297751	0.521384	0.059922	False	1331.1997
HAP1_chr24	HAP2_chr08	15	1858329	9670718	13405860	0.087582	0.192160	0.121733	False	3290.2383
HAP1_chr24	HAP2_chr08	17	1133465	10375760	14664144	0.047413	0.109242	0.141297	False	8383.4807
HAP1_chr24	HAP2_chr08	19	944043	10659044	15167024	0.037941	0.088567	0.137675	False	27491.3404
HAP1_chr24	HAP2_chr08	23	783963	10997536	15783256	0.030156	0.071285	0.123388	False	352956.9510
HAP1_chr24	HAP2_chr11	11	1641338	1746189	1875256	0.828914	0.939954	0.008929	False	63.9501
HAP1_chr24	HAP2_chr11	13	3766724	6912850	9396976	0.300302	0.544887	0.059417	False	1315.7875
HAP1_chr24	HAP2_chr11	15	1947215	9670718	14824614	0.086358	0.201352	0.122596	False	3251.3899
HAP1_chr24	HAP2_chr11	17	1153627	10375760	16402565	0.045020	0.111185	0.144208	False	8055.1021
HAP1_chr24	HAP2_chr11	19	951583	10659044	17052685	0.035560	0.089275	0.140965	False	26130.1605
HAP1_chr24	HAP2_chr11	23	790736	10997536	17855262	0.028178	0.071901	0.126254	False	334712.9680
HAP1_chr24	HAP2_chr12	11	1665448	1746189	1916305	0.833956	0.953762	0.008628	False	55.2900
HAP1_chr24	HAP2_chr12	13	3948495	6912850	10157744	0.300904	0.571182	0.059298	False	1282.8637
HAP1_chr24	HAP2_chr12	15	2034270	9670718	16248346	0.085170	0.210354	0.123446	False	3219.1861
HAP1_chr24	HAP2_chr12	17	1192470	10375760	17907770	0.044017	0.114928	0.145477	False	7960.8875
HAP1_chr24	HAP2_chr12	19	984401	10659044	18511531	0.034925	0.092354	0.141881	False	25942.5599
HAP1_chr24	HAP2_chr12	23	824807	10997536	19196363	0.028084	0.074999	0.126396	False	336718.4458
HAP1_chr24	HAP2_chr13	11	1575293	1746189	1773388	0.810218	0.902132	0.010068	False	81.2120
HAP1_chr24	HAP2_chr13	13	3181789	6912850	7463531	0.284226	0.460272	0.062692	False	1325.9229
HAP1_chr24	HAP2_chr13	15	1570383	9670718	10811655	0.083036	0.162385	0.125007	False	3117.1778
HAP1_chr24	HAP2_chr13	17	948468	10375760	11714892	0.044861	0.091412	0.144407	False	7854.3520
HAP1_chr24	HAP2_chr13	19	787674	10659044	12084487	0.035875	0.073897	0.140516	False	25698.6993
HAP1_chr24	HAP2_chr13	23	654708	10997536	12533334	0.028620	0.059532	0.125597	False	330779.7759
HAP1_chr24	HAP2_chr05	11	1671518	1746189	1927047	0.835042	0.957238	0.008563	False	52.8666
HAP1_chr24	HAP2_chr05	13	4078474	6912850	10709499	0.301131	0.589984	0.059254	False	1260.3584
HAP1_chr24	HAP2_chr05	15	2057522	9670718	17601194	0.081601	0.212758	0.126081	False	3091.0140
HAP1_chr24	HAP2_chr05	17	1133377	10375760	19429478	0.039529	0.109233	0.151549	False	7245.0512
HAP1_chr24	HAP2_chr05	19	902522	10659044	20016096	0.030314	0.084672	0.149098	False	22867.3727
HAP1_chr24	HAP2_chr05	23	728805	10997536	20608717	0.023603	0.066270	0.133763	False	287150.2729
HAP1_chr24	HAP2_chr10	11	1653038	1746189	1895187	0.831367	0.946655	0.008782	False	59.7159
HAP1_chr24	HAP2_chr10	13	3846086	6912850	9712491	0.300963	0.556368	0.059287	False	1304.3906
HAP1_chr24	HAP2_chr10	15	1990456	9670718	15325642	0.086519	0.205823	0.122481	False	3262.9223
HAP1_chr24	HAP2_chr10	17	1182042	10375760	16850568	0.045386	0.113923	0.143753	False	8142.6786
HAP1_chr24	HAP2_chr10	19	974442	10659044	17412284	0.035961	0.091419	0.140394	False	26480.2233
HAP1_chr24	HAP2_chr10	23	805312	10997536	18052398	0.028512	0.073227	0.125756	False	339016.5375
HAP1_chr24	HAP2_chr14	11	1639988	1746189	1872511	0.828816	0.939181	0.008934	False	64.7463
HAP1_chr24	HAP2_chr14	13	3733005	6912850	9287321	0.299427	0.540010	0.059589	False	1315.4876
HAP1_chr24	HAP2_chr14	15	1914110	9670718	14504228	0.085986	0.197928	0.122861	False	3233.6279
HAP1_chr24	HAP2_chr14	17	1135243	10375760	15955961	0.045056	0.109413	0.144164	False	8038.5171
HAP1_chr24	HAP2_chr14	19	936687	10659044	16521915	0.035691	0.087877	0.140778	False	26131.5751
HAP1_chr24	HAP2_chr14	23	779054	10997536	17192812	0.028421	0.070839	0.125892	False	336061.1546
HAP1_chr24	HAP2_chr15	11	1595399	1746189	1801610	0.817148	0.913646	0.009641	False	77.8032
HAP1_chr24	HAP2_chr15	13	3356113	6912850	7922995	0.292351	0.485489	0.061009	False	1349.2581
HAP1_chr24	HAP2_chr15	15	1735513	9670718	11716993	0.088311	0.179461	0.121224	False	3318.2695
HAP1_chr24	HAP2_chr15	17	1079922	10375760	12776868	0.048926	0.104081	0.139534	False	8568.6792
HAP1_chr24	HAP2_chr15	19	901808	10659044	13220548	0.039247	0.084605	0.135960	False	28131.3836
HAP1_chr24	HAP2_chr15	23	747017	10997536	13763461	0.031108	0.067926	0.122078	False	360156.5870
HAP1_chr24	HAP2_chr18	11	1560815	1746189	1754152	0.804740	0.893841	0.010410	False	82.9294
HAP1_chr24	HAP2_chr18	13	3000309	6912850	6943926	0.276361	0.434019	0.064378	False	1312.4065
HAP1_chr24	HAP2_chr18	15	1486091	9670718	9721359	0.082994	0.153669	0.125038	False	3132.8372
HAP1_chr24	HAP2_chr18	17	930190	10375760	10474208	0.046697	0.089650	0.142151	False	8157.3396
HAP1_chr24	HAP2_chr18	19	780167	10659044	10808975	0.037711	0.073193	0.137982	False	26916.8487
HAP1_chr24	HAP2_chr18	23	645529	10997536	11244443	0.029891	0.058698	0.123762	False	344327.4335
HAP1_chr24	HAP2_chr16	11	1640198	1746189	1875396	0.827803	0.939302	0.008995	False	62.9422
HAP1_chr24	HAP2_chr16	13	3660967	6912850	9231562	0.293266	0.529589	0.060823	False	1275.5481
HAP1_chr24	HAP2_chr16	15	1766689	9670718	14170650	0.080032	0.182684	0.127278	False	2991.5698
HAP1_chr24	HAP2_chr16	17	988623	10375760	15390938	0.039899	0.095282	0.151022	False	7114.4058
HAP1_chr24	HAP2_chr16	19	796534	10659044	15784249	0.031058	0.074728	0.147860	False	22731.0865
HAP1_chr24	HAP2_chr16	23	647022	10997536	16190750	0.024378	0.058833	0.132392	False	287613.5706
HAP1_chr24	HAP2_chr17	11	1613024	1746189	1830609	0.821390	0.923740	0.009383	False	71.9026
HAP1_chr24	HAP2_chr17	13	3415902	6912850	8240648	0.291022	0.494138	0.061280	False	1318.6585
HAP1_chr24	HAP2_chr17	15	1723703	9670718	12197774	0.085566	0.178239	0.123162	False	3208.5458
HAP1_chr24	HAP2_chr17	17	1055127	10375760	13269618	0.046707	0.101692	0.142139	False	8207.5313
HAP1_chr24	HAP2_chr17	19	883718	10659044	13709289	0.037630	0.082908	0.138092	False	27069.4358
HAP1_chr24	HAP2_chr17	23	741201	10997536	14252006	0.030243	0.067397	0.123267	False	351174.1941
HAP1_chr24	HAP2_chr07	11	1565304	1746189	1758901	0.806947	0.896412	0.010272	False	83.2592
HAP1_chr24	HAP2_chr07	13	3108958	6912850	7240106	0.281507	0.449736	0.063268	False	1324.2814
HAP1_chr24	HAP2_chr07	15	1545139	9670718	10421927	0.083307	0.159775	0.124806	False	3132.8662
HAP1_chr24	HAP2_chr07	17	945796	10375760	11338838	0.045539	0.091154	0.143563	False	7964.5846
HAP1_chr24	HAP2_chr07	19	786600	10659044	11754937	0.036371	0.073796	0.139820	False	26021.7172
HAP1_chr24	HAP2_chr07	23	650883	10997536	12293816	0.028749	0.059184	0.125407	False	332035.2685
HAP1_chr24	HAP2_chr19	11	1523580	1746189	1700238	0.792356	0.896098	0.011193	False	90.6688
HAP1_chr24	HAP2_chr19	13	2812686	6912850	6349723	0.269159	0.442962	0.065974	False	1315.4298
HAP1_chr24	HAP2_chr19	15	1376701	9670718	8710089	0.080963	0.158058	0.126565	False	3079.5322
HAP1_chr24	HAP2_chr19	17	864216	10375760	9328904	0.045870	0.092639	0.143155	False	8035.1138
HAP1_chr24	HAP2_chr19	19	727312	10659044	9592131	0.037252	0.075824	0.138603	False	26638.7940
HAP1_chr24	HAP2_chr19	23	607211	10997536	9920765	0.029896	0.061206	0.123755	False	344819.6746
HAP1_chr24	HAP2_chr20	11	1528790	1746189	1707604	0.794175	0.895284	0.011077	False	89.6987
HAP1_chr24	HAP2_chr20	13	2841785	6912850	6447496	0.270169	0.440758	0.065747	False	1313.1885
HAP1_chr24	HAP2_chr20	15	1383708	9670718	8910664	0.080459	0.155287	0.126950	False	3053.1471
HAP1_chr24	HAP2_chr20	17	859655	10375760	9575366	0.045028	0.089778	0.144198	False	7885.8530
HAP1_chr24	HAP2_chr20	19	723852	10659044	9867294	0.036554	0.073359	0.139565	False	26138.8910
HAP1_chr24	HAP2_chr20	23	608761	10997536	10242168	0.029507	0.059437	0.124307	False	340232.5002
HAP1_chr24	HAP2_chr22	11	1501335	1746189	1670517	0.783835	0.898725	0.011743	False	93.5933
HAP1_chr24	HAP2_chr22	13	2702323	6912850	6040646	0.263611	0.447357	0.067239	False	1306.8121
HAP1_chr24	HAP2_chr22	15	1303845	9670718	8216329	0.078624	0.158689	0.128374	False	3004.4545
HAP1_chr24	HAP2_chr22	17	810033	10375760	8800212	0.044105	0.092047	0.145364	False	7753.6164
HAP1_chr24	HAP2_chr22	19	679344	10659044	9060039	0.035680	0.074982	0.140793	False	25601.8340
HAP1_chr24	HAP2_chr22	23	565007	10997536	9392238	0.028500	0.060157	0.125774	False	329757.1596
HAP1_chr24	HAP2_chr21	11	1572836	1746189	1740450	0.821838	0.903695	0.009356	False	102.7182
HAP1_chr24	HAP2_chr21	13	3577201	6912850	6927352	0.348553	0.517471	0.050758	False	1799.7338
HAP1_chr24	HAP2_chr21	15	2615557	9670718	9749738	0.155643	0.270462	0.087447	False	5822.2005
HAP1_chr24	HAP2_chr21	17	2041344	10375760	10481481	0.108490	0.196742	0.095938	False	18029.6763
HAP1_chr24	HAP2_chr21	19	1779732	10659044	10776712	0.090544	0.166969	0.094497	False	61532.3165
HAP1_chr24	HAP2_chr21	23	1447655	10997536	11129001	0.070006	0.131634	0.088421	False	776181.2487
HAP1_chr24	HAP2_chr23	11	1553042	1746189	1740516	0.803161	0.892288	0.010509	False	86.2282
HAP1_chr24	HAP2_chr23	13	3009535	6912850	6913236	0.278234	0.435354	0.063971	False	1328.3450
HAP1_chr24	HAP2_chr23	15	1486156	9670718	9735989	0.082930	0.153676	0.125085	False	3130.0085
HAP1_chr24	HAP2_chr23	17	919387	10375760	10491711	0.046089	0.088609	0.142888	False	8054.3811
HAP1_chr24	HAP2_chr23	19	769764	10659044	10813251	0.037182	0.072217	0.138699	False	26552.2817
HAP1_chr24	HAP2_chr23	23	641642	10997536	11210512	0.029752	0.058344	0.123958	False	342771.6495
HAP1_chr24	HAP2_chr24	11	1733528	1746189	1746750	0.985289	0.992749	0.000676	False	231.4273
HAP1_chr24	HAP2_chr24	13	6765294	6912850	6932666	0.955520	0.978655	0.001770	False	4465.7679
HAP1_chr24	HAP2_chr24	15	9393330	9670718	9710842	0.940440	0.971317	0.002078	False	22041.0883
HAP1_chr24	HAP2_chr24	17	10035919	10375760	10421673	0.932575	0.967247	0.002089	False	89336.3711
HAP1_chr24	HAP2_chr24	19	10274669	10659044	10707211	0.926348	0.963939	0.002052	False	356525.2973
HAP1_chr24	HAP2_chr24	23	10535204	10997536	11048947	0.915207	0.957960	0.001969	False	5669040.6133
HAP1_chr24	HAP2_chr25	11	1488636	1746189	1652327	0.779440	0.900933	0.012030	False	96.1932
HAP1_chr24	HAP2_chr25	13	2624302	6912850	5856933	0.258667	0.448068	0.068394	False	1290.5776
HAP1_chr24	HAP2_chr25	15	1226828	9670718	7847891	0.075303	0.156326	0.131046	False	2886.9824
HAP1_chr24	HAP2_chr25	17	749692	10375760	8334301	0.041741	0.089953	0.148471	False	7371.6036
HAP1_chr24	HAP2_chr25	19	626114	10659044	8530821	0.033728	0.073394	0.143656	False	24316.1401
HAP1_chr24	HAP2_chr25	23	518974	10997536	8768493	0.026964	0.059186	0.128118	False	313478.6975
HAP1_chr24	HAP2_chr26	11	1516665	1746189	1692364	0.789154	0.896181	0.011399	False	90.5772
HAP1_chr24	HAP2_chr26	13	2739799	6912850	6190440	0.264370	0.442586	0.067064	False	1296.7624
HAP1_chr24	HAP2_chr26	15	1307962	9670718	8368839	0.078173	0.156290	0.128730	False	2980.4808
HAP1_chr24	HAP2_chr26	17	812849	10375760	8904372	0.044016	0.091287	0.145479	False	7734.0733
HAP1_chr24	HAP2_chr26	19	683341	10659044	9117717	0.035789	0.074947	0.140638	False	25670.8693
HAP1_chr24	HAP2_chr26	23	571062	10997536	9371550	0.028844	0.060936	0.125266	False	333658.7568
HAP1_chr25	HAP1_chr26	11	1449903	1652760	1686479	0.767414	0.877262	0.012827	False	104.7762
HAP1_chr25	HAP1_chr26	13	2385837	5875803	6131968	0.247958	0.406044	0.070989	False	1266.1715
HAP1_chr25	HAP1_chr26	15	1077034	7878851	8274002	0.071441	0.136699	0.134316	False	2742.3687
HAP1_chr25	HAP1_chr26	17	656559	8364267	8799975	0.039773	0.078496	0.151201	False	7000.1720
HAP1_chr25	HAP1_chr26	19	547663	8557390	9008407	0.032181	0.063999	0.146047	False	23100.8864
HAP1_chr25	HAP1_chr26	23	452954	8789357	9253365	0.025751	0.051534	0.130068	False	297919.1268
HAP1_chr25	HAP2_chr01	11	1605088	1652760	1956191	0.800997	0.971156	0.010645	False	51.0768
HAP1_chr25	HAP2_chr01	13	3768709	5875803	11594047	0.275065	0.641395	0.064661	False	1220.0704
HAP1_chr25	HAP2_chr01	15	1955990	7878851	19936069	0.075641	0.248258	0.130769	False	3075.2835
HAP1_chr25	HAP2_chr01	17	1122027	8364267	22404348	0.037847	0.134145	0.154012	False	7448.8788
HAP1_chr25	HAP2_chr01	19	917026	8557390	23312721	0.029626	0.107162	0.150271	False	24031.5316
HAP1_chr25	HAP2_chr01	23	765072	8789357	24358453	0.023626	0.087045	0.133722	False	310148.9766
HAP1_chr25	HAP2_chr02	11	1600186	1652760	1944775	0.801155	0.968190	0.010635	False	54.5342
HAP1_chr25	HAP2_chr02	13	3689848	5875803	11207989	0.275486	0.627973	0.064569	False	1232.8696
HAP1_chr25	HAP2_chr02	15	1902612	7878851	18930484	0.076389	0.241483	0.130158	False	3082.6336
HAP1_chr25	HAP2_chr02	17	1102119	8364267	21212559	0.038705	0.131765	0.152742	False	7524.8251
HAP1_chr25	HAP2_chr02	19	904918	8557390	22080660	0.030435	0.105747	0.148895	False	24368.4074
HAP1_chr25	HAP2_chr02	23	755653	8789357	23100878	0.024271	0.085974	0.132579	False	314558.3377
HAP1_chr25	HAP2_chr03	11	1609506	1652760	1963081	0.802212	0.973829	0.010568	False	50.1735
HAP1_chr25	HAP2_chr03	13	3874709	5875803	11634879	0.284153	0.659435	0.062707	False	1287.1803
HAP1_chr25	HAP2_chr03	15	2220593	7878851	19905925	0.086863	0.281842	0.122238	False	3567.9909
HAP1_chr25	HAP2_chr03	17	1402877	8364267	22313308	0.047921	0.167723	0.140698	False	9370.0049
HAP1_chr25	HAP2_chr03	19	1172066	8557390	23191431	0.038332	0.136965	0.137155	False	30806.1322
HAP1_chr25	HAP2_chr03	23	968429	8789357	24190163	0.030253	0.110182	0.123253	False	393950.8382
HAP1_chr25	HAP2_chr04	11	1596110	1652760	1937260	0.800492	0.965724	0.010676	False	56.1343
HAP1_chr25	HAP2_chr04	13	3616053	5875803	10898284	0.274817	0.615414	0.064716	False	1236.1044
HAP1_chr25	HAP2_chr04	15	1832658	7878851	18070854	0.075990	0.232605	0.130483	False	3043.7598
HAP1_chr25	HAP2_chr04	17	1058934	8364267	20103510	0.038635	0.126602	0.152845	False	7428.6597
HAP1_chr25	HAP2_chr04	19	867716	8557390	20853426	0.030400	0.101400	0.148953	False	24044.8911
HAP1_chr25	HAP2_chr04	23	720636	8789357	21714248	0.024196	0.081990	0.132710	False	309411.6331
HAP1_chr25	HAP2_chr06	11	1553824	1652760	1856147	0.794761	0.940139	0.011040	False	75.2389
HAP1_chr25	HAP2_chr06	13	3160971	5875803	8915399	0.271789	0.537964	0.065385	False	1280.3514
HAP1_chr25	HAP2_chr06	15	1532701	7878851	13659620	0.076613	0.194534	0.129977	False	2975.5441
HAP1_chr25	HAP2_chr06	17	902331	8364267	14950852	0.040260	0.107879	0.150513	False	7357.8327
HAP1_chr25	HAP2_chr06	19	745787	8557390	15462891	0.032043	0.087151	0.146267	False	24004.5023
HAP1_chr25	HAP2_chr06	23	619248	8789357	16092268	0.025523	0.070454	0.130445	False	308851.3578
HAP1_chr25	HAP2_chr09	11	1542705	1652760	1835654	0.792876	0.933411	0.011160	False	79.8409
HAP1_chr25	HAP2_chr09	13	3027867	5875803	8400787	0.269174	0.515311	0.065970	False	1283.5405
HAP1_chr25	HAP2_chr09	15	1444226	7878851	12520506	0.076192	0.183304	0.130319	False	2940.5526
HAP1_chr25	HAP2_chr09	17	857897	8364267	13598702	0.040649	0.102567	0.149970	False	7340.2677
HAP1_chr25	HAP2_chr09	19	712215	8557390	14008836	0.032590	0.083228	0.145404	False	24085.8596
HAP1_chr25	HAP2_chr09	23	594932	8789357	14488605	0.026228	0.067688	0.129290	False	312714.3069
HAP1_chr25	HAP2_chr08	11	1551710	1652760	1850664	0.795050	0.938860	0.011021	False	77.1779
HAP1_chr25	HAP2_chr08	13	3141552	5875803	8796322	0.272454	0.534659	0.065237	False	1290.1429
HAP1_chr25	HAP2_chr08	15	1534145	7878851	13405860	0.077676	0.194717	0.129125	False	3015.2257
HAP1_chr25	HAP2_chr08	17	918139	8364267	14664144	0.041525	0.109769	0.148764	False	7564.0404
HAP1_chr25	HAP2_chr08	19	764238	8557390	15167024	0.033285	0.089307	0.144328	False	24838.5203
HAP1_chr25	HAP2_chr08	23	639736	8789357	15783256	0.026730	0.072785	0.128486	False	322178.2095
HAP1_chr25	HAP2_chr11	11	1567972	1652760	1875256	0.799968	0.948699	0.010710	False	74.1046
HAP1_chr25	HAP2_chr11	13	3399827	5875803	9396976	0.286351	0.578615	0.062246	False	1367.5736
HAP1_chr25	HAP2_chr11	15	1880057	7878851	14824614	0.090286	0.238621	0.119871	False	3564.2898
HAP1_chr25	HAP2_chr11	17	1214832	8364267	16402565	0.051581	0.145241	0.136574	False	9486.2310
HAP1_chr25	HAP2_chr11	19	1023725	8557390	17052685	0.041638	0.119631	0.132968	False	31384.8834
HAP1_chr25	HAP2_chr11	23	847007	8789357	17855262	0.032833	0.096367	0.119804	False	401049.4721
HAP1_chr25	HAP2_chr12	11	1585298	1652760	1916305	0.799135	0.959182	0.010762	False	61.0807
HAP1_chr25	HAP2_chr12	13	3437708	5875803	10157744	0.272924	0.585062	0.065133	False	1243.8798
HAP1_chr25	HAP2_chr12	15	1688199	7878851	16248346	0.075235	0.214270	0.131102	False	2968.8683
HAP1_chr25	HAP2_chr12	17	975236	8364267	17907770	0.038552	0.116596	0.152967	False	7253.2804
HAP1_chr25	HAP2_chr12	19	804452	8557390	18511531	0.030629	0.094007	0.148570	False	23661.4054
HAP1_chr25	HAP2_chr12	23	677029	8789357	19196363	0.024792	0.077028	0.131678	False	309165.5314
HAP1_chr25	HAP2_chr13	11	1506650	1652760	1773388	0.784919	0.911596	0.011673	False	92.2410
HAP1_chr25	HAP2_chr13	13	2788527	5875803	7463531	0.264295	0.474578	0.067081	False	1295.9582
HAP1_chr25	HAP2_chr13	15	1308021	7878851	10811655	0.075249	0.166017	0.131090	False	2885.4358
HAP1_chr25	HAP2_chr13	17	779683	8364267	11714892	0.040399	0.093216	0.150318	False	7193.3143
HAP1_chr25	HAP2_chr13	19	647997	8557390	12084487	0.032410	0.075724	0.145687	False	23596.0100
HAP1_chr25	HAP2_chr13	23	542813	8789357	12533334	0.026122	0.061758	0.129462	False	306768.5112
HAP1_chr25	HAP2_chr05	11	1591182	1652760	1927047	0.800142	0.962742	0.010699	False	58.8152
HAP1_chr25	HAP2_chr05	13	3553283	5875803	10709499	0.272658	0.604731	0.065192	False	1225.2557
HAP1_chr25	HAP2_chr05	15	1718645	7878851	17601194	0.072329	0.218134	0.133547	False	2873.3332
HAP1_chr25	HAP2_chr05	17	936579	8364267	19429478	0.034873	0.111974	0.158658	False	6671.6338
HAP1_chr25	HAP2_chr05	19	747552	8557390	20016096	0.026865	0.087357	0.155278	False	21140.3098
HAP1_chr25	HAP2_chr05	23	609694	8789357	20608717	0.021178	0.069367	0.138373	False	268707.0904
HAP1_chr25	HAP2_chr10	11	1574991	1652760	1895187	0.798290	0.952946	0.010816	False	66.6045
HAP1_chr25	HAP2_chr10	13	3350695	5875803	9712491	0.273803	0.570253	0.064939	False	1265.1376
HAP1_chr25	HAP2_chr10	15	1654554	7878851	15325642	0.076778	0.209999	0.129844	False	3014.5438
HAP1_chr25	HAP2_chr10	17	969811	8364267	16850568	0.040000	0.115947	0.150879	False	7443.0387
HAP1_chr25	HAP2_chr10	19	799245	8557390	17412284	0.031753	0.093398	0.146730	False	24240.7923
HAP1_chr25	HAP2_chr10	23	665773	8789357	18052398	0.025434	0.075748	0.130592	False	313510.5335
HAP1_chr25	HAP2_chr14	11	1563366	1652760	1872511	0.796861	0.945912	0.010906	False	72.1481
HAP1_chr25	HAP2_chr14	13	3257996	5875803	9287321	0.273663	0.554477	0.064970	False	1279.4645
HAP1_chr25	HAP2_chr14	15	1599164	7878851	14504228	0.076942	0.202969	0.129712	False	3004.8005
HAP1_chr25	HAP2_chr14	17	940883	8364267	15955961	0.040244	0.112488	0.150535	False	7423.7572
HAP1_chr25	HAP2_chr14	19	778427	8557390	16521915	0.032033	0.090965	0.146283	False	24238.0484
HAP1_chr25	HAP2_chr14	23	651514	8789357	17192812	0.025720	0.074125	0.130118	False	314371.9453
HAP1_chr25	HAP2_chr15	11	1524902	1652760	1801610	0.790323	0.922640	0.011324	False	88.1675
HAP1_chr25	HAP2_chr15	13	2934826	5875803	7922995	0.270143	0.499477	0.065753	False	1313.7176
HAP1_chr25	HAP2_chr15	15	1435852	7878851	11716993	0.079067	0.182241	0.128027	False	3047.9501
HAP1_chr25	HAP2_chr15	17	876041	8364267	12776868	0.043229	0.104736	0.146495	False	7742.5017
HAP1_chr25	HAP2_chr15	19	730053	8557390	13220548	0.034685	0.085313	0.142231	False	25416.9810
HAP1_chr25	HAP2_chr15	23	606937	8789357	13763461	0.027656	0.069054	0.127045	False	327320.8537
HAP1_chr25	HAP2_chr18	11	1493040	1652760	1754152	0.780115	0.903362	0.011986	False	94.0636
HAP1_chr25	HAP2_chr18	13	2635577	5875803	6943926	0.258792	0.448548	0.068364	False	1287.3816
HAP1_chr25	HAP2_chr18	15	1251003	7878851	9721359	0.076518	0.158780	0.130055	False	2934.3499
HAP1_chr25	HAP2_chr18	17	782321	8364267	10474208	0.043327	0.093531	0.146367	False	7645.5070
HAP1_chr25	HAP2_chr18	19	660308	8557390	10808975	0.035299	0.077162	0.141339	False	25427.0333
HAP1_chr25	HAP2_chr18	23	554476	8789357	11244443	0.028465	0.063085	0.125826	False	330832.3190
HAP1_chr25	HAP2_chr16	11	1563872	1652760	1875396	0.796154	0.946218	0.010951	False	70.6386
HAP1_chr25	HAP2_chr16	13	3199746	5875803	9231562	0.268714	0.544563	0.066074	False	1245.1881
HAP1_chr25	HAP2_chr16	15	1478256	7878851	14170650	0.071860	0.187623	0.133952	False	2785.5634
HAP1_chr25	HAP2_chr16	17	819961	8364267	15390938	0.035751	0.098031	0.157244	False	6575.5261
HAP1_chr25	HAP2_chr16	19	662549	8557390	15784249	0.027980	0.077424	0.153195	False	21103.0690
HAP1_chr25	HAP2_chr16	23	545007	8789357	16190750	0.022304	0.062008	0.136169	False	270995.2783
HAP1_chr25	HAP2_chr17	11	1540019	1652760	1830609	0.792456	0.931786	0.011187	False	81.0248
HAP1_chr25	HAP2_chr17	13	2998730	5875803	8240648	0.269725	0.510352	0.065847	False	1295.0407
HAP1_chr25	HAP2_chr17	15	1463616	7878851	12197774	0.078634	0.185765	0.128367	False	3036.2230
HAP1_chr25	HAP2_chr17	17	892596	8364267	13269618	0.043035	0.106715	0.146749	False	7738.8071
HAP1_chr25	HAP2_chr17	19	746887	8557390	13709289	0.034707	0.087280	0.142199	False	25534.9535
HAP1_chr25	HAP2_chr17	23	624414	8789357	14252006	0.027855	0.071042	0.126743	False	330924.1846
HAP1_chr25	HAP2_chr07	11	1506551	1652760	1758901	0.790795	0.911536	0.011294	False	102.2333
HAP1_chr25	HAP2_chr07	13	2986692	5875803	7240106	0.294859	0.508304	0.060501	False	1526.5427
HAP1_chr25	HAP2_chr07	15	1816690	7878851	10421927	0.110209	0.230578	0.107785	False	4254.1786
HAP1_chr25	HAP2_chr07	17	1306212	8364267	11338838	0.071002	0.156166	0.118853	False	12326.0475
HAP1_chr25	HAP2_chr07	19	1125029	8557390	11754937	0.058634	0.131469	0.115804	False	41558.0532
HAP1_chr25	HAP2_chr07	23	922924	8789357	12293816	0.045779	0.105005	0.105893	False	526644.4238
HAP1_chr25	HAP2_chr19	11	1460252	1652760	1700238	0.771499	0.883523	0.012554	False	103.9242
HAP1_chr25	HAP2_chr19	13	2476714	5875803	6349723	0.254053	0.421511	0.069496	False	1294.2918
HAP1_chr25	HAP2_chr19	15	1156941	7878851	8710089	0.074970	0.146841	0.131321	False	2878.4358
HAP1_chr25	HAP2_chr19	17	717939	8364267	9328904	0.042293	0.085834	0.147730	False	7437.4351
HAP1_chr25	HAP2_chr19	19	603247	8557390	9592131	0.034380	0.070494	0.142680	False	24659.9219
HAP1_chr25	HAP2_chr19	23	504718	8789357	9920765	0.027724	0.057424	0.126942	False	320605.1024
HAP1_chr25	HAP2_chr20	11	1464451	1652760	1707604	0.772425	0.886064	0.012493	False	102.3153
HAP1_chr25	HAP2_chr20	13	2500469	5875803	6447496	0.254557	0.425554	0.069374	False	1290.6838
HAP1_chr25	HAP2_chr20	15	1164353	7878851	8910664	0.074518	0.147782	0.131696	False	2858.2121
HAP1_chr25	HAP2_chr20	17	716003	8364267	9575366	0.041571	0.085603	0.148702	False	7318.5593
HAP1_chr25	HAP2_chr20	19	601948	8557390	9867294	0.033774	0.070342	0.143586	False	24260.5541
HAP1_chr25	HAP2_chr20	23	506293	8789357	10242168	0.027330	0.057603	0.127547	False	316519.2519
HAP1_chr25	HAP2_chr22	11	1440367	1652760	1670517	0.764969	0.871492	0.012991	False	107.9282
HAP1_chr25	HAP2_chr22	13	2380487	5875803	6040646	0.249633	0.405134	0.070574	False	1286.0534
HAP1_chr25	HAP2_chr22	15	1096648	7878851	8216329	0.073117	0.139189	0.132874	False	2810.8988
HAP1_chr25	HAP2_chr22	17	676431	8364267	8800212	0.041026	0.080872	0.149448	False	7214.7475
HAP1_chr25	HAP2_chr22	19	568295	8557390	9060039	0.033333	0.066410	0.144256	False	23903.5140
HAP1_chr25	HAP2_chr22	23	474492	8789357	9392238	0.026797	0.053985	0.128381	False	309769.4271
HAP1_chr25	HAP2_chr21	11	1484577	1652760	1740450	0.777822	0.898241	0.012136	False	96.4273
HAP1_chr25	HAP2_chr21	13	2616347	5875803	6927352	0.256837	0.445275	0.068828	False	1274.0962
HAP1_chr25	HAP2_chr21	15	1185868	7878851	9749738	0.072121	0.150513	0.133727	False	2756.7798
HAP1_chr25	HAP2_chr21	17	696035	8364267	10481481	0.038350	0.083215	0.153264	False	6788.6814
HAP1_chr25	HAP2_chr21	19	574254	8557390	10776712	0.030611	0.067106	0.148600	False	22143.0477
HAP1_chr25	HAP2_chr21	23	474299	8789357	11129001	0.024393	0.053963	0.132366	False	284457.8497
HAP1_chr25	HAP2_chr23	11	1486180	1652760	1740516	0.779290	0.899211	0.012040	False	97.7497
HAP1_chr25	HAP2_chr23	13	2626389	5875803	6913236	0.258435	0.446984	0.068449	False	1286.7698
HAP1_chr25	HAP2_chr23	15	1215292	7878851	9735989	0.074105	0.154247	0.132041	False	2837.1017
HAP1_chr25	HAP2_chr23	17	732095	8364267	10491711	0.040394	0.087526	0.150325	False	7142.0385
HAP1_chr25	HAP2_chr23	19	608472	8557390	10813251	0.032431	0.071105	0.145653	False	23424.2614
HAP1_chr25	HAP2_chr23	23	505306	8789357	11210512	0.025920	0.057491	0.129790	False	301950.4452
HAP1_chr25	HAP2_chr24	11	1489045	1652760	1746750	0.779415	0.900944	0.012032	False	95.8296
HAP1_chr25	HAP2_chr24	13	2630528	5875803	6932666	0.258454	0.447688	0.068444	False	1285.6338
HAP1_chr25	HAP2_chr24	15	1216651	7878851	9710842	0.074308	0.154420	0.131871	False	2845.3503
HAP1_chr25	HAP2_chr24	17	734816	8364267	10421673	0.040707	0.087852	0.149888	False	7193.6850
HAP1_chr25	HAP2_chr24	19	611109	8557390	10707211	0.032761	0.071413	0.145137	False	23642.3543
HAP1_chr25	HAP2_chr24	23	505646	8789357	11048947	0.026155	0.057529	0.129408	False	304354.7684
HAP1_chr25	HAP2_chr25	11	1625693	1652760	1652327	0.968024	0.983881	0.001489	False	283.4877
HAP1_chr25	HAP2_chr25	13	5579710	5875803	5856933	0.906824	0.952668	0.003854	False	4496.8413
HAP1_chr25	HAP2_chr25	15	7363098	7878851	7847891	0.880370	0.938226	0.004382	False	21357.0261
HAP1_chr25	HAP2_chr25	17	7772045	8364267	8334301	0.870669	0.932537	0.004214	False	86184.2657
HAP1_chr25	HAP2_chr25	19	7922704	8557390	8530821	0.864404	0.928715	0.003974	False	343742.4404
HAP1_chr25	HAP2_chr25	23	8088993	8789357	8768493	0.854273	0.922507	0.003559	False	5465478.7774
HAP1_chr25	HAP2_chr26	11	1453781	1652760	1692364	0.768650	0.879608	0.012744	False	103.9358
HAP1_chr25	HAP2_chr26	13	2404683	5875803	6190440	0.248892	0.409252	0.070757	False	1268.4440
HAP1_chr25	HAP2_chr26	15	1089941	7878851	8368839	0.071907	0.138338	0.133912	False	2759.6441
HAP1_chr25	HAP2_chr26	17	667372	8364267	8904372	0.040200	0.079788	0.150597	False	7074.0484
HAP1_chr25	HAP2_chr26	19	558684	8557390	9117717	0.032640	0.065287	0.145325	False	23424.2617
HAP1_chr25	HAP2_chr26	23	464605	8789357	9371550	0.026254	0.052860	0.129247	False	303649.3304
HAP1_chr26	HAP2_chr01	11	1634713	1686479	1956191	0.814118	0.969305	0.009827	False	49.1065
HAP1_chr26	HAP2_chr01	13	3902139	6131968	11594047	0.282275	0.636360	0.063105	False	1225.1725
HAP1_chr26	HAP2_chr01	15	2056550	8274002	19936069	0.078634	0.248556	0.128367	False	3155.8970
HAP1_chr26	HAP2_chr01	17	1198341	8799975	22404348	0.039937	0.136176	0.150969	False	7758.3543
HAP1_chr26	HAP2_chr01	19	985051	9008407	23312721	0.031435	0.109348	0.147244	False	25160.4813
HAP1_chr26	HAP2_chr01	23	823892	9253365	24358453	0.025128	0.089037	0.131106	False	325512.0824
HAP1_chr26	HAP2_chr02	11	1629536	1686479	1944775	0.814069	0.966236	0.009831	False	52.4517
HAP1_chr26	HAP2_chr02	13	3817372	6131968	11207989	0.282296	0.622536	0.063100	False	1236.1610
HAP1_chr26	HAP2_chr02	15	1998041	8274002	18930484	0.079267	0.241484	0.127871	False	3159.0023
HAP1_chr26	HAP2_chr02	17	1176421	8799975	21212559	0.040797	0.133685	0.149764	False	7832.9073
HAP1_chr26	HAP2_chr02	19	972241	9008407	22080660	0.032282	0.107926	0.145887	False	25518.3069
HAP1_chr26	HAP2_chr02	23	815370	9253365	23100878	0.025853	0.088116	0.129900	False	330797.5656
HAP1_chr26	HAP2_chr03	11	1637606	1686479	1963081	0.813938	0.971021	0.009839	False	46.9129
HAP1_chr26	HAP2_chr03	13	3904827	6131968	11634879	0.281692	0.636798	0.063229	False	1219.7468
HAP1_chr26	HAP2_chr03	15	2056839	8274002	19905925	0.078736	0.248591	0.128286	False	3159.6461
HAP1_chr26	HAP2_chr03	17	1205239	8799975	22313308	0.040298	0.136959	0.150459	False	7820.4067
HAP1_chr26	HAP2_chr03	19	992774	9008407	23191431	0.031812	0.110205	0.146635	False	25424.4792
HAP1_chr26	HAP2_chr03	23	829147	9253365	24190163	0.025423	0.089605	0.130612	False	328725.8521
HAP1_chr26	HAP2_chr04	11	1625012	1686479	1937260	0.813023	0.963553	0.009895	False	53.7707
HAP1_chr26	HAP2_chr04	13	3737966	6131968	10898284	0.281213	0.609587	0.063331	False	1237.4407
HAP1_chr26	HAP2_chr04	15	1921159	8274002	18070854	0.078660	0.232192	0.128346	False	3112.6862
HAP1_chr26	HAP2_chr04	17	1128419	8799975	20103510	0.040627	0.128230	0.150000	False	7719.4970
HAP1_chr26	HAP2_chr04	19	928945	9008407	20853426	0.032107	0.103120	0.146165	False	25089.5418
HAP1_chr26	HAP2_chr04	23	772390	9253365	21714248	0.025580	0.083471	0.130350	False	323210.9683
HAP1_chr26	HAP2_chr06	11	1580201	1686479	1856147	0.805229	0.936982	0.010379	False	71.6452
HAP1_chr26	HAP2_chr06	13	3258896	6131968	8915399	0.276448	0.531460	0.064359	False	1276.7176
HAP1_chr26	HAP2_chr06	15	1592749	8274002	13659620	0.078303	0.192500	0.128627	False	3012.5842
HAP1_chr26	HAP2_chr06	17	946039	8799975	14950852	0.041484	0.107505	0.148820	False	7520.4094
HAP1_chr26	HAP2_chr06	19	784168	9008407	15462891	0.033105	0.087048	0.144605	False	24599.8814
HAP1_chr26	HAP2_chr06	23	652062	9253365	16092268	0.026406	0.070468	0.129003	False	316958.5711
HAP1_chr26	HAP2_chr09	11	1568523	1686479	1835654	0.802884	0.930058	0.010526	False	75.9963
HAP1_chr26	HAP2_chr09	13	3117851	6131968	8400787	0.273139	0.508458	0.065086	False	1277.3071
HAP1_chr26	HAP2_chr09	15	1500173	8274002	12520506	0.077752	0.181312	0.129064	False	2975.8600
HAP1_chr26	HAP2_chr09	17	897532	8799975	13598702	0.041743	0.101993	0.148468	False	7486.2025
HAP1_chr26	HAP2_chr09	19	747463	9008407	14008836	0.033564	0.082974	0.143904	False	24636.8833
HAP1_chr26	HAP2_chr09	23	626840	9253365	14488605	0.027118	0.067742	0.127877	False	321118.8734
HAP1_chr26	HAP2_chr08	11	1577911	1686479	1850664	0.805372	0.935624	0.010370	False	73.4885
HAP1_chr26	HAP2_chr08	13	3237909	6131968	8796322	0.276972	0.528037	0.064245	False	1285.9405
HAP1_chr26	HAP2_chr08	15	1594487	8274002	13405860	0.079385	0.192710	0.127779	False	3053.3908
HAP1_chr26	HAP2_chr08	17	960559	8799975	14664144	0.042685	0.109155	0.147210	False	7714.4337
HAP1_chr26	HAP2_chr08	19	799850	9008407	15167024	0.034217	0.088789	0.142922	False	25336.6487
HAP1_chr26	HAP2_chr08	23	666666	9253365	15783256	0.027356	0.072046	0.127507	False	327214.3625
HAP1_chr26	HAP2_chr11	11	1591549	1686479	1875256	0.807817	0.943711	0.010218	False	68.0065
HAP1_chr26	HAP2_chr11	13	3393909	6131968	9396976	0.279679	0.553478	0.063660	False	1279.4432
HAP1_chr26	HAP2_chr11	15	1700221	8274002	14824614	0.079456	0.205490	0.127724	False	3079.0715
HAP1_chr26	HAP2_chr11	17	1007508	8799975	16402565	0.041641	0.114490	0.148607	False	7642.6224
HAP1_chr26	HAP2_chr11	19	831987	9008407	17052685	0.032977	0.092357	0.144802	False	24852.3373
HAP1_chr26	HAP2_chr11	23	689261	9253365	17855262	0.026089	0.074488	0.129515	False	318069.9856
HAP1_chr26	HAP2_chr12	11	1621028	1686479	1916305	0.817976	0.961191	0.009591	False	64.4293
HAP1_chr26	HAP2_chr12	13	3877853	6131968	10157744	0.312431	0.632399	0.057085	False	1483.7555
HAP1_chr26	HAP2_chr12	15	2542530	8274002	16248346	0.115676	0.307291	0.104885	False	4580.4647
HAP1_chr26	HAP2_chr12	17	1827846	8799975	17907770	0.073467	0.207710	0.116980	False	13359.5591
HAP1_chr26	HAP2_chr12	19	1572214	9008407	18511531	0.060592	0.174527	0.114173	False	45100.9946
HAP1_chr26	HAP2_chr12	23	1290580	9253365	19196363	0.047519	0.139471	0.104343	False	574379.3404
HAP1_chr26	HAP2_chr13	11	1530797	1686479	1773388	0.793541	0.907688	0.011118	False	87.6579
HAP1_chr26	HAP2_chr13	13	2880345	6131968	7463531	0.268810	0.469726	0.066052	False	1298.4310
HAP1_chr26	HAP2_chr13	15	1381896	8274002	10811655	0.078057	0.167017	0.128822	False	2977.1758
HAP1_chr26	HAP2_chr13	17	838638	8799975	11714892	0.042622	0.095300	0.147293	False	7545.7033
HAP1_chr26	HAP2_chr13	19	700698	9008407	12084487	0.034361	0.077783	0.142709	False	24868.8945
HAP1_chr26	HAP2_chr13	23	586600	9253365	12533334	0.027670	0.063393	0.127025	False	323095.8408
HAP1_chr26	HAP2_chr05	11	1619847	1686479	1927047	0.812491	0.960490	0.009928	False	56.3615
HAP1_chr26	HAP2_chr05	13	3672098	6131968	10709499	0.278836	0.598845	0.063841	False	1225.8774
HAP1_chr26	HAP2_chr05	15	1801671	8274002	17601194	0.074840	0.217751	0.131428	False	2938.4193
HAP1_chr26	HAP2_chr05	17	999023	8799975	19429478	0.036688	0.113526	0.155776	False	6939.9904
HAP1_chr26	HAP2_chr05	19	803854	9008407	20016096	0.028485	0.089234	0.152281	False	22156.9016
HAP1_chr26	HAP2_chr05	23	659491	9253365	20608717	0.022583	0.071270	0.135640	False	283272.8043
HAP1_chr26	HAP2_chr10	11	1602698	1686479	1895187	0.809866	0.950322	0.010090	False	63.6958
HAP1_chr26	HAP2_chr10	13	3456341	6131968	9712491	0.279005	0.563659	0.063805	False	1262.0723
HAP1_chr26	HAP2_chr10	15	1721363	8274002	15325642	0.078679	0.208045	0.128331	False	3055.9368
HAP1_chr26	HAP2_chr10	17	1014977	8799975	16850568	0.041200	0.115339	0.149209	False	7593.6955
HAP1_chr26	HAP2_chr10	19	839072	9008407	17412284	0.032800	0.093143	0.145077	False	24803.3967
HAP1_chr26	HAP2_chr10	23	698449	9253365	18052398	0.026250	0.075481	0.129254	False	320545.2559
HAP1_chr26	HAP2_chr14	11	1590622	1686479	1872511	0.808092	0.943161	0.010200	False	69.0998
HAP1_chr26	HAP2_chr14	13	3362662	6131968	9287321	0.278906	0.548382	0.063826	False	1278.3711
HAP1_chr26	HAP2_chr14	15	1668709	8274002	14504228	0.079050	0.201681	0.128041	False	3056.6855
HAP1_chr26	HAP2_chr14	17	987556	8799975	15955961	0.041549	0.112223	0.148732	False	7596.3649
HAP1_chr26	HAP2_chr14	19	815546	9008407	16521915	0.032998	0.090532	0.144769	False	24749.8247
HAP1_chr26	HAP2_chr14	23	678116	9253365	17192812	0.026316	0.073283	0.129148	False	318898.6600
HAP1_chr26	HAP2_chr15	11	1548330	1686479	1801610	0.798207	0.918084	0.010821	False	82.6797
HAP1_chr26	HAP2_chr15	13	3016202	6131968	7922995	0.273237	0.491882	0.065064	False	1303.3446
HAP1_chr26	HAP2_chr15	15	1485707	8274002	11716993	0.080286	0.179563	0.127083	False	3071.3046
HAP1_chr26	HAP2_chr15	17	909466	8799975	12776868	0.044005	0.103349	0.145492	False	7834.8840
HAP1_chr26	HAP2_chr15	19	756863	9008407	13220548	0.035249	0.084017	0.141412	False	25681.8293
HAP1_chr26	HAP2_chr15	23	625494	9253365	13763461	0.027935	0.067596	0.126621	False	328762.1882
HAP1_chr26	HAP2_chr18	11	1516776	1686479	1754152	0.788405	0.899374	0.011447	False	89.3565
HAP1_chr26	HAP2_chr18	13	2718785	6131968	6943926	0.262504	0.443379	0.067495	False	1287.0096
HAP1_chr26	HAP2_chr18	15	1307208	8274002	9721359	0.078331	0.157990	0.128605	False	2990.1449
HAP1_chr26	HAP2_chr18	17	822022	8799975	10474208	0.044549	0.093412	0.144800	False	7831.9631
HAP1_chr26	HAP2_chr18	19	694237	9008407	10808975	0.036303	0.077065	0.139913	False	26055.7149
HAP1_chr26	HAP2_chr18	23	581361	9253365	11244443	0.029190	0.062827	0.124763	False	338064.6550
HAP1_chr26	HAP2_chr16	11	1590845	1686479	1875396	0.807114	0.943294	0.010261	False	67.3390
HAP1_chr26	HAP2_chr16	13	3305305	6131968	9231562	0.274112	0.539028	0.064871	False	1245.9117
HAP1_chr26	HAP2_chr16	15	1547333	8274002	14170650	0.074045	0.187011	0.132091	False	2843.7286
HAP1_chr26	HAP2_chr16	17	865798	8799975	15390938	0.037119	0.098386	0.155114	False	6769.4953
HAP1_chr26	HAP2_chr16	19	699557	9008407	15784249	0.029036	0.077656	0.151300	False	21716.9740
HAP1_chr26	HAP2_chr16	23	571709	9253365	16190750	0.022986	0.061784	0.134890	False	277053.3251
HAP1_chr26	HAP2_chr17	11	1565275	1686479	1830609	0.801960	0.928132	0.010584	False	76.7678
HAP1_chr26	HAP2_chr17	13	3082513	6131968	8240648	0.273028	0.502696	0.065110	False	1284.7094
HAP1_chr26	HAP2_chr17	15	1507326	8274002	12197774	0.079482	0.182176	0.127704	False	3042.9404
HAP1_chr26	HAP2_chr17	17	922772	8799975	13269618	0.043636	0.104861	0.145966	False	7797.8320
HAP1_chr26	HAP2_chr17	19	774564	9008407	13709289	0.035299	0.085982	0.141340	False	25809.3249
HAP1_chr26	HAP2_chr17	23	650795	9253365	14252006	0.028475	0.070331	0.125811	False	336146.6317
HAP1_chr26	HAP2_chr07	11	1521505	1686479	1758901	0.790854	0.902178	0.011290	False	90.0009
HAP1_chr26	HAP2_chr07	13	2813955	6131968	7240106	0.266520	0.458899	0.066572	False	1296.0924
HAP1_chr26	HAP2_chr07	15	1359230	8274002	10421927	0.078402	0.164277	0.128549	False	2990.7616
HAP1_chr26	HAP2_chr07	17	838942	8799975	11338838	0.043469	0.095335	0.146183	False	7676.2049
HAP1_chr26	HAP2_chr07	19	704660	9008407	11754937	0.035130	0.078222	0.141583	False	25358.5998
HAP1_chr26	HAP2_chr07	23	589969	9253365	12293816	0.028151	0.063757	0.126295	False	328101.7248
HAP1_chr26	HAP2_chr19	11	1482328	1686479	1700238	0.778375	0.878948	0.012100	False	98.3806
HAP1_chr26	HAP2_chr19	13	2552106	6131968	6349723	0.257020	0.416197	0.068784	False	1291.9556
HAP1_chr26	HAP2_chr19	15	1217483	8274002	8710089	0.077219	0.147146	0.129490	False	2956.6057
HAP1_chr26	HAP2_chr19	17	769188	8799975	9328904	0.044309	0.087408	0.145105	False	7770.3677
HAP1_chr26	HAP2_chr19	19	650975	9008407	9592131	0.036267	0.072263	0.139965	False	25936.8980
HAP1_chr26	HAP2_chr19	23	546903	9253365	9920765	0.029360	0.059103	0.124517	False	338579.5383
HAP1_chr26	HAP2_chr20	11	1485926	1686479	1707604	0.778723	0.881082	0.012077	False	96.1837
HAP1_chr26	HAP2_chr20	13	2563659	6131968	6447496	0.255961	0.418081	0.069037	False	1276.3048
HAP1_chr26	HAP2_chr20	15	1193910	8274002	8910664	0.074663	0.144297	0.131576	False	2851.1872
HAP1_chr26	HAP2_chr20	17	730704	8799975	9575366	0.041412	0.083035	0.148918	False	7278.6063
HAP1_chr26	HAP2_chr20	19	611207	9008407	9867294	0.033464	0.067849	0.144055	False	24008.2449
HAP1_chr26	HAP2_chr20	23	509274	9253365	10242168	0.026823	0.055037	0.128339	False	310297.5280
HAP1_chr26	HAP2_chr22	11	1469696	1686479	1670517	0.778729	0.879785	0.012077	False	108.9745
HAP1_chr26	HAP2_chr22	13	2630056	6131968	6040646	0.275613	0.435393	0.064541	False	1452.5450
HAP1_chr26	HAP2_chr22	15	1475252	8274002	8216329	0.098251	0.179551	0.114720	False	3789.9168
HAP1_chr26	HAP2_chr22	17	1034567	8799975	8800212	0.062453	0.117565	0.125928	False	10801.0297
HAP1_chr26	HAP2_chr22	19	888813	9008407	9060039	0.051736	0.098665	0.122047	False	36449.0341
HAP1_chr26	HAP2_chr22	23	731624	9253365	9392238	0.040841	0.079066	0.110650	False	465507.8280
HAP1_chr26	HAP2_chr21	11	1508488	1686479	1740450	0.786309	0.894460	0.011583	False	92.0158
HAP1_chr26	HAP2_chr21	13	2712546	6131968	6927352	0.262163	0.442361	0.067574	False	1285.6952
HAP1_chr26	HAP2_chr21	15	1274100	8274002	9749738	0.076067	0.153988	0.130420	False	2899.2507
HAP1_chr26	HAP2_chr21	17	772090	8799975	10481481	0.041713	0.087738	0.148509	False	7347.3124
HAP1_chr26	HAP2_chr21	19	641612	9008407	10776712	0.033516	0.071224	0.143977	False	24114.7007
HAP1_chr26	HAP2_chr21	23	531645	9253365	11129001	0.026782	0.057454	0.128404	False	310753.6997
HAP1_chr26	HAP2_chr23	11	1509450	1686479	1740516	0.787178	0.895030	0.011526	False	92.7824
HAP1_chr26	HAP2_chr23	13	2709790	6131968	6913236	0.262185	0.441912	0.067569	False	1286.8503
HAP1_chr26	HAP2_chr23	15	1278395	8274002	9735989	0.076406	0.154507	0.130145	False	2912.9320
HAP1_chr26	HAP2_chr23	17	781560	8799975	10491711	0.042223	0.088814	0.147823	False	7434.9726
HAP1_chr26	HAP2_chr23	19	653158	9008407	10813251	0.034075	0.072505	0.143135	False	24507.5283
HAP1_chr26	HAP2_chr23	23	543039	9253365	11210512	0.027260	0.058686	0.127656	False	316257.6174
HAP1_chr26	HAP2_chr24	11	1512792	1686479	1746750	0.787733	0.897012	0.011491	False	91.2066
HAP1_chr26	HAP2_chr24	13	2722352	6131968	6932666	0.263225	0.443961	0.067328	False	1293.0516
HAP1_chr26	HAP2_chr24	15	1290953	8274002	9710842	0.077331	0.156025	0.129400	False	2950.1646
HAP1_chr26	HAP2_chr24	17	796073	8799975	10421673	0.043205	0.090463	0.146527	False	7601.0650
HAP1_chr26	HAP2_chr24	19	665892	9008407	10707211	0.034955	0.073919	0.141836	False	25109.5298
HAP1_chr26	HAP2_chr24	23	552396	9253365	11048947	0.027970	0.059697	0.126569	False	324050.6159
HAP1_chr26	HAP2_chr25	11	1449510	1686479	1652327	0.767222	0.877254	0.012840	False	104.7510
HAP1_chr26	HAP2_chr25	13	2380551	6131968	5856933	0.247759	0.406450	0.071039	False	1266.4334
HAP1_chr26	HAP2_chr25	15	1075057	8274002	7847891	0.071447	0.136987	0.134310	False	2743.4600
HAP1_chr26	HAP2_chr25	17	656211	8799975	8334301	0.039823	0.078736	0.151130	False	7009.3113
HAP1_chr26	HAP2_chr25	19	547599	9008407	8530821	0.032228	0.064191	0.145974	False	23134.1991
HAP1_chr26	HAP2_chr25	23	452042	9253365	8768493	0.025728	0.051553	0.130105	False	297672.7970
HAP1_chr26	HAP2_chr26	11	1674605	1686479	1692364	0.982612	0.992959	0.000801	False	268.8552
HAP1_chr26	HAP2_chr26	13	6007892	6131968	6190440	0.951441	0.979766	0.001938	False	4584.9238
HAP1_chr26	HAP2_chr26	15	8049731	8274002	8368839	0.936766	0.972894	0.002213	False	22055.2034
HAP1_chr26	HAP2_chr26	17	8527231	8799975	8904372	0.929184	0.969006	0.002200	False	89185.8077
HAP1_chr26	HAP2_chr26	19	8701949	9008407	9117717	0.923365	0.965981	0.002140	False	355938.1778
HAP1_chr26	HAP2_chr26	23	8890568	9253365	9371550	0.913319	0.960793	0.002016	False	5663028.2762
HAP2_chr01	HAP2_chr02	11	1857233	1956191	1944775	0.908745	0.954986	0.004454	False	32.0572
HAP2_chr01	HAP2_chr02	13	6475954	11594047	11207989	0.396663	0.577798	0.043508	False	1322.8530
HAP2_chr01	HAP2_chr02	15	4046441	19936069	18930484	0.116210	0.213753	0.104610	False	3987.7967
HAP2_chr01	HAP2_chr02	17	2338005	22404348	21212559	0.056639	0.110218	0.131353	False	9704.5842
HAP2_chr01	HAP2_chr02	19	1900301	23312721	22080660	0.043692	0.086062	0.130537	False	30989.7446
HAP2_chr01	HAP2_chr02	23	1588097	24358453	23100878	0.034621	0.068746	0.117573	False	397107.8383
HAP2_chr01	HAP2_chr03	11	1870039	1956191	1963081	0.912556	0.955959	0.004254	False	28.7523
HAP2_chr01	HAP2_chr03	13	6633808	11594047	11634879	0.399745	0.572174	0.043082	False	1303.5206
HAP2_chr01	HAP2_chr03	15	4123739	19936069	19905925	0.115452	0.207161	0.105001	False	3936.6399
HAP2_chr01	HAP2_chr03	17	2334279	22404348	22313308	0.055075	0.104614	0.132913	False	9434.8402
HAP2_chr01	HAP2_chr03	19	1882992	23312721	23191431	0.042200	0.081193	0.132291	False	29959.5233
HAP2_chr01	HAP2_chr03	23	1574725	24358453	24190163	0.033523	0.065098	0.118928	False	384796.1846
HAP2_chr01	HAP2_chr04	11	1850690	1956191	1937260	0.905975	0.955313	0.004599	False	32.4667
HAP2_chr01	HAP2_chr04	13	6311669	11594047	10898284	0.390075	0.579143	0.044433	False	1312.0037
HAP2_chr01	HAP2_chr04	15	3829619	19936069	18070854	0.112052	0.211922	0.106790	False	3855.8275
HAP2_chr01	HAP2_chr04	17	2168345	22404348	20103510	0.053752	0.107859	0.134269	False	9240.3877
HAP2_chr01	HAP2_chr04	19	1753427	23312721	20853426	0.041342	0.084083	0.133328	False	29422.5579
HAP2_chr01	HAP2_chr04	23	1467115	24358453	21714248	0.032891	0.067565	0.119729	False	378388.0057
HAP2_chr01	HAP2_chr06	11	1784129	1956191	1856147	0.879657	0.961200	0.006015	False	40.0843
HAP2_chr01	HAP2_chr06	13	5380011	11594047	8915399	0.355599	0.603452	0.049619	False	1310.1354
HAP2_chr01	HAP2_chr06	15	3082710	19936069	13659620	0.101029	0.225681	0.113029	False	3616.2079
HAP2_chr01	HAP2_chr06	17	1749779	22404348	14950852	0.049144	0.117035	0.139284	False	8663.4524
HAP2_chr01	HAP2_chr06	19	1420356	23312721	15462891	0.038023	0.091856	0.137565	False	27682.6450
HAP2_chr01	HAP2_chr06	23	1187653	24358453	16092268	0.030249	0.073803	0.123259	False	355817.1845
HAP2_chr01	HAP2_chr09	11	1766883	1956191	1835654	0.872551	0.962536	0.006408	False	41.7361
HAP2_chr01	HAP2_chr09	13	5131749	11594047	8400787	0.345268	0.610865	0.051298	False	1308.3175
HAP2_chr01	HAP2_chr09	15	2936500	19936069	12520506	0.099475	0.234535	0.113969	False	3624.7362
HAP2_chr01	HAP2_chr09	17	1715242	22404348	13598702	0.050025	0.126133	0.138288	False	8919.3012
HAP2_chr01	HAP2_chr09	19	1404682	23312721	14008836	0.039109	0.100271	0.136138	False	28767.3686
HAP2_chr01	HAP2_chr09	23	1173112	24358453	14488605	0.031139	0.080968	0.122036	False	370401.3225
HAP2_chr01	HAP2_chr08	11	1779973	1956191	1850664	0.878183	0.961802	0.006096	False	40.8731
HAP2_chr01	HAP2_chr08	13	5328372	11594047	8796322	0.353763	0.605750	0.049913	False	1312.9538
HAP2_chr01	HAP2_chr08	15	3059052	19936069	13405860	0.101016	0.228188	0.113038	False	3630.0977
HAP2_chr01	HAP2_chr08	17	1757916	22404348	14664144	0.049784	0.119879	0.138558	False	8793.1653
HAP2_chr01	HAP2_chr08	19	1435139	23312721	15167024	0.038741	0.094622	0.136617	False	28243.7911
HAP2_chr01	HAP2_chr08	23	1202991	24358453	15783256	0.030894	0.076219	0.122368	False	363923.5700
HAP2_chr01	HAP2_chr11	11	1800613	1956191	1875256	0.886637	0.960196	0.005633	False	38.8659
HAP2_chr01	HAP2_chr11	13	5668726	11594047	9396976	0.369966	0.603250	0.047383	False	1344.0036
HAP2_chr01	HAP2_chr11	15	3442628	19936069	14824614	0.109925	0.232224	0.107940	False	3897.9997
HAP2_chr01	HAP2_chr11	17	2036474	22404348	16402565	0.055383	0.124156	0.132602	False	9638.9805
HAP2_chr01	HAP2_chr11	19	1667399	23312721	17052685	0.043087	0.097779	0.131240	False	30949.0657
HAP2_chr01	HAP2_chr11	23	1387054	24358453	17855262	0.033974	0.077683	0.118366	False	394508.5647
HAP2_chr01	HAP2_chr12	11	1833574	1956191	1916305	0.899286	0.956828	0.004953	False	34.4616
HAP2_chr01	HAP2_chr12	13	5961973	11594047	10157744	0.377583	0.586939	0.046242	False	1308.9101
HAP2_chr01	HAP2_chr12	15	3529716	19936069	16248346	0.108092	0.217235	0.108951	False	3767.3614
HAP2_chr01	HAP2_chr12	17	2007430	22404348	17907770	0.052407	0.112098	0.135685	False	9072.4423
HAP2_chr01	HAP2_chr12	19	1623878	23312721	18511531	0.040395	0.087723	0.134501	False	28923.4497
HAP2_chr01	HAP2_chr12	23	1351885	24358453	19196363	0.032033	0.070424	0.120842	False	370831.0186
HAP2_chr01	HAP2_chr13	11	1713219	1956191	1773388	0.849659	0.966071	0.007707	False	45.8966
HAP2_chr01	HAP2_chr13	13	4665948	11594047	7463531	0.324213	0.625166	0.054925	False	1299.6424
HAP2_chr01	HAP2_chr13	15	2632374	19936069	10811655	0.093628	0.243476	0.117652	False	3520.8571
HAP2_chr01	HAP2_chr13	17	1535559	22404348	11714892	0.047127	0.131078	0.141636	False	8609.8843
HAP2_chr01	HAP2_chr13	19	1251954	23312721	12084487	0.036666	0.103600	0.139409	False	27607.1169
HAP2_chr01	HAP2_chr13	23	1037081	24358453	12533334	0.028925	0.082746	0.125149	False	352067.3801
HAP2_chr01	HAP2_chr05	11	1852703	1956191	1927047	0.912421	0.961421	0.004262	False	41.1596
HAP2_chr01	HAP2_chr05	13	6964883	11594047	10709499	0.454074	0.650346	0.036209	False	1696.9961
HAP2_chr01	HAP2_chr05	15	5989561	19936069	17601194	0.189857	0.340293	0.076145	False	6600.1953
HAP2_chr01	HAP2_chr05	17	4516194	22404348	19429478	0.121020	0.232440	0.090170	False	19836.7279
HAP2_chr01	HAP2_chr05	19	3875356	23312721	20016096	0.098226	0.193612	0.090581	False	66450.7219
HAP2_chr01	HAP2_chr05	23	3137451	24358453	20608717	0.075005	0.152239	0.085625	False	830614.5799
HAP2_chr01	HAP2_chr10	11	1816482	1956191	1895187	0.892666	0.958471	0.005307	False	36.6135
HAP2_chr01	HAP2_chr10	13	5751930	11594047	9712491	0.369789	0.592220	0.047410	False	1307.9009
HAP2_chr01	HAP2_chr10	15	3337508	19936069	15325642	0.104545	0.217773	0.110962	False	3669.7458
HAP2_chr01	HAP2_chr10	17	1869562	22404348	16850568	0.050008	0.110949	0.138307	False	8708.2328
HAP2_chr01	HAP2_chr10	19	1505654	23312721	17412284	0.038391	0.086471	0.137077	False	27650.5002
HAP2_chr01	HAP2_chr10	23	1255440	24358453	18052398	0.030505	0.069544	0.122903	False	355119.2701
HAP2_chr01	HAP2_chr14	11	1798224	1956191	1872511	0.885616	0.960328	0.005689	False	39.0242
HAP2_chr01	HAP2_chr14	13	5586357	11594047	9287321	0.365240	0.601504	0.048106	False	1327.0846
HAP2_chr01	HAP2_chr14	15	3302832	19936069	14504228	0.106073	0.227715	0.110087	False	3766.5415
HAP2_chr01	HAP2_chr14	17	1904385	22404348	15955961	0.052238	0.119353	0.135866	False	9131.1648
HAP2_chr01	HAP2_chr14	19	1542756	23312721	16521915	0.040289	0.093376	0.134633	False	29089.4732
HAP2_chr01	HAP2_chr14	23	1272317	24358453	17192812	0.031588	0.074003	0.121432	False	368780.4254
HAP2_chr01	HAP2_chr15	11	1738114	1956191	1801610	0.860586	0.964756	0.007081	False	44.4326
HAP2_chr01	HAP2_chr15	13	4916375	11594047	7922995	0.336723	0.620520	0.052736	False	1316.7987
HAP2_chr01	HAP2_chr15	15	2834745	19936069	11716993	0.098366	0.241935	0.114649	False	3637.9328
HAP2_chr01	HAP2_chr15	17	1668885	22404348	12776868	0.049799	0.130618	0.138542	False	8959.4865
HAP2_chr01	HAP2_chr15	19	1366742	23312721	13220548	0.038865	0.103380	0.136455	False	28814.2347
HAP2_chr01	HAP2_chr15	23	1139115	24358453	13763461	0.030801	0.082764	0.122495	False	369020.2176
HAP2_chr01	HAP2_chr18	11	1695100	1956191	1754152	0.841139	0.966336	0.008203	False	46.0100
HAP2_chr01	HAP2_chr18	13	4352232	11594047	6943926	0.306803	0.626768	0.058153	False	1260.7675
HAP2_chr01	HAP2_chr18	15	2393960	19936069	9721359	0.087808	0.246258	0.121574	False	3383.6263
HAP2_chr01	HAP2_chr18	17	1428207	22404348	10474208	0.045411	0.136355	0.143721	False	8475.6227
HAP2_chr01	HAP2_chr18	19	1185276	23312721	10808975	0.035987	0.109657	0.140358	False	27638.4296
HAP2_chr01	HAP2_chr18	23	1003992	24358453	11244443	0.029018	0.089288	0.125013	False	359838.7772
HAP2_chr01	HAP2_chr16	11	1799157	1956191	1875396	0.885225	0.959348	0.005710	False	37.6649
HAP2_chr01	HAP2_chr16	13	5468606	11594047	9231562	0.356099	0.592381	0.049539	False	1275.9437
HAP2_chr01	HAP2_chr16	15	2967988	19936069	14170650	0.095315	0.209446	0.116564	False	3366.0952
HAP2_chr01	HAP2_chr16	17	1548205	22404348	15390938	0.042713	0.100592	0.147173	False	7526.8886
HAP2_chr01	HAP2_chr16	19	1205648	23312721	15784249	0.031819	0.076383	0.146625	False	23248.8514
HAP2_chr01	HAP2_chr16	23	979724	24358453	16190750	0.024760	0.060511	0.131733	False	292627.6406
HAP2_chr01	HAP2_chr17	11	1761993	1956191	1830609	0.870203	0.962517	0.006539	False	41.6527
HAP2_chr01	HAP2_chr17	13	5042677	11594047	8240648	0.340905	0.611927	0.052027	False	1300.9739
HAP2_chr01	HAP2_chr17	15	2894114	19936069	12197774	0.098979	0.237266	0.114272	False	3627.2028
HAP2_chr01	HAP2_chr17	17	1710335	22404348	13269618	0.050358	0.128891	0.137917	False	9007.4597
HAP2_chr01	HAP2_chr17	19	1407501	23312721	13709289	0.039520	0.102668	0.135608	False	29139.4647
HAP2_chr01	HAP2_chr17	23	1175669	24358453	14252006	0.031406	0.082491	0.121676	False	374277.2887
HAP2_chr01	HAP2_chr07	11	1700828	1956191	1758901	0.844392	0.966983	0.008013	False	46.9614
HAP2_chr01	HAP2_chr07	13	4556508	11594047	7240106	0.319136	0.629343	0.055844	False	1299.1595
HAP2_chr01	HAP2_chr07	15	2614837	19936069	10421927	0.094252	0.250898	0.117247	False	3581.1574
HAP2_chr01	HAP2_chr07	17	1573020	22404348	11338838	0.048897	0.138729	0.139567	False	8975.0302
HAP2_chr01	HAP2_chr07	19	1295772	23312721	11754937	0.038368	0.110232	0.137107	False	28973.9749
HAP2_chr01	HAP2_chr07	23	1075724	24358453	12293816	0.030237	0.087501	0.123275	False	368726.3026
HAP2_chr01	HAP2_chr19	11	1647518	1956191	1700238	0.820105	0.968993	0.009461	False	48.8842
HAP2_chr01	HAP2_chr19	13	4052067	11594047	6349723	0.291690	0.638149	0.061144	False	1254.4041
HAP2_chr01	HAP2_chr19	15	2206859	19936069	8710089	0.083469	0.253368	0.124687	False	3311.7007
HAP2_chr01	HAP2_chr19	17	1311979	22404348	9328904	0.043127	0.140636	0.146628	False	8254.8725
HAP2_chr01	HAP2_chr19	19	1084150	23312721	9592131	0.034071	0.113025	0.143141	False	26837.2494
HAP2_chr01	HAP2_chr19	23	911805	24358453	9920765	0.027326	0.091909	0.127553	False	347917.4150
HAP2_chr01	HAP2_chr20	11	1654383	1956191	1707604	0.823317	0.968833	0.009266	False	48.7740
HAP2_chr01	HAP2_chr20	13	4112312	11594047	6447496	0.295229	0.637815	0.060426	False	1262.5853
HAP2_chr01	HAP2_chr20	15	2277262	19936069	8910664	0.085710	0.255566	0.123058	False	3383.6595
HAP2_chr01	HAP2_chr20	17	1364457	22404348	9575366	0.044568	0.142497	0.144776	False	8475.9445
HAP2_chr01	HAP2_chr20	19	1126064	23312721	9867294	0.035130	0.114121	0.141583	False	27483.7815
HAP2_chr01	HAP2_chr20	23	940373	24358453	10242168	0.027937	0.091814	0.126618	False	353143.3071
HAP2_chr01	HAP2_chr22	11	1621080	1956191	1670517	0.808266	0.970406	0.010190	False	50.3468
HAP2_chr01	HAP2_chr22	13	3897034	11594047	6040646	0.283675	0.645135	0.062808	False	1252.7064
HAP2_chr01	HAP2_chr22	15	2145454	19936069	8216329	0.082495	0.261121	0.125409	False	3331.7834
HAP2_chr01	HAP2_chr22	17	1291576	22404348	8800212	0.043178	0.146766	0.146562	False	8373.6510
HAP2_chr01	HAP2_chr22	19	1065822	23312721	9060039	0.034044	0.117640	0.143180	False	27148.8496
HAP2_chr01	HAP2_chr22	23	883066	24358453	9392238	0.026867	0.094021	0.128270	False	346302.3769
HAP2_chr01	HAP2_chr21	11	1683592	1956191	1740450	0.836339	0.967331	0.008486	False	47.1899
HAP2_chr01	HAP2_chr21	13	4372560	11594047	6927352	0.309040	0.631202	0.057725	False	1279.1156
HAP2_chr01	HAP2_chr21	15	2429568	19936069	9749738	0.089138	0.249193	0.120654	False	3436.1257
HAP2_chr01	HAP2_chr21	17	1434200	22404348	10481481	0.045600	0.136832	0.143487	False	8508.8130
HAP2_chr01	HAP2_chr21	19	1172837	23312721	10776712	0.035631	0.108831	0.140864	False	27388.9600
HAP2_chr01	HAP2_chr21	23	965989	24358453	11129001	0.027982	0.086799	0.126549	False	348009.1617
HAP2_chr01	HAP2_chr23	11	1684261	1956191	1740516	0.836922	0.967679	0.008452	False	47.6657
HAP2_chr01	HAP2_chr23	13	4367672	11594047	6913236	0.308896	0.631784	0.057753	False	1280.4140
HAP2_chr01	HAP2_chr23	15	2435191	19936069	9735989	0.089408	0.250123	0.120469	False	3448.7519
HAP2_chr01	HAP2_chr23	17	1447201	22404348	10491711	0.046018	0.137938	0.142975	False	8583.0951
HAP2_chr01	HAP2_chr23	19	1188864	23312721	10813251	0.036095	0.109945	0.140206	False	27716.7260
HAP2_chr01	HAP2_chr23	23	982990	24358453	11210512	0.028422	0.087685	0.125891	False	352844.2121
HAP2_chr01	HAP2_chr24	11	1688980	1956191	1746750	0.838636	0.966927	0.008350	False	46.7220
HAP2_chr01	HAP2_chr24	13	4352535	11594047	6932666	0.307075	0.627830	0.058101	False	1264.5005
HAP2_chr01	HAP2_chr24	15	2366393	19936069	9710842	0.086743	0.243686	0.122323	False	3340.2017
HAP2_chr01	HAP2_chr24	17	1377565	22404348	10421673	0.043804	0.132183	0.145750	False	8190.6250
HAP2_chr01	HAP2_chr24	19	1128330	23312721	10707211	0.034305	0.105380	0.142793	False	26433.6283
HAP2_chr01	HAP2_chr24	23	939408	24358453	11048947	0.027255	0.085022	0.127664	False	339656.8079
HAP2_chr01	HAP2_chr25	11	1604589	1956191	1652327	0.800721	0.971109	0.010662	False	51.0069
HAP2_chr01	HAP2_chr25	13	3754511	11594047	5856933	0.274123	0.641037	0.064869	False	1216.6372
HAP2_chr01	HAP2_chr25	15	1942090	19936069	7847891	0.075153	0.247466	0.131170	False	3057.7246
HAP2_chr01	HAP2_chr25	17	1108432	22404348	8334301	0.037409	0.132996	0.154672	False	7370.5791
HAP2_chr01	HAP2_chr25	19	901753	23312721	8530821	0.029144	0.105705	0.151111	False	23667.5421
HAP2_chr01	HAP2_chr25	23	746295	24358453	8768493	0.023048	0.085111	0.134775	False	302896.7200
HAP2_chr01	HAP2_chr26	11	1639992	1956191	1692364	0.816500	0.969054	0.009681	False	48.8536
HAP2_chr01	HAP2_chr26	13	3932717	11594047	6190440	0.283914	0.635289	0.062758	False	1226.4659
HAP2_chr01	HAP2_chr26	15	2072891	19936069	8368839	0.079021	0.247692	0.128063	False	3160.9603
HAP2_chr01	HAP2_chr26	17	1206729	22404348	8904372	0.040088	0.135521	0.150755	False	7765.9940
HAP2_chr01	HAP2_chr26	19	991693	23312721	9117717	0.031544	0.108765	0.147068	False	25177.6278
HAP2_chr01	HAP2_chr26	23	829104	24358453	9371550	0.025200	0.088470	0.130985	False	325499.2180
HAP2_chr02	HAP2_chr03	11	1861548	1944775	1963081	0.909711	0.957205	0.004403	False	30.4635
HAP2_chr02	HAP2_chr03	13	6464469	11207989	11634879	0.394695	0.576773	0.043782	False	1307.7854
HAP2_chr02	HAP2_chr03	15	3980804	18930484	19905925	0.114208	0.210285	0.105648	False	3913.7386
HAP2_chr02	HAP2_chr03	17	2270950	21212559	22313308	0.055047	0.107057	0.132942	False	9439.6608
HAP2_chr02	HAP2_chr03	19	1838585	22080660	23191431	0.042331	0.083267	0.132134	False	30059.9216
HAP2_chr02	HAP2_chr03	23	1535205	23100878	24190163	0.033552	0.066457	0.118892	False	385214.9601
HAP2_chr02	HAP2_chr04	11	1851433	1944775	1937260	0.911766	0.955697	0.004296	False	40.9841
HAP2_chr02	HAP2_chr04	13	6853201	11207989	10898284	0.449300	0.628833	0.036769	False	1683.9562
HAP2_chr02	HAP2_chr04	15	5839444	18930484	18070854	0.187391	0.323142	0.076878	False	6517.1257
HAP2_chr02	HAP2_chr04	17	4435062	21212559	20103510	0.120253	0.220611	0.090504	False	19682.1869
HAP2_chr02	HAP2_chr04	19	3836164	22080660	20853426	0.098117	0.183958	0.090634	False	66218.2807
HAP2_chr02	HAP2_chr04	23	3143857	23100878	21714248	0.075444	0.144783	0.085389	False	832624.2905
HAP2_chr02	HAP2_chr06	11	1777318	1944775	1856147	0.878293	0.957531	0.006090	False	42.7118
HAP2_chr02	HAP2_chr06	13	5252105	11207989	8915399	0.353171	0.589105	0.050008	False	1317.8295
HAP2_chr02	HAP2_chr06	15	2975193	18930484	13659620	0.100463	0.217809	0.113370	False	3592.9555
HAP2_chr02	HAP2_chr06	17	1701089	21212559	14950852	0.049361	0.113779	0.139037	False	8660.8933
HAP2_chr02	HAP2_chr06	19	1387288	22080660	15462891	0.038369	0.089717	0.137105	False	27783.8089
HAP2_chr02	HAP2_chr06	23	1165403	23100878	16092268	0.030646	0.072420	0.122708	False	358528.9467
HAP2_chr02	HAP2_chr09	11	1759834	1944775	1835654	0.870948	0.958696	0.006497	False	44.1145
HAP2_chr02	HAP2_chr09	13	5016501	11207989	8400787	0.343778	0.597147	0.051546	False	1319.5595
HAP2_chr02	HAP2_chr09	15	2854917	18930484	12520506	0.099836	0.228019	0.113749	False	3632.2741
HAP2_chr02	HAP2_chr09	17	1686658	21212559	13598702	0.050919	0.124031	0.137297	False	9020.7492
HAP2_chr02	HAP2_chr09	19	1389613	22080660	14008836	0.040047	0.099195	0.134938	False	29244.0676
HAP2_chr02	HAP2_chr09	23	1164462	23100878	14488605	0.031969	0.080371	0.120927	False	377545.3675
HAP2_chr02	HAP2_chr08	11	1772723	1944775	1850664	0.876407	0.957885	0.006194	False	43.1487
HAP2_chr02	HAP2_chr08	13	5214992	11207989	8796322	0.352619	0.592861	0.050097	False	1328.2720
HAP2_chr02	HAP2_chr08	15	2993131	18930484	13405860	0.102004	0.223270	0.112448	False	3665.9065
HAP2_chr02	HAP2_chr08	17	1750159	21212559	14664144	0.051284	0.119350	0.136896	False	9006.7326
HAP2_chr02	HAP2_chr08	19	1439683	22080660	15167024	0.040206	0.094922	0.134738	False	29115.8790
HAP2_chr02	HAP2_chr08	23	1211940	23100878	15783256	0.032171	0.076786	0.120662	False	376478.1406
HAP2_chr02	HAP2_chr11	11	1793303	1944775	1875256	0.884827	0.956298	0.005732	False	41.1775
HAP2_chr02	HAP2_chr11	13	5530489	11207989	9396976	0.366878	0.588539	0.047855	False	1349.9533
HAP2_chr02	HAP2_chr11	15	3324137	18930484	14824614	0.109235	0.224231	0.108318	False	3874.7082
HAP2_chr02	HAP2_chr11	17	1980293	21212559	16402565	0.055572	0.120731	0.132413	False	9638.2159
HAP2_chr02	HAP2_chr11	19	1628370	22080660	17052685	0.043417	0.095491	0.130855	False	31058.0589
HAP2_chr02	HAP2_chr11	23	1358045	23100878	17855262	0.034296	0.076059	0.117970	False	396632.1896
HAP2_chr02	HAP2_chr12	11	1825751	1944775	1916305	0.897030	0.952746	0.005073	False	36.5194
HAP2_chr02	HAP2_chr12	13	5819715	11207989	10157744	0.374354	0.572934	0.046722	False	1317.4785
HAP2_chr02	HAP2_chr12	15	3424122	18930484	16248346	0.107830	0.210737	0.109097	False	3766.8305
HAP2_chr02	HAP2_chr12	17	1975784	21212559	17907770	0.053192	0.110331	0.134855	False	9185.1478
HAP2_chr02	HAP2_chr12	19	1611185	22080660	18511531	0.041333	0.087037	0.133340	False	29489.7266
HAP2_chr02	HAP2_chr12	23	1349196	23100878	19196363	0.032949	0.070284	0.119655	False	380033.7527
HAP2_chr02	HAP2_chr13	11	1707414	1944775	1773388	0.849143	0.962798	0.007737	False	49.0322
HAP2_chr02	HAP2_chr13	13	4563793	11207989	7463531	0.323496	0.611479	0.055054	False	1311.5226
HAP2_chr02	HAP2_chr13	15	2560881	18930484	10811655	0.094215	0.236863	0.117271	False	3530.1689
HAP2_chr02	HAP2_chr13	17	1512109	21212559	11714892	0.048133	0.129076	0.140450	False	8720.1299
HAP2_chr02	HAP2_chr13	19	1240412	22080660	12084487	0.037674	0.102645	0.138032	False	28107.3863
HAP2_chr02	HAP2_chr13	23	1030584	23100878	12533334	0.029783	0.082227	0.123914	False	359258.6888
HAP2_chr02	HAP2_chr05	11	1834285	1944775	1927047	0.900246	0.951863	0.004902	False	35.3496
HAP2_chr02	HAP2_chr05	13	6021320	11207989	10709499	0.378791	0.562241	0.046064	False	1292.2412
HAP2_chr02	HAP2_chr05	15	3412395	18930484	17601194	0.103033	0.193873	0.111841	False	3543.7380
HAP2_chr02	HAP2_chr05	17	1793646	21212559	19429478	0.046170	0.092316	0.142789	False	7969.4596
HAP2_chr02	HAP2_chr05	19	1402056	22080660	20016096	0.034453	0.070046	0.142573	False	24667.6245
HAP2_chr02	HAP2_chr05	23	1148417	23100878	20608717	0.026983	0.055725	0.128089	False	312197.6841
HAP2_chr02	HAP2_chr10	11	1808823	1944775	1895187	0.890546	0.954430	0.005422	False	38.7255
HAP2_chr02	HAP2_chr10	13	5615765	11207989	9712491	0.366930	0.578200	0.047846	False	1316.6784
HAP2_chr02	HAP2_chr10	15	3236670	18930484	15325642	0.104343	0.211193	0.111078	False	3667.8290
HAP2_chr02	HAP2_chr10	17	1832959	21212559	16850568	0.050592	0.108777	0.137657	False	8781.5437
HAP2_chr02	HAP2_chr10	19	1485783	22080660	17412284	0.039092	0.085330	0.136160	False	28038.7050
HAP2_chr02	HAP2_chr10	23	1241967	23100878	18052398	0.031118	0.068798	0.122063	False	360744.0038
HAP2_chr02	HAP2_chr14	11	1790720	1944775	1872511	0.883623	0.956320	0.005798	False	41.1792
HAP2_chr02	HAP2_chr14	13	5449663	11207989	9287321	0.362209	0.586785	0.048577	False	1332.8051
HAP2_chr02	HAP2_chr14	15	3191091	18930484	14504228	0.105513	0.220011	0.110406	False	3747.0249
HAP2_chr02	HAP2_chr14	17	1855310	21212559	15955961	0.052539	0.116277	0.135545	False	9148.0933
HAP2_chr02	HAP2_chr14	19	1511822	22080660	16521915	0.040760	0.091504	0.134045	False	29292.4827
HAP2_chr02	HAP2_chr14	23	1255429	23100878	17192812	0.032159	0.073021	0.120677	False	373659.0055
HAP2_chr02	HAP2_chr15	11	1732030	1944775	1801610	0.859843	0.961379	0.007123	False	47.4433
HAP2_chr02	HAP2_chr15	13	4797579	11207989	7922995	0.334713	0.605526	0.053081	False	1322.2956
HAP2_chr02	HAP2_chr15	15	2733208	18930484	11716993	0.097914	0.233269	0.114928	False	3609.4812
HAP2_chr02	HAP2_chr15	17	1618365	21212559	12776868	0.049994	0.126664	0.138323	False	8933.3002
HAP2_chr02	HAP2_chr15	19	1331631	22080660	13220548	0.039201	0.100724	0.136019	False	28847.9395
HAP2_chr02	HAP2_chr15	23	1115507	23100878	13763461	0.031204	0.081048	0.121947	False	371078.3464
HAP2_chr02	HAP2_chr18	11	1689604	1944775	1754152	0.840882	0.963203	0.008218	False	49.3225
HAP2_chr02	HAP2_chr18	13	4270253	11207989	6943926	0.307618	0.614962	0.057997	False	1280.9274
HAP2_chr02	HAP2_chr18	15	2358099	18930484	9721359	0.089683	0.242569	0.120281	False	3442.1819
HAP2_chr02	HAP2_chr18	17	1432680	21212559	10474208	0.047355	0.136782	0.141365	False	8747.3111
HAP2_chr02	HAP2_chr18	19	1195460	22080660	10808975	0.037719	0.110599	0.137973	False	28645.7610
HAP2_chr02	HAP2_chr18	23	1009220	23100878	11244443	0.030274	0.089753	0.123224	False	371427.7581
HAP2_chr02	HAP2_chr16	11	1791611	1944775	1875396	0.883193	0.955324	0.005821	False	39.7945
HAP2_chr02	HAP2_chr16	13	5328358	11207989	9231562	0.352610	0.577189	0.050099	False	1278.3505
HAP2_chr02	HAP2_chr16	15	2855622	18930484	14170650	0.094415	0.201517	0.117142	False	3332.9284
HAP2_chr02	HAP2_chr16	17	1504184	21212559	15390938	0.042855	0.097732	0.146985	False	7520.5938
HAP2_chr02	HAP2_chr16	19	1182899	22080660	15784249	0.032247	0.074942	0.145943	False	23439.7281
HAP2_chr02	HAP2_chr16	23	967632	23100878	16190750	0.025249	0.059764	0.130903	False	296778.6308
HAP2_chr02	HAP2_chr17	11	1755585	1944775	1830609	0.869188	0.959017	0.006596	False	44.5049
HAP2_chr02	HAP2_chr17	13	4933413	11207989	8240648	0.339879	0.598668	0.052200	False	1314.4795
HAP2_chr02	HAP2_chr17	15	2822453	18930484	12197774	0.099713	0.231391	0.113824	False	3647.8629
HAP2_chr02	HAP2_chr17	17	1693427	21212559	13269618	0.051647	0.127617	0.136502	False	9173.8032
HAP2_chr02	HAP2_chr17	19	1401980	22080660	13709289	0.040769	0.102265	0.134033	False	29826.3723
HAP2_chr02	HAP2_chr17	23	1174093	23100878	14252006	0.032453	0.082381	0.120294	False	383814.7834
HAP2_chr02	HAP2_chr07	11	1694765	1944775	1758901	0.843624	0.963536	0.008058	False	49.8487
HAP2_chr02	HAP2_chr07	13	4468305	11207989	7240106	0.319626	0.617160	0.055754	False	1318.1922
HAP2_chr02	HAP2_chr07	15	2570372	18930484	10421927	0.095974	0.246631	0.116145	False	3633.8939
HAP2_chr02	HAP2_chr07	17	1574952	21212559	11338838	0.050844	0.138899	0.137379	False	9244.6551
HAP2_chr02	HAP2_chr07	19	1308398	22080660	11754937	0.040225	0.111306	0.134714	False	30064.3145
HAP2_chr02	HAP2_chr07	23	1091144	23100878	12293816	0.031808	0.088756	0.121139	False	384057.4208
HAP2_chr02	HAP2_chr19	11	1642632	1944775	1700238	0.820339	0.966119	0.009447	False	52.5072
HAP2_chr02	HAP2_chr19	13	3965012	11207989	6349723	0.291702	0.624439	0.061141	False	1266.2129
HAP2_chr02	HAP2_chr19	15	2147898	18930484	8710089	0.084255	0.246599	0.124110	False	3321.5679
HAP2_chr02	HAP2_chr19	17	1293222	21212559	9328904	0.044215	0.138625	0.145224	False	8368.5443
HAP2_chr02	HAP2_chr19	19	1075787	22080660	9592131	0.035160	0.112153	0.141540	False	27364.9758
HAP2_chr02	HAP2_chr19	23	910130	23100878	9920765	0.028343	0.091740	0.126008	False	356605.7978
HAP2_chr02	HAP2_chr20	11	1649158	1944775	1707604	0.823253	0.965773	0.009270	False	52.1517
HAP2_chr02	HAP2_chr20	13	4029956	11207989	6447496	0.295765	0.625042	0.060319	False	1278.5755
HAP2_chr02	HAP2_chr20	15	2217884	18930484	8910664	0.086557	0.248902	0.122454	False	3396.2106
HAP2_chr02	HAP2_chr20	17	1343044	21212559	9575366	0.045612	0.140260	0.143473	False	8580.1822
HAP2_chr02	HAP2_chr20	19	1114040	22080660	9867294	0.036130	0.112902	0.140156	False	27940.3738
HAP2_chr02	HAP2_chr20	23	931388	23100878	10242168	0.028736	0.090937	0.125425	False	359163.5158
HAP2_chr02	HAP2_chr22	11	1615967	1944775	1670517	0.808256	0.967345	0.010190	False	53.6926
HAP2_chr02	HAP2_chr22	13	3811377	11207989	6040646	0.283642	0.630955	0.062815	False	1262.7241
HAP2_chr02	HAP2_chr22	15	2074226	18930484	8216329	0.082729	0.252452	0.125235	False	3315.3899
HAP2_chr02	HAP2_chr22	17	1256102	21212559	8800212	0.043680	0.142735	0.145910	False	8373.3115
HAP2_chr02	HAP2_chr22	19	1040638	22080660	9060039	0.034573	0.114860	0.142397	False	27238.0277
HAP2_chr02	HAP2_chr22	23	863779	23100878	9392238	0.027309	0.091967	0.127579	False	347836.9029
HAP2_chr02	HAP2_chr21	11	1677650	1944775	1740450	0.835660	0.963917	0.008526	False	50.1086
HAP2_chr02	HAP2_chr21	13	4261405	11207989	6927352	0.307152	0.615156	0.058086	False	1280.2816
HAP2_chr02	HAP2_chr21	15	2312862	18930484	9749738	0.087717	0.237223	0.121638	False	3358.3092
HAP2_chr02	HAP2_chr21	17	1354703	21212559	10481481	0.044652	0.129247	0.144671	False	8259.4857
HAP2_chr02	HAP2_chr21	19	1108068	22080660	10776712	0.034901	0.102821	0.141916	False	26588.4518
HAP2_chr02	HAP2_chr21	23	915329	23100878	11129001	0.027475	0.082247	0.127323	False	338615.1022
HAP2_chr02	HAP2_chr23	11	1678859	1944775	1740516	0.836739	0.964575	0.008463	False	51.0111
HAP2_chr02	HAP2_chr23	13	4277195	11207989	6913236	0.308956	0.618697	0.057741	False	1295.0817
HAP2_chr02	HAP2_chr23	15	2372029	18930484	9735989	0.090210	0.243635	0.119922	False	3462.4890
HAP2_chr02	HAP2_chr23	17	1425593	21212559	10491711	0.047082	0.135878	0.141689	False	8695.7142
HAP2_chr02	HAP2_chr23	19	1176328	22080660	10813251	0.037088	0.108786	0.138829	False	28181.0606
HAP2_chr02	HAP2_chr23	23	975031	23100878	11210512	0.029248	0.086975	0.124679	False	359387.5934
HAP2_chr02	HAP2_chr24	11	1683008	1944775	1746750	0.837936	0.963508	0.008392	False	49.6376
HAP2_chr02	HAP2_chr24	13	4254835	11207989	6932666	0.306416	0.613737	0.058227	False	1274.3069
HAP2_chr02	HAP2_chr24	15	2295383	18930484	9710842	0.087125	0.236373	0.122054	False	3337.5015
HAP2_chr02	HAP2_chr24	17	1352051	21212559	10421673	0.044648	0.129735	0.144675	False	8267.5411
HAP2_chr02	HAP2_chr24	19	1116539	22080660	10707211	0.035254	0.104279	0.141404	False	26879.1170
HAP2_chr02	HAP2_chr24	23	937074	23100878	11048947	0.028214	0.084811	0.126200	False	347913.0667
HAP2_chr02	HAP2_chr25	11	1599834	1944775	1652327	0.801011	0.968231	0.010644	False	54.5813
HAP2_chr02	HAP2_chr25	13	3681207	11207989	5856933	0.275051	0.628521	0.064664	False	1233.1825
HAP2_chr02	HAP2_chr25	15	1903574	18930484	7847891	0.076526	0.242559	0.130048	False	3092.6121
HAP2_chr02	HAP2_chr25	17	1106760	21212559	8334301	0.038915	0.132796	0.152435	False	7571.2066
HAP2_chr02	HAP2_chr25	19	909044	22080660	8530821	0.030605	0.106560	0.148610	False	24517.8913
HAP2_chr02	HAP2_chr25	23	757479	23100878	8768493	0.024347	0.086386	0.132446	False	315693.3806
HAP2_chr02	HAP2_chr26	11	1634826	1944775	1692364	0.816469	0.966001	0.009683	False	52.2268
HAP2_chr02	HAP2_chr26	13	3848376	11207989	6190440	0.284012	0.621664	0.062737	False	1238.2877
HAP2_chr02	HAP2_chr26	15	2014827	18930484	8368839	0.079686	0.240753	0.127545	False	3165.7970
HAP2_chr02	HAP2_chr26	17	1186197	21212559	8904372	0.041001	0.133215	0.149482	False	7851.0422
HAP2_chr02	HAP2_chr26	19	981508	22080660	9117717	0.032482	0.107648	0.145573	False	25606.5486
HAP2_chr02	HAP2_chr26	23	825354	23100878	9371550	0.026080	0.088070	0.129530	False	332730.0066
HAP2_chr03	HAP2_chr04	11	1855191	1963081	1937260	0.907117	0.957637	0.004539	False	31.0257
HAP2_chr03	HAP2_chr04	13	6319473	11634879	10898284	0.389762	0.579859	0.044477	False	1306.8918
HAP2_chr03	HAP2_chr04	15	3824880	19905925	18070854	0.111996	0.211660	0.106820	False	3854.1959
HAP2_chr03	HAP2_chr04	17	2172225	22313308	20103510	0.053976	0.108052	0.134038	False	9277.1305
HAP2_chr03	HAP2_chr04	19	1754418	23191431	20853426	0.041485	0.084131	0.133154	False	29516.4132
HAP2_chr03	HAP2_chr04	23	1457629	24190163	21714248	0.032795	0.067128	0.119852	False	377246.8832
HAP2_chr03	HAP2_chr06	11	1787866	1963081	1856147	0.880132	0.963214	0.005989	False	38.2226
HAP2_chr03	HAP2_chr06	13	5400272	11634879	8915399	0.356453	0.605724	0.049483	False	1313.1875
HAP2_chr03	HAP2_chr06	15	3125190	19905925	13659620	0.102666	0.228790	0.112057	False	3679.7136
HAP2_chr03	HAP2_chr06	17	1803032	22313308	14950852	0.050845	0.120597	0.137377	False	8952.1363
HAP2_chr03	HAP2_chr06	19	1467141	23191431	15462891	0.039453	0.094881	0.135695	False	28671.1164
HAP2_chr03	HAP2_chr06	23	1217151	24190163	16092268	0.031157	0.075636	0.122011	False	365921.0464
HAP2_chr03	HAP2_chr09	11	1770143	1963081	1835654	0.872597	0.964312	0.006406	False	39.5490
HAP2_chr03	HAP2_chr09	13	5122258	11634879	8400787	0.343467	0.609735	0.051598	False	1294.4692
HAP2_chr03	HAP2_chr09	15	2894912	19905925	12520506	0.098028	0.231214	0.114858	False	3567.4733
HAP2_chr03	HAP2_chr09	17	1673235	22313308	13598702	0.048870	0.123044	0.139598	False	8714.7410
HAP2_chr03	HAP2_chr09	19	1367819	23191431	14008836	0.038173	0.097640	0.137366	False	28084.5559
HAP2_chr03	HAP2_chr09	23	1145873	24190163	14488605	0.030530	0.079088	0.122869	False	363057.0962
HAP2_chr03	HAP2_chr08	11	1783281	1963081	1850664	0.878263	0.963590	0.006092	False	38.6951
HAP2_chr03	HAP2_chr08	13	5336200	11634879	8796322	0.353508	0.606640	0.049954	False	1309.0010
HAP2_chr03	HAP2_chr08	15	3076032	19905925	13405860	0.101735	0.229454	0.112608	False	3657.9971
HAP2_chr03	HAP2_chr08	17	1779652	22313308	14664144	0.050561	0.121361	0.137691	False	8923.2507
HAP2_chr03	HAP2_chr08	19	1449988	23191431	15167024	0.039286	0.095601	0.135909	False	28611.3365
HAP2_chr03	HAP2_chr08	23	1201370	24190163	15783256	0.030985	0.076117	0.122244	False	364695.2146
HAP2_chr03	HAP2_chr11	11	1806504	1963081	1875256	0.889101	0.963337	0.005500	False	38.5939
HAP2_chr03	HAP2_chr11	13	5804682	11634879	9396976	0.381205	0.617718	0.045710	False	1410.6262
HAP2_chr03	HAP2_chr11	15	3819564	19905925	14824614	0.123567	0.257650	0.100956	False	4410.4892
HAP2_chr03	HAP2_chr11	17	2440749	22313308	16402565	0.067284	0.148803	0.121812	False	11618.0134
HAP2_chr03	HAP2_chr11	19	2030688	23191431	17052685	0.053141	0.119083	0.120707	False	37802.6405
HAP2_chr03	HAP2_chr11	23	1671303	24190163	17855262	0.041395	0.093603	0.110087	False	477006.6067
HAP2_chr03	HAP2_chr12	11	1837366	1963081	1916305	0.899779	0.958807	0.004927	False	32.5316
HAP2_chr03	HAP2_chr12	13	5953661	11634879	10157744	0.375887	0.586120	0.046494	False	1295.5960
HAP2_chr03	HAP2_chr12	15	3485846	19905925	16248346	0.106704	0.214535	0.109729	False	3714.8676
HAP2_chr03	HAP2_chr12	17	1967500	22313308	17907770	0.051433	0.109869	0.136734	False	8906.6753
HAP2_chr03	HAP2_chr12	19	1592806	23191431	18511531	0.039711	0.086044	0.135365	False	28443.3230
HAP2_chr03	HAP2_chr12	23	1331287	24190163	19196363	0.031656	0.069351	0.121342	False	366448.8928
HAP2_chr03	HAP2_chr13	11	1716438	1963081	1773388	0.849709	0.967886	0.007704	False	43.7924
HAP2_chr03	HAP2_chr13	13	4669719	11634879	7463531	0.323641	0.625672	0.055028	False	1294.0583
HAP2_chr03	HAP2_chr13	15	2625391	19905925	10811655	0.093456	0.242830	0.117764	False	3513.4516
HAP2_chr03	HAP2_chr13	17	1534763	22313308	11714892	0.047233	0.131010	0.141510	False	8623.5796
HAP2_chr03	HAP2_chr13	19	1253394	23191431	12084487	0.036840	0.103719	0.139168	False	27711.3398
HAP2_chr03	HAP2_chr13	23	1040995	24190163	12533334	0.029174	0.083058	0.124787	False	354623.2838
HAP2_chr03	HAP2_chr05	11	1846634	1963081	1927047	0.903665	0.958271	0.004721	False	31.8546
HAP2_chr03	HAP2_chr05	13	6191143	11634879	10709499	0.383276	0.578098	0.045408	False	1285.7354
HAP2_chr03	HAP2_chr05	15	3564837	19905925	17601194	0.105026	0.202534	0.110684	False	3604.9373
HAP2_chr03	HAP2_chr05	17	1885673	22313308	19429478	0.047311	0.097052	0.141417	False	8168.9538
HAP2_chr03	HAP2_chr05	19	1473284	23191431	20016096	0.035302	0.073605	0.141335	False	25292.4654
HAP2_chr03	HAP2_chr05	23	1197962	24190163	20608717	0.027476	0.058129	0.127322	False	318249.6486
HAP2_chr03	HAP2_chr10	11	1820355	1963081	1895187	0.893245	0.960515	0.005276	False	34.7822
HAP2_chr03	HAP2_chr10	13	5761053	11634879	9712491	0.369622	0.593159	0.047435	False	1304.1348
HAP2_chr03	HAP2_chr10	15	3363503	19905925	15325642	0.105545	0.219469	0.110387	False	3708.1494
HAP2_chr03	HAP2_chr10	17	1908571	22313308	16850568	0.051230	0.113264	0.136956	False	8913.2869
HAP2_chr03	HAP2_chr10	19	1542281	23191431	17412284	0.039483	0.088574	0.135655	False	28398.7114
HAP2_chr03	HAP2_chr10	23	1278209	24190163	18052398	0.031203	0.070805	0.121949	False	362815.3970
HAP2_chr03	HAP2_chr14	11	1801729	1963081	1872511	0.885865	0.962199	0.005675	False	36.9563
HAP2_chr03	HAP2_chr14	13	5586014	11634879	9287321	0.364237	0.601467	0.048261	False	1318.2650
HAP2_chr03	HAP2_chr14	15	3274050	19905925	14504228	0.105153	0.225731	0.110612	False	3731.2548
HAP2_chr03	HAP2_chr14	17	1877065	22313308	15955961	0.051579	0.117640	0.136576	False	9016.4107
HAP2_chr03	HAP2_chr14	19	1516788	23191431	16521915	0.039710	0.091805	0.135366	False	28673.9060
HAP2_chr03	HAP2_chr14	23	1252194	24190163	17192812	0.031203	0.072832	0.121949	False	364208.0718
HAP2_chr03	HAP2_chr15	11	1741428	1963081	1801610	0.860703	0.966595	0.007074	False	42.3486
HAP2_chr03	HAP2_chr15	13	4919487	11634879	7922995	0.336068	0.620913	0.052848	False	1310.5467
HAP2_chr03	HAP2_chr15	15	2851790	19905925	11716993	0.099120	0.243389	0.114186	False	3667.5447
HAP2_chr03	HAP2_chr15	17	1696756	22313308	12776868	0.050811	0.132799	0.137415	False	9131.4754
HAP2_chr03	HAP2_chr15	19	1388908	23191431	13220548	0.039657	0.105057	0.135433	False	29359.0354
HAP2_chr03	HAP2_chr15	23	1145716	24190163	13763461	0.031127	0.083243	0.122052	False	372447.5038
HAP2_chr03	HAP2_chr18	11	1698681	1963081	1754152	0.841534	0.968377	0.008180	False	44.2263
HAP2_chr03	HAP2_chr18	13	4374652	11634879	6943926	0.307984	0.629997	0.057927	False	1267.5563
HAP2_chr03	HAP2_chr18	15	2438550	19905925	9721359	0.089690	0.250845	0.120276	False	3461.3672
HAP2_chr03	HAP2_chr18	17	1482540	22313308	10474208	0.047358	0.141542	0.141361	False	8822.9629
HAP2_chr03	HAP2_chr18	19	1236357	23191431	10808975	0.037735	0.114382	0.137950	False	28906.9071
HAP2_chr03	HAP2_chr18	23	1042257	24190163	11244443	0.030305	0.092691	0.123181	False	374850.5313
HAP2_chr03	HAP2_chr16	11	1802784	1963081	1875396	0.885587	0.961282	0.005691	False	35.6859
HAP2_chr03	HAP2_chr16	13	5472588	11634879	9231562	0.355505	0.592813	0.049634	False	1269.6496
HAP2_chr03	HAP2_chr16	15	2971136	19905925	14170650	0.095518	0.209668	0.116435	False	3374.0835
HAP2_chr03	HAP2_chr16	17	1569529	22313308	15390938	0.043435	0.101977	0.146226	False	7649.6910
HAP2_chr03	HAP2_chr16	19	1231416	23191431	15784249	0.032625	0.078015	0.145349	False	23809.1353
HAP2_chr03	HAP2_chr16	23	999856	24190163	16190750	0.025389	0.061755	0.130668	False	299677.8495
HAP2_chr03	HAP2_chr17	11	1770656	1963081	1830609	0.875248	0.967250	0.006258	False	43.6030
HAP2_chr03	HAP2_chr17	13	5334134	11634879	8240648	0.366824	0.647295	0.047863	False	1465.1768
HAP2_chr03	HAP2_chr17	15	3658549	19905925	12197774	0.128618	0.299936	0.098584	False	4767.6618
HAP2_chr03	HAP2_chr17	17	2521796	22313308	13269618	0.076277	0.190043	0.114926	False	13397.2780
HAP2_chr03	HAP2_chr17	19	2147221	23191431	13709289	0.061784	0.156625	0.113206	False	44595.6284
HAP2_chr03	HAP2_chr17	23	1772013	24190163	14252006	0.048323	0.124334	0.103647	False	566085.4716
HAP2_chr03	HAP2_chr07	11	1706043	1963081	1758901	0.846277	0.969948	0.007903	False	46.4396
HAP2_chr03	HAP2_chr07	13	4705567	11634879	7240106	0.332093	0.649931	0.053534	False	1385.3934
HAP2_chr03	HAP2_chr07	15	3006142	19905925	10421927	0.110028	0.288444	0.107884	False	4214.2938
HAP2_chr03	HAP2_chr07	17	1991236	22313308	11338838	0.062893	0.175612	0.125540	False	11430.8741
HAP2_chr03	HAP2_chr07	19	1680598	23191431	11754937	0.050520	0.142970	0.123238	False	37690.5050
HAP2_chr03	HAP2_chr07	23	1391175	24190163	12293816	0.039643	0.113161	0.111895	False	478510.2848
HAP2_chr03	HAP2_chr19	11	1652533	1963081	1700238	0.821834	0.971942	0.009356	False	48.3458
HAP2_chr03	HAP2_chr19	13	4180825	11634879	6349723	0.302875	0.658426	0.058912	False	1333.7679
HAP2_chr03	HAP2_chr19	15	2558358	19905925	8710089	0.098181	0.293724	0.114764	False	3933.5918
HAP2_chr03	HAP2_chr19	17	1691112	22313308	9328904	0.056462	0.181277	0.131527	False	10707.8369
HAP2_chr03	HAP2_chr19	19	1428416	23191431	9592131	0.045556	0.148915	0.128432	False	35464.6691
HAP2_chr03	HAP2_chr19	23	1184796	24190163	9920765	0.035983	0.119426	0.115952	False	453653.2254
HAP2_chr03	HAP2_chr20	11	1656788	1963081	1707604	0.822678	0.970241	0.009305	False	46.1532
HAP2_chr03	HAP2_chr20	13	4102387	11634879	6447496	0.293447	0.636276	0.060786	False	1248.4826
HAP2_chr03	HAP2_chr20	15	2238124	19905925	8910664	0.084208	0.251174	0.124144	False	3319.0003
HAP2_chr03	HAP2_chr20	17	1322508	22313308	9575366	0.043267	0.138116	0.146446	False	8227.8768
HAP2_chr03	HAP2_chr20	19	1085546	23191431	9867294	0.033952	0.110015	0.143319	False	26562.7915
HAP2_chr03	HAP2_chr20	23	901488	24190163	10242168	0.026885	0.088017	0.128242	False	339716.0886
HAP2_chr03	HAP2_chr22	11	1623286	1963081	1670517	0.807480	0.971727	0.010239	False	47.6336
HAP2_chr03	HAP2_chr22	13	3894430	11634879	6040646	0.282592	0.644704	0.063037	False	1243.6280
HAP2_chr03	HAP2_chr22	15	2133903	19905925	8216329	0.082110	0.259715	0.125697	False	3314.2131
HAP2_chr03	HAP2_chr22	17	1285101	22313308	8800212	0.043083	0.146031	0.146686	False	8348.5072
HAP2_chr03	HAP2_chr22	19	1063910	23191431	9060039	0.034113	0.117429	0.143077	False	27171.0545
HAP2_chr03	HAP2_chr22	23	888390	24190163	9392238	0.027173	0.094588	0.127791	False	349600.0331
HAP2_chr03	HAP2_chr21	11	1686429	1963081	1740450	0.836065	0.968961	0.008502	False	44.8498
HAP2_chr03	HAP2_chr21	13	4350695	11634879	6927352	0.306138	0.628046	0.058280	False	1257.3222
HAP2_chr03	HAP2_chr21	15	2351662	19905925	9749738	0.086129	0.241203	0.122759	False	3310.0628
HAP2_chr03	HAP2_chr21	17	1346434	22313308	10481481	0.042814	0.128458	0.147039	False	7994.9294
HAP2_chr03	HAP2_chr21	19	1088034	23191431	10776712	0.033091	0.100962	0.144627	False	25472.0571
HAP2_chr03	HAP2_chr21	23	889847	24190163	11129001	0.025846	0.079957	0.129912	False	321691.0814
HAP2_chr03	HAP2_chr23	11	1686575	1963081	1740516	0.836171	0.969009	0.008496	False	44.9149
HAP2_chr03	HAP2_chr23	13	4359062	11634879	6913236	0.307213	0.630539	0.058074	False	1267.1706
HAP2_chr03	HAP2_chr23	15	2400211	19905925	9735989	0.088108	0.246530	0.121366	False	3394.0519
HAP2_chr03	HAP2_chr23	17	1413889	22313308	10491711	0.045041	0.134762	0.144182	False	8399.4750
HAP2_chr03	HAP2_chr23	19	1158430	23191431	10813251	0.035268	0.107131	0.141383	False	27076.8544
HAP2_chr03	HAP2_chr23	23	958218	24190163	11210512	0.027821	0.085475	0.126794	False	345146.6103
HAP2_chr03	HAP2_chr24	11	1691991	1963081	1746750	0.838516	0.968651	0.008358	False	44.5067
HAP2_chr03	HAP2_chr24	13	4358239	11634879	6932666	0.306717	0.628653	0.058169	False	1260.5175
HAP2_chr03	HAP2_chr24	15	2378617	19905925	9710842	0.087327	0.244944	0.121912	False	3364.0102
HAP2_chr03	HAP2_chr24	17	1395361	22313308	10421673	0.044524	0.133890	0.144832	False	8316.1485
HAP2_chr03	HAP2_chr24	19	1143499	23191431	10707211	0.034911	0.106797	0.141902	False	26859.7536
HAP2_chr03	HAP2_chr24	23	947163	24190163	11048947	0.027621	0.085724	0.127100	False	343649.9627
HAP2_chr03	HAP2_chr25	11	1609250	1963081	1652327	0.802155	0.973929	0.010572	False	50.3001
HAP2_chr03	HAP2_chr25	13	3867000	11634879	5856933	0.283820	0.660243	0.062777	False	1288.4340
HAP2_chr03	HAP2_chr25	15	2225098	19905925	7847891	0.087161	0.283528	0.122028	False	3585.5014
HAP2_chr03	HAP2_chr25	17	1409932	22313308	8334301	0.048223	0.169172	0.140345	False	9435.3123
HAP2_chr03	HAP2_chr25	19	1176888	23191431	8530821	0.038529	0.137957	0.136895	False	30981.2789
HAP2_chr03	HAP2_chr25	23	968317	24190163	8768493	0.030269	0.110431	0.123231	False	394373.6391
HAP2_chr03	HAP2_chr26	11	1642729	1963081	1692364	0.816175	0.970671	0.009701	False	46.5248
HAP2_chr03	HAP2_chr26	13	3932803	11634879	6190440	0.283088	0.635303	0.062932	False	1219.2289
HAP2_chr03	HAP2_chr26	15	2069103	19905925	8368839	0.078956	0.247239	0.128114	False	3157.3961
HAP2_chr03	HAP2_chr26	17	1209566	22313308	8904372	0.040308	0.135840	0.150446	False	7801.0953
HAP2_chr03	HAP2_chr26	19	995694	23191431	9117717	0.031798	0.109204	0.146659	False	25345.5898
HAP2_chr03	HAP2_chr26	23	831435	24190163	9371550	0.025403	0.088719	0.130645	False	327547.8316
HAP2_chr04	HAP2_chr06	11	1771449	1937260	1856147	0.876106	0.954369	0.006211	False	43.3920
HAP2_chr04	HAP2_chr06	13	5141585	10898284	8915399	0.350433	0.576708	0.050451	False	1319.8327
HAP2_chr04	HAP2_chr06	15	2883188	18070854	13659620	0.099947	0.211074	0.113682	False	3573.9900
HAP2_chr04	HAP2_chr06	17	1651794	20103510	14950852	0.049451	0.110482	0.138935	False	8643.3739
HAP2_chr04	HAP2_chr06	19	1342294	20853426	15462891	0.038380	0.086807	0.137092	False	27663.6038
HAP2_chr04	HAP2_chr06	23	1111050	21714248	16092268	0.030278	0.069042	0.123219	False	352552.3378
HAP2_chr04	HAP2_chr09	11	1754504	1937260	1835654	0.869251	0.955792	0.006592	False	45.1583
HAP2_chr04	HAP2_chr09	13	4897153	10898284	8400787	0.340035	0.582940	0.052174	False	1312.8667
HAP2_chr04	HAP2_chr09	15	2696239	18070854	12520506	0.096656	0.215346	0.115714	False	3504.1172
HAP2_chr04	HAP2_chr09	17	1557759	20103510	13598702	0.048461	0.114552	0.140069	False	8553.5377
HAP2_chr04	HAP2_chr09	19	1276871	20853426	14008836	0.038019	0.091148	0.137571	False	27649.5877
HAP2_chr04	HAP2_chr09	23	1071661	21714248	14488605	0.030505	0.073966	0.122904	False	358379.3866
HAP2_chr04	HAP2_chr08	11	1767677	1937260	1850664	0.874981	0.955158	0.006273	False	44.4451
HAP2_chr04	HAP2_chr08	13	5107853	10898284	8796322	0.350171	0.580681	0.050494	False	1331.6607
HAP2_chr04	HAP2_chr08	15	2889701	18070854	13405860	0.101084	0.215555	0.112997	False	3630.0686
HAP2_chr04	HAP2_chr08	17	1688676	20103510	14664144	0.051050	0.115157	0.137153	False	8930.1710
HAP2_chr04	HAP2_chr08	19	1382416	20853426	15167024	0.039910	0.091146	0.135111	False	28769.4272
HAP2_chr04	HAP2_chr08	23	1146963	21714248	15783256	0.031553	0.072670	0.121479	False	367493.7227
HAP2_chr04	HAP2_chr11	11	1787143	1937260	1875256	0.882377	0.953013	0.005866	False	41.6826
HAP2_chr04	HAP2_chr11	13	5385473	10898284	9396976	0.361204	0.573107	0.048733	False	1335.6392
HAP2_chr04	HAP2_chr11	15	3110975	18070854	14824614	0.104449	0.209852	0.111017	False	3697.6390
HAP2_chr04	HAP2_chr11	17	1796182	20103510	16402565	0.051748	0.109506	0.136392	False	8971.6250
HAP2_chr04	HAP2_chr11	19	1463581	20853426	17052685	0.040161	0.085827	0.134794	False	28722.2294
HAP2_chr04	HAP2_chr11	23	1220648	21714248	17855262	0.031830	0.068363	0.121110	False	367710.4017
HAP2_chr04	HAP2_chr12	11	1819597	1937260	1916305	0.894605	0.949534	0.005203	False	37.1260
HAP2_chr04	HAP2_chr12	13	5682164	10898284	10157744	0.369599	0.559392	0.047439	False	1311.9555
HAP2_chr04	HAP2_chr12	15	3257441	18070854	16248346	0.104870	0.200478	0.110774	False	3665.1772
HAP2_chr04	HAP2_chr12	17	1854060	20103510	17907770	0.051278	0.103534	0.136903	False	8851.8131
HAP2_chr04	HAP2_chr12	19	1510703	20853426	18511531	0.039908	0.081609	0.135113	False	28452.2053
HAP2_chr04	HAP2_chr12	23	1270809	21714248	19196363	0.032059	0.066201	0.120808	False	369206.4350
HAP2_chr04	HAP2_chr13	11	1702259	1937260	1773388	0.847574	0.959891	0.007828	False	50.0646
HAP2_chr04	HAP2_chr13	13	4461814	10898284	7463531	0.320994	0.597815	0.055505	False	1308.7736
HAP2_chr04	HAP2_chr13	15	2431453	18070854	10811655	0.091923	0.224892	0.118773	False	3427.3056
HAP2_chr04	HAP2_chr13	17	1411974	20103510	11714892	0.046437	0.120528	0.142465	False	8361.8172
HAP2_chr04	HAP2_chr13	19	1154025	20853426	12084487	0.036308	0.095496	0.139906	False	26907.7105
HAP2_chr04	HAP2_chr13	23	961497	21714248	12533334	0.028886	0.076715	0.125206	False	345711.3505
HAP2_chr04	HAP2_chr05	11	1828157	1937260	1927047	0.897850	0.948683	0.005030	False	36.0008
HAP2_chr04	HAP2_chr05	13	5899954	10898284	10709499	0.375606	0.550908	0.046536	False	1298.4001
HAP2_chr04	HAP2_chr05	15	3325456	18070854	17601194	0.102807	0.188934	0.111974	False	3550.7107
HAP2_chr04	HAP2_chr05	17	1768649	20103510	19429478	0.046834	0.091029	0.141987	False	8080.8739
HAP2_chr04	HAP2_chr05	19	1384824	20853426	20016096	0.035072	0.069186	0.141667	False	25073.6536
HAP2_chr04	HAP2_chr05	23	1120949	21714248	20608717	0.027206	0.054392	0.127739	False	314309.8230
HAP2_chr04	HAP2_chr10	11	1803166	1937260	1895187	0.888574	0.951445	0.005528	False	39.6578
HAP2_chr04	HAP2_chr10	13	5503893	10898284	9712491	0.364330	0.566682	0.048247	False	1322.7417
HAP2_chr04	HAP2_chr10	15	3146503	18070854	15325642	0.104017	0.205310	0.111267	False	3662.6805
HAP2_chr04	HAP2_chr10	17	1797203	20103510	16850568	0.051120	0.106655	0.137076	False	8851.4197
HAP2_chr04	HAP2_chr10	19	1458514	20853426	17412284	0.039626	0.083764	0.135473	False	28324.4543
HAP2_chr04	HAP2_chr10	23	1210888	21714248	18052398	0.031406	0.067076	0.121675	False	362773.0657
HAP2_chr04	HAP2_chr14	11	1785094	1937260	1872511	0.881669	0.953316	0.005905	False	42.0833
HAP2_chr04	HAP2_chr14	13	5328052	10898284	9287321	0.358609	0.573691	0.049141	False	1330.9458
HAP2_chr04	HAP2_chr14	15	3028184	18070854	14504228	0.102487	0.208779	0.112162	False	3635.1990
HAP2_chr04	HAP2_chr14	17	1729694	20103510	15955961	0.050385	0.108404	0.137887	False	8757.6591
HAP2_chr04	HAP2_chr14	19	1404267	20853426	16521915	0.039039	0.084994	0.136229	False	27996.8861
HAP2_chr04	HAP2_chr14	23	1168441	21714248	17192812	0.030961	0.067961	0.122276	False	358700.4259
HAP2_chr04	HAP2_chr15	11	1727326	1937260	1801610	0.858707	0.958768	0.007187	False	48.8933
HAP2_chr04	HAP2_chr15	13	4714436	10898284	7922995	0.334195	0.595032	0.053170	False	1334.7097
HAP2_chr04	HAP2_chr15	15	2688012	18070854	11716993	0.099189	0.229411	0.114143	False	3652.2418
HAP2_chr04	HAP2_chr15	17	1617246	20103510	12776868	0.051730	0.126576	0.136412	False	9179.4723
HAP2_chr04	HAP2_chr15	19	1333741	20853426	13220548	0.040737	0.100884	0.134074	False	29734.4095
HAP2_chr04	HAP2_chr15	23	1106871	21714248	13763461	0.032204	0.080421	0.120618	False	379780.2304
HAP2_chr04	HAP2_chr18	11	1684757	1937260	1754152	0.839585	0.960440	0.008295	False	50.5485
HAP2_chr04	HAP2_chr18	13	4181211	10898284	6943926	0.306069	0.602139	0.058294	False	1282.3868
HAP2_chr04	HAP2_chr18	15	2277711	18070854	9721359	0.089271	0.234300	0.120563	False	3409.7830
HAP2_chr04	HAP2_chr18	17	1384161	20103510	10474208	0.047413	0.132149	0.141296	False	8684.0987
HAP2_chr04	HAP2_chr18	19	1152219	20853426	10808975	0.037765	0.106598	0.137910	False	28411.2530
HAP2_chr04	HAP2_chr18	23	963420	21714248	11244443	0.030111	0.085680	0.123451	False	365717.7688
HAP2_chr04	HAP2_chr16	11	1786276	1937260	1875396	0.881511	0.952479	0.005913	False	40.9241
HAP2_chr04	HAP2_chr16	13	5227221	10898284	9231562	0.350758	0.566234	0.050398	False	1287.1873
HAP2_chr04	HAP2_chr16	15	2782088	18070854	14170650	0.094438	0.196327	0.117127	False	3337.6617
HAP2_chr04	HAP2_chr16	17	1482730	20103510	15390938	0.043595	0.096338	0.146020	False	7622.6826
HAP2_chr04	HAP2_chr16	19	1168141	20853426	15784249	0.032934	0.074007	0.144869	False	23820.9026
HAP2_chr04	HAP2_chr16	23	949908	21714248	16190750	0.025704	0.058670	0.130145	False	300501.0536
HAP2_chr04	HAP2_chr17	11	1749845	1937260	1830609	0.867108	0.955881	0.006712	False	45.2216
HAP2_chr04	HAP2_chr17	13	4815291	10898284	8240648	0.336178	0.584334	0.052829	False	1307.3161
HAP2_chr04	HAP2_chr17	15	2663401	18070854	12197774	0.096482	0.218351	0.115824	False	3515.8758
HAP2_chr04	HAP2_chr17	17	1563483	20103510	13269618	0.049151	0.117824	0.139276	False	8695.8026
HAP2_chr04	HAP2_chr17	19	1288375	20853426	13709289	0.038720	0.093978	0.136645	False	28203.2591
HAP2_chr04	HAP2_chr17	23	1080291	21714248	14252006	0.030966	0.075799	0.122270	False	364251.8191
HAP2_chr04	HAP2_chr07	11	1689897	1937260	1758901	0.842310	0.960769	0.008135	False	51.0710
HAP2_chr04	HAP2_chr07	13	4354539	10898284	7240106	0.315916	0.601447	0.056436	False	1306.1806
HAP2_chr04	HAP2_chr07	15	2405254	18070854	10421927	0.092199	0.230788	0.118590	False	3468.7139
HAP2_chr04	HAP2_chr07	17	1435367	20103510	11338838	0.047834	0.126589	0.140799	False	8648.3513
HAP2_chr04	HAP2_chr07	19	1184763	20853426	11754937	0.037703	0.100789	0.137994	False	28011.2994
HAP2_chr04	HAP2_chr07	23	988016	21714248	12293816	0.029922	0.080367	0.123718	False	358690.4334
HAP2_chr04	HAP2_chr19	11	1638699	1937260	1700238	0.819842	0.963806	0.009477	False	54.3323
HAP2_chr04	HAP2_chr19	13	3892831	10898284	6349723	0.291485	0.613071	0.061186	False	1274.6267
HAP2_chr04	HAP2_chr19	15	2090790	18070854	8710089	0.084681	0.240042	0.123800	False	3319.9402
HAP2_chr04	HAP2_chr19	17	1263496	20103510	9328904	0.044854	0.135439	0.144416	False	8403.2527
HAP2_chr04	HAP2_chr19	19	1049473	20853426	9592131	0.035701	0.109410	0.140763	False	27471.1751
HAP2_chr04	HAP2_chr19	23	878239	21714248	9920765	0.028554	0.088525	0.125694	False	354927.4719
HAP2_chr04	HAP2_chr20	11	1644706	1937260	1707604	0.822288	0.963166	0.009328	False	53.5801
HAP2_chr04	HAP2_chr20	13	3942333	10898284	6447496	0.294128	0.611452	0.060648	False	1277.1883
HAP2_chr04	HAP2_chr20	15	2113502	18070854	8910664	0.084989	0.237188	0.123577	False	3311.5059
HAP2_chr04	HAP2_chr20	17	1264079	20103510	9575366	0.044487	0.132014	0.144879	False	8294.4427
HAP2_chr04	HAP2_chr20	19	1046571	20853426	9867294	0.035269	0.106065	0.141383	False	27009.3516
HAP2_chr04	HAP2_chr20	23	877190	21714248	10242168	0.028224	0.085645	0.126185	False	348896.8919
HAP2_chr04	HAP2_chr22	11	1611647	1937260	1670517	0.807386	0.964759	0.010244	False	55.1379
HAP2_chr04	HAP2_chr22	13	3727585	10898284	6040646	0.282150	0.617084	0.063131	False	1260.5238
HAP2_chr04	HAP2_chr22	15	1969864	18070854	8216329	0.081007	0.239750	0.126531	False	3219.8977
HAP2_chr04	HAP2_chr22	17	1173903	20103510	8800212	0.042334	0.133395	0.147676	False	8036.3248
HAP2_chr04	HAP2_chr22	19	968584	20853426	9060039	0.033463	0.106907	0.144057	False	26086.8510
HAP2_chr04	HAP2_chr22	23	804930	21714248	9392238	0.026564	0.085702	0.128751	False	334328.1519
HAP2_chr04	HAP2_chr21	11	1672933	1937260	1740450	0.834473	0.961207	0.008597	False	51.4042
HAP2_chr04	HAP2_chr21	13	4165213	10898284	6927352	0.304911	0.601271	0.058517	False	1276.8433
HAP2_chr04	HAP2_chr21	15	2192222	18070854	9749738	0.085539	0.224849	0.123181	False	3253.9183
HAP2_chr04	HAP2_chr21	17	1260584	20103510	10481481	0.042988	0.120268	0.146811	False	7891.9615
HAP2_chr04	HAP2_chr21	19	1026978	20853426	10776712	0.033558	0.095296	0.143913	False	25356.6682
HAP2_chr04	HAP2_chr21	23	850607	21714248	11129001	0.026588	0.076432	0.128713	False	324563.6364
HAP2_chr04	HAP2_chr23	11	1673464	1937260	1740516	0.834932	0.961476	0.008570	False	51.7740
HAP2_chr04	HAP2_chr23	13	4169960	10898284	6913236	0.305681	0.603185	0.058369	False	1284.3738
HAP2_chr04	HAP2_chr23	15	2231438	18070854	9735989	0.087249	0.229195	0.121966	False	3325.5279
HAP2_chr04	HAP2_chr23	17	1309891	20103510	10491711	0.044729	0.124850	0.144574	False	8202.6223
HAP2_chr04	HAP2_chr23	19	1075071	20853426	10813251	0.035143	0.099422	0.141565	False	26500.9796
HAP2_chr04	HAP2_chr23	23	893516	21714248	11210512	0.027895	0.079703	0.126681	False	339694.6856
HAP2_chr04	HAP2_chr24	11	1678644	1937260	1746750	0.837076	0.961010	0.008443	False	51.2259
HAP2_chr04	HAP2_chr24	13	4176082	10898284	6932666	0.305831	0.602377	0.058340	False	1282.4469
HAP2_chr04	HAP2_chr24	15	2234038	18070854	9710842	0.087446	0.230056	0.121828	False	3335.8592
HAP2_chr04	HAP2_chr24	17	1321976	20103510	10421673	0.045268	0.126849	0.143899	False	8308.5697
HAP2_chr04	HAP2_chr24	19	1088545	20853426	10707211	0.035723	0.101665	0.140733	False	26966.5741
HAP2_chr04	HAP2_chr24	23	903213	21714248	11048947	0.028349	0.081747	0.125998	False	345882.7964
HAP2_chr04	HAP2_chr25	11	1595480	1937260	1652327	0.800097	0.965596	0.010701	False	55.9555
HAP2_chr04	HAP2_chr25	13	3603768	10898284	5856933	0.274021	0.615300	0.064891	False	1233.6306
HAP2_chr04	HAP2_chr25	15	1824894	18070854	7847891	0.075741	0.232533	0.130686	False	3036.6791
HAP2_chr04	HAP2_chr25	17	1053925	20103510	8334301	0.038487	0.126456	0.153062	False	7406.6394
HAP2_chr04	HAP2_chr25	19	862506	20853426	8530821	0.030240	0.101105	0.149222	False	23937.6043
HAP2_chr04	HAP2_chr25	23	712866	21714248	8768493	0.023946	0.081299	0.133151	False	306439.4192
HAP2_chr04	HAP2_chr26	11	1630220	1937260	1692364	0.815353	0.963280	0.009752	False	53.4945
HAP2_chr04	HAP2_chr26	13	3767075	10898284	6190440	0.282778	0.608531	0.062998	False	1238.7180
HAP2_chr04	HAP2_chr26	15	1934308	18070854	8368839	0.078934	0.231132	0.128131	False	3113.7592
HAP2_chr04	HAP2_chr26	17	1133768	20103510	8904372	0.040675	0.127327	0.149934	False	7709.4720
HAP2_chr04	HAP2_chr26	19	933305	20853426	9117717	0.032141	0.102362	0.146111	False	25055.4685
HAP2_chr04	HAP2_chr26	23	777142	21714248	9371550	0.025641	0.082926	0.130249	False	323142.3960
HAP2_chr06	HAP2_chr09	11	1698517	1856147	1835654	0.852120	0.925293	0.007565	False	57.9119
HAP2_chr06	HAP2_chr09	13	4211457	8915399	8400787	0.321369	0.501317	0.055437	False	1324.8656
HAP2_chr06	HAP2_chr09	15	2166874	13659620	12520506	0.090237	0.173066	0.119905	False	3274.7681
HAP2_chr06	HAP2_chr09	17	1240970	14950852	13598702	0.045442	0.091257	0.143682	False	7912.4564
HAP2_chr06	HAP2_chr09	19	1014246	15462891	14008836	0.035641	0.072400	0.140849	False	25508.0024
HAP2_chr06	HAP2_chr09	23	845486	16092268	14488605	0.028434	0.058355	0.125873	False	328439.9707
HAP2_chr06	HAP2_chr08	11	1710341	1856147	1850664	0.856683	0.924177	0.007303	False	56.5349
HAP2_chr06	HAP2_chr08	13	4399282	8915399	8796322	0.330464	0.500127	0.053818	False	1348.8520
HAP2_chr06	HAP2_chr08	15	2361727	13659620	13405860	0.095602	0.176171	0.116381	False	3459.8521
HAP2_chr06	HAP2_chr08	17	1393682	14950852	14664144	0.049384	0.095040	0.139011	False	8563.8717
HAP2_chr06	HAP2_chr08	19	1148140	15462891	15167024	0.038944	0.075700	0.136352	False	27752.8949
HAP2_chr06	HAP2_chr08	23	954489	16092268	15783256	0.030869	0.060475	0.122403	False	355251.2518
HAP2_chr06	HAP2_chr11	11	1728521	1856147	1875256	0.863017	0.931241	0.006943	False	53.3796
HAP2_chr06	HAP2_chr11	13	4636160	8915399	9396976	0.338994	0.520017	0.052349	False	1353.9415
HAP2_chr06	HAP2_chr11	15	2541348	13659620	14824614	0.097959	0.186048	0.114901	False	3523.8247
HAP2_chr06	HAP2_chr11	17	1479690	14950852	16402565	0.049531	0.098970	0.138844	False	8588.4689
HAP2_chr06	HAP2_chr11	19	1212036	15462891	17052685	0.038719	0.078384	0.136646	False	27627.4442
HAP2_chr06	HAP2_chr11	23	1012678	16092268	17855262	0.030748	0.062929	0.122568	False	354365.1735
HAP2_chr06	HAP2_chr12	11	1756691	1856147	1916305	0.871478	0.946418	0.006468	False	46.5379
HAP2_chr06	HAP2_chr12	13	4859548	8915399	10157744	0.341894	0.545074	0.051861	False	1315.1892
HAP2_chr06	HAP2_chr12	15	2615906	13659620	16248346	0.095849	0.191506	0.116224	False	3425.5219
HAP2_chr06	HAP2_chr12	17	1483732	14950852	17907770	0.047290	0.099241	0.141442	False	8227.6592
HAP2_chr06	HAP2_chr12	19	1209956	15462891	18511531	0.036929	0.078249	0.139046	False	26467.3092
HAP2_chr06	HAP2_chr12	23	1014696	16092268	19196363	0.029605	0.063055	0.124166	False	342443.5478
HAP2_chr06	HAP2_chr13	11	1651890	1856147	1773388	0.835281	0.931488	0.008549	False	65.6911
HAP2_chr06	HAP2_chr13	13	3864395	8915399	7463531	0.308793	0.517770	0.057773	False	1335.9776
HAP2_chr06	HAP2_chr13	15	1988613	13659620	10811655	0.088451	0.183932	0.121128	False	3267.0946
HAP2_chr06	HAP2_chr13	17	1157383	14950852	11714892	0.045373	0.098796	0.143769	False	7962.5222
HAP2_chr06	HAP2_chr13	19	945792	15462891	12084487	0.035554	0.078265	0.140973	False	25613.3476
HAP2_chr06	HAP2_chr13	23	783247	16092268	12533334	0.028131	0.062493	0.126324	False	327136.1431
HAP2_chr06	HAP2_chr05	11	1764187	1856147	1927047	0.873789	0.950457	0.006339	False	44.8678
HAP2_chr06	HAP2_chr05	13	5038780	8915399	10709499	0.345450	0.565177	0.051268	False	1300.2060
HAP2_chr06	HAP2_chr05	15	2675316	13659620	17601194	0.093590	0.195856	0.117677	False	3328.5878
HAP2_chr06	HAP2_chr05	17	1425368	14950852	19429478	0.043252	0.095337	0.146465	False	7567.1173
HAP2_chr06	HAP2_chr05	19	1118064	15462891	20016096	0.032539	0.072306	0.145484	False	23513.1562
HAP2_chr06	HAP2_chr05	23	899378	16092268	20608717	0.025121	0.055889	0.131118	False	292939.8836
HAP2_chr06	HAP2_chr10	11	1742027	1856147	1895187	0.866979	0.938518	0.006720	False	49.9059
HAP2_chr06	HAP2_chr10	13	4724846	8915399	9712491	0.339843	0.529965	0.052206	False	1334.7897
HAP2_chr06	HAP2_chr10	15	2565024	13659620	15325642	0.097086	0.187782	0.115445	False	3483.2463
HAP2_chr06	HAP2_chr10	17	1477403	14950852	16850568	0.048721	0.098817	0.139769	False	8455.6223
HAP2_chr06	HAP2_chr10	19	1202528	15462891	17412284	0.037967	0.077769	0.137639	False	27124.9423
HAP2_chr06	HAP2_chr10	23	993406	16092268	18052398	0.029966	0.061732	0.123655	False	345718.0011
HAP2_chr06	HAP2_chr14	11	1740328	1856147	1872511	0.875271	0.937602	0.006257	False	64.4774
HAP2_chr06	HAP2_chr14	13	5231369	8915399	9287321	0.403302	0.586779	0.042596	False	1759.3619
HAP2_chr06	HAP2_chr14	15	4110548	13659620	14504228	0.170893	0.300927	0.082089	False	6159.0821
HAP2_chr06	HAP2_chr14	17	3136914	14950852	15955961	0.112961	0.209815	0.093799	False	18656.9696
HAP2_chr06	HAP2_chr14	19	2719675	15462891	16521915	0.092932	0.175884	0.093242	False	63037.5692
HAP2_chr06	HAP2_chr14	23	2222955	16092268	17192812	0.071565	0.138138	0.087527	False	792723.8998
HAP2_chr06	HAP2_chr15	11	1674408	1856147	1801610	0.844233	0.929395	0.008022	False	63.2259
HAP2_chr06	HAP2_chr15	13	4088376	8915399	7922995	0.320656	0.516014	0.055567	False	1366.8946
HAP2_chr06	HAP2_chr15	15	2221537	13659620	11716993	0.095942	0.189600	0.116165	False	3522.7511
HAP2_chr06	HAP2_chr15	17	1351132	14950852	12776868	0.051225	0.105748	0.136961	False	8911.2784
HAP2_chr06	HAP2_chr15	19	1118216	15462891	13220548	0.040566	0.084582	0.134286	False	28955.5940
HAP2_chr06	HAP2_chr15	23	924990	16092268	13763461	0.031973	0.067206	0.120922	False	368668.9210
HAP2_chr06	HAP2_chr18	11	1635647	1856147	1754152	0.828322	0.932443	0.008964	False	66.6782
HAP2_chr06	HAP2_chr18	13	3641140	8915399	6943926	0.298010	0.524363	0.059870	False	1322.3384
HAP2_chr06	HAP2_chr18	15	1895578	13659620	9721359	0.088226	0.194991	0.121283	False	3314.1477
HAP2_chr06	HAP2_chr18	17	1166680	14950852	10474208	0.048094	0.111386	0.140496	False	8505.7631
HAP2_chr06	HAP2_chr18	19	976790	15462891	10808975	0.038616	0.090368	0.136781	False	27975.4766
HAP2_chr06	HAP2_chr18	23	818608	16092268	11244443	0.030870	0.072801	0.122401	False	360969.5405
HAP2_chr06	HAP2_chr16	11	1727031	1856147	1875396	0.861572	0.930439	0.007025	False	52.1249
HAP2_chr06	HAP2_chr16	13	4492697	8915399	9231562	0.329033	0.503926	0.054069	False	1302.4782
HAP2_chr06	HAP2_chr16	15	2269874	13659620	14170650	0.088804	0.166174	0.120884	False	3179.8138
HAP2_chr06	HAP2_chr16	17	1223390	14950852	15390938	0.042014	0.081827	0.148103	False	7311.0393
HAP2_chr06	HAP2_chr16	19	970558	15462891	15784249	0.032056	0.062767	0.146246	False	22989.1938
HAP2_chr06	HAP2_chr16	23	787667	16092268	16190750	0.025009	0.048947	0.131308	False	289448.5367
HAP2_chr06	HAP2_chr17	11	1695662	1856147	1830609	0.851623	0.926283	0.007593	False	59.2566
HAP2_chr06	HAP2_chr17	13	4169028	8915399	8240648	0.321015	0.505910	0.055502	False	1337.7576
HAP2_chr06	HAP2_chr17	15	2196952	13659620	12197774	0.092853	0.180111	0.118159	False	3386.5386
HAP2_chr06	HAP2_chr17	17	1307177	14950852	13269618	0.048570	0.098509	0.139943	False	8449.3871
HAP2_chr06	HAP2_chr17	19	1085692	15462891	13709289	0.038655	0.079194	0.136729	False	27605.2270
HAP2_chr06	HAP2_chr17	23	914345	16092268	14252006	0.031069	0.064156	0.122131	False	358125.5234
HAP2_chr06	HAP2_chr07	11	1640590	1856147	1758901	0.830907	0.932736	0.008809	False	67.1811
HAP2_chr06	HAP2_chr07	13	3772311	8915399	7240106	0.304632	0.521030	0.058571	False	1332.8437
HAP2_chr06	HAP2_chr07	15	1958217	13659620	10421927	0.088514	0.187894	0.121084	False	3287.8487
HAP2_chr06	HAP2_chr07	17	1168183	14950852	11338838	0.046501	0.103025	0.142387	False	8175.0212
HAP2_chr06	HAP2_chr07	19	967093	15462891	11754937	0.036841	0.082271	0.139168	False	26556.6535
HAP2_chr06	HAP2_chr07	23	808385	16092268	12293816	0.029313	0.065755	0.124586	False	340908.7476
HAP2_chr06	HAP2_chr19	11	1592992	1856147	1700238	0.811346	0.936923	0.009998	False	71.8546
HAP2_chr06	HAP2_chr19	13	3388140	8915399	6349723	0.285269	0.533589	0.062472	False	1309.5946
HAP2_chr06	HAP2_chr19	15	1721546	13659620	8710089	0.083375	0.197650	0.124756	False	3186.2274
HAP2_chr06	HAP2_chr19	17	1046485	14950852	9328904	0.045043	0.112177	0.144180	False	8085.1561
HAP2_chr06	HAP2_chr19	19	871761	15462891	9592131	0.036048	0.090883	0.140272	False	26504.0044
HAP2_chr06	HAP2_chr19	23	730149	16092268	9920765	0.028879	0.073598	0.125216	False	342769.7508
HAP2_chr06	HAP2_chr20	11	1598811	1856147	1707604	0.813669	0.936289	0.009855	False	71.1296
HAP2_chr06	HAP2_chr20	13	3430949	8915399	6447496	0.287543	0.532137	0.061998	False	1312.4862
HAP2_chr06	HAP2_chr20	15	1748135	13659620	8910664	0.083956	0.196185	0.124329	False	3195.2874
HAP2_chr06	HAP2_chr20	17	1055962	14950852	9575366	0.044991	0.110279	0.144244	False	8050.5123
HAP2_chr06	HAP2_chr20	19	880850	15462891	9867294	0.036028	0.089270	0.140301	False	26403.7010
HAP2_chr06	HAP2_chr20	23	742920	16092268	10242168	0.029030	0.072535	0.124996	False	343249.2825
HAP2_chr06	HAP2_chr22	11	1568817	1856147	1670517	0.801297	0.939121	0.010626	False	74.2431
HAP2_chr06	HAP2_chr22	13	3259740	8915399	6040646	0.278698	0.539634	0.063871	False	1306.1509
HAP2_chr06	HAP2_chr22	15	1646231	13659620	8216329	0.081377	0.200361	0.126250	False	3143.3208
HAP2_chr06	HAP2_chr22	17	996691	14950852	8800212	0.043802	0.113258	0.145753	False	7929.5768
HAP2_chr06	HAP2_chr22	19	829802	15462891	9060039	0.035023	0.091589	0.141738	False	25958.8354
HAP2_chr06	HAP2_chr22	23	693161	16092268	9392238	0.027960	0.073801	0.126583	False	334436.1057
HAP2_chr06	HAP2_chr21	11	1625069	1856147	1740450	0.824269	0.933706	0.009208	False	68.1885
HAP2_chr06	HAP2_chr21	13	3621333	8915399	6927352	0.296310	0.522759	0.060209	False	1312.5657
HAP2_chr06	HAP2_chr21	15	1818152	13659620	9749738	0.084208	0.186482	0.124145	False	3152.4156
HAP2_chr06	HAP2_chr21	17	1064062	14950852	10481481	0.043666	0.101518	0.145928	False	7742.9618
HAP2_chr06	HAP2_chr21	19	876248	15462891	10776712	0.034548	0.081309	0.142433	False	25129.9791
HAP2_chr06	HAP2_chr21	23	731088	16092268	11129001	0.027598	0.065692	0.127134	False	324044.6198
HAP2_chr06	HAP2_chr23	11	1625646	1856147	1740516	0.824775	0.934002	0.009178	False	68.6051
HAP2_chr06	HAP2_chr23	13	3629137	8915399	6913236	0.297482	0.524955	0.059975	False	1322.4305
HAP2_chr06	HAP2_chr23	15	1843774	13659620	9735989	0.085551	0.189377	0.123172	False	3206.8236
HAP2_chr06	HAP2_chr23	17	1090829	14950852	10491711	0.044795	0.103971	0.144490	False	7937.1332
HAP2_chr06	HAP2_chr23	19	898170	15462891	10813251	0.035392	0.083062	0.141206	False	25715.8761
HAP2_chr06	HAP2_chr23	23	744220	16092268	11210512	0.028022	0.066386	0.126490	False	328663.8172
HAP2_chr06	HAP2_chr24	11	1630077	1856147	1746750	0.826267	0.933206	0.009088	False	67.6086
HAP2_chr06	HAP2_chr24	13	3631252	8915399	6932666	0.297234	0.523789	0.060025	False	1318.3306
HAP2_chr06	HAP2_chr24	15	1851268	13659620	9710842	0.086029	0.190639	0.122830	False	3227.3368
HAP2_chr06	HAP2_chr24	17	1107814	14950852	10421673	0.045655	0.106299	0.143419	False	8090.7768
HAP2_chr06	HAP2_chr24	19	916779	15462891	10707211	0.036303	0.085623	0.139914	False	26379.4061
HAP2_chr06	HAP2_chr24	23	759576	16092268	11048947	0.028792	0.068746	0.125344	False	337889.0934
HAP2_chr06	HAP2_chr25	11	1553711	1856147	1652327	0.794833	0.940317	0.011035	False	75.4722
HAP2_chr06	HAP2_chr25	13	3153729	8915399	5856933	0.271438	0.538461	0.065463	False	1280.6260
HAP2_chr06	HAP2_chr25	15	1531238	13659620	7847891	0.076653	0.195115	0.129945	False	2979.8964
HAP2_chr06	HAP2_chr25	17	903420	14950852	8334301	0.040364	0.108398	0.150367	False	7380.5232
HAP2_chr06	HAP2_chr25	19	746399	15462891	8530821	0.032107	0.087494	0.146165	False	24061.7049
HAP2_chr06	HAP2_chr25	23	617762	16092268	8768493	0.025482	0.070452	0.130513	False	308476.5572
HAP2_chr06	HAP2_chr26	11	1585271	1856147	1692364	0.807477	0.936720	0.010239	False	71.4072
HAP2_chr06	HAP2_chr26	13	3288780	8915399	6190440	0.278308	0.531268	0.063955	False	1281.8612
HAP2_chr06	HAP2_chr26	15	1615308	13659620	8368839	0.079131	0.193015	0.127977	False	3039.1249
HAP2_chr06	HAP2_chr26	17	964848	14950852	8904372	0.042151	0.108357	0.147920	False	7625.8209
HAP2_chr06	HAP2_chr26	19	802625	15462891	9117717	0.033755	0.088029	0.143615	False	25027.8641
HAP2_chr06	HAP2_chr26	23	671196	16092268	9371550	0.027072	0.071621	0.127948	False	324195.6229
HAP2_chr09	HAP2_chr08	11	1695131	1835654	1850664	0.851317	0.923448	0.007611	False	59.1080
HAP2_chr09	HAP2_chr08	13	4182544	8400787	8796322	0.321374	0.497875	0.055436	False	1334.4090
HAP2_chr09	HAP2_chr08	15	2186497	12520506	13405860	0.092102	0.174633	0.118654	False	3351.2957
HAP2_chr09	HAP2_chr08	17	1283081	13598702	14664144	0.047557	0.094353	0.141126	False	8268.7960
HAP2_chr09	HAP2_chr08	19	1060201	14008836	15167024	0.037709	0.075681	0.137986	False	26925.1533
HAP2_chr09	HAP2_chr08	23	889378	14488605	15783256	0.030269	0.061385	0.123231	False	348856.2632
HAP2_chr09	HAP2_chr11	11	1712856	1835654	1875256	0.857262	0.933104	0.007270	False	55.7527
HAP2_chr09	HAP2_chr11	13	4426528	8400787	9396976	0.331049	0.526918	0.053716	False	1352.0822
HAP2_chr09	HAP2_chr11	15	2421493	12520506	14824614	0.097157	0.193402	0.115400	False	3530.2897
HAP2_chr09	HAP2_chr11	17	1444513	13598702	16402565	0.050584	0.106224	0.137666	False	8803.0625
HAP2_chr09	HAP2_chr11	19	1189127	14008836	17052685	0.039807	0.084884	0.135242	False	28480.6882
HAP2_chr09	HAP2_chr11	23	985934	14488605	17855262	0.031441	0.068049	0.121628	False	363599.3577
HAP2_chr09	HAP2_chr12	11	1740368	1835654	1916305	0.865170	0.948092	0.006821	False	48.6522
HAP2_chr09	HAP2_chr12	13	4641456	8400787	10157744	0.333508	0.552503	0.053289	False	1315.8027
HAP2_chr09	HAP2_chr12	15	2503585	12520506	16248346	0.095319	0.199959	0.116561	False	3451.4966
HAP2_chr09	HAP2_chr12	17	1458368	13598702	17907770	0.048534	0.107243	0.139984	False	8493.1155
HAP2_chr09	HAP2_chr12	19	1198080	14008836	18511531	0.038250	0.085523	0.137263	False	27538.1043
HAP2_chr09	HAP2_chr12	23	1001937	14488605	19196363	0.030656	0.069153	0.122694	False	356360.1455
HAP2_chr09	HAP2_chr13	11	1638355	1835654	1773388	0.831362	0.923856	0.008782	False	69.1022
HAP2_chr09	HAP2_chr13	13	3710379	8400787	7463531	0.305282	0.497135	0.058445	False	1347.3557
HAP2_chr09	HAP2_chr13	15	1925975	12520506	10811655	0.089973	0.178139	0.120084	False	3333.4211
HAP2_chr09	HAP2_chr13	17	1162977	13598702	11714892	0.048155	0.099273	0.140424	False	8403.6265
HAP2_chr09	HAP2_chr13	19	964683	14008836	12084487	0.038390	0.079828	0.137078	False	27451.7182
HAP2_chr09	HAP2_chr13	23	803452	14488605	12533334	0.030644	0.064105	0.122710	False	353659.6037
HAP2_chr09	HAP2_chr05	11	1747620	1835654	1927047	0.867270	0.952042	0.006703	False	46.8605
HAP2_chr09	HAP2_chr05	13	4794466	8400787	10709499	0.334907	0.570716	0.053047	False	1290.5411
HAP2_chr09	HAP2_chr05	15	2501544	12520506	17601194	0.090570	0.199796	0.119679	False	3263.7722
HAP2_chr09	HAP2_chr05	17	1348798	13598702	19429478	0.042577	0.099186	0.147353	False	7515.2594
HAP2_chr09	HAP2_chr05	19	1072908	14008836	20016096	0.032560	0.076588	0.145451	False	23708.2811
HAP2_chr09	HAP2_chr05	23	884056	14488605	20608717	0.025840	0.061017	0.129922	False	303467.1915
HAP2_chr09	HAP2_chr10	11	1739725	1835654	1895187	0.873744	0.947741	0.006342	False	62.7751
HAP2_chr09	HAP2_chr10	13	5138728	8400787	9712491	0.396062	0.611696	0.043592	False	1736.0040
HAP2_chr09	HAP2_chr10	15	3992612	12520506	15325642	0.167380	0.318886	0.083273	False	6080.5493
HAP2_chr09	HAP2_chr10	17	3049191	13598702	16850568	0.111284	0.224227	0.094591	False	18505.7794
HAP2_chr09	HAP2_chr10	19	2648340	14008836	17412284	0.092043	0.189048	0.093705	False	62821.5463
HAP2_chr09	HAP2_chr10	23	2170554	14488605	18052398	0.071469	0.149811	0.087581	False	796092.0258
HAP2_chr09	HAP2_chr14	11	1710415	1835654	1872511	0.856171	0.931774	0.007332	False	55.7637
HAP2_chr09	HAP2_chr14	13	4367545	8400787	9287321	0.327880	0.519897	0.054273	False	1339.3639
HAP2_chr09	HAP2_chr14	15	2328101	12520506	14504228	0.094268	0.185943	0.117237	False	3421.3362
HAP2_chr09	HAP2_chr14	17	1361123	13598702	15955961	0.048278	0.100092	0.140281	False	8405.1737
HAP2_chr09	HAP2_chr14	19	1114114	14008836	16521915	0.037874	0.079529	0.137765	False	27107.9315
HAP2_chr09	HAP2_chr14	23	921186	14488605	17192812	0.029947	0.063580	0.123682	False	346204.0549
HAP2_chr09	HAP2_chr15	11	1659667	1835654	1801610	0.839234	0.921213	0.008315	False	65.8585
HAP2_chr09	HAP2_chr15	13	3883236	8400787	7922995	0.312144	0.490122	0.057139	False	1348.7612
HAP2_chr09	HAP2_chr15	15	2038263	12520506	11716993	0.091817	0.173958	0.118844	False	3376.4676
HAP2_chr09	HAP2_chr15	17	1224749	13598702	12776868	0.048696	0.095857	0.139797	False	8469.3235
HAP2_chr09	HAP2_chr15	19	1013391	14008836	13220548	0.038655	0.076653	0.136729	False	27569.4644
HAP2_chr09	HAP2_chr15	23	844572	14488605	13763461	0.030815	0.061363	0.122476	False	354757.4730
HAP2_chr09	HAP2_chr18	11	1621719	1835654	1754152	0.824008	0.924503	0.009224	False	69.6426
HAP2_chr09	HAP2_chr18	13	3463166	8400787	6943926	0.291474	0.498733	0.061188	False	1308.0277
HAP2_chr09	HAP2_chr18	15	1746605	12520506	9721359	0.085220	0.179667	0.123410	False	3192.0733
HAP2_chr09	HAP2_chr18	17	1066776	13598702	10474208	0.046369	0.101848	0.142547	False	8155.5877
HAP2_chr09	HAP2_chr18	19	895234	14008836	10808975	0.037422	0.082823	0.138373	False	26937.8795
HAP2_chr09	HAP2_chr18	23	756505	14488605	11244443	0.030289	0.067278	0.123203	False	351561.8872
HAP2_chr09	HAP2_chr16	11	1711307	1835654	1875396	0.855763	0.932260	0.007355	False	54.4460
HAP2_chr09	HAP2_chr16	13	4277099	8400787	9231562	0.320256	0.509131	0.055639	False	1293.0921
HAP2_chr09	HAP2_chr16	15	2106117	12520506	14170650	0.085667	0.168213	0.123089	False	3088.7583
HAP2_chr09	HAP2_chr16	17	1132601	13598702	15390938	0.040658	0.083287	0.149957	False	7099.7944
HAP2_chr09	HAP2_chr16	19	902154	14008836	15784249	0.031226	0.064399	0.147584	False	22451.6066
HAP2_chr09	HAP2_chr16	23	740986	14488605	16190750	0.024750	0.051143	0.131749	False	286968.5000
HAP2_chr09	HAP2_chr17	11	1680113	1835654	1830609	0.845914	0.917789	0.007924	False	61.4346
HAP2_chr09	HAP2_chr17	13	3979412	8400787	8240648	0.314279	0.482900	0.056740	False	1334.1003
HAP2_chr09	HAP2_chr17	15	2088488	12520506	12197774	0.092289	0.171219	0.118530	False	3382.4017
HAP2_chr09	HAP2_chr17	17	1264365	13598702	13269618	0.049382	0.095283	0.139014	False	8578.5354
HAP2_chr09	HAP2_chr17	19	1052033	14008836	13709289	0.039452	0.076739	0.135696	False	28105.9687
HAP2_chr09	HAP2_chr17	23	879700	14488605	14252006	0.031575	0.061725	0.121449	False	363124.3000
HAP2_chr09	HAP2_chr07	11	1627548	1835654	1758901	0.827424	0.925321	0.009018	False	70.8962
HAP2_chr09	HAP2_chr07	13	3623385	8400787	7240106	0.301509	0.500460	0.059179	False	1344.9197
HAP2_chr09	HAP2_chr07	15	1900524	12520506	10421927	0.090321	0.182358	0.119847	False	3361.9872
HAP2_chr09	HAP2_chr07	17	1170180	13598702	11338838	0.049235	0.103201	0.139181	False	8600.0489
HAP2_chr09	HAP2_chr07	19	976518	14008836	11754937	0.039396	0.083073	0.135768	False	28176.7438
HAP2_chr09	HAP2_chr07	23	812691	14488605	12293816	0.031294	0.066106	0.121826	False	361194.3986
HAP2_chr09	HAP2_chr19	11	1580457	1835654	1700238	0.808238	0.929550	0.010191	False	75.5985
HAP2_chr09	HAP2_chr19	13	3238497	8400787	6349723	0.281315	0.510022	0.063309	False	1307.6617
HAP2_chr09	HAP2_chr19	15	1612656	12520506	8710089	0.082203	0.185148	0.125628	False	3127.4164
HAP2_chr09	HAP2_chr19	17	981557	13598702	9328904	0.044726	0.105217	0.144577	False	7955.4058
HAP2_chr09	HAP2_chr19	19	821091	14008836	9592131	0.036045	0.085600	0.140277	False	26228.3033
HAP2_chr09	HAP2_chr19	23	691505	14488605	9920765	0.029155	0.069703	0.124813	False	342122.6237
HAP2_chr09	HAP2_chr20	11	1585442	1835654	1707604	0.809801	0.928460	0.010094	False	74.2390
HAP2_chr09	HAP2_chr20	13	3279838	8400787	6447496	0.283516	0.508700	0.062842	False	1310.9808
HAP2_chr09	HAP2_chr20	15	1651822	12520506	8910664	0.083512	0.185376	0.124655	False	3167.6734
HAP2_chr09	HAP2_chr20	17	1005484	13598702	9575366	0.045356	0.105007	0.143789	False	8043.5241
HAP2_chr09	HAP2_chr20	19	836696	14008836	9867294	0.036316	0.084795	0.139896	False	26351.1877
HAP2_chr09	HAP2_chr20	23	694909	14488605	10242168	0.028911	0.067848	0.125169	False	338369.3126
HAP2_chr09	HAP2_chr22	11	1556925	1835654	1670517	0.798732	0.932002	0.010788	False	78.3215
HAP2_chr09	HAP2_chr22	13	3126911	8400787	6040646	0.276363	0.517645	0.064378	False	1312.8849
HAP2_chr09	HAP2_chr22	15	1574497	12520506	8216329	0.082166	0.191630	0.125655	False	3159.1494
HAP2_chr09	HAP2_chr22	17	969180	13598702	8800212	0.045226	0.110131	0.143951	False	8093.1195
HAP2_chr09	HAP2_chr22	19	808403	14008836	9060039	0.036316	0.089227	0.139896	False	26571.7638
HAP2_chr09	HAP2_chr22	23	670499	14488605	9392238	0.028888	0.071389	0.125203	False	340935.8740
HAP2_chr09	HAP2_chr21	11	1611639	1835654	1740450	0.820396	0.925990	0.009443	False	71.4665
HAP2_chr09	HAP2_chr21	13	3475128	8400787	6927352	0.293185	0.501653	0.060839	False	1321.8255
HAP2_chr09	HAP2_chr21	15	1749365	12520506	9749738	0.085248	0.179427	0.123390	False	3191.8244
HAP2_chr09	HAP2_chr21	17	1045697	13598702	10481481	0.045397	0.099766	0.143739	False	7989.0300
HAP2_chr09	HAP2_chr21	19	861523	14008836	10776712	0.036011	0.079943	0.140325	False	25961.1276
HAP2_chr09	HAP2_chr21	23	708288	14488605	11129001	0.028435	0.063643	0.125871	False	330857.2071
HAP2_chr09	HAP2_chr23	11	1612515	1835654	1740516	0.821180	0.926458	0.009395	False	72.1280
HAP2_chr09	HAP2_chr23	13	3480653	8400787	6913236	0.294139	0.503477	0.060646	False	1330.0602
HAP2_chr09	HAP2_chr23	15	1776975	12520506	9735989	0.086768	0.182516	0.122305	False	3252.6931
HAP2_chr09	HAP2_chr23	17	1081176	13598702	10491711	0.046989	0.103050	0.141801	False	8260.3011
HAP2_chr09	HAP2_chr23	19	897622	14008836	10813251	0.037519	0.083011	0.138242	False	27004.4696
HAP2_chr09	HAP2_chr23	23	743253	14488605	11210512	0.029783	0.066300	0.123914	False	345925.7296
HAP2_chr09	HAP2_chr24	11	1616228	1835654	1746750	0.822016	0.925277	0.009345	False	70.5890
HAP2_chr09	HAP2_chr24	13	3465343	8400787	6932666	0.291988	0.499857	0.061083	False	1312.8818
HAP2_chr09	HAP2_chr24	15	1726783	12520506	9710842	0.084215	0.177820	0.124140	False	3152.6641
HAP2_chr09	HAP2_chr24	17	1033349	13598702	10421673	0.044954	0.099154	0.144291	False	7916.5248
HAP2_chr09	HAP2_chr24	19	858345	14008836	10707211	0.035978	0.080165	0.140371	False	25949.2644
HAP2_chr09	HAP2_chr24	23	717912	14488605	11048947	0.028925	0.064976	0.125148	False	336565.5273
HAP2_chr09	HAP2_chr25	11	1542198	1835654	1652327	0.792585	0.933349	0.011179	False	79.7450
HAP2_chr09	HAP2_chr25	13	3013549	8400787	5856933	0.268010	0.514527	0.066233	False	1277.6840
HAP2_chr09	HAP2_chr25	15	1428039	12520506	7847891	0.075397	0.181965	0.130969	False	2910.1981
HAP2_chr09	HAP2_chr25	17	841090	13598702	8334301	0.039877	0.100919	0.151053	False	7207.5454
HAP2_chr09	HAP2_chr25	19	694307	14008836	8530821	0.031783	0.081388	0.146683	False	23516.1264
HAP2_chr09	HAP2_chr25	23	574774	14488605	8768493	0.025340	0.065550	0.130750	False	302477.8118
HAP2_chr09	HAP2_chr26	11	1572988	1835654	1692364	0.804585	0.929462	0.010419	False	75.3003
HAP2_chr09	HAP2_chr26	13	3137933	8400787	6190440	0.273976	0.506900	0.064901	False	1275.6323
HAP2_chr09	HAP2_chr26	15	1506214	12520506	8368839	0.077707	0.179979	0.129100	False	2967.6183
HAP2_chr09	HAP2_chr26	17	897977	13598702	8904372	0.041563	0.100847	0.148713	False	7444.5442
HAP2_chr09	HAP2_chr26	19	747131	14008836	9117717	0.033385	0.081943	0.144176	False	24477.4993
HAP2_chr09	HAP2_chr26	23	625926	14488605	9371550	0.026940	0.066790	0.128156	False	318622.3358
HAP2_chr08	HAP2_chr11	11	1725215	1850664	1875256	0.862304	0.932214	0.006983	False	54.7000
HAP2_chr08	HAP2_chr11	13	4602716	8796322	9396976	0.338670	0.523255	0.052405	False	1363.0136
HAP2_chr08	HAP2_chr11	15	2547144	13405860	14824614	0.099175	0.190002	0.114152	False	3578.0628
HAP2_chr08	HAP2_chr11	17	1514130	14664144	16402565	0.051235	0.103254	0.136950	False	8881.1069
HAP2_chr08	HAP2_chr11	19	1252522	15167024	17052685	0.040447	0.082582	0.134435	False	28829.7394
HAP2_chr08	HAP2_chr11	23	1051505	15783256	17855262	0.032268	0.066622	0.120535	False	371536.5315
HAP2_chr08	HAP2_chr12	11	1752492	1850664	1916305	0.869949	0.946953	0.006553	False	47.2306
HAP2_chr08	HAP2_chr12	13	4817012	8796322	10157744	0.340737	0.547617	0.052055	False	1320.0850
HAP2_chr08	HAP2_chr12	15	2610373	13405860	16248346	0.096524	0.194719	0.115798	False	3461.1616
HAP2_chr08	HAP2_chr12	17	1507078	14664144	17907770	0.048514	0.102773	0.140008	False	8444.6441
HAP2_chr08	HAP2_chr12	19	1239225	15167024	18511531	0.038201	0.081705	0.137328	False	27372.6733
HAP2_chr08	HAP2_chr12	23	1046174	15783256	19196363	0.030830	0.066284	0.122456	False	356506.5168
HAP2_chr08	HAP2_chr13	11	1648999	1850664	1773388	0.834914	0.929858	0.008571	False	67.1837
HAP2_chr08	HAP2_chr13	13	3841675	8796322	7463531	0.309359	0.514726	0.057665	False	1347.6825
HAP2_chr08	HAP2_chr13	15	2007282	13405860	10811655	0.090376	0.185659	0.119810	False	3343.6368
HAP2_chr08	HAP2_chr13	17	1200954	14664144	11714892	0.047698	0.102515	0.140959	False	8350.8528
HAP2_chr08	HAP2_chr13	19	996458	15167024	12084487	0.037953	0.082458	0.137658	False	27250.0942
HAP2_chr08	HAP2_chr13	23	835465	15783256	12533334	0.030401	0.066659	0.123046	False	352345.4224
HAP2_chr08	HAP2_chr05	11	1760254	1850664	1927047	0.872511	0.951147	0.006410	False	45.7817
HAP2_chr08	HAP2_chr05	13	4986935	8796322	10709499	0.343479	0.566934	0.051596	False	1300.7174
HAP2_chr08	HAP2_chr05	15	2647055	13405860	17601194	0.093338	0.197455	0.117841	False	3329.8637
HAP2_chr08	HAP2_chr05	17	1425853	14664144	19429478	0.043647	0.097234	0.145953	False	7646.9578
HAP2_chr08	HAP2_chr05	19	1125519	15167024	20016096	0.033048	0.074208	0.144693	False	23900.9257
HAP2_chr08	HAP2_chr05	23	911762	15783256	20608717	0.025698	0.057768	0.130156	False	299866.6782
HAP2_chr08	HAP2_chr10	11	1738274	1850664	1895187	0.865857	0.939270	0.006783	False	50.9092
HAP2_chr08	HAP2_chr10	13	4681774	8796322	9712491	0.338596	0.532242	0.052417	False	1338.4015
HAP2_chr08	HAP2_chr10	15	2553406	13405860	15325642	0.097540	0.190469	0.115161	False	3508.9882
HAP2_chr08	HAP2_chr10	17	1492631	14664144	16850568	0.049718	0.101788	0.138633	False	8630.9835
HAP2_chr08	HAP2_chr10	19	1223686	15167024	17412284	0.039026	0.080681	0.136245	False	27871.7575
HAP2_chr08	HAP2_chr10	23	1015143	15783256	18052398	0.030930	0.064318	0.122319	False	356724.4787
HAP2_chr08	HAP2_chr14	11	1722536	1850664	1872511	0.860993	0.930766	0.007057	False	54.5404
HAP2_chr08	HAP2_chr14	13	4546608	8796322	9287321	0.335864	0.516876	0.052883	False	1353.5008
HAP2_chr08	HAP2_chr14	15	2473425	13405860	14504228	0.097239	0.184503	0.115349	False	3508.1632
HAP2_chr08	HAP2_chr14	17	1452839	14664144	15955961	0.049811	0.099074	0.138529	False	8637.7931
HAP2_chr08	HAP2_chr14	19	1197179	15167024	16521915	0.039262	0.078933	0.135940	False	27994.4351
HAP2_chr08	HAP2_chr14	23	1003459	15783256	17192812	0.031385	0.063577	0.121704	False	361326.1882
HAP2_chr08	HAP2_chr15	11	1671380	1850664	1801610	0.843750	0.927715	0.008050	False	64.6537
HAP2_chr08	HAP2_chr15	13	4052371	8796322	7922995	0.319917	0.511470	0.055701	False	1370.6420
HAP2_chr08	HAP2_chr15	15	2207162	13405860	11716993	0.096317	0.188373	0.115928	False	3539.5988
HAP2_chr08	HAP2_chr15	17	1357265	14664144	12776868	0.052035	0.106228	0.136084	False	9042.3860
HAP2_chr08	HAP2_chr15	19	1131161	15167024	13220548	0.041501	0.085561	0.133135	False	29576.3054
HAP2_chr08	HAP2_chr15	23	940906	15783256	13763461	0.032892	0.068363	0.119728	False	378665.8691
HAP2_chr08	HAP2_chr18	11	1632095	1850664	1754152	0.827332	0.930418	0.009024	False	67.6082
HAP2_chr08	HAP2_chr18	13	3607339	8796322	6943926	0.297319	0.519496	0.060008	False	1324.4705
HAP2_chr08	HAP2_chr18	15	1877947	13405860	9721359	0.088377	0.193177	0.121179	False	3318.9086
HAP2_chr08	HAP2_chr18	17	1164853	14664144	10474208	0.048589	0.111212	0.139921	False	8577.4629
HAP2_chr08	HAP2_chr18	19	978510	15167024	10808975	0.039144	0.090528	0.136092	False	28297.4962
HAP2_chr08	HAP2_chr18	23	821922	15783256	11244443	0.031364	0.073096	0.121732	False	365961.6427
HAP2_chr08	HAP2_chr16	11	1723047	1850664	1875396	0.860228	0.931043	0.007101	False	52.9166
HAP2_chr08	HAP2_chr16	13	4449219	8796322	9231562	0.327662	0.505804	0.054311	False	1304.3752
HAP2_chr08	HAP2_chr16	15	2253671	13405860	14170650	0.088998	0.168111	0.120750	False	3193.7893
HAP2_chr08	HAP2_chr16	17	1229533	14664144	15390938	0.042654	0.083846	0.147250	False	7423.2317
HAP2_chr08	HAP2_chr16	19	981348	15167024	15784249	0.032744	0.064703	0.145163	False	23471.6850
HAP2_chr08	HAP2_chr16	23	799117	15783256	16190750	0.025633	0.050631	0.130262	False	296516.9615
HAP2_chr08	HAP2_chr17	11	1696948	1850664	1830609	0.855176	0.926986	0.007389	False	64.1218
HAP2_chr08	HAP2_chr17	13	4377085	8796322	8240648	0.345744	0.531158	0.051220	False	1508.2340
HAP2_chr08	HAP2_chr17	15	2794245	13405860	12197774	0.122504	0.229078	0.101468	False	4511.1548
HAP2_chr08	HAP2_chr17	17	1945772	14664144	13269618	0.074872	0.146634	0.115943	False	12777.4304
HAP2_chr08	HAP2_chr17	19	1670165	15167024	13709289	0.061389	0.121827	0.113524	False	42900.5708
HAP2_chr08	HAP2_chr17	23	1385831	15783256	14252006	0.048372	0.097238	0.103605	False	548083.6822
HAP2_chr08	HAP2_chr07	11	1637415	1850664	1758901	0.830269	0.930931	0.008847	False	68.4232
HAP2_chr08	HAP2_chr07	13	3752417	8796322	7240106	0.305472	0.518282	0.058409	False	1346.0444
HAP2_chr08	HAP2_chr07	15	1980050	13405860	10421927	0.090630	0.189989	0.119639	False	3371.2755
HAP2_chr08	HAP2_chr07	17	1203308	14664144	11338838	0.048521	0.106123	0.139999	False	8509.7356
HAP2_chr08	HAP2_chr07	19	999945	15167024	11754937	0.038575	0.085066	0.136834	False	27727.2581
HAP2_chr08	HAP2_chr07	23	831462	15783256	12293816	0.030517	0.067633	0.122886	False	354056.6638
HAP2_chr08	HAP2_chr19	11	1590446	1850664	1700238	0.811263	0.935426	0.010004	False	73.5115
HAP2_chr08	HAP2_chr19	13	3371288	8796322	6349723	0.286315	0.530935	0.062254	False	1322.8327
HAP2_chr08	HAP2_chr19	15	1732683	13405860	8710089	0.085005	0.198928	0.123565	False	3248.9505
HAP2_chr08	HAP2_chr19	17	1071717	14664144	9328904	0.046756	0.114881	0.142080	False	8366.2214
HAP2_chr08	HAP2_chr19	19	899904	15167024	9592131	0.037717	0.093817	0.137974	False	27626.9037
HAP2_chr08	HAP2_chr19	23	755581	15783256	9920765	0.030286	0.076162	0.123207	False	358164.4617
HAP2_chr08	HAP2_chr20	11	1609901	1850664	1707604	0.826282	0.942784	0.009087	False	83.9060
HAP2_chr08	HAP2_chr20	13	3874119	8796322	6447496	0.340741	0.600872	0.052055	False	1679.8175
HAP2_chr08	HAP2_chr20	15	2758496	13405860	8910664	0.141042	0.309572	0.093166	False	5376.2654
HAP2_chr08	HAP2_chr20	17	2093397	14664144	9575366	0.094527	0.218623	0.103297	False	16245.6074
HAP2_chr08	HAP2_chr20	19	1823181	15167024	9867294	0.078548	0.184770	0.101396	False	55217.4089
HAP2_chr08	HAP2_chr20	23	1502406	15783256	10242168	0.061265	0.146688	0.093863	False	700917.0682
HAP2_chr08	HAP2_chr22	11	1565661	1850664	1670517	0.800637	0.937231	0.010667	False	75.3508
HAP2_chr08	HAP2_chr22	13	3236537	8796322	6040646	0.279001	0.535793	0.063805	False	1313.5585
HAP2_chr08	HAP2_chr22	15	1645953	13405860	8216329	0.082396	0.200327	0.125484	False	3180.8915
HAP2_chr08	HAP2_chr22	17	1009949	14664144	8800212	0.044978	0.114764	0.144261	False	8117.2838
HAP2_chr08	HAP2_chr22	19	845406	15167024	9060039	0.036157	0.093312	0.140119	False	26704.9091
HAP2_chr08	HAP2_chr22	23	707147	15783256	9392238	0.028900	0.075291	0.125184	False	344507.8904
HAP2_chr08	HAP2_chr21	11	1622063	1850664	1740450	0.823779	0.931979	0.009238	False	69.5357
HAP2_chr08	HAP2_chr21	13	3593385	8796322	6927352	0.296232	0.518724	0.060225	False	1318.9234
HAP2_chr08	HAP2_chr21	15	1808540	13405860	9749738	0.084721	0.185496	0.123771	False	3171.9709
HAP2_chr08	HAP2_chr21	17	1066157	14664144	10481481	0.044277	0.101718	0.145146	False	7836.5662
HAP2_chr08	HAP2_chr21	19	877809	15167024	10776712	0.035020	0.081454	0.141743	False	25419.8416
HAP2_chr08	HAP2_chr21	23	728137	15783256	11129001	0.027808	0.065427	0.126813	False	325880.6950
HAP2_chr08	HAP2_chr23	11	1623085	1850664	1740516	0.824699	0.932531	0.009182	False	70.3120
HAP2_chr08	HAP2_chr23	13	3607757	8796322	6913236	0.298117	0.521862	0.059849	False	1333.6939
HAP2_chr08	HAP2_chr23	15	1856968	13405860	9735989	0.087244	0.190732	0.121970	False	3273.1248
HAP2_chr08	HAP2_chr23	17	1124991	14664144	10491711	0.046814	0.107227	0.142010	False	8272.2285
HAP2_chr08	HAP2_chr23	19	937309	15167024	10813251	0.037428	0.086682	0.138365	False	27099.1784
HAP2_chr08	HAP2_chr23	23	782676	15783256	11210512	0.029860	0.069816	0.123804	False	349014.2060
HAP2_chr08	HAP2_chr24	11	1627145	1850664	1746750	0.825849	0.931527	0.009113	False	69.0255
HAP2_chr08	HAP2_chr24	13	3611679	8796322	6932666	0.298059	0.520965	0.059860	False	1330.9546
HAP2_chr08	HAP2_chr24	15	1861069	13405860	9710842	0.087557	0.191649	0.121750	False	3286.9634
HAP2_chr08	HAP2_chr24	17	1133305	14664144	10421673	0.047315	0.108745	0.141413	False	8363.2063
HAP2_chr08	HAP2_chr24	19	943835	15167024	10707211	0.037859	0.088149	0.137784	False	27423.2293
HAP2_chr08	HAP2_chr24	23	784075	15783256	11048947	0.030101	0.070964	0.123465	False	352185.1325
HAP2_chr08	HAP2_chr25	11	1551489	1850664	1652327	0.795023	0.938972	0.011023	False	77.3214
HAP2_chr08	HAP2_chr25	13	3135593	8796322	5856933	0.272242	0.535364	0.065284	False	1291.4027
HAP2_chr08	HAP2_chr25	15	1536043	13405860	7847891	0.077902	0.195727	0.128945	False	3027.2013
HAP2_chr08	HAP2_chr25	17	922845	14664144	8334301	0.041804	0.110729	0.148387	False	7617.5087
HAP2_chr08	HAP2_chr25	19	768587	15167024	8530821	0.033520	0.090095	0.143970	False	25019.0073
HAP2_chr08	HAP2_chr25	23	642676	15783256	8768493	0.026880	0.073294	0.128250	False	324043.6730
HAP2_chr08	HAP2_chr26	11	1582792	1850664	1692364	0.807450	0.935255	0.010240	False	73.1050
HAP2_chr08	HAP2_chr26	13	3265026	8796322	6190440	0.278545	0.527430	0.063904	False	1289.1068
HAP2_chr08	HAP2_chr26	15	1613199	13405860	8368839	0.080014	0.192763	0.127292	False	3071.7936
HAP2_chr08	HAP2_chr26	17	975410	14664144	8904372	0.043173	0.109543	0.146568	False	7788.0858
HAP2_chr08	HAP2_chr26	19	814498	15167024	9117717	0.034703	0.089331	0.142204	False	25645.7183
HAP2_chr08	HAP2_chr26	23	681826	15783256	9371550	0.027860	0.072755	0.126734	False	332538.3742
HAP2_chr11	HAP2_chr12	11	1772702	1875256	1916305	0.878071	0.945312	0.006102	False	45.1924
HAP2_chr11	HAP2_chr12	13	5109532	9396976	10157744	0.353719	0.543742	0.049920	False	1342.8252
HAP2_chr11	HAP2_chr12	15	2906313	14824614	16248346	0.103183	0.196046	0.111754	False	3669.0891
HAP2_chr11	HAP2_chr12	17	1708756	16402565	17907770	0.052413	0.104176	0.135678	False	9055.6420
HAP2_chr11	HAP2_chr12	19	1403063	17052685	18511531	0.041072	0.082278	0.133660	False	29228.2636
HAP2_chr11	HAP2_chr12	23	1172470	17855262	19196363	0.032678	0.065665	0.120002	False	375647.4480
HAP2_chr11	HAP2_chr13	11	1665032	1875256	1773388	0.839394	0.938899	0.008306	False	62.9598
HAP2_chr11	HAP2_chr13	13	4057553	9396976	7463531	0.316923	0.543651	0.056250	False	1360.8072
HAP2_chr11	HAP2_chr13	15	2201669	14824614	10811655	0.093950	0.203638	0.117443	False	3483.0915
HAP2_chr11	HAP2_chr13	17	1321001	16402565	11714892	0.049298	0.112763	0.139109	False	8682.7194
HAP2_chr11	HAP2_chr13	19	1085593	17052685	12084487	0.038700	0.089834	0.136671	False	27996.9818
HAP2_chr11	HAP2_chr13	23	892886	17855262	12533334	0.030272	0.071241	0.123227	False	354039.2418
HAP2_chr11	HAP2_chr05	11	1780061	1875256	1927047	0.880241	0.949236	0.005983	False	43.3549
HAP2_chr11	HAP2_chr05	13	5266702	9396976	10709499	0.354904	0.560468	0.049730	False	1309.3067
HAP2_chr11	HAP2_chr05	15	2861885	14824614	17601194	0.096803	0.193050	0.115622	False	3407.9532
HAP2_chr11	HAP2_chr05	17	1523397	16402565	19429478	0.044403	0.092876	0.144985	False	7716.3843
HAP2_chr11	HAP2_chr05	19	1194409	17052685	20016096	0.033294	0.070042	0.144315	False	23917.6200
HAP2_chr11	HAP2_chr05	23	969123	17855262	20608717	0.025847	0.054277	0.129910	False	299668.1074
HAP2_chr11	HAP2_chr10	11	1757067	1875256	1895187	0.872697	0.936974	0.006400	False	47.9389
HAP2_chr11	HAP2_chr10	13	4931510	9396976	9712491	0.347829	0.524798	0.050876	False	1340.9252
HAP2_chr11	HAP2_chr10	15	2727922	14824614	15325642	0.099478	0.184013	0.113967	False	3542.8676
HAP2_chr11	HAP2_chr10	17	1561517	16402565	16850568	0.049272	0.095200	0.139138	False	8525.8171
HAP2_chr11	HAP2_chr10	19	1267403	17052685	17412284	0.038178	0.074323	0.137359	False	27221.0242
HAP2_chr11	HAP2_chr10	23	1052303	17855262	18052398	0.030191	0.058935	0.123340	False	347665.3160
HAP2_chr11	HAP2_chr14	11	1741439	1875256	1872511	0.867973	0.930002	0.006664	False	51.8208
HAP2_chr11	HAP2_chr14	13	4824317	9396976	9287321	0.348075	0.519452	0.050836	False	1378.6394
HAP2_chr11	HAP2_chr14	15	2765455	14824614	14504228	0.104108	0.190665	0.111215	False	3736.9549
HAP2_chr11	HAP2_chr14	17	1659206	16402565	15955961	0.054047	0.103987	0.133964	False	9331.0125
HAP2_chr11	HAP2_chr14	19	1366114	17052685	16521915	0.042415	0.082685	0.132034	False	30127.5008
HAP2_chr11	HAP2_chr14	23	1131152	17855262	17192812	0.033351	0.065792	0.119145	False	382944.5998
HAP2_chr11	HAP2_chr15	11	1688018	1875256	1801610	0.848742	0.936950	0.007760	False	60.6921
HAP2_chr11	HAP2_chr15	13	4262729	9396976	7922995	0.326465	0.538020	0.054523	False	1372.1189
HAP2_chr11	HAP2_chr15	15	2361924	14824614	11716993	0.097682	0.201581	0.115073	False	3583.6112
HAP2_chr11	HAP2_chr15	17	1426499	16402565	12776868	0.051400	0.111647	0.136770	False	8976.4843
HAP2_chr11	HAP2_chr15	19	1178096	17052685	13220548	0.040491	0.089111	0.134380	False	29047.5409
HAP2_chr11	HAP2_chr15	23	978315	17855262	13763461	0.031929	0.071081	0.120979	False	370172.0059
HAP2_chr11	HAP2_chr18	11	1648040	1875256	1754152	0.831769	0.939508	0.008758	False	63.4707
HAP2_chr11	HAP2_chr18	13	3792329	9396976	6943926	0.302212	0.546136	0.059042	False	1324.9604
HAP2_chr11	HAP2_chr18	15	2013110	14824614	9721359	0.089341	0.207081	0.120515	False	3367.3951
HAP2_chr11	HAP2_chr18	17	1234506	16402565	10474208	0.048143	0.117862	0.140438	False	8587.7204
HAP2_chr11	HAP2_chr18	19	1031067	17052685	10808975	0.038429	0.095390	0.137027	False	28118.2253
HAP2_chr11	HAP2_chr18	23	863859	17855262	11244443	0.030594	0.076825	0.122779	False	361628.6321
HAP2_chr11	HAP2_chr16	11	1741331	1875256	1875396	0.866627	0.928583	0.006739	False	49.7055
HAP2_chr11	HAP2_chr16	13	4682877	9396976	9231562	0.335795	0.507268	0.052895	False	1304.5423
HAP2_chr11	HAP2_chr16	15	2410093	14824614	14170650	0.090656	0.170076	0.119621	False	3227.3154
HAP2_chr11	HAP2_chr16	17	1289486	16402565	15390938	0.042273	0.083782	0.147757	False	7350.3907
HAP2_chr11	HAP2_chr16	19	1019682	17052685	15784249	0.032048	0.064601	0.146259	False	22997.2766
HAP2_chr11	HAP2_chr16	23	833361	17855262	16190750	0.025092	0.051471	0.131168	False	290728.2243
HAP2_chr11	HAP2_chr17	11	1708986	1875256	1830609	0.855829	0.933561	0.007352	False	56.3306
HAP2_chr11	HAP2_chr17	13	4364609	9396976	8240648	0.328833	0.529644	0.054105	False	1353.9187
HAP2_chr11	HAP2_chr17	15	2408646	14824614	12197774	0.097858	0.197466	0.114964	False	3569.9065
HAP2_chr11	HAP2_chr17	17	1463962	16402565	13269618	0.051898	0.110324	0.136230	False	9037.6807
HAP2_chr11	HAP2_chr17	19	1215763	17052685	13709289	0.041148	0.088682	0.133566	False	29436.8913
HAP2_chr11	HAP2_chr17	23	1013290	17855262	14252006	0.032588	0.071098	0.120119	False	376777.0551
HAP2_chr11	HAP2_chr07	11	1653743	1875256	1758901	0.835049	0.940214	0.008563	False	64.5463
HAP2_chr11	HAP2_chr07	13	3975127	9396976	7240106	0.313943	0.549043	0.056802	False	1367.7005
HAP2_chr11	HAP2_chr07	15	2205706	14824614	10421927	0.095730	0.211641	0.116300	False	3575.2049
HAP2_chr11	HAP2_chr07	17	1370144	16402565	11338838	0.051956	0.120836	0.136168	False	9164.3837
HAP2_chr11	HAP2_chr07	19	1139499	17052685	11754937	0.041185	0.096938	0.133521	False	29799.3028
HAP2_chr11	HAP2_chr07	23	941284	17855262	12293816	0.032227	0.076566	0.120588	False	376848.0154
HAP2_chr11	HAP2_chr19	11	1612730	1875256	1700238	0.821663	0.948532	0.009366	False	74.9308
HAP2_chr11	HAP2_chr19	13	3826265	9396976	6349723	0.320984	0.602588	0.055507	False	1535.8064
HAP2_chr11	HAP2_chr19	15	2507581	14824614	8710089	0.119255	0.287894	0.103067	False	4622.7111
HAP2_chr11	HAP2_chr19	17	1802528	16402565	9328904	0.075328	0.193220	0.115610	False	13371.8794
HAP2_chr11	HAP2_chr19	19	1553678	17052685	9592131	0.061921	0.161974	0.113096	False	45001.7287
HAP2_chr11	HAP2_chr19	23	1285382	17855262	9920765	0.048522	0.129565	0.103477	False	572861.6118
HAP2_chr11	HAP2_chr20	11	1610203	1875256	1707604	0.816261	0.942960	0.009696	False	67.3937
HAP2_chr11	HAP2_chr20	13	3582448	9396976	6447496	0.292158	0.555634	0.061048	False	1322.2931
HAP2_chr11	HAP2_chr20	15	1896587	14824614	8910664	0.086845	0.212845	0.122251	False	3327.4646
HAP2_chr11	HAP2_chr20	17	1160379	16402565	9575366	0.046756	0.121184	0.142080	False	8446.2413
HAP2_chr11	HAP2_chr20	19	963608	17052685	9867294	0.037124	0.097657	0.138779	False	27504.7542
HAP2_chr11	HAP2_chr20	23	799689	17855262	10242168	0.029295	0.078078	0.124611	False	350763.2947
HAP2_chr11	HAP2_chr22	11	1579387	1875256	1670517	0.803193	0.945448	0.010507	False	70.0579
HAP2_chr11	HAP2_chr22	13	3406143	9396976	6040646	0.283103	0.563871	0.062929	False	1318.1473
HAP2_chr11	HAP2_chr22	15	1793056	14824614	8216329	0.084387	0.218231	0.124014	False	3288.1044
HAP2_chr11	HAP2_chr22	17	1102106	16402565	8800212	0.045729	0.125236	0.143328	False	8372.2665
HAP2_chr11	HAP2_chr22	19	915763	17052685	9060039	0.036344	0.101077	0.139856	False	27279.9242
HAP2_chr11	HAP2_chr22	23	755998	17855262	9392238	0.028537	0.080492	0.125719	False	346278.2011
HAP2_chr11	HAP2_chr21	11	1637510	1875256	1740450	0.827779	0.940854	0.008997	False	65.1006
HAP2_chr11	HAP2_chr21	13	3798920	9396976	6927352	0.303297	0.548394	0.058830	False	1334.6090
HAP2_chr11	HAP2_chr21	15	2007819	14824614	9749738	0.088973	0.205936	0.120767	False	3350.7832
HAP2_chr11	HAP2_chr21	17	1205557	16402565	10481481	0.046948	0.115018	0.141850	False	8380.0160
HAP2_chr11	HAP2_chr21	19	990404	17052685	10776712	0.036902	0.091902	0.139084	False	27048.3674
HAP2_chr11	HAP2_chr21	23	808932	17855262	11129001	0.028711	0.072687	0.125463	False	340386.7778
HAP2_chr11	HAP2_chr23	11	1638589	1875256	1740516	0.828749	0.941439	0.008938	False	65.9169
HAP2_chr11	HAP2_chr23	13	3814094	9396976	6913236	0.305222	0.551709	0.058457	False	1349.7173
HAP2_chr11	HAP2_chr23	15	2059019	14824614	9735989	0.091506	0.211485	0.119051	False	3452.6273
HAP2_chr11	HAP2_chr23	17	1264198	16402565	10491711	0.049325	0.120495	0.139078	False	8790.0937
HAP2_chr11	HAP2_chr23	19	1047092	17052685	10813251	0.039043	0.096834	0.136223	False	28550.1511
HAP2_chr11	HAP2_chr23	23	860406	17855262	11210512	0.030505	0.076750	0.122903	False	360727.8086
HAP2_chr11	HAP2_chr24	11	1642018	1875256	1746750	0.829307	0.940042	0.008905	False	64.0826
HAP2_chr11	HAP2_chr24	13	3778878	9396976	6932666	0.301087	0.545083	0.059262	False	1318.6456
HAP2_chr11	HAP2_chr24	15	1958244	14824614	9710842	0.086735	0.201655	0.122328	False	3263.8247
HAP2_chr11	HAP2_chr24	17	1162203	16402565	10421673	0.045289	0.111518	0.143873	False	8097.5107
HAP2_chr11	HAP2_chr24	19	959448	17052685	10707211	0.035800	0.089608	0.140623	False	26286.9402
HAP2_chr11	HAP2_chr24	23	797872	17855262	11048947	0.028388	0.072212	0.125941	False	336946.9396
HAP2_chr11	HAP2_chr25	11	1567079	1875256	1652327	0.799325	0.948407	0.010750	False	73.6982
HAP2_chr11	HAP2_chr25	13	3370081	9396976	5856933	0.283585	0.575400	0.062827	False	1350.6752
HAP2_chr11	HAP2_chr25	15	1829862	14824614	7847891	0.087794	0.233166	0.121584	False	3465.3230
HAP2_chr11	HAP2_chr25	17	1165232	16402565	8334301	0.049434	0.139812	0.138955	False	9110.5480
HAP2_chr11	HAP2_chr25	19	977024	17052685	8530821	0.039706	0.114529	0.135371	False	29998.3663
HAP2_chr11	HAP2_chr25	23	805052	17855262	8768493	0.031181	0.091812	0.121978	False	381637.3238
HAP2_chr11	HAP2_chr26	11	1596499	1875256	1692364	0.809945	0.943354	0.010085	False	67.6343
HAP2_chr11	HAP2_chr26	13	3421730	9396976	6190440	0.281261	0.552744	0.063321	False	1282.0793
HAP2_chr11	HAP2_chr26	15	1717367	14824614	8368839	0.079966	0.205210	0.127329	False	3091.7955
HAP2_chr11	HAP2_chr26	17	1019122	16402565	8904372	0.041960	0.114452	0.148176	False	7685.2270
HAP2_chr11	HAP2_chr26	19	843122	17052685	9117717	0.033289	0.092471	0.144322	False	25033.5699
HAP2_chr11	HAP2_chr26	23	700746	17855262	9371550	0.026417	0.074774	0.128985	False	321324.4371
HAP2_chr12	HAP2_chr13	11	1689693	1916305	1773388	0.844846	0.952805	0.007986	False	54.3863
HAP2_chr12	HAP2_chr13	13	4241157	10157744	7463531	0.316975	0.568251	0.056240	False	1318.4272
HAP2_chr12	HAP2_chr13	15	2273600	16248346	10811655	0.091728	0.210292	0.118903	False	3402.6189
HAP2_chr12	HAP2_chr13	17	1339330	17907770	11714892	0.047354	0.114327	0.141366	False	8413.9560
HAP2_chr12	HAP2_chr13	19	1102157	18511531	12084487	0.037369	0.091204	0.138445	False	27278.5493
HAP2_chr12	HAP2_chr13	23	919671	19196363	12533334	0.029850	0.073378	0.123819	False	351691.1030
HAP2_chr12	HAP2_chr05	11	1812149	1916305	1927047	0.892156	0.945647	0.005335	False	38.6443
HAP2_chr12	HAP2_chr05	13	5569805	10157744	10709499	0.364101	0.548331	0.048283	False	1292.8062
HAP2_chr12	HAP2_chr05	15	3022558	16248346	17601194	0.098049	0.186023	0.114845	False	3411.4118
HAP2_chr12	HAP2_chr05	17	1589107	17907770	19429478	0.044453	0.088738	0.144922	False	7694.5516
HAP2_chr12	HAP2_chr05	19	1245209	18511531	20016096	0.033399	0.067267	0.144154	False	23930.1280
HAP2_chr12	HAP2_chr05	23	1019612	19196363	20608717	0.026289	0.053115	0.129192	False	304067.5652
HAP2_chr12	HAP2_chr10	11	1787364	1916305	1895187	0.883029	0.943107	0.005830	False	42.2563
HAP2_chr12	HAP2_chr10	13	5188394	10157744	9712491	0.353389	0.534198	0.049973	False	1311.1226
HAP2_chr12	HAP2_chr10	15	2844197	16248346	15325642	0.098998	0.185584	0.114260	False	3495.1443
HAP2_chr12	HAP2_chr10	17	1597654	17907770	16850568	0.048179	0.094813	0.140396	False	8336.6941
HAP2_chr12	HAP2_chr10	19	1293818	18511531	17412284	0.037361	0.074305	0.138456	False	26668.0419
HAP2_chr12	HAP2_chr10	23	1080325	19196363	18052398	0.029869	0.059844	0.123792	False	344229.7825
HAP2_chr12	HAP2_chr14	11	1770493	1916305	1872511	0.877210	0.945518	0.006150	False	45.4543
HAP2_chr12	HAP2_chr14	13	5048474	10157744	9287321	0.350671	0.543588	0.050412	False	1334.1122
HAP2_chr12	HAP2_chr14	15	2822155	16248346	14504228	0.101042	0.194575	0.113022	False	3597.0045
HAP2_chr12	HAP2_chr14	17	1637376	17907770	15955961	0.050809	0.102618	0.137418	False	8795.2335
HAP2_chr12	HAP2_chr14	19	1338719	18511531	16521915	0.039731	0.081027	0.135339	False	28331.5586
HAP2_chr12	HAP2_chr14	23	1115253	19196363	17192812	0.031617	0.064867	0.121393	False	364134.4057
HAP2_chr12	HAP2_chr15	11	1713233	1916305	1801610	0.854616	0.950946	0.007421	False	52.2064
HAP2_chr12	HAP2_chr15	13	4457377	10157744	7922995	0.327186	0.562587	0.054395	False	1329.4300
HAP2_chr12	HAP2_chr15	15	2431279	16248346	11716993	0.095217	0.207500	0.116627	False	3487.2958
HAP2_chr12	HAP2_chr15	17	1440109	17907770	12776868	0.049244	0.112712	0.139170	False	8660.6274
HAP2_chr12	HAP2_chr15	19	1189084	18511531	13220548	0.038931	0.089942	0.136368	False	28136.5413
HAP2_chr12	HAP2_chr15	23	996956	19196363	13763461	0.031191	0.072435	0.121965	False	363809.7363
HAP2_chr12	HAP2_chr18	11	1672393	1916305	1754152	0.837007	0.953391	0.008447	False	54.9027
HAP2_chr12	HAP2_chr18	13	3969154	10157744	6943926	0.302239	0.571601	0.059037	False	1287.7504
HAP2_chr12	HAP2_chr18	15	2088522	16248346	9721359	0.087455	0.214838	0.121822	False	3307.9838
HAP2_chr12	HAP2_chr18	17	1261229	17907770	10474208	0.046504	0.120413	0.142384	False	8387.3086
HAP2_chr12	HAP2_chr18	19	1052357	18511531	10808975	0.037228	0.097360	0.138637	False	27542.5002
HAP2_chr12	HAP2_chr18	23	888264	19196363	11244443	0.030057	0.078996	0.123527	False	358620.8318
HAP2_chr12	HAP2_chr16	11	1780975	1916305	1875396	0.885737	0.949653	0.005682	False	51.4127
HAP2_chr12	HAP2_chr16	13	5492527	10157744	9231562	0.395237	0.594973	0.043707	False	1613.8602
HAP2_chr12	HAP2_chr16	15	4018199	16248346	14170650	0.152200	0.283558	0.088739	False	5480.8553
HAP2_chr12	HAP2_chr16	17	2901614	17907770	15390938	0.095457	0.188527	0.102771	False	16019.6154
HAP2_chr12	HAP2_chr16	19	2480417	18511531	15784249	0.077963	0.157145	0.101760	False	53749.4586
HAP2_chr12	HAP2_chr16	23	2016267	19196363	16190750	0.060420	0.124532	0.094433	False	678387.8819
HAP2_chr12	HAP2_chr17	11	1735999	1916305	1830609	0.863288	0.948318	0.006927	False	48.9055
HAP2_chr12	HAP2_chr17	13	4581755	10157744	8240648	0.331611	0.555995	0.053618	False	1321.4204
HAP2_chr12	HAP2_chr17	15	2514414	16248346	12197774	0.096963	0.206137	0.115522	False	3530.7575
HAP2_chr12	HAP2_chr17	17	1511086	17907770	13269618	0.050936	0.113876	0.137277	False	8918.8687
HAP2_chr12	HAP2_chr17	19	1255607	18511531	13709289	0.040549	0.091588	0.134308	False	29177.0158
HAP2_chr12	HAP2_chr17	23	1055056	19196363	14252006	0.032570	0.074029	0.120142	False	378355.2270
HAP2_chr12	HAP2_chr07	11	1677157	1916305	1758901	0.839397	0.953526	0.008306	False	55.1634
HAP2_chr12	HAP2_chr07	13	4133434	10157744	7240106	0.311618	0.570908	0.057238	False	1311.5382
HAP2_chr12	HAP2_chr07	15	2231344	16248346	10421927	0.091303	0.214101	0.119187	False	3411.4180
HAP2_chr12	HAP2_chr07	17	1339962	17907770	11338838	0.048016	0.118175	0.140587	False	8561.5526
HAP2_chr12	HAP2_chr07	19	1108605	18511531	11754937	0.038021	0.094310	0.137568	False	27821.4491
HAP2_chr12	HAP2_chr07	23	922378	19196363	12293816	0.030175	0.075028	0.123362	False	356145.8179
HAP2_chr12	HAP2_chr19	11	1626830	1916305	1700238	0.817620	0.956825	0.009613	False	58.7362
HAP2_chr12	HAP2_chr19	13	3692811	10157744	6349723	0.288171	0.581570	0.061868	False	1277.0803
HAP2_chr12	HAP2_chr19	15	1909172	16248346	8710089	0.082830	0.219191	0.125160	False	3205.0390
HAP2_chr12	HAP2_chr19	17	1144162	17907770	9328904	0.043850	0.122647	0.145691	False	8064.9344
HAP2_chr12	HAP2_chr19	19	953995	18511531	9592131	0.035138	0.099456	0.141571	False	26505.3628
HAP2_chr12	HAP2_chr19	23	806696	19196363	9920765	0.028495	0.081314	0.125782	False	346736.7178
HAP2_chr12	HAP2_chr20	11	1632966	1916305	1707604	0.820197	0.956291	0.009455	False	58.1332
HAP2_chr12	HAP2_chr20	13	3752745	10157744	6447496	0.291986	0.582047	0.061083	False	1289.0739
HAP2_chr12	HAP2_chr20	15	1975375	16248346	8910664	0.085206	0.221687	0.123421	False	3284.5555
HAP2_chr12	HAP2_chr20	17	1196018	17907770	9575366	0.045498	0.124906	0.143613	False	8323.8536
HAP2_chr12	HAP2_chr20	19	996322	18511531	9867294	0.036385	0.100972	0.139799	False	27293.2174
HAP2_chr12	HAP2_chr20	23	838780	19196363	10242168	0.029328	0.081895	0.124564	False	354825.3593
HAP2_chr12	HAP2_chr22	11	1600566	1916305	1670517	0.805821	0.958126	0.010342	False	59.9800
HAP2_chr12	HAP2_chr22	13	3556075	10157744	6040646	0.281284	0.588691	0.063316	False	1277.4198
HAP2_chr12	HAP2_chr22	15	1859593	16248346	8216329	0.082264	0.226329	0.125582	False	3230.4811
HAP2_chr12	HAP2_chr22	17	1127749	17907770	8800212	0.044087	0.128150	0.145388	False	8190.6221
HAP2_chr12	HAP2_chr22	19	937148	18511531	9060039	0.035186	0.103438	0.141503	False	26792.3633
HAP2_chr12	HAP2_chr22	23	780868	19196363	9392238	0.028081	0.083140	0.126400	False	344949.6088
HAP2_chr12	HAP2_chr21	11	1660981	1916305	1740450	0.832249	0.954340	0.008729	False	55.9973
HAP2_chr12	HAP2_chr21	13	3975711	10157744	6927352	0.303272	0.573915	0.058835	False	1297.2826
HAP2_chr12	HAP2_chr21	15	2080501	16248346	9749738	0.086986	0.213390	0.122151	False	3286.8189
HAP2_chr12	HAP2_chr21	17	1227016	17907770	10481481	0.045174	0.117065	0.144016	False	8152.8472
HAP2_chr12	HAP2_chr21	19	1007670	18511531	10776712	0.035631	0.093504	0.140863	False	26410.8822
HAP2_chr12	HAP2_chr21	23	833555	19196363	11129001	0.028264	0.074899	0.126126	False	338273.8546
HAP2_chr12	HAP2_chr23	11	1661801	1916305	1740516	0.832975	0.954775	0.008686	False	56.5986
HAP2_chr12	HAP2_chr23	13	3972565	10157744	6913236	0.303286	0.574632	0.058832	False	1299.3856
HAP2_chr12	HAP2_chr23	15	2095522	16248346	9735989	0.087720	0.215235	0.121636	False	3317.5773
HAP2_chr12	HAP2_chr23	17	1250205	17907770	10491711	0.046049	0.119161	0.142936	False	8305.5226
HAP2_chr12	HAP2_chr23	19	1031878	18511531	10813251	0.036471	0.095427	0.139679	False	27000.4219
HAP2_chr12	HAP2_chr23	23	856590	19196363	11210512	0.028988	0.076410	0.125057	False	346355.9084
HAP2_chr12	HAP2_chr24	11	1666024	1916305	1746750	0.834250	0.953785	0.008610	False	55.3313
HAP2_chr12	HAP2_chr24	13	3959737	10157744	6932666	0.301564	0.571171	0.059169	False	1284.6483
HAP2_chr12	HAP2_chr24	15	2042868	16248346	9710842	0.085417	0.210370	0.123268	False	3226.1485
HAP2_chr12	HAP2_chr24	17	1198628	17907770	10421673	0.044180	0.115013	0.145269	False	7984.4606
HAP2_chr12	HAP2_chr24	19	990083	18511531	10707211	0.035074	0.092469	0.141665	False	26033.5937
HAP2_chr12	HAP2_chr24	23	830986	19196363	11048947	0.028251	0.075210	0.126145	False	338450.7937
HAP2_chr12	HAP2_chr25	11	1585137	1916305	1652327	0.799164	0.959336	0.010760	False	61.2797
HAP2_chr12	HAP2_chr25	13	3431647	10157744	5856933	0.272720	0.585912	0.065178	False	1245.6202
HAP2_chr12	HAP2_chr25	15	1692393	16248346	7847891	0.075540	0.215649	0.130851	False	2985.2469
HAP2_chr12	HAP2_chr25	17	982055	17907770	8334301	0.038878	0.117833	0.152490	False	7318.5144
HAP2_chr12	HAP2_chr25	19	809745	18511531	8530821	0.030868	0.094920	0.148173	False	23854.4781
HAP2_chr12	HAP2_chr25	23	677822	19196363	8768493	0.024840	0.077302	0.131594	False	309895.6935
HAP2_chr12	HAP2_chr26	11	1626320	1916305	1692364	0.820400	0.960975	0.009443	False	64.2484
HAP2_chr12	HAP2_chr26	13	3912590	10157744	6190440	0.314628	0.632037	0.056675	False	1489.1762
HAP2_chr12	HAP2_chr26	15	2575775	16248346	8368839	0.116861	0.307782	0.104276	False	4614.7922
HAP2_chr12	HAP2_chr26	17	1857143	17907770	8904372	0.074420	0.208565	0.116275	False	13494.4438
HAP2_chr12	HAP2_chr26	19	1600260	18511531	9117717	0.061480	0.175511	0.113451	False	45629.7234
HAP2_chr12	HAP2_chr26	23	1317467	19196363	9371550	0.048347	0.140582	0.103627	False	582636.6133
HAP2_chr13	HAP2_chr05	11	1695675	1773388	1927047	0.845824	0.956178	0.007929	False	51.8048
HAP2_chr13	HAP2_chr05	13	4360865	7463531	10709499	0.315726	0.584290	0.056471	False	1282.0592
HAP2_chr13	HAP2_chr05	15	2231100	10811655	17601194	0.085216	0.206361	0.123413	False	3152.0949
HAP2_chr13	HAP2_chr05	17	1194922	11714892	19429478	0.039898	0.102000	0.151024	False	7177.8729
HAP2_chr13	HAP2_chr05	19	941784	12084487	20016096	0.030225	0.077933	0.149248	False	22407.3291
HAP2_chr13	HAP2_chr05	23	765980	12533334	20608717	0.023659	0.061115	0.133663	False	282702.3287
HAP2_chr13	HAP2_chr10	11	1676314	1773388	1895187	0.841413	0.945261	0.008187	False	58.2264
HAP2_chr13	HAP2_chr10	13	4104430	7463531	9712491	0.313996	0.549931	0.056792	False	1322.6670
HAP2_chr13	HAP2_chr10	15	2151938	10811655	15325642	0.089719	0.199039	0.120256	False	3318.0043
HAP2_chr13	HAP2_chr10	17	1244182	11714892	16850568	0.045539	0.106205	0.143563	False	8055.7462
HAP2_chr13	HAP2_chr10	19	1014611	12084487	17412284	0.035623	0.083960	0.140875	False	25891.4685
HAP2_chr13	HAP2_chr10	23	841473	12533334	18052398	0.028290	0.067139	0.126086	False	331826.4589
HAP2_chr13	HAP2_chr14	11	1663327	1773388	1872511	0.838974	0.937937	0.008331	False	63.4956
HAP2_chr13	HAP2_chr14	13	4004677	7463531	9287321	0.314187	0.536566	0.056757	False	1348.9983
HAP2_chr13	HAP2_chr14	15	2133431	10811655	14504228	0.092028	0.197327	0.118704	False	3407.0282
HAP2_chr13	HAP2_chr14	17	1265026	11714892	15955961	0.047907	0.107984	0.140714	False	8428.0701
HAP2_chr13	HAP2_chr14	19	1037641	12084487	16521915	0.037638	0.085866	0.138081	False	27186.2495
HAP2_chr13	HAP2_chr14	23	856194	12533334	17192812	0.029657	0.068313	0.124093	False	345969.0206
HAP2_chr13	HAP2_chr15	11	1625156	1773388	1801610	0.833481	0.916413	0.008656	False	82.3821
HAP2_chr13	HAP2_chr15	13	3889715	7463531	7922995	0.338330	0.521163	0.052462	False	1602.5331
HAP2_chr13	HAP2_chr15	15	2579242	10811655	11716993	0.129289	0.238561	0.098276	False	4823.9779
HAP2_chr13	HAP2_chr15	17	1855739	11714892	12776868	0.081982	0.158409	0.110995	False	13926.2207
HAP2_chr13	HAP2_chr15	19	1587771	12084487	13220548	0.066946	0.131389	0.109238	False	46535.6599
HAP2_chr13	HAP2_chr15	23	1292317	12533334	13763461	0.051683	0.103110	0.100864	False	583640.1726
HAP2_chr13	HAP2_chr18	11	1581091	1773388	1754152	0.812295	0.901342	0.009940	False	80.2592
HAP2_chr13	HAP2_chr18	13	3199904	7463531	6943926	0.285513	0.460821	0.062421	False	1331.9668
HAP2_chr13	HAP2_chr18	15	1611532	10811655	9721359	0.085169	0.165772	0.123447	False	3199.7436
HAP2_chr13	HAP2_chr18	17	995677	11714892	10474208	0.046980	0.095060	0.141811	False	8211.2232
HAP2_chr13	HAP2_chr18	19	833975	12084487	10808975	0.037806	0.077156	0.137856	False	27021.3091
HAP2_chr13	HAP2_chr18	23	698752	12533334	11244443	0.030276	0.062142	0.123220	False	349134.8461
HAP2_chr13	HAP2_chr16	11	1663030	1773388	1875396	0.837480	0.937770	0.008419	False	61.2737
HAP2_chr13	HAP2_chr16	13	3905681	7463531	9231562	0.305384	0.523302	0.058426	False	1292.6364
HAP2_chr13	HAP2_chr16	15	1902237	10811655	14170650	0.082419	0.175943	0.125466	False	3026.6876
HAP2_chr13	HAP2_chr16	17	1030528	11714892	15390938	0.039521	0.087967	0.151561	False	6968.1243
HAP2_chr13	HAP2_chr16	19	819656	12084487	15784249	0.030303	0.067827	0.149117	False	21964.6606
HAP2_chr13	HAP2_chr16	23	667752	12533334	16190750	0.023800	0.053278	0.133410	False	278047.8612
HAP2_chr13	HAP2_chr17	11	1634756	1773388	1830609	0.830145	0.921826	0.008855	False	69.7335
HAP2_chr13	HAP2_chr17	13	3652942	7463531	8240648	0.303118	0.489439	0.058865	False	1344.2695
HAP2_chr13	HAP2_chr17	15	1905755	10811655	12197774	0.090304	0.176269	0.119859	False	3349.5477
HAP2_chr13	HAP2_chr17	17	1163695	11714892	13269618	0.048852	0.099335	0.139618	False	8515.8659
HAP2_chr13	HAP2_chr17	19	969049	12084487	13709289	0.039036	0.080190	0.136233	False	27876.5179
HAP2_chr13	HAP2_chr17	23	807282	12533334	14252006	0.031076	0.064411	0.122121	False	358282.9451
HAP2_chr13	HAP2_chr07	11	1586441	1773388	1758901	0.815295	0.901950	0.009755	False	81.2448
HAP2_chr13	HAP2_chr07	13	3343186	7463531	7240106	0.294283	0.461759	0.060617	False	1365.4318
HAP2_chr13	HAP2_chr07	15	1744346	10811655	10421927	0.089503	0.167373	0.120404	False	3349.4400
HAP2_chr13	HAP2_chr07	17	1084826	11714892	11338838	0.049380	0.095673	0.139015	False	8599.3639
HAP2_chr13	HAP2_chr07	19	905772	12084487	11754937	0.039495	0.077055	0.135640	False	28141.9182
HAP2_chr13	HAP2_chr07	23	749732	12533334	12293816	0.031138	0.060984	0.122036	False	358262.8302
HAP2_chr13	HAP2_chr19	11	1542945	1773388	1700238	0.799171	0.907488	0.010760	False	87.7305
HAP2_chr13	HAP2_chr19	13	2996942	7463531	6349723	0.277076	0.471980	0.064222	False	1333.3271
HAP2_chr13	HAP2_chr19	15	1494904	10811655	8710089	0.082927	0.171629	0.125088	False	3150.5489
HAP2_chr13	HAP2_chr19	17	926577	11714892	9328904	0.046059	0.099323	0.142925	False	8101.9104
HAP2_chr13	HAP2_chr19	19	778411	12084487	9592131	0.037248	0.081151	0.138610	False	26774.5029
HAP2_chr13	HAP2_chr19	23	655529	12533334	9920765	0.030072	0.066076	0.123506	False	348705.3275
HAP2_chr13	HAP2_chr20	11	1547366	1773388	1707604	0.800241	0.906162	0.010692	False	86.0366
HAP2_chr13	HAP2_chr20	13	3037353	7463531	6447496	0.279331	0.471090	0.063734	False	1338.7634
HAP2_chr13	HAP2_chr20	15	1535960	10811655	8910664	0.084457	0.172373	0.123963	False	3202.2725
HAP2_chr13	HAP2_chr20	17	953614	11714892	9575366	0.046891	0.099590	0.141918	False	8230.6166
HAP2_chr13	HAP2_chr20	19	797694	12084487	9867294	0.037709	0.080842	0.137986	False	27052.3809
HAP2_chr13	HAP2_chr20	23	664774	12533334	10242168	0.030066	0.064906	0.123515	False	348030.4877
HAP2_chr13	HAP2_chr22	11	1519972	1773388	1670517	0.790034	0.909881	0.011342	False	90.3245
HAP2_chr13	HAP2_chr22	13	2884716	7463531	6040646	0.271644	0.477551	0.065417	False	1329.5038
HAP2_chr13	HAP2_chr22	15	1436680	10811655	8216329	0.081670	0.174857	0.126029	False	3125.1418
HAP2_chr13	HAP2_chr22	17	888521	11714892	8800212	0.045271	0.100966	0.143895	False	8000.9345
HAP2_chr13	HAP2_chr22	19	739675	12084487	9060039	0.036250	0.081641	0.139988	False	26178.7399
HAP2_chr13	HAP2_chr22	23	608982	12533334	9392238	0.028568	0.064839	0.125673	False	332934.7458
HAP2_chr13	HAP2_chr21	11	1571217	1773388	1740450	0.808813	0.902765	0.010156	False	81.9863
HAP2_chr13	HAP2_chr21	13	3191159	7463531	6927352	0.284932	0.460661	0.062543	False	1329.4841
HAP2_chr13	HAP2_chr21	15	1577824	10811655	9749738	0.083115	0.161832	0.124948	False	3117.7215
HAP2_chr13	HAP2_chr21	17	941565	11714892	10481481	0.044299	0.089831	0.145117	False	7755.6976
HAP2_chr13	HAP2_chr21	19	773214	12084487	10776712	0.035006	0.071749	0.141763	False	25087.9304
HAP2_chr13	HAP2_chr21	23	631145	12533334	11129001	0.027404	0.056712	0.127433	False	316985.8844
HAP2_chr13	HAP2_chr23	11	1572598	1773388	1740516	0.810072	0.903524	0.010077	False	83.0770
HAP2_chr13	HAP2_chr23	13	3204518	7463531	6913236	0.286828	0.463534	0.062147	False	1344.1458
HAP2_chr13	HAP2_chr23	15	1617731	10811655	9735989	0.085459	0.166160	0.123238	False	3210.6730
HAP2_chr13	HAP2_chr23	17	988680	11714892	10491711	0.046596	0.094234	0.142272	False	8145.6770
HAP2_chr13	HAP2_chr23	19	818607	12084487	10813251	0.037076	0.075704	0.138844	False	26517.5514
HAP2_chr13	HAP2_chr23	23	671529	12533334	11210512	0.029105	0.059902	0.124886	False	336040.0662
HAP2_chr13	HAP2_chr24	11	1575759	1773388	1746750	0.810418	0.902109	0.010056	False	81.1921
HAP2_chr13	HAP2_chr24	13	3188936	7463531	6932666	0.284542	0.459987	0.062625	False	1326.2325
HAP2_chr13	HAP2_chr24	15	1573601	10811655	9710842	0.083044	0.162046	0.125001	False	3116.1809
HAP2_chr13	HAP2_chr24	17	949044	11714892	10421673	0.044793	0.091064	0.144493	False	7841.3379
HAP2_chr13	HAP2_chr24	19	787811	12084487	10707211	0.035803	0.073578	0.140618	False	25645.1576
HAP2_chr13	HAP2_chr24	23	654772	12533334	11048947	0.028558	0.059261	0.125688	False	330041.5663
HAP2_chr13	HAP2_chr25	11	1505980	1773388	1652327	0.784473	0.911430	0.011702	False	91.9961
HAP2_chr13	HAP2_chr25	13	2776331	7463531	5856933	0.263306	0.474025	0.067310	False	1291.0363
HAP2_chr13	HAP2_chr25	15	1296013	10811655	7847891	0.074640	0.165142	0.131595	False	2862.4847
HAP2_chr13	HAP2_chr25	17	767605	11714892	8334301	0.039810	0.092102	0.151148	False	7093.3292
HAP2_chr13	HAP2_chr25	19	634364	12084487	8530821	0.031748	0.074361	0.146738	False	23135.0319
HAP2_chr13	HAP2_chr25	23	525653	12533334	8768493	0.025301	0.059948	0.130816	False	297423.7758
HAP2_chr13	HAP2_chr26	11	1535150	1773388	1692364	0.795166	0.907104	0.011014	False	86.9842
HAP2_chr13	HAP2_chr26	13	2899051	7463531	6190440	0.269556	0.468311	0.065885	False	1297.1419
HAP2_chr13	HAP2_chr26	15	1389412	10811655	8368839	0.078096	0.166022	0.128791	False	2973.9147
HAP2_chr13	HAP2_chr26	17	841949	11714892	8904372	0.042571	0.094555	0.147360	False	7530.0928
HAP2_chr13	HAP2_chr26	19	703798	12084487	9117717	0.034334	0.077190	0.142749	False	24828.5184
HAP2_chr13	HAP2_chr26	23	590425	12533334	9371550	0.027701	0.063002	0.126977	False	323145.5392
HAP2_chr05	HAP2_chr10	11	1795781	1927047	1895187	0.886170	0.947548	0.005659	False	41.1604
HAP2_chr05	HAP2_chr10	13	5395121	10709499	9712491	0.359032	0.555483	0.049075	False	1303.6067
HAP2_chr05	HAP2_chr10	15	2936221	17601194	15325642	0.097905	0.191589	0.114934	False	3433.4809
HAP2_chr05	HAP2_chr10	17	1570345	19429478	16850568	0.045242	0.093192	0.143931	False	7848.4031
HAP2_chr05	HAP2_chr10	19	1236495	20016096	17412284	0.034165	0.071013	0.143000	False	24504.0653
HAP2_chr05	HAP2_chr10	23	1006663	20608717	18052398	0.026734	0.055763	0.128480	False	309571.8905
HAP2_chr05	HAP2_chr14	11	1777607	1927047	1872511	0.879154	0.949317	0.006043	False	43.4388
HAP2_chr05	HAP2_chr14	13	5203103	10709499	9287321	0.351710	0.560237	0.050244	False	1300.4016
HAP2_chr05	HAP2_chr14	15	2782042	17601194	14504228	0.094875	0.191809	0.116846	False	3344.8339
HAP2_chr05	HAP2_chr14	17	1460869	19429478	15955961	0.043062	0.091556	0.146713	False	7499.8089
HAP2_chr05	HAP2_chr14	19	1140646	20016096	16521915	0.032224	0.069038	0.145980	False	23204.3182
HAP2_chr05	HAP2_chr14	23	923508	20608717	17192812	0.025042	0.053715	0.131251	False	291012.6674
HAP2_chr05	HAP2_chr15	11	1720347	1927047	1801610	0.856614	0.954894	0.007307	False	50.4175
HAP2_chr05	HAP2_chr15	13	4612385	10709499	7922995	0.328984	0.582152	0.054078	False	1310.2796
HAP2_chr05	HAP2_chr15	15	2475281	17601194	11716993	0.092214	0.211256	0.118580	False	3373.9552
HAP2_chr05	HAP2_chr15	17	1383877	19429478	12776868	0.044898	0.108311	0.144360	False	7970.4736
HAP2_chr05	HAP2_chr15	19	1103582	20016096	13220548	0.034344	0.083475	0.142734	False	25106.5332
HAP2_chr05	HAP2_chr15	23	891253	20608717	13763461	0.026620	0.064755	0.128662	False	313893.7531
HAP2_chr05	HAP2_chr18	11	1678276	1927047	1754152	0.837913	0.956745	0.008393	False	52.3061
HAP2_chr05	HAP2_chr18	13	4085332	10709499	6943926	0.301098	0.588332	0.059260	False	1255.4793
HAP2_chr05	HAP2_chr18	15	2084719	17601194	9721359	0.082603	0.214447	0.125329	False	3128.1866
HAP2_chr05	HAP2_chr18	17	1174115	19429478	10474208	0.040868	0.112096	0.149666	False	7474.1449
HAP2_chr05	HAP2_chr18	19	945652	20016096	10808975	0.031649	0.087488	0.146898	False	23794.7294
HAP2_chr05	HAP2_chr18	23	771397	20608717	11244443	0.024818	0.068603	0.131632	False	300576.2684
HAP2_chr05	HAP2_chr16	11	1779533	1927047	1875396	0.879690	0.948884	0.006013	False	42.8531
HAP2_chr05	HAP2_chr16	13	5148171	10709499	9231562	0.348017	0.557671	0.050846	False	1282.6886
HAP2_chr05	HAP2_chr16	15	2649808	17601194	14170650	0.090990	0.186993	0.119396	False	3206.0140
HAP2_chr05	HAP2_chr16	17	1339248	19429478	15390938	0.040000	0.087015	0.150879	False	6991.2430
HAP2_chr05	HAP2_chr16	19	1025925	20016096	15784249	0.029502	0.064997	0.150485	False	21349.8428
HAP2_chr05	HAP2_chr16	23	817107	20608717	16190750	0.022709	0.050468	0.135405	False	265332.1229
HAP2_chr05	HAP2_chr17	11	1742773	1927047	1830609	0.864950	0.952018	0.006834	False	46.7622
HAP2_chr05	HAP2_chr17	13	4709122	10709499	8240648	0.330673	0.571450	0.053782	False	1281.9119
HAP2_chr05	HAP2_chr17	15	2449982	17601194	12197774	0.089582	0.200855	0.120350	False	3241.8621
HAP2_chr05	HAP2_chr17	17	1327750	19429478	13269618	0.042324	0.100059	0.147689	False	7490.6822
HAP2_chr05	HAP2_chr17	19	1056583	20016096	13709289	0.032342	0.077071	0.145793	False	23601.5185
HAP2_chr05	HAP2_chr17	23	867226	20608717	14252006	0.025512	0.060849	0.130464	False	300150.8211
HAP2_chr05	HAP2_chr07	11	1683523	1927047	1758901	0.840742	0.957145	0.008227	False	52.9301
HAP2_chr05	HAP2_chr07	13	4255071	10709499	7240106	0.310713	0.587708	0.057408	False	1279.0059
HAP2_chr05	HAP2_chr07	15	2214280	17601194	10421927	0.085795	0.212464	0.122997	False	3203.5739
HAP2_chr05	HAP2_chr07	17	1233125	19429478	11338838	0.041751	0.108752	0.148458	False	7539.7899
HAP2_chr05	HAP2_chr07	19	989075	20016096	11754937	0.032132	0.084141	0.146126	False	23863.3797
HAP2_chr05	HAP2_chr07	23	811977	20608717	12293816	0.025303	0.066048	0.130812	False	302583.9907
HAP2_chr05	HAP2_chr19	11	1632328	1927047	1700238	0.818227	0.960059	0.009575	False	56.0034
HAP2_chr05	HAP2_chr19	13	3802590	10709499	6349723	0.286844	0.598859	0.062143	False	1247.5175
HAP2_chr05	HAP2_chr19	15	1912433	17601194	8710089	0.078382	0.219565	0.128565	False	3044.4348
HAP2_chr05	HAP2_chr19	17	1070465	19429478	9328904	0.038662	0.114747	0.152805	False	7223.9584
HAP2_chr05	HAP2_chr19	19	859219	20016096	9592131	0.029887	0.089575	0.149823	False	22951.1727
HAP2_chr05	HAP2_chr19	23	701683	20608717	9920765	0.023524	0.070729	0.133905	False	291081.2302
HAP2_chr05	HAP2_chr20	11	1638839	1927047	1707604	0.821139	0.959730	0.009398	False	55.6769
HAP2_chr05	HAP2_chr20	13	3849781	10709499	6447496	0.289300	0.597097	0.061634	False	1249.1655
HAP2_chr05	HAP2_chr20	15	1929924	17601194	8910664	0.078510	0.216586	0.128464	False	3030.1701
HAP2_chr05	HAP2_chr20	17	1067095	19429478	9575366	0.038195	0.111442	0.153493	False	7103.6960
HAP2_chr05	HAP2_chr20	19	855937	20016096	9867294	0.029487	0.086745	0.150511	False	22541.2630
HAP2_chr05	HAP2_chr20	23	702356	20608717	10242168	0.023297	0.068575	0.134319	False	286752.4019
HAP2_chr05	HAP2_chr22	11	1606325	1927047	1670517	0.806696	0.961574	0.010287	False	57.5545
HAP2_chr05	HAP2_chr22	13	3651740	10709499	6040646	0.278793	0.604528	0.063850	False	1241.4389
HAP2_chr05	HAP2_chr22	15	1834249	17601194	8216329	0.076480	0.223244	0.130085	False	3015.1268
HAP2_chr05	HAP2_chr22	17	1026696	19429478	8800212	0.037742	0.116667	0.154169	False	7136.0367
HAP2_chr05	HAP2_chr22	19	824753	20016096	9060039	0.029193	0.091032	0.151023	False	22668.8112
HAP2_chr05	HAP2_chr22	23	673354	20608717	9392238	0.022960	0.071693	0.134938	False	287081.2154
HAP2_chr05	HAP2_chr21	11	1667246	1927047	1740450	0.833518	0.957940	0.008654	False	53.7456
HAP2_chr05	HAP2_chr21	13	4089804	10709499	6927352	0.301896	0.590385	0.059104	False	1263.5453
HAP2_chr05	HAP2_chr21	15	2062783	17601194	9749738	0.081571	0.211573	0.126103	False	3083.1856
HAP2_chr05	HAP2_chr21	17	1123674	19429478	10481481	0.039034	0.107206	0.152263	False	7143.8499
HAP2_chr05	HAP2_chr21	19	894070	20016096	10776712	0.029903	0.082963	0.149795	False	22528.4116
HAP2_chr05	HAP2_chr21	23	729221	20608717	11129001	0.023517	0.065524	0.133919	False	285612.1106
HAP2_chr05	HAP2_chr23	11	1667646	1927047	1740516	0.833858	0.958133	0.008633	False	54.0129
HAP2_chr05	HAP2_chr23	13	4086390	10709499	6913236	0.301883	0.591097	0.059106	False	1265.5694
HAP2_chr05	HAP2_chr23	15	2072693	17601194	9735989	0.082040	0.212890	0.125750	False	3103.7004
HAP2_chr05	HAP2_chr23	17	1140991	19429478	10491711	0.039645	0.108752	0.151384	False	7252.6283
HAP2_chr05	HAP2_chr23	19	911914	20016096	10813251	0.030481	0.084333	0.148817	False	22939.8373
HAP2_chr05	HAP2_chr23	23	746960	20608717	11210512	0.024039	0.066630	0.132986	False	291494.4087
HAP2_chr05	HAP2_chr24	11	1672234	1927047	1746750	0.835464	0.957340	0.008538	False	53.0163
HAP2_chr05	HAP2_chr24	13	4090804	10709499	6932666	0.301874	0.590077	0.059108	False	1262.5931
HAP2_chr05	HAP2_chr24	15	2066547	17601194	9710842	0.081858	0.212808	0.125887	False	3098.2851
HAP2_chr05	HAP2_chr24	17	1138832	19429478	10421673	0.039664	0.109275	0.151357	False	7263.9276
HAP2_chr05	HAP2_chr24	19	906963	20016096	10707211	0.030418	0.084706	0.148923	False	22928.1645
HAP2_chr05	HAP2_chr24	23	732788	20608717	11048947	0.023696	0.066322	0.133597	False	288047.0904
HAP2_chr05	HAP2_chr25	11	1590752	1927047	1652327	0.799927	0.962734	0.010712	False	58.7969
HAP2_chr05	HAP2_chr25	13	3543004	10709499	5856933	0.272048	0.604925	0.065327	False	1224.1148
HAP2_chr05	HAP2_chr25	15	1715493	17601194	7847891	0.072281	0.218593	0.133589	False	2874.7824
HAP2_chr05	HAP2_chr25	17	936807	19429478	8334301	0.034920	0.112404	0.158580	False	6685.7712
HAP2_chr05	HAP2_chr25	19	747601	20016096	8530821	0.026893	0.087635	0.155226	False	21174.7046
HAP2_chr05	HAP2_chr25	23	607620	20608717	8768493	0.021120	0.069296	0.138490	False	268111.4332
HAP2_chr05	HAP2_chr26	11	1624887	1927047	1692364	0.814674	0.960129	0.009793	False	55.9686
HAP2_chr05	HAP2_chr26	13	3697949	10709499	6190440	0.280105	0.597364	0.063568	False	1225.1883
HAP2_chr05	HAP2_chr26	15	1808244	17601194	8368839	0.074839	0.216069	0.131429	False	2928.3353
HAP2_chr05	HAP2_chr26	17	997259	19429478	8904372	0.036481	0.111997	0.156097	False	6885.0938
HAP2_chr05	HAP2_chr26	19	800511	20016096	9117717	0.028253	0.087797	0.152698	False	21931.5075
HAP2_chr05	HAP2_chr26	23	655212	20608717	9371550	0.022343	0.069915	0.136095	False	279654.5667
HAP2_chr10	HAP2_chr14	11	1754838	1895187	1872511	0.871813	0.937158	0.006449	False	48.1675
HAP2_chr10	HAP2_chr14	13	4873188	9712491	9287321	0.344965	0.524714	0.051349	False	1332.6056
HAP2_chr10	HAP2_chr14	15	2652802	15325642	14504228	0.097612	0.182899	0.115116	False	3479.2530
HAP2_chr10	HAP2_chr14	17	1502030	16850568	15955961	0.047981	0.094136	0.140627	False	8313.0244
HAP2_chr10	HAP2_chr14	19	1216219	17412284	16521915	0.037173	0.073612	0.138712	False	26537.5333
HAP2_chr10	HAP2_chr14	23	1009476	18052398	17192812	0.029486	0.058715	0.124337	False	339880.4609
HAP2_chr10	HAP2_chr15	11	1699940	1895187	1801610	0.851308	0.943567	0.007612	False	56.2966
HAP2_chr10	HAP2_chr15	13	4330619	9712491	7922995	0.325491	0.546589	0.054697	False	1345.2827
HAP2_chr10	HAP2_chr15	15	2360392	15325642	11716993	0.095631	0.201450	0.116363	False	3502.9904
HAP2_chr10	HAP2_chr15	17	1404363	16850568	12776868	0.049759	0.109914	0.138586	False	8712.3216
HAP2_chr10	HAP2_chr15	19	1151196	17412284	13220548	0.039048	0.087076	0.136217	False	28087.8992
HAP2_chr10	HAP2_chr15	23	946567	18052398	13763461	0.030664	0.068774	0.122684	False	356198.2192
HAP2_chr10	HAP2_chr18	11	1659205	1895187	1754152	0.833715	0.945873	0.008642	False	58.7628
HAP2_chr10	HAP2_chr18	13	3848032	9712491	6943926	0.300431	0.554158	0.059391	False	1296.4965
HAP2_chr10	HAP2_chr18	15	2011664	15325642	9721359	0.087329	0.206932	0.121910	False	3291.9272
HAP2_chr10	HAP2_chr18	17	1216551	16850568	10474208	0.046596	0.116147	0.142272	False	8343.7203
HAP2_chr10	HAP2_chr18	19	1011759	17412284	10808975	0.037184	0.093604	0.138697	False	27303.8356
HAP2_chr10	HAP2_chr18	23	846284	18052398	11244443	0.029746	0.075262	0.123967	False	352331.6424
HAP2_chr10	HAP2_chr16	11	1756085	1895187	1875396	0.871723	0.936381	0.006454	False	47.0856
HAP2_chr10	HAP2_chr16	13	4800720	9712491	9231562	0.339433	0.520033	0.052275	False	1302.1653
HAP2_chr10	HAP2_chr16	15	2484372	15325642	14170650	0.091973	0.175318	0.118740	False	3270.1180
HAP2_chr10	HAP2_chr16	17	1342217	16850568	15390938	0.043438	0.087208	0.146223	False	7550.8748
HAP2_chr10	HAP2_chr16	19	1065851	17412284	15784249	0.033172	0.067526	0.144501	False	23790.0857
HAP2_chr10	HAP2_chr16	23	870372	18052398	16190750	0.026080	0.053757	0.129529	False	301977.6042
HAP2_chr10	HAP2_chr17	11	1721674	1895187	1830609	0.859066	0.940492	0.007167	False	52.3719
HAP2_chr10	HAP2_chr17	13	4426283	9712491	8240648	0.327222	0.537128	0.054389	False	1321.5068
HAP2_chr10	HAP2_chr17	15	2368137	15325642	12197774	0.094141	0.194145	0.117319	False	3423.1271
HAP2_chr10	HAP2_chr17	17	1393069	16850568	13269618	0.048493	0.104982	0.140032	False	8473.0385
HAP2_chr10	HAP2_chr17	19	1150162	17412284	13709289	0.038375	0.083897	0.137097	False	27556.3873
HAP2_chr10	HAP2_chr17	23	964824	18052398	14252006	0.030786	0.067697	0.122516	False	356791.3039
HAP2_chr10	HAP2_chr07	11	1664477	1895187	1758901	0.836584	0.946316	0.008472	False	59.4610
HAP2_chr10	HAP2_chr07	13	4010740	9712491	7240106	0.309905	0.553962	0.057561	False	1322.8750
HAP2_chr10	HAP2_chr07	15	2138776	15325642	10421927	0.090592	0.205219	0.119664	False	3375.7392
HAP2_chr10	HAP2_chr07	17	1277186	16850568	11338838	0.047457	0.112638	0.141244	False	8414.4820
HAP2_chr10	HAP2_chr07	19	1056007	17412284	11754937	0.037565	0.089835	0.138179	False	27325.6683
HAP2_chr10	HAP2_chr07	23	882217	18052398	12293816	0.029942	0.071761	0.123689	False	351266.2426
HAP2_chr10	HAP2_chr19	11	1615120	1895187	1700238	0.815592	0.949938	0.009737	False	63.4279
HAP2_chr10	HAP2_chr19	13	3590087	9712491	6349723	0.287849	0.565393	0.061934	False	1292.4043
HAP2_chr10	HAP2_chr19	15	1853560	15325642	8710089	0.083561	0.212806	0.124619	False	3218.6046
HAP2_chr10	HAP2_chr19	17	1115151	16850568	9328904	0.044492	0.119537	0.144873	False	8108.1152
HAP2_chr10	HAP2_chr19	19	925190	17412284	9592131	0.035476	0.096453	0.141085	False	26505.1098
HAP2_chr10	HAP2_chr19	23	771223	18052398	9920765	0.028352	0.077738	0.125995	False	341831.4191
HAP2_chr10	HAP2_chr20	11	1620871	1895187	1707604	0.817829	0.949208	0.009600	False	62.5620
HAP2_chr10	HAP2_chr20	13	3624848	9712491	6447496	0.289175	0.562210	0.061660	False	1287.2964
HAP2_chr10	HAP2_chr20	15	1854545	15325642	8910664	0.082860	0.208126	0.125138	False	3172.7742
HAP2_chr10	HAP2_chr20	17	1095703	16850568	9575366	0.043257	0.114429	0.146459	False	7857.6584
HAP2_chr10	HAP2_chr20	19	903012	17412284	9867294	0.034235	0.091516	0.142895	False	25504.6811
HAP2_chr10	HAP2_chr20	23	753799	18052398	10242168	0.027370	0.073598	0.127485	False	328824.3984
HAP2_chr10	HAP2_chr22	11	1589145	1895187	1670517	0.803996	0.951289	0.010456	False	64.7089
HAP2_chr10	HAP2_chr22	13	3439437	9712491	6040646	0.279318	0.569382	0.063737	False	1278.7832
HAP2_chr10	HAP2_chr22	15	1745969	15325642	8216329	0.080105	0.212500	0.127222	False	3120.8503
HAP2_chr10	HAP2_chr22	17	1035060	16850568	8800212	0.042049	0.117618	0.148057	False	7746.4412
HAP2_chr10	HAP2_chr22	19	853404	17412284	9060039	0.033311	0.094194	0.144288	False	25155.4547
HAP2_chr10	HAP2_chr22	23	708459	18052398	9392238	0.026498	0.075430	0.128856	False	322726.5354
HAP2_chr10	HAP2_chr21	11	1648486	1895187	1740450	0.829573	0.947161	0.008889	False	60.3200
HAP2_chr10	HAP2_chr21	13	3844732	9712491	6927352	0.300484	0.555007	0.059381	False	1299.1040
HAP2_chr10	HAP2_chr21	15	1962391	15325642	9749738	0.084904	0.201276	0.123638	False	3192.1991
HAP2_chr10	HAP2_chr21	17	1137619	16850568	10481481	0.043430	0.108536	0.146234	False	7790.2608
HAP2_chr10	HAP2_chr21	19	930631	17412284	10776712	0.034141	0.086356	0.143036	False	25149.1790
HAP2_chr10	HAP2_chr21	23	772904	18052398	11129001	0.027207	0.069450	0.127738	False	323445.9431
HAP2_chr10	HAP2_chr23	11	1648824	1895187	1740516	0.829856	0.947319	0.008872	False	60.5408
HAP2_chr10	HAP2_chr23	13	3844908	9712491	6913236	0.300834	0.556166	0.059312	False	1303.4425
HAP2_chr10	HAP2_chr23	15	1979225	15325642	9735989	0.085746	0.203290	0.123032	False	3227.1285
HAP2_chr10	HAP2_chr23	17	1161100	16850568	10491711	0.044349	0.110668	0.145054	False	7949.9965
HAP2_chr10	HAP2_chr23	19	953688	17412284	10813251	0.034970	0.088196	0.141816	False	25729.4751
HAP2_chr10	HAP2_chr23	23	791806	18052398	11210512	0.027811	0.070631	0.126809	False	330149.2858
HAP2_chr10	HAP2_chr24	11	1653492	1895187	1746750	0.831550	0.946611	0.008771	False	59.6641
HAP2_chr10	HAP2_chr24	13	3853939	9712491	6932666	0.301296	0.555910	0.059221	False	1304.0197
HAP2_chr10	HAP2_chr24	15	1992522	15325642	9710842	0.086466	0.205185	0.122519	False	3257.9229
HAP2_chr10	HAP2_chr24	17	1180409	16850568	10421673	0.045241	0.113265	0.143933	False	8112.6714
HAP2_chr10	HAP2_chr24	19	972137	17412284	10707211	0.035810	0.090793	0.140609	False	26357.8456
HAP2_chr10	HAP2_chr24	23	803203	18052398	11048947	0.028384	0.072695	0.125947	False	337341.1057
HAP2_chr10	HAP2_chr25	11	1574507	1895187	1652327	0.798024	0.952903	0.010833	False	66.5374
HAP2_chr10	HAP2_chr25	13	3339805	9712491	5856933	0.273092	0.570231	0.065096	False	1263.0052
HAP2_chr10	HAP2_chr25	15	1648806	15325642	7847891	0.076601	0.210095	0.129987	False	3010.2073
HAP2_chr10	HAP2_chr25	17	966414	16850568	8334301	0.039904	0.115956	0.151015	False	7430.2998
HAP2_chr10	HAP2_chr25	19	795662	17412284	8530821	0.031640	0.093269	0.146913	False	24169.6261
HAP2_chr10	HAP2_chr25	23	660694	18052398	8768493	0.025256	0.075349	0.130891	False	311488.7589
HAP2_chr10	HAP2_chr26	11	1607544	1895187	1692364	0.811888	0.949881	0.009965	False	63.2031
HAP2_chr10	HAP2_chr26	13	3482980	9712491	6190440	0.280434	0.562639	0.063498	False	1263.3545
HAP2_chr10	HAP2_chr26	15	1735776	15325642	8368839	0.079047	0.207409	0.128043	False	3062.5216
HAP2_chr10	HAP2_chr26	17	1023465	16850568	8904372	0.041383	0.114940	0.148958	False	7611.7227
HAP2_chr10	HAP2_chr26	19	846419	17412284	9117717	0.032956	0.092832	0.144835	False	24870.0294
HAP2_chr10	HAP2_chr26	23	705201	18052398	9371550	0.026393	0.075249	0.129024	False	321596.7843
HAP2_chr14	HAP2_chr15	11	1686239	1872511	1801610	0.848259	0.935962	0.007788	False	61.1932
HAP2_chr14	HAP2_chr15	13	4212751	9287321	7922995	0.324118	0.531712	0.054942	False	1363.9306
HAP2_chr14	HAP2_chr15	15	2294672	14504228	11716993	0.095905	0.195841	0.116189	False	3515.8703
HAP2_chr14	HAP2_chr15	17	1375639	15955961	12776868	0.050284	0.107666	0.137999	False	8775.4147
HAP2_chr14	HAP2_chr15	19	1134838	16521915	13220548	0.039669	0.085839	0.135418	False	28426.6209
HAP2_chr14	HAP2_chr15	23	943389	17192812	13763461	0.031433	0.068543	0.121639	False	363768.7007
HAP2_chr14	HAP2_chr18	11	1646378	1872511	1754152	0.831384	0.938561	0.008781	False	64.0238
HAP2_chr14	HAP2_chr18	13	3750541	9287321	6943926	0.300507	0.540118	0.059376	False	1318.9855
HAP2_chr14	HAP2_chr18	15	1964979	14504228	9721359	0.088272	0.202130	0.121252	False	3321.7856
HAP2_chr14	HAP2_chr18	17	1198980	15955961	10474208	0.047520	0.114470	0.141170	False	8456.2851
HAP2_chr14	HAP2_chr18	19	1000591	16521915	10808975	0.038002	0.092570	0.137594	False	27722.0102
HAP2_chr14	HAP2_chr18	23	838595	17192812	11244443	0.030385	0.074579	0.123069	False	357751.8554
HAP2_chr14	HAP2_chr16	11	1739572	1872511	1875396	0.866176	0.929005	0.006765	False	50.2795
HAP2_chr14	HAP2_chr16	13	4641934	9287321	9231562	0.334507	0.502833	0.053116	False	1305.4806
HAP2_chr14	HAP2_chr16	15	2369884	14504228	14170650	0.090093	0.167239	0.120002	False	3211.4470
HAP2_chr14	HAP2_chr16	17	1268302	15955961	15390938	0.042166	0.082406	0.147899	False	7331.9935
HAP2_chr14	HAP2_chr16	19	1005535	16521915	15784249	0.032125	0.063705	0.146136	False	23040.3812
HAP2_chr14	HAP2_chr16	23	822460	17192812	16190750	0.025259	0.050798	0.130886	False	292400.8088
HAP2_chr14	HAP2_chr17	11	1707025	1872511	1830609	0.855182	0.932490	0.007389	False	56.7123
HAP2_chr14	HAP2_chr17	13	4316288	9287321	8240648	0.326702	0.523780	0.054481	False	1347.7244
HAP2_chr14	HAP2_chr17	15	2345504	14504228	12197774	0.096299	0.192290	0.115939	False	3511.8064
HAP2_chr14	HAP2_chr17	17	1413001	15955961	13269618	0.050804	0.106484	0.137422	False	8843.0883
HAP2_chr14	HAP2_chr17	19	1169477	16521915	13709289	0.040241	0.085305	0.134693	False	28767.1280
HAP2_chr14	HAP2_chr17	23	970858	17192812	14252006	0.031859	0.068121	0.121072	False	367888.3586
HAP2_chr14	HAP2_chr07	11	1651268	1872511	1758901	0.833913	0.938807	0.008630	False	64.4558
HAP2_chr14	HAP2_chr07	13	3917887	9287321	7240106	0.310708	0.541137	0.057409	False	1352.0301
HAP2_chr14	HAP2_chr07	15	2123193	14504228	10421927	0.093110	0.203724	0.117990	False	3470.6948
HAP2_chr14	HAP2_chr07	17	1296508	15955961	11338838	0.049869	0.114342	0.138463	False	8788.4283
HAP2_chr14	HAP2_chr07	19	1073039	16521915	11754937	0.039444	0.091284	0.135705	False	28507.4111
HAP2_chr14	HAP2_chr07	23	883866	17192812	12293816	0.030901	0.071895	0.122358	False	360613.1564
HAP2_chr14	HAP2_chr19	11	1602959	1872511	1700238	0.813772	0.942785	0.009849	False	68.8617
HAP2_chr14	HAP2_chr19	13	3495069	9287321	6349723	0.287850	0.550429	0.061934	False	1310.6731
HAP2_chr14	HAP2_chr19	15	1795597	14504228	8710089	0.083833	0.206151	0.124419	False	3216.4720
HAP2_chr14	HAP2_chr19	17	1086147	15955961	9328904	0.044884	0.116428	0.144378	False	8119.3647
HAP2_chr14	HAP2_chr19	19	905879	16521915	9592131	0.035936	0.094440	0.140430	False	26643.0661
HAP2_chr14	HAP2_chr19	23	762285	17192812	9920765	0.028928	0.076837	0.125144	False	346213.0837
HAP2_chr14	HAP2_chr20	11	1608587	1872511	1707604	0.815909	0.942014	0.009717	False	67.9445
HAP2_chr14	HAP2_chr20	13	3554663	9287321	6447496	0.291841	0.551325	0.061113	False	1325.0499
HAP2_chr14	HAP2_chr20	15	1871096	14504228	8910664	0.086851	0.209984	0.122247	False	3322.8981
HAP2_chr14	HAP2_chr20	17	1149175	15955961	9575366	0.047132	0.120014	0.141630	False	8483.3531
HAP2_chr14	HAP2_chr20	19	957446	16521915	9867294	0.037648	0.097032	0.138068	False	27765.2510
HAP2_chr14	HAP2_chr20	23	798980	17192812	10242168	0.029996	0.078009	0.123613	False	357140.1572
HAP2_chr14	HAP2_chr22	11	1578311	1872511	1670517	0.803327	0.944804	0.010498	False	71.0186
HAP2_chr14	HAP2_chr22	13	3374870	9287321	6040646	0.282343	0.558694	0.063090	False	1316.9874
HAP2_chr14	HAP2_chr22	15	1764624	14504228	8216329	0.084206	0.214770	0.124146	False	3274.2818
HAP2_chr14	HAP2_chr22	17	1087081	15955961	8800212	0.045928	0.123529	0.143084	False	8374.6883
HAP2_chr14	HAP2_chr22	19	905657	16521915	9060039	0.036701	0.099962	0.139360	False	27409.4834
HAP2_chr14	HAP2_chr22	23	749557	17192812	9392238	0.029013	0.079806	0.125021	False	349879.8292
HAP2_chr14	HAP2_chr21	11	1635992	1872511	1740450	0.827525	0.939982	0.009012	False	65.7580
HAP2_chr14	HAP2_chr21	13	3760535	9287321	6927352	0.301951	0.542853	0.059093	False	1331.0928
HAP2_chr14	HAP2_chr21	15	1963981	14504228	9749738	0.088110	0.201439	0.121364	False	3313.5092
HAP2_chr14	HAP2_chr21	17	1171531	15955961	10481481	0.046368	0.111772	0.142548	False	8256.5339
HAP2_chr14	HAP2_chr21	19	962157	16521915	10776712	0.036533	0.089281	0.139593	False	26695.7657
HAP2_chr14	HAP2_chr21	23	789266	17192812	11129001	0.028667	0.070920	0.125528	False	338449.4065
HAP2_chr14	HAP2_chr23	11	1636606	1872511	1740516	0.828065	0.940299	0.008979	False	66.2020
HAP2_chr14	HAP2_chr23	13	3763129	9287321	6913236	0.302565	0.544337	0.058973	False	1337.1508
HAP2_chr14	HAP2_chr23	15	1991632	14504228	9735989	0.089517	0.204564	0.120394	False	3370.4871
HAP2_chr14	HAP2_chr23	17	1206128	15955961	10491711	0.047783	0.114960	0.140859	False	8500.1985
HAP2_chr14	HAP2_chr23	19	996671	16521915	10813251	0.037841	0.092171	0.137808	False	27607.7884
HAP2_chr14	HAP2_chr23	23	819727	17192812	11210512	0.029718	0.073121	0.124006	False	350231.3830
HAP2_chr14	HAP2_chr24	11	1640423	1872511	1746750	0.828983	0.939129	0.008924	False	64.6831
HAP2_chr14	HAP2_chr24	13	3742477	9287321	6932666	0.299938	0.539832	0.059488	False	1316.4846
HAP2_chr14	HAP2_chr24	15	1919749	14504228	9710842	0.086105	0.197691	0.122776	False	3235.8335
HAP2_chr14	HAP2_chr24	17	1137774	15955961	10421673	0.045078	0.109174	0.144135	False	8038.3687
HAP2_chr14	HAP2_chr24	19	938559	16521915	10707211	0.035699	0.087657	0.140766	False	26124.7489
HAP2_chr14	HAP2_chr24	23	780885	17192812	11048947	0.028436	0.070675	0.125869	False	336066.3878
HAP2_chr14	HAP2_chr25	11	1562960	1872511	1652327	0.796665	0.945914	0.010919	False	72.1416
HAP2_chr14	HAP2_chr25	13	3251386	9287321	5856933	0.273390	0.555135	0.065030	False	1280.4345
HAP2_chr14	HAP2_chr25	15	1603047	14504228	7847891	0.077259	0.204265	0.129458	False	3020.9711
HAP2_chr14	HAP2_chr25	17	947632	15955961	8334301	0.040597	0.113703	0.150042	False	7491.7809
HAP2_chr14	HAP2_chr25	19	784468	16521915	8530821	0.032325	0.091957	0.145820	False	24464.5050
HAP2_chr14	HAP2_chr25	23	655620	17192812	8768493	0.025908	0.074770	0.129810	False	316729.3581
HAP2_chr14	HAP2_chr26	11	1595523	1872511	1692364	0.810177	0.942778	0.010071	False	68.6919
HAP2_chr14	HAP2_chr26	13	3392086	9287321	6190440	0.280670	0.547956	0.063447	False	1282.4340
HAP2_chr14	HAP2_chr26	15	1691196	14504228	8368839	0.079842	0.202083	0.127425	False	3081.2202
HAP2_chr14	HAP2_chr26	17	1006523	15955961	8904372	0.042195	0.113037	0.147860	False	7697.6741
HAP2_chr14	HAP2_chr26	19	834850	16521915	9117717	0.033657	0.091563	0.143763	False	25183.7019
HAP2_chr14	HAP2_chr26	23	698919	17192812	9371550	0.027021	0.074579	0.128028	False	326602.6719
HAP2_chr15	HAP2_chr18	11	1601816	1801610	1754152	0.819785	0.913157	0.009480	False	77.2811
HAP2_chr15	HAP2_chr18	13	3376578	7922995	6943926	0.293862	0.486264	0.060702	False	1356.4873
HAP2_chr15	HAP2_chr18	15	1782478	11716993	9721359	0.090684	0.183357	0.119602	False	3409.1778
HAP2_chr15	HAP2_chr18	17	1134775	12776868	10474208	0.051309	0.108340	0.136869	False	8966.6053
HAP2_chr15	HAP2_chr18	19	955879	13220548	10808975	0.041427	0.088434	0.133224	False	29612.0315
HAP2_chr15	HAP2_chr18	23	798627	13763461	11244443	0.032988	0.071024	0.119605	False	380788.3889
HAP2_chr15	HAP2_chr16	11	1686264	1801610	1875396	0.847053	0.935976	0.007858	False	59.2132
HAP2_chr15	HAP2_chr16	13	4130625	7922995	9231562	0.317157	0.521346	0.056207	False	1321.3357
HAP2_chr15	HAP2_chr16	15	2115416	11716993	14170650	0.088987	0.180543	0.120758	False	3247.7689
HAP2_chr15	HAP2_chr16	17	1199029	12776868	15390938	0.044460	0.093844	0.144913	False	7773.3421
HAP2_chr15	HAP2_chr16	19	965536	13220548	15784249	0.034435	0.073033	0.142599	False	24740.2012
HAP2_chr15	HAP2_chr16	23	785908	13763461	16190750	0.026944	0.057101	0.128149	False	312281.1718
HAP2_chr15	HAP2_chr17	11	1656622	1801610	1830609	0.838542	0.919523	0.008356	False	66.9771
HAP2_chr15	HAP2_chr17	13	3830365	7922995	8240648	0.310572	0.483449	0.057435	False	1351.0081
HAP2_chr15	HAP2_chr17	15	2025724	11716993	12197774	0.092545	0.172888	0.118361	False	3410.1926
HAP2_chr15	HAP2_chr17	17	1240169	12776868	13269618	0.049994	0.097064	0.138323	False	8686.9417
HAP2_chr15	HAP2_chr17	19	1035435	13220548	13709289	0.039987	0.078320	0.135014	False	28476.8599
HAP2_chr15	HAP2_chr17	23	867726	13763461	14252006	0.031963	0.063046	0.120934	False	367496.2367
HAP2_chr15	HAP2_chr07	11	1606157	1801610	1758901	0.821835	0.913159	0.009356	False	77.3892
HAP2_chr15	HAP2_chr07	13	3499814	7922995	7240106	0.300071	0.483393	0.059462	False	1369.2173
HAP2_chr15	HAP2_chr07	15	1868459	11716993	10421927	0.092176	0.179282	0.118605	False	3440.8254
HAP2_chr15	HAP2_chr07	17	1171570	12776868	11338838	0.051062	0.103324	0.137139	False	8891.3816
HAP2_chr15	HAP2_chr07	19	980329	13220548	11754937	0.040855	0.083397	0.133927	False	29119.9533
HAP2_chr15	HAP2_chr07	23	816890	13763461	12293816	0.032364	0.066447	0.120409	False	372502.1148
HAP2_chr15	HAP2_chr19	11	1561804	1801610	1700238	0.805035	0.918580	0.010391	False	83.7131
HAP2_chr15	HAP2_chr19	13	3150057	7922995	6349723	0.283211	0.496094	0.062906	False	1348.1270
HAP2_chr15	HAP2_chr19	15	1630022	11716993	8710089	0.086717	0.187142	0.122341	False	3302.6022
HAP2_chr15	HAP2_chr19	17	1030756	12776868	9328904	0.048909	0.110491	0.139553	False	8632.5103
HAP2_chr15	HAP2_chr19	19	865752	13220548	9592131	0.039448	0.090256	0.135701	False	28471.0210
HAP2_chr15	HAP2_chr19	23	721436	13763461	9920765	0.031418	0.072720	0.121660	False	366213.1769
HAP2_chr15	HAP2_chr20	11	1567080	1801610	1707604	0.806886	0.917707	0.010276	False	82.6638
HAP2_chr15	HAP2_chr20	13	3186328	7922995	6447496	0.284896	0.494196	0.062551	False	1348.5517
HAP2_chr15	HAP2_chr20	15	1645951	11716993	8910664	0.086712	0.184717	0.122344	False	3291.4152
HAP2_chr15	HAP2_chr20	17	1033551	12776868	9575366	0.048481	0.107939	0.140046	False	8541.0375
HAP2_chr15	HAP2_chr20	19	870078	13220548	9867294	0.039161	0.088178	0.136070	False	28210.7947
HAP2_chr15	HAP2_chr20	23	732729	13763461	10242168	0.031484	0.071540	0.121570	False	366063.2509
HAP2_chr15	HAP2_chr22	11	1537536	1801610	1670517	0.794760	0.920395	0.011040	False	85.5101
HAP2_chr15	HAP2_chr22	13	3011271	7922995	6040646	0.274942	0.498501	0.064688	False	1327.0861
HAP2_chr15	HAP2_chr22	15	1523395	11716993	8216329	0.082749	0.185411	0.125220	False	3174.0375
HAP2_chr15	HAP2_chr22	17	943801	12776868	8800212	0.045742	0.107248	0.143313	False	8134.8804
HAP2_chr15	HAP2_chr22	19	786651	13220548	9060039	0.036599	0.086826	0.139502	False	26617.4134
HAP2_chr15	HAP2_chr22	23	651305	13763461	9392238	0.028941	0.069345	0.125125	False	339788.3558
HAP2_chr15	HAP2_chr21	11	1591486	1801610	1740450	0.815906	0.914411	0.009718	False	78.7632
HAP2_chr15	HAP2_chr21	13	3354020	7922995	6927352	0.291747	0.484171	0.061132	False	1343.5311
HAP2_chr15	HAP2_chr21	15	1702712	11716993	9749738	0.086152	0.174642	0.122742	False	3229.9487
HAP2_chr15	HAP2_chr21	17	1031402	12776868	10481481	0.046403	0.098402	0.142506	False	8135.5060
HAP2_chr15	HAP2_chr21	19	854028	13220548	10776712	0.036902	0.079248	0.139083	False	26493.0334
HAP2_chr15	HAP2_chr21	23	707675	13763461	11129001	0.029261	0.063588	0.124660	False	339167.4493
HAP2_chr15	HAP2_chr23	11	1592140	1801610	1740516	0.816488	0.914752	0.009682	False	79.2502
HAP2_chr15	HAP2_chr23	13	3361180	7922995	6913236	0.292912	0.486195	0.060895	False	1353.1149
HAP2_chr15	HAP2_chr23	15	1733681	11716993	9735989	0.087918	0.178069	0.121498	False	3300.0632
HAP2_chr15	HAP2_chr23	17	1065125	12776868	10491711	0.047971	0.101521	0.140639	False	8401.3684
HAP2_chr15	HAP2_chr23	19	885161	13220548	10813251	0.038238	0.081859	0.137279	False	27413.4491
HAP2_chr15	HAP2_chr23	23	731040	13763461	11210512	0.030155	0.065210	0.123390	False	349089.5800
HAP2_chr15	HAP2_chr24	11	1595857	1801610	1746750	0.817339	0.913615	0.009630	False	77.7711
HAP2_chr15	HAP2_chr24	13	3365046	7922995	6932666	0.292852	0.485390	0.060907	False	1350.6532
HAP2_chr15	HAP2_chr24	15	1742487	11716993	9710842	0.088517	0.179437	0.121082	False	3324.6538
HAP2_chr15	HAP2_chr24	17	1084742	12776868	10421673	0.049053	0.104085	0.139388	False	8587.9484
HAP2_chr15	HAP2_chr24	19	906420	13220548	10707211	0.039373	0.084655	0.135797	False	28211.6007
HAP2_chr15	HAP2_chr24	23	751790	13763461	11048947	0.031246	0.068042	0.121891	False	361613.5344
HAP2_chr15	HAP2_chr25	11	1524426	1801610	1652327	0.790058	0.922593	0.011341	False	88.0917
HAP2_chr15	HAP2_chr25	13	2924145	7922995	5856933	0.269363	0.499262	0.065928	False	1310.5385
HAP2_chr15	HAP2_chr25	15	1428052	11716993	7847891	0.078738	0.181966	0.128285	False	3036.7419
HAP2_chr15	HAP2_chr25	17	869355	12776868	8334301	0.042948	0.104310	0.146862	False	7696.7585
HAP2_chr15	HAP2_chr25	19	722839	13220548	8530821	0.034374	0.084733	0.142689	False	25204.7877
HAP2_chr15	HAP2_chr25	23	598107	13763461	8768493	0.027269	0.068211	0.127642	False	322942.3409
HAP2_chr15	HAP2_chr26	11	1553094	1801610	1692364	0.800201	0.917707	0.010695	False	82.2940
HAP2_chr15	HAP2_chr26	13	3045862	7922995	6190440	0.275206	0.492027	0.064630	False	1310.2873
HAP2_chr15	HAP2_chr26	15	1510909	11716993	8368839	0.081341	0.180540	0.126277	False	3107.9794
HAP2_chr15	HAP2_chr26	17	931989	12776868	8904372	0.044917	0.104666	0.144337	False	7983.1777
HAP2_chr15	HAP2_chr26	19	779542	13220548	9117717	0.036159	0.085497	0.140116	False	26292.8559
HAP2_chr15	HAP2_chr26	23	648957	13763461	9371550	0.028860	0.069248	0.125243	False	338936.8811
HAP2_chr18	HAP2_chr16	11	1646134	1754152	1875396	0.829950	0.938422	0.008866	False	61.8530
HAP2_chr18	HAP2_chr16	13	3667671	6943926	9231562	0.293230	0.528184	0.060830	False	1271.3553
HAP2_chr18	HAP2_chr16	15	1785141	9721359	14170650	0.080751	0.183631	0.126727	False	3017.5557
HAP2_chr18	HAP2_chr16	17	1015753	10474208	15390938	0.040876	0.096977	0.149654	False	7277.6442
HAP2_chr18	HAP2_chr16	19	823462	10808975	15784249	0.031955	0.076183	0.146408	False	23336.6802
HAP2_chr18	HAP2_chr16	23	671274	11244443	16190750	0.025081	0.059698	0.131185	False	295099.8060
HAP2_chr18	HAP2_chr17	11	1618839	1754152	1830609	0.823450	0.922861	0.009258	False	70.8213
HAP2_chr18	HAP2_chr17	13	3426331	6943926	8240648	0.291398	0.493429	0.061203	False	1317.8464
HAP2_chr18	HAP2_chr17	15	1755077	9721359	12197774	0.087040	0.180538	0.122113	False	3264.4873
HAP2_chr18	HAP2_chr17	17	1096454	10474208	13269618	0.048414	0.104681	0.140123	False	8492.5649
HAP2_chr18	HAP2_chr17	19	925913	10808975	13709289	0.039246	0.085661	0.135960	False	28165.6237
HAP2_chr18	HAP2_chr17	23	782388	11244443	14252006	0.031658	0.069580	0.121339	False	366595.8827
HAP2_chr18	HAP2_chr07	11	1571256	1754152	1758901	0.809176	0.895735	0.010133	False	82.4709
HAP2_chr18	HAP2_chr07	13	3134896	6943926	7240106	0.283723	0.451459	0.062798	False	1337.0271
HAP2_chr18	HAP2_chr07	15	1605436	9721359	10421927	0.086603	0.165145	0.122422	False	3261.2338
HAP2_chr18	HAP2_chr07	17	1019672	10474208	11338838	0.049038	0.097351	0.139405	False	8554.2414
HAP2_chr18	HAP2_chr07	19	862831	10808975	11754937	0.039760	0.079825	0.135302	False	28347.3639
HAP2_chr18	HAP2_chr07	23	725692	11244443	12293816	0.031811	0.064538	0.121135	False	366110.8153
HAP2_chr18	HAP2_chr19	11	1528308	1754152	1700238	0.793480	0.898879	0.011122	False	89.0138
HAP2_chr18	HAP2_chr19	13	2815910	6943926	6349723	0.268752	0.443470	0.066066	False	1310.1655
HAP2_chr18	HAP2_chr19	15	1388643	9721359	8710089	0.081480	0.159429	0.126172	False	3099.5022
HAP2_chr18	HAP2_chr19	17	882068	10474208	9328904	0.046618	0.094552	0.142246	False	8163.6417
HAP2_chr18	HAP2_chr19	19	745652	10808975	9592131	0.037936	0.077736	0.137681	False	27120.7503
HAP2_chr18	HAP2_chr19	23	625161	11244443	9920765	0.030436	0.063015	0.122998	False	351093.6884
HAP2_chr18	HAP2_chr20	11	1533512	1754152	1707604	0.795289	0.898049	0.011006	False	88.0207
HAP2_chr18	HAP2_chr20	13	2860705	6943926	6447496	0.271653	0.443692	0.065415	False	1321.4567
HAP2_chr18	HAP2_chr20	15	1428190	9721359	8910664	0.083016	0.160279	0.125022	False	3153.8309
HAP2_chr18	HAP2_chr20	17	909245	10474208	9575366	0.047504	0.094957	0.141188	False	8306.6245
HAP2_chr18	HAP2_chr20	19	770942	10808975	9867294	0.038730	0.078131	0.136631	False	27646.9967
HAP2_chr18	HAP2_chr20	23	651041	11244443	10242168	0.031247	0.063565	0.121890	False	359845.5507
HAP2_chr18	HAP2_chr22	11	1506361	1754152	1670517	0.785255	0.901733	0.011651	False	92.2665
HAP2_chr18	HAP2_chr22	13	2708005	6943926	6040646	0.263513	0.448297	0.067262	False	1303.9629
HAP2_chr18	HAP2_chr22	15	1322106	9721359	8216329	0.079570	0.160912	0.127635	False	3041.9527
HAP2_chr18	HAP2_chr22	17	835198	10474208	8800212	0.045295	0.094907	0.143866	False	7959.0502
HAP2_chr18	HAP2_chr22	19	705382	10808975	9060039	0.036808	0.077856	0.139212	False	26398.7331
HAP2_chr18	HAP2_chr22	23	590838	11244443	9392238	0.029474	0.062907	0.124354	False	341026.0834
HAP2_chr18	HAP2_chr21	11	1556879	1754152	1740450	0.803458	0.894527	0.010490	False	83.7824
HAP2_chr18	HAP2_chr21	13	2993899	6943926	6927352	0.275241	0.432185	0.064623	False	1303.1719
HAP2_chr18	HAP2_chr21	15	1452116	9721359	9749738	0.080588	0.149374	0.126851	False	3035.8503
HAP2_chr18	HAP2_chr21	17	887625	10474208	10481481	0.044231	0.084744	0.145204	False	7738.4465
HAP2_chr18	HAP2_chr21	19	740347	10808975	10776712	0.035516	0.068699	0.141027	False	25401.3843
HAP2_chr18	HAP2_chr21	23	615803	11244443	11129001	0.028303	0.055333	0.126068	False	326525.5202
HAP2_chr18	HAP2_chr23	11	1576507	1754152	1740516	0.821885	0.905770	0.009353	False	100.0024
HAP2_chr18	HAP2_chr23	13	3542972	6943926	6913236	0.343505	0.512491	0.051591	False	1765.9959
HAP2_chr18	HAP2_chr23	15	2564747	9721359	9735989	0.151827	0.263826	0.088881	False	5688.5049
HAP2_chr18	HAP2_chr23	17	2002848	10474208	10491711	0.105618	0.191217	0.097364	False	17594.4711
HAP2_chr18	HAP2_chr23	19	1750221	10808975	10813251	0.088075	0.161923	0.095833	False	59988.2705
HAP2_chr18	HAP2_chr23	23	1429509	11244443	11210512	0.067989	0.127515	0.089610	False	755229.6126
HAP2_chr18	HAP2_chr24	11	1561209	1754152	1746750	0.804874	0.893779	0.010401	False	82.8538
HAP2_chr18	HAP2_chr24	13	3005626	6943926	6932666	0.276482	0.433545	0.064352	False	1311.5448
HAP2_chr18	HAP2_chr24	15	1485674	9721359	9710842	0.082783	0.152991	0.125194	False	3123.6312
HAP2_chr18	HAP2_chr24	17	926725	10474208	10421673	0.046408	0.088923	0.142500	False	8108.1169
HAP2_chr18	HAP2_chr24	19	775877	10808975	10707211	0.037409	0.072463	0.138391	False	26708.2699
HAP2_chr18	HAP2_chr24	23	641429	11244443	11048947	0.029625	0.058053	0.124139	False	341343.5367
HAP2_chr18	HAP2_chr25	11	1492941	1754152	1652327	0.780199	0.903538	0.011980	False	94.2997
HAP2_chr18	HAP2_chr25	13	2629565	6943926	5856933	0.258528	0.448966	0.068427	False	1287.5400
HAP2_chr18	HAP2_chr25	15	1247765	9721359	7847891	0.076449	0.158994	0.130110	False	2933.0298
HAP2_chr18	HAP2_chr25	17	778972	10474208	8334301	0.043205	0.093466	0.146526	False	7626.3807
HAP2_chr18	HAP2_chr25	19	654954	10808975	8530821	0.035053	0.076775	0.141695	False	25259.9766
HAP2_chr18	HAP2_chr25	23	545189	11244443	8768493	0.028005	0.062176	0.126515	False	325677.9093
HAP2_chr18	HAP2_chr26	11	1521300	1754152	1692364	0.790197	0.898920	0.011332	False	88.8661
HAP2_chr18	HAP2_chr26	13	2742120	6943926	6190440	0.263862	0.442960	0.067181	False	1290.8428
HAP2_chr18	HAP2_chr26	15	1324342	9721359	8368839	0.078990	0.158247	0.128087	False	3012.7575
HAP2_chr18	HAP2_chr26	17	835747	10474208	8904372	0.045071	0.093858	0.144144	False	7916.4121
HAP2_chr18	HAP2_chr26	19	706825	10808975	9117717	0.036776	0.077522	0.139257	False	26368.8202
HAP2_chr18	HAP2_chr26	23	592800	11244443	9371550	0.029606	0.063255	0.124166	False	342535.9956
HAP2_chr16	HAP2_chr17	11	1706846	1875396	1830609	0.853782	0.932392	0.007469	False	54.5605
HAP2_chr16	HAP2_chr17	13	4200749	9231562	8240648	0.316525	0.509760	0.056323	False	1284.1494
HAP2_chr16	HAP2_chr17	15	2074518	14170650	12197774	0.085393	0.170073	0.123286	False	3088.6765
HAP2_chr16	HAP2_chr17	17	1134530	15390938	13269618	0.041217	0.085498	0.149186	False	7203.6262
HAP2_chr16	HAP2_chr17	19	909562	15784249	13709289	0.031821	0.066346	0.146622	False	22883.1278
HAP2_chr16	HAP2_chr17	23	747097	16190750	14252006	0.025158	0.052420	0.131055	False	291726.9831
HAP2_chr16	HAP2_chr07	11	1651210	1875396	1758901	0.832646	0.938774	0.008705	False	62.4306
HAP2_chr16	HAP2_chr07	13	3808808	9231562	7240106	0.300786	0.526071	0.059321	False	1287.3448
HAP2_chr16	HAP2_chr07	15	1873163	14170650	10421927	0.082448	0.179733	0.125445	False	3046.9395
HAP2_chr16	HAP2_chr07	17	1041487	15390938	11338838	0.040543	0.091851	0.150117	False	7164.3447
HAP2_chr16	HAP2_chr07	19	837030	15784249	11754937	0.031347	0.071207	0.147387	False	22744.3124
HAP2_chr16	HAP2_chr07	23	685945	16190750	12293816	0.024676	0.055796	0.131877	False	288392.3776
HAP2_chr16	HAP2_chr19	11	1602701	1875396	1700238	0.812344	0.942633	0.009937	False	66.7026
HAP2_chr16	HAP2_chr19	13	3423469	9231562	6349723	0.281586	0.539152	0.063251	False	1268.4369
HAP2_chr16	HAP2_chr19	15	1653108	14170650	8710089	0.077875	0.189792	0.128966	False	2968.2233
HAP2_chr16	HAP2_chr19	17	944084	15390938	9328904	0.039708	0.101200	0.151294	False	7172.9806
HAP2_chr16	HAP2_chr19	19	767739	15784249	9592131	0.031198	0.080038	0.147630	False	23098.0545
HAP2_chr16	HAP2_chr19	23	630585	16190750	9920765	0.024747	0.063562	0.131754	False	295127.2625
HAP2_chr16	HAP2_chr20	11	1608365	1875396	1707604	0.814513	0.941884	0.009803	False	65.8116
HAP2_chr16	HAP2_chr20	13	3454315	9231562	6447496	0.282567	0.535761	0.063043	False	1261.7457
HAP2_chr16	HAP2_chr20	15	1644509	14170650	8910664	0.076714	0.184555	0.129896	False	2905.9790
HAP2_chr16	HAP2_chr20	17	917256	15390938	9575366	0.038141	0.095793	0.153573	False	6871.8738
HAP2_chr16	HAP2_chr20	19	739963	15784249	9867294	0.029704	0.074991	0.150137	False	21947.6648
HAP2_chr16	HAP2_chr20	23	608252	16190750	10242168	0.023553	0.059387	0.133853	False	280172.5944
HAP2_chr16	HAP2_chr22	11	1584259	1875396	1670517	0.807614	0.948364	0.010230	False	73.9502
HAP2_chr16	HAP2_chr22	13	3543497	9231562	6040646	0.302122	0.586609	0.059059	False	1459.5498
HAP2_chr16	HAP2_chr22	15	2155085	14170650	8216329	0.106519	0.262293	0.109833	False	4162.0116
HAP2_chr16	HAP2_chr22	17	1481996	15390938	8800212	0.065260	0.168405	0.123497	False	11676.6272
HAP2_chr16	HAP2_chr22	19	1255046	15784249	9060039	0.053204	0.138525	0.120648	False	38875.6232
HAP2_chr16	HAP2_chr22	23	1015715	16190750	9392238	0.041344	0.108144	0.110139	False	488570.1084
HAP2_chr16	HAP2_chr21	11	1635738	1875396	1740450	0.826085	0.939836	0.009099	False	63.5846
HAP2_chr16	HAP2_chr21	13	3661482	9231562	6927352	0.292979	0.528554	0.060881	False	1271.6952
HAP2_chr16	HAP2_chr21	15	1742369	14170650	9749738	0.078563	0.178709	0.128423	False	2927.3696
HAP2_chr16	HAP2_chr21	17	948970	15390938	10481481	0.038075	0.090538	0.153671	False	6787.7006
HAP2_chr16	HAP2_chr21	19	757733	15784249	10776712	0.029366	0.070312	0.150722	False	21503.3478
HAP2_chr16	HAP2_chr21	23	617534	16190750	11129001	0.023127	0.055489	0.134630	False	272879.3051
HAP2_chr16	HAP2_chr23	11	1636100	1875396	1740516	0.826392	0.940009	0.009080	False	63.8263
HAP2_chr16	HAP2_chr23	13	3659233	9231562	6913236	0.293077	0.529308	0.060861	False	1274.1782
HAP2_chr16	HAP2_chr23	15	1759510	14170650	9735989	0.079446	0.180722	0.127732	False	2963.9649
HAP2_chr16	HAP2_chr23	17	974717	15390938	10491711	0.039133	0.092904	0.152120	False	6972.0441
HAP2_chr16	HAP2_chr23	19	782673	15784249	10813251	0.030319	0.072381	0.149090	False	22174.5867
HAP2_chr16	HAP2_chr23	23	637744	16190750	11210512	0.023829	0.056888	0.133359	False	280783.4871
HAP2_chr16	HAP2_chr24	11	1640707	1875396	1746750	0.828038	0.939291	0.008981	False	62.9379
HAP2_chr16	HAP2_chr24	13	3670873	9231562	6932666	0.293826	0.529504	0.060710	False	1276.9490
HAP2_chr16	HAP2_chr24	15	1772076	14170650	9710842	0.080150	0.182484	0.127187	False	2993.9316
HAP2_chr16	HAP2_chr24	17	991431	15390938	10421673	0.039943	0.095132	0.150960	False	7118.6641
HAP2_chr16	HAP2_chr24	19	799142	15784249	10707211	0.031104	0.074636	0.147784	False	22754.1151
HAP2_chr16	HAP2_chr24	23	650235	16190750	11048947	0.024455	0.058850	0.132259	False	288368.5677
HAP2_chr16	HAP2_chr25	11	1563363	1875396	1652327	0.795864	0.946158	0.010970	False	70.5477
HAP2_chr16	HAP2_chr25	13	3187473	9231562	5856933	0.267832	0.544222	0.066274	False	1241.6138
HAP2_chr16	HAP2_chr25	15	1468358	14170650	7847891	0.071452	0.187102	0.134306	False	2771.1005
HAP2_chr16	HAP2_chr25	17	811259	15390938	8334301	0.035405	0.097340	0.157798	False	6516.5651
HAP2_chr16	HAP2_chr25	19	652796	15784249	8530821	0.027588	0.076522	0.153918	False	20824.4118
HAP2_chr16	HAP2_chr25	23	532887	16190750	8768493	0.021816	0.060773	0.137111	False	265283.8283
HAP2_chr16	HAP2_chr26	11	1595733	1875396	1692364	0.809184	0.942902	0.010133	False	66.9172
HAP2_chr16	HAP2_chr26	13	3330667	9231562	6190440	0.275459	0.538034	0.064575	False	1247.1207
HAP2_chr16	HAP2_chr26	15	1561356	14170650	8368839	0.074428	0.186568	0.131771	False	2852.0803
HAP2_chr16	HAP2_chr26	17	875268	15390938	8904372	0.037373	0.098296	0.154727	False	6803.1878
HAP2_chr16	HAP2_chr26	19	708595	15784249	9117717	0.029289	0.077716	0.150856	False	21865.3147
HAP2_chr16	HAP2_chr26	23	580617	16190750	9371550	0.023242	0.061955	0.134419	False	279590.3820
HAP2_chr17	HAP2_chr07	11	1623930	1830609	1758901	0.826184	0.923264	0.009093	False	71.4887
HAP2_chr17	HAP2_chr07	13	3577602	8240648	7240106	0.300559	0.494137	0.059366	False	1349.5032
HAP2_chr17	HAP2_chr07	15	1891437	12197774	10421927	0.091249	0.181486	0.119222	False	3400.3737
HAP2_chr17	HAP2_chr07	17	1180284	13269618	11338838	0.050379	0.104092	0.137893	False	8785.6618
HAP2_chr17	HAP2_chr07	19	987397	13709289	11754937	0.040340	0.083998	0.134569	False	28801.3651
HAP2_chr17	HAP2_chr07	23	819653	14252006	12293816	0.031861	0.066672	0.121070	False	367300.0132
HAP2_chr17	HAP2_chr19	11	1577044	1830609	1700238	0.807166	0.927543	0.010258	False	76.2585
HAP2_chr17	HAP2_chr19	13	3190277	8240648	6349723	0.279847	0.502428	0.063624	False	1305.9596
HAP2_chr17	HAP2_chr19	15	1593218	12197774	8710089	0.082488	0.182916	0.125415	False	3136.5941
HAP2_chr17	HAP2_chr19	17	981376	13269618	9328904	0.045398	0.105197	0.143737	False	8054.9173
HAP2_chr17	HAP2_chr19	19	824342	13709289	9592131	0.036675	0.085939	0.139397	False	26619.0751
HAP2_chr17	HAP2_chr19	23	694406	14252006	9920765	0.029576	0.069995	0.124208	False	346397.9191
HAP2_chr17	HAP2_chr20	11	1583055	1830609	1707604	0.809681	0.927062	0.010102	False	75.7508
HAP2_chr17	HAP2_chr20	13	3252560	8240648	6447496	0.284424	0.504469	0.062650	False	1326.4332
HAP2_chr17	HAP2_chr20	15	1675246	12197774	8910664	0.086205	0.188005	0.122704	False	3273.2697
HAP2_chr17	HAP2_chr20	17	1053270	13269618	9575366	0.048334	0.109998	0.140217	False	8538.5744
HAP2_chr17	HAP2_chr20	19	888456	13709289	9867294	0.039160	0.090040	0.136072	False	28288.0467
HAP2_chr17	HAP2_chr20	23	745877	14252006	10242168	0.031408	0.072824	0.121673	False	366189.3895
HAP2_chr17	HAP2_chr22	11	1553684	1830609	1670517	0.797808	0.930062	0.010846	False	79.0733
HAP2_chr17	HAP2_chr22	13	3091048	8240648	6040646	0.276227	0.511708	0.064407	False	1319.8050
HAP2_chr17	HAP2_chr22	15	1577297	12197774	8216329	0.083735	0.191971	0.124491	False	3218.5815
HAP2_chr17	HAP2_chr22	17	990615	13269618	8800212	0.046995	0.112567	0.141794	False	8379.5915
HAP2_chr17	HAP2_chr22	19	831555	13709289	9060039	0.037905	0.091783	0.137722	False	27631.2898
HAP2_chr17	HAP2_chr22	23	690765	14252006	9392238	0.030094	0.073546	0.123475	False	354144.3293
HAP2_chr17	HAP2_chr21	11	1608881	1830609	1740450	0.819947	0.924405	0.009471	False	72.7242
HAP2_chr17	HAP2_chr21	13	3429109	8240648	6927352	0.292115	0.495010	0.061057	False	1324.6725
HAP2_chr17	HAP2_chr21	15	1745414	12197774	9749738	0.086398	0.179022	0.122568	False	3237.8318
HAP2_chr17	HAP2_chr21	17	1066131	13269618	10481481	0.046997	0.101716	0.141791	False	8251.2283
HAP2_chr17	HAP2_chr21	19	887770	13709289	10776712	0.037620	0.082379	0.138105	False	27044.4775
HAP2_chr17	HAP2_chr21	23	736846	14252006	11129001	0.029899	0.066210	0.123749	False	347042.6786
HAP2_chr17	HAP2_chr23	11	1609071	1830609	1740516	0.820095	0.924479	0.009461	False	72.8302
HAP2_chr17	HAP2_chr23	13	3431686	8240648	6913236	0.292751	0.496394	0.060928	False	1330.6625
HAP2_chr17	HAP2_chr23	15	1760757	12197774	9735989	0.087283	0.180850	0.121942	False	3273.4037
HAP2_chr17	HAP2_chr23	17	1086136	13269618	10491711	0.047900	0.103523	0.140723	False	8404.2184
HAP2_chr17	HAP2_chr23	19	904825	13709289	10813251	0.038311	0.083677	0.137182	False	27517.9382
HAP2_chr17	HAP2_chr23	23	746740	14252006	11210512	0.030213	0.066611	0.123309	False	350421.6697
HAP2_chr17	HAP2_chr24	11	1613418	1830609	1746750	0.821521	0.923669	0.009375	False	71.8136
HAP2_chr17	HAP2_chr24	13	3421784	8240648	6932666	0.291178	0.493574	0.061248	False	1317.5508
HAP2_chr17	HAP2_chr24	15	1723501	12197774	9710842	0.085385	0.177482	0.123292	False	3199.5394
HAP2_chr17	HAP2_chr24	17	1052093	13269618	10421673	0.046472	0.100952	0.142422	False	8164.9612
HAP2_chr17	HAP2_chr24	19	880308	13709289	10707211	0.037402	0.082216	0.138400	False	26903.9904
HAP2_chr17	HAP2_chr24	23	738097	14252006	11048947	0.030049	0.066802	0.123538	False	348888.9910
HAP2_chr17	HAP2_chr25	11	1539645	1830609	1652327	0.792287	0.931804	0.011198	False	81.0387
HAP2_chr17	HAP2_chr25	13	2989393	8240648	5856933	0.269116	0.510402	0.065984	False	1293.2041
HAP2_chr17	HAP2_chr25	15	1458181	12197774	7847891	0.078450	0.185805	0.128512	False	3031.0007
HAP2_chr17	HAP2_chr25	17	888686	13269618	8334301	0.042900	0.106630	0.146926	False	7718.6556
HAP2_chr17	HAP2_chr25	19	742242	13709289	8530821	0.034526	0.087007	0.142465	False	25415.5427
HAP2_chr17	HAP2_chr25	23	617216	14252006	8768493	0.027550	0.070390	0.127208	False	327498.3384
HAP2_chr17	HAP2_chr26	11	1569999	1830609	1692364	0.803902	0.927696	0.010462	False	76.2944
HAP2_chr17	HAP2_chr26	13	3106245	8240648	6190440	0.274286	0.501781	0.064833	False	1286.2284
HAP2_chr17	HAP2_chr26	15	1520594	12197774	8368839	0.079838	0.181697	0.127428	False	3051.1359
HAP2_chr17	HAP2_chr26	17	932200	13269618	8904372	0.043885	0.104690	0.145646	False	7830.9970
HAP2_chr17	HAP2_chr26	19	783664	13709289	9117717	0.035551	0.085950	0.140977	False	25955.5351
HAP2_chr17	HAP2_chr26	23	660076	14252006	9371550	0.028745	0.070434	0.125413	False	338783.8004
HAP2_chr07	HAP2_chr19	11	1532573	1758901	1700238	0.795495	0.901387	0.010993	False	89.2409
HAP2_chr07	HAP2_chr19	13	2929814	7240106	6349723	0.274841	0.461408	0.064710	False	1332.5153
HAP2_chr07	HAP2_chr19	15	1472683	10421927	8710089	0.083394	0.169078	0.124742	False	3170.2527
HAP2_chr07	HAP2_chr19	17	927894	11338838	9328904	0.047006	0.099464	0.141780	False	8250.7134
HAP2_chr07	HAP2_chr19	19	781580	11754937	9592131	0.038004	0.081481	0.137590	False	27258.6629
HAP2_chr07	HAP2_chr19	23	655653	12293816	9920765	0.030412	0.066089	0.123032	False	352152.4575
HAP2_chr07	HAP2_chr20	11	1538002	1758901	1707604	0.797511	0.900678	0.010865	False	88.4224
HAP2_chr07	HAP2_chr20	13	2987198	7240106	6447496	0.279167	0.463311	0.063770	False	1353.1386
HAP2_chr07	HAP2_chr20	15	1556846	10421927	8910664	0.087583	0.174717	0.121732	False	3327.3684
HAP2_chr07	HAP2_chr20	17	1004163	11338838	9575366	0.050435	0.104869	0.137831	False	8819.3366
HAP2_chr07	HAP2_chr20	19	849026	11754937	9867294	0.040871	0.086044	0.133907	False	29196.7706
HAP2_chr07	HAP2_chr20	23	705900	12293816	10242168	0.032336	0.068921	0.120446	False	373144.1012
HAP2_chr07	HAP2_chr22	11	1511523	1758901	1670517	0.788116	0.904823	0.011466	False	93.3069
HAP2_chr07	HAP2_chr22	13	2835027	7240106	6040646	0.271405	0.469325	0.065471	False	1341.5696
HAP2_chr07	HAP2_chr22	15	1451839	10421927	8216329	0.084476	0.176702	0.123949	False	3235.9295
HAP2_chr07	HAP2_chr22	17	928947	11338838	8800212	0.048357	0.105560	0.140189	False	8511.1837
HAP2_chr07	HAP2_chr22	19	783093	11754937	9060039	0.039092	0.086434	0.136159	False	28103.6751
HAP2_chr07	HAP2_chr22	23	649630	12293816	9392238	0.030881	0.069167	0.122386	False	358600.4928
HAP2_chr07	HAP2_chr21	11	1561670	1758901	1740450	0.805948	0.897279	0.010334	False	84.3725
HAP2_chr07	HAP2_chr21	13	3132310	7240106	6927352	0.283848	0.452166	0.062772	False	1339.4355
HAP2_chr07	HAP2_chr21	15	1585330	10421927	9749738	0.085295	0.162602	0.123356	False	3209.0020
HAP2_chr07	HAP2_chr21	17	977868	11338838	10481481	0.046917	0.093295	0.141887	False	8195.7917
HAP2_chr07	HAP2_chr21	19	811158	11754937	10776712	0.037345	0.075270	0.138477	False	26687.8333
HAP2_chr07	HAP2_chr21	23	664387	12293816	11129001	0.029193	0.059699	0.124759	False	336916.3146
HAP2_chr07	HAP2_chr23	11	1563129	1758901	1740516	0.807281	0.898084	0.010251	False	85.5326
HAP2_chr07	HAP2_chr23	13	3148167	7240106	6913236	0.286062	0.455383	0.062306	False	1356.2794
HAP2_chr07	HAP2_chr23	15	1635046	10421927	9735989	0.088272	0.167938	0.121252	False	3326.2391
HAP2_chr07	HAP2_chr23	17	1035515	11338838	10491711	0.049796	0.098698	0.138545	False	8681.5315
HAP2_chr07	HAP2_chr23	19	869624	11754937	10813251	0.040077	0.080422	0.134899	False	28565.1182
HAP2_chr07	HAP2_chr23	23	721446	12293816	11210512	0.031666	0.064354	0.121328	False	364519.1055
HAP2_chr07	HAP2_chr24	11	1565986	1758901	1746750	0.807349	0.896514	0.010247	False	83.4206
HAP2_chr07	HAP2_chr24	13	3120160	7240106	6932666	0.282301	0.450066	0.063099	False	1328.0504
HAP2_chr07	HAP2_chr24	15	1555746	10421927	9710842	0.083746	0.160207	0.124483	False	3149.0233
HAP2_chr07	HAP2_chr24	17	954281	11338838	10421673	0.045865	0.091567	0.143162	False	8018.8470
HAP2_chr07	HAP2_chr24	19	794467	11754937	10707211	0.036666	0.074199	0.139409	False	26222.9505
HAP2_chr07	HAP2_chr24	23	658343	12293816	11048947	0.029022	0.059584	0.125007	False	335058.6068
HAP2_chr07	HAP2_chr25	11	1506211	1758901	1652327	0.790655	0.911570	0.011303	False	102.2663
HAP2_chr07	HAP2_chr25	13	2976261	7240106	5856933	0.294074	0.508160	0.060659	False	1523.3429
HAP2_chr07	HAP2_chr25	15	1807321	10421927	7847891	0.109784	0.230294	0.108017	False	4240.0978
HAP2_chr07	HAP2_chr25	17	1298200	11338838	8334301	0.070651	0.155766	0.119125	False	12272.1773
HAP2_chr07	HAP2_chr25	19	1117083	11754937	8530821	0.058276	0.130947	0.116108	False	41328.6330
HAP2_chr07	HAP2_chr25	23	914341	12293816	8768493	0.045381	0.104276	0.106256	False	522367.0895
HAP2_chr07	HAP2_chr26	11	1525535	1758901	1692364	0.792185	0.901423	0.011204	False	89.0840
HAP2_chr07	HAP2_chr26	13	2832581	7240106	6190440	0.267276	0.457573	0.066400	False	1295.1563
HAP2_chr07	HAP2_chr26	15	1365023	10421927	8368839	0.078334	0.163108	0.128603	False	2983.5723
HAP2_chr07	HAP2_chr26	17	839616	11338838	8904372	0.043271	0.094293	0.146440	False	7636.0191
HAP2_chr07	HAP2_chr26	19	704398	11754937	9117717	0.034926	0.077256	0.141879	False	25196.4156
HAP2_chr07	HAP2_chr26	23	589361	12293816	9371550	0.027964	0.062888	0.126578	False	325690.2935
HAP2_chr19	HAP2_chr20	11	1497808	1700238	1707604	0.784179	0.880940	0.011721	False	96.3706
HAP2_chr19	HAP2_chr20	13	2670921	6349723	6447496	0.263761	0.420636	0.067204	False	1313.4556
HAP2_chr19	HAP2_chr20	15	1299891	8710089	8910664	0.079646	0.149240	0.127577	False	3038.5977
HAP2_chr19	HAP2_chr20	17	819170	9328904	9575366	0.045295	0.087810	0.143865	False	7930.9906
HAP2_chr19	HAP2_chr20	19	693567	9592131	9867294	0.036959	0.072306	0.139005	False	26403.1244
HAP2_chr19	HAP2_chr20	23	585980	9920765	10242168	0.029932	0.059066	0.123703	False	344815.6960
HAP2_chr19	HAP2_chr22	11	1471995	1700238	1670517	0.775240	0.881161	0.012306	False	101.0905
HAP2_chr19	HAP2_chr22	13	2545950	6349723	6040646	0.258619	0.421470	0.068405	False	1312.0905
HAP2_chr19	HAP2_chr22	15	1226194	8710089	8216329	0.078100	0.149239	0.128788	False	2993.3860
HAP2_chr19	HAP2_chr22	17	772341	9328904	8800212	0.044498	0.087764	0.144865	False	7802.5124
HAP2_chr19	HAP2_chr22	19	652136	9592131	9060039	0.036230	0.071979	0.140017	False	25908.9140
HAP2_chr19	HAP2_chr22	23	547038	9920765	9392238	0.029151	0.058244	0.124820	False	336150.0420
HAP2_chr19	HAP2_chr21	11	1520403	1700238	1740450	0.791759	0.894230	0.011232	False	92.0605
HAP2_chr19	HAP2_chr21	13	2809527	6349723	6927352	0.268404	0.442464	0.066144	False	1308.8962
HAP2_chr19	HAP2_chr21	15	1352340	8710089	9749738	0.079050	0.155261	0.128041	False	3002.5515
HAP2_chr19	HAP2_chr21	17	831917	9328904	10481481	0.043835	0.089176	0.145711	False	7690.6807
HAP2_chr19	HAP2_chr21	19	696765	9592131	10776712	0.035419	0.072639	0.141167	False	25378.8245
HAP2_chr19	HAP2_chr21	23	584591	9920765	11129001	0.028565	0.058926	0.125678	False	330007.6628
HAP2_chr19	HAP2_chr23	11	1520613	1700238	1740516	0.791928	0.894353	0.011221	False	92.1905
HAP2_chr19	HAP2_chr23	13	2817480	6349723	6913236	0.269732	0.443717	0.065845	False	1319.5206
HAP2_chr19	HAP2_chr23	15	1375852	8710089	9735989	0.080600	0.157961	0.126842	False	3064.3914
HAP2_chr19	HAP2_chr23	17	858307	9328904	10491711	0.045264	0.092005	0.143904	False	7934.0532
HAP2_chr19	HAP2_chr23	19	721862	9592131	10813251	0.036673	0.075256	0.139399	False	26249.3850
HAP2_chr19	HAP2_chr23	23	604558	9920765	11210512	0.029452	0.060939	0.124385	False	340036.3134
HAP2_chr19	HAP2_chr24	11	1523828	1700238	1746750	0.792356	0.896244	0.011193	False	90.4804
HAP2_chr19	HAP2_chr24	13	2817841	6349723	6932666	0.269275	0.443774	0.065948	False	1314.7752
HAP2_chr19	HAP2_chr24	15	1377270	8710089	9710842	0.080808	0.158124	0.126682	False	3072.9570
HAP2_chr19	HAP2_chr24	17	862600	9328904	10421673	0.045669	0.092465	0.143402	False	8001.7363
HAP2_chr19	HAP2_chr24	19	725378	9592131	10707211	0.037058	0.075622	0.138869	False	26507.9371
HAP2_chr19	HAP2_chr24	23	605773	9920765	11048947	0.029747	0.061061	0.123964	False	343201.7985
HAP2_chr19	HAP2_chr25	11	1459986	1700238	1652327	0.771427	0.883594	0.012559	False	104.0113
HAP2_chr19	HAP2_chr25	13	2468448	6349723	5856933	0.253481	0.421457	0.069634	False	1291.9154
HAP2_chr19	HAP2_chr25	15	1151344	8710089	7847891	0.074730	0.146707	0.131519	False	2869.8300
HAP2_chr19	HAP2_chr25	17	713850	9328904	8334301	0.042117	0.085652	0.147966	False	7408.1562
HAP2_chr19	HAP2_chr25	19	599036	9592131	8530821	0.034184	0.070220	0.142972	False	24525.7906
HAP2_chr19	HAP2_chr25	23	499731	9920765	8768493	0.027474	0.056992	0.127326	False	317814.7021
HAP2_chr19	HAP2_chr26	11	1486919	1700238	1692364	0.780255	0.878605	0.011977	False	98.0556
HAP2_chr19	HAP2_chr26	13	2579100	6349723	6190440	0.258918	0.416626	0.068335	False	1300.5567
HAP2_chr19	HAP2_chr26	15	1243156	8710089	8368839	0.078503	0.148546	0.128470	False	3005.3035
HAP2_chr19	HAP2_chr26	17	793172	9328904	8904372	0.045480	0.089077	0.143636	False	7967.4227
HAP2_chr19	HAP2_chr26	19	674856	9592131	9117717	0.037419	0.074016	0.138377	False	26727.3392
HAP2_chr19	HAP2_chr26	23	570994	9920765	9371550	0.030500	0.060928	0.122910	False	351257.9342
HAP2_chr20	HAP2_chr22	11	1477273	1707604	1670517	0.777165	0.884321	0.012180	False	100.3668
HAP2_chr20	HAP2_chr22	13	2593680	6447496	6040646	0.262135	0.429371	0.067581	False	1330.0689
HAP2_chr20	HAP2_chr22	15	1289640	8910664	8216329	0.081430	0.156961	0.126210	False	3123.0007
HAP2_chr20	HAP2_chr22	17	826215	9575366	8800212	0.047079	0.093886	0.141693	False	8242.8320
HAP2_chr20	HAP2_chr22	19	696794	9867294	9060039	0.038221	0.076908	0.137301	False	27295.4118
HAP2_chr20	HAP2_chr22	23	577913	10242168	9392238	0.030326	0.061531	0.123151	False	349506.1480
HAP2_chr20	HAP2_chr21	11	1525246	1707604	1740450	0.793239	0.893208	0.011137	False	90.7948
HAP2_chr20	HAP2_chr21	13	2860072	6447496	6927352	0.272005	0.443594	0.065337	False	1325.2483
HAP2_chr20	HAP2_chr21	15	1410852	8910664	9749738	0.081791	0.158333	0.125938	False	3104.9662
HAP2_chr20	HAP2_chr21	17	877646	9575366	10481481	0.045760	0.091657	0.143290	False	8011.3331
HAP2_chr20	HAP2_chr21	19	734956	9867294	10776712	0.036916	0.074484	0.139064	False	26394.6954
HAP2_chr20	HAP2_chr21	23	611769	10242168	11129001	0.029469	0.059730	0.124361	False	339888.1556
HAP2_chr20	HAP2_chr23	11	1526210	1707604	1740516	0.794111	0.893773	0.011081	False	91.5577
HAP2_chr20	HAP2_chr23	13	2864058	6447496	6913236	0.272854	0.444212	0.065149	False	1332.4124
HAP2_chr20	HAP2_chr23	15	1430333	8910664	9735989	0.083080	0.160519	0.124974	False	3156.1874
HAP2_chr20	HAP2_chr23	17	898501	9575366	10491711	0.046874	0.093835	0.141939	False	8200.1642
HAP2_chr20	HAP2_chr23	19	751973	9867294	10813251	0.037733	0.076209	0.137953	False	26960.7146
HAP2_chr20	HAP2_chr23	23	620371	10242168	11210512	0.029779	0.060570	0.123919	False	343411.9743
HAP2_chr20	HAP2_chr24	11	1529253	1707604	1746750	0.794375	0.895555	0.011064	False	89.6895
HAP2_chr20	HAP2_chr24	13	2850474	6447496	6932666	0.270708	0.442106	0.065626	False	1315.5397
HAP2_chr20	HAP2_chr24	15	1391381	8910664	9710842	0.080753	0.156148	0.126725	False	3064.2866
HAP2_chr20	HAP2_chr24	17	866558	9575366	10421673	0.045297	0.090499	0.143863	False	7932.0335
HAP2_chr20	HAP2_chr24	19	730772	9867294	10707211	0.036826	0.074060	0.139187	False	26329.4944
HAP2_chr20	HAP2_chr24	23	616022	10242168	11048947	0.029795	0.060146	0.123896	False	343488.7081
HAP2_chr20	HAP2_chr25	11	1464188	1707604	1652327	0.772356	0.886137	0.012497	False	102.4060
HAP2_chr20	HAP2_chr25	13	2494432	6447496	5856933	0.254274	0.425894	0.069442	False	1290.4885
HAP2_chr20	HAP2_chr25	15	1161156	8910664	7847891	0.074445	0.147958	0.131756	False	2856.4100
HAP2_chr20	HAP2_chr25	17	713621	9575366	8334301	0.041499	0.085625	0.148800	False	7307.3381
HAP2_chr20	HAP2_chr25	19	598724	9867294	8530821	0.033637	0.070184	0.143792	False	24168.1079
HAP2_chr20	HAP2_chr25	23	501152	10242168	8768493	0.027075	0.057154	0.127943	False	313677.7621
HAP2_chr20	HAP2_chr26	11	1490467	1707604	1692364	0.780553	0.880701	0.011957	False	95.8026
HAP2_chr20	HAP2_chr26	13	2587642	6447496	6190440	0.257469	0.418006	0.068678	False	1281.9509
HAP2_chr20	HAP2_chr26	15	1214309	8910664	8368839	0.075586	0.145099	0.130813	False	2885.4965
HAP2_chr20	HAP2_chr26	17	749756	9575366	8904372	0.042287	0.084201	0.147737	False	7425.8744
HAP2_chr20	HAP2_chr26	19	631158	9867294	9117717	0.034388	0.069223	0.142669	False	24643.3796
HAP2_chr20	HAP2_chr26	23	531610	10242168	9371550	0.027859	0.056726	0.126736	False	321857.8861
HAP2_chr22	HAP2_chr21	11	1498674	1670517	1740450	0.783705	0.897132	0.011752	False	95.3701
HAP2_chr22	HAP2_chr21	13	2732217	6040646	6927352	0.266928	0.452305	0.066479	False	1329.8747
HAP2_chr22	HAP2_chr21	15	1352336	8216329	9749738	0.081399	0.164591	0.126234	False	3114.6575
HAP2_chr22	HAP2_chr21	17	850439	8800212	10481481	0.046141	0.096638	0.142824	False	8103.2954
HAP2_chr22	HAP2_chr21	19	711807	9060039	10776712	0.037219	0.078566	0.138649	False	26679.3563
HAP2_chr22	HAP2_chr21	23	585850	9392238	11129001	0.029387	0.062376	0.124478	False	339896.3486
HAP2_chr22	HAP2_chr23	11	1498759	1670517	1740516	0.783757	0.897183	0.011748	False	95.3958
HAP2_chr22	HAP2_chr23	13	2724636	6040646	6913236	0.266357	0.451050	0.066609	False	1326.7142
HAP2_chr22	HAP2_chr23	15	1347882	8216329	9735989	0.081176	0.164049	0.126403	False	3105.8624
HAP2_chr22	HAP2_chr23	17	850119	8800212	10491711	0.046097	0.096602	0.142878	False	8096.1562
HAP2_chr22	HAP2_chr23	19	712523	9060039	10813251	0.037187	0.078645	0.138693	False	26660.9698
HAP2_chr22	HAP2_chr23	23	587288	9392238	11210512	0.029342	0.062529	0.124544	False	339489.6574
HAP2_chr22	HAP2_chr24	11	1501728	1670517	1746750	0.783972	0.898960	0.011734	False	93.5326
HAP2_chr22	HAP2_chr24	13	2709583	6040646	6932666	0.263996	0.448558	0.067150	False	1308.2484
HAP2_chr22	HAP2_chr24	15	1309570	8216329	9710842	0.078806	0.159386	0.128231	False	3011.4988
HAP2_chr22	HAP2_chr24	17	814082	8800212	10421673	0.044225	0.092507	0.145212	False	7775.2486
HAP2_chr22	HAP2_chr24	19	682818	9060039	10707211	0.035779	0.075366	0.140653	False	25674.8259
HAP2_chr22	HAP2_chr24	23	568189	9392238	11048947	0.028591	0.060496	0.125639	False	330841.8799
HAP2_chr22	HAP2_chr25	11	1440045	1670517	1652327	0.764843	0.871525	0.013000	False	107.9623
HAP2_chr22	HAP2_chr25	13	2372017	6040646	5856933	0.249016	0.404993	0.070727	False	1283.1831
HAP2_chr22	HAP2_chr25	15	1090679	8216329	7847891	0.072840	0.138977	0.133110	False	2800.5815
HAP2_chr22	HAP2_chr25	17	671893	8800212	8334301	0.040813	0.080618	0.149741	False	7178.9275
HAP2_chr22	HAP2_chr25	19	563065	9060039	8530821	0.033067	0.066004	0.144663	False	23720.2379
HAP2_chr22	HAP2_chr25	23	467778	9392238	8768493	0.026439	0.053348	0.128951	False	305749.3185
HAP2_chr22	HAP2_chr26	11	1473522	1670517	1692364	0.779906	0.882075	0.012000	False	108.0426
HAP2_chr22	HAP2_chr26	13	2647214	6040646	6190440	0.276216	0.438234	0.064410	False	1451.9506
HAP2_chr22	HAP2_chr26	15	1486412	8216329	8368839	0.098446	0.180910	0.114600	False	3795.5098
HAP2_chr22	HAP2_chr26	17	1043662	8800212	8904372	0.062641	0.118595	0.125761	False	10831.6310
HAP2_chr22	HAP2_chr26	19	897837	9060039	9117717	0.051958	0.099099	0.121833	False	36597.6754
HAP2_chr22	HAP2_chr26	23	741061	9392238	9371550	0.041118	0.079076	0.110368	False	468529.7115
HAP2_chr21	HAP2_chr23	11	1548760	1740450	1740516	0.801550	0.889862	0.010610	False	86.7705
HAP2_chr21	HAP2_chr23	13	3011073	6927352	6913236	0.278043	0.435552	0.064012	False	1325.7403
HAP2_chr21	HAP2_chr23	15	1480977	9749738	9735989	0.082255	0.152114	0.125589	False	3101.5739
HAP2_chr21	HAP2_chr23	17	901225	10481481	10491711	0.044900	0.085983	0.144359	False	7851.9987
HAP2_chr21	HAP2_chr23	19	743809	10776712	10813251	0.035681	0.069020	0.140792	False	25515.2442
HAP2_chr21	HAP2_chr23	23	605998	11129001	11210512	0.027883	0.054452	0.126699	False	321812.3727
HAP2_chr21	HAP2_chr24	11	1573263	1740450	1746750	0.822004	0.903940	0.009345	False	102.6696
HAP2_chr21	HAP2_chr24	13	3585907	6927352	6932666	0.349024	0.517645	0.050681	False	1801.0174
HAP2_chr21	HAP2_chr24	15	2623928	9749738	9710842	0.155846	0.270206	0.087371	False	5828.3582
HAP2_chr21	HAP2_chr24	17	2047897	10481481	10421673	0.108611	0.196504	0.095879	False	18047.5311
HAP2_chr21	HAP2_chr24	19	1785673	10776712	10707211	0.090651	0.166773	0.094440	False	61598.6642
HAP2_chr21	HAP2_chr24	23	1453263	11129001	11048947	0.070122	0.131530	0.088354	False	777373.1544
HAP2_chr21	HAP2_chr25	11	1484489	1740450	1652327	0.777917	0.898423	0.012130	False	96.6716
HAP2_chr21	HAP2_chr25	13	2614235	6927352	5856933	0.257052	0.446349	0.068777	False	1277.7691
HAP2_chr21	HAP2_chr25	15	1193025	9749738	7847891	0.072725	0.152019	0.133208	False	2782.6596
HAP2_chr21	HAP2_chr25	17	705826	10481481	8334301	0.038974	0.084689	0.152349	False	6898.3278
HAP2_chr21	HAP2_chr25	19	583501	10776712	8530821	0.031163	0.068399	0.147687	False	22535.1173
HAP2_chr21	HAP2_chr25	23	481079	11129001	8768493	0.024777	0.054865	0.131703	False	288867.1972
HAP2_chr21	HAP2_chr26	11	1513197	1740450	1692364	0.788281	0.894132	0.011455	False	91.7080
HAP2_chr21	HAP2_chr26	13	2739222	6927352	6190440	0.263931	0.442492	0.067165	False	1292.5273
HAP2_chr21	HAP2_chr26	15	1297682	9749738	8368839	0.077147	0.155061	0.129547	False	2938.8491
HAP2_chr21	HAP2_chr26	17	793855	10481481	8904372	0.042699	0.089153	0.147191	False	7511.6974
HAP2_chr21	HAP2_chr26	19	663750	10776712	9117717	0.034515	0.072798	0.142481	False	24797.3475
HAP2_chr21	HAP2_chr26	23	554927	11129001	9371550	0.027822	0.059214	0.126792	False	322310.6340
HAP2_chr23	HAP2_chr24	11	1553401	1740516	1746750	0.803262	0.892495	0.010502	False	86.1258
HAP2_chr23	HAP2_chr24	13	3015062	6913236	6932666	0.278377	0.436129	0.063940	False	1327.6537
HAP2_chr23	HAP2_chr24	15	1486245	9735989	9710842	0.082750	0.153050	0.125219	False	3122.0135
HAP2_chr23	HAP2_chr24	17	917078	10491711	10421673	0.045862	0.087997	0.143165	False	8015.6568
HAP2_chr23	HAP2_chr24	19	767239	10813251	10707211	0.036970	0.071656	0.138990	False	26405.3642
HAP2_chr23	HAP2_chr24	23	639128	11210512	11048947	0.029561	0.057845	0.124229	False	340633.3655
HAP2_chr23	HAP2_chr25	11	1486202	1740516	1652327	0.779487	0.899460	0.012027	False	98.0882
HAP2_chr23	HAP2_chr25	13	2622709	6913236	5856933	0.258460	0.447796	0.068443	False	1289.0301
HAP2_chr23	HAP2_chr25	15	1218734	9735989	7847891	0.074471	0.155294	0.131735	False	2853.3045
HAP2_chr23	HAP2_chr25	17	737371	10491711	8334301	0.040764	0.088474	0.149809	False	7207.5221
HAP2_chr23	HAP2_chr25	19	613336	10813251	8530821	0.032745	0.071896	0.145162	False	23648.5386
HAP2_chr23	HAP2_chr25	23	508333	11210512	8768493	0.026108	0.057973	0.129485	False	304120.4441
HAP2_chr23	HAP2_chr26	11	1513762	1740516	1692364	0.788780	0.894466	0.011423	False	92.1381
HAP2_chr23	HAP2_chr26	13	2731354	6913236	6190440	0.263331	0.441221	0.067304	False	1289.1854
HAP2_chr23	HAP2_chr26	15	1292537	9735989	8368839	0.076880	0.154446	0.129762	False	2928.2668
HAP2_chr23	HAP2_chr26	17	791947	10491711	8904372	0.042568	0.088939	0.147364	False	7489.6369
HAP2_chr23	HAP2_chr26	19	662724	10813251	9117717	0.034395	0.072685	0.142659	False	24717.0180
HAP2_chr23	HAP2_chr26	23	551675	11210512	9371550	0.027542	0.058867	0.127220	False	319254.7872
HAP2_chr24	HAP2_chr25	11	1488891	1746750	1652327	0.779448	0.901087	0.012030	False	96.0183
HAP2_chr24	HAP2_chr25	13	2629502	6932666	5856933	0.258807	0.448955	0.068361	False	1290.3146
HAP2_chr24	HAP2_chr25	15	1227543	9710842	7847891	0.075166	0.156417	0.131159	False	2881.3529
HAP2_chr24	HAP2_chr25	17	748634	10421673	8334301	0.041574	0.089826	0.148698	False	7344.3833
HAP2_chr24	HAP2_chr25	19	624885	10707211	8530821	0.033572	0.073250	0.143891	False	24213.5956
HAP2_chr24	HAP2_chr25	23	518335	11048947	8768493	0.026858	0.059113	0.128285	False	312363.4461
HAP2_chr24	HAP2_chr26	11	1517418	1746750	1692364	0.789624	0.896626	0.011369	False	90.8156
HAP2_chr24	HAP2_chr26	13	2748934	6932666	6190440	0.264979	0.444061	0.066924	False	1299.7526
HAP2_chr24	HAP2_chr26	15	1314011	9710842	8368839	0.078375	0.157012	0.128570	False	2988.2567
HAP2_chr24	HAP2_chr26	17	816728	10421673	8904372	0.044125	0.091722	0.145339	False	7753.8804
HAP2_chr24	HAP2_chr26	19	686728	10707211	9117717	0.035883	0.075318	0.140506	False	25740.0268
HAP2_chr24	HAP2_chr26	23	574386	11048947	9371550	0.028942	0.061290	0.125124	False	334819.2080
HAP2_chr25	HAP2_chr26	11	1453416	1652327	1692364	0.768485	0.879618	0.012755	False	103.9359
HAP2_chr25	HAP2_chr26	13	2399916	5856933	6190440	0.248762	0.409756	0.070790	False	1269.2489
HAP2_chr25	HAP2_chr26	15	1089099	7847891	8368839	0.071994	0.138776	0.133836	False	2764.0547
HAP2_chr25	HAP2_chr26	17	668557	8334301	8904372	0.040347	0.080218	0.150391	False	7099.8376
HAP2_chr25	HAP2_chr26	19	560232	8530821	9117717	0.032785	0.065672	0.145101	False	23525.8555
HAP2_chr25	HAP2_chr26	23	465432	8768493	9371550	0.026333	0.053080	0.129120	False	304551.5185
