unit_a	unit_b	k_sweep	chosen_k	kmers_a	kmers_b	shared	union	jaccard_at_chosen_k	containment_at_chosen_k	distance	containment_p	resolution_limited	k_consistency_spread
HAP1_chr01	HAP1_chr02	11,13,15,17,19,23	23	15692584	17254021	1438224	31508381	0.045646	0.091650	0.106014	0.098688	False	0.114573
HAP1_chr01	HAP1_chr03	11,13,15,17,19,23	23	15692584	17137447	1836476	30993555	0.059253	0.117028	0.095233	0.089058	False	0.104598
HAP1_chr01	HAP1_chr04	11,13,15,17,19,23	23	15692584	16465494	1616129	30541949	0.052915	0.102987	0.099891	0.094106	False	0.107777
HAP1_chr01	HAP1_chr05	11,13,15,17,19,23	23	15692584	18405543	1484449	32613678	0.045516	0.094596	0.106133	0.097447	False	0.116084
HAP1_chr01	HAP1_chr06	11,13,15,17,19,23	23	15692584	12855099	1549995	26997688	0.057412	0.120574	0.096529	0.087875	False	0.106411
HAP1_chr01	HAP1_chr07	11,13,15,17,19,23	23	15692584	15443122	1360862	29774844	0.045705	0.088121	0.105960	0.100225	False	0.115053
HAP1_chr01	HAP1_chr08	11,13,15,17,19,23	23	15692584	14203707	1580545	28315746	0.055819	0.111277	0.097688	0.091051	False	0.106414
HAP1_chr01	HAP1_chr09	11,13,15,17,19,23	23	15692584	16898433	1535140	31055877	0.049432	0.097826	0.102707	0.096129	False	0.112405
HAP1_chr01	HAP1_chr10	11,13,15,17,19,23	23	15692584	15570964	1789071	29474477	0.060699	0.114898	0.094244	0.089785	False	0.103528
HAP1_chr01	HAP1_chr11	11,13,15,17,19,23	23	15692584	16299040	1823180	30168444	0.060433	0.116181	0.094424	0.089345	False	0.094742
HAP1_chr01	HAP1_chr12	11,13,15,17,19,23	23	15692584	21629986	1841187	35481383	0.051892	0.117328	0.100697	0.088956	False	0.112156
HAP1_chr01	HAP1_chr13	11,13,15,17,19,23	23	15692584	18440066	1641264	32491386	0.050514	0.104589	0.101810	0.093498	False	0.111794
HAP1_chr01	HAP1_chr14	11,13,15,17,19,23	23	15692584	18749193	1631310	32810467	0.049719	0.103954	0.102467	0.093738	False	0.112504
HAP1_chr01	HAP1_chr15	11,13,15,17,19,23	23	15692584	18681787	1553296	32821075	0.047326	0.098983	0.104512	0.095666	False	0.112552
HAP1_chr01	HAP1_chr16	11,13,15,17,19,23	23	15692584	20632339	1648517	34676406	0.047540	0.105051	0.104325	0.093324	False	0.114559
HAP1_chr01	HAP1_chr17	11,13,15,17,19,23	23	15692584	16956397	1447962	31201019	0.046408	0.092270	0.105326	0.098423	False	0.116010
HAP1_chr01	HAP1_chr18	11,13,15,17,19,23	23	15692584	17743969	1490686	31945867	0.046663	0.094993	0.105099	0.097283	False	0.115472
HAP1_chr01	HAP1_chr19	11,13,15,17,19,23	23	15692584	15730146	1624419	29798311	0.054514	0.103515	0.098662	0.093904	False	0.108117
HAP1_chr01	HAP1_chr20	11,13,15,17,19,23	23	15692584	20860599	1489176	35064007	0.042470	0.094897	0.109017	0.097322	False	0.118257
HAP1_chr01	HAP1_chr21	11,13,15,17,19,23	23	15692584	17574516	1295716	31971384	0.040527	0.082569	0.110972	0.102767	False	0.119402
HAP1_chr01	HAP2_chr01	11,13,15,17,19,23	23	15692584	15217215	13256631	17653168	0.750949	0.871160	0.006671	0.005979	False	0.005597
HAP1_chr01	HAP2_chr02	11,13,15,17,19,23	23	15692584	17212117	1430237	31474464	0.045441	0.091141	0.106201	0.098906	False	0.114665
HAP1_chr01	HAP2_chr03	11,13,15,17,19,23	23	15692584	15276534	1547030	29422088	0.052581	0.101268	0.100152	0.094768	False	0.108792
HAP1_chr01	HAP2_chr04	11,13,15,17,19,23	23	15692584	15171067	1464218	29399433	0.049804	0.096514	0.102396	0.096659	False	0.109936
HAP1_chr01	HAP2_chr05	11,13,15,17,19,23	23	15692584	18489956	1495895	32686645	0.045765	0.095325	0.105906	0.097146	False	0.115897
HAP1_chr01	HAP2_chr06	11,13,15,17,19,23	23	15692584	12447116	1485473	26654227	0.055731	0.119343	0.097752	0.088282	False	0.107378
HAP1_chr01	HAP2_chr07	11,13,15,17,19,23	23	15692584	15137113	1313308	29516389	0.044494	0.086761	0.107077	0.100833	False	0.115984
HAP1_chr01	HAP2_chr08	11,13,15,17,19,23	23	15692584	12400397	1325190	26767791	0.049507	0.106867	0.102644	0.092648	False	0.110855
HAP1_chr01	HAP2_chr09	11,13,15,17,19,23	23	15692584	16717081	1507463	30902202	0.048782	0.096062	0.103256	0.096843	False	0.112833
HAP1_chr01	HAP2_chr10	11,13,15,17,19,23	23	15692584	14016487	1518604	28190467	0.053869	0.108344	0.099153	0.092106	False	0.107466
HAP1_chr01	HAP2_chr11	11,13,15,17,19,23	23	15692584	16002837	1802663	29892758	0.060304	0.114874	0.094511	0.089793	False	0.094858
HAP1_chr01	HAP2_chr12	11,13,15,17,19,23	23	15692584	20177810	1552443	34317951	0.045237	0.098928	0.106388	0.095688	False	0.116558
HAP1_chr01	HAP2_chr13	11,13,15,17,19,23	23	15692584	18509396	1657632	32544348	0.050935	0.105632	0.101467	0.093107	False	0.111630
HAP1_chr01	HAP2_chr14	11,13,15,17,19,23	23	15692584	18252379	1581172	32363791	0.048856	0.100759	0.103192	0.094967	False	0.113359
HAP1_chr01	HAP2_chr15	11,13,15,17,19,23	23	15692584	17251235	1372966	31570853	0.043488	0.087491	0.108030	0.100506	False	0.115660
HAP1_chr01	HAP2_chr16	11,13,15,17,19,23	23	15692584	20341455	1578332	34455707	0.045808	0.100578	0.105867	0.095037	False	0.115715
HAP1_chr01	HAP2_chr17	11,13,15,17,19,23	23	15692584	15674106	1248642	30118048	0.041458	0.079663	0.110024	0.104164	False	0.119817
HAP1_chr01	HAP2_chr18	11,13,15,17,19,23	23	15692584	16971540	1333197	31330927	0.042552	0.084957	0.108937	0.101654	False	0.118258
HAP1_chr01	HAP2_chr19	11,13,15,17,19,23	23	15692584	14487821	1326675	28853730	0.045979	0.091572	0.105712	0.098721	False	0.113918
HAP1_chr01	HAP2_chr20	11,13,15,17,19,23	23	15692584	20769008	1477182	34984410	0.042224	0.094132	0.109260	0.097640	False	0.118462
HAP1_chr01	HAP2_chr21	11,13,15,17,19,23	23	15692584	17436867	1282713	31846738	0.040278	0.081740	0.111230	0.103161	False	0.119610
HAP1_chr02	HAP1_chr03	11,13,15,17,19,23	23	17254021	17137447	1488111	32903357	0.045227	0.086834	0.106398	0.100801	False	0.114120
HAP1_chr02	HAP1_chr04	11,13,15,17,19,23	23	17254021	16465494	1371950	32347565	0.042413	0.083323	0.109074	0.102413	False	0.118376
HAP1_chr02	HAP1_chr05	11,13,15,17,19,23	23	17254021	18405543	1353081	34306483	0.039441	0.078421	0.112108	0.104776	False	0.120773
HAP1_chr02	HAP1_chr06	11,13,15,17,19,23	23	17254021	12855099	1245083	28864037	0.043136	0.096855	0.108369	0.096520	False	0.117934
HAP1_chr02	HAP1_chr07	11,13,15,17,19,23	23	17254021	15443122	1288151	31408992	0.041012	0.083413	0.110475	0.102371	False	0.119451
HAP1_chr02	HAP1_chr08	11,13,15,17,19,23	23	17254021	14203707	1340916	30116812	0.044524	0.094406	0.107050	0.097526	False	0.115269
HAP1_chr02	HAP1_chr09	11,13,15,17,19,23	23	17254021	16898433	1434890	32717564	0.043857	0.084913	0.107678	0.101675	False	0.116922
HAP1_chr02	HAP1_chr10	11,13,15,17,19,23	23	17254021	15570964	1422198	31402787	0.045289	0.091337	0.106341	0.098822	False	0.114605
HAP1_chr02	HAP1_chr11	11,13,15,17,19,23	23	17254021	16299040	1645298	31907763	0.051564	0.100944	0.100959	0.094894	False	0.112010
HAP1_chr02	HAP1_chr12	11,13,15,17,19,23	23	17254021	21629986	1582869	37301138	0.042435	0.091739	0.109052	0.098650	False	0.119484
HAP1_chr02	HAP1_chr13	11,13,15,17,19,23	23	17254021	18440066	1582860	34111227	0.046403	0.091739	0.105331	0.098650	False	0.115746
HAP1_chr02	HAP1_chr14	11,13,15,17,19,23	23	17254021	18749193	1481389	34521825	0.042912	0.085858	0.108586	0.101242	False	0.118242
HAP1_chr02	HAP1_chr15	11,13,15,17,19,23	23	17254021	18681787	1499281	34436527	0.043538	0.086895	0.107983	0.100773	False	0.115950
HAP1_chr02	HAP1_chr16	11,13,15,17,19,23	23	17254021	20632339	1574884	36311476	0.043372	0.091276	0.108142	0.098848	False	0.117707
HAP1_chr02	HAP1_chr17	11,13,15,17,19,23	23	17254021	16956397	1374968	32835450	0.041874	0.081088	0.109607	0.103473	False	0.119747
HAP1_chr02	HAP1_chr18	11,13,15,17,19,23	23	17254021	17743969	1380736	33617254	0.041072	0.080024	0.110414	0.103988	False	0.118645
HAP1_chr02	HAP1_chr19	11,13,15,17,19,23	23	17254021	15730146	2063570	30920597	0.066738	0.131186	0.090367	0.084523	False	0.091940
HAP1_chr02	HAP1_chr20	11,13,15,17,19,23	23	17254021	20860599	1467935	36646685	0.040056	0.085078	0.111461	0.101599	False	0.120753
HAP1_chr02	HAP1_chr21	11,13,15,17,19,23	23	17254021	17574516	1308667	33519870	0.039042	0.075847	0.112534	0.106074	False	0.121998
HAP1_chr02	HAP2_chr01	11,13,15,17,19,23	23	17254021	15217215	1420360	31050876	0.045743	0.093339	0.105926	0.097972	False	0.114803
HAP1_chr02	HAP2_chr02	11,13,15,17,19,23	23	17254021	17212117	16095474	18370664	0.876151	0.935125	0.002969	0.002912	False	0.002632
HAP1_chr02	HAP2_chr03	11,13,15,17,19,23	23	17254021	15276534	1371831	31158724	0.044027	0.089800	0.107517	0.099486	False	0.115644
HAP1_chr02	HAP2_chr04	11,13,15,17,19,23	23	17254021	15171067	1290348	31134740	0.041444	0.085053	0.110038	0.101610	False	0.119414
HAP1_chr02	HAP2_chr05	11,13,15,17,19,23	23	17254021	18489956	1366508	34377469	0.039750	0.079199	0.111782	0.104391	False	0.120506
HAP1_chr02	HAP2_chr06	11,13,15,17,19,23	23	17254021	12447116	1201195	28499942	0.042147	0.096504	0.109336	0.096663	False	0.118827
HAP1_chr02	HAP2_chr07	11,13,15,17,19,23	23	17254021	15137113	1236669	31154465	0.039695	0.081698	0.111840	0.103181	False	0.120468
HAP1_chr02	HAP2_chr08	11,13,15,17,19,23	23	17254021	12400397	1209204	28445214	0.042510	0.097513	0.108978	0.096254	False	0.117434
HAP1_chr02	HAP2_chr09	11,13,15,17,19,23	23	17254021	16717081	1414057	32557045	0.043433	0.084588	0.108083	0.101825	False	0.117205
HAP1_chr02	HAP2_chr10	11,13,15,17,19,23	23	17254021	14016487	1291856	29978652	0.043093	0.092167	0.108411	0.098467	False	0.116806
HAP1_chr02	HAP2_chr11	11,13,15,17,19,23	23	17254021	16002837	1607965	31648893	0.050806	0.100480	0.101571	0.095076	False	0.112550
HAP1_chr02	HAP2_chr12	11,13,15,17,19,23	23	17254021	20177810	1431123	36000708	0.039753	0.082944	0.111779	0.102590	False	0.121942
HAP1_chr02	HAP2_chr13	11,13,15,17,19,23	23	17254021	18509396	1592489	34170928	0.046604	0.092297	0.105151	0.098412	False	0.115644
HAP1_chr02	HAP2_chr14	11,13,15,17,19,23	23	17254021	18252379	1446656	34059744	0.042474	0.083845	0.109014	0.102169	False	0.118783
HAP1_chr02	HAP2_chr15	11,13,15,17,19,23	23	17254021	17251235	1366521	33138735	0.041236	0.079213	0.110248	0.104385	False	0.117892
HAP1_chr02	HAP2_chr16	11,13,15,17,19,23	23	17254021	20341455	1539663	36055813	0.042702	0.089235	0.108790	0.099733	False	0.118237
HAP1_chr02	HAP2_chr17	11,13,15,17,19,23	23	17254021	15674106	1246289	31681838	0.039338	0.079513	0.112218	0.104238	False	0.122094
HAP1_chr02	HAP2_chr18	11,13,15,17,19,23	23	17254021	16971540	1298087	32927474	0.039423	0.076486	0.112128	0.105748	False	0.119967
HAP1_chr02	HAP2_chr19	11,13,15,17,19,23	23	17254021	14487821	1900597	29841245	0.063690	0.131186	0.092275	0.084523	False	0.093236
HAP1_chr02	HAP2_chr20	11,13,15,17,19,23	23	17254021	20769008	1460625	36562404	0.039949	0.084654	0.111573	0.101794	False	0.120851
HAP1_chr02	HAP2_chr21	11,13,15,17,19,23	23	17254021	17436867	1301851	33389037	0.038990	0.075452	0.112589	0.106277	False	0.122068
HAP1_chr03	HAP1_chr04	11,13,15,17,19,23	23	17137447	16465494	2626245	30976696	0.084781	0.159500	0.080692	0.076712	False	0.096404
HAP1_chr03	HAP1_chr05	11,13,15,17,19,23	23	17137447	18405543	1551622	33991368	0.045648	0.090540	0.106013	0.099165	False	0.116051
HAP1_chr03	HAP1_chr06	11,13,15,17,19,23	23	17137447	12855099	1539199	28453347	0.054096	0.119735	0.098980	0.088152	False	0.108509
HAP1_chr03	HAP1_chr07	11,13,15,17,19,23	23	17137447	15443122	1435719	31144850	0.046098	0.092968	0.105604	0.098128	False	0.114931
HAP1_chr03	HAP1_chr08	11,13,15,17,19,23	23	17137447	14203707	1595207	29745947	0.053628	0.112309	0.099338	0.090686	False	0.107811
HAP1_chr03	HAP1_chr09	11,13,15,17,19,23	23	17137447	16898433	1606017	32429863	0.049523	0.095039	0.102631	0.097263	False	0.111864
HAP1_chr03	HAP1_chr10	11,13,15,17,19,23	23	17137447	15570964	2387134	30321277	0.078728	0.153307	0.083669	0.078300	False	0.086527
HAP1_chr03	HAP1_chr11	11,13,15,17,19,23	23	17137447	16299040	1341120	32095367	0.041785	0.082282	0.109695	0.102903	False	0.115992
HAP1_chr03	HAP1_chr12	11,13,15,17,19,23	23	17137447	21629986	1867109	36900324	0.050599	0.108949	0.101741	0.091886	False	0.112590
HAP1_chr03	HAP1_chr13	11,13,15,17,19,23	23	17137447	18440066	1611277	33966236	0.047438	0.094021	0.104415	0.097686	False	0.114798
HAP1_chr03	HAP1_chr14	11,13,15,17,19,23	23	17137447	18749193	1712334	34174306	0.050106	0.099918	0.102146	0.095297	False	0.111892
HAP1_chr03	HAP1_chr15	11,13,15,17,19,23	23	17137447	18681787	1846782	33972452	0.054361	0.107763	0.098778	0.092319	False	0.108665
HAP1_chr03	HAP1_chr16	11,13,15,17,19,23	23	17137447	20632339	1707485	36062301	0.047348	0.099635	0.104493	0.095408	False	0.114337
HAP1_chr03	HAP1_chr17	11,13,15,17,19,23	23	17137447	16956397	1508915	32584929	0.046307	0.088988	0.105416	0.099842	False	0.115098
HAP1_chr03	HAP1_chr18	11,13,15,17,19,23	23	17137447	17743969	1551174	33330242	0.046540	0.090514	0.105208	0.099176	False	0.115089
HAP1_chr03	HAP1_chr19	11,13,15,17,19,23	23	17137447	15730146	1590798	31276795	0.050862	0.101131	0.101526	0.094822	False	0.109837
HAP1_chr03	HAP1_chr20	11,13,15,17,19,23	23	17137447	20860599	1497445	36500601	0.041025	0.087379	0.110462	0.100556	False	0.119132
HAP1_chr03	HAP1_chr21	11,13,15,17,19,23	23	17137447	17574516	1341651	33370312	0.040205	0.078288	0.111306	0.104842	False	0.119075
HAP1_chr03	HAP2_chr01	11,13,15,17,19,23	23	17137447	15217215	1774606	30580056	0.058031	0.116618	0.096088	0.089197	False	0.105417
HAP1_chr03	HAP2_chr02	11,13,15,17,19,23	23	17137447	17212117	1475218	32874346	0.044874	0.086082	0.106723	0.101141	False	0.114369
HAP1_chr03	HAP2_chr03	11,13,15,17,19,23	23	17137447	15276534	14560212	17853769	0.815526	0.953110	0.004659	0.002086	False	0.003975
HAP1_chr03	HAP2_chr04	11,13,15,17,19,23	23	17137447	15171067	2343959	29964555	0.078224	0.154502	0.083928	0.077989	False	0.099273
HAP1_chr03	HAP2_chr05	11,13,15,17,19,23	23	17137447	18489956	1561220	34066183	0.045829	0.091100	0.105848	0.098924	False	0.115889
HAP1_chr03	HAP2_chr06	11,13,15,17,19,23	23	17137447	12447116	1472495	28112068	0.052379	0.118300	0.100311	0.088629	False	0.109607
HAP1_chr03	HAP2_chr07	11,13,15,17,19,23	23	17137447	15137113	1402998	30871562	0.045446	0.092686	0.106197	0.098247	False	0.115349
HAP1_chr03	HAP2_chr08	11,13,15,17,19,23	23	17137447	12400397	1345489	28192355	0.047725	0.108504	0.104164	0.092048	False	0.112141
HAP1_chr03	HAP2_chr09	11,13,15,17,19,23	23	17137447	16717081	1566720	32287808	0.048524	0.093720	0.103476	0.097812	False	0.112571
HAP1_chr03	HAP2_chr10	11,13,15,17,19,23	23	17137447	14016487	2061635	29092299	0.070865	0.147086	0.087926	0.079958	False	0.089517
HAP1_chr03	HAP2_chr11	11,13,15,17,19,23	23	17137447	16002837	1317212	31823072	0.041392	0.082311	0.110091	0.102889	False	0.116376
HAP1_chr03	HAP2_chr12	11,13,15,17,19,23	23	17137447	20177810	1581758	35733499	0.044265	0.092298	0.107292	0.098411	False	0.116876
HAP1_chr03	HAP2_chr13	11,13,15,17,19,23	23	17137447	18509396	1628693	34018150	0.047877	0.095037	0.104032	0.097264	False	0.114548
HAP1_chr03	HAP2_chr14	11,13,15,17,19,23	23	17137447	18252379	1648515	33741311	0.048857	0.096194	0.103191	0.096789	False	0.112980
HAP1_chr03	HAP2_chr15	11,13,15,17,19,23	23	17137447	17251235	1585048	32803634	0.048319	0.092490	0.103651	0.098330	False	0.112386
HAP1_chr03	HAP2_chr16	11,13,15,17,19,23	23	17137447	20341455	1623427	35855475	0.045277	0.094730	0.106352	0.097391	False	0.115665
HAP1_chr03	HAP2_chr17	11,13,15,17,19,23	23	17137447	15674106	1291799	31519754	0.040984	0.082416	0.110504	0.102840	False	0.119214
HAP1_chr03	HAP2_chr18	11,13,15,17,19,23	23	17137447	16971540	1388044	32720943	0.042421	0.081787	0.109066	0.103139	False	0.117859
HAP1_chr03	HAP2_chr19	11,13,15,17,19,23	23	17137447	14487821	1334018	30291250	0.044040	0.092079	0.107505	0.098505	False	0.114414
HAP1_chr03	HAP2_chr20	11,13,15,17,19,23	23	17137447	20769008	1484496	36421959	0.040758	0.086623	0.110735	0.100896	False	0.119344
HAP1_chr03	HAP2_chr21	11,13,15,17,19,23	23	17137447	17436867	1335572	33238742	0.040181	0.077933	0.111331	0.105019	False	0.119082
HAP1_chr04	HAP1_chr05	11,13,15,17,19,23	23	16465494	18405543	1338979	33532058	0.039931	0.081320	0.111591	0.103362	False	0.120909
HAP1_chr04	HAP1_chr06	11,13,15,17,19,23	23	16465494	12855099	1414560	27906033	0.050690	0.110039	0.101666	0.091493	False	0.110997
HAP1_chr04	HAP1_chr07	11,13,15,17,19,23	23	16465494	15443122	1293153	30615463	0.042239	0.083737	0.109245	0.102219	False	0.118595
HAP1_chr04	HAP1_chr08	11,13,15,17,19,23	23	16465494	14203707	1510888	29158313	0.051817	0.106373	0.100757	0.092831	False	0.109525
HAP1_chr04	HAP1_chr09	11,13,15,17,19,23	23	16465494	16898433	1513780	31850147	0.047528	0.091937	0.104336	0.098565	False	0.114609
HAP1_chr04	HAP1_chr10	11,13,15,17,19,23	23	16465494	15570964	1592725	30443733	0.052317	0.102288	0.100360	0.094374	False	0.109794
HAP1_chr04	HAP1_chr11	11,13,15,17,19,23	23	16465494	16299040	1207567	31556967	0.038266	0.074088	0.113374	0.106985	False	0.120396
HAP1_chr04	HAP1_chr12	11,13,15,17,19,23	23	16465494	21629986	1772716	36322764	0.048805	0.107662	0.103236	0.092355	False	0.114738
HAP1_chr04	HAP1_chr13	11,13,15,17,19,23	23	16465494	18440066	2175993	32729567	0.066484	0.132155	0.090522	0.084230	False	0.092545
HAP1_chr04	HAP1_chr14	11,13,15,17,19,23	23	16465494	18749193	1598912	33615775	0.047564	0.097107	0.104304	0.096418	False	0.115016
HAP1_chr04	HAP1_chr15	11,13,15,17,19,23	23	16465494	18681787	1893940	33253341	0.056955	0.115025	0.096858	0.089741	False	0.109006
HAP1_chr04	HAP1_chr16	11,13,15,17,19,23	23	16465494	20632339	1577204	35520629	0.044402	0.095788	0.107163	0.096955	False	0.117798
HAP1_chr04	HAP1_chr17	11,13,15,17,19,23	23	16465494	16956397	1407573	32014318	0.043967	0.085486	0.107574	0.101412	False	0.117761
HAP1_chr04	HAP1_chr18	11,13,15,17,19,23	23	16465494	17743969	1402406	32807057	0.042747	0.085172	0.108746	0.101555	False	0.118918
HAP1_chr04	HAP1_chr19	11,13,15,17,19,23	23	16465494	15730146	1487819	30707821	0.048451	0.094584	0.103538	0.097452	False	0.112827
HAP1_chr04	HAP1_chr20	11,13,15,17,19,23	23	16465494	20860599	1434802	35891291	0.039976	0.087140	0.111544	0.100663	False	0.121866
HAP1_chr04	HAP1_chr21	11,13,15,17,19,23	23	16465494	17574516	1302707	32737303	0.039793	0.079117	0.111737	0.104432	False	0.121027
HAP1_chr04	HAP2_chr01	11,13,15,17,19,23	23	16465494	15217215	1584593	30098116	0.052648	0.104132	0.100100	0.093670	False	0.108342
HAP1_chr04	HAP2_chr02	11,13,15,17,19,23	23	16465494	17212117	1358500	32319111	0.042034	0.082506	0.109448	0.102797	False	0.118649
HAP1_chr04	HAP2_chr03	11,13,15,17,19,23	23	16465494	15276534	2195465	29546563	0.074305	0.143715	0.086004	0.080885	False	0.101452
HAP1_chr04	HAP2_chr04	11,13,15,17,19,23	23	16465494	15171067	14571121	17065440	0.853838	0.960455	0.003571	0.001753	False	0.003010
HAP1_chr04	HAP2_chr05	11,13,15,17,19,23	23	16465494	18489956	1352589	33602861	0.040252	0.082147	0.111257	0.102967	False	0.120640
HAP1_chr04	HAP2_chr06	11,13,15,17,19,23	23	16465494	12447116	1356169	27556441	0.049214	0.108954	0.102890	0.091884	False	0.111886
HAP1_chr04	HAP2_chr07	11,13,15,17,19,23	23	16465494	15137113	1247706	30354901	0.041104	0.082427	0.110382	0.102834	False	0.119526
HAP1_chr04	HAP2_chr08	11,13,15,17,19,23	23	16465494	12400397	1312098	27553793	0.047620	0.105811	0.104256	0.093040	False	0.113047
HAP1_chr04	HAP2_chr09	11,13,15,17,19,23	23	16465494	16717081	1480812	31701763	0.046711	0.089934	0.105056	0.099428	False	0.115149
HAP1_chr04	HAP2_chr10	11,13,15,17,19,23	23	16465494	14016487	1397714	29084267	0.048057	0.099719	0.103876	0.095375	False	0.113103
HAP1_chr04	HAP2_chr11	11,13,15,17,19,23	23	16465494	16002837	1187361	31280970	0.037958	0.074197	0.113712	0.106928	False	0.120799
HAP1_chr04	HAP2_chr12	11,13,15,17,19,23	23	16465494	20177810	1545041	35098263	0.044020	0.093835	0.107523	0.097764	False	0.118358
HAP1_chr04	HAP2_chr13	11,13,15,17,19,23	23	16465494	18509396	2185537	32789353	0.066654	0.132734	0.090418	0.084056	False	0.092540
HAP1_chr04	HAP2_chr14	11,13,15,17,19,23	23	16465494	18252379	1554818	33163055	0.046884	0.094429	0.104902	0.097516	False	0.115693
HAP1_chr04	HAP2_chr15	11,13,15,17,19,23	23	16465494	17251235	1603655	32113074	0.049938	0.097395	0.102285	0.096302	False	0.113258
HAP1_chr04	HAP2_chr16	11,13,15,17,19,23	23	16465494	20341455	1519701	35287248	0.043067	0.092296	0.108436	0.098412	False	0.118821
HAP1_chr04	HAP2_chr17	11,13,15,17,19,23	23	16465494	15674106	1214824	30924776	0.039283	0.077505	0.112276	0.105233	False	0.121481
HAP1_chr04	HAP2_chr18	11,13,15,17,19,23	23	16465494	16971540	1262974	32174060	0.039254	0.076704	0.112306	0.105637	False	0.121457
HAP1_chr04	HAP2_chr19	11,13,15,17,19,23	23	16465494	14487821	1222834	29730481	0.041131	0.084404	0.110355	0.101909	False	0.118487
HAP1_chr04	HAP2_chr20	11,13,15,17,19,23	23	16465494	20769008	1423926	35810576	0.039763	0.086479	0.111768	0.100960	False	0.122038
HAP1_chr04	HAP2_chr21	11,13,15,17,19,23	23	16465494	17436867	1289536	32612825	0.039541	0.078317	0.112002	0.104827	False	0.121281
HAP1_chr05	HAP1_chr06	11,13,15,17,19,23	23	18405543	12855099	1165428	30095214	0.038725	0.090659	0.112875	0.099114	False	0.123036
HAP1_chr05	HAP1_chr07	11,13,15,17,19,23	23	18405543	15443122	1804700	32043965	0.056319	0.116861	0.097320	0.089114	False	0.109777
HAP1_chr05	HAP1_chr08	11,13,15,17,19,23	23	18405543	14203707	1302828	31306422	0.041615	0.091725	0.109866	0.098656	False	0.119142
HAP1_chr05	HAP1_chr09	11,13,15,17,19,23	23	18405543	16898433	1384593	33919383	0.040820	0.081936	0.110671	0.103067	False	0.119724
HAP1_chr05	HAP1_chr10	11,13,15,17,19,23	23	18405543	15570964	1547683	32428824	0.047726	0.099395	0.104164	0.095503	False	0.115215
HAP1_chr05	HAP1_chr11	11,13,15,17,19,23	23	18405543	16299040	1472276	33232307	0.044303	0.090329	0.107257	0.099256	False	0.117401
HAP1_chr05	HAP1_chr12	11,13,15,17,19,23	23	18405543	21629986	1655307	38380222	0.043129	0.089935	0.108375	0.099427	False	0.119334
HAP1_chr05	HAP1_chr13	11,13,15,17,19,23	23	18405543	18440066	1466444	35379165	0.041449	0.079674	0.110033	0.104159	False	0.120020
HAP1_chr05	HAP1_chr14	11,13,15,17,19,23	23	18405543	18749193	1408584	35746152	0.039405	0.076530	0.112146	0.105725	False	0.121645
HAP1_chr05	HAP1_chr15	11,13,15,17,19,23	23	18405543	18681787	1429832	35657498	0.040099	0.077685	0.111416	0.105143	False	0.119892
HAP1_chr05	HAP1_chr16	11,13,15,17,19,23	23	18405543	20632339	1524567	37513315	0.040641	0.082832	0.110855	0.102643	False	0.120535
HAP1_chr05	HAP1_chr17	11,13,15,17,19,23	23	18405543	16956397	2001814	33360126	0.060006	0.118057	0.094715	0.088711	False	0.097162
HAP1_chr05	HAP1_chr18	11,13,15,17,19,23	23	18405543	17743969	1582347	34567165	0.045776	0.089177	0.105896	0.099759	False	0.113344
HAP1_chr05	HAP1_chr19	11,13,15,17,19,23	23	18405543	15730146	1375367	32760322	0.041983	0.087435	0.109499	0.100531	False	0.118299
HAP1_chr05	HAP1_chr20	11,13,15,17,19,23	23	18405543	20860599	1371341	37894801	0.036188	0.074507	0.115714	0.106766	False	0.124512
HAP1_chr05	HAP1_chr21	11,13,15,17,19,23	23	18405543	17574516	1331974	34648085	0.038443	0.075790	0.113181	0.106103	False	0.122625
HAP1_chr05	HAP2_chr01	11,13,15,17,19,23	23	18405543	15217215	1460641	32162117	0.045415	0.095986	0.106225	0.096874	False	0.116271
HAP1_chr05	HAP2_chr02	11,13,15,17,19,23	23	18405543	17212117	1344847	34272813	0.039239	0.078134	0.112322	0.104919	False	0.120915
HAP1_chr05	HAP2_chr03	11,13,15,17,19,23	23	18405543	15276534	1389298	32292779	0.043022	0.090943	0.108479	0.098991	False	0.117970
HAP1_chr05	HAP2_chr04	11,13,15,17,19,23	23	18405543	15171067	1241455	32335155	0.038393	0.081830	0.113235	0.103118	False	0.122165
HAP1_chr05	HAP2_chr05	11,13,15,17,19,23	23	18405543	18489956	17108981	19786518	0.864679	0.929556	0.003276	0.003171	False	0.002920
HAP1_chr05	HAP2_chr06	11,13,15,17,19,23	23	18405543	12447116	1143511	29709148	0.038490	0.091870	0.113129	0.098594	False	0.123302
HAP1_chr05	HAP2_chr07	11,13,15,17,19,23	23	18405543	15137113	1726715	31815941	0.054272	0.114072	0.098846	0.090071	False	0.111191
HAP1_chr05	HAP2_chr08	11,13,15,17,19,23	23	18405543	12400397	1150612	29655328	0.038800	0.092788	0.112794	0.098204	False	0.121686
HAP1_chr05	HAP2_chr09	11,13,15,17,19,23	23	18405543	16717081	1365007	33757617	0.040436	0.081653	0.111067	0.103202	False	0.120079
HAP1_chr05	HAP2_chr10	11,13,15,17,19,23	23	18405543	14016487	1353830	31068200	0.043576	0.096588	0.107946	0.096629	False	0.117901
HAP1_chr05	HAP2_chr11	11,13,15,17,19,23	23	18405543	16002837	1454930	32953450	0.044151	0.090917	0.107400	0.099002	False	0.117655
HAP1_chr05	HAP2_chr12	11,13,15,17,19,23	23	18405543	20177810	1431134	37152219	0.038521	0.077756	0.113096	0.105107	False	0.122630
HAP1_chr05	HAP2_chr13	11,13,15,17,19,23	23	18405543	18509396	1483780	35431159	0.041878	0.080616	0.109603	0.103701	False	0.119758
HAP1_chr05	HAP2_chr14	11,13,15,17,19,23	23	18405543	18252379	1377904	35280018	0.039056	0.075492	0.112518	0.106256	False	0.122087
HAP1_chr05	HAP2_chr15	11,13,15,17,19,23	23	18405543	17251235	1320004	34336774	0.038443	0.076516	0.113181	0.105732	False	0.121585
HAP1_chr05	HAP2_chr16	11,13,15,17,19,23	23	18405543	20341455	1476380	37270618	0.039612	0.080214	0.111927	0.103895	False	0.121286
HAP1_chr05	HAP2_chr17	11,13,15,17,19,23	23	18405543	15674106	1907210	32172439	0.059281	0.121679	0.095214	0.087513	False	0.097699
HAP1_chr05	HAP2_chr18	11,13,15,17,19,23	23	18405543	16971540	1507686	33869397	0.044515	0.088836	0.107058	0.099909	False	0.114148
HAP1_chr05	HAP2_chr19	11,13,15,17,19,23	23	18405543	14487821	1263050	31630314	0.039932	0.087180	0.111591	0.100645	False	0.120190
HAP1_chr05	HAP2_chr20	11,13,15,17,19,23	23	18405543	20769008	1366132	37808419	0.036133	0.074224	0.115778	0.106914	False	0.124593
HAP1_chr05	HAP2_chr21	11,13,15,17,19,23	23	18405543	17436867	1323975	34518435	0.038356	0.075930	0.113276	0.106031	False	0.122707
HAP1_chr06	HAP1_chr07	11,13,15,17,19,23	23	12855099	15443122	1790258	26507963	0.067537	0.139264	0.089882	0.082142	False	0.090125
HAP1_chr06	HAP1_chr08	11,13,15,17,19,23	23	12855099	14203707	1402730	25656076	0.054674	0.109119	0.098541	0.091825	False	0.107628
HAP1_chr06	HAP1_chr09	11,13,15,17,19,23	23	12855099	16898433	1379311	28374221	0.048611	0.107297	0.103401	0.092490	False	0.113516
HAP1_chr06	HAP1_chr10	11,13,15,17,19,23	23	12855099	15570964	1494152	26931911	0.055479	0.116230	0.097939	0.089329	False	0.107660
HAP1_chr06	HAP1_chr11	11,13,15,17,19,23	23	12855099	16299040	1086108	28068031	0.038696	0.084488	0.112906	0.101870	False	0.121764
HAP1_chr06	HAP1_chr12	11,13,15,17,19,23	23	12855099	21629986	1548875	32936210	0.047027	0.120487	0.104776	0.087903	False	0.115627
HAP1_chr06	HAP1_chr13	11,13,15,17,19,23	23	12855099	18440066	1240823	30054342	0.041286	0.096524	0.110197	0.096655	False	0.121011
HAP1_chr06	HAP1_chr14	11,13,15,17,19,23	23	12855099	18749193	1433600	30170692	0.047516	0.111520	0.104346	0.090965	False	0.114336
HAP1_chr06	HAP1_chr15	11,13,15,17,19,23	23	12855099	18681787	1293786	30243100	0.042780	0.100644	0.108715	0.095012	False	0.117390
HAP1_chr06	HAP1_chr16	11,13,15,17,19,23	23	12855099	20632339	1461920	32025518	0.045649	0.113723	0.106012	0.090192	False	0.117431
HAP1_chr06	HAP1_chr17	11,13,15,17,19,23	23	12855099	16956397	1247926	28563570	0.043689	0.097076	0.107838	0.096431	False	0.119454
HAP1_chr06	HAP1_chr18	11,13,15,17,19,23	23	12855099	17743969	1226757	29372311	0.041766	0.095430	0.109715	0.097103	False	0.119872
HAP1_chr06	HAP1_chr19	11,13,15,17,19,23	23	12855099	15730146	1355678	27229567	0.049787	0.105458	0.102411	0.093171	False	0.111998
HAP1_chr06	HAP1_chr20	11,13,15,17,19,23	23	12855099	20860599	1224212	32491486	0.037678	0.095232	0.114023	0.097184	False	0.124041
HAP1_chr06	HAP1_chr21	11,13,15,17,19,23	23	12855099	17574516	1080341	29349274	0.036810	0.084040	0.115000	0.102078	False	0.123323
HAP1_chr06	HAP2_chr01	11,13,15,17,19,23	23	12855099	15217215	1480540	26591774	0.055677	0.115171	0.097793	0.089691	False	0.107735
HAP1_chr06	HAP2_chr02	11,13,15,17,19,23	23	12855099	17212117	1239100	28828116	0.042982	0.096390	0.108518	0.096710	False	0.118001
HAP1_chr06	HAP2_chr03	11,13,15,17,19,23	23	12855099	15276534	1298061	26833572	0.048375	0.100976	0.103603	0.094882	False	0.112837
HAP1_chr06	HAP2_chr04	11,13,15,17,19,23	23	12855099	15171067	1267421	26758745	0.047365	0.098593	0.104479	0.095822	False	0.113433
HAP1_chr06	HAP2_chr05	11,13,15,17,19,23	23	12855099	18489956	1173793	30171262	0.038904	0.091310	0.112681	0.098833	False	0.122873
HAP1_chr06	HAP2_chr06	11,13,15,17,19,23	23	12855099	12447116	11842100	13460115	0.879792	0.951393	0.002873	0.002164	False	0.002237
HAP1_chr06	HAP2_chr07	11,13,15,17,19,23	23	12855099	15137113	1771178	26221034	0.067548	0.137780	0.089875	0.082569	False	0.090114
HAP1_chr06	HAP2_chr08	11,13,15,17,19,23	23	12855099	12400397	1194758	24060738	0.049656	0.096348	0.102520	0.096726	False	0.111443
HAP1_chr06	HAP2_chr09	11,13,15,17,19,23	23	12855099	16717081	1355117	28217063	0.048025	0.105415	0.103904	0.093188	False	0.113840
HAP1_chr06	HAP2_chr10	11,13,15,17,19,23	23	12855099	14016487	1238690	25632896	0.048324	0.096358	0.103646	0.096723	False	0.112440
HAP1_chr06	HAP2_chr11	11,13,15,17,19,23	23	12855099	16002837	1068113	27789823	0.038435	0.083089	0.113189	0.102523	False	0.122116
HAP1_chr06	HAP2_chr12	11,13,15,17,19,23	23	12855099	20177810	1301942	31730967	0.041031	0.101278	0.110457	0.094765	False	0.119987
HAP1_chr06	HAP2_chr13	11,13,15,17,19,23	23	12855099	18509396	1256154	30108341	0.041721	0.097716	0.109760	0.096173	False	0.120715
HAP1_chr06	HAP2_chr14	11,13,15,17,19,23	23	12855099	18252379	1374773	29732705	0.046238	0.106944	0.105479	0.092620	False	0.115413
HAP1_chr06	HAP2_chr15	11,13,15,17,19,23	23	12855099	17251235	1119066	28987268	0.038605	0.087052	0.113004	0.100702	False	0.120971
HAP1_chr06	HAP2_chr16	11,13,15,17,19,23	23	12855099	20341455	1358967	31837587	0.042684	0.105714	0.108808	0.093076	False	0.119244
HAP1_chr06	HAP2_chr17	11,13,15,17,19,23	23	12855099	15674106	1033618	27495587	0.037592	0.080405	0.114118	0.103803	False	0.124213
HAP1_chr06	HAP2_chr18	11,13,15,17,19,23	23	12855099	16971540	1092770	28733869	0.038031	0.085007	0.113632	0.101632	False	0.122687
HAP1_chr06	HAP2_chr19	11,13,15,17,19,23	23	12855099	14487821	1063992	26278928	0.040488	0.082768	0.111012	0.102673	False	0.118860
HAP1_chr06	HAP2_chr20	11,13,15,17,19,23	23	12855099	20769008	1216862	32407245	0.037549	0.094660	0.114166	0.097420	False	0.124153
HAP1_chr06	HAP2_chr21	11,13,15,17,19,23	23	12855099	17436867	1071591	29220375	0.036673	0.083359	0.115156	0.102396	False	0.123444
HAP1_chr07	HAP1_chr08	11,13,15,17,19,23	23	15443122	14203707	1257590	28389239	0.044298	0.088540	0.107261	0.100040	False	0.116199
HAP1_chr07	HAP1_chr09	11,13,15,17,19,23	23	15443122	16898433	1254733	31086822	0.040362	0.081249	0.111143	0.103396	False	0.119747
HAP1_chr07	HAP1_chr10	11,13,15,17,19,23	23	15443122	15570964	1369510	29644576	0.046198	0.088681	0.105515	0.099977	False	0.115610
HAP1_chr07	HAP1_chr11	11,13,15,17,19,23	23	15443122	16299040	1489855	30252307	0.049248	0.096474	0.102862	0.096675	False	0.113003
HAP1_chr07	HAP1_chr12	11,13,15,17,19,23	23	15443122	21629986	1454524	35618584	0.040836	0.094186	0.110655	0.097617	False	0.120242
HAP1_chr07	HAP1_chr13	11,13,15,17,19,23	23	15443122	18440066	1278537	32604651	0.039213	0.082790	0.112350	0.102663	False	0.122113
HAP1_chr07	HAP1_chr14	11,13,15,17,19,23	23	15443122	18749193	1423463	32768852	0.043440	0.092175	0.108077	0.098464	False	0.118491
HAP1_chr07	HAP1_chr15	11,13,15,17,19,23	23	15443122	18681787	1291289	32833620	0.039328	0.083616	0.112228	0.102276	False	0.120080
HAP1_chr07	HAP1_chr16	11,13,15,17,19,23	23	15443122	20632339	1396582	34678879	0.040272	0.090434	0.111236	0.099211	False	0.120638
HAP1_chr07	HAP1_chr17	11,13,15,17,19,23	23	15443122	16956397	1173959	31225560	0.037596	0.076018	0.114114	0.105986	False	0.123604
HAP1_chr07	HAP1_chr18	11,13,15,17,19,23	23	15443122	17743969	1236605	31950486	0.038704	0.080075	0.112898	0.103963	False	0.121757
HAP1_chr07	HAP1_chr19	11,13,15,17,19,23	23	15443122	15730146	1240356	29932912	0.041438	0.080318	0.110044	0.103845	False	0.118073
HAP1_chr07	HAP1_chr20	11,13,15,17,19,23	23	15443122	20860599	1170869	35132852	0.033327	0.075818	0.119175	0.106089	False	0.127724
HAP1_chr07	HAP1_chr21	11,13,15,17,19,23	23	15443122	17574516	1158594	31859044	0.036366	0.075023	0.115508	0.106498	False	0.123957
HAP1_chr07	HAP2_chr01	11,13,15,17,19,23	23	15443122	15217215	1320256	29340081	0.044998	0.086761	0.106609	0.100833	False	0.115883
HAP1_chr07	HAP2_chr02	11,13,15,17,19,23	23	15443122	17212117	1281437	31373802	0.040844	0.082978	0.110647	0.102575	False	0.119570
HAP1_chr07	HAP2_chr03	11,13,15,17,19,23	23	15443122	15276534	1285307	29434349	0.043667	0.084136	0.107859	0.102034	False	0.116905
HAP1_chr07	HAP2_chr04	11,13,15,17,19,23	23	15443122	15171067	1189733	29424456	0.040433	0.078421	0.111069	0.104776	False	0.120105
HAP1_chr07	HAP2_chr05	11,13,15,17,19,23	23	15443122	18489956	1816272	32116806	0.056552	0.117610	0.097150	0.088861	False	0.109597
HAP1_chr07	HAP2_chr06	11,13,15,17,19,23	23	15443122	12447116	1771316	26118922	0.067817	0.142307	0.089713	0.081279	False	0.089908
HAP1_chr07	HAP2_chr07	11,13,15,17,19,23	23	15443122	15137113	14036112	16544123	0.848405	0.927265	0.003721	0.003278	False	0.002956
HAP1_chr07	HAP2_chr08	11,13,15,17,19,23	23	15443122	12400397	1097270	26746249	0.041025	0.088487	0.110462	0.100063	False	0.119208
HAP1_chr07	HAP2_chr09	11,13,15,17,19,23	23	15443122	16717081	1250149	30910054	0.040445	0.080952	0.111057	0.103539	False	0.119636
HAP1_chr07	HAP2_chr10	11,13,15,17,19,23	23	15443122	14016487	1174553	28285056	0.041526	0.083798	0.109956	0.102191	False	0.119124
HAP1_chr07	HAP2_chr11	11,13,15,17,19,23	23	15443122	16002837	1468389	29977570	0.048983	0.095084	0.103085	0.097245	False	0.113317
HAP1_chr07	HAP2_chr12	11,13,15,17,19,23	23	15443122	20177810	1271788	34349144	0.037025	0.082353	0.114755	0.102869	False	0.123313
HAP1_chr07	HAP2_chr13	11,13,15,17,19,23	23	15443122	18509396	1284505	32668013	0.039320	0.083177	0.112237	0.102481	False	0.122126
HAP1_chr07	HAP2_chr14	11,13,15,17,19,23	23	15443122	18252379	1352345	32343156	0.041812	0.087569	0.109669	0.100471	False	0.119702
HAP1_chr07	HAP2_chr15	11,13,15,17,19,23	23	15443122	17251235	1177968	31516389	0.037376	0.076278	0.114359	0.105854	False	0.121967
HAP1_chr07	HAP2_chr16	11,13,15,17,19,23	23	15443122	20341455	1333747	34450830	0.038715	0.086365	0.112886	0.101012	False	0.121825
HAP1_chr07	HAP2_chr17	11,13,15,17,19,23	23	15443122	15674106	1063436	30053792	0.035384	0.068861	0.116657	0.109821	False	0.125816
HAP1_chr07	HAP2_chr18	11,13,15,17,19,23	23	15443122	16971540	1168455	31246207	0.037395	0.075662	0.114338	0.106169	False	0.122812
HAP1_chr07	HAP2_chr19	11,13,15,17,19,23	23	15443122	14487821	1108859	28822084	0.038473	0.076537	0.113148	0.105722	False	0.120617
HAP1_chr07	HAP2_chr20	11,13,15,17,19,23	23	15443122	20769008	1163320	35048810	0.033191	0.075329	0.119346	0.106340	False	0.127880
HAP1_chr07	HAP2_chr21	11,13,15,17,19,23	23	15443122	17436867	1146933	31733056	0.036143	0.074268	0.115766	0.106891	False	0.124184
HAP1_chr08	HAP1_chr09	11,13,15,17,19,23	23	14203707	16898433	1558587	29543553	0.052756	0.109731	0.100015	0.091604	False	0.111080
HAP1_chr08	HAP1_chr10	11,13,15,17,19,23	23	14203707	15570964	1626320	28148351	0.057777	0.114500	0.096269	0.089922	False	0.105061
HAP1_chr08	HAP1_chr11	11,13,15,17,19,23	23	14203707	16299040	1127543	29375204	0.038384	0.079384	0.113245	0.104301	False	0.121044
HAP1_chr08	HAP1_chr12	11,13,15,17,19,23	23	14203707	21629986	1735019	34098674	0.050882	0.122153	0.101510	0.087359	False	0.113189
HAP1_chr08	HAP1_chr13	11,13,15,17,19,23	23	14203707	18440066	1381298	31262475	0.044184	0.097249	0.107369	0.096361	False	0.117173
HAP1_chr08	HAP1_chr14	11,13,15,17,19,23	23	14203707	18749193	1544469	31408431	0.049174	0.108737	0.102924	0.091963	False	0.112648
HAP1_chr08	HAP1_chr15	11,13,15,17,19,23	23	14203707	18681787	1540127	31345367	0.049134	0.108431	0.102957	0.092075	False	0.111262
HAP1_chr08	HAP1_chr16	11,13,15,17,19,23	23	14203707	20632339	1539339	33296707	0.046231	0.108376	0.105485	0.092095	False	0.115522
HAP1_chr08	HAP1_chr17	11,13,15,17,19,23	23	14203707	16956397	1462547	29697557	0.049248	0.102969	0.102861	0.094113	False	0.114510
HAP1_chr08	HAP1_chr18	11,13,15,17,19,23	23	14203707	17743969	1348314	30599362	0.044063	0.094927	0.107482	0.097310	False	0.117153
HAP1_chr08	HAP1_chr19	11,13,15,17,19,23	23	14203707	15730146	1528729	28405124	0.053819	0.107629	0.099192	0.092368	False	0.107664
HAP1_chr08	HAP1_chr20	11,13,15,17,19,23	23	14203707	20860599	1933422	33130884	0.058357	0.136121	0.095858	0.083052	False	0.099613
HAP1_chr08	HAP1_chr21	11,13,15,17,19,23	23	14203707	17574516	1261100	30517123	0.041324	0.088787	0.110159	0.099931	False	0.118857
HAP1_chr08	HAP2_chr01	11,13,15,17,19,23	23	14203707	15217215	1539886	27881036	0.055231	0.108414	0.098124	0.092081	False	0.107001
HAP1_chr08	HAP2_chr02	11,13,15,17,19,23	23	14203707	17212117	1332591	30083233	0.044297	0.093820	0.107263	0.097770	False	0.115422
HAP1_chr08	HAP2_chr03	11,13,15,17,19,23	23	14203707	15276534	1366269	28113972	0.048598	0.096191	0.103413	0.096791	False	0.111623
HAP1_chr08	HAP2_chr04	11,13,15,17,19,23	23	14203707	15171067	1380171	27994603	0.049301	0.097170	0.102817	0.096393	False	0.111387
HAP1_chr08	HAP2_chr05	11,13,15,17,19,23	23	14203707	18489956	1311194	31382469	0.041781	0.092314	0.109700	0.098405	False	0.119009
HAP1_chr08	HAP2_chr06	11,13,15,17,19,23	23	14203707	12447116	1345974	25304849	0.053190	0.108135	0.099676	0.092182	False	0.108514
HAP1_chr08	HAP2_chr07	11,13,15,17,19,23	23	14203707	15137113	1230386	28110434	0.043770	0.086624	0.107761	0.100895	False	0.116469
HAP1_chr08	HAP2_chr08	11,13,15,17,19,23	23	14203707	12400397	11661596	14942508	0.780431	0.940421	0.005722	0.002667	False	0.004836
HAP1_chr08	HAP2_chr09	11,13,15,17,19,23	23	14203707	16717081	1530019	29390769	0.052058	0.107720	0.100565	0.092334	False	0.111534
HAP1_chr08	HAP2_chr10	11,13,15,17,19,23	23	14203707	14016487	1402527	26817667	0.052299	0.100063	0.100375	0.095240	False	0.108706
HAP1_chr08	HAP2_chr11	11,13,15,17,19,23	23	14203707	16002837	1108163	29098381	0.038083	0.078019	0.113574	0.104976	False	0.121414
HAP1_chr08	HAP2_chr12	11,13,15,17,19,23	23	14203707	20177810	1463464	32918053	0.044458	0.103034	0.107112	0.094088	False	0.117255
HAP1_chr08	HAP2_chr13	11,13,15,17,19,23	23	14203707	18509396	1391374	31321729	0.044422	0.097959	0.107145	0.096075	False	0.117101
HAP1_chr08	HAP2_chr14	11,13,15,17,19,23	23	14203707	18252379	1496714	30959372	0.048344	0.105375	0.103629	0.093203	False	0.113415
HAP1_chr08	HAP2_chr15	11,13,15,17,19,23	23	14203707	17251235	1371013	30083929	0.045573	0.096525	0.106081	0.096654	False	0.113954
HAP1_chr08	HAP2_chr16	11,13,15,17,19,23	23	14203707	20341455	1482223	33062939	0.044830	0.104355	0.106764	0.093586	False	0.116566
HAP1_chr08	HAP2_chr17	11,13,15,17,19,23	23	14203707	15674106	1236887	28640926	0.043186	0.087082	0.108320	0.100689	False	0.118416
HAP1_chr08	HAP2_chr18	11,13,15,17,19,23	23	14203707	16971540	1216248	29958999	0.040597	0.085629	0.110900	0.101347	False	0.119653
HAP1_chr08	HAP2_chr19	11,13,15,17,19,23	23	14203707	14487821	1237499	27454029	0.045075	0.087125	0.106537	0.100670	False	0.113373
HAP1_chr08	HAP2_chr20	11,13,15,17,19,23	23	14203707	20769008	1923945	33048770	0.058215	0.135454	0.095958	0.083248	False	0.099668
HAP1_chr08	HAP2_chr21	11,13,15,17,19,23	23	14203707	17436867	1252224	30388350	0.041207	0.088162	0.110277	0.100207	False	0.118986
HAP1_chr09	HAP1_chr10	11,13,15,17,19,23	23	16898433	15570964	1598665	30870732	0.051786	0.102670	0.100782	0.094227	False	0.110212
HAP1_chr09	HAP1_chr11	11,13,15,17,19,23	23	16898433	16299040	1206104	31991369	0.037701	0.073998	0.113997	0.107032	False	0.122392
HAP1_chr09	HAP1_chr12	11,13,15,17,19,23	23	16898433	21629986	1834922	36693497	0.050007	0.108585	0.102228	0.092018	False	0.114258
HAP1_chr09	HAP1_chr13	11,13,15,17,19,23	23	16898433	18440066	1495901	33842598	0.044202	0.088523	0.107352	0.100047	False	0.117605
HAP1_chr09	HAP1_chr14	11,13,15,17,19,23	23	16898433	18749193	1675795	33971831	0.049329	0.099169	0.102793	0.095593	False	0.113025
HAP1_chr09	HAP1_chr15	11,13,15,17,19,23	23	16898433	18681787	1590359	33989861	0.046789	0.094113	0.104986	0.097648	False	0.114542
HAP1_chr09	HAP1_chr16	11,13,15,17,19,23	23	16898433	20632339	2462992	35067780	0.070235	0.145753	0.088289	0.080323	False	0.091000
HAP1_chr09	HAP1_chr17	11,13,15,17,19,23	23	16898433	16956397	1553561	32301269	0.048096	0.091935	0.103843	0.098566	False	0.116105
HAP1_chr09	HAP1_chr18	11,13,15,17,19,23	23	16898433	17743969	1495097	33147305	0.045105	0.088475	0.106510	0.100068	False	0.116691
HAP1_chr09	HAP1_chr19	11,13,15,17,19,23	23	16898433	15730146	1617341	31011238	0.052153	0.102818	0.100489	0.094170	False	0.110310
HAP1_chr09	HAP1_chr20	11,13,15,17,19,23	23	16898433	20860599	1656138	36102894	0.045873	0.098005	0.105808	0.096056	False	0.115650
HAP1_chr09	HAP1_chr21	11,13,15,17,19,23	23	16898433	17574516	1415661	33057288	0.042824	0.083775	0.108671	0.102202	False	0.118089
HAP1_chr09	HAP2_chr01	11,13,15,17,19,23	23	16898433	15217215	1515427	30600221	0.049523	0.099586	0.102630	0.095427	False	0.112522
HAP1_chr09	HAP2_chr02	11,13,15,17,19,23	23	16898433	17212117	1428695	32681855	0.043715	0.084546	0.107813	0.101844	False	0.116978
HAP1_chr09	HAP2_chr03	11,13,15,17,19,23	23	16898433	15276534	1425490	30749477	0.046358	0.093312	0.105371	0.097983	False	0.114414
HAP1_chr09	HAP2_chr04	11,13,15,17,19,23	23	16898433	15171067	1403354	30666146	0.045762	0.092502	0.105908	0.098325	False	0.115947
HAP1_chr09	HAP2_chr05	11,13,15,17,19,23	23	16898433	18489956	1396007	33992382	0.041068	0.082612	0.110418	0.102747	False	0.119557
HAP1_chr09	HAP2_chr06	11,13,15,17,19,23	23	16898433	12447116	1329502	28016047	0.047455	0.106812	0.104400	0.092668	False	0.114095
HAP1_chr09	HAP2_chr07	11,13,15,17,19,23	23	16898433	15137113	1212592	30822954	0.039341	0.080107	0.112215	0.103947	False	0.120500
HAP1_chr09	HAP2_chr08	11,13,15,17,19,23	23	16898433	12400397	1374722	27924108	0.049231	0.110861	0.102876	0.091199	False	0.113654
HAP1_chr09	HAP2_chr09	11,13,15,17,19,23	23	16898433	16717081	15390499	18225015	0.844471	0.920645	0.003830	0.003588	False	0.003285
HAP1_chr09	HAP2_chr10	11,13,15,17,19,23	23	16898433	14016487	1437199	29477721	0.048755	0.102536	0.103278	0.094278	False	0.112330
HAP1_chr09	HAP2_chr11	11,13,15,17,19,23	23	16898433	16002837	1184223	31717047	0.037337	0.074001	0.114403	0.107031	False	0.122815
HAP1_chr09	HAP2_chr12	11,13,15,17,19,23	23	16898433	20177810	1576457	35499786	0.044408	0.093290	0.107159	0.097992	False	0.117766
HAP1_chr09	HAP2_chr13	11,13,15,17,19,23	23	16898433	18509396	1510753	33897076	0.044569	0.089402	0.107008	0.099660	False	0.117363
HAP1_chr09	HAP2_chr14	11,13,15,17,19,23	23	16898433	18252379	1636628	33514184	0.048834	0.096851	0.103211	0.096522	False	0.113465
HAP1_chr09	HAP2_chr15	11,13,15,17,19,23	23	16898433	17251235	1418874	32730794	0.043350	0.083965	0.108163	0.102113	False	0.117114
HAP1_chr09	HAP2_chr16	11,13,15,17,19,23	23	16898433	20341455	2427834	34812054	0.069741	0.143672	0.088575	0.080897	False	0.091202
HAP1_chr09	HAP2_chr17	11,13,15,17,19,23	23	16898433	15674106	1326748	31245791	0.042462	0.084646	0.109026	0.101798	False	0.119680
HAP1_chr09	HAP2_chr18	11,13,15,17,19,23	23	16898433	16971540	1346950	32523023	0.041415	0.079709	0.110067	0.104142	False	0.119091
HAP1_chr09	HAP2_chr19	11,13,15,17,19,23	23	16898433	14487821	1340134	30046120	0.044603	0.092501	0.106976	0.098325	False	0.114880
HAP1_chr09	HAP2_chr20	11,13,15,17,19,23	23	16898433	20769008	1645077	36022364	0.045668	0.097351	0.105994	0.096320	False	0.115777
HAP1_chr09	HAP2_chr21	11,13,15,17,19,23	23	16898433	17436867	1405400	32929900	0.042679	0.083167	0.108813	0.102486	False	0.118200
HAP1_chr10	HAP1_chr11	11,13,15,17,19,23	23	15570964	16299040	1268045	30601959	0.041437	0.081437	0.110045	0.103306	False	0.117213
HAP1_chr10	HAP1_chr12	11,13,15,17,19,23	23	15570964	21629986	1851995	35348955	0.052392	0.118939	0.100301	0.088416	False	0.111291
HAP1_chr10	HAP1_chr13	11,13,15,17,19,23	23	15570964	18440066	1571677	32439353	0.048450	0.100936	0.103539	0.094898	False	0.114260
HAP1_chr10	HAP1_chr14	11,13,15,17,19,23	23	15570964	18749193	1659820	32660337	0.050821	0.106597	0.101560	0.092748	False	0.111429
HAP1_chr10	HAP1_chr15	11,13,15,17,19,23	23	15570964	18681787	1577480	32675271	0.048277	0.101309	0.103687	0.094753	False	0.111667
HAP1_chr10	HAP1_chr16	11,13,15,17,19,23	23	15570964	20632339	1710390	34492913	0.049587	0.109845	0.102577	0.091563	False	0.112622
HAP1_chr10	HAP1_chr17	11,13,15,17,19,23	23	15570964	16956397	1449957	31077404	0.046656	0.093119	0.105104	0.098064	False	0.115077
HAP1_chr10	HAP1_chr18	11,13,15,17,19,23	23	15570964	17743969	1522589	31792344	0.047892	0.097784	0.104019	0.096145	False	0.113801
HAP1_chr10	HAP1_chr19	11,13,15,17,19,23	23	15570964	15730146	1572907	29728203	0.052910	0.101015	0.099895	0.094867	False	0.108013
HAP1_chr10	HAP1_chr20	11,13,15,17,19,23	23	15570964	20860599	1548959	34882604	0.044405	0.099477	0.107161	0.095470	False	0.116340
HAP1_chr10	HAP1_chr21	11,13,15,17,19,23	23	15570964	17574516	1361522	31783958	0.042837	0.087440	0.108659	0.100529	False	0.116918
HAP1_chr10	HAP2_chr01	11,13,15,17,19,23	23	15570964	15217215	1759194	29028985	0.060601	0.115606	0.094310	0.089542	False	0.103739
HAP1_chr10	HAP2_chr02	11,13,15,17,19,23	23	15570964	17212117	1417563	31365518	0.045195	0.091039	0.106427	0.098950	False	0.114651
HAP1_chr10	HAP2_chr03	11,13,15,17,19,23	23	15570964	15276534	2099104	28748394	0.073016	0.137407	0.086713	0.082677	False	0.088747
HAP1_chr10	HAP2_chr04	11,13,15,17,19,23	23	15570964	15171067	1433708	29308323	0.048918	0.094503	0.103140	0.097486	False	0.112038
HAP1_chr10	HAP2_chr05	11,13,15,17,19,23	23	15570964	18489956	1558216	32502704	0.047941	0.100072	0.103977	0.095236	False	0.115014
HAP1_chr10	HAP2_chr06	11,13,15,17,19,23	23	15570964	12447116	1438083	26579997	0.054104	0.115535	0.098974	0.089566	False	0.108423
HAP1_chr10	HAP2_chr07	11,13,15,17,19,23	23	15570964	15137113	1342480	29365597	0.045716	0.088688	0.105950	0.099974	False	0.115938
HAP1_chr10	HAP2_chr08	11,13,15,17,19,23	23	15570964	12400397	1382304	26589057	0.051988	0.111473	0.100621	0.090982	False	0.108790
HAP1_chr10	HAP2_chr09	11,13,15,17,19,23	23	15570964	16717081	1572765	30715280	0.051205	0.101006	0.101248	0.094870	False	0.110510
HAP1_chr10	HAP2_chr10	11,13,15,17,19,23	23	15570964	14016487	13692601	15894850	0.861449	0.976892	0.003363	0.001016	False	0.002920
HAP1_chr10	HAP2_chr11	11,13,15,17,19,23	23	15570964	16002837	1250064	30323737	0.041224	0.080282	0.110260	0.103863	False	0.117463
HAP1_chr10	HAP2_chr12	11,13,15,17,19,23	23	15570964	20177810	1592779	34155995	0.046632	0.102292	0.105126	0.094373	False	0.114926
HAP1_chr10	HAP2_chr13	11,13,15,17,19,23	23	15570964	18509396	1584077	32496283	0.048746	0.101733	0.103286	0.094588	False	0.114174
HAP1_chr10	HAP2_chr14	11,13,15,17,19,23	23	15570964	18252379	1619558	32203785	0.050291	0.104011	0.101994	0.093716	False	0.111984
HAP1_chr10	HAP2_chr15	11,13,15,17,19,23	23	15570964	17251235	1405526	31416673	0.044738	0.090266	0.106850	0.099284	False	0.114348
HAP1_chr10	HAP2_chr16	11,13,15,17,19,23	23	15570964	20341455	1636489	34275930	0.047745	0.105099	0.104147	0.093306	False	0.113681
HAP1_chr10	HAP2_chr17	11,13,15,17,19,23	23	15570964	15674106	1266572	29978498	0.042249	0.081342	0.109235	0.103351	False	0.118330
HAP1_chr10	HAP2_chr18	11,13,15,17,19,23	23	15570964	16971540	1361129	31181375	0.043652	0.087415	0.107873	0.100540	False	0.116545
HAP1_chr10	HAP2_chr19	11,13,15,17,19,23	23	15570964	14487821	1307402	28751383	0.045473	0.090241	0.106172	0.099294	False	0.113155
HAP1_chr10	HAP2_chr20	11,13,15,17,19,23	23	15570964	20769008	1537417	34802555	0.044175	0.098736	0.107377	0.095764	False	0.116534
HAP1_chr10	HAP2_chr21	11,13,15,17,19,23	23	15570964	17436867	1361745	31646086	0.043030	0.087454	0.108471	0.100522	False	0.116745
HAP1_chr11	HAP1_chr12	11,13,15,17,19,23	23	16299040	21629986	1323496	36605530	0.036156	0.081201	0.115752	0.103419	False	0.124997
HAP1_chr11	HAP1_chr13	11,13,15,17,19,23	23	16299040	18440066	1327826	33411280	0.039742	0.081467	0.111790	0.103292	False	0.119256
HAP1_chr11	HAP1_chr14	11,13,15,17,19,23	23	16299040	18749193	1244435	33803798	0.036813	0.076350	0.114995	0.105817	False	0.123521
HAP1_chr11	HAP1_chr15	11,13,15,17,19,23	23	16299040	18681787	1234667	33746160	0.036587	0.075751	0.115254	0.106123	False	0.122942
HAP1_chr11	HAP1_chr16	11,13,15,17,19,23	23	16299040	20632339	1334264	35597115	0.037482	0.081862	0.114241	0.103103	False	0.123147
HAP1_chr11	HAP1_chr17	11,13,15,17,19,23	23	16299040	16956397	1145028	32110409	0.035659	0.070251	0.116332	0.109048	False	0.124970
HAP1_chr11	HAP1_chr18	11,13,15,17,19,23	23	16299040	17743969	1189578	32853431	0.036209	0.072985	0.115690	0.107568	False	0.123818
HAP1_chr11	HAP1_chr19	11,13,15,17,19,23	23	16299040	15730146	1215603	30813583	0.039450	0.077279	0.112098	0.105347	False	0.120133
HAP1_chr11	HAP1_chr20	11,13,15,17,19,23	23	16299040	20860599	1203097	35956542	0.033460	0.073814	0.119008	0.107129	False	0.127312
HAP1_chr11	HAP1_chr21	11,13,15,17,19,23	23	16299040	17574516	1156736	32716820	0.035356	0.070970	0.116691	0.108653	False	0.125556
HAP1_chr11	HAP2_chr01	11,13,15,17,19,23	23	16299040	15217215	1808249	29708006	0.060867	0.118829	0.094130	0.088453	False	0.094770
HAP1_chr11	HAP2_chr02	11,13,15,17,19,23	23	16299040	17212117	1638260	31872897	0.051400	0.100513	0.101091	0.095063	False	0.112104
HAP1_chr11	HAP2_chr03	11,13,15,17,19,23	23	16299040	15276534	1237329	30338245	0.040784	0.080995	0.110708	0.103518	False	0.117221
HAP1_chr11	HAP2_chr04	11,13,15,17,19,23	23	16299040	15171067	1137056	30333051	0.037486	0.074949	0.114237	0.106537	False	0.121226
HAP1_chr11	HAP2_chr05	11,13,15,17,19,23	23	16299040	18489956	1486364	33302632	0.044632	0.091193	0.106949	0.098883	False	0.117118
HAP1_chr11	HAP2_chr06	11,13,15,17,19,23	23	16299040	12447116	1060542	27685614	0.038307	0.085204	0.113329	0.101541	False	0.122202
HAP1_chr11	HAP2_chr07	11,13,15,17,19,23	23	16299040	15137113	1424760	30011393	0.047474	0.094124	0.104383	0.097643	False	0.114244
HAP1_chr11	HAP2_chr08	11,13,15,17,19,23	23	16299040	12400397	1020458	27678979	0.036868	0.082292	0.114934	0.102898	False	0.123073
HAP1_chr11	HAP2_chr09	11,13,15,17,19,23	23	16299040	16717081	1185950	31830171	0.037259	0.072762	0.114492	0.107686	False	0.122803
HAP1_chr11	HAP2_chr10	11,13,15,17,19,23	23	16299040	14016487	1155499	29160028	0.039626	0.082439	0.111912	0.102829	False	0.119180
HAP1_chr11	HAP2_chr11	11,13,15,17,19,23	23	16299040	16002837	15481021	16820856	0.920347	0.967392	0.001842	0.001440	False	0.001559
HAP1_chr11	HAP2_chr12	11,13,15,17,19,23	23	16299040	20177810	1196356	35280494	0.033910	0.073400	0.118446	0.107347	False	0.127409
HAP1_chr11	HAP2_chr13	11,13,15,17,19,23	23	16299040	18509396	1343727	33464709	0.040154	0.082442	0.111359	0.102827	False	0.118864
HAP1_chr11	HAP2_chr14	11,13,15,17,19,23	23	16299040	18252379	1199396	33352023	0.035962	0.073587	0.115978	0.107249	False	0.124517
HAP1_chr11	HAP2_chr15	11,13,15,17,19,23	23	16299040	17251235	1147594	32402681	0.035417	0.070409	0.116619	0.108961	False	0.124295
HAP1_chr11	HAP2_chr16	11,13,15,17,19,23	23	16299040	20341455	1299309	35341186	0.036765	0.079717	0.115051	0.104138	False	0.123840
HAP1_chr11	HAP2_chr17	11,13,15,17,19,23	23	16299040	15674106	1053726	30919420	0.034080	0.067227	0.118236	0.110750	False	0.126910
HAP1_chr11	HAP2_chr18	11,13,15,17,19,23	23	16299040	16971540	1146755	32123825	0.035698	0.070357	0.116287	0.108989	False	0.124363
HAP1_chr11	HAP2_chr19	11,13,15,17,19,23	23	16299040	14487821	1113971	29672890	0.037542	0.076890	0.114174	0.105543	False	0.121995
HAP1_chr11	HAP2_chr20	11,13,15,17,19,23	23	16299040	20769008	1198644	35869404	0.033417	0.073541	0.119062	0.107273	False	0.127374
HAP1_chr11	HAP2_chr21	11,13,15,17,19,23	23	16299040	17436867	1140167	32595740	0.034979	0.069953	0.117141	0.109212	False	0.125897
HAP1_chr12	HAP1_chr13	11,13,15,17,19,23	23	21629986	18440066	1728134	38341918	0.045072	0.093716	0.106541	0.097814	False	0.118040
HAP1_chr12	HAP1_chr14	11,13,15,17,19,23	23	21629986	18749193	2195676	38183503	0.057503	0.117108	0.096464	0.089031	False	0.104317
HAP1_chr12	HAP1_chr15	11,13,15,17,19,23	23	21629986	18681787	1856403	38455370	0.048274	0.099370	0.103689	0.095513	False	0.113882
HAP1_chr12	HAP1_chr16	11,13,15,17,19,23	23	21629986	20632339	1917698	40344627	0.047533	0.092946	0.104331	0.098137	False	0.115611
HAP1_chr12	HAP1_chr17	11,13,15,17,19,23	23	21629986	16956397	1696798	36889585	0.045997	0.100068	0.105696	0.095237	False	0.118234
HAP1_chr12	HAP1_chr18	11,13,15,17,19,23	23	21629986	17743969	1691695	37682260	0.044894	0.095339	0.106705	0.097140	False	0.117455
HAP1_chr12	HAP1_chr19	11,13,15,17,19,23	23	21629986	15730146	1811401	35548731	0.050955	0.115155	0.101450	0.089697	False	0.112255
HAP1_chr12	HAP1_chr20	11,13,15,17,19,23	23	21629986	20860599	1829390	40661195	0.044991	0.087696	0.106615	0.100414	False	0.117429
HAP1_chr12	HAP1_chr21	11,13,15,17,19,23	23	21629986	17574516	2321028	36883474	0.062929	0.132068	0.092767	0.084257	False	0.096874
HAP1_chr12	HAP2_chr01	11,13,15,17,19,23	23	21629986	15217215	1814137	35033064	0.051784	0.119216	0.100784	0.088324	False	0.112397
HAP1_chr12	HAP2_chr02	11,13,15,17,19,23	23	21629986	17212117	1576701	37265402	0.042310	0.091604	0.109175	0.098707	False	0.119555
HAP1_chr12	HAP2_chr03	11,13,15,17,19,23	23	21629986	15276534	1652379	35254141	0.046870	0.108165	0.104914	0.092172	False	0.115363
HAP1_chr12	HAP2_chr04	11,13,15,17,19,23	23	21629986	15171067	1644185	35156868	0.046767	0.108376	0.105006	0.092095	False	0.116282
HAP1_chr12	HAP2_chr05	11,13,15,17,19,23	23	21629986	18489956	1669040	38450902	0.043407	0.090267	0.108108	0.099283	False	0.119066
HAP1_chr12	HAP2_chr06	11,13,15,17,19,23	23	21629986	12447116	1470301	32606801	0.045092	0.118124	0.106522	0.088689	False	0.116960
HAP1_chr12	HAP2_chr07	11,13,15,17,19,23	23	21629986	15137113	1399928	35367171	0.039583	0.092483	0.111958	0.098333	False	0.121222
HAP1_chr12	HAP2_chr08	11,13,15,17,19,23	23	21629986	12400397	1528654	32501729	0.047033	0.123275	0.104770	0.086996	False	0.115987
HAP1_chr12	HAP2_chr09	11,13,15,17,19,23	23	21629986	16717081	1802116	36544951	0.049312	0.107801	0.102807	0.092305	False	0.114642
HAP1_chr12	HAP2_chr10	11,13,15,17,19,23	23	21629986	14016487	1671691	33974782	0.049204	0.119266	0.102899	0.088307	False	0.113250
HAP1_chr12	HAP2_chr11	11,13,15,17,19,23	23	21629986	16002837	1301482	36331341	0.035823	0.081328	0.116140	0.103358	False	0.125407
HAP1_chr12	HAP2_chr12	11,13,15,17,19,23	23	21629986	20177810	19870509	21937287	0.905787	0.984770	0.002204	0.000667	False	0.001919
HAP1_chr12	HAP2_chr13	11,13,15,17,19,23	23	21629986	18509396	1744736	38394646	0.045442	0.094262	0.106200	0.097586	False	0.117794
HAP1_chr12	HAP2_chr14	11,13,15,17,19,23	23	21629986	18252379	2157745	37724620	0.057197	0.118217	0.096684	0.088657	False	0.104567
HAP1_chr12	HAP2_chr15	11,13,15,17,19,23	23	21629986	17251235	1669371	37211850	0.044861	0.096768	0.106736	0.096556	False	0.116423
HAP1_chr12	HAP2_chr16	11,13,15,17,19,23	23	21629986	20341455	1881909	40089532	0.046943	0.092516	0.104850	0.098319	False	0.115971
HAP1_chr12	HAP2_chr17	11,13,15,17,19,23	23	21629986	15674106	1486265	35817827	0.041495	0.094823	0.109987	0.097353	False	0.121304
HAP1_chr12	HAP2_chr18	11,13,15,17,19,23	23	21629986	16971540	1535408	37066118	0.041423	0.090470	0.110059	0.099196	False	0.119700
HAP1_chr12	HAP2_chr19	11,13,15,17,19,23	23	21629986	14487821	1517135	34600672	0.043847	0.104718	0.107688	0.093449	False	0.117003
HAP1_chr12	HAP2_chr20	11,13,15,17,19,23	23	21629986	20769008	1817131	40581863	0.044777	0.087492	0.106814	0.100505	False	0.117580
HAP1_chr12	HAP2_chr21	11,13,15,17,19,23	23	21629986	17436867	2308348	36758505	0.062798	0.132383	0.092852	0.084162	False	0.096896
HAP1_chr13	HAP1_chr14	11,13,15,17,19,23	23	18440066	18749193	1567848	35621411	0.044014	0.085024	0.107529	0.101624	False	0.118430
HAP1_chr13	HAP1_chr15	11,13,15,17,19,23	23	18440066	18681787	1503581	35618272	0.042214	0.081539	0.109270	0.103257	False	0.118594
HAP1_chr13	HAP1_chr16	11,13,15,17,19,23	23	18440066	20632339	1683843	37388562	0.045036	0.091314	0.106574	0.098831	False	0.117144
HAP1_chr13	HAP1_chr17	11,13,15,17,19,23	23	18440066	16956397	1498522	33897941	0.044207	0.088375	0.107347	0.100112	False	0.117665
HAP1_chr13	HAP1_chr18	11,13,15,17,19,23	23	18440066	17743969	1530248	34653787	0.044158	0.086240	0.107393	0.101069	False	0.118252
HAP1_chr13	HAP1_chr19	11,13,15,17,19,23	23	18440066	15730146	1529482	32640730	0.046858	0.097233	0.104925	0.096368	False	0.115028
HAP1_chr13	HAP1_chr20	11,13,15,17,19,23	23	18440066	20860599	1531049	37769616	0.040537	0.083028	0.110963	0.102551	False	0.121022
HAP1_chr13	HAP1_chr21	11,13,15,17,19,23	23	18440066	17574516	1388254	34626328	0.040092	0.078992	0.111423	0.104493	False	0.121237
HAP1_chr13	HAP2_chr01	11,13,15,17,19,23	23	18440066	15217215	1622447	32034834	0.050646	0.106619	0.101702	0.092740	False	0.111789
HAP1_chr13	HAP2_chr02	11,13,15,17,19,23	23	18440066	17212117	1567661	34084522	0.045993	0.091079	0.105699	0.098933	False	0.115986
HAP1_chr13	HAP2_chr03	11,13,15,17,19,23	23	18440066	15276534	1449053	32267547	0.044907	0.094855	0.106693	0.097340	False	0.116679
HAP1_chr13	HAP2_chr04	11,13,15,17,19,23	23	18440066	15171067	2066828	31544305	0.065521	0.136235	0.091117	0.083019	False	0.093020
HAP1_chr13	HAP2_chr05	11,13,15,17,19,23	23	18440066	18489956	1481355	35448667	0.041789	0.080333	0.109692	0.103837	False	0.119720
HAP1_chr13	HAP2_chr06	11,13,15,17,19,23	23	18440066	12447116	1186454	29700728	0.039947	0.095320	0.111575	0.097148	False	0.122020
HAP1_chr13	HAP2_chr07	11,13,15,17,19,23	23	18440066	15137113	1224480	32352699	0.037848	0.080893	0.113834	0.103567	False	0.123222
HAP1_chr13	HAP2_chr08	11,13,15,17,19,23	23	18440066	12400397	1230865	29609598	0.041570	0.099260	0.109911	0.095556	False	0.119477
HAP1_chr13	HAP2_chr09	11,13,15,17,19,23	23	18440066	16717081	1474790	33682357	0.043785	0.088221	0.107746	0.100181	False	0.117882
HAP1_chr13	HAP2_chr10	11,13,15,17,19,23	23	18440066	14016487	1430861	31025692	0.046119	0.102084	0.105586	0.094453	False	0.115987
HAP1_chr13	HAP2_chr11	11,13,15,17,19,23	23	18440066	16002837	1307080	33135823	0.039446	0.081678	0.112103	0.103190	False	0.119592
HAP1_chr13	HAP2_chr12	11,13,15,17,19,23	23	18440066	20177810	1555229	37062647	0.041962	0.084340	0.109519	0.101939	False	0.120420
HAP1_chr13	HAP2_chr13	11,13,15,17,19,23	23	18440066	18509396	16456357	20493105	0.803019	0.892424	0.005030	0.004936	False	0.004302
HAP1_chr13	HAP2_chr14	11,13,15,17,19,23	23	18440066	18252379	1545113	35147332	0.043961	0.084653	0.107579	0.101795	False	0.118664
HAP1_chr13	HAP2_chr15	11,13,15,17,19,23	23	18440066	17251235	1365786	34325515	0.039789	0.079170	0.111740	0.104406	False	0.120663
HAP1_chr13	HAP2_chr16	11,13,15,17,19,23	23	18440066	20341455	1650739	37130782	0.044457	0.089519	0.107112	0.099609	False	0.117591
HAP1_chr13	HAP2_chr17	11,13,15,17,19,23	23	18440066	15674106	1371096	32743076	0.041874	0.087475	0.109607	0.100513	False	0.119465
HAP1_chr13	HAP2_chr18	11,13,15,17,19,23	23	18440066	16971540	1406299	34005307	0.041355	0.082862	0.110127	0.102629	False	0.120167
HAP1_chr13	HAP2_chr19	11,13,15,17,19,23	23	18440066	14487821	1363975	31563912	0.043213	0.094146	0.108294	0.097634	False	0.117641
HAP1_chr13	HAP2_chr20	11,13,15,17,19,23	23	18440066	20769008	1522018	37687056	0.040386	0.082539	0.111118	0.102782	False	0.121131
HAP1_chr13	HAP2_chr21	11,13,15,17,19,23	23	18440066	17436867	1378583	34498350	0.039961	0.079061	0.111560	0.104459	False	0.121389
HAP1_chr14	HAP1_chr15	11,13,15,17,19,23	23	18749193	18681787	1660416	35770564	0.046419	0.088879	0.105317	0.099890	False	0.115110
HAP1_chr14	HAP1_chr16	11,13,15,17,19,23	23	18749193	20632339	1753732	37627800	0.046607	0.093536	0.105148	0.097889	False	0.114958
HAP1_chr14	HAP1_chr17	11,13,15,17,19,23	23	18749193	16956397	1522795	34182795	0.044549	0.089807	0.107027	0.099484	False	0.118615
HAP1_chr14	HAP1_chr18	11,13,15,17,19,23	23	18749193	17743969	1525077	34968085	0.043613	0.085949	0.107910	0.101201	False	0.118412
HAP1_chr14	HAP1_chr19	11,13,15,17,19,23	23	18749193	15730146	1611371	32867968	0.049026	0.102438	0.103049	0.094316	False	0.112896
HAP1_chr14	HAP1_chr20	11,13,15,17,19,23	23	18749193	20860599	2007344	37602448	0.053383	0.107063	0.099527	0.092576	False	0.105798
HAP1_chr14	HAP1_chr21	11,13,15,17,19,23	23	18749193	17574516	1439943	34883766	0.041278	0.081934	0.110205	0.103069	False	0.119322
HAP1_chr14	HAP2_chr01	11,13,15,17,19,23	23	18749193	15217215	1611991	32354417	0.049823	0.105932	0.102381	0.092995	False	0.112651
HAP1_chr14	HAP2_chr02	11,13,15,17,19,23	23	18749193	17212117	1472594	34488716	0.042698	0.085556	0.108794	0.101380	False	0.118434
HAP1_chr14	HAP2_chr03	11,13,15,17,19,23	23	18749193	15276534	1497393	32528334	0.046033	0.098019	0.105663	0.096051	False	0.115025
HAP1_chr14	HAP2_chr04	11,13,15,17,19,23	23	18749193	15171067	1474417	32445843	0.045442	0.097186	0.106200	0.096386	False	0.116643
HAP1_chr14	HAP2_chr05	11,13,15,17,19,23	23	18749193	18489956	1414955	35824194	0.039497	0.076526	0.112049	0.105728	False	0.121598
HAP1_chr14	HAP2_chr06	11,13,15,17,19,23	23	18749193	12447116	1358716	29837593	0.045537	0.109159	0.106114	0.091810	False	0.115580
HAP1_chr14	HAP2_chr07	11,13,15,17,19,23	23	18749193	15137113	1374377	32511929	0.042273	0.090795	0.109211	0.099055	False	0.119496
HAP1_chr14	HAP2_chr08	11,13,15,17,19,23	23	18749193	12400397	1353849	29795741	0.045438	0.109178	0.106204	0.091804	False	0.115617
HAP1_chr14	HAP2_chr09	11,13,15,17,19,23	23	18749193	16717081	1643075	33823199	0.048578	0.098287	0.103429	0.095944	False	0.113463
HAP1_chr14	HAP2_chr10	11,13,15,17,19,23	23	18749193	14016487	1494389	31271291	0.047788	0.106617	0.104109	0.092741	False	0.113733
HAP1_chr14	HAP2_chr11	11,13,15,17,19,23	23	18749193	16002837	1220085	33531945	0.036386	0.076242	0.115486	0.105872	False	0.124048
HAP1_chr14	HAP2_chr12	11,13,15,17,19,23	23	18749193	20177810	1977333	36949670	0.053514	0.105462	0.099426	0.093170	False	0.106634
HAP1_chr14	HAP2_chr13	11,13,15,17,19,23	23	18749193	18509396	1591552	35667037	0.044622	0.085986	0.106958	0.101184	False	0.118021
HAP1_chr14	HAP2_chr14	11,13,15,17,19,23	23	18749193	18252379	16815732	20185840	0.833046	0.921290	0.004152	0.003558	False	0.003613
HAP1_chr14	HAP2_chr15	11,13,15,17,19,23	23	18749193	17251235	1460898	34539530	0.042296	0.084684	0.109188	0.101780	False	0.118193
HAP1_chr14	HAP2_chr16	11,13,15,17,19,23	23	18749193	20341455	1710743	37379905	0.045766	0.091244	0.105905	0.098862	False	0.115553
HAP1_chr14	HAP2_chr17	11,13,15,17,19,23	23	18749193	15674106	1323008	33100291	0.039970	0.084407	0.111551	0.101908	False	0.121965
HAP1_chr14	HAP2_chr18	11,13,15,17,19,23	23	18749193	16971540	1372337	34348396	0.039953	0.080861	0.111568	0.103582	False	0.120936
HAP1_chr14	HAP2_chr19	11,13,15,17,19,23	23	18749193	14487821	1352035	31884979	0.042404	0.093322	0.109083	0.097979	False	0.117555
HAP1_chr14	HAP2_chr20	11,13,15,17,19,23	23	18749193	20769008	1994427	37523774	0.053151	0.106374	0.099707	0.092830	False	0.105928
HAP1_chr14	HAP2_chr21	11,13,15,17,19,23	23	18749193	17436867	1430845	34755215	0.041169	0.082059	0.110316	0.103009	False	0.119413
HAP1_chr15	HAP1_chr16	11,13,15,17,19,23	23	18681787	20632339	1707633	37606493	0.045408	0.091406	0.106232	0.098792	False	0.115659
HAP1_chr15	HAP1_chr17	11,13,15,17,19,23	23	18681787	16956397	1503101	34135083	0.044034	0.088645	0.107510	0.099993	False	0.117071
HAP1_chr15	HAP1_chr18	11,13,15,17,19,23	23	18681787	17743969	2081478	34344278	0.060606	0.117306	0.094307	0.088964	False	0.096905
HAP1_chr15	HAP1_chr19	11,13,15,17,19,23	23	18681787	15730146	1685377	32726556	0.051499	0.107143	0.101012	0.092546	False	0.109378
HAP1_chr15	HAP1_chr20	11,13,15,17,19,23	23	18681787	20860599	1697581	37844805	0.044856	0.090868	0.106740	0.099023	False	0.116082
HAP1_chr15	HAP1_chr21	11,13,15,17,19,23	23	18681787	17574516	1501665	34754638	0.043208	0.085446	0.108300	0.101430	False	0.117628
HAP1_chr15	HAP2_chr01	11,13,15,17,19,23	23	18681787	15217215	1535730	32363272	0.047453	0.100921	0.104401	0.094904	False	0.112769
HAP1_chr15	HAP2_chr02	11,13,15,17,19,23	23	18681787	17212117	1488183	34405721	0.043254	0.086461	0.108255	0.100969	False	0.116154
HAP1_chr15	HAP2_chr03	11,13,15,17,19,23	23	18681787	15276534	1646865	32311456	0.050968	0.107804	0.101440	0.092304	False	0.111159
HAP1_chr15	HAP2_chr04	11,13,15,17,19,23	23	18681787	15171067	1760479	32092375	0.054857	0.116042	0.098404	0.089393	False	0.110506
HAP1_chr15	HAP2_chr05	11,13,15,17,19,23	23	18681787	18489956	1436219	35735524	0.040190	0.077676	0.111321	0.105147	False	0.119833
HAP1_chr15	HAP2_chr06	11,13,15,17,19,23	23	18681787	12447116	1254617	29874286	0.041997	0.100796	0.109485	0.094952	False	0.117995
HAP1_chr15	HAP2_chr07	11,13,15,17,19,23	23	18681787	15137113	1249721	32569179	0.038371	0.082560	0.113259	0.102772	False	0.120714
HAP1_chr15	HAP2_chr08	11,13,15,17,19,23	23	18681787	12400397	1400150	29682034	0.047172	0.112912	0.104648	0.090475	False	0.113156
HAP1_chr15	HAP2_chr09	11,13,15,17,19,23	23	18681787	16717081	1573290	33825578	0.046512	0.094113	0.105233	0.097648	False	0.114684
HAP1_chr15	HAP2_chr10	11,13,15,17,19,23	23	18681787	14016487	1463979	31234295	0.046871	0.104447	0.104914	0.093551	False	0.113108
HAP1_chr15	HAP2_chr11	11,13,15,17,19,23	23	18681787	16002837	1218116	33466508	0.036398	0.076119	0.115471	0.105935	False	0.123207
HAP1_chr15	HAP2_chr12	11,13,15,17,19,23	23	18681787	20177810	1706075	37153522	0.045920	0.091323	0.105766	0.098828	False	0.115794
HAP1_chr15	HAP2_chr13	11,13,15,17,19,23	23	18681787	18509396	1507585	35683598	0.042249	0.081450	0.109235	0.103300	False	0.118656
HAP1_chr15	HAP2_chr14	11,13,15,17,19,23	23	18681787	18252379	1628066	35306100	0.046113	0.089197	0.105591	0.099750	False	0.115498
HAP1_chr15	HAP2_chr15	11,13,15,17,19,23	23	18681787	17251235	17041578	18891444	0.902079	0.987847	0.002298	0.000531	False	0.001892
HAP1_chr15	HAP2_chr16	11,13,15,17,19,23	23	18681787	20341455	1681446	37341796	0.045029	0.090005	0.106581	0.099397	False	0.116013
HAP1_chr15	HAP2_chr17	11,13,15,17,19,23	23	18681787	15674106	1377192	32978701	0.041760	0.087864	0.109721	0.100339	False	0.118930
HAP1_chr15	HAP2_chr18	11,13,15,17,19,23	23	18681787	16971540	2000574	33652753	0.059448	0.117878	0.095098	0.088771	False	0.097423
HAP1_chr15	HAP2_chr19	11,13,15,17,19,23	23	18681787	14487821	1486441	31683167	0.046916	0.102599	0.104874	0.094254	False	0.112656
HAP1_chr15	HAP2_chr20	11,13,15,17,19,23	23	18681787	20769008	1690353	37760442	0.044765	0.090481	0.106825	0.099190	False	0.116172
HAP1_chr15	HAP2_chr21	11,13,15,17,19,23	23	18681787	17436867	1489516	34629138	0.043013	0.085423	0.108487	0.101441	False	0.117809
HAP1_chr16	HAP1_chr17	11,13,15,17,19,23	23	20632339	16956397	1553573	36035163	0.043113	0.091622	0.108391	0.098700	False	0.119066
HAP1_chr16	HAP1_chr18	11,13,15,17,19,23	23	20632339	17743969	1629456	36746852	0.044343	0.091832	0.107219	0.098610	False	0.117693
HAP1_chr16	HAP1_chr19	11,13,15,17,19,23	23	20632339	15730146	1725931	34636554	0.049830	0.109721	0.102375	0.091608	False	0.111869
HAP1_chr16	HAP1_chr20	11,13,15,17,19,23	23	20632339	20860599	1783881	39709057	0.044924	0.086460	0.106678	0.100969	False	0.116084
HAP1_chr16	HAP1_chr21	11,13,15,17,19,23	23	20632339	17574516	1560997	36645858	0.042597	0.088822	0.108893	0.099915	False	0.118691
HAP1_chr16	HAP2_chr01	11,13,15,17,19,23	23	20632339	15217215	1645274	34204280	0.048101	0.108119	0.103838	0.092188	False	0.114269
HAP1_chr16	HAP2_chr02	11,13,15,17,19,23	23	20632339	17212117	1563154	36281302	0.043084	0.090817	0.108419	0.099045	False	0.117884
HAP1_chr16	HAP2_chr03	11,13,15,17,19,23	23	20632339	15276534	1545957	34362916	0.044989	0.101198	0.106617	0.094796	False	0.116367
HAP1_chr16	HAP2_chr04	11,13,15,17,19,23	23	20632339	15171067	1474933	34328473	0.042965	0.097220	0.108534	0.096373	False	0.118962
HAP1_chr16	HAP2_chr05	11,13,15,17,19,23	23	20632339	18489956	1535028	37587267	0.040839	0.083020	0.110652	0.102555	False	0.120323
HAP1_chr16	HAP2_chr06	11,13,15,17,19,23	23	20632339	12447116	1410158	31669297	0.044528	0.113292	0.107046	0.090342	False	0.118318
HAP1_chr16	HAP2_chr07	11,13,15,17,19,23	23	20632339	15137113	1367353	34402099	0.039746	0.090331	0.111786	0.099255	False	0.120969
HAP1_chr16	HAP2_chr08	11,13,15,17,19,23	23	20632339	12400397	1385406	31647330	0.043776	0.111723	0.107755	0.090893	False	0.117639
HAP1_chr16	HAP2_chr09	11,13,15,17,19,23	23	20632339	16717081	2428869	34920551	0.069554	0.145293	0.088685	0.080449	False	0.091232
HAP1_chr16	HAP2_chr10	11,13,15,17,19,23	23	20632339	14016487	1567270	33081556	0.047376	0.111816	0.104469	0.090860	False	0.114236
HAP1_chr16	HAP2_chr11	11,13,15,17,19,23	23	20632339	16002837	1310947	35324229	0.037112	0.081920	0.114657	0.103075	False	0.123638
HAP1_chr16	HAP2_chr12	11,13,15,17,19,23	23	20632339	20177810	1749434	39060715	0.044788	0.086701	0.106804	0.100860	False	0.117550
HAP1_chr16	HAP2_chr13	11,13,15,17,19,23	23	20632339	18509396	1693091	37448644	0.045211	0.091472	0.106412	0.098764	False	0.117075
HAP1_chr16	HAP2_chr14	11,13,15,17,19,23	23	20632339	18252379	1725572	37159146	0.046437	0.094540	0.105300	0.097470	False	0.115208
HAP1_chr16	HAP2_chr15	11,13,15,17,19,23	23	20632339	17251235	1559250	36324324	0.042926	0.090385	0.108572	0.099232	False	0.117624
HAP1_chr16	HAP2_chr16	11,13,15,17,19,23	23	20632339	20341455	19784416	21189378	0.933695	0.972616	0.001517	0.001207	False	0.001348
HAP1_chr16	HAP2_chr17	11,13,15,17,19,23	23	20632339	15674106	1406375	34900070	0.040297	0.089726	0.111210	0.099519	False	0.121347
HAP1_chr16	HAP2_chr18	11,13,15,17,19,23	23	20632339	16971540	1510933	36092946	0.041862	0.089027	0.109619	0.099825	False	0.119359
HAP1_chr16	HAP2_chr19	11,13,15,17,19,23	23	20632339	14487821	1520502	33599658	0.045253	0.104950	0.106373	0.093362	False	0.115063
HAP1_chr16	HAP2_chr20	11,13,15,17,19,23	23	20632339	20769008	1772677	39628670	0.044732	0.085917	0.106855	0.101215	False	0.116219
HAP1_chr16	HAP2_chr21	11,13,15,17,19,23	23	20632339	17436867	1543404	36525802	0.042255	0.088514	0.109229	0.100051	False	0.119008
HAP1_chr17	HAP1_chr18	11,13,15,17,19,23	23	16956397	17743969	1395734	33304632	0.041908	0.082313	0.109573	0.102888	False	0.119663
HAP1_chr17	HAP1_chr19	11,13,15,17,19,23	23	16956397	15730146	1507946	31178597	0.048365	0.095863	0.103612	0.096925	False	0.114868
HAP1_chr17	HAP1_chr20	11,13,15,17,19,23	23	16956397	20860599	1457224	36359772	0.040078	0.085939	0.111438	0.101205	False	0.122152
HAP1_chr17	HAP1_chr21	11,13,15,17,19,23	23	16956397	17574516	1251510	33279403	0.037606	0.073808	0.114102	0.107133	False	0.124200
HAP1_chr17	HAP2_chr01	11,13,15,17,19,23	23	16956397	15217215	1423460	30750152	0.046291	0.093543	0.105431	0.097886	False	0.116307
HAP1_chr17	HAP2_chr02	11,13,15,17,19,23	23	16956397	17212117	1361883	32806631	0.041512	0.080317	0.109969	0.103846	False	0.119993
HAP1_chr17	HAP2_chr03	11,13,15,17,19,23	23	16956397	15276534	1357393	30875538	0.043963	0.088855	0.107577	0.099901	False	0.116939
HAP1_chr17	HAP2_chr04	11,13,15,17,19,23	23	16956397	15171067	1309155	30818309	0.042480	0.086293	0.109008	0.101045	False	0.118976
HAP1_chr17	HAP2_chr05	11,13,15,17,19,23	23	16956397	18489956	2004968	33441385	0.059955	0.118243	0.094750	0.088649	False	0.097190
HAP1_chr17	HAP2_chr06	11,13,15,17,19,23	23	16956397	12447116	1194029	28209484	0.042327	0.095928	0.109158	0.096898	False	0.120387
HAP1_chr17	HAP2_chr07	11,13,15,17,19,23	23	16956397	15137113	1149648	30943862	0.037153	0.075949	0.114611	0.106022	False	0.123850
HAP1_chr17	HAP2_chr08	11,13,15,17,19,23	23	16956397	12400397	1286620	28070174	0.045836	0.103756	0.105842	0.093813	False	0.117221
HAP1_chr17	HAP2_chr09	11,13,15,17,19,23	23	16956397	16717081	1514811	32158667	0.047104	0.090615	0.104708	0.099133	False	0.116714
HAP1_chr17	HAP2_chr10	11,13,15,17,19,23	23	16956397	14016487	1302541	29670343	0.043900	0.092929	0.107637	0.098144	False	0.117228
HAP1_chr17	HAP2_chr11	11,13,15,17,19,23	23	16956397	16002837	1129674	31829560	0.035491	0.070592	0.116530	0.108860	False	0.125218
HAP1_chr17	HAP2_chr12	11,13,15,17,19,23	23	16956397	20177810	1484554	35649653	0.041643	0.087551	0.109838	0.100479	False	0.121161
HAP1_chr17	HAP2_chr13	11,13,15,17,19,23	23	16956397	18509396	1503885	33961908	0.044282	0.088691	0.107277	0.099973	False	0.117658
HAP1_chr17	HAP2_chr14	11,13,15,17,19,23	23	16956397	18252379	1490282	33718494	0.044198	0.087889	0.107356	0.100328	False	0.118957
HAP1_chr17	HAP2_chr15	11,13,15,17,19,23	23	16956397	17251235	1357535	32850097	0.041325	0.080060	0.110158	0.103970	False	0.119138
HAP1_chr17	HAP2_chr16	11,13,15,17,19,23	23	16956397	20341455	1514899	35782953	0.042336	0.089341	0.109150	0.099687	False	0.119702
HAP1_chr17	HAP2_chr17	11,13,15,17,19,23	23	16956397	15674106	15325446	17305057	0.885605	0.977756	0.002721	0.000978	False	0.002333
HAP1_chr17	HAP2_chr18	11,13,15,17,19,23	23	16956397	16971540	1276560	32651377	0.039097	0.075285	0.112475	0.106363	False	0.121654
HAP1_chr17	HAP2_chr19	11,13,15,17,19,23	23	16956397	14487821	1253926	30190292	0.041534	0.086550	0.109947	0.100928	False	0.119071
HAP1_chr17	HAP2_chr20	11,13,15,17,19,23	23	16956397	20769008	1443197	36282208	0.039777	0.085112	0.111753	0.101583	False	0.122429
HAP1_chr17	HAP2_chr21	11,13,15,17,19,23	23	16956397	17436867	1246199	33147065	0.037596	0.073494	0.114114	0.107298	False	0.124259
HAP1_chr18	HAP1_chr19	11,13,15,17,19,23	23	17743969	15730146	1518783	31955332	0.047528	0.096552	0.104335	0.096643	False	0.113390
HAP1_chr18	HAP1_chr20	11,13,15,17,19,23	23	17743969	20860599	1521684	37082884	0.041035	0.085758	0.110452	0.101288	False	0.120191
HAP1_chr18	HAP1_chr21	11,13,15,17,19,23	23	17743969	17574516	1366603	33951882	0.040251	0.077760	0.111258	0.105105	False	0.120315
HAP1_chr18	HAP2_chr01	11,13,15,17,19,23	23	17743969	15217215	1466938	31494246	0.046578	0.096400	0.105174	0.096705	False	0.115633
HAP1_chr18	HAP2_chr02	11,13,15,17,19,23	23	17743969	17212117	1369713	33586373	0.040782	0.079578	0.110711	0.104205	False	0.118846
HAP1_chr18	HAP2_chr03	11,13,15,17,19,23	23	17743969	15276534	1412297	31608206	0.044681	0.092449	0.106903	0.098348	False	0.116377
HAP1_chr18	HAP2_chr04	11,13,15,17,19,23	23	17743969	15171067	1303973	31611063	0.041251	0.085951	0.110233	0.101200	False	0.120141
HAP1_chr18	HAP2_chr05	11,13,15,17,19,23	23	17743969	18489956	1597629	34636296	0.046126	0.090038	0.105579	0.099383	False	0.113080
HAP1_chr18	HAP2_chr06	11,13,15,17,19,23	23	17743969	12447116	1172288	29018797	0.040398	0.094181	0.111106	0.097619	False	0.120935
HAP1_chr18	HAP2_chr07	11,13,15,17,19,23	23	17743969	15137113	1200388	31680694	0.037890	0.079301	0.113787	0.104341	False	0.122322
HAP1_chr18	HAP2_chr08	11,13,15,17,19,23	23	17743969	12400397	1178977	28965389	0.040703	0.095076	0.110791	0.097248	False	0.119936
HAP1_chr18	HAP2_chr09	11,13,15,17,19,23	23	17743969	16717081	1477453	32983597	0.044794	0.088380	0.106798	0.100110	False	0.116811
HAP1_chr18	HAP2_chr10	11,13,15,17,19,23	23	17743969	14016487	1385057	30375399	0.045598	0.098816	0.106058	0.095733	False	0.115487
HAP1_chr18	HAP2_chr11	11,13,15,17,19,23	23	17743969	16002837	1162836	32583970	0.035687	0.072664	0.116299	0.107738	False	0.124476
HAP1_chr18	HAP2_chr12	11,13,15,17,19,23	23	17743969	20177810	1531357	36390422	0.042081	0.086303	0.109401	0.101040	False	0.119413
HAP1_chr18	HAP2_chr13	11,13,15,17,19,23	23	17743969	18509396	1546366	34706999	0.044555	0.087149	0.107021	0.100659	False	0.118075
HAP1_chr18	HAP2_chr14	11,13,15,17,19,23	23	17743969	18252379	1511512	34484836	0.043831	0.085185	0.107703	0.101550	False	0.118369
HAP1_chr18	HAP2_chr15	11,13,15,17,19,23	23	17743969	17251235	1951448	33043756	0.059056	0.113119	0.095369	0.090402	False	0.097603
HAP1_chr18	HAP2_chr16	11,13,15,17,19,23	23	17743969	20341455	1596577	36488847	0.043755	0.089979	0.107775	0.099409	False	0.118195
HAP1_chr18	HAP2_chr17	11,13,15,17,19,23	23	17743969	15674106	1263189	32154886	0.039285	0.080591	0.112274	0.103713	False	0.121797
HAP1_chr18	HAP2_chr18	11,13,15,17,19,23	23	17743969	16971540	16426679	18288830	0.898181	0.967896	0.002397	0.001418	False	0.002022
HAP1_chr18	HAP2_chr19	11,13,15,17,19,23	23	17743969	14487821	1353044	30878746	0.043818	0.093392	0.107715	0.097950	False	0.115913
HAP1_chr18	HAP2_chr20	11,13,15,17,19,23	23	17743969	20769008	1511048	37001929	0.040837	0.085158	0.110654	0.101562	False	0.120304
HAP1_chr18	HAP2_chr21	11,13,15,17,19,23	23	17743969	17436867	1359948	33820888	0.040210	0.077993	0.111300	0.104989	False	0.120329
HAP1_chr19	HAP1_chr20	11,13,15,17,19,23	23	15730146	20860599	1632103	34958642	0.046687	0.103756	0.105077	0.093813	False	0.114685
HAP1_chr19	HAP1_chr21	11,13,15,17,19,23	23	15730146	17574516	1473407	31831255	0.046288	0.093668	0.105434	0.097834	False	0.114663
HAP1_chr19	HAP2_chr01	11,13,15,17,19,23	23	15730146	15217215	1586654	29360707	0.054040	0.104267	0.099022	0.093619	False	0.108369
HAP1_chr19	HAP2_chr02	11,13,15,17,19,23	23	15730146	17212117	2055936	30886327	0.066565	0.130700	0.090473	0.084671	False	0.091986
HAP1_chr19	HAP2_chr03	11,13,15,17,19,23	23	15730146	15276534	1448543	29558137	0.049007	0.094821	0.103065	0.097354	False	0.111454
HAP1_chr19	HAP2_chr04	11,13,15,17,19,23	23	15730146	15171067	1387168	29514045	0.047000	0.091435	0.104799	0.098780	False	0.114073
HAP1_chr19	HAP2_chr05	11,13,15,17,19,23	23	15730146	18489956	1387347	32832755	0.042255	0.088197	0.109229	0.100191	False	0.118089
HAP1_chr19	HAP2_chr06	11,13,15,17,19,23	23	15730146	12447116	1306942	26870320	0.048639	0.105000	0.103377	0.093343	False	0.112768
HAP1_chr19	HAP2_chr07	11,13,15,17,19,23	23	15730146	15137113	1204273	29662986	0.040599	0.079558	0.110899	0.104215	False	0.118571
HAP1_chr19	HAP2_chr08	11,13,15,17,19,23	23	15730146	12400397	1382664	26747879	0.051692	0.111502	0.100856	0.090972	False	0.109373
HAP1_chr19	HAP2_chr09	11,13,15,17,19,23	23	15730146	16717081	1596734	30850493	0.051757	0.101508	0.100805	0.094675	False	0.110451
HAP1_chr19	HAP2_chr10	11,13,15,17,19,23	23	15730146	14016487	1450254	28296379	0.051252	0.103468	0.101210	0.093922	False	0.109390
HAP1_chr19	HAP2_chr11	11,13,15,17,19,23	23	15730146	16002837	1195088	30537895	0.039135	0.075974	0.112434	0.106009	False	0.120535
HAP1_chr19	HAP2_chr12	11,13,15,17,19,23	23	15730146	20177810	1665648	34242308	0.048643	0.105889	0.103374	0.093011	False	0.113689
HAP1_chr19	HAP2_chr13	11,13,15,17,19,23	23	15730146	18509396	1546223	32693319	0.047295	0.098297	0.104540	0.095940	False	0.114741
HAP1_chr19	HAP2_chr14	11,13,15,17,19,23	23	15730146	18252379	1587323	32395202	0.048999	0.100910	0.103072	0.094908	False	0.113021
HAP1_chr19	HAP2_chr15	11,13,15,17,19,23	23	15730146	17251235	1543531	31437850	0.049098	0.098126	0.102988	0.096008	False	0.110976
HAP1_chr19	HAP2_chr16	11,13,15,17,19,23	23	15730146	20341455	1696862	34374739	0.049364	0.107873	0.102764	0.092278	False	0.112225
HAP1_chr19	HAP2_chr17	11,13,15,17,19,23	23	15730146	15674106	1348902	30055350	0.044881	0.086059	0.106718	0.101151	False	0.117223
HAP1_chr19	HAP2_chr18	11,13,15,17,19,23	23	15730146	16971540	1418017	31283669	0.045328	0.090146	0.106305	0.099336	False	0.114826
HAP1_chr19	HAP2_chr19	11,13,15,17,19,23	23	15730146	14487821	14094454	16123513	0.874155	0.972848	0.003022	0.001196	False	0.002457
HAP1_chr19	HAP2_chr20	11,13,15,17,19,23	23	15730146	20769008	1623271	34875883	0.046544	0.103195	0.105204	0.094026	False	0.114799
HAP1_chr19	HAP2_chr21	11,13,15,17,19,23	23	15730146	17436867	1465052	31701961	0.046213	0.093137	0.105501	0.098057	False	0.114745
HAP1_chr20	HAP1_chr21	11,13,15,17,19,23	23	20860599	17574516	1597324	36837791	0.043361	0.090889	0.108152	0.099014	False	0.117643
HAP1_chr20	HAP2_chr01	11,13,15,17,19,23	23	20860599	15217215	1489529	34588285	0.043065	0.097884	0.108438	0.096105	False	0.118040
HAP1_chr20	HAP2_chr02	11,13,15,17,19,23	23	20860599	17212117	1451153	36621563	0.039626	0.084310	0.111913	0.101953	False	0.121094
HAP1_chr20	HAP2_chr03	11,13,15,17,19,23	23	20860599	15276534	1387865	34749268	0.039939	0.090849	0.111583	0.099031	False	0.120436
HAP1_chr20	HAP2_chr04	11,13,15,17,19,23	23	20860599	15171067	1358263	34673403	0.039173	0.089530	0.112393	0.099604	False	0.122738
HAP1_chr20	HAP2_chr05	11,13,15,17,19,23	23	20860599	18489956	1384928	37965627	0.036478	0.074902	0.115379	0.106561	False	0.124230
HAP1_chr20	HAP2_chr06	11,13,15,17,19,23	23	20860599	12447116	1165314	32142401	0.036255	0.093621	0.115637	0.097853	False	0.125363
HAP1_chr20	HAP2_chr07	11,13,15,17,19,23	23	20860599	15137113	1124828	34872884	0.032255	0.074309	0.120551	0.106870	False	0.128665
HAP1_chr20	HAP2_chr08	11,13,15,17,19,23	23	20860599	12400397	1821506	31439490	0.057937	0.146891	0.096155	0.080012	False	0.099927
HAP1_chr20	HAP2_chr09	11,13,15,17,19,23	23	20860599	16717081	1572752	36004928	0.043682	0.094081	0.107845	0.097661	False	0.117456
HAP1_chr20	HAP2_chr10	11,13,15,17,19,23	23	20860599	14016487	1476538	33400548	0.044207	0.105343	0.107347	0.093214	False	0.116760
HAP1_chr20	HAP2_chr11	11,13,15,17,19,23	23	20860599	16002837	1184116	35679320	0.033188	0.073994	0.119351	0.107035	False	0.127721
HAP1_chr20	HAP2_chr12	11,13,15,17,19,23	23	20860599	20177810	1720242	39318167	0.043752	0.085254	0.107778	0.101518	False	0.118441
HAP1_chr20	HAP2_chr13	11,13,15,17,19,23	23	20860599	18509396	1529557	37840438	0.040421	0.082637	0.111082	0.102735	False	0.121211
HAP1_chr20	HAP2_chr14	11,13,15,17,19,23	23	20860599	18252379	2003261	37109717	0.053982	0.109753	0.099067	0.091596	False	0.105509
HAP1_chr20	HAP2_chr15	11,13,15,17,19,23	23	20860599	17251235	1569040	36542794	0.042937	0.090952	0.108561	0.098987	False	0.117600
HAP1_chr20	HAP2_chr16	11,13,15,17,19,23	23	20860599	20341455	1779934	39422120	0.045151	0.087503	0.106468	0.100500	False	0.115993
HAP1_chr20	HAP2_chr17	11,13,15,17,19,23	23	20860599	15674106	1349349	35185356	0.038350	0.086088	0.113282	0.101138	False	0.123547
HAP1_chr20	HAP2_chr18	11,13,15,17,19,23	23	20860599	16971540	1424267	36407872	0.039120	0.083921	0.112450	0.102134	False	0.121522
HAP1_chr20	HAP2_chr19	11,13,15,17,19,23	23	20860599	14487821	1444012	33904408	0.042591	0.099671	0.108899	0.095394	False	0.117662
HAP1_chr20	HAP2_chr20	11,13,15,17,19,23	23	20860599	20769008	20487267	21142340	0.969016	0.986435	0.000690	0.000594	False	0.000637
HAP1_chr20	HAP2_chr21	11,13,15,17,19,23	23	20860599	17436867	1581533	36715933	0.043075	0.090701	0.108428	0.099096	False	0.117875
HAP1_chr21	HAP2_chr01	11,13,15,17,19,23	23	17574516	15217215	1302829	31488902	0.041374	0.085615	0.110108	0.101353	False	0.118900
HAP1_chr21	HAP2_chr02	11,13,15,17,19,23	23	17574516	17212117	1301210	33485423	0.038859	0.075598	0.112730	0.106201	False	0.122095
HAP1_chr21	HAP2_chr03	11,13,15,17,19,23	23	17574516	15276534	1269112	31581938	0.040185	0.083076	0.111327	0.102529	False	0.119735
HAP1_chr21	HAP2_chr04	11,13,15,17,19,23	23	17574516	15171067	1248119	31497464	0.039626	0.082270	0.111912	0.102909	False	0.121438
HAP1_chr21	HAP2_chr05	11,13,15,17,19,23	23	17574516	18489956	1343758	34720714	0.038702	0.076461	0.112900	0.105761	False	0.122377
HAP1_chr21	HAP2_chr06	11,13,15,17,19,23	23	17574516	12447116	1057993	28963639	0.036528	0.084999	0.115322	0.101635	False	0.123727
HAP1_chr21	HAP2_chr07	11,13,15,17,19,23	23	17574516	15137113	1087154	31624475	0.034377	0.071820	0.117870	0.108191	False	0.125790
HAP1_chr21	HAP2_chr08	11,13,15,17,19,23	23	17574516	12400397	1187548	28787365	0.041252	0.095767	0.110231	0.096964	False	0.119342
HAP1_chr21	HAP2_chr09	11,13,15,17,19,23	23	17574516	16717081	1394136	32897461	0.042378	0.083396	0.109108	0.102378	False	0.118420
HAP1_chr21	HAP2_chr10	11,13,15,17,19,23	23	17574516	14016487	1326605	30264398	0.043834	0.094646	0.107700	0.097426	False	0.116489
HAP1_chr21	HAP2_chr11	11,13,15,17,19,23	23	17574516	16002837	1134143	32443210	0.034958	0.070871	0.117166	0.108707	False	0.126036
HAP1_chr21	HAP2_chr12	11,13,15,17,19,23	23	17574516	20177810	2242293	35510033	0.063145	0.127588	0.092626	0.085630	False	0.096862
HAP1_chr21	HAP2_chr13	11,13,15,17,19,23	23	17574516	18509396	1404949	34678963	0.040513	0.079942	0.110987	0.104028	False	0.120905
HAP1_chr21	HAP2_chr14	11,13,15,17,19,23	23	17574516	18252379	1425786	34401109	0.041446	0.081128	0.110036	0.103454	False	0.119318
HAP1_chr21	HAP2_chr15	11,13,15,17,19,23	23	17574516	17251235	1417120	33408631	0.042418	0.082146	0.109069	0.102968	False	0.118432
HAP1_chr21	HAP2_chr16	11,13,15,17,19,23	23	17574516	20341455	1569423	36346548	0.043179	0.089301	0.108327	0.099705	False	0.118288
HAP1_chr21	HAP2_chr17	11,13,15,17,19,23	23	17574516	15674106	1208593	32040029	0.037721	0.077108	0.113974	0.105433	False	0.124451
HAP1_chr21	HAP2_chr18	11,13,15,17,19,23	23	17574516	16971540	1344738	33201318	0.040503	0.079235	0.110998	0.104374	False	0.120176
HAP1_chr21	HAP2_chr19	11,13,15,17,19,23	23	17574516	14487821	1385016	30677321	0.045148	0.095599	0.106471	0.097033	False	0.115744
HAP1_chr21	HAP2_chr20	11,13,15,17,19,23	23	17574516	20769008	1594757	36748767	0.043396	0.090743	0.108118	0.099077	False	0.117642
HAP1_chr21	HAP2_chr21	11,13,15,17,19,23	23	17574516	17436867	15806172	19205211	0.823015	0.906480	0.004440	0.004260	False	0.003854
HAP2_chr01	HAP2_chr02	11,13,15,17,19,23	23	15217215	17212117	1409208	31020124	0.045429	0.092606	0.106213	0.098281	False	0.114981
HAP2_chr01	HAP2_chr03	11,13,15,17,19,23	23	15217215	15276534	1512955	28980794	0.052205	0.099424	0.100448	0.095492	False	0.109194
HAP2_chr01	HAP2_chr04	11,13,15,17,19,23	23	15217215	15171067	1441753	28946529	0.049807	0.095033	0.102393	0.097266	False	0.110302
HAP2_chr01	HAP2_chr05	11,13,15,17,19,23	23	15217215	18489956	1466779	32240392	0.045495	0.096389	0.106152	0.096710	False	0.116229
HAP2_chr01	HAP2_chr06	11,13,15,17,19,23	23	15217215	12447116	1419416	26244915	0.054083	0.114036	0.098989	0.090083	False	0.108668
HAP2_chr01	HAP2_chr07	11,13,15,17,19,23	23	15217215	15137113	1271728	29082600	0.043728	0.084014	0.107801	0.102090	False	0.116877
HAP2_chr01	HAP2_chr08	11,13,15,17,19,23	23	15217215	12400397	1310388	26307224	0.049811	0.105673	0.102391	0.093091	False	0.110863
HAP2_chr01	HAP2_chr09	11,13,15,17,19,23	23	15217215	16717081	1482633	30451663	0.048688	0.097431	0.103335	0.096287	False	0.113104
HAP2_chr01	HAP2_chr10	11,13,15,17,19,23	23	15217215	14016487	1513279	27720423	0.054591	0.107964	0.098604	0.092245	False	0.107197
HAP2_chr01	HAP2_chr11	11,13,15,17,19,23	23	15217215	16002837	1788059	29431993	0.060752	0.117502	0.094208	0.088897	False	0.094867
HAP2_chr01	HAP2_chr12	11,13,15,17,19,23	23	15217215	20177810	1546960	33848065	0.045703	0.101659	0.105962	0.094617	False	0.116420
HAP2_chr01	HAP2_chr13	11,13,15,17,19,23	23	15217215	18509396	1632525	32094086	0.050867	0.107281	0.101522	0.092495	False	0.111730
HAP2_chr01	HAP2_chr14	11,13,15,17,19,23	23	15217215	18252379	1567203	31902391	0.049125	0.102989	0.102965	0.094105	False	0.113371
HAP2_chr01	HAP2_chr15	11,13,15,17,19,23	23	15217215	17251235	1364403	31104047	0.043866	0.089662	0.107670	0.099547	False	0.115640
HAP2_chr01	HAP2_chr16	11,13,15,17,19,23	23	15217215	20341455	1582248	33976422	0.046569	0.103978	0.105182	0.093729	False	0.115271
HAP2_chr01	HAP2_chr17	11,13,15,17,19,23	23	15217215	15674106	1237192	29654129	0.041721	0.081302	0.109760	0.103370	False	0.119807
HAP2_chr01	HAP2_chr18	11,13,15,17,19,23	23	15217215	16971540	1314910	30873845	0.042590	0.086409	0.108900	0.100992	False	0.118320
HAP2_chr01	HAP2_chr19	11,13,15,17,19,23	23	15217215	14487821	1316061	28388975	0.046358	0.090839	0.105371	0.099036	False	0.113603
HAP2_chr01	HAP2_chr20	11,13,15,17,19,23	23	15217215	20769008	1478156	34508067	0.042835	0.097137	0.108661	0.096406	False	0.118228
HAP2_chr01	HAP2_chr21	11,13,15,17,19,23	23	15217215	17436867	1290268	31363814	0.041139	0.084790	0.110347	0.101731	False	0.119105
HAP2_chr02	HAP2_chr03	11,13,15,17,19,23	23	17212117	15276534	1358432	31130219	0.043637	0.088923	0.107888	0.099871	False	0.115921
HAP2_chr02	HAP2_chr04	11,13,15,17,19,23	23	17212117	15171067	1275684	31107500	0.041009	0.084087	0.110479	0.102057	False	0.119741
HAP2_chr02	HAP2_chr05	11,13,15,17,19,23	23	17212117	18489956	1356505	34345568	0.039496	0.078811	0.112050	0.104583	False	0.120680
HAP2_chr02	HAP2_chr06	11,13,15,17,19,23	23	17212117	12447116	1192531	28466702	0.041892	0.095808	0.109589	0.096947	False	0.118982
HAP2_chr02	HAP2_chr07	11,13,15,17,19,23	23	17212117	15137113	1229285	31119945	0.039502	0.081210	0.112044	0.103414	False	0.120605
HAP2_chr02	HAP2_chr08	11,13,15,17,19,23	23	17212117	12400397	1198493	28414021	0.042180	0.096650	0.109304	0.096604	False	0.117674
HAP2_chr02	HAP2_chr09	11,13,15,17,19,23	23	17212117	16717081	1410200	32518998	0.043365	0.084357	0.108148	0.101931	False	0.117211
HAP2_chr02	HAP2_chr10	11,13,15,17,19,23	23	17212117	14016487	1287417	29941187	0.042998	0.091850	0.108502	0.098602	False	0.116864
HAP2_chr02	HAP2_chr11	11,13,15,17,19,23	23	17212117	16002837	1600870	31614084	0.050638	0.100037	0.101709	0.095250	False	0.112621
HAP2_chr02	HAP2_chr12	11,13,15,17,19,23	23	17212117	20177810	1429169	35960758	0.039742	0.083033	0.111790	0.102549	False	0.121909
HAP2_chr02	HAP2_chr13	11,13,15,17,19,23	23	17212117	18509396	1582396	34139117	0.046351	0.091935	0.105377	0.098566	False	0.115758
HAP2_chr02	HAP2_chr14	11,13,15,17,19,23	23	17212117	18252379	1440920	34023576	0.042351	0.083715	0.109135	0.102229	False	0.118893
HAP2_chr02	HAP2_chr15	11,13,15,17,19,23	23	17212117	17251235	1355288	33108064	0.040935	0.078740	0.110554	0.104618	False	0.118117
HAP2_chr02	HAP2_chr16	11,13,15,17,19,23	23	17212117	20341455	1527277	36026295	0.042393	0.088733	0.109093	0.099954	False	0.118437
HAP2_chr02	HAP2_chr17	11,13,15,17,19,23	23	17212117	15674106	1236572	31649651	0.039071	0.078893	0.112503	0.104542	False	0.122265
HAP2_chr02	HAP2_chr18	11,13,15,17,19,23	23	17212117	16971540	1287082	32896575	0.039125	0.075838	0.112444	0.106079	False	0.120184
HAP2_chr02	HAP2_chr19	11,13,15,17,19,23	23	17212117	14487821	1898013	29801925	0.063688	0.131007	0.092277	0.084578	False	0.093206
HAP2_chr02	HAP2_chr20	11,13,15,17,19,23	23	17212117	20769008	1443487	36537638	0.039507	0.083865	0.112038	0.102160	False	0.121204
HAP2_chr02	HAP2_chr21	11,13,15,17,19,23	23	17212117	17436867	1296698	33352286	0.038879	0.075336	0.112709	0.106336	False	0.122108
HAP2_chr03	HAP2_chr04	11,13,15,17,19,23	23	15276534	15171067	1867281	28580320	0.065335	0.123082	0.091234	0.087058	False	0.105133
HAP2_chr03	HAP2_chr05	11,13,15,17,19,23	23	15276534	18489956	1398722	32367768	0.043213	0.091560	0.108294	0.098726	False	0.117791
HAP2_chr03	HAP2_chr06	11,13,15,17,19,23	23	15276534	12447116	1256108	26467542	0.047458	0.100916	0.104397	0.094906	False	0.113522
HAP2_chr03	HAP2_chr07	11,13,15,17,19,23	23	15276534	15137113	1255120	29158527	0.043045	0.082917	0.108457	0.102603	False	0.117296
HAP2_chr03	HAP2_chr08	11,13,15,17,19,23	23	15276534	12400397	1206001	26470930	0.045559	0.097255	0.106093	0.096358	False	0.114304
HAP2_chr03	HAP2_chr09	11,13,15,17,19,23	23	15276534	16717081	1397382	30596233	0.045672	0.091472	0.105991	0.098764	False	0.114952
HAP2_chr03	HAP2_chr10	11,13,15,17,19,23	23	15276534	14016487	1896740	27396281	0.069233	0.135322	0.088872	0.083287	False	0.090365
HAP2_chr03	HAP2_chr11	11,13,15,17,19,23	23	15276534	16002837	1218614	30060757	0.040538	0.079770	0.110961	0.104111	False	0.117506
HAP2_chr03	HAP2_chr12	11,13,15,17,19,23	23	15276534	20177810	1464445	33989899	0.043085	0.095862	0.108418	0.096925	False	0.118194
HAP2_chr03	HAP2_chr13	11,13,15,17,19,23	23	15276534	18509396	1465631	32320299	0.045347	0.095940	0.106287	0.096893	False	0.116416
HAP2_chr03	HAP2_chr14	11,13,15,17,19,23	23	15276534	18252379	1456199	32072714	0.045403	0.095323	0.106236	0.097147	False	0.115678
HAP2_chr03	HAP2_chr15	11,13,15,17,19,23	23	15276534	17251235	1473317	31054452	0.047443	0.096443	0.104410	0.096688	False	0.113509
HAP2_chr03	HAP2_chr16	11,13,15,17,19,23	23	15276534	20341455	1483368	34134621	0.043456	0.097101	0.108060	0.096421	False	0.117476
HAP2_chr03	HAP2_chr17	11,13,15,17,19,23	23	15276534	15674106	1209670	29740970	0.040674	0.079185	0.110822	0.104398	False	0.119750
HAP2_chr03	HAP2_chr18	11,13,15,17,19,23	23	15276534	16971540	1304775	30943299	0.042167	0.085410	0.109317	0.101446	False	0.118163
HAP2_chr03	HAP2_chr19	11,13,15,17,19,23	23	15276534	14487821	1264192	28500163	0.044357	0.087259	0.107206	0.100610	False	0.114726
HAP2_chr03	HAP2_chr20	11,13,15,17,19,23	23	15276534	20769008	1380378	34665164	0.039820	0.090359	0.111708	0.099243	False	0.120543
HAP2_chr03	HAP2_chr21	11,13,15,17,19,23	23	15276534	17436867	1266388	31447013	0.040271	0.082898	0.111238	0.102612	False	0.119645
HAP2_chr04	HAP2_chr05	11,13,15,17,19,23	23	15171067	18489956	1254815	32406208	0.038721	0.082711	0.112878	0.102700	False	0.121886
HAP2_chr04	HAP2_chr06	11,13,15,17,19,23	23	15171067	12447116	1220755	26397428	0.046245	0.098075	0.105472	0.096028	False	0.114122
HAP2_chr04	HAP2_chr07	11,13,15,17,19,23	23	15171067	15137113	1145212	29162968	0.039269	0.075656	0.112290	0.106172	False	0.121047
HAP2_chr04	HAP2_chr08	11,13,15,17,19,23	23	15171067	12400397	1218274	26353190	0.046229	0.098245	0.105487	0.095961	False	0.114195
HAP2_chr04	HAP2_chr09	11,13,15,17,19,23	23	15171067	16717081	1375552	30512596	0.045081	0.090669	0.106532	0.099109	False	0.116411
HAP2_chr04	HAP2_chr10	11,13,15,17,19,23	23	15171067	14016487	1289800	27897754	0.046233	0.092020	0.105483	0.098530	False	0.114443
HAP2_chr04	HAP2_chr11	11,13,15,17,19,23	23	15171067	16002837	1117395	30056509	0.037176	0.073653	0.114584	0.107214	False	0.121630
HAP2_chr04	HAP2_chr12	11,13,15,17,19,23	23	15171067	20177810	1455428	33893449	0.042941	0.095934	0.108557	0.096895	False	0.119396
HAP2_chr04	HAP2_chr13	11,13,15,17,19,23	23	15171067	18509396	2072969	31607494	0.065585	0.136640	0.091078	0.082901	False	0.093059
HAP2_chr04	HAP2_chr14	11,13,15,17,19,23	23	15171067	18252379	1440935	31982511	0.045054	0.094979	0.106557	0.097288	False	0.117123
HAP2_chr04	HAP2_chr15	11,13,15,17,19,23	23	15171067	17251235	1516843	30905459	0.049080	0.099983	0.103003	0.095271	False	0.114091
HAP2_chr04	HAP2_chr16	11,13,15,17,19,23	23	15171067	20341455	1431577	34080945	0.042005	0.094362	0.109477	0.097544	False	0.119759
HAP2_chr04	HAP2_chr17	11,13,15,17,19,23	23	15171067	15674106	1153908	29691265	0.038864	0.076060	0.112725	0.105965	False	0.121970
HAP2_chr04	HAP2_chr18	11,13,15,17,19,23	23	15171067	16971540	1192976	30949631	0.038546	0.078635	0.113069	0.104670	False	0.122181
HAP2_chr04	HAP2_chr19	11,13,15,17,19,23	23	15171067	14487821	1164073	28494815	0.040852	0.080348	0.110639	0.103830	False	0.118955
HAP2_chr04	HAP2_chr20	11,13,15,17,19,23	23	15171067	20769008	1349713	34590362	0.039020	0.088966	0.112557	0.099852	False	0.122865
HAP2_chr04	HAP2_chr21	11,13,15,17,19,23	23	15171067	17436867	1238460	31369474	0.039480	0.081633	0.112067	0.103212	False	0.121572
HAP2_chr05	HAP2_chr06	11,13,15,17,19,23	23	18489956	12447116	1155328	29781744	0.038793	0.092819	0.112801	0.098191	False	0.123043
HAP2_chr05	HAP2_chr07	11,13,15,17,19,23	23	18489956	15137113	1743191	31883878	0.054673	0.115160	0.098542	0.089695	False	0.110856
HAP2_chr05	HAP2_chr08	11,13,15,17,19,23	23	18489956	12400397	1160285	29730068	0.039027	0.093568	0.112549	0.097875	False	0.121495
HAP2_chr05	HAP2_chr09	11,13,15,17,19,23	23	18489956	16717081	1372769	33834268	0.040573	0.082118	0.110925	0.102981	False	0.119999
HAP2_chr05	HAP2_chr10	11,13,15,17,19,23	23	18489956	14016487	1363482	31142961	0.043781	0.097277	0.107750	0.096350	False	0.117697
HAP2_chr05	HAP2_chr11	11,13,15,17,19,23	23	18489956	16002837	1469981	33022812	0.044514	0.091858	0.107059	0.098599	False	0.117345
HAP2_chr05	HAP2_chr12	11,13,15,17,19,23	23	18489956	20177810	1445094	37222672	0.038823	0.078156	0.112769	0.104908	False	0.122333
HAP2_chr05	HAP2_chr13	11,13,15,17,19,23	23	18489956	18509396	1498865	35500487	0.042221	0.081064	0.109263	0.103485	False	0.119421
HAP2_chr05	HAP2_chr14	11,13,15,17,19,23	23	18489956	18252379	1384331	35358004	0.039152	0.075844	0.112416	0.106075	False	0.122023
HAP2_chr05	HAP2_chr15	11,13,15,17,19,23	23	18489956	17251235	1329630	34411561	0.038639	0.077074	0.112968	0.105450	False	0.121412
HAP2_chr05	HAP2_chr16	11,13,15,17,19,23	23	18489956	20341455	1487775	37343636	0.039840	0.080464	0.111687	0.103774	False	0.121055
HAP2_chr05	HAP2_chr17	11,13,15,17,19,23	23	18489956	15674106	1912217	32251845	0.059290	0.121998	0.095207	0.087409	False	0.097697
HAP2_chr05	HAP2_chr18	11,13,15,17,19,23	23	18489956	16971540	1524608	33936888	0.044925	0.089833	0.106677	0.099472	False	0.113843
HAP2_chr05	HAP2_chr19	11,13,15,17,19,23	23	18489956	14487821	1272666	31705111	0.040141	0.087844	0.111373	0.100348	False	0.120011
HAP2_chr05	HAP2_chr20	11,13,15,17,19,23	23	18489956	20769008	1381225	37877739	0.036465	0.074701	0.115394	0.106665	False	0.124279
HAP2_chr05	HAP2_chr21	11,13,15,17,19,23	23	18489956	17436867	1339601	34587222	0.038731	0.076826	0.112868	0.105575	False	0.122352
HAP2_chr06	HAP2_chr07	11,13,15,17,19,23	23	12447116	15137113	1752929	25831300	0.067861	0.140830	0.089687	0.081695	False	0.089880
HAP2_chr06	HAP2_chr08	11,13,15,17,19,23	23	12447116	12400397	1157860	23689653	0.048876	0.093373	0.103176	0.097958	False	0.111954
HAP2_chr06	HAP2_chr09	11,13,15,17,19,23	23	12447116	16717081	1308439	27855758	0.046972	0.105120	0.104824	0.093298	False	0.114368
HAP2_chr06	HAP2_chr10	11,13,15,17,19,23	23	12447116	14016487	1192716	25270887	0.047197	0.095823	0.104626	0.096941	False	0.113173
HAP2_chr06	HAP2_chr11	11,13,15,17,19,23	23	12447116	16002837	1044165	27405788	0.038100	0.083888	0.113556	0.102149	False	0.122508
HAP2_chr06	HAP2_chr12	11,13,15,17,19,23	23	12447116	20177810	1242770	31382156	0.039601	0.099844	0.111939	0.095326	False	0.121104
HAP2_chr06	HAP2_chr13	11,13,15,17,19,23	23	12447116	18509396	1204551	29751961	0.040486	0.096774	0.111014	0.096553	False	0.121646
HAP2_chr06	HAP2_chr14	11,13,15,17,19,23	23	12447116	18252379	1298392	29401103	0.044161	0.104313	0.107390	0.093602	False	0.116744
HAP2_chr06	HAP2_chr15	11,13,15,17,19,23	23	12447116	17251235	1098569	28599782	0.038412	0.088259	0.113215	0.100164	False	0.121181
HAP2_chr06	HAP2_chr16	11,13,15,17,19,23	23	12447116	20341455	1309893	31478678	0.041612	0.105237	0.109869	0.093254	False	0.120125
HAP2_chr06	HAP2_chr17	11,13,15,17,19,23	23	12447116	15674106	1010015	27111207	0.037255	0.081144	0.114496	0.103446	False	0.124493
HAP2_chr06	HAP2_chr18	11,13,15,17,19,23	23	12447116	16971540	1066125	28352531	0.037602	0.085652	0.114107	0.101336	False	0.123145
HAP2_chr06	HAP2_chr19	11,13,15,17,19,23	23	12447116	14487821	1046543	25888394	0.040425	0.084079	0.111078	0.102060	False	0.118999
HAP2_chr06	HAP2_chr20	11,13,15,17,19,23	23	12447116	20769008	1160590	32055534	0.036206	0.093242	0.115694	0.098013	False	0.125414
HAP2_chr06	HAP2_chr21	11,13,15,17,19,23	23	12447116	17436867	1050712	28833271	0.036441	0.084414	0.115422	0.101905	False	0.123802
HAP2_chr07	HAP2_chr08	11,13,15,17,19,23	23	15137113	12400397	1072291	26465219	0.040517	0.086472	0.110983	0.100964	False	0.119467
HAP2_chr07	HAP2_chr09	11,13,15,17,19,23	23	15137113	16717081	1206719	30647475	0.039374	0.079719	0.112179	0.104136	False	0.120403
HAP2_chr07	HAP2_chr10	11,13,15,17,19,23	23	15137113	14016487	1137709	28015891	0.040609	0.081169	0.110888	0.103434	False	0.119788
HAP2_chr07	HAP2_chr11	11,13,15,17,19,23	23	15137113	16002837	1403600	29736350	0.047201	0.092726	0.104622	0.098230	False	0.114586
HAP2_chr07	HAP2_chr12	11,13,15,17,19,23	23	15137113	20177810	1227389	34087534	0.036007	0.081085	0.115925	0.103475	False	0.124071
HAP2_chr07	HAP2_chr13	11,13,15,17,19,23	23	15137113	18509396	1227153	32419356	0.037852	0.081069	0.113829	0.103482	False	0.123318
HAP2_chr07	HAP2_chr14	11,13,15,17,19,23	23	15137113	18252379	1301587	32087905	0.040563	0.085986	0.110935	0.101184	False	0.120770
HAP2_chr07	HAP2_chr15	11,13,15,17,19,23	23	15137113	17251235	1142290	31246058	0.036558	0.075463	0.115288	0.106271	False	0.122467
HAP2_chr07	HAP2_chr16	11,13,15,17,19,23	23	15137113	20341455	1299129	34179439	0.038009	0.085824	0.113656	0.101258	False	0.122314
HAP2_chr07	HAP2_chr17	11,13,15,17,19,23	23	15137113	15674106	1035325	29775894	0.034771	0.068396	0.117392	0.110083	False	0.126228
HAP2_chr07	HAP2_chr18	11,13,15,17,19,23	23	15137113	16971540	1134161	30974492	0.036616	0.074926	0.115221	0.106549	False	0.123338
HAP2_chr07	HAP2_chr19	11,13,15,17,19,23	23	15137113	14487821	1072379	28552555	0.037558	0.074019	0.114156	0.107021	False	0.121205
HAP2_chr07	HAP2_chr20	11,13,15,17,19,23	23	15137113	20769008	1118136	34787985	0.032141	0.073867	0.120700	0.107101	False	0.128802
HAP2_chr07	HAP2_chr21	11,13,15,17,19,23	23	15137113	17436867	1079882	31494098	0.034288	0.071340	0.117979	0.108452	False	0.125900
HAP2_chr08	HAP2_chr09	11,13,15,17,19,23	23	12400397	16717081	1350643	27766835	0.048642	0.108919	0.103374	0.091897	False	0.114092
HAP2_chr08	HAP2_chr10	11,13,15,17,19,23	23	12400397	14016487	1251041	25165843	0.049712	0.100887	0.102473	0.094917	False	0.110606
HAP2_chr08	HAP2_chr11	11,13,15,17,19,23	23	12400397	16002837	1005828	27397406	0.036713	0.081113	0.115111	0.103461	False	0.123309
HAP2_chr08	HAP2_chr12	11,13,15,17,19,23	23	12400397	20177810	1341822	31236385	0.042957	0.108208	0.108542	0.092156	False	0.118692
HAP2_chr08	HAP2_chr13	11,13,15,17,19,23	23	12400397	18509396	1234009	29675784	0.041583	0.099514	0.109898	0.095456	False	0.119571
HAP2_chr08	HAP2_chr14	11,13,15,17,19,23	23	12400397	18252379	1317814	29334962	0.044923	0.106272	0.106678	0.092868	False	0.116139
HAP2_chr08	HAP2_chr15	11,13,15,17,19,23	23	12400397	17251235	1276359	28375273	0.044981	0.102929	0.106624	0.094128	False	0.114885
HAP2_chr08	HAP2_chr16	11,13,15,17,19,23	23	12400397	20341455	1346798	31395054	0.042898	0.108609	0.108599	0.092010	False	0.118340
HAP2_chr08	HAP2_chr17	11,13,15,17,19,23	23	12400397	15674106	1132451	26942052	0.042033	0.091324	0.109449	0.098827	False	0.119697
HAP2_chr08	HAP2_chr18	11,13,15,17,19,23	23	12400397	16971540	1104293	28267644	0.039066	0.089053	0.112508	0.099813	False	0.121250
HAP2_chr08	HAP2_chr19	11,13,15,17,19,23	23	12400397	14487821	1158953	25729265	0.045044	0.093461	0.106566	0.097921	False	0.113823
HAP2_chr08	HAP2_chr20	11,13,15,17,19,23	23	12400397	20769008	1815986	31353419	0.057920	0.146446	0.096167	0.080133	False	0.099930
HAP2_chr08	HAP2_chr21	11,13,15,17,19,23	23	12400397	17436867	1177958	28659306	0.041102	0.094994	0.110384	0.097282	False	0.119497
HAP2_chr09	HAP2_chr10	11,13,15,17,19,23	23	16717081	14016487	1422024	29311544	0.048514	0.101454	0.103484	0.094696	False	0.112426
HAP2_chr09	HAP2_chr11	11,13,15,17,19,23	23	16717081	16002837	1167493	31552425	0.037002	0.072955	0.114782	0.107583	False	0.123149
HAP2_chr09	HAP2_chr12	11,13,15,17,19,23	23	16717081	20177810	1557163	35337728	0.044065	0.093148	0.107481	0.098052	False	0.117984
HAP2_chr09	HAP2_chr13	11,13,15,17,19,23	23	16717081	18509396	1488115	33738362	0.044108	0.089018	0.107441	0.099829	False	0.117684
HAP2_chr09	HAP2_chr14	11,13,15,17,19,23	23	16717081	18252379	1608353	33361107	0.048210	0.096210	0.103744	0.096783	False	0.113801
HAP2_chr09	HAP2_chr15	11,13,15,17,19,23	23	16717081	17251235	1409363	32558953	0.043286	0.084307	0.108224	0.101954	False	0.117093
HAP2_chr09	HAP2_chr16	11,13,15,17,19,23	23	16717081	20341455	2392110	34666426	0.069004	0.143094	0.089008	0.081059	False	0.091458
HAP2_chr09	HAP2_chr17	11,13,15,17,19,23	23	16717081	15674106	1306600	31084587	0.042034	0.083360	0.109448	0.102395	False	0.119961
HAP2_chr09	HAP2_chr18	11,13,15,17,19,23	23	16717081	16971540	1340616	32348005	0.041444	0.080194	0.110038	0.103905	False	0.119008
HAP2_chr09	HAP2_chr19	11,13,15,17,19,23	23	16717081	14487821	1335897	29869005	0.044725	0.092208	0.106862	0.098450	False	0.114729
HAP2_chr09	HAP2_chr20	11,13,15,17,19,23	23	16717081	20769008	1562711	35923378	0.043501	0.093480	0.108017	0.097913	False	0.117575
HAP2_chr09	HAP2_chr21	11,13,15,17,19,23	23	16717081	17436867	1383372	32770576	0.042214	0.082752	0.109270	0.102681	False	0.118553
HAP2_chr10	HAP2_chr11	11,13,15,17,19,23	23	14016487	16002837	1138504	28880820	0.039421	0.081226	0.112130	0.103407	False	0.119434
HAP2_chr10	HAP2_chr12	11,13,15,17,19,23	23	14016487	20177810	1519223	32675074	0.046495	0.108388	0.105248	0.092090	False	0.115163
HAP2_chr10	HAP2_chr13	11,13,15,17,19,23	23	14016487	18509396	1440143	31085740	0.046328	0.102746	0.105398	0.094198	False	0.115942
HAP2_chr10	HAP2_chr14	11,13,15,17,19,23	23	14016487	18252379	1472458	30796408	0.047813	0.105052	0.104088	0.093324	False	0.113862
HAP2_chr10	HAP2_chr15	11,13,15,17,19,23	23	14016487	17251235	1333956	29933766	0.044564	0.095170	0.107013	0.097209	False	0.114911
HAP2_chr10	HAP2_chr16	11,13,15,17,19,23	23	14016487	20341455	1532798	32825144	0.046696	0.109357	0.105069	0.091739	False	0.114658
HAP2_chr10	HAP2_chr17	11,13,15,17,19,23	23	14016487	15674106	1185435	28505158	0.041587	0.084574	0.109894	0.101831	False	0.119104
HAP2_chr10	HAP2_chr18	11,13,15,17,19,23	23	14016487	16971540	1275373	29712654	0.042924	0.090991	0.108575	0.098970	False	0.117303
HAP2_chr10	HAP2_chr19	11,13,15,17,19,23	23	14016487	14487821	1258397	27245911	0.046187	0.089780	0.105525	0.099495	False	0.113090
HAP2_chr10	HAP2_chr20	11,13,15,17,19,23	23	14016487	20769008	1466796	33318699	0.044023	0.104648	0.107521	0.093475	False	0.116927
HAP2_chr10	HAP2_chr21	11,13,15,17,19,23	23	14016487	17436867	1324950	30128404	0.043977	0.094528	0.107565	0.097475	False	0.116351
HAP2_chr11	HAP2_chr12	11,13,15,17,19,23	23	16002837	20177810	1179377	35001270	0.033695	0.073698	0.118713	0.107190	False	0.127712
HAP2_chr11	HAP2_chr13	11,13,15,17,19,23	23	16002837	18509396	1322943	33189290	0.039861	0.082669	0.111666	0.102720	False	0.119201
HAP2_chr11	HAP2_chr14	11,13,15,17,19,23	23	16002837	18252379	1179401	33075815	0.035658	0.073699	0.116334	0.107189	False	0.124929
HAP2_chr11	HAP2_chr15	11,13,15,17,19,23	23	16002837	17251235	1133346	32120726	0.035284	0.070822	0.116776	0.108734	False	0.124502
HAP2_chr11	HAP2_chr16	11,13,15,17,19,23	23	16002837	20341455	1275459	35068833	0.036370	0.079702	0.115504	0.104145	False	0.124340
HAP2_chr11	HAP2_chr17	11,13,15,17,19,23	23	16002837	15674106	1041390	30635553	0.033993	0.066440	0.118343	0.111206	False	0.127080
HAP2_chr11	HAP2_chr18	11,13,15,17,19,23	23	16002837	16971540	1120106	31854271	0.035163	0.069994	0.116920	0.109190	False	0.125033
HAP2_chr11	HAP2_chr19	11,13,15,17,19,23	23	16002837	14487821	1096319	29394339	0.037297	0.075672	0.114448	0.106164	False	0.122360
HAP2_chr11	HAP2_chr20	11,13,15,17,19,23	23	16002837	20769008	1180081	35591764	0.033156	0.073742	0.119391	0.107167	False	0.127777
HAP2_chr11	HAP2_chr21	11,13,15,17,19,23	23	16002837	17436867	1119580	32320124	0.034640	0.069961	0.117550	0.109208	False	0.126335
HAP2_chr12	HAP2_chr13	11,13,15,17,19,23	23	20177810	18509396	1569406	37117800	0.042282	0.084790	0.109203	0.101731	False	0.120212
HAP2_chr12	HAP2_chr14	11,13,15,17,19,23	23	20177810	18252379	1962314	36467875	0.053809	0.107510	0.099199	0.092411	False	0.106516
HAP2_chr12	HAP2_chr15	11,13,15,17,19,23	23	20177810	17251235	1578254	35850791	0.044023	0.091486	0.107521	0.098758	False	0.117247
HAP2_chr12	HAP2_chr16	11,13,15,17,19,23	23	20177810	20341455	1743938	38775327	0.044975	0.086429	0.106630	0.100983	False	0.117421
HAP2_chr12	HAP2_chr17	11,13,15,17,19,23	23	20177810	15674106	1371067	34480849	0.039763	0.087473	0.111768	0.100514	False	0.122691
HAP2_chr12	HAP2_chr18	11,13,15,17,19,23	23	20177810	16971540	1433079	35716271	0.040124	0.084440	0.111390	0.101893	False	0.120757
HAP2_chr12	HAP2_chr19	11,13,15,17,19,23	23	20177810	14487821	1472111	33193520	0.044349	0.101610	0.107213	0.094636	False	0.116775
HAP2_chr12	HAP2_chr20	11,13,15,17,19,23	23	20177810	20769008	1712215	39234603	0.043640	0.084856	0.107884	0.101701	False	0.118542
HAP2_chr12	HAP2_chr21	11,13,15,17,19,23	23	20177810	17436867	2226204	35388473	0.062908	0.127672	0.092780	0.085603	False	0.096951
HAP2_chr13	HAP2_chr14	11,13,15,17,19,23	23	18509396	18252379	1569240	35192535	0.044590	0.085975	0.106988	0.101189	False	0.118226
HAP2_chr13	HAP2_chr15	11,13,15,17,19,23	23	18509396	17251235	1366725	34393906	0.039737	0.079225	0.111795	0.104379	False	0.120798
HAP2_chr13	HAP2_chr16	11,13,15,17,19,23	23	18509396	20341455	1659993	37190858	0.044634	0.089684	0.106946	0.099537	False	0.117524
HAP2_chr13	HAP2_chr17	11,13,15,17,19,23	23	18509396	15674106	1372774	32810728	0.041839	0.087582	0.109642	0.100465	False	0.119553
HAP2_chr13	HAP2_chr18	11,13,15,17,19,23	23	18509396	16971540	1418781	34062155	0.041653	0.083598	0.109828	0.102284	False	0.120075
HAP2_chr13	HAP2_chr19	11,13,15,17,19,23	23	18509396	14487821	1374750	31622467	0.043474	0.094890	0.108044	0.097325	False	0.117450
HAP2_chr13	HAP2_chr20	11,13,15,17,19,23	23	18509396	20769008	1520682	37757722	0.040275	0.082157	0.111233	0.102962	False	0.121315
HAP2_chr13	HAP2_chr21	11,13,15,17,19,23	23	18509396	17436867	1392062	34554201	0.040286	0.079834	0.111221	0.104080	False	0.121127
HAP2_chr14	HAP2_chr15	11,13,15,17,19,23	23	18252379	17251235	1445785	34057829	0.042451	0.083808	0.109036	0.102186	False	0.118209
HAP2_chr14	HAP2_chr16	11,13,15,17,19,23	23	18252379	20341455	1689921	36903913	0.045792	0.092586	0.105881	0.098289	False	0.115668
HAP2_chr14	HAP2_chr17	11,13,15,17,19,23	23	18252379	15674106	1307790	32618695	0.040093	0.083436	0.111422	0.102360	False	0.121939
HAP2_chr14	HAP2_chr18	11,13,15,17,19,23	23	18252379	16971540	1361215	33862704	0.040198	0.080206	0.111313	0.103899	False	0.120805
HAP2_chr14	HAP2_chr19	11,13,15,17,19,23	23	18252379	14487821	1344253	31395947	0.042816	0.092785	0.108679	0.098205	False	0.117349
HAP2_chr14	HAP2_chr20	11,13,15,17,19,23	23	18252379	20769008	1989948	37031439	0.053737	0.109024	0.099255	0.091859	False	0.105646
HAP2_chr14	HAP2_chr21	11,13,15,17,19,23	23	18252379	17436867	1420253	34268993	0.041444	0.081451	0.110038	0.103299	False	0.119325
HAP2_chr15	HAP2_chr16	11,13,15,17,19,23	23	17251235	20341455	1545672	36047018	0.042879	0.089598	0.108618	0.099575	False	0.117742
HAP2_chr15	HAP2_chr17	11,13,15,17,19,23	23	17251235	15674106	1282818	31642523	0.040541	0.081843	0.110958	0.103112	False	0.119963
HAP2_chr15	HAP2_chr18	11,13,15,17,19,23	23	17251235	16971540	1910016	32312759	0.059110	0.112542	0.095332	0.090604	False	0.097552
HAP2_chr15	HAP2_chr19	11,13,15,17,19,23	23	17251235	14487821	1415357	30323699	0.046675	0.097693	0.105088	0.096182	False	0.112899
HAP2_chr15	HAP2_chr20	11,13,15,17,19,23	23	17251235	20769008	1564913	36455330	0.042927	0.090713	0.108571	0.099090	False	0.117644
HAP2_chr15	HAP2_chr21	11,13,15,17,19,23	23	17251235	17436867	1404641	33283461	0.042202	0.081423	0.109281	0.103313	False	0.118626
HAP2_chr16	HAP2_chr17	11,13,15,17,19,23	23	20341455	15674106	1388421	34627140	0.040096	0.088581	0.111419	0.100022	False	0.121598
HAP2_chr16	HAP2_chr18	11,13,15,17,19,23	23	20341455	16971540	1487163	35825832	0.041511	0.087627	0.109971	0.100445	False	0.119693
HAP2_chr16	HAP2_chr19	11,13,15,17,19,23	23	20341455	14487821	1512970	33316306	0.045412	0.104430	0.106228	0.093557	False	0.115028
HAP2_chr16	HAP2_chr20	11,13,15,17,19,23	23	20341455	20769008	1769285	39341178	0.044973	0.086979	0.106632	0.100735	False	0.116120
HAP2_chr16	HAP2_chr21	11,13,15,17,19,23	23	20341455	17436867	1550415	36227907	0.042796	0.088916	0.108699	0.099874	False	0.118632
HAP2_chr17	HAP2_chr18	11,13,15,17,19,23	23	15674106	16971540	1201917	31443729	0.038224	0.076682	0.113419	0.105648	False	0.122617
HAP2_chr17	HAP2_chr19	11,13,15,17,19,23	23	15674106	14487821	1205250	28956677	0.041623	0.083191	0.109859	0.102475	False	0.119296
HAP2_chr17	HAP2_chr20	11,13,15,17,19,23	23	15674106	20769008	1339875	35103239	0.038170	0.085483	0.113480	0.101413	False	0.123752
HAP2_chr17	HAP2_chr21	11,13,15,17,19,23	23	15674106	17436867	1204795	31906178	0.037761	0.076865	0.113931	0.105555	False	0.124478
HAP2_chr18	HAP2_chr19	11,13,15,17,19,23	23	16971540	14487821	1318463	30140898	0.043743	0.091005	0.107786	0.098964	False	0.116012
HAP2_chr18	HAP2_chr20	11,13,15,17,19,23	23	16971540	20769008	1420073	36320475	0.039098	0.083674	0.112473	0.102249	False	0.121534
HAP2_chr18	HAP2_chr21	11,13,15,17,19,23	23	16971540	17436867	1334827	33073580	0.040359	0.078651	0.111146	0.104662	False	0.120263
HAP2_chr19	HAP2_chr20	11,13,15,17,19,23	23	14487821	20769008	1439649	33817180	0.042572	0.099370	0.108918	0.095513	False	0.117712
HAP2_chr19	HAP2_chr21	11,13,15,17,19,23	23	14487821	17436867	1375525	30549163	0.045027	0.094944	0.106582	0.097303	False	0.115850
HAP2_chr20	HAP2_chr21	11,13,15,17,19,23	23	20769008	17436867	1578589	36627286	0.043099	0.090532	0.108405	0.099169	False	0.117880
