group	win_start	win_end	unit_a	unit_b	hap_a	hap_b	chrom_a	chrom_b	kmers_a	kmers_b	shared	union	jaccard_distance
chr01x12	1	250000	HAP1_chr01	HAP1_chr12	HAP1	HAP1	1	12	47036	221097	411	267722	0.998465
chr01x12	1	250000	HAP1_chr01	HAP2_chr12	HAP1	HAP2	1	12	47036	91420	6527	131929	0.950526
chr01x12	1	250000	HAP1_chr12	HAP2_chr01	HAP1	HAP2	12	1	221097	53420	429	274088	0.998435
chr01x12	1	250000	HAP2_chr01	HAP2_chr12	HAP2	HAP2	1	12	53420	91420	6579	138261	0.952416
chr01x12	250001	500000	HAP1_chr01	HAP1_chr12	HAP1	HAP1	1	12	207287	215679	5176	417790	0.987611
chr01x12	250001	500000	HAP1_chr01	HAP2_chr12	HAP1	HAP2	1	12	207287	192018	50007	349298	0.856836
chr01x12	250001	500000	HAP1_chr12	HAP2_chr01	HAP1	HAP2	12	1	215679	198134	4650	409163	0.988635
chr01x12	250001	500000	HAP2_chr01	HAP2_chr12	HAP2	HAP2	1	12	198134	192018	49751	340401	0.853846
chr01x12	500001	750000	HAP1_chr01	HAP1_chr12	HAP1	HAP1	1	12	218941	192869	7740	404070	0.980845
chr01x12	500001	750000	HAP1_chr01	HAP2_chr12	HAP1	HAP2	1	12	218941	223352	43791	398502	0.890111
chr01x12	500001	750000	HAP1_chr12	HAP2_chr01	HAP1	HAP2	12	1	192869	216025	7689	401205	0.980835
chr01x12	500001	750000	HAP2_chr01	HAP2_chr12	HAP2	HAP2	1	12	216025	223352	43754	395623	0.889405
chr01x12	750001	1000000	HAP1_chr01	HAP1_chr12	HAP1	HAP1	1	12	199077	156808	5391	350494	0.984619
chr01x12	750001	1000000	HAP1_chr01	HAP2_chr12	HAP1	HAP2	1	12	199077	194143	44727	348493	0.871656
chr01x12	750001	1000000	HAP1_chr12	HAP2_chr01	HAP1	HAP2	12	1	156808	198753	5412	350149	0.984544
chr01x12	750001	1000000	HAP2_chr01	HAP2_chr12	HAP2	HAP2	1	12	198753	194143	46170	346726	0.866840
chr01x12	1000001	1250000	HAP1_chr01	HAP1_chr12	HAP1	HAP1	1	12	241056	172234	2358	410932	0.994262
chr01x12	1000001	1250000	HAP1_chr01	HAP2_chr12	HAP1	HAP2	1	12	241056	238521	64984	414593	0.843258
chr01x12	1000001	1250000	HAP1_chr12	HAP2_chr01	HAP1	HAP2	12	1	172234	241242	2321	411155	0.994355
chr01x12	1000001	1250000	HAP2_chr01	HAP2_chr12	HAP2	HAP2	1	12	241242	238521	66609	413154	0.838779
chr01x12	1250001	1500000	HAP1_chr01	HAP1_chr12	HAP1	HAP1	1	12	235163	242004	2741	474426	0.994222
chr01x12	1250001	1500000	HAP1_chr01	HAP2_chr12	HAP1	HAP2	1	12	235163	242418	52519	425062	0.876444
chr01x12	1250001	1500000	HAP1_chr12	HAP2_chr01	HAP1	HAP2	12	1	242004	234459	2747	473716	0.994201
chr01x12	1250001	1500000	HAP2_chr01	HAP2_chr12	HAP2	HAP2	1	12	234459	242418	53559	423318	0.873478
chr01x12	1500001	1750000	HAP1_chr01	HAP1_chr12	HAP1	HAP1	1	12	211307	231880	3162	440025	0.992814
chr01x12	1500001	1750000	HAP1_chr01	HAP2_chr12	HAP1	HAP2	1	12	211307	232879	56720	387466	0.853613
chr01x12	1500001	1750000	HAP1_chr12	HAP2_chr01	HAP1	HAP2	12	1	231880	211297	3152	440025	0.992837
chr01x12	1500001	1750000	HAP2_chr01	HAP2_chr12	HAP2	HAP2	1	12	211297	232879	59587	384589	0.845063
chr01x12	1750001	2000000	HAP1_chr01	HAP1_chr12	HAP1	HAP1	1	12	245169	238829	2143	481855	0.995553
chr01x12	1750001	2000000	HAP1_chr01	HAP2_chr12	HAP1	HAP2	1	12	245169	232342	71888	405623	0.822771
chr01x12	1750001	2000000	HAP1_chr12	HAP2_chr01	HAP1	HAP2	12	1	238829	245045	2159	481715	0.995518
chr01x12	1750001	2000000	HAP2_chr01	HAP2_chr12	HAP2	HAP2	1	12	245045	232342	73941	403446	0.816726
chr01x12	2000001	2250000	HAP1_chr01	HAP1_chr12	HAP1	HAP1	1	12	243301	224440	2463	465278	0.994706
chr01x12	2000001	2250000	HAP1_chr01	HAP2_chr12	HAP1	HAP2	1	12	243301	236023	33274	446050	0.925403
chr01x12	2000001	2250000	HAP1_chr12	HAP2_chr01	HAP1	HAP2	12	1	224440	243396	2427	465409	0.994785
chr01x12	2000001	2250000	HAP2_chr01	HAP2_chr12	HAP2	HAP2	1	12	243396	236023	36415	443004	0.917800
chr01x12	2250001	2500000	HAP1_chr01	HAP1_chr12	HAP1	HAP1	1	12	243866	216519	2989	457396	0.993465
chr01x12	2250001	2500000	HAP1_chr01	HAP2_chr12	HAP1	HAP2	1	12	243866	243140	26752	460254	0.941876
chr01x12	2250001	2500000	HAP1_chr12	HAP2_chr01	HAP1	HAP2	12	1	216519	243941	3025	457435	0.993387
chr01x12	2250001	2500000	HAP2_chr01	HAP2_chr12	HAP2	HAP2	1	12	243941	243140	28914	458167	0.936892
chr01x12	2500001	2750000	HAP1_chr01	HAP1_chr12	HAP1	HAP1	1	12	240098	235999	2174	473923	0.995413
chr01x12	2500001	2750000	HAP1_chr01	HAP2_chr12	HAP1	HAP2	1	12	240098	170952	1425	409625	0.996521
chr01x12	2500001	2750000	HAP1_chr12	HAP2_chr01	HAP1	HAP2	12	1	235999	240151	2167	473983	0.995428
chr01x12	2500001	2750000	HAP2_chr01	HAP2_chr12	HAP2	HAP2	1	12	240151	170952	1457	409646	0.996443
chr01x12	2750001	3000000	HAP1_chr01	HAP1_chr12	HAP1	HAP1	1	12	230698	216537	6882	440353	0.984372
chr01x12	2750001	3000000	HAP1_chr01	HAP2_chr12	HAP1	HAP2	1	12	230698	241556	2610	469644	0.994443
chr01x12	2750001	3000000	HAP1_chr12	HAP2_chr01	HAP1	HAP2	12	1	216537	231846	6700	441683	0.984831
chr01x12	2750001	3000000	HAP2_chr01	HAP2_chr12	HAP2	HAP2	1	12	231846	241556	2936	470466	0.993759
chr01x12	3000001	3250000	HAP1_chr01	HAP1_chr12	HAP1	HAP1	1	12	241337	218299	5021	454615	0.988955
chr01x12	3000001	3250000	HAP1_chr01	HAP2_chr12	HAP1	HAP2	1	12	241337	225443	4145	462635	0.991040
chr01x12	3000001	3250000	HAP1_chr12	HAP2_chr01	HAP1	HAP2	12	1	218299	240104	5086	453317	0.988780
chr01x12	3000001	3250000	HAP2_chr01	HAP2_chr12	HAP2	HAP2	1	12	240104	225443	3442	462105	0.992551
chr01x12	3250001	3500000	HAP1_chr01	HAP1_chr12	HAP1	HAP1	1	12	230785	233861	5350	459296	0.988352
chr01x12	3250001	3500000	HAP1_chr01	HAP2_chr12	HAP1	HAP2	1	12	230785	237586	4951	463420	0.989316
chr01x12	3250001	3500000	HAP1_chr12	HAP2_chr01	HAP1	HAP2	12	1	233861	229560	5288	458133	0.988458
chr01x12	3250001	3500000	HAP2_chr01	HAP2_chr12	HAP2	HAP2	1	12	229560	237586	4928	462218	0.989338
chr01x12	3500001	3750000	HAP1_chr01	HAP1_chr12	HAP1	HAP1	1	12	222679	229672	4799	447552	0.989277
chr01x12	3500001	3750000	HAP1_chr01	HAP2_chr12	HAP1	HAP2	1	12	222679	231080	7980	445779	0.982099
chr01x12	3500001	3750000	HAP1_chr12	HAP2_chr01	HAP1	HAP2	12	1	229672	222581	4810	447443	0.989250
chr01x12	3500001	3750000	HAP2_chr01	HAP2_chr12	HAP2	HAP2	1	12	222581	231080	7988	445673	0.982077
chr01x12	3750001	4000000	HAP1_chr01	HAP1_chr12	HAP1	HAP1	1	12	237834	233118	3241	467711	0.993071
chr01x12	3750001	4000000	HAP1_chr01	HAP2_chr12	HAP1	HAP2	1	12	237834	238843	14921	461756	0.967686
chr01x12	3750001	4000000	HAP1_chr12	HAP2_chr01	HAP1	HAP2	12	1	233118	237224	3523	466819	0.992453
chr01x12	3750001	4000000	HAP2_chr01	HAP2_chr12	HAP2	HAP2	1	12	237224	238843	15272	460795	0.966857
chr01x12	4000001	4250000	HAP1_chr01	HAP1_chr12	HAP1	HAP1	1	12	204361	221887	4682	421566	0.988894
chr01x12	4000001	4250000	HAP1_chr01	HAP2_chr12	HAP1	HAP2	1	12	204361	229394	5897	427858	0.986217
chr01x12	4000001	4250000	HAP1_chr12	HAP2_chr01	HAP1	HAP2	12	1	221887	210374	3597	428664	0.991609
chr01x12	4000001	4250000	HAP2_chr01	HAP2_chr12	HAP2	HAP2	1	12	210374	229394	5965	433803	0.986250
chr01x12	4250001	4500000	HAP1_chr01	HAP1_chr12	HAP1	HAP1	1	12	236575	206968	4386	439157	0.990013
chr01x12	4250001	4500000	HAP1_chr01	HAP2_chr12	HAP1	HAP2	1	12	236575	232214	4192	464597	0.990977
chr01x12	4250001	4500000	HAP1_chr12	HAP2_chr01	HAP1	HAP2	12	1	206968	234769	4371	437366	0.990006
chr01x12	4250001	4500000	HAP2_chr01	HAP2_chr12	HAP2	HAP2	1	12	234769	232214	4653	462330	0.989936
chr01x12	4500001	4750000	HAP1_chr01	HAP1_chr12	HAP1	HAP1	1	12	230883	223394	6451	447826	0.985595
chr01x12	4500001	4750000	HAP1_chr01	HAP2_chr12	HAP1	HAP2	1	12	230883	241832	12720	459995	0.972348
chr01x12	4500001	4750000	HAP1_chr12	HAP2_chr01	HAP1	HAP2	12	1	223394	242044	6634	458804	0.985541
chr01x12	4500001	4750000	HAP2_chr01	HAP2_chr12	HAP2	HAP2	1	12	242044	241832	15744	468132	0.966368
chr01x12	4750001	5000000	HAP1_chr01	HAP1_chr12	HAP1	HAP1	1	12	234790	225279	3447	456622	0.992451
chr01x12	4750001	5000000	HAP1_chr01	HAP2_chr12	HAP1	HAP2	1	12	234790	239115	11185	462720	0.975828
chr01x12	4750001	5000000	HAP1_chr12	HAP2_chr01	HAP1	HAP2	12	1	225279	233123	3409	454993	0.992508
chr01x12	4750001	5000000	HAP2_chr01	HAP2_chr12	HAP2	HAP2	1	12	233123	239115	5532	466706	0.988147
chr01x12	5000001	5250000	HAP1_chr01	HAP1_chr12	HAP1	HAP1	1	12	216880	204938	6557	415261	0.984210
chr01x12	5000001	5250000	HAP1_chr01	HAP2_chr12	HAP1	HAP2	1	12	216880	211178	4299	423759	0.989855
chr01x12	5000001	5250000	HAP1_chr12	HAP2_chr01	HAP1	HAP2	12	1	204938	227663	6617	425984	0.984467
chr01x12	5000001	5250000	HAP2_chr01	HAP2_chr12	HAP2	HAP2	1	12	227663	211178	4306	434535	0.990091
chr01x12	5250001	5500000	HAP1_chr01	HAP1_chr12	HAP1	HAP1	1	12	241976	205260	2752	444484	0.993809
chr01x12	5250001	5500000	HAP1_chr01	HAP2_chr12	HAP1	HAP2	1	12	241976	218377	2457	457896	0.994634
chr01x12	5250001	5500000	HAP1_chr12	HAP2_chr01	HAP1	HAP2	12	1	205260	242690	2794	445156	0.993724
chr01x12	5250001	5500000	HAP2_chr01	HAP2_chr12	HAP2	HAP2	1	12	242690	218377	2579	458488	0.994375
chr01x12	5500001	5750000	HAP1_chr01	HAP1_chr12	HAP1	HAP1	1	12	242251	232032	2116	472167	0.995519
chr01x12	5500001	5750000	HAP1_chr01	HAP2_chr12	HAP1	HAP2	1	12	242251	198328	2979	437600	0.993192
chr01x12	5500001	5750000	HAP1_chr12	HAP2_chr01	HAP1	HAP2	12	1	232032	241510	2024	471518	0.995707
chr01x12	5500001	5750000	HAP2_chr01	HAP2_chr12	HAP2	HAP2	1	12	241510	198328	3143	436695	0.992803
chr01x12	5750001	6000000	HAP1_chr01	HAP1_chr12	HAP1	HAP1	1	12	206750	228849	2694	432905	0.993777
chr01x12	5750001	6000000	HAP1_chr01	HAP2_chr12	HAP1	HAP2	1	12	206750	238489	5490	439749	0.987516
chr01x12	5750001	6000000	HAP1_chr12	HAP2_chr01	HAP1	HAP2	12	1	228849	202687	2603	428933	0.993931
chr01x12	5750001	6000000	HAP2_chr01	HAP2_chr12	HAP2	HAP2	1	12	202687	238489	5473	435703	0.987439
chr01x12	6000001	6250000	HAP1_chr01	HAP1_chr12	HAP1	HAP1	1	12	233966	218206	8486	443686	0.980874
chr01x12	6000001	6250000	HAP1_chr01	HAP2_chr12	HAP1	HAP2	1	12	233966	211029	6638	438357	0.984857
chr01x12	6000001	6250000	HAP1_chr12	HAP2_chr01	HAP1	HAP2	12	1	218206	236612	7613	447205	0.982976
chr01x12	6000001	6250000	HAP2_chr01	HAP2_chr12	HAP2	HAP2	1	12	236612	211029	6767	440874	0.984651
chr01x12	6250001	6500000	HAP1_chr01	HAP1_chr12	HAP1	HAP1	1	12	239891	214272	4632	449531	0.989696
chr01x12	6250001	6500000	HAP1_chr01	HAP2_chr12	HAP1	HAP2	1	12	239891	223380	3868	459403	0.991580
chr01x12	6250001	6500000	HAP1_chr12	HAP2_chr01	HAP1	HAP2	12	1	214272	233669	4575	443366	0.989681
chr01x12	6250001	6500000	HAP2_chr01	HAP2_chr12	HAP2	HAP2	1	12	233669	223380	3749	453300	0.991730
chr01x12	6500001	6750000	HAP1_chr01	HAP1_chr12	HAP1	HAP1	1	12	235126	213902	7670	441358	0.982622
chr01x12	6500001	6750000	HAP1_chr01	HAP2_chr12	HAP1	HAP2	1	12	235126	224798	3768	456156	0.991740
chr01x12	6500001	6750000	HAP1_chr12	HAP2_chr01	HAP1	HAP2	12	1	213902	235128	7674	441356	0.982613
chr01x12	6500001	6750000	HAP2_chr01	HAP2_chr12	HAP2	HAP2	1	12	235128	224798	3764	456162	0.991749
chr01x12	6750001	7000000	HAP1_chr01	HAP1_chr12	HAP1	HAP1	1	12	244991	212644	1735	455900	0.996194
chr01x12	6750001	7000000	HAP1_chr01	HAP2_chr12	HAP1	HAP2	1	12	244991	242150	1993	485148	0.995892
chr01x12	6750001	7000000	HAP1_chr12	HAP2_chr01	HAP1	HAP2	12	1	212644	244502	1719	455427	0.996226
chr01x12	6750001	7000000	HAP2_chr01	HAP2_chr12	HAP2	HAP2	1	12	244502	242150	2013	484639	0.995846
chr01x12	7000001	7250000	HAP1_chr01	HAP1_chr12	HAP1	HAP1	1	12	243354	204261	2890	444725	0.993502
chr01x12	7000001	7250000	HAP1_chr01	HAP2_chr12	HAP1	HAP2	1	12	243354	231805	2371	472788	0.994985
chr01x12	7000001	7250000	HAP1_chr12	HAP2_chr01	HAP1	HAP2	12	1	204261	243320	2890	444691	0.993501
chr01x12	7000001	7250000	HAP2_chr01	HAP2_chr12	HAP2	HAP2	1	12	243320	231805	2375	472750	0.994976
chr01x12	7250001	7500000	HAP1_chr01	HAP1_chr12	HAP1	HAP1	1	12	236011	235805	1876	469940	0.996008
chr01x12	7250001	7500000	HAP1_chr01	HAP2_chr12	HAP1	HAP2	1	12	236011	235617	4352	467276	0.990686
chr01x12	7250001	7500000	HAP1_chr12	HAP2_chr01	HAP1	HAP2	12	1	235805	235927	1880	469852	0.995999
chr01x12	7250001	7500000	HAP2_chr01	HAP2_chr12	HAP2	HAP2	1	12	235927	235617	4348	467196	0.990693
chr01x12	7500001	7750000	HAP1_chr01	HAP1_chr12	HAP1	HAP1	1	12	234430	199283	6521	427192	0.984735
chr01x12	7500001	7750000	HAP1_chr01	HAP2_chr12	HAP1	HAP2	1	12	234430	236734	2048	469116	0.995634
chr01x12	7500001	7750000	HAP1_chr12	HAP2_chr01	HAP1	HAP2	12	1	199283	234707	6497	427493	0.984802
chr01x12	7500001	7750000	HAP2_chr01	HAP2_chr12	HAP2	HAP2	1	12	234707	236734	1989	469452	0.995763
chr01x12	7750001	8000000	HAP1_chr01	HAP1_chr12	HAP1	HAP1	1	12	238292	213845	2635	449502	0.994138
chr01x12	7750001	8000000	HAP1_chr01	HAP2_chr12	HAP1	HAP2	1	12	238292	237570	5635	470227	0.988016
chr01x12	7750001	8000000	HAP1_chr12	HAP2_chr01	HAP1	HAP2	12	1	213845	238120	2644	449321	0.994116
chr01x12	7750001	8000000	HAP2_chr01	HAP2_chr12	HAP2	HAP2	1	12	238120	237570	5700	469990	0.987872
chr01x12	8000001	8250000	HAP1_chr01	HAP1_chr12	HAP1	HAP1	1	12	221959	232794	6235	448518	0.986099
chr01x12	8000001	8250000	HAP1_chr01	HAP2_chr12	HAP1	HAP2	1	12	221959	225848	6515	441292	0.985237
chr01x12	8000001	8250000	HAP1_chr12	HAP2_chr01	HAP1	HAP2	12	1	232794	221546	6299	448041	0.985941
chr01x12	8000001	8250000	HAP2_chr01	HAP2_chr12	HAP2	HAP2	1	12	221546	225848	6530	440864	0.985188
chr01x12	8250001	8500000	HAP1_chr01	HAP1_chr12	HAP1	HAP1	1	12	224659	176900	5772	395787	0.985416
chr01x12	8250001	8500000	HAP1_chr01	HAP2_chr12	HAP1	HAP2	1	12	224659	191797	5012	411444	0.987819
chr01x12	8250001	8500000	HAP1_chr12	HAP2_chr01	HAP1	HAP2	12	1	176900	224985	5677	396208	0.985672
chr01x12	8250001	8500000	HAP2_chr01	HAP2_chr12	HAP2	HAP2	1	12	224985	191797	4983	411799	0.987899
chr01x12	8500001	8750000	HAP1_chr01	HAP1_chr12	HAP1	HAP1	1	12	228704	204641	4809	428536	0.988778
chr01x12	8500001	8750000	HAP1_chr01	HAP2_chr12	HAP1	HAP2	1	12	228704	223929	4034	448599	0.991008
chr01x12	8500001	8750000	HAP1_chr12	HAP2_chr01	HAP1	HAP2	12	1	204641	228552	4806	428387	0.988781
chr01x12	8500001	8750000	HAP2_chr01	HAP2_chr12	HAP2	HAP2	1	12	228552	223929	4032	448449	0.991009
chr01x12	8750001	9000000	HAP1_chr01	HAP1_chr12	HAP1	HAP1	1	12	235461	206230	4991	436700	0.988571
chr01x12	8750001	9000000	HAP1_chr01	HAP2_chr12	HAP1	HAP2	1	12	235461	239212	2164	472509	0.995420
chr01x12	8750001	9000000	HAP1_chr12	HAP2_chr01	HAP1	HAP2	12	1	206230	235471	4997	436704	0.988557
chr01x12	8750001	9000000	HAP2_chr01	HAP2_chr12	HAP2	HAP2	1	12	235471	239212	2169	472514	0.995410
chr01x12	9000001	9250000	HAP1_chr01	HAP1_chr12	HAP1	HAP1	1	12	237516	212281	3286	446511	0.992641
chr01x12	9000001	9250000	HAP1_chr01	HAP2_chr12	HAP1	HAP2	1	12	237516	218557	5031	451042	0.988846
chr01x12	9000001	9250000	HAP1_chr12	HAP2_chr01	HAP1	HAP2	12	1	212281	237466	3291	446456	0.992629
chr01x12	9000001	9250000	HAP2_chr01	HAP2_chr12	HAP2	HAP2	1	12	237466	218557	5025	450998	0.988858
chr01x12	9250001	9500000	HAP1_chr01	HAP1_chr12	HAP1	HAP1	1	12	227549	213687	6614	434622	0.984782
chr01x12	9250001	9500000	HAP1_chr01	HAP2_chr12	HAP1	HAP2	1	12	227549	237045	8377	456217	0.981638
chr01x12	9250001	9500000	HAP1_chr12	HAP2_chr01	HAP1	HAP2	12	1	213687	227960	6614	435033	0.984797
chr01x12	9250001	9500000	HAP2_chr01	HAP2_chr12	HAP2	HAP2	1	12	227960	237045	8100	456905	0.982272
chr01x12	9500001	9750000	HAP1_chr01	HAP1_chr12	HAP1	HAP1	1	12	238641	210062	4744	443959	0.989314
chr01x12	9500001	9750000	HAP1_chr01	HAP2_chr12	HAP1	HAP2	1	12	238641	193423	3820	428244	0.991080
chr01x12	9500001	9750000	HAP1_chr12	HAP2_chr01	HAP1	HAP2	12	1	210062	238635	4750	443947	0.989301
chr01x12	9500001	9750000	HAP2_chr01	HAP2_chr12	HAP2	HAP2	1	12	238635	193423	3815	428243	0.991092
chr01x12	9750001	10000000	HAP1_chr01	HAP1_chr12	HAP1	HAP1	1	12	226964	234161	3077	458048	0.993282
chr01x12	9750001	10000000	HAP1_chr01	HAP2_chr12	HAP1	HAP2	1	12	226964	222175	13337	435802	0.969397
chr01x12	9750001	10000000	HAP1_chr12	HAP2_chr01	HAP1	HAP2	12	1	234161	232072	3114	463119	0.993276
chr01x12	9750001	10000000	HAP2_chr01	HAP2_chr12	HAP2	HAP2	1	12	232072	222175	13282	440965	0.969880
chr01x12	10000001	10250000	HAP1_chr01	HAP1_chr12	HAP1	HAP1	1	12	230800	221115	3760	448155	0.991610
chr01x12	10000001	10250000	HAP1_chr01	HAP2_chr12	HAP1	HAP2	1	12	230800	239053	6438	463415	0.986107
chr01x12	10000001	10250000	HAP1_chr12	HAP2_chr01	HAP1	HAP2	12	1	221115	230690	3423	448382	0.992366
chr01x12	10000001	10250000	HAP2_chr01	HAP2_chr12	HAP2	HAP2	1	12	230690	239053	6397	463346	0.986194
chr01x12	10250001	10500000	HAP1_chr01	HAP1_chr12	HAP1	HAP1	1	12	235330	219386	3159	451557	0.993004
chr01x12	10250001	10500000	HAP1_chr01	HAP2_chr12	HAP1	HAP2	1	12	235330	242011	2915	474426	0.993856
chr01x12	10250001	10500000	HAP1_chr12	HAP2_chr01	HAP1	HAP2	12	1	219386	235433	3207	451612	0.992899
chr01x12	10250001	10500000	HAP2_chr01	HAP2_chr12	HAP2	HAP2	1	12	235433	242011	2969	474475	0.993743
chr01x12	10500001	10750000	HAP1_chr01	HAP1_chr12	HAP1	HAP1	1	12	238036	224666	7813	454889	0.982824
chr01x12	10500001	10750000	HAP1_chr01	HAP2_chr12	HAP1	HAP2	1	12	238036	235263	7744	465555	0.983366
chr01x12	10500001	10750000	HAP1_chr12	HAP2_chr01	HAP1	HAP2	12	1	224666	234800	8023	451443	0.982228
chr01x12	10500001	10750000	HAP2_chr01	HAP2_chr12	HAP2	HAP2	1	12	234800	235263	7837	462226	0.983045
chr01x12	10750001	11000000	HAP1_chr01	HAP1_chr12	HAP1	HAP1	1	12	222012	193499	7768	407743	0.980949
chr01x12	10750001	11000000	HAP1_chr01	HAP2_chr12	HAP1	HAP2	1	12	222012	231617	6845	446784	0.984679
chr01x12	10750001	11000000	HAP1_chr12	HAP2_chr01	HAP1	HAP2	12	1	193499	220533	6263	407769	0.984641
chr01x12	10750001	11000000	HAP2_chr01	HAP2_chr12	HAP2	HAP2	1	12	220533	231617	6691	445459	0.984980
chr01x12	11000001	11250000	HAP1_chr01	HAP1_chr12	HAP1	HAP1	1	12	209203	224517	8315	425405	0.980454
chr01x12	11000001	11250000	HAP1_chr01	HAP2_chr12	HAP1	HAP2	1	12	209203	222720	4885	427038	0.988561
chr01x12	11000001	11250000	HAP1_chr12	HAP2_chr01	HAP1	HAP2	12	1	224517	211583	8073	428027	0.981139
chr01x12	11000001	11250000	HAP2_chr01	HAP2_chr12	HAP2	HAP2	1	12	211583	222720	5065	429238	0.988200
chr01x12	11250001	11500000	HAP1_chr01	HAP1_chr12	HAP1	HAP1	1	12	226495	233021	2109	457407	0.995389
chr01x12	11250001	11500000	HAP1_chr01	HAP2_chr12	HAP1	HAP2	1	12	226495	225669	7142	445022	0.983951
chr01x12	11250001	11500000	HAP1_chr12	HAP2_chr01	HAP1	HAP2	12	1	233021	226841	2787	457075	0.993903
chr01x12	11250001	11500000	HAP2_chr01	HAP2_chr12	HAP2	HAP2	1	12	226841	225669	7166	445344	0.983909
chr01x12	11500001	11750000	HAP1_chr01	HAP1_chr12	HAP1	HAP1	1	12	220380	214203	4136	430447	0.990391
chr01x12	11500001	11750000	HAP1_chr01	HAP2_chr12	HAP1	HAP2	1	12	220380	230343	5775	444948	0.987021
chr01x12	11500001	11750000	HAP1_chr12	HAP2_chr01	HAP1	HAP2	12	1	214203	222731	3527	433407	0.991862
chr01x12	11500001	11750000	HAP2_chr01	HAP2_chr12	HAP2	HAP2	1	12	222731	230343	5909	447165	0.986786
chr01x12	11750001	12000000	HAP1_chr01	HAP1_chr12	HAP1	HAP1	1	12	235381	223876	6815	452442	0.984937
chr01x12	11750001	12000000	HAP1_chr01	HAP2_chr12	HAP1	HAP2	1	12	235381	226973	6855	455499	0.984951
chr01x12	11750001	12000000	HAP1_chr12	HAP2_chr01	HAP1	HAP2	12	1	223876	235052	6813	452115	0.984931
chr01x12	11750001	12000000	HAP2_chr01	HAP2_chr12	HAP2	HAP2	1	12	235052	226973	6884	455141	0.984875
chr01x12	12000001	12250000	HAP1_chr01	HAP1_chr12	HAP1	HAP1	1	12	232724	148175	2048	378851	0.994594
chr01x12	12000001	12250000	HAP1_chr01	HAP2_chr12	HAP1	HAP2	1	12	232724	200720	4576	428868	0.989330
chr01x12	12000001	12250000	HAP1_chr12	HAP2_chr01	HAP1	HAP2	12	1	148175	233011	2023	379163	0.994665
chr01x12	12000001	12250000	HAP2_chr01	HAP2_chr12	HAP2	HAP2	1	12	233011	200720	4544	429187	0.989413
chr01x12	12250001	12500000	HAP1_chr01	HAP1_chr12	HAP1	HAP1	1	12	197094	237610	4944	429760	0.988496
chr01x12	12250001	12500000	HAP1_chr01	HAP2_chr12	HAP1	HAP2	1	12	197094	228037	7588	417543	0.981827
chr01x12	12250001	12500000	HAP1_chr12	HAP2_chr01	HAP1	HAP2	12	1	237610	192940	4851	425699	0.988605
chr01x12	12250001	12500000	HAP2_chr01	HAP2_chr12	HAP2	HAP2	1	12	192940	228037	7466	413511	0.981945
chr01x12	12500001	12750000	HAP1_chr01	HAP1_chr12	HAP1	HAP1	1	12	174623	218706	4989	388340	0.987153
chr01x12	12500001	12750000	HAP1_chr01	HAP2_chr12	HAP1	HAP2	1	12	174623	202689	4295	373017	0.988486
chr01x12	12500001	12750000	HAP1_chr12	HAP2_chr01	HAP1	HAP2	12	1	218706	167745	5016	381435	0.986850
chr01x12	12500001	12750000	HAP2_chr01	HAP2_chr12	HAP2	HAP2	1	12	167745	202689	4215	366219	0.988490
chr01x12	12750001	13000000	HAP1_chr01	HAP1_chr12	HAP1	HAP1	1	12	237291	207093	6498	437886	0.985161
chr01x12	12750001	13000000	HAP1_chr01	HAP2_chr12	HAP1	HAP2	1	12	237291	225845	2175	460961	0.995282
chr01x12	12750001	13000000	HAP1_chr12	HAP2_chr01	HAP1	HAP2	12	1	207093	239816	5587	441322	0.987340
chr01x12	12750001	13000000	HAP2_chr01	HAP2_chr12	HAP2	HAP2	1	12	239816	225845	2346	463315	0.994936
chr01x12	13000001	13250000	HAP1_chr01	HAP1_chr12	HAP1	HAP1	1	12	211429	220175	4335	427269	0.989854
chr01x12	13000001	13250000	HAP1_chr01	HAP2_chr12	HAP1	HAP2	1	12	211429	222051	2603	430877	0.993959
chr01x12	13000001	13250000	HAP1_chr12	HAP2_chr01	HAP1	HAP2	12	1	220175	211565	4101	427639	0.990410
chr01x12	13000001	13250000	HAP2_chr01	HAP2_chr12	HAP2	HAP2	1	12	211565	222051	2580	431036	0.994014
chr01x12	13250001	13500000	HAP1_chr01	HAP1_chr12	HAP1	HAP1	1	12	206766	197146	8108	395804	0.979515
chr01x12	13250001	13500000	HAP1_chr01	HAP2_chr12	HAP1	HAP2	1	12	206766	222453	10680	418539	0.974483
chr01x12	13250001	13500000	HAP1_chr12	HAP2_chr01	HAP1	HAP2	12	1	197146	212044	4968	404222	0.987710
chr01x12	13250001	13500000	HAP2_chr01	HAP2_chr12	HAP2	HAP2	1	12	212044	222453	11639	422858	0.972475
chr01x12	13500001	13750000	HAP1_chr01	HAP1_chr12	HAP1	HAP1	1	12	228805	180218	7682	401341	0.980859
chr01x12	13500001	13750000	HAP1_chr01	HAP2_chr12	HAP1	HAP2	1	12	228805	203284	4274	427815	0.990010
chr01x12	13500001	13750000	HAP1_chr12	HAP2_chr01	HAP1	HAP2	12	1	180218	226208	7302	399124	0.981705
chr01x12	13500001	13750000	HAP2_chr01	HAP2_chr12	HAP2	HAP2	1	12	226208	203284	4262	425230	0.989977
chr01x12	13750001	14000000	HAP1_chr01	HAP1_chr12	HAP1	HAP1	1	12	211459	229396	6745	434110	0.984462
chr01x12	13750001	14000000	HAP1_chr01	HAP2_chr12	HAP1	HAP2	1	12	211459	229066	6155	434370	0.985830
chr01x12	13750001	14000000	HAP1_chr12	HAP2_chr01	HAP1	HAP2	12	1	229396	212458	7826	434028	0.981969
chr01x12	13750001	14000000	HAP2_chr01	HAP2_chr12	HAP2	HAP2	1	12	212458	229066	5844	435680	0.986586
chr01x12	14000001	14250000	HAP1_chr01	HAP1_chr12	HAP1	HAP1	1	12	223696	198412	5064	417044	0.987857
chr01x12	14000001	14250000	HAP1_chr01	HAP2_chr12	HAP1	HAP2	1	12	223696	224446	5271	442871	0.988098
chr01x12	14000001	14250000	HAP1_chr12	HAP2_chr01	HAP1	HAP2	12	1	198412	231805	5383	424834	0.987329
chr01x12	14000001	14250000	HAP2_chr01	HAP2_chr12	HAP2	HAP2	1	12	231805	224446	5244	451007	0.988373
chr01x12	14250001	14500000	HAP1_chr01	HAP1_chr12	HAP1	HAP1	1	12	232365	212471	4944	439892	0.988761
chr01x12	14250001	14500000	HAP1_chr01	HAP2_chr12	HAP1	HAP2	1	12	232365	227497	2913	456949	0.993625
chr01x12	14250001	14500000	HAP1_chr12	HAP2_chr01	HAP1	HAP2	12	1	212471	230634	4972	438133	0.988652
chr01x12	14250001	14500000	HAP2_chr01	HAP2_chr12	HAP2	HAP2	1	12	230634	227497	2972	455159	0.993470
chr01x12	14500001	14750000	HAP1_chr01	HAP1_chr12	HAP1	HAP1	1	12	217117	187751	6184	398684	0.984489
chr01x12	14500001	14750000	HAP1_chr01	HAP2_chr12	HAP1	HAP2	1	12	217117	226950	8449	435618	0.980605
chr01x12	14500001	14750000	HAP1_chr12	HAP2_chr01	HAP1	HAP2	12	1	187751	206050	8004	385797	0.979253
chr01x12	14500001	14750000	HAP2_chr01	HAP2_chr12	HAP2	HAP2	1	12	206050	226950	4947	428053	0.988443
chr01x12	14750001	15000000	HAP1_chr01	HAP1_chr12	HAP1	HAP1	1	12	195372	218073	7964	405481	0.980359
chr01x12	14750001	15000000	HAP1_chr01	HAP2_chr12	HAP1	HAP2	1	12	195372	228835	3889	420318	0.990747
chr01x12	14750001	15000000	HAP1_chr12	HAP2_chr01	HAP1	HAP2	12	1	218073	218257	7558	428772	0.982373
chr01x12	14750001	15000000	HAP2_chr01	HAP2_chr12	HAP2	HAP2	1	12	218257	228835	4247	442845	0.990410
chr01x12	15000001	15250000	HAP1_chr01	HAP1_chr12	HAP1	HAP1	1	12	202751	229192	5029	426914	0.988220
chr01x12	15000001	15250000	HAP1_chr01	HAP2_chr12	HAP1	HAP2	1	12	202751	201134	8837	395048	0.977631
chr01x12	15000001	15250000	HAP1_chr12	HAP2_chr01	HAP1	HAP2	12	1	229192	205668	5524	429336	0.987134
chr01x12	15000001	15250000	HAP2_chr01	HAP2_chr12	HAP2	HAP2	1	12	205668	201134	9322	397480	0.976547
chr01x12	15250001	15500000	HAP1_chr01	HAP1_chr12	HAP1	HAP1	1	12	223995	214236	10406	427825	0.975677
chr01x12	15250001	15500000	HAP1_chr01	HAP2_chr12	HAP1	HAP2	1	12	223995	221074	10600	434469	0.975602
chr01x12	15250001	15500000	HAP1_chr12	HAP2_chr01	HAP1	HAP2	12	1	214236	219613	9177	424672	0.978390
chr01x12	15250001	15500000	HAP2_chr01	HAP2_chr12	HAP2	HAP2	1	12	219613	221074	11765	428922	0.972571
chr01x12	15500001	15750000	HAP1_chr01	HAP1_chr12	HAP1	HAP1	1	12	222919	218534	5620	435833	0.987105
chr01x12	15500001	15750000	HAP1_chr01	HAP2_chr12	HAP1	HAP2	1	12	222919	207973	6925	423967	0.983666
chr01x12	15500001	15750000	HAP1_chr12	HAP2_chr01	HAP1	HAP2	12	1	218534	213636	7592	424578	0.982119
chr01x12	15500001	15750000	HAP2_chr01	HAP2_chr12	HAP2	HAP2	1	12	213636	207973	7826	413783	0.981087
chr01x12	15750001	16000000	HAP1_chr01	HAP1_chr12	HAP1	HAP1	1	12	217459	217874	9983	425350	0.976530
chr01x12	15750001	16000000	HAP1_chr01	HAP2_chr12	HAP1	HAP2	1	12	217459	223356	13320	427495	0.968842
chr01x12	15750001	16000000	HAP1_chr12	HAP2_chr01	HAP1	HAP2	12	1	217874	225982	8136	435720	0.981327
chr01x12	15750001	16000000	HAP2_chr01	HAP2_chr12	HAP2	HAP2	1	12	225982	223356	12660	436678	0.971008
chr01x12	16000001	16250000	HAP1_chr01	HAP1_chr12	HAP1	HAP1	1	12	230640	211689	4832	437497	0.988955
chr01x12	16000001	16250000	HAP1_chr01	HAP2_chr12	HAP1	HAP2	1	12	230640	234795	5474	459961	0.988099
chr01x12	16000001	16250000	HAP1_chr12	HAP2_chr01	HAP1	HAP2	12	1	211689	234945	4658	441976	0.989461
chr01x12	16000001	16250000	HAP2_chr01	HAP2_chr12	HAP2	HAP2	1	12	234945	234795	5573	464167	0.987994
chr01x12	16250001	16500000	HAP1_chr01	HAP1_chr12	HAP1	HAP1	1	12	225351	209743	6864	428230	0.983971
chr01x12	16250001	16500000	HAP1_chr01	HAP2_chr12	HAP1	HAP2	1	12	225351	219081	3322	441110	0.992469
chr01x12	16250001	16500000	HAP1_chr12	HAP2_chr01	HAP1	HAP2	12	1	209743	225835	6678	428900	0.984430
chr01x12	16250001	16500000	HAP2_chr01	HAP2_chr12	HAP2	HAP2	1	12	225835	219081	3702	441214	0.991610
chr01x12	16500001	16750000	HAP1_chr01	HAP1_chr12	HAP1	HAP1	1	12	223499	184466	6980	400985	0.982593
chr01x12	16500001	16750000	HAP1_chr01	HAP2_chr12	HAP1	HAP2	1	12	223499	170827	6626	387700	0.982909
chr01x12	16500001	16750000	HAP1_chr12	HAP2_chr01	HAP1	HAP2	12	1	184466	216095	7373	393188	0.981248
chr01x12	16500001	16750000	HAP2_chr01	HAP2_chr12	HAP2	HAP2	1	12	216095	170827	6471	380451	0.982991
chr01x12	16750001	17000000	HAP1_chr01	HAP1_chr12	HAP1	HAP1	1	12	229411	206487	7369	428529	0.982804
chr01x12	16750001	17000000	HAP1_chr01	HAP2_chr12	HAP1	HAP2	1	12	229411	197722	8805	418328	0.978952
chr01x12	16750001	17000000	HAP1_chr12	HAP2_chr01	HAP1	HAP2	12	1	206487	228753	10043	425197	0.976380
chr01x12	16750001	17000000	HAP2_chr01	HAP2_chr12	HAP2	HAP2	1	12	228753	197722	10626	415849	0.974447
chr01x12	17000001	17250000	HAP1_chr01	HAP1_chr12	HAP1	HAP1	1	12	224883	166163	11648	379398	0.969299
chr01x12	17000001	17250000	HAP1_chr01	HAP2_chr12	HAP1	HAP2	1	12	224883	213520	8462	429941	0.980318
chr01x12	17000001	17250000	HAP1_chr12	HAP2_chr01	HAP1	HAP2	12	1	166163	226440	8197	384406	0.978676
chr01x12	17000001	17250000	HAP2_chr01	HAP2_chr12	HAP2	HAP2	1	12	226440	213520	9679	430281	0.977505
chr01x12	17250001	17500000	HAP1_chr01	HAP1_chr12	HAP1	HAP1	1	12	224500	57451	410	281541	0.998544
chr01x12	17250001	17500000	HAP1_chr01	HAP2_chr12	HAP1	HAP2	1	12	224500	219854	11803	432551	0.972713
chr01x12	17250001	17500000	HAP1_chr12	HAP2_chr01	HAP1	HAP2	12	1	57451	215025	404	272072	0.998515
chr01x12	17250001	17500000	HAP2_chr01	HAP2_chr12	HAP2	HAP2	1	12	215025	219854	9086	425793	0.978661
chr01x12	17500001	17750000	HAP1_chr01	HAP1_chr12	HAP1	HAP1	1	12	209250	22168	90	231328	0.999611
chr01x12	17500001	17750000	HAP1_chr01	HAP2_chr12	HAP1	HAP2	1	12	209250	203062	6099	406213	0.984986
chr01x12	17500001	17750000	HAP1_chr12	HAP2_chr01	HAP1	HAP2	12	1	22168	226074	111	248131	0.999553
chr01x12	17500001	17750000	HAP2_chr01	HAP2_chr12	HAP2	HAP2	1	12	226074	203062	5153	423983	0.987846
chr01x12	17750001	18000000	HAP1_chr01	HAP1_chr12	HAP1	HAP1	1	12	233522	39515	537	272500	0.998029
chr01x12	17750001	18000000	HAP1_chr01	HAP2_chr12	HAP1	HAP2	1	12	233522	96918	7858	322582	0.975640
chr01x12	17750001	18000000	HAP1_chr12	HAP2_chr01	HAP1	HAP2	12	1	39515	223537	588	262464	0.997760
chr01x12	17750001	18000000	HAP2_chr01	HAP2_chr12	HAP2	HAP2	1	12	223537	96918	9675	310780	0.968869
chr01x12	18000001	18250000	HAP1_chr01	HAP1_chr12	HAP1	HAP1	1	12	218279	31100	565	248814	0.997729
chr01x12	18000001	18250000	HAP1_chr01	HAP2_chr12	HAP1	HAP2	1	12	218279	228762	7348	439693	0.983288
chr01x12	18000001	18250000	HAP1_chr12	HAP2_chr01	HAP1	HAP2	12	1	31100	222526	605	253021	0.997609
chr01x12	18000001	18250000	HAP2_chr01	HAP2_chr12	HAP2	HAP2	1	12	222526	228762	6742	444546	0.984834
chr01x12	18250001	18500000	HAP1_chr01	HAP1_chr12	HAP1	HAP1	1	12	214771	29431	67	244135	0.999726
chr01x12	18250001	18500000	HAP1_chr01	HAP2_chr12	HAP1	HAP2	1	12	214771	213807	8255	420323	0.980360
chr01x12	18250001	18500000	HAP1_chr12	HAP2_chr01	HAP1	HAP2	12	1	29431	218914	221	248124	0.999109
chr01x12	18250001	18500000	HAP2_chr01	HAP2_chr12	HAP2	HAP2	1	12	218914	213807	6490	426231	0.984774
chr01x12	18500001	18750000	HAP1_chr01	HAP1_chr12	HAP1	HAP1	1	12	223690	54379	3751	274318	0.986326
chr01x12	18500001	18750000	HAP1_chr01	HAP2_chr12	HAP1	HAP2	1	12	223690	209735	6968	426457	0.983661
chr01x12	18500001	18750000	HAP1_chr12	HAP2_chr01	HAP1	HAP2	12	1	54379	223426	4956	272849	0.981836
chr01x12	18500001	18750000	HAP2_chr01	HAP2_chr12	HAP2	HAP2	1	12	223426	209735	9703	423458	0.977086
chr01x12	18750001	19000000	HAP1_chr01	HAP1_chr12	HAP1	HAP1	1	12	232608	35208	115	267701	0.999570
chr01x12	18750001	19000000	HAP1_chr01	HAP2_chr12	HAP1	HAP2	1	12	232608	216403	9948	439063	0.977343
chr01x12	18750001	19000000	HAP1_chr12	HAP2_chr01	HAP1	HAP2	12	1	35208	233967	165	269010	0.999387
chr01x12	18750001	19000000	HAP2_chr01	HAP2_chr12	HAP2	HAP2	1	12	233967	216403	6173	444197	0.986103
chr01x12	19000001	19250000	HAP1_chr01	HAP1_chr12	HAP1	HAP1	1	12	175772	70560	509	245823	0.997929
chr01x12	19000001	19250000	HAP1_chr01	HAP2_chr12	HAP1	HAP2	1	12	175772	220683	4263	392192	0.989130
chr01x12	19000001	19250000	HAP1_chr12	HAP2_chr01	HAP1	HAP2	12	1	70560	175251	794	245017	0.996759
chr01x12	19000001	19250000	HAP2_chr01	HAP2_chr12	HAP2	HAP2	1	12	175251	220683	5352	390582	0.986297
chr01x12	19250001	19500000	HAP1_chr01	HAP1_chr12	HAP1	HAP1	1	12	174486	43761	1047	217200	0.995180
chr01x12	19250001	19500000	HAP1_chr01	HAP2_chr12	HAP1	HAP2	1	12	174486	205920	3406	377000	0.990966
chr01x12	19250001	19500000	HAP1_chr12	HAP2_chr01	HAP1	HAP2	12	1	43761	183349	1041	226069	0.995395
chr01x12	19250001	19500000	HAP2_chr01	HAP2_chr12	HAP2	HAP2	1	12	183349	205920	3170	386099	0.991790
chr01x12	19500001	19750000	HAP1_chr01	HAP1_chr12	HAP1	HAP1	1	12	188423	33579	70	221932	0.999685
chr01x12	19500001	19750000	HAP1_chr01	HAP2_chr12	HAP1	HAP2	1	12	188423	233861	7314	414970	0.982375
chr01x12	19500001	19750000	HAP1_chr12	HAP2_chr01	HAP1	HAP2	12	1	33579	172707	56	206230	0.999728
chr01x12	19500001	19750000	HAP2_chr01	HAP2_chr12	HAP2	HAP2	1	12	172707	233861	8726	397842	0.978067
chr01x12	19750001	20000000	HAP1_chr01	HAP1_chr12	HAP1	HAP1	1	12	202077	19838	46	221869	0.999793
chr01x12	19750001	20000000	HAP1_chr01	HAP2_chr12	HAP1	HAP2	1	12	202077	226637	9658	419056	0.976953
chr01x12	19750001	20000000	HAP1_chr12	HAP2_chr01	HAP1	HAP2	12	1	19838	216914	52	236700	0.999780
chr01x12	19750001	20000000	HAP2_chr01	HAP2_chr12	HAP2	HAP2	1	12	216914	226637	8058	435493	0.981497
chr01x12	20000001	20250000	HAP1_chr01	HAP1_chr12	HAP1	HAP1	1	12	231716	43430	114	275032	0.999586
chr01x12	20000001	20250000	HAP1_chr01	HAP2_chr12	HAP1	HAP2	1	12	231716	220948	6354	446310	0.985763
chr01x12	20000001	20250000	HAP1_chr12	HAP2_chr01	HAP1	HAP2	12	1	43430	236259	153	279536	0.999453
chr01x12	20000001	20250000	HAP2_chr01	HAP2_chr12	HAP2	HAP2	1	12	236259	220948	2903	454304	0.993610
chr01x12	20250001	20500000	HAP1_chr01	HAP1_chr12	HAP1	HAP1	1	12	225575	52691	168	278098	0.999396
chr01x12	20250001	20500000	HAP1_chr01	HAP2_chr12	HAP1	HAP2	1	12	225575	155914	3571	377918	0.990551
chr01x12	20250001	20500000	HAP1_chr12	HAP2_chr01	HAP1	HAP2	12	1	52691	219480	136	272035	0.999500
chr01x12	20250001	20500000	HAP2_chr01	HAP2_chr12	HAP2	HAP2	1	12	219480	155914	7694	367700	0.979075
chr01x12	20500001	20750000	HAP1_chr01	HAP1_chr12	HAP1	HAP1	1	12	216407	68082	2696	281793	0.990433
chr01x12	20500001	20750000	HAP1_chr01	HAP2_chr12	HAP1	HAP2	1	12	216407	193788	11066	399129	0.972275
chr01x12	20500001	20750000	HAP1_chr12	HAP2_chr01	HAP1	HAP2	12	1	68082	211647	3111	276618	0.988753
chr01x12	20500001	20750000	HAP2_chr01	HAP2_chr12	HAP2	HAP2	1	12	211647	193788	7527	397908	0.981084
chr01x12	20750001	21000000	HAP1_chr01	HAP1_chr12	HAP1	HAP1	1	12	221457	45200	4271	262386	0.983722
chr01x12	20750001	21000000	HAP1_chr01	HAP2_chr12	HAP1	HAP2	1	12	221457	211638	4912	428183	0.988528
chr01x12	20750001	21000000	HAP1_chr12	HAP2_chr01	HAP1	HAP2	12	1	45200	226101	4279	267022	0.983975
chr01x12	20750001	21000000	HAP2_chr01	HAP2_chr12	HAP2	HAP2	1	12	226101	211638	4861	432878	0.988771
chr01x12	21000001	21250000	HAP1_chr01	HAP1_chr12	HAP1	HAP1	1	12	221363	27690	83	248970	0.999667
chr01x12	21000001	21250000	HAP1_chr01	HAP2_chr12	HAP1	HAP2	1	12	221363	216555	7579	430339	0.982388
chr01x12	21000001	21250000	HAP1_chr12	HAP2_chr01	HAP1	HAP2	12	1	27690	222446	2107	248029	0.991505
chr01x12	21000001	21250000	HAP2_chr01	HAP2_chr12	HAP2	HAP2	1	12	222446	216555	5410	433591	0.987523
chr01x12	21250001	21500000	HAP1_chr01	HAP1_chr12	HAP1	HAP1	1	12	232176	46001	1174	277003	0.995762
chr01x12	21250001	21500000	HAP1_chr01	HAP2_chr12	HAP1	HAP2	1	12	232176	218017	5828	444365	0.986885
chr01x12	21250001	21500000	HAP1_chr12	HAP2_chr01	HAP1	HAP2	12	1	46001	235250	862	280389	0.996926
chr01x12	21250001	21500000	HAP2_chr01	HAP2_chr12	HAP2	HAP2	1	12	235250	218017	4727	448540	0.989461
chr01x12	21500001	21750000	HAP1_chr01	HAP1_chr12	HAP1	HAP1	1	12	199565	48296	197	247664	0.999205
chr01x12	21500001	21750000	HAP1_chr01	HAP2_chr12	HAP1	HAP2	1	12	199565	237639	4878	432326	0.988717
chr01x12	21500001	21750000	HAP1_chr12	HAP2_chr01	HAP1	HAP2	12	1	48296	205863	140	254019	0.999449
chr01x12	21500001	21750000	HAP2_chr01	HAP2_chr12	HAP2	HAP2	1	12	205863	237639	4872	438630	0.988893
chr01x12	21750001	22000000	HAP1_chr01	HAP1_chr12	HAP1	HAP1	1	12	220575	25444	242	245777	0.999015
chr01x12	21750001	22000000	HAP1_chr01	HAP2_chr12	HAP1	HAP2	1	12	220575	223930	15766	428739	0.963227
chr01x12	21750001	22000000	HAP1_chr12	HAP2_chr01	HAP1	HAP2	12	1	25444	223498	1206	247736	0.995132
chr01x12	21750001	22000000	HAP2_chr01	HAP2_chr12	HAP2	HAP2	1	12	223498	223930	9892	437536	0.977392
chr01x12	22000001	22250000	HAP1_chr01	HAP1_chr12	HAP1	HAP1	1	12	233961	18005	305	251661	0.998788
chr01x12	22000001	22250000	HAP1_chr01	HAP2_chr12	HAP1	HAP2	1	12	233961	203578	3992	433547	0.990792
chr01x12	22000001	22250000	HAP1_chr12	HAP2_chr01	HAP1	HAP2	12	1	18005	229871	308	247568	0.998756
chr01x12	22000001	22250000	HAP2_chr01	HAP2_chr12	HAP2	HAP2	1	12	229871	203578	7997	425452	0.981204
chr01x12	22250001	22500000	HAP1_chr01	HAP1_chr12	HAP1	HAP1	1	12	209450	28899	1117	237232	0.995292
chr01x12	22250001	22500000	HAP1_chr01	HAP2_chr12	HAP1	HAP2	1	12	209450	210132	14783	404799	0.963481
chr01x12	22250001	22500000	HAP1_chr12	HAP2_chr01	HAP1	HAP2	12	1	28899	216126	1074	243951	0.995597
chr01x12	22250001	22500000	HAP2_chr01	HAP2_chr12	HAP2	HAP2	1	12	216126	210132	14766	411492	0.964116
chr01x12	22500001	22750000	HAP1_chr01	HAP1_chr12	HAP1	HAP1	1	12	213115	30700	1228	242587	0.994938
chr01x12	22500001	22750000	HAP1_chr01	HAP2_chr12	HAP1	HAP2	1	12	213115	211420	7272	417263	0.982572
chr01x12	22500001	22750000	HAP1_chr12	HAP2_chr01	HAP1	HAP2	12	1	30700	211236	515	241421	0.997867
chr01x12	22500001	22750000	HAP2_chr01	HAP2_chr12	HAP2	HAP2	1	12	211236	211420	5521	417135	0.986764
chr01x12	22750001	23000000	HAP1_chr01	HAP1_chr12	HAP1	HAP1	1	12	218874	33209	2058	250025	0.991769
chr01x12	22750001	23000000	HAP1_chr01	HAP2_chr12	HAP1	HAP2	1	12	218874	189991	12017	396848	0.969719
chr01x12	22750001	23000000	HAP1_chr12	HAP2_chr01	HAP1	HAP2	12	1	33209	221144	2583	251770	0.989741
chr01x12	22750001	23000000	HAP2_chr01	HAP2_chr12	HAP2	HAP2	1	12	221144	189991	13443	397692	0.966197
chr01x12	23000001	23250000	HAP1_chr01	HAP1_chr12	HAP1	HAP1	1	12	214696	20098	52	234742	0.999778
chr01x12	23000001	23250000	HAP1_chr01	HAP2_chr12	HAP1	HAP2	1	12	214696	228931	6689	436938	0.984691
chr01x12	23000001	23250000	HAP1_chr12	HAP2_chr01	HAP1	HAP2	12	1	20098	206681	52	226727	0.999771
chr01x12	23000001	23250000	HAP2_chr01	HAP2_chr12	HAP2	HAP2	1	12	206681	228931	7193	428419	0.983210
chr01x12	23250001	23500000	HAP1_chr01	HAP1_chr12	HAP1	HAP1	1	12	217223	26964	402	243785	0.998351
chr01x12	23250001	23500000	HAP1_chr01	HAP2_chr12	HAP1	HAP2	1	12	217223	195083	6782	405524	0.983276
chr01x12	23250001	23500000	HAP1_chr12	HAP2_chr01	HAP1	HAP2	12	1	26964	230482	412	257034	0.998397
chr01x12	23250001	23500000	HAP2_chr01	HAP2_chr12	HAP2	HAP2	1	12	230482	195083	9258	416307	0.977762
chr01x12	23500001	23750000	HAP1_chr01	HAP1_chr12	HAP1	HAP1	1	12	216613	31993	684	247922	0.997241
chr01x12	23500001	23750000	HAP1_chr01	HAP2_chr12	HAP1	HAP2	1	12	216613	225958	5763	436808	0.986807
chr01x12	23500001	23750000	HAP1_chr12	HAP2_chr01	HAP1	HAP2	12	1	31993	223403	1527	253869	0.993985
chr01x12	23500001	23750000	HAP2_chr01	HAP2_chr12	HAP2	HAP2	1	12	223403	225958	9091	440270	0.979351
chr01x12	23750001	24000000	HAP1_chr01	HAP1_chr12	HAP1	HAP1	1	12	221050	69690	3621	287119	0.987389
chr01x12	23750001	24000000	HAP1_chr01	HAP2_chr12	HAP1	HAP2	1	12	221050	223836	8196	436690	0.981232
chr01x12	23750001	24000000	HAP1_chr12	HAP2_chr01	HAP1	HAP2	12	1	69690	221793	8042	283441	0.971627
chr01x12	23750001	24000000	HAP2_chr01	HAP2_chr12	HAP2	HAP2	1	12	221793	223836	8497	437132	0.980562
chr01x12	24000001	24250000	HAP1_chr01	HAP1_chr12	HAP1	HAP1	1	12	206565	73343	1121	278787	0.995979
chr01x12	24000001	24250000	HAP1_chr01	HAP2_chr12	HAP1	HAP2	1	12	206565	174319	10106	370778	0.972744
chr01x12	24000001	24250000	HAP1_chr12	HAP2_chr01	HAP1	HAP2	12	1	73343	184709	914	257138	0.996445
chr01x12	24000001	24250000	HAP2_chr01	HAP2_chr12	HAP2	HAP2	1	12	184709	174319	12267	346761	0.964624
chr01x12	24250001	24500000	HAP1_chr01	HAP1_chr12	HAP1	HAP1	1	12	203848	151750	4690	350908	0.986635
chr01x12	24250001	24500000	HAP1_chr01	HAP2_chr12	HAP1	HAP2	1	12	203848	227620	7484	423984	0.982348
chr01x12	24250001	24500000	HAP1_chr12	HAP2_chr01	HAP1	HAP2	12	1	151750	210386	7002	355134	0.980283
chr01x12	24250001	24500000	HAP2_chr01	HAP2_chr12	HAP2	HAP2	1	12	210386	227620	7723	430283	0.982051
chr01x12	24500001	24750000	HAP1_chr01	HAP1_chr12	HAP1	HAP1	1	12	208363	206076	11403	403036	0.971707
chr01x12	24500001	24750000	HAP1_chr01	HAP2_chr12	HAP1	HAP2	1	12	208363	212340	11164	409539	0.972740
chr01x12	24500001	24750000	HAP1_chr12	HAP2_chr01	HAP1	HAP2	12	1	206076	217281	5839	417518	0.986015
chr01x12	24500001	24750000	HAP2_chr01	HAP2_chr12	HAP2	HAP2	1	12	217281	212340	9430	420191	0.977558
chr01x12	24750001	25000000	HAP1_chr01	HAP1_chr12	HAP1	HAP1	1	12	191089	205599	6807	389881	0.982541
chr01x12	24750001	25000000	HAP1_chr01	HAP2_chr12	HAP1	HAP2	1	12	191089	195543	7893	378739	0.979160
chr01x12	24750001	25000000	HAP1_chr12	HAP2_chr01	HAP1	HAP2	12	1	205599	196405	7144	394860	0.981908
chr01x12	24750001	25000000	HAP2_chr01	HAP2_chr12	HAP2	HAP2	1	12	196405	195543	10744	381204	0.971816
chr01x12	25000001	25250000	HAP1_chr01	HAP1_chr12	HAP1	HAP1	1	12	205369	199531	4138	400762	0.989675
chr01x12	25000001	25250000	HAP1_chr01	HAP2_chr12	HAP1	HAP2	1	12	205369	217913	6663	416619	0.984007
chr01x12	25000001	25250000	HAP1_chr12	HAP2_chr01	HAP1	HAP2	12	1	199531	203373	5966	396938	0.984970
chr01x12	25000001	25250000	HAP2_chr01	HAP2_chr12	HAP2	HAP2	1	12	203373	217913	12363	408923	0.969767
chr01x12	25250001	25500000	HAP1_chr01	HAP1_chr12	HAP1	HAP1	1	12	221045	209755	8196	422604	0.980606
chr01x12	25250001	25500000	HAP1_chr01	HAP2_chr12	HAP1	HAP2	1	12	221045	201082	9140	412987	0.977869
chr01x12	25250001	25500000	HAP1_chr12	HAP2_chr01	HAP1	HAP2	12	1	209755	226059	7050	428764	0.983557
chr01x12	25250001	25500000	HAP2_chr01	HAP2_chr12	HAP2	HAP2	1	12	226059	201082	8421	418720	0.979889
chr01x12	25500001	25750000	HAP1_chr01	HAP1_chr12	HAP1	HAP1	1	12	205190	188087	5392	387885	0.986099
chr01x12	25500001	25750000	HAP1_chr01	HAP2_chr12	HAP1	HAP2	1	12	205190	228829	4060	429959	0.990557
chr01x12	25500001	25750000	HAP1_chr12	HAP2_chr01	HAP1	HAP2	12	1	188087	205489	5987	387589	0.984553
chr01x12	25500001	25750000	HAP2_chr01	HAP2_chr12	HAP2	HAP2	1	12	205489	228829	3412	430906	0.992082
chr01x12	25750001	26000000	HAP1_chr01	HAP1_chr12	HAP1	HAP1	1	12	215769	203700	10343	409126	0.974719
chr01x12	25750001	26000000	HAP1_chr01	HAP2_chr12	HAP1	HAP2	1	12	215769	211654	9099	418324	0.978249
chr01x12	25750001	26000000	HAP1_chr12	HAP2_chr01	HAP1	HAP2	12	1	203700	215092	12445	406347	0.969373
chr01x12	25750001	26000000	HAP2_chr01	HAP2_chr12	HAP2	HAP2	1	12	215092	211654	8543	418203	0.979572
chr01x12	26000001	26250000	HAP1_chr01	HAP1_chr12	HAP1	HAP1	1	12	208589	189508	15265	382832	0.960126
chr01x12	26000001	26250000	HAP1_chr01	HAP2_chr12	HAP1	HAP2	1	12	208589	208226	12676	404139	0.968635
chr01x12	26000001	26250000	HAP1_chr12	HAP2_chr01	HAP1	HAP2	12	1	189508	217778	12545	394741	0.968220
chr01x12	26000001	26250000	HAP2_chr01	HAP2_chr12	HAP2	HAP2	1	12	217778	208226	6996	419008	0.983303
chr01x12	26250001	26500000	HAP1_chr01	HAP1_chr12	HAP1	HAP1	1	12	220949	225025	13578	432396	0.968598
chr01x12	26250001	26500000	HAP1_chr01	HAP2_chr12	HAP1	HAP2	1	12	220949	228307	10909	438347	0.975113
chr01x12	26250001	26500000	HAP1_chr12	HAP2_chr01	HAP1	HAP2	12	1	225025	220381	15854	429552	0.963092
chr01x12	26250001	26500000	HAP2_chr01	HAP2_chr12	HAP2	HAP2	1	12	220381	228307	10320	438368	0.976458
chr01x12	26500001	26750000	HAP1_chr01	HAP1_chr12	HAP1	HAP1	1	12	216137	228944	7772	437309	0.982228
chr01x12	26500001	26750000	HAP1_chr01	HAP2_chr12	HAP1	HAP2	1	12	216137	207102	1726	421513	0.995905
chr01x12	26500001	26750000	HAP1_chr12	HAP2_chr01	HAP1	HAP2	12	1	228944	225233	8432	445745	0.981083
chr01x12	26500001	26750000	HAP2_chr01	HAP2_chr12	HAP2	HAP2	1	12	225233	207102	4793	427542	0.988789
chr01x12	26750001	27000000	HAP1_chr01	HAP1_chr12	HAP1	HAP1	1	12	221347	195180	12315	404212	0.969533
chr01x12	26750001	27000000	HAP1_chr01	HAP2_chr12	HAP1	HAP2	1	12	221347	212318	3233	430432	0.992489
chr01x12	26750001	27000000	HAP1_chr12	HAP2_chr01	HAP1	HAP2	12	1	195180	226787	9753	412214	0.976340
chr01x12	26750001	27000000	HAP2_chr01	HAP2_chr12	HAP2	HAP2	1	12	226787	212318	6316	432789	0.985406
chr01x12	27000001	27250000	HAP1_chr01	HAP1_chr12	HAP1	HAP1	1	12	232041	223355	7799	447597	0.982576
chr01x12	27000001	27250000	HAP1_chr01	HAP2_chr12	HAP1	HAP2	1	12	232041	212476	24560	419957	0.941518
chr01x12	27000001	27250000	HAP1_chr12	HAP2_chr01	HAP1	HAP2	12	1	223355	230023	8040	445338	0.981946
chr01x12	27000001	27250000	HAP2_chr01	HAP2_chr12	HAP2	HAP2	1	12	230023	212476	9099	433400	0.979006
chr01x12	27250001	27500000	HAP1_chr01	HAP1_chr12	HAP1	HAP1	1	12	225095	219996	5725	439366	0.986970
chr01x12	27250001	27500000	HAP1_chr01	HAP2_chr12	HAP1	HAP2	1	12	225095	238441	3931	459605	0.991447
chr01x12	27250001	27500000	HAP1_chr12	HAP2_chr01	HAP1	HAP2	12	1	219996	211675	8160	423511	0.980732
chr01x12	27250001	27500000	HAP2_chr01	HAP2_chr12	HAP2	HAP2	1	12	211675	238441	6295	443821	0.985816
chr01x12	27500001	27750000	HAP1_chr01	HAP1_chr12	HAP1	HAP1	1	12	216941	214853	8178	423616	0.980695
chr01x12	27500001	27750000	HAP1_chr01	HAP2_chr12	HAP1	HAP2	1	12	216941	228512	11218	434235	0.974166
chr01x12	27500001	27750000	HAP1_chr12	HAP2_chr01	HAP1	HAP2	12	1	214853	226183	6567	434469	0.984885
chr01x12	27500001	27750000	HAP2_chr01	HAP2_chr12	HAP2	HAP2	1	12	226183	228512	7794	446901	0.982560
chr01x12	27750001	28000000	HAP1_chr01	HAP1_chr12	HAP1	HAP1	1	12	216165	216682	7584	425263	0.982166
chr01x12	27750001	28000000	HAP1_chr01	HAP2_chr12	HAP1	HAP2	1	12	216165	220264	5505	430924	0.987225
chr01x12	27750001	28000000	HAP1_chr12	HAP2_chr01	HAP1	HAP2	12	1	216682	211796	7717	420761	0.981659
chr01x12	27750001	28000000	HAP2_chr01	HAP2_chr12	HAP2	HAP2	1	12	211796	220264	10733	421327	0.974526
chr01x12	28000001	28250000	HAP1_chr01	HAP1_chr12	HAP1	HAP1	1	12	227834	218941	10483	436292	0.975973
chr01x12	28000001	28250000	HAP1_chr01	HAP2_chr12	HAP1	HAP2	1	12	227834	224984	53626	399192	0.865664
chr01x12	28000001	28250000	HAP1_chr12	HAP2_chr01	HAP1	HAP2	12	1	218941	226437	11031	434347	0.974603
chr01x12	28000001	28250000	HAP2_chr01	HAP2_chr12	HAP2	HAP2	1	12	226437	224984	56675	394746	0.856427
chr01x12	28250001	28500000	HAP1_chr01	HAP1_chr12	HAP1	HAP1	1	12	234076	210093	8620	435549	0.980209
chr01x12	28250001	28500000	HAP1_chr01	HAP2_chr12	HAP1	HAP2	1	12	234076	212135	4897	441314	0.988904
chr01x12	28250001	28500000	HAP1_chr12	HAP2_chr01	HAP1	HAP2	12	1	210093	231981	10224	431850	0.976325
chr01x12	28250001	28500000	HAP2_chr01	HAP2_chr12	HAP2	HAP2	1	12	231981	212135	2992	441124	0.993217
chr01x12	28500001	28750000	HAP1_chr01	HAP1_chr12	HAP1	HAP1	1	12	229716	192871	9412	413175	0.977220
chr01x12	28500001	28750000	HAP1_chr01	HAP2_chr12	HAP1	HAP2	1	12	229716	223838	10915	442639	0.975341
chr01x12	28500001	28750000	HAP1_chr12	HAP2_chr01	HAP1	HAP2	12	1	192871	218702	9330	402243	0.976805
chr01x12	28500001	28750000	HAP2_chr01	HAP2_chr12	HAP2	HAP2	1	12	218702	223838	10625	431915	0.975400
chr01x12	28750001	29000000	HAP1_chr01	HAP1_chr12	HAP1	HAP1	1	12	220225	198454	10693	407986	0.973791
chr01x12	28750001	29000000	HAP1_chr01	HAP2_chr12	HAP1	HAP2	1	12	220225	223829	6883	437171	0.984256
chr01x12	28750001	29000000	HAP1_chr12	HAP2_chr01	HAP1	HAP2	12	1	198454	229228	9841	417841	0.976448
chr01x12	28750001	29000000	HAP2_chr01	HAP2_chr12	HAP2	HAP2	1	12	229228	223829	8650	444407	0.980536
chr01x12	29000001	29250000	HAP1_chr01	HAP1_chr12	HAP1	HAP1	1	12	199213	202167	15674	385706	0.959363
chr01x12	29000001	29250000	HAP1_chr01	HAP2_chr12	HAP1	HAP2	1	12	199213	222813	10864	411162	0.973577
chr01x12	29000001	29250000	HAP1_chr12	HAP2_chr01	HAP1	HAP2	12	1	202167	196188	14195	384160	0.963049
chr01x12	29000001	29250000	HAP2_chr01	HAP2_chr12	HAP2	HAP2	1	12	196188	222813	9874	409127	0.975866
chr01x12	29250001	29500000	HAP1_chr01	HAP1_chr12	HAP1	HAP1	1	12	181187	198479	8048	371618	0.978343
chr01x12	29250001	29500000	HAP1_chr01	HAP2_chr12	HAP1	HAP2	1	12	181187	221734	5047	397874	0.987315
chr01x12	29250001	29500000	HAP1_chr12	HAP2_chr01	HAP1	HAP2	12	1	198479	156190	10658	344011	0.969018
chr01x12	29250001	29500000	HAP2_chr01	HAP2_chr12	HAP2	HAP2	1	12	156190	221734	3322	374602	0.991132
chr01x12	29500001	29750000	HAP1_chr01	HAP1_chr12	HAP1	HAP1	1	12	202739	218730	4255	417214	0.989801
chr01x12	29500001	29750000	HAP1_chr01	HAP2_chr12	HAP1	HAP2	1	12	202739	199159	4364	397534	0.989022
chr01x12	29500001	29750000	HAP1_chr12	HAP2_chr01	HAP1	HAP2	12	1	218730	221731	6687	433774	0.984584
chr01x12	29500001	29750000	HAP2_chr01	HAP2_chr12	HAP2	HAP2	1	12	221731	199159	7359	413531	0.982204
chr01x12	29750001	30000000	HAP1_chr01	HAP1_chr12	HAP1	HAP1	1	12	214862	197611	10736	401737	0.973276
chr01x12	29750001	30000000	HAP1_chr01	HAP2_chr12	HAP1	HAP2	1	12	214862	211904	13465	413301	0.967421
chr01x12	29750001	30000000	HAP1_chr12	HAP2_chr01	HAP1	HAP2	12	1	197611	220191	9318	408484	0.977189
chr01x12	29750001	30000000	HAP2_chr01	HAP2_chr12	HAP2	HAP2	1	12	220191	211904	12800	419295	0.969473
chr01x12	30000001	30250000	HAP1_chr01	HAP1_chr12	HAP1	HAP1	1	12	206376	220834	9607	417603	0.976995
chr01x12	30000001	30250000	HAP1_chr01	HAP2_chr12	HAP1	HAP2	1	12	206376	214746	12079	409043	0.970470
chr01x12	30000001	30250000	HAP1_chr12	HAP2_chr01	HAP1	HAP2	12	1	220834	210093	11333	419594	0.972991
chr01x12	30000001	30250000	HAP2_chr01	HAP2_chr12	HAP2	HAP2	1	12	210093	214746	11483	413356	0.972220
chr01x12	30250001	30500000	HAP1_chr01	HAP1_chr12	HAP1	HAP1	1	12	210518	171691	3867	378342	0.989779
chr01x12	30250001	30500000	HAP1_chr01	HAP2_chr12	HAP1	HAP2	1	12	210518	208298	10811	408005	0.973503
chr01x12	30250001	30500000	HAP1_chr12	HAP2_chr01	HAP1	HAP2	12	1	171691	223572	4734	390529	0.987878
chr01x12	30250001	30500000	HAP2_chr01	HAP2_chr12	HAP2	HAP2	1	12	223572	208298	10102	421768	0.976048
chr01x12	30500001	30750000	HAP1_chr01	HAP1_chr12	HAP1	HAP1	1	12	231261	162893	8580	385574	0.977747
chr01x12	30500001	30750000	HAP1_chr01	HAP2_chr12	HAP1	HAP2	1	12	231261	234313	10515	455059	0.976893
chr01x12	30500001	30750000	HAP1_chr12	HAP2_chr01	HAP1	HAP2	12	1	162893	220077	6388	376582	0.983037
chr01x12	30500001	30750000	HAP2_chr01	HAP2_chr12	HAP2	HAP2	1	12	220077	234313	10332	444058	0.976733
chr01x12	30750001	31000000	HAP1_chr01	HAP1_chr12	HAP1	HAP1	1	12	219044	182789	6536	395297	0.983466
chr01x12	30750001	31000000	HAP1_chr01	HAP2_chr12	HAP1	HAP2	1	12	219044	219736	4850	433930	0.988823
chr01x12	30750001	31000000	HAP1_chr12	HAP2_chr01	HAP1	HAP2	12	1	182789	214014	5260	391543	0.986566
chr01x12	30750001	31000000	HAP2_chr01	HAP2_chr12	HAP2	HAP2	1	12	214014	219736	4977	428773	0.988392
chr01x12	31000001	31250000	HAP1_chr01	HAP1_chr12	HAP1	HAP1	1	12	217988	222874	9279	431583	0.978500
chr01x12	31000001	31250000	HAP1_chr01	HAP2_chr12	HAP1	HAP2	1	12	217988	224378	7803	434563	0.982044
chr01x12	31000001	31250000	HAP1_chr12	HAP2_chr01	HAP1	HAP2	12	1	222874	224076	12214	434736	0.971905
chr01x12	31000001	31250000	HAP2_chr01	HAP2_chr12	HAP2	HAP2	1	12	224076	224378	10670	437784	0.975627
chr01x12	31250001	31500000	HAP1_chr01	HAP1_chr12	HAP1	HAP1	1	12	219866	230465	11261	439070	0.974353
chr01x12	31250001	31500000	HAP1_chr01	HAP2_chr12	HAP1	HAP2	1	12	219866	200062	11519	408409	0.971795
chr01x12	31250001	31500000	HAP1_chr12	HAP2_chr01	HAP1	HAP2	12	1	230465	220003	10035	440433	0.977216
chr01x12	31250001	31500000	HAP2_chr01	HAP2_chr12	HAP2	HAP2	1	12	220003	200062	10771	409294	0.973684
chr01x12	31500001	31750000	HAP1_chr01	HAP1_chr12	HAP1	HAP1	1	12	176713	214854	9551	382016	0.974998
chr01x12	31500001	31750000	HAP1_chr01	HAP2_chr12	HAP1	HAP2	1	12	176713	210885	13502	374096	0.963908
chr01x12	31500001	31750000	HAP1_chr12	HAP2_chr01	HAP1	HAP2	12	1	214854	189822	7857	396819	0.980200
chr01x12	31500001	31750000	HAP2_chr01	HAP2_chr12	HAP2	HAP2	1	12	189822	210885	11324	389383	0.970918
chr01x12	31750001	32000000	HAP1_chr01	HAP1_chr12	HAP1	HAP1	1	12	224121	223540	5752	441909	0.986984
chr01x12	31750001	32000000	HAP1_chr01	HAP2_chr12	HAP1	HAP2	1	12	224121	225459	5877	443703	0.986755
chr01x12	31750001	32000000	HAP1_chr12	HAP2_chr01	HAP1	HAP2	12	1	223540	222026	9471	436095	0.978282
chr01x12	31750001	32000000	HAP2_chr01	HAP2_chr12	HAP2	HAP2	1	12	222026	225459	10169	437316	0.976747
chr01x12	32000001	32250000	HAP1_chr01	HAP1_chr12	HAP1	HAP1	1	12	208690	214294	10841	412143	0.973696
chr01x12	32000001	32250000	HAP1_chr01	HAP2_chr12	HAP1	HAP2	1	12	208690	219455	12151	415994	0.970790
chr01x12	32000001	32250000	HAP1_chr12	HAP2_chr01	HAP1	HAP2	12	1	214294	209292	10557	413029	0.974440
chr01x12	32000001	32250000	HAP2_chr01	HAP2_chr12	HAP2	HAP2	1	12	209292	219455	11988	416759	0.971235
chr01x12	32250001	32500000	HAP1_chr01	HAP1_chr12	HAP1	HAP1	1	12	215618	191541	14526	392633	0.963004
chr01x12	32250001	32500000	HAP1_chr01	HAP2_chr12	HAP1	HAP2	1	12	215618	225592	12034	429176	0.971960
chr01x12	32250001	32500000	HAP1_chr12	HAP2_chr01	HAP1	HAP2	12	1	191541	221033	12447	400127	0.968892
chr01x12	32250001	32500000	HAP2_chr01	HAP2_chr12	HAP2	HAP2	1	12	221033	225592	13480	433145	0.968879
chr01x12	32500001	32750000	HAP1_chr01	HAP1_chr12	HAP1	HAP1	1	12	209695	224651	2876	431470	0.993334
chr01x12	32500001	32750000	HAP1_chr01	HAP2_chr12	HAP1	HAP2	1	12	209695	219369	13899	415165	0.966522
chr01x12	32500001	32750000	HAP1_chr12	HAP2_chr01	HAP1	HAP2	12	1	224651	210059	3472	431238	0.991949
chr01x12	32500001	32750000	HAP2_chr01	HAP2_chr12	HAP2	HAP2	1	12	210059	219369	12811	416617	0.969250
chr01x12	32750001	33000000	HAP1_chr01	HAP1_chr12	HAP1	HAP1	1	12	203845	224968	10476	418337	0.974958
chr01x12	32750001	33000000	HAP1_chr01	HAP2_chr12	HAP1	HAP2	1	12	203845	169380	3160	370065	0.991461
chr01x12	32750001	33000000	HAP1_chr12	HAP2_chr01	HAP1	HAP2	12	1	224968	199791	13088	411671	0.968208
chr01x12	32750001	33000000	HAP2_chr01	HAP2_chr12	HAP2	HAP2	1	12	199791	169380	6366	362805	0.982453
chr01x12	33000001	33250000	HAP1_chr01	HAP1_chr12	HAP1	HAP1	1	12	200726	227855	15075	413506	0.963543
chr01x12	33000001	33250000	HAP1_chr01	HAP2_chr12	HAP1	HAP2	1	12	200726	143445	8138	336033	0.975782
chr01x12	33000001	33250000	HAP1_chr12	HAP2_chr01	HAP1	HAP2	12	1	227855	210656	16363	422148	0.961239
chr01x12	33000001	33250000	HAP2_chr01	HAP2_chr12	HAP2	HAP2	1	12	210656	143445	8087	346014	0.976628
chr01x12	33250001	33500000	HAP1_chr01	HAP1_chr12	HAP1	HAP1	1	12	223398	210483	13385	420496	0.968169
chr01x12	33250001	33500000	HAP1_chr01	HAP2_chr12	HAP1	HAP2	1	12	223398	200587	6112	417873	0.985374
chr01x12	33250001	33500000	HAP1_chr12	HAP2_chr01	HAP1	HAP2	12	1	210483	220653	11541	419595	0.972495
chr01x12	33250001	33500000	HAP2_chr01	HAP2_chr12	HAP2	HAP2	1	12	220653	200587	5612	415628	0.986498
chr01x12	33500001	33750000	HAP1_chr01	HAP1_chr12	HAP1	HAP1	1	12	208935	223255	10241	421949	0.975729
chr01x12	33500001	33750000	HAP1_chr01	HAP2_chr12	HAP1	HAP2	1	12	208935	220396	10170	419161	0.975737
chr01x12	33500001	33750000	HAP1_chr12	HAP2_chr01	HAP1	HAP2	12	1	223255	204817	9428	418644	0.977480
chr01x12	33500001	33750000	HAP2_chr01	HAP2_chr12	HAP2	HAP2	1	12	204817	220396	8715	416498	0.979076
chr01x12	33750001	34000000	HAP1_chr01	HAP1_chr12	HAP1	HAP1	1	12	209725	174139	9036	374828	0.975893
chr01x12	33750001	34000000	HAP1_chr01	HAP2_chr12	HAP1	HAP2	1	12	209725	194723	7718	396730	0.980546
chr01x12	33750001	34000000	HAP1_chr12	HAP2_chr01	HAP1	HAP2	12	1	174139	212399	5694	380844	0.985049
chr01x12	33750001	34000000	HAP2_chr01	HAP2_chr12	HAP2	HAP2	1	12	212399	194723	4631	402491	0.988494
chr01x12	34000001	34250000	HAP1_chr01	HAP1_chr12	HAP1	HAP1	1	12	218809	206487	10735	414561	0.974105
chr01x12	34000001	34250000	HAP1_chr01	HAP2_chr12	HAP1	HAP2	1	12	218809	206833	7990	417652	0.980869
chr01x12	34000001	34250000	HAP1_chr12	HAP2_chr01	HAP1	HAP2	12	1	206487	225537	12546	419478	0.970091
chr01x12	34000001	34250000	HAP2_chr01	HAP2_chr12	HAP2	HAP2	1	12	225537	206833	10919	421451	0.974092
chr01x12	34250001	34500000	HAP1_chr01	HAP1_chr12	HAP1	HAP1	1	12	227715	232912	3331	457296	0.992716
chr01x12	34250001	34500000	HAP1_chr01	HAP2_chr12	HAP1	HAP2	1	12	227715	199040	10260	416495	0.975366
chr01x12	34250001	34500000	HAP1_chr12	HAP2_chr01	HAP1	HAP2	12	1	232912	210915	5476	438351	0.987508
chr01x12	34250001	34500000	HAP2_chr01	HAP2_chr12	HAP2	HAP2	1	12	210915	199040	8465	401490	0.978916
chr01x12	34500001	34750000	HAP1_chr01	HAP1_chr12	HAP1	HAP1	1	12	211163	222528	9637	424054	0.977274
chr01x12	34500001	34750000	HAP1_chr01	HAP2_chr12	HAP1	HAP2	1	12	211163	222467	9479	424151	0.977652
chr01x12	34500001	34750000	HAP1_chr12	HAP2_chr01	HAP1	HAP2	12	1	222528	68648	5379	285797	0.981179
chr01x12	34500001	34750000	HAP2_chr01	HAP2_chr12	HAP2	HAP2	1	12	68648	222467	4623	286492	0.983863
chr01x12	34750001	35000000	HAP1_chr01	HAP1_chr12	HAP1	HAP1	1	12	201132	215424	8561	407995	0.979017
chr01x12	34750001	35000000	HAP1_chr01	HAP2_chr12	HAP1	HAP2	1	12	201132	190862	8115	383879	0.978861
chr01x12	34750001	35000000	HAP1_chr12	HAP2_chr01	HAP1	HAP2	12	1	215424	110620	5088	320956	0.984147
chr01x12	34750001	35000000	HAP2_chr01	HAP2_chr12	HAP2	HAP2	1	12	110620	190862	6248	295234	0.978837
chr01x12	35000001	35250000	HAP1_chr01	HAP1_chr12	HAP1	HAP1	1	12	106362	221060	3501	323921	0.989192
chr01x12	35000001	35250000	HAP1_chr01	HAP2_chr12	HAP1	HAP2	1	12	106362	191618	5459	292521	0.981338
chr01x12	35000001	35250000	HAP1_chr12	HAP2_chr01	HAP1	HAP2	12	1	221060	160180	5563	375677	0.985192
chr01x12	35000001	35250000	HAP2_chr01	HAP2_chr12	HAP2	HAP2	1	12	160180	191618	8541	343257	0.975118
chr01x12	35250001	35500000	HAP1_chr01	HAP1_chr12	HAP1	HAP1	1	12	42585	218334	1569	259350	0.993950
chr01x12	35250001	35500000	HAP1_chr01	HAP2_chr12	HAP1	HAP2	1	12	42585	217710	670	259625	0.997419
chr01x12	35250001	35500000	HAP1_chr12	HAP2_chr01	HAP1	HAP2	12	1	218334	216548	5070	429812	0.988204
chr01x12	35250001	35500000	HAP2_chr01	HAP2_chr12	HAP2	HAP2	1	12	216548	217710	16082	418176	0.961543
chr01x12	35500001	35750000	HAP1_chr01	HAP1_chr12	HAP1	HAP1	1	12	75762	226609	5603	296768	0.981120
chr01x12	35500001	35750000	HAP1_chr01	HAP2_chr12	HAP1	HAP2	1	12	75762	213776	2101	287437	0.992691
chr01x12	35500001	35750000	HAP1_chr12	HAP2_chr01	HAP1	HAP2	12	1	226609	101592	5934	322267	0.981587
chr01x12	35500001	35750000	HAP2_chr01	HAP2_chr12	HAP2	HAP2	1	12	101592	213776	3347	312021	0.989273
chr01x12	35750001	36000000	HAP1_chr01	HAP1_chr12	HAP1	HAP1	1	12	42847	222539	1675	263711	0.993648
chr01x12	35750001	36000000	HAP1_chr01	HAP2_chr12	HAP1	HAP2	1	12	42847	212885	2684	253048	0.989393
chr01x12	35750001	36000000	HAP1_chr12	HAP2_chr01	HAP1	HAP2	12	1	222539	123266	8967	336838	0.973379
chr01x12	35750001	36000000	HAP2_chr01	HAP2_chr12	HAP2	HAP2	1	12	123266	212885	7519	328632	0.977120
chr01x12	36000001	36250000	HAP1_chr01	HAP1_chr12	HAP1	HAP1	1	12	76630	232618	4162	305086	0.986358
chr01x12	36000001	36250000	HAP1_chr01	HAP2_chr12	HAP1	HAP2	1	12	76630	219032	7362	288300	0.974464
chr01x12	36000001	36250000	HAP1_chr12	HAP2_chr01	HAP1	HAP2	12	1	232618	139077	3692	368003	0.989967
chr01x12	36000001	36250000	HAP2_chr01	HAP2_chr12	HAP2	HAP2	1	12	139077	219032	8318	349791	0.976220
chr01x12	36250001	36500000	HAP1_chr01	HAP1_chr12	HAP1	HAP1	1	12	41590	236155	147	277598	0.999470
chr01x12	36250001	36500000	HAP1_chr01	HAP2_chr12	HAP1	HAP2	1	12	41590	228979	2299	268270	0.991430
chr01x12	36250001	36500000	HAP1_chr12	HAP2_chr01	HAP1	HAP2	12	1	236155	151472	3476	384151	0.990951
chr01x12	36250001	36500000	HAP2_chr01	HAP2_chr12	HAP2	HAP2	1	12	151472	228979	9972	370479	0.973083
chr01x12	36500001	36750000	HAP1_chr01	HAP1_chr12	HAP1	HAP1	1	12	51183	182471	164	233490	0.999298
chr01x12	36500001	36750000	HAP1_chr01	HAP2_chr12	HAP1	HAP2	1	12	51183	207276	412	258047	0.998403
chr01x12	36500001	36750000	HAP1_chr12	HAP2_chr01	HAP1	HAP2	12	1	182471	120345	4095	298721	0.986292
chr01x12	36500001	36750000	HAP2_chr01	HAP2_chr12	HAP2	HAP2	1	12	120345	207276	4676	322945	0.985521
chr01x12	36750001	37000000	HAP1_chr01	HAP1_chr12	HAP1	HAP1	1	12	29797	206783	85	236495	0.999641
chr01x12	36750001	37000000	HAP1_chr01	HAP2_chr12	HAP1	HAP2	1	12	29797	215177	1452	243522	0.994037
chr01x12	36750001	37000000	HAP1_chr12	HAP2_chr01	HAP1	HAP2	12	1	206783	174318	4684	376417	0.987556
chr01x12	36750001	37000000	HAP2_chr01	HAP2_chr12	HAP2	HAP2	1	12	174318	215177	12795	376700	0.966034
chr01x12	37000001	37250000	HAP1_chr01	HAP1_chr12	HAP1	HAP1	1	12	43527	222619	2355	263791	0.991072
chr01x12	37000001	37250000	HAP1_chr01	HAP2_chr12	HAP1	HAP2	1	12	43527	232732	4965	271294	0.981699
chr01x12	37000001	37250000	HAP1_chr12	HAP2_chr01	HAP1	HAP2	12	1	222619	105853	5773	322699	0.982110
chr01x12	37000001	37250000	HAP2_chr01	HAP2_chr12	HAP2	HAP2	1	12	105853	232732	6564	332021	0.980230
chr01x12	37250001	37500000	HAP1_chr01	HAP1_chr12	HAP1	HAP1	1	12	23114	227135	473	249776	0.998106
chr01x12	37250001	37500000	HAP1_chr01	HAP2_chr12	HAP1	HAP2	1	12	23114	209475	400	232189	0.998277
chr01x12	37250001	37500000	HAP1_chr12	HAP2_chr01	HAP1	HAP2	12	1	227135	98679	3065	322749	0.990503
chr01x12	37250001	37500000	HAP2_chr01	HAP2_chr12	HAP2	HAP2	1	12	98679	209475	8061	300093	0.973138
chr01x12	37500001	37750000	HAP1_chr01	HAP1_chr12	HAP1	HAP1	1	12	38794	163694	174	202314	0.999140
chr01x12	37500001	37750000	HAP1_chr01	HAP2_chr12	HAP1	HAP2	1	12	38794	202450	3479	237765	0.985368
chr01x12	37500001	37750000	HAP1_chr12	HAP2_chr01	HAP1	HAP2	12	1	163694	126814	3459	287049	0.987950
chr01x12	37500001	37750000	HAP2_chr01	HAP2_chr12	HAP2	HAP2	1	12	126814	202450	13062	316202	0.958691
chr01x12	37750001	38000000	HAP1_chr01	HAP1_chr12	HAP1	HAP1	1	12	40012	226266	281	265997	0.998944
chr01x12	37750001	38000000	HAP1_chr01	HAP2_chr12	HAP1	HAP2	1	12	40012	190420	2513	227919	0.988974
chr01x12	37750001	38000000	HAP1_chr12	HAP2_chr01	HAP1	HAP2	12	1	226266	115002	473	340795	0.998612
chr01x12	37750001	38000000	HAP2_chr01	HAP2_chr12	HAP2	HAP2	1	12	115002	190420	12240	293182	0.958251
chr01x12	38000001	38250000	HAP1_chr01	HAP1_chr12	HAP1	HAP1	1	12	31672	210713	470	241915	0.998057
chr01x12	38000001	38250000	HAP1_chr01	HAP2_chr12	HAP1	HAP2	1	12	31672	207377	1670	237379	0.992965
chr01x12	38000001	38250000	HAP1_chr12	HAP2_chr01	HAP1	HAP2	12	1	210713	149785	2155	358343	0.993986
chr01x12	38000001	38250000	HAP2_chr01	HAP2_chr12	HAP2	HAP2	1	12	149785	207377	10760	346402	0.968938
chr01x12	38250001	38500000	HAP1_chr01	HAP1_chr12	HAP1	HAP1	1	12	32543	217308	111	249740	0.999556
chr01x12	38250001	38500000	HAP1_chr01	HAP2_chr12	HAP1	HAP2	1	12	32543	220205	3814	248934	0.984679
chr01x12	38250001	38500000	HAP1_chr12	HAP2_chr01	HAP1	HAP2	12	1	217308	197128	8080	406356	0.980116
chr01x12	38250001	38500000	HAP2_chr01	HAP2_chr12	HAP2	HAP2	1	12	197128	220205	10997	406336	0.972936
chr01x12	38500001	38750000	HAP1_chr01	HAP1_chr12	HAP1	HAP1	1	12	50043	205677	2773	252947	0.989037
chr01x12	38500001	38750000	HAP1_chr01	HAP2_chr12	HAP1	HAP2	1	12	50043	185232	1218	234057	0.994796
chr01x12	38500001	38750000	HAP1_chr12	HAP2_chr01	HAP1	HAP2	12	1	205677	202381	5801	402257	0.985579
chr01x12	38500001	38750000	HAP2_chr01	HAP2_chr12	HAP2	HAP2	1	12	202381	185232	18907	368706	0.948721
chr01x12	38750001	39000000	HAP1_chr01	HAP1_chr12	HAP1	HAP1	1	12	27723	202003	959	228767	0.995808
chr01x12	38750001	39000000	HAP1_chr01	HAP2_chr12	HAP1	HAP2	1	12	27723	186197	242	213678	0.998867
chr01x12	38750001	39000000	HAP1_chr12	HAP2_chr01	HAP1	HAP2	12	1	202003	221044	7456	415591	0.982059
chr01x12	38750001	39000000	HAP2_chr01	HAP2_chr12	HAP2	HAP2	1	12	221044	186197	9481	397760	0.976164
chr01x12	39000001	39250000	HAP1_chr01	HAP1_chr12	HAP1	HAP1	1	12	56226	207628	2036	261818	0.992224
chr01x12	39000001	39250000	HAP1_chr01	HAP2_chr12	HAP1	HAP2	1	12	56226	187051	7050	236227	0.970156
chr01x12	39000001	39250000	HAP1_chr12	HAP2_chr01	HAP1	HAP2	12	1	207628	222718	7837	422509	0.981451
chr01x12	39000001	39250000	HAP2_chr01	HAP2_chr12	HAP2	HAP2	1	12	222718	187051	8054	401715	0.979951
chr01x12	39250001	39500000	HAP1_chr01	HAP1_chr12	HAP1	HAP1	1	12	53539	223816	458	276897	0.998346
chr01x12	39250001	39500000	HAP1_chr01	HAP2_chr12	HAP1	HAP2	1	12	53539	106025	5187	154377	0.966400
chr01x12	39250001	39500000	HAP1_chr12	HAP2_chr01	HAP1	HAP2	12	1	223816	216433	7785	432464	0.981999
chr01x12	39250001	39500000	HAP2_chr01	HAP2_chr12	HAP2	HAP2	1	12	216433	106025	6850	315608	0.978296
chr01x12	39500001	39750000	HAP1_chr01	HAP1_chr12	HAP1	HAP1	1	12	113097	192818	11858	294057	0.959674
chr01x12	39500001	39750000	HAP1_chr01	HAP2_chr12	HAP1	HAP2	1	12	113097	105094	4608	213583	0.978425
chr01x12	39500001	39750000	HAP1_chr12	HAP2_chr01	HAP1	HAP2	12	1	192818	200101	4689	388230	0.987922
chr01x12	39500001	39750000	HAP2_chr01	HAP2_chr12	HAP2	HAP2	1	12	200101	105094	4754	300441	0.984177
chr01x12	39750001	40000000	HAP1_chr01	HAP1_chr12	HAP1	HAP1	1	12	146854	218982	7358	358478	0.979474
chr01x12	39750001	40000000	HAP1_chr01	HAP2_chr12	HAP1	HAP2	1	12	146854	40812	1510	186156	0.991889
chr01x12	39750001	40000000	HAP1_chr12	HAP2_chr01	HAP1	HAP2	12	1	218982	180567	6978	392571	0.982225
chr01x12	39750001	40000000	HAP2_chr01	HAP2_chr12	HAP2	HAP2	1	12	180567	40812	3538	217841	0.983759
chr01x12	40000001	40250000	HAP1_chr01	HAP1_chr12	HAP1	HAP1	1	12	204979	228744	9059	424664	0.978668
chr01x12	40000001	40250000	HAP1_chr01	HAP2_chr12	HAP1	HAP2	1	12	204979	156745	8433	353291	0.976130
chr01x12	40000001	40250000	HAP1_chr12	HAP2_chr01	HAP1	HAP2	12	1	228744	225066	7729	446081	0.982674
chr01x12	40000001	40250000	HAP2_chr01	HAP2_chr12	HAP2	HAP2	1	12	225066	156745	6208	375603	0.983472
chr01x12	40250001	40500000	HAP1_chr01	HAP1_chr12	HAP1	HAP1	1	12	135175	174453	3468	306160	0.988673
chr01x12	40250001	40500000	HAP1_chr01	HAP2_chr12	HAP1	HAP2	1	12	135175	199719	4716	330178	0.985717
chr01x12	40250001	40500000	HAP1_chr12	HAP2_chr01	HAP1	HAP2	12	1	174453	215381	4018	385816	0.989586
chr01x12	40250001	40500000	HAP2_chr01	HAP2_chr12	HAP2	HAP2	1	12	215381	199719	5330	409770	0.986993
chr01x12	40500001	40750000	HAP1_chr01	HAP1_chr12	HAP1	HAP1	1	12	117103	222804	7512	332395	0.977400
chr01x12	40500001	40750000	HAP1_chr01	HAP2_chr12	HAP1	HAP2	1	12	117103	180124	4942	292285	0.983092
chr01x12	40500001	40750000	HAP1_chr12	HAP2_chr01	HAP1	HAP2	12	1	222804	200854	10991	412667	0.973366
chr01x12	40500001	40750000	HAP2_chr01	HAP2_chr12	HAP2	HAP2	1	12	200854	180124	9526	371452	0.974355
chr01x12	40750001	41000000	HAP1_chr01	HAP1_chr12	HAP1	HAP1	1	12	146347	194405	7598	333154	0.977194
chr01x12	40750001	41000000	HAP1_chr01	HAP2_chr12	HAP1	HAP2	1	12	146347	204776	8191	342932	0.976115
chr01x12	40750001	41000000	HAP1_chr12	HAP2_chr01	HAP1	HAP2	12	1	194405	214295	5998	402702	0.985106
chr01x12	40750001	41000000	HAP2_chr01	HAP2_chr12	HAP2	HAP2	1	12	214295	204776	9529	409542	0.976733
chr01x12	41000001	41250000	HAP1_chr01	HAP1_chr12	HAP1	HAP1	1	12	140744	204565	4807	340502	0.985883
chr01x12	41000001	41250000	HAP1_chr01	HAP2_chr12	HAP1	HAP2	1	12	140744	215514	6928	349330	0.980168
chr01x12	41000001	41250000	HAP1_chr12	HAP2_chr01	HAP1	HAP2	12	1	204565	207757	6697	405625	0.983490
chr01x12	41000001	41250000	HAP2_chr01	HAP2_chr12	HAP2	HAP2	1	12	207757	215514	9180	414091	0.977831
chr01x12	41250001	41500000	HAP1_chr01	HAP1_chr12	HAP1	HAP1	1	12	126355	211086	3038	334403	0.990915
chr01x12	41250001	41500000	HAP1_chr01	HAP2_chr12	HAP1	HAP2	1	12	126355	226723	7176	345902	0.979254
chr01x12	41250001	41500000	HAP1_chr12	HAP2_chr01	HAP1	HAP2	12	1	211086	202732	5951	407867	0.985409
chr01x12	41250001	41500000	HAP2_chr01	HAP2_chr12	HAP2	HAP2	1	12	202732	226723	6690	422765	0.984176
chr01x12	41500001	41750000	HAP1_chr01	HAP1_chr12	HAP1	HAP1	1	12	180678	205870	8844	377704	0.976585
chr01x12	41500001	41750000	HAP1_chr01	HAP2_chr12	HAP1	HAP2	1	12	180678	203708	12885	371501	0.965316
chr01x12	41500001	41750000	HAP1_chr12	HAP2_chr01	HAP1	HAP2	12	1	205870	198263	10315	393818	0.973808
chr01x12	41500001	41750000	HAP2_chr01	HAP2_chr12	HAP2	HAP2	1	12	198263	203708	9982	391989	0.974535
chr01x12	41750001	42000000	HAP1_chr01	HAP1_chr12	HAP1	HAP1	1	12	106382	231570	5493	332459	0.983478
chr01x12	41750001	42000000	HAP1_chr01	HAP2_chr12	HAP1	HAP2	1	12	106382	219897	1622	324657	0.995004
chr01x12	41750001	42000000	HAP1_chr12	HAP2_chr01	HAP1	HAP2	12	1	231570	160932	3782	388720	0.990271
chr01x12	41750001	42000000	HAP2_chr01	HAP2_chr12	HAP2	HAP2	1	12	160932	219897	4328	376501	0.988505
chr01x12	42000001	42250000	HAP1_chr01	HAP1_chr12	HAP1	HAP1	1	12	109902	233486	8333	335055	0.975129
chr01x12	42000001	42250000	HAP1_chr01	HAP2_chr12	HAP1	HAP2	1	12	109902	204807	7793	306916	0.974609
chr01x12	42000001	42250000	HAP1_chr12	HAP2_chr01	HAP1	HAP2	12	1	233486	156480	4668	385298	0.987885
chr01x12	42000001	42250000	HAP2_chr01	HAP2_chr12	HAP2	HAP2	1	12	156480	204807	5954	355333	0.983244
chr01x12	42250001	42500000	HAP1_chr01	HAP1_chr12	HAP1	HAP1	1	12	112033	223368	3539	331862	0.989336
chr01x12	42250001	42500000	HAP1_chr01	HAP2_chr12	HAP1	HAP2	1	12	112033	228881	2005	338909	0.994084
chr01x12	42250001	42500000	HAP1_chr12	HAP2_chr01	HAP1	HAP2	12	1	223368	217074	6581	433861	0.984832
chr01x12	42250001	42500000	HAP2_chr01	HAP2_chr12	HAP2	HAP2	1	12	217074	228881	17790	428165	0.958451
chr01x12	42500001	42750000	HAP1_chr01	HAP1_chr12	HAP1	HAP1	1	12	113418	215274	6985	321707	0.978288
chr01x12	42500001	42750000	HAP1_chr01	HAP2_chr12	HAP1	HAP2	1	12	113418	192262	5411	300269	0.981979
chr01x12	42500001	42750000	HAP1_chr12	HAP2_chr01	HAP1	HAP2	12	1	215274	208674	16508	407440	0.959484
chr01x12	42500001	42750000	HAP2_chr01	HAP2_chr12	HAP2	HAP2	1	12	208674	192262	10656	390280	0.972697
chr01x12	42750001	43000000	HAP1_chr01	HAP1_chr12	HAP1	HAP1	1	12	140346	207771	2816	345301	0.991845
chr01x12	42750001	43000000	HAP1_chr01	HAP2_chr12	HAP1	HAP2	1	12	140346	190150	3456	327040	0.989432
chr01x12	42750001	43000000	HAP1_chr12	HAP2_chr01	HAP1	HAP2	12	1	207771	219146	3119	423798	0.992640
chr01x12	42750001	43000000	HAP2_chr01	HAP2_chr12	HAP2	HAP2	1	12	219146	190150	4485	404811	0.988921
chr01x12	43000001	43250000	HAP1_chr01	HAP1_chr12	HAP1	HAP1	1	12	195949	181661	4608	373002	0.987646
chr01x12	43000001	43250000	HAP1_chr01	HAP2_chr12	HAP1	HAP2	1	12	195949	223416	4994	414371	0.987948
chr01x12	43000001	43250000	HAP1_chr12	HAP2_chr01	HAP1	HAP2	12	1	181661	219029	5065	395625	0.987197
chr01x12	43000001	43250000	HAP2_chr01	HAP2_chr12	HAP2	HAP2	1	12	219029	223416	3667	438778	0.991643
chr01x12	43250001	43500000	HAP1_chr01	HAP1_chr12	HAP1	HAP1	1	12	199943	169284	1438	367789	0.996090
chr01x12	43250001	43500000	HAP1_chr01	HAP2_chr12	HAP1	HAP2	1	12	199943	197167	6772	390338	0.982651
chr01x12	43250001	43500000	HAP1_chr12	HAP2_chr01	HAP1	HAP2	12	1	169284	208170	4761	372693	0.987225
chr01x12	43250001	43500000	HAP2_chr01	HAP2_chr12	HAP2	HAP2	1	12	208170	197167	10458	394879	0.973516
chr01x12	43500001	43750000	HAP1_chr01	HAP1_chr12	HAP1	HAP1	1	12	220992	213974	5325	429641	0.987606
chr01x12	43500001	43750000	HAP1_chr01	HAP2_chr12	HAP1	HAP2	1	12	220992	213802	7490	427304	0.982471
chr01x12	43500001	43750000	HAP1_chr12	HAP2_chr01	HAP1	HAP2	12	1	213974	207753	1388	420339	0.996698
chr01x12	43500001	43750000	HAP2_chr01	HAP2_chr12	HAP2	HAP2	1	12	207753	213802	7942	413613	0.980798
chr01x12	43750001	44000000	HAP1_chr01	HAP1_chr12	HAP1	HAP1	1	12	223165	222945	5452	440658	0.987628
chr01x12	43750001	44000000	HAP1_chr01	HAP2_chr12	HAP1	HAP2	1	12	223165	173202	6820	389547	0.982492
chr01x12	43750001	44000000	HAP1_chr12	HAP2_chr01	HAP1	HAP2	12	1	222945	218587	5609	435923	0.987133
chr01x12	43750001	44000000	HAP2_chr01	HAP2_chr12	HAP2	HAP2	1	12	218587	173202	3862	387927	0.990045
chr01x12	44000001	44250000	HAP1_chr01	HAP1_chr12	HAP1	HAP1	1	12	217265	237939	2354	452850	0.994802
chr01x12	44000001	44250000	HAP1_chr01	HAP2_chr12	HAP1	HAP2	1	12	217265	215387	8511	424141	0.979934
chr01x12	44000001	44250000	HAP1_chr12	HAP2_chr01	HAP1	HAP2	12	1	237939	175206	4346	408799	0.989369
chr01x12	44000001	44250000	HAP2_chr01	HAP2_chr12	HAP2	HAP2	1	12	175206	215387	8300	382293	0.978289
chr01x12	44250001	44500000	HAP1_chr01	HAP1_chr12	HAP1	HAP1	1	12	180165	203744	3379	380530	0.991120
chr01x12	44250001	44500000	HAP1_chr01	HAP2_chr12	HAP1	HAP2	1	12	180165	216217	3780	392602	0.990372
chr01x12	44250001	44500000	HAP1_chr12	HAP2_chr01	HAP1	HAP2	12	1	203744	199777	5053	398468	0.987319
chr01x12	44250001	44500000	HAP2_chr01	HAP2_chr12	HAP2	HAP2	1	12	199777	216217	5241	410753	0.987241
chr01x12	44500001	44750000	HAP1_chr01	HAP1_chr12	HAP1	HAP1	1	12	182097	218188	4743	395542	0.988009
chr01x12	44500001	44750000	HAP1_chr01	HAP2_chr12	HAP1	HAP2	1	12	182097	231113	4074	409136	0.990042
chr01x12	44500001	44750000	HAP1_chr12	HAP2_chr01	HAP1	HAP2	12	1	218188	195630	5536	408282	0.986441
chr01x12	44500001	44750000	HAP2_chr01	HAP2_chr12	HAP2	HAP2	1	12	195630	231113	5354	421389	0.987294
chr01x12	44750001	45000000	HAP1_chr01	HAP1_chr12	HAP1	HAP1	1	12	227770	224506	9170	443106	0.979305
chr01x12	44750001	45000000	HAP1_chr01	HAP2_chr12	HAP1	HAP2	1	12	227770	207757	4873	430654	0.988685
chr01x12	44750001	45000000	HAP1_chr12	HAP2_chr01	HAP1	HAP2	12	1	224506	222672	5376	441802	0.987832
chr01x12	44750001	45000000	HAP2_chr01	HAP2_chr12	HAP2	HAP2	1	12	222672	207757	2632	427797	0.993848
chr01x12	45000001	45250000	HAP1_chr01	HAP1_chr12	HAP1	HAP1	1	12	206961	207668	7405	407224	0.981816
chr01x12	45000001	45250000	HAP1_chr01	HAP2_chr12	HAP1	HAP2	1	12	206961	198205	3100	402066	0.992290
chr01x12	45000001	45250000	HAP1_chr12	HAP2_chr01	HAP1	HAP2	12	1	207668	175684	4966	378386	0.986876
chr01x12	45000001	45250000	HAP2_chr01	HAP2_chr12	HAP2	HAP2	1	12	175684	198205	3243	370646	0.991250
chr01x12	45250001	45500000	HAP1_chr01	HAP1_chr12	HAP1	HAP1	1	12	211223	216586	13010	414799	0.968635
chr01x12	45250001	45500000	HAP1_chr01	HAP2_chr12	HAP1	HAP2	1	12	211223	226683	7628	430278	0.982272
chr01x12	45250001	45500000	HAP1_chr12	HAP2_chr01	HAP1	HAP2	12	1	216586	196432	6906	406112	0.982995
chr01x12	45250001	45500000	HAP2_chr01	HAP2_chr12	HAP2	HAP2	1	12	196432	226683	4681	418434	0.988813
chr01x12	45500001	45750000	HAP1_chr01	HAP1_chr12	HAP1	HAP1	1	12	202818	205835	1915	406738	0.995292
chr01x12	45500001	45750000	HAP1_chr01	HAP2_chr12	HAP1	HAP2	1	12	202818	224009	5482	421345	0.986989
chr01x12	45500001	45750000	HAP1_chr12	HAP2_chr01	HAP1	HAP2	12	1	205835	209134	5670	409299	0.986147
chr01x12	45500001	45750000	HAP2_chr01	HAP2_chr12	HAP2	HAP2	1	12	209134	224009	3007	430136	0.993009
chr01x12	45750001	46000000	HAP1_chr01	HAP1_chr12	HAP1	HAP1	1	12	200689	97312	1812	296189	0.993882
chr01x12	45750001	46000000	HAP1_chr01	HAP2_chr12	HAP1	HAP2	1	12	200689	219250	4272	415667	0.989723
chr01x12	45750001	46000000	HAP1_chr12	HAP2_chr01	HAP1	HAP2	12	1	97312	213813	1214	309911	0.996083
chr01x12	45750001	46000000	HAP2_chr01	HAP2_chr12	HAP2	HAP2	1	12	213813	219250	6926	426137	0.983747
chr01x12	46000001	46250000	HAP1_chr01	HAP1_chr12	HAP1	HAP1	1	12	205875	215395	2979	418291	0.992878
chr01x12	46000001	46250000	HAP1_chr01	HAP2_chr12	HAP1	HAP2	1	12	205875	210025	6623	409277	0.983818
chr01x12	46000001	46250000	HAP1_chr12	HAP2_chr01	HAP1	HAP2	12	1	215395	202539	8782	409152	0.978536
chr01x12	46000001	46250000	HAP2_chr01	HAP2_chr12	HAP2	HAP2	1	12	202539	210025	5796	406768	0.985751
chr01x12	46250001	46500000	HAP1_chr01	HAP1_chr12	HAP1	HAP1	1	12	208240	222876	7006	424110	0.983481
chr01x12	46250001	46500000	HAP1_chr01	HAP2_chr12	HAP1	HAP2	1	12	208240	209526	5798	411968	0.985926
chr01x12	46250001	46500000	HAP1_chr12	HAP2_chr01	HAP1	HAP2	12	1	222876	215109	8519	429466	0.980164
chr01x12	46250001	46500000	HAP2_chr01	HAP2_chr12	HAP2	HAP2	1	12	215109	209526	8263	416372	0.980155
chr01x12	46500001	46750000	HAP1_chr01	HAP1_chr12	HAP1	HAP1	1	12	163387	199561	2253	360695	0.993754
chr01x12	46500001	46750000	HAP1_chr01	HAP2_chr12	HAP1	HAP2	1	12	163387	223452	3476	383363	0.990933
chr01x12	46500001	46750000	HAP1_chr12	HAP2_chr01	HAP1	HAP2	12	1	199561	205747	4529	400779	0.988700
chr01x12	46500001	46750000	HAP2_chr01	HAP2_chr12	HAP2	HAP2	1	12	205747	223452	5684	423515	0.986579
chr01x12	46750001	47000000	HAP1_chr01	HAP1_chr12	HAP1	HAP1	1	12	150336	202800	2268	350868	0.993536
chr01x12	46750001	47000000	HAP1_chr01	HAP2_chr12	HAP1	HAP2	1	12	150336	226864	2086	375114	0.994439
chr01x12	46750001	47000000	HAP1_chr12	HAP2_chr01	HAP1	HAP2	12	1	202800	188481	3166	388115	0.991843
chr01x12	46750001	47000000	HAP2_chr01	HAP2_chr12	HAP2	HAP2	1	12	188481	226864	4780	410565	0.988358
chr01x12	47000001	47250000	HAP1_chr01	HAP1_chr12	HAP1	HAP1	1	12	202112	170580	8060	364632	0.977896
chr01x12	47000001	47250000	HAP1_chr01	HAP2_chr12	HAP1	HAP2	1	12	202112	223004	5755	419361	0.986277
chr01x12	47000001	47250000	HAP1_chr12	HAP2_chr01	HAP1	HAP2	12	1	170580	136372	2446	304506	0.991967
chr01x12	47000001	47250000	HAP2_chr01	HAP2_chr12	HAP2	HAP2	1	12	136372	223004	4048	355328	0.988608
chr01x12	47250001	47500000	HAP1_chr01	HAP1_chr12	HAP1	HAP1	1	12	206947	223289	9046	421190	0.978523
chr01x12	47250001	47500000	HAP1_chr01	HAP2_chr12	HAP1	HAP2	1	12	206947	232857	6939	432865	0.983970
chr01x12	47250001	47500000	HAP1_chr12	HAP2_chr01	HAP1	HAP2	12	1	223289	172228	3219	392298	0.991795
chr01x12	47250001	47500000	HAP2_chr01	HAP2_chr12	HAP2	HAP2	1	12	172228	232857	2874	402211	0.992854
chr01x12	47500001	47750000	HAP1_chr01	HAP1_chr12	HAP1	HAP1	1	12	215310	231908	4921	442297	0.988874
chr01x12	47500001	47750000	HAP1_chr01	HAP2_chr12	HAP1	HAP2	1	12	215310	213442	12564	416188	0.969812
chr01x12	47500001	47750000	HAP1_chr12	HAP2_chr01	HAP1	HAP2	12	1	231908	203985	1086	434807	0.997502
chr01x12	47500001	47750000	HAP2_chr01	HAP2_chr12	HAP2	HAP2	1	12	203985	213442	6671	410756	0.983759
chr01x12	47750001	48000000	HAP1_chr01	HAP1_chr12	HAP1	HAP1	1	12	223009	218013	9644	431378	0.977644
chr01x12	47750001	48000000	HAP1_chr01	HAP2_chr12	HAP1	HAP2	1	12	223009	195155	6559	411605	0.984065
chr01x12	47750001	48000000	HAP1_chr12	HAP2_chr01	HAP1	HAP2	12	1	218013	219696	5383	432326	0.987549
chr01x12	47750001	48000000	HAP2_chr01	HAP2_chr12	HAP2	HAP2	1	12	219696	195155	8789	406062	0.978356
chr01x12	48000001	48250000	HAP1_chr01	HAP1_chr12	HAP1	HAP1	1	12	221841	202484	8672	415653	0.979136
chr01x12	48000001	48250000	HAP1_chr01	HAP2_chr12	HAP1	HAP2	1	12	221841	214682	11182	425341	0.973711
chr01x12	48000001	48250000	HAP1_chr12	HAP2_chr01	HAP1	HAP2	12	1	202484	186281	11620	377145	0.969190
chr01x12	48000001	48250000	HAP2_chr01	HAP2_chr12	HAP2	HAP2	1	12	186281	214682	6585	394378	0.983303
chr01x12	48250001	48500000	HAP1_chr01	HAP1_chr12	HAP1	HAP1	1	12	186803	220381	4144	403040	0.989718
chr01x12	48250001	48500000	HAP1_chr01	HAP2_chr12	HAP1	HAP2	1	12	186803	222888	8362	401329	0.979164
chr01x12	48250001	48500000	HAP1_chr12	HAP2_chr01	HAP1	HAP2	12	1	220381	211806	7007	425180	0.983520
chr01x12	48250001	48500000	HAP2_chr01	HAP2_chr12	HAP2	HAP2	1	12	211806	222888	6082	428612	0.985810
chr01x12	48500001	48750000	HAP1_chr01	HAP1_chr12	HAP1	HAP1	1	12	215560	206097	4730	416927	0.988655
chr01x12	48500001	48750000	HAP1_chr01	HAP2_chr12	HAP1	HAP2	1	12	215560	175896	6300	385156	0.983643
chr01x12	48500001	48750000	HAP1_chr12	HAP2_chr01	HAP1	HAP2	12	1	206097	217338	3761	419674	0.991038
chr01x12	48500001	48750000	HAP2_chr01	HAP2_chr12	HAP2	HAP2	1	12	217338	175896	3445	389789	0.991162
chr01x12	48750001	49000000	HAP1_chr01	HAP1_chr12	HAP1	HAP1	1	12	181426	219797	4596	396627	0.988412
chr01x12	48750001	49000000	HAP1_chr01	HAP2_chr12	HAP1	HAP2	1	12	181426	210895	4470	387851	0.988475
chr01x12	48750001	49000000	HAP1_chr12	HAP2_chr01	HAP1	HAP2	12	1	219797	214400	7104	427093	0.983367
chr01x12	48750001	49000000	HAP2_chr01	HAP2_chr12	HAP2	HAP2	1	12	214400	210895	3392	421903	0.991960
chr01x12	49000001	49250000	HAP1_chr01	HAP1_chr12	HAP1	HAP1	1	12	205469	231122	9385	427206	0.978032
chr01x12	49000001	49250000	HAP1_chr01	HAP2_chr12	HAP1	HAP2	1	12	205469	229990	3456	432003	0.992000
chr01x12	49000001	49250000	HAP1_chr12	HAP2_chr01	HAP1	HAP2	12	1	231122	217178	7782	440518	0.982334
chr01x12	49000001	49250000	HAP2_chr01	HAP2_chr12	HAP2	HAP2	1	12	217178	229990	9266	437902	0.978840
chr01x12	49250001	49500000	HAP1_chr01	HAP1_chr12	HAP1	HAP1	1	12	186994	211778	3734	395038	0.990548
chr01x12	49250001	49500000	HAP1_chr01	HAP2_chr12	HAP1	HAP2	1	12	186994	187500	4009	370485	0.989179
chr01x12	49250001	49500000	HAP1_chr12	HAP2_chr01	HAP1	HAP2	12	1	211778	217531	4719	424590	0.988886
chr01x12	49250001	49500000	HAP2_chr01	HAP2_chr12	HAP2	HAP2	1	12	217531	187500	3913	401118	0.990245
chr01x12	49500001	49750000	HAP1_chr01	HAP1_chr12	HAP1	HAP1	1	12	204129	222660	1620	425169	0.996190
chr01x12	49500001	49750000	HAP1_chr01	HAP2_chr12	HAP1	HAP2	1	12	204129	237801	2790	439140	0.993647
chr01x12	49500001	49750000	HAP1_chr12	HAP2_chr01	HAP1	HAP2	12	1	222660	178878	1659	399879	0.995851
chr01x12	49500001	49750000	HAP2_chr01	HAP2_chr12	HAP2	HAP2	1	12	178878	237801	3462	413217	0.991622
chr01x12	49750001	50000000	HAP1_chr01	HAP1_chr12	HAP1	HAP1	1	12	174999	210438	2254	383183	0.994118
chr01x12	49750001	50000000	HAP1_chr01	HAP2_chr12	HAP1	HAP2	1	12	174999	216592	5996	385595	0.984450
chr01x12	49750001	50000000	HAP1_chr12	HAP2_chr01	HAP1	HAP2	12	1	210438	166211	1812	374837	0.995166
chr01x12	49750001	50000000	HAP2_chr01	HAP2_chr12	HAP2	HAP2	1	12	166211	216592	3179	379624	0.991626
chr01x12	50000001	50250000	HAP1_chr01	HAP1_chr12	HAP1	HAP1	1	12	211282	228426	2152	437556	0.995082
chr01x12	50000001	50250000	HAP1_chr01	HAP2_chr12	HAP1	HAP2	1	12	211282	216114	6784	420612	0.983871
chr01x12	50000001	50250000	HAP1_chr12	HAP2_chr01	HAP1	HAP2	12	1	228426	193495	1441	420480	0.996573
chr01x12	50000001	50250000	HAP2_chr01	HAP2_chr12	HAP2	HAP2	1	12	193495	216114	6108	403501	0.984862
chr01x12	50250001	50500000	HAP1_chr01	HAP1_chr12	HAP1	HAP1	1	12	202210	223515	2104	423621	0.995033
chr01x12	50250001	50500000	HAP1_chr01	HAP2_chr12	HAP1	HAP2	1	12	202210	220325	6171	416364	0.985179
chr01x12	50250001	50500000	HAP1_chr12	HAP2_chr01	HAP1	HAP2	12	1	223515	217845	6133	435227	0.985909
chr01x12	50250001	50500000	HAP2_chr01	HAP2_chr12	HAP2	HAP2	1	12	217845	220325	3070	435100	0.992944
chr01x12	50500001	50750000	HAP1_chr01	HAP1_chr12	HAP1	HAP1	1	12	207768	222722	2069	428421	0.995171
chr01x12	50500001	50750000	HAP1_chr01	HAP2_chr12	HAP1	HAP2	1	12	207768	207331	5617	409482	0.986283
chr01x12	50500001	50750000	HAP1_chr12	HAP2_chr01	HAP1	HAP2	12	1	222722	213034	1029	434727	0.997633
chr01x12	50500001	50750000	HAP2_chr01	HAP2_chr12	HAP2	HAP2	1	12	213034	207331	3444	416921	0.991739
chr01x12	50750001	51000000	HAP1_chr01	HAP1_chr12	HAP1	HAP1	1	12	209904	218588	3492	425000	0.991784
chr01x12	50750001	51000000	HAP1_chr01	HAP2_chr12	HAP1	HAP2	1	12	209904	215593	3975	421522	0.990570
chr01x12	50750001	51000000	HAP1_chr12	HAP2_chr01	HAP1	HAP2	12	1	218588	199556	3531	414613	0.991484
chr01x12	50750001	51000000	HAP2_chr01	HAP2_chr12	HAP2	HAP2	1	12	199556	215593	5339	409810	0.986972
chr01x12	51000001	51250000	HAP1_chr01	HAP1_chr12	HAP1	HAP1	1	12	217656	202870	6947	413579	0.983203
chr01x12	51000001	51250000	HAP1_chr01	HAP2_chr12	HAP1	HAP2	1	12	217656	232357	6775	443238	0.984715
chr01x12	51000001	51250000	HAP1_chr12	HAP2_chr01	HAP1	HAP2	12	1	202870	205222	1268	406824	0.996883
chr01x12	51000001	51250000	HAP2_chr01	HAP2_chr12	HAP2	HAP2	1	12	205222	232357	1743	435836	0.996001
chr01x12	51250001	51500000	HAP1_chr01	HAP1_chr12	HAP1	HAP1	1	12	216156	228872	3281	441747	0.992573
chr01x12	51250001	51500000	HAP1_chr01	HAP2_chr12	HAP1	HAP2	1	12	216156	238871	4964	450063	0.988970
chr01x12	51250001	51500000	HAP1_chr12	HAP2_chr01	HAP1	HAP2	12	1	228872	208098	4589	432381	0.989387
chr01x12	51250001	51500000	HAP2_chr01	HAP2_chr12	HAP2	HAP2	1	12	208098	238871	5219	441750	0.988186
chr01x12	51500001	51750000	HAP1_chr01	HAP1_chr12	HAP1	HAP1	1	12	192217	191815	3362	380670	0.991168
chr01x12	51500001	51750000	HAP1_chr01	HAP2_chr12	HAP1	HAP2	1	12	192217	212679	3097	401799	0.992292
chr01x12	51500001	51750000	HAP1_chr12	HAP2_chr01	HAP1	HAP2	12	1	191815	198066	13440	376441	0.964297
chr01x12	51500001	51750000	HAP2_chr01	HAP2_chr12	HAP2	HAP2	1	12	198066	212679	9427	401318	0.976510
chr01x12	51750001	52000000	HAP1_chr01	HAP1_chr12	HAP1	HAP1	1	12	170705	233390	2962	401133	0.992616
chr01x12	51750001	52000000	HAP1_chr01	HAP2_chr12	HAP1	HAP2	1	12	170705	199551	4447	365809	0.987843
chr01x12	51750001	52000000	HAP1_chr12	HAP2_chr01	HAP1	HAP2	12	1	233390	207709	2008	439091	0.995427
chr01x12	51750001	52000000	HAP2_chr01	HAP2_chr12	HAP2	HAP2	1	12	207709	199551	5058	402202	0.987424
chr01x12	52000001	52250000	HAP1_chr01	HAP1_chr12	HAP1	HAP1	1	12	165840	226926	669	392097	0.998294
chr01x12	52000001	52250000	HAP1_chr01	HAP2_chr12	HAP1	HAP2	1	12	165840	220922	8149	378613	0.978477
chr01x12	52000001	52250000	HAP1_chr12	HAP2_chr01	HAP1	HAP2	12	1	226926	211755	858	437823	0.998040
chr01x12	52000001	52250000	HAP2_chr01	HAP2_chr12	HAP2	HAP2	1	12	211755	220922	8954	423723	0.978868
chr01x12	52250001	52500000	HAP1_chr01	HAP1_chr12	HAP1	HAP1	1	12	185991	226247	2697	409541	0.993415
chr01x12	52250001	52500000	HAP1_chr01	HAP2_chr12	HAP1	HAP2	1	12	185991	234911	704	420198	0.998325
chr01x12	52250001	52500000	HAP1_chr12	HAP2_chr01	HAP1	HAP2	12	1	226247	169506	3454	392299	0.991195
chr01x12	52250001	52500000	HAP2_chr01	HAP2_chr12	HAP2	HAP2	1	12	169506	234911	974	403443	0.997586
chr01x12	52500001	52750000	HAP1_chr01	HAP1_chr12	HAP1	HAP1	1	12	219814	232162	1654	450322	0.996327
chr01x12	52500001	52750000	HAP1_chr01	HAP2_chr12	HAP1	HAP2	1	12	219814	208046	5829	422031	0.986188
chr01x12	52500001	52750000	HAP1_chr12	HAP2_chr01	HAP1	HAP2	12	1	232162	203713	3152	432723	0.992716
chr01x12	52500001	52750000	HAP2_chr01	HAP2_chr12	HAP2	HAP2	1	12	203713	208046	1234	410525	0.996994
chr01x12	52750001	53000000	HAP1_chr01	HAP1_chr12	HAP1	HAP1	1	12	196985	230337	2613	424709	0.993848
chr01x12	52750001	53000000	HAP1_chr01	HAP2_chr12	HAP1	HAP2	1	12	196985	215971	3575	409381	0.991267
chr01x12	52750001	53000000	HAP1_chr12	HAP2_chr01	HAP1	HAP2	12	1	230337	175219	558	404998	0.998622
chr01x12	52750001	53000000	HAP2_chr01	HAP2_chr12	HAP2	HAP2	1	12	175219	215971	2534	388656	0.993480
chr01x12	53000001	53250000	HAP1_chr01	HAP1_chr12	HAP1	HAP1	1	12	210436	237728	1704	446460	0.996183
chr01x12	53000001	53250000	HAP1_chr01	HAP2_chr12	HAP1	HAP2	1	12	210436	223929	2304	432061	0.994667
chr01x12	53000001	53250000	HAP1_chr12	HAP2_chr01	HAP1	HAP2	12	1	237728	175807	2113	411422	0.994864
chr01x12	53000001	53250000	HAP2_chr01	HAP2_chr12	HAP2	HAP2	1	12	175807	223929	1061	398675	0.997339
chr01x12	53250001	53500000	HAP1_chr01	HAP1_chr12	HAP1	HAP1	1	12	224385	242694	979	466100	0.997900
chr01x12	53250001	53500000	HAP1_chr01	HAP2_chr12	HAP1	HAP2	1	12	224385	229808	3542	450651	0.992140
chr01x12	53250001	53500000	HAP1_chr12	HAP2_chr01	HAP1	HAP2	12	1	242694	181753	610	423837	0.998561
chr01x12	53250001	53500000	HAP2_chr01	HAP2_chr12	HAP2	HAP2	1	12	181753	229808	1421	410140	0.996535
chr01x12	53500001	53750000	HAP1_chr01	HAP1_chr12	HAP1	HAP1	1	12	210932	239623	5703	444852	0.987180
chr01x12	53500001	53750000	HAP1_chr01	HAP2_chr12	HAP1	HAP2	1	12	210932	234265	1619	443578	0.996350
chr01x12	53500001	53750000	HAP1_chr12	HAP2_chr01	HAP1	HAP2	12	1	239623	161402	1395	399630	0.996509
chr01x12	53500001	53750000	HAP2_chr01	HAP2_chr12	HAP2	HAP2	1	12	161402	234265	1739	393928	0.995585
chr01x12	53750001	54000000	HAP1_chr01	HAP1_chr12	HAP1	HAP1	1	12	214452	212989	6038	421403	0.985672
chr01x12	53750001	54000000	HAP1_chr01	HAP2_chr12	HAP1	HAP2	1	12	214452	220158	4438	430172	0.989683
chr01x12	53750001	54000000	HAP1_chr12	HAP2_chr01	HAP1	HAP2	12	1	212989	115171	2349	325811	0.992790
chr01x12	53750001	54000000	HAP2_chr01	HAP2_chr12	HAP2	HAP2	1	12	115171	220158	481	334848	0.998564
chr01x12	54000001	54250000	HAP1_chr01	HAP1_chr12	HAP1	HAP1	1	12	230135	199978	3174	426939	0.992566
chr01x12	54000001	54250000	HAP1_chr01	HAP2_chr12	HAP1	HAP2	1	12	230135	224360	2511	451984	0.994444
chr01x12	54000001	54250000	HAP1_chr12	HAP2_chr01	HAP1	HAP2	12	1	199978	174785	2933	371830	0.992112
chr01x12	54000001	54250000	HAP2_chr01	HAP2_chr12	HAP2	HAP2	1	12	174785	224360	3290	395855	0.991689
chr01x12	54250001	54500000	HAP1_chr01	HAP1_chr12	HAP1	HAP1	1	12	206534	234062	906	439690	0.997939
chr01x12	54250001	54500000	HAP1_chr01	HAP2_chr12	HAP1	HAP2	1	12	206534	229189	3488	432235	0.991930
chr01x12	54250001	54500000	HAP1_chr12	HAP2_chr01	HAP1	HAP2	12	1	234062	214367	2014	446415	0.995489
chr01x12	54250001	54500000	HAP2_chr01	HAP2_chr12	HAP2	HAP2	1	12	214367	229189	5313	438243	0.987877
chr01x12	54500001	54750000	HAP1_chr01	HAP1_chr12	HAP1	HAP1	1	12	182477	222867	2491	402853	0.993817
chr01x12	54500001	54750000	HAP1_chr01	HAP2_chr12	HAP1	HAP2	1	12	182477	202524	7751	377250	0.979454
chr01x12	54500001	54750000	HAP1_chr12	HAP2_chr01	HAP1	HAP2	12	1	222867	218893	2993	438767	0.993179
chr01x12	54500001	54750000	HAP2_chr01	HAP2_chr12	HAP2	HAP2	1	12	218893	202524	5962	415455	0.985649
chr01x12	54750001	55000000	HAP1_chr01	HAP1_chr12	HAP1	HAP1	1	12	179289	234747	1124	412912	0.997278
chr01x12	54750001	55000000	HAP1_chr01	HAP2_chr12	HAP1	HAP2	1	12	179289	223750	2081	400958	0.994810
chr01x12	54750001	55000000	HAP1_chr12	HAP2_chr01	HAP1	HAP2	12	1	234747	212274	1044	445977	0.997659
chr01x12	54750001	55000000	HAP2_chr01	HAP2_chr12	HAP2	HAP2	1	12	212274	223750	1739	434285	0.995996
chr01x12	55000001	55250000	HAP1_chr01	HAP1_chr12	HAP1	HAP1	1	12	216048	224462	3144	437366	0.992812
chr01x12	55000001	55250000	HAP1_chr01	HAP2_chr12	HAP1	HAP2	1	12	216048	237221	1870	451399	0.995857
chr01x12	55000001	55250000	HAP1_chr12	HAP2_chr01	HAP1	HAP2	12	1	224462	200784	6671	418575	0.984063
chr01x12	55000001	55250000	HAP2_chr01	HAP2_chr12	HAP2	HAP2	1	12	200784	237221	1226	436779	0.997193
chr01x12	55250001	55500000	HAP1_chr01	HAP1_chr12	HAP1	HAP1	1	12	222742	187899	1894	408747	0.995366
chr01x12	55250001	55500000	HAP1_chr01	HAP2_chr12	HAP1	HAP2	1	12	222742	239244	2124	459862	0.995381
chr01x12	55250001	55500000	HAP1_chr12	HAP2_chr01	HAP1	HAP2	12	1	187899	105347	699	292547	0.997611
chr01x12	55250001	55500000	HAP2_chr01	HAP2_chr12	HAP2	HAP2	1	12	105347	239244	3388	341203	0.990070
chr01x12	55500001	55750000	HAP1_chr01	HAP1_chr12	HAP1	HAP1	1	12	204172	233142	840	436474	0.998075
chr01x12	55500001	55750000	HAP1_chr01	HAP2_chr12	HAP1	HAP2	1	12	204172	234220	1324	437068	0.996971
chr01x12	55500001	55750000	HAP1_chr12	HAP2_chr01	HAP1	HAP2	12	1	233142	94096	3405	323833	0.989485
chr01x12	55500001	55750000	HAP2_chr01	HAP2_chr12	HAP2	HAP2	1	12	94096	234220	3867	324449	0.988081
chr01x12	55750001	56000000	HAP1_chr01	HAP1_chr12	HAP1	HAP1	1	12	204021	236483	707	439797	0.998392
chr01x12	55750001	56000000	HAP1_chr01	HAP2_chr12	HAP1	HAP2	1	12	204021	183584	1105	386500	0.997141
chr01x12	55750001	56000000	HAP1_chr12	HAP2_chr01	HAP1	HAP2	12	1	236483	208760	2842	442401	0.993576
chr01x12	55750001	56000000	HAP2_chr01	HAP2_chr12	HAP2	HAP2	1	12	208760	183584	3220	389124	0.991725
chr01x12	56000001	56250000	HAP1_chr01	HAP1_chr12	HAP1	HAP1	1	12	216880	243443	1717	458606	0.996256
chr01x12	56000001	56250000	HAP1_chr01	HAP2_chr12	HAP1	HAP2	1	12	216880	166565	2683	380762	0.992954
chr01x12	56000001	56250000	HAP1_chr12	HAP2_chr01	HAP1	HAP2	12	1	243443	210027	1985	451485	0.995603
chr01x12	56000001	56250000	HAP2_chr01	HAP2_chr12	HAP2	HAP2	1	12	210027	166565	3373	373219	0.990962
chr01x12	56250001	56500000	HAP1_chr01	HAP1_chr12	HAP1	HAP1	1	12	198278	228174	1183	425269	0.997218
chr01x12	56250001	56500000	HAP1_chr01	HAP2_chr12	HAP1	HAP2	1	12	198278	220039	1733	416584	0.995840
chr01x12	56250001	56500000	HAP1_chr12	HAP2_chr01	HAP1	HAP2	12	1	228174	188654	1080	415748	0.997402
chr01x12	56250001	56500000	HAP2_chr01	HAP2_chr12	HAP2	HAP2	1	12	188654	220039	1041	407652	0.997446
chr01x12	56500001	56750000	HAP1_chr01	HAP1_chr12	HAP1	HAP1	1	12	199572	233380	2629	430323	0.993891
chr01x12	56500001	56750000	HAP1_chr01	HAP2_chr12	HAP1	HAP2	1	12	199572	191157	4716	386013	0.987783
chr01x12	56500001	56750000	HAP1_chr12	HAP2_chr01	HAP1	HAP2	12	1	233380	222165	2037	453508	0.995508
chr01x12	56500001	56750000	HAP2_chr01	HAP2_chr12	HAP2	HAP2	1	12	222165	191157	1574	411748	0.996177
chr01x12	56750001	57000000	HAP1_chr01	HAP1_chr12	HAP1	HAP1	1	12	207534	241510	1232	447812	0.997249
chr01x12	56750001	57000000	HAP1_chr01	HAP2_chr12	HAP1	HAP2	1	12	207534	236160	1017	442677	0.997703
chr01x12	56750001	57000000	HAP1_chr12	HAP2_chr01	HAP1	HAP2	12	1	241510	200924	1801	440633	0.995913
chr01x12	56750001	57000000	HAP2_chr01	HAP2_chr12	HAP2	HAP2	1	12	200924	236160	995	436089	0.997718
chr01x12	57000001	57095279	HAP1_chr01	HAP1_chr12	HAP1	HAP1	1	12	86913	91859	417	178355	0.997662
chr01x12	57000001	57095279	HAP1_chr01	HAP2_chr12	HAP1	HAP2	1	12	86913	79637	178	166372	0.998930
chr01x12	57000001	57095279	HAP1_chr12	HAP2_chr01	HAP1	HAP2	12	1	91859	90487	233	182113	0.998721
chr01x12	57000001	57095279	HAP2_chr01	HAP2_chr12	HAP2	HAP2	1	12	90487	79637	178	169946	0.998953
chr02x14	1	250000	HAP1_chr02	HAP1_chr14	HAP1	HAP1	2	14	80580	38844	7641	111783	0.931644
chr02x14	1	250000	HAP1_chr02	HAP2_chr14	HAP1	HAP2	2	14	80580	38844	7641	111783	0.931644
chr02x14	1	250000	HAP1_chr14	HAP2_chr02	HAP1	HAP2	14	2	38844	80580	7641	111783	0.931644
chr02x14	1	250000	HAP2_chr02	HAP2_chr14	HAP2	HAP2	2	14	80580	38844	7641	111783	0.931644
chr02x14	250001	500000	HAP1_chr02	HAP1_chr14	HAP1	HAP1	2	14	236287	78543	1708	313122	0.994545
chr02x14	250001	500000	HAP1_chr02	HAP2_chr14	HAP1	HAP2	2	14	236287	75807	1702	310392	0.994517
chr02x14	250001	500000	HAP1_chr14	HAP2_chr02	HAP1	HAP2	14	2	78543	236287	1708	313122	0.994545
chr02x14	250001	500000	HAP2_chr02	HAP2_chr14	HAP2	HAP2	2	14	236287	75807	1702	310392	0.994517
chr02x14	500001	750000	HAP1_chr02	HAP1_chr14	HAP1	HAP1	2	14	238011	79409	225	317195	0.999291
chr02x14	500001	750000	HAP1_chr02	HAP2_chr14	HAP1	HAP2	2	14	238011	76895	218	314688	0.999307
chr02x14	500001	750000	HAP1_chr14	HAP2_chr02	HAP1	HAP2	14	2	79409	238011	225	317195	0.999291
chr02x14	500001	750000	HAP2_chr02	HAP2_chr14	HAP2	HAP2	2	14	238011	76895	218	314688	0.999307
chr02x14	750001	1000000	HAP1_chr02	HAP1_chr14	HAP1	HAP1	2	14	239750	144481	1255	382976	0.996723
chr02x14	750001	1000000	HAP1_chr02	HAP2_chr14	HAP1	HAP2	2	14	239750	141391	1168	379973	0.996926
chr02x14	750001	1000000	HAP1_chr14	HAP2_chr02	HAP1	HAP2	14	2	144481	239748	1255	382974	0.996723
chr02x14	750001	1000000	HAP2_chr02	HAP2_chr14	HAP2	HAP2	2	14	239748	141391	1168	379971	0.996926
chr02x14	1000001	1250000	HAP1_chr02	HAP1_chr14	HAP1	HAP1	2	14	232262	229348	2432	459178	0.994704
chr02x14	1000001	1250000	HAP1_chr02	HAP2_chr14	HAP1	HAP2	2	14	232262	228844	2442	458664	0.994676
chr02x14	1000001	1250000	HAP1_chr14	HAP2_chr02	HAP1	HAP2	14	2	229348	232262	2432	459178	0.994704
chr02x14	1000001	1250000	HAP2_chr02	HAP2_chr14	HAP2	HAP2	2	14	232262	228844	2442	458664	0.994676
chr02x14	1250001	1500000	HAP1_chr02	HAP1_chr14	HAP1	HAP1	2	14	232517	217215	2035	447697	0.995455
chr02x14	1250001	1500000	HAP1_chr02	HAP2_chr14	HAP1	HAP2	2	14	232517	220737	2043	451211	0.995472
chr02x14	1250001	1500000	HAP1_chr14	HAP2_chr02	HAP1	HAP2	14	2	217215	232517	2035	447697	0.995455
chr02x14	1250001	1500000	HAP2_chr02	HAP2_chr14	HAP2	HAP2	2	14	232517	220737	2043	451211	0.995472
chr02x14	1500001	1750000	HAP1_chr02	HAP1_chr14	HAP1	HAP1	2	14	208881	230489	7691	431679	0.982184
chr02x14	1500001	1750000	HAP1_chr02	HAP2_chr14	HAP1	HAP2	2	14	208881	229539	7652	430768	0.982236
chr02x14	1500001	1750000	HAP1_chr14	HAP2_chr02	HAP1	HAP2	14	2	230489	208881	7691	431679	0.982184
chr02x14	1500001	1750000	HAP2_chr02	HAP2_chr14	HAP2	HAP2	2	14	208881	229539	7652	430768	0.982236
chr02x14	1750001	2000000	HAP1_chr02	HAP1_chr14	HAP1	HAP1	2	14	239856	226333	10538	455651	0.976873
chr02x14	1750001	2000000	HAP1_chr02	HAP2_chr14	HAP1	HAP2	2	14	239856	225931	10628	455159	0.976650
chr02x14	1750001	2000000	HAP1_chr14	HAP2_chr02	HAP1	HAP2	14	2	226333	239856	10538	455651	0.976873
chr02x14	1750001	2000000	HAP2_chr02	HAP2_chr14	HAP2	HAP2	2	14	239856	225931	10628	455159	0.976650
chr02x14	2000001	2250000	HAP1_chr02	HAP1_chr14	HAP1	HAP1	2	14	233319	228997	7335	454981	0.983878
chr02x14	2000001	2250000	HAP1_chr02	HAP2_chr14	HAP1	HAP2	2	14	233319	230676	7355	456640	0.983893
chr02x14	2000001	2250000	HAP1_chr14	HAP2_chr02	HAP1	HAP2	14	2	228997	233319	7335	454981	0.983878
chr02x14	2000001	2250000	HAP2_chr02	HAP2_chr14	HAP2	HAP2	2	14	233319	230676	7355	456640	0.983893
chr02x14	2250001	2500000	HAP1_chr02	HAP1_chr14	HAP1	HAP1	2	14	219557	238686	6101	452142	0.986506
chr02x14	2250001	2500000	HAP1_chr02	HAP2_chr14	HAP1	HAP2	2	14	219557	238072	7753	449876	0.982766
chr02x14	2250001	2500000	HAP1_chr14	HAP2_chr02	HAP1	HAP2	14	2	238686	219557	6101	452142	0.986506
chr02x14	2250001	2500000	HAP2_chr02	HAP2_chr14	HAP2	HAP2	2	14	219557	238072	7753	449876	0.982766
chr02x14	2500001	2750000	HAP1_chr02	HAP1_chr14	HAP1	HAP1	2	14	242238	216549	2561	456226	0.994387
chr02x14	2500001	2750000	HAP1_chr02	HAP2_chr14	HAP1	HAP2	2	14	242238	218684	2400	458522	0.994766
chr02x14	2500001	2750000	HAP1_chr14	HAP2_chr02	HAP1	HAP2	14	2	216549	242238	2561	456226	0.994387
chr02x14	2500001	2750000	HAP2_chr02	HAP2_chr14	HAP2	HAP2	2	14	242238	218684	2400	458522	0.994766
chr02x14	2750001	3000000	HAP1_chr02	HAP1_chr14	HAP1	HAP1	2	14	214932	225839	34647	406124	0.914689
chr02x14	2750001	3000000	HAP1_chr02	HAP2_chr14	HAP1	HAP2	2	14	214932	223118	32593	405457	0.919614
chr02x14	2750001	3000000	HAP1_chr14	HAP2_chr02	HAP1	HAP2	14	2	225839	215289	34653	406475	0.914748
chr02x14	2750001	3000000	HAP2_chr02	HAP2_chr14	HAP2	HAP2	2	14	215289	223118	32600	405807	0.919666
chr02x14	3000001	3250000	HAP1_chr02	HAP1_chr14	HAP1	HAP1	2	14	187619	234073	6465	415227	0.984430
chr02x14	3000001	3250000	HAP1_chr02	HAP2_chr14	HAP1	HAP2	2	14	187619	229978	6455	411142	0.984300
chr02x14	3000001	3250000	HAP1_chr14	HAP2_chr02	HAP1	HAP2	14	2	234073	189815	6490	417398	0.984451
chr02x14	3000001	3250000	HAP2_chr02	HAP2_chr14	HAP2	HAP2	2	14	189815	229978	6480	413313	0.984322
chr02x14	3250001	3500000	HAP1_chr02	HAP1_chr14	HAP1	HAP1	2	14	201435	237264	5980	432719	0.986180
chr02x14	3250001	3500000	HAP1_chr02	HAP2_chr14	HAP1	HAP2	2	14	201435	215966	5924	411477	0.985603
chr02x14	3250001	3500000	HAP1_chr14	HAP2_chr02	HAP1	HAP2	14	2	237264	205181	6159	436286	0.985883
chr02x14	3250001	3500000	HAP2_chr02	HAP2_chr14	HAP2	HAP2	2	14	205181	215966	6102	415045	0.985298
chr02x14	3500001	3750000	HAP1_chr02	HAP1_chr14	HAP1	HAP1	2	14	200915	235244	4598	431561	0.989346
chr02x14	3500001	3750000	HAP1_chr02	HAP2_chr14	HAP1	HAP2	2	14	200915	237557	4428	434044	0.989798
chr02x14	3500001	3750000	HAP1_chr14	HAP2_chr02	HAP1	HAP2	14	2	235244	200253	3974	431523	0.990791
chr02x14	3500001	3750000	HAP2_chr02	HAP2_chr14	HAP2	HAP2	2	14	200253	237557	3874	433936	0.991072
chr02x14	3750001	4000000	HAP1_chr02	HAP1_chr14	HAP1	HAP1	2	14	190130	238682	2841	425971	0.993331
chr02x14	3750001	4000000	HAP1_chr02	HAP2_chr14	HAP1	HAP2	2	14	190130	238917	3197	425850	0.992493
chr02x14	3750001	4000000	HAP1_chr14	HAP2_chr02	HAP1	HAP2	14	2	238682	223511	3844	458349	0.991613
chr02x14	3750001	4000000	HAP2_chr02	HAP2_chr14	HAP2	HAP2	2	14	223511	238917	4198	458230	0.990839
chr02x14	4000001	4250000	HAP1_chr02	HAP1_chr14	HAP1	HAP1	2	14	236773	220844	3470	454147	0.992359
chr02x14	4000001	4250000	HAP1_chr02	HAP2_chr14	HAP1	HAP2	2	14	236773	221191	3118	454846	0.993145
chr02x14	4000001	4250000	HAP1_chr14	HAP2_chr02	HAP1	HAP2	14	2	220844	236370	2346	454868	0.994842
chr02x14	4000001	4250000	HAP2_chr02	HAP2_chr14	HAP2	HAP2	2	14	236370	221191	2032	455529	0.995539
chr02x14	4250001	4500000	HAP1_chr02	HAP1_chr14	HAP1	HAP1	2	14	228755	219981	4208	444528	0.990534
chr02x14	4250001	4500000	HAP1_chr02	HAP2_chr14	HAP1	HAP2	2	14	228755	222760	4129	447386	0.990771
chr02x14	4250001	4500000	HAP1_chr14	HAP2_chr02	HAP1	HAP2	14	2	219981	226266	4106	442141	0.990713
chr02x14	4250001	4500000	HAP2_chr02	HAP2_chr14	HAP2	HAP2	2	14	226266	222760	4051	444975	0.990896
chr02x14	4500001	4750000	HAP1_chr02	HAP1_chr14	HAP1	HAP1	2	14	208791	238734	2661	444864	0.994018
chr02x14	4500001	4750000	HAP1_chr02	HAP2_chr14	HAP1	HAP2	2	14	208791	238359	2675	444475	0.993982
chr02x14	4500001	4750000	HAP1_chr14	HAP2_chr02	HAP1	HAP2	14	2	238734	212301	2830	448205	0.993686
chr02x14	4500001	4750000	HAP2_chr02	HAP2_chr14	HAP2	HAP2	2	14	212301	238359	2864	447796	0.993604
chr02x14	4750001	5000000	HAP1_chr02	HAP1_chr14	HAP1	HAP1	2	14	225500	222931	4272	444159	0.990382
chr02x14	4750001	5000000	HAP1_chr02	HAP2_chr14	HAP1	HAP2	2	14	225500	228504	4441	449563	0.990122
chr02x14	4750001	5000000	HAP1_chr14	HAP2_chr02	HAP1	HAP2	14	2	222931	227090	6075	443946	0.986316
chr02x14	4750001	5000000	HAP2_chr02	HAP2_chr14	HAP2	HAP2	2	14	227090	228504	6711	448883	0.985050
chr02x14	5000001	5250000	HAP1_chr02	HAP1_chr14	HAP1	HAP1	2	14	175484	232837	6312	402009	0.984299
chr02x14	5000001	5250000	HAP1_chr02	HAP2_chr14	HAP1	HAP2	2	14	175484	231774	6290	400968	0.984313
chr02x14	5000001	5250000	HAP1_chr14	HAP2_chr02	HAP1	HAP2	14	2	232837	177910	4297	406450	0.989428
chr02x14	5000001	5250000	HAP2_chr02	HAP2_chr14	HAP2	HAP2	2	14	177910	231774	4260	405424	0.989492
chr02x14	5250001	5500000	HAP1_chr02	HAP1_chr14	HAP1	HAP1	2	14	226334	233988	5250	455072	0.988463
chr02x14	5250001	5500000	HAP1_chr02	HAP2_chr14	HAP1	HAP2	2	14	226334	233680	5319	454695	0.988302
chr02x14	5250001	5500000	HAP1_chr14	HAP2_chr02	HAP1	HAP2	14	2	233988	225694	6673	453009	0.985270
chr02x14	5250001	5500000	HAP2_chr02	HAP2_chr14	HAP2	HAP2	2	14	225694	233680	6732	452642	0.985127
chr02x14	5500001	5750000	HAP1_chr02	HAP1_chr14	HAP1	HAP1	2	14	228748	242070	4267	466551	0.990854
chr02x14	5500001	5750000	HAP1_chr02	HAP2_chr14	HAP1	HAP2	2	14	228748	243210	3769	468189	0.991950
chr02x14	5500001	5750000	HAP1_chr14	HAP2_chr02	HAP1	HAP2	14	2	242070	228036	5133	464973	0.988961
chr02x14	5500001	5750000	HAP2_chr02	HAP2_chr14	HAP2	HAP2	2	14	228036	243210	4749	466497	0.989820
chr02x14	5750001	6000000	HAP1_chr02	HAP1_chr14	HAP1	HAP1	2	14	237844	237412	3630	471626	0.992303
chr02x14	5750001	6000000	HAP1_chr02	HAP2_chr14	HAP1	HAP2	2	14	237844	240425	4066	474203	0.991426
chr02x14	5750001	6000000	HAP1_chr14	HAP2_chr02	HAP1	HAP2	14	2	237412	235515	3811	469116	0.991876
chr02x14	5750001	6000000	HAP2_chr02	HAP2_chr14	HAP2	HAP2	2	14	235515	240425	4198	471742	0.991101
chr02x14	6000001	6250000	HAP1_chr02	HAP1_chr14	HAP1	HAP1	2	14	229436	202461	9588	422309	0.977296
chr02x14	6000001	6250000	HAP1_chr02	HAP2_chr14	HAP1	HAP2	2	14	229436	192912	8376	413972	0.979767
chr02x14	6000001	6250000	HAP1_chr14	HAP2_chr02	HAP1	HAP2	14	2	202461	231060	6693	426828	0.984319
chr02x14	6000001	6250000	HAP2_chr02	HAP2_chr14	HAP2	HAP2	2	14	231060	192912	5613	418359	0.986583
chr02x14	6250001	6500000	HAP1_chr02	HAP1_chr14	HAP1	HAP1	2	14	221118	219952	4080	436990	0.990663
chr02x14	6250001	6500000	HAP1_chr02	HAP2_chr14	HAP1	HAP2	2	14	221118	220246	5222	436142	0.988027
chr02x14	6250001	6500000	HAP1_chr14	HAP2_chr02	HAP1	HAP2	14	2	219952	223139	4120	438971	0.990614
chr02x14	6250001	6500000	HAP2_chr02	HAP2_chr14	HAP2	HAP2	2	14	223139	220246	5967	437418	0.986359
chr02x14	6500001	6750000	HAP1_chr02	HAP1_chr14	HAP1	HAP1	2	14	232911	226873	8619	451165	0.980896
chr02x14	6500001	6750000	HAP1_chr02	HAP2_chr14	HAP1	HAP2	2	14	232911	228933	4700	457144	0.989719
chr02x14	6500001	6750000	HAP1_chr14	HAP2_chr02	HAP1	HAP2	14	2	226873	229738	9062	447549	0.979752
chr02x14	6500001	6750000	HAP2_chr02	HAP2_chr14	HAP2	HAP2	2	14	229738	228933	4763	453908	0.989507
chr02x14	6750001	7000000	HAP1_chr02	HAP1_chr14	HAP1	HAP1	2	14	216759	188809	3174	402394	0.992112
chr02x14	6750001	7000000	HAP1_chr02	HAP2_chr14	HAP1	HAP2	2	14	216759	199050	4279	411530	0.989602
chr02x14	6750001	7000000	HAP1_chr14	HAP2_chr02	HAP1	HAP2	14	2	188809	215671	3673	400807	0.990836
chr02x14	6750001	7000000	HAP2_chr02	HAP2_chr14	HAP2	HAP2	2	14	215671	199050	4668	410053	0.988616
chr02x14	7000001	7250000	HAP1_chr02	HAP1_chr14	HAP1	HAP1	2	14	209792	217338	2570	424560	0.993947
chr02x14	7000001	7250000	HAP1_chr02	HAP2_chr14	HAP1	HAP2	2	14	209792	212048	2327	419513	0.994453
chr02x14	7000001	7250000	HAP1_chr14	HAP2_chr02	HAP1	HAP2	14	2	217338	217182	3170	431350	0.992651
chr02x14	7000001	7250000	HAP2_chr02	HAP2_chr14	HAP2	HAP2	2	14	217182	212048	3141	426089	0.992628
chr02x14	7250001	7500000	HAP1_chr02	HAP1_chr14	HAP1	HAP1	2	14	228621	221453	3825	446249	0.991429
chr02x14	7250001	7500000	HAP1_chr02	HAP2_chr14	HAP1	HAP2	2	14	228621	224345	2988	449978	0.993360
chr02x14	7250001	7500000	HAP1_chr14	HAP2_chr02	HAP1	HAP2	14	2	221453	229460	5336	445577	0.988025
chr02x14	7250001	7500000	HAP2_chr02	HAP2_chr14	HAP2	HAP2	2	14	229460	224345	4504	449301	0.989976
chr02x14	7500001	7750000	HAP1_chr02	HAP1_chr14	HAP1	HAP1	2	14	212515	216431	4857	424089	0.988547
chr02x14	7500001	7750000	HAP1_chr02	HAP2_chr14	HAP1	HAP2	2	14	212515	214188	4667	422036	0.988942
chr02x14	7500001	7750000	HAP1_chr14	HAP2_chr02	HAP1	HAP2	14	2	216431	211527	5067	422891	0.988018
chr02x14	7500001	7750000	HAP2_chr02	HAP2_chr14	HAP2	HAP2	2	14	211527	214188	4917	420798	0.988315
chr02x14	7750001	8000000	HAP1_chr02	HAP1_chr14	HAP1	HAP1	2	14	232917	194721	6589	421049	0.984351
chr02x14	7750001	8000000	HAP1_chr02	HAP2_chr14	HAP1	HAP2	2	14	232917	195615	4985	423547	0.988230
chr02x14	7750001	8000000	HAP1_chr14	HAP2_chr02	HAP1	HAP2	14	2	194721	232019	5805	420935	0.986209
chr02x14	7750001	8000000	HAP2_chr02	HAP2_chr14	HAP2	HAP2	2	14	232019	195615	4352	423282	0.989718
chr02x14	8000001	8250000	HAP1_chr02	HAP1_chr14	HAP1	HAP1	2	14	235712	230761	3217	463256	0.993056
chr02x14	8000001	8250000	HAP1_chr02	HAP2_chr14	HAP1	HAP2	2	14	235712	230645	3905	462452	0.991556
chr02x14	8000001	8250000	HAP1_chr14	HAP2_chr02	HAP1	HAP2	14	2	230761	235439	3410	462790	0.992632
chr02x14	8000001	8250000	HAP2_chr02	HAP2_chr14	HAP2	HAP2	2	14	235439	230645	3649	462435	0.992109
chr02x14	8250001	8500000	HAP1_chr02	HAP1_chr14	HAP1	HAP1	2	14	200979	207006	9960	398025	0.974976
chr02x14	8250001	8500000	HAP1_chr02	HAP2_chr14	HAP1	HAP2	2	14	200979	226404	9178	418205	0.978054
chr02x14	8250001	8500000	HAP1_chr14	HAP2_chr02	HAP1	HAP2	14	2	207006	171272	10131	368147	0.972481
chr02x14	8250001	8500000	HAP2_chr02	HAP2_chr14	HAP2	HAP2	2	14	171272	226404	9120	388556	0.976528
chr02x14	8500001	8750000	HAP1_chr02	HAP1_chr14	HAP1	HAP1	2	14	79644	205213	5446	279411	0.980509
chr02x14	8500001	8750000	HAP1_chr02	HAP2_chr14	HAP1	HAP2	2	14	79644	189853	5283	264214	0.980005
chr02x14	8500001	8750000	HAP1_chr14	HAP2_chr02	HAP1	HAP2	14	2	205213	135600	6609	334204	0.980225
chr02x14	8500001	8750000	HAP2_chr02	HAP2_chr14	HAP2	HAP2	2	14	135600	189853	7352	318101	0.976888
chr02x14	8750001	9000000	HAP1_chr02	HAP1_chr14	HAP1	HAP1	2	14	193902	215503	8685	400720	0.978327
chr02x14	8750001	9000000	HAP1_chr02	HAP2_chr14	HAP1	HAP2	2	14	193902	205666	4211	395357	0.989349
chr02x14	8750001	9000000	HAP1_chr14	HAP2_chr02	HAP1	HAP2	14	2	215503	198253	9436	404320	0.976662
chr02x14	8750001	9000000	HAP2_chr02	HAP2_chr14	HAP2	HAP2	2	14	198253	205666	4770	399149	0.988050
chr02x14	9000001	9250000	HAP1_chr02	HAP1_chr14	HAP1	HAP1	2	14	214245	205157	13108	406294	0.967738
chr02x14	9000001	9250000	HAP1_chr02	HAP2_chr14	HAP1	HAP2	2	14	214245	211910	12420	413735	0.969981
chr02x14	9000001	9250000	HAP1_chr14	HAP2_chr02	HAP1	HAP2	14	2	205157	219818	9178	415797	0.977927
chr02x14	9000001	9250000	HAP2_chr02	HAP2_chr14	HAP2	HAP2	2	14	219818	211910	10505	421223	0.975061
chr02x14	9250001	9500000	HAP1_chr02	HAP1_chr14	HAP1	HAP1	2	14	230784	157425	2471	385738	0.993594
chr02x14	9250001	9500000	HAP1_chr02	HAP2_chr14	HAP1	HAP2	2	14	230784	115787	1439	345132	0.995831
chr02x14	9250001	9500000	HAP1_chr14	HAP2_chr02	HAP1	HAP2	14	2	157425	224606	3535	378496	0.990660
chr02x14	9250001	9500000	HAP2_chr02	HAP2_chr14	HAP2	HAP2	2	14	224606	115787	2742	337651	0.991879
chr02x14	9500001	9750000	HAP1_chr02	HAP1_chr14	HAP1	HAP1	2	14	211796	215600	11055	416341	0.973447
chr02x14	9500001	9750000	HAP1_chr02	HAP2_chr14	HAP1	HAP2	2	14	211796	215298	11169	415925	0.973147
chr02x14	9500001	9750000	HAP1_chr14	HAP2_chr02	HAP1	HAP2	14	2	215600	224719	11611	428708	0.972916
chr02x14	9500001	9750000	HAP2_chr02	HAP2_chr14	HAP2	HAP2	2	14	224719	215298	11481	428536	0.973209
chr02x14	9750001	10000000	HAP1_chr02	HAP1_chr14	HAP1	HAP1	2	14	224052	227049	9633	441468	0.978180
chr02x14	9750001	10000000	HAP1_chr02	HAP2_chr14	HAP1	HAP2	2	14	224052	223967	10028	437991	0.977105
chr02x14	9750001	10000000	HAP1_chr14	HAP2_chr02	HAP1	HAP2	14	2	227049	214067	9514	431602	0.977957
chr02x14	9750001	10000000	HAP2_chr02	HAP2_chr14	HAP2	HAP2	2	14	214067	223967	9834	428200	0.977034
chr02x14	10000001	10250000	HAP1_chr02	HAP1_chr14	HAP1	HAP1	2	14	219515	234502	9371	444646	0.978925
chr02x14	10000001	10250000	HAP1_chr02	HAP2_chr14	HAP1	HAP2	2	14	219515	238464	7131	450848	0.984183
chr02x14	10000001	10250000	HAP1_chr14	HAP2_chr02	HAP1	HAP2	14	2	234502	207170	12281	429391	0.971399
chr02x14	10000001	10250000	HAP2_chr02	HAP2_chr14	HAP2	HAP2	2	14	207170	238464	7624	438010	0.982594
chr02x14	10250001	10500000	HAP1_chr02	HAP1_chr14	HAP1	HAP1	2	14	209284	219897	9329	419852	0.977780
chr02x14	10250001	10500000	HAP1_chr02	HAP2_chr14	HAP1	HAP2	2	14	209284	224787	11063	423008	0.973847
chr02x14	10250001	10500000	HAP1_chr14	HAP2_chr02	HAP1	HAP2	14	2	219897	221817	5198	436516	0.988092
chr02x14	10250001	10500000	HAP2_chr02	HAP2_chr14	HAP2	HAP2	2	14	221817	224787	7413	439191	0.983121
chr02x14	10500001	10750000	HAP1_chr02	HAP1_chr14	HAP1	HAP1	2	14	203102	222967	5626	420443	0.986619
chr02x14	10500001	10750000	HAP1_chr02	HAP2_chr14	HAP1	HAP2	2	14	203102	217861	5994	414969	0.985556
chr02x14	10500001	10750000	HAP1_chr14	HAP2_chr02	HAP1	HAP2	14	2	222967	218214	5583	435598	0.987183
chr02x14	10500001	10750000	HAP2_chr02	HAP2_chr14	HAP2	HAP2	2	14	218214	217861	6119	429956	0.985768
chr02x14	10750001	11000000	HAP1_chr02	HAP1_chr14	HAP1	HAP1	2	14	227909	212653	4383	436179	0.989951
chr02x14	10750001	11000000	HAP1_chr02	HAP2_chr14	HAP1	HAP2	2	14	227909	212597	4355	436151	0.990015
chr02x14	10750001	11000000	HAP1_chr14	HAP2_chr02	HAP1	HAP2	14	2	212653	225506	4647	433512	0.989281
chr02x14	10750001	11000000	HAP2_chr02	HAP2_chr14	HAP2	HAP2	2	14	225506	212597	4586	433517	0.989421
chr02x14	11000001	11250000	HAP1_chr02	HAP1_chr14	HAP1	HAP1	2	14	218652	160838	5123	374367	0.986316
chr02x14	11000001	11250000	HAP1_chr02	HAP2_chr14	HAP1	HAP2	2	14	218652	190313	6852	402113	0.982960
chr02x14	11000001	11250000	HAP1_chr14	HAP2_chr02	HAP1	HAP2	14	2	160838	223272	5328	378782	0.985934
chr02x14	11000001	11250000	HAP2_chr02	HAP2_chr14	HAP2	HAP2	2	14	223272	190313	6800	406785	0.983284
chr02x14	11250001	11500000	HAP1_chr02	HAP1_chr14	HAP1	HAP1	2	14	221564	222603	8395	435772	0.980735
chr02x14	11250001	11500000	HAP1_chr02	HAP2_chr14	HAP1	HAP2	2	14	221564	217154	8147	430571	0.981079
chr02x14	11250001	11500000	HAP1_chr14	HAP2_chr02	HAP1	HAP2	14	2	222603	209784	7568	424819	0.982185
chr02x14	11250001	11500000	HAP2_chr02	HAP2_chr14	HAP2	HAP2	2	14	209784	217154	8403	418535	0.979923
chr02x14	11500001	11750000	HAP1_chr02	HAP1_chr14	HAP1	HAP1	2	14	208320	199258	6278	401300	0.984356
chr02x14	11500001	11750000	HAP1_chr02	HAP2_chr14	HAP1	HAP2	2	14	208320	165069	4678	368711	0.987313
chr02x14	11500001	11750000	HAP1_chr14	HAP2_chr02	HAP1	HAP2	14	2	199258	215100	6111	408247	0.985031
chr02x14	11500001	11750000	HAP2_chr02	HAP2_chr14	HAP2	HAP2	2	14	215100	165069	4277	375892	0.988622
chr02x14	11750001	12000000	HAP1_chr02	HAP1_chr14	HAP1	HAP1	2	14	208364	228806	2481	434689	0.994292
chr02x14	11750001	12000000	HAP1_chr02	HAP2_chr14	HAP1	HAP2	2	14	208364	220207	3940	424631	0.990721
chr02x14	11750001	12000000	HAP1_chr14	HAP2_chr02	HAP1	HAP2	14	2	228806	211483	2521	437768	0.994241
chr02x14	11750001	12000000	HAP2_chr02	HAP2_chr14	HAP2	HAP2	2	14	211483	220207	4037	427653	0.990560
chr02x14	12000001	12250000	HAP1_chr02	HAP1_chr14	HAP1	HAP1	2	14	217276	229827	29066	418037	0.930470
chr02x14	12000001	12250000	HAP1_chr02	HAP2_chr14	HAP1	HAP2	2	14	217276	227650	16885	428041	0.960553
chr02x14	12000001	12250000	HAP1_chr14	HAP2_chr02	HAP1	HAP2	14	2	229827	224598	26463	427962	0.938165
chr02x14	12000001	12250000	HAP2_chr02	HAP2_chr14	HAP2	HAP2	2	14	224598	227650	19254	432994	0.955533
chr02x14	12250001	12500000	HAP1_chr02	HAP1_chr14	HAP1	HAP1	2	14	210975	229407	2663	437719	0.993916
chr02x14	12250001	12500000	HAP1_chr02	HAP2_chr14	HAP1	HAP2	2	14	210975	231785	2882	439878	0.993448
chr02x14	12250001	12500000	HAP1_chr14	HAP2_chr02	HAP1	HAP2	14	2	229407	207490	4804	432093	0.988882
chr02x14	12250001	12500000	HAP2_chr02	HAP2_chr14	HAP2	HAP2	2	14	207490	231785	4823	434452	0.988899
chr02x14	12500001	12750000	HAP1_chr02	HAP1_chr14	HAP1	HAP1	2	14	193215	218474	8465	403224	0.979007
chr02x14	12500001	12750000	HAP1_chr02	HAP2_chr14	HAP1	HAP2	2	14	193215	223177	8179	408213	0.979964
chr02x14	12500001	12750000	HAP1_chr14	HAP2_chr02	HAP1	HAP2	14	2	218474	212276	8713	422037	0.979355
chr02x14	12500001	12750000	HAP2_chr02	HAP2_chr14	HAP2	HAP2	2	14	212276	223177	8437	427016	0.980242
chr02x14	12750001	13000000	HAP1_chr02	HAP1_chr14	HAP1	HAP1	2	14	217338	215851	17852	415337	0.957018
chr02x14	12750001	13000000	HAP1_chr02	HAP2_chr14	HAP1	HAP2	2	14	217338	219363	6602	430099	0.984650
chr02x14	12750001	13000000	HAP1_chr14	HAP2_chr02	HAP1	HAP2	14	2	215851	203491	13312	406030	0.967214
chr02x14	12750001	13000000	HAP2_chr02	HAP2_chr14	HAP2	HAP2	2	14	203491	219363	4445	418409	0.989376
chr02x14	13000001	13250000	HAP1_chr02	HAP1_chr14	HAP1	HAP1	2	14	230183	231700	41993	419890	0.899990
chr02x14	13000001	13250000	HAP1_chr02	HAP2_chr14	HAP1	HAP2	2	14	230183	222830	33076	419937	0.921236
chr02x14	13000001	13250000	HAP1_chr14	HAP2_chr02	HAP1	HAP2	14	2	231700	232880	31260	433320	0.927859
chr02x14	13000001	13250000	HAP2_chr02	HAP2_chr14	HAP2	HAP2	2	14	232880	222830	15186	440524	0.965527
chr02x14	13250001	13500000	HAP1_chr02	HAP1_chr14	HAP1	HAP1	2	14	206503	199799	26242	380060	0.930953
chr02x14	13250001	13500000	HAP1_chr02	HAP2_chr14	HAP1	HAP2	2	14	206503	214648	32395	388756	0.916670
chr02x14	13250001	13500000	HAP1_chr14	HAP2_chr02	HAP1	HAP2	14	2	199799	192759	31489	361069	0.912790
chr02x14	13250001	13500000	HAP2_chr02	HAP2_chr14	HAP2	HAP2	2	14	192759	214648	27128	380279	0.928663
chr02x14	13500001	13750000	HAP1_chr02	HAP1_chr14	HAP1	HAP1	2	14	212494	223984	22364	414114	0.945996
chr02x14	13500001	13750000	HAP1_chr02	HAP2_chr14	HAP1	HAP2	2	14	212494	208085	28930	391649	0.926133
chr02x14	13500001	13750000	HAP1_chr14	HAP2_chr02	HAP1	HAP2	14	2	223984	213546	24028	413502	0.941891
chr02x14	13500001	13750000	HAP2_chr02	HAP2_chr14	HAP2	HAP2	2	14	213546	208085	25813	395818	0.934786
chr02x14	13750001	14000000	HAP1_chr02	HAP1_chr14	HAP1	HAP1	2	14	189006	228815	5231	412590	0.987322
chr02x14	13750001	14000000	HAP1_chr02	HAP2_chr14	HAP1	HAP2	2	14	189006	226226	19141	396091	0.951675
chr02x14	13750001	14000000	HAP1_chr14	HAP2_chr02	HAP1	HAP2	14	2	228815	198874	6299	421390	0.985052
chr02x14	13750001	14000000	HAP2_chr02	HAP2_chr14	HAP2	HAP2	2	14	198874	226226	24100	401000	0.939900
chr02x14	14000001	14250000	HAP1_chr02	HAP1_chr14	HAP1	HAP1	2	14	228882	220154	7629	441407	0.982717
chr02x14	14000001	14250000	HAP1_chr02	HAP2_chr14	HAP1	HAP2	2	14	228882	226079	6557	448404	0.985377
chr02x14	14000001	14250000	HAP1_chr14	HAP2_chr02	HAP1	HAP2	14	2	220154	221109	7674	433589	0.982301
chr02x14	14000001	14250000	HAP2_chr02	HAP2_chr14	HAP2	HAP2	2	14	221109	226079	7001	440187	0.984095
chr02x14	14250001	14500000	HAP1_chr02	HAP1_chr14	HAP1	HAP1	2	14	229085	193941	1750	421276	0.995846
chr02x14	14250001	14500000	HAP1_chr02	HAP2_chr14	HAP1	HAP2	2	14	229085	203136	2633	429588	0.993871
chr02x14	14250001	14500000	HAP1_chr14	HAP2_chr02	HAP1	HAP2	14	2	193941	220401	2222	412120	0.994608
chr02x14	14250001	14500000	HAP2_chr02	HAP2_chr14	HAP2	HAP2	2	14	220401	203136	2970	420567	0.992938
chr02x14	14500001	14750000	HAP1_chr02	HAP1_chr14	HAP1	HAP1	2	14	185255	232319	4906	412668	0.988112
chr02x14	14500001	14750000	HAP1_chr02	HAP2_chr14	HAP1	HAP2	2	14	185255	213136	5071	393320	0.987107
chr02x14	14500001	14750000	HAP1_chr14	HAP2_chr02	HAP1	HAP2	14	2	232319	193614	4642	421291	0.988981
chr02x14	14500001	14750000	HAP2_chr02	HAP2_chr14	HAP2	HAP2	2	14	193614	213136	7100	399650	0.982234
chr02x14	14750001	15000000	HAP1_chr02	HAP1_chr14	HAP1	HAP1	2	14	223512	215663	5376	433799	0.987607
chr02x14	14750001	15000000	HAP1_chr02	HAP2_chr14	HAP1	HAP2	2	14	223512	214417	2490	435439	0.994282
chr02x14	14750001	15000000	HAP1_chr14	HAP2_chr02	HAP1	HAP2	14	2	215663	217791	3609	429845	0.991604
chr02x14	14750001	15000000	HAP2_chr02	HAP2_chr14	HAP2	HAP2	2	14	217791	214417	3545	428663	0.991730
chr02x14	15000001	15250000	HAP1_chr02	HAP1_chr14	HAP1	HAP1	2	14	220692	227028	4154	443566	0.990635
chr02x14	15000001	15250000	HAP1_chr02	HAP2_chr14	HAP1	HAP2	2	14	220692	218512	5855	433349	0.986489
chr02x14	15000001	15250000	HAP1_chr14	HAP2_chr02	HAP1	HAP2	14	2	227028	213948	6150	434826	0.985856
chr02x14	15000001	15250000	HAP2_chr02	HAP2_chr14	HAP2	HAP2	2	14	213948	218512	9368	423092	0.977858
chr02x14	15250001	15500000	HAP1_chr02	HAP1_chr14	HAP1	HAP1	2	14	218901	192916	4990	406827	0.987734
chr02x14	15250001	15500000	HAP1_chr02	HAP2_chr14	HAP1	HAP2	2	14	218901	213847	6301	426447	0.985224
chr02x14	15250001	15500000	HAP1_chr14	HAP2_chr02	HAP1	HAP2	14	2	192916	218860	6632	405144	0.983631
chr02x14	15250001	15500000	HAP2_chr02	HAP2_chr14	HAP2	HAP2	2	14	218860	213847	7650	425057	0.982002
chr02x14	15500001	15750000	HAP1_chr02	HAP1_chr14	HAP1	HAP1	2	14	209411	210541	4741	415211	0.988582
chr02x14	15500001	15750000	HAP1_chr02	HAP2_chr14	HAP1	HAP2	2	14	209411	186017	4789	390639	0.987741
chr02x14	15500001	15750000	HAP1_chr14	HAP2_chr02	HAP1	HAP2	14	2	210541	215654	3401	422794	0.991956
chr02x14	15500001	15750000	HAP2_chr02	HAP2_chr14	HAP2	HAP2	2	14	215654	186017	3680	397991	0.990754
chr02x14	15750001	16000000	HAP1_chr02	HAP1_chr14	HAP1	HAP1	2	14	217484	221858	8269	431073	0.980818
chr02x14	15750001	16000000	HAP1_chr02	HAP2_chr14	HAP1	HAP2	2	14	217484	225321	5847	436958	0.986619
chr02x14	15750001	16000000	HAP1_chr14	HAP2_chr02	HAP1	HAP2	14	2	221858	216620	12008	426470	0.971843
chr02x14	15750001	16000000	HAP2_chr02	HAP2_chr14	HAP2	HAP2	2	14	216620	225321	9574	432367	0.977857
chr02x14	16000001	16250000	HAP1_chr02	HAP1_chr14	HAP1	HAP1	2	14	219307	228153	10466	436994	0.976050
chr02x14	16000001	16250000	HAP1_chr02	HAP2_chr14	HAP1	HAP2	2	14	219307	215687	11751	423243	0.972236
chr02x14	16000001	16250000	HAP1_chr14	HAP2_chr02	HAP1	HAP2	14	2	228153	210261	10183	428231	0.976221
chr02x14	16000001	16250000	HAP2_chr02	HAP2_chr14	HAP2	HAP2	2	14	210261	215687	12326	413622	0.970200
chr02x14	16250001	16500000	HAP1_chr02	HAP1_chr14	HAP1	HAP1	2	14	222079	232494	9367	445206	0.978960
chr02x14	16250001	16500000	HAP1_chr02	HAP2_chr14	HAP1	HAP2	2	14	222079	233541	11382	444238	0.974379
chr02x14	16250001	16500000	HAP1_chr14	HAP2_chr02	HAP1	HAP2	14	2	232494	223682	9883	446293	0.977855
chr02x14	16250001	16500000	HAP2_chr02	HAP2_chr14	HAP2	HAP2	2	14	223682	233541	12156	445067	0.972687
chr02x14	16500001	16750000	HAP1_chr02	HAP1_chr14	HAP1	HAP1	2	14	224993	226230	7447	443776	0.983219
chr02x14	16500001	16750000	HAP1_chr02	HAP2_chr14	HAP1	HAP2	2	14	224993	223291	7554	440730	0.982860
chr02x14	16500001	16750000	HAP1_chr14	HAP2_chr02	HAP1	HAP2	14	2	226230	228690	5650	449270	0.987424
chr02x14	16500001	16750000	HAP2_chr02	HAP2_chr14	HAP2	HAP2	2	14	228690	223291	7672	444309	0.982733
chr02x14	16750001	17000000	HAP1_chr02	HAP1_chr14	HAP1	HAP1	2	14	228728	225558	7848	446438	0.982421
chr02x14	16750001	17000000	HAP1_chr02	HAP2_chr14	HAP1	HAP2	2	14	228728	235461	8450	455739	0.981459
chr02x14	16750001	17000000	HAP1_chr14	HAP2_chr02	HAP1	HAP2	14	2	225558	230377	9726	446209	0.978203
chr02x14	16750001	17000000	HAP2_chr02	HAP2_chr14	HAP2	HAP2	2	14	230377	235461	8622	457216	0.981142
chr02x14	17000001	17250000	HAP1_chr02	HAP1_chr14	HAP1	HAP1	2	14	225605	221037	10108	436534	0.976845
chr02x14	17000001	17250000	HAP1_chr02	HAP2_chr14	HAP1	HAP2	2	14	225605	209411	11259	423757	0.973431
chr02x14	17000001	17250000	HAP1_chr14	HAP2_chr02	HAP1	HAP2	14	2	221037	212840	10683	423194	0.974756
chr02x14	17000001	17250000	HAP2_chr02	HAP2_chr14	HAP2	HAP2	2	14	212840	209411	10106	412145	0.975480
chr02x14	17250001	17500000	HAP1_chr02	HAP1_chr14	HAP1	HAP1	2	14	190531	229721	8326	411926	0.979788
chr02x14	17250001	17500000	HAP1_chr02	HAP2_chr14	HAP1	HAP2	2	14	190531	223093	9456	404168	0.976604
chr02x14	17250001	17500000	HAP1_chr14	HAP2_chr02	HAP1	HAP2	14	2	229721	201265	8238	422748	0.980513
chr02x14	17250001	17500000	HAP2_chr02	HAP2_chr14	HAP2	HAP2	2	14	201265	223093	9897	414461	0.976121
chr02x14	17500001	17750000	HAP1_chr02	HAP1_chr14	HAP1	HAP1	2	14	220441	228218	8973	439686	0.979592
chr02x14	17500001	17750000	HAP1_chr02	HAP2_chr14	HAP1	HAP2	2	14	220441	231744	7144	445041	0.983948
chr02x14	17500001	17750000	HAP1_chr14	HAP2_chr02	HAP1	HAP2	14	2	228218	220856	13822	435252	0.968244
chr02x14	17500001	17750000	HAP2_chr02	HAP2_chr14	HAP2	HAP2	2	14	220856	231744	7566	445034	0.982999
chr02x14	17750001	18000000	HAP1_chr02	HAP1_chr14	HAP1	HAP1	2	14	186891	219631	9400	397122	0.976330
chr02x14	17750001	18000000	HAP1_chr02	HAP2_chr14	HAP1	HAP2	2	14	186891	212883	11756	388018	0.969702
chr02x14	17750001	18000000	HAP1_chr14	HAP2_chr02	HAP1	HAP2	14	2	219631	186479	9286	396824	0.976599
chr02x14	17750001	18000000	HAP2_chr02	HAP2_chr14	HAP2	HAP2	2	14	186479	212883	7126	392236	0.981832
chr02x14	18000001	18250000	HAP1_chr02	HAP1_chr14	HAP1	HAP1	2	14	236059	216784	7718	445125	0.982661
chr02x14	18000001	18250000	HAP1_chr02	HAP2_chr14	HAP1	HAP2	2	14	236059	221288	5423	451924	0.988000
chr02x14	18000001	18250000	HAP1_chr14	HAP2_chr02	HAP1	HAP2	14	2	216784	225606	8432	433958	0.980570
chr02x14	18000001	18250000	HAP2_chr02	HAP2_chr14	HAP2	HAP2	2	14	225606	221288	5884	441010	0.986658
chr02x14	18250001	18500000	HAP1_chr02	HAP1_chr14	HAP1	HAP1	2	14	215526	202530	7041	411015	0.982869
chr02x14	18250001	18500000	HAP1_chr02	HAP2_chr14	HAP1	HAP2	2	14	215526	216888	7339	425075	0.982735
chr02x14	18250001	18500000	HAP1_chr14	HAP2_chr02	HAP1	HAP2	14	2	202530	224975	6960	420545	0.983450
chr02x14	18250001	18500000	HAP2_chr02	HAP2_chr14	HAP2	HAP2	2	14	224975	216888	6937	434926	0.984050
chr02x14	18500001	18750000	HAP1_chr02	HAP1_chr14	HAP1	HAP1	2	14	223467	231273	11771	442969	0.973427
chr02x14	18500001	18750000	HAP1_chr02	HAP2_chr14	HAP1	HAP2	2	14	223467	218659	12301	429825	0.971381
chr02x14	18500001	18750000	HAP1_chr14	HAP2_chr02	HAP1	HAP2	14	2	231273	205497	12675	424095	0.970113
chr02x14	18500001	18750000	HAP2_chr02	HAP2_chr14	HAP2	HAP2	2	14	205497	218659	13001	411155	0.968379
chr02x14	18750001	19000000	HAP1_chr02	HAP1_chr14	HAP1	HAP1	2	14	149968	219670	7710	361928	0.978697
chr02x14	18750001	19000000	HAP1_chr02	HAP2_chr14	HAP1	HAP2	2	14	149968	213999	10134	353833	0.971359
chr02x14	18750001	19000000	HAP1_chr14	HAP2_chr02	HAP1	HAP2	14	2	219670	175310	7906	387074	0.979575
chr02x14	18750001	19000000	HAP2_chr02	HAP2_chr14	HAP2	HAP2	2	14	175310	213999	11930	377379	0.968387
chr02x14	19000001	19250000	HAP1_chr02	HAP1_chr14	HAP1	HAP1	2	14	227947	214470	5657	436760	0.987048
chr02x14	19000001	19250000	HAP1_chr02	HAP2_chr14	HAP1	HAP2	2	14	227947	224587	5791	446743	0.987037
chr02x14	19000001	19250000	HAP1_chr14	HAP2_chr02	HAP1	HAP2	14	2	214470	222148	7376	429242	0.982816
chr02x14	19000001	19250000	HAP2_chr02	HAP2_chr14	HAP2	HAP2	2	14	222148	224587	7547	439188	0.982816
chr02x14	19250001	19500000	HAP1_chr02	HAP1_chr14	HAP1	HAP1	2	14	213266	197663	10675	400254	0.973329
chr02x14	19250001	19500000	HAP1_chr02	HAP2_chr14	HAP1	HAP2	2	14	213266	206753	9719	410300	0.976312
chr02x14	19250001	19500000	HAP1_chr14	HAP2_chr02	HAP1	HAP2	14	2	197663	217554	8986	406231	0.977880
chr02x14	19250001	19500000	HAP2_chr02	HAP2_chr14	HAP2	HAP2	2	14	217554	206753	8209	416098	0.980271
chr02x14	19500001	19750000	HAP1_chr02	HAP1_chr14	HAP1	HAP1	2	14	220281	203613	9498	414396	0.977080
chr02x14	19500001	19750000	HAP1_chr02	HAP2_chr14	HAP1	HAP2	2	14	220281	202224	10941	411564	0.973416
chr02x14	19500001	19750000	HAP1_chr14	HAP2_chr02	HAP1	HAP2	14	2	203613	219912	10736	412789	0.973992
chr02x14	19500001	19750000	HAP2_chr02	HAP2_chr14	HAP2	HAP2	2	14	219912	202224	12840	409296	0.968629
chr02x14	19750001	20000000	HAP1_chr02	HAP1_chr14	HAP1	HAP1	2	14	213135	218051	13584	417602	0.967471
chr02x14	19750001	20000000	HAP1_chr02	HAP2_chr14	HAP1	HAP2	2	14	213135	212022	9523	415634	0.977088
chr02x14	19750001	20000000	HAP1_chr14	HAP2_chr02	HAP1	HAP2	14	2	218051	214655	16201	416505	0.961103
chr02x14	19750001	20000000	HAP2_chr02	HAP2_chr14	HAP2	HAP2	2	14	214655	212022	11843	414834	0.971451
chr02x14	20000001	20250000	HAP1_chr02	HAP1_chr14	HAP1	HAP1	2	14	202882	209167	10660	401389	0.973442
chr02x14	20000001	20250000	HAP1_chr02	HAP2_chr14	HAP1	HAP2	2	14	202882	223568	14000	412450	0.966056
chr02x14	20000001	20250000	HAP1_chr14	HAP2_chr02	HAP1	HAP2	14	2	209167	187354	10375	386146	0.973132
chr02x14	20000001	20250000	HAP2_chr02	HAP2_chr14	HAP2	HAP2	2	14	187354	223568	13286	397636	0.966588
chr02x14	20250001	20500000	HAP1_chr02	HAP1_chr14	HAP1	HAP1	2	14	146564	202707	6057	343214	0.982352
chr02x14	20250001	20500000	HAP1_chr02	HAP2_chr14	HAP1	HAP2	2	14	146564	192823	5598	333789	0.983229
chr02x14	20250001	20500000	HAP1_chr14	HAP2_chr02	HAP1	HAP2	14	2	202707	167610	7601	362716	0.979044
chr02x14	20250001	20500000	HAP2_chr02	HAP2_chr14	HAP2	HAP2	2	14	167610	192823	6955	353478	0.980324
chr02x14	20500001	20750000	HAP1_chr02	HAP1_chr14	HAP1	HAP1	2	14	201875	209014	8085	402804	0.979928
chr02x14	20500001	20750000	HAP1_chr02	HAP2_chr14	HAP1	HAP2	2	14	201875	212822	7307	407390	0.982064
chr02x14	20500001	20750000	HAP1_chr14	HAP2_chr02	HAP1	HAP2	14	2	209014	204412	8126	405300	0.979951
chr02x14	20500001	20750000	HAP2_chr02	HAP2_chr14	HAP2	HAP2	2	14	204412	212822	7049	410185	0.982815
chr02x14	20750001	21000000	HAP1_chr02	HAP1_chr14	HAP1	HAP1	2	14	215831	211504	7454	419881	0.982247
chr02x14	20750001	21000000	HAP1_chr02	HAP2_chr14	HAP1	HAP2	2	14	215831	202190	6075	411946	0.985253
chr02x14	20750001	21000000	HAP1_chr14	HAP2_chr02	HAP1	HAP2	14	2	211504	217820	7343	421981	0.982599
chr02x14	20750001	21000000	HAP2_chr02	HAP2_chr14	HAP2	HAP2	2	14	217820	202190	6071	413939	0.985334
chr02x14	21000001	21250000	HAP1_chr02	HAP1_chr14	HAP1	HAP1	2	14	204646	184038	6943	381741	0.981812
chr02x14	21000001	21250000	HAP1_chr02	HAP2_chr14	HAP1	HAP2	2	14	204646	215860	6517	413989	0.984258
chr02x14	21000001	21250000	HAP1_chr14	HAP2_chr02	HAP1	HAP2	14	2	184038	202619	6911	379746	0.981801
chr02x14	21000001	21250000	HAP2_chr02	HAP2_chr14	HAP2	HAP2	2	14	202619	215860	8002	410477	0.980506
chr02x14	21250001	21500000	HAP1_chr02	HAP1_chr14	HAP1	HAP1	2	14	231772	163443	4043	391172	0.989664
chr02x14	21250001	21500000	HAP1_chr02	HAP2_chr14	HAP1	HAP2	2	14	231772	157030	3860	384942	0.989973
chr02x14	21250001	21500000	HAP1_chr14	HAP2_chr02	HAP1	HAP2	14	2	163443	229219	3928	388734	0.989895
chr02x14	21250001	21500000	HAP2_chr02	HAP2_chr14	HAP2	HAP2	2	14	229219	157030	3752	382497	0.990191
chr02x14	21500001	21750000	HAP1_chr02	HAP1_chr14	HAP1	HAP1	2	14	229724	120914	5176	345462	0.985017
chr02x14	21500001	21750000	HAP1_chr02	HAP2_chr14	HAP1	HAP2	2	14	229724	149673	5752	373645	0.984606
chr02x14	21500001	21750000	HAP1_chr14	HAP2_chr02	HAP1	HAP2	14	2	120914	226281	5553	341642	0.983746
chr02x14	21500001	21750000	HAP2_chr02	HAP2_chr14	HAP2	HAP2	2	14	226281	149673	6135	369819	0.983411
chr02x14	21750001	22000000	HAP1_chr02	HAP1_chr14	HAP1	HAP1	2	14	225471	21825	108	247188	0.999563
chr02x14	21750001	22000000	HAP1_chr02	HAP2_chr14	HAP1	HAP2	2	14	225471	21080	790	245761	0.996785
chr02x14	21750001	22000000	HAP1_chr14	HAP2_chr02	HAP1	HAP2	14	2	21825	223652	107	245370	0.999564
chr02x14	21750001	22000000	HAP2_chr02	HAP2_chr14	HAP2	HAP2	2	14	223652	21080	791	243941	0.996757
chr02x14	22000001	22250000	HAP1_chr02	HAP1_chr14	HAP1	HAP1	2	14	222352	47588	1559	268381	0.994191
chr02x14	22000001	22250000	HAP1_chr02	HAP2_chr14	HAP1	HAP2	2	14	222352	27733	1443	248642	0.994196
chr02x14	22000001	22250000	HAP1_chr14	HAP2_chr02	HAP1	HAP2	14	2	47588	223933	1411	270110	0.994776
chr02x14	22000001	22250000	HAP2_chr02	HAP2_chr14	HAP2	HAP2	2	14	223933	27733	1388	250278	0.994454
chr02x14	22250001	22500000	HAP1_chr02	HAP1_chr14	HAP1	HAP1	2	14	224623	28059	97	252585	0.999616
chr02x14	22250001	22500000	HAP1_chr02	HAP2_chr14	HAP1	HAP2	2	14	224623	47122	2730	269015	0.989852
chr02x14	22250001	22500000	HAP1_chr14	HAP2_chr02	HAP1	HAP2	14	2	28059	226077	117	254019	0.999539
chr02x14	22250001	22500000	HAP2_chr02	HAP2_chr14	HAP2	HAP2	2	14	226077	47122	2704	270495	0.990004
chr02x14	22500001	22750000	HAP1_chr02	HAP1_chr14	HAP1	HAP1	2	14	188928	41227	4006	226149	0.982286
chr02x14	22500001	22750000	HAP1_chr02	HAP2_chr14	HAP1	HAP2	2	14	188928	28223	4925	212226	0.976794
chr02x14	22500001	22750000	HAP1_chr14	HAP2_chr02	HAP1	HAP2	14	2	41227	175393	4120	212500	0.980612
chr02x14	22500001	22750000	HAP2_chr02	HAP2_chr14	HAP2	HAP2	2	14	175393	28223	4941	198675	0.975130
chr02x14	22750001	23000000	HAP1_chr02	HAP1_chr14	HAP1	HAP1	2	14	210734	26278	46	236966	0.999806
chr02x14	22750001	23000000	HAP1_chr02	HAP2_chr14	HAP1	HAP2	2	14	210734	49331	941	259124	0.996369
chr02x14	22750001	23000000	HAP1_chr14	HAP2_chr02	HAP1	HAP2	14	2	26278	222227	51	248454	0.999795
chr02x14	22750001	23000000	HAP2_chr02	HAP2_chr14	HAP2	HAP2	2	14	222227	49331	1058	270500	0.996089
chr02x14	23000001	23250000	HAP1_chr02	HAP1_chr14	HAP1	HAP1	2	14	212552	23736	51	236237	0.999784
chr02x14	23000001	23250000	HAP1_chr02	HAP2_chr14	HAP1	HAP2	2	14	212552	23936	199	236289	0.999158
chr02x14	23000001	23250000	HAP1_chr14	HAP2_chr02	HAP1	HAP2	14	2	23736	218717	54	242399	0.999777
chr02x14	23000001	23250000	HAP2_chr02	HAP2_chr14	HAP2	HAP2	2	14	218717	23936	204	242449	0.999159
chr02x14	23250001	23500000	HAP1_chr02	HAP1_chr14	HAP1	HAP1	2	14	207003	24302	2796	228509	0.987764
chr02x14	23250001	23500000	HAP1_chr02	HAP2_chr14	HAP1	HAP2	2	14	207003	36233	2749	240487	0.988569
chr02x14	23250001	23500000	HAP1_chr14	HAP2_chr02	HAP1	HAP2	14	2	24302	200964	2803	222463	0.987400
chr02x14	23250001	23500000	HAP2_chr02	HAP2_chr14	HAP2	HAP2	2	14	200964	36233	2765	234432	0.988206
chr02x14	23500001	23750000	HAP1_chr02	HAP1_chr14	HAP1	HAP1	2	14	223806	45107	340	268573	0.998734
chr02x14	23500001	23750000	HAP1_chr02	HAP2_chr14	HAP1	HAP2	2	14	223806	33856	811	256851	0.996843
chr02x14	23500001	23750000	HAP1_chr14	HAP2_chr02	HAP1	HAP2	14	2	45107	221587	359	266335	0.998652
chr02x14	23500001	23750000	HAP2_chr02	HAP2_chr14	HAP2	HAP2	2	14	221587	33856	613	254830	0.997594
chr02x14	23750001	24000000	HAP1_chr02	HAP1_chr14	HAP1	HAP1	2	14	213115	40755	144	253726	0.999432
chr02x14	23750001	24000000	HAP1_chr02	HAP2_chr14	HAP1	HAP2	2	14	213115	38043	526	250632	0.997901
chr02x14	23750001	24000000	HAP1_chr14	HAP2_chr02	HAP1	HAP2	14	2	40755	220918	106	261567	0.999595
chr02x14	23750001	24000000	HAP2_chr02	HAP2_chr14	HAP2	HAP2	2	14	220918	38043	335	258626	0.998705
chr02x14	24000001	24250000	HAP1_chr02	HAP1_chr14	HAP1	HAP1	2	14	220568	75080	2297	293351	0.992170
chr02x14	24000001	24250000	HAP1_chr02	HAP2_chr14	HAP1	HAP2	2	14	220568	39526	3281	256813	0.987224
chr02x14	24000001	24250000	HAP1_chr14	HAP2_chr02	HAP1	HAP2	14	2	75080	219707	2642	292145	0.990957
chr02x14	24000001	24250000	HAP2_chr02	HAP2_chr14	HAP2	HAP2	2	14	219707	39526	3280	255953	0.987185
chr02x14	24250001	24500000	HAP1_chr02	HAP1_chr14	HAP1	HAP1	2	14	219314	187217	9794	396737	0.975314
chr02x14	24250001	24500000	HAP1_chr02	HAP2_chr14	HAP1	HAP2	2	14	219314	25458	117	244655	0.999522
chr02x14	24250001	24500000	HAP1_chr14	HAP2_chr02	HAP1	HAP2	14	2	187217	217806	10205	394818	0.974153
chr02x14	24250001	24500000	HAP2_chr02	HAP2_chr14	HAP2	HAP2	2	14	217806	25458	123	243141	0.999494
chr02x14	24500001	24750000	HAP1_chr02	HAP1_chr14	HAP1	HAP1	2	14	215204	124171	9303	330072	0.971815
chr02x14	24500001	24750000	HAP1_chr02	HAP2_chr14	HAP1	HAP2	2	14	215204	42544	1217	256531	0.995256
chr02x14	24500001	24750000	HAP1_chr14	HAP2_chr02	HAP1	HAP2	14	2	124171	213604	9213	328562	0.971960
chr02x14	24500001	24750000	HAP2_chr02	HAP2_chr14	HAP2	HAP2	2	14	213604	42544	1217	254931	0.995226
chr02x14	24750001	25000000	HAP1_chr02	HAP1_chr14	HAP1	HAP1	2	14	196520	210064	9904	396680	0.975033
chr02x14	24750001	25000000	HAP1_chr02	HAP2_chr14	HAP1	HAP2	2	14	196520	89396	7198	278718	0.974175
chr02x14	24750001	25000000	HAP1_chr14	HAP2_chr02	HAP1	HAP2	14	2	210064	192643	11124	391583	0.971592
chr02x14	24750001	25000000	HAP2_chr02	HAP2_chr14	HAP2	HAP2	2	14	192643	89396	9105	272934	0.966640
chr02x14	25000001	25250000	HAP1_chr02	HAP1_chr14	HAP1	HAP1	2	14	194882	215495	10276	400101	0.974316
chr02x14	25000001	25250000	HAP1_chr02	HAP2_chr14	HAP1	HAP2	2	14	194882	212747	14279	393350	0.963699
chr02x14	25000001	25250000	HAP1_chr14	HAP2_chr02	HAP1	HAP2	14	2	215495	204173	9753	409915	0.976207
chr02x14	25000001	25250000	HAP2_chr02	HAP2_chr14	HAP2	HAP2	2	14	204173	212747	14428	402492	0.964153
chr02x14	25250001	25500000	HAP1_chr02	HAP1_chr14	HAP1	HAP1	2	14	214897	223958	6143	432712	0.985803
chr02x14	25250001	25500000	HAP1_chr02	HAP2_chr14	HAP1	HAP2	2	14	214897	114735	7420	322212	0.976972
chr02x14	25250001	25500000	HAP1_chr14	HAP2_chr02	HAP1	HAP2	14	2	223958	223717	8945	438730	0.979612
chr02x14	25250001	25500000	HAP2_chr02	HAP2_chr14	HAP2	HAP2	2	14	223717	114735	6470	331982	0.980511
chr02x14	25500001	25750000	HAP1_chr02	HAP1_chr14	HAP1	HAP1	2	14	212426	218404	8031	422799	0.981005
chr02x14	25500001	25750000	HAP1_chr02	HAP2_chr14	HAP1	HAP2	2	14	212426	221063	12801	420688	0.969571
chr02x14	25500001	25750000	HAP1_chr14	HAP2_chr02	HAP1	HAP2	14	2	218404	205593	8037	415960	0.980678
chr02x14	25500001	25750000	HAP2_chr02	HAP2_chr14	HAP2	HAP2	2	14	205593	221063	12130	414526	0.970738
chr02x14	25750001	26000000	HAP1_chr02	HAP1_chr14	HAP1	HAP1	2	14	219725	198689	12951	405463	0.968059
chr02x14	25750001	26000000	HAP1_chr02	HAP2_chr14	HAP1	HAP2	2	14	219725	219652	8994	430383	0.979102
chr02x14	25750001	26000000	HAP1_chr14	HAP2_chr02	HAP1	HAP2	14	2	198689	227011	12175	413525	0.970558
chr02x14	25750001	26000000	HAP2_chr02	HAP2_chr14	HAP2	HAP2	2	14	227011	219652	8799	437864	0.979905
chr02x14	26000001	26250000	HAP1_chr02	HAP1_chr14	HAP1	HAP1	2	14	221142	232805	9819	444128	0.977892
chr02x14	26000001	26250000	HAP1_chr02	HAP2_chr14	HAP1	HAP2	2	14	221142	222622	7618	436146	0.982533
chr02x14	26000001	26250000	HAP1_chr14	HAP2_chr02	HAP1	HAP2	14	2	232805	216330	8573	440562	0.980541
chr02x14	26000001	26250000	HAP2_chr02	HAP2_chr14	HAP2	HAP2	2	14	216330	222622	7453	431499	0.982728
chr02x14	26250001	26500000	HAP1_chr02	HAP1_chr14	HAP1	HAP1	2	14	216049	220120	4742	431427	0.989009
chr02x14	26250001	26500000	HAP1_chr02	HAP2_chr14	HAP1	HAP2	2	14	216049	204226	9816	410459	0.976085
chr02x14	26250001	26500000	HAP1_chr14	HAP2_chr02	HAP1	HAP2	14	2	220120	215264	4520	430864	0.989509
chr02x14	26250001	26500000	HAP2_chr02	HAP2_chr14	HAP2	HAP2	2	14	215264	204226	9602	409888	0.976574
chr02x14	26500001	26750000	HAP1_chr02	HAP1_chr14	HAP1	HAP1	2	14	212853	220347	8721	424479	0.979455
chr02x14	26500001	26750000	HAP1_chr02	HAP2_chr14	HAP1	HAP2	2	14	212853	215802	12410	416245	0.970186
chr02x14	26500001	26750000	HAP1_chr14	HAP2_chr02	HAP1	HAP2	14	2	220347	218239	7851	430735	0.981773
chr02x14	26500001	26750000	HAP2_chr02	HAP2_chr14	HAP2	HAP2	2	14	218239	215802	10856	423185	0.974347
chr02x14	26750001	27000000	HAP1_chr02	HAP1_chr14	HAP1	HAP1	2	14	206131	217749	23185	400695	0.942138
chr02x14	26750001	27000000	HAP1_chr02	HAP2_chr14	HAP1	HAP2	2	14	206131	236679	8924	433886	0.979432
chr02x14	26750001	27000000	HAP1_chr14	HAP2_chr02	HAP1	HAP2	14	2	217749	203958	23238	398469	0.941682
chr02x14	26750001	27000000	HAP2_chr02	HAP2_chr14	HAP2	HAP2	2	14	203958	236679	8583	432054	0.980134
chr02x14	27000001	27250000	HAP1_chr02	HAP1_chr14	HAP1	HAP1	2	14	207020	211655	8810	409865	0.978505
chr02x14	27000001	27250000	HAP1_chr02	HAP2_chr14	HAP1	HAP2	2	14	207020	225134	11539	420615	0.972566
chr02x14	27000001	27250000	HAP1_chr14	HAP2_chr02	HAP1	HAP2	14	2	211655	209405	8469	412591	0.979474
chr02x14	27000001	27250000	HAP2_chr02	HAP2_chr14	HAP2	HAP2	2	14	209405	225134	11546	422993	0.972704
chr02x14	27250001	27500000	HAP1_chr02	HAP1_chr14	HAP1	HAP1	2	14	229586	202115	6025	425676	0.985846
chr02x14	27250001	27500000	HAP1_chr02	HAP2_chr14	HAP1	HAP2	2	14	229586	222871	7934	444523	0.982152
chr02x14	27250001	27500000	HAP1_chr14	HAP2_chr02	HAP1	HAP2	14	2	202115	229405	5975	425545	0.985959
chr02x14	27250001	27500000	HAP2_chr02	HAP2_chr14	HAP2	HAP2	2	14	229405	222871	8461	443815	0.980936
chr02x14	27500001	27750000	HAP1_chr02	HAP1_chr14	HAP1	HAP1	2	14	189031	212328	5456	395903	0.986219
chr02x14	27500001	27750000	HAP1_chr02	HAP2_chr14	HAP1	HAP2	2	14	189031	218873	14259	393645	0.963777
chr02x14	27500001	27750000	HAP1_chr14	HAP2_chr02	HAP1	HAP2	14	2	212328	186226	5642	392912	0.985641
chr02x14	27500001	27750000	HAP2_chr02	HAP2_chr14	HAP2	HAP2	2	14	186226	218873	14397	390702	0.963151
chr02x14	27750001	28000000	HAP1_chr02	HAP1_chr14	HAP1	HAP1	2	14	221675	193648	8711	406612	0.978577
chr02x14	27750001	28000000	HAP1_chr02	HAP2_chr14	HAP1	HAP2	2	14	221675	185330	5379	401626	0.986607
chr02x14	27750001	28000000	HAP1_chr14	HAP2_chr02	HAP1	HAP2	14	2	193648	221238	9110	405776	0.977549
chr02x14	27750001	28000000	HAP2_chr02	HAP2_chr14	HAP2	HAP2	2	14	221238	185330	6214	400354	0.984479
chr02x14	28000001	28250000	HAP1_chr02	HAP1_chr14	HAP1	HAP1	2	14	218160	225569	6737	436992	0.984583
chr02x14	28000001	28250000	HAP1_chr02	HAP2_chr14	HAP1	HAP2	2	14	218160	227299	9396	436063	0.978453
chr02x14	28000001	28250000	HAP1_chr14	HAP2_chr02	HAP1	HAP2	14	2	225569	220631	6313	439887	0.985649
chr02x14	28000001	28250000	HAP2_chr02	HAP2_chr14	HAP2	HAP2	2	14	220631	227299	8272	439658	0.981185
chr02x14	28250001	28500000	HAP1_chr02	HAP1_chr14	HAP1	HAP1	2	14	212747	207055	7131	412671	0.982720
chr02x14	28250001	28500000	HAP1_chr02	HAP2_chr14	HAP1	HAP2	2	14	212747	205869	12178	406438	0.970037
chr02x14	28250001	28500000	HAP1_chr14	HAP2_chr02	HAP1	HAP2	14	2	207055	212552	6696	412911	0.983783
chr02x14	28250001	28500000	HAP2_chr02	HAP2_chr14	HAP2	HAP2	2	14	212552	205869	12736	405685	0.968606
chr02x14	28500001	28750000	HAP1_chr02	HAP1_chr14	HAP1	HAP1	2	14	214368	231205	10441	435132	0.976005
chr02x14	28500001	28750000	HAP1_chr02	HAP2_chr14	HAP1	HAP2	2	14	214368	188742	6644	396466	0.983242
chr02x14	28500001	28750000	HAP1_chr14	HAP2_chr02	HAP1	HAP2	14	2	231205	208163	10591	428777	0.975300
chr02x14	28500001	28750000	HAP2_chr02	HAP2_chr14	HAP2	HAP2	2	14	208163	188742	6958	389947	0.982157
chr02x14	28750001	29000000	HAP1_chr02	HAP1_chr14	HAP1	HAP1	2	14	212798	190370	1129	402039	0.997192
chr02x14	28750001	29000000	HAP1_chr02	HAP2_chr14	HAP1	HAP2	2	14	212798	231273	4364	439707	0.990075
chr02x14	28750001	29000000	HAP1_chr14	HAP2_chr02	HAP1	HAP2	14	2	190370	219272	1404	408238	0.996561
chr02x14	28750001	29000000	HAP2_chr02	HAP2_chr14	HAP2	HAP2	2	14	219272	231273	4578	445967	0.989735
chr02x14	29000001	29250000	HAP1_chr02	HAP1_chr14	HAP1	HAP1	2	14	198986	222005	7762	413229	0.981216
chr02x14	29000001	29250000	HAP1_chr02	HAP2_chr14	HAP1	HAP2	2	14	198986	208107	9974	397119	0.974884
chr02x14	29000001	29250000	HAP1_chr14	HAP2_chr02	HAP1	HAP2	14	2	222005	190968	7242	405731	0.982151
chr02x14	29000001	29250000	HAP2_chr02	HAP2_chr14	HAP2	HAP2	2	14	190968	208107	6942	392133	0.982297
chr02x14	29250001	29500000	HAP1_chr02	HAP1_chr14	HAP1	HAP1	2	14	167627	206819	5736	368710	0.984443
chr02x14	29250001	29500000	HAP1_chr02	HAP2_chr14	HAP1	HAP2	2	14	167627	227024	7419	387232	0.980841
chr02x14	29250001	29500000	HAP1_chr14	HAP2_chr02	HAP1	HAP2	14	2	206819	164389	6796	364412	0.981351
chr02x14	29250001	29500000	HAP2_chr02	HAP2_chr14	HAP2	HAP2	2	14	164389	227024	7563	383850	0.980297
chr02x14	29500001	29750000	HAP1_chr02	HAP1_chr14	HAP1	HAP1	2	14	217292	235761	1893	451160	0.995804
chr02x14	29500001	29750000	HAP1_chr02	HAP2_chr14	HAP1	HAP2	2	14	217292	204065	5984	415373	0.985594
chr02x14	29500001	29750000	HAP1_chr14	HAP2_chr02	HAP1	HAP2	14	2	235761	216639	1950	450450	0.995671
chr02x14	29500001	29750000	HAP2_chr02	HAP2_chr14	HAP2	HAP2	2	14	216639	204065	6107	414597	0.985270
chr02x14	29750001	30000000	HAP1_chr02	HAP1_chr14	HAP1	HAP1	2	14	209393	217038	9146	417285	0.978082
chr02x14	29750001	30000000	HAP1_chr02	HAP2_chr14	HAP1	HAP2	2	14	209393	218403	9169	418627	0.978097
chr02x14	29750001	30000000	HAP1_chr14	HAP2_chr02	HAP1	HAP2	14	2	217038	210001	9901	417138	0.976264
chr02x14	29750001	30000000	HAP2_chr02	HAP2_chr14	HAP2	HAP2	2	14	210001	218403	8652	419752	0.979388
chr02x14	30000001	30250000	HAP1_chr02	HAP1_chr14	HAP1	HAP1	2	14	222442	230356	10095	442703	0.977197
chr02x14	30000001	30250000	HAP1_chr02	HAP2_chr14	HAP1	HAP2	2	14	222442	210755	6341	426856	0.985145
chr02x14	30000001	30250000	HAP1_chr14	HAP2_chr02	HAP1	HAP2	14	2	230356	201106	6630	424832	0.984394
chr02x14	30000001	30250000	HAP2_chr02	HAP2_chr14	HAP2	HAP2	2	14	201106	210755	6814	405047	0.983177
chr02x14	30250001	30500000	HAP1_chr02	HAP1_chr14	HAP1	HAP1	2	14	196898	205864	12115	390647	0.968987
chr02x14	30250001	30500000	HAP1_chr02	HAP2_chr14	HAP1	HAP2	2	14	196898	231518	4877	423539	0.988485
chr02x14	30250001	30500000	HAP1_chr14	HAP2_chr02	HAP1	HAP2	14	2	205864	198209	10846	393227	0.972418
chr02x14	30250001	30500000	HAP2_chr02	HAP2_chr14	HAP2	HAP2	2	14	198209	231518	2009	427718	0.995303
chr02x14	30500001	30750000	HAP1_chr02	HAP1_chr14	HAP1	HAP1	2	14	197672	206506	5047	399131	0.987355
chr02x14	30500001	30750000	HAP1_chr02	HAP2_chr14	HAP1	HAP2	2	14	197672	218234	4594	411312	0.988831
chr02x14	30500001	30750000	HAP1_chr14	HAP2_chr02	HAP1	HAP2	14	2	206506	179476	2838	383144	0.992593
chr02x14	30500001	30750000	HAP2_chr02	HAP2_chr14	HAP2	HAP2	2	14	179476	218234	5805	391905	0.985188
chr02x14	30750001	31000000	HAP1_chr02	HAP1_chr14	HAP1	HAP1	2	14	177847	216221	2025	392043	0.994835
chr02x14	30750001	31000000	HAP1_chr02	HAP2_chr14	HAP1	HAP2	2	14	177847	227141	10411	394577	0.973615
chr02x14	30750001	31000000	HAP1_chr14	HAP2_chr02	HAP1	HAP2	14	2	216221	202076	8392	409905	0.979527
chr02x14	30750001	31000000	HAP2_chr02	HAP2_chr14	HAP2	HAP2	2	14	202076	227141	9908	419309	0.976371
chr02x14	31000001	31250000	HAP1_chr02	HAP1_chr14	HAP1	HAP1	2	14	192199	230026	4926	417299	0.988196
chr02x14	31000001	31250000	HAP1_chr02	HAP2_chr14	HAP1	HAP2	2	14	192199	189546	9363	372382	0.974856
chr02x14	31000001	31250000	HAP1_chr14	HAP2_chr02	HAP1	HAP2	14	2	230026	203259	3519	429766	0.991812
chr02x14	31000001	31250000	HAP2_chr02	HAP2_chr14	HAP2	HAP2	2	14	203259	189546	5101	387704	0.986843
chr02x14	31250001	31500000	HAP1_chr02	HAP1_chr14	HAP1	HAP1	2	14	204396	224200	5553	423043	0.986874
chr02x14	31250001	31500000	HAP1_chr02	HAP2_chr14	HAP1	HAP2	2	14	204396	212671	3550	413517	0.991415
chr02x14	31250001	31500000	HAP1_chr14	HAP2_chr02	HAP1	HAP2	14	2	224200	178684	3442	399442	0.991383
chr02x14	31250001	31500000	HAP2_chr02	HAP2_chr14	HAP2	HAP2	2	14	178684	212671	6138	385217	0.984066
chr02x14	31500001	31750000	HAP1_chr02	HAP1_chr14	HAP1	HAP1	2	14	178223	179746	4767	353202	0.986503
chr02x14	31500001	31750000	HAP1_chr02	HAP2_chr14	HAP1	HAP2	2	14	178223	223116	2368	398971	0.994065
chr02x14	31500001	31750000	HAP1_chr14	HAP2_chr02	HAP1	HAP2	14	2	179746	186569	5346	360969	0.985190
chr02x14	31500001	31750000	HAP2_chr02	HAP2_chr14	HAP2	HAP2	2	14	186569	223116	4268	405417	0.989473
chr02x14	31750001	32000000	HAP1_chr02	HAP1_chr14	HAP1	HAP1	2	14	187485	208070	5772	389783	0.985192
chr02x14	31750001	32000000	HAP1_chr02	HAP2_chr14	HAP1	HAP2	2	14	187485	227082	1258	413309	0.996956
chr02x14	31750001	32000000	HAP1_chr14	HAP2_chr02	HAP1	HAP2	14	2	208070	203466	10034	401502	0.975009
chr02x14	31750001	32000000	HAP2_chr02	HAP2_chr14	HAP2	HAP2	2	14	203466	227082	3816	426732	0.991058
chr02x14	32000001	32250000	HAP1_chr02	HAP1_chr14	HAP1	HAP1	2	14	198557	212676	6596	404637	0.983699
chr02x14	32000001	32250000	HAP1_chr02	HAP2_chr14	HAP1	HAP2	2	14	198557	217727	7288	408996	0.982181
chr02x14	32000001	32250000	HAP1_chr14	HAP2_chr02	HAP1	HAP2	14	2	212676	225874	4505	434045	0.989621
chr02x14	32000001	32250000	HAP2_chr02	HAP2_chr14	HAP2	HAP2	2	14	225874	217727	9822	433779	0.977357
chr02x14	32250001	32500000	HAP1_chr02	HAP1_chr14	HAP1	HAP1	2	14	225264	227503	3500	449267	0.992210
chr02x14	32250001	32500000	HAP1_chr02	HAP2_chr14	HAP1	HAP2	2	14	225264	176737	14660	387341	0.962152
chr02x14	32250001	32500000	HAP1_chr14	HAP2_chr02	HAP1	HAP2	14	2	227503	172429	3143	396789	0.992079
chr02x14	32250001	32500000	HAP2_chr02	HAP2_chr14	HAP2	HAP2	2	14	172429	176737	7966	341200	0.976653
chr02x14	32500001	32750000	HAP1_chr02	HAP1_chr14	HAP1	HAP1	2	14	176010	218334	8137	386207	0.978931
chr02x14	32500001	32750000	HAP1_chr02	HAP2_chr14	HAP1	HAP2	2	14	176010	206584	4617	377977	0.987785
chr02x14	32500001	32750000	HAP1_chr14	HAP2_chr02	HAP1	HAP2	14	2	218334	152181	7884	362631	0.978259
chr02x14	32500001	32750000	HAP2_chr02	HAP2_chr14	HAP2	HAP2	2	14	152181	206584	2738	356027	0.992310
chr02x14	32750001	33000000	HAP1_chr02	HAP1_chr14	HAP1	HAP1	2	14	156312	201836	2809	355339	0.992095
chr02x14	32750001	33000000	HAP1_chr02	HAP2_chr14	HAP1	HAP2	2	14	156312	218910	4978	370244	0.986555
chr02x14	32750001	33000000	HAP1_chr14	HAP2_chr02	HAP1	HAP2	14	2	201836	143265	1572	343529	0.995424
chr02x14	32750001	33000000	HAP2_chr02	HAP2_chr14	HAP2	HAP2	2	14	143265	218910	2434	359741	0.993234
chr02x14	33000001	33250000	HAP1_chr02	HAP1_chr14	HAP1	HAP1	2	14	143327	225156	3560	364923	0.990245
chr02x14	33000001	33250000	HAP1_chr02	HAP2_chr14	HAP1	HAP2	2	14	143327	220219	1996	361550	0.994479
chr02x14	33000001	33250000	HAP1_chr14	HAP2_chr02	HAP1	HAP2	14	2	225156	184608	6388	403376	0.984164
chr02x14	33000001	33250000	HAP2_chr02	HAP2_chr14	HAP2	HAP2	2	14	184608	220219	2969	401858	0.992612
chr02x14	33250001	33500000	HAP1_chr02	HAP1_chr14	HAP1	HAP1	2	14	189394	215728	4297	400825	0.989280
chr02x14	33250001	33500000	HAP1_chr02	HAP2_chr14	HAP1	HAP2	2	14	189394	223575	7068	405901	0.982587
chr02x14	33250001	33500000	HAP1_chr14	HAP2_chr02	HAP1	HAP2	14	2	215728	191751	5847	401632	0.985442
chr02x14	33250001	33500000	HAP2_chr02	HAP2_chr14	HAP2	HAP2	2	14	191751	223575	8076	407250	0.980169
chr02x14	33500001	33750000	HAP1_chr02	HAP1_chr14	HAP1	HAP1	2	14	197569	180713	8291	369991	0.977591
chr02x14	33500001	33750000	HAP1_chr02	HAP2_chr14	HAP1	HAP2	2	14	197569	193267	5045	385791	0.986923
chr02x14	33500001	33750000	HAP1_chr14	HAP2_chr02	HAP1	HAP2	14	2	180713	39810	3985	216538	0.981597
chr02x14	33500001	33750000	HAP2_chr02	HAP2_chr14	HAP2	HAP2	2	14	39810	193267	521	232556	0.997760
chr02x14	33750001	34000000	HAP1_chr02	HAP1_chr14	HAP1	HAP1	2	14	31223	176309	3797	203735	0.981363
chr02x14	33750001	34000000	HAP1_chr02	HAP2_chr14	HAP1	HAP2	2	14	31223	230046	599	260670	0.997702
chr02x14	33750001	34000000	HAP1_chr14	HAP2_chr02	HAP1	HAP2	14	2	176309	42390	915	217784	0.995799
chr02x14	33750001	34000000	HAP2_chr02	HAP2_chr14	HAP2	HAP2	2	14	42390	230046	544	271892	0.997999
chr02x14	34000001	34250000	HAP1_chr02	HAP1_chr14	HAP1	HAP1	2	14	50557	219715	270	270002	0.999000
chr02x14	34000001	34250000	HAP1_chr02	HAP2_chr14	HAP1	HAP2	2	14	50557	216340	3283	263614	0.987546
chr02x14	34000001	34250000	HAP1_chr14	HAP2_chr02	HAP1	HAP2	14	2	219715	28565	99	248181	0.999601
chr02x14	34000001	34250000	HAP2_chr02	HAP2_chr14	HAP2	HAP2	2	14	28565	216340	134	244771	0.999453
chr02x14	34250001	34500000	HAP1_chr02	HAP1_chr14	HAP1	HAP1	2	14	30725	227023	152	257596	0.999410
chr02x14	34250001	34500000	HAP1_chr02	HAP2_chr14	HAP1	HAP2	2	14	30725	144003	804	173924	0.995377
chr02x14	34250001	34500000	HAP1_chr14	HAP2_chr02	HAP1	HAP2	14	2	227023	42780	4802	265001	0.981879
chr02x14	34250001	34500000	HAP2_chr02	HAP2_chr14	HAP2	HAP2	2	14	42780	144003	52	186731	0.999722
chr02x14	34500001	34750000	HAP1_chr02	HAP1_chr14	HAP1	HAP1	2	14	29223	237809	111	266921	0.999584
chr02x14	34500001	34750000	HAP1_chr02	HAP2_chr14	HAP1	HAP2	2	14	29223	209549	249	238523	0.998956
chr02x14	34500001	34750000	HAP1_chr14	HAP2_chr02	HAP1	HAP2	14	2	237809	20786	59	258536	0.999772
chr02x14	34500001	34750000	HAP2_chr02	HAP2_chr14	HAP2	HAP2	2	14	20786	209549	58	230277	0.999748
chr02x14	34750001	35000000	HAP1_chr02	HAP1_chr14	HAP1	HAP1	2	14	33463	226855	166	260152	0.999362
chr02x14	34750001	35000000	HAP1_chr02	HAP2_chr14	HAP1	HAP2	2	14	33463	220956	120	254299	0.999528
chr02x14	34750001	35000000	HAP1_chr14	HAP2_chr02	HAP1	HAP2	14	2	226855	34874	3155	258574	0.987798
chr02x14	34750001	35000000	HAP2_chr02	HAP2_chr14	HAP2	HAP2	2	14	34874	220956	341	255489	0.998665
chr02x14	35000001	35250000	HAP1_chr02	HAP1_chr14	HAP1	HAP1	2	14	41392	207269	1470	247191	0.994053
chr02x14	35000001	35250000	HAP1_chr02	HAP2_chr14	HAP1	HAP2	2	14	41392	223648	1305	263735	0.995052
chr02x14	35000001	35250000	HAP1_chr14	HAP2_chr02	HAP1	HAP2	14	2	207269	28530	1761	234038	0.992476
chr02x14	35000001	35250000	HAP2_chr02	HAP2_chr14	HAP2	HAP2	2	14	28530	223648	1545	250633	0.993836
chr02x14	35250001	35500000	HAP1_chr02	HAP1_chr14	HAP1	HAP1	2	14	47496	107658	92	155062	0.999407
chr02x14	35250001	35500000	HAP1_chr02	HAP2_chr14	HAP1	HAP2	2	14	47496	240217	182	287531	0.999367
chr02x14	35250001	35500000	HAP1_chr14	HAP2_chr02	HAP1	HAP2	14	2	107658	37017	819	143856	0.994307
chr02x14	35250001	35500000	HAP2_chr02	HAP2_chr14	HAP2	HAP2	2	14	37017	240217	2662	274572	0.990305
chr02x14	35500001	35750000	HAP1_chr02	HAP1_chr14	HAP1	HAP1	2	14	23452	194927	34	218345	0.999844
chr02x14	35500001	35750000	HAP1_chr02	HAP2_chr14	HAP1	HAP2	2	14	23452	227228	67	250613	0.999733
chr02x14	35500001	35750000	HAP1_chr14	HAP2_chr02	HAP1	HAP2	14	2	194927	39784	256	234455	0.998908
chr02x14	35500001	35750000	HAP2_chr02	HAP2_chr14	HAP2	HAP2	2	14	39784	227228	2660	264352	0.989938
chr02x14	35750001	36000000	HAP1_chr02	HAP1_chr14	HAP1	HAP1	2	14	33920	210932	111	244741	0.999546
chr02x14	35750001	36000000	HAP1_chr02	HAP2_chr14	HAP1	HAP2	2	14	33920	174936	65	208791	0.999689
chr02x14	35750001	36000000	HAP1_chr14	HAP2_chr02	HAP1	HAP2	14	2	210932	65467	2245	274154	0.991811
chr02x14	35750001	36000000	HAP2_chr02	HAP2_chr14	HAP2	HAP2	2	14	65467	174936	180	240223	0.999251
chr02x14	36000001	36250000	HAP1_chr02	HAP1_chr14	HAP1	HAP1	2	14	18682	237840	86	256436	0.999665
chr02x14	36000001	36250000	HAP1_chr02	HAP2_chr14	HAP1	HAP2	2	14	18682	40415	8	59089	0.999865
chr02x14	36000001	36250000	HAP1_chr14	HAP2_chr02	HAP1	HAP2	14	2	237840	81574	2298	317116	0.992753
chr02x14	36000001	36250000	HAP2_chr02	HAP2_chr14	HAP2	HAP2	2	14	81574	40415	101	121888	0.999171
chr02x14	36250001	36500000	HAP1_chr02	HAP1_chr14	HAP1	HAP1	2	14	38158	213877	4137	247898	0.983312
chr02x14	36250001	36500000	HAP1_chr02	HAP2_chr14	HAP1	HAP2	2	14	38158	187796	340	225614	0.998493
chr02x14	36250001	36500000	HAP1_chr14	HAP2_chr02	HAP1	HAP2	14	2	213877	175987	4501	385363	0.988320
chr02x14	36250001	36500000	HAP2_chr02	HAP2_chr14	HAP2	HAP2	2	14	175987	187796	10647	353136	0.969850
chr02x14	36500001	36750000	HAP1_chr02	HAP1_chr14	HAP1	HAP1	2	14	38477	199765	2879	235363	0.987768
chr02x14	36500001	36750000	HAP1_chr02	HAP2_chr14	HAP1	HAP2	2	14	38477	202551	3886	237142	0.983613
chr02x14	36500001	36750000	HAP1_chr14	HAP2_chr02	HAP1	HAP2	14	2	199765	209180	7591	401354	0.981087
chr02x14	36500001	36750000	HAP2_chr02	HAP2_chr14	HAP2	HAP2	2	14	209180	202551	2729	409002	0.993328
chr02x14	36750001	37000000	HAP1_chr02	HAP1_chr14	HAP1	HAP1	2	14	46848	204842	551	251139	0.997806
chr02x14	36750001	37000000	HAP1_chr02	HAP2_chr14	HAP1	HAP2	2	14	46848	226970	601	273217	0.997800
chr02x14	36750001	37000000	HAP1_chr14	HAP2_chr02	HAP1	HAP2	14	2	204842	191842	5678	391006	0.985478
chr02x14	36750001	37000000	HAP2_chr02	HAP2_chr14	HAP2	HAP2	2	14	191842	226970	4273	414539	0.989692
chr02x14	37000001	37250000	HAP1_chr02	HAP1_chr14	HAP1	HAP1	2	14	64384	204873	2827	266430	0.989389
chr02x14	37000001	37250000	HAP1_chr02	HAP2_chr14	HAP1	HAP2	2	14	64384	226711	2668	288427	0.990750
chr02x14	37000001	37250000	HAP1_chr14	HAP2_chr02	HAP1	HAP2	14	2	204873	220871	9070	416674	0.978232
chr02x14	37000001	37250000	HAP2_chr02	HAP2_chr14	HAP2	HAP2	2	14	220871	226711	5571	442011	0.987396
chr02x14	37250001	37500000	HAP1_chr02	HAP1_chr14	HAP1	HAP1	2	14	87979	215965	7946	295998	0.973155
chr02x14	37250001	37500000	HAP1_chr02	HAP2_chr14	HAP1	HAP2	2	14	87979	196294	1872	282401	0.993371
chr02x14	37250001	37500000	HAP1_chr14	HAP2_chr02	HAP1	HAP2	14	2	215965	214907	6992	423880	0.983505
chr02x14	37250001	37500000	HAP2_chr02	HAP2_chr14	HAP2	HAP2	2	14	214907	196294	7784	403417	0.980705
chr02x14	37500001	37750000	HAP1_chr02	HAP1_chr14	HAP1	HAP1	2	14	214857	223618	11180	427295	0.973835
chr02x14	37500001	37750000	HAP1_chr02	HAP2_chr14	HAP1	HAP2	2	14	214857	205979	8391	412445	0.979655
chr02x14	37500001	37750000	HAP1_chr14	HAP2_chr02	HAP1	HAP2	14	2	223618	176260	2780	397098	0.992999
chr02x14	37500001	37750000	HAP2_chr02	HAP2_chr14	HAP2	HAP2	2	14	176260	205979	2421	379818	0.993626
chr02x14	37750001	38000000	HAP1_chr02	HAP1_chr14	HAP1	HAP1	2	14	196238	220957	6739	410456	0.983582
chr02x14	37750001	38000000	HAP1_chr02	HAP2_chr14	HAP1	HAP2	2	14	196238	202472	6309	392401	0.983922
chr02x14	37750001	38000000	HAP1_chr14	HAP2_chr02	HAP1	HAP2	14	2	220957	216986	4843	433100	0.988818
chr02x14	37750001	38000000	HAP2_chr02	HAP2_chr14	HAP2	HAP2	2	14	216986	202472	4346	415112	0.989531
chr02x14	38000001	38250000	HAP1_chr02	HAP1_chr14	HAP1	HAP1	2	14	199073	230205	6600	422678	0.984385
chr02x14	38000001	38250000	HAP1_chr02	HAP2_chr14	HAP1	HAP2	2	14	199073	208338	19311	388100	0.950242
chr02x14	38000001	38250000	HAP1_chr14	HAP2_chr02	HAP1	HAP2	14	2	230205	193187	3017	420375	0.992823
chr02x14	38000001	38250000	HAP2_chr02	HAP2_chr14	HAP2	HAP2	2	14	193187	208338	3728	397797	0.990628
chr02x14	38250001	38500000	HAP1_chr02	HAP1_chr14	HAP1	HAP1	2	14	217191	219623	6217	430597	0.985562
chr02x14	38250001	38500000	HAP1_chr02	HAP2_chr14	HAP1	HAP2	2	14	217191	218379	6204	429366	0.985551
chr02x14	38250001	38500000	HAP1_chr14	HAP2_chr02	HAP1	HAP2	14	2	219623	221598	3298	437923	0.992469
chr02x14	38250001	38500000	HAP2_chr02	HAP2_chr14	HAP2	HAP2	2	14	221598	218379	5687	434290	0.986905
chr02x14	38500001	38750000	HAP1_chr02	HAP1_chr14	HAP1	HAP1	2	14	230615	215147	10998	434764	0.974704
chr02x14	38500001	38750000	HAP1_chr02	HAP2_chr14	HAP1	HAP2	2	14	230615	229189	6053	453751	0.986660
chr02x14	38500001	38750000	HAP1_chr14	HAP2_chr02	HAP1	HAP2	14	2	215147	210180	12550	412777	0.969596
chr02x14	38500001	38750000	HAP2_chr02	HAP2_chr14	HAP2	HAP2	2	14	210180	229189	6523	432846	0.984930
chr02x14	38750001	39000000	HAP1_chr02	HAP1_chr14	HAP1	HAP1	2	14	196063	216114	9194	402983	0.977185
chr02x14	38750001	39000000	HAP1_chr02	HAP2_chr14	HAP1	HAP2	2	14	196063	212090	4141	404012	0.989750
chr02x14	38750001	39000000	HAP1_chr14	HAP2_chr02	HAP1	HAP2	14	2	216114	223769	6558	433325	0.984866
chr02x14	38750001	39000000	HAP2_chr02	HAP2_chr14	HAP2	HAP2	2	14	223769	212090	4827	431032	0.988801
chr02x14	39000001	39250000	HAP1_chr02	HAP1_chr14	HAP1	HAP1	2	14	209689	227101	1966	434824	0.995479
chr02x14	39000001	39250000	HAP1_chr02	HAP2_chr14	HAP1	HAP2	2	14	209689	215614	3598	421705	0.991468
chr02x14	39000001	39250000	HAP1_chr14	HAP2_chr02	HAP1	HAP2	14	2	227101	172366	2384	397083	0.993996
chr02x14	39000001	39250000	HAP2_chr02	HAP2_chr14	HAP2	HAP2	2	14	172366	215614	4210	383770	0.989030
chr02x14	39250001	39500000	HAP1_chr02	HAP1_chr14	HAP1	HAP1	2	14	205247	230175	2065	433357	0.995235
chr02x14	39250001	39500000	HAP1_chr02	HAP2_chr14	HAP1	HAP2	2	14	205247	217730	2696	420281	0.993585
chr02x14	39250001	39500000	HAP1_chr14	HAP2_chr02	HAP1	HAP2	14	2	230175	99668	1690	328153	0.994850
chr02x14	39250001	39500000	HAP2_chr02	HAP2_chr14	HAP2	HAP2	2	14	99668	217730	8027	309371	0.974054
chr02x14	39500001	39750000	HAP1_chr02	HAP1_chr14	HAP1	HAP1	2	14	214539	216390	4697	426232	0.988980
chr02x14	39500001	39750000	HAP1_chr02	HAP2_chr14	HAP1	HAP2	2	14	214539	233393	8262	439670	0.981209
chr02x14	39500001	39750000	HAP1_chr14	HAP2_chr02	HAP1	HAP2	14	2	216390	33066	127	249329	0.999491
chr02x14	39500001	39750000	HAP2_chr02	HAP2_chr14	HAP2	HAP2	2	14	33066	233393	2813	263646	0.989330
chr02x14	39750001	40000000	HAP1_chr02	HAP1_chr14	HAP1	HAP1	2	14	214786	226330	7001	434115	0.983873
chr02x14	39750001	40000000	HAP1_chr02	HAP2_chr14	HAP1	HAP2	2	14	214786	214677	7972	421491	0.981086
chr02x14	39750001	40000000	HAP1_chr14	HAP2_chr02	HAP1	HAP2	14	2	226330	83493	525	309298	0.998303
chr02x14	39750001	40000000	HAP2_chr02	HAP2_chr14	HAP2	HAP2	2	14	83493	214677	2625	295545	0.991118
chr02x14	40000001	40250000	HAP1_chr02	HAP1_chr14	HAP1	HAP1	2	14	210967	201721	3556	409132	0.991308
chr02x14	40000001	40250000	HAP1_chr02	HAP2_chr14	HAP1	HAP2	2	14	210967	232020	2095	440892	0.995248
chr02x14	40000001	40250000	HAP1_chr14	HAP2_chr02	HAP1	HAP2	14	2	201721	37049	77	238693	0.999677
chr02x14	40000001	40250000	HAP2_chr02	HAP2_chr14	HAP2	HAP2	2	14	37049	232020	155	268914	0.999424
chr02x14	40250001	40500000	HAP1_chr02	HAP1_chr14	HAP1	HAP1	2	14	135742	214980	5107	345615	0.985223
chr02x14	40250001	40500000	HAP1_chr02	HAP2_chr14	HAP1	HAP2	2	14	135742	232240	1747	366235	0.995230
chr02x14	40250001	40500000	HAP1_chr14	HAP2_chr02	HAP1	HAP2	14	2	214980	46923	206	261697	0.999213
chr02x14	40250001	40500000	HAP2_chr02	HAP2_chr14	HAP2	HAP2	2	14	46923	232240	185	278978	0.999337
chr02x14	40500001	40750000	HAP1_chr02	HAP1_chr14	HAP1	HAP1	2	14	75525	222605	3175	294955	0.989236
chr02x14	40500001	40750000	HAP1_chr02	HAP2_chr14	HAP1	HAP2	2	14	75525	206787	1319	280993	0.995306
chr02x14	40500001	40750000	HAP1_chr14	HAP2_chr02	HAP1	HAP2	14	2	222605	152073	4797	369881	0.987031
chr02x14	40500001	40750000	HAP2_chr02	HAP2_chr14	HAP2	HAP2	2	14	152073	206787	1104	357756	0.996914
chr02x14	40750001	41000000	HAP1_chr02	HAP1_chr14	HAP1	HAP1	2	14	47218	102173	301	149090	0.997981
chr02x14	40750001	41000000	HAP1_chr02	HAP2_chr14	HAP1	HAP2	2	14	47218	203511	1222	249507	0.995102
chr02x14	40750001	41000000	HAP1_chr14	HAP2_chr02	HAP1	HAP2	14	2	102173	194924	2147	294950	0.992721
chr02x14	40750001	41000000	HAP2_chr02	HAP2_chr14	HAP2	HAP2	2	14	194924	203511	4763	393672	0.987901
chr02x14	41000001	41250000	HAP1_chr02	HAP1_chr14	HAP1	HAP1	2	14	64809	240178	2288	302699	0.992441
chr02x14	41000001	41250000	HAP1_chr02	HAP2_chr14	HAP1	HAP2	2	14	64809	207518	1790	270537	0.993384
chr02x14	41000001	41250000	HAP1_chr14	HAP2_chr02	HAP1	HAP2	14	2	240178	190390	3322	427246	0.992225
chr02x14	41000001	41250000	HAP2_chr02	HAP2_chr14	HAP2	HAP2	2	14	190390	207518	1878	396030	0.995258
chr02x14	41250001	41500000	HAP1_chr02	HAP1_chr14	HAP1	HAP1	2	14	29178	203536	94	232620	0.999596
chr02x14	41250001	41500000	HAP1_chr02	HAP2_chr14	HAP1	HAP2	2	14	29178	215055	44	244189	0.999820
chr02x14	41250001	41500000	HAP1_chr14	HAP2_chr02	HAP1	HAP2	14	2	203536	170743	2930	371349	0.992110
chr02x14	41250001	41500000	HAP2_chr02	HAP2_chr14	HAP2	HAP2	2	14	170743	215055	2434	383364	0.993651
chr02x14	41500001	41750000	HAP1_chr02	HAP1_chr14	HAP1	HAP1	2	14	54840	236797	4600	287037	0.983974
chr02x14	41500001	41750000	HAP1_chr02	HAP2_chr14	HAP1	HAP2	2	14	54840	129121	1064	182897	0.994183
chr02x14	41500001	41750000	HAP1_chr14	HAP2_chr02	HAP1	HAP2	14	2	236797	180412	2456	414753	0.994078
chr02x14	41500001	41750000	HAP2_chr02	HAP2_chr14	HAP2	HAP2	2	14	180412	129121	2891	306642	0.990572
chr02x14	41750001	42000000	HAP1_chr02	HAP1_chr14	HAP1	HAP1	2	14	204880	231709	1187	435402	0.997274
chr02x14	41750001	42000000	HAP1_chr02	HAP2_chr14	HAP1	HAP2	2	14	204880	221503	2231	424152	0.994740
chr02x14	41750001	42000000	HAP1_chr14	HAP2_chr02	HAP1	HAP2	14	2	231709	159390	893	390206	0.997711
chr02x14	41750001	42000000	HAP2_chr02	HAP2_chr14	HAP2	HAP2	2	14	159390	221503	2318	378575	0.993877
chr02x14	42000001	42250000	HAP1_chr02	HAP1_chr14	HAP1	HAP1	2	14	168406	223617	1800	390223	0.995387
chr02x14	42000001	42250000	HAP1_chr02	HAP2_chr14	HAP1	HAP2	2	14	168406	236637	5499	399544	0.986237
chr02x14	42000001	42250000	HAP1_chr14	HAP2_chr02	HAP1	HAP2	14	2	223617	58083	427	281273	0.998482
chr02x14	42000001	42250000	HAP2_chr02	HAP2_chr14	HAP2	HAP2	2	14	58083	236637	3606	291114	0.987613
chr02x14	42250001	42500000	HAP1_chr02	HAP1_chr14	HAP1	HAP1	2	14	204349	218707	9196	413860	0.977780
chr02x14	42250001	42500000	HAP1_chr02	HAP2_chr14	HAP1	HAP2	2	14	204349	194198	5444	393103	0.986151
chr02x14	42250001	42500000	HAP1_chr14	HAP2_chr02	HAP1	HAP2	14	2	218707	153588	975	371320	0.997374
chr02x14	42250001	42500000	HAP2_chr02	HAP2_chr14	HAP2	HAP2	2	14	153588	194198	1707	346079	0.995068
chr02x14	42500001	42750000	HAP1_chr02	HAP1_chr14	HAP1	HAP1	2	14	175083	238683	1369	412397	0.996680
chr02x14	42500001	42750000	HAP1_chr02	HAP2_chr14	HAP1	HAP2	2	14	175083	231313	1059	405337	0.997387
chr02x14	42500001	42750000	HAP1_chr14	HAP2_chr02	HAP1	HAP2	14	2	238683	123476	1341	360818	0.996283
chr02x14	42500001	42750000	HAP2_chr02	HAP2_chr14	HAP2	HAP2	2	14	123476	231313	2036	352753	0.994228
chr02x14	42750001	43000000	HAP1_chr02	HAP1_chr14	HAP1	HAP1	2	14	186220	228805	5224	409801	0.987252
chr02x14	42750001	43000000	HAP1_chr02	HAP2_chr14	HAP1	HAP2	2	14	186220	235118	1589	419749	0.996214
chr02x14	42750001	43000000	HAP1_chr14	HAP2_chr02	HAP1	HAP2	14	2	228805	39295	199	267901	0.999257
chr02x14	42750001	43000000	HAP2_chr02	HAP2_chr14	HAP2	HAP2	2	14	39295	235118	290	274123	0.998942
chr02x14	43000001	43250000	HAP1_chr02	HAP1_chr14	HAP1	HAP1	2	14	109258	235284	620	343922	0.998197
chr02x14	43000001	43250000	HAP1_chr02	HAP2_chr14	HAP1	HAP2	2	14	109258	217312	707	325863	0.997830
chr02x14	43000001	43250000	HAP1_chr14	HAP2_chr02	HAP1	HAP2	14	2	235284	51324	2530	284078	0.991094
chr02x14	43000001	43250000	HAP2_chr02	HAP2_chr14	HAP2	HAP2	2	14	51324	217312	223	268413	0.999169
chr02x14	43250001	43500000	HAP1_chr02	HAP1_chr14	HAP1	HAP1	2	14	106439	238517	504	344452	0.998537
chr02x14	43250001	43500000	HAP1_chr02	HAP2_chr14	HAP1	HAP2	2	14	106439	231424	309	337554	0.999085
chr02x14	43250001	43500000	HAP1_chr14	HAP2_chr02	HAP1	HAP2	14	2	238517	36691	139	275069	0.999495
chr02x14	43250001	43500000	HAP2_chr02	HAP2_chr14	HAP2	HAP2	2	14	36691	231424	120	267995	0.999552
chr02x14	43500001	43750000	HAP1_chr02	HAP1_chr14	HAP1	HAP1	2	14	132584	231242	2556	361270	0.992925
chr02x14	43500001	43750000	HAP1_chr02	HAP2_chr14	HAP1	HAP2	2	14	132584	232776	1561	363799	0.995709
chr02x14	43500001	43750000	HAP1_chr14	HAP2_chr02	HAP1	HAP2	14	2	231242	44125	593	274774	0.997842
chr02x14	43500001	43750000	HAP2_chr02	HAP2_chr14	HAP2	HAP2	2	14	44125	232776	265	276636	0.999042
chr02x14	43750001	44000000	HAP1_chr02	HAP1_chr14	HAP1	HAP1	2	14	82773	214477	4118	293132	0.985952
chr02x14	43750001	44000000	HAP1_chr02	HAP2_chr14	HAP1	HAP2	2	14	82773	231630	1215	313188	0.996121
chr02x14	43750001	44000000	HAP1_chr14	HAP2_chr02	HAP1	HAP2	14	2	214477	87621	1725	300373	0.994257
chr02x14	43750001	44000000	HAP2_chr02	HAP2_chr14	HAP2	HAP2	2	14	87621	231630	2572	316679	0.991878
chr02x14	44000001	44250000	HAP1_chr02	HAP1_chr14	HAP1	HAP1	2	14	45243	216640	815	261068	0.996878
chr02x14	44000001	44250000	HAP1_chr02	HAP2_chr14	HAP1	HAP2	2	14	45243	232945	2937	275251	0.989330
chr02x14	44000001	44250000	HAP1_chr14	HAP2_chr02	HAP1	HAP2	14	2	216640	231490	1949	446181	0.995632
chr02x14	44000001	44250000	HAP2_chr02	HAP2_chr14	HAP2	HAP2	2	14	231490	232945	3663	460772	0.992050
chr02x14	44250001	44500000	HAP1_chr02	HAP1_chr14	HAP1	HAP1	2	14	43701	208909	1446	251164	0.994243
chr02x14	44250001	44500000	HAP1_chr02	HAP2_chr14	HAP1	HAP2	2	14	43701	241012	166	284547	0.999417
chr02x14	44250001	44500000	HAP1_chr14	HAP2_chr02	HAP1	HAP2	14	2	208909	201842	6320	404431	0.984373
chr02x14	44250001	44500000	HAP2_chr02	HAP2_chr14	HAP2	HAP2	2	14	201842	241012	2883	439971	0.993447
chr02x14	44500001	44750000	HAP1_chr02	HAP1_chr14	HAP1	HAP1	2	14	48066	180985	284	228767	0.998759
chr02x14	44500001	44750000	HAP1_chr02	HAP2_chr14	HAP1	HAP2	2	14	48066	230515	594	277987	0.997863
chr02x14	44500001	44750000	HAP1_chr14	HAP2_chr02	HAP1	HAP2	14	2	180985	211937	2355	390567	0.993970
chr02x14	44500001	44750000	HAP2_chr02	HAP2_chr14	HAP2	HAP2	2	14	211937	230515	3297	439155	0.992492
chr02x14	44750001	45000000	HAP1_chr02	HAP1_chr14	HAP1	HAP1	2	14	48205	235316	196	283325	0.999308
chr02x14	44750001	45000000	HAP1_chr02	HAP2_chr14	HAP1	HAP2	2	14	48205	201063	1965	247303	0.992054
chr02x14	44750001	45000000	HAP1_chr14	HAP2_chr02	HAP1	HAP2	14	2	235316	206854	7914	434256	0.981776
chr02x14	44750001	45000000	HAP2_chr02	HAP2_chr14	HAP2	HAP2	2	14	206854	201063	4647	403270	0.988477
chr02x14	45000001	45250000	HAP1_chr02	HAP1_chr14	HAP1	HAP1	2	14	33979	224856	718	258117	0.997218
chr02x14	45000001	45250000	HAP1_chr02	HAP2_chr14	HAP1	HAP2	2	14	33979	215425	3874	245530	0.984222
chr02x14	45000001	45250000	HAP1_chr14	HAP2_chr02	HAP1	HAP2	14	2	224856	195605	1467	418994	0.996499
chr02x14	45000001	45250000	HAP2_chr02	HAP2_chr14	HAP2	HAP2	2	14	195605	215425	3386	407644	0.991694
chr02x14	45250001	45500000	HAP1_chr02	HAP1_chr14	HAP1	HAP1	2	14	188239	226279	2684	411834	0.993483
chr02x14	45250001	45500000	HAP1_chr02	HAP2_chr14	HAP1	HAP2	2	14	188239	192859	2414	378684	0.993625
chr02x14	45250001	45500000	HAP1_chr14	HAP2_chr02	HAP1	HAP2	14	2	226279	227146	7208	446217	0.983846
chr02x14	45250001	45500000	HAP2_chr02	HAP2_chr14	HAP2	HAP2	2	14	227146	192859	11117	408888	0.972812
chr02x14	45500001	45750000	HAP1_chr02	HAP1_chr14	HAP1	HAP1	2	14	209317	226976	2911	433382	0.993283
chr02x14	45500001	45750000	HAP1_chr02	HAP2_chr14	HAP1	HAP2	2	14	209317	187620	2973	393964	0.992454
chr02x14	45500001	45750000	HAP1_chr14	HAP2_chr02	HAP1	HAP2	14	2	226976	203589	6631	423934	0.984358
chr02x14	45500001	45750000	HAP2_chr02	HAP2_chr14	HAP2	HAP2	2	14	203589	187620	5577	385632	0.985538
chr02x14	45750001	46000000	HAP1_chr02	HAP1_chr14	HAP1	HAP1	2	14	212447	220480	1760	431167	0.995918
chr02x14	45750001	46000000	HAP1_chr02	HAP2_chr14	HAP1	HAP2	2	14	212447	234980	2712	444715	0.993902
chr02x14	45750001	46000000	HAP1_chr14	HAP2_chr02	HAP1	HAP2	14	2	220480	209301	9031	420750	0.978536
chr02x14	45750001	46000000	HAP2_chr02	HAP2_chr14	HAP2	HAP2	2	14	209301	234980	7568	436713	0.982671
chr02x14	46000001	46250000	HAP1_chr02	HAP1_chr14	HAP1	HAP1	2	14	210496	218330	3930	424896	0.990751
chr02x14	46000001	46250000	HAP1_chr02	HAP2_chr14	HAP1	HAP2	2	14	210496	226017	8140	428373	0.980998
chr02x14	46000001	46250000	HAP1_chr14	HAP2_chr02	HAP1	HAP2	14	2	218330	220507	2672	436165	0.993874
chr02x14	46000001	46250000	HAP2_chr02	HAP2_chr14	HAP2	HAP2	2	14	220507	226017	4357	442167	0.990146
chr02x14	46250001	46500000	HAP1_chr02	HAP1_chr14	HAP1	HAP1	2	14	189372	226132	2200	413304	0.994677
chr02x14	46250001	46500000	HAP1_chr02	HAP2_chr14	HAP1	HAP2	2	14	189372	228341	4610	413103	0.988841
chr02x14	46250001	46500000	HAP1_chr14	HAP2_chr02	HAP1	HAP2	14	2	226132	228299	3225	451206	0.992852
chr02x14	46250001	46500000	HAP2_chr02	HAP2_chr14	HAP2	HAP2	2	14	228299	228341	6025	450615	0.986629
chr02x14	46500001	46750000	HAP1_chr02	HAP1_chr14	HAP1	HAP1	2	14	216773	239179	11776	444176	0.973488
chr02x14	46500001	46750000	HAP1_chr02	HAP2_chr14	HAP1	HAP2	2	14	216773	207619	1977	422415	0.995320
chr02x14	46500001	46750000	HAP1_chr14	HAP2_chr02	HAP1	HAP2	14	2	239179	216676	2563	453292	0.994346
chr02x14	46500001	46750000	HAP2_chr02	HAP2_chr14	HAP2	HAP2	2	14	216676	207619	4171	420124	0.990072
chr02x14	46750001	47000000	HAP1_chr02	HAP1_chr14	HAP1	HAP1	2	14	226960	213085	3839	436206	0.991199
chr02x14	46750001	47000000	HAP1_chr02	HAP2_chr14	HAP1	HAP2	2	14	226960	225000	6857	445103	0.984595
chr02x14	46750001	47000000	HAP1_chr14	HAP2_chr02	HAP1	HAP2	14	2	213085	222973	2759	433299	0.993633
chr02x14	46750001	47000000	HAP2_chr02	HAP2_chr14	HAP2	HAP2	2	14	222973	225000	2610	445363	0.994140
chr02x14	47000001	47250000	HAP1_chr02	HAP1_chr14	HAP1	HAP1	2	14	204203	238980	2556	440627	0.994199
chr02x14	47000001	47250000	HAP1_chr02	HAP2_chr14	HAP1	HAP2	2	14	204203	231032	3515	431720	0.991858
chr02x14	47000001	47250000	HAP1_chr14	HAP2_chr02	HAP1	HAP2	14	2	238980	213542	1783	450739	0.996044
chr02x14	47000001	47250000	HAP2_chr02	HAP2_chr14	HAP2	HAP2	2	14	213542	231032	2522	442052	0.994295
chr02x14	47250001	47500000	HAP1_chr02	HAP1_chr14	HAP1	HAP1	2	14	195609	238096	2045	431660	0.995262
chr02x14	47250001	47500000	HAP1_chr02	HAP2_chr14	HAP1	HAP2	2	14	195609	230017	3098	422528	0.992668
chr02x14	47250001	47500000	HAP1_chr14	HAP2_chr02	HAP1	HAP2	14	2	238096	196397	2441	432052	0.994350
chr02x14	47250001	47500000	HAP2_chr02	HAP2_chr14	HAP2	HAP2	2	14	196397	230017	3426	422988	0.991900
chr02x14	47500001	47750000	HAP1_chr02	HAP1_chr14	HAP1	HAP1	2	14	226574	229352	7477	448449	0.983327
chr02x14	47500001	47750000	HAP1_chr02	HAP2_chr14	HAP1	HAP2	2	14	226574	226982	3491	450065	0.992243
chr02x14	47500001	47750000	HAP1_chr14	HAP2_chr02	HAP1	HAP2	14	2	229352	214295	3496	440151	0.992057
chr02x14	47500001	47750000	HAP2_chr02	HAP2_chr14	HAP2	HAP2	2	14	214295	226982	4022	437255	0.990802
chr02x14	47750001	48000000	HAP1_chr02	HAP1_chr14	HAP1	HAP1	2	14	214247	237004	2468	448783	0.994501
chr02x14	47750001	48000000	HAP1_chr02	HAP2_chr14	HAP1	HAP2	2	14	214247	236534	1755	449026	0.996092
chr02x14	47750001	48000000	HAP1_chr14	HAP2_chr02	HAP1	HAP2	14	2	237004	205907	1808	441103	0.995901
chr02x14	47750001	48000000	HAP2_chr02	HAP2_chr14	HAP2	HAP2	2	14	205907	236534	2262	440179	0.994861
chr02x14	48000001	48250000	HAP1_chr02	HAP1_chr14	HAP1	HAP1	2	14	223781	234361	3268	454874	0.992816
chr02x14	48000001	48250000	HAP1_chr02	HAP2_chr14	HAP1	HAP2	2	14	223781	231385	2878	452288	0.993637
chr02x14	48000001	48250000	HAP1_chr14	HAP2_chr02	HAP1	HAP2	14	2	234361	231733	2104	463990	0.995465
chr02x14	48000001	48250000	HAP2_chr02	HAP2_chr14	HAP2	HAP2	2	14	231733	231385	4337	458781	0.990547
chr02x14	48250001	48500000	HAP1_chr02	HAP1_chr14	HAP1	HAP1	2	14	202160	233956	2383	433733	0.994506
chr02x14	48250001	48500000	HAP1_chr02	HAP2_chr14	HAP1	HAP2	2	14	202160	231710	907	432963	0.997905
chr02x14	48250001	48500000	HAP1_chr14	HAP2_chr02	HAP1	HAP2	14	2	233956	226327	2354	457929	0.994859
chr02x14	48250001	48500000	HAP2_chr02	HAP2_chr14	HAP2	HAP2	2	14	226327	231710	5053	452984	0.988845
chr02x14	48500001	48750000	HAP1_chr02	HAP1_chr14	HAP1	HAP1	2	14	193695	239617	1619	431693	0.996250
chr02x14	48500001	48750000	HAP1_chr02	HAP2_chr14	HAP1	HAP2	2	14	193695	235992	2401	427286	0.994381
chr02x14	48500001	48750000	HAP1_chr14	HAP2_chr02	HAP1	HAP2	14	2	239617	196693	715	435595	0.998359
chr02x14	48500001	48750000	HAP2_chr02	HAP2_chr14	HAP2	HAP2	2	14	196693	235992	1715	430970	0.996021
chr02x14	48750001	49000000	HAP1_chr02	HAP1_chr14	HAP1	HAP1	2	14	221356	223719	2987	442088	0.993243
chr02x14	48750001	49000000	HAP1_chr02	HAP2_chr14	HAP1	HAP2	2	14	221356	239253	5051	455558	0.988912
chr02x14	48750001	49000000	HAP1_chr14	HAP2_chr02	HAP1	HAP2	14	2	223719	198584	1717	420586	0.995918
chr02x14	48750001	49000000	HAP2_chr02	HAP2_chr14	HAP2	HAP2	2	14	198584	239253	951	436886	0.997823
chr02x14	49000001	49250000	HAP1_chr02	HAP1_chr14	HAP1	HAP1	2	14	208847	226882	6502	429227	0.984852
chr02x14	49000001	49250000	HAP1_chr02	HAP2_chr14	HAP1	HAP2	2	14	208847	241678	3043	447482	0.993200
chr02x14	49000001	49250000	HAP1_chr14	HAP2_chr02	HAP1	HAP2	14	2	226882	222146	4121	444907	0.990737
chr02x14	49000001	49250000	HAP2_chr02	HAP2_chr14	HAP2	HAP2	2	14	222146	241678	1579	462245	0.996584
chr02x14	49250001	49500000	HAP1_chr02	HAP1_chr14	HAP1	HAP1	2	14	223252	218783	6117	435918	0.985968
chr02x14	49250001	49500000	HAP1_chr02	HAP2_chr14	HAP1	HAP2	2	14	223252	234512	3974	453790	0.991243
chr02x14	49250001	49500000	HAP1_chr14	HAP2_chr02	HAP1	HAP2	14	2	218783	196530	7390	407923	0.981884
chr02x14	49250001	49500000	HAP2_chr02	HAP2_chr14	HAP2	HAP2	2	14	196530	234512	2891	428151	0.993248
chr02x14	49500001	49750000	HAP1_chr02	HAP1_chr14	HAP1	HAP1	2	14	209600	229816	5904	433512	0.986381
chr02x14	49500001	49750000	HAP1_chr02	HAP2_chr14	HAP1	HAP2	2	14	209600	236090	5361	440329	0.987825
chr02x14	49500001	49750000	HAP1_chr14	HAP2_chr02	HAP1	HAP2	14	2	229816	235404	4440	460780	0.990364
chr02x14	49500001	49750000	HAP2_chr02	HAP2_chr14	HAP2	HAP2	2	14	235404	236090	3055	468439	0.993478
chr02x14	49750001	50000000	HAP1_chr02	HAP1_chr14	HAP1	HAP1	2	14	215952	236536	1356	451132	0.996994
chr02x14	49750001	50000000	HAP1_chr02	HAP2_chr14	HAP1	HAP2	2	14	215952	225196	2702	438446	0.993837
chr02x14	49750001	50000000	HAP1_chr14	HAP2_chr02	HAP1	HAP2	14	2	236536	203583	2585	437534	0.994092
chr02x14	49750001	50000000	HAP2_chr02	HAP2_chr14	HAP2	HAP2	2	14	203583	225196	2144	426635	0.994975
chr02x14	50000001	50250000	HAP1_chr02	HAP1_chr14	HAP1	HAP1	2	14	206664	236674	2289	441049	0.994810
chr02x14	50000001	50250000	HAP1_chr02	HAP2_chr14	HAP1	HAP2	2	14	206664	214595	4965	416294	0.988073
chr02x14	50000001	50250000	HAP1_chr14	HAP2_chr02	HAP1	HAP2	14	2	236674	219930	1580	455024	0.996528
chr02x14	50000001	50250000	HAP2_chr02	HAP2_chr14	HAP2	HAP2	2	14	219930	214595	5618	428907	0.986902
chr02x14	50250001	50500000	HAP1_chr02	HAP1_chr14	HAP1	HAP1	2	14	202469	242148	1304	443313	0.997059
chr02x14	50250001	50500000	HAP1_chr02	HAP2_chr14	HAP1	HAP2	2	14	202469	228088	2195	428362	0.994876
chr02x14	50250001	50500000	HAP1_chr14	HAP2_chr02	HAP1	HAP2	14	2	242148	211753	876	453025	0.998066
chr02x14	50250001	50500000	HAP2_chr02	HAP2_chr14	HAP2	HAP2	2	14	211753	228088	1750	438091	0.996005
chr02x14	50500001	50750000	HAP1_chr02	HAP1_chr14	HAP1	HAP1	2	14	203192	233840	3153	433879	0.992733
chr02x14	50500001	50750000	HAP1_chr02	HAP2_chr14	HAP1	HAP2	2	14	203192	231391	2069	432514	0.995216
chr02x14	50500001	50750000	HAP1_chr14	HAP2_chr02	HAP1	HAP2	14	2	233840	218686	3724	448802	0.991702
chr02x14	50500001	50750000	HAP2_chr02	HAP2_chr14	HAP2	HAP2	2	14	218686	231391	1287	448790	0.997132
chr02x14	50750001	51000000	HAP1_chr02	HAP1_chr14	HAP1	HAP1	2	14	231347	219673	4003	447017	0.991045
chr02x14	50750001	51000000	HAP1_chr02	HAP2_chr14	HAP1	HAP2	2	14	231347	237527	5528	463346	0.988069
chr02x14	50750001	51000000	HAP1_chr14	HAP2_chr02	HAP1	HAP2	14	2	219673	215390	3475	431588	0.991948
chr02x14	50750001	51000000	HAP2_chr02	HAP2_chr14	HAP2	HAP2	2	14	215390	237527	1897	451020	0.995794
chr02x14	51000001	51250000	HAP1_chr02	HAP1_chr14	HAP1	HAP1	2	14	213744	241253	2276	452721	0.994973
chr02x14	51000001	51250000	HAP1_chr02	HAP2_chr14	HAP1	HAP2	2	14	213744	237267	2644	448367	0.994103
chr02x14	51000001	51250000	HAP1_chr14	HAP2_chr02	HAP1	HAP2	14	2	241253	222808	3762	460299	0.991827
chr02x14	51000001	51250000	HAP2_chr02	HAP2_chr14	HAP2	HAP2	2	14	222808	237267	2326	457749	0.994919
chr02x14	51250001	51500000	HAP1_chr02	HAP1_chr14	HAP1	HAP1	2	14	211490	226654	2818	435326	0.993527
chr02x14	51250001	51500000	HAP1_chr02	HAP2_chr14	HAP1	HAP2	2	14	211490	241519	1197	451812	0.997351
chr02x14	51250001	51500000	HAP1_chr14	HAP2_chr02	HAP1	HAP2	14	2	226654	205817	2152	430319	0.994999
chr02x14	51250001	51500000	HAP2_chr02	HAP2_chr14	HAP2	HAP2	2	14	205817	241519	818	446518	0.998168
chr02x14	51500001	51750000	HAP1_chr02	HAP1_chr14	HAP1	HAP1	2	14	221354	226399	3050	444703	0.993141
chr02x14	51500001	51750000	HAP1_chr02	HAP2_chr14	HAP1	HAP2	2	14	221354	219116	4414	436056	0.989877
chr02x14	51500001	51750000	HAP1_chr14	HAP2_chr02	HAP1	HAP2	14	2	226399	210008	5232	431175	0.987866
chr02x14	51500001	51750000	HAP2_chr02	HAP2_chr14	HAP2	HAP2	2	14	210008	219116	7459	421665	0.982311
chr02x14	51750001	52000000	HAP1_chr02	HAP1_chr14	HAP1	HAP1	2	14	204954	239776	955	443775	0.997848
chr02x14	51750001	52000000	HAP1_chr02	HAP2_chr14	HAP1	HAP2	2	14	204954	224593	3221	426326	0.992445
chr02x14	51750001	52000000	HAP1_chr14	HAP2_chr02	HAP1	HAP2	14	2	239776	220586	1199	459163	0.997389
chr02x14	51750001	52000000	HAP2_chr02	HAP2_chr14	HAP2	HAP2	2	14	220586	224593	4448	440731	0.989908
chr02x14	52000001	52250000	HAP1_chr02	HAP1_chr14	HAP1	HAP1	2	14	218984	224226	3709	439501	0.991561
chr02x14	52000001	52250000	HAP1_chr02	HAP2_chr14	HAP1	HAP2	2	14	218984	241630	1414	459200	0.996921
chr02x14	52000001	52250000	HAP1_chr14	HAP2_chr02	HAP1	HAP2	14	2	224226	225170	2801	446595	0.993728
chr02x14	52000001	52250000	HAP2_chr02	HAP2_chr14	HAP2	HAP2	2	14	225170	241630	1621	465179	0.996515
chr02x14	52250001	52500000	HAP1_chr02	HAP1_chr14	HAP1	HAP1	2	14	220664	229168	3739	446093	0.991618
chr02x14	52250001	52500000	HAP1_chr02	HAP2_chr14	HAP1	HAP2	2	14	220664	227613	1479	446798	0.996690
chr02x14	52250001	52500000	HAP1_chr14	HAP2_chr02	HAP1	HAP2	14	2	229168	215857	1229	443796	0.997231
chr02x14	52250001	52500000	HAP2_chr02	HAP2_chr14	HAP2	HAP2	2	14	215857	227613	4417	439053	0.989940
chr02x14	52500001	52750000	HAP1_chr02	HAP1_chr14	HAP1	HAP1	2	14	213095	204321	4067	413349	0.990161
chr02x14	52500001	52750000	HAP1_chr02	HAP2_chr14	HAP1	HAP2	2	14	213095	224637	1935	435797	0.995560
chr02x14	52500001	52750000	HAP1_chr14	HAP2_chr02	HAP1	HAP2	14	2	204321	189951	2488	391784	0.993650
chr02x14	52500001	52750000	HAP2_chr02	HAP2_chr14	HAP2	HAP2	2	14	189951	224637	2444	412144	0.994070
chr02x14	52750001	53000000	HAP1_chr02	HAP1_chr14	HAP1	HAP1	2	14	194223	230283	1099	423407	0.997404
chr02x14	52750001	53000000	HAP1_chr02	HAP2_chr14	HAP1	HAP2	2	14	194223	229448	1655	422016	0.996078
chr02x14	52750001	53000000	HAP1_chr14	HAP2_chr02	HAP1	HAP2	14	2	230283	209186	5086	434383	0.988291
chr02x14	52750001	53000000	HAP2_chr02	HAP2_chr14	HAP2	HAP2	2	14	209186	229448	1641	436993	0.996245
chr02x14	53000001	53250000	HAP1_chr02	HAP1_chr14	HAP1	HAP1	2	14	220546	222282	2332	440496	0.994706
chr02x14	53000001	53250000	HAP1_chr02	HAP2_chr14	HAP1	HAP2	2	14	220546	226201	11645	435102	0.973236
chr02x14	53000001	53250000	HAP1_chr14	HAP2_chr02	HAP1	HAP2	14	2	222282	110430	1468	331244	0.995568
chr02x14	53000001	53250000	HAP2_chr02	HAP2_chr14	HAP2	HAP2	2	14	110430	226201	2092	334539	0.993747
chr02x14	53250001	53500000	HAP1_chr02	HAP1_chr14	HAP1	HAP1	2	14	222162	234655	1154	455663	0.997467
chr02x14	53250001	53500000	HAP1_chr02	HAP2_chr14	HAP1	HAP2	2	14	222162	227501	4472	445191	0.989955
chr02x14	53250001	53500000	HAP1_chr14	HAP2_chr02	HAP1	HAP2	14	2	234655	68713	474	302894	0.998435
chr02x14	53250001	53500000	HAP2_chr02	HAP2_chr14	HAP2	HAP2	2	14	68713	227501	214	296000	0.999277
chr02x14	53500001	53750000	HAP1_chr02	HAP1_chr14	HAP1	HAP1	2	14	221074	212469	935	432608	0.997839
chr02x14	53500001	53750000	HAP1_chr02	HAP2_chr14	HAP1	HAP2	2	14	221074	199414	3790	416698	0.990905
chr02x14	53500001	53750000	HAP1_chr14	HAP2_chr02	HAP1	HAP2	14	2	212469	159233	1523	370179	0.995886
chr02x14	53500001	53750000	HAP2_chr02	HAP2_chr14	HAP2	HAP2	2	14	159233	199414	2042	356605	0.994274
chr02x14	53750001	54000000	HAP1_chr02	HAP1_chr14	HAP1	HAP1	2	14	200828	239391	845	439374	0.998077
chr02x14	53750001	54000000	HAP1_chr02	HAP2_chr14	HAP1	HAP2	2	14	200828	240660	4330	437158	0.990095
chr02x14	53750001	54000000	HAP1_chr14	HAP2_chr02	HAP1	HAP2	14	2	239391	199031	821	437601	0.998124
chr02x14	53750001	54000000	HAP2_chr02	HAP2_chr14	HAP2	HAP2	2	14	199031	240660	881	438810	0.997992
chr02x14	54000001	54250000	HAP1_chr02	HAP1_chr14	HAP1	HAP1	2	14	188983	239406	1151	427238	0.997306
chr02x14	54000001	54250000	HAP1_chr02	HAP2_chr14	HAP1	HAP2	2	14	188983	222562	2932	408613	0.992825
chr02x14	54000001	54250000	HAP1_chr14	HAP2_chr02	HAP1	HAP2	14	2	239406	220108	1256	458258	0.997259
chr02x14	54000001	54250000	HAP2_chr02	HAP2_chr14	HAP2	HAP2	2	14	220108	222562	3198	439472	0.992723
chr02x14	54250001	54500000	HAP1_chr02	HAP1_chr14	HAP1	HAP1	2	14	169293	232151	2611	398833	0.993453
chr02x14	54250001	54500000	HAP1_chr02	HAP2_chr14	HAP1	HAP2	2	14	169293	229163	1319	397137	0.996679
chr02x14	54250001	54500000	HAP1_chr14	HAP2_chr02	HAP1	HAP2	14	2	232151	180223	3594	408780	0.991208
chr02x14	54250001	54500000	HAP2_chr02	HAP2_chr14	HAP2	HAP2	2	14	180223	229163	963	408423	0.997642
chr02x14	54500001	54750000	HAP1_chr02	HAP1_chr14	HAP1	HAP1	2	14	71135	233587	1008	303714	0.996681
chr02x14	54500001	54750000	HAP1_chr02	HAP2_chr14	HAP1	HAP2	2	14	71135	223740	415	294460	0.998591
chr02x14	54500001	54750000	HAP1_chr14	HAP2_chr02	HAP1	HAP2	14	2	233587	33789	414	266962	0.998449
chr02x14	54500001	54750000	HAP2_chr02	HAP2_chr14	HAP2	HAP2	2	14	33789	223740	120	257409	0.999534
chr02x14	54750001	55000000	HAP1_chr02	HAP1_chr14	HAP1	HAP1	2	14	83351	227344	337	310358	0.998914
chr02x14	54750001	55000000	HAP1_chr02	HAP2_chr14	HAP1	HAP2	2	14	83351	239240	272	322319	0.999156
chr02x14	54750001	55000000	HAP1_chr14	HAP2_chr02	HAP1	HAP2	14	2	227344	59675	356	286663	0.998758
chr02x14	54750001	55000000	HAP2_chr02	HAP2_chr14	HAP2	HAP2	2	14	59675	239240	326	298589	0.998908
chr02x14	55000001	55250000	HAP1_chr02	HAP1_chr14	HAP1	HAP1	2	14	176819	219929	2132	394616	0.994597
chr02x14	55000001	55250000	HAP1_chr02	HAP2_chr14	HAP1	HAP2	2	14	176819	238478	2717	412580	0.993415
chr02x14	55000001	55250000	HAP1_chr14	HAP2_chr02	HAP1	HAP2	14	2	219929	190376	2322	407983	0.994309
chr02x14	55000001	55250000	HAP2_chr02	HAP2_chr14	HAP2	HAP2	2	14	190376	238478	2856	425998	0.993296
chr02x14	55250001	55500000	HAP1_chr02	HAP1_chr14	HAP1	HAP1	2	14	193368	224897	4182	414083	0.989901
chr02x14	55250001	55500000	HAP1_chr02	HAP2_chr14	HAP1	HAP2	2	14	193368	234372	1171	426569	0.997255
chr02x14	55250001	55500000	HAP1_chr14	HAP2_chr02	HAP1	HAP2	14	2	224897	220426	2469	442854	0.994425
chr02x14	55250001	55500000	HAP2_chr02	HAP2_chr14	HAP2	HAP2	2	14	220426	234372	1681	453117	0.996290
chr02x14	55500001	55750000	HAP1_chr02	HAP1_chr14	HAP1	HAP1	2	14	216192	237855	1330	452717	0.997062
chr02x14	55500001	55750000	HAP1_chr02	HAP2_chr14	HAP1	HAP2	2	14	216192	233133	2295	447030	0.994866
chr02x14	55500001	55750000	HAP1_chr14	HAP2_chr02	HAP1	HAP2	14	2	237855	225308	1470	461693	0.996816
chr02x14	55500001	55750000	HAP2_chr02	HAP2_chr14	HAP2	HAP2	2	14	225308	233133	2301	456140	0.994955
chr02x14	55750001	56000000	HAP1_chr02	HAP1_chr14	HAP1	HAP1	2	14	167954	219352	1210	386096	0.996866
chr02x14	55750001	56000000	HAP1_chr02	HAP2_chr14	HAP1	HAP2	2	14	167954	229237	764	396427	0.998073
chr02x14	55750001	56000000	HAP1_chr14	HAP2_chr02	HAP1	HAP2	14	2	219352	220184	1249	438287	0.997150
chr02x14	55750001	56000000	HAP2_chr02	HAP2_chr14	HAP2	HAP2	2	14	220184	229237	1292	448129	0.997117
chr02x14	56000001	56250000	HAP1_chr02	HAP1_chr14	HAP1	HAP1	2	14	33370	236149	144	269375	0.999465
chr02x14	56000001	56250000	HAP1_chr02	HAP2_chr14	HAP1	HAP2	2	14	33370	211561	114	244817	0.999534
chr02x14	56000001	56250000	HAP1_chr14	HAP2_chr02	HAP1	HAP2	14	2	236149	230798	3071	463876	0.993380
chr02x14	56000001	56250000	HAP2_chr02	HAP2_chr14	HAP2	HAP2	2	14	230798	211561	1064	441295	0.997589
chr02x14	56250001	56500000	HAP1_chr02	HAP1_chr14	HAP1	HAP1	2	14	85217	240771	921	325067	0.997167
chr02x14	56250001	56500000	HAP1_chr02	HAP2_chr14	HAP1	HAP2	2	14	85217	226146	875	310488	0.997182
chr02x14	56250001	56500000	HAP1_chr14	HAP2_chr02	HAP1	HAP2	14	2	240771	231381	3411	468741	0.992723
chr02x14	56250001	56500000	HAP2_chr02	HAP2_chr14	HAP2	HAP2	2	14	231381	226146	3227	454300	0.992897
chr02x14	56500001	56750000	HAP1_chr02	HAP1_chr14	HAP1	HAP1	2	14	191079	216353	2153	405279	0.994688
chr02x14	56500001	56750000	HAP1_chr02	HAP2_chr14	HAP1	HAP2	2	14	191079	237610	2296	426393	0.994615
chr02x14	56500001	56750000	HAP1_chr14	HAP2_chr02	HAP1	HAP2	14	2	216353	211936	2727	425562	0.993592
chr02x14	56500001	56750000	HAP2_chr02	HAP2_chr14	HAP2	HAP2	2	14	211936	237610	1416	448130	0.996840
chr02x14	56750001	57000000	HAP1_chr02	HAP1_chr14	HAP1	HAP1	2	14	221672	235514	1268	455918	0.997219
chr02x14	56750001	57000000	HAP1_chr02	HAP2_chr14	HAP1	HAP2	2	14	221672	221237	1673	441236	0.996208
chr02x14	56750001	57000000	HAP1_chr14	HAP2_chr02	HAP1	HAP2	14	2	235514	216562	1405	450671	0.996882
chr02x14	56750001	57000000	HAP2_chr02	HAP2_chr14	HAP2	HAP2	2	14	216562	221237	2046	435753	0.995305
chr02x14	57000001	57250000	HAP1_chr02	HAP1_chr14	HAP1	HAP1	2	14	219915	221693	1640	439968	0.996272
chr02x14	57000001	57250000	HAP1_chr02	HAP2_chr14	HAP1	HAP2	2	14	219915	236273	2835	453353	0.993747
chr02x14	57000001	57250000	HAP1_chr14	HAP2_chr02	HAP1	HAP2	14	2	221693	224759	1509	444943	0.996609
chr02x14	57000001	57250000	HAP2_chr02	HAP2_chr14	HAP2	HAP2	2	14	224759	236273	3634	457398	0.992055
chr02x14	57250001	57500000	HAP1_chr02	HAP1_chr14	HAP1	HAP1	2	14	224238	210100	1967	432371	0.995451
chr02x14	57250001	57500000	HAP1_chr02	HAP2_chr14	HAP1	HAP2	2	14	224238	240800	1422	463616	0.996933
chr02x14	57250001	57500000	HAP1_chr14	HAP2_chr02	HAP1	HAP2	14	2	210100	209855	3051	416904	0.992682
chr02x14	57250001	57500000	HAP2_chr02	HAP2_chr14	HAP2	HAP2	2	14	209855	240800	1242	449413	0.997236
chr02x14	57500001	57727566	HAP1_chr02	HAP1_chr14	HAP1	HAP1	2	14	209482	81173	2814	287841	0.990224
chr02x14	57500001	57727566	HAP1_chr02	HAP2_chr14	HAP1	HAP2	2	14	209482	194339	2322	401499	0.994217
chr02x14	57500001	57727566	HAP1_chr14	HAP2_chr02	HAP1	HAP2	14	2	81173	200616	4007	277782	0.985575
chr02x14	57500001	57727566	HAP2_chr02	HAP2_chr14	HAP2	HAP2	2	14	200616	194339	2068	392887	0.994736
chr05x13	1	250000	HAP1_chr05	HAP1_chr13	HAP1	HAP1	5	13	139974	201454	16054	325374	0.950660
chr05x13	1	250000	HAP1_chr05	HAP2_chr13	HAP1	HAP2	5	13	139974	225077	5904	359147	0.983561
chr05x13	1	250000	HAP1_chr13	HAP2_chr05	HAP1	HAP2	13	5	201454	226832	1527	426759	0.996422
chr05x13	1	250000	HAP2_chr05	HAP2_chr13	HAP2	HAP2	5	13	226832	225077	56048	395861	0.858415
chr05x13	250001	500000	HAP1_chr05	HAP1_chr13	HAP1	HAP1	5	13	237769	226859	9979	454649	0.978051
chr05x13	250001	500000	HAP1_chr05	HAP2_chr13	HAP1	HAP2	5	13	237769	225115	2560	460324	0.994439
chr05x13	250001	500000	HAP1_chr13	HAP2_chr05	HAP1	HAP2	13	5	226859	234484	10635	450708	0.976404
chr05x13	250001	500000	HAP2_chr05	HAP2_chr13	HAP2	HAP2	5	13	234484	225115	72787	386812	0.811828
chr05x13	500001	750000	HAP1_chr05	HAP1_chr13	HAP1	HAP1	5	13	240473	181284	1055	420702	0.997492
chr05x13	500001	750000	HAP1_chr05	HAP2_chr13	HAP1	HAP2	5	13	240473	240146	1940	478679	0.995947
chr05x13	500001	750000	HAP1_chr13	HAP2_chr05	HAP1	HAP2	13	5	181284	235101	4584	411801	0.988868
chr05x13	500001	750000	HAP2_chr05	HAP2_chr13	HAP2	HAP2	5	13	235101	240146	56869	418378	0.864073
chr05x13	750001	1000000	HAP1_chr05	HAP1_chr13	HAP1	HAP1	5	13	234052	220983	4679	450356	0.989610
chr05x13	750001	1000000	HAP1_chr05	HAP2_chr13	HAP1	HAP2	5	13	234052	232328	3301	463079	0.992872
chr05x13	750001	1000000	HAP1_chr13	HAP2_chr05	HAP1	HAP2	13	5	220983	235745	2967	453761	0.993461
chr05x13	750001	1000000	HAP2_chr05	HAP2_chr13	HAP2	HAP2	5	13	235745	232328	101545	366528	0.722954
chr05x13	1000001	1250000	HAP1_chr05	HAP1_chr13	HAP1	HAP1	5	13	236377	238344	5045	469676	0.989259
chr05x13	1000001	1250000	HAP1_chr05	HAP2_chr13	HAP1	HAP2	5	13	236377	169531	3374	402534	0.991618
chr05x13	1000001	1250000	HAP1_chr13	HAP2_chr05	HAP1	HAP2	13	5	238344	234886	1944	471286	0.995875
chr05x13	1000001	1250000	HAP2_chr05	HAP2_chr13	HAP2	HAP2	5	13	234886	169531	72008	332409	0.783375
chr05x13	1250001	1500000	HAP1_chr05	HAP1_chr13	HAP1	HAP1	5	13	243499	224278	3072	464705	0.993389
chr05x13	1250001	1500000	HAP1_chr05	HAP2_chr13	HAP1	HAP2	5	13	243499	243128	1992	484635	0.995890
chr05x13	1250001	1500000	HAP1_chr13	HAP2_chr05	HAP1	HAP2	13	5	224278	226628	2691	448215	0.993996
chr05x13	1250001	1500000	HAP2_chr05	HAP2_chr13	HAP2	HAP2	5	13	226628	243128	82105	387651	0.788199
chr05x13	1500001	1750000	HAP1_chr05	HAP1_chr13	HAP1	HAP1	5	13	239141	224983	2048	462076	0.995568
chr05x13	1500001	1750000	HAP1_chr05	HAP2_chr13	HAP1	HAP2	5	13	239141	236248	2182	473207	0.995389
chr05x13	1500001	1750000	HAP1_chr13	HAP2_chr05	HAP1	HAP2	13	5	224983	232073	2244	454812	0.995066
chr05x13	1500001	1750000	HAP2_chr05	HAP2_chr13	HAP2	HAP2	5	13	232073	236248	76416	391905	0.805014
chr05x13	1750001	2000000	HAP1_chr05	HAP1_chr13	HAP1	HAP1	5	13	242457	216678	3063	456072	0.993284
chr05x13	1750001	2000000	HAP1_chr05	HAP2_chr13	HAP1	HAP2	5	13	242457	241112	3176	480393	0.993389
chr05x13	1750001	2000000	HAP1_chr13	HAP2_chr05	HAP1	HAP2	13	5	216678	240131	2905	453904	0.993600
chr05x13	1750001	2000000	HAP2_chr05	HAP2_chr13	HAP2	HAP2	5	13	240131	241112	73391	407852	0.820055
chr05x13	2000001	2250000	HAP1_chr05	HAP1_chr13	HAP1	HAP1	5	13	227623	222170	2124	447669	0.995255
chr05x13	2000001	2250000	HAP1_chr05	HAP2_chr13	HAP1	HAP2	5	13	227623	240324	2304	465643	0.995052
chr05x13	2000001	2250000	HAP1_chr13	HAP2_chr05	HAP1	HAP2	13	5	222170	237234	4524	454880	0.990055
chr05x13	2000001	2250000	HAP2_chr05	HAP2_chr13	HAP2	HAP2	5	13	237234	240324	74022	403536	0.816567
chr05x13	2250001	2500000	HAP1_chr05	HAP1_chr13	HAP1	HAP1	5	13	233165	206505	3685	435985	0.991548
chr05x13	2250001	2500000	HAP1_chr05	HAP2_chr13	HAP1	HAP2	5	13	233165	238926	5170	466921	0.988927
chr05x13	2250001	2500000	HAP1_chr13	HAP2_chr05	HAP1	HAP2	13	5	206505	231960	5516	432949	0.987259
chr05x13	2250001	2500000	HAP2_chr05	HAP2_chr13	HAP2	HAP2	5	13	231960	238926	55289	415597	0.866965
chr05x13	2500001	2750000	HAP1_chr05	HAP1_chr13	HAP1	HAP1	5	13	228294	195226	6524	416996	0.984355
chr05x13	2500001	2750000	HAP1_chr05	HAP2_chr13	HAP1	HAP2	5	13	228294	238234	3067	463461	0.993382
chr05x13	2500001	2750000	HAP1_chr13	HAP2_chr05	HAP1	HAP2	13	5	195226	241668	2124	434770	0.995115
chr05x13	2500001	2750000	HAP2_chr05	HAP2_chr13	HAP2	HAP2	5	13	241668	238234	41991	437911	0.904111
chr05x13	2750001	3000000	HAP1_chr05	HAP1_chr13	HAP1	HAP1	5	13	242949	230074	2006	471017	0.995741
chr05x13	2750001	3000000	HAP1_chr05	HAP2_chr13	HAP1	HAP2	5	13	242949	241745	3393	481301	0.992950
chr05x13	2750001	3000000	HAP1_chr13	HAP2_chr05	HAP1	HAP2	13	5	230074	230917	2337	458654	0.994905
chr05x13	2750001	3000000	HAP2_chr05	HAP2_chr13	HAP2	HAP2	5	13	230917	241745	35052	437610	0.919901
chr05x13	3000001	3250000	HAP1_chr05	HAP1_chr13	HAP1	HAP1	5	13	240525	230647	1705	469467	0.996368
chr05x13	3000001	3250000	HAP1_chr05	HAP2_chr13	HAP1	HAP2	5	13	240525	239855	2512	477868	0.994743
chr05x13	3000001	3250000	HAP1_chr13	HAP2_chr05	HAP1	HAP2	13	5	230647	231292	2765	459174	0.993978
chr05x13	3000001	3250000	HAP2_chr05	HAP2_chr13	HAP2	HAP2	5	13	231292	239855	32953	438194	0.924798
chr05x13	3250001	3500000	HAP1_chr05	HAP1_chr13	HAP1	HAP1	5	13	242320	215733	3045	455008	0.993308
chr05x13	3250001	3500000	HAP1_chr05	HAP2_chr13	HAP1	HAP2	5	13	242320	240199	2907	479612	0.993939
chr05x13	3250001	3500000	HAP1_chr13	HAP2_chr05	HAP1	HAP2	13	5	215733	214808	2942	427599	0.993120
chr05x13	3250001	3500000	HAP2_chr05	HAP2_chr13	HAP2	HAP2	5	13	214808	240199	3449	451558	0.992362
chr05x13	3500001	3750000	HAP1_chr05	HAP1_chr13	HAP1	HAP1	5	13	226993	214556	2748	438801	0.993737
chr05x13	3500001	3750000	HAP1_chr05	HAP2_chr13	HAP1	HAP2	5	13	226993	225806	1812	450987	0.995982
chr05x13	3500001	3750000	HAP1_chr13	HAP2_chr05	HAP1	HAP2	13	5	214556	233288	1908	445936	0.995721
chr05x13	3500001	3750000	HAP2_chr05	HAP2_chr13	HAP2	HAP2	5	13	233288	225806	3187	455907	0.993010
chr05x13	3750001	4000000	HAP1_chr05	HAP1_chr13	HAP1	HAP1	5	13	222723	215933	7155	431501	0.983418
chr05x13	3750001	4000000	HAP1_chr05	HAP2_chr13	HAP1	HAP2	5	13	222723	234997	1828	455892	0.995990
chr05x13	3750001	4000000	HAP1_chr13	HAP2_chr05	HAP1	HAP2	13	5	215933	238178	2152	451959	0.995239
chr05x13	3750001	4000000	HAP2_chr05	HAP2_chr13	HAP2	HAP2	5	13	238178	234997	2036	471139	0.995679
chr05x13	4000001	4250000	HAP1_chr05	HAP1_chr13	HAP1	HAP1	5	13	203926	191992	3927	391991	0.989982
chr05x13	4000001	4250000	HAP1_chr05	HAP2_chr13	HAP1	HAP2	5	13	203926	236976	2545	438357	0.994194
chr05x13	4000001	4250000	HAP1_chr13	HAP2_chr05	HAP1	HAP2	13	5	191992	236682	1115	427559	0.997392
chr05x13	4000001	4250000	HAP2_chr05	HAP2_chr13	HAP2	HAP2	5	13	236682	236976	2688	470970	0.994293
chr05x13	4250001	4500000	HAP1_chr05	HAP1_chr13	HAP1	HAP1	5	13	165619	221165	1303	385481	0.996620
chr05x13	4250001	4500000	HAP1_chr05	HAP2_chr13	HAP1	HAP2	5	13	165619	241325	3095	403849	0.992336
chr05x13	4250001	4500000	HAP1_chr13	HAP2_chr05	HAP1	HAP2	13	5	221165	216290	1370	436085	0.996858
chr05x13	4250001	4500000	HAP2_chr05	HAP2_chr13	HAP2	HAP2	5	13	216290	241325	2772	454843	0.993906
chr05x13	4500001	4750000	HAP1_chr05	HAP1_chr13	HAP1	HAP1	5	13	231333	211070	3525	438878	0.991968
chr05x13	4500001	4750000	HAP1_chr05	HAP2_chr13	HAP1	HAP2	5	13	231333	211528	2397	440464	0.994558
chr05x13	4500001	4750000	HAP1_chr13	HAP2_chr05	HAP1	HAP2	13	5	211070	229546	5269	435347	0.987897
chr05x13	4500001	4750000	HAP2_chr05	HAP2_chr13	HAP2	HAP2	5	13	229546	211528	3875	437199	0.991137
chr05x13	4750001	5000000	HAP1_chr05	HAP1_chr13	HAP1	HAP1	5	13	181650	215058	5540	391168	0.985837
chr05x13	4750001	5000000	HAP1_chr05	HAP2_chr13	HAP1	HAP2	5	13	181650	234074	2222	413502	0.994626
chr05x13	4750001	5000000	HAP1_chr13	HAP2_chr05	HAP1	HAP2	13	5	215058	234019	2713	446364	0.993922
chr05x13	4750001	5000000	HAP2_chr05	HAP2_chr13	HAP2	HAP2	5	13	234019	234074	9837	458256	0.978534
chr05x13	5000001	5250000	HAP1_chr05	HAP1_chr13	HAP1	HAP1	5	13	221374	191408	2899	409883	0.992927
chr05x13	5000001	5250000	HAP1_chr05	HAP2_chr13	HAP1	HAP2	5	13	221374	224202	4474	441102	0.989857
chr05x13	5000001	5250000	HAP1_chr13	HAP2_chr05	HAP1	HAP2	13	5	191408	239969	1218	430159	0.997168
chr05x13	5000001	5250000	HAP2_chr05	HAP2_chr13	HAP2	HAP2	5	13	239969	224202	3070	461101	0.993342
chr05x13	5250001	5500000	HAP1_chr05	HAP1_chr13	HAP1	HAP1	5	13	240549	231446	1811	470184	0.996148
chr05x13	5250001	5500000	HAP1_chr05	HAP2_chr13	HAP1	HAP2	5	13	240549	229792	3709	466632	0.992052
chr05x13	5250001	5500000	HAP1_chr13	HAP2_chr05	HAP1	HAP2	13	5	231446	233275	4888	459833	0.989370
chr05x13	5250001	5500000	HAP2_chr05	HAP2_chr13	HAP2	HAP2	5	13	233275	229792	7366	455701	0.983836
chr05x13	5500001	5750000	HAP1_chr05	HAP1_chr13	HAP1	HAP1	5	13	225547	229165	5172	449540	0.988495
chr05x13	5500001	5750000	HAP1_chr05	HAP2_chr13	HAP1	HAP2	5	13	225547	239938	3997	461488	0.991339
chr05x13	5500001	5750000	HAP1_chr13	HAP2_chr05	HAP1	HAP2	13	5	229165	233583	3150	459598	0.993146
chr05x13	5500001	5750000	HAP2_chr05	HAP2_chr13	HAP2	HAP2	5	13	233583	239938	5692	467829	0.987833
chr05x13	5750001	6000000	HAP1_chr05	HAP1_chr13	HAP1	HAP1	5	13	230874	209362	4191	436045	0.990389
chr05x13	5750001	6000000	HAP1_chr05	HAP2_chr13	HAP1	HAP2	5	13	230874	211532	3077	439329	0.992996
chr05x13	5750001	6000000	HAP1_chr13	HAP2_chr05	HAP1	HAP2	13	5	209362	240104	1589	447877	0.996452
chr05x13	5750001	6000000	HAP2_chr05	HAP2_chr13	HAP2	HAP2	5	13	240104	211532	2465	449171	0.994512
chr05x13	6000001	6250000	HAP1_chr05	HAP1_chr13	HAP1	HAP1	5	13	227525	216655	3396	440784	0.992296
chr05x13	6000001	6250000	HAP1_chr05	HAP2_chr13	HAP1	HAP2	5	13	227525	242096	8126	461495	0.982392
chr05x13	6000001	6250000	HAP1_chr13	HAP2_chr05	HAP1	HAP2	13	5	216655	242399	3260	455794	0.992848
chr05x13	6000001	6250000	HAP2_chr05	HAP2_chr13	HAP2	HAP2	5	13	242399	242096	4139	480356	0.991383
chr05x13	6250001	6500000	HAP1_chr05	HAP1_chr13	HAP1	HAP1	5	13	171919	195164	1398	365685	0.996177
chr05x13	6250001	6500000	HAP1_chr05	HAP2_chr13	HAP1	HAP2	5	13	171919	223396	5151	390164	0.986798
chr05x13	6250001	6500000	HAP1_chr13	HAP2_chr05	HAP1	HAP2	13	5	195164	223077	2684	415557	0.993541
chr05x13	6250001	6500000	HAP2_chr05	HAP2_chr13	HAP2	HAP2	5	13	223077	223396	6135	440338	0.986068
chr05x13	6500001	6750000	HAP1_chr05	HAP1_chr13	HAP1	HAP1	5	13	230223	198963	2750	426436	0.993551
chr05x13	6500001	6750000	HAP1_chr05	HAP2_chr13	HAP1	HAP2	5	13	230223	230411	3571	457063	0.992187
chr05x13	6500001	6750000	HAP1_chr13	HAP2_chr05	HAP1	HAP2	13	5	198963	238220	3901	433282	0.990997
chr05x13	6500001	6750000	HAP2_chr05	HAP2_chr13	HAP2	HAP2	5	13	238220	230411	2336	466295	0.994990
chr05x13	6750001	7000000	HAP1_chr05	HAP1_chr13	HAP1	HAP1	5	13	214396	215367	4064	425699	0.990453
chr05x13	6750001	7000000	HAP1_chr05	HAP2_chr13	HAP1	HAP2	5	13	214396	236556	4452	446500	0.990029
chr05x13	6750001	7000000	HAP1_chr13	HAP2_chr05	HAP1	HAP2	13	5	215367	232525	3976	443916	0.991043
chr05x13	6750001	7000000	HAP2_chr05	HAP2_chr13	HAP2	HAP2	5	13	232525	236556	2925	466156	0.993725
chr05x13	7000001	7250000	HAP1_chr05	HAP1_chr13	HAP1	HAP1	5	13	240440	229015	1581	467874	0.996621
chr05x13	7000001	7250000	HAP1_chr05	HAP2_chr13	HAP1	HAP2	5	13	240440	230420	2932	467928	0.993734
chr05x13	7000001	7250000	HAP1_chr13	HAP2_chr05	HAP1	HAP2	13	5	229015	237159	3158	463016	0.993180
chr05x13	7000001	7250000	HAP2_chr05	HAP2_chr13	HAP2	HAP2	5	13	237159	230420	4039	463540	0.991287
chr05x13	7250001	7500000	HAP1_chr05	HAP1_chr13	HAP1	HAP1	5	13	240603	213273	3448	450428	0.992345
chr05x13	7250001	7500000	HAP1_chr05	HAP2_chr13	HAP1	HAP2	5	13	240603	240380	2919	478064	0.993894
chr05x13	7250001	7500000	HAP1_chr13	HAP2_chr05	HAP1	HAP2	13	5	213273	228622	3599	438296	0.991789
chr05x13	7250001	7500000	HAP2_chr05	HAP2_chr13	HAP2	HAP2	5	13	228622	240380	3763	465239	0.991912
chr05x13	7500001	7750000	HAP1_chr05	HAP1_chr13	HAP1	HAP1	5	13	234472	210668	2602	442538	0.994120
chr05x13	7500001	7750000	HAP1_chr05	HAP2_chr13	HAP1	HAP2	5	13	234472	238962	3947	469487	0.991593
chr05x13	7500001	7750000	HAP1_chr13	HAP2_chr05	HAP1	HAP2	13	5	210668	203612	2067	412213	0.994986
chr05x13	7500001	7750000	HAP2_chr05	HAP2_chr13	HAP2	HAP2	5	13	203612	238962	2180	440394	0.995050
chr05x13	7750001	8000000	HAP1_chr05	HAP1_chr13	HAP1	HAP1	5	13	231126	200007	6403	424730	0.984925
chr05x13	7750001	8000000	HAP1_chr05	HAP2_chr13	HAP1	HAP2	5	13	231126	225468	4282	452312	0.990533
chr05x13	7750001	8000000	HAP1_chr13	HAP2_chr05	HAP1	HAP2	13	5	200007	231945	2179	429773	0.994930
chr05x13	7750001	8000000	HAP2_chr05	HAP2_chr13	HAP2	HAP2	5	13	231945	225468	4612	452801	0.989815
chr05x13	8000001	8250000	HAP1_chr05	HAP1_chr13	HAP1	HAP1	5	13	235082	229273	6222	458133	0.986419
chr05x13	8000001	8250000	HAP1_chr05	HAP2_chr13	HAP1	HAP2	5	13	235082	235308	2009	468381	0.995711
chr05x13	8000001	8250000	HAP1_chr13	HAP2_chr05	HAP1	HAP2	13	5	229273	236792	1984	464081	0.995725
chr05x13	8000001	8250000	HAP2_chr05	HAP2_chr13	HAP2	HAP2	5	13	236792	235308	2423	469677	0.994841
chr05x13	8250001	8500000	HAP1_chr05	HAP1_chr13	HAP1	HAP1	5	13	239946	223561	3291	460216	0.992849
chr05x13	8250001	8500000	HAP1_chr05	HAP2_chr13	HAP1	HAP2	5	13	239946	235531	2051	473426	0.995668
chr05x13	8250001	8500000	HAP1_chr13	HAP2_chr05	HAP1	HAP2	13	5	223561	223890	1958	445493	0.995605
chr05x13	8250001	8500000	HAP2_chr05	HAP2_chr13	HAP2	HAP2	5	13	223890	235531	4512	454909	0.990082
chr05x13	8500001	8750000	HAP1_chr05	HAP1_chr13	HAP1	HAP1	5	13	210639	203681	1913	412407	0.995361
chr05x13	8500001	8750000	HAP1_chr05	HAP2_chr13	HAP1	HAP2	5	13	210639	232182	3885	438936	0.991149
chr05x13	8500001	8750000	HAP1_chr13	HAP2_chr05	HAP1	HAP2	13	5	203681	226212	3279	426614	0.992314
chr05x13	8500001	8750000	HAP2_chr05	HAP2_chr13	HAP2	HAP2	5	13	226212	232182	6141	452253	0.986421
chr05x13	8750001	9000000	HAP1_chr05	HAP1_chr13	HAP1	HAP1	5	13	229828	193605	6286	417147	0.984931
chr05x13	8750001	9000000	HAP1_chr05	HAP2_chr13	HAP1	HAP2	5	13	229828	244370	2350	471848	0.995020
chr05x13	8750001	9000000	HAP1_chr13	HAP2_chr05	HAP1	HAP2	13	5	193605	233830	1870	425565	0.995606
chr05x13	8750001	9000000	HAP2_chr05	HAP2_chr13	HAP2	HAP2	5	13	233830	244370	2331	475869	0.995102
chr05x13	9000001	9250000	HAP1_chr05	HAP1_chr13	HAP1	HAP1	5	13	222358	200450	8552	414256	0.979356
chr05x13	9000001	9250000	HAP1_chr05	HAP2_chr13	HAP1	HAP2	5	13	222358	239786	4374	457770	0.990445
chr05x13	9000001	9250000	HAP1_chr13	HAP2_chr05	HAP1	HAP2	13	5	200450	239352	1920	437882	0.995615
chr05x13	9000001	9250000	HAP2_chr05	HAP2_chr13	HAP2	HAP2	5	13	239352	239786	2724	476414	0.994282
chr05x13	9250001	9500000	HAP1_chr05	HAP1_chr13	HAP1	HAP1	5	13	229123	222221	4642	446702	0.989608
chr05x13	9250001	9500000	HAP1_chr05	HAP2_chr13	HAP1	HAP2	5	13	229123	235304	2200	462227	0.995240
chr05x13	9250001	9500000	HAP1_chr13	HAP2_chr05	HAP1	HAP2	13	5	222221	237170	2506	456885	0.994515
chr05x13	9250001	9500000	HAP2_chr05	HAP2_chr13	HAP2	HAP2	5	13	237170	235304	2309	470165	0.995089
chr05x13	9500001	9750000	HAP1_chr05	HAP1_chr13	HAP1	HAP1	5	13	227422	209176	6680	429918	0.984462
chr05x13	9500001	9750000	HAP1_chr05	HAP2_chr13	HAP1	HAP2	5	13	227422	227736	2864	452294	0.993668
chr05x13	9500001	9750000	HAP1_chr13	HAP2_chr05	HAP1	HAP2	13	5	209176	229616	2528	436264	0.994205
chr05x13	9500001	9750000	HAP2_chr05	HAP2_chr13	HAP2	HAP2	5	13	229616	227736	2911	454441	0.993594
chr05x13	9750001	10000000	HAP1_chr05	HAP1_chr13	HAP1	HAP1	5	13	228018	192348	4982	415384	0.988006
chr05x13	9750001	10000000	HAP1_chr05	HAP2_chr13	HAP1	HAP2	5	13	228018	228061	6395	449684	0.985779
chr05x13	9750001	10000000	HAP1_chr13	HAP2_chr05	HAP1	HAP2	13	5	192348	222688	5560	409476	0.986422
chr05x13	9750001	10000000	HAP2_chr05	HAP2_chr13	HAP2	HAP2	5	13	222688	228061	8622	442127	0.980499
chr05x13	10000001	10250000	HAP1_chr05	HAP1_chr13	HAP1	HAP1	5	13	233926	205895	7356	432465	0.982991
chr05x13	10000001	10250000	HAP1_chr05	HAP2_chr13	HAP1	HAP2	5	13	233926	221163	6481	448608	0.985553
chr05x13	10000001	10250000	HAP1_chr13	HAP2_chr05	HAP1	HAP2	13	5	205895	243884	1456	448323	0.996752
chr05x13	10000001	10250000	HAP2_chr05	HAP2_chr13	HAP2	HAP2	5	13	243884	221163	1656	463391	0.996426
chr05x13	10250001	10500000	HAP1_chr05	HAP1_chr13	HAP1	HAP1	5	13	212605	158154	1270	369489	0.996563
chr05x13	10250001	10500000	HAP1_chr05	HAP2_chr13	HAP1	HAP2	5	13	212605	233063	5319	440349	0.987921
chr05x13	10250001	10500000	HAP1_chr13	HAP2_chr05	HAP1	HAP2	13	5	158154	232675	4830	385999	0.987487
chr05x13	10250001	10500000	HAP2_chr05	HAP2_chr13	HAP2	HAP2	5	13	232675	233063	2421	463317	0.994775
chr05x13	10500001	10750000	HAP1_chr05	HAP1_chr13	HAP1	HAP1	5	13	215656	174701	6144	384213	0.984009
chr05x13	10500001	10750000	HAP1_chr05	HAP2_chr13	HAP1	HAP2	5	13	215656	219963	1641	433978	0.996219
chr05x13	10500001	10750000	HAP1_chr13	HAP2_chr05	HAP1	HAP2	13	5	174701	234370	855	408216	0.997906
chr05x13	10500001	10750000	HAP2_chr05	HAP2_chr13	HAP2	HAP2	5	13	234370	219963	12817	441516	0.970970
chr05x13	10750001	11000000	HAP1_chr05	HAP1_chr13	HAP1	HAP1	5	13	235018	215994	5566	445446	0.987505
chr05x13	10750001	11000000	HAP1_chr05	HAP2_chr13	HAP1	HAP2	5	13	235018	235338	2563	467793	0.994521
chr05x13	10750001	11000000	HAP1_chr13	HAP2_chr05	HAP1	HAP2	13	5	215994	234082	1387	448689	0.996909
chr05x13	10750001	11000000	HAP2_chr05	HAP2_chr13	HAP2	HAP2	5	13	234082	235338	8437	460983	0.981698
chr05x13	11000001	11250000	HAP1_chr05	HAP1_chr13	HAP1	HAP1	5	13	230980	203883	2738	432125	0.993664
chr05x13	11000001	11250000	HAP1_chr05	HAP2_chr13	HAP1	HAP2	5	13	230980	237287	4548	463719	0.990192
chr05x13	11000001	11250000	HAP1_chr13	HAP2_chr05	HAP1	HAP2	13	5	203883	242309	1035	445157	0.997675
chr05x13	11000001	11250000	HAP2_chr05	HAP2_chr13	HAP2	HAP2	5	13	242309	237287	5859	473737	0.987632
chr05x13	11250001	11500000	HAP1_chr05	HAP1_chr13	HAP1	HAP1	5	13	216136	195236	6675	404697	0.983506
chr05x13	11250001	11500000	HAP1_chr05	HAP2_chr13	HAP1	HAP2	5	13	216136	220656	10984	425808	0.974204
chr05x13	11250001	11500000	HAP1_chr13	HAP2_chr05	HAP1	HAP2	13	5	195236	235516	1310	429442	0.996950
chr05x13	11250001	11500000	HAP2_chr05	HAP2_chr13	HAP2	HAP2	5	13	235516	220656	4256	451916	0.990582
chr05x13	11500001	11750000	HAP1_chr05	HAP1_chr13	HAP1	HAP1	5	13	222561	210514	8224	424851	0.980643
chr05x13	11500001	11750000	HAP1_chr05	HAP2_chr13	HAP1	HAP2	5	13	222561	242971	2296	463236	0.995044
chr05x13	11500001	11750000	HAP1_chr13	HAP2_chr05	HAP1	HAP2	13	5	210514	235179	2921	442772	0.993403
chr05x13	11500001	11750000	HAP2_chr05	HAP2_chr13	HAP2	HAP2	5	13	235179	242971	3272	474878	0.993110
chr05x13	11750001	12000000	HAP1_chr05	HAP1_chr13	HAP1	HAP1	5	13	208038	222263	5599	424702	0.986817
chr05x13	11750001	12000000	HAP1_chr05	HAP2_chr13	HAP1	HAP2	5	13	208038	229387	1807	435618	0.995852
chr05x13	11750001	12000000	HAP1_chr13	HAP2_chr05	HAP1	HAP2	13	5	222263	241976	1030	463209	0.997776
chr05x13	11750001	12000000	HAP2_chr05	HAP2_chr13	HAP2	HAP2	5	13	241976	229387	2696	468667	0.994248
chr05x13	12000001	12250000	HAP1_chr05	HAP1_chr13	HAP1	HAP1	5	13	187821	196053	8382	375492	0.977677
chr05x13	12000001	12250000	HAP1_chr05	HAP2_chr13	HAP1	HAP2	5	13	187821	242583	1730	428674	0.995964
chr05x13	12000001	12250000	HAP1_chr13	HAP2_chr05	HAP1	HAP2	13	5	196053	122286	7111	311228	0.977152
chr05x13	12000001	12250000	HAP2_chr05	HAP2_chr13	HAP2	HAP2	5	13	122286	242583	3150	361719	0.991292
chr05x13	12250001	12500000	HAP1_chr05	HAP1_chr13	HAP1	HAP1	5	13	216412	130106	7212	339306	0.978745
chr05x13	12250001	12500000	HAP1_chr05	HAP2_chr13	HAP1	HAP2	5	13	216412	241595	3436	454571	0.992441
chr05x13	12250001	12500000	HAP1_chr13	HAP2_chr05	HAP1	HAP2	13	5	130106	236198	351	365953	0.999041
chr05x13	12250001	12500000	HAP2_chr05	HAP2_chr13	HAP2	HAP2	5	13	236198	241595	8224	469569	0.982486
chr05x13	12500001	12750000	HAP1_chr05	HAP1_chr13	HAP1	HAP1	5	13	220411	137842	4286	353967	0.987892
chr05x13	12500001	12750000	HAP1_chr05	HAP2_chr13	HAP1	HAP2	5	13	220411	242834	1717	461528	0.996280
chr05x13	12500001	12750000	HAP1_chr13	HAP2_chr05	HAP1	HAP2	13	5	137842	232276	5361	364757	0.985303
chr05x13	12500001	12750000	HAP2_chr05	HAP2_chr13	HAP2	HAP2	5	13	232276	242834	2539	472571	0.994627
chr05x13	12750001	13000000	HAP1_chr05	HAP1_chr13	HAP1	HAP1	5	13	218547	148283	2848	363982	0.992175
chr05x13	12750001	13000000	HAP1_chr05	HAP2_chr13	HAP1	HAP2	5	13	218547	240431	2000	456978	0.995623
chr05x13	12750001	13000000	HAP1_chr13	HAP2_chr05	HAP1	HAP2	13	5	148283	242299	538	390044	0.998621
chr05x13	12750001	13000000	HAP2_chr05	HAP2_chr13	HAP2	HAP2	5	13	242299	240431	2526	480204	0.994740
chr05x13	13000001	13250000	HAP1_chr05	HAP1_chr13	HAP1	HAP1	5	13	159368	228350	2148	385570	0.994429
chr05x13	13000001	13250000	HAP1_chr05	HAP2_chr13	HAP1	HAP2	5	13	159368	229594	972	387990	0.997495
chr05x13	13000001	13250000	HAP1_chr13	HAP2_chr05	HAP1	HAP2	13	5	228350	228114	508	455956	0.998886
chr05x13	13000001	13250000	HAP2_chr05	HAP2_chr13	HAP2	HAP2	5	13	228114	229594	3473	454235	0.992354
chr05x13	13250001	13500000	HAP1_chr05	HAP1_chr13	HAP1	HAP1	5	13	201848	158253	381	359720	0.998941
chr05x13	13250001	13500000	HAP1_chr05	HAP2_chr13	HAP1	HAP2	5	13	201848	236313	6525	431636	0.984883
chr05x13	13250001	13500000	HAP1_chr13	HAP2_chr05	HAP1	HAP2	13	5	158253	236769	400	394622	0.998986
chr05x13	13250001	13500000	HAP2_chr05	HAP2_chr13	HAP2	HAP2	5	13	236769	236313	1932	471150	0.995899
chr05x13	13500001	13750000	HAP1_chr05	HAP1_chr13	HAP1	HAP1	5	13	198198	84087	439	281846	0.998442
chr05x13	13500001	13750000	HAP1_chr05	HAP2_chr13	HAP1	HAP2	5	13	198198	238460	2297	434361	0.994712
chr05x13	13500001	13750000	HAP1_chr13	HAP2_chr05	HAP1	HAP2	13	5	84087	218807	657	302237	0.997826
chr05x13	13500001	13750000	HAP2_chr05	HAP2_chr13	HAP2	HAP2	5	13	218807	238460	7542	449725	0.983230
chr05x13	13750001	14000000	HAP1_chr05	HAP1_chr13	HAP1	HAP1	5	13	228270	179012	472	406810	0.998840
chr05x13	13750001	14000000	HAP1_chr05	HAP2_chr13	HAP1	HAP2	5	13	228270	237485	2537	463218	0.994523
chr05x13	13750001	14000000	HAP1_chr13	HAP2_chr05	HAP1	HAP2	13	5	179012	237751	462	416301	0.998890
chr05x13	13750001	14000000	HAP2_chr05	HAP2_chr13	HAP2	HAP2	5	13	237751	237485	5428	469808	0.988446
chr05x13	14000001	14250000	HAP1_chr05	HAP1_chr13	HAP1	HAP1	5	13	197798	142176	952	339022	0.997192
chr05x13	14000001	14250000	HAP1_chr05	HAP2_chr13	HAP1	HAP2	5	13	197798	227932	1574	424156	0.996289
chr05x13	14000001	14250000	HAP1_chr13	HAP2_chr05	HAP1	HAP2	13	5	142176	234083	339	375920	0.999098
chr05x13	14000001	14250000	HAP2_chr05	HAP2_chr13	HAP2	HAP2	5	13	234083	227932	2840	459175	0.993815
chr05x13	14250001	14500000	HAP1_chr05	HAP1_chr13	HAP1	HAP1	5	13	216894	190832	492	407234	0.998792
chr05x13	14250001	14500000	HAP1_chr05	HAP2_chr13	HAP1	HAP2	5	13	216894	240332	3037	454189	0.993313
chr05x13	14250001	14500000	HAP1_chr13	HAP2_chr05	HAP1	HAP2	13	5	190832	239433	352	429913	0.999181
chr05x13	14250001	14500000	HAP2_chr05	HAP2_chr13	HAP2	HAP2	5	13	239433	240332	2500	477265	0.994762
chr05x13	14500001	14750000	HAP1_chr05	HAP1_chr13	HAP1	HAP1	5	13	222565	188525	1001	410089	0.997559
chr05x13	14500001	14750000	HAP1_chr05	HAP2_chr13	HAP1	HAP2	5	13	222565	238471	8111	452925	0.982092
chr05x13	14500001	14750000	HAP1_chr13	HAP2_chr05	HAP1	HAP2	13	5	188525	207306	565	395266	0.998571
chr05x13	14500001	14750000	HAP2_chr05	HAP2_chr13	HAP2	HAP2	5	13	207306	238471	1681	444096	0.996215
chr05x13	14750001	15000000	HAP1_chr05	HAP1_chr13	HAP1	HAP1	5	13	185008	176382	418	360972	0.998842
chr05x13	14750001	15000000	HAP1_chr05	HAP2_chr13	HAP1	HAP2	5	13	185008	231224	4307	411925	0.989544
chr05x13	14750001	15000000	HAP1_chr13	HAP2_chr05	HAP1	HAP2	13	5	176382	238224	387	414219	0.999066
chr05x13	14750001	15000000	HAP2_chr05	HAP2_chr13	HAP2	HAP2	5	13	238224	231224	2055	467393	0.995603
chr05x13	15000001	15250000	HAP1_chr05	HAP1_chr13	HAP1	HAP1	5	13	193026	192362	315	385073	0.999182
chr05x13	15000001	15250000	HAP1_chr05	HAP2_chr13	HAP1	HAP2	5	13	193026	231464	1725	422765	0.995920
chr05x13	15000001	15250000	HAP1_chr13	HAP2_chr05	HAP1	HAP2	13	5	192362	235544	739	427167	0.998270
chr05x13	15000001	15250000	HAP2_chr05	HAP2_chr13	HAP2	HAP2	5	13	235544	231464	1754	465254	0.996230
chr05x13	15250001	15500000	HAP1_chr05	HAP1_chr13	HAP1	HAP1	5	13	222411	181240	2483	401168	0.993811
chr05x13	15250001	15500000	HAP1_chr05	HAP2_chr13	HAP1	HAP2	5	13	222411	237143	2167	457387	0.995262
chr05x13	15250001	15500000	HAP1_chr13	HAP2_chr05	HAP1	HAP2	13	5	181240	229691	673	410258	0.998360
chr05x13	15250001	15500000	HAP2_chr05	HAP2_chr13	HAP2	HAP2	5	13	229691	237143	7146	459688	0.984455
chr05x13	15500001	15750000	HAP1_chr05	HAP1_chr13	HAP1	HAP1	5	13	190738	135352	925	325165	0.997155
chr05x13	15500001	15750000	HAP1_chr05	HAP2_chr13	HAP1	HAP2	5	13	190738	211746	5095	397389	0.987179
chr05x13	15500001	15750000	HAP1_chr13	HAP2_chr05	HAP1	HAP2	13	5	135352	223191	3807	354736	0.989268
chr05x13	15500001	15750000	HAP2_chr05	HAP2_chr13	HAP2	HAP2	5	13	223191	211746	3910	431027	0.990929
chr05x13	15750001	16000000	HAP1_chr05	HAP1_chr13	HAP1	HAP1	5	13	204396	126978	878	330496	0.997343
chr05x13	15750001	16000000	HAP1_chr05	HAP2_chr13	HAP1	HAP2	5	13	204396	225520	4139	425777	0.990279
chr05x13	15750001	16000000	HAP1_chr13	HAP2_chr05	HAP1	HAP2	13	5	126978	229615	1257	355336	0.996463
chr05x13	15750001	16000000	HAP2_chr05	HAP2_chr13	HAP2	HAP2	5	13	229615	225520	2804	452331	0.993801
chr05x13	16000001	16250000	HAP1_chr05	HAP1_chr13	HAP1	HAP1	5	13	204200	225456	5017	424639	0.988185
chr05x13	16000001	16250000	HAP1_chr05	HAP2_chr13	HAP1	HAP2	5	13	204200	241207	8382	437025	0.980820
chr05x13	16000001	16250000	HAP1_chr13	HAP2_chr05	HAP1	HAP2	13	5	225456	239652	2622	462486	0.994331
chr05x13	16000001	16250000	HAP2_chr05	HAP2_chr13	HAP2	HAP2	5	13	239652	241207	4970	475889	0.989556
chr05x13	16250001	16500000	HAP1_chr05	HAP1_chr13	HAP1	HAP1	5	13	223948	226481	6616	443813	0.985093
chr05x13	16250001	16500000	HAP1_chr05	HAP2_chr13	HAP1	HAP2	5	13	223948	220976	8045	436879	0.981585
chr05x13	16250001	16500000	HAP1_chr13	HAP2_chr05	HAP1	HAP2	13	5	226481	242324	3722	465083	0.991997
chr05x13	16250001	16500000	HAP2_chr05	HAP2_chr13	HAP2	HAP2	5	13	242324	220976	4552	458748	0.990077
chr05x13	16500001	16750000	HAP1_chr05	HAP1_chr13	HAP1	HAP1	5	13	201897	218650	5917	414630	0.985729
chr05x13	16500001	16750000	HAP1_chr05	HAP2_chr13	HAP1	HAP2	5	13	201897	194947	2569	394275	0.993484
chr05x13	16500001	16750000	HAP1_chr13	HAP2_chr05	HAP1	HAP2	13	5	218650	239333	6650	451333	0.985266
chr05x13	16500001	16750000	HAP2_chr05	HAP2_chr13	HAP2	HAP2	5	13	239333	194947	1517	432763	0.996495
chr05x13	16750001	17000000	HAP1_chr05	HAP1_chr13	HAP1	HAP1	5	13	208923	206770	5875	409818	0.985664
chr05x13	16750001	17000000	HAP1_chr05	HAP2_chr13	HAP1	HAP2	5	13	208923	243642	1409	451156	0.996877
chr05x13	16750001	17000000	HAP1_chr13	HAP2_chr05	HAP1	HAP2	13	5	206770	220744	2951	424563	0.993049
chr05x13	16750001	17000000	HAP2_chr05	HAP2_chr13	HAP2	HAP2	5	13	220744	243642	5153	459233	0.988779
chr05x13	17000001	17250000	HAP1_chr05	HAP1_chr13	HAP1	HAP1	5	13	187084	232125	6538	412671	0.984157
chr05x13	17000001	17250000	HAP1_chr05	HAP2_chr13	HAP1	HAP2	5	13	187084	235940	2929	420095	0.993028
chr05x13	17000001	17250000	HAP1_chr13	HAP2_chr05	HAP1	HAP2	13	5	232125	231535	2122	461538	0.995402
chr05x13	17000001	17250000	HAP2_chr05	HAP2_chr13	HAP2	HAP2	5	13	231535	235940	7116	460359	0.984542
chr05x13	17250001	17500000	HAP1_chr05	HAP1_chr13	HAP1	HAP1	5	13	199360	198100	6942	390518	0.982224
chr05x13	17250001	17500000	HAP1_chr05	HAP2_chr13	HAP1	HAP2	5	13	199360	238280	1136	436504	0.997398
chr05x13	17250001	17500000	HAP1_chr13	HAP2_chr05	HAP1	HAP2	13	5	198100	229069	1623	425546	0.996186
chr05x13	17250001	17500000	HAP2_chr05	HAP2_chr13	HAP2	HAP2	5	13	229069	238280	2947	464402	0.993654
chr05x13	17500001	17750000	HAP1_chr05	HAP1_chr13	HAP1	HAP1	5	13	210877	225770	10435	426212	0.975517
chr05x13	17500001	17750000	HAP1_chr05	HAP2_chr13	HAP1	HAP2	5	13	210877	240632	2385	449124	0.994690
chr05x13	17500001	17750000	HAP1_chr13	HAP2_chr05	HAP1	HAP2	13	5	225770	225181	3532	447419	0.992106
chr05x13	17500001	17750000	HAP2_chr05	HAP2_chr13	HAP2	HAP2	5	13	225181	240632	2789	463024	0.993977
chr05x13	17750001	18000000	HAP1_chr05	HAP1_chr13	HAP1	HAP1	5	13	212855	226835	13962	425728	0.967204
chr05x13	17750001	18000000	HAP1_chr05	HAP2_chr13	HAP1	HAP2	5	13	212855	234446	5570	441731	0.987391
chr05x13	17750001	18000000	HAP1_chr13	HAP2_chr05	HAP1	HAP2	13	5	226835	225146	1600	450381	0.996447
chr05x13	17750001	18000000	HAP2_chr05	HAP2_chr13	HAP2	HAP2	5	13	225146	234446	3097	456495	0.993216
chr05x13	18000001	18250000	HAP1_chr05	HAP1_chr13	HAP1	HAP1	5	13	223894	223668	8404	439158	0.980863
chr05x13	18000001	18250000	HAP1_chr05	HAP2_chr13	HAP1	HAP2	5	13	223894	225812	2711	446995	0.993935
chr05x13	18000001	18250000	HAP1_chr13	HAP2_chr05	HAP1	HAP2	13	5	223668	242224	2232	463660	0.995186
chr05x13	18000001	18250000	HAP2_chr05	HAP2_chr13	HAP2	HAP2	5	13	242224	225812	4170	463866	0.991010
chr05x13	18250001	18500000	HAP1_chr05	HAP1_chr13	HAP1	HAP1	5	13	220943	221747	5604	437086	0.987179
chr05x13	18250001	18500000	HAP1_chr05	HAP2_chr13	HAP1	HAP2	5	13	220943	240871	4140	457674	0.990954
chr05x13	18250001	18500000	HAP1_chr13	HAP2_chr05	HAP1	HAP2	13	5	221747	239928	3656	458019	0.992018
chr05x13	18250001	18500000	HAP2_chr05	HAP2_chr13	HAP2	HAP2	5	13	239928	240871	2515	478284	0.994742
chr05x13	18500001	18750000	HAP1_chr05	HAP1_chr13	HAP1	HAP1	5	13	213246	212181	7931	417496	0.981003
chr05x13	18500001	18750000	HAP1_chr05	HAP2_chr13	HAP1	HAP2	5	13	213246	240199	1286	452159	0.997156
chr05x13	18500001	18750000	HAP1_chr13	HAP2_chr05	HAP1	HAP2	13	5	212181	228489	3690	436980	0.991556
chr05x13	18500001	18750000	HAP2_chr05	HAP2_chr13	HAP2	HAP2	5	13	228489	240199	5870	462818	0.987317
chr05x13	18750001	19000000	HAP1_chr05	HAP1_chr13	HAP1	HAP1	5	13	230105	198408	5996	422517	0.985809
chr05x13	18750001	19000000	HAP1_chr05	HAP2_chr13	HAP1	HAP2	5	13	230105	240054	5514	464645	0.988133
chr05x13	18750001	19000000	HAP1_chr13	HAP2_chr05	HAP1	HAP2	13	5	198408	240818	1140	438086	0.997398
chr05x13	18750001	19000000	HAP2_chr05	HAP2_chr13	HAP2	HAP2	5	13	240818	240054	2979	477893	0.993766
chr05x13	19000001	19250000	HAP1_chr05	HAP1_chr13	HAP1	HAP1	5	13	214276	198441	4123	408594	0.989909
chr05x13	19000001	19250000	HAP1_chr05	HAP2_chr13	HAP1	HAP2	5	13	214276	228424	1651	441049	0.996257
chr05x13	19000001	19250000	HAP1_chr13	HAP2_chr05	HAP1	HAP2	13	5	198441	241458	1472	438427	0.996643
chr05x13	19000001	19250000	HAP2_chr05	HAP2_chr13	HAP2	HAP2	5	13	241458	228424	1791	468091	0.996174
chr05x13	19250001	19500000	HAP1_chr05	HAP1_chr13	HAP1	HAP1	5	13	190038	206975	11511	385502	0.970140
chr05x13	19250001	19500000	HAP1_chr05	HAP2_chr13	HAP1	HAP2	5	13	190038	229072	1429	417681	0.996579
chr05x13	19250001	19500000	HAP1_chr13	HAP2_chr05	HAP1	HAP2	13	5	206975	233424	1899	438500	0.995669
chr05x13	19250001	19500000	HAP2_chr05	HAP2_chr13	HAP2	HAP2	5	13	233424	229072	2719	459777	0.994086
chr05x13	19500001	19750000	HAP1_chr05	HAP1_chr13	HAP1	HAP1	5	13	200297	215138	8001	407434	0.980362
chr05x13	19500001	19750000	HAP1_chr05	HAP2_chr13	HAP1	HAP2	5	13	200297	230107	1919	428485	0.995521
chr05x13	19500001	19750000	HAP1_chr13	HAP2_chr05	HAP1	HAP2	13	5	215138	240482	4116	451504	0.990884
chr05x13	19500001	19750000	HAP2_chr05	HAP2_chr13	HAP2	HAP2	5	13	240482	230107	5748	464841	0.987634
chr05x13	19750001	20000000	HAP1_chr05	HAP1_chr13	HAP1	HAP1	5	13	215791	167068	10231	372628	0.972544
chr05x13	19750001	20000000	HAP1_chr05	HAP2_chr13	HAP1	HAP2	5	13	215791	237958	5472	448277	0.987793
chr05x13	19750001	20000000	HAP1_chr13	HAP2_chr05	HAP1	HAP2	13	5	167068	227879	1793	393154	0.995439
chr05x13	19750001	20000000	HAP2_chr05	HAP2_chr13	HAP2	HAP2	5	13	227879	237958	2898	462939	0.993740
chr05x13	20000001	20250000	HAP1_chr05	HAP1_chr13	HAP1	HAP1	5	13	218888	231828	4156	446560	0.990693
chr05x13	20000001	20250000	HAP1_chr05	HAP2_chr13	HAP1	HAP2	5	13	218888	223285	4023	438150	0.990818
chr05x13	20000001	20250000	HAP1_chr13	HAP2_chr05	HAP1	HAP2	13	5	231828	230230	4418	457640	0.990346
chr05x13	20000001	20250000	HAP2_chr05	HAP2_chr13	HAP2	HAP2	5	13	230230	223285	6710	446805	0.984982
chr05x13	20250001	20500000	HAP1_chr05	HAP1_chr13	HAP1	HAP1	5	13	199321	186100	5362	380059	0.985892
chr05x13	20250001	20500000	HAP1_chr05	HAP2_chr13	HAP1	HAP2	5	13	199321	223327	1109	421539	0.997369
chr05x13	20250001	20500000	HAP1_chr13	HAP2_chr05	HAP1	HAP2	13	5	186100	233474	1430	418144	0.996580
chr05x13	20250001	20500000	HAP2_chr05	HAP2_chr13	HAP2	HAP2	5	13	233474	223327	2111	454690	0.995357
chr05x13	20500001	20750000	HAP1_chr05	HAP1_chr13	HAP1	HAP1	5	13	212059	219452	6399	425112	0.984947
chr05x13	20500001	20750000	HAP1_chr05	HAP2_chr13	HAP1	HAP2	5	13	212059	198651	1669	409041	0.995920
chr05x13	20500001	20750000	HAP1_chr13	HAP2_chr05	HAP1	HAP2	13	5	219452	229300	7185	441567	0.983728
chr05x13	20500001	20750000	HAP2_chr05	HAP2_chr13	HAP2	HAP2	5	13	229300	198651	3436	424515	0.991906
chr05x13	20750001	21000000	HAP1_chr05	HAP1_chr13	HAP1	HAP1	5	13	236612	208364	5919	439057	0.986519
chr05x13	20750001	21000000	HAP1_chr05	HAP2_chr13	HAP1	HAP2	5	13	236612	218000	2854	451758	0.993682
chr05x13	20750001	21000000	HAP1_chr13	HAP2_chr05	HAP1	HAP2	13	5	208364	216207	5414	419157	0.987084
chr05x13	20750001	21000000	HAP2_chr05	HAP2_chr13	HAP2	HAP2	5	13	216207	218000	7947	426260	0.981356
chr05x13	21000001	21250000	HAP1_chr05	HAP1_chr13	HAP1	HAP1	5	13	218557	181721	10154	390124	0.973972
chr05x13	21000001	21250000	HAP1_chr05	HAP2_chr13	HAP1	HAP2	5	13	218557	236601	3859	451299	0.991449
chr05x13	21000001	21250000	HAP1_chr13	HAP2_chr05	HAP1	HAP2	13	5	181721	239189	2981	417929	0.992867
chr05x13	21000001	21250000	HAP2_chr05	HAP2_chr13	HAP2	HAP2	5	13	239189	236601	4261	471529	0.990963
chr05x13	21250001	21500000	HAP1_chr05	HAP1_chr13	HAP1	HAP1	5	13	229058	203258	6186	426130	0.985483
chr05x13	21250001	21500000	HAP1_chr05	HAP2_chr13	HAP1	HAP2	5	13	229058	237635	4205	462488	0.990908
chr05x13	21250001	21500000	HAP1_chr13	HAP2_chr05	HAP1	HAP2	13	5	203258	218079	2007	419330	0.995214
chr05x13	21250001	21500000	HAP2_chr05	HAP2_chr13	HAP2	HAP2	5	13	218079	237635	1744	453970	0.996158
chr05x13	21500001	21750000	HAP1_chr05	HAP1_chr13	HAP1	HAP1	5	13	199205	226053	2437	422821	0.994236
chr05x13	21500001	21750000	HAP1_chr05	HAP2_chr13	HAP1	HAP2	5	13	199205	238803	2126	435882	0.995123
chr05x13	21500001	21750000	HAP1_chr13	HAP2_chr05	HAP1	HAP2	13	5	226053	237483	5540	457996	0.987904
chr05x13	21500001	21750000	HAP2_chr05	HAP2_chr13	HAP2	HAP2	5	13	237483	238803	8847	467439	0.981073
chr05x13	21750001	22000000	HAP1_chr05	HAP1_chr13	HAP1	HAP1	5	13	218915	221431	4779	435567	0.989028
chr05x13	21750001	22000000	HAP1_chr05	HAP2_chr13	HAP1	HAP2	5	13	218915	229145	5054	443006	0.988592
chr05x13	21750001	22000000	HAP1_chr13	HAP2_chr05	HAP1	HAP2	13	5	221431	227164	3616	444979	0.991874
chr05x13	21750001	22000000	HAP2_chr05	HAP2_chr13	HAP2	HAP2	5	13	227164	229145	5766	450543	0.987202
chr05x13	22000001	22250000	HAP1_chr05	HAP1_chr13	HAP1	HAP1	5	13	197663	210309	4691	403281	0.988368
chr05x13	22000001	22250000	HAP1_chr05	HAP2_chr13	HAP1	HAP2	5	13	197663	228232	4569	421326	0.989156
chr05x13	22000001	22250000	HAP1_chr13	HAP2_chr05	HAP1	HAP2	13	5	210309	232334	1931	440712	0.995618
chr05x13	22000001	22250000	HAP2_chr05	HAP2_chr13	HAP2	HAP2	5	13	232334	228232	5326	455240	0.988301
chr05x13	22250001	22500000	HAP1_chr05	HAP1_chr13	HAP1	HAP1	5	13	229267	203591	5980	426878	0.985991
chr05x13	22250001	22500000	HAP1_chr05	HAP2_chr13	HAP1	HAP2	5	13	229267	222975	1834	450408	0.995928
chr05x13	22250001	22500000	HAP1_chr13	HAP2_chr05	HAP1	HAP2	13	5	203591	225337	6031	422897	0.985739
chr05x13	22250001	22500000	HAP2_chr05	HAP2_chr13	HAP2	HAP2	5	13	225337	222975	4442	443870	0.989993
chr05x13	22500001	22750000	HAP1_chr05	HAP1_chr13	HAP1	HAP1	5	13	212949	223711	12724	423936	0.969986
chr05x13	22500001	22750000	HAP1_chr05	HAP2_chr13	HAP1	HAP2	5	13	212949	231212	5047	439114	0.988506
chr05x13	22500001	22750000	HAP1_chr13	HAP2_chr05	HAP1	HAP2	13	5	223711	232091	1955	453847	0.995692
chr05x13	22500001	22750000	HAP2_chr05	HAP2_chr13	HAP2	HAP2	5	13	232091	231212	8143	455160	0.982110
chr05x13	22750001	23000000	HAP1_chr05	HAP1_chr13	HAP1	HAP1	5	13	187949	178250	11656	354543	0.967124
chr05x13	22750001	23000000	HAP1_chr05	HAP2_chr13	HAP1	HAP2	5	13	187949	240226	2903	425272	0.993174
chr05x13	22750001	23000000	HAP1_chr13	HAP2_chr05	HAP1	HAP2	13	5	178250	239830	1827	416253	0.995611
chr05x13	22750001	23000000	HAP2_chr05	HAP2_chr13	HAP2	HAP2	5	13	239830	240226	9168	470888	0.980530
chr05x13	23000001	23250000	HAP1_chr05	HAP1_chr13	HAP1	HAP1	5	13	222377	215334	8640	429071	0.979863
chr05x13	23000001	23250000	HAP1_chr05	HAP2_chr13	HAP1	HAP2	5	13	222377	238198	3525	457050	0.992287
chr05x13	23000001	23250000	HAP1_chr13	HAP2_chr05	HAP1	HAP2	13	5	215334	240535	2036	453833	0.995514
chr05x13	23000001	23250000	HAP2_chr05	HAP2_chr13	HAP2	HAP2	5	13	240535	238198	3475	475258	0.992688
chr05x13	23250001	23500000	HAP1_chr05	HAP1_chr13	HAP1	HAP1	5	13	208262	217310	3339	422233	0.992092
chr05x13	23250001	23500000	HAP1_chr05	HAP2_chr13	HAP1	HAP2	5	13	208262	229817	2479	435600	0.994309
chr05x13	23250001	23500000	HAP1_chr13	HAP2_chr05	HAP1	HAP2	13	5	217310	200989	1461	416838	0.996495
chr05x13	23250001	23500000	HAP2_chr05	HAP2_chr13	HAP2	HAP2	5	13	200989	229817	4842	425964	0.988633
chr05x13	23500001	23750000	HAP1_chr05	HAP1_chr13	HAP1	HAP1	5	13	220086	209346	5170	424262	0.987814
chr05x13	23500001	23750000	HAP1_chr05	HAP2_chr13	HAP1	HAP2	5	13	220086	228550	2288	446348	0.994874
chr05x13	23500001	23750000	HAP1_chr13	HAP2_chr05	HAP1	HAP2	13	5	209346	233323	1835	440834	0.995837
chr05x13	23500001	23750000	HAP2_chr05	HAP2_chr13	HAP2	HAP2	5	13	233323	228550	6489	455384	0.985750
chr05x13	23750001	24000000	HAP1_chr05	HAP1_chr13	HAP1	HAP1	5	13	171199	227021	6774	391446	0.982695
chr05x13	23750001	24000000	HAP1_chr05	HAP2_chr13	HAP1	HAP2	5	13	171199	229460	7368	393291	0.981266
chr05x13	23750001	24000000	HAP1_chr13	HAP2_chr05	HAP1	HAP2	13	5	227021	241859	5029	463851	0.989158
chr05x13	23750001	24000000	HAP2_chr05	HAP2_chr13	HAP2	HAP2	5	13	241859	229460	4374	466945	0.990633
chr05x13	24000001	24250000	HAP1_chr05	HAP1_chr13	HAP1	HAP1	5	13	186582	223763	6763	403582	0.983243
chr05x13	24000001	24250000	HAP1_chr05	HAP2_chr13	HAP1	HAP2	5	13	186582	228247	2573	412256	0.993759
chr05x13	24000001	24250000	HAP1_chr13	HAP2_chr05	HAP1	HAP2	13	5	223763	222850	6387	440226	0.985492
chr05x13	24000001	24250000	HAP2_chr05	HAP2_chr13	HAP2	HAP2	5	13	222850	228247	5593	445504	0.987446
chr05x13	24250001	24500000	HAP1_chr05	HAP1_chr13	HAP1	HAP1	5	13	198408	235523	3378	430553	0.992154
chr05x13	24250001	24500000	HAP1_chr05	HAP2_chr13	HAP1	HAP2	5	13	198408	240486	2456	436438	0.994373
chr05x13	24250001	24500000	HAP1_chr13	HAP2_chr05	HAP1	HAP2	13	5	235523	233763	8195	461091	0.982227
chr05x13	24250001	24500000	HAP2_chr05	HAP2_chr13	HAP2	HAP2	5	13	233763	240486	3814	470435	0.991893
chr05x13	24500001	24750000	HAP1_chr05	HAP1_chr13	HAP1	HAP1	5	13	233071	162620	3344	392347	0.991477
chr05x13	24500001	24750000	HAP1_chr05	HAP2_chr13	HAP1	HAP2	5	13	233071	218657	1980	449748	0.995598
chr05x13	24500001	24750000	HAP1_chr13	HAP2_chr05	HAP1	HAP2	13	5	162620	241039	2440	401219	0.993919
chr05x13	24500001	24750000	HAP2_chr05	HAP2_chr13	HAP2	HAP2	5	13	241039	218657	3986	455710	0.991253
chr05x13	24750001	25000000	HAP1_chr05	HAP1_chr13	HAP1	HAP1	5	13	212631	218283	3898	427016	0.990872
chr05x13	24750001	25000000	HAP1_chr05	HAP2_chr13	HAP1	HAP2	5	13	212631	219589	3657	428563	0.991467
chr05x13	24750001	25000000	HAP1_chr13	HAP2_chr05	HAP1	HAP2	13	5	218283	206101	2696	421688	0.993607
chr05x13	24750001	25000000	HAP2_chr05	HAP2_chr13	HAP2	HAP2	5	13	206101	219589	3121	422569	0.992614
chr05x13	25000001	25250000	HAP1_chr05	HAP1_chr13	HAP1	HAP1	5	13	220851	210026	4252	426625	0.990033
chr05x13	25000001	25250000	HAP1_chr05	HAP2_chr13	HAP1	HAP2	5	13	220851	235722	2640	453933	0.994184
chr05x13	25000001	25250000	HAP1_chr13	HAP2_chr05	HAP1	HAP2	13	5	210026	229200	2067	437159	0.995272
chr05x13	25000001	25250000	HAP2_chr05	HAP2_chr13	HAP2	HAP2	5	13	229200	235722	3090	461832	0.993309
chr05x13	25250001	25500000	HAP1_chr05	HAP1_chr13	HAP1	HAP1	5	13	228284	213557	6929	434912	0.984068
chr05x13	25250001	25500000	HAP1_chr05	HAP2_chr13	HAP1	HAP2	5	13	228284	226514	5418	449380	0.987943
chr05x13	25250001	25500000	HAP1_chr13	HAP2_chr05	HAP1	HAP2	13	5	213557	223092	4886	431763	0.988684
chr05x13	25250001	25500000	HAP2_chr05	HAP2_chr13	HAP2	HAP2	5	13	223092	226514	2216	447390	0.995047
chr05x13	25500001	25750000	HAP1_chr05	HAP1_chr13	HAP1	HAP1	5	13	220093	218903	6401	432595	0.985203
chr05x13	25500001	25750000	HAP1_chr05	HAP2_chr13	HAP1	HAP2	5	13	220093	198961	4615	414439	0.988864
chr05x13	25500001	25750000	HAP1_chr13	HAP2_chr05	HAP1	HAP2	13	5	218903	239937	5494	453346	0.987881
chr05x13	25500001	25750000	HAP2_chr05	HAP2_chr13	HAP2	HAP2	5	13	239937	198961	5248	433650	0.987898
chr05x13	25750001	26000000	HAP1_chr05	HAP1_chr13	HAP1	HAP1	5	13	217503	223995	8775	432723	0.979721
chr05x13	25750001	26000000	HAP1_chr05	HAP2_chr13	HAP1	HAP2	5	13	217503	226259	4693	439069	0.989311
chr05x13	25750001	26000000	HAP1_chr13	HAP2_chr05	HAP1	HAP2	13	5	223995	241367	2473	462889	0.994657
chr05x13	25750001	26000000	HAP2_chr05	HAP2_chr13	HAP2	HAP2	5	13	241367	226259	2947	464679	0.993658
chr05x13	26000001	26250000	HAP1_chr05	HAP1_chr13	HAP1	HAP1	5	13	202486	149335	3259	348562	0.990650
chr05x13	26000001	26250000	HAP1_chr05	HAP2_chr13	HAP1	HAP2	5	13	202486	209339	1168	410657	0.997156
chr05x13	26000001	26250000	HAP1_chr13	HAP2_chr05	HAP1	HAP2	13	5	149335	230731	2639	377427	0.993008
chr05x13	26000001	26250000	HAP2_chr05	HAP2_chr13	HAP2	HAP2	5	13	230731	209339	2239	437831	0.994886
chr05x13	26250001	26500000	HAP1_chr05	HAP1_chr13	HAP1	HAP1	5	13	211253	228767	5658	434362	0.986974
chr05x13	26250001	26500000	HAP1_chr05	HAP2_chr13	HAP1	HAP2	5	13	211253	222801	2027	432027	0.995308
chr05x13	26250001	26500000	HAP1_chr13	HAP2_chr05	HAP1	HAP2	13	5	228767	216680	2767	442680	0.993749
chr05x13	26250001	26500000	HAP2_chr05	HAP2_chr13	HAP2	HAP2	5	13	216680	222801	4924	434557	0.988669
chr05x13	26500001	26750000	HAP1_chr05	HAP1_chr13	HAP1	HAP1	5	13	218694	213002	2745	428951	0.993601
chr05x13	26500001	26750000	HAP1_chr05	HAP2_chr13	HAP1	HAP2	5	13	218694	214230	4186	428738	0.990236
chr05x13	26500001	26750000	HAP1_chr13	HAP2_chr05	HAP1	HAP2	13	5	213002	212748	2094	423656	0.995057
chr05x13	26500001	26750000	HAP2_chr05	HAP2_chr13	HAP2	HAP2	5	13	212748	214230	8010	418968	0.980882
chr05x13	26750001	27000000	HAP1_chr05	HAP1_chr13	HAP1	HAP1	5	13	187921	228157	6572	409506	0.983951
chr05x13	26750001	27000000	HAP1_chr05	HAP2_chr13	HAP1	HAP2	5	13	187921	224889	5699	407111	0.986001
chr05x13	26750001	27000000	HAP1_chr13	HAP2_chr05	HAP1	HAP2	13	5	228157	230965	7073	452049	0.984353
chr05x13	26750001	27000000	HAP2_chr05	HAP2_chr13	HAP2	HAP2	5	13	230965	224889	11508	444346	0.974101
chr05x13	27000001	27250000	HAP1_chr05	HAP1_chr13	HAP1	HAP1	5	13	222186	227363	4961	444588	0.988841
chr05x13	27000001	27250000	HAP1_chr05	HAP2_chr13	HAP1	HAP2	5	13	222186	214905	3387	433704	0.992191
chr05x13	27000001	27250000	HAP1_chr13	HAP2_chr05	HAP1	HAP2	13	5	227363	231830	8646	450547	0.980810
chr05x13	27000001	27250000	HAP2_chr05	HAP2_chr13	HAP2	HAP2	5	13	231830	214905	3590	443145	0.991899
chr05x13	27250001	27500000	HAP1_chr05	HAP1_chr13	HAP1	HAP1	5	13	199063	177898	4714	372247	0.987336
chr05x13	27250001	27500000	HAP1_chr05	HAP2_chr13	HAP1	HAP2	5	13	199063	230731	9348	420446	0.977766
chr05x13	27250001	27500000	HAP1_chr13	HAP2_chr05	HAP1	HAP2	13	5	177898	227952	3088	402762	0.992333
chr05x13	27250001	27500000	HAP2_chr05	HAP2_chr13	HAP2	HAP2	5	13	227952	230731	6212	452471	0.986271
chr05x13	27500001	27750000	HAP1_chr05	HAP1_chr13	HAP1	HAP1	5	13	205455	230284	6306	429433	0.985316
chr05x13	27500001	27750000	HAP1_chr05	HAP2_chr13	HAP1	HAP2	5	13	205455	226962	9549	422868	0.977418
chr05x13	27500001	27750000	HAP1_chr13	HAP2_chr05	HAP1	HAP2	13	5	230284	230963	10859	450388	0.975890
chr05x13	27500001	27750000	HAP2_chr05	HAP2_chr13	HAP2	HAP2	5	13	230963	226962	3985	453940	0.991221
chr05x13	27750001	28000000	HAP1_chr05	HAP1_chr13	HAP1	HAP1	5	13	221821	231747	3224	450344	0.992841
chr05x13	27750001	28000000	HAP1_chr05	HAP2_chr13	HAP1	HAP2	5	13	221821	224460	8776	437505	0.979941
chr05x13	27750001	28000000	HAP1_chr13	HAP2_chr05	HAP1	HAP2	13	5	231747	213254	3889	441112	0.991184
chr05x13	27750001	28000000	HAP2_chr05	HAP2_chr13	HAP2	HAP2	5	13	213254	224460	2980	434734	0.993145
chr05x13	28000001	28250000	HAP1_chr05	HAP1_chr13	HAP1	HAP1	5	13	187360	210653	11862	386151	0.969281
chr05x13	28000001	28250000	HAP1_chr05	HAP2_chr13	HAP1	HAP2	5	13	187360	163001	3956	346405	0.988580
chr05x13	28000001	28250000	HAP1_chr13	HAP2_chr05	HAP1	HAP2	13	5	210653	226237	17541	419349	0.958171
chr05x13	28000001	28250000	HAP2_chr05	HAP2_chr13	HAP2	HAP2	5	13	226237	163001	7955	381283	0.979136
chr05x13	28250001	28500000	HAP1_chr05	HAP1_chr13	HAP1	HAP1	5	13	35130	220799	3259	252670	0.987102
chr05x13	28250001	28500000	HAP1_chr05	HAP2_chr13	HAP1	HAP2	5	13	35130	239628	487	274271	0.998224
chr05x13	28250001	28500000	HAP1_chr13	HAP2_chr05	HAP1	HAP2	13	5	220799	229986	4454	446331	0.990021
chr05x13	28250001	28500000	HAP2_chr05	HAP2_chr13	HAP2	HAP2	5	13	229986	239628	5545	464069	0.988051
chr05x13	28500001	28750000	HAP1_chr05	HAP1_chr13	HAP1	HAP1	5	13	31663	143821	61	175423	0.999652
chr05x13	28500001	28750000	HAP1_chr05	HAP2_chr13	HAP1	HAP2	5	13	31663	226956	97	258522	0.999625
chr05x13	28500001	28750000	HAP1_chr13	HAP2_chr05	HAP1	HAP2	13	5	143821	209962	1624	352159	0.995388
chr05x13	28500001	28750000	HAP2_chr05	HAP2_chr13	HAP2	HAP2	5	13	209962	226956	6969	429949	0.983791
chr05x13	28750001	29000000	HAP1_chr05	HAP1_chr13	HAP1	HAP1	5	13	44826	226174	870	270130	0.996779
chr05x13	28750001	29000000	HAP1_chr05	HAP2_chr13	HAP1	HAP2	5	13	44826	230592	582	274836	0.997882
chr05x13	28750001	29000000	HAP1_chr13	HAP2_chr05	HAP1	HAP2	13	5	226174	238608	3685	461097	0.992008
chr05x13	28750001	29000000	HAP2_chr05	HAP2_chr13	HAP2	HAP2	5	13	238608	230592	6708	462492	0.985496
chr05x13	29000001	29250000	HAP1_chr05	HAP1_chr13	HAP1	HAP1	5	13	62822	197988	870	259940	0.996653
chr05x13	29000001	29250000	HAP1_chr05	HAP2_chr13	HAP1	HAP2	5	13	62822	238898	321	301399	0.998935
chr05x13	29000001	29250000	HAP1_chr13	HAP2_chr05	HAP1	HAP2	13	5	197988	226501	5914	418575	0.985871
chr05x13	29000001	29250000	HAP2_chr05	HAP2_chr13	HAP2	HAP2	5	13	226501	238898	3127	462272	0.993236
chr05x13	29250001	29500000	HAP1_chr05	HAP1_chr13	HAP1	HAP1	5	13	43888	223491	1095	266284	0.995888
chr05x13	29250001	29500000	HAP1_chr05	HAP2_chr13	HAP1	HAP2	5	13	43888	212957	324	256521	0.998737
chr05x13	29250001	29500000	HAP1_chr13	HAP2_chr05	HAP1	HAP2	13	5	223491	214914	8177	430228	0.980994
chr05x13	29250001	29500000	HAP2_chr05	HAP2_chr13	HAP2	HAP2	5	13	214914	212957	9544	418327	0.977185
chr05x13	29500001	29750000	HAP1_chr05	HAP1_chr13	HAP1	HAP1	5	13	42673	220554	1361	261866	0.994803
chr05x13	29500001	29750000	HAP1_chr05	HAP2_chr13	HAP1	HAP2	5	13	42673	213107	2063	253717	0.991869
chr05x13	29500001	29750000	HAP1_chr13	HAP2_chr05	HAP1	HAP2	13	5	220554	237601	3505	454650	0.992291
chr05x13	29500001	29750000	HAP2_chr05	HAP2_chr13	HAP2	HAP2	5	13	237601	213107	6283	444425	0.985863
chr05x13	29750001	30000000	HAP1_chr05	HAP1_chr13	HAP1	HAP1	5	13	55387	224089	2883	276593	0.989577
chr05x13	29750001	30000000	HAP1_chr05	HAP2_chr13	HAP1	HAP2	5	13	55387	220028	2153	273262	0.992121
chr05x13	29750001	30000000	HAP1_chr13	HAP2_chr05	HAP1	HAP2	13	5	224089	232641	6006	450724	0.986675
chr05x13	29750001	30000000	HAP2_chr05	HAP2_chr13	HAP2	HAP2	5	13	232641	220028	4369	448300	0.990254
chr05x13	30000001	30250000	HAP1_chr05	HAP1_chr13	HAP1	HAP1	5	13	55905	215048	1298	269655	0.995186
chr05x13	30000001	30250000	HAP1_chr05	HAP2_chr13	HAP1	HAP2	5	13	55905	227687	599	282993	0.997883
chr05x13	30000001	30250000	HAP1_chr13	HAP2_chr05	HAP1	HAP2	13	5	215048	211028	8909	417167	0.978644
chr05x13	30000001	30250000	HAP2_chr05	HAP2_chr13	HAP2	HAP2	5	13	211028	227687	5542	433173	0.987206
chr05x13	30250001	30500000	HAP1_chr05	HAP1_chr13	HAP1	HAP1	5	13	27861	239900	102	267659	0.999619
chr05x13	30250001	30500000	HAP1_chr05	HAP2_chr13	HAP1	HAP2	5	13	27861	197689	351	225199	0.998441
chr05x13	30250001	30500000	HAP1_chr13	HAP2_chr05	HAP1	HAP2	13	5	239900	204450	4596	439754	0.989549
chr05x13	30250001	30500000	HAP2_chr05	HAP2_chr13	HAP2	HAP2	5	13	204450	197689	7974	394165	0.979770
chr05x13	30500001	30750000	HAP1_chr05	HAP1_chr13	HAP1	HAP1	5	13	49195	228726	1676	276245	0.993933
chr05x13	30500001	30750000	HAP1_chr05	HAP2_chr13	HAP1	HAP2	5	13	49195	227915	282	276828	0.998981
chr05x13	30500001	30750000	HAP1_chr13	HAP2_chr05	HAP1	HAP2	13	5	228726	207683	5199	431210	0.987943
chr05x13	30500001	30750000	HAP2_chr05	HAP2_chr13	HAP2	HAP2	5	13	207683	227915	4165	431433	0.990346
chr05x13	30750001	31000000	HAP1_chr05	HAP1_chr13	HAP1	HAP1	5	13	48429	229891	142	278178	0.999490
chr05x13	30750001	31000000	HAP1_chr05	HAP2_chr13	HAP1	HAP2	5	13	48429	154282	88	202623	0.999566
chr05x13	30750001	31000000	HAP1_chr13	HAP2_chr05	HAP1	HAP2	13	5	229891	220634	11587	438938	0.973602
chr05x13	30750001	31000000	HAP2_chr05	HAP2_chr13	HAP2	HAP2	5	13	220634	154282	6212	368704	0.983152
chr05x13	31000001	31250000	HAP1_chr05	HAP1_chr13	HAP1	HAP1	5	13	71009	239857	1686	309180	0.994547
chr05x13	31000001	31250000	HAP1_chr05	HAP2_chr13	HAP1	HAP2	5	13	71009	222112	2638	290483	0.990919
chr05x13	31000001	31250000	HAP1_chr13	HAP2_chr05	HAP1	HAP2	13	5	239857	225610	3452	462015	0.992528
chr05x13	31000001	31250000	HAP2_chr05	HAP2_chr13	HAP2	HAP2	5	13	225610	222112	4525	443197	0.989790
chr05x13	31250001	31500000	HAP1_chr05	HAP1_chr13	HAP1	HAP1	5	13	72162	159153	4961	226354	0.978083
chr05x13	31250001	31500000	HAP1_chr05	HAP2_chr13	HAP1	HAP2	5	13	72162	217309	353	289118	0.998779
chr05x13	31250001	31500000	HAP1_chr13	HAP2_chr05	HAP1	HAP2	13	5	159153	226625	3397	382381	0.991116
chr05x13	31250001	31500000	HAP2_chr05	HAP2_chr13	HAP2	HAP2	5	13	226625	217309	10189	433745	0.976509
chr05x13	31500001	31750000	HAP1_chr05	HAP1_chr13	HAP1	HAP1	5	13	54797	230137	116	284818	0.999593
chr05x13	31500001	31750000	HAP1_chr05	HAP2_chr13	HAP1	HAP2	5	13	54797	230720	135	285382	0.999527
chr05x13	31500001	31750000	HAP1_chr13	HAP2_chr05	HAP1	HAP2	13	5	230137	223876	13835	440178	0.968570
chr05x13	31500001	31750000	HAP2_chr05	HAP2_chr13	HAP2	HAP2	5	13	223876	230720	7850	446746	0.982428
chr05x13	31750001	32000000	HAP1_chr05	HAP1_chr13	HAP1	HAP1	5	13	52259	226217	391	278085	0.998594
chr05x13	31750001	32000000	HAP1_chr05	HAP2_chr13	HAP1	HAP2	5	13	52259	238051	934	289376	0.996772
chr05x13	31750001	32000000	HAP1_chr13	HAP2_chr05	HAP1	HAP2	13	5	226217	224614	8488	442343	0.980811
chr05x13	31750001	32000000	HAP2_chr05	HAP2_chr13	HAP2	HAP2	5	13	224614	238051	10020	452645	0.977863
chr05x13	32000001	32250000	HAP1_chr05	HAP1_chr13	HAP1	HAP1	5	13	64273	226209	344	290138	0.998814
chr05x13	32000001	32250000	HAP1_chr05	HAP2_chr13	HAP1	HAP2	5	13	64273	182574	288	246559	0.998832
chr05x13	32000001	32250000	HAP1_chr13	HAP2_chr05	HAP1	HAP2	13	5	226209	131941	3915	354235	0.988948
chr05x13	32000001	32250000	HAP2_chr05	HAP2_chr13	HAP2	HAP2	5	13	131941	182574	2120	312395	0.993214
chr05x13	32250001	32500000	HAP1_chr05	HAP1_chr13	HAP1	HAP1	5	13	145204	216504	1391	360317	0.996140
chr05x13	32250001	32500000	HAP1_chr05	HAP2_chr13	HAP1	HAP2	5	13	145204	236506	1718	379992	0.995479
chr05x13	32250001	32500000	HAP1_chr13	HAP2_chr05	HAP1	HAP2	13	5	216504	217538	4233	429809	0.990151
chr05x13	32250001	32500000	HAP2_chr05	HAP2_chr13	HAP2	HAP2	5	13	217538	236506	4563	449481	0.989848
chr05x13	32500001	32750000	HAP1_chr05	HAP1_chr13	HAP1	HAP1	5	13	169224	225703	2338	392589	0.994045
chr05x13	32500001	32750000	HAP1_chr05	HAP2_chr13	HAP1	HAP2	5	13	169224	204472	1709	371987	0.995406
chr05x13	32500001	32750000	HAP1_chr13	HAP2_chr05	HAP1	HAP2	13	5	225703	222241	7301	440643	0.983431
chr05x13	32500001	32750000	HAP2_chr05	HAP2_chr13	HAP2	HAP2	5	13	222241	204472	6094	420619	0.985512
chr05x13	32750001	33000000	HAP1_chr05	HAP1_chr13	HAP1	HAP1	5	13	214253	214550	6083	422720	0.985610
chr05x13	32750001	33000000	HAP1_chr05	HAP2_chr13	HAP1	HAP2	5	13	214253	228094	5981	436366	0.986294
chr05x13	32750001	33000000	HAP1_chr13	HAP2_chr05	HAP1	HAP2	13	5	214550	212429	8517	418462	0.979647
chr05x13	32750001	33000000	HAP2_chr05	HAP2_chr13	HAP2	HAP2	5	13	212429	228094	5552	434971	0.987236
chr05x13	33000001	33250000	HAP1_chr05	HAP1_chr13	HAP1	HAP1	5	13	221781	222226	3661	440346	0.991686
chr05x13	33000001	33250000	HAP1_chr05	HAP2_chr13	HAP1	HAP2	5	13	221781	231473	6029	447225	0.986519
chr05x13	33000001	33250000	HAP1_chr13	HAP2_chr05	HAP1	HAP2	13	5	222226	229542	5931	445837	0.986697
chr05x13	33000001	33250000	HAP2_chr05	HAP2_chr13	HAP2	HAP2	5	13	229542	231473	4879	456136	0.989304
chr05x13	33250001	33500000	HAP1_chr05	HAP1_chr13	HAP1	HAP1	5	13	193759	211663	1719	403703	0.995742
chr05x13	33250001	33500000	HAP1_chr05	HAP2_chr13	HAP1	HAP2	5	13	193759	210116	4609	399266	0.988456
chr05x13	33250001	33500000	HAP1_chr13	HAP2_chr05	HAP1	HAP2	13	5	211663	236269	10416	437516	0.976193
chr05x13	33250001	33500000	HAP2_chr05	HAP2_chr13	HAP2	HAP2	5	13	236269	210116	2090	444295	0.995296
chr05x13	33500001	33750000	HAP1_chr05	HAP1_chr13	HAP1	HAP1	5	13	207056	225467	14239	418284	0.965959
chr05x13	33500001	33750000	HAP1_chr05	HAP2_chr13	HAP1	HAP2	5	13	207056	220781	10638	417199	0.974501
chr05x13	33500001	33750000	HAP1_chr13	HAP2_chr05	HAP1	HAP2	13	5	225467	214477	5623	434321	0.987053
chr05x13	33500001	33750000	HAP2_chr05	HAP2_chr13	HAP2	HAP2	5	13	214477	220781	13201	422057	0.968722
chr05x13	33750001	34000000	HAP1_chr05	HAP1_chr13	HAP1	HAP1	5	13	216565	185958	5089	397434	0.987195
chr05x13	33750001	34000000	HAP1_chr05	HAP2_chr13	HAP1	HAP2	5	13	216565	210093	9319	417339	0.977670
chr05x13	33750001	34000000	HAP1_chr13	HAP2_chr05	HAP1	HAP2	13	5	185958	191954	3323	374589	0.991129
chr05x13	33750001	34000000	HAP2_chr05	HAP2_chr13	HAP2	HAP2	5	13	191954	210093	11532	390515	0.970470
chr05x13	34000001	34250000	HAP1_chr05	HAP1_chr13	HAP1	HAP1	5	13	221333	232353	9168	444518	0.979375
chr05x13	34000001	34250000	HAP1_chr05	HAP2_chr13	HAP1	HAP2	5	13	221333	222382	7515	436200	0.982772
chr05x13	34000001	34250000	HAP1_chr13	HAP2_chr05	HAP1	HAP2	13	5	232353	202145	8092	426406	0.981023
chr05x13	34000001	34250000	HAP2_chr05	HAP2_chr13	HAP2	HAP2	5	13	202145	222382	6172	418355	0.985247
chr05x13	34250001	34500000	HAP1_chr05	HAP1_chr13	HAP1	HAP1	5	13	215399	237385	5402	447382	0.987925
chr05x13	34250001	34500000	HAP1_chr05	HAP2_chr13	HAP1	HAP2	5	13	215399	210807	4698	421508	0.988854
chr05x13	34250001	34500000	HAP1_chr13	HAP2_chr05	HAP1	HAP2	13	5	237385	195961	3630	429716	0.991553
chr05x13	34250001	34500000	HAP2_chr05	HAP2_chr13	HAP2	HAP2	5	13	195961	210807	6769	399999	0.983077
chr05x13	34500001	34750000	HAP1_chr05	HAP1_chr13	HAP1	HAP1	5	13	226354	220911	4384	442881	0.990101
chr05x13	34500001	34750000	HAP1_chr05	HAP2_chr13	HAP1	HAP2	5	13	226354	220869	3562	443661	0.991971
chr05x13	34500001	34750000	HAP1_chr13	HAP2_chr05	HAP1	HAP2	13	5	220911	211379	6603	425687	0.984489
chr05x13	34500001	34750000	HAP2_chr05	HAP2_chr13	HAP2	HAP2	5	13	211379	220869	7612	424636	0.982074
chr05x13	34750001	35000000	HAP1_chr05	HAP1_chr13	HAP1	HAP1	5	13	205932	218892	1996	422828	0.995279
chr05x13	34750001	35000000	HAP1_chr05	HAP2_chr13	HAP1	HAP2	5	13	205932	227136	5279	427789	0.987660
chr05x13	34750001	35000000	HAP1_chr13	HAP2_chr05	HAP1	HAP2	13	5	218892	215743	5182	429453	0.987933
chr05x13	34750001	35000000	HAP2_chr05	HAP2_chr13	HAP2	HAP2	5	13	215743	227136	8107	434772	0.981353
chr05x13	35000001	35250000	HAP1_chr05	HAP1_chr13	HAP1	HAP1	5	13	213831	238839	1914	450756	0.995754
chr05x13	35000001	35250000	HAP1_chr05	HAP2_chr13	HAP1	HAP2	5	13	213831	227494	6001	435324	0.986215
chr05x13	35000001	35250000	HAP1_chr13	HAP2_chr05	HAP1	HAP2	13	5	238839	214243	3251	449831	0.992773
chr05x13	35000001	35250000	HAP2_chr05	HAP2_chr13	HAP2	HAP2	5	13	214243	227494	6435	435302	0.985217
chr05x13	35250001	35500000	HAP1_chr05	HAP1_chr13	HAP1	HAP1	5	13	195237	229205	3477	420965	0.991740
chr05x13	35250001	35500000	HAP1_chr05	HAP2_chr13	HAP1	HAP2	5	13	195237	229998	6203	419032	0.985197
chr05x13	35250001	35500000	HAP1_chr13	HAP2_chr05	HAP1	HAP2	13	5	229205	210443	5469	434179	0.987404
chr05x13	35250001	35500000	HAP2_chr05	HAP2_chr13	HAP2	HAP2	5	13	210443	229998	8665	431776	0.979932
chr05x13	35500001	35750000	HAP1_chr05	HAP1_chr13	HAP1	HAP1	5	13	215852	229325	2457	442720	0.994450
chr05x13	35500001	35750000	HAP1_chr05	HAP2_chr13	HAP1	HAP2	5	13	215852	209195	9389	415658	0.977412
chr05x13	35500001	35750000	HAP1_chr13	HAP2_chr05	HAP1	HAP2	13	5	229325	225352	3975	450702	0.991180
chr05x13	35500001	35750000	HAP2_chr05	HAP2_chr13	HAP2	HAP2	5	13	225352	209195	8875	425672	0.979151
chr05x13	35750001	36000000	HAP1_chr05	HAP1_chr13	HAP1	HAP1	5	13	227302	233005	2609	457698	0.994300
chr05x13	35750001	36000000	HAP1_chr05	HAP2_chr13	HAP1	HAP2	5	13	227302	216373	6038	437637	0.986203
chr05x13	35750001	36000000	HAP1_chr13	HAP2_chr05	HAP1	HAP2	13	5	233005	225130	5078	453057	0.988792
chr05x13	35750001	36000000	HAP2_chr05	HAP2_chr13	HAP2	HAP2	5	13	225130	216373	6362	435141	0.985379
chr05x13	36000001	36250000	HAP1_chr05	HAP1_chr13	HAP1	HAP1	5	13	210941	224508	5456	429993	0.987311
chr05x13	36000001	36250000	HAP1_chr05	HAP2_chr13	HAP1	HAP2	5	13	210941	215520	5880	420581	0.986019
chr05x13	36000001	36250000	HAP1_chr13	HAP2_chr05	HAP1	HAP2	13	5	224508	213834	6988	431354	0.983800
chr05x13	36000001	36250000	HAP2_chr05	HAP2_chr13	HAP2	HAP2	5	13	213834	215520	5573	423781	0.986849
chr05x13	36250001	36500000	HAP1_chr05	HAP1_chr13	HAP1	HAP1	5	13	215393	239287	2183	452497	0.995176
chr05x13	36250001	36500000	HAP1_chr05	HAP2_chr13	HAP1	HAP2	5	13	215393	176192	9961	381624	0.973898
chr05x13	36250001	36500000	HAP1_chr13	HAP2_chr05	HAP1	HAP2	13	5	239287	203176	2639	439824	0.994000
chr05x13	36250001	36500000	HAP2_chr05	HAP2_chr13	HAP2	HAP2	5	13	203176	176192	11334	368034	0.969204
chr05x13	36500001	36750000	HAP1_chr05	HAP1_chr13	HAP1	HAP1	5	13	216169	239965	2038	454096	0.995512
chr05x13	36500001	36750000	HAP1_chr05	HAP2_chr13	HAP1	HAP2	5	13	216169	227163	7936	435396	0.981773
chr05x13	36500001	36750000	HAP1_chr13	HAP2_chr05	HAP1	HAP2	13	5	239965	218923	3230	455658	0.992911
chr05x13	36500001	36750000	HAP2_chr05	HAP2_chr13	HAP2	HAP2	5	13	218923	227163	8207	437879	0.981257
chr05x13	36750001	37000000	HAP1_chr05	HAP1_chr13	HAP1	HAP1	5	13	206414	236148	6532	436030	0.985019
chr05x13	36750001	37000000	HAP1_chr05	HAP2_chr13	HAP1	HAP2	5	13	206414	195811	10716	391509	0.972629
chr05x13	36750001	37000000	HAP1_chr13	HAP2_chr05	HAP1	HAP2	13	5	236148	228564	2846	461866	0.993838
chr05x13	36750001	37000000	HAP2_chr05	HAP2_chr13	HAP2	HAP2	5	13	228564	195811	7073	417302	0.983051
chr05x13	37000001	37250000	HAP1_chr05	HAP1_chr13	HAP1	HAP1	5	13	228963	213959	3190	439732	0.992746
chr05x13	37000001	37250000	HAP1_chr05	HAP2_chr13	HAP1	HAP2	5	13	228963	222682	8708	442937	0.980340
chr05x13	37000001	37250000	HAP1_chr13	HAP2_chr05	HAP1	HAP2	13	5	213959	218307	4345	427921	0.989846
chr05x13	37000001	37250000	HAP2_chr05	HAP2_chr13	HAP2	HAP2	5	13	218307	222682	9410	431579	0.978196
chr05x13	37250001	37500000	HAP1_chr05	HAP1_chr13	HAP1	HAP1	5	13	210741	234934	4595	441080	0.989582
chr05x13	37250001	37500000	HAP1_chr05	HAP2_chr13	HAP1	HAP2	5	13	210741	228263	8904	430100	0.979298
chr05x13	37250001	37500000	HAP1_chr13	HAP2_chr05	HAP1	HAP2	13	5	234934	205986	5245	435675	0.987961
chr05x13	37250001	37500000	HAP2_chr05	HAP2_chr13	HAP2	HAP2	5	13	205986	228263	4473	429776	0.989592
chr05x13	37500001	37750000	HAP1_chr05	HAP1_chr13	HAP1	HAP1	5	13	191120	229909	4474	416555	0.989260
chr05x13	37500001	37750000	HAP1_chr05	HAP2_chr13	HAP1	HAP2	5	13	191120	221529	9741	402908	0.975823
chr05x13	37500001	37750000	HAP1_chr13	HAP2_chr05	HAP1	HAP2	13	5	229909	173569	5345	398133	0.986575
chr05x13	37500001	37750000	HAP2_chr05	HAP2_chr13	HAP2	HAP2	5	13	173569	221529	7991	387107	0.979357
chr05x13	37750001	38000000	HAP1_chr05	HAP1_chr13	HAP1	HAP1	5	13	189081	238421	2397	425105	0.994361
chr05x13	37750001	38000000	HAP1_chr05	HAP2_chr13	HAP1	HAP2	5	13	189081	212750	4719	397112	0.988117
chr05x13	37750001	38000000	HAP1_chr13	HAP2_chr05	HAP1	HAP2	13	5	238421	191758	2382	427797	0.994432
chr05x13	37750001	38000000	HAP2_chr05	HAP2_chr13	HAP2	HAP2	5	13	191758	212750	4581	399927	0.988545
chr05x13	38000001	38250000	HAP1_chr05	HAP1_chr13	HAP1	HAP1	5	13	213790	237261	4141	446910	0.990734
chr05x13	38000001	38250000	HAP1_chr05	HAP2_chr13	HAP1	HAP2	5	13	213790	159088	12954	359924	0.964009
chr05x13	38000001	38250000	HAP1_chr13	HAP2_chr05	HAP1	HAP2	13	5	237261	213864	4505	446620	0.989913
chr05x13	38000001	38250000	HAP2_chr05	HAP2_chr13	HAP2	HAP2	5	13	213864	159088	11934	361018	0.966943
chr05x13	38250001	38500000	HAP1_chr05	HAP1_chr13	HAP1	HAP1	5	13	218639	236830	886	454583	0.998051
chr05x13	38250001	38500000	HAP1_chr05	HAP2_chr13	HAP1	HAP2	5	13	218639	216634	10740	424533	0.974702
chr05x13	38250001	38500000	HAP1_chr13	HAP2_chr05	HAP1	HAP2	13	5	236830	192035	2217	426648	0.994804
chr05x13	38250001	38500000	HAP2_chr05	HAP2_chr13	HAP2	HAP2	5	13	192035	216634	4729	403940	0.988293
chr05x13	38500001	38750000	HAP1_chr05	HAP1_chr13	HAP1	HAP1	5	13	167599	207946	5517	370028	0.985090
chr05x13	38500001	38750000	HAP1_chr05	HAP2_chr13	HAP1	HAP2	5	13	167599	222853	4141	386311	0.989281
chr05x13	38500001	38750000	HAP1_chr13	HAP2_chr05	HAP1	HAP2	13	5	207946	180639	4849	383736	0.987364
chr05x13	38500001	38750000	HAP2_chr05	HAP2_chr13	HAP2	HAP2	5	13	180639	222853	5412	398080	0.986405
chr05x13	38750001	39000000	HAP1_chr05	HAP1_chr13	HAP1	HAP1	5	13	186549	209655	998	395206	0.997475
chr05x13	38750001	39000000	HAP1_chr05	HAP2_chr13	HAP1	HAP2	5	13	186549	186200	10907	361842	0.969857
chr05x13	38750001	39000000	HAP1_chr13	HAP2_chr05	HAP1	HAP2	13	5	209655	157820	848	366627	0.997687
chr05x13	38750001	39000000	HAP2_chr05	HAP2_chr13	HAP2	HAP2	5	13	157820	186200	9856	334164	0.970506
chr05x13	39000001	39250000	HAP1_chr05	HAP1_chr13	HAP1	HAP1	5	13	176846	223219	948	399117	0.997625
chr05x13	39000001	39250000	HAP1_chr05	HAP2_chr13	HAP1	HAP2	5	13	176846	226279	7594	395531	0.980800
chr05x13	39000001	39250000	HAP1_chr13	HAP2_chr05	HAP1	HAP2	13	5	223219	228262	9401	442080	0.978735
chr05x13	39000001	39250000	HAP2_chr05	HAP2_chr13	HAP2	HAP2	5	13	228262	226279	2157	452384	0.995232
chr05x13	39250001	39500000	HAP1_chr05	HAP1_chr13	HAP1	HAP1	5	13	198436	223146	7194	414388	0.982639
chr05x13	39250001	39500000	HAP1_chr05	HAP2_chr13	HAP1	HAP2	5	13	198436	166005	12673	351768	0.963973
chr05x13	39250001	39500000	HAP1_chr13	HAP2_chr05	HAP1	HAP2	13	5	223146	227413	5131	445428	0.988481
chr05x13	39250001	39500000	HAP2_chr05	HAP2_chr13	HAP2	HAP2	5	13	227413	166005	5763	387655	0.985134
chr05x13	39500001	39750000	HAP1_chr05	HAP1_chr13	HAP1	HAP1	5	13	197276	238230	2183	433323	0.994962
chr05x13	39500001	39750000	HAP1_chr05	HAP2_chr13	HAP1	HAP2	5	13	197276	224871	6136	416011	0.985250
chr05x13	39500001	39750000	HAP1_chr13	HAP2_chr05	HAP1	HAP2	13	5	238230	221236	3009	456457	0.993408
chr05x13	39500001	39750000	HAP2_chr05	HAP2_chr13	HAP2	HAP2	5	13	221236	224871	6860	439247	0.984382
chr05x13	39750001	40000000	HAP1_chr05	HAP1_chr13	HAP1	HAP1	5	13	209254	230630	1266	438618	0.997114
chr05x13	39750001	40000000	HAP1_chr05	HAP2_chr13	HAP1	HAP2	5	13	209254	190452	7125	392581	0.981851
chr05x13	39750001	40000000	HAP1_chr13	HAP2_chr05	HAP1	HAP2	13	5	230630	202253	1813	431070	0.995794
chr05x13	39750001	40000000	HAP2_chr05	HAP2_chr13	HAP2	HAP2	5	13	202253	190452	5415	387290	0.986018
chr05x13	40000001	40250000	HAP1_chr05	HAP1_chr13	HAP1	HAP1	5	13	215116	227328	1311	441133	0.997028
chr05x13	40000001	40250000	HAP1_chr05	HAP2_chr13	HAP1	HAP2	5	13	215116	196111	14192	397035	0.964255
chr05x13	40000001	40250000	HAP1_chr13	HAP2_chr05	HAP1	HAP2	13	5	227328	223507	1931	448904	0.995698
chr05x13	40000001	40250000	HAP2_chr05	HAP2_chr13	HAP2	HAP2	5	13	223507	196111	3559	416059	0.991446
chr05x13	40250001	40500000	HAP1_chr05	HAP1_chr13	HAP1	HAP1	5	13	223836	228123	1840	450119	0.995912
chr05x13	40250001	40500000	HAP1_chr05	HAP2_chr13	HAP1	HAP2	5	13	223836	196452	10469	409819	0.974455
chr05x13	40250001	40500000	HAP1_chr13	HAP2_chr05	HAP1	HAP2	13	5	228123	210151	968	437306	0.997786
chr05x13	40250001	40500000	HAP2_chr05	HAP2_chr13	HAP2	HAP2	5	13	210151	196452	10293	396310	0.974028
chr05x13	40500001	40750000	HAP1_chr05	HAP1_chr13	HAP1	HAP1	5	13	207458	240355	2707	445106	0.993918
chr05x13	40500001	40750000	HAP1_chr05	HAP2_chr13	HAP1	HAP2	5	13	207458	211013	8711	409760	0.978741
chr05x13	40500001	40750000	HAP1_chr13	HAP2_chr05	HAP1	HAP2	13	5	240355	207941	1620	446676	0.996373
chr05x13	40500001	40750000	HAP2_chr05	HAP2_chr13	HAP2	HAP2	5	13	207941	211013	7318	411636	0.982222
chr05x13	40750001	41000000	HAP1_chr05	HAP1_chr13	HAP1	HAP1	5	13	199990	240227	3734	436483	0.991445
chr05x13	40750001	41000000	HAP1_chr05	HAP2_chr13	HAP1	HAP2	5	13	199990	220309	7813	412486	0.981059
chr05x13	40750001	41000000	HAP1_chr13	HAP2_chr05	HAP1	HAP2	13	5	240227	208379	2603	446003	0.994164
chr05x13	40750001	41000000	HAP2_chr05	HAP2_chr13	HAP2	HAP2	5	13	208379	220309	5460	423228	0.987099
chr05x13	41000001	41250000	HAP1_chr05	HAP1_chr13	HAP1	HAP1	5	13	181156	240770	2110	419816	0.994974
chr05x13	41000001	41250000	HAP1_chr05	HAP2_chr13	HAP1	HAP2	5	13	181156	223606	4213	400549	0.989482
chr05x13	41000001	41250000	HAP1_chr13	HAP2_chr05	HAP1	HAP2	13	5	240770	171406	1453	410723	0.996462
chr05x13	41000001	41250000	HAP2_chr05	HAP2_chr13	HAP2	HAP2	5	13	171406	223606	3187	391825	0.991866
chr05x13	41250001	41500000	HAP1_chr05	HAP1_chr13	HAP1	HAP1	5	13	205941	223553	6316	423178	0.985075
chr05x13	41250001	41500000	HAP1_chr05	HAP2_chr13	HAP1	HAP2	5	13	205941	228885	9497	425329	0.977671
chr05x13	41250001	41500000	HAP1_chr13	HAP2_chr05	HAP1	HAP2	13	5	223553	204576	3210	424919	0.992446
chr05x13	41250001	41500000	HAP2_chr05	HAP2_chr13	HAP2	HAP2	5	13	204576	228885	12554	420907	0.970174
chr05x13	41500001	41750000	HAP1_chr05	HAP1_chr13	HAP1	HAP1	5	13	211263	234648	4147	441764	0.990613
chr05x13	41500001	41750000	HAP1_chr05	HAP2_chr13	HAP1	HAP2	5	13	211263	224082	6498	428847	0.984848
chr05x13	41500001	41750000	HAP1_chr13	HAP2_chr05	HAP1	HAP2	13	5	234648	207299	2171	439776	0.995063
chr05x13	41500001	41750000	HAP2_chr05	HAP2_chr13	HAP2	HAP2	5	13	207299	224082	5966	425415	0.985976
chr05x13	41750001	42000000	HAP1_chr05	HAP1_chr13	HAP1	HAP1	5	13	209844	240643	2131	448356	0.995247
chr05x13	41750001	42000000	HAP1_chr05	HAP2_chr13	HAP1	HAP2	5	13	209844	193132	8845	394131	0.977558
chr05x13	41750001	42000000	HAP1_chr13	HAP2_chr05	HAP1	HAP2	13	5	240643	222527	4197	458973	0.990856
chr05x13	41750001	42000000	HAP2_chr05	HAP2_chr13	HAP2	HAP2	5	13	222527	193132	10498	405161	0.974089
chr05x13	42000001	42250000	HAP1_chr05	HAP1_chr13	HAP1	HAP1	5	13	225112	238177	2276	461013	0.995063
chr05x13	42000001	42250000	HAP1_chr05	HAP2_chr13	HAP1	HAP2	5	13	225112	232224	5759	451577	0.987247
chr05x13	42000001	42250000	HAP1_chr13	HAP2_chr05	HAP1	HAP2	13	5	238177	213333	1551	449959	0.996553
chr05x13	42000001	42250000	HAP2_chr05	HAP2_chr13	HAP2	HAP2	5	13	213333	232224	12277	433280	0.971665
chr05x13	42250001	42500000	HAP1_chr05	HAP1_chr13	HAP1	HAP1	5	13	206446	235539	4347	437638	0.990067
chr05x13	42250001	42500000	HAP1_chr05	HAP2_chr13	HAP1	HAP2	5	13	206446	204804	6119	405131	0.984896
chr05x13	42250001	42500000	HAP1_chr13	HAP2_chr05	HAP1	HAP2	13	5	235539	193086	2171	426454	0.994909
chr05x13	42250001	42500000	HAP2_chr05	HAP2_chr13	HAP2	HAP2	5	13	193086	204804	7442	390448	0.980940
chr05x13	42500001	42750000	HAP1_chr05	HAP1_chr13	HAP1	HAP1	5	13	235228	244137	2175	477190	0.995442
chr05x13	42500001	42750000	HAP1_chr05	HAP2_chr13	HAP1	HAP2	5	13	235228	225367	4191	456404	0.990817
chr05x13	42500001	42750000	HAP1_chr13	HAP2_chr05	HAP1	HAP2	13	5	244137	200976	1543	443570	0.996521
chr05x13	42500001	42750000	HAP2_chr05	HAP2_chr13	HAP2	HAP2	5	13	200976	225367	5960	420383	0.985822
chr05x13	42750001	43000000	HAP1_chr05	HAP1_chr13	HAP1	HAP1	5	13	223446	193628	2755	414319	0.993351
chr05x13	42750001	43000000	HAP1_chr05	HAP2_chr13	HAP1	HAP2	5	13	223446	220993	3877	440562	0.991200
chr05x13	42750001	43000000	HAP1_chr13	HAP2_chr05	HAP1	HAP2	13	5	193628	196648	5354	384922	0.986091
chr05x13	42750001	43000000	HAP2_chr05	HAP2_chr13	HAP2	HAP2	5	13	196648	220993	10977	406664	0.973007
chr05x13	43000001	43250000	HAP1_chr05	HAP1_chr13	HAP1	HAP1	5	13	186136	223486	2551	407071	0.993733
chr05x13	43000001	43250000	HAP1_chr05	HAP2_chr13	HAP1	HAP2	5	13	186136	225916	4514	407538	0.988924
chr05x13	43000001	43250000	HAP1_chr13	HAP2_chr05	HAP1	HAP2	13	5	223486	187231	1509	409208	0.996312
chr05x13	43000001	43250000	HAP2_chr05	HAP2_chr13	HAP2	HAP2	5	13	187231	225916	8250	404897	0.979624
chr05x13	43250001	43500000	HAP1_chr05	HAP1_chr13	HAP1	HAP1	5	13	150611	240579	1484	389706	0.996192
chr05x13	43250001	43500000	HAP1_chr05	HAP2_chr13	HAP1	HAP2	5	13	150611	132824	494	282941	0.998254
chr05x13	43250001	43500000	HAP1_chr13	HAP2_chr05	HAP1	HAP2	13	5	240579	204157	1352	443384	0.996951
chr05x13	43250001	43500000	HAP2_chr05	HAP2_chr13	HAP2	HAP2	5	13	204157	132824	6183	330798	0.981309
chr05x13	43500001	43750000	HAP1_chr05	HAP1_chr13	HAP1	HAP1	5	13	201169	217441	1246	417364	0.997015
chr05x13	43500001	43750000	HAP1_chr05	HAP2_chr13	HAP1	HAP2	5	13	201169	128160	913	328416	0.997220
chr05x13	43500001	43750000	HAP1_chr13	HAP2_chr05	HAP1	HAP2	13	5	217441	220543	2317	435667	0.994682
chr05x13	43500001	43750000	HAP2_chr05	HAP2_chr13	HAP2	HAP2	5	13	220543	128160	1591	347112	0.995416
chr05x13	43750001	44000000	HAP1_chr05	HAP1_chr13	HAP1	HAP1	5	13	210955	211289	2014	420230	0.995207
chr05x13	43750001	44000000	HAP1_chr05	HAP2_chr13	HAP1	HAP2	5	13	210955	184179	3374	391760	0.991388
chr05x13	43750001	44000000	HAP1_chr13	HAP2_chr05	HAP1	HAP2	13	5	211289	195917	866	406340	0.997869
chr05x13	43750001	44000000	HAP2_chr05	HAP2_chr13	HAP2	HAP2	5	13	195917	184179	4093	376003	0.989114
chr05x13	44000001	44250000	HAP1_chr05	HAP1_chr13	HAP1	HAP1	5	13	191387	238894	3103	427178	0.992736
chr05x13	44000001	44250000	HAP1_chr05	HAP2_chr13	HAP1	HAP2	5	13	191387	191462	787	382062	0.997940
chr05x13	44000001	44250000	HAP1_chr13	HAP2_chr05	HAP1	HAP2	13	5	238894	202210	2963	438141	0.993237
chr05x13	44000001	44250000	HAP2_chr05	HAP2_chr13	HAP2	HAP2	5	13	202210	191462	2871	390801	0.992654
chr05x13	44250001	44500000	HAP1_chr05	HAP1_chr13	HAP1	HAP1	5	13	192115	232278	2543	421850	0.993972
chr05x13	44250001	44500000	HAP1_chr05	HAP2_chr13	HAP1	HAP2	5	13	192115	175243	1687	365671	0.995387
chr05x13	44250001	44500000	HAP1_chr13	HAP2_chr05	HAP1	HAP2	13	5	232278	206096	2467	435907	0.994341
chr05x13	44250001	44500000	HAP2_chr05	HAP2_chr13	HAP2	HAP2	5	13	206096	175243	3034	378305	0.991980
chr05x13	44500001	44750000	HAP1_chr05	HAP1_chr13	HAP1	HAP1	5	13	180855	231354	2159	410050	0.994735
chr05x13	44500001	44750000	HAP1_chr05	HAP2_chr13	HAP1	HAP2	5	13	180855	187143	822	367176	0.997761
chr05x13	44500001	44750000	HAP1_chr13	HAP2_chr05	HAP1	HAP2	13	5	231354	218478	1844	447988	0.995884
chr05x13	44500001	44750000	HAP2_chr05	HAP2_chr13	HAP2	HAP2	5	13	218478	187143	670	404951	0.998345
chr05x13	44750001	45000000	HAP1_chr05	HAP1_chr13	HAP1	HAP1	5	13	197190	237711	2463	432438	0.994304
chr05x13	44750001	45000000	HAP1_chr05	HAP2_chr13	HAP1	HAP2	5	13	197190	181385	528	378047	0.998603
chr05x13	44750001	45000000	HAP1_chr13	HAP2_chr05	HAP1	HAP2	13	5	237711	222644	6081	454274	0.986614
chr05x13	44750001	45000000	HAP2_chr05	HAP2_chr13	HAP2	HAP2	5	13	222644	181385	933	403096	0.997685
chr05x13	45000001	45250000	HAP1_chr05	HAP1_chr13	HAP1	HAP1	5	13	239999	238675	2069	476605	0.995659
chr05x13	45000001	45250000	HAP1_chr05	HAP2_chr13	HAP1	HAP2	5	13	239999	124654	310	364343	0.999149
chr05x13	45000001	45250000	HAP1_chr13	HAP2_chr05	HAP1	HAP2	13	5	238675	219321	5167	452829	0.988590
chr05x13	45000001	45250000	HAP2_chr05	HAP2_chr13	HAP2	HAP2	5	13	219321	124654	541	343434	0.998425
chr05x13	45250001	45500000	HAP1_chr05	HAP1_chr13	HAP1	HAP1	5	13	211758	229320	3411	437667	0.992206
chr05x13	45250001	45500000	HAP1_chr05	HAP2_chr13	HAP1	HAP2	5	13	211758	87497	497	298758	0.998336
chr05x13	45250001	45500000	HAP1_chr13	HAP2_chr05	HAP1	HAP2	13	5	229320	210918	1405	438833	0.996798
chr05x13	45250001	45500000	HAP2_chr05	HAP2_chr13	HAP2	HAP2	5	13	210918	87497	297	298118	0.999004
chr05x13	45500001	45750000	HAP1_chr05	HAP1_chr13	HAP1	HAP1	5	13	226298	237312	4651	458959	0.989866
chr05x13	45500001	45750000	HAP1_chr05	HAP2_chr13	HAP1	HAP2	5	13	226298	192771	449	418620	0.998927
chr05x13	45500001	45750000	HAP1_chr13	HAP2_chr05	HAP1	HAP2	13	5	237312	211328	2014	446626	0.995491
chr05x13	45500001	45750000	HAP2_chr05	HAP2_chr13	HAP2	HAP2	5	13	211328	192771	3591	400508	0.991034
chr05x13	45750001	46000000	HAP1_chr05	HAP1_chr13	HAP1	HAP1	5	13	193634	239846	2257	431223	0.994766
chr05x13	45750001	46000000	HAP1_chr05	HAP2_chr13	HAP1	HAP2	5	13	193634	184337	428	377543	0.998866
chr05x13	45750001	46000000	HAP1_chr13	HAP2_chr05	HAP1	HAP2	13	5	239846	227605	3382	464069	0.992712
chr05x13	45750001	46000000	HAP2_chr05	HAP2_chr13	HAP2	HAP2	5	13	227605	184337	1684	410258	0.995895
chr05x13	46000001	46250000	HAP1_chr05	HAP1_chr13	HAP1	HAP1	5	13	228850	233884	1951	460783	0.995766
chr05x13	46000001	46250000	HAP1_chr05	HAP2_chr13	HAP1	HAP2	5	13	228850	150321	4534	374637	0.987898
chr05x13	46000001	46250000	HAP1_chr13	HAP2_chr05	HAP1	HAP2	13	5	233884	215317	1808	447393	0.995959
chr05x13	46000001	46250000	HAP2_chr05	HAP2_chr13	HAP2	HAP2	5	13	215317	150321	11865	353773	0.966462
chr05x13	46250001	46500000	HAP1_chr05	HAP1_chr13	HAP1	HAP1	5	13	222012	230987	2265	450734	0.994975
chr05x13	46250001	46500000	HAP1_chr05	HAP2_chr13	HAP1	HAP2	5	13	222012	116152	788	337376	0.997664
chr05x13	46250001	46500000	HAP1_chr13	HAP2_chr05	HAP1	HAP2	13	5	230987	218854	2354	447487	0.994740
chr05x13	46250001	46500000	HAP2_chr05	HAP2_chr13	HAP2	HAP2	5	13	218854	116152	10144	324862	0.968774
chr05x13	46500001	46750000	HAP1_chr05	HAP1_chr13	HAP1	HAP1	5	13	217951	236837	4072	450716	0.990965
chr05x13	46500001	46750000	HAP1_chr05	HAP2_chr13	HAP1	HAP2	5	13	217951	171499	8544	380906	0.977569
chr05x13	46500001	46750000	HAP1_chr13	HAP2_chr05	HAP1	HAP2	13	5	236837	198531	2531	432837	0.994153
chr05x13	46500001	46750000	HAP2_chr05	HAP2_chr13	HAP2	HAP2	5	13	198531	171499	10300	359730	0.971367
chr05x13	46750001	47000000	HAP1_chr05	HAP1_chr13	HAP1	HAP1	5	13	202650	243270	1567	444353	0.996474
chr05x13	46750001	47000000	HAP1_chr05	HAP2_chr13	HAP1	HAP2	5	13	202650	191700	10732	383618	0.972024
chr05x13	46750001	47000000	HAP1_chr13	HAP2_chr05	HAP1	HAP2	13	5	243270	206084	1319	448035	0.997056
chr05x13	46750001	47000000	HAP2_chr05	HAP2_chr13	HAP2	HAP2	5	13	206084	191700	9826	387958	0.974673
chr05x13	47000001	47250000	HAP1_chr05	HAP1_chr13	HAP1	HAP1	5	13	213269	240223	4672	448820	0.989590
chr05x13	47000001	47250000	HAP1_chr05	HAP2_chr13	HAP1	HAP2	5	13	213269	220908	8319	425858	0.980465
chr05x13	47000001	47250000	HAP1_chr13	HAP2_chr05	HAP1	HAP2	13	5	240223	217064	1419	455868	0.996887
chr05x13	47000001	47250000	HAP2_chr05	HAP2_chr13	HAP2	HAP2	5	13	217064	220908	5025	432947	0.988393
chr05x13	47250001	47500000	HAP1_chr05	HAP1_chr13	HAP1	HAP1	5	13	224158	242521	2026	464653	0.995640
chr05x13	47250001	47500000	HAP1_chr05	HAP2_chr13	HAP1	HAP2	5	13	224158	190247	4078	410327	0.990062
chr05x13	47250001	47500000	HAP1_chr13	HAP2_chr05	HAP1	HAP2	13	5	242521	219504	1443	460582	0.996867
chr05x13	47250001	47500000	HAP2_chr05	HAP2_chr13	HAP2	HAP2	5	13	219504	190247	12487	397264	0.968568
chr05x13	47500001	47750000	HAP1_chr05	HAP1_chr13	HAP1	HAP1	5	13	196102	236313	1865	430550	0.995668
chr05x13	47500001	47750000	HAP1_chr05	HAP2_chr13	HAP1	HAP2	5	13	196102	219835	7579	408358	0.981440
chr05x13	47500001	47750000	HAP1_chr13	HAP2_chr05	HAP1	HAP2	13	5	236313	217331	982	452662	0.997831
chr05x13	47500001	47750000	HAP2_chr05	HAP2_chr13	HAP2	HAP2	5	13	217331	219835	10187	426979	0.976142
chr05x13	47750001	48000000	HAP1_chr05	HAP1_chr13	HAP1	HAP1	5	13	200664	240951	3441	438174	0.992147
chr05x13	47750001	48000000	HAP1_chr05	HAP2_chr13	HAP1	HAP2	5	13	200664	200831	9915	391580	0.974680
chr05x13	47750001	48000000	HAP1_chr13	HAP2_chr05	HAP1	HAP2	13	5	240951	217496	4490	453957	0.990109
chr05x13	47750001	48000000	HAP2_chr05	HAP2_chr13	HAP2	HAP2	5	13	217496	200831	8273	410054	0.979825
chr05x13	48000001	48250000	HAP1_chr05	HAP1_chr13	HAP1	HAP1	5	13	201638	205428	1113	405953	0.997258
chr05x13	48000001	48250000	HAP1_chr05	HAP2_chr13	HAP1	HAP2	5	13	201638	202611	7585	396664	0.980878
chr05x13	48000001	48250000	HAP1_chr13	HAP2_chr05	HAP1	HAP2	13	5	205428	211594	3352	413670	0.991897
chr05x13	48000001	48250000	HAP2_chr05	HAP2_chr13	HAP2	HAP2	5	13	211594	202611	12967	401238	0.967683
chr05x13	48250001	48500000	HAP1_chr05	HAP1_chr13	HAP1	HAP1	5	13	217606	237293	4463	450436	0.990092
chr05x13	48250001	48500000	HAP1_chr05	HAP2_chr13	HAP1	HAP2	5	13	217606	124485	8494	333597	0.974538
chr05x13	48250001	48500000	HAP1_chr13	HAP2_chr05	HAP1	HAP2	13	5	237293	199792	2577	434508	0.994069
chr05x13	48250001	48500000	HAP2_chr05	HAP2_chr13	HAP2	HAP2	5	13	199792	124485	9166	315111	0.970912
chr05x13	48500001	48750000	HAP1_chr05	HAP1_chr13	HAP1	HAP1	5	13	219959	234536	2282	452213	0.994954
chr05x13	48500001	48750000	HAP1_chr05	HAP2_chr13	HAP1	HAP2	5	13	219959	213844	8770	425033	0.979366
chr05x13	48500001	48750000	HAP1_chr13	HAP2_chr05	HAP1	HAP2	13	5	234536	222569	1642	455463	0.996395
chr05x13	48500001	48750000	HAP2_chr05	HAP2_chr13	HAP2	HAP2	5	13	222569	213844	10254	426159	0.975939
chr05x13	48750001	49000000	HAP1_chr05	HAP1_chr13	HAP1	HAP1	5	13	228129	219244	3299	444074	0.992571
chr05x13	48750001	49000000	HAP1_chr05	HAP2_chr13	HAP1	HAP2	5	13	228129	201891	8516	421504	0.979796
chr05x13	48750001	49000000	HAP1_chr13	HAP2_chr05	HAP1	HAP2	13	5	219244	210470	1336	428378	0.996881
chr05x13	48750001	49000000	HAP2_chr05	HAP2_chr13	HAP2	HAP2	5	13	210470	201891	13214	399147	0.966894
chr05x13	49000001	49250000	HAP1_chr05	HAP1_chr13	HAP1	HAP1	5	13	217841	233265	3870	447236	0.991347
chr05x13	49000001	49250000	HAP1_chr05	HAP2_chr13	HAP1	HAP2	5	13	217841	189875	9866	397850	0.975202
chr05x13	49000001	49250000	HAP1_chr13	HAP2_chr05	HAP1	HAP2	13	5	233265	182826	2659	413432	0.993568
chr05x13	49000001	49250000	HAP2_chr05	HAP2_chr13	HAP2	HAP2	5	13	182826	189875	7308	365393	0.980000
chr05x13	49250001	49500000	HAP1_chr05	HAP1_chr13	HAP1	HAP1	5	13	218904	221178	4633	435449	0.989360
chr05x13	49250001	49500000	HAP1_chr05	HAP2_chr13	HAP1	HAP2	5	13	218904	209119	6289	421734	0.985088
chr05x13	49250001	49500000	HAP1_chr13	HAP2_chr05	HAP1	HAP2	13	5	221178	141845	398	362625	0.998902
chr05x13	49250001	49500000	HAP2_chr05	HAP2_chr13	HAP2	HAP2	5	13	141845	209119	6435	344529	0.981322
chr05x13	49500001	49750000	HAP1_chr05	HAP1_chr13	HAP1	HAP1	5	13	214395	227783	2899	439279	0.993401
chr05x13	49500001	49750000	HAP1_chr05	HAP2_chr13	HAP1	HAP2	5	13	214395	221338	7067	428666	0.983514
chr05x13	49500001	49750000	HAP1_chr13	HAP2_chr05	HAP1	HAP2	13	5	227783	119331	497	346617	0.998566
chr05x13	49500001	49750000	HAP2_chr05	HAP2_chr13	HAP2	HAP2	5	13	119331	221338	1842	338827	0.994564
chr05x13	49750001	50000000	HAP1_chr05	HAP1_chr13	HAP1	HAP1	5	13	158530	227721	2007	384244	0.994777
chr05x13	49750001	50000000	HAP1_chr05	HAP2_chr13	HAP1	HAP2	5	13	158530	201515	8755	351290	0.975078
chr05x13	49750001	50000000	HAP1_chr13	HAP2_chr05	HAP1	HAP2	13	5	227721	169089	1293	395517	0.996731
chr05x13	49750001	50000000	HAP2_chr05	HAP2_chr13	HAP2	HAP2	5	13	169089	201515	4840	365764	0.986767
chr05x13	50000001	50250000	HAP1_chr05	HAP1_chr13	HAP1	HAP1	5	13	199700	235285	2197	432788	0.994924
chr05x13	50000001	50250000	HAP1_chr05	HAP2_chr13	HAP1	HAP2	5	13	199700	179935	10620	369015	0.971221
chr05x13	50000001	50250000	HAP1_chr13	HAP2_chr05	HAP1	HAP2	13	5	235285	222229	2180	455334	0.995212
chr05x13	50000001	50250000	HAP2_chr05	HAP2_chr13	HAP2	HAP2	5	13	222229	179935	6907	395257	0.982525
chr05x13	50250001	50500000	HAP1_chr05	HAP1_chr13	HAP1	HAP1	5	13	221749	239784	5657	455876	0.987591
chr05x13	50250001	50500000	HAP1_chr05	HAP2_chr13	HAP1	HAP2	5	13	221749	228491	4340	445900	0.990267
chr05x13	50250001	50500000	HAP1_chr13	HAP2_chr05	HAP1	HAP2	13	5	239784	199203	2083	436904	0.995232
chr05x13	50250001	50500000	HAP2_chr05	HAP2_chr13	HAP2	HAP2	5	13	199203	228491	6448	421246	0.984693
chr05x13	50500001	50750000	HAP1_chr05	HAP1_chr13	HAP1	HAP1	5	13	220227	244331	2698	461860	0.994158
chr05x13	50500001	50750000	HAP1_chr05	HAP2_chr13	HAP1	HAP2	5	13	220227	223724	3652	440299	0.991706
chr05x13	50500001	50750000	HAP1_chr13	HAP2_chr05	HAP1	HAP2	13	5	244331	203515	1260	446586	0.997179
chr05x13	50500001	50750000	HAP2_chr05	HAP2_chr13	HAP2	HAP2	5	13	203515	223724	8929	418310	0.978655
chr05x13	50750001	51000000	HAP1_chr05	HAP1_chr13	HAP1	HAP1	5	13	229795	232221	2585	459431	0.994373
chr05x13	50750001	51000000	HAP1_chr05	HAP2_chr13	HAP1	HAP2	5	13	229795	215540	2648	442687	0.994018
chr05x13	50750001	51000000	HAP1_chr13	HAP2_chr05	HAP1	HAP2	13	5	232221	221503	2564	451160	0.994317
chr05x13	50750001	51000000	HAP2_chr05	HAP2_chr13	HAP2	HAP2	5	13	221503	215540	10028	427015	0.976516
chr05x13	51000001	51250000	HAP1_chr05	HAP1_chr13	HAP1	HAP1	5	13	222108	235509	2877	454740	0.993673
chr05x13	51000001	51250000	HAP1_chr05	HAP2_chr13	HAP1	HAP2	5	13	222108	203940	4021	422027	0.990472
chr05x13	51000001	51250000	HAP1_chr13	HAP2_chr05	HAP1	HAP2	13	5	235509	186009	914	420604	0.997827
chr05x13	51000001	51250000	HAP2_chr05	HAP2_chr13	HAP2	HAP2	5	13	186009	203940	7114	382835	0.981418
chr05x13	51250001	51500000	HAP1_chr05	HAP1_chr13	HAP1	HAP1	5	13	219087	235328	1653	452762	0.996349
chr05x13	51250001	51500000	HAP1_chr05	HAP2_chr13	HAP1	HAP2	5	13	219087	220157	4098	435146	0.990582
chr05x13	51250001	51500000	HAP1_chr13	HAP2_chr05	HAP1	HAP2	13	5	235328	227443	1651	461120	0.996420
chr05x13	51250001	51500000	HAP2_chr05	HAP2_chr13	HAP2	HAP2	5	13	227443	220157	6940	440660	0.984251
chr05x13	51500001	51750000	HAP1_chr05	HAP1_chr13	HAP1	HAP1	5	13	223297	225461	3047	445711	0.993164
chr05x13	51500001	51750000	HAP1_chr05	HAP2_chr13	HAP1	HAP2	5	13	223297	218583	7872	434008	0.981862
chr05x13	51500001	51750000	HAP1_chr13	HAP2_chr05	HAP1	HAP2	13	5	225461	214332	1744	438049	0.996019
chr05x13	51500001	51750000	HAP2_chr05	HAP2_chr13	HAP2	HAP2	5	13	214332	218583	5127	427788	0.988015
chr05x13	51750001	52000000	HAP1_chr05	HAP1_chr13	HAP1	HAP1	5	13	195911	238982	2276	432617	0.994739
chr05x13	51750001	52000000	HAP1_chr05	HAP2_chr13	HAP1	HAP2	5	13	195911	219076	3172	411815	0.992298
chr05x13	51750001	52000000	HAP1_chr13	HAP2_chr05	HAP1	HAP2	13	5	238982	200605	2546	437041	0.994174
chr05x13	51750001	52000000	HAP2_chr05	HAP2_chr13	HAP2	HAP2	5	13	200605	219076	8267	411414	0.979906
chr05x13	52000001	52250000	HAP1_chr05	HAP1_chr13	HAP1	HAP1	5	13	220633	240383	3392	457624	0.992588
chr05x13	52000001	52250000	HAP1_chr05	HAP2_chr13	HAP1	HAP2	5	13	220633	198643	5623	413653	0.986406
chr05x13	52000001	52250000	HAP1_chr13	HAP2_chr05	HAP1	HAP2	13	5	240383	213935	1198	453120	0.997356
chr05x13	52000001	52250000	HAP2_chr05	HAP2_chr13	HAP2	HAP2	5	13	213935	198643	8331	404247	0.979391
chr05x13	52250001	52500000	HAP1_chr05	HAP1_chr13	HAP1	HAP1	5	13	240648	230382	2972	468058	0.993650
chr05x13	52250001	52500000	HAP1_chr05	HAP2_chr13	HAP1	HAP2	5	13	240648	192179	3650	429177	0.991495
chr05x13	52250001	52500000	HAP1_chr13	HAP2_chr05	HAP1	HAP2	13	5	230382	220757	1631	449508	0.996372
chr05x13	52250001	52500000	HAP2_chr05	HAP2_chr13	HAP2	HAP2	5	13	220757	192179	11660	401276	0.970943
chr05x13	52500001	52750000	HAP1_chr05	HAP1_chr13	HAP1	HAP1	5	13	221347	236544	3897	453994	0.991416
chr05x13	52500001	52750000	HAP1_chr05	HAP2_chr13	HAP1	HAP2	5	13	221347	220848	8190	434005	0.981129
chr05x13	52500001	52750000	HAP1_chr13	HAP2_chr05	HAP1	HAP2	13	5	236544	228408	1672	463280	0.996391
chr05x13	52500001	52750000	HAP2_chr05	HAP2_chr13	HAP2	HAP2	5	13	228408	220848	9820	439436	0.977653
chr05x13	52750001	53000000	HAP1_chr05	HAP1_chr13	HAP1	HAP1	5	13	223032	230420	2159	451293	0.995216
chr05x13	52750001	53000000	HAP1_chr05	HAP2_chr13	HAP1	HAP2	5	13	223032	215095	6038	432089	0.986026
chr05x13	52750001	53000000	HAP1_chr13	HAP2_chr05	HAP1	HAP2	13	5	230420	222102	2774	449748	0.993832
chr05x13	52750001	53000000	HAP2_chr05	HAP2_chr13	HAP2	HAP2	5	13	222102	215095	7848	429349	0.981721
chr05x13	53000001	53250000	HAP1_chr05	HAP1_chr13	HAP1	HAP1	5	13	236327	223121	5436	454012	0.988027
chr05x13	53000001	53250000	HAP1_chr05	HAP2_chr13	HAP1	HAP2	5	13	236327	222411	3278	455460	0.992803
chr05x13	53000001	53250000	HAP1_chr13	HAP2_chr05	HAP1	HAP2	13	5	223121	210546	1552	432115	0.996408
chr05x13	53000001	53250000	HAP2_chr05	HAP2_chr13	HAP2	HAP2	5	13	210546	222411	7023	425934	0.983512
chr05x13	53250001	53500000	HAP1_chr05	HAP1_chr13	HAP1	HAP1	5	13	217063	242090	2277	456876	0.995016
chr05x13	53250001	53500000	HAP1_chr05	HAP2_chr13	HAP1	HAP2	5	13	217063	231671	4373	444361	0.990159
chr05x13	53250001	53500000	HAP1_chr13	HAP2_chr05	HAP1	HAP2	13	5	242090	235485	1140	476435	0.997607
chr05x13	53250001	53500000	HAP2_chr05	HAP2_chr13	HAP2	HAP2	5	13	235485	231671	7577	459579	0.983513
chr05x13	53500001	53750000	HAP1_chr05	HAP1_chr13	HAP1	HAP1	5	13	231658	211531	4869	438320	0.988892
chr05x13	53500001	53750000	HAP1_chr05	HAP2_chr13	HAP1	HAP2	5	13	231658	216277	4208	443727	0.990517
chr05x13	53500001	53750000	HAP1_chr13	HAP2_chr05	HAP1	HAP2	13	5	211531	199155	3226	407460	0.992083
chr05x13	53500001	53750000	HAP2_chr05	HAP2_chr13	HAP2	HAP2	5	13	199155	216277	8230	407202	0.979789
chr05x13	53750001	54000000	HAP1_chr05	HAP1_chr13	HAP1	HAP1	5	13	215497	239931	2594	452834	0.994272
chr05x13	53750001	54000000	HAP1_chr05	HAP2_chr13	HAP1	HAP2	5	13	215497	216972	10649	421820	0.974755
chr05x13	53750001	54000000	HAP1_chr13	HAP2_chr05	HAP1	HAP2	13	5	239931	182779	3574	419136	0.991473
chr05x13	53750001	54000000	HAP2_chr05	HAP2_chr13	HAP2	HAP2	5	13	182779	216972	10568	389183	0.972846
chr05x13	54000001	54250000	HAP1_chr05	HAP1_chr13	HAP1	HAP1	5	13	226305	229783	3972	452116	0.991215
chr05x13	54000001	54250000	HAP1_chr05	HAP2_chr13	HAP1	HAP2	5	13	226305	186492	6023	406774	0.985193
chr05x13	54000001	54250000	HAP1_chr13	HAP2_chr05	HAP1	HAP2	13	5	229783	175502	2551	402734	0.993666
chr05x13	54000001	54250000	HAP2_chr05	HAP2_chr13	HAP2	HAP2	5	13	175502	186492	11957	350037	0.965841
chr05x13	54250001	54500000	HAP1_chr05	HAP1_chr13	HAP1	HAP1	5	13	218945	217353	8391	427907	0.980391
chr05x13	54250001	54500000	HAP1_chr05	HAP2_chr13	HAP1	HAP2	5	13	218945	224920	5344	438521	0.987814
chr05x13	54250001	54500000	HAP1_chr13	HAP2_chr05	HAP1	HAP2	13	5	217353	221813	2276	436890	0.994790
chr05x13	54250001	54500000	HAP2_chr05	HAP2_chr13	HAP2	HAP2	5	13	221813	224920	3663	443070	0.991733
chr05x13	54500001	54750000	HAP1_chr05	HAP1_chr13	HAP1	HAP1	5	13	231540	233975	2322	463193	0.994987
chr05x13	54500001	54750000	HAP1_chr05	HAP2_chr13	HAP1	HAP2	5	13	231540	200746	4425	427861	0.989658
chr05x13	54500001	54750000	HAP1_chr13	HAP2_chr05	HAP1	HAP2	13	5	233975	218117	2618	449474	0.994175
chr05x13	54500001	54750000	HAP2_chr05	HAP2_chr13	HAP2	HAP2	5	13	218117	200746	6721	412142	0.983693
chr05x13	54750001	55000000	HAP1_chr05	HAP1_chr13	HAP1	HAP1	5	13	233511	211797	2105	443203	0.995250
chr05x13	54750001	55000000	HAP1_chr05	HAP2_chr13	HAP1	HAP2	5	13	233511	221949	4927	450533	0.989064
chr05x13	54750001	55000000	HAP1_chr13	HAP2_chr05	HAP1	HAP2	13	5	211797	216948	1404	427341	0.996715
chr05x13	54750001	55000000	HAP2_chr05	HAP2_chr13	HAP2	HAP2	5	13	216948	221949	8397	430500	0.980495
chr05x13	55000001	55250000	HAP1_chr05	HAP1_chr13	HAP1	HAP1	5	13	227778	240183	5754	462207	0.987551
chr05x13	55000001	55250000	HAP1_chr05	HAP2_chr13	HAP1	HAP2	5	13	227778	210728	5019	433487	0.988422
chr05x13	55000001	55250000	HAP1_chr13	HAP2_chr05	HAP1	HAP2	13	5	240183	183437	1931	421689	0.995421
chr05x13	55000001	55250000	HAP2_chr05	HAP2_chr13	HAP2	HAP2	5	13	183437	210728	6607	387558	0.982952
chr05x13	55250001	55500000	HAP1_chr05	HAP1_chr13	HAP1	HAP1	5	13	209291	236835	2332	443794	0.994745
chr05x13	55250001	55500000	HAP1_chr05	HAP2_chr13	HAP1	HAP2	5	13	209291	175901	4121	381071	0.989186
chr05x13	55250001	55500000	HAP1_chr13	HAP2_chr05	HAP1	HAP2	13	5	236835	213139	4507	445467	0.989883
chr05x13	55250001	55500000	HAP2_chr05	HAP2_chr13	HAP2	HAP2	5	13	213139	175901	8530	380510	0.977583
chr05x13	55500001	55750000	HAP1_chr05	HAP1_chr13	HAP1	HAP1	5	13	218063	234965	3668	449360	0.991837
chr05x13	55500001	55750000	HAP1_chr05	HAP2_chr13	HAP1	HAP2	5	13	218063	223619	2209	439473	0.994974
chr05x13	55500001	55750000	HAP1_chr13	HAP2_chr05	HAP1	HAP2	13	5	234965	218346	1049	452262	0.997681
chr05x13	55500001	55750000	HAP2_chr05	HAP2_chr13	HAP2	HAP2	5	13	218346	223619	6074	435891	0.986065
chr05x13	55750001	56000000	HAP1_chr05	HAP1_chr13	HAP1	HAP1	5	13	240821	225791	2293	464319	0.995062
chr05x13	55750001	56000000	HAP1_chr05	HAP2_chr13	HAP1	HAP2	5	13	240821	231466	2298	469989	0.995111
chr05x13	55750001	56000000	HAP1_chr13	HAP2_chr05	HAP1	HAP2	13	5	225791	209374	1958	433207	0.995480
chr05x13	55750001	56000000	HAP2_chr05	HAP2_chr13	HAP2	HAP2	5	13	209374	231466	9434	431406	0.978132
chr05x13	56000001	56250000	HAP1_chr05	HAP1_chr13	HAP1	HAP1	5	13	232930	241289	3098	471121	0.993424
chr05x13	56000001	56250000	HAP1_chr05	HAP2_chr13	HAP1	HAP2	5	13	232930	229672	3800	458802	0.991718
chr05x13	56000001	56250000	HAP1_chr13	HAP2_chr05	HAP1	HAP2	13	5	241289	211864	1764	451389	0.996092
chr05x13	56000001	56250000	HAP2_chr05	HAP2_chr13	HAP2	HAP2	5	13	211864	229672	7152	434384	0.983535
chr05x13	56250001	56500000	HAP1_chr05	HAP1_chr13	HAP1	HAP1	5	13	240893	239060	5421	474532	0.988576
chr05x13	56250001	56500000	HAP1_chr05	HAP2_chr13	HAP1	HAP2	5	13	240893	180499	4454	416938	0.989317
chr05x13	56250001	56500000	HAP1_chr13	HAP2_chr05	HAP1	HAP2	13	5	239060	203728	2522	440266	0.994272
chr05x13	56250001	56500000	HAP2_chr05	HAP2_chr13	HAP2	HAP2	5	13	203728	180499	6982	377245	0.981492
chr05x13	56500001	56750000	HAP1_chr05	HAP1_chr13	HAP1	HAP1	5	13	221463	242579	3013	461029	0.993465
chr05x13	56500001	56750000	HAP1_chr05	HAP2_chr13	HAP1	HAP2	5	13	221463	211404	8369	424498	0.980285
chr05x13	56500001	56750000	HAP1_chr13	HAP2_chr05	HAP1	HAP2	13	5	242579	221789	1926	462442	0.995835
chr05x13	56500001	56750000	HAP2_chr05	HAP2_chr13	HAP2	HAP2	5	13	221789	211404	14282	418911	0.965907
chr05x13	56750001	57000000	HAP1_chr05	HAP1_chr13	HAP1	HAP1	5	13	229635	237936	4211	463360	0.990912
chr05x13	56750001	57000000	HAP1_chr05	HAP2_chr13	HAP1	HAP2	5	13	229635	228140	4275	453500	0.990573
chr05x13	56750001	57000000	HAP1_chr13	HAP2_chr05	HAP1	HAP2	13	5	237936	226312	6951	457297	0.984800
chr05x13	56750001	57000000	HAP2_chr05	HAP2_chr13	HAP2	HAP2	5	13	226312	228140	10276	444176	0.976865
chr05x13	57000001	57250000	HAP1_chr05	HAP1_chr13	HAP1	HAP1	5	13	213462	238996	4388	448070	0.990207
chr05x13	57000001	57250000	HAP1_chr05	HAP2_chr13	HAP1	HAP2	5	13	213462	220050	2486	431026	0.994232
chr05x13	57000001	57250000	HAP1_chr13	HAP2_chr05	HAP1	HAP2	13	5	238996	236387	2504	472879	0.994705
chr05x13	57000001	57250000	HAP2_chr05	HAP2_chr13	HAP2	HAP2	5	13	236387	220050	7127	449310	0.984138
chr05x13	57250001	57500000	HAP1_chr05	HAP1_chr13	HAP1	HAP1	5	13	225530	240206	2598	463138	0.994390
chr05x13	57250001	57500000	HAP1_chr05	HAP2_chr13	HAP1	HAP2	5	13	225530	233364	5551	453343	0.987755
chr05x13	57250001	57500000	HAP1_chr13	HAP2_chr05	HAP1	HAP2	13	5	240206	200460	1017	439649	0.997687
chr05x13	57250001	57500000	HAP2_chr05	HAP2_chr13	HAP2	HAP2	5	13	200460	233364	5699	428125	0.986688
chr05x13	57500001	57750000	HAP1_chr05	HAP1_chr13	HAP1	HAP1	5	13	232235	241253	2050	471438	0.995652
chr05x13	57500001	57750000	HAP1_chr05	HAP2_chr13	HAP1	HAP2	5	13	232235	225162	4700	452697	0.989618
chr05x13	57500001	57750000	HAP1_chr13	HAP2_chr05	HAP1	HAP2	13	5	241253	196323	873	436703	0.998001
chr05x13	57500001	57750000	HAP2_chr05	HAP2_chr13	HAP2	HAP2	5	13	196323	225162	5076	416409	0.987810
chr05x13	57750001	58000000	HAP1_chr05	HAP1_chr13	HAP1	HAP1	5	13	216168	236135	1359	450944	0.996986
chr05x13	57750001	58000000	HAP1_chr05	HAP2_chr13	HAP1	HAP2	5	13	216168	234278	5698	444748	0.987188
chr05x13	57750001	58000000	HAP1_chr13	HAP2_chr05	HAP1	HAP2	13	5	236135	227739	1810	462064	0.996083
chr05x13	57750001	58000000	HAP2_chr05	HAP2_chr13	HAP2	HAP2	5	13	227739	234278	6199	455818	0.986400
chr05x13	58000001	58250000	HAP1_chr05	HAP1_chr13	HAP1	HAP1	5	13	238733	243228	2562	479399	0.994656
chr05x13	58000001	58250000	HAP1_chr05	HAP2_chr13	HAP1	HAP2	5	13	238733	214772	6721	446784	0.984957
chr05x13	58000001	58250000	HAP1_chr13	HAP2_chr05	HAP1	HAP2	13	5	243228	216499	1193	458534	0.997398
chr05x13	58000001	58250000	HAP2_chr05	HAP2_chr13	HAP2	HAP2	5	13	216499	214772	8936	422335	0.978841
chr05x13	58250001	58500000	HAP1_chr05	HAP1_chr13	HAP1	HAP1	5	13	238468	171890	2668	407690	0.993456
chr05x13	58250001	58500000	HAP1_chr05	HAP2_chr13	HAP1	HAP2	5	13	238468	183143	2868	418743	0.993151
chr05x13	58250001	58500000	HAP1_chr13	HAP2_chr05	HAP1	HAP2	13	5	171890	199462	674	370678	0.998182
chr05x13	58250001	58500000	HAP2_chr05	HAP2_chr13	HAP2	HAP2	5	13	199462	183143	10227	372378	0.972536
chr05x13	58500001	58750000	HAP1_chr05	HAP1_chr13	HAP1	HAP1	5	13	241265	231816	7157	465924	0.984639
chr05x13	58500001	58750000	HAP1_chr05	HAP2_chr13	HAP1	HAP2	5	13	241265	224603	5501	460367	0.988051
chr05x13	58500001	58750000	HAP1_chr13	HAP2_chr05	HAP1	HAP2	13	5	231816	183416	4233	410999	0.989701
chr05x13	58500001	58750000	HAP2_chr05	HAP2_chr13	HAP2	HAP2	5	13	183416	224603	9180	398839	0.976983
chr05x13	58750001	58862318	HAP1_chr05	HAP1_chr13	HAP1	HAP1	5	13	71911	109369	192	181088	0.998940
chr05x13	58750001	58862318	HAP1_chr05	HAP2_chr13	HAP1	HAP2	5	13	71911	89465	1352	160024	0.991551
chr05x13	58750001	58862318	HAP1_chr13	HAP2_chr05	HAP1	HAP2	13	5	109369	88025	274	197120	0.998610
chr05x13	58750001	58862318	HAP2_chr05	HAP2_chr13	HAP2	HAP2	5	13	88025	89465	219	177271	0.998765
chr06x16	1	250000	HAP1_chr06	HAP1_chr16	HAP1	HAP1	6	16	153677	187694	138449	202922	0.317723
chr06x16	1	250000	HAP1_chr06	HAP2_chr16	HAP1	HAP2	6	16	153677	73813	3902	223588	0.982548
chr06x16	1	250000	HAP1_chr16	HAP2_chr06	HAP1	HAP2	16	6	187694	215769	3461	400002	0.991348
chr06x16	1	250000	HAP2_chr06	HAP2_chr16	HAP2	HAP2	6	16	215769	73813	389	289193	0.998655
chr06x16	250001	500000	HAP1_chr06	HAP1_chr16	HAP1	HAP1	6	16	208108	222521	150607	280022	0.462160
chr06x16	250001	500000	HAP1_chr06	HAP2_chr16	HAP1	HAP2	6	16	208108	237921	2993	443036	0.993244
chr06x16	250001	500000	HAP1_chr16	HAP2_chr06	HAP1	HAP2	16	6	222521	239751	5669	456603	0.987584
chr06x16	250001	500000	HAP2_chr06	HAP2_chr16	HAP2	HAP2	6	16	239751	237921	23984	453688	0.947135
chr06x16	500001	750000	HAP1_chr06	HAP1_chr16	HAP1	HAP1	6	16	209385	202512	141443	270454	0.477016
chr06x16	500001	750000	HAP1_chr06	HAP2_chr16	HAP1	HAP2	6	16	209385	234163	847	442701	0.998087
chr06x16	500001	750000	HAP1_chr16	HAP2_chr06	HAP1	HAP2	16	6	202512	240731	1632	441611	0.996304
chr06x16	500001	750000	HAP2_chr06	HAP2_chr16	HAP2	HAP2	6	16	240731	234163	33674	441220	0.923680
chr06x16	750001	1000000	HAP1_chr06	HAP1_chr16	HAP1	HAP1	6	16	219197	219088	164659	273626	0.398233
chr06x16	750001	1000000	HAP1_chr06	HAP2_chr16	HAP1	HAP2	6	16	219197	232060	4826	446431	0.989190
chr06x16	750001	1000000	HAP1_chr16	HAP2_chr06	HAP1	HAP2	16	6	219088	237879	1764	455203	0.996125
chr06x16	750001	1000000	HAP2_chr06	HAP2_chr16	HAP2	HAP2	6	16	237879	232060	22439	447500	0.949857
chr06x16	1000001	1250000	HAP1_chr06	HAP1_chr16	HAP1	HAP1	6	16	212613	198949	151145	260417	0.419604
chr06x16	1000001	1250000	HAP1_chr06	HAP2_chr16	HAP1	HAP2	6	16	212613	238648	1808	449453	0.995977
chr06x16	1000001	1250000	HAP1_chr16	HAP2_chr06	HAP1	HAP2	16	6	198949	235967	953	433963	0.997804
chr06x16	1000001	1250000	HAP2_chr06	HAP2_chr16	HAP2	HAP2	6	16	235967	238648	38700	435915	0.911221
chr06x16	1250001	1500000	HAP1_chr06	HAP1_chr16	HAP1	HAP1	6	16	218103	203025	11270	409858	0.972503
chr06x16	1250001	1500000	HAP1_chr06	HAP2_chr16	HAP1	HAP2	6	16	218103	237580	2354	453329	0.994807
chr06x16	1250001	1500000	HAP1_chr16	HAP2_chr06	HAP1	HAP2	16	6	203025	227942	3556	427411	0.991680
chr06x16	1250001	1500000	HAP2_chr06	HAP2_chr16	HAP2	HAP2	6	16	227942	237580	22177	443345	0.949978
chr06x16	1500001	1750000	HAP1_chr06	HAP1_chr16	HAP1	HAP1	6	16	210859	180860	25090	366629	0.931566
chr06x16	1500001	1750000	HAP1_chr06	HAP2_chr16	HAP1	HAP2	6	16	210859	217762	2572	426049	0.993963
chr06x16	1500001	1750000	HAP1_chr16	HAP2_chr06	HAP1	HAP2	16	6	180860	231114	4181	407793	0.989747
chr06x16	1500001	1750000	HAP2_chr06	HAP2_chr16	HAP2	HAP2	6	16	231114	217762	7698	441178	0.982551
chr06x16	1750001	2000000	HAP1_chr06	HAP1_chr16	HAP1	HAP1	6	16	227243	208580	16711	419112	0.960128
chr06x16	1750001	2000000	HAP1_chr06	HAP2_chr16	HAP1	HAP2	6	16	227243	233587	1284	459546	0.997206
chr06x16	1750001	2000000	HAP1_chr16	HAP2_chr06	HAP1	HAP2	16	6	208580	239598	2233	445945	0.994993
chr06x16	1750001	2000000	HAP2_chr06	HAP2_chr16	HAP2	HAP2	6	16	239598	233587	10370	462815	0.977594
chr06x16	2000001	2250000	HAP1_chr06	HAP1_chr16	HAP1	HAP1	6	16	221892	219858	8715	433035	0.979875
chr06x16	2000001	2250000	HAP1_chr06	HAP2_chr16	HAP1	HAP2	6	16	221892	243590	1172	464310	0.997476
chr06x16	2000001	2250000	HAP1_chr16	HAP2_chr06	HAP1	HAP2	16	6	219858	240943	1983	458818	0.995678
chr06x16	2000001	2250000	HAP2_chr06	HAP2_chr16	HAP2	HAP2	6	16	240943	243590	30516	454017	0.932787
chr06x16	2250001	2500000	HAP1_chr06	HAP1_chr16	HAP1	HAP1	6	16	186246	209032	15445	379833	0.959337
chr06x16	2250001	2500000	HAP1_chr06	HAP2_chr16	HAP1	HAP2	6	16	186246	238091	1009	423328	0.997617
chr06x16	2250001	2500000	HAP1_chr16	HAP2_chr06	HAP1	HAP2	16	6	209032	228961	2902	435091	0.993330
chr06x16	2250001	2500000	HAP2_chr06	HAP2_chr16	HAP2	HAP2	6	16	228961	238091	25938	441114	0.941199
chr06x16	2500001	2750000	HAP1_chr06	HAP1_chr16	HAP1	HAP1	6	16	216410	222057	12241	426226	0.971280
chr06x16	2500001	2750000	HAP1_chr06	HAP2_chr16	HAP1	HAP2	6	16	216410	230021	3863	442568	0.991271
chr06x16	2500001	2750000	HAP1_chr16	HAP2_chr06	HAP1	HAP2	16	6	222057	192408	5093	409372	0.987559
chr06x16	2500001	2750000	HAP2_chr06	HAP2_chr16	HAP2	HAP2	6	16	192408	230021	37769	384660	0.901812
chr06x16	2750001	3000000	HAP1_chr06	HAP1_chr16	HAP1	HAP1	6	16	206900	219060	23163	402797	0.942495
chr06x16	2750001	3000000	HAP1_chr06	HAP2_chr16	HAP1	HAP2	6	16	206900	198475	1897	403478	0.995298
chr06x16	2750001	3000000	HAP1_chr16	HAP2_chr06	HAP1	HAP2	16	6	219060	208478	3659	423879	0.991368
chr06x16	2750001	3000000	HAP2_chr06	HAP2_chr16	HAP2	HAP2	6	16	208478	198475	52228	354725	0.852765
chr06x16	3000001	3250000	HAP1_chr06	HAP1_chr16	HAP1	HAP1	6	16	199346	94709	3732	290323	0.987145
chr06x16	3000001	3250000	HAP1_chr06	HAP2_chr16	HAP1	HAP2	6	16	199346	240687	1130	438903	0.997425
chr06x16	3000001	3250000	HAP1_chr16	HAP2_chr06	HAP1	HAP2	16	6	94709	239882	2266	332325	0.993181
chr06x16	3000001	3250000	HAP2_chr06	HAP2_chr16	HAP2	HAP2	6	16	239882	240687	60343	420226	0.856403
chr06x16	3250001	3500000	HAP1_chr06	HAP1_chr16	HAP1	HAP1	6	16	225330	165982	10120	381192	0.973452
chr06x16	3250001	3500000	HAP1_chr06	HAP2_chr16	HAP1	HAP2	6	16	225330	240456	2000	463786	0.995688
chr06x16	3250001	3500000	HAP1_chr16	HAP2_chr06	HAP1	HAP2	16	6	165982	238979	1461	403500	0.996379
chr06x16	3250001	3500000	HAP2_chr06	HAP2_chr16	HAP2	HAP2	6	16	238979	240456	72006	407429	0.823267
chr06x16	3500001	3750000	HAP1_chr06	HAP1_chr16	HAP1	HAP1	6	16	203881	203516	13008	394389	0.967017
chr06x16	3500001	3750000	HAP1_chr06	HAP2_chr16	HAP1	HAP2	6	16	203881	240894	1061	443714	0.997609
chr06x16	3500001	3750000	HAP1_chr16	HAP2_chr06	HAP1	HAP2	16	6	203516	234161	1656	436021	0.996202
chr06x16	3500001	3750000	HAP2_chr06	HAP2_chr16	HAP2	HAP2	6	16	234161	240894	68739	406316	0.830824
chr06x16	3750001	4000000	HAP1_chr06	HAP1_chr16	HAP1	HAP1	6	16	206327	221600	10799	417128	0.974111
chr06x16	3750001	4000000	HAP1_chr06	HAP2_chr16	HAP1	HAP2	6	16	206327	228145	2491	431981	0.994234
chr06x16	3750001	4000000	HAP1_chr16	HAP2_chr06	HAP1	HAP2	16	6	221600	238719	1472	458847	0.996792
chr06x16	3750001	4000000	HAP2_chr06	HAP2_chr16	HAP2	HAP2	6	16	238719	228145	70390	396474	0.822460
chr06x16	4000001	4250000	HAP1_chr06	HAP1_chr16	HAP1	HAP1	6	16	209497	199228	10527	398198	0.973563
chr06x16	4000001	4250000	HAP1_chr06	HAP2_chr16	HAP1	HAP2	6	16	209497	200727	3679	406545	0.990951
chr06x16	4000001	4250000	HAP1_chr16	HAP2_chr06	HAP1	HAP2	16	6	199228	223219	1433	421014	0.996596
chr06x16	4000001	4250000	HAP2_chr06	HAP2_chr16	HAP2	HAP2	6	16	223219	200727	63309	360637	0.824452
chr06x16	4250001	4500000	HAP1_chr06	HAP1_chr16	HAP1	HAP1	6	16	224648	221165	10460	435353	0.975974
chr06x16	4250001	4500000	HAP1_chr06	HAP2_chr16	HAP1	HAP2	6	16	224648	217631	2053	440226	0.995336
chr06x16	4250001	4500000	HAP1_chr16	HAP2_chr06	HAP1	HAP2	16	6	221165	239241	1952	458454	0.995742
chr06x16	4250001	4500000	HAP2_chr06	HAP2_chr16	HAP2	HAP2	6	16	239241	217631	45573	411299	0.889197
chr06x16	4500001	4750000	HAP1_chr06	HAP1_chr16	HAP1	HAP1	6	16	200961	207407	12267	396101	0.969031
chr06x16	4500001	4750000	HAP1_chr06	HAP2_chr16	HAP1	HAP2	6	16	200961	233121	1794	432288	0.995850
chr06x16	4500001	4750000	HAP1_chr16	HAP2_chr06	HAP1	HAP2	16	6	207407	236706	2929	441184	0.993361
chr06x16	4500001	4750000	HAP2_chr06	HAP2_chr16	HAP2	HAP2	6	16	236706	233121	37291	432536	0.913785
chr06x16	4750001	5000000	HAP1_chr06	HAP1_chr16	HAP1	HAP1	6	16	210939	206280	16467	400752	0.958910
chr06x16	4750001	5000000	HAP1_chr06	HAP2_chr16	HAP1	HAP2	6	16	210939	241582	1646	450875	0.996349
chr06x16	4750001	5000000	HAP1_chr16	HAP2_chr06	HAP1	HAP2	16	6	206280	239102	5570	439812	0.987335
chr06x16	4750001	5000000	HAP2_chr06	HAP2_chr16	HAP2	HAP2	6	16	239102	241582	40330	440354	0.908415
chr06x16	5000001	5250000	HAP1_chr06	HAP1_chr16	HAP1	HAP1	6	16	209642	213648	10693	412597	0.974084
chr06x16	5000001	5250000	HAP1_chr06	HAP2_chr16	HAP1	HAP2	6	16	209642	242495	997	451140	0.997790
chr06x16	5000001	5250000	HAP1_chr16	HAP2_chr06	HAP1	HAP2	16	6	213648	229317	6117	436848	0.985997
chr06x16	5000001	5250000	HAP2_chr06	HAP2_chr16	HAP2	HAP2	6	16	229317	242495	56261	415551	0.864611
chr06x16	5250001	5500000	HAP1_chr06	HAP1_chr16	HAP1	HAP1	6	16	207873	146817	9059	345631	0.973790
chr06x16	5250001	5500000	HAP1_chr06	HAP2_chr16	HAP1	HAP2	6	16	207873	229830	1978	435725	0.995460
chr06x16	5250001	5500000	HAP1_chr16	HAP2_chr06	HAP1	HAP2	16	6	146817	244064	1137	389744	0.997083
chr06x16	5250001	5500000	HAP2_chr06	HAP2_chr16	HAP2	HAP2	6	16	244064	229830	75040	398854	0.811861
chr06x16	5500001	5750000	HAP1_chr06	HAP1_chr16	HAP1	HAP1	6	16	215150	215368	11622	418896	0.972256
chr06x16	5500001	5750000	HAP1_chr06	HAP2_chr16	HAP1	HAP2	6	16	215150	222571	3082	434639	0.992909
chr06x16	5500001	5750000	HAP1_chr16	HAP2_chr06	HAP1	HAP2	16	6	215368	242844	3610	454602	0.992059
chr06x16	5500001	5750000	HAP2_chr06	HAP2_chr16	HAP2	HAP2	6	16	242844	222571	62886	402529	0.843773
chr06x16	5750001	6000000	HAP1_chr06	HAP1_chr16	HAP1	HAP1	6	16	225088	201467	11977	414578	0.971110
chr06x16	5750001	6000000	HAP1_chr06	HAP2_chr16	HAP1	HAP2	6	16	225088	236047	2086	459049	0.995456
chr06x16	5750001	6000000	HAP1_chr16	HAP2_chr06	HAP1	HAP2	16	6	201467	236644	1481	436630	0.996608
chr06x16	5750001	6000000	HAP2_chr06	HAP2_chr16	HAP2	HAP2	6	16	236644	236047	58548	414143	0.858629
chr06x16	6000001	6250000	HAP1_chr06	HAP1_chr16	HAP1	HAP1	6	16	206682	222986	7524	422144	0.982177
chr06x16	6000001	6250000	HAP1_chr06	HAP2_chr16	HAP1	HAP2	6	16	206682	240468	4502	442648	0.989829
chr06x16	6000001	6250000	HAP1_chr16	HAP2_chr06	HAP1	HAP2	16	6	222986	242845	3795	462036	0.991786
chr06x16	6000001	6250000	HAP2_chr06	HAP2_chr16	HAP2	HAP2	6	16	242845	240468	62588	420725	0.851238
chr06x16	6250001	6500000	HAP1_chr06	HAP1_chr16	HAP1	HAP1	6	16	196607	185261	14111	367757	0.961630
chr06x16	6250001	6500000	HAP1_chr06	HAP2_chr16	HAP1	HAP2	6	16	196607	229759	1085	425281	0.997449
chr06x16	6250001	6500000	HAP1_chr16	HAP2_chr06	HAP1	HAP2	16	6	185261	234468	4187	415542	0.989924
chr06x16	6250001	6500000	HAP2_chr06	HAP2_chr16	HAP2	HAP2	6	16	234468	229759	39833	424394	0.906141
chr06x16	6500001	6750000	HAP1_chr06	HAP1_chr16	HAP1	HAP1	6	16	226527	195435	7049	414913	0.983011
chr06x16	6500001	6750000	HAP1_chr06	HAP2_chr16	HAP1	HAP2	6	16	226527	233378	2451	457454	0.994642
chr06x16	6500001	6750000	HAP1_chr16	HAP2_chr06	HAP1	HAP2	16	6	195435	242270	1641	436064	0.996237
chr06x16	6500001	6750000	HAP2_chr06	HAP2_chr16	HAP2	HAP2	6	16	242270	233378	31479	444169	0.929128
chr06x16	6750001	7000000	HAP1_chr06	HAP1_chr16	HAP1	HAP1	6	16	211806	212153	5803	418156	0.986122
chr06x16	6750001	7000000	HAP1_chr06	HAP2_chr16	HAP1	HAP2	6	16	211806	239766	1670	449902	0.996288
chr06x16	6750001	7000000	HAP1_chr16	HAP2_chr06	HAP1	HAP2	16	6	212153	229846	6708	435291	0.984590
chr06x16	6750001	7000000	HAP2_chr06	HAP2_chr16	HAP2	HAP2	6	16	229846	239766	18847	450765	0.958189
chr06x16	7000001	7250000	HAP1_chr06	HAP1_chr16	HAP1	HAP1	6	16	209527	212760	7486	414801	0.981953
chr06x16	7000001	7250000	HAP1_chr06	HAP2_chr16	HAP1	HAP2	6	16	209527	243397	1198	451726	0.997348
chr06x16	7000001	7250000	HAP1_chr16	HAP2_chr06	HAP1	HAP2	16	6	212760	237630	2993	447397	0.993310
chr06x16	7000001	7250000	HAP2_chr06	HAP2_chr16	HAP2	HAP2	6	16	237630	243397	29956	451071	0.933589
chr06x16	7250001	7500000	HAP1_chr06	HAP1_chr16	HAP1	HAP1	6	16	216119	211287	13480	413926	0.967434
chr06x16	7250001	7500000	HAP1_chr06	HAP2_chr16	HAP1	HAP2	6	16	216119	243083	2474	456728	0.994583
chr06x16	7250001	7500000	HAP1_chr16	HAP2_chr06	HAP1	HAP2	16	6	211287	231600	3462	439425	0.992122
chr06x16	7250001	7500000	HAP2_chr06	HAP2_chr16	HAP2	HAP2	6	16	231600	243083	57362	417321	0.862547
chr06x16	7500001	7750000	HAP1_chr06	HAP1_chr16	HAP1	HAP1	6	16	203451	225012	14598	413865	0.964728
chr06x16	7500001	7750000	HAP1_chr06	HAP2_chr16	HAP1	HAP2	6	16	203451	226876	2684	427643	0.993724
chr06x16	7500001	7750000	HAP1_chr16	HAP2_chr06	HAP1	HAP2	16	6	225012	239896	1732	463176	0.996261
chr06x16	7500001	7750000	HAP2_chr06	HAP2_chr16	HAP2	HAP2	6	16	239896	226876	54392	412380	0.868102
chr06x16	7750001	8000000	HAP1_chr06	HAP1_chr16	HAP1	HAP1	6	16	224558	195548	8033	412073	0.980506
chr06x16	7750001	8000000	HAP1_chr06	HAP2_chr16	HAP1	HAP2	6	16	224558	232117	1885	454790	0.995855
chr06x16	7750001	8000000	HAP1_chr16	HAP2_chr06	HAP1	HAP2	16	6	195548	219786	6142	409192	0.984990
chr06x16	7750001	8000000	HAP2_chr06	HAP2_chr16	HAP2	HAP2	6	16	219786	232117	60487	391416	0.845466
chr06x16	8000001	8250000	HAP1_chr06	HAP1_chr16	HAP1	HAP1	6	16	207494	229816	10042	427268	0.976497
chr06x16	8000001	8250000	HAP1_chr06	HAP2_chr16	HAP1	HAP2	6	16	207494	231673	2532	436635	0.994201
chr06x16	8000001	8250000	HAP1_chr16	HAP2_chr06	HAP1	HAP2	16	6	229816	218002	2662	445156	0.994020
chr06x16	8000001	8250000	HAP2_chr06	HAP2_chr16	HAP2	HAP2	6	16	218002	231673	53978	395697	0.863588
chr06x16	8250001	8500000	HAP1_chr06	HAP1_chr16	HAP1	HAP1	6	16	202808	226478	15858	413428	0.961643
chr06x16	8250001	8500000	HAP1_chr06	HAP2_chr16	HAP1	HAP2	6	16	202808	230341	4586	428563	0.989299
chr06x16	8250001	8500000	HAP1_chr16	HAP2_chr06	HAP1	HAP2	16	6	226478	232793	3827	455444	0.991597
chr06x16	8250001	8500000	HAP2_chr06	HAP2_chr16	HAP2	HAP2	6	16	232793	230341	52067	411067	0.873337
chr06x16	8500001	8750000	HAP1_chr06	HAP1_chr16	HAP1	HAP1	6	16	208613	198274	8342	398545	0.979069
chr06x16	8500001	8750000	HAP1_chr06	HAP2_chr16	HAP1	HAP2	6	16	208613	240761	3925	445449	0.991189
chr06x16	8500001	8750000	HAP1_chr16	HAP2_chr06	HAP1	HAP2	16	6	198274	227523	4360	421437	0.989654
chr06x16	8500001	8750000	HAP2_chr06	HAP2_chr16	HAP2	HAP2	6	16	227523	240761	49201	419083	0.882598
chr06x16	8750001	9000000	HAP1_chr06	HAP1_chr16	HAP1	HAP1	6	16	229546	178423	11225	396744	0.971707
chr06x16	8750001	9000000	HAP1_chr06	HAP2_chr16	HAP1	HAP2	6	16	229546	238484	2138	465892	0.995411
chr06x16	8750001	9000000	HAP1_chr16	HAP2_chr06	HAP1	HAP2	16	6	178423	233995	1560	410858	0.996203
chr06x16	8750001	9000000	HAP2_chr06	HAP2_chr16	HAP2	HAP2	6	16	233995	238484	52293	420186	0.875548
chr06x16	9000001	9250000	HAP1_chr06	HAP1_chr16	HAP1	HAP1	6	16	226968	220595	9600	437963	0.978080
chr06x16	9000001	9250000	HAP1_chr06	HAP2_chr16	HAP1	HAP2	6	16	226968	236361	814	462515	0.998240
chr06x16	9000001	9250000	HAP1_chr16	HAP2_chr06	HAP1	HAP2	16	6	220595	241489	1059	461025	0.997703
chr06x16	9000001	9250000	HAP2_chr06	HAP2_chr16	HAP2	HAP2	6	16	241489	236361	48050	429800	0.888204
chr06x16	9250001	9500000	HAP1_chr06	HAP1_chr16	HAP1	HAP1	6	16	217556	209416	9743	417229	0.976648
chr06x16	9250001	9500000	HAP1_chr06	HAP2_chr16	HAP1	HAP2	6	16	217556	237348	7168	447736	0.983991
chr06x16	9250001	9500000	HAP1_chr16	HAP2_chr06	HAP1	HAP2	16	6	209416	235090	3660	440846	0.991698
chr06x16	9250001	9500000	HAP2_chr06	HAP2_chr16	HAP2	HAP2	6	16	235090	237348	45135	427303	0.894372
chr06x16	9500001	9750000	HAP1_chr06	HAP1_chr16	HAP1	HAP1	6	16	225095	228335	5873	447557	0.986878
chr06x16	9500001	9750000	HAP1_chr06	HAP2_chr16	HAP1	HAP2	6	16	225095	229749	2105	452739	0.995351
chr06x16	9500001	9750000	HAP1_chr16	HAP2_chr06	HAP1	HAP2	16	6	228335	226937	9394	445878	0.978931
chr06x16	9500001	9750000	HAP2_chr06	HAP2_chr16	HAP2	HAP2	6	16	226937	229749	47747	408939	0.883242
chr06x16	9750001	10000000	HAP1_chr06	HAP1_chr16	HAP1	HAP1	6	16	225052	213468	7423	431097	0.982781
chr06x16	9750001	10000000	HAP1_chr06	HAP2_chr16	HAP1	HAP2	6	16	225052	238462	1515	461999	0.996721
chr06x16	9750001	10000000	HAP1_chr16	HAP2_chr06	HAP1	HAP2	16	6	213468	230994	4359	440103	0.990096
chr06x16	9750001	10000000	HAP2_chr06	HAP2_chr16	HAP2	HAP2	6	16	230994	238462	67703	401753	0.831481
chr06x16	10000001	10250000	HAP1_chr06	HAP1_chr16	HAP1	HAP1	6	16	210187	178789	9450	379526	0.975101
chr06x16	10000001	10250000	HAP1_chr06	HAP2_chr16	HAP1	HAP2	6	16	210187	194239	4848	399578	0.987867
chr06x16	10000001	10250000	HAP1_chr16	HAP2_chr06	HAP1	HAP2	16	6	178789	238912	1009	416692	0.997579
chr06x16	10000001	10250000	HAP2_chr06	HAP2_chr16	HAP2	HAP2	6	16	238912	194239	27871	405280	0.931230
chr06x16	10250001	10500000	HAP1_chr06	HAP1_chr16	HAP1	HAP1	6	16	197979	229209	8390	418798	0.979966
chr06x16	10250001	10500000	HAP1_chr06	HAP2_chr16	HAP1	HAP2	6	16	197979	220876	1191	417664	0.997148
chr06x16	10250001	10500000	HAP1_chr16	HAP2_chr06	HAP1	HAP2	16	6	229209	235337	2923	461623	0.993668
chr06x16	10250001	10500000	HAP2_chr06	HAP2_chr16	HAP2	HAP2	6	16	235337	220876	3784	452429	0.991636
chr06x16	10500001	10750000	HAP1_chr06	HAP1_chr16	HAP1	HAP1	6	16	210069	224259	9584	424744	0.977436
chr06x16	10500001	10750000	HAP1_chr06	HAP2_chr16	HAP1	HAP2	6	16	210069	238694	1548	447215	0.996539
chr06x16	10500001	10750000	HAP1_chr16	HAP2_chr06	HAP1	HAP2	16	6	224259	241619	2906	462972	0.993723
chr06x16	10500001	10750000	HAP2_chr06	HAP2_chr16	HAP2	HAP2	6	16	241619	238694	8501	471812	0.981982
chr06x16	10750001	11000000	HAP1_chr06	HAP1_chr16	HAP1	HAP1	6	16	235663	228602	8253	456012	0.981902
chr06x16	10750001	11000000	HAP1_chr06	HAP2_chr16	HAP1	HAP2	6	16	235663	241008	2515	474156	0.994696
chr06x16	10750001	11000000	HAP1_chr16	HAP2_chr06	HAP1	HAP2	16	6	228602	234817	3786	459633	0.991763
chr06x16	10750001	11000000	HAP2_chr06	HAP2_chr16	HAP2	HAP2	6	16	234817	241008	2736	473089	0.994217
chr06x16	11000001	11250000	HAP1_chr06	HAP1_chr16	HAP1	HAP1	6	16	195876	235598	8876	422598	0.978997
chr06x16	11000001	11250000	HAP1_chr06	HAP2_chr16	HAP1	HAP2	6	16	195876	221183	6774	410285	0.983490
chr06x16	11000001	11250000	HAP1_chr16	HAP2_chr06	HAP1	HAP2	16	6	235598	236476	2759	469315	0.994121
chr06x16	11000001	11250000	HAP2_chr06	HAP2_chr16	HAP2	HAP2	6	16	236476	221183	7930	449729	0.982367
chr06x16	11250001	11500000	HAP1_chr06	HAP1_chr16	HAP1	HAP1	6	16	89541	211373	8603	292311	0.970569
chr06x16	11250001	11500000	HAP1_chr06	HAP2_chr16	HAP1	HAP2	6	16	89541	193056	499	282098	0.998231
chr06x16	11250001	11500000	HAP1_chr16	HAP2_chr06	HAP1	HAP2	16	6	211373	224492	2656	433209	0.993869
chr06x16	11250001	11500000	HAP2_chr06	HAP2_chr16	HAP2	HAP2	6	16	224492	193056	2653	414895	0.993606
chr06x16	11500001	11750000	HAP1_chr06	HAP1_chr16	HAP1	HAP1	6	16	53098	221523	6074	268547	0.977382
chr06x16	11500001	11750000	HAP1_chr06	HAP2_chr16	HAP1	HAP2	6	16	53098	240207	2185	291120	0.992495
chr06x16	11500001	11750000	HAP1_chr16	HAP2_chr06	HAP1	HAP2	16	6	221523	239393	1334	459582	0.997097
chr06x16	11500001	11750000	HAP2_chr06	HAP2_chr16	HAP2	HAP2	6	16	239393	240207	6046	473554	0.987233
chr06x16	11750001	12000000	HAP1_chr06	HAP1_chr16	HAP1	HAP1	6	16	159856	201553	3890	357519	0.989119
chr06x16	11750001	12000000	HAP1_chr06	HAP2_chr16	HAP1	HAP2	6	16	159856	237555	616	396795	0.998448
chr06x16	11750001	12000000	HAP1_chr16	HAP2_chr06	HAP1	HAP2	16	6	201553	240689	1505	440737	0.996585
chr06x16	11750001	12000000	HAP2_chr06	HAP2_chr16	HAP2	HAP2	6	16	240689	237555	2364	475880	0.995032
chr06x16	12000001	12250000	HAP1_chr06	HAP1_chr16	HAP1	HAP1	6	16	122705	218504	1131	340078	0.996674
chr06x16	12000001	12250000	HAP1_chr06	HAP2_chr16	HAP1	HAP2	6	16	122705	224209	835	346079	0.997587
chr06x16	12000001	12250000	HAP1_chr16	HAP2_chr06	HAP1	HAP2	16	6	218504	227537	2003	444038	0.995489
chr06x16	12000001	12250000	HAP2_chr06	HAP2_chr16	HAP2	HAP2	6	16	227537	224209	5612	446134	0.987421
chr06x16	12250001	12500000	HAP1_chr06	HAP1_chr16	HAP1	HAP1	6	16	31737	215227	1047	245917	0.995742
chr06x16	12250001	12500000	HAP1_chr06	HAP2_chr16	HAP1	HAP2	6	16	31737	238734	114	270357	0.999578
chr06x16	12250001	12500000	HAP1_chr16	HAP2_chr06	HAP1	HAP2	16	6	215227	242024	2982	454269	0.993436
chr06x16	12250001	12500000	HAP2_chr06	HAP2_chr16	HAP2	HAP2	6	16	242024	238734	2517	478241	0.994737
chr06x16	12500001	12750000	HAP1_chr06	HAP1_chr16	HAP1	HAP1	6	16	42221	222954	1262	263913	0.995218
chr06x16	12500001	12750000	HAP1_chr06	HAP2_chr16	HAP1	HAP2	6	16	42221	236806	171	278856	0.999387
chr06x16	12500001	12750000	HAP1_chr16	HAP2_chr06	HAP1	HAP2	16	6	222954	233331	1214	455071	0.997332
chr06x16	12500001	12750000	HAP2_chr06	HAP2_chr16	HAP2	HAP2	6	16	233331	236806	6902	463235	0.985100
chr06x16	12750001	13000000	HAP1_chr06	HAP1_chr16	HAP1	HAP1	6	16	42155	205324	1192	246287	0.995160
chr06x16	12750001	13000000	HAP1_chr06	HAP2_chr16	HAP1	HAP2	6	16	42155	240484	1616	281023	0.994250
chr06x16	12750001	13000000	HAP1_chr16	HAP2_chr06	HAP1	HAP2	16	6	205324	237267	6833	435758	0.984319
chr06x16	12750001	13000000	HAP2_chr06	HAP2_chr16	HAP2	HAP2	6	16	237267	240484	3924	473827	0.991718
chr06x16	13000001	13250000	HAP1_chr06	HAP1_chr16	HAP1	HAP1	6	16	97218	194980	1714	290484	0.994100
chr06x16	13000001	13250000	HAP1_chr06	HAP2_chr16	HAP1	HAP2	6	16	97218	243274	379	340113	0.998886
chr06x16	13000001	13250000	HAP1_chr16	HAP2_chr06	HAP1	HAP2	16	6	194980	213511	3617	404874	0.991066
chr06x16	13000001	13250000	HAP2_chr06	HAP2_chr16	HAP2	HAP2	6	16	213511	243274	4364	452421	0.990354
chr06x16	13250001	13500000	HAP1_chr06	HAP1_chr16	HAP1	HAP1	6	16	225404	216726	6163	435967	0.985864
chr06x16	13250001	13500000	HAP1_chr06	HAP2_chr16	HAP1	HAP2	6	16	225404	165272	1679	388997	0.995684
chr06x16	13250001	13500000	HAP1_chr16	HAP2_chr06	HAP1	HAP2	16	6	216726	161603	3045	375284	0.991886
chr06x16	13250001	13500000	HAP2_chr06	HAP2_chr16	HAP2	HAP2	6	16	161603	165272	7380	319495	0.976901
chr06x16	13500001	13750000	HAP1_chr06	HAP1_chr16	HAP1	HAP1	6	16	200694	213443	7070	407067	0.982632
chr06x16	13500001	13750000	HAP1_chr06	HAP2_chr16	HAP1	HAP2	6	16	200694	184495	4126	381063	0.989172
chr06x16	13500001	13750000	HAP1_chr16	HAP2_chr06	HAP1	HAP2	16	6	213443	232324	2020	443747	0.995448
chr06x16	13500001	13750000	HAP2_chr06	HAP2_chr16	HAP2	HAP2	6	16	232324	184495	4985	411834	0.987896
chr06x16	13750001	14000000	HAP1_chr06	HAP1_chr16	HAP1	HAP1	6	16	206269	168020	3350	370939	0.990969
chr06x16	13750001	14000000	HAP1_chr06	HAP2_chr16	HAP1	HAP2	6	16	206269	214638	6404	414503	0.984550
chr06x16	13750001	14000000	HAP1_chr16	HAP2_chr06	HAP1	HAP2	16	6	168020	228607	4215	392412	0.989259
chr06x16	13750001	14000000	HAP2_chr06	HAP2_chr16	HAP2	HAP2	6	16	228607	214638	9536	433709	0.978013
chr06x16	14000001	14250000	HAP1_chr06	HAP1_chr16	HAP1	HAP1	6	16	213173	203240	7200	409213	0.982405
chr06x16	14000001	14250000	HAP1_chr06	HAP2_chr16	HAP1	HAP2	6	16	213173	184681	4747	393107	0.987924
chr06x16	14000001	14250000	HAP1_chr16	HAP2_chr06	HAP1	HAP2	16	6	203240	239808	5857	437191	0.986603
chr06x16	14000001	14250000	HAP2_chr06	HAP2_chr16	HAP2	HAP2	6	16	239808	184681	7577	416912	0.981826
chr06x16	14250001	14500000	HAP1_chr06	HAP1_chr16	HAP1	HAP1	6	16	227378	216108	8590	434896	0.980248
chr06x16	14250001	14500000	HAP1_chr06	HAP2_chr16	HAP1	HAP2	6	16	227378	237231	2137	462472	0.995379
chr06x16	14250001	14500000	HAP1_chr16	HAP2_chr06	HAP1	HAP2	16	6	216108	240506	4338	452276	0.990409
chr06x16	14250001	14500000	HAP2_chr06	HAP2_chr16	HAP2	HAP2	6	16	240506	237231	6173	471564	0.986910
chr06x16	14500001	14750000	HAP1_chr06	HAP1_chr16	HAP1	HAP1	6	16	195887	213618	12114	397391	0.969516
chr06x16	14500001	14750000	HAP1_chr06	HAP2_chr16	HAP1	HAP2	6	16	195887	222658	1080	417465	0.997413
chr06x16	14500001	14750000	HAP1_chr16	HAP2_chr06	HAP1	HAP2	16	6	213618	221532	2109	433041	0.995130
chr06x16	14500001	14750000	HAP2_chr06	HAP2_chr16	HAP2	HAP2	6	16	221532	222658	10798	433392	0.975085
chr06x16	14750001	15000000	HAP1_chr06	HAP1_chr16	HAP1	HAP1	6	16	205102	191806	13872	383036	0.963784
chr06x16	14750001	15000000	HAP1_chr06	HAP2_chr16	HAP1	HAP2	6	16	205102	235932	3797	437237	0.991316
chr06x16	14750001	15000000	HAP1_chr16	HAP2_chr06	HAP1	HAP2	16	6	191806	235473	3008	424271	0.992910
chr06x16	14750001	15000000	HAP2_chr06	HAP2_chr16	HAP2	HAP2	6	16	235473	235932	2200	469205	0.995311
chr06x16	15000001	15250000	HAP1_chr06	HAP1_chr16	HAP1	HAP1	6	16	218842	213946	7983	424805	0.981208
chr06x16	15000001	15250000	HAP1_chr06	HAP2_chr16	HAP1	HAP2	6	16	218842	238326	2964	454204	0.993474
chr06x16	15000001	15250000	HAP1_chr16	HAP2_chr06	HAP1	HAP2	16	6	213946	236704	8907	441743	0.979837
chr06x16	15000001	15250000	HAP2_chr06	HAP2_chr16	HAP2	HAP2	6	16	236704	238326	8761	466269	0.981210
chr06x16	15250001	15500000	HAP1_chr06	HAP1_chr16	HAP1	HAP1	6	16	235266	221387	5151	451502	0.988591
chr06x16	15250001	15500000	HAP1_chr06	HAP2_chr16	HAP1	HAP2	6	16	235266	239171	2528	471909	0.994643
chr06x16	15250001	15500000	HAP1_chr16	HAP2_chr06	HAP1	HAP2	16	6	221387	232001	4808	448580	0.989282
chr06x16	15250001	15500000	HAP2_chr06	HAP2_chr16	HAP2	HAP2	6	16	232001	239171	5564	465608	0.988050
chr06x16	15500001	15750000	HAP1_chr06	HAP1_chr16	HAP1	HAP1	6	16	134593	210700	10135	335158	0.969761
chr06x16	15500001	15750000	HAP1_chr06	HAP2_chr16	HAP1	HAP2	6	16	134593	219551	596	353548	0.998314
chr06x16	15500001	15750000	HAP1_chr16	HAP2_chr06	HAP1	HAP2	16	6	210700	189140	10003	389837	0.974341
chr06x16	15500001	15750000	HAP2_chr06	HAP2_chr16	HAP2	HAP2	6	16	189140	219551	7239	401452	0.981968
chr06x16	15750001	16000000	HAP1_chr06	HAP1_chr16	HAP1	HAP1	6	16	217603	70632	1423	286812	0.995039
chr06x16	15750001	16000000	HAP1_chr06	HAP2_chr16	HAP1	HAP2	6	16	217603	219443	4383	432663	0.989870
chr06x16	15750001	16000000	HAP1_chr16	HAP2_chr06	HAP1	HAP2	16	6	70632	200895	1992	269535	0.992609
chr06x16	15750001	16000000	HAP2_chr06	HAP2_chr16	HAP2	HAP2	6	16	200895	219443	17331	403007	0.956996
chr06x16	16000001	16250000	HAP1_chr06	HAP1_chr16	HAP1	HAP1	6	16	224211	139979	8892	355298	0.974973
chr06x16	16000001	16250000	HAP1_chr06	HAP2_chr16	HAP1	HAP2	6	16	224211	218698	9163	433746	0.978875
chr06x16	16000001	16250000	HAP1_chr16	HAP2_chr06	HAP1	HAP2	16	6	139979	241459	1372	380066	0.996390
chr06x16	16000001	16250000	HAP2_chr06	HAP2_chr16	HAP2	HAP2	6	16	241459	218698	3510	456647	0.992314
chr06x16	16250001	16500000	HAP1_chr06	HAP1_chr16	HAP1	HAP1	6	16	229539	170769	3060	397248	0.992297
chr06x16	16250001	16500000	HAP1_chr06	HAP2_chr16	HAP1	HAP2	6	16	229539	238860	3598	464801	0.992259
chr06x16	16250001	16500000	HAP1_chr16	HAP2_chr06	HAP1	HAP2	16	6	170769	233940	4539	400170	0.988657
chr06x16	16250001	16500000	HAP2_chr06	HAP2_chr16	HAP2	HAP2	6	16	233940	238860	6577	466223	0.985893
chr06x16	16500001	16750000	HAP1_chr06	HAP1_chr16	HAP1	HAP1	6	16	205295	228427	7533	426189	0.982325
chr06x16	16500001	16750000	HAP1_chr06	HAP2_chr16	HAP1	HAP2	6	16	205295	232628	3981	433942	0.990826
chr06x16	16500001	16750000	HAP1_chr16	HAP2_chr06	HAP1	HAP2	16	6	228427	203854	1637	430644	0.996199
chr06x16	16500001	16750000	HAP2_chr06	HAP2_chr16	HAP2	HAP2	6	16	203854	232628	6765	429717	0.984257
chr06x16	16750001	17000000	HAP1_chr06	HAP1_chr16	HAP1	HAP1	6	16	210811	200149	4554	406406	0.988794
chr06x16	16750001	17000000	HAP1_chr06	HAP2_chr16	HAP1	HAP2	6	16	210811	234181	1082	443910	0.997563
chr06x16	16750001	17000000	HAP1_chr16	HAP2_chr06	HAP1	HAP2	16	6	200149	229289	4626	424812	0.989110
chr06x16	16750001	17000000	HAP2_chr06	HAP2_chr16	HAP2	HAP2	6	16	229289	234181	3443	460027	0.992516
chr06x16	17000001	17250000	HAP1_chr06	HAP1_chr16	HAP1	HAP1	6	16	189825	194030	2977	380878	0.992184
chr06x16	17000001	17250000	HAP1_chr06	HAP2_chr16	HAP1	HAP2	6	16	189825	223643	2296	411172	0.994416
chr06x16	17000001	17250000	HAP1_chr16	HAP2_chr06	HAP1	HAP2	16	6	194030	227689	2127	419592	0.994931
chr06x16	17000001	17250000	HAP2_chr06	HAP2_chr16	HAP2	HAP2	6	16	227689	223643	3736	447596	0.991653
chr06x16	17250001	17500000	HAP1_chr06	HAP1_chr16	HAP1	HAP1	6	16	213592	50971	5485	259078	0.978829
chr06x16	17250001	17500000	HAP1_chr06	HAP2_chr16	HAP1	HAP2	6	16	213592	227029	3897	436724	0.991077
chr06x16	17250001	17500000	HAP1_chr16	HAP2_chr06	HAP1	HAP2	16	6	50971	174303	4921	220353	0.977668
chr06x16	17250001	17500000	HAP2_chr06	HAP2_chr16	HAP2	HAP2	6	16	174303	227029	8328	393004	0.978809
chr06x16	17500001	17750000	HAP1_chr06	HAP1_chr16	HAP1	HAP1	6	16	222965	43134	1945	264154	0.992637
chr06x16	17500001	17750000	HAP1_chr06	HAP2_chr16	HAP1	HAP2	6	16	222965	226575	2041	447499	0.995439
chr06x16	17500001	17750000	HAP1_chr16	HAP2_chr06	HAP1	HAP2	16	6	43134	236740	3654	276220	0.986771
chr06x16	17500001	17750000	HAP2_chr06	HAP2_chr16	HAP2	HAP2	6	16	236740	226575	7485	455830	0.983579
chr06x16	17750001	18000000	HAP1_chr06	HAP1_chr16	HAP1	HAP1	6	16	196928	44996	3557	238367	0.985078
chr06x16	17750001	18000000	HAP1_chr06	HAP2_chr16	HAP1	HAP2	6	16	196928	204643	1836	399735	0.995407
chr06x16	17750001	18000000	HAP1_chr16	HAP2_chr06	HAP1	HAP2	16	6	44996	227381	726	271651	0.997327
chr06x16	17750001	18000000	HAP2_chr06	HAP2_chr16	HAP2	HAP2	6	16	227381	204643	3085	428939	0.992808
chr06x16	18000001	18250000	HAP1_chr06	HAP1_chr16	HAP1	HAP1	6	16	209495	27740	720	236515	0.996956
chr06x16	18000001	18250000	HAP1_chr06	HAP2_chr16	HAP1	HAP2	6	16	209495	233011	5010	437496	0.988548
chr06x16	18000001	18250000	HAP1_chr16	HAP2_chr06	HAP1	HAP2	16	6	27740	219798	2150	245388	0.991238
chr06x16	18000001	18250000	HAP2_chr06	HAP2_chr16	HAP2	HAP2	6	16	219798	233011	7137	445672	0.983986
chr06x16	18250001	18500000	HAP1_chr06	HAP1_chr16	HAP1	HAP1	6	16	189374	36860	389	225845	0.998278
chr06x16	18250001	18500000	HAP1_chr06	HAP2_chr16	HAP1	HAP2	6	16	189374	232660	1003	421031	0.997618
chr06x16	18250001	18500000	HAP1_chr16	HAP2_chr06	HAP1	HAP2	16	6	36860	219671	601	255930	0.997652
chr06x16	18250001	18500000	HAP2_chr06	HAP2_chr16	HAP2	HAP2	6	16	219671	232660	8058	444273	0.981863
chr06x16	18500001	18750000	HAP1_chr06	HAP1_chr16	HAP1	HAP1	6	16	207281	5016	10	212287	0.999953
chr06x16	18500001	18750000	HAP1_chr06	HAP2_chr16	HAP1	HAP2	6	16	207281	209173	3829	412625	0.990720
chr06x16	18500001	18750000	HAP1_chr16	HAP2_chr06	HAP1	HAP2	16	6	5016	235028	16	240028	0.999933
chr06x16	18500001	18750000	HAP2_chr06	HAP2_chr16	HAP2	HAP2	6	16	235028	209173	3934	440267	0.991065
chr06x16	18750001	19000000	HAP1_chr06	HAP1_chr16	HAP1	HAP1	6	16	211658	22826	3133	231351	0.986458
chr06x16	18750001	19000000	HAP1_chr06	HAP2_chr16	HAP1	HAP2	6	16	211658	234321	4388	441591	0.990063
chr06x16	18750001	19000000	HAP1_chr16	HAP2_chr06	HAP1	HAP2	16	6	22826	225711	202	248335	0.999187
chr06x16	18750001	19000000	HAP2_chr06	HAP2_chr16	HAP2	HAP2	6	16	225711	234321	4349	455683	0.990456
chr06x16	19000001	19250000	HAP1_chr06	HAP1_chr16	HAP1	HAP1	6	16	220400	30800	1786	249414	0.992839
chr06x16	19000001	19250000	HAP1_chr06	HAP2_chr16	HAP1	HAP2	6	16	220400	214020	2002	432418	0.995370
chr06x16	19000001	19250000	HAP1_chr16	HAP2_chr06	HAP1	HAP2	16	6	30800	214228	1008	244020	0.995869
chr06x16	19000001	19250000	HAP2_chr06	HAP2_chr16	HAP2	HAP2	6	16	214228	214020	5763	422485	0.986359
chr06x16	19250001	19500000	HAP1_chr06	HAP1_chr16	HAP1	HAP1	6	16	204594	9280	19	213855	0.999911
chr06x16	19250001	19500000	HAP1_chr06	HAP2_chr16	HAP1	HAP2	6	16	204594	208809	6114	407289	0.984989
chr06x16	19250001	19500000	HAP1_chr16	HAP2_chr06	HAP1	HAP2	16	6	9280	235529	28	244781	0.999886
chr06x16	19250001	19500000	HAP2_chr06	HAP2_chr16	HAP2	HAP2	6	16	235529	208809	3581	440757	0.991875
chr06x16	19500001	19750000	HAP1_chr06	HAP1_chr16	HAP1	HAP1	6	16	226791	16060	72	242779	0.999703
chr06x16	19500001	19750000	HAP1_chr06	HAP2_chr16	HAP1	HAP2	6	16	226791	225527	4692	447626	0.989518
chr06x16	19500001	19750000	HAP1_chr16	HAP2_chr06	HAP1	HAP2	16	6	16060	212144	117	228087	0.999487
chr06x16	19500001	19750000	HAP2_chr06	HAP2_chr16	HAP2	HAP2	6	16	212144	225527	5092	432579	0.988229
chr06x16	19750001	20000000	HAP1_chr06	HAP1_chr16	HAP1	HAP1	6	16	184660	9377	24	194013	0.999876
chr06x16	19750001	20000000	HAP1_chr06	HAP2_chr16	HAP1	HAP2	6	16	184660	219005	3632	400033	0.990921
chr06x16	19750001	20000000	HAP1_chr16	HAP2_chr06	HAP1	HAP2	16	6	9377	214709	47	224039	0.999790
chr06x16	19750001	20000000	HAP2_chr06	HAP2_chr16	HAP2	HAP2	6	16	214709	219005	10079	423635	0.976208
chr06x16	20000001	20250000	HAP1_chr06	HAP1_chr16	HAP1	HAP1	6	16	212697	6083	16	218764	0.999927
chr06x16	20000001	20250000	HAP1_chr06	HAP2_chr16	HAP1	HAP2	6	16	212697	239104	3508	448293	0.992175
chr06x16	20000001	20250000	HAP1_chr16	HAP2_chr06	HAP1	HAP2	16	6	6083	220243	21	226305	0.999907
chr06x16	20000001	20250000	HAP2_chr06	HAP2_chr16	HAP2	HAP2	6	16	220243	239104	6174	453173	0.986376
chr06x16	20250001	20500000	HAP1_chr06	HAP1_chr16	HAP1	HAP1	6	16	230302	16881	509	246674	0.997937
chr06x16	20250001	20500000	HAP1_chr06	HAP2_chr16	HAP1	HAP2	6	16	230302	225702	5492	450512	0.987809
chr06x16	20250001	20500000	HAP1_chr16	HAP2_chr06	HAP1	HAP2	16	6	16881	222083	1131	237833	0.995245
chr06x16	20250001	20500000	HAP2_chr06	HAP2_chr16	HAP2	HAP2	6	16	222083	225702	10085	437700	0.976959
chr06x16	20500001	20750000	HAP1_chr06	HAP1_chr16	HAP1	HAP1	6	16	210867	50062	5900	255029	0.976865
chr06x16	20500001	20750000	HAP1_chr06	HAP2_chr16	HAP1	HAP2	6	16	210867	170862	5390	376339	0.985678
chr06x16	20500001	20750000	HAP1_chr16	HAP2_chr06	HAP1	HAP2	16	6	50062	222275	3784	268553	0.985910
chr06x16	20500001	20750000	HAP2_chr06	HAP2_chr16	HAP2	HAP2	6	16	222275	170862	5624	387513	0.985487
chr06x16	20750001	21000000	HAP1_chr06	HAP1_chr16	HAP1	HAP1	6	16	229483	67142	2047	294578	0.993051
chr06x16	20750001	21000000	HAP1_chr06	HAP2_chr16	HAP1	HAP2	6	16	229483	224560	7577	446466	0.983029
chr06x16	20750001	21000000	HAP1_chr16	HAP2_chr06	HAP1	HAP2	16	6	67142	127563	9490	185215	0.948762
chr06x16	20750001	21000000	HAP2_chr06	HAP2_chr16	HAP2	HAP2	6	16	127563	224560	4456	347667	0.987183
chr06x16	21000001	21250000	HAP1_chr06	HAP1_chr16	HAP1	HAP1	6	16	217899	43482	1668	259713	0.993578
chr06x16	21000001	21250000	HAP1_chr06	HAP2_chr16	HAP1	HAP2	6	16	217899	220821	1975	436745	0.995478
chr06x16	21000001	21250000	HAP1_chr16	HAP2_chr06	HAP1	HAP2	16	6	43482	204778	2290	245970	0.990690
chr06x16	21000001	21250000	HAP2_chr06	HAP2_chr16	HAP2	HAP2	6	16	204778	220821	4144	421455	0.990167
chr06x16	21250001	21500000	HAP1_chr06	HAP1_chr16	HAP1	HAP1	6	16	211218	192995	9343	394870	0.976339
chr06x16	21250001	21500000	HAP1_chr06	HAP2_chr16	HAP1	HAP2	6	16	211218	226180	3381	434017	0.992210
chr06x16	21250001	21500000	HAP1_chr16	HAP2_chr06	HAP1	HAP2	16	6	192995	197142	6179	383958	0.983907
chr06x16	21250001	21500000	HAP2_chr06	HAP2_chr16	HAP2	HAP2	6	16	197142	226180	11095	412227	0.973085
chr06x16	21500001	21750000	HAP1_chr06	HAP1_chr16	HAP1	HAP1	6	16	212806	189206	12673	389339	0.967450
chr06x16	21500001	21750000	HAP1_chr06	HAP2_chr16	HAP1	HAP2	6	16	212806	234063	5595	441274	0.987321
chr06x16	21500001	21750000	HAP1_chr16	HAP2_chr06	HAP1	HAP2	16	6	189206	214996	8107	396095	0.979533
chr06x16	21500001	21750000	HAP2_chr06	HAP2_chr16	HAP2	HAP2	6	16	214996	234063	4447	444612	0.989998
chr06x16	21750001	22000000	HAP1_chr06	HAP1_chr16	HAP1	HAP1	6	16	190017	218204	4448	403773	0.988984
chr06x16	21750001	22000000	HAP1_chr06	HAP2_chr16	HAP1	HAP2	6	16	190017	225257	2196	413078	0.994684
chr06x16	21750001	22000000	HAP1_chr16	HAP2_chr06	HAP1	HAP2	16	6	218204	165329	8014	375519	0.978659
chr06x16	21750001	22000000	HAP2_chr06	HAP2_chr16	HAP2	HAP2	6	16	165329	225257	9204	381382	0.975867
chr06x16	22000001	22250000	HAP1_chr06	HAP1_chr16	HAP1	HAP1	6	16	203268	216182	1816	417634	0.995652
chr06x16	22000001	22250000	HAP1_chr06	HAP2_chr16	HAP1	HAP2	6	16	203268	229595	3308	429555	0.992299
chr06x16	22000001	22250000	HAP1_chr16	HAP2_chr06	HAP1	HAP2	16	6	216182	216733	8023	424892	0.981118
chr06x16	22000001	22250000	HAP2_chr06	HAP2_chr16	HAP2	HAP2	6	16	216733	229595	3498	442830	0.992101
chr06x16	22250001	22500000	HAP1_chr06	HAP1_chr16	HAP1	HAP1	6	16	186106	211632	6204	391534	0.984155
chr06x16	22250001	22500000	HAP1_chr06	HAP2_chr16	HAP1	HAP2	6	16	186106	108696	1420	293382	0.995160
chr06x16	22250001	22500000	HAP1_chr16	HAP2_chr06	HAP1	HAP2	16	6	211632	222735	2618	431749	0.993936
chr06x16	22250001	22500000	HAP2_chr06	HAP2_chr16	HAP2	HAP2	6	16	222735	108696	1811	329620	0.994506
chr06x16	22500001	22750000	HAP1_chr06	HAP1_chr16	HAP1	HAP1	6	16	205969	223749	5337	424381	0.987424
chr06x16	22500001	22750000	HAP1_chr06	HAP2_chr16	HAP1	HAP2	6	16	205969	232709	4513	434165	0.989605
chr06x16	22500001	22750000	HAP1_chr16	HAP2_chr06	HAP1	HAP2	16	6	223749	218733	6260	436222	0.985650
chr06x16	22500001	22750000	HAP2_chr06	HAP2_chr16	HAP2	HAP2	6	16	218733	232709	10458	440984	0.976285
chr06x16	22750001	23000000	HAP1_chr06	HAP1_chr16	HAP1	HAP1	6	16	215242	218191	12567	420866	0.970140
chr06x16	22750001	23000000	HAP1_chr06	HAP2_chr16	HAP1	HAP2	6	16	215242	201904	2616	414530	0.993689
chr06x16	22750001	23000000	HAP1_chr16	HAP2_chr06	HAP1	HAP2	16	6	218191	212454	8738	421907	0.979289
chr06x16	22750001	23000000	HAP2_chr06	HAP2_chr16	HAP2	HAP2	6	16	212454	201904	5892	408466	0.985575
chr06x16	23000001	23250000	HAP1_chr06	HAP1_chr16	HAP1	HAP1	6	16	222082	222738	5768	439052	0.986863
chr06x16	23000001	23250000	HAP1_chr06	HAP2_chr16	HAP1	HAP2	6	16	222082	192494	8647	405929	0.978698
chr06x16	23000001	23250000	HAP1_chr16	HAP2_chr06	HAP1	HAP2	16	6	222738	230022	5881	446879	0.986840
chr06x16	23000001	23250000	HAP2_chr06	HAP2_chr16	HAP2	HAP2	6	16	230022	192494	6013	416503	0.985563
chr06x16	23250001	23500000	HAP1_chr06	HAP1_chr16	HAP1	HAP1	6	16	216242	211410	5350	422302	0.987331
chr06x16	23250001	23500000	HAP1_chr06	HAP2_chr16	HAP1	HAP2	6	16	216242	207722	1138	422826	0.997309
chr06x16	23250001	23500000	HAP1_chr16	HAP2_chr06	HAP1	HAP2	16	6	211410	195971	5817	401564	0.985514
chr06x16	23250001	23500000	HAP2_chr06	HAP2_chr16	HAP2	HAP2	6	16	195971	207722	6474	397219	0.983702
chr06x16	23500001	23750000	HAP1_chr06	HAP1_chr16	HAP1	HAP1	6	16	213002	238114	4398	446718	0.990155
chr06x16	23500001	23750000	HAP1_chr06	HAP2_chr16	HAP1	HAP2	6	16	213002	230589	2052	441539	0.995353
chr06x16	23500001	23750000	HAP1_chr16	HAP2_chr06	HAP1	HAP2	16	6	238114	229944	3624	464434	0.992197
chr06x16	23500001	23750000	HAP2_chr06	HAP2_chr16	HAP2	HAP2	6	16	229944	230589	5535	454998	0.987835
chr06x16	23750001	24000000	HAP1_chr06	HAP1_chr16	HAP1	HAP1	6	16	212569	233721	1917	444373	0.995686
chr06x16	23750001	24000000	HAP1_chr06	HAP2_chr16	HAP1	HAP2	6	16	212569	217351	2318	427602	0.994579
chr06x16	23750001	24000000	HAP1_chr16	HAP2_chr06	HAP1	HAP2	16	6	233721	214448	3804	444365	0.991439
chr06x16	23750001	24000000	HAP2_chr06	HAP2_chr16	HAP2	HAP2	6	16	214448	217351	5726	426073	0.986561
chr06x16	24000001	24250000	HAP1_chr06	HAP1_chr16	HAP1	HAP1	6	16	213116	222609	8238	427487	0.980729
chr06x16	24000001	24250000	HAP1_chr06	HAP2_chr16	HAP1	HAP2	6	16	213116	206889	3870	416135	0.990700
chr06x16	24000001	24250000	HAP1_chr16	HAP2_chr06	HAP1	HAP2	16	6	222609	218127	8748	431988	0.979749
chr06x16	24000001	24250000	HAP2_chr06	HAP2_chr16	HAP2	HAP2	6	16	218127	206889	4533	420483	0.989220
chr06x16	24250001	24500000	HAP1_chr06	HAP1_chr16	HAP1	HAP1	6	16	215276	233662	5774	443164	0.986971
chr06x16	24250001	24500000	HAP1_chr06	HAP2_chr16	HAP1	HAP2	6	16	215276	228155	1596	441835	0.996388
chr06x16	24250001	24500000	HAP1_chr16	HAP2_chr06	HAP1	HAP2	16	6	233662	211804	6958	438508	0.984133
chr06x16	24250001	24500000	HAP2_chr06	HAP2_chr16	HAP2	HAP2	6	16	211804	228155	4647	435312	0.989325
chr06x16	24500001	24750000	HAP1_chr06	HAP1_chr16	HAP1	HAP1	6	16	223985	227990	2902	449073	0.993538
chr06x16	24500001	24750000	HAP1_chr06	HAP2_chr16	HAP1	HAP2	6	16	223985	234991	5926	453050	0.986920
chr06x16	24500001	24750000	HAP1_chr16	HAP2_chr06	HAP1	HAP2	16	6	227990	201966	4954	425002	0.988344
chr06x16	24500001	24750000	HAP2_chr06	HAP2_chr16	HAP2	HAP2	6	16	201966	234991	6379	430578	0.985185
chr06x16	24750001	25000000	HAP1_chr06	HAP1_chr16	HAP1	HAP1	6	16	213338	222112	7371	428079	0.982781
chr06x16	24750001	25000000	HAP1_chr06	HAP2_chr16	HAP1	HAP2	6	16	213338	222917	7258	428997	0.983081
chr06x16	24750001	25000000	HAP1_chr16	HAP2_chr06	HAP1	HAP2	16	6	222112	232292	5787	448617	0.987100
chr06x16	24750001	25000000	HAP2_chr06	HAP2_chr16	HAP2	HAP2	6	16	232292	222917	8409	446800	0.981179
chr06x16	25000001	25250000	HAP1_chr06	HAP1_chr16	HAP1	HAP1	6	16	214356	214791	5867	423280	0.986139
chr06x16	25000001	25250000	HAP1_chr06	HAP2_chr16	HAP1	HAP2	6	16	214356	216783	2997	428142	0.993000
chr06x16	25000001	25250000	HAP1_chr16	HAP2_chr06	HAP1	HAP2	16	6	214791	212174	12509	414456	0.969818
chr06x16	25000001	25250000	HAP2_chr06	HAP2_chr16	HAP2	HAP2	6	16	212174	216783	11605	417352	0.972194
chr06x16	25250001	25500000	HAP1_chr06	HAP1_chr16	HAP1	HAP1	6	16	208867	233577	2076	440368	0.995286
chr06x16	25250001	25500000	HAP1_chr06	HAP2_chr16	HAP1	HAP2	6	16	208867	219967	4099	424735	0.990349
chr06x16	25250001	25500000	HAP1_chr16	HAP2_chr06	HAP1	HAP2	16	6	233577	201346	10956	423967	0.974158
chr06x16	25250001	25500000	HAP2_chr06	HAP2_chr16	HAP2	HAP2	6	16	201346	219967	8142	413171	0.980294
chr06x16	25500001	25750000	HAP1_chr06	HAP1_chr16	HAP1	HAP1	6	16	211261	225714	6292	430683	0.985391
chr06x16	25500001	25750000	HAP1_chr06	HAP2_chr16	HAP1	HAP2	6	16	211261	212344	5035	418570	0.987971
chr06x16	25500001	25750000	HAP1_chr16	HAP2_chr06	HAP1	HAP2	16	6	225714	203470	4001	425183	0.990590
chr06x16	25500001	25750000	HAP2_chr06	HAP2_chr16	HAP2	HAP2	6	16	203470	212344	12745	403069	0.968380
chr06x16	25750001	26000000	HAP1_chr06	HAP1_chr16	HAP1	HAP1	6	16	190531	218177	2787	405921	0.993134
chr06x16	25750001	26000000	HAP1_chr06	HAP2_chr16	HAP1	HAP2	6	16	190531	214114	2562	402083	0.993628
chr06x16	25750001	26000000	HAP1_chr16	HAP2_chr06	HAP1	HAP2	16	6	218177	234526	5021	447682	0.988784
chr06x16	25750001	26000000	HAP2_chr06	HAP2_chr16	HAP2	HAP2	6	16	234526	214114	11141	437499	0.974535
chr06x16	26000001	26250000	HAP1_chr06	HAP1_chr16	HAP1	HAP1	6	16	206506	228756	5935	429327	0.986176
chr06x16	26000001	26250000	HAP1_chr06	HAP2_chr16	HAP1	HAP2	6	16	206506	235024	9566	431964	0.977855
chr06x16	26000001	26250000	HAP1_chr16	HAP2_chr06	HAP1	HAP2	16	6	228756	210525	3225	436056	0.992604
chr06x16	26000001	26250000	HAP2_chr06	HAP2_chr16	HAP2	HAP2	6	16	210525	235024	9033	436516	0.979307
chr06x16	26250001	26500000	HAP1_chr06	HAP1_chr16	HAP1	HAP1	6	16	211731	214956	3640	423047	0.991396
chr06x16	26250001	26500000	HAP1_chr06	HAP2_chr16	HAP1	HAP2	6	16	211731	233279	3062	441948	0.993072
chr06x16	26250001	26500000	HAP1_chr16	HAP2_chr06	HAP1	HAP2	16	6	214956	217382	10713	421625	0.974591
chr06x16	26250001	26500000	HAP2_chr06	HAP2_chr16	HAP2	HAP2	6	16	217382	233279	10274	440387	0.976671
chr06x16	26500001	26750000	HAP1_chr06	HAP1_chr16	HAP1	HAP1	6	16	212079	200161	12124	400116	0.969699
chr06x16	26500001	26750000	HAP1_chr06	HAP2_chr16	HAP1	HAP2	6	16	212079	203785	3351	412513	0.991877
chr06x16	26500001	26750000	HAP1_chr16	HAP2_chr06	HAP1	HAP2	16	6	200161	225271	4362	421070	0.989641
chr06x16	26500001	26750000	HAP2_chr06	HAP2_chr16	HAP2	HAP2	6	16	225271	203785	7737	421319	0.981636
chr06x16	26750001	27000000	HAP1_chr06	HAP1_chr16	HAP1	HAP1	6	16	206046	192331	3106	395271	0.992142
chr06x16	26750001	27000000	HAP1_chr06	HAP2_chr16	HAP1	HAP2	6	16	206046	188379	2121	392304	0.994593
chr06x16	26750001	27000000	HAP1_chr16	HAP2_chr06	HAP1	HAP2	16	6	192331	228669	8754	412246	0.978765
chr06x16	26750001	27000000	HAP2_chr06	HAP2_chr16	HAP2	HAP2	6	16	228669	188379	4221	412827	0.989775
chr06x16	27000001	27250000	HAP1_chr06	HAP1_chr16	HAP1	HAP1	6	16	206340	207762	6046	408056	0.985183
chr06x16	27000001	27250000	HAP1_chr06	HAP2_chr16	HAP1	HAP2	6	16	206340	124551	1179	329712	0.996424
chr06x16	27000001	27250000	HAP1_chr16	HAP2_chr06	HAP1	HAP2	16	6	207762	219467	6384	420845	0.984831
chr06x16	27000001	27250000	HAP2_chr06	HAP2_chr16	HAP2	HAP2	6	16	219467	124551	1180	342838	0.996558
chr06x16	27250001	27500000	HAP1_chr06	HAP1_chr16	HAP1	HAP1	6	16	149742	198117	6282	341577	0.981609
chr06x16	27250001	27500000	HAP1_chr06	HAP2_chr16	HAP1	HAP2	6	16	149742	230962	3625	377079	0.990387
chr06x16	27250001	27500000	HAP1_chr16	HAP2_chr06	HAP1	HAP2	16	6	198117	228463	9475	417105	0.977284
chr06x16	27250001	27500000	HAP2_chr06	HAP2_chr16	HAP2	HAP2	6	16	228463	230962	5754	453671	0.987317
chr06x16	27500001	27750000	HAP1_chr06	HAP1_chr16	HAP1	HAP1	6	16	190038	229625	4600	415063	0.988917
chr06x16	27500001	27750000	HAP1_chr06	HAP2_chr16	HAP1	HAP2	6	16	190038	203684	5105	388617	0.986864
chr06x16	27500001	27750000	HAP1_chr16	HAP2_chr06	HAP1	HAP2	16	6	229625	232474	4344	457755	0.990510
chr06x16	27500001	27750000	HAP2_chr06	HAP2_chr16	HAP2	HAP2	6	16	232474	203684	4950	431208	0.988521
chr06x16	27750001	28000000	HAP1_chr06	HAP1_chr16	HAP1	HAP1	6	16	194116	203336	13536	383916	0.964742
chr06x16	27750001	28000000	HAP1_chr06	HAP2_chr16	HAP1	HAP2	6	16	194116	233868	8529	419455	0.979666
chr06x16	27750001	28000000	HAP1_chr16	HAP2_chr06	HAP1	HAP2	16	6	203336	206349	14709	394976	0.962760
chr06x16	27750001	28000000	HAP2_chr06	HAP2_chr16	HAP2	HAP2	6	16	206349	233868	5538	434679	0.987260
chr06x16	28000001	28250000	HAP1_chr06	HAP1_chr16	HAP1	HAP1	6	16	231587	207954	8820	430721	0.979523
chr06x16	28000001	28250000	HAP1_chr06	HAP2_chr16	HAP1	HAP2	6	16	231587	232430	6455	457562	0.985893
chr06x16	28000001	28250000	HAP1_chr16	HAP2_chr06	HAP1	HAP2	16	6	207954	189596	8393	389157	0.978433
chr06x16	28000001	28250000	HAP2_chr06	HAP2_chr16	HAP2	HAP2	6	16	189596	232430	4177	417849	0.990004
chr06x16	28250001	28500000	HAP1_chr06	HAP1_chr16	HAP1	HAP1	6	16	223100	209139	4925	427314	0.988475
chr06x16	28250001	28500000	HAP1_chr06	HAP2_chr16	HAP1	HAP2	6	16	223100	201612	4064	420648	0.990339
chr06x16	28250001	28500000	HAP1_chr16	HAP2_chr06	HAP1	HAP2	16	6	209139	198733	10061	397811	0.974709
chr06x16	28250001	28500000	HAP2_chr06	HAP2_chr16	HAP2	HAP2	6	16	198733	201612	6534	393811	0.983408
chr06x16	28500001	28750000	HAP1_chr06	HAP1_chr16	HAP1	HAP1	6	16	91241	234607	4278	321570	0.986697
chr06x16	28500001	28750000	HAP1_chr06	HAP2_chr16	HAP1	HAP2	6	16	91241	190453	2891	278803	0.989631
chr06x16	28500001	28750000	HAP1_chr16	HAP2_chr06	HAP1	HAP2	16	6	234607	210412	3069	441950	0.993056
chr06x16	28500001	28750000	HAP2_chr06	HAP2_chr16	HAP2	HAP2	6	16	210412	190453	8816	392049	0.977513
chr06x16	28750001	29000000	HAP1_chr06	HAP1_chr16	HAP1	HAP1	6	16	30957	229611	724	259844	0.997214
chr06x16	28750001	29000000	HAP1_chr06	HAP2_chr16	HAP1	HAP2	6	16	30957	212618	500	243075	0.997943
chr06x16	28750001	29000000	HAP1_chr16	HAP2_chr06	HAP1	HAP2	16	6	229611	217204	9503	437312	0.978270
chr06x16	28750001	29000000	HAP2_chr06	HAP2_chr16	HAP2	HAP2	6	16	217204	212618	5820	424002	0.986274
chr06x16	29000001	29250000	HAP1_chr06	HAP1_chr16	HAP1	HAP1	6	16	21669	213628	3091	232206	0.986689
chr06x16	29000001	29250000	HAP1_chr06	HAP2_chr16	HAP1	HAP2	6	16	21669	201959	2256	221372	0.989809
chr06x16	29000001	29250000	HAP1_chr16	HAP2_chr06	HAP1	HAP2	16	6	213628	226731	11659	428700	0.972804
chr06x16	29000001	29250000	HAP2_chr06	HAP2_chr16	HAP2	HAP2	6	16	226731	201959	10609	418081	0.974625
chr06x16	29250001	29500000	HAP1_chr06	HAP1_chr16	HAP1	HAP1	6	16	33308	167433	498	200243	0.997513
chr06x16	29250001	29500000	HAP1_chr06	HAP2_chr16	HAP1	HAP2	6	16	33308	219239	154	252393	0.999390
chr06x16	29250001	29500000	HAP1_chr16	HAP2_chr06	HAP1	HAP2	16	6	167433	226491	3152	390772	0.991934
chr06x16	29250001	29500000	HAP2_chr06	HAP2_chr16	HAP2	HAP2	6	16	226491	219239	10235	435495	0.976498
chr06x16	29500001	29750000	HAP1_chr06	HAP1_chr16	HAP1	HAP1	6	16	121132	168636	483	289285	0.998330
chr06x16	29500001	29750000	HAP1_chr06	HAP2_chr16	HAP1	HAP2	6	16	121132	194564	4019	311677	0.987105
chr06x16	29500001	29750000	HAP1_chr16	HAP2_chr06	HAP1	HAP2	16	6	168636	194398	1496	361538	0.995862
chr06x16	29500001	29750000	HAP2_chr06	HAP2_chr16	HAP2	HAP2	6	16	194398	194564	6669	382293	0.982555
chr06x16	29750001	30000000	HAP1_chr06	HAP1_chr16	HAP1	HAP1	6	16	20100	223497	95	243502	0.999610
chr06x16	29750001	30000000	HAP1_chr06	HAP2_chr16	HAP1	HAP2	6	16	20100	215632	67	235665	0.999716
chr06x16	29750001	30000000	HAP1_chr16	HAP2_chr06	HAP1	HAP2	16	6	223497	218527	9769	432255	0.977400
chr06x16	29750001	30000000	HAP2_chr06	HAP2_chr16	HAP2	HAP2	6	16	218527	215632	9861	424298	0.976759
chr06x16	30000001	30250000	HAP1_chr06	HAP1_chr16	HAP1	HAP1	6	16	8578	216408	39	224947	0.999827
chr06x16	30000001	30250000	HAP1_chr06	HAP2_chr16	HAP1	HAP2	6	16	8578	202957	29	211506	0.999863
chr06x16	30000001	30250000	HAP1_chr16	HAP2_chr06	HAP1	HAP2	16	6	216408	228706	12400	432714	0.971344
chr06x16	30000001	30250000	HAP2_chr06	HAP2_chr16	HAP2	HAP2	6	16	228706	202957	11522	420141	0.972576
chr06x16	30250001	30500000	HAP1_chr06	HAP1_chr16	HAP1	HAP1	6	16	36743	226921	92	263572	0.999651
chr06x16	30250001	30500000	HAP1_chr06	HAP2_chr16	HAP1	HAP2	6	16	36743	227190	73	263860	0.999723
chr06x16	30250001	30500000	HAP1_chr16	HAP2_chr06	HAP1	HAP2	16	6	226921	215999	6875	436045	0.984233
chr06x16	30250001	30500000	HAP2_chr06	HAP2_chr16	HAP2	HAP2	6	16	215999	227190	7597	435592	0.982559
chr06x16	30500001	30750000	HAP1_chr06	HAP1_chr16	HAP1	HAP1	6	16	23011	222445	71	245385	0.999711
chr06x16	30500001	30750000	HAP1_chr06	HAP2_chr16	HAP1	HAP2	6	16	23011	221375	1832	242554	0.992447
chr06x16	30500001	30750000	HAP1_chr16	HAP2_chr06	HAP1	HAP2	16	6	222445	201801	6760	417486	0.983808
chr06x16	30500001	30750000	HAP2_chr06	HAP2_chr16	HAP2	HAP2	6	16	201801	221375	8988	414188	0.978300
chr06x16	30750001	31000000	HAP1_chr06	HAP1_chr16	HAP1	HAP1	6	16	45989	217936	1213	262712	0.995383
chr06x16	30750001	31000000	HAP1_chr06	HAP2_chr16	HAP1	HAP2	6	16	45989	221180	684	266485	0.997433
chr06x16	30750001	31000000	HAP1_chr16	HAP2_chr06	HAP1	HAP2	16	6	217936	209036	11237	415735	0.972971
chr06x16	30750001	31000000	HAP2_chr06	HAP2_chr16	HAP2	HAP2	6	16	209036	221180	9482	420734	0.977463
chr06x16	31000001	31250000	HAP1_chr06	HAP1_chr16	HAP1	HAP1	6	16	126471	225104	4246	347329	0.987775
chr06x16	31000001	31250000	HAP1_chr06	HAP2_chr16	HAP1	HAP2	6	16	126471	232396	3217	355650	0.990955
chr06x16	31000001	31250000	HAP1_chr16	HAP2_chr06	HAP1	HAP2	16	6	225104	218943	3318	440729	0.992472
chr06x16	31000001	31250000	HAP2_chr06	HAP2_chr16	HAP2	HAP2	6	16	218943	232396	9996	441343	0.977351
chr06x16	31250001	31500000	HAP1_chr06	HAP1_chr16	HAP1	HAP1	6	16	101149	205274	4937	301486	0.983624
chr06x16	31250001	31500000	HAP1_chr06	HAP2_chr16	HAP1	HAP2	6	16	101149	221616	4923	317842	0.984511
chr06x16	31250001	31500000	HAP1_chr16	HAP2_chr06	HAP1	HAP2	16	6	205274	216692	8830	413136	0.978627
chr06x16	31250001	31500000	HAP2_chr06	HAP2_chr16	HAP2	HAP2	6	16	216692	221616	23324	414984	0.943795
chr06x16	31500001	31750000	HAP1_chr06	HAP1_chr16	HAP1	HAP1	6	16	140410	224545	4668	360287	0.987044
chr06x16	31500001	31750000	HAP1_chr06	HAP2_chr16	HAP1	HAP2	6	16	140410	214833	9853	345390	0.971473
chr06x16	31500001	31750000	HAP1_chr16	HAP2_chr06	HAP1	HAP2	16	6	224545	213480	9734	428291	0.977272
chr06x16	31500001	31750000	HAP2_chr06	HAP2_chr16	HAP2	HAP2	6	16	213480	214833	22209	406104	0.945312
chr06x16	31750001	32000000	HAP1_chr06	HAP1_chr16	HAP1	HAP1	6	16	174165	227449	4860	396754	0.987751
chr06x16	31750001	32000000	HAP1_chr06	HAP2_chr16	HAP1	HAP2	6	16	174165	235017	3801	405381	0.990624
chr06x16	31750001	32000000	HAP1_chr16	HAP2_chr06	HAP1	HAP2	16	6	227449	226366	8657	445158	0.980553
chr06x16	31750001	32000000	HAP2_chr06	HAP2_chr16	HAP2	HAP2	6	16	226366	235017	16671	444712	0.962513
chr06x16	32000001	32250000	HAP1_chr06	HAP1_chr16	HAP1	HAP1	6	16	221466	218286	4720	435032	0.989150
chr06x16	32000001	32250000	HAP1_chr06	HAP2_chr16	HAP1	HAP2	6	16	221466	224386	8021	437831	0.981680
chr06x16	32000001	32250000	HAP1_chr16	HAP2_chr06	HAP1	HAP2	16	6	218286	216975	5876	429385	0.986315
chr06x16	32000001	32250000	HAP2_chr06	HAP2_chr16	HAP2	HAP2	6	16	216975	224386	4641	436720	0.989373
chr06x16	32250001	32500000	HAP1_chr06	HAP1_chr16	HAP1	HAP1	6	16	228594	231740	3241	457093	0.992910
chr06x16	32250001	32500000	HAP1_chr06	HAP2_chr16	HAP1	HAP2	6	16	228594	228304	7974	448924	0.982238
chr06x16	32250001	32500000	HAP1_chr16	HAP2_chr06	HAP1	HAP2	16	6	231740	191808	5346	418202	0.987217
chr06x16	32250001	32500000	HAP2_chr06	HAP2_chr16	HAP2	HAP2	6	16	191808	228304	8935	411177	0.978270
chr06x16	32500001	32750000	HAP1_chr06	HAP1_chr16	HAP1	HAP1	6	16	195980	208150	7897	396233	0.980070
chr06x16	32500001	32750000	HAP1_chr06	HAP2_chr16	HAP1	HAP2	6	16	195980	212026	5157	402849	0.987199
chr06x16	32500001	32750000	HAP1_chr16	HAP2_chr06	HAP1	HAP2	16	6	208150	206500	8557	406093	0.978928
chr06x16	32500001	32750000	HAP2_chr06	HAP2_chr16	HAP2	HAP2	6	16	206500	212026	4431	414095	0.989300
chr06x16	32750001	33000000	HAP1_chr06	HAP1_chr16	HAP1	HAP1	6	16	132579	222569	2130	353018	0.993966
chr06x16	32750001	33000000	HAP1_chr06	HAP2_chr16	HAP1	HAP2	6	16	132579	237008	2554	367033	0.993041
chr06x16	32750001	33000000	HAP1_chr16	HAP2_chr06	HAP1	HAP2	16	6	222569	218588	4990	436167	0.988559
chr06x16	32750001	33000000	HAP2_chr06	HAP2_chr16	HAP2	HAP2	6	16	218588	237008	11967	443629	0.973025
chr06x16	33000001	33250000	HAP1_chr06	HAP1_chr16	HAP1	HAP1	6	16	100992	232348	3740	329600	0.988653
chr06x16	33000001	33250000	HAP1_chr06	HAP2_chr16	HAP1	HAP2	6	16	100992	232990	5275	328707	0.983952
chr06x16	33000001	33250000	HAP1_chr16	HAP2_chr06	HAP1	HAP2	16	6	232348	197340	5392	424296	0.987292
chr06x16	33000001	33250000	HAP2_chr06	HAP2_chr16	HAP2	HAP2	6	16	197340	232990	7214	423116	0.982950
chr06x16	33250001	33500000	HAP1_chr06	HAP1_chr16	HAP1	HAP1	6	16	89780	171049	4253	256576	0.983424
chr06x16	33250001	33500000	HAP1_chr06	HAP2_chr16	HAP1	HAP2	6	16	89780	212716	2733	299763	0.990883
chr06x16	33250001	33500000	HAP1_chr16	HAP2_chr06	HAP1	HAP2	16	6	171049	232840	6080	397809	0.984716
chr06x16	33250001	33500000	HAP2_chr06	HAP2_chr16	HAP2	HAP2	6	16	232840	212716	7916	437640	0.981912
chr06x16	33500001	33750000	HAP1_chr06	HAP1_chr16	HAP1	HAP1	6	16	108657	200993	1834	307816	0.994042
chr06x16	33500001	33750000	HAP1_chr06	HAP2_chr16	HAP1	HAP2	6	16	108657	223913	5375	327195	0.983572
chr06x16	33500001	33750000	HAP1_chr16	HAP2_chr06	HAP1	HAP2	16	6	200993	219099	3537	416555	0.991509
chr06x16	33500001	33750000	HAP2_chr06	HAP2_chr16	HAP2	HAP2	6	16	219099	223913	6349	436663	0.985460
chr06x16	33750001	34000000	HAP1_chr06	HAP1_chr16	HAP1	HAP1	6	16	175567	230211	1882	403896	0.995340
chr06x16	33750001	34000000	HAP1_chr06	HAP2_chr16	HAP1	HAP2	6	16	175567	226050	6609	395008	0.983269
chr06x16	33750001	34000000	HAP1_chr16	HAP2_chr06	HAP1	HAP2	16	6	230211	212674	2773	440112	0.993699
chr06x16	33750001	34000000	HAP2_chr06	HAP2_chr16	HAP2	HAP2	6	16	212674	226050	9140	429584	0.978724
chr06x16	34000001	34250000	HAP1_chr06	HAP1_chr16	HAP1	HAP1	6	16	215171	214020	2821	426370	0.993384
chr06x16	34000001	34250000	HAP1_chr06	HAP2_chr16	HAP1	HAP2	6	16	215171	213690	3294	425567	0.992260
chr06x16	34000001	34250000	HAP1_chr16	HAP2_chr06	HAP1	HAP2	16	6	214020	217250	5913	425357	0.986099
chr06x16	34000001	34250000	HAP2_chr06	HAP2_chr16	HAP2	HAP2	6	16	217250	213690	5845	425095	0.986250
chr06x16	34250001	34500000	HAP1_chr06	HAP1_chr16	HAP1	HAP1	6	16	202471	134839	1215	336095	0.996385
chr06x16	34250001	34500000	HAP1_chr06	HAP2_chr16	HAP1	HAP2	6	16	202471	219953	8867	413557	0.978559
chr06x16	34250001	34500000	HAP1_chr16	HAP2_chr06	HAP1	HAP2	16	6	134839	213300	1910	346229	0.994483
chr06x16	34250001	34500000	HAP2_chr06	HAP2_chr16	HAP2	HAP2	6	16	213300	219953	5907	427346	0.986177
chr06x16	34500001	34750000	HAP1_chr06	HAP1_chr16	HAP1	HAP1	6	16	204065	235236	2739	436562	0.993726
chr06x16	34500001	34750000	HAP1_chr06	HAP2_chr16	HAP1	HAP2	6	16	204065	216763	6040	414788	0.985438
chr06x16	34500001	34750000	HAP1_chr16	HAP2_chr06	HAP1	HAP2	16	6	235236	200323	3199	432360	0.992601
chr06x16	34500001	34750000	HAP2_chr06	HAP2_chr16	HAP2	HAP2	6	16	200323	216763	4653	412433	0.988718
chr06x16	34750001	35000000	HAP1_chr06	HAP1_chr16	HAP1	HAP1	6	16	211224	217448	6138	422534	0.985473
chr06x16	34750001	35000000	HAP1_chr06	HAP2_chr16	HAP1	HAP2	6	16	211224	216238	9756	417706	0.976644
chr06x16	34750001	35000000	HAP1_chr16	HAP2_chr06	HAP1	HAP2	16	6	217448	184117	6257	395308	0.984172
chr06x16	34750001	35000000	HAP2_chr06	HAP2_chr16	HAP2	HAP2	6	16	184117	216238	9384	390971	0.975998
chr06x16	35000001	35250000	HAP1_chr06	HAP1_chr16	HAP1	HAP1	6	16	220062	229456	7824	441694	0.982286
chr06x16	35000001	35250000	HAP1_chr06	HAP2_chr16	HAP1	HAP2	6	16	220062	193829	12600	401291	0.968601
chr06x16	35000001	35250000	HAP1_chr16	HAP2_chr06	HAP1	HAP2	16	6	229456	164281	7095	386642	0.981650
chr06x16	35000001	35250000	HAP2_chr06	HAP2_chr16	HAP2	HAP2	6	16	164281	193829	10668	347442	0.969296
chr06x16	35250001	35500000	HAP1_chr06	HAP1_chr16	HAP1	HAP1	6	16	214014	231716	3748	441982	0.991520
chr06x16	35250001	35500000	HAP1_chr06	HAP2_chr16	HAP1	HAP2	6	16	214014	82014	8672	287356	0.969821
chr06x16	35250001	35500000	HAP1_chr16	HAP2_chr06	HAP1	HAP2	16	6	231716	210003	4980	436739	0.988597
chr06x16	35250001	35500000	HAP2_chr06	HAP2_chr16	HAP2	HAP2	6	16	210003	82014	6394	285623	0.977614
chr06x16	35500001	35750000	HAP1_chr06	HAP1_chr16	HAP1	HAP1	6	16	213355	223782	2007	435130	0.995388
chr06x16	35500001	35750000	HAP1_chr06	HAP2_chr16	HAP1	HAP2	6	16	213355	55174	2208	266321	0.991709
chr06x16	35500001	35750000	HAP1_chr16	HAP2_chr06	HAP1	HAP2	16	6	223782	152115	3117	372780	0.991638
chr06x16	35500001	35750000	HAP2_chr06	HAP2_chr16	HAP2	HAP2	6	16	152115	55174	3252	204037	0.984062
chr06x16	35750001	36000000	HAP1_chr06	HAP1_chr16	HAP1	HAP1	6	16	211349	173428	7947	376830	0.978911
chr06x16	35750001	36000000	HAP1_chr06	HAP2_chr16	HAP1	HAP2	6	16	211349	56932	3568	264713	0.986521
chr06x16	35750001	36000000	HAP1_chr16	HAP2_chr06	HAP1	HAP2	16	6	173428	193059	7829	358658	0.978171
chr06x16	35750001	36000000	HAP2_chr06	HAP2_chr16	HAP2	HAP2	6	16	193059	56932	4557	245434	0.981433
chr06x16	36000001	36250000	HAP1_chr06	HAP1_chr16	HAP1	HAP1	6	16	188043	204689	8171	384561	0.978752
chr06x16	36000001	36250000	HAP1_chr06	HAP2_chr16	HAP1	HAP2	6	16	188043	35390	3586	219847	0.983689
chr06x16	36000001	36250000	HAP1_chr16	HAP2_chr06	HAP1	HAP2	16	6	204689	206410	9592	401507	0.976110
chr06x16	36000001	36250000	HAP2_chr06	HAP2_chr16	HAP2	HAP2	6	16	206410	35390	1512	240288	0.993708
chr06x16	36250001	36500000	HAP1_chr06	HAP1_chr16	HAP1	HAP1	6	16	213397	231537	3714	441220	0.991582
chr06x16	36250001	36500000	HAP1_chr06	HAP2_chr16	HAP1	HAP2	6	16	213397	46199	2175	257421	0.991551
chr06x16	36250001	36500000	HAP1_chr16	HAP2_chr06	HAP1	HAP2	16	6	231537	194640	6933	419244	0.983463
chr06x16	36250001	36500000	HAP2_chr06	HAP2_chr16	HAP2	HAP2	6	16	194640	46199	3213	237626	0.986479
chr06x16	36500001	36750000	HAP1_chr06	HAP1_chr16	HAP1	HAP1	6	16	219625	233986	2870	450741	0.993633
chr06x16	36500001	36750000	HAP1_chr06	HAP2_chr16	HAP1	HAP2	6	16	219625	47370	2497	264498	0.990559
chr06x16	36500001	36750000	HAP1_chr16	HAP2_chr06	HAP1	HAP2	16	6	233986	200401	4270	430117	0.990072
chr06x16	36500001	36750000	HAP2_chr06	HAP2_chr16	HAP2	HAP2	6	16	200401	47370	3959	243812	0.983762
chr06x16	36750001	37000000	HAP1_chr06	HAP1_chr16	HAP1	HAP1	6	16	187764	225445	4086	409123	0.990013
chr06x16	36750001	37000000	HAP1_chr06	HAP2_chr16	HAP1	HAP2	6	16	187764	51590	3402	235952	0.985582
chr06x16	36750001	37000000	HAP1_chr16	HAP2_chr06	HAP1	HAP2	16	6	225445	222119	6335	441229	0.985642
chr06x16	36750001	37000000	HAP2_chr06	HAP2_chr16	HAP2	HAP2	6	16	222119	51590	1782	271927	0.993447
chr06x16	37000001	37250000	HAP1_chr06	HAP1_chr16	HAP1	HAP1	6	16	215003	220791	5733	430061	0.986669
chr06x16	37000001	37250000	HAP1_chr06	HAP2_chr16	HAP1	HAP2	6	16	215003	205032	6404	413631	0.984518
chr06x16	37000001	37250000	HAP1_chr16	HAP2_chr06	HAP1	HAP2	16	6	220791	210432	5293	425930	0.987573
chr06x16	37000001	37250000	HAP2_chr06	HAP2_chr16	HAP2	HAP2	6	16	210432	205032	6573	408891	0.983925
chr06x16	37250001	37500000	HAP1_chr06	HAP1_chr16	HAP1	HAP1	6	16	218633	202778	7086	414325	0.982897
chr06x16	37250001	37500000	HAP1_chr06	HAP2_chr16	HAP1	HAP2	6	16	218633	199338	11324	406647	0.972153
chr06x16	37250001	37500000	HAP1_chr16	HAP2_chr06	HAP1	HAP2	16	6	202778	190907	8384	385301	0.978240
chr06x16	37250001	37500000	HAP2_chr06	HAP2_chr16	HAP2	HAP2	6	16	190907	199338	11203	379042	0.970444
chr06x16	37500001	37750000	HAP1_chr06	HAP1_chr16	HAP1	HAP1	6	16	232886	227069	2525	457430	0.994480
chr06x16	37500001	37750000	HAP1_chr06	HAP2_chr16	HAP1	HAP2	6	16	232886	232092	11714	453264	0.974156
chr06x16	37500001	37750000	HAP1_chr16	HAP2_chr06	HAP1	HAP2	16	6	227069	183487	3836	406720	0.990568
chr06x16	37500001	37750000	HAP2_chr06	HAP2_chr16	HAP2	HAP2	6	16	183487	232092	5533	410046	0.986506
chr06x16	37750001	38000000	HAP1_chr06	HAP1_chr16	HAP1	HAP1	6	16	204411	228748	3639	429520	0.991528
chr06x16	37750001	38000000	HAP1_chr06	HAP2_chr16	HAP1	HAP2	6	16	204411	166640	10181	360870	0.971788
chr06x16	37750001	38000000	HAP1_chr16	HAP2_chr06	HAP1	HAP2	16	6	228748	215133	3153	440728	0.992846
chr06x16	37750001	38000000	HAP2_chr06	HAP2_chr16	HAP2	HAP2	6	16	215133	166640	8758	373015	0.976521
chr06x16	38000001	38250000	HAP1_chr06	HAP1_chr16	HAP1	HAP1	6	16	206583	219764	3268	423079	0.992276
chr06x16	38000001	38250000	HAP1_chr06	HAP2_chr16	HAP1	HAP2	6	16	206583	126180	7564	325199	0.976740
chr06x16	38000001	38250000	HAP1_chr16	HAP2_chr06	HAP1	HAP2	16	6	219764	196285	2432	413617	0.994120
chr06x16	38000001	38250000	HAP2_chr06	HAP2_chr16	HAP2	HAP2	6	16	196285	126180	9776	312689	0.968736
chr06x16	38250001	38500000	HAP1_chr06	HAP1_chr16	HAP1	HAP1	6	16	226488	239004	7678	457814	0.983229
chr06x16	38250001	38500000	HAP1_chr06	HAP2_chr16	HAP1	HAP2	6	16	226488	83971	998	309461	0.996775
chr06x16	38250001	38500000	HAP1_chr16	HAP2_chr06	HAP1	HAP2	16	6	239004	217828	3841	452991	0.991521
chr06x16	38250001	38500000	HAP2_chr06	HAP2_chr16	HAP2	HAP2	6	16	217828	83971	3641	298158	0.987788
chr06x16	38500001	38750000	HAP1_chr06	HAP1_chr16	HAP1	HAP1	6	16	208089	212802	4582	416309	0.988994
chr06x16	38500001	38750000	HAP1_chr06	HAP2_chr16	HAP1	HAP2	6	16	208089	211762	8563	411288	0.979180
chr06x16	38500001	38750000	HAP1_chr16	HAP2_chr06	HAP1	HAP2	16	6	212802	205440	2356	415886	0.994335
chr06x16	38500001	38750000	HAP2_chr06	HAP2_chr16	HAP2	HAP2	6	16	205440	211762	9726	407476	0.976131
chr06x16	38750001	39000000	HAP1_chr06	HAP1_chr16	HAP1	HAP1	6	16	206592	204380	3940	407032	0.990320
chr06x16	38750001	39000000	HAP1_chr06	HAP2_chr16	HAP1	HAP2	6	16	206592	223065	7270	422387	0.982788
chr06x16	38750001	39000000	HAP1_chr16	HAP2_chr06	HAP1	HAP2	16	6	204380	202057	6647	399790	0.983374
chr06x16	38750001	39000000	HAP2_chr06	HAP2_chr16	HAP2	HAP2	6	16	202057	223065	11223	413899	0.972885
chr06x16	39000001	39250000	HAP1_chr06	HAP1_chr16	HAP1	HAP1	6	16	220170	235035	5394	449811	0.988008
chr06x16	39000001	39250000	HAP1_chr06	HAP2_chr16	HAP1	HAP2	6	16	220170	205212	5597	419785	0.986667
chr06x16	39000001	39250000	HAP1_chr16	HAP2_chr06	HAP1	HAP2	16	6	235035	217328	5395	446968	0.987930
chr06x16	39000001	39250000	HAP2_chr06	HAP2_chr16	HAP2	HAP2	6	16	217328	205212	5677	416863	0.986382
chr06x16	39250001	39500000	HAP1_chr06	HAP1_chr16	HAP1	HAP1	6	16	207543	226061	4601	429003	0.989275
chr06x16	39250001	39500000	HAP1_chr06	HAP2_chr16	HAP1	HAP2	6	16	207543	194806	16896	385453	0.956166
chr06x16	39250001	39500000	HAP1_chr16	HAP2_chr06	HAP1	HAP2	16	6	226061	213957	8179	431839	0.981060
chr06x16	39250001	39500000	HAP2_chr06	HAP2_chr16	HAP2	HAP2	6	16	213957	194806	7592	401171	0.981075
chr06x16	39500001	39750000	HAP1_chr06	HAP1_chr16	HAP1	HAP1	6	16	209234	232029	4525	436738	0.989639
chr06x16	39500001	39750000	HAP1_chr06	HAP2_chr16	HAP1	HAP2	6	16	209234	215473	11334	413373	0.972582
chr06x16	39500001	39750000	HAP1_chr16	HAP2_chr06	HAP1	HAP2	16	6	232029	215430	1656	445803	0.996285
chr06x16	39500001	39750000	HAP2_chr06	HAP2_chr16	HAP2	HAP2	6	16	215430	215473	9822	421081	0.976674
chr06x16	39750001	40000000	HAP1_chr06	HAP1_chr16	HAP1	HAP1	6	16	216364	226042	1354	441052	0.996930
chr06x16	39750001	40000000	HAP1_chr06	HAP2_chr16	HAP1	HAP2	6	16	216364	215129	15241	416252	0.963385
chr06x16	39750001	40000000	HAP1_chr16	HAP2_chr06	HAP1	HAP2	16	6	226042	226161	5940	446263	0.986689
chr06x16	39750001	40000000	HAP2_chr06	HAP2_chr16	HAP2	HAP2	6	16	226161	215129	8782	432508	0.979695
chr06x16	40000001	40250000	HAP1_chr06	HAP1_chr16	HAP1	HAP1	6	16	199479	227563	4582	422460	0.989154
chr06x16	40000001	40250000	HAP1_chr06	HAP2_chr16	HAP1	HAP2	6	16	199479	203408	15276	387611	0.960589
chr06x16	40000001	40250000	HAP1_chr16	HAP2_chr06	HAP1	HAP2	16	6	227563	207806	5168	430201	0.987987
chr06x16	40000001	40250000	HAP2_chr06	HAP2_chr16	HAP2	HAP2	6	16	207806	203408	13036	398178	0.967261
chr06x16	40250001	40500000	HAP1_chr06	HAP1_chr16	HAP1	HAP1	6	16	206199	232914	4843	434270	0.988848
chr06x16	40250001	40500000	HAP1_chr06	HAP2_chr16	HAP1	HAP2	6	16	206199	181825	13960	374064	0.962680
chr06x16	40250001	40500000	HAP1_chr16	HAP2_chr06	HAP1	HAP2	16	6	232914	204964	6032	431846	0.986032
chr06x16	40250001	40500000	HAP2_chr06	HAP2_chr16	HAP2	HAP2	6	16	204964	181825	15044	371745	0.959531
chr06x16	40500001	40750000	HAP1_chr06	HAP1_chr16	HAP1	HAP1	6	16	187358	217797	5111	400044	0.987224
chr06x16	40500001	40750000	HAP1_chr06	HAP2_chr16	HAP1	HAP2	6	16	187358	212333	4663	395028	0.988196
chr06x16	40500001	40750000	HAP1_chr16	HAP2_chr06	HAP1	HAP2	16	6	217797	231510	9154	440153	0.979203
chr06x16	40500001	40750000	HAP2_chr06	HAP2_chr16	HAP2	HAP2	6	16	231510	212333	14396	429447	0.966478
chr06x16	40750001	41000000	HAP1_chr06	HAP1_chr16	HAP1	HAP1	6	16	198622	202803	6221	395204	0.984259
chr06x16	40750001	41000000	HAP1_chr06	HAP2_chr16	HAP1	HAP2	6	16	198622	213427	10294	401755	0.974377
chr06x16	40750001	41000000	HAP1_chr16	HAP2_chr06	HAP1	HAP2	16	6	202803	217983	5317	415469	0.987202
chr06x16	40750001	41000000	HAP2_chr06	HAP2_chr16	HAP2	HAP2	6	16	217983	213427	6237	425173	0.985331
chr06x16	41000001	41250000	HAP1_chr06	HAP1_chr16	HAP1	HAP1	6	16	203124	231755	2860	432019	0.993380
chr06x16	41000001	41250000	HAP1_chr06	HAP2_chr16	HAP1	HAP2	6	16	203124	191757	9372	385509	0.975689
chr06x16	41000001	41250000	HAP1_chr16	HAP2_chr06	HAP1	HAP2	16	6	231755	216538	2233	446060	0.994994
chr06x16	41000001	41250000	HAP2_chr06	HAP2_chr16	HAP2	HAP2	6	16	216538	191757	11478	396817	0.971075
chr06x16	41250001	41500000	HAP1_chr06	HAP1_chr16	HAP1	HAP1	6	16	214867	239365	1772	452460	0.996084
chr06x16	41250001	41500000	HAP1_chr06	HAP2_chr16	HAP1	HAP2	6	16	214867	211418	7802	418483	0.981356
chr06x16	41250001	41500000	HAP1_chr16	HAP2_chr06	HAP1	HAP2	16	6	239365	193722	2015	431072	0.995326
chr06x16	41250001	41500000	HAP2_chr06	HAP2_chr16	HAP2	HAP2	6	16	193722	211418	10365	394775	0.973745
chr06x16	41500001	41750000	HAP1_chr06	HAP1_chr16	HAP1	HAP1	6	16	199835	238514	3185	435164	0.992681
chr06x16	41500001	41750000	HAP1_chr06	HAP2_chr16	HAP1	HAP2	6	16	199835	225737	5595	419977	0.986678
chr06x16	41500001	41750000	HAP1_chr16	HAP2_chr06	HAP1	HAP2	16	6	238514	219013	2948	454579	0.993515
chr06x16	41500001	41750000	HAP2_chr06	HAP2_chr16	HAP2	HAP2	6	16	219013	225737	5500	439250	0.987479
chr06x16	41750001	42000000	HAP1_chr06	HAP1_chr16	HAP1	HAP1	6	16	205135	237434	5526	437043	0.987356
chr06x16	41750001	42000000	HAP1_chr06	HAP2_chr16	HAP1	HAP2	6	16	205135	214556	6868	412823	0.983363
chr06x16	41750001	42000000	HAP1_chr16	HAP2_chr06	HAP1	HAP2	16	6	237434	212587	1584	448437	0.996468
chr06x16	41750001	42000000	HAP2_chr06	HAP2_chr16	HAP2	HAP2	6	16	212587	214556	6750	420393	0.983944
chr06x16	42000001	42250000	HAP1_chr06	HAP1_chr16	HAP1	HAP1	6	16	208959	218203	2821	424341	0.993352
chr06x16	42000001	42250000	HAP1_chr06	HAP2_chr16	HAP1	HAP2	6	16	208959	223360	9492	422827	0.977551
chr06x16	42000001	42250000	HAP1_chr16	HAP2_chr06	HAP1	HAP2	16	6	218203	189424	2564	405063	0.993670
chr06x16	42000001	42250000	HAP2_chr06	HAP2_chr16	HAP2	HAP2	6	16	189424	223360	4769	408015	0.988312
chr06x16	42250001	42500000	HAP1_chr06	HAP1_chr16	HAP1	HAP1	6	16	199444	226500	4402	421542	0.989557
chr06x16	42250001	42500000	HAP1_chr06	HAP2_chr16	HAP1	HAP2	6	16	199444	204413	13717	390140	0.964841
chr06x16	42250001	42500000	HAP1_chr16	HAP2_chr06	HAP1	HAP2	16	6	226500	212505	3036	435969	0.993036
chr06x16	42250001	42500000	HAP2_chr06	HAP2_chr16	HAP2	HAP2	6	16	212505	204413	13264	403654	0.967140
chr06x16	42500001	42750000	HAP1_chr06	HAP1_chr16	HAP1	HAP1	6	16	149857	192035	6755	335137	0.979844
chr06x16	42500001	42750000	HAP1_chr06	HAP2_chr16	HAP1	HAP2	6	16	149857	223135	8153	364839	0.977653
chr06x16	42500001	42750000	HAP1_chr16	HAP2_chr06	HAP1	HAP2	16	6	192035	212769	2462	402342	0.993881
chr06x16	42500001	42750000	HAP2_chr06	HAP2_chr16	HAP2	HAP2	6	16	212769	223135	12906	422998	0.969489
chr06x16	42750001	43000000	HAP1_chr06	HAP1_chr16	HAP1	HAP1	6	16	209139	225228	7628	426739	0.982125
chr06x16	42750001	43000000	HAP1_chr06	HAP2_chr16	HAP1	HAP2	6	16	209139	212216	12170	409185	0.970258
chr06x16	42750001	43000000	HAP1_chr16	HAP2_chr06	HAP1	HAP2	16	6	225228	215311	3109	437430	0.992893
chr06x16	42750001	43000000	HAP2_chr06	HAP2_chr16	HAP2	HAP2	6	16	215311	212216	10876	416651	0.973897
chr06x16	43000001	43250000	HAP1_chr06	HAP1_chr16	HAP1	HAP1	6	16	170827	93657	358	264126	0.998645
chr06x16	43000001	43250000	HAP1_chr06	HAP2_chr16	HAP1	HAP2	6	16	170827	232541	8719	394649	0.977907
chr06x16	43000001	43250000	HAP1_chr16	HAP2_chr06	HAP1	HAP2	16	6	93657	218840	1957	310540	0.993698
chr06x16	43000001	43250000	HAP2_chr06	HAP2_chr16	HAP2	HAP2	6	16	218840	232541	10001	441380	0.977342
chr06x16	43250001	43500000	HAP1_chr06	HAP1_chr16	HAP1	HAP1	6	16	182124	238178	1101	419201	0.997374
chr06x16	43250001	43500000	HAP1_chr06	HAP2_chr16	HAP1	HAP2	6	16	182124	227266	11270	398120	0.971692
chr06x16	43250001	43500000	HAP1_chr16	HAP2_chr06	HAP1	HAP2	16	6	238178	211661	2452	447387	0.994519
chr06x16	43250001	43500000	HAP2_chr06	HAP2_chr16	HAP2	HAP2	6	16	211661	227266	10529	428398	0.975422
chr06x16	43500001	43750000	HAP1_chr06	HAP1_chr16	HAP1	HAP1	6	16	185616	241011	1745	424882	0.995893
chr06x16	43500001	43750000	HAP1_chr06	HAP2_chr16	HAP1	HAP2	6	16	185616	224657	6321	403952	0.984352
chr06x16	43500001	43750000	HAP1_chr16	HAP2_chr06	HAP1	HAP2	16	6	241011	207419	2161	446269	0.995158
chr06x16	43500001	43750000	HAP2_chr06	HAP2_chr16	HAP2	HAP2	6	16	207419	224657	6412	425664	0.984936
chr06x16	43750001	44000000	HAP1_chr06	HAP1_chr16	HAP1	HAP1	6	16	216854	232635	1643	447846	0.996331
chr06x16	43750001	44000000	HAP1_chr06	HAP2_chr16	HAP1	HAP2	6	16	216854	229054	8702	437206	0.980096
chr06x16	43750001	44000000	HAP1_chr16	HAP2_chr06	HAP1	HAP2	16	6	232635	207230	1051	438814	0.997605
chr06x16	43750001	44000000	HAP2_chr06	HAP2_chr16	HAP2	HAP2	6	16	207230	229054	8782	427502	0.979457
chr06x16	44000001	44250000	HAP1_chr06	HAP1_chr16	HAP1	HAP1	6	16	208572	224586	5732	427426	0.986589
chr06x16	44000001	44250000	HAP1_chr06	HAP2_chr16	HAP1	HAP2	6	16	208572	179174	9889	377857	0.973829
chr06x16	44000001	44250000	HAP1_chr16	HAP2_chr06	HAP1	HAP2	16	6	224586	211354	1516	434424	0.996510
chr06x16	44000001	44250000	HAP2_chr06	HAP2_chr16	HAP2	HAP2	6	16	211354	179174	7460	383068	0.980526
chr06x16	44250001	44500000	HAP1_chr06	HAP1_chr16	HAP1	HAP1	6	16	210617	234759	2616	442760	0.994092
chr06x16	44250001	44500000	HAP1_chr06	HAP2_chr16	HAP1	HAP2	6	16	210617	214581	6165	419033	0.985288
chr06x16	44250001	44500000	HAP1_chr16	HAP2_chr06	HAP1	HAP2	16	6	234759	170648	1827	403580	0.995473
chr06x16	44250001	44500000	HAP2_chr06	HAP2_chr16	HAP2	HAP2	6	16	170648	214581	8174	377055	0.978321
chr06x16	44500001	44750000	HAP1_chr06	HAP1_chr16	HAP1	HAP1	6	16	218937	228051	3502	443486	0.992103
chr06x16	44500001	44750000	HAP1_chr06	HAP2_chr16	HAP1	HAP2	6	16	218937	226954	7973	437918	0.981793
chr06x16	44500001	44750000	HAP1_chr16	HAP2_chr06	HAP1	HAP2	16	6	228051	113774	1488	340337	0.995628
chr06x16	44500001	44750000	HAP2_chr06	HAP2_chr16	HAP2	HAP2	6	16	113774	226954	4627	336101	0.986233
chr06x16	44750001	45000000	HAP1_chr06	HAP1_chr16	HAP1	HAP1	6	16	234279	237496	2868	468907	0.993884
chr06x16	44750001	45000000	HAP1_chr06	HAP2_chr16	HAP1	HAP2	6	16	234279	206712	9913	431078	0.977004
chr06x16	44750001	45000000	HAP1_chr16	HAP2_chr06	HAP1	HAP2	16	6	237496	91145	1171	327470	0.996424
chr06x16	44750001	45000000	HAP2_chr06	HAP2_chr16	HAP2	HAP2	6	16	91145	206712	6756	291101	0.976792
chr06x16	45000001	45250000	HAP1_chr06	HAP1_chr16	HAP1	HAP1	6	16	204285	238888	1271	441902	0.997124
chr06x16	45000001	45250000	HAP1_chr06	HAP2_chr16	HAP1	HAP2	6	16	204285	216832	8758	412359	0.978761
chr06x16	45000001	45250000	HAP1_chr16	HAP2_chr06	HAP1	HAP2	16	6	238888	109302	744	347446	0.997859
chr06x16	45000001	45250000	HAP2_chr06	HAP2_chr16	HAP2	HAP2	6	16	109302	216832	12386	313748	0.960522
chr06x16	45250001	45500000	HAP1_chr06	HAP1_chr16	HAP1	HAP1	6	16	214360	183363	7801	389922	0.979993
chr06x16	45250001	45500000	HAP1_chr06	HAP2_chr16	HAP1	HAP2	6	16	214360	178811	14328	378843	0.962180
chr06x16	45250001	45500000	HAP1_chr16	HAP2_chr06	HAP1	HAP2	16	6	183363	133401	2855	313909	0.990905
chr06x16	45250001	45500000	HAP2_chr06	HAP2_chr16	HAP2	HAP2	6	16	133401	178811	8511	303701	0.971976
chr06x16	45500001	45750000	HAP1_chr06	HAP1_chr16	HAP1	HAP1	6	16	204358	231262	2004	433616	0.995378
chr06x16	45500001	45750000	HAP1_chr06	HAP2_chr16	HAP1	HAP2	6	16	204358	186237	7014	383581	0.981714
chr06x16	45500001	45750000	HAP1_chr16	HAP2_chr06	HAP1	HAP2	16	6	231262	194484	1380	424366	0.996748
chr06x16	45500001	45750000	HAP2_chr06	HAP2_chr16	HAP2	HAP2	6	16	194484	186237	8654	372067	0.976741
chr06x16	45750001	46000000	HAP1_chr06	HAP1_chr16	HAP1	HAP1	6	16	191423	239344	2923	427844	0.993168
chr06x16	45750001	46000000	HAP1_chr06	HAP2_chr16	HAP1	HAP2	6	16	191423	224839	7899	408363	0.980657
chr06x16	45750001	46000000	HAP1_chr16	HAP2_chr06	HAP1	HAP2	16	6	239344	225965	1839	463470	0.996032
chr06x16	45750001	46000000	HAP2_chr06	HAP2_chr16	HAP2	HAP2	6	16	225965	224839	12326	438478	0.971889
chr06x16	46000001	46250000	HAP1_chr06	HAP1_chr16	HAP1	HAP1	6	16	223427	234990	1545	456872	0.996618
chr06x16	46000001	46250000	HAP1_chr06	HAP2_chr16	HAP1	HAP2	6	16	223427	226437	9553	440311	0.978304
chr06x16	46000001	46250000	HAP1_chr16	HAP2_chr06	HAP1	HAP2	16	6	234990	223382	3469	454903	0.992374
chr06x16	46000001	46250000	HAP2_chr06	HAP2_chr16	HAP2	HAP2	6	16	223382	226437	6926	442893	0.984362
chr06x16	46250001	46500000	HAP1_chr06	HAP1_chr16	HAP1	HAP1	6	16	223278	224343	2135	445486	0.995207
chr06x16	46250001	46500000	HAP1_chr06	HAP2_chr16	HAP1	HAP2	6	16	223278	202044	7246	418076	0.982668
chr06x16	46250001	46500000	HAP1_chr16	HAP2_chr06	HAP1	HAP2	16	6	224343	173572	892	397023	0.997753
chr06x16	46250001	46500000	HAP2_chr06	HAP2_chr16	HAP2	HAP2	6	16	173572	202044	5415	370201	0.985373
chr06x16	46500001	46750000	HAP1_chr06	HAP1_chr16	HAP1	HAP1	6	16	223144	200903	8915	415132	0.978525
chr06x16	46500001	46750000	HAP1_chr06	HAP2_chr16	HAP1	HAP2	6	16	223144	223974	9803	437315	0.977584
chr06x16	46500001	46750000	HAP1_chr16	HAP2_chr06	HAP1	HAP2	16	6	200903	138262	2135	337030	0.993665
chr06x16	46500001	46750000	HAP2_chr06	HAP2_chr16	HAP2	HAP2	6	16	138262	223974	8306	353930	0.976532
chr06x16	46750001	47000000	HAP1_chr06	HAP1_chr16	HAP1	HAP1	6	16	205336	237302	775	441863	0.998246
chr06x16	46750001	47000000	HAP1_chr06	HAP2_chr16	HAP1	HAP2	6	16	205336	206964	11471	400829	0.971382
chr06x16	46750001	47000000	HAP1_chr16	HAP2_chr06	HAP1	HAP2	16	6	237302	95128	381	332049	0.998853
chr06x16	46750001	47000000	HAP2_chr06	HAP2_chr16	HAP2	HAP2	6	16	95128	206964	5155	296937	0.982639
chr06x16	47000001	47250000	HAP1_chr06	HAP1_chr16	HAP1	HAP1	6	16	226969	225084	1807	450246	0.995987
chr06x16	47000001	47250000	HAP1_chr06	HAP2_chr16	HAP1	HAP2	6	16	226969	220375	8553	438791	0.980508
chr06x16	47000001	47250000	HAP1_chr16	HAP2_chr06	HAP1	HAP2	16	6	225084	126800	320	351564	0.999090
chr06x16	47000001	47250000	HAP2_chr06	HAP2_chr16	HAP2	HAP2	6	16	126800	220375	11324	335851	0.966283
chr06x16	47250001	47500000	HAP1_chr06	HAP1_chr16	HAP1	HAP1	6	16	199762	238318	5694	432386	0.986831
chr06x16	47250001	47500000	HAP1_chr06	HAP2_chr16	HAP1	HAP2	6	16	199762	207314	7259	399817	0.981844
chr06x16	47250001	47500000	HAP1_chr16	HAP2_chr06	HAP1	HAP2	16	6	238318	44421	122	282617	0.999568
chr06x16	47250001	47500000	HAP2_chr06	HAP2_chr16	HAP2	HAP2	6	16	44421	207314	1768	249967	0.992927
chr06x16	47500001	47750000	HAP1_chr06	HAP1_chr16	HAP1	HAP1	6	16	203781	235641	1883	437539	0.995696
chr06x16	47500001	47750000	HAP1_chr06	HAP2_chr16	HAP1	HAP2	6	16	203781	198224	7811	394194	0.980185
chr06x16	47500001	47750000	HAP1_chr16	HAP2_chr06	HAP1	HAP2	16	6	235641	31294	83	266852	0.999689
chr06x16	47500001	47750000	HAP2_chr06	HAP2_chr16	HAP2	HAP2	6	16	31294	198224	55	229463	0.999760
chr06x16	47750001	48000000	HAP1_chr06	HAP1_chr16	HAP1	HAP1	6	16	212615	237742	1822	448535	0.995938
chr06x16	47750001	48000000	HAP1_chr06	HAP2_chr16	HAP1	HAP2	6	16	212615	185124	19172	378567	0.949356
chr06x16	47750001	48000000	HAP1_chr16	HAP2_chr06	HAP1	HAP2	16	6	237742	8620	37	246325	0.999850
chr06x16	47750001	48000000	HAP2_chr06	HAP2_chr16	HAP2	HAP2	6	16	8620	185124	24	193720	0.999876
chr06x16	48000001	48250000	HAP1_chr06	HAP1_chr16	HAP1	HAP1	6	16	226867	238831	3423	462275	0.992595
chr06x16	48000001	48250000	HAP1_chr06	HAP2_chr16	HAP1	HAP2	6	16	226867	217171	6451	437587	0.985258
chr06x16	48000001	48250000	HAP1_chr16	HAP2_chr06	HAP1	HAP2	16	6	238831	25900	298	264433	0.998873
chr06x16	48000001	48250000	HAP2_chr06	HAP2_chr16	HAP2	HAP2	6	16	25900	217171	525	242546	0.997835
chr06x16	48250001	48500000	HAP1_chr06	HAP1_chr16	HAP1	HAP1	6	16	215282	225784	5022	436044	0.988483
chr06x16	48250001	48500000	HAP1_chr06	HAP2_chr16	HAP1	HAP2	6	16	215282	210038	7181	418139	0.982826
chr06x16	48250001	48500000	HAP1_chr16	HAP2_chr06	HAP1	HAP2	16	6	225784	118945	2170	342559	0.993665
chr06x16	48250001	48500000	HAP2_chr06	HAP2_chr16	HAP2	HAP2	6	16	118945	210038	2361	326622	0.992771
chr06x16	48500001	48750000	HAP1_chr06	HAP1_chr16	HAP1	HAP1	6	16	198034	232109	2972	427171	0.993043
chr06x16	48500001	48750000	HAP1_chr06	HAP2_chr16	HAP1	HAP2	6	16	198034	219269	7606	409697	0.981435
chr06x16	48500001	48750000	HAP1_chr16	HAP2_chr06	HAP1	HAP2	16	6	232109	32409	276	264242	0.998956
chr06x16	48500001	48750000	HAP2_chr06	HAP2_chr16	HAP2	HAP2	6	16	32409	219269	201	251477	0.999201
chr06x16	48750001	49000000	HAP1_chr06	HAP1_chr16	HAP1	HAP1	6	16	234630	240656	2722	472564	0.994240
chr06x16	48750001	49000000	HAP1_chr06	HAP2_chr16	HAP1	HAP2	6	16	234630	153806	6749	381687	0.982318
chr06x16	48750001	49000000	HAP1_chr16	HAP2_chr06	HAP1	HAP2	16	6	240656	19289	41	259904	0.999842
chr06x16	48750001	49000000	HAP2_chr06	HAP2_chr16	HAP2	HAP2	6	16	19289	153806	70	173025	0.999595
chr06x16	49000001	49250000	HAP1_chr06	HAP1_chr16	HAP1	HAP1	6	16	219770	227482	2846	444406	0.993596
chr06x16	49000001	49250000	HAP1_chr06	HAP2_chr16	HAP1	HAP2	6	16	219770	219091	12771	426090	0.970027
chr06x16	49000001	49250000	HAP1_chr16	HAP2_chr06	HAP1	HAP2	16	6	227482	29585	149	256918	0.999420
chr06x16	49000001	49250000	HAP2_chr06	HAP2_chr16	HAP2	HAP2	6	16	29585	219091	642	248034	0.997412
chr06x16	49250001	49500000	HAP1_chr06	HAP1_chr16	HAP1	HAP1	6	16	225943	240308	4258	461993	0.990783
chr06x16	49250001	49500000	HAP1_chr06	HAP2_chr16	HAP1	HAP2	6	16	225943	205259	9696	421506	0.976997
chr06x16	49250001	49500000	HAP1_chr16	HAP2_chr06	HAP1	HAP2	16	6	240308	32642	2049	270901	0.992436
chr06x16	49250001	49500000	HAP2_chr06	HAP2_chr16	HAP2	HAP2	6	16	32642	205259	114	237787	0.999521
chr06x16	49500001	49750000	HAP1_chr06	HAP1_chr16	HAP1	HAP1	6	16	201924	240698	2838	439784	0.993547
chr06x16	49500001	49750000	HAP1_chr06	HAP2_chr16	HAP1	HAP2	6	16	201924	205337	14556	392705	0.962934
chr06x16	49500001	49750000	HAP1_chr16	HAP2_chr06	HAP1	HAP2	16	6	240698	156324	2184	394838	0.994469
chr06x16	49500001	49750000	HAP2_chr06	HAP2_chr16	HAP2	HAP2	6	16	156324	205337	2066	359595	0.994255
chr06x16	49750001	50000000	HAP1_chr06	HAP1_chr16	HAP1	HAP1	6	16	214341	240146	3333	451154	0.992612
chr06x16	49750001	50000000	HAP1_chr06	HAP2_chr16	HAP1	HAP2	6	16	214341	225063	11155	428249	0.973952
chr06x16	49750001	50000000	HAP1_chr16	HAP2_chr06	HAP1	HAP2	16	6	240146	215928	1354	454720	0.997022
chr06x16	49750001	50000000	HAP2_chr06	HAP2_chr16	HAP2	HAP2	6	16	215928	225063	11016	429975	0.974380
chr06x16	50000001	50250000	HAP1_chr06	HAP1_chr16	HAP1	HAP1	6	16	174999	226549	2791	398757	0.993001
chr06x16	50000001	50250000	HAP1_chr06	HAP2_chr16	HAP1	HAP2	6	16	174999	197790	11549	361240	0.968030
chr06x16	50000001	50250000	HAP1_chr16	HAP2_chr06	HAP1	HAP2	16	6	226549	231617	1676	456490	0.996329
chr06x16	50000001	50250000	HAP2_chr06	HAP2_chr16	HAP2	HAP2	6	16	231617	197790	4550	424857	0.989291
chr06x16	50250001	50500000	HAP1_chr06	HAP1_chr16	HAP1	HAP1	6	16	205468	236973	2916	439525	0.993366
chr06x16	50250001	50500000	HAP1_chr06	HAP2_chr16	HAP1	HAP2	6	16	205468	221366	5322	421512	0.987374
chr06x16	50250001	50500000	HAP1_chr16	HAP2_chr06	HAP1	HAP2	16	6	236973	191979	1192	427760	0.997213
chr06x16	50250001	50500000	HAP2_chr06	HAP2_chr16	HAP2	HAP2	6	16	191979	221366	4801	408544	0.988249
chr06x16	50500001	50750000	HAP1_chr06	HAP1_chr16	HAP1	HAP1	6	16	232179	239248	5327	466100	0.988571
chr06x16	50500001	50750000	HAP1_chr06	HAP2_chr16	HAP1	HAP2	6	16	232179	201378	5661	427896	0.986770
chr06x16	50500001	50750000	HAP1_chr16	HAP2_chr06	HAP1	HAP2	16	6	239248	195280	2503	432025	0.994206
chr06x16	50500001	50750000	HAP2_chr06	HAP2_chr16	HAP2	HAP2	6	16	195280	201378	11027	385631	0.971405
chr06x16	50750001	51000000	HAP1_chr06	HAP1_chr16	HAP1	HAP1	6	16	225797	236996	2136	460657	0.995363
chr06x16	50750001	51000000	HAP1_chr06	HAP2_chr16	HAP1	HAP2	6	16	225797	151689	5528	371958	0.985138
chr06x16	50750001	51000000	HAP1_chr16	HAP2_chr06	HAP1	HAP2	16	6	236996	164419	834	400581	0.997918
chr06x16	50750001	51000000	HAP2_chr06	HAP2_chr16	HAP2	HAP2	6	16	164419	151689	4332	311776	0.986105
chr06x16	51000001	51250000	HAP1_chr06	HAP1_chr16	HAP1	HAP1	6	16	222572	210285	4685	428172	0.989058
chr06x16	51000001	51250000	HAP1_chr06	HAP2_chr16	HAP1	HAP2	6	16	222572	100802	5175	318199	0.983737
chr06x16	51000001	51250000	HAP1_chr16	HAP2_chr06	HAP1	HAP2	16	6	210285	217619	3711	424193	0.991252
chr06x16	51000001	51250000	HAP2_chr06	HAP2_chr16	HAP2	HAP2	6	16	217619	100802	10101	308320	0.967239
chr06x16	51250001	51500000	HAP1_chr06	HAP1_chr16	HAP1	HAP1	6	16	227669	236891	1968	462592	0.995746
chr06x16	51250001	51500000	HAP1_chr06	HAP2_chr16	HAP1	HAP2	6	16	227669	219052	10084	436637	0.976905
chr06x16	51250001	51500000	HAP1_chr16	HAP2_chr06	HAP1	HAP2	16	6	236891	192840	674	429057	0.998429
chr06x16	51250001	51500000	HAP2_chr06	HAP2_chr16	HAP2	HAP2	6	16	192840	219052	5414	406478	0.986681
chr06x16	51500001	51750000	HAP1_chr06	HAP1_chr16	HAP1	HAP1	6	16	228800	244086	2168	470718	0.995394
chr06x16	51500001	51750000	HAP1_chr06	HAP2_chr16	HAP1	HAP2	6	16	228800	222731	8425	443106	0.980986
chr06x16	51500001	51750000	HAP1_chr16	HAP2_chr06	HAP1	HAP2	16	6	244086	222574	1177	465483	0.997471
chr06x16	51500001	51750000	HAP2_chr06	HAP2_chr16	HAP2	HAP2	6	16	222574	222731	10514	434791	0.975818
chr06x16	51750001	52000000	HAP1_chr06	HAP1_chr16	HAP1	HAP1	6	16	216265	240432	1863	454834	0.995904
chr06x16	51750001	52000000	HAP1_chr06	HAP2_chr16	HAP1	HAP2	6	16	216265	209410	9408	416267	0.977399
chr06x16	51750001	52000000	HAP1_chr16	HAP2_chr06	HAP1	HAP2	16	6	240432	213599	1552	452479	0.996570
chr06x16	51750001	52000000	HAP2_chr06	HAP2_chr16	HAP2	HAP2	6	16	213599	209410	18176	404833	0.955102
chr06x16	52000001	52250000	HAP1_chr06	HAP1_chr16	HAP1	HAP1	6	16	213628	226431	1289	438770	0.997062
chr06x16	52000001	52250000	HAP1_chr06	HAP2_chr16	HAP1	HAP2	6	16	213628	217247	9084	421791	0.978463
chr06x16	52000001	52250000	HAP1_chr16	HAP2_chr06	HAP1	HAP2	16	6	226431	191923	1130	417224	0.997292
chr06x16	52000001	52250000	HAP2_chr06	HAP2_chr16	HAP2	HAP2	6	16	191923	217247	10326	398844	0.974110
chr06x16	52250001	52500000	HAP1_chr06	HAP1_chr16	HAP1	HAP1	6	16	220273	188164	5095	403342	0.987368
chr06x16	52250001	52500000	HAP1_chr06	HAP2_chr16	HAP1	HAP2	6	16	220273	208891	11335	417829	0.972872
chr06x16	52250001	52500000	HAP1_chr16	HAP2_chr06	HAP1	HAP2	16	6	188164	197830	2225	383769	0.994202
chr06x16	52250001	52500000	HAP2_chr06	HAP2_chr16	HAP2	HAP2	6	16	197830	208891	20859	385862	0.945942
chr06x16	52500001	52750000	HAP1_chr06	HAP1_chr16	HAP1	HAP1	6	16	210280	220441	3874	426847	0.990924
chr06x16	52500001	52750000	HAP1_chr06	HAP2_chr16	HAP1	HAP2	6	16	210280	179922	6511	383691	0.983031
chr06x16	52500001	52750000	HAP1_chr16	HAP2_chr06	HAP1	HAP2	16	6	220441	186613	2687	404367	0.993355
chr06x16	52500001	52750000	HAP2_chr06	HAP2_chr16	HAP2	HAP2	6	16	186613	179922	15492	351043	0.955869
chr06x16	52750001	53000000	HAP1_chr06	HAP1_chr16	HAP1	HAP1	6	16	201839	222341	5529	418651	0.986793
chr06x16	52750001	53000000	HAP1_chr06	HAP2_chr16	HAP1	HAP2	6	16	201839	202599	13961	390477	0.964246
chr06x16	52750001	53000000	HAP1_chr16	HAP2_chr06	HAP1	HAP2	16	6	222341	225739	1649	446431	0.996306
chr06x16	52750001	53000000	HAP2_chr06	HAP2_chr16	HAP2	HAP2	6	16	225739	202599	17270	411068	0.957987
chr06x16	53000001	53250000	HAP1_chr06	HAP1_chr16	HAP1	HAP1	6	16	217016	242648	2375	457289	0.994806
chr06x16	53000001	53250000	HAP1_chr06	HAP2_chr16	HAP1	HAP2	6	16	217016	205881	10551	412346	0.974412
chr06x16	53000001	53250000	HAP1_chr16	HAP2_chr06	HAP1	HAP2	16	6	242648	217127	1131	458644	0.997534
chr06x16	53000001	53250000	HAP2_chr06	HAP2_chr16	HAP2	HAP2	6	16	217127	205881	11356	411652	0.972414
chr06x16	53250001	53500000	HAP1_chr06	HAP1_chr16	HAP1	HAP1	6	16	225282	239201	2908	461575	0.993700
chr06x16	53250001	53500000	HAP1_chr06	HAP2_chr16	HAP1	HAP2	6	16	225282	221905	11050	436137	0.974664
chr06x16	53250001	53500000	HAP1_chr16	HAP2_chr06	HAP1	HAP2	16	6	239201	213918	1452	451667	0.996785
chr06x16	53250001	53500000	HAP2_chr06	HAP2_chr16	HAP2	HAP2	6	16	213918	221905	16140	419683	0.961542
chr06x16	53500001	53750000	HAP1_chr06	HAP1_chr16	HAP1	HAP1	6	16	194190	232130	7897	418423	0.981127
chr06x16	53500001	53750000	HAP1_chr06	HAP2_chr16	HAP1	HAP2	6	16	194190	202819	14502	382507	0.962087
chr06x16	53500001	53750000	HAP1_chr16	HAP2_chr06	HAP1	HAP2	16	6	232130	227000	1233	457897	0.997307
chr06x16	53500001	53750000	HAP2_chr06	HAP2_chr16	HAP2	HAP2	6	16	227000	202819	9581	420238	0.977201
chr06x16	53750001	54000000	HAP1_chr06	HAP1_chr16	HAP1	HAP1	6	16	224413	209449	4264	429598	0.990074
chr06x16	53750001	54000000	HAP1_chr06	HAP2_chr16	HAP1	HAP2	6	16	224413	219454	8881	434986	0.979583
chr06x16	53750001	54000000	HAP1_chr16	HAP2_chr06	HAP1	HAP2	16	6	209449	195385	4479	400355	0.988812
chr06x16	53750001	54000000	HAP2_chr06	HAP2_chr16	HAP2	HAP2	6	16	195385	219454	13141	401698	0.967286
chr06x16	54000001	54215516	HAP1_chr06	HAP1_chr16	HAP1	HAP1	6	16	182329	201915	2878	381366	0.992453
chr06x16	54000001	54215516	HAP1_chr06	HAP2_chr16	HAP1	HAP2	6	16	182329	172939	6446	348822	0.981521
chr06x16	54000001	54215516	HAP1_chr16	HAP2_chr06	HAP1	HAP2	16	6	201915	180886	1174	381627	0.996924
chr06x16	54000001	54215516	HAP2_chr06	HAP2_chr16	HAP2	HAP2	6	16	180886	172939	17955	335870	0.946542
chr07x17	1	250000	HAP1_chr07	HAP1_chr17	HAP1	HAP1	7	17	78765	75222	5424	148563	0.963490
chr07x17	1	250000	HAP1_chr07	HAP2_chr17	HAP1	HAP2	7	17	78765	75222	5424	148563	0.963490
chr07x17	1	250000	HAP1_chr17	HAP2_chr07	HAP1	HAP2	17	7	75222	83566	6016	152772	0.960621
chr07x17	1	250000	HAP2_chr07	HAP2_chr17	HAP2	HAP2	7	17	83566	75222	6016	152772	0.960621
chr07x17	250001	500000	HAP1_chr07	HAP1_chr17	HAP1	HAP1	7	17	162243	119743	11047	270939	0.959227
chr07x17	250001	500000	HAP1_chr07	HAP2_chr17	HAP1	HAP2	7	17	162243	119743	11047	270939	0.959227
chr07x17	250001	500000	HAP1_chr17	HAP2_chr07	HAP1	HAP2	17	7	119743	170856	10229	280370	0.963516
chr07x17	250001	500000	HAP2_chr07	HAP2_chr17	HAP2	HAP2	7	17	170856	119743	10229	280370	0.963516
chr07x17	500001	750000	HAP1_chr07	HAP1_chr17	HAP1	HAP1	7	17	217166	223102	2863	437405	0.993455
chr07x17	500001	750000	HAP1_chr07	HAP2_chr17	HAP1	HAP2	7	17	217166	223102	2863	437405	0.993455
chr07x17	500001	750000	HAP1_chr17	HAP2_chr07	HAP1	HAP2	17	7	223102	210814	2843	431073	0.993405
chr07x17	500001	750000	HAP2_chr07	HAP2_chr17	HAP2	HAP2	7	17	210814	223102	2843	431073	0.993405
chr07x17	750001	1000000	HAP1_chr07	HAP1_chr17	HAP1	HAP1	7	17	209374	232480	2728	439126	0.993788
chr07x17	750001	1000000	HAP1_chr07	HAP2_chr17	HAP1	HAP2	7	17	209374	232480	2728	439126	0.993788
chr07x17	750001	1000000	HAP1_chr17	HAP2_chr07	HAP1	HAP2	17	7	232480	209433	2741	439172	0.993759
chr07x17	750001	1000000	HAP2_chr07	HAP2_chr17	HAP2	HAP2	7	17	209433	232480	2741	439172	0.993759
chr07x17	1000001	1250000	HAP1_chr07	HAP1_chr17	HAP1	HAP1	7	17	225383	215996	10222	431157	0.976292
chr07x17	1000001	1250000	HAP1_chr07	HAP2_chr17	HAP1	HAP2	7	17	225383	215996	10222	431157	0.976292
chr07x17	1000001	1250000	HAP1_chr17	HAP2_chr07	HAP1	HAP2	17	7	215996	222144	10583	427557	0.975248
chr07x17	1000001	1250000	HAP2_chr07	HAP2_chr17	HAP2	HAP2	7	17	222144	215996	10583	427557	0.975248
chr07x17	1250001	1500000	HAP1_chr07	HAP1_chr17	HAP1	HAP1	7	17	228905	228045	6518	450432	0.985529
chr07x17	1250001	1500000	HAP1_chr07	HAP2_chr17	HAP1	HAP2	7	17	228905	228045	6518	450432	0.985529
chr07x17	1250001	1500000	HAP1_chr17	HAP2_chr07	HAP1	HAP2	17	7	228045	232616	6571	454090	0.985529
chr07x17	1250001	1500000	HAP2_chr07	HAP2_chr17	HAP2	HAP2	7	17	232616	228045	6571	454090	0.985529
chr07x17	1500001	1750000	HAP1_chr07	HAP1_chr17	HAP1	HAP1	7	17	216220	208142	12105	412257	0.970637
chr07x17	1500001	1750000	HAP1_chr07	HAP2_chr17	HAP1	HAP2	7	17	216220	208142	12105	412257	0.970637
chr07x17	1500001	1750000	HAP1_chr17	HAP2_chr07	HAP1	HAP2	17	7	208142	223032	12354	418820	0.970503
chr07x17	1500001	1750000	HAP2_chr07	HAP2_chr17	HAP2	HAP2	7	17	223032	208142	12354	418820	0.970503
chr07x17	1750001	2000000	HAP1_chr07	HAP1_chr17	HAP1	HAP1	7	17	219658	187744	12854	394548	0.967421
chr07x17	1750001	2000000	HAP1_chr07	HAP2_chr17	HAP1	HAP2	7	17	219658	184809	12521	391946	0.968054
chr07x17	1750001	2000000	HAP1_chr17	HAP2_chr07	HAP1	HAP2	17	7	187744	219654	12889	394509	0.967329
chr07x17	1750001	2000000	HAP2_chr07	HAP2_chr17	HAP2	HAP2	7	17	219654	184809	12558	391905	0.967957
chr07x17	2000001	2250000	HAP1_chr07	HAP1_chr17	HAP1	HAP1	7	17	234824	214249	10225	438848	0.976700
chr07x17	2000001	2250000	HAP1_chr07	HAP2_chr17	HAP1	HAP2	7	17	234824	207026	10221	431629	0.976320
chr07x17	2000001	2250000	HAP1_chr17	HAP2_chr07	HAP1	HAP2	17	7	214249	235272	10227	439294	0.976719
chr07x17	2000001	2250000	HAP2_chr07	HAP2_chr17	HAP2	HAP2	7	17	235272	207026	10220	432078	0.976347
chr07x17	2250001	2500000	HAP1_chr07	HAP1_chr17	HAP1	HAP1	7	17	235609	225364	4718	456255	0.989659
chr07x17	2250001	2500000	HAP1_chr07	HAP2_chr17	HAP1	HAP2	7	17	235609	220849	4582	451876	0.989860
chr07x17	2250001	2500000	HAP1_chr17	HAP2_chr07	HAP1	HAP2	17	7	225364	235888	4668	456584	0.989776
chr07x17	2250001	2500000	HAP2_chr07	HAP2_chr17	HAP2	HAP2	7	17	235888	220849	4532	452205	0.989978
chr07x17	2500001	2750000	HAP1_chr07	HAP1_chr17	HAP1	HAP1	7	17	240121	237976	3353	474744	0.992937
chr07x17	2500001	2750000	HAP1_chr07	HAP2_chr17	HAP1	HAP2	7	17	240121	238826	3321	475626	0.993018
chr07x17	2500001	2750000	HAP1_chr17	HAP2_chr07	HAP1	HAP2	17	7	237976	239501	3407	474070	0.992813
chr07x17	2500001	2750000	HAP2_chr07	HAP2_chr17	HAP2	HAP2	7	17	239501	238826	3365	474962	0.992915
chr07x17	2750001	3000000	HAP1_chr07	HAP1_chr17	HAP1	HAP1	7	17	239205	201968	2315	438858	0.994725
chr07x17	2750001	3000000	HAP1_chr07	HAP2_chr17	HAP1	HAP2	7	17	239205	194406	2811	430800	0.993475
chr07x17	2750001	3000000	HAP1_chr17	HAP2_chr07	HAP1	HAP2	17	7	201968	239992	5748	436212	0.986823
chr07x17	2750001	3000000	HAP2_chr07	HAP2_chr17	HAP2	HAP2	7	17	239992	194406	2773	431625	0.993575
chr07x17	3000001	3250000	HAP1_chr07	HAP1_chr17	HAP1	HAP1	7	17	234015	233787	5512	462290	0.988077
chr07x17	3000001	3250000	HAP1_chr07	HAP2_chr17	HAP1	HAP2	7	17	234015	235443	8690	460768	0.981140
chr07x17	3000001	3250000	HAP1_chr17	HAP2_chr07	HAP1	HAP2	17	7	233787	238476	5219	467044	0.988825
chr07x17	3000001	3250000	HAP2_chr07	HAP2_chr17	HAP2	HAP2	7	17	238476	235443	7764	466155	0.983345
chr07x17	3250001	3500000	HAP1_chr07	HAP1_chr17	HAP1	HAP1	7	17	227520	231098	8072	450546	0.982084
chr07x17	3250001	3500000	HAP1_chr07	HAP2_chr17	HAP1	HAP2	7	17	227520	229142	17068	439594	0.961173
chr07x17	3250001	3500000	HAP1_chr17	HAP2_chr07	HAP1	HAP2	17	7	231098	227764	8017	450845	0.982218
chr07x17	3250001	3500000	HAP2_chr07	HAP2_chr17	HAP2	HAP2	7	17	227764	229142	17021	439885	0.961306
chr07x17	3500001	3750000	HAP1_chr07	HAP1_chr17	HAP1	HAP1	7	17	237690	228684	1980	464394	0.995736
chr07x17	3500001	3750000	HAP1_chr07	HAP2_chr17	HAP1	HAP2	7	17	237690	218901	2012	454579	0.995574
chr07x17	3500001	3750000	HAP1_chr17	HAP2_chr07	HAP1	HAP2	17	7	228684	237452	2082	464054	0.995513
chr07x17	3500001	3750000	HAP2_chr07	HAP2_chr17	HAP2	HAP2	7	17	237452	218901	2159	454194	0.995247
chr07x17	3750001	4000000	HAP1_chr07	HAP1_chr17	HAP1	HAP1	7	17	227033	225282	4552	447763	0.989834
chr07x17	3750001	4000000	HAP1_chr07	HAP2_chr17	HAP1	HAP2	7	17	227033	232651	4865	454819	0.989303
chr07x17	3750001	4000000	HAP1_chr17	HAP2_chr07	HAP1	HAP2	17	7	225282	228507	4425	449364	0.990153
chr07x17	3750001	4000000	HAP2_chr07	HAP2_chr17	HAP2	HAP2	7	17	228507	232651	4753	456405	0.989586
chr07x17	4000001	4250000	HAP1_chr07	HAP1_chr17	HAP1	HAP1	7	17	244856	226089	2455	468490	0.994760
chr07x17	4000001	4250000	HAP1_chr07	HAP2_chr17	HAP1	HAP2	7	17	244856	232745	2267	475334	0.995231
chr07x17	4000001	4250000	HAP1_chr17	HAP2_chr07	HAP1	HAP2	17	7	226089	244820	2440	468469	0.994792
chr07x17	4000001	4250000	HAP2_chr07	HAP2_chr17	HAP2	HAP2	7	17	244820	232745	2254	475311	0.995258
chr07x17	4250001	4500000	HAP1_chr07	HAP1_chr17	HAP1	HAP1	7	17	218952	160712	8533	371131	0.977008
chr07x17	4250001	4500000	HAP1_chr07	HAP2_chr17	HAP1	HAP2	7	17	218952	175850	7955	386847	0.979436
chr07x17	4250001	4500000	HAP1_chr17	HAP2_chr07	HAP1	HAP2	17	7	160712	215397	9031	367078	0.975398
chr07x17	4250001	4500000	HAP2_chr07	HAP2_chr17	HAP2	HAP2	7	17	215397	175850	8475	382772	0.977859
chr07x17	4500001	4750000	HAP1_chr07	HAP1_chr17	HAP1	HAP1	7	17	212286	226995	9466	429815	0.977977
chr07x17	4500001	4750000	HAP1_chr07	HAP2_chr17	HAP1	HAP2	7	17	212286	202904	6750	408440	0.983474
chr07x17	4500001	4750000	HAP1_chr17	HAP2_chr07	HAP1	HAP2	17	7	226995	218312	6698	438609	0.984729
chr07x17	4500001	4750000	HAP2_chr07	HAP2_chr17	HAP2	HAP2	7	17	218312	202904	3908	417308	0.990635
chr07x17	4750001	5000000	HAP1_chr07	HAP1_chr17	HAP1	HAP1	7	17	233610	204669	4470	433809	0.989696
chr07x17	4750001	5000000	HAP1_chr07	HAP2_chr17	HAP1	HAP2	7	17	233610	218962	6350	446222	0.985769
chr07x17	4750001	5000000	HAP1_chr17	HAP2_chr07	HAP1	HAP2	17	7	204669	233476	4770	433375	0.988993
chr07x17	4750001	5000000	HAP2_chr07	HAP2_chr17	HAP2	HAP2	7	17	233476	218962	6199	446239	0.986108
chr07x17	5000001	5250000	HAP1_chr07	HAP1_chr17	HAP1	HAP1	7	17	236327	222763	6272	452818	0.986149
chr07x17	5000001	5250000	HAP1_chr07	HAP2_chr17	HAP1	HAP2	7	17	236327	209795	6180	439942	0.985953
chr07x17	5000001	5250000	HAP1_chr17	HAP2_chr07	HAP1	HAP2	17	7	222763	236859	5306	454316	0.988321
chr07x17	5000001	5250000	HAP2_chr07	HAP2_chr17	HAP2	HAP2	7	17	236859	209795	7318	439336	0.983343
chr07x17	5250001	5500000	HAP1_chr07	HAP1_chr17	HAP1	HAP1	7	17	219961	192823	7394	405390	0.981761
chr07x17	5250001	5500000	HAP1_chr07	HAP2_chr17	HAP1	HAP2	7	17	219961	178165	7716	390410	0.980236
chr07x17	5250001	5500000	HAP1_chr17	HAP2_chr07	HAP1	HAP2	17	7	192823	221801	6208	408416	0.984800
chr07x17	5250001	5500000	HAP2_chr07	HAP2_chr17	HAP2	HAP2	7	17	221801	178165	6886	393080	0.982482
chr07x17	5500001	5750000	HAP1_chr07	HAP1_chr17	HAP1	HAP1	7	17	163354	242211	737	404828	0.998179
chr07x17	5500001	5750000	HAP1_chr07	HAP2_chr17	HAP1	HAP2	7	17	163354	238106	1552	399908	0.996119
chr07x17	5500001	5750000	HAP1_chr17	HAP2_chr07	HAP1	HAP2	17	7	242211	152601	671	394141	0.998298
chr07x17	5500001	5750000	HAP2_chr07	HAP2_chr17	HAP2	HAP2	7	17	152601	238106	1493	389214	0.996164
chr07x17	5750001	6000000	HAP1_chr07	HAP1_chr17	HAP1	HAP1	7	17	208078	233062	10522	430618	0.975565
chr07x17	5750001	6000000	HAP1_chr07	HAP2_chr17	HAP1	HAP2	7	17	208078	235137	10042	433173	0.976818
chr07x17	5750001	6000000	HAP1_chr17	HAP2_chr07	HAP1	HAP2	17	7	233062	221756	10589	444229	0.976163
chr07x17	5750001	6000000	HAP2_chr07	HAP2_chr17	HAP2	HAP2	7	17	221756	235137	10138	446755	0.977307
chr07x17	6000001	6250000	HAP1_chr07	HAP1_chr17	HAP1	HAP1	7	17	237542	204239	11796	429985	0.972566
chr07x17	6000001	6250000	HAP1_chr07	HAP2_chr17	HAP1	HAP2	7	17	237542	210779	10151	438170	0.976833
chr07x17	6000001	6250000	HAP1_chr17	HAP2_chr07	HAP1	HAP2	17	7	204239	237544	11877	429906	0.972373
chr07x17	6000001	6250000	HAP2_chr07	HAP2_chr17	HAP2	HAP2	7	17	237544	210779	10233	438090	0.976642
chr07x17	6250001	6500000	HAP1_chr07	HAP1_chr17	HAP1	HAP1	7	17	230936	226271	7423	449784	0.983497
chr07x17	6250001	6500000	HAP1_chr07	HAP2_chr17	HAP1	HAP2	7	17	230936	208803	7236	432503	0.983269
chr07x17	6250001	6500000	HAP1_chr17	HAP2_chr07	HAP1	HAP2	17	7	226271	232296	7576	450991	0.983201
chr07x17	6250001	6500000	HAP2_chr07	HAP2_chr17	HAP2	HAP2	7	17	232296	208803	7381	433718	0.982982
chr07x17	6500001	6750000	HAP1_chr07	HAP1_chr17	HAP1	HAP1	7	17	213214	228674	3065	438823	0.993015
chr07x17	6500001	6750000	HAP1_chr07	HAP2_chr17	HAP1	HAP2	7	17	213214	231380	3315	441279	0.992488
chr07x17	6500001	6750000	HAP1_chr17	HAP2_chr07	HAP1	HAP2	17	7	228674	213916	2998	439592	0.993180
chr07x17	6500001	6750000	HAP2_chr07	HAP2_chr17	HAP2	HAP2	7	17	213916	231380	3257	442039	0.992632
chr07x17	6750001	7000000	HAP1_chr07	HAP1_chr17	HAP1	HAP1	7	17	224570	224283	4996	443857	0.988744
chr07x17	6750001	7000000	HAP1_chr07	HAP2_chr17	HAP1	HAP2	7	17	224570	220968	2534	443004	0.994280
chr07x17	6750001	7000000	HAP1_chr17	HAP2_chr07	HAP1	HAP2	17	7	224283	222414	4825	441872	0.989081
chr07x17	6750001	7000000	HAP2_chr07	HAP2_chr17	HAP2	HAP2	7	17	222414	220968	2384	440998	0.994594
chr07x17	7000001	7250000	HAP1_chr07	HAP1_chr17	HAP1	HAP1	7	17	231491	221323	6943	445871	0.984428
chr07x17	7000001	7250000	HAP1_chr07	HAP2_chr17	HAP1	HAP2	7	17	231491	219759	7190	444060	0.983808
chr07x17	7000001	7250000	HAP1_chr17	HAP2_chr07	HAP1	HAP2	17	7	221323	234073	7812	447584	0.982546
chr07x17	7000001	7250000	HAP2_chr07	HAP2_chr17	HAP2	HAP2	7	17	234073	219759	8086	445746	0.981860
chr07x17	7250001	7500000	HAP1_chr07	HAP1_chr17	HAP1	HAP1	7	17	235974	187631	5886	417719	0.985909
chr07x17	7250001	7500000	HAP1_chr07	HAP2_chr17	HAP1	HAP2	7	17	235974	201235	4526	432683	0.989540
chr07x17	7250001	7500000	HAP1_chr17	HAP2_chr07	HAP1	HAP2	17	7	187631	236088	5957	417762	0.985741
chr07x17	7250001	7500000	HAP2_chr07	HAP2_chr17	HAP2	HAP2	7	17	236088	201235	4604	432719	0.989360
chr07x17	7500001	7750000	HAP1_chr07	HAP1_chr17	HAP1	HAP1	7	17	237140	226524	6971	456693	0.984736
chr07x17	7500001	7750000	HAP1_chr07	HAP2_chr17	HAP1	HAP2	7	17	237140	219280	7801	448619	0.982611
chr07x17	7500001	7750000	HAP1_chr17	HAP2_chr07	HAP1	HAP2	17	7	226524	237729	7008	457245	0.984673
chr07x17	7500001	7750000	HAP2_chr07	HAP2_chr17	HAP2	HAP2	7	17	237729	219280	7920	449089	0.982364
chr07x17	7750001	8000000	HAP1_chr07	HAP1_chr17	HAP1	HAP1	7	17	222797	237075	7174	452698	0.984153
chr07x17	7750001	8000000	HAP1_chr07	HAP2_chr17	HAP1	HAP2	7	17	222797	232342	3268	451871	0.992768
chr07x17	7750001	8000000	HAP1_chr17	HAP2_chr07	HAP1	HAP2	17	7	237075	222356	6869	452562	0.984822
chr07x17	7750001	8000000	HAP2_chr07	HAP2_chr17	HAP2	HAP2	7	17	222356	232342	3096	451602	0.993144
chr07x17	8000001	8250000	HAP1_chr07	HAP1_chr17	HAP1	HAP1	7	17	232345	235152	5432	462065	0.988244
chr07x17	8000001	8250000	HAP1_chr07	HAP2_chr17	HAP1	HAP2	7	17	232345	233362	6448	459259	0.985960
chr07x17	8000001	8250000	HAP1_chr17	HAP2_chr07	HAP1	HAP2	17	7	235152	232486	5434	462204	0.988243
chr07x17	8000001	8250000	HAP2_chr07	HAP2_chr17	HAP2	HAP2	7	17	232486	233362	6461	459387	0.985936
chr07x17	8250001	8500000	HAP1_chr07	HAP1_chr17	HAP1	HAP1	7	17	196670	239278	4768	431180	0.988942
chr07x17	8250001	8500000	HAP1_chr07	HAP2_chr17	HAP1	HAP2	7	17	196670	238554	3984	431240	0.990762
chr07x17	8250001	8500000	HAP1_chr17	HAP2_chr07	HAP1	HAP2	17	7	239278	196706	4883	431101	0.988673
chr07x17	8250001	8500000	HAP2_chr07	HAP2_chr17	HAP2	HAP2	7	17	196706	238554	4090	431170	0.990514
chr07x17	8500001	8750000	HAP1_chr07	HAP1_chr17	HAP1	HAP1	7	17	215525	236678	4440	447763	0.990084
chr07x17	8500001	8750000	HAP1_chr07	HAP2_chr17	HAP1	HAP2	7	17	215525	233345	5288	443582	0.988079
chr07x17	8500001	8750000	HAP1_chr17	HAP2_chr07	HAP1	HAP2	17	7	236678	219763	4237	452204	0.990630
chr07x17	8500001	8750000	HAP2_chr07	HAP2_chr17	HAP2	HAP2	7	17	219763	233345	5320	447788	0.988119
chr07x17	8750001	9000000	HAP1_chr07	HAP1_chr17	HAP1	HAP1	7	17	206019	235282	5181	436120	0.988120
chr07x17	8750001	9000000	HAP1_chr07	HAP2_chr17	HAP1	HAP2	7	17	206019	236248	2595	439672	0.994098
chr07x17	8750001	9000000	HAP1_chr17	HAP2_chr07	HAP1	HAP2	17	7	235282	209964	4228	441018	0.990413
chr07x17	8750001	9000000	HAP2_chr07	HAP2_chr17	HAP2	HAP2	7	17	209964	236248	2595	443617	0.994150
chr07x17	9000001	9250000	HAP1_chr07	HAP1_chr17	HAP1	HAP1	7	17	228786	232303	7513	453576	0.983436
chr07x17	9000001	9250000	HAP1_chr07	HAP2_chr17	HAP1	HAP2	7	17	228786	231364	5780	454370	0.987279
chr07x17	9000001	9250000	HAP1_chr17	HAP2_chr07	HAP1	HAP2	17	7	232303	228201	6439	454065	0.985819
chr07x17	9000001	9250000	HAP2_chr07	HAP2_chr17	HAP2	HAP2	7	17	228201	231364	4714	454851	0.989636
chr07x17	9250001	9500000	HAP1_chr07	HAP1_chr17	HAP1	HAP1	7	17	223121	238995	5970	456146	0.986912
chr07x17	9250001	9500000	HAP1_chr07	HAP2_chr17	HAP1	HAP2	7	17	223121	237929	8249	452801	0.981782
chr07x17	9250001	9500000	HAP1_chr17	HAP2_chr07	HAP1	HAP2	17	7	238995	220564	5121	454438	0.988731
chr07x17	9250001	9500000	HAP2_chr07	HAP2_chr17	HAP2	HAP2	7	17	220564	237929	7365	451128	0.983674
chr07x17	9500001	9750000	HAP1_chr07	HAP1_chr17	HAP1	HAP1	7	17	228832	229804	10079	448557	0.977530
chr07x17	9500001	9750000	HAP1_chr07	HAP2_chr17	HAP1	HAP2	7	17	228832	229139	12177	445794	0.972685
chr07x17	9500001	9750000	HAP1_chr17	HAP2_chr07	HAP1	HAP2	17	7	229804	226785	10154	446435	0.977255
chr07x17	9500001	9750000	HAP2_chr07	HAP2_chr17	HAP2	HAP2	7	17	226785	229139	12541	443383	0.971715
chr07x17	9750001	10000000	HAP1_chr07	HAP1_chr17	HAP1	HAP1	7	17	215579	232105	5205	442479	0.988237
chr07x17	9750001	10000000	HAP1_chr07	HAP2_chr17	HAP1	HAP2	7	17	215579	234590	4508	445661	0.989885
chr07x17	9750001	10000000	HAP1_chr17	HAP2_chr07	HAP1	HAP2	17	7	232105	213288	5310	440083	0.987934
chr07x17	9750001	10000000	HAP2_chr07	HAP2_chr17	HAP2	HAP2	7	17	213288	234590	4599	443279	0.989625
chr07x17	10000001	10250000	HAP1_chr07	HAP1_chr17	HAP1	HAP1	7	17	226819	199696	5595	420920	0.986708
chr07x17	10000001	10250000	HAP1_chr07	HAP2_chr17	HAP1	HAP2	7	17	226819	223216	5775	444260	0.987001
chr07x17	10000001	10250000	HAP1_chr17	HAP2_chr07	HAP1	HAP2	17	7	199696	217827	5717	411806	0.986117
chr07x17	10000001	10250000	HAP2_chr07	HAP2_chr17	HAP2	HAP2	7	17	217827	223216	6227	434816	0.985679
chr07x17	10250001	10500000	HAP1_chr07	HAP1_chr17	HAP1	HAP1	7	17	228157	216356	5125	439388	0.988336
chr07x17	10250001	10500000	HAP1_chr07	HAP2_chr17	HAP1	HAP2	7	17	228157	200702	3832	425027	0.990984
chr07x17	10250001	10500000	HAP1_chr17	HAP2_chr07	HAP1	HAP2	17	7	216356	233860	4806	445410	0.989210
chr07x17	10250001	10500000	HAP2_chr07	HAP2_chr17	HAP2	HAP2	7	17	233860	200702	3558	431004	0.991745
chr07x17	10500001	10750000	HAP1_chr07	HAP1_chr17	HAP1	HAP1	7	17	234766	206645	1993	439418	0.995464
chr07x17	10500001	10750000	HAP1_chr07	HAP2_chr17	HAP1	HAP2	7	17	234766	194580	2127	427219	0.995021
chr07x17	10500001	10750000	HAP1_chr17	HAP2_chr07	HAP1	HAP2	17	7	206645	232613	2047	437211	0.995318
chr07x17	10500001	10750000	HAP2_chr07	HAP2_chr17	HAP2	HAP2	7	17	232613	194580	2149	425044	0.994944
chr07x17	10750001	11000000	HAP1_chr07	HAP1_chr17	HAP1	HAP1	7	17	225921	223727	14804	434844	0.965956
chr07x17	10750001	11000000	HAP1_chr07	HAP2_chr17	HAP1	HAP2	7	17	225921	195242	11110	410053	0.972906
chr07x17	10750001	11000000	HAP1_chr17	HAP2_chr07	HAP1	HAP2	17	7	223727	230611	15061	439277	0.965714
chr07x17	10750001	11000000	HAP2_chr07	HAP2_chr17	HAP2	HAP2	7	17	230611	195242	11580	414273	0.972047
chr07x17	11000001	11250000	HAP1_chr07	HAP1_chr17	HAP1	HAP1	7	17	228246	216288	7865	436669	0.981989
chr07x17	11000001	11250000	HAP1_chr07	HAP2_chr17	HAP1	HAP2	7	17	228246	228728	6436	450538	0.985715
chr07x17	11000001	11250000	HAP1_chr17	HAP2_chr07	HAP1	HAP2	17	7	216288	221560	7221	430627	0.983231
chr07x17	11000001	11250000	HAP2_chr07	HAP2_chr17	HAP2	HAP2	7	17	221560	228728	5870	444418	0.986792
chr07x17	11250001	11500000	HAP1_chr07	HAP1_chr17	HAP1	HAP1	7	17	189319	223573	4537	408355	0.988890
chr07x17	11250001	11500000	HAP1_chr07	HAP2_chr17	HAP1	HAP2	7	17	189319	203374	5201	387492	0.986578
chr07x17	11250001	11500000	HAP1_chr17	HAP2_chr07	HAP1	HAP2	17	7	223573	188891	4494	407970	0.988984
chr07x17	11250001	11500000	HAP2_chr07	HAP2_chr17	HAP2	HAP2	7	17	188891	203374	4950	387315	0.987220
chr07x17	11500001	11750000	HAP1_chr07	HAP1_chr17	HAP1	HAP1	7	17	213333	219340	3081	429592	0.992828
chr07x17	11500001	11750000	HAP1_chr07	HAP2_chr17	HAP1	HAP2	7	17	213333	224316	2389	435260	0.994511
chr07x17	11500001	11750000	HAP1_chr17	HAP2_chr07	HAP1	HAP2	17	7	219340	215719	3287	431772	0.992387
chr07x17	11500001	11750000	HAP2_chr07	HAP2_chr17	HAP2	HAP2	7	17	215719	224316	4160	435875	0.990456
chr07x17	11750001	12000000	HAP1_chr07	HAP1_chr17	HAP1	HAP1	7	17	234106	229191	3399	459898	0.992609
chr07x17	11750001	12000000	HAP1_chr07	HAP2_chr17	HAP1	HAP2	7	17	234106	226222	3519	456809	0.992297
chr07x17	11750001	12000000	HAP1_chr17	HAP2_chr07	HAP1	HAP2	17	7	229191	234790	3266	460715	0.992911
chr07x17	11750001	12000000	HAP2_chr07	HAP2_chr17	HAP2	HAP2	7	17	234790	226222	3281	457731	0.992832
chr07x17	12000001	12250000	HAP1_chr07	HAP1_chr17	HAP1	HAP1	7	17	208322	217708	6301	419729	0.984988
chr07x17	12000001	12250000	HAP1_chr07	HAP2_chr17	HAP1	HAP2	7	17	208322	228618	4162	432778	0.990383
chr07x17	12000001	12250000	HAP1_chr17	HAP2_chr07	HAP1	HAP2	17	7	217708	208322	6664	419366	0.984109
chr07x17	12000001	12250000	HAP2_chr07	HAP2_chr17	HAP2	HAP2	7	17	208322	228618	4600	432340	0.989360
chr07x17	12250001	12500000	HAP1_chr07	HAP1_chr17	HAP1	HAP1	7	17	183780	196473	6725	373528	0.981996
chr07x17	12250001	12500000	HAP1_chr07	HAP2_chr17	HAP1	HAP2	7	17	183780	179237	9584	353433	0.972883
chr07x17	12250001	12500000	HAP1_chr17	HAP2_chr07	HAP1	HAP2	17	7	196473	175385	8630	363228	0.976241
chr07x17	12250001	12500000	HAP2_chr07	HAP2_chr17	HAP2	HAP2	7	17	175385	179237	11525	343097	0.966409
chr07x17	12500001	12750000	HAP1_chr07	HAP1_chr17	HAP1	HAP1	7	17	194620	241760	4916	431464	0.988606
chr07x17	12500001	12750000	HAP1_chr07	HAP2_chr17	HAP1	HAP2	7	17	194620	232116	4855	421881	0.988492
chr07x17	12500001	12750000	HAP1_chr17	HAP2_chr07	HAP1	HAP2	17	7	241760	200730	3206	439284	0.992702
chr07x17	12500001	12750000	HAP2_chr07	HAP2_chr17	HAP2	HAP2	7	17	200730	232116	3156	429690	0.992655
chr07x17	12750001	13000000	HAP1_chr07	HAP1_chr17	HAP1	HAP1	7	17	217345	227600	7173	437772	0.983615
chr07x17	12750001	13000000	HAP1_chr07	HAP2_chr17	HAP1	HAP2	7	17	217345	224430	7249	434526	0.983317
chr07x17	12750001	13000000	HAP1_chr17	HAP2_chr07	HAP1	HAP2	17	7	227600	216302	7182	436720	0.983555
chr07x17	12750001	13000000	HAP2_chr07	HAP2_chr17	HAP2	HAP2	7	17	216302	224430	7246	433486	0.983284
chr07x17	13000001	13250000	HAP1_chr07	HAP1_chr17	HAP1	HAP1	7	17	194511	226349	6343	414517	0.984698
chr07x17	13000001	13250000	HAP1_chr07	HAP2_chr17	HAP1	HAP2	7	17	194511	226932	6411	415032	0.984553
chr07x17	13000001	13250000	HAP1_chr17	HAP2_chr07	HAP1	HAP2	17	7	226349	184736	6989	404096	0.982705
chr07x17	13000001	13250000	HAP2_chr07	HAP2_chr17	HAP2	HAP2	7	17	184736	226932	7004	404664	0.982692
chr07x17	13250001	13500000	HAP1_chr07	HAP1_chr17	HAP1	HAP1	7	17	120783	234120	2360	352543	0.993306
chr07x17	13250001	13500000	HAP1_chr07	HAP2_chr17	HAP1	HAP2	7	17	120783	233016	2103	351696	0.994020
chr07x17	13250001	13500000	HAP1_chr17	HAP2_chr07	HAP1	HAP2	17	7	234120	131412	3034	362498	0.991630
chr07x17	13250001	13500000	HAP2_chr07	HAP2_chr17	HAP2	HAP2	7	17	131412	233016	2949	361479	0.991842
chr07x17	13500001	13750000	HAP1_chr07	HAP1_chr17	HAP1	HAP1	7	17	208338	224668	4884	428122	0.988592
chr07x17	13500001	13750000	HAP1_chr07	HAP2_chr17	HAP1	HAP2	7	17	208338	233666	4175	437829	0.990464
chr07x17	13500001	13750000	HAP1_chr17	HAP2_chr07	HAP1	HAP2	17	7	224668	230966	3258	452376	0.992798
chr07x17	13500001	13750000	HAP2_chr07	HAP2_chr17	HAP2	HAP2	7	17	230966	233666	4657	459975	0.989876
chr07x17	13750001	14000000	HAP1_chr07	HAP1_chr17	HAP1	HAP1	7	17	220282	186591	9161	397712	0.976966
chr07x17	13750001	14000000	HAP1_chr07	HAP2_chr17	HAP1	HAP2	7	17	220282	194352	6493	408141	0.984091
chr07x17	13750001	14000000	HAP1_chr17	HAP2_chr07	HAP1	HAP2	17	7	186591	189803	6361	370033	0.982810
chr07x17	13750001	14000000	HAP2_chr07	HAP2_chr17	HAP2	HAP2	7	17	189803	194352	6851	377304	0.981842
chr07x17	14000001	14250000	HAP1_chr07	HAP1_chr17	HAP1	HAP1	7	17	195019	158097	6072	347044	0.982504
chr07x17	14000001	14250000	HAP1_chr07	HAP2_chr17	HAP1	HAP2	7	17	195019	182464	8399	369084	0.977244
chr07x17	14000001	14250000	HAP1_chr17	HAP2_chr07	HAP1	HAP2	17	7	158097	200841	4818	354120	0.986394
chr07x17	14000001	14250000	HAP2_chr07	HAP2_chr17	HAP2	HAP2	7	17	200841	182464	7083	376222	0.981173
chr07x17	14250001	14500000	HAP1_chr07	HAP1_chr17	HAP1	HAP1	7	17	200514	220699	7834	413379	0.981049
chr07x17	14250001	14500000	HAP1_chr07	HAP2_chr17	HAP1	HAP2	7	17	200514	176135	4795	371854	0.987105
chr07x17	14250001	14500000	HAP1_chr17	HAP2_chr07	HAP1	HAP2	17	7	220699	208957	6844	422812	0.983813
chr07x17	14250001	14500000	HAP2_chr07	HAP2_chr17	HAP2	HAP2	7	17	208957	176135	5266	379826	0.986136
chr07x17	14500001	14750000	HAP1_chr07	HAP1_chr17	HAP1	HAP1	7	17	225441	195529	5810	415160	0.986005
chr07x17	14500001	14750000	HAP1_chr07	HAP2_chr17	HAP1	HAP2	7	17	225441	215590	4359	436672	0.990018
chr07x17	14500001	14750000	HAP1_chr17	HAP2_chr07	HAP1	HAP2	17	7	195529	214977	10043	400463	0.974922
chr07x17	14500001	14750000	HAP2_chr07	HAP2_chr17	HAP2	HAP2	7	17	214977	215590	3727	426840	0.991268
chr07x17	14750001	15000000	HAP1_chr07	HAP1_chr17	HAP1	HAP1	7	17	195057	222816	6970	410903	0.983037
chr07x17	14750001	15000000	HAP1_chr07	HAP2_chr17	HAP1	HAP2	7	17	195057	199736	12959	381834	0.966061
chr07x17	14750001	15000000	HAP1_chr17	HAP2_chr07	HAP1	HAP2	17	7	222816	201195	6806	417205	0.983687
chr07x17	14750001	15000000	HAP2_chr07	HAP2_chr17	HAP2	HAP2	7	17	201195	199736	8392	392539	0.978621
chr07x17	15000001	15250000	HAP1_chr07	HAP1_chr17	HAP1	HAP1	7	17	230422	223415	5069	448768	0.988705
chr07x17	15000001	15250000	HAP1_chr07	HAP2_chr17	HAP1	HAP2	7	17	230422	227605	5961	452066	0.986814
chr07x17	15000001	15250000	HAP1_chr17	HAP2_chr07	HAP1	HAP2	17	7	223415	231715	6577	448553	0.985337
chr07x17	15000001	15250000	HAP2_chr07	HAP2_chr17	HAP2	HAP2	7	17	231715	227605	4270	455050	0.990616
chr07x17	15250001	15500000	HAP1_chr07	HAP1_chr17	HAP1	HAP1	7	17	207268	232108	13044	426332	0.969404
chr07x17	15250001	15500000	HAP1_chr07	HAP2_chr17	HAP1	HAP2	7	17	207268	225205	12858	419615	0.969358
chr07x17	15250001	15500000	HAP1_chr17	HAP2_chr07	HAP1	HAP2	17	7	232108	184964	9613	407459	0.976407
chr07x17	15250001	15500000	HAP2_chr07	HAP2_chr17	HAP2	HAP2	7	17	184964	225205	11461	398708	0.971255
chr07x17	15500001	15750000	HAP1_chr07	HAP1_chr17	HAP1	HAP1	7	17	208155	225688	35540	398303	0.910771
chr07x17	15500001	15750000	HAP1_chr07	HAP2_chr17	HAP1	HAP2	7	17	208155	222064	25080	405139	0.938095
chr07x17	15500001	15750000	HAP1_chr17	HAP2_chr07	HAP1	HAP2	17	7	225688	214951	37689	402950	0.906467
chr07x17	15500001	15750000	HAP2_chr07	HAP2_chr17	HAP2	HAP2	7	17	214951	222064	24629	412386	0.940277
chr07x17	15750001	16000000	HAP1_chr07	HAP1_chr17	HAP1	HAP1	7	17	199271	220155	15887	403539	0.960631
chr07x17	15750001	16000000	HAP1_chr07	HAP2_chr17	HAP1	HAP2	7	17	199271	211701	29089	381883	0.923827
chr07x17	15750001	16000000	HAP1_chr17	HAP2_chr07	HAP1	HAP2	17	7	220155	215430	43829	391756	0.888122
chr07x17	15750001	16000000	HAP2_chr07	HAP2_chr17	HAP2	HAP2	7	17	215430	211701	28088	399043	0.929612
chr07x17	16000001	16250000	HAP1_chr07	HAP1_chr17	HAP1	HAP1	7	17	167315	200026	15724	351617	0.955281
chr07x17	16000001	16250000	HAP1_chr07	HAP2_chr17	HAP1	HAP2	7	17	167315	202838	37970	332183	0.885696
chr07x17	16000001	16250000	HAP1_chr17	HAP2_chr07	HAP1	HAP2	17	7	200026	171867	29690	342203	0.913239
chr07x17	16000001	16250000	HAP2_chr07	HAP2_chr17	HAP2	HAP2	7	17	171867	202838	18170	356535	0.949037
chr07x17	16250001	16500000	HAP1_chr07	HAP1_chr17	HAP1	HAP1	7	17	200512	209411	25953	383970	0.932409
chr07x17	16250001	16500000	HAP1_chr07	HAP2_chr17	HAP1	HAP2	7	17	200512	222161	38112	384561	0.900895
chr07x17	16250001	16500000	HAP1_chr17	HAP2_chr07	HAP1	HAP2	17	7	209411	207920	28767	388564	0.925966
chr07x17	16250001	16500000	HAP2_chr07	HAP2_chr17	HAP2	HAP2	7	17	207920	222161	24603	405478	0.939323
chr07x17	16500001	16750000	HAP1_chr07	HAP1_chr17	HAP1	HAP1	7	17	233781	219236	32363	420654	0.923065
chr07x17	16500001	16750000	HAP1_chr07	HAP2_chr17	HAP1	HAP2	7	17	233781	204753	38682	399852	0.903259
chr07x17	16500001	16750000	HAP1_chr17	HAP2_chr07	HAP1	HAP2	17	7	219236	212825	29897	402164	0.925660
chr07x17	16500001	16750000	HAP2_chr07	HAP2_chr17	HAP2	HAP2	7	17	212825	204753	25643	391935	0.934573
chr07x17	16750001	17000000	HAP1_chr07	HAP1_chr17	HAP1	HAP1	7	17	201262	221484	9655	413091	0.976627
chr07x17	16750001	17000000	HAP1_chr07	HAP2_chr17	HAP1	HAP2	7	17	201262	232257	23083	410436	0.943760
chr07x17	16750001	17000000	HAP1_chr17	HAP2_chr07	HAP1	HAP2	17	7	221484	191263	10204	402543	0.974651
chr07x17	16750001	17000000	HAP2_chr07	HAP2_chr17	HAP2	HAP2	7	17	191263	232257	21304	402216	0.947033
chr07x17	17000001	17250000	HAP1_chr07	HAP1_chr17	HAP1	HAP1	7	17	193198	212982	8754	397426	0.977973
chr07x17	17000001	17250000	HAP1_chr07	HAP2_chr17	HAP1	HAP2	7	17	193198	216281	10766	398713	0.972998
chr07x17	17000001	17250000	HAP1_chr17	HAP2_chr07	HAP1	HAP2	17	7	212982	198294	9845	401431	0.975475
chr07x17	17000001	17250000	HAP2_chr07	HAP2_chr17	HAP2	HAP2	7	17	198294	216281	10261	404314	0.974621
chr07x17	17250001	17500000	HAP1_chr07	HAP1_chr17	HAP1	HAP1	7	17	204133	228094	9344	422883	0.977904
chr07x17	17250001	17500000	HAP1_chr07	HAP2_chr17	HAP1	HAP2	7	17	204133	223774	6934	420973	0.983529
chr07x17	17250001	17500000	HAP1_chr17	HAP2_chr07	HAP1	HAP2	17	7	228094	182875	7185	403784	0.982206
chr07x17	17250001	17500000	HAP2_chr07	HAP2_chr17	HAP2	HAP2	7	17	182875	223774	5763	400886	0.985624
chr07x17	17500001	17750000	HAP1_chr07	HAP1_chr17	HAP1	HAP1	7	17	197223	219776	7066	409933	0.982763
chr07x17	17500001	17750000	HAP1_chr07	HAP2_chr17	HAP1	HAP2	7	17	197223	220073	10013	407283	0.975415
chr07x17	17500001	17750000	HAP1_chr17	HAP2_chr07	HAP1	HAP2	17	7	219776	208336	6903	421209	0.983611
chr07x17	17500001	17750000	HAP2_chr07	HAP2_chr17	HAP2	HAP2	7	17	208336	220073	9060	419349	0.978395
chr07x17	17750001	18000000	HAP1_chr07	HAP1_chr17	HAP1	HAP1	7	17	213816	216060	8800	421076	0.979101
chr07x17	17750001	18000000	HAP1_chr07	HAP2_chr17	HAP1	HAP2	7	17	213816	202804	8192	408428	0.979943
chr07x17	17750001	18000000	HAP1_chr17	HAP2_chr07	HAP1	HAP2	17	7	216060	211215	9070	418205	0.978312
chr07x17	17750001	18000000	HAP2_chr07	HAP2_chr17	HAP2	HAP2	7	17	211215	202804	7471	406548	0.981623
chr07x17	18000001	18250000	HAP1_chr07	HAP1_chr17	HAP1	HAP1	7	17	202029	224377	6669	419737	0.984111
chr07x17	18000001	18250000	HAP1_chr07	HAP2_chr17	HAP1	HAP2	7	17	202029	233087	7900	427216	0.981508
chr07x17	18000001	18250000	HAP1_chr17	HAP2_chr07	HAP1	HAP2	17	7	224377	190112	5799	408690	0.985811
chr07x17	18000001	18250000	HAP2_chr07	HAP2_chr17	HAP2	HAP2	7	17	190112	233087	5615	417584	0.986554
chr07x17	18250001	18500000	HAP1_chr07	HAP1_chr17	HAP1	HAP1	7	17	206320	223401	7779	421942	0.981564
chr07x17	18250001	18500000	HAP1_chr07	HAP2_chr17	HAP1	HAP2	7	17	206320	232962	4923	434359	0.988666
chr07x17	18250001	18500000	HAP1_chr17	HAP2_chr07	HAP1	HAP2	17	7	223401	223287	7833	438855	0.982151
chr07x17	18250001	18500000	HAP2_chr07	HAP2_chr17	HAP2	HAP2	7	17	223287	232962	5142	451107	0.988601
chr07x17	18500001	18750000	HAP1_chr07	HAP1_chr17	HAP1	HAP1	7	17	222356	220601	4050	438907	0.990773
chr07x17	18500001	18750000	HAP1_chr07	HAP2_chr17	HAP1	HAP2	7	17	222356	225533	6740	441149	0.984722
chr07x17	18500001	18750000	HAP1_chr17	HAP2_chr07	HAP1	HAP2	17	7	220601	198637	7108	412130	0.982753
chr07x17	18500001	18750000	HAP2_chr07	HAP2_chr17	HAP2	HAP2	7	17	198637	225533	6610	417560	0.984170
chr07x17	18750001	19000000	HAP1_chr07	HAP1_chr17	HAP1	HAP1	7	17	203198	225347	6823	421722	0.983821
chr07x17	18750001	19000000	HAP1_chr07	HAP2_chr17	HAP1	HAP2	7	17	203198	188574	8802	382970	0.977016
chr07x17	18750001	19000000	HAP1_chr17	HAP2_chr07	HAP1	HAP2	17	7	225347	233077	6197	452227	0.986297
chr07x17	18750001	19000000	HAP2_chr07	HAP2_chr17	HAP2	HAP2	7	17	233077	188574	4849	416802	0.988366
chr07x17	19000001	19250000	HAP1_chr07	HAP1_chr17	HAP1	HAP1	7	17	228258	197699	3974	421983	0.990583
chr07x17	19000001	19250000	HAP1_chr07	HAP2_chr17	HAP1	HAP2	7	17	228258	220453	6045	442666	0.986344
chr07x17	19000001	19250000	HAP1_chr17	HAP2_chr07	HAP1	HAP2	17	7	197699	219875	6756	410818	0.983555
chr07x17	19000001	19250000	HAP2_chr07	HAP2_chr17	HAP2	HAP2	7	17	219875	220453	8062	432266	0.981349
chr07x17	19250001	19500000	HAP1_chr07	HAP1_chr17	HAP1	HAP1	7	17	214941	222687	10573	427055	0.975242
chr07x17	19250001	19500000	HAP1_chr07	HAP2_chr17	HAP1	HAP2	7	17	214941	210228	8561	416608	0.979451
chr07x17	19250001	19500000	HAP1_chr17	HAP2_chr07	HAP1	HAP2	17	7	222687	151689	5641	368735	0.984702
chr07x17	19250001	19500000	HAP2_chr07	HAP2_chr17	HAP2	HAP2	7	17	151689	210228	4299	357618	0.987979
chr07x17	19500001	19750000	HAP1_chr07	HAP1_chr17	HAP1	HAP1	7	17	139165	194793	5515	328443	0.983209
chr07x17	19500001	19750000	HAP1_chr07	HAP2_chr17	HAP1	HAP2	7	17	139165	194532	2464	331233	0.992561
chr07x17	19500001	19750000	HAP1_chr17	HAP2_chr07	HAP1	HAP2	17	7	194793	222896	7442	410247	0.981860
chr07x17	19500001	19750000	HAP2_chr07	HAP2_chr17	HAP2	HAP2	7	17	222896	194532	7220	410208	0.982399
chr07x17	19750001	20000000	HAP1_chr07	HAP1_chr17	HAP1	HAP1	7	17	219418	219105	6733	431790	0.984407
chr07x17	19750001	20000000	HAP1_chr07	HAP2_chr17	HAP1	HAP2	7	17	219418	204551	5518	418451	0.986813
chr07x17	19750001	20000000	HAP1_chr17	HAP2_chr07	HAP1	HAP2	17	7	219105	225003	6119	437989	0.986029
chr07x17	19750001	20000000	HAP2_chr07	HAP2_chr17	HAP2	HAP2	7	17	225003	204551	3376	426178	0.992078
chr07x17	20000001	20250000	HAP1_chr07	HAP1_chr17	HAP1	HAP1	7	17	225941	203392	9488	419845	0.977401
chr07x17	20000001	20250000	HAP1_chr07	HAP2_chr17	HAP1	HAP2	7	17	225941	204156	8452	421645	0.979955
chr07x17	20000001	20250000	HAP1_chr17	HAP2_chr07	HAP1	HAP2	17	7	203392	226499	11454	418437	0.972627
chr07x17	20000001	20250000	HAP2_chr07	HAP2_chr17	HAP2	HAP2	7	17	226499	204156	8665	421990	0.979466
chr07x17	20250001	20500000	HAP1_chr07	HAP1_chr17	HAP1	HAP1	7	17	219867	209928	12841	416954	0.969203
chr07x17	20250001	20500000	HAP1_chr07	HAP2_chr17	HAP1	HAP2	7	17	219867	217772	9174	428465	0.978589
chr07x17	20250001	20500000	HAP1_chr17	HAP2_chr07	HAP1	HAP2	17	7	209928	211140	10398	410670	0.974680
chr07x17	20250001	20500000	HAP2_chr07	HAP2_chr17	HAP2	HAP2	7	17	211140	217772	10254	418658	0.975507
chr07x17	20500001	20750000	HAP1_chr07	HAP1_chr17	HAP1	HAP1	7	17	200307	227877	6864	421320	0.983708
chr07x17	20500001	20750000	HAP1_chr07	HAP2_chr17	HAP1	HAP2	7	17	200307	214013	8204	406116	0.979799
chr07x17	20500001	20750000	HAP1_chr17	HAP2_chr07	HAP1	HAP2	17	7	227877	190780	4037	414620	0.990263
chr07x17	20500001	20750000	HAP2_chr07	HAP2_chr17	HAP2	HAP2	7	17	190780	214013	7135	397658	0.982057
chr07x17	20750001	21000000	HAP1_chr07	HAP1_chr17	HAP1	HAP1	7	17	201266	226617	10062	417821	0.975918
chr07x17	20750001	21000000	HAP1_chr07	HAP2_chr17	HAP1	HAP2	7	17	201266	216321	9293	408294	0.977239
chr07x17	20750001	21000000	HAP1_chr17	HAP2_chr07	HAP1	HAP2	17	7	226617	234603	10625	450595	0.976420
chr07x17	20750001	21000000	HAP2_chr07	HAP2_chr17	HAP2	HAP2	7	17	234603	216321	11008	439916	0.974977
chr07x17	21000001	21250000	HAP1_chr07	HAP1_chr17	HAP1	HAP1	7	17	226990	208909	10656	425243	0.974941
chr07x17	21000001	21250000	HAP1_chr07	HAP2_chr17	HAP1	HAP2	7	17	226990	219313	11955	434348	0.972476
chr07x17	21000001	21250000	HAP1_chr17	HAP2_chr07	HAP1	HAP2	17	7	208909	209306	13307	404908	0.967136
chr07x17	21000001	21250000	HAP2_chr07	HAP2_chr17	HAP2	HAP2	7	17	209306	219313	13755	414864	0.966845
chr07x17	21250001	21500000	HAP1_chr07	HAP1_chr17	HAP1	HAP1	7	17	205361	187946	6457	386850	0.983309
chr07x17	21250001	21500000	HAP1_chr07	HAP2_chr17	HAP1	HAP2	7	17	205361	195964	7926	393399	0.979853
chr07x17	21250001	21500000	HAP1_chr17	HAP2_chr07	HAP1	HAP2	17	7	187946	186048	7348	366646	0.979959
chr07x17	21250001	21500000	HAP2_chr07	HAP2_chr17	HAP2	HAP2	7	17	186048	195964	8610	373402	0.976942
chr07x17	21500001	21750000	HAP1_chr07	HAP1_chr17	HAP1	HAP1	7	17	170549	179008	12767	336790	0.962092
chr07x17	21500001	21750000	HAP1_chr07	HAP2_chr17	HAP1	HAP2	7	17	170549	176577	7021	340105	0.979356
chr07x17	21500001	21750000	HAP1_chr17	HAP2_chr07	HAP1	HAP2	17	7	179008	211605	7567	383046	0.980245
chr07x17	21500001	21750000	HAP2_chr07	HAP2_chr17	HAP2	HAP2	7	17	211605	176577	4809	383373	0.987456
chr07x17	21750001	22000000	HAP1_chr07	HAP1_chr17	HAP1	HAP1	7	17	215696	227812	5960	437548	0.986379
chr07x17	21750001	22000000	HAP1_chr07	HAP2_chr17	HAP1	HAP2	7	17	215696	214855	4305	426246	0.989900
chr07x17	21750001	22000000	HAP1_chr17	HAP2_chr07	HAP1	HAP2	17	7	227812	202622	5331	425103	0.987460
chr07x17	21750001	22000000	HAP2_chr07	HAP2_chr17	HAP2	HAP2	7	17	202622	214855	6033	411444	0.985337
chr07x17	22000001	22250000	HAP1_chr07	HAP1_chr17	HAP1	HAP1	7	17	216054	233901	6823	443132	0.984603
chr07x17	22000001	22250000	HAP1_chr07	HAP2_chr17	HAP1	HAP2	7	17	216054	220442	8346	428150	0.980507
chr07x17	22000001	22250000	HAP1_chr17	HAP2_chr07	HAP1	HAP2	17	7	233901	193620	5642	421879	0.986626
chr07x17	22000001	22250000	HAP2_chr07	HAP2_chr17	HAP2	HAP2	7	17	193620	220442	7820	406242	0.980750
chr07x17	22250001	22500000	HAP1_chr07	HAP1_chr17	HAP1	HAP1	7	17	194606	211331	11144	394793	0.971773
chr07x17	22250001	22500000	HAP1_chr07	HAP2_chr17	HAP1	HAP2	7	17	194606	223398	14438	403566	0.964224
chr07x17	22250001	22500000	HAP1_chr17	HAP2_chr07	HAP1	HAP2	17	7	211331	217447	11170	417608	0.973252
chr07x17	22250001	22500000	HAP2_chr07	HAP2_chr17	HAP2	HAP2	7	17	217447	223398	12532	428313	0.970741
chr07x17	22500001	22750000	HAP1_chr07	HAP1_chr17	HAP1	HAP1	7	17	208169	168470	13436	363203	0.963007
chr07x17	22500001	22750000	HAP1_chr07	HAP2_chr17	HAP1	HAP2	7	17	208169	208279	15458	400990	0.961450
chr07x17	22500001	22750000	HAP1_chr17	HAP2_chr07	HAP1	HAP2	17	7	168470	209111	6823	370758	0.981597
chr07x17	22500001	22750000	HAP2_chr07	HAP2_chr17	HAP2	HAP2	7	17	209111	208279	11226	406164	0.972361
chr07x17	22750001	23000000	HAP1_chr07	HAP1_chr17	HAP1	HAP1	7	17	216347	211364	11689	416022	0.971903
chr07x17	22750001	23000000	HAP1_chr07	HAP2_chr17	HAP1	HAP2	7	17	216347	166720	5405	377662	0.985688
chr07x17	22750001	23000000	HAP1_chr17	HAP2_chr07	HAP1	HAP2	17	7	211364	221013	6193	426184	0.985469
chr07x17	22750001	23000000	HAP2_chr07	HAP2_chr17	HAP2	HAP2	7	17	221013	166720	4236	383497	0.988954
chr07x17	23000001	23250000	HAP1_chr07	HAP1_chr17	HAP1	HAP1	7	17	214523	232483	9570	437436	0.978123
chr07x17	23000001	23250000	HAP1_chr07	HAP2_chr17	HAP1	HAP2	7	17	214523	216820	7038	424305	0.983413
chr07x17	23000001	23250000	HAP1_chr17	HAP2_chr07	HAP1	HAP2	17	7	232483	213572	10511	435544	0.975867
chr07x17	23000001	23250000	HAP2_chr07	HAP2_chr17	HAP2	HAP2	7	17	213572	216820	8971	421421	0.978712
chr07x17	23250001	23500000	HAP1_chr07	HAP1_chr17	HAP1	HAP1	7	17	220311	220327	11399	429239	0.973444
chr07x17	23250001	23500000	HAP1_chr07	HAP2_chr17	HAP1	HAP2	7	17	220311	231956	8301	443966	0.981303
chr07x17	23250001	23500000	HAP1_chr17	HAP2_chr07	HAP1	HAP2	17	7	220327	223304	7768	435863	0.982178
chr07x17	23250001	23500000	HAP2_chr07	HAP2_chr17	HAP2	HAP2	7	17	223304	231956	5070	450190	0.988738
chr07x17	23500001	23750000	HAP1_chr07	HAP1_chr17	HAP1	HAP1	7	17	209544	191411	11926	389029	0.969344
chr07x17	23500001	23750000	HAP1_chr07	HAP2_chr17	HAP1	HAP2	7	17	209544	212444	16175	405813	0.960142
chr07x17	23500001	23750000	HAP1_chr17	HAP2_chr07	HAP1	HAP2	17	7	191411	216081	9578	397914	0.975929
chr07x17	23500001	23750000	HAP2_chr07	HAP2_chr17	HAP2	HAP2	7	17	216081	212444	14860	413665	0.964077
chr07x17	23750001	24000000	HAP1_chr07	HAP1_chr17	HAP1	HAP1	7	17	205170	204558	9337	400391	0.976680
chr07x17	23750001	24000000	HAP1_chr07	HAP2_chr17	HAP1	HAP2	7	17	205170	197965	8049	395086	0.979627
chr07x17	23750001	24000000	HAP1_chr17	HAP2_chr07	HAP1	HAP2	17	7	204558	210484	13959	401083	0.965197
chr07x17	23750001	24000000	HAP2_chr07	HAP2_chr17	HAP2	HAP2	7	17	210484	197965	6242	402207	0.984481
chr07x17	24000001	24250000	HAP1_chr07	HAP1_chr17	HAP1	HAP1	7	17	223067	223421	1750	444738	0.996065
chr07x17	24000001	24250000	HAP1_chr07	HAP2_chr17	HAP1	HAP2	7	17	223067	209343	10836	421574	0.974296
chr07x17	24000001	24250000	HAP1_chr17	HAP2_chr07	HAP1	HAP2	17	7	223421	222783	5945	440259	0.986497
chr07x17	24000001	24250000	HAP2_chr07	HAP2_chr17	HAP2	HAP2	7	17	222783	209343	8379	423747	0.980226
chr07x17	24250001	24500000	HAP1_chr07	HAP1_chr17	HAP1	HAP1	7	17	205454	225917	3586	427785	0.991617
chr07x17	24250001	24500000	HAP1_chr07	HAP2_chr17	HAP1	HAP2	7	17	205454	209631	5996	409089	0.985343
chr07x17	24250001	24500000	HAP1_chr17	HAP2_chr07	HAP1	HAP2	17	7	225917	202989	11191	417715	0.973209
chr07x17	24250001	24500000	HAP2_chr07	HAP2_chr17	HAP2	HAP2	7	17	202989	209631	8528	404092	0.978896
chr07x17	24500001	24750000	HAP1_chr07	HAP1_chr17	HAP1	HAP1	7	17	219567	226881	10622	435826	0.975628
chr07x17	24500001	24750000	HAP1_chr07	HAP2_chr17	HAP1	HAP2	7	17	219567	231977	10295	441249	0.976669
chr07x17	24500001	24750000	HAP1_chr17	HAP2_chr07	HAP1	HAP2	17	7	226881	234305	7862	453324	0.982657
chr07x17	24500001	24750000	HAP2_chr07	HAP2_chr17	HAP2	HAP2	7	17	234305	231977	4669	461613	0.989885
chr07x17	24750001	25000000	HAP1_chr07	HAP1_chr17	HAP1	HAP1	7	17	231493	205890	5839	431544	0.986470
chr07x17	24750001	25000000	HAP1_chr07	HAP2_chr17	HAP1	HAP2	7	17	231493	219485	9768	441210	0.977861
chr07x17	24750001	25000000	HAP1_chr17	HAP2_chr07	HAP1	HAP2	17	7	205890	227072	5811	427151	0.986396
chr07x17	24750001	25000000	HAP2_chr07	HAP2_chr17	HAP2	HAP2	7	17	227072	219485	12912	433645	0.970224
chr07x17	25000001	25250000	HAP1_chr07	HAP1_chr17	HAP1	HAP1	7	17	224878	204024	5503	423399	0.987003
chr07x17	25000001	25250000	HAP1_chr07	HAP2_chr17	HAP1	HAP2	7	17	224878	204509	5139	424248	0.987887
chr07x17	25000001	25250000	HAP1_chr17	HAP2_chr07	HAP1	HAP2	17	7	204024	224844	11364	417504	0.972781
chr07x17	25000001	25250000	HAP2_chr07	HAP2_chr17	HAP2	HAP2	7	17	224844	204509	12619	416734	0.969719
chr07x17	25250001	25500000	HAP1_chr07	HAP1_chr17	HAP1	HAP1	7	17	220512	234585	9451	445646	0.978793
chr07x17	25250001	25500000	HAP1_chr07	HAP2_chr17	HAP1	HAP2	7	17	220512	211793	11658	420647	0.972286
chr07x17	25250001	25500000	HAP1_chr17	HAP2_chr07	HAP1	HAP2	17	7	234585	211693	8549	437729	0.980470
chr07x17	25250001	25500000	HAP2_chr07	HAP2_chr17	HAP2	HAP2	7	17	211693	211793	10828	412658	0.973760
chr07x17	25500001	25750000	HAP1_chr07	HAP1_chr17	HAP1	HAP1	7	17	219717	234432	5446	448703	0.987863
chr07x17	25500001	25750000	HAP1_chr07	HAP2_chr17	HAP1	HAP2	7	17	219717	237730	10518	446929	0.976466
chr07x17	25500001	25750000	HAP1_chr17	HAP2_chr07	HAP1	HAP2	17	7	234432	127703	4254	357881	0.988113
chr07x17	25500001	25750000	HAP2_chr07	HAP2_chr17	HAP2	HAP2	7	17	127703	237730	7305	358128	0.979602
chr07x17	25750001	26000000	HAP1_chr07	HAP1_chr17	HAP1	HAP1	7	17	95308	169857	3478	261687	0.986709
chr07x17	25750001	26000000	HAP1_chr07	HAP2_chr17	HAP1	HAP2	7	17	95308	233122	3835	324595	0.988185
chr07x17	25750001	26000000	HAP1_chr17	HAP2_chr07	HAP1	HAP2	17	7	169857	198646	8128	360375	0.977446
chr07x17	25750001	26000000	HAP2_chr07	HAP2_chr17	HAP2	HAP2	7	17	198646	233122	9316	422452	0.977948
chr07x17	26000001	26250000	HAP1_chr07	HAP1_chr17	HAP1	HAP1	7	17	208323	179259	19201	368381	0.947877
chr07x17	26000001	26250000	HAP1_chr07	HAP2_chr17	HAP1	HAP2	7	17	208323	163364	10426	361261	0.971140
chr07x17	26000001	26250000	HAP1_chr17	HAP2_chr07	HAP1	HAP2	17	7	179259	215642	9939	384962	0.974182
chr07x17	26000001	26250000	HAP2_chr07	HAP2_chr17	HAP2	HAP2	7	17	215642	163364	6296	372710	0.983108
chr07x17	26250001	26500000	HAP1_chr07	HAP1_chr17	HAP1	HAP1	7	17	213207	184024	9733	387498	0.974882
chr07x17	26250001	26500000	HAP1_chr07	HAP2_chr17	HAP1	HAP2	7	17	213207	184473	12594	385086	0.967296
chr07x17	26250001	26500000	HAP1_chr17	HAP2_chr07	HAP1	HAP2	17	7	184024	206002	7454	382572	0.980516
chr07x17	26250001	26500000	HAP2_chr07	HAP2_chr17	HAP2	HAP2	7	17	206002	184473	11502	378973	0.969650
chr07x17	26500001	26750000	HAP1_chr07	HAP1_chr17	HAP1	HAP1	7	17	211683	202901	3200	411384	0.992221
chr07x17	26500001	26750000	HAP1_chr07	HAP2_chr17	HAP1	HAP2	7	17	211683	191300	6958	396025	0.982430
chr07x17	26500001	26750000	HAP1_chr17	HAP2_chr07	HAP1	HAP2	17	7	202901	219362	4976	417287	0.988075
chr07x17	26500001	26750000	HAP2_chr07	HAP2_chr17	HAP2	HAP2	7	17	219362	191300	10440	400222	0.973914
chr07x17	26750001	27000000	HAP1_chr07	HAP1_chr17	HAP1	HAP1	7	17	223332	92490	4165	311657	0.986636
chr07x17	26750001	27000000	HAP1_chr07	HAP2_chr17	HAP1	HAP2	7	17	223332	204170	3758	423744	0.991131
chr07x17	26750001	27000000	HAP1_chr17	HAP2_chr07	HAP1	HAP2	17	7	92490	218836	5330	305996	0.982581
chr07x17	26750001	27000000	HAP2_chr07	HAP2_chr17	HAP2	HAP2	7	17	218836	204170	5349	417657	0.987193
chr07x17	27000001	27250000	HAP1_chr07	HAP1_chr17	HAP1	HAP1	7	17	214247	10113	28	224332	0.999875
chr07x17	27000001	27250000	HAP1_chr07	HAP2_chr17	HAP1	HAP2	7	17	214247	38771	5655	247363	0.977139
chr07x17	27000001	27250000	HAP1_chr17	HAP2_chr07	HAP1	HAP2	17	7	10113	218893	28	228978	0.999878
chr07x17	27000001	27250000	HAP2_chr07	HAP2_chr17	HAP2	HAP2	7	17	218893	38771	3177	254487	0.987516
chr07x17	27250001	27500000	HAP1_chr07	HAP1_chr17	HAP1	HAP1	7	17	221659	28662	152	250169	0.999392
chr07x17	27250001	27500000	HAP1_chr07	HAP2_chr17	HAP1	HAP2	7	17	221659	37730	726	258663	0.997193
chr07x17	27250001	27500000	HAP1_chr17	HAP2_chr07	HAP1	HAP2	17	7	28662	216354	186	244830	0.999240
chr07x17	27250001	27500000	HAP2_chr07	HAP2_chr17	HAP2	HAP2	7	17	216354	37730	3452	250632	0.986227
chr07x17	27500001	27750000	HAP1_chr07	HAP1_chr17	HAP1	HAP1	7	17	215315	68054	6748	276621	0.975606
chr07x17	27500001	27750000	HAP1_chr07	HAP2_chr17	HAP1	HAP2	7	17	215315	21735	323	236727	0.998636
chr07x17	27500001	27750000	HAP1_chr17	HAP2_chr07	HAP1	HAP2	17	7	68054	223970	3056	288968	0.989424
chr07x17	27500001	27750000	HAP2_chr07	HAP2_chr17	HAP2	HAP2	7	17	223970	21735	1312	244393	0.994632
chr07x17	27750001	28000000	HAP1_chr07	HAP1_chr17	HAP1	HAP1	7	17	218265	29054	3081	244238	0.987385
chr07x17	27750001	28000000	HAP1_chr07	HAP2_chr17	HAP1	HAP2	7	17	218265	29261	1657	245869	0.993261
chr07x17	27750001	28000000	HAP1_chr17	HAP2_chr07	HAP1	HAP2	17	7	29054	221117	2185	247986	0.991189
chr07x17	27750001	28000000	HAP2_chr07	HAP2_chr17	HAP2	HAP2	7	17	221117	29261	3242	247136	0.986882
chr07x17	28000001	28250000	HAP1_chr07	HAP1_chr17	HAP1	HAP1	7	17	223887	43085	1055	265917	0.996033
chr07x17	28000001	28250000	HAP1_chr07	HAP2_chr17	HAP1	HAP2	7	17	223887	29890	1757	252020	0.993028
chr07x17	28000001	28250000	HAP1_chr17	HAP2_chr07	HAP1	HAP2	17	7	43085	189898	1234	231749	0.994675
chr07x17	28000001	28250000	HAP2_chr07	HAP2_chr17	HAP2	HAP2	7	17	189898	29890	1481	218307	0.993216
chr07x17	28250001	28500000	HAP1_chr07	HAP1_chr17	HAP1	HAP1	7	17	187144	44878	3948	228074	0.982690
chr07x17	28250001	28500000	HAP1_chr07	HAP2_chr17	HAP1	HAP2	7	17	187144	15720	1121	201743	0.994443
chr07x17	28250001	28500000	HAP1_chr17	HAP2_chr07	HAP1	HAP2	17	7	44878	221924	4318	262484	0.983549
chr07x17	28250001	28500000	HAP2_chr07	HAP2_chr17	HAP2	HAP2	7	17	221924	15720	551	237093	0.997676
chr07x17	28500001	28750000	HAP1_chr07	HAP1_chr17	HAP1	HAP1	7	17	221033	25092	161	245964	0.999345
chr07x17	28500001	28750000	HAP1_chr07	HAP2_chr17	HAP1	HAP2	7	17	221033	66006	8951	278088	0.967812
chr07x17	28500001	28750000	HAP1_chr17	HAP2_chr07	HAP1	HAP2	17	7	25092	215066	2198	237960	0.990763
chr07x17	28500001	28750000	HAP2_chr07	HAP2_chr17	HAP2	HAP2	7	17	215066	66006	3477	277595	0.987475
chr07x17	28750001	29000000	HAP1_chr07	HAP1_chr17	HAP1	HAP1	7	17	225628	142462	5579	362511	0.984610
chr07x17	28750001	29000000	HAP1_chr07	HAP2_chr17	HAP1	HAP2	7	17	225628	35181	1149	259660	0.995575
chr07x17	28750001	29000000	HAP1_chr17	HAP2_chr07	HAP1	HAP2	17	7	142462	224423	2629	364256	0.992783
chr07x17	28750001	29000000	HAP2_chr07	HAP2_chr17	HAP2	HAP2	7	17	224423	35181	2520	257084	0.990198
chr07x17	29000001	29250000	HAP1_chr07	HAP1_chr17	HAP1	HAP1	7	17	211610	203953	8372	407191	0.979440
chr07x17	29000001	29250000	HAP1_chr07	HAP2_chr17	HAP1	HAP2	7	17	211610	43597	1837	253370	0.992750
chr07x17	29000001	29250000	HAP1_chr17	HAP2_chr07	HAP1	HAP2	17	7	203953	207921	14208	397666	0.964272
chr07x17	29000001	29250000	HAP2_chr07	HAP2_chr17	HAP2	HAP2	7	17	207921	43597	3705	247813	0.985049
chr07x17	29250001	29500000	HAP1_chr07	HAP1_chr17	HAP1	HAP1	7	17	212103	208672	11266	409509	0.972489
chr07x17	29250001	29500000	HAP1_chr07	HAP2_chr17	HAP1	HAP2	7	17	212103	39389	2683	248809	0.989217
chr07x17	29250001	29500000	HAP1_chr17	HAP2_chr07	HAP1	HAP2	17	7	208672	224160	6334	426498	0.985149
chr07x17	29250001	29500000	HAP2_chr07	HAP2_chr17	HAP2	HAP2	7	17	224160	39389	988	262561	0.996237
chr07x17	29500001	29750000	HAP1_chr07	HAP1_chr17	HAP1	HAP1	7	17	214578	197418	6143	405853	0.984864
chr07x17	29500001	29750000	HAP1_chr07	HAP2_chr17	HAP1	HAP2	7	17	214578	25255	2029	237804	0.991468
chr07x17	29500001	29750000	HAP1_chr17	HAP2_chr07	HAP1	HAP2	17	7	197418	226799	7254	416963	0.982603
chr07x17	29500001	29750000	HAP2_chr07	HAP2_chr17	HAP2	HAP2	7	17	226799	25255	225	251829	0.999107
chr07x17	29750001	30000000	HAP1_chr07	HAP1_chr17	HAP1	HAP1	7	17	219368	179668	8887	390149	0.977222
chr07x17	29750001	30000000	HAP1_chr07	HAP2_chr17	HAP1	HAP2	7	17	219368	136760	3232	352896	0.990841
chr07x17	29750001	30000000	HAP1_chr17	HAP2_chr07	HAP1	HAP2	17	7	179668	194428	14817	359279	0.958759
chr07x17	29750001	30000000	HAP2_chr07	HAP2_chr17	HAP2	HAP2	7	17	194428	136760	5323	325865	0.983665
chr07x17	30000001	30250000	HAP1_chr07	HAP1_chr17	HAP1	HAP1	7	17	199467	180033	13107	366393	0.964227
chr07x17	30000001	30250000	HAP1_chr07	HAP2_chr17	HAP1	HAP2	7	17	199467	206318	14520	391265	0.962890
chr07x17	30000001	30250000	HAP1_chr17	HAP2_chr07	HAP1	HAP2	17	7	180033	210805	14800	376038	0.960642
chr07x17	30000001	30250000	HAP2_chr07	HAP2_chr17	HAP2	HAP2	7	17	210805	206318	14203	402920	0.964750
chr07x17	30250001	30500000	HAP1_chr07	HAP1_chr17	HAP1	HAP1	7	17	214713	205220	13519	406414	0.966736
chr07x17	30250001	30500000	HAP1_chr07	HAP2_chr17	HAP1	HAP2	7	17	214713	211274	11275	414712	0.972812
chr07x17	30250001	30500000	HAP1_chr17	HAP2_chr07	HAP1	HAP2	17	7	205220	180354	10742	374832	0.971342
chr07x17	30250001	30500000	HAP2_chr07	HAP2_chr17	HAP2	HAP2	7	17	180354	211274	11127	380501	0.970757
chr07x17	30500001	30750000	HAP1_chr07	HAP1_chr17	HAP1	HAP1	7	17	168351	209510	15453	362408	0.957360
chr07x17	30500001	30750000	HAP1_chr07	HAP2_chr17	HAP1	HAP2	7	17	168351	196192	10011	354532	0.971763
chr07x17	30500001	30750000	HAP1_chr17	HAP2_chr07	HAP1	HAP2	17	7	209510	217089	13046	413553	0.968454
chr07x17	30500001	30750000	HAP2_chr07	HAP2_chr17	HAP2	HAP2	7	17	217089	196192	7865	405416	0.980600
chr07x17	30750001	31000000	HAP1_chr07	HAP1_chr17	HAP1	HAP1	7	17	218984	203957	9891	413050	0.976054
chr07x17	30750001	31000000	HAP1_chr07	HAP2_chr17	HAP1	HAP2	7	17	218984	177434	12555	383863	0.967293
chr07x17	30750001	31000000	HAP1_chr17	HAP2_chr07	HAP1	HAP2	17	7	203957	231802	12330	423429	0.970881
chr07x17	30750001	31000000	HAP2_chr07	HAP2_chr17	HAP2	HAP2	7	17	231802	177434	8749	400487	0.978154
chr07x17	31000001	31250000	HAP1_chr07	HAP1_chr17	HAP1	HAP1	7	17	220637	204579	7207	418009	0.982759
chr07x17	31000001	31250000	HAP1_chr07	HAP2_chr17	HAP1	HAP2	7	17	220637	175537	11251	384923	0.970771
chr07x17	31000001	31250000	HAP1_chr17	HAP2_chr07	HAP1	HAP2	17	7	204579	181338	3759	382158	0.990164
chr07x17	31000001	31250000	HAP2_chr07	HAP2_chr17	HAP2	HAP2	7	17	181338	175537	15026	341849	0.956045
chr07x17	31250001	31500000	HAP1_chr07	HAP1_chr17	HAP1	HAP1	7	17	203466	226377	7272	422571	0.982791
chr07x17	31250001	31500000	HAP1_chr07	HAP2_chr17	HAP1	HAP2	7	17	203466	205178	9710	398934	0.975660
chr07x17	31250001	31500000	HAP1_chr17	HAP2_chr07	HAP1	HAP2	17	7	226377	182582	6076	402883	0.984919
chr07x17	31250001	31500000	HAP2_chr07	HAP2_chr17	HAP2	HAP2	7	17	182582	205178	7518	380242	0.980228
chr07x17	31500001	31750000	HAP1_chr07	HAP1_chr17	HAP1	HAP1	7	17	185483	227394	5473	407404	0.986566
chr07x17	31500001	31750000	HAP1_chr07	HAP2_chr17	HAP1	HAP2	7	17	185483	205988	9521	381950	0.975073
chr07x17	31500001	31750000	HAP1_chr17	HAP2_chr07	HAP1	HAP2	17	7	227394	188893	6302	409985	0.984629
chr07x17	31500001	31750000	HAP2_chr07	HAP2_chr17	HAP2	HAP2	7	17	188893	205988	10000	384881	0.974018
chr07x17	31750001	32000000	HAP1_chr07	HAP1_chr17	HAP1	HAP1	7	17	189727	198459	7607	380579	0.980012
chr07x17	31750001	32000000	HAP1_chr07	HAP2_chr17	HAP1	HAP2	7	17	189727	202474	11292	380909	0.970355
chr07x17	31750001	32000000	HAP1_chr17	HAP2_chr07	HAP1	HAP2	17	7	198459	221025	7774	411710	0.981118
chr07x17	31750001	32000000	HAP2_chr07	HAP2_chr17	HAP2	HAP2	7	17	221025	202474	12410	411089	0.969812
chr07x17	32000001	32250000	HAP1_chr07	HAP1_chr17	HAP1	HAP1	7	17	222409	208434	9311	421532	0.977912
chr07x17	32000001	32250000	HAP1_chr07	HAP2_chr17	HAP1	HAP2	7	17	222409	207383	9605	420187	0.977141
chr07x17	32000001	32250000	HAP1_chr17	HAP2_chr07	HAP1	HAP2	17	7	208434	237626	4904	441156	0.988884
chr07x17	32000001	32250000	HAP2_chr07	HAP2_chr17	HAP2	HAP2	7	17	237626	207383	4268	440741	0.990316
chr07x17	32250001	32500000	HAP1_chr07	HAP1_chr17	HAP1	HAP1	7	17	229410	222953	6010	446353	0.986535
chr07x17	32250001	32500000	HAP1_chr07	HAP2_chr17	HAP1	HAP2	7	17	229410	225649	4893	450166	0.989131
chr07x17	32250001	32500000	HAP1_chr17	HAP2_chr07	HAP1	HAP2	17	7	222953	223392	10329	436016	0.976311
chr07x17	32250001	32500000	HAP2_chr07	HAP2_chr17	HAP2	HAP2	7	17	223392	225649	8507	440534	0.980689
chr07x17	32500001	32750000	HAP1_chr07	HAP1_chr17	HAP1	HAP1	7	17	223363	209439	12147	420655	0.971124
chr07x17	32500001	32750000	HAP1_chr07	HAP2_chr17	HAP1	HAP2	7	17	223363	223169	9542	436990	0.978164
chr07x17	32500001	32750000	HAP1_chr17	HAP2_chr07	HAP1	HAP2	17	7	209439	215853	13903	411389	0.966205
chr07x17	32500001	32750000	HAP2_chr07	HAP2_chr17	HAP2	HAP2	7	17	215853	223169	10222	428800	0.976161
chr07x17	32750001	33000000	HAP1_chr07	HAP1_chr17	HAP1	HAP1	7	17	213565	220296	9994	423867	0.976422
chr07x17	32750001	33000000	HAP1_chr07	HAP2_chr17	HAP1	HAP2	7	17	213565	202368	7177	408756	0.982442
chr07x17	32750001	33000000	HAP1_chr17	HAP2_chr07	HAP1	HAP2	17	7	220296	203375	12224	411447	0.970290
chr07x17	32750001	33000000	HAP2_chr07	HAP2_chr17	HAP2	HAP2	7	17	203375	202368	7324	398419	0.981617
chr07x17	33000001	33250000	HAP1_chr07	HAP1_chr17	HAP1	HAP1	7	17	209510	217916	5590	421836	0.986748
chr07x17	33000001	33250000	HAP1_chr07	HAP2_chr17	HAP1	HAP2	7	17	209510	205523	8543	406490	0.978983
chr07x17	33000001	33250000	HAP1_chr17	HAP2_chr07	HAP1	HAP2	17	7	217916	192987	4738	406165	0.988335
chr07x17	33000001	33250000	HAP2_chr07	HAP2_chr17	HAP2	HAP2	7	17	192987	205523	6337	392173	0.983841
chr07x17	33250001	33500000	HAP1_chr07	HAP1_chr17	HAP1	HAP1	7	17	188285	229485	6213	411557	0.984904
chr07x17	33250001	33500000	HAP1_chr07	HAP2_chr17	HAP1	HAP2	7	17	188285	222146	10450	399981	0.973874
chr07x17	33250001	33500000	HAP1_chr17	HAP2_chr07	HAP1	HAP2	17	7	229485	212330	6187	435628	0.985798
chr07x17	33250001	33500000	HAP2_chr07	HAP2_chr17	HAP2	HAP2	7	17	212330	222146	8789	425687	0.979353
chr07x17	33500001	33750000	HAP1_chr07	HAP1_chr17	HAP1	HAP1	7	17	217246	217884	9669	425461	0.977274
chr07x17	33500001	33750000	HAP1_chr07	HAP2_chr17	HAP1	HAP2	7	17	217246	210162	9208	418200	0.977982
chr07x17	33500001	33750000	HAP1_chr17	HAP2_chr07	HAP1	HAP2	17	7	217884	219548	6343	431089	0.985286
chr07x17	33500001	33750000	HAP2_chr07	HAP2_chr17	HAP2	HAP2	7	17	219548	210162	8156	421554	0.980653
chr07x17	33750001	34000000	HAP1_chr07	HAP1_chr17	HAP1	HAP1	7	17	210882	205077	5586	410373	0.986388
chr07x17	33750001	34000000	HAP1_chr07	HAP2_chr17	HAP1	HAP2	7	17	210882	217399	15004	413277	0.963695
chr07x17	33750001	34000000	HAP1_chr17	HAP2_chr07	HAP1	HAP2	17	7	205077	195409	8071	392415	0.979432
chr07x17	33750001	34000000	HAP2_chr07	HAP2_chr17	HAP2	HAP2	7	17	195409	217399	7703	405105	0.980985
chr07x17	34000001	34250000	HAP1_chr07	HAP1_chr17	HAP1	HAP1	7	17	196384	204349	5122	395611	0.987053
chr07x17	34000001	34250000	HAP1_chr07	HAP2_chr17	HAP1	HAP2	7	17	196384	215112	7065	404431	0.982531
chr07x17	34000001	34250000	HAP1_chr17	HAP2_chr07	HAP1	HAP2	17	7	204349	210669	8769	406249	0.978415
chr07x17	34000001	34250000	HAP2_chr07	HAP2_chr17	HAP2	HAP2	7	17	210669	215112	8564	417217	0.979474
chr07x17	34250001	34500000	HAP1_chr07	HAP1_chr17	HAP1	HAP1	7	17	209757	217134	12178	414713	0.970635
chr07x17	34250001	34500000	HAP1_chr07	HAP2_chr17	HAP1	HAP2	7	17	209757	229659	5009	434407	0.988469
chr07x17	34250001	34500000	HAP1_chr17	HAP2_chr07	HAP1	HAP2	17	7	217134	218837	11100	424871	0.973874
chr07x17	34250001	34500000	HAP2_chr07	HAP2_chr17	HAP2	HAP2	7	17	218837	229659	11196	437300	0.974397
chr07x17	34500001	34750000	HAP1_chr07	HAP1_chr17	HAP1	HAP1	7	17	220475	199271	9976	409770	0.975655
chr07x17	34500001	34750000	HAP1_chr07	HAP2_chr17	HAP1	HAP2	7	17	220475	219484	8960	430999	0.979211
chr07x17	34500001	34750000	HAP1_chr17	HAP2_chr07	HAP1	HAP2	17	7	199271	216222	7207	408286	0.982348
chr07x17	34500001	34750000	HAP2_chr07	HAP2_chr17	HAP2	HAP2	7	17	216222	219484	7955	427751	0.981403
chr07x17	34750001	35000000	HAP1_chr07	HAP1_chr17	HAP1	HAP1	7	17	200874	226190	5774	421290	0.986294
chr07x17	34750001	35000000	HAP1_chr07	HAP2_chr17	HAP1	HAP2	7	17	200874	207580	10029	398425	0.974828
chr07x17	34750001	35000000	HAP1_chr17	HAP2_chr07	HAP1	HAP2	17	7	226190	207492	4244	429438	0.990117
chr07x17	34750001	35000000	HAP2_chr07	HAP2_chr17	HAP2	HAP2	7	17	207492	207580	9435	405637	0.976740
chr07x17	35000001	35250000	HAP1_chr07	HAP1_chr17	HAP1	HAP1	7	17	213698	214908	6331	422275	0.985007
chr07x17	35000001	35250000	HAP1_chr07	HAP2_chr17	HAP1	HAP2	7	17	213698	210098	8495	415301	0.979545
chr07x17	35000001	35250000	HAP1_chr17	HAP2_chr07	HAP1	HAP2	17	7	214908	205799	5267	415440	0.987322
chr07x17	35000001	35250000	HAP2_chr07	HAP2_chr17	HAP2	HAP2	7	17	205799	210098	5484	410413	0.986638
chr07x17	35250001	35500000	HAP1_chr07	HAP1_chr17	HAP1	HAP1	7	17	203431	219556	5915	417072	0.985818
chr07x17	35250001	35500000	HAP1_chr07	HAP2_chr17	HAP1	HAP2	7	17	203431	215854	6478	412807	0.984307
chr07x17	35250001	35500000	HAP1_chr17	HAP2_chr07	HAP1	HAP2	17	7	219556	206062	8382	417236	0.979911
chr07x17	35250001	35500000	HAP2_chr07	HAP2_chr17	HAP2	HAP2	7	17	206062	215854	8297	413619	0.979940
chr07x17	35500001	35750000	HAP1_chr07	HAP1_chr17	HAP1	HAP1	7	17	224759	215476	13113	427122	0.969299
chr07x17	35500001	35750000	HAP1_chr07	HAP2_chr17	HAP1	HAP2	7	17	224759	191802	4563	411998	0.988925
chr07x17	35500001	35750000	HAP1_chr17	HAP2_chr07	HAP1	HAP2	17	7	215476	215691	9294	421873	0.977970
chr07x17	35500001	35750000	HAP2_chr07	HAP2_chr17	HAP2	HAP2	7	17	215691	191802	9563	397930	0.975968
chr07x17	35750001	36000000	HAP1_chr07	HAP1_chr17	HAP1	HAP1	7	17	198321	220926	2565	416682	0.993844
chr07x17	35750001	36000000	HAP1_chr07	HAP2_chr17	HAP1	HAP2	7	17	198321	234395	7098	425618	0.983323
chr07x17	35750001	36000000	HAP1_chr17	HAP2_chr07	HAP1	HAP2	17	7	220926	192289	12077	401138	0.969893
chr07x17	35750001	36000000	HAP2_chr07	HAP2_chr17	HAP2	HAP2	7	17	192289	234395	8816	417868	0.978902
chr07x17	36000001	36250000	HAP1_chr07	HAP1_chr17	HAP1	HAP1	7	17	195509	227129	9182	413456	0.977792
chr07x17	36000001	36250000	HAP1_chr07	HAP2_chr17	HAP1	HAP2	7	17	195509	215861	10381	400989	0.974112
chr07x17	36000001	36250000	HAP1_chr17	HAP2_chr07	HAP1	HAP2	17	7	227129	211353	7015	431467	0.983742
chr07x17	36000001	36250000	HAP2_chr07	HAP2_chr17	HAP2	HAP2	7	17	211353	215861	4777	422437	0.988692
chr07x17	36250001	36500000	HAP1_chr07	HAP1_chr17	HAP1	HAP1	7	17	206929	194824	7014	394739	0.982231
chr07x17	36250001	36500000	HAP1_chr07	HAP2_chr17	HAP1	HAP2	7	17	206929	215194	8517	413606	0.979408
chr07x17	36250001	36500000	HAP1_chr17	HAP2_chr07	HAP1	HAP2	17	7	194824	200274	3707	391391	0.990529
chr07x17	36250001	36500000	HAP2_chr07	HAP2_chr17	HAP2	HAP2	7	17	200274	215194	4683	410785	0.988600
chr07x17	36500001	36750000	HAP1_chr07	HAP1_chr17	HAP1	HAP1	7	17	207608	209339	6165	410782	0.984992
chr07x17	36500001	36750000	HAP1_chr07	HAP2_chr17	HAP1	HAP2	7	17	207608	219170	10683	416095	0.974326
chr07x17	36500001	36750000	HAP1_chr17	HAP2_chr07	HAP1	HAP2	17	7	209339	204779	8635	405483	0.978704
chr07x17	36500001	36750000	HAP2_chr07	HAP2_chr17	HAP2	HAP2	7	17	204779	219170	7748	416201	0.981384
chr07x17	36750001	37000000	HAP1_chr07	HAP1_chr17	HAP1	HAP1	7	17	219079	228215	6604	440690	0.985014
chr07x17	36750001	37000000	HAP1_chr07	HAP2_chr17	HAP1	HAP2	7	17	219079	219912	3147	435844	0.992780
chr07x17	36750001	37000000	HAP1_chr17	HAP2_chr07	HAP1	HAP2	17	7	228215	134734	6906	356043	0.980603
chr07x17	36750001	37000000	HAP2_chr07	HAP2_chr17	HAP2	HAP2	7	17	134734	219912	2225	352421	0.993687
chr07x17	37000001	37250000	HAP1_chr07	HAP1_chr17	HAP1	HAP1	7	17	156287	194247	6738	343796	0.980401
chr07x17	37000001	37250000	HAP1_chr07	HAP2_chr17	HAP1	HAP2	7	17	156287	226956	7322	375921	0.980523
chr07x17	37000001	37250000	HAP1_chr17	HAP2_chr07	HAP1	HAP2	17	7	194247	108667	5887	297027	0.980180
chr07x17	37000001	37250000	HAP2_chr07	HAP2_chr17	HAP2	HAP2	7	17	108667	226956	5656	329967	0.982859
chr07x17	37250001	37500000	HAP1_chr07	HAP1_chr17	HAP1	HAP1	7	17	97959	232844	2766	328037	0.991568
chr07x17	37250001	37500000	HAP1_chr07	HAP2_chr17	HAP1	HAP2	7	17	97959	197446	4143	291262	0.985776
chr07x17	37250001	37500000	HAP1_chr17	HAP2_chr07	HAP1	HAP2	17	7	232844	111942	1804	342982	0.994740
chr07x17	37250001	37500000	HAP2_chr07	HAP2_chr17	HAP2	HAP2	7	17	111942	197446	2415	306973	0.992133
chr07x17	37500001	37750000	HAP1_chr07	HAP1_chr17	HAP1	HAP1	7	17	119349	190679	4009	306019	0.986900
chr07x17	37500001	37750000	HAP1_chr07	HAP2_chr17	HAP1	HAP2	7	17	119349	208785	7942	320192	0.975196
chr07x17	37500001	37750000	HAP1_chr17	HAP2_chr07	HAP1	HAP2	17	7	190679	148651	1547	337783	0.995420
chr07x17	37500001	37750000	HAP2_chr07	HAP2_chr17	HAP2	HAP2	7	17	148651	208785	7037	350399	0.979917
chr07x17	37750001	38000000	HAP1_chr07	HAP1_chr17	HAP1	HAP1	7	17	155863	223512	5299	374076	0.985834
chr07x17	37750001	38000000	HAP1_chr07	HAP2_chr17	HAP1	HAP2	7	17	155863	228063	6350	377576	0.983182
chr07x17	37750001	38000000	HAP1_chr17	HAP2_chr07	HAP1	HAP2	17	7	223512	161699	3553	381658	0.990691
chr07x17	37750001	38000000	HAP2_chr07	HAP2_chr17	HAP2	HAP2	7	17	161699	228063	5943	383819	0.984516
chr07x17	38000001	38250000	HAP1_chr07	HAP1_chr17	HAP1	HAP1	7	17	153345	210591	3599	360337	0.990012
chr07x17	38000001	38250000	HAP1_chr07	HAP2_chr17	HAP1	HAP2	7	17	153345	197581	4913	346013	0.985801
chr07x17	38000001	38250000	HAP1_chr17	HAP2_chr07	HAP1	HAP2	17	7	210591	154098	2216	362473	0.993886
chr07x17	38000001	38250000	HAP2_chr07	HAP2_chr17	HAP2	HAP2	7	17	154098	197581	6260	345419	0.981877
chr07x17	38250001	38500000	HAP1_chr07	HAP1_chr17	HAP1	HAP1	7	17	151842	228060	4122	375780	0.989031
chr07x17	38250001	38500000	HAP1_chr07	HAP2_chr17	HAP1	HAP2	7	17	151842	232106	3405	380543	0.991052
chr07x17	38250001	38500000	HAP1_chr17	HAP2_chr07	HAP1	HAP2	17	7	228060	140112	3575	364597	0.990195
chr07x17	38250001	38500000	HAP2_chr07	HAP2_chr17	HAP2	HAP2	7	17	140112	232106	2997	369221	0.991883
chr07x17	38500001	38750000	HAP1_chr07	HAP1_chr17	HAP1	HAP1	7	17	138322	212848	4583	346587	0.986777
chr07x17	38500001	38750000	HAP1_chr07	HAP2_chr17	HAP1	HAP2	7	17	138322	197028	2285	333065	0.993139
chr07x17	38500001	38750000	HAP1_chr17	HAP2_chr07	HAP1	HAP2	17	7	212848	135923	2031	346740	0.994143
chr07x17	38500001	38750000	HAP2_chr07	HAP2_chr17	HAP2	HAP2	7	17	135923	197028	2164	330787	0.993458
chr07x17	38750001	39000000	HAP1_chr07	HAP1_chr17	HAP1	HAP1	7	17	157359	190783	3398	344744	0.990143
chr07x17	38750001	39000000	HAP1_chr07	HAP2_chr17	HAP1	HAP2	7	17	157359	222566	3736	376189	0.990069
chr07x17	38750001	39000000	HAP1_chr17	HAP2_chr07	HAP1	HAP2	17	7	190783	118090	894	307979	0.997097
chr07x17	38750001	39000000	HAP2_chr07	HAP2_chr17	HAP2	HAP2	7	17	118090	222566	3212	337444	0.990481
chr07x17	39000001	39250000	HAP1_chr07	HAP1_chr17	HAP1	HAP1	7	17	125290	223213	1727	346776	0.995020
chr07x17	39000001	39250000	HAP1_chr07	HAP2_chr17	HAP1	HAP2	7	17	125290	213429	3821	334898	0.988591
chr07x17	39000001	39250000	HAP1_chr17	HAP2_chr07	HAP1	HAP2	17	7	223213	38047	145	261115	0.999445
chr07x17	39000001	39250000	HAP2_chr07	HAP2_chr17	HAP2	HAP2	7	17	38047	213429	136	251340	0.999459
chr07x17	39250001	39500000	HAP1_chr07	HAP1_chr17	HAP1	HAP1	7	17	49595	214956	275	264276	0.998959
chr07x17	39250001	39500000	HAP1_chr07	HAP2_chr17	HAP1	HAP2	7	17	49595	228481	211	277865	0.999241
chr07x17	39250001	39500000	HAP1_chr17	HAP2_chr07	HAP1	HAP2	17	7	214956	37764	237	252483	0.999061
chr07x17	39250001	39500000	HAP2_chr07	HAP2_chr17	HAP2	HAP2	7	17	37764	228481	236	266009	0.999113
chr07x17	39500001	39750000	HAP1_chr07	HAP1_chr17	HAP1	HAP1	7	17	16839	209361	44	226156	0.999805
chr07x17	39500001	39750000	HAP1_chr07	HAP2_chr17	HAP1	HAP2	7	17	16839	211462	34	228267	0.999851
chr07x17	39500001	39750000	HAP1_chr17	HAP2_chr07	HAP1	HAP2	17	7	209361	113796	546	322611	0.998308
chr07x17	39500001	39750000	HAP2_chr07	HAP2_chr17	HAP2	HAP2	7	17	113796	211462	1800	323458	0.994435
chr07x17	39750001	40000000	HAP1_chr07	HAP1_chr17	HAP1	HAP1	7	17	31652	234892	563	265981	0.997883
chr07x17	39750001	40000000	HAP1_chr07	HAP2_chr17	HAP1	HAP2	7	17	31652	194043	133	225562	0.999410
chr07x17	39750001	40000000	HAP1_chr17	HAP2_chr07	HAP1	HAP2	17	7	234892	114600	707	348785	0.997973
chr07x17	39750001	40000000	HAP2_chr07	HAP2_chr17	HAP2	HAP2	7	17	114600	194043	424	308219	0.998624
chr07x17	40000001	40250000	HAP1_chr07	HAP1_chr17	HAP1	HAP1	7	17	35436	231566	112	266890	0.999580
chr07x17	40000001	40250000	HAP1_chr07	HAP2_chr17	HAP1	HAP2	7	17	35436	223310	93	258653	0.999640
chr07x17	40000001	40250000	HAP1_chr17	HAP2_chr07	HAP1	HAP2	17	7	231566	143220	1021	373765	0.997268
chr07x17	40000001	40250000	HAP2_chr07	HAP2_chr17	HAP2	HAP2	7	17	143220	223310	4308	362222	0.988107
chr07x17	40250001	40500000	HAP1_chr07	HAP1_chr17	HAP1	HAP1	7	17	57053	237067	824	293296	0.997191
chr07x17	40250001	40500000	HAP1_chr07	HAP2_chr17	HAP1	HAP2	7	17	57053	218492	2527	273018	0.990744
chr07x17	40250001	40500000	HAP1_chr17	HAP2_chr07	HAP1	HAP2	17	7	237067	115206	1776	350497	0.994933
chr07x17	40250001	40500000	HAP2_chr07	HAP2_chr17	HAP2	HAP2	7	17	115206	218492	7488	326210	0.977045
chr07x17	40500001	40750000	HAP1_chr07	HAP1_chr17	HAP1	HAP1	7	17	49053	228108	2401	274760	0.991261
chr07x17	40500001	40750000	HAP1_chr07	HAP2_chr17	HAP1	HAP2	7	17	49053	209637	1528	257162	0.994058
chr07x17	40500001	40750000	HAP1_chr17	HAP2_chr07	HAP1	HAP2	17	7	228108	200527	2753	425882	0.993536
chr07x17	40500001	40750000	HAP2_chr07	HAP2_chr17	HAP2	HAP2	7	17	200527	209637	3189	406975	0.992164
chr07x17	40750001	41000000	HAP1_chr07	HAP1_chr17	HAP1	HAP1	7	17	44885	227775	490	272170	0.998200
chr07x17	40750001	41000000	HAP1_chr07	HAP2_chr17	HAP1	HAP2	7	17	44885	233601	412	278074	0.998518
chr07x17	40750001	41000000	HAP1_chr17	HAP2_chr07	HAP1	HAP2	17	7	227775	170692	1608	396859	0.995948
chr07x17	40750001	41000000	HAP2_chr07	HAP2_chr17	HAP2	HAP2	7	17	170692	233601	1894	402399	0.995293
chr07x17	41000001	41250000	HAP1_chr07	HAP1_chr17	HAP1	HAP1	7	17	56781	223174	2590	277365	0.990662
chr07x17	41000001	41250000	HAP1_chr07	HAP2_chr17	HAP1	HAP2	7	17	56781	235202	893	291090	0.996932
chr07x17	41000001	41250000	HAP1_chr17	HAP2_chr07	HAP1	HAP2	17	7	223174	175240	4608	393806	0.988299
chr07x17	41000001	41250000	HAP2_chr07	HAP2_chr17	HAP2	HAP2	7	17	175240	235202	2762	407680	0.993225
chr07x17	41250001	41500000	HAP1_chr07	HAP1_chr17	HAP1	HAP1	7	17	46450	188685	3117	232018	0.986566
chr07x17	41250001	41500000	HAP1_chr07	HAP2_chr17	HAP1	HAP2	7	17	46450	236368	503	282315	0.998218
chr07x17	41250001	41500000	HAP1_chr17	HAP2_chr07	HAP1	HAP2	17	7	188685	186891	9627	365949	0.973693
chr07x17	41250001	41500000	HAP2_chr07	HAP2_chr17	HAP2	HAP2	7	17	186891	236368	2139	421120	0.994921
chr07x17	41500001	41750000	HAP1_chr07	HAP1_chr17	HAP1	HAP1	7	17	17659	225120	56	242723	0.999769
chr07x17	41500001	41750000	HAP1_chr07	HAP2_chr17	HAP1	HAP2	7	17	17659	227467	67	245059	0.999727
chr07x17	41500001	41750000	HAP1_chr17	HAP2_chr07	HAP1	HAP2	17	7	225120	214062	2982	436200	0.993164
chr07x17	41500001	41750000	HAP2_chr07	HAP2_chr17	HAP2	HAP2	7	17	214062	227467	3119	438410	0.992886
chr07x17	41750001	42000000	HAP1_chr07	HAP1_chr17	HAP1	HAP1	7	17	60328	230601	939	289990	0.996762
chr07x17	41750001	42000000	HAP1_chr07	HAP2_chr17	HAP1	HAP2	7	17	60328	223302	2097	281533	0.992551
chr07x17	41750001	42000000	HAP1_chr17	HAP2_chr07	HAP1	HAP2	17	7	230601	219690	1807	448484	0.995971
chr07x17	41750001	42000000	HAP2_chr07	HAP2_chr17	HAP2	HAP2	7	17	219690	223302	2826	440166	0.993580
chr07x17	42000001	42250000	HAP1_chr07	HAP1_chr17	HAP1	HAP1	7	17	118070	217821	4667	331224	0.985910
chr07x17	42000001	42250000	HAP1_chr07	HAP2_chr17	HAP1	HAP2	7	17	118070	222964	1961	339073	0.994217
chr07x17	42000001	42250000	HAP1_chr17	HAP2_chr07	HAP1	HAP2	17	7	217821	202204	2968	417057	0.992883
chr07x17	42000001	42250000	HAP2_chr07	HAP2_chr17	HAP2	HAP2	7	17	202204	222964	6125	419043	0.985383
chr07x17	42250001	42500000	HAP1_chr07	HAP1_chr17	HAP1	HAP1	7	17	92239	223806	3137	312908	0.989975
chr07x17	42250001	42500000	HAP1_chr07	HAP2_chr17	HAP1	HAP2	7	17	92239	182584	3736	271087	0.986218
chr07x17	42250001	42500000	HAP1_chr17	HAP2_chr07	HAP1	HAP2	17	7	223806	178247	6926	395127	0.982471
chr07x17	42250001	42500000	HAP2_chr07	HAP2_chr17	HAP2	HAP2	7	17	178247	182584	6179	354652	0.982577
chr07x17	42500001	42750000	HAP1_chr07	HAP1_chr17	HAP1	HAP1	7	17	76861	229545	356	306050	0.998837
chr07x17	42500001	42750000	HAP1_chr07	HAP2_chr17	HAP1	HAP2	7	17	76861	225021	644	301238	0.997862
chr07x17	42500001	42750000	HAP1_chr17	HAP2_chr07	HAP1	HAP2	17	7	229545	172013	3946	397612	0.990076
chr07x17	42500001	42750000	HAP2_chr07	HAP2_chr17	HAP2	HAP2	7	17	172013	225021	4728	392306	0.987948
chr07x17	42750001	43000000	HAP1_chr07	HAP1_chr17	HAP1	HAP1	7	17	105917	221215	6881	320251	0.978514
chr07x17	42750001	43000000	HAP1_chr07	HAP2_chr17	HAP1	HAP2	7	17	105917	230643	966	335594	0.997122
chr07x17	42750001	43000000	HAP1_chr17	HAP2_chr07	HAP1	HAP2	17	7	221215	162524	4570	379169	0.987947
chr07x17	42750001	43000000	HAP2_chr07	HAP2_chr17	HAP2	HAP2	7	17	162524	230643	1383	391784	0.996470
chr07x17	43000001	43250000	HAP1_chr07	HAP1_chr17	HAP1	HAP1	7	17	128124	229392	2567	354949	0.992768
chr07x17	43000001	43250000	HAP1_chr07	HAP2_chr17	HAP1	HAP2	7	17	128124	217780	2828	343076	0.991757
chr07x17	43000001	43250000	HAP1_chr17	HAP2_chr07	HAP1	HAP2	17	7	229392	206493	1835	434050	0.995772
chr07x17	43000001	43250000	HAP2_chr07	HAP2_chr17	HAP2	HAP2	7	17	206493	217780	8973	415300	0.978394
chr07x17	43250001	43500000	HAP1_chr07	HAP1_chr17	HAP1	HAP1	7	17	135399	214038	1990	347447	0.994273
chr07x17	43250001	43500000	HAP1_chr07	HAP2_chr17	HAP1	HAP2	7	17	135399	223859	5917	353341	0.983254
chr07x17	43250001	43500000	HAP1_chr17	HAP2_chr07	HAP1	HAP2	17	7	214038	123279	743	336574	0.997792
chr07x17	43250001	43500000	HAP2_chr07	HAP2_chr17	HAP2	HAP2	7	17	123279	223859	2734	344404	0.992062
chr07x17	43500001	43750000	HAP1_chr07	HAP1_chr17	HAP1	HAP1	7	17	141361	229745	7620	363486	0.979036
chr07x17	43500001	43750000	HAP1_chr07	HAP2_chr17	HAP1	HAP2	7	17	141361	228877	3247	366991	0.991152
chr07x17	43500001	43750000	HAP1_chr17	HAP2_chr07	HAP1	HAP2	17	7	229745	187374	5992	411127	0.985425
chr07x17	43500001	43750000	HAP2_chr07	HAP2_chr17	HAP2	HAP2	7	17	187374	228877	3049	413202	0.992621
chr07x17	43750001	44000000	HAP1_chr07	HAP1_chr17	HAP1	HAP1	7	17	195237	233948	1052	428133	0.997543
chr07x17	43750001	44000000	HAP1_chr07	HAP2_chr17	HAP1	HAP2	7	17	195237	221314	4626	411925	0.988770
chr07x17	43750001	44000000	HAP1_chr17	HAP2_chr07	HAP1	HAP2	17	7	233948	156459	742	389665	0.998096
chr07x17	43750001	44000000	HAP2_chr07	HAP2_chr17	HAP2	HAP2	7	17	156459	221314	4879	372894	0.986916
chr07x17	44000001	44250000	HAP1_chr07	HAP1_chr17	HAP1	HAP1	7	17	181336	238720	1642	418414	0.996076
chr07x17	44000001	44250000	HAP1_chr07	HAP2_chr17	HAP1	HAP2	7	17	181336	229275	3560	407051	0.991254
chr07x17	44000001	44250000	HAP1_chr17	HAP2_chr07	HAP1	HAP2	17	7	238720	189212	1932	426000	0.995465
chr07x17	44000001	44250000	HAP2_chr07	HAP2_chr17	HAP2	HAP2	7	17	189212	229275	2815	415672	0.993228
chr07x17	44250001	44500000	HAP1_chr07	HAP1_chr17	HAP1	HAP1	7	17	166732	205474	3678	368528	0.990020
chr07x17	44250001	44500000	HAP1_chr07	HAP2_chr17	HAP1	HAP2	7	17	166732	174815	1466	340081	0.995689
chr07x17	44250001	44500000	HAP1_chr17	HAP2_chr07	HAP1	HAP2	17	7	205474	163766	3248	365992	0.991125
chr07x17	44250001	44500000	HAP2_chr07	HAP2_chr17	HAP2	HAP2	7	17	163766	174815	679	337902	0.997991
chr07x17	44500001	44750000	HAP1_chr07	HAP1_chr17	HAP1	HAP1	7	17	195176	210174	3619	401731	0.990991
chr07x17	44500001	44750000	HAP1_chr07	HAP2_chr17	HAP1	HAP2	7	17	195176	232103	4323	422956	0.989779
chr07x17	44500001	44750000	HAP1_chr17	HAP2_chr07	HAP1	HAP2	17	7	210174	207629	4762	413041	0.988471
chr07x17	44500001	44750000	HAP2_chr07	HAP2_chr17	HAP2	HAP2	7	17	207629	232103	4668	435064	0.989271
chr07x17	44750001	45000000	HAP1_chr07	HAP1_chr17	HAP1	HAP1	7	17	212573	198462	2247	408788	0.994503
chr07x17	44750001	45000000	HAP1_chr07	HAP2_chr17	HAP1	HAP2	7	17	212573	240299	2610	450262	0.994203
chr07x17	44750001	45000000	HAP1_chr17	HAP2_chr07	HAP1	HAP2	17	7	198462	217283	1931	413814	0.995334
chr07x17	44750001	45000000	HAP2_chr07	HAP2_chr17	HAP2	HAP2	7	17	217283	240299	1512	456070	0.996685
chr07x17	45000001	45250000	HAP1_chr07	HAP1_chr17	HAP1	HAP1	7	17	225711	215825	4281	437255	0.990209
chr07x17	45000001	45250000	HAP1_chr07	HAP2_chr17	HAP1	HAP2	7	17	225711	233669	2508	456872	0.994510
chr07x17	45000001	45250000	HAP1_chr17	HAP2_chr07	HAP1	HAP2	17	7	215825	209787	4336	421276	0.989707
chr07x17	45000001	45250000	HAP2_chr07	HAP2_chr17	HAP2	HAP2	7	17	209787	233669	3283	440173	0.992542
chr07x17	45250001	45500000	HAP1_chr07	HAP1_chr17	HAP1	HAP1	7	17	194808	233521	2604	425725	0.993883
chr07x17	45250001	45500000	HAP1_chr07	HAP2_chr17	HAP1	HAP2	7	17	194808	210491	3183	402116	0.992084
chr07x17	45250001	45500000	HAP1_chr17	HAP2_chr07	HAP1	HAP2	17	7	233521	222863	4370	452014	0.990332
chr07x17	45250001	45500000	HAP2_chr07	HAP2_chr17	HAP2	HAP2	7	17	222863	210491	5806	427548	0.986420
chr07x17	45500001	45750000	HAP1_chr07	HAP1_chr17	HAP1	HAP1	7	17	177909	194023	1237	370695	0.996663
chr07x17	45500001	45750000	HAP1_chr07	HAP2_chr17	HAP1	HAP2	7	17	177909	201570	2533	376946	0.993280
chr07x17	45500001	45750000	HAP1_chr17	HAP2_chr07	HAP1	HAP2	17	7	194023	194225	6774	381474	0.982243
chr07x17	45500001	45750000	HAP2_chr07	HAP2_chr17	HAP2	HAP2	7	17	194225	201570	3044	392751	0.992250
chr07x17	45750001	46000000	HAP1_chr07	HAP1_chr17	HAP1	HAP1	7	17	157399	217755	1370	373784	0.996335
chr07x17	45750001	46000000	HAP1_chr07	HAP2_chr17	HAP1	HAP2	7	17	157399	179186	795	335790	0.997632
chr07x17	45750001	46000000	HAP1_chr17	HAP2_chr07	HAP1	HAP2	17	7	217755	226299	7917	436137	0.981847
chr07x17	45750001	46000000	HAP2_chr07	HAP2_chr17	HAP2	HAP2	7	17	226299	179186	1949	403536	0.995170
chr07x17	46000001	46250000	HAP1_chr07	HAP1_chr17	HAP1	HAP1	7	17	169303	235426	3747	400982	0.990655
chr07x17	46000001	46250000	HAP1_chr07	HAP2_chr17	HAP1	HAP2	7	17	169303	222293	2003	389593	0.994859
chr07x17	46000001	46250000	HAP1_chr17	HAP2_chr07	HAP1	HAP2	17	7	235426	187648	2890	420184	0.993122
chr07x17	46000001	46250000	HAP2_chr07	HAP2_chr17	HAP2	HAP2	7	17	187648	222293	6312	403629	0.984362
chr07x17	46250001	46500000	HAP1_chr07	HAP1_chr17	HAP1	HAP1	7	17	196793	203881	2412	398262	0.993944
chr07x17	46250001	46500000	HAP1_chr07	HAP2_chr17	HAP1	HAP2	7	17	196793	224863	5877	415779	0.985865
chr07x17	46250001	46500000	HAP1_chr17	HAP2_chr07	HAP1	HAP2	17	7	203881	201193	1970	403104	0.995113
chr07x17	46250001	46500000	HAP2_chr07	HAP2_chr17	HAP2	HAP2	7	17	201193	224863	5580	420476	0.986729
chr07x17	46500001	46750000	HAP1_chr07	HAP1_chr17	HAP1	HAP1	7	17	135920	230688	2496	364112	0.993145
chr07x17	46500001	46750000	HAP1_chr07	HAP2_chr17	HAP1	HAP2	7	17	135920	193439	973	328386	0.997037
chr07x17	46500001	46750000	HAP1_chr17	HAP2_chr07	HAP1	HAP2	17	7	230688	203128	8232	425584	0.980657
chr07x17	46500001	46750000	HAP2_chr07	HAP2_chr17	HAP2	HAP2	7	17	203128	193439	6962	389605	0.982131
chr07x17	46750001	47000000	HAP1_chr07	HAP1_chr17	HAP1	HAP1	7	17	188564	234293	3256	419601	0.992240
chr07x17	46750001	47000000	HAP1_chr07	HAP2_chr17	HAP1	HAP2	7	17	188564	220654	8493	400725	0.978806
chr07x17	46750001	47000000	HAP1_chr17	HAP2_chr07	HAP1	HAP2	17	7	234293	222668	3026	453935	0.993334
chr07x17	46750001	47000000	HAP2_chr07	HAP2_chr17	HAP2	HAP2	7	17	222668	220654	16597	426725	0.961106
chr07x17	47000001	47250000	HAP1_chr07	HAP1_chr17	HAP1	HAP1	7	17	158750	185669	804	343615	0.997660
chr07x17	47000001	47250000	HAP1_chr07	HAP2_chr17	HAP1	HAP2	7	17	158750	231578	1931	388397	0.995028
chr07x17	47000001	47250000	HAP1_chr17	HAP2_chr07	HAP1	HAP2	17	7	185669	213930	6990	392609	0.982196
chr07x17	47000001	47250000	HAP2_chr07	HAP2_chr17	HAP2	HAP2	7	17	213930	231578	5896	439612	0.986588
chr07x17	47250001	47500000	HAP1_chr07	HAP1_chr17	HAP1	HAP1	7	17	176706	233051	848	408909	0.997926
chr07x17	47250001	47500000	HAP1_chr07	HAP2_chr17	HAP1	HAP2	7	17	176706	225414	3053	399067	0.992350
chr07x17	47250001	47500000	HAP1_chr17	HAP2_chr07	HAP1	HAP2	17	7	233051	206824	3858	436017	0.991152
chr07x17	47250001	47500000	HAP2_chr07	HAP2_chr17	HAP2	HAP2	7	17	206824	225414	4429	427809	0.989647
chr07x17	47500001	47750000	HAP1_chr07	HAP1_chr17	HAP1	HAP1	7	17	177881	224290	4310	397861	0.989167
chr07x17	47500001	47750000	HAP1_chr07	HAP2_chr17	HAP1	HAP2	7	17	177881	200905	5928	372858	0.984101
chr07x17	47500001	47750000	HAP1_chr17	HAP2_chr07	HAP1	HAP2	17	7	224290	216225	4264	436251	0.990226
chr07x17	47500001	47750000	HAP2_chr07	HAP2_chr17	HAP2	HAP2	7	17	216225	200905	5820	411310	0.985850
chr07x17	47750001	48000000	HAP1_chr07	HAP1_chr17	HAP1	HAP1	7	17	214129	229116	2699	440546	0.993874
chr07x17	47750001	48000000	HAP1_chr07	HAP2_chr17	HAP1	HAP2	7	17	214129	237562	2936	448755	0.993457
chr07x17	47750001	48000000	HAP1_chr17	HAP2_chr07	HAP1	HAP2	17	7	229116	211644	1163	439597	0.997354
chr07x17	47750001	48000000	HAP2_chr07	HAP2_chr17	HAP2	HAP2	7	17	211644	237562	3396	445810	0.992382
chr07x17	48000001	48250000	HAP1_chr07	HAP1_chr17	HAP1	HAP1	7	17	209334	230481	2348	437467	0.994633
chr07x17	48000001	48250000	HAP1_chr07	HAP2_chr17	HAP1	HAP2	7	17	209334	182881	2497	389718	0.993593
chr07x17	48000001	48250000	HAP1_chr17	HAP2_chr07	HAP1	HAP2	17	7	230481	223779	2319	451941	0.994869
chr07x17	48000001	48250000	HAP2_chr07	HAP2_chr17	HAP2	HAP2	7	17	223779	182881	9176	397484	0.976915
chr07x17	48250001	48500000	HAP1_chr07	HAP1_chr17	HAP1	HAP1	7	17	217011	237691	2420	452282	0.994649
chr07x17	48250001	48500000	HAP1_chr07	HAP2_chr17	HAP1	HAP2	7	17	217011	233736	4186	446561	0.990626
chr07x17	48250001	48500000	HAP1_chr17	HAP2_chr07	HAP1	HAP2	17	7	237691	218589	2439	453841	0.994626
chr07x17	48250001	48500000	HAP2_chr07	HAP2_chr17	HAP2	HAP2	7	17	218589	233736	2752	449573	0.993879
chr07x17	48500001	48750000	HAP1_chr07	HAP1_chr17	HAP1	HAP1	7	17	217202	236772	4300	449674	0.990438
chr07x17	48500001	48750000	HAP1_chr07	HAP2_chr17	HAP1	HAP2	7	17	217202	234127	4013	447316	0.991029
chr07x17	48500001	48750000	HAP1_chr17	HAP2_chr07	HAP1	HAP2	17	7	236772	230855	1852	465775	0.996024
chr07x17	48500001	48750000	HAP2_chr07	HAP2_chr17	HAP2	HAP2	7	17	230855	234127	3435	461547	0.992558
chr07x17	48750001	49000000	HAP1_chr07	HAP1_chr17	HAP1	HAP1	7	17	182325	185867	721	367471	0.998038
chr07x17	48750001	49000000	HAP1_chr07	HAP2_chr17	HAP1	HAP2	7	17	182325	221924	841	403408	0.997915
chr07x17	48750001	49000000	HAP1_chr17	HAP2_chr07	HAP1	HAP2	17	7	185867	198354	1067	383154	0.997215
chr07x17	48750001	49000000	HAP2_chr07	HAP2_chr17	HAP2	HAP2	7	17	198354	221924	4092	416186	0.990168
chr07x17	49000001	49250000	HAP1_chr07	HAP1_chr17	HAP1	HAP1	7	17	227155	227556	1441	453270	0.996821
chr07x17	49000001	49250000	HAP1_chr07	HAP2_chr17	HAP1	HAP2	7	17	227155	232199	1488	457866	0.996750
chr07x17	49000001	49250000	HAP1_chr17	HAP2_chr07	HAP1	HAP2	17	7	227556	216949	8393	436112	0.980755
chr07x17	49000001	49250000	HAP2_chr07	HAP2_chr17	HAP2	HAP2	7	17	216949	232199	2765	446383	0.993806
chr07x17	49250001	49500000	HAP1_chr07	HAP1_chr17	HAP1	HAP1	7	17	177885	235037	3079	409843	0.992487
chr07x17	49250001	49500000	HAP1_chr07	HAP2_chr17	HAP1	HAP2	7	17	177885	233114	1691	409308	0.995869
chr07x17	49250001	49500000	HAP1_chr17	HAP2_chr07	HAP1	HAP2	17	7	235037	218304	3052	450289	0.993222
chr07x17	49250001	49500000	HAP2_chr07	HAP2_chr17	HAP2	HAP2	7	17	218304	233114	3536	447882	0.992105
chr07x17	49500001	49750000	HAP1_chr07	HAP1_chr17	HAP1	HAP1	7	17	202562	236649	1467	437744	0.996649
chr07x17	49500001	49750000	HAP1_chr07	HAP2_chr17	HAP1	HAP2	7	17	202562	239335	1141	440756	0.997411
chr07x17	49500001	49750000	HAP1_chr17	HAP2_chr07	HAP1	HAP2	17	7	236649	213282	5148	444783	0.988426
chr07x17	49500001	49750000	HAP2_chr07	HAP2_chr17	HAP2	HAP2	7	17	213282	239335	7554	445063	0.983027
chr07x17	49750001	50000000	HAP1_chr07	HAP1_chr17	HAP1	HAP1	7	17	205290	200317	767	404840	0.998105
chr07x17	49750001	50000000	HAP1_chr07	HAP2_chr17	HAP1	HAP2	7	17	205290	229010	3155	431145	0.992682
chr07x17	49750001	50000000	HAP1_chr17	HAP2_chr07	HAP1	HAP2	17	7	200317	212614	718	412213	0.998258
chr07x17	49750001	50000000	HAP2_chr07	HAP2_chr17	HAP2	HAP2	7	17	212614	229010	2819	438805	0.993576
chr07x17	50000001	50250000	HAP1_chr07	HAP1_chr17	HAP1	HAP1	7	17	222598	236183	2156	456625	0.995278
chr07x17	50000001	50250000	HAP1_chr07	HAP2_chr17	HAP1	HAP2	7	17	222598	184594	1602	405590	0.996050
chr07x17	50000001	50250000	HAP1_chr17	HAP2_chr07	HAP1	HAP2	17	7	236183	208011	1281	442913	0.997108
chr07x17	50000001	50250000	HAP2_chr07	HAP2_chr17	HAP2	HAP2	7	17	208011	184594	2483	390122	0.993635
chr07x17	50250001	50500000	HAP1_chr07	HAP1_chr17	HAP1	HAP1	7	17	214926	218380	2537	430769	0.994111
chr07x17	50250001	50500000	HAP1_chr07	HAP2_chr17	HAP1	HAP2	7	17	214926	227893	4168	438651	0.990498
chr07x17	50250001	50500000	HAP1_chr17	HAP2_chr07	HAP1	HAP2	17	7	218380	218721	3350	433751	0.992277
chr07x17	50250001	50500000	HAP2_chr07	HAP2_chr17	HAP2	HAP2	7	17	218721	227893	7279	439335	0.983432
chr07x17	50500001	50750000	HAP1_chr07	HAP1_chr17	HAP1	HAP1	7	17	195882	225864	2209	419537	0.994735
chr07x17	50500001	50750000	HAP1_chr07	HAP2_chr17	HAP1	HAP2	7	17	195882	238234	2802	431314	0.993504
chr07x17	50500001	50750000	HAP1_chr17	HAP2_chr07	HAP1	HAP2	17	7	225864	217857	2068	441653	0.995318
chr07x17	50500001	50750000	HAP2_chr07	HAP2_chr17	HAP2	HAP2	7	17	217857	238234	3383	452708	0.992527
chr07x17	50750001	51000000	HAP1_chr07	HAP1_chr17	HAP1	HAP1	7	17	225315	231468	1928	454855	0.995761
chr07x17	50750001	51000000	HAP1_chr07	HAP2_chr17	HAP1	HAP2	7	17	225315	202568	6240	421643	0.985201
chr07x17	50750001	51000000	HAP1_chr17	HAP2_chr07	HAP1	HAP2	17	7	231468	211350	2149	440669	0.995123
chr07x17	50750001	51000000	HAP2_chr07	HAP2_chr17	HAP2	HAP2	7	17	211350	202568	1513	412405	0.996331
chr07x17	51000001	51250000	HAP1_chr07	HAP1_chr17	HAP1	HAP1	7	17	216156	241320	1241	456235	0.997280
chr07x17	51000001	51250000	HAP1_chr07	HAP2_chr17	HAP1	HAP2	7	17	216156	237658	1680	452134	0.996284
chr07x17	51000001	51250000	HAP1_chr17	HAP2_chr07	HAP1	HAP2	17	7	241320	202020	1293	442047	0.997075
chr07x17	51000001	51250000	HAP2_chr07	HAP2_chr17	HAP2	HAP2	7	17	202020	237658	2285	437393	0.994776
chr07x17	51250001	51500000	HAP1_chr07	HAP1_chr17	HAP1	HAP1	7	17	225088	242906	1508	466486	0.996767
chr07x17	51250001	51500000	HAP1_chr07	HAP2_chr17	HAP1	HAP2	7	17	225088	232565	1429	456224	0.996868
chr07x17	51250001	51500000	HAP1_chr17	HAP2_chr07	HAP1	HAP2	17	7	242906	218774	1142	460538	0.997520
chr07x17	51250001	51500000	HAP2_chr07	HAP2_chr17	HAP2	HAP2	7	17	218774	232565	1276	450063	0.997165
chr07x17	51500001	51750000	HAP1_chr07	HAP1_chr17	HAP1	HAP1	7	17	218076	235290	2137	451229	0.995264
chr07x17	51500001	51750000	HAP1_chr07	HAP2_chr17	HAP1	HAP2	7	17	218076	210247	6840	421483	0.983772
chr07x17	51500001	51750000	HAP1_chr17	HAP2_chr07	HAP1	HAP2	17	7	235290	220751	1425	454616	0.996865
chr07x17	51500001	51750000	HAP2_chr07	HAP2_chr17	HAP2	HAP2	7	17	220751	210247	3383	427615	0.992089
chr07x17	51750001	52000000	HAP1_chr07	HAP1_chr17	HAP1	HAP1	7	17	233298	239234	1118	471414	0.997628
chr07x17	51750001	52000000	HAP1_chr07	HAP2_chr17	HAP1	HAP2	7	17	233298	230942	1610	462630	0.996520
chr07x17	51750001	52000000	HAP1_chr17	HAP2_chr07	HAP1	HAP2	17	7	239234	197053	1305	434982	0.997000
chr07x17	51750001	52000000	HAP2_chr07	HAP2_chr17	HAP2	HAP2	7	17	197053	230942	1530	426465	0.996412
chr07x17	52000001	52250000	HAP1_chr07	HAP1_chr17	HAP1	HAP1	7	17	198439	236486	1821	433104	0.995795
chr07x17	52000001	52250000	HAP1_chr07	HAP2_chr17	HAP1	HAP2	7	17	198439	238813	1187	436065	0.997278
chr07x17	52000001	52250000	HAP1_chr17	HAP2_chr07	HAP1	HAP2	17	7	236486	227042	1933	461595	0.995812
chr07x17	52000001	52250000	HAP2_chr07	HAP2_chr17	HAP2	HAP2	7	17	227042	238813	2262	463593	0.995121
chr07x17	52250001	52500000	HAP1_chr07	HAP1_chr17	HAP1	HAP1	7	17	213429	238541	1475	450495	0.996726
chr07x17	52250001	52500000	HAP1_chr07	HAP2_chr17	HAP1	HAP2	7	17	213429	242960	1536	454853	0.996623
chr07x17	52250001	52500000	HAP1_chr17	HAP2_chr07	HAP1	HAP2	17	7	238541	230720	1807	467454	0.996134
chr07x17	52250001	52500000	HAP2_chr07	HAP2_chr17	HAP2	HAP2	7	17	230720	242960	1882	471798	0.996011
chr07x17	52500001	52750000	HAP1_chr07	HAP1_chr17	HAP1	HAP1	7	17	220813	211715	1872	430656	0.995653
chr07x17	52500001	52750000	HAP1_chr07	HAP2_chr17	HAP1	HAP2	7	17	220813	244378	1164	464027	0.997492
chr07x17	52500001	52750000	HAP1_chr17	HAP2_chr07	HAP1	HAP2	17	7	211715	215785	3067	424433	0.992774
chr07x17	52500001	52750000	HAP2_chr07	HAP2_chr17	HAP2	HAP2	7	17	215785	244378	1071	459092	0.997667
chr07x17	52750001	52784884	HAP1_chr07	HAP1_chr17	HAP1	HAP1	7	17	30355	7579	9	37925	0.999763
chr07x17	52750001	52784884	HAP1_chr07	HAP2_chr17	HAP1	HAP2	7	17	30355	31697	35	62017	0.999436
chr07x17	52750001	52784884	HAP1_chr17	HAP2_chr07	HAP1	HAP2	17	7	7579	31203	36	38746	0.999071
chr07x17	52750001	52784884	HAP2_chr07	HAP2_chr17	HAP2	HAP2	7	17	31203	31697	20	62880	0.999682
chr08x15	1	250000	HAP1_chr08	HAP1_chr15	HAP1	HAP1	8	15	101895	112975	14730	200140	0.926402
chr08x15	1	250000	HAP1_chr08	HAP2_chr15	HAP1	HAP2	8	15	101895	112975	14730	200140	0.926402
chr08x15	1	250000	HAP1_chr15	HAP2_chr08	HAP1	HAP2	15	8	112975	101895	14730	200140	0.926402
chr08x15	1	250000	HAP2_chr08	HAP2_chr15	HAP2	HAP2	8	15	101895	112975	14730	200140	0.926402
chr08x15	250001	500000	HAP1_chr08	HAP1_chr15	HAP1	HAP1	8	15	123585	225556	12599	336542	0.962563
chr08x15	250001	500000	HAP1_chr08	HAP2_chr15	HAP1	HAP2	8	15	123585	225557	12599	336543	0.962563
chr08x15	250001	500000	HAP1_chr15	HAP2_chr08	HAP1	HAP2	15	8	225556	123585	12599	336542	0.962563
chr08x15	250001	500000	HAP2_chr08	HAP2_chr15	HAP2	HAP2	8	15	123585	225557	12599	336543	0.962563
chr08x15	500001	750000	HAP1_chr08	HAP1_chr15	HAP1	HAP1	8	15	234320	233474	22857	444937	0.948629
chr08x15	500001	750000	HAP1_chr08	HAP2_chr15	HAP1	HAP2	8	15	234320	233474	22856	444938	0.948631
chr08x15	500001	750000	HAP1_chr15	HAP2_chr08	HAP1	HAP2	15	8	233474	234320	22857	444937	0.948629
chr08x15	500001	750000	HAP2_chr08	HAP2_chr15	HAP2	HAP2	8	15	234320	233474	22856	444938	0.948631
chr08x15	750001	1000000	HAP1_chr08	HAP1_chr15	HAP1	HAP1	8	15	239806	241582	11376	470012	0.975796
chr08x15	750001	1000000	HAP1_chr08	HAP2_chr15	HAP1	HAP2	8	15	239806	241582	11376	470012	0.975796
chr08x15	750001	1000000	HAP1_chr15	HAP2_chr08	HAP1	HAP2	15	8	241582	239806	11376	470012	0.975796
chr08x15	750001	1000000	HAP2_chr08	HAP2_chr15	HAP2	HAP2	8	15	239806	241582	11376	470012	0.975796
chr08x15	1000001	1250000	HAP1_chr08	HAP1_chr15	HAP1	HAP1	8	15	240275	240088	14180	466183	0.969583
chr08x15	1000001	1250000	HAP1_chr08	HAP2_chr15	HAP1	HAP2	8	15	240275	240088	14180	466183	0.969583
chr08x15	1000001	1250000	HAP1_chr15	HAP2_chr08	HAP1	HAP2	15	8	240088	240275	14180	466183	0.969583
chr08x15	1000001	1250000	HAP2_chr08	HAP2_chr15	HAP2	HAP2	8	15	240275	240088	14180	466183	0.969583
chr08x15	1250001	1500000	HAP1_chr08	HAP1_chr15	HAP1	HAP1	8	15	237614	238500	21614	454500	0.952444
chr08x15	1250001	1500000	HAP1_chr08	HAP2_chr15	HAP1	HAP2	8	15	237614	238500	21614	454500	0.952444
chr08x15	1250001	1500000	HAP1_chr15	HAP2_chr08	HAP1	HAP2	15	8	238500	237614	21614	454500	0.952444
chr08x15	1250001	1500000	HAP2_chr08	HAP2_chr15	HAP2	HAP2	8	15	237614	238500	21614	454500	0.952444
chr08x15	1500001	1750000	HAP1_chr08	HAP1_chr15	HAP1	HAP1	8	15	241126	240236	24169	457193	0.947136
chr08x15	1500001	1750000	HAP1_chr08	HAP2_chr15	HAP1	HAP2	8	15	241126	240236	24168	457194	0.947138
chr08x15	1500001	1750000	HAP1_chr15	HAP2_chr08	HAP1	HAP2	15	8	240236	241126	24169	457193	0.947136
chr08x15	1500001	1750000	HAP2_chr08	HAP2_chr15	HAP2	HAP2	8	15	241126	240236	24168	457194	0.947138
chr08x15	1750001	2000000	HAP1_chr08	HAP1_chr15	HAP1	HAP1	8	15	238801	224843	18682	444962	0.958014
chr08x15	1750001	2000000	HAP1_chr08	HAP2_chr15	HAP1	HAP2	8	15	238801	224842	18682	444961	0.958014
chr08x15	1750001	2000000	HAP1_chr15	HAP2_chr08	HAP1	HAP2	15	8	224843	238801	18682	444962	0.958014
chr08x15	1750001	2000000	HAP2_chr08	HAP2_chr15	HAP2	HAP2	8	15	238801	224842	18682	444961	0.958014
chr08x15	2000001	2250000	HAP1_chr08	HAP1_chr15	HAP1	HAP1	8	15	213917	193338	6402	400853	0.984029
chr08x15	2000001	2250000	HAP1_chr08	HAP2_chr15	HAP1	HAP2	8	15	213917	193338	6401	400854	0.984032
chr08x15	2000001	2250000	HAP1_chr15	HAP2_chr08	HAP1	HAP2	15	8	193338	213917	6402	400853	0.984029
chr08x15	2000001	2250000	HAP2_chr08	HAP2_chr15	HAP2	HAP2	8	15	213917	193338	6401	400854	0.984032
chr08x15	2250001	2500000	HAP1_chr08	HAP1_chr15	HAP1	HAP1	8	15	225628	225579	2218	448989	0.995060
chr08x15	2250001	2500000	HAP1_chr08	HAP2_chr15	HAP1	HAP2	8	15	225628	225579	2218	448989	0.995060
chr08x15	2250001	2500000	HAP1_chr15	HAP2_chr08	HAP1	HAP2	15	8	225579	225616	2218	448977	0.995060
chr08x15	2250001	2500000	HAP2_chr08	HAP2_chr15	HAP2	HAP2	8	15	225616	225579	2218	448977	0.995060
chr08x15	2500001	2750000	HAP1_chr08	HAP1_chr15	HAP1	HAP1	8	15	236665	226459	59605	403519	0.852287
chr08x15	2500001	2750000	HAP1_chr08	HAP2_chr15	HAP1	HAP2	8	15	236665	226459	59604	403520	0.852290
chr08x15	2500001	2750000	HAP1_chr15	HAP2_chr08	HAP1	HAP2	15	8	226459	236665	59605	403519	0.852287
chr08x15	2500001	2750000	HAP2_chr08	HAP2_chr15	HAP2	HAP2	8	15	236665	226459	59604	403520	0.852290
chr08x15	2750001	3000000	HAP1_chr08	HAP1_chr15	HAP1	HAP1	8	15	237246	164403	19265	382384	0.949619
chr08x15	2750001	3000000	HAP1_chr08	HAP2_chr15	HAP1	HAP2	8	15	237246	192999	19552	410693	0.952393
chr08x15	2750001	3000000	HAP1_chr15	HAP2_chr08	HAP1	HAP2	15	8	164403	237246	19253	382396	0.949652
chr08x15	2750001	3000000	HAP2_chr08	HAP2_chr15	HAP2	HAP2	8	15	237246	192999	19540	410705	0.952423
chr08x15	3000001	3250000	HAP1_chr08	HAP1_chr15	HAP1	HAP1	8	15	240373	233081	58853	414601	0.858049
chr08x15	3000001	3250000	HAP1_chr08	HAP2_chr15	HAP1	HAP2	8	15	240373	231835	48799	423409	0.884747
chr08x15	3000001	3250000	HAP1_chr15	HAP2_chr08	HAP1	HAP2	15	8	233081	240373	58841	414613	0.858082
chr08x15	3000001	3250000	HAP2_chr08	HAP2_chr15	HAP2	HAP2	8	15	240373	231835	48787	423421	0.884779
chr08x15	3250001	3500000	HAP1_chr08	HAP1_chr15	HAP1	HAP1	8	15	239695	239417	52071	427041	0.878066
chr08x15	3250001	3500000	HAP1_chr08	HAP2_chr15	HAP1	HAP2	8	15	239695	236564	46716	429543	0.891243
chr08x15	3250001	3500000	HAP1_chr15	HAP2_chr08	HAP1	HAP2	15	8	239417	239694	52062	427049	0.878089
chr08x15	3250001	3500000	HAP2_chr08	HAP2_chr15	HAP2	HAP2	8	15	239694	236564	46707	429551	0.891266
chr08x15	3500001	3750000	HAP1_chr08	HAP1_chr15	HAP1	HAP1	8	15	240181	235954	71792	404343	0.822448
chr08x15	3500001	3750000	HAP1_chr08	HAP2_chr15	HAP1	HAP2	8	15	240181	240692	57115	423758	0.865218
chr08x15	3500001	3750000	HAP1_chr15	HAP2_chr08	HAP1	HAP2	15	8	235954	240181	71786	404349	0.822465
chr08x15	3500001	3750000	HAP2_chr08	HAP2_chr15	HAP2	HAP2	8	15	240181	240692	57109	423764	0.865234
chr08x15	3750001	4000000	HAP1_chr08	HAP1_chr15	HAP1	HAP1	8	15	216278	240809	42102	414985	0.898546
chr08x15	3750001	4000000	HAP1_chr08	HAP2_chr15	HAP1	HAP2	8	15	216278	241117	34323	423072	0.918872
chr08x15	3750001	4000000	HAP1_chr15	HAP2_chr08	HAP1	HAP2	15	8	240809	216278	42102	414985	0.898546
chr08x15	3750001	4000000	HAP2_chr08	HAP2_chr15	HAP2	HAP2	8	15	216278	241117	34323	423072	0.918872
chr08x15	4000001	4250000	HAP1_chr08	HAP1_chr15	HAP1	HAP1	8	15	242354	195491	35416	402429	0.911994
chr08x15	4000001	4250000	HAP1_chr08	HAP2_chr15	HAP1	HAP2	8	15	242354	202376	29522	415208	0.928898
chr08x15	4000001	4250000	HAP1_chr15	HAP2_chr08	HAP1	HAP2	15	8	195491	242354	35416	402429	0.911994
chr08x15	4000001	4250000	HAP2_chr08	HAP2_chr15	HAP2	HAP2	8	15	242354	202376	29522	415208	0.928898
chr08x15	4250001	4500000	HAP1_chr08	HAP1_chr15	HAP1	HAP1	8	15	230078	230885	33906	427057	0.920605
chr08x15	4250001	4500000	HAP1_chr08	HAP2_chr15	HAP1	HAP2	8	15	230078	231563	47332	414309	0.885757
chr08x15	4250001	4500000	HAP1_chr15	HAP2_chr08	HAP1	HAP2	15	8	230885	230078	33918	427045	0.920575
chr08x15	4250001	4500000	HAP2_chr08	HAP2_chr15	HAP2	HAP2	8	15	230078	231563	47344	414297	0.885724
chr08x15	4500001	4750000	HAP1_chr08	HAP1_chr15	HAP1	HAP1	8	15	238777	232025	32919	437883	0.924822
chr08x15	4500001	4750000	HAP1_chr08	HAP2_chr15	HAP1	HAP2	8	15	238777	221311	42012	418076	0.899511
chr08x15	4500001	4750000	HAP1_chr15	HAP2_chr08	HAP1	HAP2	15	8	232025	238777	32921	437881	0.924817
chr08x15	4500001	4750000	HAP2_chr08	HAP2_chr15	HAP2	HAP2	8	15	238777	221311	42014	418074	0.899506
chr08x15	4750001	5000000	HAP1_chr08	HAP1_chr15	HAP1	HAP1	8	15	230860	223690	15867	438683	0.963830
chr08x15	4750001	5000000	HAP1_chr08	HAP2_chr15	HAP1	HAP2	8	15	230860	230372	22410	438822	0.948931
chr08x15	4750001	5000000	HAP1_chr15	HAP2_chr08	HAP1	HAP2	15	8	223690	230860	15871	438679	0.963821
chr08x15	4750001	5000000	HAP2_chr08	HAP2_chr15	HAP2	HAP2	8	15	230860	230372	22414	438818	0.948922
chr08x15	5000001	5250000	HAP1_chr08	HAP1_chr15	HAP1	HAP1	8	15	210939	220719	6927	424731	0.983691
chr08x15	5000001	5250000	HAP1_chr08	HAP2_chr15	HAP1	HAP2	8	15	210939	221362	6850	425451	0.983899
chr08x15	5000001	5250000	HAP1_chr15	HAP2_chr08	HAP1	HAP2	15	8	220719	210939	6927	424731	0.983691
chr08x15	5000001	5250000	HAP2_chr08	HAP2_chr15	HAP2	HAP2	8	15	210939	221362	6850	425451	0.983899
chr08x15	5250001	5500000	HAP1_chr08	HAP1_chr15	HAP1	HAP1	8	15	224782	231749	16363	440168	0.962826
chr08x15	5250001	5500000	HAP1_chr08	HAP2_chr15	HAP1	HAP2	8	15	224782	229954	5837	448899	0.986997
chr08x15	5250001	5500000	HAP1_chr15	HAP2_chr08	HAP1	HAP2	15	8	231749	224782	16351	440180	0.962854
chr08x15	5250001	5500000	HAP2_chr08	HAP2_chr15	HAP2	HAP2	8	15	224782	229954	5837	448899	0.986997
chr08x15	5500001	5750000	HAP1_chr08	HAP1_chr15	HAP1	HAP1	8	15	209868	232038	25384	416522	0.939057
chr08x15	5500001	5750000	HAP1_chr08	HAP2_chr15	HAP1	HAP2	8	15	209868	232953	14001	428820	0.967350
chr08x15	5500001	5750000	HAP1_chr15	HAP2_chr08	HAP1	HAP2	15	8	232038	209868	25382	416524	0.939062
chr08x15	5500001	5750000	HAP2_chr08	HAP2_chr15	HAP2	HAP2	8	15	209868	232953	13999	428822	0.967355
chr08x15	5750001	6000000	HAP1_chr08	HAP1_chr15	HAP1	HAP1	8	15	231193	236787	4322	463658	0.990678
chr08x15	5750001	6000000	HAP1_chr08	HAP2_chr15	HAP1	HAP2	8	15	231193	236285	2968	464510	0.993610
chr08x15	5750001	6000000	HAP1_chr15	HAP2_chr08	HAP1	HAP2	15	8	236787	231193	4322	463658	0.990678
chr08x15	5750001	6000000	HAP2_chr08	HAP2_chr15	HAP2	HAP2	8	15	231193	236285	2968	464510	0.993610
chr08x15	6000001	6250000	HAP1_chr08	HAP1_chr15	HAP1	HAP1	8	15	228734	226513	5623	449624	0.987494
chr08x15	6000001	6250000	HAP1_chr08	HAP2_chr15	HAP1	HAP2	8	15	228734	211326	7258	432802	0.983230
chr08x15	6000001	6250000	HAP1_chr15	HAP2_chr08	HAP1	HAP2	15	8	226513	226239	5580	447172	0.987522
chr08x15	6000001	6250000	HAP2_chr08	HAP2_chr15	HAP2	HAP2	8	15	226239	211326	7219	430346	0.983225
chr08x15	6250001	6500000	HAP1_chr08	HAP1_chr15	HAP1	HAP1	8	15	223218	192325	4373	411170	0.989364
chr08x15	6250001	6500000	HAP1_chr08	HAP2_chr15	HAP1	HAP2	8	15	223218	212086	4714	430590	0.989052
chr08x15	6250001	6500000	HAP1_chr15	HAP2_chr08	HAP1	HAP2	15	8	192325	223044	4459	410910	0.989148
chr08x15	6250001	6500000	HAP2_chr08	HAP2_chr15	HAP2	HAP2	8	15	223044	212086	4806	430324	0.988832
chr08x15	6500001	6750000	HAP1_chr08	HAP1_chr15	HAP1	HAP1	8	15	222493	234401	7553	449341	0.983191
chr08x15	6500001	6750000	HAP1_chr08	HAP2_chr15	HAP1	HAP2	8	15	222493	229882	9124	443251	0.979416
chr08x15	6500001	6750000	HAP1_chr15	HAP2_chr08	HAP1	HAP2	15	8	234401	222475	7451	449425	0.983421
chr08x15	6500001	6750000	HAP2_chr08	HAP2_chr15	HAP2	HAP2	8	15	222475	229882	9027	443330	0.979638
chr08x15	6750001	7000000	HAP1_chr08	HAP1_chr15	HAP1	HAP1	8	15	227224	216276	1525	441975	0.996550
chr08x15	6750001	7000000	HAP1_chr08	HAP2_chr15	HAP1	HAP2	8	15	227224	221425	1426	447223	0.996811
chr08x15	6750001	7000000	HAP1_chr15	HAP2_chr08	HAP1	HAP2	15	8	216276	227199	1399	442076	0.996835
chr08x15	6750001	7000000	HAP2_chr08	HAP2_chr15	HAP2	HAP2	8	15	227199	221425	1295	447329	0.997105
chr08x15	7000001	7250000	HAP1_chr08	HAP1_chr15	HAP1	HAP1	8	15	215313	235782	15719	435376	0.963896
chr08x15	7000001	7250000	HAP1_chr08	HAP2_chr15	HAP1	HAP2	8	15	215313	234981	15715	434579	0.963839
chr08x15	7000001	7250000	HAP1_chr15	HAP2_chr08	HAP1	HAP2	15	8	235782	213170	15747	433205	0.963650
chr08x15	7000001	7250000	HAP2_chr08	HAP2_chr15	HAP2	HAP2	8	15	213170	234981	15740	432411	0.963599
chr08x15	7250001	7500000	HAP1_chr08	HAP1_chr15	HAP1	HAP1	8	15	232765	221476	10124	444117	0.977204
chr08x15	7250001	7500000	HAP1_chr08	HAP2_chr15	HAP1	HAP2	8	15	232765	218288	10323	440730	0.976577
chr08x15	7250001	7500000	HAP1_chr15	HAP2_chr08	HAP1	HAP2	15	8	221476	232770	10125	444121	0.977202
chr08x15	7250001	7500000	HAP2_chr08	HAP2_chr15	HAP2	HAP2	8	15	232770	218288	10321	440737	0.976582
chr08x15	7500001	7750000	HAP1_chr08	HAP1_chr15	HAP1	HAP1	8	15	210020	230560	8648	431932	0.979978
chr08x15	7500001	7750000	HAP1_chr08	HAP2_chr15	HAP1	HAP2	8	15	210020	229389	5214	434195	0.987992
chr08x15	7500001	7750000	HAP1_chr15	HAP2_chr08	HAP1	HAP2	15	8	230560	217763	8704	439619	0.980201
chr08x15	7500001	7750000	HAP2_chr08	HAP2_chr15	HAP2	HAP2	8	15	217763	229389	5275	441877	0.988062
chr08x15	7750001	8000000	HAP1_chr08	HAP1_chr15	HAP1	HAP1	8	15	204637	231379	6359	429657	0.985200
chr08x15	7750001	8000000	HAP1_chr08	HAP2_chr15	HAP1	HAP2	8	15	204637	232177	6118	430696	0.985795
chr08x15	7750001	8000000	HAP1_chr15	HAP2_chr08	HAP1	HAP2	15	8	231379	204655	6357	429677	0.985205
chr08x15	7750001	8000000	HAP2_chr08	HAP2_chr15	HAP2	HAP2	8	15	204655	232177	6114	430718	0.985805
chr08x15	8000001	8250000	HAP1_chr08	HAP1_chr15	HAP1	HAP1	8	15	235120	223073	3481	454712	0.992345
chr08x15	8000001	8250000	HAP1_chr08	HAP2_chr15	HAP1	HAP2	8	15	235120	216948	3476	448592	0.992251
chr08x15	8000001	8250000	HAP1_chr15	HAP2_chr08	HAP1	HAP2	15	8	223073	235060	3478	454655	0.992350
chr08x15	8000001	8250000	HAP2_chr08	HAP2_chr15	HAP2	HAP2	8	15	235060	216948	3475	448533	0.992253
chr08x15	8250001	8500000	HAP1_chr08	HAP1_chr15	HAP1	HAP1	8	15	231685	230405	7879	454211	0.982653
chr08x15	8250001	8500000	HAP1_chr08	HAP2_chr15	HAP1	HAP2	8	15	231685	229168	7729	453124	0.982943
chr08x15	8250001	8500000	HAP1_chr15	HAP2_chr08	HAP1	HAP2	15	8	230405	231718	7868	454255	0.982679
chr08x15	8250001	8500000	HAP2_chr08	HAP2_chr15	HAP2	HAP2	8	15	231718	229168	7720	453166	0.982964
chr08x15	8500001	8750000	HAP1_chr08	HAP1_chr15	HAP1	HAP1	8	15	234952	226488	14420	447020	0.967742
chr08x15	8500001	8750000	HAP1_chr08	HAP2_chr15	HAP1	HAP2	8	15	234952	229833	13663	451122	0.969713
chr08x15	8500001	8750000	HAP1_chr15	HAP2_chr08	HAP1	HAP2	15	8	226488	234884	14429	446943	0.967716
chr08x15	8500001	8750000	HAP2_chr08	HAP2_chr15	HAP2	HAP2	8	15	234884	229833	13676	451041	0.969679
chr08x15	8750001	9000000	HAP1_chr08	HAP1_chr15	HAP1	HAP1	8	15	224843	232955	3821	453977	0.991583
chr08x15	8750001	9000000	HAP1_chr08	HAP2_chr15	HAP1	HAP2	8	15	224843	232715	3758	453800	0.991719
chr08x15	8750001	9000000	HAP1_chr15	HAP2_chr08	HAP1	HAP2	15	8	232955	223094	3807	452242	0.991582
chr08x15	8750001	9000000	HAP2_chr08	HAP2_chr15	HAP2	HAP2	8	15	223094	232715	3748	452061	0.991709
chr08x15	9000001	9250000	HAP1_chr08	HAP1_chr15	HAP1	HAP1	8	15	235182	232009	3904	463287	0.991573
chr08x15	9000001	9250000	HAP1_chr08	HAP2_chr15	HAP1	HAP2	8	15	235182	235845	3404	467623	0.992721
chr08x15	9000001	9250000	HAP1_chr15	HAP2_chr08	HAP1	HAP2	15	8	232009	235132	3935	463206	0.991505
chr08x15	9000001	9250000	HAP2_chr08	HAP2_chr15	HAP2	HAP2	8	15	235132	235845	3435	467542	0.992653
chr08x15	9250001	9500000	HAP1_chr08	HAP1_chr15	HAP1	HAP1	8	15	229838	215264	4172	440930	0.990538
chr08x15	9250001	9500000	HAP1_chr08	HAP2_chr15	HAP1	HAP2	8	15	229838	228276	4238	453876	0.990663
chr08x15	9250001	9500000	HAP1_chr15	HAP2_chr08	HAP1	HAP2	15	8	215264	229759	4119	440904	0.990658
chr08x15	9250001	9500000	HAP2_chr08	HAP2_chr15	HAP2	HAP2	8	15	229759	228276	4185	453850	0.990779
chr08x15	9500001	9750000	HAP1_chr08	HAP1_chr15	HAP1	HAP1	8	15	235279	216657	6623	445313	0.985127
chr08x15	9500001	9750000	HAP1_chr08	HAP2_chr15	HAP1	HAP2	8	15	235279	223175	6497	451957	0.985625
chr08x15	9500001	9750000	HAP1_chr15	HAP2_chr08	HAP1	HAP2	15	8	216657	235391	6646	445402	0.985079
chr08x15	9500001	9750000	HAP2_chr08	HAP2_chr15	HAP2	HAP2	8	15	235391	223175	6521	452045	0.985574
chr08x15	9750001	10000000	HAP1_chr08	HAP1_chr15	HAP1	HAP1	8	15	214514	225297	7235	432576	0.983275
chr08x15	9750001	10000000	HAP1_chr08	HAP2_chr15	HAP1	HAP2	8	15	214514	223306	6987	430833	0.983783
chr08x15	9750001	10000000	HAP1_chr15	HAP2_chr08	HAP1	HAP2	15	8	225297	213144	7233	431208	0.983226
chr08x15	9750001	10000000	HAP2_chr08	HAP2_chr15	HAP2	HAP2	8	15	213144	223306	6985	429465	0.983736
chr08x15	10000001	10250000	HAP1_chr08	HAP1_chr15	HAP1	HAP1	8	15	234447	193437	6382	421502	0.984859
chr08x15	10000001	10250000	HAP1_chr08	HAP2_chr15	HAP1	HAP2	8	15	234447	198202	6249	426400	0.985345
chr08x15	10000001	10250000	HAP1_chr15	HAP2_chr08	HAP1	HAP2	15	8	193437	234369	6388	421418	0.984842
chr08x15	10000001	10250000	HAP2_chr08	HAP2_chr15	HAP2	HAP2	8	15	234369	198202	6253	426318	0.985333
chr08x15	10250001	10500000	HAP1_chr08	HAP1_chr15	HAP1	HAP1	8	15	231427	131519	6227	356719	0.982544
chr08x15	10250001	10500000	HAP1_chr08	HAP2_chr15	HAP1	HAP2	8	15	231427	153522	4337	380612	0.988605
chr08x15	10250001	10500000	HAP1_chr15	HAP2_chr08	HAP1	HAP2	15	8	131519	231421	6229	356711	0.982538
chr08x15	10250001	10500000	HAP2_chr08	HAP2_chr15	HAP2	HAP2	8	15	231421	153522	4340	380603	0.988597
chr08x15	10500001	10750000	HAP1_chr08	HAP1_chr15	HAP1	HAP1	8	15	216597	219119	31990	403726	0.920763
chr08x15	10500001	10750000	HAP1_chr08	HAP2_chr15	HAP1	HAP2	8	15	216597	218523	26861	408259	0.934206
chr08x15	10500001	10750000	HAP1_chr15	HAP2_chr08	HAP1	HAP2	15	8	219119	220895	34111	405903	0.915963
chr08x15	10500001	10750000	HAP2_chr08	HAP2_chr15	HAP2	HAP2	8	15	220895	218523	28981	410437	0.929390
chr08x15	10750001	11000000	HAP1_chr08	HAP1_chr15	HAP1	HAP1	8	15	223467	226266	41838	407895	0.897429
chr08x15	10750001	11000000	HAP1_chr08	HAP2_chr15	HAP1	HAP2	8	15	223467	232256	37244	418479	0.911002
chr08x15	10750001	11000000	HAP1_chr15	HAP2_chr08	HAP1	HAP2	15	8	226266	224266	41884	408648	0.897506
chr08x15	10750001	11000000	HAP2_chr08	HAP2_chr15	HAP2	HAP2	8	15	224266	232256	37289	419233	0.911054
chr08x15	11000001	11250000	HAP1_chr08	HAP1_chr15	HAP1	HAP1	8	15	210056	212841	45979	376918	0.878013
chr08x15	11000001	11250000	HAP1_chr08	HAP2_chr15	HAP1	HAP2	8	15	210056	211702	29228	392530	0.925539
chr08x15	11000001	11250000	HAP1_chr15	HAP2_chr08	HAP1	HAP2	15	8	212841	210140	46094	376887	0.877698
chr08x15	11000001	11250000	HAP2_chr08	HAP2_chr15	HAP2	HAP2	8	15	210140	211702	29326	392516	0.925287
chr08x15	11250001	11500000	HAP1_chr08	HAP1_chr15	HAP1	HAP1	8	15	201395	229996	16554	414837	0.960095
chr08x15	11250001	11500000	HAP1_chr08	HAP2_chr15	HAP1	HAP2	8	15	201395	239345	4982	435758	0.988567
chr08x15	11250001	11500000	HAP1_chr15	HAP2_chr08	HAP1	HAP2	15	8	229996	201356	16518	414834	0.960182
chr08x15	11250001	11500000	HAP2_chr08	HAP2_chr15	HAP2	HAP2	8	15	201356	239345	5020	435681	0.988478
chr08x15	11500001	11750000	HAP1_chr08	HAP1_chr15	HAP1	HAP1	8	15	230886	239834	3112	467608	0.993345
chr08x15	11500001	11750000	HAP1_chr08	HAP2_chr15	HAP1	HAP2	8	15	230886	237589	8566	459909	0.981375
chr08x15	11500001	11750000	HAP1_chr15	HAP2_chr08	HAP1	HAP2	15	8	239834	230249	3084	466999	0.993396
chr08x15	11500001	11750000	HAP2_chr08	HAP2_chr15	HAP2	HAP2	8	15	230249	237589	8549	459289	0.981386
chr08x15	11750001	12000000	HAP1_chr08	HAP1_chr15	HAP1	HAP1	8	15	236117	227852	3648	460321	0.992075
chr08x15	11750001	12000000	HAP1_chr08	HAP2_chr15	HAP1	HAP2	8	15	236117	230137	3929	462325	0.991502
chr08x15	11750001	12000000	HAP1_chr15	HAP2_chr08	HAP1	HAP2	15	8	227852	236613	3626	460839	0.992132
chr08x15	11750001	12000000	HAP2_chr08	HAP2_chr15	HAP2	HAP2	8	15	236613	230137	3923	462827	0.991524
chr08x15	12000001	12250000	HAP1_chr08	HAP1_chr15	HAP1	HAP1	8	15	236548	210024	3377	443195	0.992380
chr08x15	12000001	12250000	HAP1_chr08	HAP2_chr15	HAP1	HAP2	8	15	236548	197057	3281	430324	0.992376
chr08x15	12000001	12250000	HAP1_chr15	HAP2_chr08	HAP1	HAP2	15	8	210024	236679	3476	443227	0.992158
chr08x15	12000001	12250000	HAP2_chr08	HAP2_chr15	HAP2	HAP2	8	15	236679	197057	3331	430405	0.992261
chr08x15	12250001	12500000	HAP1_chr08	HAP1_chr15	HAP1	HAP1	8	15	227076	202881	3193	426764	0.992518
chr08x15	12250001	12500000	HAP1_chr08	HAP2_chr15	HAP1	HAP2	8	15	227076	216755	4425	439406	0.989930
chr08x15	12250001	12500000	HAP1_chr15	HAP2_chr08	HAP1	HAP2	15	8	202881	226868	3180	426569	0.992545
chr08x15	12250001	12500000	HAP2_chr08	HAP2_chr15	HAP2	HAP2	8	15	226868	216755	4457	439166	0.989851
chr08x15	12500001	12750000	HAP1_chr08	HAP1_chr15	HAP1	HAP1	8	15	211731	229910	11264	430377	0.973828
chr08x15	12500001	12750000	HAP1_chr08	HAP2_chr15	HAP1	HAP2	8	15	211731	229470	6956	434245	0.983981
chr08x15	12500001	12750000	HAP1_chr15	HAP2_chr08	HAP1	HAP2	15	8	229910	209409	11244	428075	0.973734
chr08x15	12500001	12750000	HAP2_chr08	HAP2_chr15	HAP2	HAP2	8	15	209409	229470	6924	431955	0.983971
chr08x15	12750001	13000000	HAP1_chr08	HAP1_chr15	HAP1	HAP1	8	15	214816	226604	5679	435741	0.986967
chr08x15	12750001	13000000	HAP1_chr08	HAP2_chr15	HAP1	HAP2	8	15	214816	231100	4929	440987	0.988823
chr08x15	12750001	13000000	HAP1_chr15	HAP2_chr08	HAP1	HAP2	15	8	226604	214185	5686	435103	0.986932
chr08x15	12750001	13000000	HAP2_chr08	HAP2_chr15	HAP2	HAP2	8	15	214185	231100	4883	440402	0.988912
chr08x15	13000001	13250000	HAP1_chr08	HAP1_chr15	HAP1	HAP1	8	15	206255	223375	9443	420187	0.977527
chr08x15	13000001	13250000	HAP1_chr08	HAP2_chr15	HAP1	HAP2	8	15	206255	218782	7556	417481	0.981901
chr08x15	13000001	13250000	HAP1_chr15	HAP2_chr08	HAP1	HAP2	15	8	223375	208370	9609	422136	0.977237
chr08x15	13000001	13250000	HAP2_chr08	HAP2_chr15	HAP2	HAP2	8	15	208370	218782	7655	419497	0.981752
chr08x15	13250001	13500000	HAP1_chr08	HAP1_chr15	HAP1	HAP1	8	15	210099	222185	8485	423799	0.979979
chr08x15	13250001	13500000	HAP1_chr08	HAP2_chr15	HAP1	HAP2	8	15	210099	201974	7129	404944	0.982395
chr08x15	13250001	13500000	HAP1_chr15	HAP2_chr08	HAP1	HAP2	15	8	222185	208988	8375	422798	0.980191
chr08x15	13250001	13500000	HAP2_chr08	HAP2_chr15	HAP2	HAP2	8	15	208988	201974	7149	403813	0.982296
chr08x15	13500001	13750000	HAP1_chr08	HAP1_chr15	HAP1	HAP1	8	15	207246	199221	11769	394698	0.970182
chr08x15	13500001	13750000	HAP1_chr08	HAP2_chr15	HAP1	HAP2	8	15	207246	191218	5843	392621	0.985118
chr08x15	13500001	13750000	HAP1_chr15	HAP2_chr08	HAP1	HAP2	15	8	199221	208800	11586	396435	0.970775
chr08x15	13500001	13750000	HAP2_chr08	HAP2_chr15	HAP2	HAP2	8	15	208800	191218	5660	394358	0.985648
chr08x15	13750001	14000000	HAP1_chr08	HAP1_chr15	HAP1	HAP1	8	15	219626	210619	9460	420785	0.977518
chr08x15	13750001	14000000	HAP1_chr08	HAP2_chr15	HAP1	HAP2	8	15	219626	222823	10377	432072	0.975983
chr08x15	13750001	14000000	HAP1_chr15	HAP2_chr08	HAP1	HAP2	15	8	210619	218854	8583	420890	0.979607
chr08x15	13750001	14000000	HAP2_chr08	HAP2_chr15	HAP2	HAP2	8	15	218854	222823	9389	432288	0.978281
chr08x15	14000001	14250000	HAP1_chr08	HAP1_chr15	HAP1	HAP1	8	15	194521	222738	7196	410063	0.982451
chr08x15	14000001	14250000	HAP1_chr08	HAP2_chr15	HAP1	HAP2	8	15	194521	223089	7142	410468	0.982600
chr08x15	14000001	14250000	HAP1_chr15	HAP2_chr08	HAP1	HAP2	15	8	222738	194520	7161	410097	0.982538
chr08x15	14000001	14250000	HAP2_chr08	HAP2_chr15	HAP2	HAP2	8	15	194520	223089	7075	410534	0.982766
chr08x15	14250001	14500000	HAP1_chr08	HAP1_chr15	HAP1	HAP1	8	15	188225	222374	7638	402961	0.981045
chr08x15	14250001	14500000	HAP1_chr08	HAP2_chr15	HAP1	HAP2	8	15	188225	226961	6972	408214	0.982921
chr08x15	14250001	14500000	HAP1_chr15	HAP2_chr08	HAP1	HAP2	15	8	222374	189448	7666	404156	0.981032
chr08x15	14250001	14500000	HAP2_chr08	HAP2_chr15	HAP2	HAP2	8	15	189448	226961	6968	409441	0.982982
chr08x15	14500001	14750000	HAP1_chr08	HAP1_chr15	HAP1	HAP1	8	15	226963	225003	6295	445671	0.985875
chr08x15	14500001	14750000	HAP1_chr08	HAP2_chr15	HAP1	HAP2	8	15	226963	224175	6388	444750	0.985637
chr08x15	14500001	14750000	HAP1_chr15	HAP2_chr08	HAP1	HAP2	15	8	225003	226931	6576	445358	0.985234
chr08x15	14500001	14750000	HAP2_chr08	HAP2_chr15	HAP2	HAP2	8	15	226931	224175	6700	444406	0.984924
chr08x15	14750001	15000000	HAP1_chr08	HAP1_chr15	HAP1	HAP1	8	15	193680	228567	4957	417290	0.988121
chr08x15	14750001	15000000	HAP1_chr08	HAP2_chr15	HAP1	HAP2	8	15	193680	230397	2747	421330	0.993480
chr08x15	14750001	15000000	HAP1_chr15	HAP2_chr08	HAP1	HAP2	15	8	228567	193712	4779	417500	0.988553
chr08x15	14750001	15000000	HAP2_chr08	HAP2_chr15	HAP2	HAP2	8	15	193712	230397	2601	421508	0.993829
chr08x15	15000001	15250000	HAP1_chr08	HAP1_chr15	HAP1	HAP1	8	15	220919	231363	3150	449132	0.992986
chr08x15	15000001	15250000	HAP1_chr08	HAP2_chr15	HAP1	HAP2	8	15	220919	232228	4963	448184	0.988926
chr08x15	15000001	15250000	HAP1_chr15	HAP2_chr08	HAP1	HAP2	15	8	231363	220352	3291	448424	0.992661
chr08x15	15000001	15250000	HAP2_chr08	HAP2_chr15	HAP2	HAP2	8	15	220352	232228	5116	447464	0.988567
chr08x15	15250001	15500000	HAP1_chr08	HAP1_chr15	HAP1	HAP1	8	15	218253	223530	11213	430570	0.973958
chr08x15	15250001	15500000	HAP1_chr08	HAP2_chr15	HAP1	HAP2	8	15	218253	223473	10143	431583	0.976498
chr08x15	15250001	15500000	HAP1_chr15	HAP2_chr08	HAP1	HAP2	15	8	223530	214476	11138	426868	0.973908
chr08x15	15250001	15500000	HAP2_chr08	HAP2_chr15	HAP2	HAP2	8	15	214476	223473	10024	427925	0.976575
chr08x15	15500001	15750000	HAP1_chr08	HAP1_chr15	HAP1	HAP1	8	15	207151	228161	1843	433469	0.995748
chr08x15	15500001	15750000	HAP1_chr08	HAP2_chr15	HAP1	HAP2	8	15	207151	227741	5915	428977	0.986211
chr08x15	15500001	15750000	HAP1_chr15	HAP2_chr08	HAP1	HAP2	15	8	228161	209478	1860	435779	0.995732
chr08x15	15500001	15750000	HAP2_chr08	HAP2_chr15	HAP2	HAP2	8	15	209478	227741	5923	431296	0.986267
chr08x15	15750001	16000000	HAP1_chr08	HAP1_chr15	HAP1	HAP1	8	15	200053	225606	6659	419000	0.984107
chr08x15	15750001	16000000	HAP1_chr08	HAP2_chr15	HAP1	HAP2	8	15	200053	226830	2910	423973	0.993136
chr08x15	15750001	16000000	HAP1_chr15	HAP2_chr08	HAP1	HAP2	15	8	225606	208965	6708	427863	0.984322
chr08x15	15750001	16000000	HAP2_chr08	HAP2_chr15	HAP2	HAP2	8	15	208965	226830	2771	433024	0.993601
chr08x15	16000001	16250000	HAP1_chr08	HAP1_chr15	HAP1	HAP1	8	15	227909	217101	4306	440704	0.990229
chr08x15	16000001	16250000	HAP1_chr08	HAP2_chr15	HAP1	HAP2	8	15	227909	194154	5256	416807	0.987390
chr08x15	16000001	16250000	HAP1_chr15	HAP2_chr08	HAP1	HAP2	15	8	217101	227590	4912	439779	0.988831
chr08x15	16000001	16250000	HAP2_chr08	HAP2_chr15	HAP2	HAP2	8	15	227590	194154	6424	415320	0.984532
chr08x15	16250001	16500000	HAP1_chr08	HAP1_chr15	HAP1	HAP1	8	15	229659	219251	9329	439581	0.978778
chr08x15	16250001	16500000	HAP1_chr08	HAP2_chr15	HAP1	HAP2	8	15	229659	212927	3915	438671	0.991075
chr08x15	16250001	16500000	HAP1_chr15	HAP2_chr08	HAP1	HAP2	15	8	219251	230790	8671	441370	0.980354
chr08x15	16250001	16500000	HAP2_chr08	HAP2_chr15	HAP2	HAP2	8	15	230790	212927	3966	439751	0.990981
chr08x15	16500001	16750000	HAP1_chr08	HAP1_chr15	HAP1	HAP1	8	15	209882	179024	5127	383779	0.986641
chr08x15	16500001	16750000	HAP1_chr08	HAP2_chr15	HAP1	HAP2	8	15	209882	192418	5055	397245	0.987275
chr08x15	16500001	16750000	HAP1_chr15	HAP2_chr08	HAP1	HAP2	15	8	179024	209968	5391	383601	0.985946
chr08x15	16500001	16750000	HAP2_chr08	HAP2_chr15	HAP2	HAP2	8	15	209968	192418	5355	397031	0.986512
chr08x15	16750001	17000000	HAP1_chr08	HAP1_chr15	HAP1	HAP1	8	15	215580	210708	6256	420032	0.985106
chr08x15	16750001	17000000	HAP1_chr08	HAP2_chr15	HAP1	HAP2	8	15	215580	195826	10628	400778	0.973482
chr08x15	16750001	17000000	HAP1_chr15	HAP2_chr08	HAP1	HAP2	15	8	210708	216265	6650	420323	0.984179
chr08x15	16750001	17000000	HAP2_chr08	HAP2_chr15	HAP2	HAP2	8	15	216265	195826	10768	401323	0.973169
chr08x15	17000001	17250000	HAP1_chr08	HAP1_chr15	HAP1	HAP1	8	15	229339	214311	5874	437776	0.986582
chr08x15	17000001	17250000	HAP1_chr08	HAP2_chr15	HAP1	HAP2	8	15	229339	218817	7410	440746	0.983188
chr08x15	17000001	17250000	HAP1_chr15	HAP2_chr08	HAP1	HAP2	15	8	214311	231297	5880	439728	0.986628
chr08x15	17000001	17250000	HAP2_chr08	HAP2_chr15	HAP2	HAP2	8	15	231297	218817	5390	444724	0.987880
chr08x15	17250001	17500000	HAP1_chr08	HAP1_chr15	HAP1	HAP1	8	15	232378	225404	7493	450289	0.983360
chr08x15	17250001	17500000	HAP1_chr08	HAP2_chr15	HAP1	HAP2	8	15	232378	232456	7456	457378	0.983698
chr08x15	17250001	17500000	HAP1_chr15	HAP2_chr08	HAP1	HAP2	15	8	225404	232079	6984	450499	0.984497
chr08x15	17250001	17500000	HAP2_chr08	HAP2_chr15	HAP2	HAP2	8	15	232079	232456	6884	457651	0.984958
chr08x15	17500001	17750000	HAP1_chr08	HAP1_chr15	HAP1	HAP1	8	15	224155	209782	7332	426605	0.982813
chr08x15	17500001	17750000	HAP1_chr08	HAP2_chr15	HAP1	HAP2	8	15	224155	223040	9531	437664	0.978223
chr08x15	17500001	17750000	HAP1_chr15	HAP2_chr08	HAP1	HAP2	15	8	209782	223438	7466	425754	0.982464
chr08x15	17500001	17750000	HAP2_chr08	HAP2_chr15	HAP2	HAP2	8	15	223438	223040	9594	436884	0.978040
chr08x15	17750001	18000000	HAP1_chr08	HAP1_chr15	HAP1	HAP1	8	15	214491	229276	4411	439356	0.989960
chr08x15	17750001	18000000	HAP1_chr08	HAP2_chr15	HAP1	HAP2	8	15	214491	224220	9297	429414	0.978350
chr08x15	17750001	18000000	HAP1_chr15	HAP2_chr08	HAP1	HAP2	15	8	229276	212825	3583	438518	0.991829
chr08x15	17750001	18000000	HAP2_chr08	HAP2_chr15	HAP2	HAP2	8	15	212825	224220	8743	428302	0.979587
chr08x15	18000001	18250000	HAP1_chr08	HAP1_chr15	HAP1	HAP1	8	15	231603	220730	8592	443741	0.980637
chr08x15	18000001	18250000	HAP1_chr08	HAP2_chr15	HAP1	HAP2	8	15	231603	232321	10792	453132	0.976184
chr08x15	18000001	18250000	HAP1_chr15	HAP2_chr08	HAP1	HAP2	15	8	220730	231883	8645	443968	0.980528
chr08x15	18000001	18250000	HAP2_chr08	HAP2_chr15	HAP2	HAP2	8	15	231883	232321	10941	453263	0.975862
chr08x15	18250001	18500000	HAP1_chr08	HAP1_chr15	HAP1	HAP1	8	15	206358	228926	10745	424539	0.974690
chr08x15	18250001	18500000	HAP1_chr08	HAP2_chr15	HAP1	HAP2	8	15	206358	221941	12801	415498	0.969191
chr08x15	18250001	18500000	HAP1_chr15	HAP2_chr08	HAP1	HAP2	15	8	228926	194482	10693	412715	0.974091
chr08x15	18250001	18500000	HAP2_chr08	HAP2_chr15	HAP2	HAP2	8	15	194482	221941	12732	403691	0.968461
chr08x15	18500001	18750000	HAP1_chr08	HAP1_chr15	HAP1	HAP1	8	15	211014	200552	7988	403578	0.980207
chr08x15	18500001	18750000	HAP1_chr08	HAP2_chr15	HAP1	HAP2	8	15	211014	187447	9389	389072	0.975868
chr08x15	18500001	18750000	HAP1_chr15	HAP2_chr08	HAP1	HAP2	15	8	200552	222501	7926	415127	0.980907
chr08x15	18500001	18750000	HAP2_chr08	HAP2_chr15	HAP2	HAP2	8	15	222501	187447	9306	400642	0.976772
chr08x15	18750001	19000000	HAP1_chr08	HAP1_chr15	HAP1	HAP1	8	15	224780	204825	6734	422871	0.984076
chr08x15	18750001	19000000	HAP1_chr08	HAP2_chr15	HAP1	HAP2	8	15	224780	218390	11735	431435	0.972800
chr08x15	18750001	19000000	HAP1_chr15	HAP2_chr08	HAP1	HAP2	15	8	204825	223631	7362	421094	0.982517
chr08x15	18750001	19000000	HAP2_chr08	HAP2_chr15	HAP2	HAP2	8	15	223631	218390	12405	429616	0.971125
chr08x15	19000001	19250000	HAP1_chr08	HAP1_chr15	HAP1	HAP1	8	15	205365	213229	8591	410003	0.979046
chr08x15	19000001	19250000	HAP1_chr08	HAP2_chr15	HAP1	HAP2	8	15	205365	218098	11157	412306	0.972940
chr08x15	19000001	19250000	HAP1_chr15	HAP2_chr08	HAP1	HAP2	15	8	213229	203592	8448	408373	0.979313
chr08x15	19000001	19250000	HAP2_chr08	HAP2_chr15	HAP2	HAP2	8	15	203592	218098	11257	410433	0.972573
chr08x15	19250001	19500000	HAP1_chr08	HAP1_chr15	HAP1	HAP1	8	15	193819	224372	7891	410300	0.980768
chr08x15	19250001	19500000	HAP1_chr08	HAP2_chr15	HAP1	HAP2	8	15	193819	215552	9840	399531	0.975371
chr08x15	19250001	19500000	HAP1_chr15	HAP2_chr08	HAP1	HAP2	15	8	224372	195336	7472	412236	0.981874
chr08x15	19250001	19500000	HAP2_chr08	HAP2_chr15	HAP2	HAP2	8	15	195336	215552	9018	401870	0.977560
chr08x15	19500001	19750000	HAP1_chr08	HAP1_chr15	HAP1	HAP1	8	15	177251	220078	6662	390667	0.982947
chr08x15	19500001	19750000	HAP1_chr08	HAP2_chr15	HAP1	HAP2	8	15	177251	231615	4362	404504	0.989216
chr08x15	19500001	19750000	HAP1_chr15	HAP2_chr08	HAP1	HAP2	15	8	220078	175607	6924	388761	0.982190
chr08x15	19500001	19750000	HAP2_chr08	HAP2_chr15	HAP2	HAP2	8	15	175607	231615	4280	402942	0.989378
chr08x15	19750001	20000000	HAP1_chr08	HAP1_chr15	HAP1	HAP1	8	15	215527	226517	8535	433509	0.980312
chr08x15	19750001	20000000	HAP1_chr08	HAP2_chr15	HAP1	HAP2	8	15	215527	225415	8894	432048	0.979414
chr08x15	19750001	20000000	HAP1_chr15	HAP2_chr08	HAP1	HAP2	15	8	226517	216981	8434	435064	0.980614
chr08x15	19750001	20000000	HAP2_chr08	HAP2_chr15	HAP2	HAP2	8	15	216981	225415	8729	433667	0.979872
chr08x15	20000001	20250000	HAP1_chr08	HAP1_chr15	HAP1	HAP1	8	15	183978	223964	7442	400500	0.981418
chr08x15	20000001	20250000	HAP1_chr08	HAP2_chr15	HAP1	HAP2	8	15	183978	223611	8541	399048	0.978597
chr08x15	20000001	20250000	HAP1_chr15	HAP2_chr08	HAP1	HAP2	15	8	223964	183676	7443	400197	0.981402
chr08x15	20000001	20250000	HAP2_chr08	HAP2_chr15	HAP2	HAP2	8	15	183676	223611	8763	398524	0.978011
chr08x15	20250001	20500000	HAP1_chr08	HAP1_chr15	HAP1	HAP1	8	15	211094	223205	6933	427366	0.983777
chr08x15	20250001	20500000	HAP1_chr08	HAP2_chr15	HAP1	HAP2	8	15	211094	206003	4849	412248	0.988238
chr08x15	20250001	20500000	HAP1_chr15	HAP2_chr08	HAP1	HAP2	15	8	223205	211884	7183	427906	0.983214
chr08x15	20250001	20500000	HAP2_chr08	HAP2_chr15	HAP2	HAP2	8	15	211884	206003	5146	412741	0.987532
chr08x15	20500001	20750000	HAP1_chr08	HAP1_chr15	HAP1	HAP1	8	15	215903	198764	6622	408045	0.983771
chr08x15	20500001	20750000	HAP1_chr08	HAP2_chr15	HAP1	HAP2	8	15	215903	216521	11272	421152	0.973235
chr08x15	20500001	20750000	HAP1_chr15	HAP2_chr08	HAP1	HAP2	15	8	198764	215728	7662	406830	0.981167
chr08x15	20500001	20750000	HAP2_chr08	HAP2_chr15	HAP2	HAP2	8	15	215728	216521	11282	420967	0.973200
chr08x15	20750001	21000000	HAP1_chr08	HAP1_chr15	HAP1	HAP1	8	15	213839	233967	5500	442306	0.987565
chr08x15	20750001	21000000	HAP1_chr08	HAP2_chr15	HAP1	HAP2	8	15	213839	224676	5059	433456	0.988329
chr08x15	20750001	21000000	HAP1_chr15	HAP2_chr08	HAP1	HAP2	15	8	233967	210786	5574	439179	0.987308
chr08x15	20750001	21000000	HAP2_chr08	HAP2_chr15	HAP2	HAP2	8	15	210786	224676	5159	430303	0.988011
chr08x15	21000001	21250000	HAP1_chr08	HAP1_chr15	HAP1	HAP1	8	15	211739	211408	12165	410982	0.970400
chr08x15	21000001	21250000	HAP1_chr08	HAP2_chr15	HAP1	HAP2	8	15	211739	190988	16450	386277	0.957414
chr08x15	21000001	21250000	HAP1_chr15	HAP2_chr08	HAP1	HAP2	15	8	211408	220152	12475	419085	0.970233
chr08x15	21000001	21250000	HAP2_chr08	HAP2_chr15	HAP2	HAP2	8	15	220152	190988	16906	394234	0.957117
chr08x15	21250001	21500000	HAP1_chr08	HAP1_chr15	HAP1	HAP1	8	15	226058	160473	7968	378563	0.978952
chr08x15	21250001	21500000	HAP1_chr08	HAP2_chr15	HAP1	HAP2	8	15	226058	192453	7042	411469	0.982886
chr08x15	21250001	21500000	HAP1_chr15	HAP2_chr08	HAP1	HAP2	15	8	160473	227551	7476	380548	0.980355
chr08x15	21250001	21500000	HAP2_chr08	HAP2_chr15	HAP2	HAP2	8	15	227551	192453	6832	413172	0.983465
chr08x15	21500001	21750000	HAP1_chr08	HAP1_chr15	HAP1	HAP1	8	15	216515	229867	8404	437978	0.980812
chr08x15	21500001	21750000	HAP1_chr08	HAP2_chr15	HAP1	HAP2	8	15	216515	220962	5702	431775	0.986794
chr08x15	21500001	21750000	HAP1_chr15	HAP2_chr08	HAP1	HAP2	15	8	229867	214694	8387	436174	0.980771
chr08x15	21500001	21750000	HAP2_chr08	HAP2_chr15	HAP2	HAP2	8	15	214694	220962	5745	429911	0.986637
chr08x15	21750001	22000000	HAP1_chr08	HAP1_chr15	HAP1	HAP1	8	15	195454	222796	8874	409376	0.978323
chr08x15	21750001	22000000	HAP1_chr08	HAP2_chr15	HAP1	HAP2	8	15	195454	216660	16466	395648	0.958382
chr08x15	21750001	22000000	HAP1_chr15	HAP2_chr08	HAP1	HAP2	15	8	222796	197076	8808	411064	0.978573
chr08x15	21750001	22000000	HAP2_chr08	HAP2_chr15	HAP2	HAP2	8	15	197076	216660	15792	397944	0.960316
chr08x15	22000001	22250000	HAP1_chr08	HAP1_chr15	HAP1	HAP1	8	15	187858	222455	18857	391456	0.951829
chr08x15	22000001	22250000	HAP1_chr08	HAP2_chr15	HAP1	HAP2	8	15	187858	220798	16194	392462	0.958737
chr08x15	22000001	22250000	HAP1_chr15	HAP2_chr08	HAP1	HAP2	15	8	222455	181681	18687	385449	0.951519
chr08x15	22000001	22250000	HAP2_chr08	HAP2_chr15	HAP2	HAP2	8	15	181681	220798	15545	386934	0.959825
chr08x15	22250001	22500000	HAP1_chr08	HAP1_chr15	HAP1	HAP1	8	15	189385	210874	8151	392108	0.979212
chr08x15	22250001	22500000	HAP1_chr08	HAP2_chr15	HAP1	HAP2	8	15	189385	215479	6489	398375	0.983711
chr08x15	22250001	22500000	HAP1_chr15	HAP2_chr08	HAP1	HAP2	15	8	210874	188599	7563	391910	0.980702
chr08x15	22250001	22500000	HAP2_chr08	HAP2_chr15	HAP2	HAP2	8	15	188599	215479	5930	398148	0.985106
chr08x15	22500001	22750000	HAP1_chr08	HAP1_chr15	HAP1	HAP1	8	15	192432	226065	10197	408300	0.975026
chr08x15	22500001	22750000	HAP1_chr08	HAP2_chr15	HAP1	HAP2	8	15	192432	215241	11858	395815	0.970042
chr08x15	22500001	22750000	HAP1_chr15	HAP2_chr08	HAP1	HAP2	15	8	226065	191472	8560	408977	0.979070
chr08x15	22500001	22750000	HAP2_chr08	HAP2_chr15	HAP2	HAP2	8	15	191472	215241	10289	396424	0.974045
chr08x15	22750001	23000000	HAP1_chr08	HAP1_chr15	HAP1	HAP1	8	15	212252	214531	8005	418778	0.980885
chr08x15	22750001	23000000	HAP1_chr08	HAP2_chr15	HAP1	HAP2	8	15	212252	231039	6893	436398	0.984205
chr08x15	22750001	23000000	HAP1_chr15	HAP2_chr08	HAP1	HAP2	15	8	214531	211948	7815	418664	0.981333
chr08x15	22750001	23000000	HAP2_chr08	HAP2_chr15	HAP2	HAP2	8	15	211948	231039	6823	436164	0.984357
chr08x15	23000001	23250000	HAP1_chr08	HAP1_chr15	HAP1	HAP1	8	15	194706	207252	4785	397173	0.987952
chr08x15	23000001	23250000	HAP1_chr08	HAP2_chr15	HAP1	HAP2	8	15	194706	205014	7250	392470	0.981527
chr08x15	23000001	23250000	HAP1_chr15	HAP2_chr08	HAP1	HAP2	15	8	207252	194575	5861	395966	0.985198
chr08x15	23000001	23250000	HAP2_chr08	HAP2_chr15	HAP2	HAP2	8	15	194575	205014	8501	391088	0.978263
chr08x15	23250001	23500000	HAP1_chr08	HAP1_chr15	HAP1	HAP1	8	15	199218	209767	12129	396856	0.969437
chr08x15	23250001	23500000	HAP1_chr08	HAP2_chr15	HAP1	HAP2	8	15	199218	196275	18077	377416	0.952103
chr08x15	23250001	23500000	HAP1_chr15	HAP2_chr08	HAP1	HAP2	15	8	209767	197876	12573	395070	0.968175
chr08x15	23250001	23500000	HAP2_chr08	HAP2_chr15	HAP2	HAP2	8	15	197876	196275	14797	379354	0.960994
chr08x15	23500001	23750000	HAP1_chr08	HAP1_chr15	HAP1	HAP1	8	15	198516	204763	11006	392273	0.971943
chr08x15	23500001	23750000	HAP1_chr08	HAP2_chr15	HAP1	HAP2	8	15	198516	206085	8278	396323	0.979113
chr08x15	23500001	23750000	HAP1_chr15	HAP2_chr08	HAP1	HAP2	15	8	204763	194851	10487	389127	0.973050
chr08x15	23500001	23750000	HAP2_chr08	HAP2_chr15	HAP2	HAP2	8	15	194851	206085	7812	393124	0.980128
chr08x15	23750001	24000000	HAP1_chr08	HAP1_chr15	HAP1	HAP1	8	15	215559	213853	12725	416687	0.969461
chr08x15	23750001	24000000	HAP1_chr08	HAP2_chr15	HAP1	HAP2	8	15	215559	219842	11080	424321	0.973888
chr08x15	23750001	24000000	HAP1_chr15	HAP2_chr08	HAP1	HAP2	15	8	213853	219418	12884	420387	0.969352
chr08x15	23750001	24000000	HAP2_chr08	HAP2_chr15	HAP2	HAP2	8	15	219418	219842	10969	428291	0.974389
chr08x15	24000001	24250000	HAP1_chr08	HAP1_chr15	HAP1	HAP1	8	15	220559	211756	7838	424477	0.981535
chr08x15	24000001	24250000	HAP1_chr08	HAP2_chr15	HAP1	HAP2	8	15	220559	200900	8211	413248	0.980131
chr08x15	24000001	24250000	HAP1_chr15	HAP2_chr08	HAP1	HAP2	15	8	211756	221498	7745	425509	0.981798
chr08x15	24000001	24250000	HAP2_chr08	HAP2_chr15	HAP2	HAP2	8	15	221498	200900	8114	414284	0.980414
chr08x15	24250001	24500000	HAP1_chr08	HAP1_chr15	HAP1	HAP1	8	15	181535	214836	10409	385962	0.973031
chr08x15	24250001	24500000	HAP1_chr08	HAP2_chr15	HAP1	HAP2	8	15	181535	232049	7864	405720	0.980617
chr08x15	24250001	24500000	HAP1_chr15	HAP2_chr08	HAP1	HAP2	15	8	214836	181571	10474	385933	0.972861
chr08x15	24250001	24500000	HAP2_chr08	HAP2_chr15	HAP2	HAP2	8	15	181571	232049	7912	405708	0.980498
chr08x15	24500001	24750000	HAP1_chr08	HAP1_chr15	HAP1	HAP1	8	15	214358	227182	9841	431699	0.977204
chr08x15	24500001	24750000	HAP1_chr08	HAP2_chr15	HAP1	HAP2	8	15	214358	230265	8272	436351	0.981043
chr08x15	24500001	24750000	HAP1_chr15	HAP2_chr08	HAP1	HAP2	15	8	227182	203783	6970	423995	0.983561
chr08x15	24500001	24750000	HAP2_chr08	HAP2_chr15	HAP2	HAP2	8	15	203783	230265	7551	426497	0.982295
chr08x15	24750001	25000000	HAP1_chr08	HAP1_chr15	HAP1	HAP1	8	15	210031	230588	7078	433541	0.983674
chr08x15	24750001	25000000	HAP1_chr08	HAP2_chr15	HAP1	HAP2	8	15	210031	225699	12534	423196	0.970383
chr08x15	24750001	25000000	HAP1_chr15	HAP2_chr08	HAP1	HAP2	15	8	230588	212683	8626	434645	0.980154
chr08x15	24750001	25000000	HAP2_chr08	HAP2_chr15	HAP2	HAP2	8	15	212683	225699	13433	424949	0.968389
chr08x15	25000001	25250000	HAP1_chr08	HAP1_chr15	HAP1	HAP1	8	15	218198	216482	6517	428163	0.984779
chr08x15	25000001	25250000	HAP1_chr08	HAP2_chr15	HAP1	HAP2	8	15	218198	221780	5021	434957	0.988456
chr08x15	25000001	25250000	HAP1_chr15	HAP2_chr08	HAP1	HAP2	15	8	216482	226575	5669	437388	0.987039
chr08x15	25000001	25250000	HAP2_chr08	HAP2_chr15	HAP2	HAP2	8	15	226575	221780	3451	444904	0.992243
chr08x15	25250001	25500000	HAP1_chr08	HAP1_chr15	HAP1	HAP1	8	15	197053	209649	9334	397368	0.976510
chr08x15	25250001	25500000	HAP1_chr08	HAP2_chr15	HAP1	HAP2	8	15	197053	175682	8453	364282	0.976795
chr08x15	25250001	25500000	HAP1_chr15	HAP2_chr08	HAP1	HAP2	15	8	209649	176602	11544	374707	0.969192
chr08x15	25250001	25500000	HAP2_chr08	HAP2_chr15	HAP2	HAP2	8	15	176602	175682	10072	342212	0.970568
chr08x15	25500001	25750000	HAP1_chr08	HAP1_chr15	HAP1	HAP1	8	15	164189	186691	4754	346126	0.986265
chr08x15	25500001	25750000	HAP1_chr08	HAP2_chr15	HAP1	HAP2	8	15	164189	229155	7290	386054	0.981117
chr08x15	25500001	25750000	HAP1_chr15	HAP2_chr08	HAP1	HAP2	15	8	186691	183570	5922	364339	0.983746
chr08x15	25500001	25750000	HAP2_chr08	HAP2_chr15	HAP2	HAP2	8	15	183570	229155	9597	403128	0.976194
chr08x15	25750001	26000000	HAP1_chr08	HAP1_chr15	HAP1	HAP1	8	15	221823	218816	16367	424272	0.961423
chr08x15	25750001	26000000	HAP1_chr08	HAP2_chr15	HAP1	HAP2	8	15	221823	205480	16608	410695	0.959561
chr08x15	25750001	26000000	HAP1_chr15	HAP2_chr08	HAP1	HAP2	15	8	218816	225490	14580	429726	0.966071
chr08x15	25750001	26000000	HAP2_chr08	HAP2_chr15	HAP2	HAP2	8	15	225490	205480	15473	415497	0.962760
chr08x15	26000001	26250000	HAP1_chr08	HAP1_chr15	HAP1	HAP1	8	15	219120	195007	4651	409476	0.988642
chr08x15	26000001	26250000	HAP1_chr08	HAP2_chr15	HAP1	HAP2	8	15	219120	215795	7749	427166	0.981860
chr08x15	26000001	26250000	HAP1_chr15	HAP2_chr08	HAP1	HAP2	15	8	195007	215114	5756	404365	0.985765
chr08x15	26000001	26250000	HAP2_chr08	HAP2_chr15	HAP2	HAP2	8	15	215114	215795	6504	424405	0.984675
chr08x15	26250001	26500000	HAP1_chr08	HAP1_chr15	HAP1	HAP1	8	15	204587	224904	7174	422317	0.983013
chr08x15	26250001	26500000	HAP1_chr08	HAP2_chr15	HAP1	HAP2	8	15	204587	214317	10321	408583	0.974740
chr08x15	26250001	26500000	HAP1_chr15	HAP2_chr08	HAP1	HAP2	15	8	224904	207868	8554	424218	0.979836
chr08x15	26250001	26500000	HAP2_chr08	HAP2_chr15	HAP2	HAP2	8	15	207868	214317	10616	411569	0.974206
chr08x15	26500001	26750000	HAP1_chr08	HAP1_chr15	HAP1	HAP1	8	15	238320	200519	6614	432225	0.984698
chr08x15	26500001	26750000	HAP1_chr08	HAP2_chr15	HAP1	HAP2	8	15	238320	216309	6210	448419	0.986151
chr08x15	26500001	26750000	HAP1_chr15	HAP2_chr08	HAP1	HAP2	15	8	200519	231113	5819	425813	0.986334
chr08x15	26500001	26750000	HAP2_chr08	HAP2_chr15	HAP2	HAP2	8	15	231113	216309	6096	441326	0.986187
chr08x15	26750001	27000000	HAP1_chr08	HAP1_chr15	HAP1	HAP1	8	15	202188	237551	5914	433825	0.986368
chr08x15	26750001	27000000	HAP1_chr08	HAP2_chr15	HAP1	HAP2	8	15	202188	224025	7080	419133	0.983108
chr08x15	26750001	27000000	HAP1_chr15	HAP2_chr08	HAP1	HAP2	15	8	237551	191820	4095	425276	0.990371
chr08x15	26750001	27000000	HAP2_chr08	HAP2_chr15	HAP2	HAP2	8	15	191820	224025	5262	410583	0.987184
chr08x15	27000001	27250000	HAP1_chr08	HAP1_chr15	HAP1	HAP1	8	15	191715	198614	4621	385708	0.988019
chr08x15	27000001	27250000	HAP1_chr08	HAP2_chr15	HAP1	HAP2	8	15	191715	153019	4846	339888	0.985742
chr08x15	27000001	27250000	HAP1_chr15	HAP2_chr08	HAP1	HAP2	15	8	198614	206581	4669	400526	0.988343
chr08x15	27000001	27250000	HAP2_chr08	HAP2_chr15	HAP2	HAP2	8	15	206581	153019	6090	353510	0.982773
chr08x15	27250001	27500000	HAP1_chr08	HAP1_chr15	HAP1	HAP1	8	15	208979	111481	9810	310650	0.968421
chr08x15	27250001	27500000	HAP1_chr08	HAP2_chr15	HAP1	HAP2	8	15	208979	66003	5260	269722	0.980498
chr08x15	27250001	27500000	HAP1_chr15	HAP2_chr08	HAP1	HAP2	15	8	111481	210959	9485	312955	0.969692
chr08x15	27250001	27500000	HAP2_chr08	HAP2_chr15	HAP2	HAP2	8	15	210959	66003	5301	271661	0.980487
chr08x15	27500001	27750000	HAP1_chr08	HAP1_chr15	HAP1	HAP1	8	15	229220	76260	1036	304444	0.996597
chr08x15	27500001	27750000	HAP1_chr08	HAP2_chr15	HAP1	HAP2	8	15	229220	66232	496	294956	0.998318
chr08x15	27500001	27750000	HAP1_chr15	HAP2_chr08	HAP1	HAP2	15	8	76260	226271	1954	300577	0.993499
chr08x15	27500001	27750000	HAP2_chr08	HAP2_chr15	HAP2	HAP2	8	15	226271	66232	994	291509	0.996590
chr08x15	27750001	28000000	HAP1_chr08	HAP1_chr15	HAP1	HAP1	8	15	213095	61631	3443	271283	0.987308
chr08x15	27750001	28000000	HAP1_chr08	HAP2_chr15	HAP1	HAP2	8	15	213095	98566	1954	309707	0.993691
chr08x15	27750001	28000000	HAP1_chr15	HAP2_chr08	HAP1	HAP2	15	8	61631	203903	3174	262360	0.987902
chr08x15	27750001	28000000	HAP2_chr08	HAP2_chr15	HAP2	HAP2	8	15	203903	98566	1925	300544	0.993595
chr08x15	28000001	28250000	HAP1_chr08	HAP1_chr15	HAP1	HAP1	8	15	199148	106208	3485	301871	0.988455
chr08x15	28000001	28250000	HAP1_chr08	HAP2_chr15	HAP1	HAP2	8	15	199148	90082	6397	282833	0.977382
chr08x15	28000001	28250000	HAP1_chr15	HAP2_chr08	HAP1	HAP2	15	8	106208	191411	2346	295273	0.992055
chr08x15	28000001	28250000	HAP2_chr08	HAP2_chr15	HAP2	HAP2	8	15	191411	90082	5558	275935	0.979858
chr08x15	28250001	28500000	HAP1_chr08	HAP1_chr15	HAP1	HAP1	8	15	208812	81758	4536	286034	0.984142
chr08x15	28250001	28500000	HAP1_chr08	HAP2_chr15	HAP1	HAP2	8	15	208812	70111	4496	274427	0.983617
chr08x15	28250001	28500000	HAP1_chr15	HAP2_chr08	HAP1	HAP2	15	8	81758	212349	3798	290309	0.986917
chr08x15	28250001	28500000	HAP2_chr08	HAP2_chr15	HAP2	HAP2	8	15	212349	70111	4471	277989	0.983917
chr08x15	28500001	28750000	HAP1_chr08	HAP1_chr15	HAP1	HAP1	8	15	184805	66831	215	251421	0.999145
chr08x15	28500001	28750000	HAP1_chr08	HAP2_chr15	HAP1	HAP2	8	15	184805	76788	1028	260565	0.996055
chr08x15	28500001	28750000	HAP1_chr15	HAP2_chr08	HAP1	HAP2	15	8	66831	185993	218	252606	0.999137
chr08x15	28500001	28750000	HAP2_chr08	HAP2_chr15	HAP2	HAP2	8	15	185993	76788	780	262001	0.997023
chr08x15	28750001	29000000	HAP1_chr08	HAP1_chr15	HAP1	HAP1	8	15	202184	70607	2466	270325	0.990878
chr08x15	28750001	29000000	HAP1_chr08	HAP2_chr15	HAP1	HAP2	8	15	202184	68936	2619	268501	0.990246
chr08x15	28750001	29000000	HAP1_chr15	HAP2_chr08	HAP1	HAP2	15	8	70607	206383	2555	274435	0.990690
chr08x15	28750001	29000000	HAP2_chr08	HAP2_chr15	HAP2	HAP2	8	15	206383	68936	2691	272628	0.990129
chr08x15	29000001	29250000	HAP1_chr08	HAP1_chr15	HAP1	HAP1	8	15	227917	66586	1256	293247	0.995717
chr08x15	29000001	29250000	HAP1_chr08	HAP2_chr15	HAP1	HAP2	8	15	227917	53637	2283	279271	0.991825
chr08x15	29000001	29250000	HAP1_chr15	HAP2_chr08	HAP1	HAP2	15	8	66586	228247	1665	293168	0.994321
chr08x15	29000001	29250000	HAP2_chr08	HAP2_chr15	HAP2	HAP2	8	15	228247	53637	2171	279713	0.992238
chr08x15	29250001	29500000	HAP1_chr08	HAP1_chr15	HAP1	HAP1	8	15	193016	57299	2081	248234	0.991617
chr08x15	29250001	29500000	HAP1_chr08	HAP2_chr15	HAP1	HAP2	8	15	193016	109691	6889	295818	0.976712
chr08x15	29250001	29500000	HAP1_chr15	HAP2_chr08	HAP1	HAP2	15	8	57299	185718	1791	241226	0.992575
chr08x15	29250001	29500000	HAP2_chr08	HAP2_chr15	HAP2	HAP2	8	15	185718	109691	7136	288273	0.975246
chr08x15	29500001	29750000	HAP1_chr08	HAP1_chr15	HAP1	HAP1	8	15	222201	112591	8164	326628	0.975005
chr08x15	29500001	29750000	HAP1_chr08	HAP2_chr15	HAP1	HAP2	8	15	222201	98249	4948	315502	0.984317
chr08x15	29500001	29750000	HAP1_chr15	HAP2_chr08	HAP1	HAP2	15	8	112591	224065	7497	329159	0.977224
chr08x15	29500001	29750000	HAP2_chr08	HAP2_chr15	HAP2	HAP2	8	15	224065	98249	4472	317842	0.985930
chr08x15	29750001	30000000	HAP1_chr08	HAP1_chr15	HAP1	HAP1	8	15	205130	93278	5607	292801	0.980850
chr08x15	29750001	30000000	HAP1_chr08	HAP2_chr15	HAP1	HAP2	8	15	205130	69736	2691	272175	0.990113
chr08x15	29750001	30000000	HAP1_chr15	HAP2_chr08	HAP1	HAP2	15	8	93278	203187	5599	290866	0.980751
chr08x15	29750001	30000000	HAP2_chr08	HAP2_chr15	HAP2	HAP2	8	15	203187	69736	2205	270718	0.991855
chr08x15	30000001	30250000	HAP1_chr08	HAP1_chr15	HAP1	HAP1	8	15	211770	81181	4164	288787	0.985581
chr08x15	30000001	30250000	HAP1_chr08	HAP2_chr15	HAP1	HAP2	8	15	211770	67830	2154	277446	0.992236
chr08x15	30000001	30250000	HAP1_chr15	HAP2_chr08	HAP1	HAP2	15	8	81181	215077	6309	289949	0.978241
chr08x15	30000001	30250000	HAP2_chr08	HAP2_chr15	HAP2	HAP2	8	15	215077	67830	2073	280834	0.992618
chr08x15	30250001	30500000	HAP1_chr08	HAP1_chr15	HAP1	HAP1	8	15	194745	76945	1115	270575	0.995879
chr08x15	30250001	30500000	HAP1_chr08	HAP2_chr15	HAP1	HAP2	8	15	194745	61267	1492	254520	0.994138
chr08x15	30250001	30500000	HAP1_chr15	HAP2_chr08	HAP1	HAP2	15	8	76945	183786	2496	258235	0.990334
chr08x15	30250001	30500000	HAP2_chr08	HAP2_chr15	HAP2	HAP2	8	15	183786	61267	2682	242371	0.988934
chr08x15	30500001	30750000	HAP1_chr08	HAP1_chr15	HAP1	HAP1	8	15	210843	51971	4732	258082	0.981665
chr08x15	30500001	30750000	HAP1_chr08	HAP2_chr15	HAP1	HAP2	8	15	210843	67012	4786	273069	0.982473
chr08x15	30500001	30750000	HAP1_chr15	HAP2_chr08	HAP1	HAP2	15	8	51971	207233	3625	255579	0.985817
chr08x15	30500001	30750000	HAP2_chr08	HAP2_chr15	HAP2	HAP2	8	15	207233	67012	3678	270567	0.986406
chr08x15	30750001	31000000	HAP1_chr08	HAP1_chr15	HAP1	HAP1	8	15	207343	185457	1864	390936	0.995232
chr08x15	30750001	31000000	HAP1_chr08	HAP2_chr15	HAP1	HAP2	8	15	207343	174291	1821	379813	0.995206
chr08x15	30750001	31000000	HAP1_chr15	HAP2_chr08	HAP1	HAP2	15	8	185457	202856	1916	386397	0.995041
chr08x15	30750001	31000000	HAP2_chr08	HAP2_chr15	HAP2	HAP2	8	15	202856	174291	1863	375284	0.995036
chr08x15	31000001	31250000	HAP1_chr08	HAP1_chr15	HAP1	HAP1	8	15	218212	147526	1078	364660	0.997044
chr08x15	31000001	31250000	HAP1_chr08	HAP2_chr15	HAP1	HAP2	8	15	218212	145504	1069	362647	0.997052
chr08x15	31000001	31250000	HAP1_chr15	HAP2_chr08	HAP1	HAP2	15	8	147526	225411	878	372059	0.997640
chr08x15	31000001	31250000	HAP2_chr08	HAP2_chr15	HAP2	HAP2	8	15	225411	145504	868	370047	0.997654
chr08x15	31250001	31500000	HAP1_chr08	HAP1_chr15	HAP1	HAP1	8	15	233156	186973	432	419697	0.998971
chr08x15	31250001	31500000	HAP1_chr08	HAP2_chr15	HAP1	HAP2	8	15	233156	186997	419	419734	0.999002
chr08x15	31250001	31500000	HAP1_chr15	HAP2_chr08	HAP1	HAP2	15	8	186973	223605	2987	407591	0.992672
chr08x15	31250001	31500000	HAP2_chr08	HAP2_chr15	HAP2	HAP2	8	15	223605	186997	2976	407626	0.992699
chr08x15	31500001	31750000	HAP1_chr08	HAP1_chr15	HAP1	HAP1	8	15	222390	167716	2787	387319	0.992804
chr08x15	31500001	31750000	HAP1_chr08	HAP2_chr15	HAP1	HAP2	8	15	222390	176521	2809	396102	0.992908
chr08x15	31500001	31750000	HAP1_chr15	HAP2_chr08	HAP1	HAP2	15	8	167716	218632	234	386114	0.999394
chr08x15	31500001	31750000	HAP2_chr08	HAP2_chr15	HAP2	HAP2	8	15	218632	176521	256	394897	0.999352
chr08x15	31750001	32000000	HAP1_chr08	HAP1_chr15	HAP1	HAP1	8	15	217098	183913	199	400812	0.999504
chr08x15	31750001	32000000	HAP1_chr08	HAP2_chr15	HAP1	HAP2	8	15	217098	184927	194	401831	0.999517
chr08x15	31750001	32000000	HAP1_chr15	HAP2_chr08	HAP1	HAP2	15	8	183913	218794	256	402451	0.999364
chr08x15	31750001	32000000	HAP2_chr08	HAP2_chr15	HAP2	HAP2	8	15	218794	184927	249	403472	0.999383
chr08x15	32000001	32250000	HAP1_chr08	HAP1_chr15	HAP1	HAP1	8	15	207065	165719	5902	366882	0.983913
chr08x15	32000001	32250000	HAP1_chr08	HAP2_chr15	HAP1	HAP2	8	15	207065	155793	7323	355535	0.979403
chr08x15	32000001	32250000	HAP1_chr15	HAP2_chr08	HAP1	HAP2	15	8	165719	201236	5926	361029	0.983586
chr08x15	32000001	32250000	HAP2_chr08	HAP2_chr15	HAP2	HAP2	8	15	201236	155793	7076	349953	0.979780
chr08x15	32250001	32500000	HAP1_chr08	HAP1_chr15	HAP1	HAP1	8	15	217721	74825	5480	287066	0.980910
chr08x15	32250001	32500000	HAP1_chr08	HAP2_chr15	HAP1	HAP2	8	15	217721	74557	5526	286752	0.980729
chr08x15	32250001	32500000	HAP1_chr15	HAP2_chr08	HAP1	HAP2	15	8	74825	222877	5848	291854	0.979963
chr08x15	32250001	32500000	HAP2_chr08	HAP2_chr15	HAP2	HAP2	8	15	222877	74557	5898	291536	0.979769
chr08x15	32500001	32750000	HAP1_chr08	HAP1_chr15	HAP1	HAP1	8	15	228751	81937	4586	306102	0.985018
chr08x15	32500001	32750000	HAP1_chr08	HAP2_chr15	HAP1	HAP2	8	15	228751	110394	3891	335254	0.988394
chr08x15	32500001	32750000	HAP1_chr15	HAP2_chr08	HAP1	HAP2	15	8	81937	232537	2951	311523	0.990527
chr08x15	32500001	32750000	HAP2_chr08	HAP2_chr15	HAP2	HAP2	8	15	232537	110394	4703	338228	0.986095
chr08x15	32750001	33000000	HAP1_chr08	HAP1_chr15	HAP1	HAP1	8	15	213625	216956	9129	421452	0.978339
chr08x15	32750001	33000000	HAP1_chr08	HAP2_chr15	HAP1	HAP2	8	15	213625	217151	8960	421816	0.978759
chr08x15	32750001	33000000	HAP1_chr15	HAP2_chr08	HAP1	HAP2	15	8	216956	214204	7312	423848	0.982749
chr08x15	32750001	33000000	HAP2_chr08	HAP2_chr15	HAP2	HAP2	8	15	214204	217151	8954	422401	0.978802
chr08x15	33000001	33250000	HAP1_chr08	HAP1_chr15	HAP1	HAP1	8	15	223346	218545	9952	431939	0.976960
chr08x15	33000001	33250000	HAP1_chr08	HAP2_chr15	HAP1	HAP2	8	15	223346	228491	10048	441789	0.977256
chr08x15	33000001	33250000	HAP1_chr15	HAP2_chr08	HAP1	HAP2	15	8	218545	222494	8283	432756	0.980860
chr08x15	33000001	33250000	HAP2_chr08	HAP2_chr15	HAP2	HAP2	8	15	222494	228491	9435	441550	0.978632
chr08x15	33250001	33500000	HAP1_chr08	HAP1_chr15	HAP1	HAP1	8	15	231312	189474	7528	413258	0.981784
chr08x15	33250001	33500000	HAP1_chr08	HAP2_chr15	HAP1	HAP2	8	15	231312	205317	6982	429647	0.983749
chr08x15	33250001	33500000	HAP1_chr15	HAP2_chr08	HAP1	HAP2	15	8	189474	227006	7169	409311	0.982485
chr08x15	33250001	33500000	HAP2_chr08	HAP2_chr15	HAP2	HAP2	8	15	227006	205317	7230	425093	0.982992
chr08x15	33500001	33750000	HAP1_chr08	HAP1_chr15	HAP1	HAP1	8	15	218625	218797	9264	428158	0.978363
chr08x15	33500001	33750000	HAP1_chr08	HAP2_chr15	HAP1	HAP2	8	15	218625	219650	9363	428912	0.978170
chr08x15	33500001	33750000	HAP1_chr15	HAP2_chr08	HAP1	HAP2	15	8	218797	219826	8447	430176	0.980364
chr08x15	33500001	33750000	HAP2_chr08	HAP2_chr15	HAP2	HAP2	8	15	219826	219650	8713	430763	0.979773
chr08x15	33750001	34000000	HAP1_chr08	HAP1_chr15	HAP1	HAP1	8	15	222893	229123	7473	444543	0.983189
chr08x15	33750001	34000000	HAP1_chr08	HAP2_chr15	HAP1	HAP2	8	15	222893	219667	7241	435319	0.983366
chr08x15	33750001	34000000	HAP1_chr15	HAP2_chr08	HAP1	HAP2	15	8	229123	227430	6611	449942	0.985307
chr08x15	33750001	34000000	HAP2_chr08	HAP2_chr15	HAP2	HAP2	8	15	227430	219667	6333	440764	0.985632
chr08x15	34000001	34250000	HAP1_chr08	HAP1_chr15	HAP1	HAP1	8	15	185159	211775	11192	385742	0.970986
chr08x15	34000001	34250000	HAP1_chr08	HAP2_chr15	HAP1	HAP2	8	15	185159	215346	10967	389538	0.971846
chr08x15	34000001	34250000	HAP1_chr15	HAP2_chr08	HAP1	HAP2	15	8	211775	183071	9775	385071	0.974615
chr08x15	34000001	34250000	HAP2_chr08	HAP2_chr15	HAP2	HAP2	8	15	183071	215346	9700	388717	0.975046
chr08x15	34250001	34500000	HAP1_chr08	HAP1_chr15	HAP1	HAP1	8	15	204216	198615	7864	394967	0.980089
chr08x15	34250001	34500000	HAP1_chr08	HAP2_chr15	HAP1	HAP2	8	15	204216	200995	8476	396735	0.978636
chr08x15	34250001	34500000	HAP1_chr15	HAP2_chr08	HAP1	HAP2	15	8	198615	203470	7465	394620	0.981083
chr08x15	34250001	34500000	HAP2_chr08	HAP2_chr15	HAP2	HAP2	8	15	203470	200995	7670	396795	0.980670
chr08x15	34500001	34750000	HAP1_chr08	HAP1_chr15	HAP1	HAP1	8	15	205937	215101	9010	412028	0.978133
chr08x15	34500001	34750000	HAP1_chr08	HAP2_chr15	HAP1	HAP2	8	15	205937	219691	9496	416132	0.977180
chr08x15	34500001	34750000	HAP1_chr15	HAP2_chr08	HAP1	HAP2	15	8	215101	188191	9573	393719	0.975686
chr08x15	34500001	34750000	HAP2_chr08	HAP2_chr15	HAP2	HAP2	8	15	188191	219691	8808	399074	0.977929
chr08x15	34750001	35000000	HAP1_chr08	HAP1_chr15	HAP1	HAP1	8	15	170405	207995	11732	366668	0.968004
chr08x15	34750001	35000000	HAP1_chr08	HAP2_chr15	HAP1	HAP2	8	15	170405	207715	11979	366141	0.967283
chr08x15	34750001	35000000	HAP1_chr15	HAP2_chr08	HAP1	HAP2	15	8	207995	166146	13521	360620	0.962506
chr08x15	34750001	35000000	HAP2_chr08	HAP2_chr15	HAP2	HAP2	8	15	166146	207715	13786	360075	0.961714
chr08x15	35000001	35250000	HAP1_chr08	HAP1_chr15	HAP1	HAP1	8	15	195369	222690	13610	404449	0.966349
chr08x15	35000001	35250000	HAP1_chr08	HAP2_chr15	HAP1	HAP2	8	15	195369	221575	14501	402443	0.963968
chr08x15	35000001	35250000	HAP1_chr15	HAP2_chr08	HAP1	HAP2	15	8	222690	194917	13008	404599	0.967850
chr08x15	35000001	35250000	HAP2_chr08	HAP2_chr15	HAP2	HAP2	8	15	194917	221575	13791	402701	0.965754
chr08x15	35250001	35500000	HAP1_chr08	HAP1_chr15	HAP1	HAP1	8	15	218396	228110	4814	441692	0.989101
chr08x15	35250001	35500000	HAP1_chr08	HAP2_chr15	HAP1	HAP2	8	15	218396	226879	6042	439233	0.986244
chr08x15	35250001	35500000	HAP1_chr15	HAP2_chr08	HAP1	HAP2	15	8	228110	224069	5404	446775	0.987904
chr08x15	35250001	35500000	HAP2_chr08	HAP2_chr15	HAP2	HAP2	8	15	224069	226879	6337	444611	0.985747
chr08x15	35500001	35750000	HAP1_chr08	HAP1_chr15	HAP1	HAP1	8	15	222676	212740	8897	426519	0.979140
chr08x15	35500001	35750000	HAP1_chr08	HAP2_chr15	HAP1	HAP2	8	15	222676	213944	8517	428103	0.980105
chr08x15	35500001	35750000	HAP1_chr15	HAP2_chr08	HAP1	HAP2	15	8	212740	221758	9263	425235	0.978217
chr08x15	35500001	35750000	HAP2_chr08	HAP2_chr15	HAP2	HAP2	8	15	221758	213944	9191	426511	0.978451
chr08x15	35750001	36000000	HAP1_chr08	HAP1_chr15	HAP1	HAP1	8	15	210401	230343	11916	428828	0.972213
chr08x15	35750001	36000000	HAP1_chr08	HAP2_chr15	HAP1	HAP2	8	15	210401	225502	11434	424469	0.973063
chr08x15	35750001	36000000	HAP1_chr15	HAP2_chr08	HAP1	HAP2	15	8	230343	209533	11458	428418	0.973255
chr08x15	35750001	36000000	HAP2_chr08	HAP2_chr15	HAP2	HAP2	8	15	209533	225502	11198	423837	0.973579
chr08x15	36000001	36250000	HAP1_chr08	HAP1_chr15	HAP1	HAP1	8	15	203681	216557	5700	414538	0.986250
chr08x15	36000001	36250000	HAP1_chr08	HAP2_chr15	HAP1	HAP2	8	15	203681	220187	5891	417977	0.985906
chr08x15	36000001	36250000	HAP1_chr15	HAP2_chr08	HAP1	HAP2	15	8	216557	207301	8324	415534	0.979968
chr08x15	36000001	36250000	HAP2_chr08	HAP2_chr15	HAP2	HAP2	8	15	207301	220187	8362	419126	0.980049
chr08x15	36250001	36500000	HAP1_chr08	HAP1_chr15	HAP1	HAP1	8	15	218517	223436	5008	436945	0.988539
chr08x15	36250001	36500000	HAP1_chr08	HAP2_chr15	HAP1	HAP2	8	15	218517	226730	5025	440222	0.988585
chr08x15	36250001	36500000	HAP1_chr15	HAP2_chr08	HAP1	HAP2	15	8	223436	217071	5433	435074	0.987512
chr08x15	36250001	36500000	HAP2_chr08	HAP2_chr15	HAP2	HAP2	8	15	217071	226730	5585	438216	0.987255
chr08x15	36500001	36750000	HAP1_chr08	HAP1_chr15	HAP1	HAP1	8	15	196250	196554	12909	379895	0.966020
chr08x15	36500001	36750000	HAP1_chr08	HAP2_chr15	HAP1	HAP2	8	15	196250	186215	12587	369878	0.965970
chr08x15	36500001	36750000	HAP1_chr15	HAP2_chr08	HAP1	HAP2	15	8	196554	189457	12918	373093	0.965376
chr08x15	36500001	36750000	HAP2_chr08	HAP2_chr15	HAP2	HAP2	8	15	189457	186215	12656	363016	0.965137
chr08x15	36750001	37000000	HAP1_chr08	HAP1_chr15	HAP1	HAP1	8	15	224783	184384	12987	396180	0.967219
chr08x15	36750001	37000000	HAP1_chr08	HAP2_chr15	HAP1	HAP2	8	15	224783	195521	13274	407030	0.967388
chr08x15	36750001	37000000	HAP1_chr15	HAP2_chr08	HAP1	HAP2	15	8	184384	216998	13252	388130	0.965857
chr08x15	36750001	37000000	HAP2_chr08	HAP2_chr15	HAP2	HAP2	8	15	216998	195521	13535	398984	0.966076
chr08x15	37000001	37250000	HAP1_chr08	HAP1_chr15	HAP1	HAP1	8	15	193712	229234	8554	414392	0.979358
chr08x15	37000001	37250000	HAP1_chr08	HAP2_chr15	HAP1	HAP2	8	15	193712	226818	12033	408497	0.970543
chr08x15	37000001	37250000	HAP1_chr15	HAP2_chr08	HAP1	HAP2	15	8	229234	222410	10484	441160	0.976235
chr08x15	37000001	37250000	HAP2_chr08	HAP2_chr15	HAP2	HAP2	8	15	222410	226818	11899	437329	0.972792
chr08x15	37250001	37500000	HAP1_chr08	HAP1_chr15	HAP1	HAP1	8	15	231309	219621	14017	436913	0.967918
chr08x15	37250001	37500000	HAP1_chr08	HAP2_chr15	HAP1	HAP2	8	15	231309	223828	13077	442060	0.970418
chr08x15	37250001	37500000	HAP1_chr15	HAP2_chr08	HAP1	HAP2	15	8	219621	205880	11729	413772	0.971653
chr08x15	37250001	37500000	HAP2_chr08	HAP2_chr15	HAP2	HAP2	8	15	205880	223828	10775	418933	0.974280
chr08x15	37500001	37750000	HAP1_chr08	HAP1_chr15	HAP1	HAP1	8	15	224524	207475	8031	423968	0.981058
chr08x15	37500001	37750000	HAP1_chr08	HAP2_chr15	HAP1	HAP2	8	15	224524	206345	8211	422658	0.980573
chr08x15	37500001	37750000	HAP1_chr15	HAP2_chr08	HAP1	HAP2	15	8	207475	211105	10278	408302	0.974827
chr08x15	37500001	37750000	HAP2_chr08	HAP2_chr15	HAP2	HAP2	8	15	211105	206345	10605	406845	0.973934
chr08x15	37750001	38000000	HAP1_chr08	HAP1_chr15	HAP1	HAP1	8	15	201936	227262	9925	419273	0.976328
chr08x15	37750001	38000000	HAP1_chr08	HAP2_chr15	HAP1	HAP2	8	15	201936	232316	8928	425324	0.979009
chr08x15	37750001	38000000	HAP1_chr15	HAP2_chr08	HAP1	HAP2	15	8	227262	225479	10468	442273	0.976331
chr08x15	37750001	38000000	HAP2_chr08	HAP2_chr15	HAP2	HAP2	8	15	225479	232316	9417	448378	0.978998
chr08x15	38000001	38250000	HAP1_chr08	HAP1_chr15	HAP1	HAP1	8	15	218253	213206	4979	426480	0.988325
chr08x15	38000001	38250000	HAP1_chr08	HAP2_chr15	HAP1	HAP2	8	15	218253	208232	4961	421524	0.988231
chr08x15	38000001	38250000	HAP1_chr15	HAP2_chr08	HAP1	HAP2	15	8	213206	221708	6569	428345	0.984664
chr08x15	38000001	38250000	HAP2_chr08	HAP2_chr15	HAP2	HAP2	8	15	221708	208232	6504	423436	0.984640
chr08x15	38250001	38500000	HAP1_chr08	HAP1_chr15	HAP1	HAP1	8	15	163142	221025	8952	375215	0.976142
chr08x15	38250001	38500000	HAP1_chr08	HAP2_chr15	HAP1	HAP2	8	15	163142	217154	8953	371343	0.975890
chr08x15	38250001	38500000	HAP1_chr15	HAP2_chr08	HAP1	HAP2	15	8	221025	108553	6323	323255	0.980440
chr08x15	38250001	38500000	HAP2_chr08	HAP2_chr15	HAP2	HAP2	8	15	108553	217154	6324	319383	0.980199
chr08x15	38500001	38750000	HAP1_chr08	HAP1_chr15	HAP1	HAP1	8	15	50896	213212	4316	259792	0.983387
chr08x15	38500001	38750000	HAP1_chr08	HAP2_chr15	HAP1	HAP2	8	15	50896	210280	4326	256850	0.983157
chr08x15	38500001	38750000	HAP1_chr15	HAP2_chr08	HAP1	HAP2	15	8	213212	50575	5035	258752	0.980541
chr08x15	38500001	38750000	HAP2_chr08	HAP2_chr15	HAP2	HAP2	8	15	50575	210280	5089	255766	0.980103
chr08x15	38750001	39000000	HAP1_chr08	HAP1_chr15	HAP1	HAP1	8	15	112469	217190	3331	326328	0.989792
chr08x15	38750001	39000000	HAP1_chr08	HAP2_chr15	HAP1	HAP2	8	15	112469	217961	3344	327086	0.989776
chr08x15	38750001	39000000	HAP1_chr15	HAP2_chr08	HAP1	HAP2	15	8	217190	151017	789	367418	0.997853
chr08x15	38750001	39000000	HAP2_chr08	HAP2_chr15	HAP2	HAP2	8	15	151017	217961	792	368186	0.997849
chr08x15	39000001	39250000	HAP1_chr08	HAP1_chr15	HAP1	HAP1	8	15	200934	196974	910	396998	0.997708
chr08x15	39000001	39250000	HAP1_chr08	HAP2_chr15	HAP1	HAP2	8	15	200934	198291	917	398308	0.997698
chr08x15	39000001	39250000	HAP1_chr15	HAP2_chr08	HAP1	HAP2	15	8	196974	204158	836	400296	0.997912
chr08x15	39000001	39250000	HAP2_chr08	HAP2_chr15	HAP2	HAP2	8	15	204158	198291	856	401593	0.997868
chr08x15	39250001	39500000	HAP1_chr08	HAP1_chr15	HAP1	HAP1	8	15	217336	228972	992	445316	0.997772
chr08x15	39250001	39500000	HAP1_chr08	HAP2_chr15	HAP1	HAP2	8	15	217336	229938	995	446279	0.997770
chr08x15	39250001	39500000	HAP1_chr15	HAP2_chr08	HAP1	HAP2	15	8	228972	168041	840	396173	0.997880
chr08x15	39250001	39500000	HAP2_chr08	HAP2_chr15	HAP2	HAP2	8	15	168041	229938	839	397140	0.997887
chr08x15	39500001	39750000	HAP1_chr08	HAP1_chr15	HAP1	HAP1	8	15	64860	224881	3239	286502	0.988695
chr08x15	39500001	39750000	HAP1_chr08	HAP2_chr15	HAP1	HAP2	8	15	64860	224948	3234	286574	0.988715
chr08x15	39500001	39750000	HAP1_chr15	HAP2_chr08	HAP1	HAP2	15	8	224881	82997	3240	304638	0.989364
chr08x15	39500001	39750000	HAP2_chr08	HAP2_chr15	HAP2	HAP2	8	15	82997	224948	3236	304709	0.989380
chr08x15	39750001	40000000	HAP1_chr08	HAP1_chr15	HAP1	HAP1	8	15	93515	222847	4705	311657	0.984903
chr08x15	39750001	40000000	HAP1_chr08	HAP2_chr15	HAP1	HAP2	8	15	93515	222548	4715	311348	0.984856
chr08x15	39750001	40000000	HAP1_chr15	HAP2_chr08	HAP1	HAP2	15	8	222847	136417	6942	352322	0.980296
chr08x15	39750001	40000000	HAP2_chr08	HAP2_chr15	HAP2	HAP2	8	15	136417	222548	6960	352005	0.980228
chr08x15	40000001	40250000	HAP1_chr08	HAP1_chr15	HAP1	HAP1	8	15	212923	208320	13202	408041	0.967645
chr08x15	40000001	40250000	HAP1_chr08	HAP2_chr15	HAP1	HAP2	8	15	212923	208875	14566	407232	0.964232
chr08x15	40000001	40250000	HAP1_chr15	HAP2_chr08	HAP1	HAP2	15	8	208320	215030	15902	407448	0.960972
chr08x15	40000001	40250000	HAP2_chr08	HAP2_chr15	HAP2	HAP2	8	15	215030	208875	17189	406716	0.957737
chr08x15	40250001	40500000	HAP1_chr08	HAP1_chr15	HAP1	HAP1	8	15	186640	222618	9874	399384	0.975277
chr08x15	40250001	40500000	HAP1_chr08	HAP2_chr15	HAP1	HAP2	8	15	186640	223450	9781	400309	0.975566
chr08x15	40250001	40500000	HAP1_chr15	HAP2_chr08	HAP1	HAP2	15	8	222618	190427	6125	406920	0.984948
chr08x15	40250001	40500000	HAP2_chr08	HAP2_chr15	HAP2	HAP2	8	15	190427	223450	6140	407737	0.984941
chr08x15	40500001	40750000	HAP1_chr08	HAP1_chr15	HAP1	HAP1	8	15	225488	232042	7425	450105	0.983504
chr08x15	40500001	40750000	HAP1_chr08	HAP2_chr15	HAP1	HAP2	8	15	225488	231513	7547	449454	0.983209
chr08x15	40500001	40750000	HAP1_chr15	HAP2_chr08	HAP1	HAP2	15	8	232042	210206	8726	433522	0.979872
chr08x15	40500001	40750000	HAP2_chr08	HAP2_chr15	HAP2	HAP2	8	15	210206	231513	8849	432870	0.979557
chr08x15	40750001	41000000	HAP1_chr08	HAP1_chr15	HAP1	HAP1	8	15	209299	223747	8383	424663	0.980260
chr08x15	40750001	41000000	HAP1_chr08	HAP2_chr15	HAP1	HAP2	8	15	209299	223264	8051	424512	0.981035
chr08x15	40750001	41000000	HAP1_chr15	HAP2_chr08	HAP1	HAP2	15	8	223747	193192	8474	408465	0.979254
chr08x15	40750001	41000000	HAP2_chr08	HAP2_chr15	HAP2	HAP2	8	15	193192	223264	8091	408365	0.980187
chr08x15	41000001	41250000	HAP1_chr08	HAP1_chr15	HAP1	HAP1	8	15	219778	221947	8549	433176	0.980264
chr08x15	41000001	41250000	HAP1_chr08	HAP2_chr15	HAP1	HAP2	8	15	219778	215976	8439	427315	0.980251
chr08x15	41000001	41250000	HAP1_chr15	HAP2_chr08	HAP1	HAP2	15	8	221947	205011	8009	418949	0.980883
chr08x15	41000001	41250000	HAP2_chr08	HAP2_chr15	HAP2	HAP2	8	15	205011	215976	7904	413083	0.980866
chr08x15	41250001	41500000	HAP1_chr08	HAP1_chr15	HAP1	HAP1	8	15	199494	209689	5758	403425	0.985727
chr08x15	41250001	41500000	HAP1_chr08	HAP2_chr15	HAP1	HAP2	8	15	199494	220951	6441	414004	0.984442
chr08x15	41250001	41500000	HAP1_chr15	HAP2_chr08	HAP1	HAP2	15	8	209689	196076	5800	399965	0.985499
chr08x15	41250001	41500000	HAP2_chr08	HAP2_chr15	HAP2	HAP2	8	15	196076	220951	6577	410450	0.983976
chr08x15	41500001	41750000	HAP1_chr08	HAP1_chr15	HAP1	HAP1	8	15	216367	218427	8230	426564	0.980706
chr08x15	41500001	41750000	HAP1_chr08	HAP2_chr15	HAP1	HAP2	8	15	216367	209110	8347	417130	0.979989
chr08x15	41500001	41750000	HAP1_chr15	HAP2_chr08	HAP1	HAP2	15	8	218427	211383	8912	420898	0.978826
chr08x15	41500001	41750000	HAP2_chr08	HAP2_chr15	HAP2	HAP2	8	15	211383	209110	8537	411956	0.979277
chr08x15	41750001	42000000	HAP1_chr08	HAP1_chr15	HAP1	HAP1	8	15	225169	230875	6897	449147	0.984644
chr08x15	41750001	42000000	HAP1_chr08	HAP2_chr15	HAP1	HAP2	8	15	225169	230830	6902	449097	0.984631
chr08x15	41750001	42000000	HAP1_chr15	HAP2_chr08	HAP1	HAP2	15	8	230875	229094	4455	455514	0.990220
chr08x15	41750001	42000000	HAP2_chr08	HAP2_chr15	HAP2	HAP2	8	15	229094	230830	4455	455469	0.990219
chr08x15	42000001	42250000	HAP1_chr08	HAP1_chr15	HAP1	HAP1	8	15	211964	231051	2630	440385	0.994028
chr08x15	42000001	42250000	HAP1_chr08	HAP2_chr15	HAP1	HAP2	8	15	211964	230829	2621	440172	0.994046
chr08x15	42000001	42250000	HAP1_chr15	HAP2_chr08	HAP1	HAP2	15	8	231051	185683	3304	413430	0.992008
chr08x15	42000001	42250000	HAP2_chr08	HAP2_chr15	HAP2	HAP2	8	15	185683	230829	2802	413710	0.993227
chr08x15	42250001	42500000	HAP1_chr08	HAP1_chr15	HAP1	HAP1	8	15	177775	229639	1310	406104	0.996774
chr08x15	42250001	42500000	HAP1_chr08	HAP2_chr15	HAP1	HAP2	8	15	177775	229152	903	406024	0.997776
chr08x15	42250001	42500000	HAP1_chr15	HAP2_chr08	HAP1	HAP2	15	8	229639	193898	1443	422094	0.996581
chr08x15	42250001	42500000	HAP2_chr08	HAP2_chr15	HAP2	HAP2	8	15	193898	229152	1049	422001	0.997514
chr08x15	42500001	42750000	HAP1_chr08	HAP1_chr15	HAP1	HAP1	8	15	214349	221443	4683	431109	0.989137
chr08x15	42500001	42750000	HAP1_chr08	HAP2_chr15	HAP1	HAP2	8	15	214349	223630	5358	432621	0.987615
chr08x15	42500001	42750000	HAP1_chr15	HAP2_chr08	HAP1	HAP2	15	8	221443	206540	2929	425054	0.993109
chr08x15	42500001	42750000	HAP2_chr08	HAP2_chr15	HAP2	HAP2	8	15	206540	223630	3602	426568	0.991556
chr08x15	42750001	43000000	HAP1_chr08	HAP1_chr15	HAP1	HAP1	8	15	209681	225643	4446	430878	0.989682
chr08x15	42750001	43000000	HAP1_chr08	HAP2_chr15	HAP1	HAP2	8	15	209681	226223	4436	431468	0.989719
chr08x15	42750001	43000000	HAP1_chr15	HAP2_chr08	HAP1	HAP2	15	8	225643	208209	2371	431481	0.994505
chr08x15	42750001	43000000	HAP2_chr08	HAP2_chr15	HAP2	HAP2	8	15	208209	226223	2063	432369	0.995229
chr08x15	43000001	43250000	HAP1_chr08	HAP1_chr15	HAP1	HAP1	8	15	202356	216169	7330	411195	0.982174
chr08x15	43000001	43250000	HAP1_chr08	HAP2_chr15	HAP1	HAP2	8	15	202356	217564	7256	412664	0.982417
chr08x15	43000001	43250000	HAP1_chr15	HAP2_chr08	HAP1	HAP2	15	8	216169	193423	4878	404714	0.987947
chr08x15	43000001	43250000	HAP2_chr08	HAP2_chr15	HAP2	HAP2	8	15	193423	217564	4843	406144	0.988076
chr08x15	43250001	43500000	HAP1_chr08	HAP1_chr15	HAP1	HAP1	8	15	164505	213480	4197	373788	0.988772
chr08x15	43250001	43500000	HAP1_chr08	HAP2_chr15	HAP1	HAP2	8	15	164505	226219	4313	386411	0.988838
chr08x15	43250001	43500000	HAP1_chr15	HAP2_chr08	HAP1	HAP2	15	8	213480	192562	4567	401475	0.988624
chr08x15	43250001	43500000	HAP2_chr08	HAP2_chr15	HAP2	HAP2	8	15	192562	226219	4924	413857	0.988102
chr08x15	43500001	43750000	HAP1_chr08	HAP1_chr15	HAP1	HAP1	8	15	222980	229124	12409	439695	0.971778
chr08x15	43500001	43750000	HAP1_chr08	HAP2_chr15	HAP1	HAP2	8	15	222980	226217	12239	436958	0.971990
chr08x15	43500001	43750000	HAP1_chr15	HAP2_chr08	HAP1	HAP2	15	8	229124	223306	9479	442951	0.978600
chr08x15	43500001	43750000	HAP2_chr08	HAP2_chr15	HAP2	HAP2	8	15	223306	226217	9325	440198	0.978816
chr08x15	43750001	44000000	HAP1_chr08	HAP1_chr15	HAP1	HAP1	8	15	197953	221025	4166	414812	0.989957
chr08x15	43750001	44000000	HAP1_chr08	HAP2_chr15	HAP1	HAP2	8	15	197953	226519	3725	420747	0.991147
chr08x15	43750001	44000000	HAP1_chr15	HAP2_chr08	HAP1	HAP2	15	8	221025	201891	4367	418549	0.989566
chr08x15	43750001	44000000	HAP2_chr08	HAP2_chr15	HAP2	HAP2	8	15	201891	226519	4105	424305	0.990325
chr08x15	44000001	44250000	HAP1_chr08	HAP1_chr15	HAP1	HAP1	8	15	224718	220092	9585	435225	0.977977
chr08x15	44000001	44250000	HAP1_chr08	HAP2_chr15	HAP1	HAP2	8	15	224718	217529	10171	432076	0.976460
chr08x15	44000001	44250000	HAP1_chr15	HAP2_chr08	HAP1	HAP2	15	8	220092	217793	10422	427463	0.975619
chr08x15	44000001	44250000	HAP2_chr08	HAP2_chr15	HAP2	HAP2	8	15	217793	217529	11045	424277	0.973967
chr08x15	44250001	44500000	HAP1_chr08	HAP1_chr15	HAP1	HAP1	8	15	211219	219947	10248	420918	0.975653
chr08x15	44250001	44500000	HAP1_chr08	HAP2_chr15	HAP1	HAP2	8	15	211219	207381	7882	410718	0.980809
chr08x15	44250001	44500000	HAP1_chr15	HAP2_chr08	HAP1	HAP2	15	8	219947	221392	10699	430640	0.975156
chr08x15	44250001	44500000	HAP2_chr08	HAP2_chr15	HAP2	HAP2	8	15	221392	207381	8171	420602	0.980573
chr08x15	44500001	44750000	HAP1_chr08	HAP1_chr15	HAP1	HAP1	8	15	227479	224699	2723	449455	0.993942
chr08x15	44500001	44750000	HAP1_chr08	HAP2_chr15	HAP1	HAP2	8	15	227479	234474	2778	459175	0.993950
chr08x15	44500001	44750000	HAP1_chr15	HAP2_chr08	HAP1	HAP2	15	8	224699	205225	4670	425254	0.989018
chr08x15	44500001	44750000	HAP2_chr08	HAP2_chr15	HAP2	HAP2	8	15	205225	234474	5073	434626	0.988328
chr08x15	44750001	45000000	HAP1_chr08	HAP1_chr15	HAP1	HAP1	8	15	202144	227326	2733	426737	0.993596
chr08x15	44750001	45000000	HAP1_chr08	HAP2_chr15	HAP1	HAP2	8	15	202144	222467	3451	421160	0.991806
chr08x15	44750001	45000000	HAP1_chr15	HAP2_chr08	HAP1	HAP2	15	8	227326	191857	2547	416636	0.993887
chr08x15	44750001	45000000	HAP2_chr08	HAP2_chr15	HAP2	HAP2	8	15	191857	222467	3364	410960	0.991814
chr08x15	45000001	45250000	HAP1_chr08	HAP1_chr15	HAP1	HAP1	8	15	138908	234614	6028	367494	0.983597
chr08x15	45000001	45250000	HAP1_chr08	HAP2_chr15	HAP1	HAP2	8	15	138908	231026	6003	363931	0.983505
chr08x15	45000001	45250000	HAP1_chr15	HAP2_chr08	HAP1	HAP2	15	8	234614	180869	6002	409481	0.985342
chr08x15	45000001	45250000	HAP2_chr08	HAP2_chr15	HAP2	HAP2	8	15	180869	231026	6175	405720	0.984780
chr08x15	45250001	45500000	HAP1_chr08	HAP1_chr15	HAP1	HAP1	8	15	228797	232037	10499	450335	0.976686
chr08x15	45250001	45500000	HAP1_chr08	HAP2_chr15	HAP1	HAP2	8	15	228797	232096	10240	450653	0.977277
chr08x15	45250001	45500000	HAP1_chr15	HAP2_chr08	HAP1	HAP2	15	8	232037	207935	11516	428456	0.973122
chr08x15	45250001	45500000	HAP2_chr08	HAP2_chr15	HAP2	HAP2	8	15	207935	232096	10173	429858	0.976334
chr08x15	45500001	45750000	HAP1_chr08	HAP1_chr15	HAP1	HAP1	8	15	203949	218280	8012	414217	0.980657
chr08x15	45500001	45750000	HAP1_chr08	HAP2_chr15	HAP1	HAP2	8	15	203949	221812	7112	418649	0.983012
chr08x15	45500001	45750000	HAP1_chr15	HAP2_chr08	HAP1	HAP2	15	8	218280	224811	7962	435129	0.981702
chr08x15	45500001	45750000	HAP2_chr08	HAP2_chr15	HAP2	HAP2	8	15	224811	221812	7111	439512	0.983821
chr08x15	45750001	46000000	HAP1_chr08	HAP1_chr15	HAP1	HAP1	8	15	227907	224288	3479	448716	0.992247
chr08x15	45750001	46000000	HAP1_chr08	HAP2_chr15	HAP1	HAP2	8	15	227907	219199	4146	442960	0.990640
chr08x15	45750001	46000000	HAP1_chr15	HAP2_chr08	HAP1	HAP2	15	8	224288	226952	3296	447944	0.992642
chr08x15	45750001	46000000	HAP2_chr08	HAP2_chr15	HAP2	HAP2	8	15	226952	219199	3300	442851	0.992548
chr08x15	46000001	46250000	HAP1_chr08	HAP1_chr15	HAP1	HAP1	8	15	206777	218919	9085	416611	0.978193
chr08x15	46000001	46250000	HAP1_chr08	HAP2_chr15	HAP1	HAP2	8	15	206777	220143	9462	417458	0.977334
chr08x15	46000001	46250000	HAP1_chr15	HAP2_chr08	HAP1	HAP2	15	8	218919	197864	7769	409014	0.981006
chr08x15	46000001	46250000	HAP2_chr08	HAP2_chr15	HAP2	HAP2	8	15	197864	220143	8051	409956	0.980361
chr08x15	46250001	46500000	HAP1_chr08	HAP1_chr15	HAP1	HAP1	8	15	212117	225346	2614	434849	0.993989
chr08x15	46250001	46500000	HAP1_chr08	HAP2_chr15	HAP1	HAP2	8	15	212117	223716	2189	433644	0.994952
chr08x15	46250001	46500000	HAP1_chr15	HAP2_chr08	HAP1	HAP2	15	8	225346	228653	4268	449731	0.990510
chr08x15	46250001	46500000	HAP2_chr08	HAP2_chr15	HAP2	HAP2	8	15	228653	223716	4340	448029	0.990313
chr08x15	46500001	46750000	HAP1_chr08	HAP1_chr15	HAP1	HAP1	8	15	227343	225050	4102	448291	0.990850
chr08x15	46500001	46750000	HAP1_chr08	HAP2_chr15	HAP1	HAP2	8	15	227343	222436	3584	446195	0.991968
chr08x15	46500001	46750000	HAP1_chr15	HAP2_chr08	HAP1	HAP2	15	8	225050	229877	3759	451168	0.991668
chr08x15	46500001	46750000	HAP2_chr08	HAP2_chr15	HAP2	HAP2	8	15	229877	222436	2742	449571	0.993901
chr08x15	46750001	47000000	HAP1_chr08	HAP1_chr15	HAP1	HAP1	8	15	233044	225801	3725	455120	0.991815
chr08x15	46750001	47000000	HAP1_chr08	HAP2_chr15	HAP1	HAP2	8	15	233044	228531	3495	458080	0.992370
chr08x15	46750001	47000000	HAP1_chr15	HAP2_chr08	HAP1	HAP2	15	8	225801	224039	4110	445730	0.990779
chr08x15	46750001	47000000	HAP2_chr08	HAP2_chr15	HAP2	HAP2	8	15	224039	228531	3941	448629	0.991215
chr08x15	47000001	47250000	HAP1_chr08	HAP1_chr15	HAP1	HAP1	8	15	222487	226926	5105	444308	0.988510
chr08x15	47000001	47250000	HAP1_chr08	HAP2_chr15	HAP1	HAP2	8	15	222487	226949	5497	443939	0.987618
chr08x15	47000001	47250000	HAP1_chr15	HAP2_chr08	HAP1	HAP2	15	8	226926	216496	4168	439254	0.990511
chr08x15	47000001	47250000	HAP2_chr08	HAP2_chr15	HAP2	HAP2	8	15	216496	226949	4072	439373	0.990732
chr08x15	47250001	47500000	HAP1_chr08	HAP1_chr15	HAP1	HAP1	8	15	219353	237876	1604	455625	0.996480
chr08x15	47250001	47500000	HAP1_chr08	HAP2_chr15	HAP1	HAP2	8	15	219353	235630	1341	453642	0.997044
chr08x15	47250001	47500000	HAP1_chr15	HAP2_chr08	HAP1	HAP2	15	8	237876	216095	1802	452169	0.996015
chr08x15	47250001	47500000	HAP2_chr08	HAP2_chr15	HAP2	HAP2	8	15	216095	235630	1282	450443	0.997154
chr08x15	47500001	47750000	HAP1_chr08	HAP1_chr15	HAP1	HAP1	8	15	215078	215088	2033	428133	0.995251
chr08x15	47500001	47750000	HAP1_chr08	HAP2_chr15	HAP1	HAP2	8	15	215078	212920	2728	425270	0.993585
chr08x15	47500001	47750000	HAP1_chr15	HAP2_chr08	HAP1	HAP2	15	8	215088	222810	2179	435719	0.994999
chr08x15	47500001	47750000	HAP2_chr08	HAP2_chr15	HAP2	HAP2	8	15	222810	212920	2801	432929	0.993530
chr08x15	47750001	48000000	HAP1_chr08	HAP1_chr15	HAP1	HAP1	8	15	218568	225672	2811	441429	0.993632
chr08x15	47750001	48000000	HAP1_chr08	HAP2_chr15	HAP1	HAP2	8	15	218568	229782	2066	446284	0.995371
chr08x15	47750001	48000000	HAP1_chr15	HAP2_chr08	HAP1	HAP2	15	8	225672	216174	2943	438903	0.993295
chr08x15	47750001	48000000	HAP2_chr08	HAP2_chr15	HAP2	HAP2	8	15	216174	229782	2400	443556	0.994589
chr08x15	48000001	48250000	HAP1_chr08	HAP1_chr15	HAP1	HAP1	8	15	216660	199260	4428	411492	0.989239
chr08x15	48000001	48250000	HAP1_chr08	HAP2_chr15	HAP1	HAP2	8	15	216660	199605	4153	412112	0.989923
chr08x15	48000001	48250000	HAP1_chr15	HAP2_chr08	HAP1	HAP2	15	8	199260	216201	3853	411608	0.990639
chr08x15	48000001	48250000	HAP2_chr08	HAP2_chr15	HAP2	HAP2	8	15	216201	199605	3794	412012	0.990792
chr08x15	48250001	48500000	HAP1_chr08	HAP1_chr15	HAP1	HAP1	8	15	227180	220052	6934	440298	0.984252
chr08x15	48250001	48500000	HAP1_chr08	HAP2_chr15	HAP1	HAP2	8	15	227180	220697	7181	440696	0.983705
chr08x15	48250001	48500000	HAP1_chr15	HAP2_chr08	HAP1	HAP2	15	8	220052	234816	3108	451760	0.993120
chr08x15	48250001	48500000	HAP2_chr08	HAP2_chr15	HAP2	HAP2	8	15	234816	220697	3331	452182	0.992633
chr08x15	48500001	48750000	HAP1_chr08	HAP1_chr15	HAP1	HAP1	8	15	216858	224233	2180	438911	0.995033
chr08x15	48500001	48750000	HAP1_chr08	HAP2_chr15	HAP1	HAP2	8	15	216858	220790	2245	435403	0.994844
chr08x15	48500001	48750000	HAP1_chr15	HAP2_chr08	HAP1	HAP2	15	8	224233	206548	4336	426445	0.989832
chr08x15	48500001	48750000	HAP2_chr08	HAP2_chr15	HAP2	HAP2	8	15	206548	220790	4437	422901	0.989508
chr08x15	48750001	49000000	HAP1_chr08	HAP1_chr15	HAP1	HAP1	8	15	213517	204027	10855	406689	0.973309
chr08x15	48750001	49000000	HAP1_chr08	HAP2_chr15	HAP1	HAP2	8	15	213517	209703	10015	413205	0.975763
chr08x15	48750001	49000000	HAP1_chr15	HAP2_chr08	HAP1	HAP2	15	8	204027	208466	11999	400494	0.970040
chr08x15	48750001	49000000	HAP2_chr08	HAP2_chr15	HAP2	HAP2	8	15	208466	209703	11164	407005	0.972570
chr08x15	49000001	49250000	HAP1_chr08	HAP1_chr15	HAP1	HAP1	8	15	223813	230010	2480	451343	0.994505
chr08x15	49000001	49250000	HAP1_chr08	HAP2_chr15	HAP1	HAP2	8	15	223813	230328	2490	451651	0.994487
chr08x15	49000001	49250000	HAP1_chr15	HAP2_chr08	HAP1	HAP2	15	8	230010	224013	1419	452604	0.996865
chr08x15	49000001	49250000	HAP2_chr08	HAP2_chr15	HAP2	HAP2	8	15	224013	230328	1371	452970	0.996973
chr08x15	49250001	49500000	HAP1_chr08	HAP1_chr15	HAP1	HAP1	8	15	220061	221377	8620	432818	0.980084
chr08x15	49250001	49500000	HAP1_chr08	HAP2_chr15	HAP1	HAP2	8	15	220061	216229	9113	427177	0.978667
chr08x15	49250001	49500000	HAP1_chr15	HAP2_chr08	HAP1	HAP2	15	8	221377	219953	7108	434222	0.983630
chr08x15	49250001	49500000	HAP2_chr08	HAP2_chr15	HAP2	HAP2	8	15	219953	216229	7577	428605	0.982322
chr08x15	49500001	49750000	HAP1_chr08	HAP1_chr15	HAP1	HAP1	8	15	220666	218090	5305	433451	0.987761
chr08x15	49500001	49750000	HAP1_chr08	HAP2_chr15	HAP1	HAP2	8	15	220666	223789	5132	439323	0.988318
chr08x15	49500001	49750000	HAP1_chr15	HAP2_chr08	HAP1	HAP2	15	8	218090	212278	4876	425492	0.988540
chr08x15	49500001	49750000	HAP2_chr08	HAP2_chr15	HAP2	HAP2	8	15	212278	223789	4712	431355	0.989076
chr08x15	49750001	50000000	HAP1_chr08	HAP1_chr15	HAP1	HAP1	8	15	214487	237005	1450	450042	0.996778
chr08x15	49750001	50000000	HAP1_chr08	HAP2_chr15	HAP1	HAP2	8	15	214487	238800	1464	451823	0.996760
chr08x15	49750001	50000000	HAP1_chr15	HAP2_chr08	HAP1	HAP2	15	8	237005	224240	3889	457356	0.991497
chr08x15	49750001	50000000	HAP2_chr08	HAP2_chr15	HAP2	HAP2	8	15	224240	238800	3907	459133	0.991490
chr08x15	50000001	50250000	HAP1_chr08	HAP1_chr15	HAP1	HAP1	8	15	212892	239976	1879	450989	0.995834
chr08x15	50000001	50250000	HAP1_chr08	HAP2_chr15	HAP1	HAP2	8	15	212892	239738	1872	450758	0.995847
chr08x15	50000001	50250000	HAP1_chr15	HAP2_chr08	HAP1	HAP2	15	8	239976	220097	1026	459047	0.997765
chr08x15	50000001	50250000	HAP2_chr08	HAP2_chr15	HAP2	HAP2	8	15	220097	239738	1018	458817	0.997781
chr08x15	50250001	50500000	HAP1_chr08	HAP1_chr15	HAP1	HAP1	8	15	207228	224253	2703	428778	0.993696
chr08x15	50250001	50500000	HAP1_chr08	HAP2_chr15	HAP1	HAP2	8	15	207228	223981	2739	428470	0.993607
chr08x15	50250001	50500000	HAP1_chr15	HAP2_chr08	HAP1	HAP2	15	8	224253	204824	3442	425635	0.991913
chr08x15	50250001	50500000	HAP2_chr08	HAP2_chr15	HAP2	HAP2	8	15	204824	223981	3470	425335	0.991842
chr08x15	50500001	50750000	HAP1_chr08	HAP1_chr15	HAP1	HAP1	8	15	225101	215691	2892	437900	0.993396
chr08x15	50500001	50750000	HAP1_chr08	HAP2_chr15	HAP1	HAP2	8	15	225101	224063	2948	446216	0.993393
chr08x15	50500001	50750000	HAP1_chr15	HAP2_chr08	HAP1	HAP2	15	8	215691	211121	2883	423929	0.993199
chr08x15	50500001	50750000	HAP2_chr08	HAP2_chr15	HAP2	HAP2	8	15	211121	224063	2878	432306	0.993343
chr08x15	50750001	51000000	HAP1_chr08	HAP1_chr15	HAP1	HAP1	8	15	213010	225419	6215	432214	0.985621
chr08x15	50750001	51000000	HAP1_chr08	HAP2_chr15	HAP1	HAP2	8	15	213010	225683	5927	432766	0.986304
chr08x15	50750001	51000000	HAP1_chr15	HAP2_chr08	HAP1	HAP2	15	8	225419	227777	5169	448027	0.988463
chr08x15	50750001	51000000	HAP2_chr08	HAP2_chr15	HAP2	HAP2	8	15	227777	225683	5108	448352	0.988607
chr08x15	51000001	51250000	HAP1_chr08	HAP1_chr15	HAP1	HAP1	8	15	210526	228396	3152	435770	0.992767
chr08x15	51000001	51250000	HAP1_chr08	HAP2_chr15	HAP1	HAP2	8	15	210526	225435	3187	432774	0.992636
chr08x15	51000001	51250000	HAP1_chr15	HAP2_chr08	HAP1	HAP2	15	8	228396	215662	4135	439923	0.990601
chr08x15	51000001	51250000	HAP2_chr08	HAP2_chr15	HAP2	HAP2	8	15	215662	225435	4547	436550	0.989584
chr08x15	51250001	51500000	HAP1_chr08	HAP1_chr15	HAP1	HAP1	8	15	218234	232064	2907	447391	0.993502
chr08x15	51250001	51500000	HAP1_chr08	HAP2_chr15	HAP1	HAP2	8	15	218234	232378	2353	448259	0.994751
chr08x15	51250001	51500000	HAP1_chr15	HAP2_chr08	HAP1	HAP2	15	8	232064	221495	2028	451531	0.995509
chr08x15	51250001	51500000	HAP2_chr08	HAP2_chr15	HAP2	HAP2	8	15	221495	232378	1777	452096	0.996069
chr08x15	51500001	51750000	HAP1_chr08	HAP1_chr15	HAP1	HAP1	8	15	208505	216688	1027	424166	0.997579
chr08x15	51500001	51750000	HAP1_chr08	HAP2_chr15	HAP1	HAP2	8	15	208505	215661	1005	423161	0.997625
chr08x15	51500001	51750000	HAP1_chr15	HAP2_chr08	HAP1	HAP2	15	8	216688	205468	1024	421132	0.997568
chr08x15	51500001	51750000	HAP2_chr08	HAP2_chr15	HAP2	HAP2	8	15	205468	215661	972	420157	0.997687
chr08x15	51750001	52000000	HAP1_chr08	HAP1_chr15	HAP1	HAP1	8	15	200703	228827	1400	428130	0.996730
chr08x15	51750001	52000000	HAP1_chr08	HAP2_chr15	HAP1	HAP2	8	15	200703	230121	1409	429415	0.996719
chr08x15	51750001	52000000	HAP1_chr15	HAP2_chr08	HAP1	HAP2	15	8	228827	207526	1252	435101	0.997123
chr08x15	51750001	52000000	HAP2_chr08	HAP2_chr15	HAP2	HAP2	8	15	207526	230121	1260	436387	0.997113
chr08x15	52000001	52250000	HAP1_chr08	HAP1_chr15	HAP1	HAP1	8	15	213573	239988	3405	450156	0.992436
chr08x15	52000001	52250000	HAP1_chr08	HAP2_chr15	HAP1	HAP2	8	15	213573	240143	3682	450034	0.991818
chr08x15	52000001	52250000	HAP1_chr15	HAP2_chr08	HAP1	HAP2	15	8	239988	210597	3455	447130	0.992273
chr08x15	52000001	52250000	HAP2_chr08	HAP2_chr15	HAP2	HAP2	8	15	210597	240143	3621	447119	0.991901
chr08x15	52250001	52500000	HAP1_chr08	HAP1_chr15	HAP1	HAP1	8	15	211749	238879	2726	447902	0.993914
chr08x15	52250001	52500000	HAP1_chr08	HAP2_chr15	HAP1	HAP2	8	15	211749	238668	3564	446853	0.992024
chr08x15	52250001	52500000	HAP1_chr15	HAP2_chr08	HAP1	HAP2	15	8	238879	222695	9664	451910	0.978615
chr08x15	52250001	52500000	HAP2_chr08	HAP2_chr15	HAP2	HAP2	8	15	222695	238668	10457	450906	0.976809
chr08x15	52500001	52750000	HAP1_chr08	HAP1_chr15	HAP1	HAP1	8	15	222146	233366	3830	451682	0.991521
chr08x15	52500001	52750000	HAP1_chr08	HAP2_chr15	HAP1	HAP2	8	15	222146	232535	3751	450930	0.991682
chr08x15	52500001	52750000	HAP1_chr15	HAP2_chr08	HAP1	HAP2	15	8	233366	226674	6036	454004	0.986705
chr08x15	52500001	52750000	HAP2_chr08	HAP2_chr15	HAP2	HAP2	8	15	226674	232535	2400	456809	0.994746
chr08x15	52750001	53000000	HAP1_chr08	HAP1_chr15	HAP1	HAP1	8	15	214968	231803	4282	442489	0.990323
chr08x15	52750001	53000000	HAP1_chr08	HAP2_chr15	HAP1	HAP2	8	15	214968	232416	4328	443056	0.990231
chr08x15	52750001	53000000	HAP1_chr15	HAP2_chr08	HAP1	HAP2	15	8	231803	214880	1747	444936	0.996074
chr08x15	52750001	53000000	HAP2_chr08	HAP2_chr15	HAP2	HAP2	8	15	214880	232416	1741	445555	0.996093
chr08x15	53000001	53250000	HAP1_chr08	HAP1_chr15	HAP1	HAP1	8	15	218020	237870	1708	454182	0.996239
chr08x15	53000001	53250000	HAP1_chr08	HAP2_chr15	HAP1	HAP2	8	15	218020	219935	1660	436295	0.996195
chr08x15	53000001	53250000	HAP1_chr15	HAP2_chr08	HAP1	HAP2	15	8	237870	224126	1936	460060	0.995792
chr08x15	53000001	53250000	HAP2_chr08	HAP2_chr15	HAP2	HAP2	8	15	224126	219935	1739	442322	0.996068
chr08x15	53250001	53500000	HAP1_chr08	HAP1_chr15	HAP1	HAP1	8	15	222934	224817	1531	446220	0.996569
chr08x15	53250001	53500000	HAP1_chr08	HAP2_chr15	HAP1	HAP2	8	15	222934	235067	1674	456327	0.996332
chr08x15	53250001	53500000	HAP1_chr15	HAP2_chr08	HAP1	HAP2	15	8	224817	211973	1036	435754	0.997623
chr08x15	53250001	53500000	HAP2_chr08	HAP2_chr15	HAP2	HAP2	8	15	211973	235067	1199	445841	0.997311
chr08x15	53500001	53750000	HAP1_chr08	HAP1_chr15	HAP1	HAP1	8	15	210698	196132	3898	402932	0.990326
chr08x15	53500001	53750000	HAP1_chr08	HAP2_chr15	HAP1	HAP2	8	15	210698	176096	3734	383060	0.990252
chr08x15	53500001	53750000	HAP1_chr15	HAP2_chr08	HAP1	HAP2	15	8	196132	213946	6175	403903	0.984712
chr08x15	53500001	53750000	HAP2_chr08	HAP2_chr15	HAP2	HAP2	8	15	213946	176096	5481	384561	0.985747
chr08x15	53750001	54000000	HAP1_chr08	HAP1_chr15	HAP1	HAP1	8	15	225135	217286	4059	438362	0.990741
chr08x15	53750001	54000000	HAP1_chr08	HAP2_chr15	HAP1	HAP2	8	15	225135	218096	4024	439207	0.990838
chr08x15	53750001	54000000	HAP1_chr15	HAP2_chr08	HAP1	HAP2	15	8	217286	221549	1953	436882	0.995530
chr08x15	53750001	54000000	HAP2_chr08	HAP2_chr15	HAP2	HAP2	8	15	221549	218096	2169	437476	0.995042
chr08x15	54000001	54250000	HAP1_chr08	HAP1_chr15	HAP1	HAP1	8	15	213536	231659	2936	442259	0.993361
chr08x15	54000001	54250000	HAP1_chr08	HAP2_chr15	HAP1	HAP2	8	15	213536	231330	2936	441930	0.993356
chr08x15	54000001	54250000	HAP1_chr15	HAP2_chr08	HAP1	HAP2	15	8	231659	222047	3971	449735	0.991170
chr08x15	54000001	54250000	HAP2_chr08	HAP2_chr15	HAP2	HAP2	8	15	222047	231330	4010	449367	0.991076
chr08x15	54250001	54500000	HAP1_chr08	HAP1_chr15	HAP1	HAP1	8	15	232118	241296	2878	470536	0.993884
chr08x15	54250001	54500000	HAP1_chr08	HAP2_chr15	HAP1	HAP2	8	15	232118	241294	2812	470600	0.994025
chr08x15	54250001	54500000	HAP1_chr15	HAP2_chr08	HAP1	HAP2	15	8	241296	205461	1626	445131	0.996347
chr08x15	54250001	54500000	HAP2_chr08	HAP2_chr15	HAP2	HAP2	8	15	205461	241294	1627	445128	0.996345
chr08x15	54500001	54750000	HAP1_chr08	HAP1_chr15	HAP1	HAP1	8	15	216474	233188	1119	448543	0.997505
chr08x15	54500001	54750000	HAP1_chr08	HAP2_chr15	HAP1	HAP2	8	15	216474	232654	1120	448008	0.997500
chr08x15	54500001	54750000	HAP1_chr15	HAP2_chr08	HAP1	HAP2	15	8	233188	224968	1717	456439	0.996238
chr08x15	54500001	54750000	HAP2_chr08	HAP2_chr15	HAP2	HAP2	8	15	224968	232654	1720	455902	0.996227
chr08x15	54750001	55000000	HAP1_chr08	HAP1_chr15	HAP1	HAP1	8	15	209226	172655	2504	379377	0.993400
chr08x15	54750001	55000000	HAP1_chr08	HAP2_chr15	HAP1	HAP2	8	15	209226	172605	2502	379329	0.993404
chr08x15	54750001	55000000	HAP1_chr15	HAP2_chr08	HAP1	HAP2	15	8	172655	214487	2256	384886	0.994139
chr08x15	54750001	55000000	HAP2_chr08	HAP2_chr15	HAP2	HAP2	8	15	214487	172605	2255	384837	0.994140
chr08x15	55000001	55250000	HAP1_chr08	HAP1_chr15	HAP1	HAP1	8	15	212146	231993	2565	441574	0.994191
chr08x15	55000001	55250000	HAP1_chr08	HAP2_chr15	HAP1	HAP2	8	15	212146	232873	2568	442451	0.994196
chr08x15	55000001	55250000	HAP1_chr15	HAP2_chr08	HAP1	HAP2	15	8	231993	220385	1518	450860	0.996633
chr08x15	55000001	55250000	HAP2_chr08	HAP2_chr15	HAP2	HAP2	8	15	220385	232873	1520	451738	0.996635
chr08x15	55250001	55500000	HAP1_chr08	HAP1_chr15	HAP1	HAP1	8	15	218247	231648	6159	443736	0.986120
chr08x15	55250001	55500000	HAP1_chr08	HAP2_chr15	HAP1	HAP2	8	15	218247	230861	6165	442943	0.986082
chr08x15	55250001	55500000	HAP1_chr15	HAP2_chr08	HAP1	HAP2	15	8	231648	208564	5059	435153	0.988374
chr08x15	55250001	55500000	HAP2_chr08	HAP2_chr15	HAP2	HAP2	8	15	208564	230861	5064	434361	0.988341
chr08x15	55500001	55750000	HAP1_chr08	HAP1_chr15	HAP1	HAP1	8	15	217149	216488	3866	429771	0.991005
chr08x15	55500001	55750000	HAP1_chr08	HAP2_chr15	HAP1	HAP2	8	15	217149	217230	3445	430934	0.992006
chr08x15	55500001	55750000	HAP1_chr15	HAP2_chr08	HAP1	HAP2	15	8	216488	225761	5053	437196	0.988442
chr08x15	55500001	55750000	HAP2_chr08	HAP2_chr15	HAP2	HAP2	8	15	225761	217230	5048	437943	0.988473
chr08x15	55750001	56000000	HAP1_chr08	HAP1_chr15	HAP1	HAP1	8	15	193049	224303	2437	414915	0.994127
chr08x15	55750001	56000000	HAP1_chr08	HAP2_chr15	HAP1	HAP2	8	15	193049	223865	2195	414719	0.994707
chr08x15	55750001	56000000	HAP1_chr15	HAP2_chr08	HAP1	HAP2	15	8	224303	180423	2199	402527	0.994537
chr08x15	55750001	56000000	HAP2_chr08	HAP2_chr15	HAP2	HAP2	8	15	180423	223865	947	403341	0.997652
chr08x15	56000001	56250000	HAP1_chr08	HAP1_chr15	HAP1	HAP1	8	15	210578	236362	4931	442009	0.988844
chr08x15	56000001	56250000	HAP1_chr08	HAP2_chr15	HAP1	HAP2	8	15	210578	236427	4985	442020	0.988722
chr08x15	56000001	56250000	HAP1_chr15	HAP2_chr08	HAP1	HAP2	15	8	236362	225915	4564	457713	0.990029
chr08x15	56000001	56250000	HAP2_chr08	HAP2_chr15	HAP2	HAP2	8	15	225915	236427	4766	457576	0.989584
chr08x15	56250001	56500000	HAP1_chr08	HAP1_chr15	HAP1	HAP1	8	15	213395	231760	3122	442033	0.992937
chr08x15	56250001	56500000	HAP1_chr08	HAP2_chr15	HAP1	HAP2	8	15	213395	233146	3026	443515	0.993177
chr08x15	56250001	56500000	HAP1_chr15	HAP2_chr08	HAP1	HAP2	15	8	231760	213054	2402	442412	0.994571
chr08x15	56250001	56500000	HAP2_chr08	HAP2_chr15	HAP2	HAP2	8	15	213054	233146	2249	443951	0.994934
chr08x15	56500001	56750000	HAP1_chr08	HAP1_chr15	HAP1	HAP1	8	15	216224	174344	5948	384620	0.984535
chr08x15	56500001	56750000	HAP1_chr08	HAP2_chr15	HAP1	HAP2	8	15	216224	171932	6224	381932	0.983704
chr08x15	56500001	56750000	HAP1_chr15	HAP2_chr08	HAP1	HAP2	15	8	174344	207630	6077	375897	0.983833
chr08x15	56500001	56750000	HAP2_chr08	HAP2_chr15	HAP2	HAP2	8	15	207630	171932	6349	373213	0.982988
chr08x15	56750001	57000000	HAP1_chr08	HAP1_chr15	HAP1	HAP1	8	15	216332	49440	5285	260487	0.979711
chr08x15	56750001	57000000	HAP1_chr08	HAP2_chr15	HAP1	HAP2	8	15	216332	42255	3311	255276	0.987030
chr08x15	56750001	57000000	HAP1_chr15	HAP2_chr08	HAP1	HAP2	15	8	49440	218960	5241	263159	0.980084
chr08x15	56750001	57000000	HAP2_chr08	HAP2_chr15	HAP2	HAP2	8	15	218960	42255	2551	258664	0.990138
chr08x15	57000001	57046962	HAP1_chr08	HAP1_chr15	HAP1	HAP1	8	15	43674	15796	6	59464	0.999899
chr08x15	57000001	57046962	HAP1_chr08	HAP2_chr15	HAP1	HAP2	8	15	43674	26993	12	70655	0.999830
chr08x15	57000001	57046962	HAP1_chr15	HAP2_chr08	HAP1	HAP2	15	8	15796	43782	1420	58158	0.975584
chr08x15	57000001	57046962	HAP2_chr08	HAP2_chr15	HAP2	HAP2	8	15	43782	26993	1429	69346	0.979393
chr09x18	1	250000	HAP1_chr09	HAP1_chr18	HAP1	HAP1	9	18	50627	67893	4403	114117	0.961417
chr09x18	1	250000	HAP1_chr09	HAP2_chr18	HAP1	HAP2	9	18	50627	67893	4403	114117	0.961417
chr09x18	1	250000	HAP1_chr18	HAP2_chr09	HAP1	HAP2	18	9	67893	50627	4403	114117	0.961417
chr09x18	1	250000	HAP2_chr09	HAP2_chr18	HAP2	HAP2	9	18	50627	67893	4403	114117	0.961417
chr09x18	250001	500000	HAP1_chr09	HAP1_chr18	HAP1	HAP1	9	18	167505	237524	5167	399862	0.987078
chr09x18	250001	500000	HAP1_chr09	HAP2_chr18	HAP1	HAP2	9	18	167505	237524	5167	399862	0.987078
chr09x18	250001	500000	HAP1_chr18	HAP2_chr09	HAP1	HAP2	18	9	237524	167505	5167	399862	0.987078
chr09x18	250001	500000	HAP2_chr09	HAP2_chr18	HAP2	HAP2	9	18	167505	237524	5167	399862	0.987078
chr09x18	500001	750000	HAP1_chr09	HAP1_chr18	HAP1	HAP1	9	18	217070	229106	4788	441388	0.989152
chr09x18	500001	750000	HAP1_chr09	HAP2_chr18	HAP1	HAP2	9	18	217070	229106	4788	441388	0.989152
chr09x18	500001	750000	HAP1_chr18	HAP2_chr09	HAP1	HAP2	18	9	229106	219330	4810	443626	0.989158
chr09x18	500001	750000	HAP2_chr09	HAP2_chr18	HAP2	HAP2	9	18	219330	229106	4810	443626	0.989158
chr09x18	750001	1000000	HAP1_chr09	HAP1_chr18	HAP1	HAP1	9	18	203701	237638	4330	437009	0.990092
chr09x18	750001	1000000	HAP1_chr09	HAP2_chr18	HAP1	HAP2	9	18	203701	237638	4330	437009	0.990092
chr09x18	750001	1000000	HAP1_chr18	HAP2_chr09	HAP1	HAP2	18	9	237638	203495	4343	436790	0.990057
chr09x18	750001	1000000	HAP2_chr09	HAP2_chr18	HAP2	HAP2	9	18	203495	237638	4343	436790	0.990057
chr09x18	1000001	1250000	HAP1_chr09	HAP1_chr18	HAP1	HAP1	9	18	219280	230092	6622	442750	0.985043
chr09x18	1000001	1250000	HAP1_chr09	HAP2_chr18	HAP1	HAP2	9	18	219280	230092	6622	442750	0.985043
chr09x18	1000001	1250000	HAP1_chr18	HAP2_chr09	HAP1	HAP2	18	9	230092	219339	6596	442835	0.985105
chr09x18	1000001	1250000	HAP2_chr09	HAP2_chr18	HAP2	HAP2	9	18	219339	230092	6596	442835	0.985105
chr09x18	1250001	1500000	HAP1_chr09	HAP1_chr18	HAP1	HAP1	9	18	195118	224151	8320	410949	0.979754
chr09x18	1250001	1500000	HAP1_chr09	HAP2_chr18	HAP1	HAP2	9	18	195118	224151	8320	410949	0.979754
chr09x18	1250001	1500000	HAP1_chr18	HAP2_chr09	HAP1	HAP2	18	9	224151	197342	8322	413171	0.979858
chr09x18	1250001	1500000	HAP2_chr09	HAP2_chr18	HAP2	HAP2	9	18	197342	224151	8322	413171	0.979858
chr09x18	1500001	1750000	HAP1_chr09	HAP1_chr18	HAP1	HAP1	9	18	216909	222519	5098	434330	0.988262
chr09x18	1500001	1750000	HAP1_chr09	HAP2_chr18	HAP1	HAP2	9	18	216909	222519	5098	434330	0.988262
chr09x18	1500001	1750000	HAP1_chr18	HAP2_chr09	HAP1	HAP2	18	9	222519	216914	5094	434339	0.988272
chr09x18	1500001	1750000	HAP2_chr09	HAP2_chr18	HAP2	HAP2	9	18	216914	222519	5094	434339	0.988272
chr09x18	1750001	2000000	HAP1_chr09	HAP1_chr18	HAP1	HAP1	9	18	187774	232864	4271	416367	0.989742
chr09x18	1750001	2000000	HAP1_chr09	HAP2_chr18	HAP1	HAP2	9	18	187774	232864	4271	416367	0.989742
chr09x18	1750001	2000000	HAP1_chr18	HAP2_chr09	HAP1	HAP2	18	9	232864	191651	4325	420190	0.989707
chr09x18	1750001	2000000	HAP2_chr09	HAP2_chr18	HAP2	HAP2	9	18	191651	232864	4325	420190	0.989707
chr09x18	2000001	2250000	HAP1_chr09	HAP1_chr18	HAP1	HAP1	9	18	207167	227463	3757	430873	0.991280
chr09x18	2000001	2250000	HAP1_chr09	HAP2_chr18	HAP1	HAP2	9	18	207167	227463	3757	430873	0.991280
chr09x18	2000001	2250000	HAP1_chr18	HAP2_chr09	HAP1	HAP2	18	9	227463	207792	3760	431495	0.991286
chr09x18	2000001	2250000	HAP2_chr09	HAP2_chr18	HAP2	HAP2	9	18	207792	227463	3760	431495	0.991286
chr09x18	2250001	2500000	HAP1_chr09	HAP1_chr18	HAP1	HAP1	9	18	179174	226559	3347	402386	0.991682
chr09x18	2250001	2500000	HAP1_chr09	HAP2_chr18	HAP1	HAP2	9	18	179174	226559	3347	402386	0.991682
chr09x18	2250001	2500000	HAP1_chr18	HAP2_chr09	HAP1	HAP2	18	9	226559	175561	3298	398822	0.991731
chr09x18	2250001	2500000	HAP2_chr09	HAP2_chr18	HAP2	HAP2	9	18	175561	226559	3298	398822	0.991731
chr09x18	2500001	2750000	HAP1_chr09	HAP1_chr18	HAP1	HAP1	9	18	138521	222871	3353	358039	0.990635
chr09x18	2500001	2750000	HAP1_chr09	HAP2_chr18	HAP1	HAP2	9	18	138521	222871	3353	358039	0.990635
chr09x18	2500001	2750000	HAP1_chr18	HAP2_chr09	HAP1	HAP2	18	9	222871	143191	2982	363080	0.991787
chr09x18	2500001	2750000	HAP2_chr09	HAP2_chr18	HAP2	HAP2	9	18	143191	222871	2982	363080	0.991787
chr09x18	2750001	3000000	HAP1_chr09	HAP1_chr18	HAP1	HAP1	9	18	99132	218003	6760	310375	0.978220
chr09x18	2750001	3000000	HAP1_chr09	HAP2_chr18	HAP1	HAP2	9	18	99132	218003	6760	310375	0.978220
chr09x18	2750001	3000000	HAP1_chr18	HAP2_chr09	HAP1	HAP2	18	9	218003	135490	4399	349094	0.987399
chr09x18	2750001	3000000	HAP2_chr09	HAP2_chr18	HAP2	HAP2	9	18	135490	218003	4399	349094	0.987399
chr09x18	3000001	3250000	HAP1_chr09	HAP1_chr18	HAP1	HAP1	9	18	75340	216243	807	290776	0.997225
chr09x18	3000001	3250000	HAP1_chr09	HAP2_chr18	HAP1	HAP2	9	18	75340	216243	807	290776	0.997225
chr09x18	3000001	3250000	HAP1_chr18	HAP2_chr09	HAP1	HAP2	18	9	216243	89658	441	305460	0.998556
chr09x18	3000001	3250000	HAP2_chr09	HAP2_chr18	HAP2	HAP2	9	18	89658	216243	441	305460	0.998556
chr09x18	3250001	3500000	HAP1_chr09	HAP1_chr18	HAP1	HAP1	9	18	32241	146869	46	179064	0.999743
chr09x18	3250001	3500000	HAP1_chr09	HAP2_chr18	HAP1	HAP2	9	18	32241	146869	46	179064	0.999743
chr09x18	3250001	3500000	HAP1_chr18	HAP2_chr09	HAP1	HAP2	18	9	146869	148082	7108	287843	0.975306
chr09x18	3250001	3500000	HAP2_chr09	HAP2_chr18	HAP2	HAP2	9	18	148082	146869	7108	287843	0.975306
chr09x18	3500001	3750000	HAP1_chr09	HAP1_chr18	HAP1	HAP1	9	18	74479	224140	427	298192	0.998568
chr09x18	3500001	3750000	HAP1_chr09	HAP2_chr18	HAP1	HAP2	9	18	74479	224140	427	298192	0.998568
chr09x18	3500001	3750000	HAP1_chr18	HAP2_chr09	HAP1	HAP2	18	9	224140	217357	8061	433436	0.981402
chr09x18	3500001	3750000	HAP2_chr09	HAP2_chr18	HAP2	HAP2	9	18	217357	224140	8061	433436	0.981402
chr09x18	3750001	4000000	HAP1_chr09	HAP1_chr18	HAP1	HAP1	9	18	100768	208270	3636	305402	0.988094
chr09x18	3750001	4000000	HAP1_chr09	HAP2_chr18	HAP1	HAP2	9	18	100768	208270	3636	305402	0.988094
chr09x18	3750001	4000000	HAP1_chr18	HAP2_chr09	HAP1	HAP2	18	9	208270	211678	7721	412227	0.981270
chr09x18	3750001	4000000	HAP2_chr09	HAP2_chr18	HAP2	HAP2	9	18	211678	208270	7721	412227	0.981270
chr09x18	4000001	4250000	HAP1_chr09	HAP1_chr18	HAP1	HAP1	9	18	130302	216293	9391	337204	0.972150
chr09x18	4000001	4250000	HAP1_chr09	HAP2_chr18	HAP1	HAP2	9	18	130302	216295	9391	337206	0.972151
chr09x18	4000001	4250000	HAP1_chr18	HAP2_chr09	HAP1	HAP2	18	9	216293	209114	11632	413775	0.971888
chr09x18	4000001	4250000	HAP2_chr09	HAP2_chr18	HAP2	HAP2	9	18	209114	216295	11632	413777	0.971888
chr09x18	4250001	4500000	HAP1_chr09	HAP1_chr18	HAP1	HAP1	9	18	120308	229568	908	348968	0.997398
chr09x18	4250001	4500000	HAP1_chr09	HAP2_chr18	HAP1	HAP2	9	18	120308	229568	908	348968	0.997398
chr09x18	4250001	4500000	HAP1_chr18	HAP2_chr09	HAP1	HAP2	18	9	229568	204052	4602	429018	0.989273
chr09x18	4250001	4500000	HAP2_chr09	HAP2_chr18	HAP2	HAP2	9	18	204052	229568	4602	429018	0.989273
chr09x18	4500001	4750000	HAP1_chr09	HAP1_chr18	HAP1	HAP1	9	18	112364	229123	6632	334855	0.980194
chr09x18	4500001	4750000	HAP1_chr09	HAP2_chr18	HAP1	HAP2	9	18	112364	229123	6632	334855	0.980194
chr09x18	4500001	4750000	HAP1_chr18	HAP2_chr09	HAP1	HAP2	18	9	229123	210112	7316	431919	0.983062
chr09x18	4500001	4750000	HAP2_chr09	HAP2_chr18	HAP2	HAP2	9	18	210112	229123	7316	431919	0.983062
chr09x18	4750001	5000000	HAP1_chr09	HAP1_chr18	HAP1	HAP1	9	18	198255	200595	3146	395704	0.992050
chr09x18	4750001	5000000	HAP1_chr09	HAP2_chr18	HAP1	HAP2	9	18	198255	200595	3146	395704	0.992050
chr09x18	4750001	5000000	HAP1_chr18	HAP2_chr09	HAP1	HAP2	18	9	200595	200819	3867	397547	0.990273
chr09x18	4750001	5000000	HAP2_chr09	HAP2_chr18	HAP2	HAP2	9	18	200819	200595	3867	397547	0.990273
chr09x18	5000001	5250000	HAP1_chr09	HAP1_chr18	HAP1	HAP1	9	18	224689	198790	7474	416005	0.982034
chr09x18	5000001	5250000	HAP1_chr09	HAP2_chr18	HAP1	HAP2	9	18	224689	198788	7474	416003	0.982034
chr09x18	5000001	5250000	HAP1_chr18	HAP2_chr09	HAP1	HAP2	18	9	198790	233276	6086	425980	0.985713
chr09x18	5000001	5250000	HAP2_chr09	HAP2_chr18	HAP2	HAP2	9	18	233276	198788	6086	425978	0.985713
chr09x18	5250001	5500000	HAP1_chr09	HAP1_chr18	HAP1	HAP1	9	18	211542	213082	4986	419638	0.988118
chr09x18	5250001	5500000	HAP1_chr09	HAP2_chr18	HAP1	HAP2	9	18	211542	213082	4986	419638	0.988118
chr09x18	5250001	5500000	HAP1_chr18	HAP2_chr09	HAP1	HAP2	18	9	213082	228878	7142	434818	0.983575
chr09x18	5250001	5500000	HAP2_chr09	HAP2_chr18	HAP2	HAP2	9	18	228878	213082	7142	434818	0.983575
chr09x18	5500001	5750000	HAP1_chr09	HAP1_chr18	HAP1	HAP1	9	18	192650	209040	11175	390515	0.971384
chr09x18	5500001	5750000	HAP1_chr09	HAP2_chr18	HAP1	HAP2	9	18	192650	209040	11175	390515	0.971384
chr09x18	5500001	5750000	HAP1_chr18	HAP2_chr09	HAP1	HAP2	18	9	209040	228390	5633	431797	0.986955
chr09x18	5500001	5750000	HAP2_chr09	HAP2_chr18	HAP2	HAP2	9	18	228390	209040	5633	431797	0.986955
chr09x18	5750001	6000000	HAP1_chr09	HAP1_chr18	HAP1	HAP1	9	18	201101	225532	10083	416550	0.975794
chr09x18	5750001	6000000	HAP1_chr09	HAP2_chr18	HAP1	HAP2	9	18	201101	225530	10083	416548	0.975794
chr09x18	5750001	6000000	HAP1_chr18	HAP2_chr09	HAP1	HAP2	18	9	225532	196070	6757	414845	0.983712
chr09x18	5750001	6000000	HAP2_chr09	HAP2_chr18	HAP2	HAP2	9	18	196070	225530	6757	414843	0.983712
chr09x18	6000001	6250000	HAP1_chr09	HAP1_chr18	HAP1	HAP1	9	18	216741	226863	10850	432754	0.974928
chr09x18	6000001	6250000	HAP1_chr09	HAP2_chr18	HAP1	HAP2	9	18	216741	226863	10850	432754	0.974928
chr09x18	6000001	6250000	HAP1_chr18	HAP2_chr09	HAP1	HAP2	18	9	226863	222248	8960	440151	0.979643
chr09x18	6000001	6250000	HAP2_chr09	HAP2_chr18	HAP2	HAP2	9	18	222248	226863	8960	440151	0.979643
chr09x18	6250001	6500000	HAP1_chr09	HAP1_chr18	HAP1	HAP1	9	18	220879	198313	7986	411206	0.980579
chr09x18	6250001	6500000	HAP1_chr09	HAP2_chr18	HAP1	HAP2	9	18	220879	198313	7986	411206	0.980579
chr09x18	6250001	6500000	HAP1_chr18	HAP2_chr09	HAP1	HAP2	18	9	198313	199636	8521	389428	0.978119
chr09x18	6250001	6500000	HAP2_chr09	HAP2_chr18	HAP2	HAP2	9	18	199636	198313	8521	389428	0.978119
chr09x18	6500001	6750000	HAP1_chr09	HAP1_chr18	HAP1	HAP1	9	18	230867	211064	7886	434045	0.981831
chr09x18	6500001	6750000	HAP1_chr09	HAP2_chr18	HAP1	HAP2	9	18	230867	211066	7886	434047	0.981831
chr09x18	6500001	6750000	HAP1_chr18	HAP2_chr09	HAP1	HAP2	18	9	211064	219123	7984	422203	0.981090
chr09x18	6500001	6750000	HAP2_chr09	HAP2_chr18	HAP2	HAP2	9	18	219123	211066	7984	422205	0.981090
chr09x18	6750001	7000000	HAP1_chr09	HAP1_chr18	HAP1	HAP1	9	18	227277	207378	10542	424113	0.975143
chr09x18	6750001	7000000	HAP1_chr09	HAP2_chr18	HAP1	HAP2	9	18	227277	207378	10542	424113	0.975143
chr09x18	6750001	7000000	HAP1_chr18	HAP2_chr09	HAP1	HAP2	18	9	207378	204354	5631	406101	0.986134
chr09x18	6750001	7000000	HAP2_chr09	HAP2_chr18	HAP2	HAP2	9	18	204354	207378	5631	406101	0.986134
chr09x18	7000001	7250000	HAP1_chr09	HAP1_chr18	HAP1	HAP1	9	18	221145	216495	7605	430035	0.982315
chr09x18	7000001	7250000	HAP1_chr09	HAP2_chr18	HAP1	HAP2	9	18	221145	216497	7605	430037	0.982315
chr09x18	7000001	7250000	HAP1_chr18	HAP2_chr09	HAP1	HAP2	18	9	216495	200187	4028	412654	0.990239
chr09x18	7000001	7250000	HAP2_chr09	HAP2_chr18	HAP2	HAP2	9	18	200187	216497	4028	412656	0.990239
chr09x18	7250001	7500000	HAP1_chr09	HAP1_chr18	HAP1	HAP1	9	18	218704	216488	6381	428811	0.985119
chr09x18	7250001	7500000	HAP1_chr09	HAP2_chr18	HAP1	HAP2	9	18	218704	216488	6381	428811	0.985119
chr09x18	7250001	7500000	HAP1_chr18	HAP2_chr09	HAP1	HAP2	18	9	216488	164712	7780	373420	0.979166
chr09x18	7250001	7500000	HAP2_chr09	HAP2_chr18	HAP2	HAP2	9	18	164712	216488	7780	373420	0.979166
chr09x18	7500001	7750000	HAP1_chr09	HAP1_chr18	HAP1	HAP1	9	18	176758	220532	8928	388362	0.977011
chr09x18	7500001	7750000	HAP1_chr09	HAP2_chr18	HAP1	HAP2	9	18	176758	220532	8928	388362	0.977011
chr09x18	7500001	7750000	HAP1_chr18	HAP2_chr09	HAP1	HAP2	18	9	220532	165913	8353	378092	0.977907
chr09x18	7500001	7750000	HAP2_chr09	HAP2_chr18	HAP2	HAP2	9	18	165913	220532	8353	378092	0.977907
chr09x18	7750001	8000000	HAP1_chr09	HAP1_chr18	HAP1	HAP1	9	18	207233	217626	6232	418627	0.985113
chr09x18	7750001	8000000	HAP1_chr09	HAP2_chr18	HAP1	HAP2	9	18	207233	217625	6233	418625	0.985111
chr09x18	7750001	8000000	HAP1_chr18	HAP2_chr09	HAP1	HAP2	18	9	217626	177375	10036	384965	0.973930
chr09x18	7750001	8000000	HAP2_chr09	HAP2_chr18	HAP2	HAP2	9	18	177375	217625	10036	384964	0.973930
chr09x18	8000001	8250000	HAP1_chr09	HAP1_chr18	HAP1	HAP1	9	18	215154	206458	12405	409207	0.969685
chr09x18	8000001	8250000	HAP1_chr09	HAP2_chr18	HAP1	HAP2	9	18	215154	206458	12405	409207	0.969685
chr09x18	8000001	8250000	HAP1_chr18	HAP2_chr09	HAP1	HAP2	18	9	206458	167200	7417	366241	0.979748
chr09x18	8000001	8250000	HAP2_chr09	HAP2_chr18	HAP2	HAP2	9	18	167200	206458	7417	366241	0.979748
chr09x18	8250001	8500000	HAP1_chr09	HAP1_chr18	HAP1	HAP1	9	18	165975	218207	17002	367180	0.953696
chr09x18	8250001	8500000	HAP1_chr09	HAP2_chr18	HAP1	HAP2	9	18	165975	218207	17002	367180	0.953696
chr09x18	8250001	8500000	HAP1_chr18	HAP2_chr09	HAP1	HAP2	18	9	218207	150624	15638	353193	0.955724
chr09x18	8250001	8500000	HAP2_chr09	HAP2_chr18	HAP2	HAP2	9	18	150624	218207	15638	353193	0.955724
chr09x18	8500001	8750000	HAP1_chr09	HAP1_chr18	HAP1	HAP1	9	18	207770	223425	10899	420296	0.974068
chr09x18	8500001	8750000	HAP1_chr09	HAP2_chr18	HAP1	HAP2	9	18	207770	223419	10899	420290	0.974068
chr09x18	8500001	8750000	HAP1_chr18	HAP2_chr09	HAP1	HAP2	18	9	223425	161037	10699	373763	0.971375
chr09x18	8500001	8750000	HAP2_chr09	HAP2_chr18	HAP2	HAP2	9	18	161037	223419	10699	373757	0.971374
chr09x18	8750001	9000000	HAP1_chr09	HAP1_chr18	HAP1	HAP1	9	18	156704	219587	8579	367712	0.976669
chr09x18	8750001	9000000	HAP1_chr09	HAP2_chr18	HAP1	HAP2	9	18	156704	219587	8579	367712	0.976669
chr09x18	8750001	9000000	HAP1_chr18	HAP2_chr09	HAP1	HAP2	18	9	219587	154239	8034	365792	0.978037
chr09x18	8750001	9000000	HAP2_chr09	HAP2_chr18	HAP2	HAP2	9	18	154239	219587	8034	365792	0.978037
chr09x18	9000001	9250000	HAP1_chr09	HAP1_chr18	HAP1	HAP1	9	18	152742	228073	7023	373792	0.981211
chr09x18	9000001	9250000	HAP1_chr09	HAP2_chr18	HAP1	HAP2	9	18	152742	228073	7023	373792	0.981211
chr09x18	9000001	9250000	HAP1_chr18	HAP2_chr09	HAP1	HAP2	18	9	228073	157189	7494	377768	0.980162
chr09x18	9000001	9250000	HAP2_chr09	HAP2_chr18	HAP2	HAP2	9	18	157189	228073	7494	377768	0.980162
chr09x18	9250001	9500000	HAP1_chr09	HAP1_chr18	HAP1	HAP1	9	18	185254	225000	5227	405027	0.987095
chr09x18	9250001	9500000	HAP1_chr09	HAP2_chr18	HAP1	HAP2	9	18	185254	225000	5227	405027	0.987095
chr09x18	9250001	9500000	HAP1_chr18	HAP2_chr09	HAP1	HAP2	18	9	225000	159817	2450	382367	0.993593
chr09x18	9250001	9500000	HAP2_chr09	HAP2_chr18	HAP2	HAP2	9	18	159817	225000	2450	382367	0.993593
chr09x18	9500001	9750000	HAP1_chr09	HAP1_chr18	HAP1	HAP1	9	18	170268	228935	6057	393146	0.984594
chr09x18	9500001	9750000	HAP1_chr09	HAP2_chr18	HAP1	HAP2	9	18	170268	228935	6057	393146	0.984594
chr09x18	9500001	9750000	HAP1_chr18	HAP2_chr09	HAP1	HAP2	18	9	228935	186719	5147	410507	0.987462
chr09x18	9500001	9750000	HAP2_chr09	HAP2_chr18	HAP2	HAP2	9	18	186719	228935	5147	410507	0.987462
chr09x18	9750001	10000000	HAP1_chr09	HAP1_chr18	HAP1	HAP1	9	18	158936	176016	2599	332353	0.992180
chr09x18	9750001	10000000	HAP1_chr09	HAP2_chr18	HAP1	HAP2	9	18	158936	173160	2599	329497	0.992112
chr09x18	9750001	10000000	HAP1_chr18	HAP2_chr09	HAP1	HAP2	18	9	176016	178274	4511	349779	0.987103
chr09x18	9750001	10000000	HAP2_chr09	HAP2_chr18	HAP2	HAP2	9	18	178274	173160	4511	346923	0.986997
chr09x18	10000001	10250000	HAP1_chr09	HAP1_chr18	HAP1	HAP1	9	18	155654	72446	138	227962	0.999395
chr09x18	10000001	10250000	HAP1_chr09	HAP2_chr18	HAP1	HAP2	9	18	155654	28930	52	184532	0.999718
chr09x18	10000001	10250000	HAP1_chr18	HAP2_chr09	HAP1	HAP2	18	9	72446	193625	923	265148	0.996519
chr09x18	10000001	10250000	HAP2_chr09	HAP2_chr18	HAP2	HAP2	9	18	193625	28930	565	221990	0.997455
chr09x18	10250001	10500000	HAP1_chr09	HAP1_chr18	HAP1	HAP1	9	18	149463	182614	179	331898	0.999461
chr09x18	10250001	10500000	HAP1_chr09	HAP2_chr18	HAP1	HAP2	9	18	149463	53447	130	202780	0.999359
chr09x18	10250001	10500000	HAP1_chr18	HAP2_chr09	HAP1	HAP2	18	9	182614	207435	3480	386569	0.990998
chr09x18	10250001	10500000	HAP2_chr09	HAP2_chr18	HAP2	HAP2	9	18	207435	53447	3290	257592	0.987228
chr09x18	10500001	10750000	HAP1_chr09	HAP1_chr18	HAP1	HAP1	9	18	158654	170008	7737	320925	0.975892
chr09x18	10500001	10750000	HAP1_chr09	HAP2_chr18	HAP1	HAP2	9	18	158654	155495	9179	304970	0.969902
chr09x18	10500001	10750000	HAP1_chr18	HAP2_chr09	HAP1	HAP2	18	9	170008	218804	3944	384868	0.989752
chr09x18	10500001	10750000	HAP2_chr09	HAP2_chr18	HAP2	HAP2	9	18	218804	155495	10512	363787	0.971104
chr09x18	10750001	11000000	HAP1_chr09	HAP1_chr18	HAP1	HAP1	9	18	163481	182353	220	345614	0.999363
chr09x18	10750001	11000000	HAP1_chr09	HAP2_chr18	HAP1	HAP2	9	18	163481	209580	3723	369338	0.989920
chr09x18	10750001	11000000	HAP1_chr18	HAP2_chr09	HAP1	HAP2	18	9	182353	232335	327	414361	0.999211
chr09x18	10750001	11000000	HAP2_chr09	HAP2_chr18	HAP2	HAP2	9	18	232335	209580	4627	437288	0.989419
chr09x18	11000001	11250000	HAP1_chr09	HAP1_chr18	HAP1	HAP1	9	18	175847	83755	2107	257495	0.991817
chr09x18	11000001	11250000	HAP1_chr09	HAP2_chr18	HAP1	HAP2	9	18	175847	200017	7650	368214	0.979224
chr09x18	11000001	11250000	HAP1_chr18	HAP2_chr09	HAP1	HAP2	18	9	83755	209007	1222	291540	0.995808
chr09x18	11000001	11250000	HAP2_chr09	HAP2_chr18	HAP2	HAP2	9	18	209007	200017	9604	399420	0.975955
chr09x18	11250001	11500000	HAP1_chr09	HAP1_chr18	HAP1	HAP1	9	18	167206	62842	1573	228475	0.993115
chr09x18	11250001	11500000	HAP1_chr09	HAP2_chr18	HAP1	HAP2	9	18	167206	211733	8647	370292	0.976648
chr09x18	11250001	11500000	HAP1_chr18	HAP2_chr09	HAP1	HAP2	18	9	62842	197239	602	259479	0.997680
chr09x18	11250001	11500000	HAP2_chr09	HAP2_chr18	HAP2	HAP2	9	18	197239	211733	5810	403162	0.985589
chr09x18	11500001	11750000	HAP1_chr09	HAP1_chr18	HAP1	HAP1	9	18	219980	36662	747	255895	0.997081
chr09x18	11500001	11750000	HAP1_chr09	HAP2_chr18	HAP1	HAP2	9	18	219980	214242	10455	423767	0.975328
chr09x18	11500001	11750000	HAP1_chr18	HAP2_chr09	HAP1	HAP2	18	9	36662	200533	2119	235076	0.990986
chr09x18	11500001	11750000	HAP2_chr09	HAP2_chr18	HAP2	HAP2	9	18	200533	214242	8960	405815	0.977921
chr09x18	11750001	12000000	HAP1_chr09	HAP1_chr18	HAP1	HAP1	9	18	206868	37849	91	244626	0.999628
chr09x18	11750001	12000000	HAP1_chr09	HAP2_chr18	HAP1	HAP2	9	18	206868	180426	12326	374968	0.967128
chr09x18	11750001	12000000	HAP1_chr18	HAP2_chr09	HAP1	HAP2	18	9	37849	196668	1383	233134	0.994068
chr09x18	11750001	12000000	HAP2_chr09	HAP2_chr18	HAP2	HAP2	9	18	196668	180426	7689	369405	0.979185
chr09x18	12000001	12250000	HAP1_chr09	HAP1_chr18	HAP1	HAP1	9	18	222301	69960	3033	289228	0.989513
chr09x18	12000001	12250000	HAP1_chr09	HAP2_chr18	HAP1	HAP2	9	18	222301	197163	9556	409908	0.976687
chr09x18	12000001	12250000	HAP1_chr18	HAP2_chr09	HAP1	HAP2	18	9	69960	205426	4011	271375	0.985220
chr09x18	12000001	12250000	HAP2_chr09	HAP2_chr18	HAP2	HAP2	9	18	205426	197163	9232	393357	0.976530
chr09x18	12250001	12500000	HAP1_chr09	HAP1_chr18	HAP1	HAP1	9	18	225443	36943	2352	260034	0.990955
chr09x18	12250001	12500000	HAP1_chr09	HAP2_chr18	HAP1	HAP2	9	18	225443	187562	7078	405927	0.982563
chr09x18	12250001	12500000	HAP1_chr18	HAP2_chr09	HAP1	HAP2	18	9	36943	191364	2823	225484	0.987480
chr09x18	12250001	12500000	HAP2_chr09	HAP2_chr18	HAP2	HAP2	9	18	191364	187562	6624	372302	0.982208
chr09x18	12500001	12750000	HAP1_chr09	HAP1_chr18	HAP1	HAP1	9	18	208714	64779	666	272827	0.997559
chr09x18	12500001	12750000	HAP1_chr09	HAP2_chr18	HAP1	HAP2	9	18	208714	213821	6461	416074	0.984472
chr09x18	12500001	12750000	HAP1_chr18	HAP2_chr09	HAP1	HAP2	18	9	64779	199293	840	263232	0.996809
chr09x18	12500001	12750000	HAP2_chr09	HAP2_chr18	HAP2	HAP2	9	18	199293	213821	6046	407068	0.985147
chr09x18	12750001	13000000	HAP1_chr09	HAP1_chr18	HAP1	HAP1	9	18	198807	27835	223	226419	0.999015
chr09x18	12750001	13000000	HAP1_chr09	HAP2_chr18	HAP1	HAP2	9	18	198807	188655	3448	384014	0.991021
chr09x18	12750001	13000000	HAP1_chr18	HAP2_chr09	HAP1	HAP2	18	9	27835	223175	126	250884	0.999498
chr09x18	12750001	13000000	HAP2_chr09	HAP2_chr18	HAP2	HAP2	9	18	223175	188655	8250	403580	0.979558
chr09x18	13000001	13250000	HAP1_chr09	HAP1_chr18	HAP1	HAP1	9	18	175071	52388	1507	225952	0.993330
chr09x18	13000001	13250000	HAP1_chr09	HAP2_chr18	HAP1	HAP2	9	18	175071	217260	3360	388971	0.991362
chr09x18	13000001	13250000	HAP1_chr18	HAP2_chr09	HAP1	HAP2	18	9	52388	197729	2050	248067	0.991736
chr09x18	13000001	13250000	HAP2_chr09	HAP2_chr18	HAP2	HAP2	9	18	197729	217260	4027	410962	0.990201
chr09x18	13250001	13500000	HAP1_chr09	HAP1_chr18	HAP1	HAP1	9	18	211721	22026	49	233698	0.999790
chr09x18	13250001	13500000	HAP1_chr09	HAP2_chr18	HAP1	HAP2	9	18	211721	228437	4511	435647	0.989645
chr09x18	13250001	13500000	HAP1_chr18	HAP2_chr09	HAP1	HAP2	18	9	22026	180643	57	202612	0.999719
chr09x18	13250001	13500000	HAP2_chr09	HAP2_chr18	HAP2	HAP2	9	18	180643	228437	6805	402275	0.983084
chr09x18	13500001	13750000	HAP1_chr09	HAP1_chr18	HAP1	HAP1	9	18	204857	30777	1481	234153	0.993675
chr09x18	13500001	13750000	HAP1_chr09	HAP2_chr18	HAP1	HAP2	9	18	204857	208980	5598	408239	0.986287
chr09x18	13500001	13750000	HAP1_chr18	HAP2_chr09	HAP1	HAP2	18	9	30777	202693	1905	231565	0.991773
chr09x18	13500001	13750000	HAP2_chr09	HAP2_chr18	HAP2	HAP2	9	18	202693	208980	7303	404370	0.981940
chr09x18	13750001	14000000	HAP1_chr09	HAP1_chr18	HAP1	HAP1	9	18	162867	52663	1728	213802	0.991918
chr09x18	13750001	14000000	HAP1_chr09	HAP2_chr18	HAP1	HAP2	9	18	162867	177620	3113	337374	0.990773
chr09x18	13750001	14000000	HAP1_chr18	HAP2_chr09	HAP1	HAP2	18	9	52663	207885	1903	258645	0.992642
chr09x18	13750001	14000000	HAP2_chr09	HAP2_chr18	HAP2	HAP2	9	18	207885	177620	7009	378496	0.981482
chr09x18	14000001	14250000	HAP1_chr09	HAP1_chr18	HAP1	HAP1	9	18	199134	157802	13470	343466	0.960782
chr09x18	14000001	14250000	HAP1_chr09	HAP2_chr18	HAP1	HAP2	9	18	199134	195311	8317	386128	0.978461
chr09x18	14000001	14250000	HAP1_chr18	HAP2_chr09	HAP1	HAP2	18	9	157802	224321	7433	374690	0.980162
chr09x18	14000001	14250000	HAP2_chr09	HAP2_chr18	HAP2	HAP2	9	18	224321	195311	5928	413704	0.985671
chr09x18	14250001	14500000	HAP1_chr09	HAP1_chr18	HAP1	HAP1	9	18	223212	223443	7827	438828	0.982164
chr09x18	14250001	14500000	HAP1_chr09	HAP2_chr18	HAP1	HAP2	9	18	223212	216305	7570	431947	0.982475
chr09x18	14250001	14500000	HAP1_chr18	HAP2_chr09	HAP1	HAP2	18	9	223443	218069	7535	433977	0.982637
chr09x18	14250001	14500000	HAP2_chr09	HAP2_chr18	HAP2	HAP2	9	18	218069	216305	7974	426400	0.981299
chr09x18	14500001	14750000	HAP1_chr09	HAP1_chr18	HAP1	HAP1	9	18	197589	203921	7362	394148	0.981322
chr09x18	14500001	14750000	HAP1_chr09	HAP2_chr18	HAP1	HAP2	9	18	197589	210990	5037	403542	0.987518
chr09x18	14500001	14750000	HAP1_chr18	HAP2_chr09	HAP1	HAP2	18	9	203921	225723	5130	424514	0.987916
chr09x18	14500001	14750000	HAP2_chr09	HAP2_chr18	HAP2	HAP2	9	18	225723	210990	6461	430252	0.984983
chr09x18	14750001	15000000	HAP1_chr09	HAP1_chr18	HAP1	HAP1	9	18	180987	206266	11718	375535	0.968797
chr09x18	14750001	15000000	HAP1_chr09	HAP2_chr18	HAP1	HAP2	9	18	180987	218201	9130	390058	0.976593
chr09x18	14750001	15000000	HAP1_chr18	HAP2_chr09	HAP1	HAP2	18	9	206266	198493	5582	399177	0.986016
chr09x18	14750001	15000000	HAP2_chr09	HAP2_chr18	HAP2	HAP2	9	18	198493	218201	3093	413601	0.992522
chr09x18	15000001	15250000	HAP1_chr09	HAP1_chr18	HAP1	HAP1	9	18	202718	204523	9809	397432	0.975319
chr09x18	15000001	15250000	HAP1_chr09	HAP2_chr18	HAP1	HAP2	9	18	202718	210159	6725	406152	0.983442
chr09x18	15000001	15250000	HAP1_chr18	HAP2_chr09	HAP1	HAP2	18	9	204523	209261	11658	402126	0.971009
chr09x18	15000001	15250000	HAP2_chr09	HAP2_chr18	HAP2	HAP2	9	18	209261	210159	2786	416634	0.993313
chr09x18	15250001	15500000	HAP1_chr09	HAP1_chr18	HAP1	HAP1	9	18	208994	194961	12024	391931	0.969321
chr09x18	15250001	15500000	HAP1_chr09	HAP2_chr18	HAP1	HAP2	9	18	208994	180571	10023	379542	0.973592
chr09x18	15250001	15500000	HAP1_chr18	HAP2_chr09	HAP1	HAP2	18	9	194961	196324	3222	388063	0.991697
chr09x18	15250001	15500000	HAP2_chr09	HAP2_chr18	HAP2	HAP2	9	18	196324	180571	5427	371468	0.985390
chr09x18	15500001	15750000	HAP1_chr09	HAP1_chr18	HAP1	HAP1	9	18	224007	193736	14746	402997	0.963409
chr09x18	15500001	15750000	HAP1_chr09	HAP2_chr18	HAP1	HAP2	9	18	224007	208106	10566	421547	0.974935
chr09x18	15500001	15750000	HAP1_chr18	HAP2_chr09	HAP1	HAP2	18	9	193736	225567	6906	412397	0.983254
chr09x18	15500001	15750000	HAP2_chr09	HAP2_chr18	HAP2	HAP2	9	18	225567	208106	3049	430624	0.992920
chr09x18	15750001	16000000	HAP1_chr09	HAP1_chr18	HAP1	HAP1	9	18	216972	175673	9116	383529	0.976231
chr09x18	15750001	16000000	HAP1_chr09	HAP2_chr18	HAP1	HAP2	9	18	216972	207204	12112	412064	0.970607
chr09x18	15750001	16000000	HAP1_chr18	HAP2_chr09	HAP1	HAP2	18	9	175673	200533	9391	366815	0.974399
chr09x18	15750001	16000000	HAP2_chr09	HAP2_chr18	HAP2	HAP2	9	18	200533	207204	10226	397511	0.974275
chr09x18	16000001	16250000	HAP1_chr09	HAP1_chr18	HAP1	HAP1	9	18	226847	192709	9252	410304	0.977451
chr09x18	16000001	16250000	HAP1_chr09	HAP2_chr18	HAP1	HAP2	9	18	226847	219589	3512	442924	0.992071
chr09x18	16000001	16250000	HAP1_chr18	HAP2_chr09	HAP1	HAP2	18	9	192709	213964	10484	396189	0.973538
chr09x18	16000001	16250000	HAP2_chr09	HAP2_chr18	HAP2	HAP2	9	18	213964	219589	3878	429675	0.990975
chr09x18	16250001	16500000	HAP1_chr09	HAP1_chr18	HAP1	HAP1	9	18	194839	204436	2997	396278	0.992437
chr09x18	16250001	16500000	HAP1_chr09	HAP2_chr18	HAP1	HAP2	9	18	194839	208448	1745	401542	0.995654
chr09x18	16250001	16500000	HAP1_chr18	HAP2_chr09	HAP1	HAP2	18	9	204436	205480	5942	403974	0.985291
chr09x18	16250001	16500000	HAP2_chr09	HAP2_chr18	HAP2	HAP2	9	18	205480	208448	8428	405500	0.979216
chr09x18	16500001	16750000	HAP1_chr09	HAP1_chr18	HAP1	HAP1	9	18	205094	219084	5503	418675	0.986856
chr09x18	16500001	16750000	HAP1_chr09	HAP2_chr18	HAP1	HAP2	9	18	205094	205782	2394	408482	0.994139
chr09x18	16500001	16750000	HAP1_chr18	HAP2_chr09	HAP1	HAP2	18	9	219084	221819	6863	434040	0.984188
chr09x18	16500001	16750000	HAP2_chr09	HAP2_chr18	HAP2	HAP2	9	18	221819	205782	6808	420793	0.983821
chr09x18	16750001	17000000	HAP1_chr09	HAP1_chr18	HAP1	HAP1	9	18	196951	220117	4316	412752	0.989543
chr09x18	16750001	17000000	HAP1_chr09	HAP2_chr18	HAP1	HAP2	9	18	196951	218050	4147	410854	0.989906
chr09x18	16750001	17000000	HAP1_chr18	HAP2_chr09	HAP1	HAP2	18	9	220117	221975	12186	429906	0.971654
chr09x18	16750001	17000000	HAP2_chr09	HAP2_chr18	HAP2	HAP2	9	18	221975	218050	7811	432214	0.981928
chr09x18	17000001	17250000	HAP1_chr09	HAP1_chr18	HAP1	HAP1	9	18	225403	225642	9398	441647	0.978721
chr09x18	17000001	17250000	HAP1_chr09	HAP2_chr18	HAP1	HAP2	9	18	225403	206976	2952	429427	0.993126
chr09x18	17000001	17250000	HAP1_chr18	HAP2_chr09	HAP1	HAP2	18	9	225642	203476	10478	418640	0.974971
chr09x18	17000001	17250000	HAP2_chr09	HAP2_chr18	HAP2	HAP2	9	18	203476	206976	5632	404820	0.986088
chr09x18	17250001	17500000	HAP1_chr09	HAP1_chr18	HAP1	HAP1	9	18	197652	187442	2938	382156	0.992312
chr09x18	17250001	17500000	HAP1_chr09	HAP2_chr18	HAP1	HAP2	9	18	197652	202185	2408	397429	0.993941
chr09x18	17250001	17500000	HAP1_chr18	HAP2_chr09	HAP1	HAP2	18	9	187442	227418	5647	409213	0.986200
chr09x18	17250001	17500000	HAP2_chr09	HAP2_chr18	HAP2	HAP2	9	18	227418	202185	7766	421837	0.981590
chr09x18	17500001	17750000	HAP1_chr09	HAP1_chr18	HAP1	HAP1	9	18	214031	158107	7622	364516	0.979090
chr09x18	17500001	17750000	HAP1_chr09	HAP2_chr18	HAP1	HAP2	9	18	214031	219217	1525	431723	0.996468
chr09x18	17500001	17750000	HAP1_chr18	HAP2_chr09	HAP1	HAP2	18	9	158107	214291	6924	365474	0.981055
chr09x18	17500001	17750000	HAP2_chr09	HAP2_chr18	HAP2	HAP2	9	18	214291	219217	4813	428695	0.988773
chr09x18	17750001	18000000	HAP1_chr09	HAP1_chr18	HAP1	HAP1	9	18	213117	217809	7586	423340	0.982081
chr09x18	17750001	18000000	HAP1_chr09	HAP2_chr18	HAP1	HAP2	9	18	213117	215956	8452	420621	0.979906
chr09x18	17750001	18000000	HAP1_chr18	HAP2_chr09	HAP1	HAP2	18	9	217809	216844	7225	427428	0.983097
chr09x18	17750001	18000000	HAP2_chr09	HAP2_chr18	HAP2	HAP2	9	18	216844	215956	14534	418266	0.965252
chr09x18	18000001	18250000	HAP1_chr09	HAP1_chr18	HAP1	HAP1	9	18	215272	224018	9108	430182	0.978828
chr09x18	18000001	18250000	HAP1_chr09	HAP2_chr18	HAP1	HAP2	9	18	215272	232009	9257	438024	0.978866
chr09x18	18000001	18250000	HAP1_chr18	HAP2_chr09	HAP1	HAP2	18	9	224018	216753	16624	424147	0.960806
chr09x18	18000001	18250000	HAP2_chr09	HAP2_chr18	HAP2	HAP2	9	18	216753	232009	4658	444104	0.989511
chr09x18	18250001	18500000	HAP1_chr09	HAP1_chr18	HAP1	HAP1	9	18	221661	203464	8180	416945	0.980381
chr09x18	18250001	18500000	HAP1_chr09	HAP2_chr18	HAP1	HAP2	9	18	221661	209030	7258	423433	0.982859
chr09x18	18250001	18500000	HAP1_chr18	HAP2_chr09	HAP1	HAP2	18	9	203464	208241	6597	405108	0.983715
chr09x18	18250001	18500000	HAP2_chr09	HAP2_chr18	HAP2	HAP2	9	18	208241	209030	5873	411398	0.985724
chr09x18	18500001	18750000	HAP1_chr09	HAP1_chr18	HAP1	HAP1	9	18	206537	216771	14045	409263	0.965682
chr09x18	18500001	18750000	HAP1_chr09	HAP2_chr18	HAP1	HAP2	9	18	206537	227519	5495	428561	0.987178
chr09x18	18500001	18750000	HAP1_chr18	HAP2_chr09	HAP1	HAP2	18	9	216771	221850	9779	428842	0.977197
chr09x18	18500001	18750000	HAP2_chr09	HAP2_chr18	HAP2	HAP2	9	18	221850	227519	6079	443290	0.986287
chr09x18	18750001	19000000	HAP1_chr09	HAP1_chr18	HAP1	HAP1	9	18	226496	188037	6280	408253	0.984617
chr09x18	18750001	19000000	HAP1_chr09	HAP2_chr18	HAP1	HAP2	9	18	226496	232450	4657	454289	0.989749
chr09x18	18750001	19000000	HAP1_chr18	HAP2_chr09	HAP1	HAP2	18	9	188037	213995	7950	394082	0.979827
chr09x18	18750001	19000000	HAP2_chr09	HAP2_chr18	HAP2	HAP2	9	18	213995	232450	3389	443056	0.992351
chr09x18	19000001	19250000	HAP1_chr09	HAP1_chr18	HAP1	HAP1	9	18	214326	200397	6011	408712	0.985293
chr09x18	19000001	19250000	HAP1_chr09	HAP2_chr18	HAP1	HAP2	9	18	214326	201259	8038	407547	0.980277
chr09x18	19000001	19250000	HAP1_chr18	HAP2_chr09	HAP1	HAP2	18	9	200397	217727	7235	410889	0.982392
chr09x18	19000001	19250000	HAP2_chr09	HAP2_chr18	HAP2	HAP2	9	18	217727	201259	9287	409699	0.977332
chr09x18	19250001	19500000	HAP1_chr09	HAP1_chr18	HAP1	HAP1	9	18	211793	206377	11704	406466	0.971205
chr09x18	19250001	19500000	HAP1_chr09	HAP2_chr18	HAP1	HAP2	9	18	211793	229563	5800	435556	0.986684
chr09x18	19250001	19500000	HAP1_chr18	HAP2_chr09	HAP1	HAP2	18	9	206377	218360	9707	415030	0.976611
chr09x18	19250001	19500000	HAP2_chr09	HAP2_chr18	HAP2	HAP2	9	18	218360	229563	9570	438353	0.978168
chr09x18	19500001	19750000	HAP1_chr09	HAP1_chr18	HAP1	HAP1	9	18	219606	203701	8373	414934	0.979821
chr09x18	19500001	19750000	HAP1_chr09	HAP2_chr18	HAP1	HAP2	9	18	219606	199105	11574	407137	0.971572
chr09x18	19500001	19750000	HAP1_chr18	HAP2_chr09	HAP1	HAP2	18	9	203701	219689	7521	415869	0.981915
chr09x18	19500001	19750000	HAP2_chr09	HAP2_chr18	HAP2	HAP2	9	18	219689	199105	6581	412213	0.984035
chr09x18	19750001	20000000	HAP1_chr09	HAP1_chr18	HAP1	HAP1	9	18	213280	216990	5534	424736	0.986971
chr09x18	19750001	20000000	HAP1_chr09	HAP2_chr18	HAP1	HAP2	9	18	213280	211780	2824	422236	0.993312
chr09x18	19750001	20000000	HAP1_chr18	HAP2_chr09	HAP1	HAP2	18	9	216990	217913	2971	431932	0.993122
chr09x18	19750001	20000000	HAP2_chr09	HAP2_chr18	HAP2	HAP2	9	18	217913	211780	1925	427768	0.995500
chr09x18	20000001	20250000	HAP1_chr09	HAP1_chr18	HAP1	HAP1	9	18	222267	200533	6080	416720	0.985410
chr09x18	20000001	20250000	HAP1_chr09	HAP2_chr18	HAP1	HAP2	9	18	222267	235561	3241	454587	0.992870
chr09x18	20000001	20250000	HAP1_chr18	HAP2_chr09	HAP1	HAP2	18	9	200533	220364	8425	412472	0.979574
chr09x18	20000001	20250000	HAP2_chr09	HAP2_chr18	HAP2	HAP2	9	18	220364	235561	2820	453105	0.993776
chr09x18	20250001	20500000	HAP1_chr09	HAP1_chr18	HAP1	HAP1	9	18	217273	207892	5110	420055	0.987835
chr09x18	20250001	20500000	HAP1_chr09	HAP2_chr18	HAP1	HAP2	9	18	217273	222515	7366	432422	0.982966
chr09x18	20250001	20500000	HAP1_chr18	HAP2_chr09	HAP1	HAP2	18	9	207892	198683	6745	399830	0.983130
chr09x18	20250001	20500000	HAP2_chr09	HAP2_chr18	HAP2	HAP2	9	18	198683	222515	2454	418744	0.994140
chr09x18	20500001	20750000	HAP1_chr09	HAP1_chr18	HAP1	HAP1	9	18	213948	204395	6734	411609	0.983640
chr09x18	20500001	20750000	HAP1_chr09	HAP2_chr18	HAP1	HAP2	9	18	213948	212390	9964	416374	0.976070
chr09x18	20500001	20750000	HAP1_chr18	HAP2_chr09	HAP1	HAP2	18	9	204395	205198	6542	403051	0.983769
chr09x18	20500001	20750000	HAP2_chr09	HAP2_chr18	HAP2	HAP2	9	18	205198	212390	5145	412443	0.987526
chr09x18	20750001	21000000	HAP1_chr09	HAP1_chr18	HAP1	HAP1	9	18	223590	220938	11059	433469	0.974487
chr09x18	20750001	21000000	HAP1_chr09	HAP2_chr18	HAP1	HAP2	9	18	223590	229614	2908	450296	0.993542
chr09x18	20750001	21000000	HAP1_chr18	HAP2_chr09	HAP1	HAP2	18	9	220938	235238	5518	450658	0.987756
chr09x18	20750001	21000000	HAP2_chr09	HAP2_chr18	HAP2	HAP2	9	18	235238	229614	2861	461991	0.993807
chr09x18	21000001	21250000	HAP1_chr09	HAP1_chr18	HAP1	HAP1	9	18	207936	201073	5363	403646	0.986714
chr09x18	21000001	21250000	HAP1_chr09	HAP2_chr18	HAP1	HAP2	9	18	207936	211376	4202	415110	0.989877
chr09x18	21000001	21250000	HAP1_chr18	HAP2_chr09	HAP1	HAP2	18	9	201073	206327	8418	398982	0.978901
chr09x18	21000001	21250000	HAP2_chr09	HAP2_chr18	HAP2	HAP2	9	18	206327	211376	3475	414228	0.991611
chr09x18	21250001	21500000	HAP1_chr09	HAP1_chr18	HAP1	HAP1	9	18	214488	229051	1907	441632	0.995682
chr09x18	21250001	21500000	HAP1_chr09	HAP2_chr18	HAP1	HAP2	9	18	214488	215671	5921	424238	0.986043
chr09x18	21250001	21500000	HAP1_chr18	HAP2_chr09	HAP1	HAP2	18	9	229051	211996	1441	439606	0.996722
chr09x18	21250001	21500000	HAP2_chr09	HAP2_chr18	HAP2	HAP2	9	18	211996	215671	3646	424021	0.991401
chr09x18	21500001	21750000	HAP1_chr09	HAP1_chr18	HAP1	HAP1	9	18	221702	222780	8625	435857	0.980211
chr09x18	21500001	21750000	HAP1_chr09	HAP2_chr18	HAP1	HAP2	9	18	221702	232784	7255	447231	0.983778
chr09x18	21500001	21750000	HAP1_chr18	HAP2_chr09	HAP1	HAP2	18	9	222780	220343	4308	438815	0.990183
chr09x18	21500001	21750000	HAP2_chr09	HAP2_chr18	HAP2	HAP2	9	18	220343	232784	2119	451008	0.995302
chr09x18	21750001	22000000	HAP1_chr09	HAP1_chr18	HAP1	HAP1	9	18	197286	208445	3150	402581	0.992175
chr09x18	21750001	22000000	HAP1_chr09	HAP2_chr18	HAP1	HAP2	9	18	197286	216086	7671	405701	0.981092
chr09x18	21750001	22000000	HAP1_chr18	HAP2_chr09	HAP1	HAP2	18	9	208445	208116	6594	409967	0.983916
chr09x18	21750001	22000000	HAP2_chr09	HAP2_chr18	HAP2	HAP2	9	18	208116	216086	6609	417593	0.984174
chr09x18	22000001	22250000	HAP1_chr09	HAP1_chr18	HAP1	HAP1	9	18	209875	222496	6253	426118	0.985326
chr09x18	22000001	22250000	HAP1_chr09	HAP2_chr18	HAP1	HAP2	9	18	209875	218471	4162	424184	0.990188
chr09x18	22000001	22250000	HAP1_chr18	HAP2_chr09	HAP1	HAP2	18	9	222496	183544	2116	403924	0.994761
chr09x18	22000001	22250000	HAP2_chr09	HAP2_chr18	HAP2	HAP2	9	18	183544	218471	1815	400200	0.995465
chr09x18	22250001	22500000	HAP1_chr09	HAP1_chr18	HAP1	HAP1	9	18	233769	230487	7601	456655	0.983355
chr09x18	22250001	22500000	HAP1_chr09	HAP2_chr18	HAP1	HAP2	9	18	233769	234488	9043	459214	0.980308
chr09x18	22250001	22500000	HAP1_chr18	HAP2_chr09	HAP1	HAP2	18	9	230487	216777	6586	440678	0.985055
chr09x18	22250001	22500000	HAP2_chr09	HAP2_chr18	HAP2	HAP2	9	18	216777	234488	8216	443049	0.981456
chr09x18	22500001	22750000	HAP1_chr09	HAP1_chr18	HAP1	HAP1	9	18	205310	230578	7094	428794	0.983456
chr09x18	22500001	22750000	HAP1_chr09	HAP2_chr18	HAP1	HAP2	9	18	205310	206115	4029	407396	0.990110
chr09x18	22500001	22750000	HAP1_chr18	HAP2_chr09	HAP1	HAP2	18	9	230578	185726	11483	404821	0.971634
chr09x18	22500001	22750000	HAP2_chr09	HAP2_chr18	HAP2	HAP2	9	18	185726	206115	5883	385958	0.984757
chr09x18	22750001	23000000	HAP1_chr09	HAP1_chr18	HAP1	HAP1	9	18	215433	198690	4624	409499	0.988708
chr09x18	22750001	23000000	HAP1_chr09	HAP2_chr18	HAP1	HAP2	9	18	215433	216648	6215	425866	0.985406
chr09x18	22750001	23000000	HAP1_chr18	HAP2_chr09	HAP1	HAP2	18	9	198690	223520	3996	418214	0.990445
chr09x18	22750001	23000000	HAP2_chr09	HAP2_chr18	HAP2	HAP2	9	18	223520	216648	6027	434141	0.986117
chr09x18	23000001	23250000	HAP1_chr09	HAP1_chr18	HAP1	HAP1	9	18	226529	221611	9745	438395	0.977771
chr09x18	23000001	23250000	HAP1_chr09	HAP2_chr18	HAP1	HAP2	9	18	226529	226393	1762	451160	0.996095
chr09x18	23000001	23250000	HAP1_chr18	HAP2_chr09	HAP1	HAP2	18	9	221611	203110	6171	418550	0.985256
chr09x18	23000001	23250000	HAP2_chr09	HAP2_chr18	HAP2	HAP2	9	18	203110	226393	3032	426471	0.992890
chr09x18	23250001	23500000	HAP1_chr09	HAP1_chr18	HAP1	HAP1	9	18	198363	206646	2451	402558	0.993911
chr09x18	23250001	23500000	HAP1_chr09	HAP2_chr18	HAP1	HAP2	9	18	198363	226668	3920	421111	0.990691
chr09x18	23250001	23500000	HAP1_chr18	HAP2_chr09	HAP1	HAP2	18	9	206646	180378	3161	383863	0.991765
chr09x18	23250001	23500000	HAP2_chr09	HAP2_chr18	HAP2	HAP2	9	18	180378	226668	2384	404662	0.994109
chr09x18	23500001	23750000	HAP1_chr09	HAP1_chr18	HAP1	HAP1	9	18	201423	223562	1609	423376	0.996200
chr09x18	23500001	23750000	HAP1_chr09	HAP2_chr18	HAP1	HAP2	9	18	201423	236366	2648	435141	0.993915
chr09x18	23500001	23750000	HAP1_chr18	HAP2_chr09	HAP1	HAP2	18	9	223562	218008	2727	438843	0.993786
chr09x18	23500001	23750000	HAP2_chr09	HAP2_chr18	HAP2	HAP2	9	18	218008	236366	7148	447226	0.984017
chr09x18	23750001	24000000	HAP1_chr09	HAP1_chr18	HAP1	HAP1	9	18	190551	228196	5060	413687	0.987769
chr09x18	23750001	24000000	HAP1_chr09	HAP2_chr18	HAP1	HAP2	9	18	190551	232733	4844	418440	0.988424
chr09x18	23750001	24000000	HAP1_chr18	HAP2_chr09	HAP1	HAP2	18	9	228196	224138	3625	448709	0.991921
chr09x18	23750001	24000000	HAP2_chr09	HAP2_chr18	HAP2	HAP2	9	18	224138	232733	2542	454329	0.994405
chr09x18	24000001	24250000	HAP1_chr09	HAP1_chr18	HAP1	HAP1	9	18	209645	217587	5721	421511	0.986427
chr09x18	24000001	24250000	HAP1_chr09	HAP2_chr18	HAP1	HAP2	9	18	209645	218520	8195	419970	0.980487
chr09x18	24000001	24250000	HAP1_chr18	HAP2_chr09	HAP1	HAP2	18	9	217587	224012	5878	435721	0.986510
chr09x18	24000001	24250000	HAP2_chr09	HAP2_chr18	HAP2	HAP2	9	18	224012	218520	6200	436332	0.985791
chr09x18	24250001	24500000	HAP1_chr09	HAP1_chr18	HAP1	HAP1	9	18	215186	217062	2476	429772	0.994239
chr09x18	24250001	24500000	HAP1_chr09	HAP2_chr18	HAP1	HAP2	9	18	215186	216652	9322	422516	0.977937
chr09x18	24250001	24500000	HAP1_chr18	HAP2_chr09	HAP1	HAP2	18	9	217062	229198	5584	440676	0.987329
chr09x18	24250001	24500000	HAP2_chr09	HAP2_chr18	HAP2	HAP2	9	18	229198	216652	5481	440369	0.987554
chr09x18	24500001	24750000	HAP1_chr09	HAP1_chr18	HAP1	HAP1	9	18	205941	209637	2119	413459	0.994875
chr09x18	24500001	24750000	HAP1_chr09	HAP2_chr18	HAP1	HAP2	9	18	205941	226393	3096	429238	0.992787
chr09x18	24500001	24750000	HAP1_chr18	HAP2_chr09	HAP1	HAP2	18	9	209637	212413	6054	415996	0.985447
chr09x18	24500001	24750000	HAP2_chr09	HAP2_chr18	HAP2	HAP2	9	18	212413	226393	2885	435921	0.993382
chr09x18	24750001	25000000	HAP1_chr09	HAP1_chr18	HAP1	HAP1	9	18	191614	222593	5364	408843	0.986880
chr09x18	24750001	25000000	HAP1_chr09	HAP2_chr18	HAP1	HAP2	9	18	191614	234819	2472	423961	0.994169
chr09x18	24750001	25000000	HAP1_chr18	HAP2_chr09	HAP1	HAP2	18	9	222593	204998	5715	421876	0.986453
chr09x18	24750001	25000000	HAP2_chr09	HAP2_chr18	HAP2	HAP2	9	18	204998	234819	3674	436143	0.991576
chr09x18	25000001	25250000	HAP1_chr09	HAP1_chr18	HAP1	HAP1	9	18	195860	226911	2513	420258	0.994020
chr09x18	25000001	25250000	HAP1_chr09	HAP2_chr18	HAP1	HAP2	9	18	195860	225542	3009	418393	0.992808
chr09x18	25000001	25250000	HAP1_chr18	HAP2_chr09	HAP1	HAP2	18	9	226911	226263	2210	450964	0.995099
chr09x18	25000001	25250000	HAP2_chr09	HAP2_chr18	HAP2	HAP2	9	18	226263	225542	7273	444532	0.983639
chr09x18	25250001	25500000	HAP1_chr09	HAP1_chr18	HAP1	HAP1	9	18	220917	224977	7950	437944	0.981847
chr09x18	25250001	25500000	HAP1_chr09	HAP2_chr18	HAP1	HAP2	9	18	220917	203301	4477	419741	0.989334
chr09x18	25250001	25500000	HAP1_chr18	HAP2_chr09	HAP1	HAP2	18	9	224977	227817	11166	441628	0.974716
chr09x18	25250001	25500000	HAP2_chr09	HAP2_chr18	HAP2	HAP2	9	18	227817	203301	7736	423382	0.981728
chr09x18	25500001	25750000	HAP1_chr09	HAP1_chr18	HAP1	HAP1	9	18	225622	197521	10013	413130	0.975763
chr09x18	25500001	25750000	HAP1_chr09	HAP2_chr18	HAP1	HAP2	9	18	225622	222990	2428	446184	0.994558
chr09x18	25500001	25750000	HAP1_chr18	HAP2_chr09	HAP1	HAP2	18	9	197521	219642	5073	412090	0.987690
chr09x18	25500001	25750000	HAP2_chr09	HAP2_chr18	HAP2	HAP2	9	18	219642	222990	2206	440426	0.994991
chr09x18	25750001	26000000	HAP1_chr09	HAP1_chr18	HAP1	HAP1	9	18	226767	221069	3421	444415	0.992302
chr09x18	25750001	26000000	HAP1_chr09	HAP2_chr18	HAP1	HAP2	9	18	226767	225271	2221	449817	0.995062
chr09x18	25750001	26000000	HAP1_chr18	HAP2_chr09	HAP1	HAP2	18	9	221069	217481	5308	433242	0.987748
chr09x18	25750001	26000000	HAP2_chr09	HAP2_chr18	HAP2	HAP2	9	18	217481	225271	8370	434382	0.980731
chr09x18	26000001	26250000	HAP1_chr09	HAP1_chr18	HAP1	HAP1	9	18	217062	232055	4921	444196	0.988922
chr09x18	26000001	26250000	HAP1_chr09	HAP2_chr18	HAP1	HAP2	9	18	217062	195224	3090	409196	0.992449
chr09x18	26000001	26250000	HAP1_chr18	HAP2_chr09	HAP1	HAP2	18	9	232055	202276	4790	429541	0.988849
chr09x18	26000001	26250000	HAP2_chr09	HAP2_chr18	HAP2	HAP2	9	18	202276	195224	3922	393578	0.990035
chr09x18	26250001	26500000	HAP1_chr09	HAP1_chr18	HAP1	HAP1	9	18	211394	216202	3070	424526	0.992768
chr09x18	26250001	26500000	HAP1_chr09	HAP2_chr18	HAP1	HAP2	9	18	211394	229953	3305	438042	0.992455
chr09x18	26250001	26500000	HAP1_chr18	HAP2_chr09	HAP1	HAP2	18	9	216202	236360	2684	449878	0.994034
chr09x18	26250001	26500000	HAP2_chr09	HAP2_chr18	HAP2	HAP2	9	18	236360	229953	2993	463320	0.993540
chr09x18	26500001	26750000	HAP1_chr09	HAP1_chr18	HAP1	HAP1	9	18	216004	213913	6998	422919	0.983453
chr09x18	26500001	26750000	HAP1_chr09	HAP2_chr18	HAP1	HAP2	9	18	216004	232780	2945	445839	0.993394
chr09x18	26500001	26750000	HAP1_chr18	HAP2_chr09	HAP1	HAP2	18	9	213913	210164	13443	410634	0.967263
chr09x18	26500001	26750000	HAP2_chr09	HAP2_chr18	HAP2	HAP2	9	18	210164	232780	3540	439404	0.991944
chr09x18	26750001	27000000	HAP1_chr09	HAP1_chr18	HAP1	HAP1	9	18	227145	215922	2751	440316	0.993752
chr09x18	26750001	27000000	HAP1_chr09	HAP2_chr18	HAP1	HAP2	9	18	227145	229704	6604	450245	0.985332
chr09x18	26750001	27000000	HAP1_chr18	HAP2_chr09	HAP1	HAP2	18	9	215922	229186	4662	440446	0.989415
chr09x18	26750001	27000000	HAP2_chr09	HAP2_chr18	HAP2	HAP2	9	18	229186	229704	3272	455618	0.992819
chr09x18	27000001	27250000	HAP1_chr09	HAP1_chr18	HAP1	HAP1	9	18	230777	225726	3834	452669	0.991530
chr09x18	27000001	27250000	HAP1_chr09	HAP2_chr18	HAP1	HAP2	9	18	230777	236688	5821	461644	0.987391
chr09x18	27000001	27250000	HAP1_chr18	HAP2_chr09	HAP1	HAP2	18	9	225726	215294	3806	437214	0.991295
chr09x18	27000001	27250000	HAP2_chr09	HAP2_chr18	HAP2	HAP2	9	18	215294	236688	3681	448301	0.991789
chr09x18	27250001	27500000	HAP1_chr09	HAP1_chr18	HAP1	HAP1	9	18	211340	239352	3841	446851	0.991404
chr09x18	27250001	27500000	HAP1_chr09	HAP2_chr18	HAP1	HAP2	9	18	211340	227020	2639	435721	0.993943
chr09x18	27250001	27500000	HAP1_chr18	HAP2_chr09	HAP1	HAP2	18	9	239352	214912	2905	451359	0.993564
chr09x18	27250001	27500000	HAP2_chr09	HAP2_chr18	HAP2	HAP2	9	18	214912	227020	4264	437668	0.990257
chr09x18	27500001	27750000	HAP1_chr09	HAP1_chr18	HAP1	HAP1	9	18	203668	224757	1670	426755	0.996087
chr09x18	27500001	27750000	HAP1_chr09	HAP2_chr18	HAP1	HAP2	9	18	203668	234735	5200	433203	0.987996
chr09x18	27500001	27750000	HAP1_chr18	HAP2_chr09	HAP1	HAP2	18	9	224757	181267	2612	403412	0.993525
chr09x18	27500001	27750000	HAP2_chr09	HAP2_chr18	HAP2	HAP2	9	18	181267	234735	2107	413895	0.994909
chr09x18	27750001	28000000	HAP1_chr09	HAP1_chr18	HAP1	HAP1	9	18	224405	220844	8390	436859	0.980795
chr09x18	27750001	28000000	HAP1_chr09	HAP2_chr18	HAP1	HAP2	9	18	224405	236295	3066	457634	0.993300
chr09x18	27750001	28000000	HAP1_chr18	HAP2_chr09	HAP1	HAP2	18	9	220844	211568	8247	424165	0.980557
chr09x18	27750001	28000000	HAP2_chr09	HAP2_chr18	HAP2	HAP2	9	18	211568	236295	995	446868	0.997773
chr09x18	28000001	28250000	HAP1_chr09	HAP1_chr18	HAP1	HAP1	9	18	210883	220754	5688	425949	0.986646
chr09x18	28000001	28250000	HAP1_chr09	HAP2_chr18	HAP1	HAP2	9	18	210883	238700	5035	444548	0.988674
chr09x18	28000001	28250000	HAP1_chr18	HAP2_chr09	HAP1	HAP2	18	9	220754	230286	9619	441421	0.978209
chr09x18	28000001	28250000	HAP2_chr09	HAP2_chr18	HAP2	HAP2	9	18	230286	238700	3936	465050	0.991536
chr09x18	28250001	28500000	HAP1_chr09	HAP1_chr18	HAP1	HAP1	9	18	227927	229558	1626	455859	0.996433
chr09x18	28250001	28500000	HAP1_chr09	HAP2_chr18	HAP1	HAP2	9	18	227927	229453	3976	453404	0.991231
chr09x18	28250001	28500000	HAP1_chr18	HAP2_chr09	HAP1	HAP2	18	9	229558	214722	2578	441702	0.994163
chr09x18	28250001	28500000	HAP2_chr09	HAP2_chr18	HAP2	HAP2	9	18	214722	229453	2123	442052	0.995197
chr09x18	28500001	28750000	HAP1_chr09	HAP1_chr18	HAP1	HAP1	9	18	224932	226108	5647	445393	0.987321
chr09x18	28500001	28750000	HAP1_chr09	HAP2_chr18	HAP1	HAP2	9	18	224932	226321	4758	446495	0.989344
chr09x18	28500001	28750000	HAP1_chr18	HAP2_chr09	HAP1	HAP2	18	9	226108	213416	3473	436051	0.992035
chr09x18	28500001	28750000	HAP2_chr09	HAP2_chr18	HAP2	HAP2	9	18	213416	226321	3125	436612	0.992843
chr09x18	28750001	29000000	HAP1_chr09	HAP1_chr18	HAP1	HAP1	9	18	218697	217747	4376	432068	0.989872
chr09x18	28750001	29000000	HAP1_chr09	HAP2_chr18	HAP1	HAP2	9	18	218697	207415	6857	419255	0.983645
chr09x18	28750001	29000000	HAP1_chr18	HAP2_chr09	HAP1	HAP2	18	9	217747	183924	3973	397698	0.990010
chr09x18	28750001	29000000	HAP2_chr09	HAP2_chr18	HAP2	HAP2	9	18	183924	207415	3163	388176	0.991852
chr09x18	29000001	29250000	HAP1_chr09	HAP1_chr18	HAP1	HAP1	9	18	183145	214855	5614	392386	0.985693
chr09x18	29000001	29250000	HAP1_chr09	HAP2_chr18	HAP1	HAP2	9	18	183145	212039	4859	390325	0.987551
chr09x18	29000001	29250000	HAP1_chr18	HAP2_chr09	HAP1	HAP2	18	9	214855	190893	9536	396212	0.975932
chr09x18	29000001	29250000	HAP2_chr09	HAP2_chr18	HAP2	HAP2	9	18	190893	212039	4999	397933	0.987438
chr09x18	29250001	29500000	HAP1_chr09	HAP1_chr18	HAP1	HAP1	9	18	201124	229457	3188	427393	0.992541
chr09x18	29250001	29500000	HAP1_chr09	HAP2_chr18	HAP1	HAP2	9	18	201124	201547	8232	394439	0.979130
chr09x18	29250001	29500000	HAP1_chr18	HAP2_chr09	HAP1	HAP2	18	9	229457	208942	4976	433423	0.988519
chr09x18	29250001	29500000	HAP2_chr09	HAP2_chr18	HAP2	HAP2	9	18	208942	201547	4290	406199	0.989439
chr09x18	29500001	29750000	HAP1_chr09	HAP1_chr18	HAP1	HAP1	9	18	226520	215630	1747	440403	0.996033
chr09x18	29500001	29750000	HAP1_chr09	HAP2_chr18	HAP1	HAP2	9	18	226520	230695	4712	452503	0.989587
chr09x18	29500001	29750000	HAP1_chr18	HAP2_chr09	HAP1	HAP2	18	9	215630	200730	3756	412604	0.990897
chr09x18	29500001	29750000	HAP2_chr09	HAP2_chr18	HAP2	HAP2	9	18	200730	230695	3523	427902	0.991767
chr09x18	29750001	30000000	HAP1_chr09	HAP1_chr18	HAP1	HAP1	9	18	224664	204660	4109	425215	0.990337
chr09x18	29750001	30000000	HAP1_chr09	HAP2_chr18	HAP1	HAP2	9	18	224664	234932	3031	456565	0.993361
chr09x18	29750001	30000000	HAP1_chr18	HAP2_chr09	HAP1	HAP2	18	9	204660	199251	5691	398220	0.985709
chr09x18	29750001	30000000	HAP2_chr09	HAP2_chr18	HAP2	HAP2	9	18	199251	234932	2085	432098	0.995175
chr09x18	30000001	30250000	HAP1_chr09	HAP1_chr18	HAP1	HAP1	9	18	199657	230603	2332	427928	0.994550
chr09x18	30000001	30250000	HAP1_chr09	HAP2_chr18	HAP1	HAP2	9	18	199657	239859	4499	435017	0.989658
chr09x18	30000001	30250000	HAP1_chr18	HAP2_chr09	HAP1	HAP2	18	9	230603	186668	3247	414024	0.992157
chr09x18	30000001	30250000	HAP2_chr09	HAP2_chr18	HAP2	HAP2	9	18	186668	239859	2937	423590	0.993066
chr09x18	30250001	30500000	HAP1_chr09	HAP1_chr18	HAP1	HAP1	9	18	207567	236839	2091	442315	0.995273
chr09x18	30250001	30500000	HAP1_chr09	HAP2_chr18	HAP1	HAP2	9	18	207567	239195	1507	445255	0.996615
chr09x18	30250001	30500000	HAP1_chr18	HAP2_chr09	HAP1	HAP2	18	9	236839	225989	6167	456661	0.986495
chr09x18	30250001	30500000	HAP2_chr09	HAP2_chr18	HAP2	HAP2	9	18	225989	239195	6517	458667	0.985791
chr09x18	30500001	30750000	HAP1_chr09	HAP1_chr18	HAP1	HAP1	9	18	183865	226709	2186	408388	0.994647
chr09x18	30500001	30750000	HAP1_chr09	HAP2_chr18	HAP1	HAP2	9	18	183865	197853	2839	378879	0.992507
chr09x18	30500001	30750000	HAP1_chr18	HAP2_chr09	HAP1	HAP2	18	9	226709	220597	3229	444077	0.992729
chr09x18	30500001	30750000	HAP2_chr09	HAP2_chr18	HAP2	HAP2	9	18	220597	197853	5960	412490	0.985551
chr09x18	30750001	31000000	HAP1_chr09	HAP1_chr18	HAP1	HAP1	9	18	181630	226937	5391	403176	0.986629
chr09x18	30750001	31000000	HAP1_chr09	HAP2_chr18	HAP1	HAP2	9	18	181630	235806	4570	412866	0.988931
chr09x18	30750001	31000000	HAP1_chr18	HAP2_chr09	HAP1	HAP2	18	9	226937	200384	4288	423033	0.989864
chr09x18	30750001	31000000	HAP2_chr09	HAP2_chr18	HAP2	HAP2	9	18	200384	235806	1682	434508	0.996129
chr09x18	31000001	31250000	HAP1_chr09	HAP1_chr18	HAP1	HAP1	9	18	217546	233737	7162	444121	0.983874
chr09x18	31000001	31250000	HAP1_chr09	HAP2_chr18	HAP1	HAP2	9	18	217546	240864	7239	451171	0.983955
chr09x18	31000001	31250000	HAP1_chr18	HAP2_chr09	HAP1	HAP2	18	9	233737	213637	3558	443816	0.991983
chr09x18	31000001	31250000	HAP2_chr09	HAP2_chr18	HAP2	HAP2	9	18	213637	240864	2107	452394	0.995343
chr09x18	31250001	31500000	HAP1_chr09	HAP1_chr18	HAP1	HAP1	9	18	198973	237266	2291	433948	0.994721
chr09x18	31250001	31500000	HAP1_chr09	HAP2_chr18	HAP1	HAP2	9	18	198973	234167	3639	429501	0.991527
chr09x18	31250001	31500000	HAP1_chr18	HAP2_chr09	HAP1	HAP2	18	9	237266	219299	3191	453374	0.992962
chr09x18	31250001	31500000	HAP2_chr09	HAP2_chr18	HAP2	HAP2	9	18	219299	234167	5577	447889	0.987548
chr09x18	31500001	31750000	HAP1_chr09	HAP1_chr18	HAP1	HAP1	9	18	187176	242389	910	428655	0.997877
chr09x18	31500001	31750000	HAP1_chr09	HAP2_chr18	HAP1	HAP2	9	18	187176	220172	963	406385	0.997630
chr09x18	31500001	31750000	HAP1_chr18	HAP2_chr09	HAP1	HAP2	18	9	242389	211397	2363	451423	0.994765
chr09x18	31500001	31750000	HAP2_chr09	HAP2_chr18	HAP2	HAP2	9	18	211397	220172	1322	430247	0.996927
chr09x18	31750001	32000000	HAP1_chr09	HAP1_chr18	HAP1	HAP1	9	18	221292	233835	3834	451293	0.991504
chr09x18	31750001	32000000	HAP1_chr09	HAP2_chr18	HAP1	HAP2	9	18	221292	234825	2706	453411	0.994032
chr09x18	31750001	32000000	HAP1_chr18	HAP2_chr09	HAP1	HAP2	18	9	233835	194991	5250	423576	0.987606
chr09x18	31750001	32000000	HAP2_chr09	HAP2_chr18	HAP2	HAP2	9	18	194991	234825	2848	426968	0.993330
chr09x18	32000001	32250000	HAP1_chr09	HAP1_chr18	HAP1	HAP1	9	18	221592	222472	5013	439051	0.988582
chr09x18	32000001	32250000	HAP1_chr09	HAP2_chr18	HAP1	HAP2	9	18	221592	220863	4133	438322	0.990571
chr09x18	32000001	32250000	HAP1_chr18	HAP2_chr09	HAP1	HAP2	18	9	222472	213717	2978	433211	0.993126
chr09x18	32000001	32250000	HAP2_chr09	HAP2_chr18	HAP2	HAP2	9	18	213717	220863	2080	432500	0.995191
chr09x18	32250001	32500000	HAP1_chr09	HAP1_chr18	HAP1	HAP1	9	18	208918	223972	782	432108	0.998190
chr09x18	32250001	32500000	HAP1_chr09	HAP2_chr18	HAP1	HAP2	9	18	208918	239354	970	447302	0.997831
chr09x18	32250001	32500000	HAP1_chr18	HAP2_chr09	HAP1	HAP2	18	9	223972	218880	2522	440330	0.994272
chr09x18	32250001	32500000	HAP2_chr09	HAP2_chr18	HAP2	HAP2	9	18	218880	239354	1327	456907	0.997096
chr09x18	32500001	32750000	HAP1_chr09	HAP1_chr18	HAP1	HAP1	9	18	207995	188850	4088	392757	0.989592
chr09x18	32500001	32750000	HAP1_chr09	HAP2_chr18	HAP1	HAP2	9	18	207995	227219	4906	430308	0.988599
chr09x18	32500001	32750000	HAP1_chr18	HAP2_chr09	HAP1	HAP2	18	9	188850	221855	4878	405827	0.987980
chr09x18	32500001	32750000	HAP2_chr09	HAP2_chr18	HAP2	HAP2	9	18	221855	227219	3736	445338	0.991611
chr09x18	32750001	33000000	HAP1_chr09	HAP1_chr18	HAP1	HAP1	9	18	210080	213979	9634	414425	0.976753
chr09x18	32750001	33000000	HAP1_chr09	HAP2_chr18	HAP1	HAP2	9	18	210080	234578	3568	441090	0.991911
chr09x18	32750001	33000000	HAP1_chr18	HAP2_chr09	HAP1	HAP2	18	9	213979	151492	1729	363742	0.995247
chr09x18	32750001	33000000	HAP2_chr09	HAP2_chr18	HAP2	HAP2	9	18	151492	234578	892	385178	0.997684
chr09x18	33000001	33250000	HAP1_chr09	HAP1_chr18	HAP1	HAP1	9	18	219807	231554	2774	448587	0.993816
chr09x18	33000001	33250000	HAP1_chr09	HAP2_chr18	HAP1	HAP2	9	18	219807	224109	2117	441799	0.995208
chr09x18	33000001	33250000	HAP1_chr18	HAP2_chr09	HAP1	HAP2	18	9	231554	218333	4787	445100	0.989245
chr09x18	33000001	33250000	HAP2_chr09	HAP2_chr18	HAP2	HAP2	9	18	218333	224109	1889	440553	0.995712
chr09x18	33250001	33500000	HAP1_chr09	HAP1_chr18	HAP1	HAP1	9	18	182272	225711	2552	405431	0.993705
chr09x18	33250001	33500000	HAP1_chr09	HAP2_chr18	HAP1	HAP2	9	18	182272	217646	5055	394863	0.987198
chr09x18	33250001	33500000	HAP1_chr18	HAP2_chr09	HAP1	HAP2	18	9	225711	218599	8044	436266	0.981562
chr09x18	33250001	33500000	HAP2_chr09	HAP2_chr18	HAP2	HAP2	9	18	218599	217646	11022	425223	0.974079
chr09x18	33500001	33750000	HAP1_chr09	HAP1_chr18	HAP1	HAP1	9	18	215347	232189	3783	443753	0.991475
chr09x18	33500001	33750000	HAP1_chr09	HAP2_chr18	HAP1	HAP2	9	18	215347	238657	6737	447267	0.984937
chr09x18	33500001	33750000	HAP1_chr18	HAP2_chr09	HAP1	HAP2	18	9	232189	188334	2169	418354	0.994815
chr09x18	33500001	33750000	HAP2_chr09	HAP2_chr18	HAP2	HAP2	9	18	188334	238657	2644	424347	0.993769
chr09x18	33750001	34000000	HAP1_chr09	HAP1_chr18	HAP1	HAP1	9	18	213772	240814	4523	450063	0.989950
chr09x18	33750001	34000000	HAP1_chr09	HAP2_chr18	HAP1	HAP2	9	18	213772	235347	1795	447324	0.995987
chr09x18	33750001	34000000	HAP1_chr18	HAP2_chr09	HAP1	HAP2	18	9	240814	226014	8237	458591	0.982038
chr09x18	33750001	34000000	HAP2_chr09	HAP2_chr18	HAP2	HAP2	9	18	226014	235347	2645	458716	0.994234
chr09x18	34000001	34250000	HAP1_chr09	HAP1_chr18	HAP1	HAP1	9	18	221862	236919	1355	457426	0.997038
chr09x18	34000001	34250000	HAP1_chr09	HAP2_chr18	HAP1	HAP2	9	18	221862	223242	1444	443660	0.996745
chr09x18	34000001	34250000	HAP1_chr18	HAP2_chr09	HAP1	HAP2	18	9	236919	218558	5009	450468	0.988880
chr09x18	34000001	34250000	HAP2_chr09	HAP2_chr18	HAP2	HAP2	9	18	218558	223242	2716	439084	0.993814
chr09x18	34250001	34500000	HAP1_chr09	HAP1_chr18	HAP1	HAP1	9	18	180623	188378	2669	366332	0.992714
chr09x18	34250001	34500000	HAP1_chr09	HAP2_chr18	HAP1	HAP2	9	18	180623	215548	1946	394225	0.995064
chr09x18	34250001	34500000	HAP1_chr18	HAP2_chr09	HAP1	HAP2	18	9	188378	199502	2156	385724	0.994411
chr09x18	34250001	34500000	HAP2_chr09	HAP2_chr18	HAP2	HAP2	9	18	199502	215548	5728	409322	0.986006
chr09x18	34500001	34750000	HAP1_chr09	HAP1_chr18	HAP1	HAP1	9	18	207248	238091	1693	443646	0.996184
chr09x18	34500001	34750000	HAP1_chr09	HAP2_chr18	HAP1	HAP2	9	18	207248	235813	1595	441466	0.996387
chr09x18	34500001	34750000	HAP1_chr18	HAP2_chr09	HAP1	HAP2	18	9	238091	213495	3016	448570	0.993276
chr09x18	34500001	34750000	HAP2_chr09	HAP2_chr18	HAP2	HAP2	9	18	213495	235813	2638	446670	0.994094
chr09x18	34750001	35000000	HAP1_chr09	HAP1_chr18	HAP1	HAP1	9	18	213948	239234	5326	447856	0.988108
chr09x18	34750001	35000000	HAP1_chr09	HAP2_chr18	HAP1	HAP2	9	18	213948	238316	1704	450560	0.996218
chr09x18	34750001	35000000	HAP1_chr18	HAP2_chr09	HAP1	HAP2	18	9	239234	205540	4950	439824	0.988745
chr09x18	34750001	35000000	HAP2_chr09	HAP2_chr18	HAP2	HAP2	9	18	205540	238316	1706	442150	0.996142
chr09x18	35000001	35250000	HAP1_chr09	HAP1_chr18	HAP1	HAP1	9	18	213640	230349	2276	441713	0.994847
chr09x18	35000001	35250000	HAP1_chr09	HAP2_chr18	HAP1	HAP2	9	18	213640	234867	4431	444076	0.990022
chr09x18	35000001	35250000	HAP1_chr18	HAP2_chr09	HAP1	HAP2	18	9	230349	213168	9059	434458	0.979149
chr09x18	35000001	35250000	HAP2_chr09	HAP2_chr18	HAP2	HAP2	9	18	213168	234867	3467	444568	0.992201
chr09x18	35250001	35500000	HAP1_chr09	HAP1_chr18	HAP1	HAP1	9	18	226749	196320	2337	420732	0.994445
chr09x18	35250001	35500000	HAP1_chr09	HAP2_chr18	HAP1	HAP2	9	18	226749	239363	1855	464257	0.996004
chr09x18	35250001	35500000	HAP1_chr18	HAP2_chr09	HAP1	HAP2	18	9	196320	175581	6251	365650	0.982904
chr09x18	35250001	35500000	HAP2_chr09	HAP2_chr18	HAP2	HAP2	9	18	175581	239363	786	414158	0.998102
chr09x18	35500001	35750000	HAP1_chr09	HAP1_chr18	HAP1	HAP1	9	18	215100	234894	4688	445306	0.989472
chr09x18	35500001	35750000	HAP1_chr09	HAP2_chr18	HAP1	HAP2	9	18	215100	200394	1749	413745	0.995773
chr09x18	35500001	35750000	HAP1_chr18	HAP2_chr09	HAP1	HAP2	18	9	234894	193562	2573	425883	0.993958
chr09x18	35500001	35750000	HAP2_chr09	HAP2_chr18	HAP2	HAP2	9	18	193562	200394	5351	388605	0.986230
chr09x18	35750001	36000000	HAP1_chr09	HAP1_chr18	HAP1	HAP1	9	18	202480	197526	1149	398857	0.997119
chr09x18	35750001	36000000	HAP1_chr09	HAP2_chr18	HAP1	HAP2	9	18	202480	233535	3267	432748	0.992451
chr09x18	35750001	36000000	HAP1_chr18	HAP2_chr09	HAP1	HAP2	18	9	197526	206341	4133	399734	0.989661
chr09x18	35750001	36000000	HAP2_chr09	HAP2_chr18	HAP2	HAP2	9	18	206341	233535	6586	433290	0.984800
chr09x18	36000001	36250000	HAP1_chr09	HAP1_chr18	HAP1	HAP1	9	18	212589	239189	2275	449503	0.994939
chr09x18	36000001	36250000	HAP1_chr09	HAP2_chr18	HAP1	HAP2	9	18	212589	232876	2417	443048	0.994545
chr09x18	36000001	36250000	HAP1_chr18	HAP2_chr09	HAP1	HAP2	18	9	239189	206648	2541	443296	0.994268
chr09x18	36000001	36250000	HAP2_chr09	HAP2_chr18	HAP2	HAP2	9	18	206648	232876	2727	436797	0.993757
chr09x18	36250001	36500000	HAP1_chr09	HAP1_chr18	HAP1	HAP1	9	18	203789	234527	1290	437026	0.997048
chr09x18	36250001	36500000	HAP1_chr09	HAP2_chr18	HAP1	HAP2	9	18	203789	237177	4158	436808	0.990481
chr09x18	36250001	36500000	HAP1_chr18	HAP2_chr09	HAP1	HAP2	18	9	234527	190505	1068	423964	0.997481
chr09x18	36250001	36500000	HAP2_chr09	HAP2_chr18	HAP2	HAP2	9	18	190505	237177	1596	426086	0.996254
chr09x18	36500001	36750000	HAP1_chr09	HAP1_chr18	HAP1	HAP1	9	18	207774	226876	7759	426891	0.981824
chr09x18	36500001	36750000	HAP1_chr09	HAP2_chr18	HAP1	HAP2	9	18	207774	233011	5763	435022	0.986752
chr09x18	36500001	36750000	HAP1_chr18	HAP2_chr09	HAP1	HAP2	18	9	226876	229416	3541	452751	0.992179
chr09x18	36500001	36750000	HAP2_chr09	HAP2_chr18	HAP2	HAP2	9	18	229416	233011	2722	459705	0.994079
chr09x18	36750001	37000000	HAP1_chr09	HAP1_chr18	HAP1	HAP1	9	18	175373	223312	1259	397426	0.996832
chr09x18	36750001	37000000	HAP1_chr09	HAP2_chr18	HAP1	HAP2	9	18	175373	229260	1185	403448	0.997063
chr09x18	36750001	37000000	HAP1_chr18	HAP2_chr09	HAP1	HAP2	18	9	223312	213978	2399	434891	0.994484
chr09x18	36750001	37000000	HAP2_chr09	HAP2_chr18	HAP2	HAP2	9	18	213978	229260	3002	440236	0.993181
chr09x18	37000001	37250000	HAP1_chr09	HAP1_chr18	HAP1	HAP1	9	18	210170	215613	7688	418095	0.981612
chr09x18	37000001	37250000	HAP1_chr09	HAP2_chr18	HAP1	HAP2	9	18	210170	241650	1287	450533	0.997143
chr09x18	37000001	37250000	HAP1_chr18	HAP2_chr09	HAP1	HAP2	18	9	215613	226731	3259	439085	0.992578
chr09x18	37000001	37250000	HAP2_chr09	HAP2_chr18	HAP2	HAP2	9	18	226731	241650	1494	466887	0.996800
chr09x18	37250001	37500000	HAP1_chr09	HAP1_chr18	HAP1	HAP1	9	18	204895	238075	5836	437134	0.986649
chr09x18	37250001	37500000	HAP1_chr09	HAP2_chr18	HAP1	HAP2	9	18	204895	206163	2879	408179	0.992947
chr09x18	37250001	37500000	HAP1_chr18	HAP2_chr09	HAP1	HAP2	18	9	238075	214520	4345	448250	0.990307
chr09x18	37250001	37500000	HAP2_chr09	HAP2_chr18	HAP2	HAP2	9	18	214520	206163	3328	417355	0.992026
chr09x18	37500001	37750000	HAP1_chr09	HAP1_chr18	HAP1	HAP1	9	18	201803	235455	1340	435918	0.996926
chr09x18	37500001	37750000	HAP1_chr09	HAP2_chr18	HAP1	HAP2	9	18	201803	232097	2230	431670	0.994834
chr09x18	37500001	37750000	HAP1_chr18	HAP2_chr09	HAP1	HAP2	18	9	235455	223130	4713	453872	0.989616
chr09x18	37500001	37750000	HAP2_chr09	HAP2_chr18	HAP2	HAP2	9	18	223130	232097	6390	448837	0.985763
chr09x18	37750001	38000000	HAP1_chr09	HAP1_chr18	HAP1	HAP1	9	18	209158	238116	5611	441663	0.987296
chr09x18	37750001	38000000	HAP1_chr09	HAP2_chr18	HAP1	HAP2	9	18	209158	236702	1863	443997	0.995804
chr09x18	37750001	38000000	HAP1_chr18	HAP2_chr09	HAP1	HAP2	18	9	238116	232642	2642	468116	0.994356
chr09x18	37750001	38000000	HAP2_chr09	HAP2_chr18	HAP2	HAP2	9	18	232642	236702	2852	466492	0.993886
chr09x18	38000001	38250000	HAP1_chr09	HAP1_chr18	HAP1	HAP1	9	18	227894	179957	5008	402843	0.987568
chr09x18	38000001	38250000	HAP1_chr09	HAP2_chr18	HAP1	HAP2	9	18	227894	228446	2859	453481	0.993695
chr09x18	38000001	38250000	HAP1_chr18	HAP2_chr09	HAP1	HAP2	18	9	179957	228027	5233	402751	0.987007
chr09x18	38000001	38250000	HAP2_chr09	HAP2_chr18	HAP2	HAP2	9	18	228027	228446	3407	453066	0.992480
chr09x18	38250001	38500000	HAP1_chr09	HAP1_chr18	HAP1	HAP1	9	18	217741	238057	3992	451806	0.991164
chr09x18	38250001	38500000	HAP1_chr09	HAP2_chr18	HAP1	HAP2	9	18	217741	241802	3332	456211	0.992696
chr09x18	38250001	38500000	HAP1_chr18	HAP2_chr09	HAP1	HAP2	18	9	238057	227518	4034	461541	0.991260
chr09x18	38250001	38500000	HAP2_chr09	HAP2_chr18	HAP2	HAP2	9	18	227518	241802	1630	467690	0.996515
chr09x18	38500001	38750000	HAP1_chr09	HAP1_chr18	HAP1	HAP1	9	18	221707	235372	1091	455988	0.997607
chr09x18	38500001	38750000	HAP1_chr09	HAP2_chr18	HAP1	HAP2	9	18	221707	239136	1745	459098	0.996199
chr09x18	38500001	38750000	HAP1_chr18	HAP2_chr09	HAP1	HAP2	18	9	235372	233018	1556	466834	0.996667
chr09x18	38500001	38750000	HAP2_chr09	HAP2_chr18	HAP2	HAP2	9	18	233018	239136	4553	467601	0.990263
chr09x18	38750001	39000000	HAP1_chr09	HAP1_chr18	HAP1	HAP1	9	18	220273	226965	2652	444586	0.994035
chr09x18	38750001	39000000	HAP1_chr09	HAP2_chr18	HAP1	HAP2	9	18	220273	241109	2355	459027	0.994870
chr09x18	38750001	39000000	HAP1_chr18	HAP2_chr09	HAP1	HAP2	18	9	226965	210661	2759	434867	0.993656
chr09x18	38750001	39000000	HAP2_chr09	HAP2_chr18	HAP2	HAP2	9	18	210661	241109	3820	447950	0.991472
chr09x18	39000001	39250000	HAP1_chr09	HAP1_chr18	HAP1	HAP1	9	18	211394	241837	3232	449999	0.992818
chr09x18	39000001	39250000	HAP1_chr09	HAP2_chr18	HAP1	HAP2	9	18	211394	235944	3640	443698	0.991796
chr09x18	39000001	39250000	HAP1_chr18	HAP2_chr09	HAP1	HAP2	18	9	241837	210554	1994	450397	0.995573
chr09x18	39000001	39250000	HAP2_chr09	HAP2_chr18	HAP2	HAP2	9	18	210554	235944	3490	443008	0.992122
chr09x18	39250001	39500000	HAP1_chr09	HAP1_chr18	HAP1	HAP1	9	18	231041	207993	4288	434746	0.990137
chr09x18	39250001	39500000	HAP1_chr09	HAP2_chr18	HAP1	HAP2	9	18	231041	201131	3827	428345	0.991066
chr09x18	39250001	39500000	HAP1_chr18	HAP2_chr09	HAP1	HAP2	18	9	207993	208747	2328	414412	0.994382
chr09x18	39250001	39500000	HAP2_chr09	HAP2_chr18	HAP2	HAP2	9	18	208747	201131	1108	408770	0.997289
chr09x18	39500001	39750000	HAP1_chr09	HAP1_chr18	HAP1	HAP1	9	18	223542	225246	5093	443695	0.988521
chr09x18	39500001	39750000	HAP1_chr09	HAP2_chr18	HAP1	HAP2	9	18	223542	241393	894	464041	0.998073
chr09x18	39500001	39750000	HAP1_chr18	HAP2_chr09	HAP1	HAP2	18	9	225246	204173	8106	421313	0.980760
chr09x18	39500001	39750000	HAP2_chr09	HAP2_chr18	HAP2	HAP2	9	18	204173	241393	950	444616	0.997863
chr09x18	39750001	40000000	HAP1_chr09	HAP1_chr18	HAP1	HAP1	9	18	221902	232838	1814	452926	0.995995
chr09x18	39750001	40000000	HAP1_chr09	HAP2_chr18	HAP1	HAP2	9	18	221902	240869	1868	460903	0.995947
chr09x18	39750001	40000000	HAP1_chr18	HAP2_chr09	HAP1	HAP2	18	9	232838	211913	7042	437709	0.983912
chr09x18	39750001	40000000	HAP2_chr09	HAP2_chr18	HAP2	HAP2	9	18	211913	240869	3780	449002	0.991581
chr09x18	40000001	40250000	HAP1_chr09	HAP1_chr18	HAP1	HAP1	9	18	226430	238246	1887	462789	0.995923
chr09x18	40000001	40250000	HAP1_chr09	HAP2_chr18	HAP1	HAP2	9	18	226430	210555	3096	433889	0.992865
chr09x18	40000001	40250000	HAP1_chr18	HAP2_chr09	HAP1	HAP2	18	9	238246	213001	2267	448980	0.994951
chr09x18	40000001	40250000	HAP2_chr09	HAP2_chr18	HAP2	HAP2	9	18	213001	210555	5720	417836	0.986310
chr09x18	40250001	40500000	HAP1_chr09	HAP1_chr18	HAP1	HAP1	9	18	212602	226890	5918	433574	0.986351
chr09x18	40250001	40500000	HAP1_chr09	HAP2_chr18	HAP1	HAP2	9	18	212602	241425	1418	452609	0.996867
chr09x18	40250001	40500000	HAP1_chr18	HAP2_chr09	HAP1	HAP2	18	9	226890	229424	3624	452690	0.991995
chr09x18	40250001	40500000	HAP2_chr09	HAP2_chr18	HAP2	HAP2	9	18	229424	241425	3139	467710	0.993289
chr09x18	40500001	40750000	HAP1_chr09	HAP1_chr18	HAP1	HAP1	9	18	212244	233784	1706	444322	0.996160
chr09x18	40500001	40750000	HAP1_chr09	HAP2_chr18	HAP1	HAP2	9	18	212244	232850	2144	442950	0.995160
chr09x18	40500001	40750000	HAP1_chr18	HAP2_chr09	HAP1	HAP2	18	9	233784	208054	1224	440614	0.997222
chr09x18	40500001	40750000	HAP2_chr09	HAP2_chr18	HAP2	HAP2	9	18	208054	232850	1050	439854	0.997613
chr09x18	40750001	41000000	HAP1_chr09	HAP1_chr18	HAP1	HAP1	9	18	207261	240361	1689	445933	0.996212
chr09x18	40750001	41000000	HAP1_chr09	HAP2_chr18	HAP1	HAP2	9	18	207261	238640	1536	444365	0.996543
chr09x18	40750001	41000000	HAP1_chr18	HAP2_chr09	HAP1	HAP2	18	9	240361	209532	4486	445407	0.989928
chr09x18	40750001	41000000	HAP2_chr09	HAP2_chr18	HAP2	HAP2	9	18	209532	238640	1380	446792	0.996911
chr09x18	41000001	41250000	HAP1_chr09	HAP1_chr18	HAP1	HAP1	9	18	200194	208024	3113	405105	0.992316
chr09x18	41000001	41250000	HAP1_chr09	HAP2_chr18	HAP1	HAP2	9	18	200194	233784	1797	432181	0.995842
chr09x18	41000001	41250000	HAP1_chr18	HAP2_chr09	HAP1	HAP2	18	9	208024	214334	3632	418726	0.991326
chr09x18	41000001	41250000	HAP2_chr09	HAP2_chr18	HAP2	HAP2	9	18	214334	233784	1403	446715	0.996859
chr09x18	41250001	41500000	HAP1_chr09	HAP1_chr18	HAP1	HAP1	9	18	207354	230488	5169	432673	0.988053
chr09x18	41250001	41500000	HAP1_chr09	HAP2_chr18	HAP1	HAP2	9	18	207354	213766	5407	415713	0.986993
chr09x18	41250001	41500000	HAP1_chr18	HAP2_chr09	HAP1	HAP2	18	9	230488	214119	2701	441906	0.993888
chr09x18	41250001	41500000	HAP2_chr09	HAP2_chr18	HAP2	HAP2	9	18	214119	213766	2589	425296	0.993912
chr09x18	41500001	41750000	HAP1_chr09	HAP1_chr18	HAP1	HAP1	9	18	226763	238936	1639	464060	0.996468
chr09x18	41500001	41750000	HAP1_chr09	HAP2_chr18	HAP1	HAP2	9	18	226763	229093	3213	452643	0.992902
chr09x18	41500001	41750000	HAP1_chr18	HAP2_chr09	HAP1	HAP2	18	9	238936	153091	768	391259	0.998037
chr09x18	41500001	41750000	HAP2_chr09	HAP2_chr18	HAP2	HAP2	9	18	153091	229093	1254	380930	0.996708
chr09x18	41750001	42000000	HAP1_chr09	HAP1_chr18	HAP1	HAP1	9	18	224741	227848	2744	449845	0.993900
chr09x18	41750001	42000000	HAP1_chr09	HAP2_chr18	HAP1	HAP2	9	18	224741	231453	5482	450712	0.987837
chr09x18	41750001	42000000	HAP1_chr18	HAP2_chr09	HAP1	HAP2	18	9	227848	198439	1246	425041	0.997069
chr09x18	41750001	42000000	HAP2_chr09	HAP2_chr18	HAP2	HAP2	9	18	198439	231453	1038	428854	0.997580
chr09x18	42000001	42250000	HAP1_chr09	HAP1_chr18	HAP1	HAP1	9	18	202860	240252	2207	440905	0.994994
chr09x18	42000001	42250000	HAP1_chr09	HAP2_chr18	HAP1	HAP2	9	18	202860	242087	1815	443132	0.995904
chr09x18	42000001	42250000	HAP1_chr18	HAP2_chr09	HAP1	HAP2	18	9	240252	204181	2366	442067	0.994648
chr09x18	42000001	42250000	HAP2_chr09	HAP2_chr18	HAP2	HAP2	9	18	204181	242087	1837	444431	0.995867
chr09x18	42250001	42500000	HAP1_chr09	HAP1_chr18	HAP1	HAP1	9	18	211938	241436	2737	450637	0.993926
chr09x18	42250001	42500000	HAP1_chr09	HAP2_chr18	HAP1	HAP2	9	18	211938	237641	2579	447000	0.994230
chr09x18	42250001	42500000	HAP1_chr18	HAP2_chr09	HAP1	HAP2	18	9	241436	194915	2168	434183	0.995007
chr09x18	42250001	42500000	HAP2_chr09	HAP2_chr18	HAP2	HAP2	9	18	194915	237641	1399	431157	0.996755
chr09x18	42500001	42750000	HAP1_chr09	HAP1_chr18	HAP1	HAP1	9	18	212137	238538	2553	448122	0.994303
chr09x18	42500001	42750000	HAP1_chr09	HAP2_chr18	HAP1	HAP2	9	18	212137	233513	1159	444491	0.997393
chr09x18	42500001	42750000	HAP1_chr18	HAP2_chr09	HAP1	HAP2	18	9	238538	205239	2587	441190	0.994136
chr09x18	42500001	42750000	HAP2_chr09	HAP2_chr18	HAP2	HAP2	9	18	205239	233513	976	437776	0.997771
chr09x18	42750001	43000000	HAP1_chr09	HAP1_chr18	HAP1	HAP1	9	18	206788	236045	2791	440042	0.993657
chr09x18	42750001	43000000	HAP1_chr09	HAP2_chr18	HAP1	HAP2	9	18	206788	237658	996	443450	0.997754
chr09x18	42750001	43000000	HAP1_chr18	HAP2_chr09	HAP1	HAP2	18	9	236045	195815	1044	430816	0.997577
chr09x18	42750001	43000000	HAP2_chr09	HAP2_chr18	HAP2	HAP2	9	18	195815	237658	995	432478	0.997699
chr09x18	43000001	43250000	HAP1_chr09	HAP1_chr18	HAP1	HAP1	9	18	149226	214221	1559	361888	0.995692
chr09x18	43000001	43250000	HAP1_chr09	HAP2_chr18	HAP1	HAP2	9	18	149226	236707	3433	382500	0.991025
chr09x18	43000001	43250000	HAP1_chr18	HAP2_chr09	HAP1	HAP2	18	9	214221	212124	3361	422984	0.992054
chr09x18	43000001	43250000	HAP2_chr09	HAP2_chr18	HAP2	HAP2	9	18	212124	236707	6490	442341	0.985328
chr09x18	43250001	43500000	HAP1_chr09	HAP1_chr18	HAP1	HAP1	9	18	213329	232236	1011	444554	0.997726
chr09x18	43250001	43500000	HAP1_chr09	HAP2_chr18	HAP1	HAP2	9	18	213329	224152	4621	432860	0.989324
chr09x18	43250001	43500000	HAP1_chr18	HAP2_chr09	HAP1	HAP2	18	9	232236	205984	1519	436701	0.996522
chr09x18	43250001	43500000	HAP2_chr09	HAP2_chr18	HAP2	HAP2	9	18	205984	224152	6082	424054	0.985657
chr09x18	43500001	43750000	HAP1_chr09	HAP1_chr18	HAP1	HAP1	9	18	199384	242089	3213	438260	0.992669
chr09x18	43500001	43750000	HAP1_chr09	HAP2_chr18	HAP1	HAP2	9	18	199384	235161	1612	432933	0.996277
chr09x18	43500001	43750000	HAP1_chr18	HAP2_chr09	HAP1	HAP2	18	9	242089	200599	2859	439829	0.993500
chr09x18	43500001	43750000	HAP2_chr09	HAP2_chr18	HAP2	HAP2	9	18	200599	235161	2493	433267	0.994246
chr09x18	43750001	44000000	HAP1_chr09	HAP1_chr18	HAP1	HAP1	9	18	193964	231235	4423	420776	0.989488
chr09x18	43750001	44000000	HAP1_chr09	HAP2_chr18	HAP1	HAP2	9	18	193964	236365	3122	427207	0.992692
chr09x18	43750001	44000000	HAP1_chr18	HAP2_chr09	HAP1	HAP2	18	9	231235	156006	4661	382580	0.987817
chr09x18	43750001	44000000	HAP2_chr09	HAP2_chr18	HAP2	HAP2	9	18	156006	236365	3447	388924	0.991137
chr09x18	44000001	44250000	HAP1_chr09	HAP1_chr18	HAP1	HAP1	9	18	215315	221895	1946	435264	0.995529
chr09x18	44000001	44250000	HAP1_chr09	HAP2_chr18	HAP1	HAP2	9	18	215315	233920	1287	447948	0.997127
chr09x18	44000001	44250000	HAP1_chr18	HAP2_chr09	HAP1	HAP2	18	9	221895	220132	3464	438563	0.992101
chr09x18	44000001	44250000	HAP2_chr09	HAP2_chr18	HAP2	HAP2	9	18	220132	233920	3491	450561	0.992252
chr09x18	44250001	44500000	HAP1_chr09	HAP1_chr18	HAP1	HAP1	9	18	198751	236366	3247	431870	0.992482
chr09x18	44250001	44500000	HAP1_chr09	HAP2_chr18	HAP1	HAP2	9	18	198751	226559	5062	420248	0.987955
chr09x18	44250001	44500000	HAP1_chr18	HAP2_chr09	HAP1	HAP2	18	9	236366	230375	2069	464672	0.995547
chr09x18	44250001	44500000	HAP2_chr09	HAP2_chr18	HAP2	HAP2	9	18	230375	226559	1865	455069	0.995902
chr09x18	44500001	44750000	HAP1_chr09	HAP1_chr18	HAP1	HAP1	9	18	206626	240222	1012	445836	0.997730
chr09x18	44500001	44750000	HAP1_chr09	HAP2_chr18	HAP1	HAP2	9	18	206626	242907	800	448733	0.998217
chr09x18	44500001	44750000	HAP1_chr18	HAP2_chr09	HAP1	HAP2	18	9	240222	213534	1546	452210	0.996581
chr09x18	44500001	44750000	HAP2_chr09	HAP2_chr18	HAP2	HAP2	9	18	213534	242907	1689	454752	0.996286
chr09x18	44750001	45000000	HAP1_chr09	HAP1_chr18	HAP1	HAP1	9	18	209307	237116	3316	443107	0.992516
chr09x18	44750001	45000000	HAP1_chr09	HAP2_chr18	HAP1	HAP2	9	18	209307	230151	1367	438091	0.996880
chr09x18	44750001	45000000	HAP1_chr18	HAP2_chr09	HAP1	HAP2	18	9	237116	211040	3454	444702	0.992233
chr09x18	44750001	45000000	HAP2_chr09	HAP2_chr18	HAP2	HAP2	9	18	211040	230151	2031	439160	0.995375
chr09x18	45000001	45250000	HAP1_chr09	HAP1_chr18	HAP1	HAP1	9	18	196669	221826	1574	416921	0.996225
chr09x18	45000001	45250000	HAP1_chr09	HAP2_chr18	HAP1	HAP2	9	18	196669	238153	1353	433469	0.996879
chr09x18	45000001	45250000	HAP1_chr18	HAP2_chr09	HAP1	HAP2	18	9	221826	222602	8453	435975	0.980611
chr09x18	45000001	45250000	HAP2_chr09	HAP2_chr18	HAP2	HAP2	9	18	222602	238153	4690	456065	0.989716
chr09x18	45250001	45500000	HAP1_chr09	HAP1_chr18	HAP1	HAP1	9	18	154433	221865	6156	370142	0.983369
chr09x18	45250001	45500000	HAP1_chr09	HAP2_chr18	HAP1	HAP2	9	18	154433	233394	2282	385545	0.994081
chr09x18	45250001	45500000	HAP1_chr18	HAP2_chr09	HAP1	HAP2	18	9	221865	216484	4138	434211	0.990470
chr09x18	45250001	45500000	HAP2_chr09	HAP2_chr18	HAP2	HAP2	9	18	216484	233394	2142	447736	0.995216
chr09x18	45500001	45750000	HAP1_chr09	HAP1_chr18	HAP1	HAP1	9	18	220237	233280	2689	450828	0.994035
chr09x18	45500001	45750000	HAP1_chr09	HAP2_chr18	HAP1	HAP2	9	18	220237	218732	3195	435774	0.992668
chr09x18	45500001	45750000	HAP1_chr18	HAP2_chr09	HAP1	HAP2	18	9	233280	216211	2847	446644	0.993626
chr09x18	45500001	45750000	HAP2_chr09	HAP2_chr18	HAP2	HAP2	9	18	216211	218732	1862	433081	0.995701
chr09x18	45750001	46000000	HAP1_chr09	HAP1_chr18	HAP1	HAP1	9	18	223178	240238	4133	459283	0.991001
chr09x18	45750001	46000000	HAP1_chr09	HAP2_chr18	HAP1	HAP2	9	18	223178	239694	4684	458188	0.989777
chr09x18	45750001	46000000	HAP1_chr18	HAP2_chr09	HAP1	HAP2	18	9	240238	224342	1603	462977	0.996538
chr09x18	45750001	46000000	HAP2_chr09	HAP2_chr18	HAP2	HAP2	9	18	224342	239694	2383	461653	0.994838
chr09x18	46000001	46250000	HAP1_chr09	HAP1_chr18	HAP1	HAP1	9	18	213292	241888	3709	451471	0.991785
chr09x18	46000001	46250000	HAP1_chr09	HAP2_chr18	HAP1	HAP2	9	18	213292	232278	4448	441122	0.989917
chr09x18	46000001	46250000	HAP1_chr18	HAP2_chr09	HAP1	HAP2	18	9	241888	214270	2995	453163	0.993391
chr09x18	46000001	46250000	HAP2_chr09	HAP2_chr18	HAP2	HAP2	9	18	214270	232278	6082	440466	0.986192
chr09x18	46250001	46500000	HAP1_chr09	HAP1_chr18	HAP1	HAP1	9	18	220930	226990	1922	445998	0.995691
chr09x18	46250001	46500000	HAP1_chr09	HAP2_chr18	HAP1	HAP2	9	18	220930	236801	9293	448438	0.979277
chr09x18	46250001	46500000	HAP1_chr18	HAP2_chr09	HAP1	HAP2	18	9	226990	234246	2476	458760	0.994603
chr09x18	46250001	46500000	HAP2_chr09	HAP2_chr18	HAP2	HAP2	9	18	234246	236801	5308	465739	0.988603
chr09x18	46500001	46750000	HAP1_chr09	HAP1_chr18	HAP1	HAP1	9	18	219383	238609	3799	454193	0.991636
chr09x18	46500001	46750000	HAP1_chr09	HAP2_chr18	HAP1	HAP2	9	18	219383	232953	3851	448485	0.991413
chr09x18	46500001	46750000	HAP1_chr18	HAP2_chr09	HAP1	HAP2	18	9	238609	235600	2775	471434	0.994114
chr09x18	46500001	46750000	HAP2_chr09	HAP2_chr18	HAP2	HAP2	9	18	235600	232953	3568	464985	0.992327
chr09x18	46750001	47000000	HAP1_chr09	HAP1_chr18	HAP1	HAP1	9	18	215866	238770	3021	451615	0.993311
chr09x18	46750001	47000000	HAP1_chr09	HAP2_chr18	HAP1	HAP2	9	18	215866	232999	2738	446127	0.993863
chr09x18	46750001	47000000	HAP1_chr18	HAP2_chr09	HAP1	HAP2	18	9	238770	224393	3705	459458	0.991936
chr09x18	46750001	47000000	HAP2_chr09	HAP2_chr18	HAP2	HAP2	9	18	224393	232999	3110	454282	0.993154
chr09x18	47000001	47250000	HAP1_chr09	HAP1_chr18	HAP1	HAP1	9	18	209131	211280	9024	411387	0.978064
chr09x18	47000001	47250000	HAP1_chr09	HAP2_chr18	HAP1	HAP2	9	18	209131	232876	1590	440417	0.996390
chr09x18	47000001	47250000	HAP1_chr18	HAP2_chr09	HAP1	HAP2	18	9	211280	230518	3816	437982	0.991287
chr09x18	47000001	47250000	HAP2_chr09	HAP2_chr18	HAP2	HAP2	9	18	230518	232876	2140	461254	0.995360
chr09x18	47250001	47500000	HAP1_chr09	HAP1_chr18	HAP1	HAP1	9	18	228045	235163	2760	460448	0.994006
chr09x18	47250001	47500000	HAP1_chr09	HAP2_chr18	HAP1	HAP2	9	18	228045	223158	1636	449567	0.996361
chr09x18	47250001	47500000	HAP1_chr18	HAP2_chr09	HAP1	HAP2	18	9	235163	236636	1879	469920	0.996001
chr09x18	47250001	47500000	HAP2_chr09	HAP2_chr18	HAP2	HAP2	9	18	236636	223158	1776	458018	0.996122
chr09x18	47500001	47750000	HAP1_chr09	HAP1_chr18	HAP1	HAP1	9	18	225816	237545	3280	460081	0.992871
chr09x18	47500001	47750000	HAP1_chr09	HAP2_chr18	HAP1	HAP2	9	18	225816	226711	4482	448045	0.989997
chr09x18	47500001	47750000	HAP1_chr18	HAP2_chr09	HAP1	HAP2	18	9	237545	221208	2211	456542	0.995157
chr09x18	47500001	47750000	HAP2_chr09	HAP2_chr18	HAP2	HAP2	9	18	221208	226711	1628	446291	0.996352
chr09x18	47750001	48000000	HAP1_chr09	HAP1_chr18	HAP1	HAP1	9	18	237695	228861	1482	465074	0.996813
chr09x18	47750001	48000000	HAP1_chr09	HAP2_chr18	HAP1	HAP2	9	18	237695	242426	1591	478530	0.996675
chr09x18	47750001	48000000	HAP1_chr18	HAP2_chr09	HAP1	HAP2	18	9	228861	218354	1858	445357	0.995828
chr09x18	47750001	48000000	HAP2_chr09	HAP2_chr18	HAP2	HAP2	9	18	218354	242426	2233	458547	0.995130
chr09x18	48000001	48250000	HAP1_chr09	HAP1_chr18	HAP1	HAP1	9	18	233790	228453	3495	458748	0.992381
chr09x18	48000001	48250000	HAP1_chr09	HAP2_chr18	HAP1	HAP2	9	18	233790	240196	1654	472332	0.996498
chr09x18	48000001	48250000	HAP1_chr18	HAP2_chr09	HAP1	HAP2	18	9	228453	229467	1807	456113	0.996038
chr09x18	48000001	48250000	HAP2_chr09	HAP2_chr18	HAP2	HAP2	9	18	229467	240196	2846	466817	0.993903
chr09x18	48250001	48500000	HAP1_chr09	HAP1_chr18	HAP1	HAP1	9	18	220271	242661	3413	459519	0.992573
chr09x18	48250001	48500000	HAP1_chr09	HAP2_chr18	HAP1	HAP2	9	18	220271	225833	1698	444406	0.996179
chr09x18	48250001	48500000	HAP1_chr18	HAP2_chr09	HAP1	HAP2	18	9	242661	231209	1750	472120	0.996293
chr09x18	48250001	48500000	HAP2_chr09	HAP2_chr18	HAP2	HAP2	9	18	231209	225833	2179	454863	0.995210
chr09x18	48500001	48679680	HAP1_chr09	HAP1_chr18	HAP1	HAP1	9	18	168997	170782	723	339056	0.997868
chr09x18	48500001	48679680	HAP1_chr09	HAP2_chr18	HAP1	HAP2	9	18	168997	165194	4336	329855	0.986855
chr09x18	48500001	48679680	HAP1_chr18	HAP2_chr09	HAP1	HAP2	18	9	170782	158972	812	328942	0.997531
chr09x18	48500001	48679680	HAP2_chr09	HAP2_chr18	HAP2	HAP2	9	18	158972	165194	1275	322891	0.996051
chr10x20	1	250000	HAP1_chr10	HAP1_chr20	HAP1	HAP1	10	20	214848	107773	6475	316146	0.979519
chr10x20	1	250000	HAP1_chr10	HAP2_chr20	HAP1	HAP2	10	20	214848	168657	5290	378215	0.986013
chr10x20	1	250000	HAP1_chr20	HAP2_chr10	HAP1	HAP2	20	10	107773	193013	9342	291444	0.967946
chr10x20	1	250000	HAP2_chr10	HAP2_chr20	HAP2	HAP2	10	20	193013	168657	47069	314601	0.850385
chr10x20	250001	500000	HAP1_chr10	HAP1_chr20	HAP1	HAP1	10	20	200997	162622	6504	357115	0.981787
chr10x20	250001	500000	HAP1_chr10	HAP2_chr20	HAP1	HAP2	10	20	200997	239027	2624	437400	0.994001
chr10x20	250001	500000	HAP1_chr20	HAP2_chr10	HAP1	HAP2	20	10	162622	233873	1285	395210	0.996749
chr10x20	250001	500000	HAP2_chr10	HAP2_chr20	HAP2	HAP2	10	20	233873	239027	64248	408652	0.842781
chr10x20	500001	750000	HAP1_chr10	HAP1_chr20	HAP1	HAP1	10	20	221410	211857	10442	422825	0.975304
chr10x20	500001	750000	HAP1_chr10	HAP2_chr20	HAP1	HAP2	10	20	221410	212986	3022	431374	0.992994
chr10x20	500001	750000	HAP1_chr20	HAP2_chr10	HAP1	HAP2	20	10	211857	241406	2519	450744	0.994411
chr10x20	500001	750000	HAP2_chr10	HAP2_chr20	HAP2	HAP2	10	20	241406	212986	53449	400943	0.866692
chr10x20	750001	1000000	HAP1_chr10	HAP1_chr20	HAP1	HAP1	10	20	209832	232676	1518	440990	0.996558
chr10x20	750001	1000000	HAP1_chr10	HAP2_chr20	HAP1	HAP2	10	20	209832	225338	1780	433390	0.995893
chr10x20	750001	1000000	HAP1_chr20	HAP2_chr10	HAP1	HAP2	20	10	232676	231573	1576	462673	0.996594
chr10x20	750001	1000000	HAP2_chr10	HAP2_chr20	HAP2	HAP2	10	20	231573	225338	49523	407388	0.878438
chr10x20	1000001	1250000	HAP1_chr10	HAP1_chr20	HAP1	HAP1	10	20	213731	207286	9060	411957	0.978007
chr10x20	1000001	1250000	HAP1_chr10	HAP2_chr20	HAP1	HAP2	10	20	213731	224862	1811	436782	0.995854
chr10x20	1000001	1250000	HAP1_chr20	HAP2_chr10	HAP1	HAP2	20	10	207286	233451	3472	437265	0.992060
chr10x20	1000001	1250000	HAP2_chr10	HAP2_chr20	HAP2	HAP2	10	20	233451	224862	32570	425743	0.923498
chr10x20	1250001	1500000	HAP1_chr10	HAP1_chr20	HAP1	HAP1	10	20	236242	223792	10040	449994	0.977689
chr10x20	1250001	1500000	HAP1_chr10	HAP2_chr20	HAP1	HAP2	10	20	236242	205289	1663	439868	0.996219
chr10x20	1250001	1500000	HAP1_chr20	HAP2_chr10	HAP1	HAP2	20	10	223792	225973	5336	444429	0.987994
chr10x20	1250001	1500000	HAP2_chr10	HAP2_chr20	HAP2	HAP2	10	20	225973	205289	7017	424245	0.983460
chr10x20	1500001	1750000	HAP1_chr10	HAP1_chr20	HAP1	HAP1	10	20	225412	225654	8011	443055	0.981919
chr10x20	1500001	1750000	HAP1_chr10	HAP2_chr20	HAP1	HAP2	10	20	225412	231126	3110	453428	0.993141
chr10x20	1500001	1750000	HAP1_chr20	HAP2_chr10	HAP1	HAP2	20	10	225654	222233	1839	446048	0.995877
chr10x20	1500001	1750000	HAP2_chr10	HAP2_chr20	HAP2	HAP2	10	20	222233	231126	3599	449760	0.991998
chr10x20	1750001	2000000	HAP1_chr10	HAP1_chr20	HAP1	HAP1	10	20	208255	216546	7300	417501	0.982515
chr10x20	1750001	2000000	HAP1_chr10	HAP2_chr20	HAP1	HAP2	10	20	208255	240531	1769	447017	0.996043
chr10x20	1750001	2000000	HAP1_chr20	HAP2_chr10	HAP1	HAP2	20	10	216546	231574	1590	446530	0.996439
chr10x20	1750001	2000000	HAP2_chr10	HAP2_chr20	HAP2	HAP2	10	20	231574	240531	5283	466822	0.988683
chr10x20	2000001	2250000	HAP1_chr10	HAP1_chr20	HAP1	HAP1	10	20	200697	208757	11423	398031	0.971301
chr10x20	2000001	2250000	HAP1_chr10	HAP2_chr20	HAP1	HAP2	10	20	200697	236036	3724	433009	0.991400
chr10x20	2000001	2250000	HAP1_chr20	HAP2_chr10	HAP1	HAP2	20	10	208757	238527	3332	443952	0.992495
chr10x20	2000001	2250000	HAP2_chr10	HAP2_chr20	HAP2	HAP2	10	20	238527	236036	27219	447344	0.939154
chr10x20	2250001	2500000	HAP1_chr10	HAP1_chr20	HAP1	HAP1	10	20	210862	229796	10152	430506	0.976418
chr10x20	2250001	2500000	HAP1_chr10	HAP2_chr20	HAP1	HAP2	10	20	210862	240989	1422	450429	0.996843
chr10x20	2250001	2500000	HAP1_chr20	HAP2_chr10	HAP1	HAP2	20	10	229796	234300	3372	460724	0.992681
chr10x20	2250001	2500000	HAP2_chr10	HAP2_chr20	HAP2	HAP2	10	20	234300	240989	33195	442094	0.924914
chr10x20	2500001	2750000	HAP1_chr10	HAP1_chr20	HAP1	HAP1	10	20	214865	228944	4803	439006	0.989059
chr10x20	2500001	2750000	HAP1_chr10	HAP2_chr20	HAP1	HAP2	10	20	214865	240172	2526	452511	0.994418
chr10x20	2500001	2750000	HAP1_chr20	HAP2_chr10	HAP1	HAP2	20	10	228944	219254	4546	443652	0.989753
chr10x20	2500001	2750000	HAP2_chr10	HAP2_chr20	HAP2	HAP2	10	20	219254	240172	47344	412082	0.885110
chr10x20	2750001	3000000	HAP1_chr10	HAP1_chr20	HAP1	HAP1	10	20	233345	229275	5544	457076	0.987871
chr10x20	2750001	3000000	HAP1_chr10	HAP2_chr20	HAP1	HAP2	10	20	233345	227996	2039	459302	0.995561
chr10x20	2750001	3000000	HAP1_chr20	HAP2_chr10	HAP1	HAP2	20	10	229275	221121	4418	445978	0.990094
chr10x20	2750001	3000000	HAP2_chr10	HAP2_chr20	HAP2	HAP2	10	20	221121	227996	48894	400223	0.877833
chr10x20	3000001	3250000	HAP1_chr10	HAP1_chr20	HAP1	HAP1	10	20	218351	214200	5859	426692	0.986269
chr10x20	3000001	3250000	HAP1_chr10	HAP2_chr20	HAP1	HAP2	10	20	218351	239678	1006	457023	0.997799
chr10x20	3000001	3250000	HAP1_chr20	HAP2_chr10	HAP1	HAP2	20	10	214200	238252	1529	450923	0.996609
chr10x20	3000001	3250000	HAP2_chr10	HAP2_chr20	HAP2	HAP2	10	20	238252	239678	75708	402222	0.811776
chr10x20	3250001	3500000	HAP1_chr10	HAP1_chr20	HAP1	HAP1	10	20	224572	208244	7802	425014	0.981643
chr10x20	3250001	3500000	HAP1_chr10	HAP2_chr20	HAP1	HAP2	10	20	224572	214701	1233	438040	0.997185
chr10x20	3250001	3500000	HAP1_chr20	HAP2_chr10	HAP1	HAP2	20	10	208244	196568	1285	403527	0.996816
chr10x20	3250001	3500000	HAP2_chr10	HAP2_chr20	HAP2	HAP2	10	20	196568	214701	84897	326372	0.739877
chr10x20	3500001	3750000	HAP1_chr10	HAP1_chr20	HAP1	HAP1	10	20	229726	169577	7120	392183	0.981845
chr10x20	3500001	3750000	HAP1_chr10	HAP2_chr20	HAP1	HAP2	10	20	229726	224639	1864	452501	0.995881
chr10x20	3500001	3750000	HAP1_chr20	HAP2_chr10	HAP1	HAP2	20	10	169577	216019	1306	384290	0.996602
chr10x20	3500001	3750000	HAP2_chr10	HAP2_chr20	HAP2	HAP2	10	20	216019	224639	77997	362661	0.784931
chr10x20	3750001	4000000	HAP1_chr10	HAP1_chr20	HAP1	HAP1	10	20	219133	201860	6100	414893	0.985297
chr10x20	3750001	4000000	HAP1_chr10	HAP2_chr20	HAP1	HAP2	10	20	219133	227904	3888	443149	0.991226
chr10x20	3750001	4000000	HAP1_chr20	HAP2_chr10	HAP1	HAP2	20	10	201860	222598	2408	422050	0.994295
chr10x20	3750001	4000000	HAP2_chr10	HAP2_chr20	HAP2	HAP2	10	20	222598	227904	55698	394804	0.858922
chr10x20	4000001	4250000	HAP1_chr10	HAP1_chr20	HAP1	HAP1	10	20	200225	224435	9692	414968	0.976644
chr10x20	4000001	4250000	HAP1_chr10	HAP2_chr20	HAP1	HAP2	10	20	200225	225437	887	424775	0.997912
chr10x20	4000001	4250000	HAP1_chr20	HAP2_chr10	HAP1	HAP2	20	10	224435	236608	2845	458198	0.993791
chr10x20	4000001	4250000	HAP2_chr10	HAP2_chr20	HAP2	HAP2	10	20	236608	225437	55881	406164	0.862418
chr10x20	4250001	4500000	HAP1_chr10	HAP1_chr20	HAP1	HAP1	10	20	195621	127473	5699	317395	0.982044
chr10x20	4250001	4500000	HAP1_chr10	HAP2_chr20	HAP1	HAP2	10	20	195621	238258	909	432970	0.997901
chr10x20	4250001	4500000	HAP1_chr20	HAP2_chr10	HAP1	HAP2	20	10	127473	239237	978	365732	0.997326
chr10x20	4250001	4500000	HAP2_chr10	HAP2_chr20	HAP2	HAP2	10	20	239237	238258	69674	407821	0.829155
chr10x20	4500001	4750000	HAP1_chr10	HAP1_chr20	HAP1	HAP1	10	20	212719	135534	3949	344304	0.988530
chr10x20	4500001	4750000	HAP1_chr10	HAP2_chr20	HAP1	HAP2	10	20	212719	229759	1342	441136	0.996958
chr10x20	4500001	4750000	HAP1_chr20	HAP2_chr10	HAP1	HAP2	20	10	135534	227419	780	362173	0.997846
chr10x20	4500001	4750000	HAP2_chr10	HAP2_chr20	HAP2	HAP2	10	20	227419	229759	45920	411258	0.888343
chr10x20	4750001	5000000	HAP1_chr10	HAP1_chr20	HAP1	HAP1	10	20	227944	180446	5637	402753	0.986004
chr10x20	4750001	5000000	HAP1_chr10	HAP2_chr20	HAP1	HAP2	10	20	227944	234709	3726	458927	0.991881
chr10x20	4750001	5000000	HAP1_chr20	HAP2_chr10	HAP1	HAP2	20	10	180446	230563	1703	409306	0.995839
chr10x20	4750001	5000000	HAP2_chr10	HAP2_chr20	HAP2	HAP2	10	20	230563	234709	67279	397993	0.830954
chr10x20	5000001	5250000	HAP1_chr10	HAP1_chr20	HAP1	HAP1	10	20	221282	223013	7074	437221	0.983821
chr10x20	5000001	5250000	HAP1_chr10	HAP2_chr20	HAP1	HAP2	10	20	221282	232920	2777	451425	0.993848
chr10x20	5000001	5250000	HAP1_chr20	HAP2_chr10	HAP1	HAP2	20	10	223013	233948	4829	452132	0.989319
chr10x20	5000001	5250000	HAP2_chr10	HAP2_chr20	HAP2	HAP2	10	20	233948	232920	40640	426228	0.904652
chr10x20	5250001	5500000	HAP1_chr10	HAP1_chr20	HAP1	HAP1	10	20	221227	214529	12130	423626	0.971366
chr10x20	5250001	5500000	HAP1_chr10	HAP2_chr20	HAP1	HAP2	10	20	221227	238331	2647	456911	0.994207
chr10x20	5250001	5500000	HAP1_chr20	HAP2_chr10	HAP1	HAP2	20	10	214529	229989	1737	442781	0.996077
chr10x20	5250001	5500000	HAP2_chr10	HAP2_chr20	HAP2	HAP2	10	20	229989	238331	39497	428823	0.907894
chr10x20	5500001	5750000	HAP1_chr10	HAP1_chr20	HAP1	HAP1	10	20	217064	224397	8252	433209	0.980951
chr10x20	5500001	5750000	HAP1_chr10	HAP2_chr20	HAP1	HAP2	10	20	217064	238923	2354	453633	0.994811
chr10x20	5500001	5750000	HAP1_chr20	HAP2_chr10	HAP1	HAP2	20	10	224397	242463	2192	464668	0.995283
chr10x20	5500001	5750000	HAP2_chr10	HAP2_chr20	HAP2	HAP2	10	20	242463	238923	34296	447090	0.923291
chr10x20	5750001	6000000	HAP1_chr10	HAP1_chr20	HAP1	HAP1	10	20	187722	226586	6629	407679	0.983740
chr10x20	5750001	6000000	HAP1_chr10	HAP2_chr20	HAP1	HAP2	10	20	187722	225743	2775	410690	0.993243
chr10x20	5750001	6000000	HAP1_chr20	HAP2_chr10	HAP1	HAP2	20	10	226586	240391	3984	462993	0.991395
chr10x20	5750001	6000000	HAP2_chr10	HAP2_chr20	HAP2	HAP2	10	20	240391	225743	38167	427967	0.910818
chr10x20	6000001	6250000	HAP1_chr10	HAP1_chr20	HAP1	HAP1	10	20	156773	227672	4114	380331	0.989183
chr10x20	6000001	6250000	HAP1_chr10	HAP2_chr20	HAP1	HAP2	10	20	156773	239521	1964	394330	0.995019
chr10x20	6000001	6250000	HAP1_chr20	HAP2_chr10	HAP1	HAP2	20	10	227672	219574	2255	444991	0.994932
chr10x20	6000001	6250000	HAP2_chr10	HAP2_chr20	HAP2	HAP2	10	20	219574	239521	40570	418525	0.903064
chr10x20	6250001	6500000	HAP1_chr10	HAP1_chr20	HAP1	HAP1	10	20	34554	215276	1474	248356	0.994065
chr10x20	6250001	6500000	HAP1_chr10	HAP2_chr20	HAP1	HAP2	10	20	34554	214046	1181	247419	0.995227
chr10x20	6250001	6500000	HAP1_chr20	HAP2_chr10	HAP1	HAP2	20	10	215276	241037	4703	451610	0.989586
chr10x20	6250001	6500000	HAP2_chr10	HAP2_chr20	HAP2	HAP2	10	20	241037	214046	22202	432881	0.948711
chr10x20	6500001	6750000	HAP1_chr10	HAP1_chr20	HAP1	HAP1	10	20	25404	209158	1433	233129	0.993853
chr10x20	6500001	6750000	HAP1_chr10	HAP2_chr20	HAP1	HAP2	10	20	25404	240445	149	265700	0.999439
chr10x20	6500001	6750000	HAP1_chr20	HAP2_chr10	HAP1	HAP2	20	10	209158	227940	2036	435062	0.995320
chr10x20	6500001	6750000	HAP2_chr10	HAP2_chr20	HAP2	HAP2	10	20	227940	240445	39269	429116	0.908489
chr10x20	6750001	7000000	HAP1_chr10	HAP1_chr20	HAP1	HAP1	10	20	36397	64756	1404	99749	0.985925
chr10x20	6750001	7000000	HAP1_chr10	HAP2_chr20	HAP1	HAP2	10	20	36397	230511	129	266779	0.999516
chr10x20	6750001	7000000	HAP1_chr20	HAP2_chr10	HAP1	HAP2	20	10	64756	236123	350	300529	0.998835
chr10x20	6750001	7000000	HAP2_chr10	HAP2_chr20	HAP2	HAP2	10	20	236123	230511	15682	450952	0.965225
chr10x20	7000001	7250000	HAP1_chr10	HAP1_chr20	HAP1	HAP1	10	20	21592	30312	1752	50152	0.965066
chr10x20	7000001	7250000	HAP1_chr10	HAP2_chr20	HAP1	HAP2	10	20	21592	242341	63	263870	0.999761
chr10x20	7000001	7250000	HAP1_chr20	HAP2_chr10	HAP1	HAP2	20	10	30312	220329	123	250518	0.999509
chr10x20	7000001	7250000	HAP2_chr10	HAP2_chr20	HAP2	HAP2	10	20	220329	242341	11696	450974	0.974065
chr10x20	7250001	7500000	HAP1_chr10	HAP1_chr20	HAP1	HAP1	10	20	23742	71994	550	95186	0.994222
chr10x20	7250001	7500000	HAP1_chr10	HAP2_chr20	HAP1	HAP2	10	20	23742	219042	60	242724	0.999753
chr10x20	7250001	7500000	HAP1_chr20	HAP2_chr10	HAP1	HAP2	20	10	71994	211681	2804	280871	0.990017
chr10x20	7250001	7500000	HAP2_chr10	HAP2_chr20	HAP2	HAP2	10	20	211681	219042	5611	425112	0.986801
chr10x20	7500001	7750000	HAP1_chr10	HAP1_chr20	HAP1	HAP1	10	20	16941	70422	1171	86192	0.986414
chr10x20	7500001	7750000	HAP1_chr10	HAP2_chr20	HAP1	HAP2	10	20	16941	239075	60	255956	0.999766
chr10x20	7500001	7750000	HAP1_chr20	HAP2_chr10	HAP1	HAP2	20	10	70422	220023	1960	288485	0.993206
chr10x20	7500001	7750000	HAP2_chr10	HAP2_chr20	HAP2	HAP2	10	20	220023	239075	1977	457121	0.995675
chr10x20	7750001	8000000	HAP1_chr10	HAP1_chr20	HAP1	HAP1	10	20	35478	72141	6658	100961	0.934054
chr10x20	7750001	8000000	HAP1_chr10	HAP2_chr20	HAP1	HAP2	10	20	35478	220306	156	255628	0.999390
chr10x20	7750001	8000000	HAP1_chr20	HAP2_chr10	HAP1	HAP2	20	10	72141	219120	406	290855	0.998604
chr10x20	7750001	8000000	HAP2_chr10	HAP2_chr20	HAP2	HAP2	10	20	219120	220306	2541	436885	0.994184
chr10x20	8000001	8250000	HAP1_chr10	HAP1_chr20	HAP1	HAP1	10	20	25653	65852	8437	83068	0.898433
chr10x20	8000001	8250000	HAP1_chr10	HAP2_chr20	HAP1	HAP2	10	20	25653	202475	99	228029	0.999566
chr10x20	8000001	8250000	HAP1_chr20	HAP2_chr10	HAP1	HAP2	20	10	65852	234645	248	300249	0.999174
chr10x20	8000001	8250000	HAP2_chr10	HAP2_chr20	HAP2	HAP2	10	20	234645	202475	2250	434870	0.994826
chr10x20	8250001	8500000	HAP1_chr10	HAP1_chr20	HAP1	HAP1	10	20	59225	48015	2090	105150	0.980124
chr10x20	8250001	8500000	HAP1_chr10	HAP2_chr20	HAP1	HAP2	10	20	59225	229530	275	288480	0.999047
chr10x20	8250001	8500000	HAP1_chr20	HAP2_chr10	HAP1	HAP2	20	10	48015	224402	132	272285	0.999515
chr10x20	8250001	8500000	HAP2_chr10	HAP2_chr20	HAP2	HAP2	10	20	224402	229530	2524	451408	0.994409
chr10x20	8500001	8750000	HAP1_chr10	HAP1_chr20	HAP1	HAP1	10	20	36555	49463	1202	84816	0.985828
chr10x20	8500001	8750000	HAP1_chr10	HAP2_chr20	HAP1	HAP2	10	20	36555	225152	119	261588	0.999545
chr10x20	8500001	8750000	HAP1_chr20	HAP2_chr10	HAP1	HAP2	20	10	49463	234577	156	283884	0.999450
chr10x20	8500001	8750000	HAP2_chr10	HAP2_chr20	HAP2	HAP2	10	20	234577	225152	3596	456133	0.992116
chr10x20	8750001	9000000	HAP1_chr10	HAP1_chr20	HAP1	HAP1	10	20	39230	49474	6798	81906	0.917002
chr10x20	8750001	9000000	HAP1_chr10	HAP2_chr20	HAP1	HAP2	10	20	39230	230282	160	269352	0.999406
chr10x20	8750001	9000000	HAP1_chr20	HAP2_chr10	HAP1	HAP2	20	10	49474	227719	701	276492	0.997465
chr10x20	8750001	9000000	HAP2_chr10	HAP2_chr20	HAP2	HAP2	10	20	227719	230282	10845	447156	0.975747
chr10x20	9000001	9250000	HAP1_chr10	HAP1_chr20	HAP1	HAP1	10	20	42970	56674	8186	91458	0.910494
chr10x20	9000001	9250000	HAP1_chr10	HAP2_chr20	HAP1	HAP2	10	20	42970	225716	152	268534	0.999434
chr10x20	9000001	9250000	HAP1_chr20	HAP2_chr10	HAP1	HAP2	20	10	56674	233890	164	290400	0.999435
chr10x20	9000001	9250000	HAP2_chr10	HAP2_chr20	HAP2	HAP2	10	20	233890	225716	6001	453605	0.986770
chr10x20	9250001	9500000	HAP1_chr10	HAP1_chr20	HAP1	HAP1	10	20	37945	101645	12106	127484	0.905039
chr10x20	9250001	9500000	HAP1_chr10	HAP2_chr20	HAP1	HAP2	10	20	37945	219188	182	256951	0.999292
chr10x20	9250001	9500000	HAP1_chr20	HAP2_chr10	HAP1	HAP2	20	10	101645	234933	659	335919	0.998038
chr10x20	9250001	9500000	HAP2_chr10	HAP2_chr20	HAP2	HAP2	10	20	234933	219188	8137	445984	0.981755
chr10x20	9500001	9750000	HAP1_chr10	HAP1_chr20	HAP1	HAP1	10	20	36398	72368	9572	99194	0.903502
chr10x20	9500001	9750000	HAP1_chr10	HAP2_chr20	HAP1	HAP2	10	20	36398	227670	156	263912	0.999409
chr10x20	9500001	9750000	HAP1_chr20	HAP2_chr10	HAP1	HAP2	20	10	72368	230703	263	302808	0.999131
chr10x20	9500001	9750000	HAP2_chr10	HAP2_chr20	HAP2	HAP2	10	20	230703	227670	11260	447113	0.974816
chr10x20	9750001	10000000	HAP1_chr10	HAP1_chr20	HAP1	HAP1	10	20	47163	52155	7732	91586	0.915577
chr10x20	9750001	10000000	HAP1_chr10	HAP2_chr20	HAP1	HAP2	10	20	47163	227831	767	274227	0.997203
chr10x20	9750001	10000000	HAP1_chr20	HAP2_chr10	HAP1	HAP2	20	10	52155	231303	199	283259	0.999297
chr10x20	9750001	10000000	HAP2_chr10	HAP2_chr20	HAP2	HAP2	10	20	231303	227831	19800	439334	0.954932
chr10x20	10000001	10250000	HAP1_chr10	HAP1_chr20	HAP1	HAP1	10	20	65097	31492	6499	90090	0.927861
chr10x20	10000001	10250000	HAP1_chr10	HAP2_chr20	HAP1	HAP2	10	20	65097	233609	237	298469	0.999206
chr10x20	10000001	10250000	HAP1_chr20	HAP2_chr10	HAP1	HAP2	20	10	31492	234468	143	265817	0.999462
chr10x20	10000001	10250000	HAP2_chr10	HAP2_chr20	HAP2	HAP2	10	20	234468	233609	12643	455434	0.972240
chr10x20	10250001	10500000	HAP1_chr10	HAP1_chr20	HAP1	HAP1	10	20	34977	36729	6933	64773	0.892965
chr10x20	10250001	10500000	HAP1_chr10	HAP2_chr20	HAP1	HAP2	10	20	34977	179631	99	214509	0.999538
chr10x20	10250001	10500000	HAP1_chr20	HAP2_chr10	HAP1	HAP2	20	10	36729	233158	96	269791	0.999644
chr10x20	10250001	10500000	HAP2_chr10	HAP2_chr20	HAP2	HAP2	10	20	233158	179631	10438	402351	0.974057
chr10x20	10500001	10750000	HAP1_chr10	HAP1_chr20	HAP1	HAP1	10	20	49372	25044	6874	67542	0.898226
chr10x20	10500001	10750000	HAP1_chr10	HAP2_chr20	HAP1	HAP2	10	20	49372	237357	183	286546	0.999361
chr10x20	10500001	10750000	HAP1_chr20	HAP2_chr10	HAP1	HAP2	20	10	25044	237729	66	262707	0.999749
chr10x20	10500001	10750000	HAP2_chr10	HAP2_chr20	HAP2	HAP2	10	20	237729	237357	51777	423309	0.877685
chr10x20	10750001	11000000	HAP1_chr10	HAP1_chr20	HAP1	HAP1	10	20	22018	94019	3664	112373	0.967394
chr10x20	10750001	11000000	HAP1_chr10	HAP2_chr20	HAP1	HAP2	10	20	22018	222553	94	244477	0.999616
chr10x20	10750001	11000000	HAP1_chr20	HAP2_chr10	HAP1	HAP2	20	10	94019	228697	578	322138	0.998206
chr10x20	10750001	11000000	HAP2_chr10	HAP2_chr20	HAP2	HAP2	10	20	228697	222553	43925	407325	0.892162
chr10x20	11000001	11250000	HAP1_chr10	HAP1_chr20	HAP1	HAP1	10	20	38426	193845	1637	230634	0.992902
chr10x20	11000001	11250000	HAP1_chr10	HAP2_chr20	HAP1	HAP2	10	20	38426	235695	4046	270075	0.985019
chr10x20	11000001	11250000	HAP1_chr20	HAP2_chr10	HAP1	HAP2	20	10	193845	218816	3349	409312	0.991818
chr10x20	11000001	11250000	HAP2_chr10	HAP2_chr20	HAP2	HAP2	10	20	218816	235695	23851	430660	0.944618
chr10x20	11250001	11500000	HAP1_chr10	HAP1_chr20	HAP1	HAP1	10	20	52645	148805	3568	197882	0.981969
chr10x20	11250001	11500000	HAP1_chr10	HAP2_chr20	HAP1	HAP2	10	20	52645	230818	246	283217	0.999131
chr10x20	11250001	11500000	HAP1_chr20	HAP2_chr10	HAP1	HAP2	20	10	148805	216368	1683	363490	0.995370
chr10x20	11250001	11500000	HAP2_chr10	HAP2_chr20	HAP2	HAP2	10	20	216368	230818	5147	442039	0.988356
chr10x20	11500001	11750000	HAP1_chr10	HAP1_chr20	HAP1	HAP1	10	20	127355	197088	3013	321430	0.990626
chr10x20	11500001	11750000	HAP1_chr10	HAP2_chr20	HAP1	HAP2	10	20	127355	231322	767	357910	0.997857
chr10x20	11500001	11750000	HAP1_chr20	HAP2_chr10	HAP1	HAP2	20	10	197088	236985	2742	431331	0.993643
chr10x20	11500001	11750000	HAP2_chr10	HAP2_chr20	HAP2	HAP2	10	20	236985	231322	4442	463865	0.990424
chr10x20	11750001	12000000	HAP1_chr10	HAP1_chr20	HAP1	HAP1	10	20	183858	195650	12934	366574	0.964717
chr10x20	11750001	12000000	HAP1_chr10	HAP2_chr20	HAP1	HAP2	10	20	183858	241032	587	424303	0.998617
chr10x20	11750001	12000000	HAP1_chr20	HAP2_chr10	HAP1	HAP2	20	10	195650	227698	2633	420715	0.993742
chr10x20	11750001	12000000	HAP2_chr10	HAP2_chr20	HAP2	HAP2	10	20	227698	241032	5510	463220	0.988105
chr10x20	12000001	12250000	HAP1_chr10	HAP1_chr20	HAP1	HAP1	10	20	229169	205737	9266	425640	0.978230
chr10x20	12000001	12250000	HAP1_chr10	HAP2_chr20	HAP1	HAP2	10	20	229169	234131	1455	461845	0.996850
chr10x20	12000001	12250000	HAP1_chr20	HAP2_chr10	HAP1	HAP2	20	10	205737	236306	2573	439470	0.994145
chr10x20	12000001	12250000	HAP2_chr10	HAP2_chr20	HAP2	HAP2	10	20	236306	234131	2190	468247	0.995323
chr10x20	12250001	12500000	HAP1_chr10	HAP1_chr20	HAP1	HAP1	10	20	225514	170205	10176	385543	0.973606
chr10x20	12250001	12500000	HAP1_chr10	HAP2_chr20	HAP1	HAP2	10	20	225514	223340	1384	447470	0.996907
chr10x20	12250001	12500000	HAP1_chr20	HAP2_chr10	HAP1	HAP2	20	10	170205	235644	1479	404370	0.996342
chr10x20	12250001	12500000	HAP2_chr10	HAP2_chr20	HAP2	HAP2	10	20	235644	223340	7694	451290	0.982951
chr10x20	12500001	12750000	HAP1_chr10	HAP1_chr20	HAP1	HAP1	10	20	211544	210080	10511	411113	0.974433
chr10x20	12500001	12750000	HAP1_chr10	HAP2_chr20	HAP1	HAP2	10	20	211544	219613	2994	428163	0.993007
chr10x20	12500001	12750000	HAP1_chr20	HAP2_chr10	HAP1	HAP2	20	10	210080	230252	4911	435421	0.988721
chr10x20	12500001	12750000	HAP2_chr10	HAP2_chr20	HAP2	HAP2	10	20	230252	219613	8590	441275	0.980534
chr10x20	12750001	13000000	HAP1_chr10	HAP1_chr20	HAP1	HAP1	10	20	202566	200970	14809	388727	0.961904
chr10x20	12750001	13000000	HAP1_chr10	HAP2_chr20	HAP1	HAP2	10	20	202566	226684	4994	424256	0.988229
chr10x20	12750001	13000000	HAP1_chr20	HAP2_chr10	HAP1	HAP2	20	10	200970	204370	1149	404191	0.997157
chr10x20	12750001	13000000	HAP2_chr10	HAP2_chr20	HAP2	HAP2	10	20	204370	226684	6436	424618	0.984843
chr10x20	13000001	13250000	HAP1_chr10	HAP1_chr20	HAP1	HAP1	10	20	177802	205002	15720	367084	0.957176
chr10x20	13000001	13250000	HAP1_chr10	HAP2_chr20	HAP1	HAP2	10	20	177802	227914	968	404748	0.997608
chr10x20	13000001	13250000	HAP1_chr20	HAP2_chr10	HAP1	HAP2	20	10	205002	238076	2517	440561	0.994287
chr10x20	13000001	13250000	HAP2_chr10	HAP2_chr20	HAP2	HAP2	10	20	238076	227914	6811	459179	0.985167
chr10x20	13250001	13500000	HAP1_chr10	HAP1_chr20	HAP1	HAP1	10	20	190512	207972	11389	387095	0.970578
chr10x20	13250001	13500000	HAP1_chr10	HAP2_chr20	HAP1	HAP2	10	20	190512	216813	4984	402341	0.987612
chr10x20	13250001	13500000	HAP1_chr20	HAP2_chr10	HAP1	HAP2	20	10	207972	230376	4695	433653	0.989173
chr10x20	13250001	13500000	HAP2_chr10	HAP2_chr20	HAP2	HAP2	10	20	230376	216813	4461	442728	0.989924
chr10x20	13500001	13750000	HAP1_chr10	HAP1_chr20	HAP1	HAP1	10	20	217327	210849	8874	419302	0.978836
chr10x20	13500001	13750000	HAP1_chr10	HAP2_chr20	HAP1	HAP2	10	20	217327	240077	1465	455939	0.996787
chr10x20	13500001	13750000	HAP1_chr20	HAP2_chr10	HAP1	HAP2	20	10	210849	235944	3328	443465	0.992495
chr10x20	13500001	13750000	HAP2_chr10	HAP2_chr20	HAP2	HAP2	10	20	235944	240077	31384	444637	0.929417
chr10x20	13750001	14000000	HAP1_chr10	HAP1_chr20	HAP1	HAP1	10	20	218526	191662	8592	401596	0.978605
chr10x20	13750001	14000000	HAP1_chr10	HAP2_chr20	HAP1	HAP2	10	20	218526	241541	2658	457409	0.994189
chr10x20	13750001	14000000	HAP1_chr20	HAP2_chr10	HAP1	HAP2	20	10	191662	237304	8927	420039	0.978747
chr10x20	13750001	14000000	HAP2_chr10	HAP2_chr20	HAP2	HAP2	10	20	237304	241541	14065	464780	0.969738
chr10x20	14000001	14250000	HAP1_chr10	HAP1_chr20	HAP1	HAP1	10	20	187238	192276	10879	368635	0.970488
chr10x20	14000001	14250000	HAP1_chr10	HAP2_chr20	HAP1	HAP2	10	20	187238	198906	4856	381288	0.987264
chr10x20	14000001	14250000	HAP1_chr20	HAP2_chr10	HAP1	HAP2	20	10	192276	220204	4059	408421	0.990062
chr10x20	14000001	14250000	HAP2_chr10	HAP2_chr20	HAP2	HAP2	10	20	220204	198906	5586	413524	0.986492
chr10x20	14250001	14500000	HAP1_chr10	HAP1_chr20	HAP1	HAP1	10	20	189961	218033	10599	397395	0.973329
chr10x20	14250001	14500000	HAP1_chr10	HAP2_chr20	HAP1	HAP2	10	20	189961	211147	4138	396970	0.989576
chr10x20	14250001	14500000	HAP1_chr20	HAP2_chr10	HAP1	HAP2	20	10	218033	229092	3774	443351	0.991488
chr10x20	14250001	14500000	HAP2_chr10	HAP2_chr20	HAP2	HAP2	10	20	229092	211147	26962	413277	0.934760
chr10x20	14500001	14750000	HAP1_chr10	HAP1_chr20	HAP1	HAP1	10	20	200051	220413	8403	412061	0.979607
chr10x20	14500001	14750000	HAP1_chr10	HAP2_chr20	HAP1	HAP2	10	20	200051	210012	1275	408788	0.996881
chr10x20	14500001	14750000	HAP1_chr20	HAP2_chr10	HAP1	HAP2	20	10	220413	227973	9510	438876	0.978331
chr10x20	14500001	14750000	HAP2_chr10	HAP2_chr20	HAP2	HAP2	10	20	227973	210012	22520	415465	0.945796
chr10x20	14750001	15000000	HAP1_chr10	HAP1_chr20	HAP1	HAP1	10	20	200644	211549	9331	402862	0.976838
chr10x20	14750001	15000000	HAP1_chr10	HAP2_chr20	HAP1	HAP2	10	20	200644	231303	2620	429327	0.993897
chr10x20	14750001	15000000	HAP1_chr20	HAP2_chr10	HAP1	HAP2	20	10	211549	214598	10747	415400	0.974129
chr10x20	14750001	15000000	HAP2_chr10	HAP2_chr20	HAP2	HAP2	10	20	214598	231303	6155	439746	0.986003
chr10x20	15000001	15250000	HAP1_chr10	HAP1_chr20	HAP1	HAP1	10	20	198185	190361	9784	378762	0.974168
chr10x20	15000001	15250000	HAP1_chr10	HAP2_chr20	HAP1	HAP2	10	20	198185	229413	1310	426288	0.996927
chr10x20	15000001	15250000	HAP1_chr20	HAP2_chr10	HAP1	HAP2	20	10	190361	224002	6590	407773	0.983839
chr10x20	15000001	15250000	HAP2_chr10	HAP2_chr20	HAP2	HAP2	10	20	224002	229413	4409	449006	0.990181
chr10x20	15250001	15500000	HAP1_chr10	HAP1_chr20	HAP1	HAP1	10	20	213293	230015	10078	433230	0.976738
chr10x20	15250001	15500000	HAP1_chr10	HAP2_chr20	HAP1	HAP2	10	20	213293	215898	3565	425626	0.991624
chr10x20	15250001	15500000	HAP1_chr20	HAP2_chr10	HAP1	HAP2	20	10	230015	229327	6388	452954	0.985897
chr10x20	15250001	15500000	HAP2_chr10	HAP2_chr20	HAP2	HAP2	10	20	229327	215898	9831	435394	0.977420
chr10x20	15500001	15750000	HAP1_chr10	HAP1_chr20	HAP1	HAP1	10	20	215114	203167	4014	414267	0.990311
chr10x20	15500001	15750000	HAP1_chr10	HAP2_chr20	HAP1	HAP2	10	20	215114	214542	1999	427657	0.995326
chr10x20	15500001	15750000	HAP1_chr20	HAP2_chr10	HAP1	HAP2	20	10	203167	235385	2511	436041	0.994241
chr10x20	15500001	15750000	HAP2_chr10	HAP2_chr20	HAP2	HAP2	10	20	235385	214542	6572	443355	0.985177
chr10x20	15750001	16000000	HAP1_chr10	HAP1_chr20	HAP1	HAP1	10	20	230821	232094	6798	456117	0.985096
chr10x20	15750001	16000000	HAP1_chr10	HAP2_chr20	HAP1	HAP2	10	20	230821	205147	3060	432908	0.992932
chr10x20	15750001	16000000	HAP1_chr20	HAP2_chr10	HAP1	HAP2	20	10	232094	242963	3020	472037	0.993602
chr10x20	15750001	16000000	HAP2_chr10	HAP2_chr20	HAP2	HAP2	10	20	242963	205147	15540	432570	0.964075
chr10x20	16000001	16250000	HAP1_chr10	HAP1_chr20	HAP1	HAP1	10	20	153896	210848	5144	359600	0.985695
chr10x20	16000001	16250000	HAP1_chr10	HAP2_chr20	HAP1	HAP2	10	20	153896	216651	3274	367273	0.991086
chr10x20	16000001	16250000	HAP1_chr20	HAP2_chr10	HAP1	HAP2	20	10	210848	223408	3353	430903	0.992219
chr10x20	16000001	16250000	HAP2_chr10	HAP2_chr20	HAP2	HAP2	10	20	223408	216651	26738	413321	0.935309
chr10x20	16250001	16500000	HAP1_chr10	HAP1_chr20	HAP1	HAP1	10	20	62771	222197	2160	282808	0.992362
chr10x20	16250001	16500000	HAP1_chr10	HAP2_chr20	HAP1	HAP2	10	20	62771	236652	258	299165	0.999138
chr10x20	16250001	16500000	HAP1_chr20	HAP2_chr10	HAP1	HAP2	20	10	222197	211417	11458	422156	0.972858
chr10x20	16250001	16500000	HAP2_chr10	HAP2_chr20	HAP2	HAP2	10	20	211417	236652	17688	430381	0.958902
chr10x20	16500001	16750000	HAP1_chr10	HAP1_chr20	HAP1	HAP1	10	20	48771	207517	627	255661	0.997548
chr10x20	16500001	16750000	HAP1_chr10	HAP2_chr20	HAP1	HAP2	10	20	48771	235022	240	283553	0.999154
chr10x20	16500001	16750000	HAP1_chr20	HAP2_chr10	HAP1	HAP2	20	10	207517	231552	6412	432657	0.985180
chr10x20	16500001	16750000	HAP2_chr10	HAP2_chr20	HAP2	HAP2	10	20	231552	235022	5681	460893	0.987674
chr10x20	16750001	17000000	HAP1_chr10	HAP1_chr20	HAP1	HAP1	10	20	43932	204949	1170	247711	0.995277
chr10x20	16750001	17000000	HAP1_chr10	HAP2_chr20	HAP1	HAP2	10	20	43932	219047	93	262886	0.999646
chr10x20	16750001	17000000	HAP1_chr20	HAP2_chr10	HAP1	HAP2	20	10	204949	235832	3678	437103	0.991586
chr10x20	16750001	17000000	HAP2_chr10	HAP2_chr20	HAP2	HAP2	10	20	235832	219047	3488	451391	0.992273
chr10x20	17000001	17250000	HAP1_chr10	HAP1_chr20	HAP1	HAP1	10	20	94262	227230	700	320792	0.997818
chr10x20	17000001	17250000	HAP1_chr10	HAP2_chr20	HAP1	HAP2	10	20	94262	228677	1489	321450	0.995368
chr10x20	17000001	17250000	HAP1_chr20	HAP2_chr10	HAP1	HAP2	20	10	227230	210477	5173	432534	0.988040
chr10x20	17000001	17250000	HAP2_chr10	HAP2_chr20	HAP2	HAP2	10	20	210477	228677	12937	426217	0.969647
chr10x20	17250001	17500000	HAP1_chr10	HAP1_chr20	HAP1	HAP1	10	20	62814	188748	1896	249666	0.992406
chr10x20	17250001	17500000	HAP1_chr10	HAP2_chr20	HAP1	HAP2	10	20	62814	242199	3798	301215	0.987391
chr10x20	17250001	17500000	HAP1_chr20	HAP2_chr10	HAP1	HAP2	20	10	188748	216531	7378	397901	0.981458
chr10x20	17250001	17500000	HAP2_chr10	HAP2_chr20	HAP2	HAP2	10	20	216531	242199	9774	448956	0.978229
chr10x20	17500001	17750000	HAP1_chr10	HAP1_chr20	HAP1	HAP1	10	20	61681	197113	2443	256351	0.990470
chr10x20	17500001	17750000	HAP1_chr10	HAP2_chr20	HAP1	HAP2	10	20	61681	211434	371	272744	0.998640
chr10x20	17500001	17750000	HAP1_chr20	HAP2_chr10	HAP1	HAP2	20	10	197113	221343	8356	410100	0.979624
chr10x20	17500001	17750000	HAP2_chr10	HAP2_chr20	HAP2	HAP2	10	20	221343	211434	5660	427117	0.986748
chr10x20	17750001	18000000	HAP1_chr10	HAP1_chr20	HAP1	HAP1	10	20	58371	213705	1600	270476	0.994085
chr10x20	17750001	18000000	HAP1_chr10	HAP2_chr20	HAP1	HAP2	10	20	58371	222428	841	279958	0.996996
chr10x20	17750001	18000000	HAP1_chr20	HAP2_chr10	HAP1	HAP2	20	10	213705	224536	7321	430920	0.983011
chr10x20	17750001	18000000	HAP2_chr10	HAP2_chr20	HAP2	HAP2	10	20	224536	222428	6763	440201	0.984637
chr10x20	18000001	18250000	HAP1_chr10	HAP1_chr20	HAP1	HAP1	10	20	132955	214133	6181	340907	0.981869
chr10x20	18000001	18250000	HAP1_chr10	HAP2_chr20	HAP1	HAP2	10	20	132955	193944	1988	324911	0.993881
chr10x20	18000001	18250000	HAP1_chr20	HAP2_chr10	HAP1	HAP2	20	10	214133	224852	10503	428482	0.975488
chr10x20	18000001	18250000	HAP2_chr10	HAP2_chr20	HAP2	HAP2	10	20	224852	193944	13847	404949	0.965806
chr10x20	18250001	18500000	HAP1_chr10	HAP1_chr20	HAP1	HAP1	10	20	227330	222049	12967	436412	0.970287
chr10x20	18250001	18500000	HAP1_chr10	HAP2_chr20	HAP1	HAP2	10	20	227330	196459	2625	421164	0.993767
chr10x20	18250001	18500000	HAP1_chr20	HAP2_chr10	HAP1	HAP2	20	10	222049	216698	8199	430548	0.980957
chr10x20	18250001	18500000	HAP2_chr10	HAP2_chr20	HAP2	HAP2	10	20	216698	196459	8681	404476	0.978538
chr10x20	18500001	18750000	HAP1_chr10	HAP1_chr20	HAP1	HAP1	10	20	200907	219712	8976	411643	0.978195
chr10x20	18500001	18750000	HAP1_chr10	HAP2_chr20	HAP1	HAP2	10	20	200907	213857	6071	408693	0.985145
chr10x20	18500001	18750000	HAP1_chr20	HAP2_chr10	HAP1	HAP2	20	10	219712	219847	6813	432746	0.984256
chr10x20	18500001	18750000	HAP2_chr10	HAP2_chr20	HAP2	HAP2	10	20	219847	213857	8903	424801	0.979042
chr10x20	18750001	19000000	HAP1_chr10	HAP1_chr20	HAP1	HAP1	10	20	186098	222944	4718	404324	0.988331
chr10x20	18750001	19000000	HAP1_chr10	HAP2_chr20	HAP1	HAP2	10	20	186098	216370	1584	400884	0.996049
chr10x20	18750001	19000000	HAP1_chr20	HAP2_chr10	HAP1	HAP2	20	10	222944	203089	6880	419153	0.983586
chr10x20	18750001	19000000	HAP2_chr10	HAP2_chr20	HAP2	HAP2	10	20	203089	216370	7784	411675	0.981092
chr10x20	19000001	19250000	HAP1_chr10	HAP1_chr20	HAP1	HAP1	10	20	193661	222041	8075	407627	0.980190
chr10x20	19000001	19250000	HAP1_chr10	HAP2_chr20	HAP1	HAP2	10	20	193661	230349	2725	421285	0.993532
chr10x20	19000001	19250000	HAP1_chr20	HAP2_chr10	HAP1	HAP2	20	10	222041	205939	6234	421746	0.985219
chr10x20	19000001	19250000	HAP2_chr10	HAP2_chr20	HAP2	HAP2	10	20	205939	230349	9018	427270	0.978894
chr10x20	19250001	19500000	HAP1_chr10	HAP1_chr20	HAP1	HAP1	10	20	226565	206524	7846	425243	0.981549
chr10x20	19250001	19500000	HAP1_chr10	HAP2_chr20	HAP1	HAP2	10	20	226565	219627	3273	442919	0.992610
chr10x20	19250001	19500000	HAP1_chr20	HAP2_chr10	HAP1	HAP2	20	10	206524	230219	1296	435447	0.997024
chr10x20	19250001	19500000	HAP2_chr10	HAP2_chr20	HAP2	HAP2	10	20	230219	219627	6398	443448	0.985572
chr10x20	19500001	19750000	HAP1_chr10	HAP1_chr20	HAP1	HAP1	10	20	225074	202409	6551	420932	0.984437
chr10x20	19500001	19750000	HAP1_chr10	HAP2_chr20	HAP1	HAP2	10	20	225074	188585	2461	411198	0.994015
chr10x20	19500001	19750000	HAP1_chr20	HAP2_chr10	HAP1	HAP2	20	10	202409	229723	9052	423080	0.978605
chr10x20	19500001	19750000	HAP2_chr10	HAP2_chr20	HAP2	HAP2	10	20	229723	188585	8971	409337	0.978084
chr10x20	19750001	20000000	HAP1_chr10	HAP1_chr20	HAP1	HAP1	10	20	221771	215367	13242	423896	0.968761
chr10x20	19750001	20000000	HAP1_chr10	HAP2_chr20	HAP1	HAP2	10	20	221771	212495	7457	426809	0.982528
chr10x20	19750001	20000000	HAP1_chr20	HAP2_chr10	HAP1	HAP2	20	10	215367	197603	6077	406893	0.985065
chr10x20	19750001	20000000	HAP2_chr10	HAP2_chr20	HAP2	HAP2	10	20	197603	212495	9741	400357	0.975669
chr10x20	20000001	20250000	HAP1_chr10	HAP1_chr20	HAP1	HAP1	10	20	208799	219701	10777	417723	0.974201
chr10x20	20000001	20250000	HAP1_chr10	HAP2_chr20	HAP1	HAP2	10	20	208799	237902	3793	442908	0.991436
chr10x20	20000001	20250000	HAP1_chr20	HAP2_chr10	HAP1	HAP2	20	10	219701	220777	3259	437219	0.992546
chr10x20	20000001	20250000	HAP2_chr10	HAP2_chr20	HAP2	HAP2	10	20	220777	237902	10001	448678	0.977710
chr10x20	20250001	20500000	HAP1_chr10	HAP1_chr20	HAP1	HAP1	10	20	219477	225431	7087	437821	0.983813
chr10x20	20250001	20500000	HAP1_chr10	HAP2_chr20	HAP1	HAP2	10	20	219477	231231	4221	446487	0.990546
chr10x20	20250001	20500000	HAP1_chr20	HAP2_chr10	HAP1	HAP2	20	10	225431	209694	7670	427455	0.982057
chr10x20	20250001	20500000	HAP2_chr10	HAP2_chr20	HAP2	HAP2	10	20	209694	231231	9180	431745	0.978737
chr10x20	20500001	20750000	HAP1_chr10	HAP1_chr20	HAP1	HAP1	10	20	207562	222130	9566	420126	0.977231
chr10x20	20500001	20750000	HAP1_chr10	HAP2_chr20	HAP1	HAP2	10	20	207562	213343	4281	416624	0.989725
chr10x20	20500001	20750000	HAP1_chr20	HAP2_chr10	HAP1	HAP2	20	10	222130	212111	3640	430601	0.991547
chr10x20	20500001	20750000	HAP2_chr10	HAP2_chr20	HAP2	HAP2	10	20	212111	213343	3324	422130	0.992126
chr10x20	20750001	21000000	HAP1_chr10	HAP1_chr20	HAP1	HAP1	10	20	209394	229237	5482	433149	0.987344
chr10x20	20750001	21000000	HAP1_chr10	HAP2_chr20	HAP1	HAP2	10	20	209394	199110	6593	401911	0.983596
chr10x20	20750001	21000000	HAP1_chr20	HAP2_chr10	HAP1	HAP2	20	10	229237	227283	12730	443790	0.971315
chr10x20	20750001	21000000	HAP2_chr10	HAP2_chr20	HAP2	HAP2	10	20	227283	199110	10196	416197	0.975502
chr10x20	21000001	21250000	HAP1_chr10	HAP1_chr20	HAP1	HAP1	10	20	216929	188522	12597	392854	0.967935
chr10x20	21000001	21250000	HAP1_chr10	HAP2_chr20	HAP1	HAP2	10	20	216929	201091	9050	408970	0.977871
chr10x20	21000001	21250000	HAP1_chr20	HAP2_chr10	HAP1	HAP2	20	10	188522	210511	13692	385341	0.964468
chr10x20	21000001	21250000	HAP2_chr10	HAP2_chr20	HAP2	HAP2	10	20	210511	201091	12496	399106	0.968690
chr10x20	21250001	21500000	HAP1_chr10	HAP1_chr20	HAP1	HAP1	10	20	217010	222143	8671	430482	0.979857
chr10x20	21250001	21500000	HAP1_chr10	HAP2_chr20	HAP1	HAP2	10	20	217010	228041	4403	440648	0.990008
chr10x20	21250001	21500000	HAP1_chr20	HAP2_chr10	HAP1	HAP2	20	10	222143	231194	10704	442633	0.975817
chr10x20	21250001	21500000	HAP2_chr10	HAP2_chr20	HAP2	HAP2	10	20	231194	228041	4190	455045	0.990792
chr10x20	21500001	21750000	HAP1_chr10	HAP1_chr20	HAP1	HAP1	10	20	208449	231835	7603	432681	0.982428
chr10x20	21500001	21750000	HAP1_chr10	HAP2_chr20	HAP1	HAP2	10	20	208449	216529	5357	419621	0.987234
chr10x20	21500001	21750000	HAP1_chr20	HAP2_chr10	HAP1	HAP2	20	10	231835	220762	5383	447214	0.987963
chr10x20	21500001	21750000	HAP2_chr10	HAP2_chr20	HAP2	HAP2	10	20	220762	216529	2923	434368	0.993271
chr10x20	21750001	22000000	HAP1_chr10	HAP1_chr20	HAP1	HAP1	10	20	171549	179529	6243	344835	0.981896
chr10x20	21750001	22000000	HAP1_chr10	HAP2_chr20	HAP1	HAP2	10	20	171549	210056	5336	376269	0.985819
chr10x20	21750001	22000000	HAP1_chr20	HAP2_chr10	HAP1	HAP2	20	10	179529	210473	5965	384037	0.984468
chr10x20	21750001	22000000	HAP2_chr10	HAP2_chr20	HAP2	HAP2	10	20	210473	210056	6301	414228	0.984789
chr10x20	22000001	22250000	HAP1_chr10	HAP1_chr20	HAP1	HAP1	10	20	232334	173834	9236	396932	0.976732
chr10x20	22000001	22250000	HAP1_chr10	HAP2_chr20	HAP1	HAP2	10	20	232334	226360	3541	455153	0.992220
chr10x20	22000001	22250000	HAP1_chr20	HAP2_chr10	HAP1	HAP2	20	10	173834	231266	3530	401570	0.991210
chr10x20	22000001	22250000	HAP2_chr10	HAP2_chr20	HAP2	HAP2	10	20	231266	226360	4375	453251	0.990348
chr10x20	22250001	22500000	HAP1_chr10	HAP1_chr20	HAP1	HAP1	10	20	210052	218315	9738	418629	0.976738
chr10x20	22250001	22500000	HAP1_chr10	HAP2_chr20	HAP1	HAP2	10	20	210052	223037	6781	426308	0.984094
chr10x20	22250001	22500000	HAP1_chr20	HAP2_chr10	HAP1	HAP2	20	10	218315	189061	10621	396755	0.973230
chr10x20	22250001	22500000	HAP2_chr10	HAP2_chr20	HAP2	HAP2	10	20	189061	223037	7582	404516	0.981257
chr10x20	22500001	22750000	HAP1_chr10	HAP1_chr20	HAP1	HAP1	10	20	212007	228901	9228	431680	0.978623
chr10x20	22500001	22750000	HAP1_chr10	HAP2_chr20	HAP1	HAP2	10	20	212007	200360	8585	403782	0.978739
chr10x20	22500001	22750000	HAP1_chr20	HAP2_chr10	HAP1	HAP2	20	10	228901	229937	12873	445965	0.971135
chr10x20	22500001	22750000	HAP2_chr10	HAP2_chr20	HAP2	HAP2	10	20	229937	200360	4005	426292	0.990605
chr10x20	22750001	23000000	HAP1_chr10	HAP1_chr20	HAP1	HAP1	10	20	212463	229538	10316	431685	0.976103
chr10x20	22750001	23000000	HAP1_chr10	HAP2_chr20	HAP1	HAP2	10	20	212463	201300	8816	404947	0.978229
chr10x20	22750001	23000000	HAP1_chr20	HAP2_chr10	HAP1	HAP2	20	10	229538	190496	6861	413173	0.983394
chr10x20	22750001	23000000	HAP2_chr10	HAP2_chr20	HAP2	HAP2	10	20	190496	201300	13808	377988	0.963470
chr10x20	23000001	23250000	HAP1_chr10	HAP1_chr20	HAP1	HAP1	10	20	215264	215828	8132	422960	0.980774
chr10x20	23000001	23250000	HAP1_chr10	HAP2_chr20	HAP1	HAP2	10	20	215264	221265	12685	423844	0.970072
chr10x20	23000001	23250000	HAP1_chr20	HAP2_chr10	HAP1	HAP2	20	10	215828	206093	8440	413481	0.979588
chr10x20	23000001	23250000	HAP2_chr10	HAP2_chr20	HAP2	HAP2	10	20	206093	221265	8837	418521	0.978885
chr10x20	23250001	23500000	HAP1_chr10	HAP1_chr20	HAP1	HAP1	10	20	213576	213882	5907	421551	0.985987
chr10x20	23250001	23500000	HAP1_chr10	HAP2_chr20	HAP1	HAP2	10	20	213576	219974	8025	425525	0.981141
chr10x20	23250001	23500000	HAP1_chr20	HAP2_chr10	HAP1	HAP2	20	10	213882	231460	8334	437008	0.980929
chr10x20	23250001	23500000	HAP2_chr10	HAP2_chr20	HAP2	HAP2	10	20	231460	219974	8913	442521	0.979859
chr10x20	23500001	23750000	HAP1_chr10	HAP1_chr20	HAP1	HAP1	10	20	197691	219974	13243	404422	0.967255
chr10x20	23500001	23750000	HAP1_chr10	HAP2_chr20	HAP1	HAP2	10	20	197691	224883	6902	415672	0.983396
chr10x20	23500001	23750000	HAP1_chr20	HAP2_chr10	HAP1	HAP2	20	10	219974	221478	9869	431583	0.977133
chr10x20	23500001	23750000	HAP2_chr10	HAP2_chr20	HAP2	HAP2	10	20	221478	224883	7371	438990	0.983209
chr10x20	23750001	24000000	HAP1_chr10	HAP1_chr20	HAP1	HAP1	10	20	193474	235856	2197	427133	0.994856
chr10x20	23750001	24000000	HAP1_chr10	HAP2_chr20	HAP1	HAP2	10	20	193474	231409	2853	422030	0.993240
chr10x20	23750001	24000000	HAP1_chr20	HAP2_chr10	HAP1	HAP2	20	10	235856	198661	7348	427169	0.982798
chr10x20	23750001	24000000	HAP2_chr10	HAP2_chr20	HAP2	HAP2	10	20	198661	231409	6718	423352	0.984131
chr10x20	24000001	24250000	HAP1_chr10	HAP1_chr20	HAP1	HAP1	10	20	212732	210478	7788	415422	0.981253
chr10x20	24000001	24250000	HAP1_chr10	HAP2_chr20	HAP1	HAP2	10	20	212732	198535	6658	404609	0.983545
chr10x20	24000001	24250000	HAP1_chr20	HAP2_chr10	HAP1	HAP2	20	10	210478	227376	8922	428932	0.979200
chr10x20	24000001	24250000	HAP2_chr10	HAP2_chr20	HAP2	HAP2	10	20	227376	198535	10104	415807	0.975700
chr10x20	24250001	24500000	HAP1_chr10	HAP1_chr20	HAP1	HAP1	10	20	226948	232420	6566	452802	0.985499
chr10x20	24250001	24500000	HAP1_chr10	HAP2_chr20	HAP1	HAP2	10	20	226948	224002	6460	444490	0.985466
chr10x20	24250001	24500000	HAP1_chr20	HAP2_chr10	HAP1	HAP2	20	10	232420	199302	5484	426238	0.987134
chr10x20	24250001	24500000	HAP2_chr10	HAP2_chr20	HAP2	HAP2	10	20	199302	224002	6606	416698	0.984147
chr10x20	24500001	24750000	HAP1_chr10	HAP1_chr20	HAP1	HAP1	10	20	218422	206246	3420	421248	0.991881
chr10x20	24500001	24750000	HAP1_chr10	HAP2_chr20	HAP1	HAP2	10	20	218422	226443	6943	437922	0.984146
chr10x20	24500001	24750000	HAP1_chr20	HAP2_chr10	HAP1	HAP2	20	10	206246	207040	28628	384658	0.925575
chr10x20	24500001	24750000	HAP2_chr10	HAP2_chr20	HAP2	HAP2	10	20	207040	226443	6577	426906	0.984594
chr10x20	24750001	25000000	HAP1_chr10	HAP1_chr20	HAP1	HAP1	10	20	213085	203571	7266	409390	0.982252
chr10x20	24750001	25000000	HAP1_chr10	HAP2_chr20	HAP1	HAP2	10	20	213085	228408	5994	435499	0.986236
chr10x20	24750001	25000000	HAP1_chr20	HAP2_chr10	HAP1	HAP2	20	10	203571	218830	5983	416418	0.985632
chr10x20	24750001	25000000	HAP2_chr10	HAP2_chr20	HAP2	HAP2	10	20	218830	228408	9162	438076	0.979086
chr10x20	25000001	25250000	HAP1_chr10	HAP1_chr20	HAP1	HAP1	10	20	202846	234464	3803	433507	0.991227
chr10x20	25000001	25250000	HAP1_chr10	HAP2_chr20	HAP1	HAP2	10	20	202846	225805	3302	425349	0.992237
chr10x20	25000001	25250000	HAP1_chr20	HAP2_chr10	HAP1	HAP2	20	10	234464	211314	3240	442538	0.992679
chr10x20	25000001	25250000	HAP2_chr10	HAP2_chr20	HAP2	HAP2	10	20	211314	225805	4593	432526	0.989381
chr10x20	25250001	25500000	HAP1_chr10	HAP1_chr20	HAP1	HAP1	10	20	219651	219877	7427	432101	0.982812
chr10x20	25250001	25500000	HAP1_chr10	HAP2_chr20	HAP1	HAP2	10	20	219651	168304	6161	381794	0.983863
chr10x20	25250001	25500000	HAP1_chr20	HAP2_chr10	HAP1	HAP2	20	10	219877	213616	3880	429613	0.990969
chr10x20	25250001	25500000	HAP2_chr10	HAP2_chr20	HAP2	HAP2	10	20	213616	168304	8094	373826	0.978348
chr10x20	25500001	25750000	HAP1_chr10	HAP1_chr20	HAP1	HAP1	10	20	212696	208714	6516	414894	0.984295
chr10x20	25500001	25750000	HAP1_chr10	HAP2_chr20	HAP1	HAP2	10	20	212696	180120	2743	390073	0.992968
chr10x20	25500001	25750000	HAP1_chr20	HAP2_chr10	HAP1	HAP2	20	10	208714	226632	10903	424443	0.974312
chr10x20	25500001	25750000	HAP2_chr10	HAP2_chr20	HAP2	HAP2	10	20	226632	180120	7667	399085	0.980789
chr10x20	25750001	26000000	HAP1_chr10	HAP1_chr20	HAP1	HAP1	10	20	220444	206014	2016	424442	0.995250
chr10x20	25750001	26000000	HAP1_chr10	HAP2_chr20	HAP1	HAP2	10	20	220444	229037	7720	441761	0.982524
chr10x20	25750001	26000000	HAP1_chr20	HAP2_chr10	HAP1	HAP2	20	10	206014	222302	4256	424060	0.989964
chr10x20	25750001	26000000	HAP2_chr10	HAP2_chr20	HAP2	HAP2	10	20	222302	229037	5889	445450	0.986780
chr10x20	26000001	26250000	HAP1_chr10	HAP1_chr20	HAP1	HAP1	10	20	201271	231674	7469	425476	0.982446
chr10x20	26000001	26250000	HAP1_chr10	HAP2_chr20	HAP1	HAP2	10	20	201271	221369	7454	415186	0.982047
chr10x20	26000001	26250000	HAP1_chr20	HAP2_chr10	HAP1	HAP2	20	10	231674	220011	3615	448070	0.991932
chr10x20	26000001	26250000	HAP2_chr10	HAP2_chr20	HAP2	HAP2	10	20	220011	221369	8591	432789	0.980150
chr10x20	26250001	26500000	HAP1_chr10	HAP1_chr20	HAP1	HAP1	10	20	230469	204578	6344	428703	0.985202
chr10x20	26250001	26500000	HAP1_chr10	HAP2_chr20	HAP1	HAP2	10	20	230469	201653	7999	424123	0.981140
chr10x20	26250001	26500000	HAP1_chr20	HAP2_chr10	HAP1	HAP2	20	10	204578	234000	2970	435608	0.993182
chr10x20	26250001	26500000	HAP2_chr10	HAP2_chr20	HAP2	HAP2	10	20	234000	201653	5034	430619	0.988310
chr10x20	26500001	26750000	HAP1_chr10	HAP1_chr20	HAP1	HAP1	10	20	223528	200197	8006	415719	0.980742
chr10x20	26500001	26750000	HAP1_chr10	HAP2_chr20	HAP1	HAP2	10	20	223528	225352	4319	444561	0.990285
chr10x20	26500001	26750000	HAP1_chr20	HAP2_chr10	HAP1	HAP2	20	10	200197	235229	2433	432993	0.994381
chr10x20	26500001	26750000	HAP2_chr10	HAP2_chr20	HAP2	HAP2	10	20	235229	225352	8475	452106	0.981254
chr10x20	26750001	27000000	HAP1_chr10	HAP1_chr20	HAP1	HAP1	10	20	230268	218203	5498	442973	0.987588
chr10x20	26750001	27000000	HAP1_chr10	HAP2_chr20	HAP1	HAP2	10	20	230268	220793	9506	441555	0.978472
chr10x20	26750001	27000000	HAP1_chr20	HAP2_chr10	HAP1	HAP2	20	10	218203	222291	6362	434132	0.985345
chr10x20	26750001	27000000	HAP2_chr10	HAP2_chr20	HAP2	HAP2	10	20	222291	220793	5227	437857	0.988062
chr10x20	27000001	27250000	HAP1_chr10	HAP1_chr20	HAP1	HAP1	10	20	220382	222818	3922	439278	0.991072
chr10x20	27000001	27250000	HAP1_chr10	HAP2_chr20	HAP1	HAP2	10	20	220382	233524	8525	445381	0.980859
chr10x20	27000001	27250000	HAP1_chr20	HAP2_chr10	HAP1	HAP2	20	10	222818	228008	5552	445274	0.987531
chr10x20	27000001	27250000	HAP2_chr10	HAP2_chr20	HAP2	HAP2	10	20	228008	233524	5261	456271	0.988470
chr10x20	27250001	27500000	HAP1_chr10	HAP1_chr20	HAP1	HAP1	10	20	204198	237196	3710	437684	0.991524
chr10x20	27250001	27500000	HAP1_chr10	HAP2_chr20	HAP1	HAP2	10	20	204198	223507	11242	416463	0.973006
chr10x20	27250001	27500000	HAP1_chr20	HAP2_chr10	HAP1	HAP2	20	10	237196	205403	5227	437372	0.988049
chr10x20	27250001	27500000	HAP2_chr10	HAP2_chr20	HAP2	HAP2	10	20	205403	223507	6608	422302	0.984352
chr10x20	27500001	27750000	HAP1_chr10	HAP1_chr20	HAP1	HAP1	10	20	207871	223953	5215	426609	0.987776
chr10x20	27500001	27750000	HAP1_chr10	HAP2_chr20	HAP1	HAP2	10	20	207871	198957	12391	394437	0.968586
chr10x20	27500001	27750000	HAP1_chr20	HAP2_chr10	HAP1	HAP2	20	10	223953	206268	6858	423363	0.983801
chr10x20	27500001	27750000	HAP2_chr10	HAP2_chr20	HAP2	HAP2	10	20	206268	198957	10877	394348	0.972418
chr10x20	27750001	28000000	HAP1_chr10	HAP1_chr20	HAP1	HAP1	10	20	213607	192616	9036	397187	0.977250
chr10x20	27750001	28000000	HAP1_chr10	HAP2_chr20	HAP1	HAP2	10	20	213607	219098	9905	422800	0.976573
chr10x20	27750001	28000000	HAP1_chr20	HAP2_chr10	HAP1	HAP2	20	10	192616	224471	5206	411881	0.987360
chr10x20	27750001	28000000	HAP2_chr10	HAP2_chr20	HAP2	HAP2	10	20	224471	219098	8744	434825	0.979891
chr10x20	28000001	28250000	HAP1_chr10	HAP1_chr20	HAP1	HAP1	10	20	211570	208331	8436	411465	0.979498
chr10x20	28000001	28250000	HAP1_chr10	HAP2_chr20	HAP1	HAP2	10	20	211570	194430	10804	395196	0.972662
chr10x20	28000001	28250000	HAP1_chr20	HAP2_chr10	HAP1	HAP2	20	10	208331	223328	2665	428994	0.993788
chr10x20	28000001	28250000	HAP2_chr10	HAP2_chr20	HAP2	HAP2	10	20	223328	194430	8479	409279	0.979283
chr10x20	28250001	28500000	HAP1_chr10	HAP1_chr20	HAP1	HAP1	10	20	213264	230513	4001	439776	0.990902
chr10x20	28250001	28500000	HAP1_chr10	HAP2_chr20	HAP1	HAP2	10	20	213264	221693	7035	427922	0.983560
chr10x20	28250001	28500000	HAP1_chr20	HAP2_chr10	HAP1	HAP2	20	10	230513	229162	8462	451213	0.981246
chr10x20	28250001	28500000	HAP2_chr10	HAP2_chr20	HAP2	HAP2	10	20	229162	221693	7714	443141	0.982592
chr10x20	28500001	28750000	HAP1_chr10	HAP1_chr20	HAP1	HAP1	10	20	216000	218041	2547	431494	0.994097
chr10x20	28500001	28750000	HAP1_chr10	HAP2_chr20	HAP1	HAP2	10	20	216000	225911	7370	434541	0.983040
chr10x20	28500001	28750000	HAP1_chr20	HAP2_chr10	HAP1	HAP2	20	10	218041	201568	2646	416963	0.993654
chr10x20	28500001	28750000	HAP2_chr10	HAP2_chr20	HAP2	HAP2	10	20	201568	225911	8124	419355	0.980627
chr10x20	28750001	29000000	HAP1_chr10	HAP1_chr20	HAP1	HAP1	10	20	231792	209708	2439	439061	0.994445
chr10x20	28750001	29000000	HAP1_chr10	HAP2_chr20	HAP1	HAP2	10	20	231792	220763	7339	445216	0.983516
chr10x20	28750001	29000000	HAP1_chr20	HAP2_chr10	HAP1	HAP2	20	10	209708	214437	9233	414912	0.977747
chr10x20	28750001	29000000	HAP2_chr10	HAP2_chr20	HAP2	HAP2	10	20	214437	220763	8540	426660	0.979984
chr10x20	29000001	29250000	HAP1_chr10	HAP1_chr20	HAP1	HAP1	10	20	223275	189453	7184	405544	0.982286
chr10x20	29000001	29250000	HAP1_chr10	HAP2_chr20	HAP1	HAP2	10	20	223275	227958	7736	443497	0.982557
chr10x20	29000001	29250000	HAP1_chr20	HAP2_chr10	HAP1	HAP2	20	10	189453	199862	1644	387671	0.995759
chr10x20	29000001	29250000	HAP2_chr10	HAP2_chr20	HAP2	HAP2	10	20	199862	227958	5013	422807	0.988144
chr10x20	29250001	29500000	HAP1_chr10	HAP1_chr20	HAP1	HAP1	10	20	211150	201348	13866	398632	0.965216
chr10x20	29250001	29500000	HAP1_chr10	HAP2_chr20	HAP1	HAP2	10	20	211150	191534	8045	394639	0.979614
chr10x20	29250001	29500000	HAP1_chr20	HAP2_chr10	HAP1	HAP2	20	10	201348	230370	10491	421227	0.975094
chr10x20	29250001	29500000	HAP2_chr10	HAP2_chr20	HAP2	HAP2	10	20	230370	191534	8451	413453	0.979560
chr10x20	29500001	29750000	HAP1_chr10	HAP1_chr20	HAP1	HAP1	10	20	213572	212806	3854	422524	0.990879
chr10x20	29500001	29750000	HAP1_chr10	HAP2_chr20	HAP1	HAP2	10	20	213572	206273	5731	414114	0.986161
chr10x20	29500001	29750000	HAP1_chr20	HAP2_chr10	HAP1	HAP2	20	10	212806	219530	2775	429561	0.993540
chr10x20	29500001	29750000	HAP2_chr10	HAP2_chr20	HAP2	HAP2	10	20	219530	206273	9880	415923	0.976246
chr10x20	29750001	30000000	HAP1_chr10	HAP1_chr20	HAP1	HAP1	10	20	227213	219784	7483	439514	0.982974
chr10x20	29750001	30000000	HAP1_chr10	HAP2_chr20	HAP1	HAP2	10	20	227213	199322	5549	420986	0.986819
chr10x20	29750001	30000000	HAP1_chr20	HAP2_chr10	HAP1	HAP2	20	10	219784	227699	3030	444453	0.993183
chr10x20	29750001	30000000	HAP2_chr10	HAP2_chr20	HAP2	HAP2	10	20	227699	199322	7266	419755	0.982690
chr10x20	30000001	30250000	HAP1_chr10	HAP1_chr20	HAP1	HAP1	10	20	215544	235047	2252	448339	0.994977
chr10x20	30000001	30250000	HAP1_chr10	HAP2_chr20	HAP1	HAP2	10	20	215544	188513	10230	393827	0.974024
chr10x20	30000001	30250000	HAP1_chr20	HAP2_chr10	HAP1	HAP2	20	10	235047	204380	6188	433239	0.985717
chr10x20	30000001	30250000	HAP2_chr10	HAP2_chr20	HAP2	HAP2	10	20	204380	188513	8589	384304	0.977651
chr10x20	30250001	30500000	HAP1_chr10	HAP1_chr20	HAP1	HAP1	10	20	207437	233682	3365	437754	0.992313
chr10x20	30250001	30500000	HAP1_chr10	HAP2_chr20	HAP1	HAP2	10	20	207437	226605	7648	426394	0.982064
chr10x20	30250001	30500000	HAP1_chr20	HAP2_chr10	HAP1	HAP2	20	10	233682	213485	1369	445798	0.996929
chr10x20	30250001	30500000	HAP2_chr10	HAP2_chr20	HAP2	HAP2	10	20	213485	226605	7391	432699	0.982919
chr10x20	30500001	30750000	HAP1_chr10	HAP1_chr20	HAP1	HAP1	10	20	227159	213490	3742	436907	0.991435
chr10x20	30500001	30750000	HAP1_chr10	HAP2_chr20	HAP1	HAP2	10	20	227159	223004	8181	441982	0.981490
chr10x20	30500001	30750000	HAP1_chr20	HAP2_chr10	HAP1	HAP2	20	10	213490	216418	5941	423967	0.985987
chr10x20	30500001	30750000	HAP2_chr10	HAP2_chr20	HAP2	HAP2	10	20	216418	223004	4473	434949	0.989716
chr10x20	30750001	31000000	HAP1_chr10	HAP1_chr20	HAP1	HAP1	10	20	196944	238605	1412	434137	0.996748
chr10x20	30750001	31000000	HAP1_chr10	HAP2_chr20	HAP1	HAP2	10	20	196944	179016	10574	365386	0.971061
chr10x20	30750001	31000000	HAP1_chr20	HAP2_chr10	HAP1	HAP2	20	10	238605	231510	2261	467854	0.995167
chr10x20	30750001	31000000	HAP2_chr10	HAP2_chr20	HAP2	HAP2	10	20	231510	179016	4959	405567	0.987773
chr10x20	31000001	31250000	HAP1_chr10	HAP1_chr20	HAP1	HAP1	10	20	144374	236101	3058	377417	0.991898
chr10x20	31000001	31250000	HAP1_chr10	HAP2_chr20	HAP1	HAP2	10	20	144374	232598	6012	370960	0.983793
chr10x20	31000001	31250000	HAP1_chr20	HAP2_chr10	HAP1	HAP2	20	10	236101	219484	3552	452033	0.992142
chr10x20	31000001	31250000	HAP2_chr10	HAP2_chr20	HAP2	HAP2	10	20	219484	232598	6716	445366	0.984920
chr10x20	31250001	31500000	HAP1_chr10	HAP1_chr20	HAP1	HAP1	10	20	173387	229331	5705	397013	0.985630
chr10x20	31250001	31500000	HAP1_chr10	HAP2_chr20	HAP1	HAP2	10	20	173387	206101	16818	362670	0.953627
chr10x20	31250001	31500000	HAP1_chr20	HAP2_chr10	HAP1	HAP2	20	10	229331	211514	4455	436390	0.989791
chr10x20	31250001	31500000	HAP2_chr10	HAP2_chr20	HAP2	HAP2	10	20	211514	206101	7342	410273	0.982105
chr10x20	31500001	31750000	HAP1_chr10	HAP1_chr20	HAP1	HAP1	10	20	203620	201455	4239	400836	0.989425
chr10x20	31500001	31750000	HAP1_chr10	HAP2_chr20	HAP1	HAP2	10	20	203620	224598	7254	420964	0.982768
chr10x20	31500001	31750000	HAP1_chr20	HAP2_chr10	HAP1	HAP2	20	10	201455	224134	6243	419346	0.985113
chr10x20	31500001	31750000	HAP2_chr10	HAP2_chr20	HAP2	HAP2	10	20	224134	224598	15216	433516	0.964901
chr10x20	31750001	32000000	HAP1_chr10	HAP1_chr20	HAP1	HAP1	10	20	21491	214344	4063	231772	0.982470
chr10x20	31750001	32000000	HAP1_chr10	HAP2_chr20	HAP1	HAP2	10	20	21491	209387	738	230140	0.996793
chr10x20	31750001	32000000	HAP1_chr20	HAP2_chr10	HAP1	HAP2	20	10	214344	218881	11079	422146	0.973756
chr10x20	31750001	32000000	HAP2_chr10	HAP2_chr20	HAP2	HAP2	10	20	218881	209387	7186	421082	0.982934
chr10x20	32000001	32250000	HAP1_chr10	HAP1_chr20	HAP1	HAP1	10	20	43708	223415	300	266823	0.998876
chr10x20	32000001	32250000	HAP1_chr10	HAP2_chr20	HAP1	HAP2	10	20	43708	219175	1559	261324	0.994034
chr10x20	32000001	32250000	HAP1_chr20	HAP2_chr10	HAP1	HAP2	20	10	223415	233901	6296	451020	0.986041
chr10x20	32000001	32250000	HAP2_chr10	HAP2_chr20	HAP2	HAP2	10	20	233901	219175	12494	440582	0.971642
chr10x20	32250001	32500000	HAP1_chr10	HAP1_chr20	HAP1	HAP1	10	20	44140	226071	689	269522	0.997444
chr10x20	32250001	32500000	HAP1_chr10	HAP2_chr20	HAP1	HAP2	10	20	44140	209030	1028	252142	0.995923
chr10x20	32250001	32500000	HAP1_chr20	HAP2_chr10	HAP1	HAP2	20	10	226071	233574	4506	455139	0.990100
chr10x20	32250001	32500000	HAP2_chr10	HAP2_chr20	HAP2	HAP2	10	20	233574	209030	9723	432881	0.977539
chr10x20	32500001	32750000	HAP1_chr10	HAP1_chr20	HAP1	HAP1	10	20	41251	239600	206	280645	0.999266
chr10x20	32500001	32750000	HAP1_chr10	HAP2_chr20	HAP1	HAP2	10	20	41251	205105	166	246190	0.999326
chr10x20	32500001	32750000	HAP1_chr20	HAP2_chr10	HAP1	HAP2	20	10	239600	211658	3385	447873	0.992442
chr10x20	32500001	32750000	HAP2_chr10	HAP2_chr20	HAP2	HAP2	10	20	211658	205105	10984	405779	0.972931
chr10x20	32750001	33000000	HAP1_chr10	HAP1_chr20	HAP1	HAP1	10	20	40092	192246	1802	230536	0.992183
chr10x20	32750001	33000000	HAP1_chr10	HAP2_chr20	HAP1	HAP2	10	20	40092	218300	1862	256530	0.992742
chr10x20	32750001	33000000	HAP1_chr20	HAP2_chr10	HAP1	HAP2	20	10	192246	216962	1911	407297	0.995308
chr10x20	32750001	33000000	HAP2_chr10	HAP2_chr20	HAP2	HAP2	10	20	216962	218300	16291	418971	0.961117
chr10x20	33000001	33250000	HAP1_chr10	HAP1_chr20	HAP1	HAP1	10	20	90091	215923	7520	298494	0.974807
chr10x20	33000001	33250000	HAP1_chr10	HAP2_chr20	HAP1	HAP2	10	20	90091	215972	5882	300181	0.980405
chr10x20	33000001	33250000	HAP1_chr20	HAP2_chr10	HAP1	HAP2	20	10	215923	223760	4203	435480	0.990349
chr10x20	33000001	33250000	HAP2_chr10	HAP2_chr20	HAP2	HAP2	10	20	223760	215972	13075	426657	0.969355
chr10x20	33250001	33500000	HAP1_chr10	HAP1_chr20	HAP1	HAP1	10	20	59721	194184	1272	252633	0.994965
chr10x20	33250001	33500000	HAP1_chr10	HAP2_chr20	HAP1	HAP2	10	20	59721	221361	2873	278209	0.989673
chr10x20	33250001	33500000	HAP1_chr20	HAP2_chr10	HAP1	HAP2	20	10	194184	217583	13963	397804	0.964900
chr10x20	33250001	33500000	HAP2_chr10	HAP2_chr20	HAP2	HAP2	10	20	217583	221361	7340	431604	0.982994
chr10x20	33500001	33750000	HAP1_chr10	HAP1_chr20	HAP1	HAP1	10	20	118707	241958	1264	359401	0.996483
chr10x20	33500001	33750000	HAP1_chr10	HAP2_chr20	HAP1	HAP2	10	20	118707	209700	4767	323640	0.985271
chr10x20	33500001	33750000	HAP1_chr20	HAP2_chr10	HAP1	HAP2	20	10	241958	215307	3311	453954	0.992706
chr10x20	33500001	33750000	HAP2_chr10	HAP2_chr20	HAP2	HAP2	10	20	215307	209700	7926	417081	0.980996
chr10x20	33750001	34000000	HAP1_chr10	HAP1_chr20	HAP1	HAP1	10	20	131084	242741	942	372883	0.997474
chr10x20	33750001	34000000	HAP1_chr10	HAP2_chr20	HAP1	HAP2	10	20	131084	203331	4583	329832	0.986105
chr10x20	33750001	34000000	HAP1_chr20	HAP2_chr10	HAP1	HAP2	20	10	242741	204863	3710	443894	0.991642
chr10x20	33750001	34000000	HAP2_chr10	HAP2_chr20	HAP2	HAP2	10	20	204863	203331	11540	396654	0.970907
chr10x20	34000001	34250000	HAP1_chr10	HAP1_chr20	HAP1	HAP1	10	20	188954	219899	4012	404841	0.990090
chr10x20	34000001	34250000	HAP1_chr10	HAP2_chr20	HAP1	HAP2	10	20	188954	210888	10351	389491	0.973424
chr10x20	34000001	34250000	HAP1_chr20	HAP2_chr10	HAP1	HAP2	20	10	219899	227110	11036	435973	0.974687
chr10x20	34000001	34250000	HAP2_chr10	HAP2_chr20	HAP2	HAP2	10	20	227110	210888	10458	427540	0.975539
chr10x20	34250001	34500000	HAP1_chr10	HAP1_chr20	HAP1	HAP1	10	20	208300	235622	1400	442522	0.996836
chr10x20	34250001	34500000	HAP1_chr10	HAP2_chr20	HAP1	HAP2	10	20	208300	206597	14033	400864	0.964993
chr10x20	34250001	34500000	HAP1_chr20	HAP2_chr10	HAP1	HAP2	20	10	235622	215511	1901	449232	0.995768
chr10x20	34250001	34500000	HAP2_chr10	HAP2_chr20	HAP2	HAP2	10	20	215511	206597	10727	411381	0.973924
chr10x20	34500001	34750000	HAP1_chr10	HAP1_chr20	HAP1	HAP1	10	20	187288	229265	1214	415339	0.997077
chr10x20	34500001	34750000	HAP1_chr10	HAP2_chr20	HAP1	HAP2	10	20	187288	187415	13580	361123	0.962395
chr10x20	34500001	34750000	HAP1_chr20	HAP2_chr10	HAP1	HAP2	20	10	229265	207875	1056	436084	0.997578
chr10x20	34500001	34750000	HAP2_chr10	HAP2_chr20	HAP2	HAP2	10	20	207875	187415	11856	383434	0.969079
chr10x20	34750001	35000000	HAP1_chr10	HAP1_chr20	HAP1	HAP1	10	20	107321	216728	3307	320742	0.989690
chr10x20	34750001	35000000	HAP1_chr10	HAP2_chr20	HAP1	HAP2	10	20	107321	221649	6847	322123	0.978744
chr10x20	34750001	35000000	HAP1_chr20	HAP2_chr10	HAP1	HAP2	20	10	216728	214559	4851	426436	0.988624
chr10x20	34750001	35000000	HAP2_chr10	HAP2_chr20	HAP2	HAP2	10	20	214559	221649	8689	427519	0.979676
chr10x20	35000001	35250000	HAP1_chr10	HAP1_chr20	HAP1	HAP1	10	20	102898	222537	383	325052	0.998822
chr10x20	35000001	35250000	HAP1_chr10	HAP2_chr20	HAP1	HAP2	10	20	102898	176482	12205	267175	0.954318
chr10x20	35000001	35250000	HAP1_chr20	HAP2_chr10	HAP1	HAP2	20	10	222537	170253	1855	390935	0.995255
chr10x20	35000001	35250000	HAP2_chr10	HAP2_chr20	HAP2	HAP2	10	20	170253	176482	9582	337153	0.971580
chr10x20	35250001	35500000	HAP1_chr10	HAP1_chr20	HAP1	HAP1	10	20	134216	233939	5230	362925	0.985589
chr10x20	35250001	35500000	HAP1_chr10	HAP2_chr20	HAP1	HAP2	10	20	134216	206242	10919	329539	0.966866
chr10x20	35250001	35500000	HAP1_chr20	HAP2_chr10	HAP1	HAP2	20	10	233939	203018	4969	431988	0.988497
chr10x20	35250001	35500000	HAP2_chr10	HAP2_chr20	HAP2	HAP2	10	20	203018	206242	11643	397617	0.970718
chr10x20	35500001	35750000	HAP1_chr10	HAP1_chr20	HAP1	HAP1	10	20	163347	241464	1052	403759	0.997394
chr10x20	35500001	35750000	HAP1_chr10	HAP2_chr20	HAP1	HAP2	10	20	163347	203410	17884	348873	0.948738
chr10x20	35500001	35750000	HAP1_chr20	HAP2_chr10	HAP1	HAP2	20	10	241464	209254	870	449848	0.998066
chr10x20	35500001	35750000	HAP2_chr10	HAP2_chr20	HAP2	HAP2	10	20	209254	203410	15784	396880	0.960230
chr10x20	35750001	36000000	HAP1_chr10	HAP1_chr20	HAP1	HAP1	10	20	161422	231404	697	392129	0.998223
chr10x20	35750001	36000000	HAP1_chr10	HAP2_chr20	HAP1	HAP2	10	20	161422	188220	13776	335866	0.958984
chr10x20	35750001	36000000	HAP1_chr20	HAP2_chr10	HAP1	HAP2	20	10	231404	212061	7910	435555	0.981839
chr10x20	35750001	36000000	HAP2_chr10	HAP2_chr20	HAP2	HAP2	10	20	212061	188220	9698	390583	0.975170
chr10x20	36000001	36250000	HAP1_chr10	HAP1_chr20	HAP1	HAP1	10	20	211429	225041	1940	434530	0.995535
chr10x20	36000001	36250000	HAP1_chr10	HAP2_chr20	HAP1	HAP2	10	20	211429	159211	6568	364072	0.981960
chr10x20	36000001	36250000	HAP1_chr20	HAP2_chr10	HAP1	HAP2	20	10	225041	202134	1870	425305	0.995603
chr10x20	36000001	36250000	HAP2_chr10	HAP2_chr20	HAP2	HAP2	10	20	202134	159211	6546	354799	0.981550
chr10x20	36250001	36500000	HAP1_chr10	HAP1_chr20	HAP1	HAP1	10	20	209066	231736	1533	439269	0.996510
chr10x20	36250001	36500000	HAP1_chr10	HAP2_chr20	HAP1	HAP2	10	20	209066	201126	15470	394722	0.960808
chr10x20	36250001	36500000	HAP1_chr20	HAP2_chr10	HAP1	HAP2	20	10	231736	222005	1734	452007	0.996164
chr10x20	36250001	36500000	HAP2_chr10	HAP2_chr20	HAP2	HAP2	10	20	222005	201126	11368	411763	0.972392
chr10x20	36500001	36750000	HAP1_chr10	HAP1_chr20	HAP1	HAP1	10	20	221286	226309	2265	445330	0.994914
chr10x20	36500001	36750000	HAP1_chr10	HAP2_chr20	HAP1	HAP2	10	20	221286	93790	4141	310935	0.986682
chr10x20	36500001	36750000	HAP1_chr20	HAP2_chr10	HAP1	HAP2	20	10	226309	200955	2734	424530	0.993560
chr10x20	36500001	36750000	HAP2_chr10	HAP2_chr20	HAP2	HAP2	10	20	200955	93790	2897	291848	0.990074
chr10x20	36750001	37000000	HAP1_chr10	HAP1_chr20	HAP1	HAP1	10	20	218915	232106	3838	447183	0.991417
chr10x20	36750001	37000000	HAP1_chr10	HAP2_chr20	HAP1	HAP2	10	20	218915	50729	2810	266834	0.989469
chr10x20	36750001	37000000	HAP1_chr20	HAP2_chr10	HAP1	HAP2	20	10	232106	189958	1349	420715	0.996794
chr10x20	36750001	37000000	HAP2_chr10	HAP2_chr20	HAP2	HAP2	10	20	189958	50729	324	240363	0.998652
chr10x20	37000001	37250000	HAP1_chr10	HAP1_chr20	HAP1	HAP1	10	20	216514	179997	8311	388200	0.978591
chr10x20	37000001	37250000	HAP1_chr10	HAP2_chr20	HAP1	HAP2	10	20	216514	47727	2380	261861	0.990911
chr10x20	37000001	37250000	HAP1_chr20	HAP2_chr10	HAP1	HAP2	20	10	179997	219547	1472	398072	0.996302
chr10x20	37000001	37250000	HAP2_chr10	HAP2_chr20	HAP2	HAP2	10	20	219547	47727	1154	266120	0.995664
chr10x20	37250001	37500000	HAP1_chr10	HAP1_chr20	HAP1	HAP1	10	20	231530	231939	1808	461661	0.996084
chr10x20	37250001	37500000	HAP1_chr10	HAP2_chr20	HAP1	HAP2	10	20	231530	75268	767	306031	0.997494
chr10x20	37250001	37500000	HAP1_chr20	HAP2_chr10	HAP1	HAP2	20	10	231939	191676	1797	421818	0.995740
chr10x20	37250001	37500000	HAP2_chr10	HAP2_chr20	HAP2	HAP2	10	20	191676	75268	1509	265435	0.994315
chr10x20	37500001	37750000	HAP1_chr10	HAP1_chr20	HAP1	HAP1	10	20	231977	227563	2438	457102	0.994666
chr10x20	37500001	37750000	HAP1_chr10	HAP2_chr20	HAP1	HAP2	10	20	231977	65642	1992	295627	0.993262
chr10x20	37500001	37750000	HAP1_chr20	HAP2_chr10	HAP1	HAP2	20	10	227563	214894	1738	440719	0.996056
chr10x20	37500001	37750000	HAP2_chr10	HAP2_chr20	HAP2	HAP2	10	20	214894	65642	1321	279215	0.995269
chr10x20	37750001	38000000	HAP1_chr10	HAP1_chr20	HAP1	HAP1	10	20	215926	232443	1592	446777	0.996437
chr10x20	37750001	38000000	HAP1_chr10	HAP2_chr20	HAP1	HAP2	10	20	215926	63884	5464	274346	0.980084
chr10x20	37750001	38000000	HAP1_chr20	HAP2_chr10	HAP1	HAP2	20	10	232443	236423	2243	466623	0.995193
chr10x20	37750001	38000000	HAP2_chr10	HAP2_chr20	HAP2	HAP2	10	20	236423	63884	1761	298546	0.994101
chr10x20	38000001	38250000	HAP1_chr10	HAP1_chr20	HAP1	HAP1	10	20	205660	227177	1712	431125	0.996029
chr10x20	38000001	38250000	HAP1_chr10	HAP2_chr20	HAP1	HAP2	10	20	205660	66816	3443	269033	0.987202
chr10x20	38000001	38250000	HAP1_chr20	HAP2_chr10	HAP1	HAP2	20	10	227177	220181	1335	446023	0.997007
chr10x20	38000001	38250000	HAP2_chr10	HAP2_chr20	HAP2	HAP2	10	20	220181	66816	4377	282620	0.984513
chr10x20	38250001	38500000	HAP1_chr10	HAP1_chr20	HAP1	HAP1	10	20	212390	199295	2893	408792	0.992923
chr10x20	38250001	38500000	HAP1_chr10	HAP2_chr20	HAP1	HAP2	10	20	212390	37952	793	249549	0.996822
chr10x20	38250001	38500000	HAP1_chr20	HAP2_chr10	HAP1	HAP2	20	10	199295	220245	5041	414499	0.987838
chr10x20	38250001	38500000	HAP2_chr10	HAP2_chr20	HAP2	HAP2	10	20	220245	37952	898	257299	0.996510
chr10x20	38500001	38750000	HAP1_chr10	HAP1_chr20	HAP1	HAP1	10	20	179870	233609	2379	411100	0.994213
chr10x20	38500001	38750000	HAP1_chr10	HAP2_chr20	HAP1	HAP2	10	20	179870	111351	2413	288808	0.991645
chr10x20	38500001	38750000	HAP1_chr20	HAP2_chr10	HAP1	HAP2	20	10	233609	229373	1613	461369	0.996504
chr10x20	38500001	38750000	HAP2_chr10	HAP2_chr20	HAP2	HAP2	10	20	229373	111351	2319	338405	0.993147
chr10x20	38750001	39000000	HAP1_chr10	HAP1_chr20	HAP1	HAP1	10	20	210969	227249	5337	432881	0.987671
chr10x20	38750001	39000000	HAP1_chr10	HAP2_chr20	HAP1	HAP2	10	20	210969	212882	15914	407937	0.960989
chr10x20	38750001	39000000	HAP1_chr20	HAP2_chr10	HAP1	HAP2	20	10	227249	212942	1302	438889	0.997033
chr10x20	38750001	39000000	HAP2_chr10	HAP2_chr20	HAP2	HAP2	10	20	212942	212882	7803	418021	0.981333
chr10x20	39000001	39250000	HAP1_chr10	HAP1_chr20	HAP1	HAP1	10	20	205363	228302	2690	430975	0.993758
chr10x20	39000001	39250000	HAP1_chr10	HAP2_chr20	HAP1	HAP2	10	20	205363	218327	10482	413208	0.974633
chr10x20	39000001	39250000	HAP1_chr20	HAP2_chr10	HAP1	HAP2	20	10	228302	210642	2592	436352	0.994060
chr10x20	39000001	39250000	HAP2_chr10	HAP2_chr20	HAP2	HAP2	10	20	210642	218327	7107	421862	0.983153
chr10x20	39250001	39500000	HAP1_chr10	HAP1_chr20	HAP1	HAP1	10	20	199556	230501	731	429326	0.998297
chr10x20	39250001	39500000	HAP1_chr10	HAP2_chr20	HAP1	HAP2	10	20	199556	225523	8882	416197	0.978659
chr10x20	39250001	39500000	HAP1_chr20	HAP2_chr10	HAP1	HAP2	20	10	230501	194309	1017	423793	0.997600
chr10x20	39250001	39500000	HAP2_chr10	HAP2_chr20	HAP2	HAP2	10	20	194309	225523	7060	412772	0.982896
chr10x20	39500001	39750000	HAP1_chr10	HAP1_chr20	HAP1	HAP1	10	20	213930	219672	885	432717	0.997955
chr10x20	39500001	39750000	HAP1_chr10	HAP2_chr20	HAP1	HAP2	10	20	213930	237326	2355	448901	0.994754
chr10x20	39500001	39750000	HAP1_chr20	HAP2_chr10	HAP1	HAP2	20	10	219672	156448	574	375546	0.998472
chr10x20	39500001	39750000	HAP2_chr10	HAP2_chr20	HAP2	HAP2	10	20	156448	237326	1815	391959	0.995369
chr10x20	39750001	40000000	HAP1_chr10	HAP1_chr20	HAP1	HAP1	10	20	200449	239955	997	439407	0.997731
chr10x20	39750001	40000000	HAP1_chr10	HAP2_chr20	HAP1	HAP2	10	20	200449	210321	7485	403285	0.981440
chr10x20	39750001	40000000	HAP1_chr20	HAP2_chr10	HAP1	HAP2	20	10	239955	169669	858	408766	0.997901
chr10x20	39750001	40000000	HAP2_chr10	HAP2_chr20	HAP2	HAP2	10	20	169669	210321	14403	365587	0.960603
chr10x20	40000001	40250000	HAP1_chr10	HAP1_chr20	HAP1	HAP1	10	20	202408	230195	6287	426316	0.985253
chr10x20	40000001	40250000	HAP1_chr10	HAP2_chr20	HAP1	HAP2	10	20	202408	213082	4474	411016	0.989115
chr10x20	40000001	40250000	HAP1_chr20	HAP2_chr10	HAP1	HAP2	20	10	230195	100757	2540	328412	0.992266
chr10x20	40000001	40250000	HAP2_chr10	HAP2_chr20	HAP2	HAP2	10	20	100757	213082	3065	310774	0.990138
chr10x20	40250001	40500000	HAP1_chr10	HAP1_chr20	HAP1	HAP1	10	20	157852	231778	858	388772	0.997793
chr10x20	40250001	40500000	HAP1_chr10	HAP2_chr20	HAP1	HAP2	10	20	157852	215851	6872	366831	0.981267
chr10x20	40250001	40500000	HAP1_chr20	HAP2_chr10	HAP1	HAP2	20	10	231778	118872	2445	348205	0.992978
chr10x20	40250001	40500000	HAP2_chr10	HAP2_chr20	HAP2	HAP2	10	20	118872	215851	6223	328500	0.981056
chr10x20	40500001	40750000	HAP1_chr10	HAP1_chr20	HAP1	HAP1	10	20	213353	232093	1248	444198	0.997190
chr10x20	40500001	40750000	HAP1_chr10	HAP2_chr20	HAP1	HAP2	10	20	213353	155676	9663	359366	0.973111
chr10x20	40500001	40750000	HAP1_chr20	HAP2_chr10	HAP1	HAP2	20	10	232093	144814	535	376372	0.998579
chr10x20	40500001	40750000	HAP2_chr10	HAP2_chr20	HAP2	HAP2	10	20	144814	155676	10551	289939	0.963610
chr10x20	40750001	41000000	HAP1_chr10	HAP1_chr20	HAP1	HAP1	10	20	221212	239526	1053	459685	0.997709
chr10x20	40750001	41000000	HAP1_chr10	HAP2_chr20	HAP1	HAP2	10	20	221212	191474	6795	405891	0.983259
chr10x20	40750001	41000000	HAP1_chr20	HAP2_chr10	HAP1	HAP2	20	10	239526	187220	1008	425738	0.997632
chr10x20	40750001	41000000	HAP2_chr10	HAP2_chr20	HAP2	HAP2	10	20	187220	191474	8488	370206	0.977072
chr10x20	41000001	41250000	HAP1_chr10	HAP1_chr20	HAP1	HAP1	10	20	224014	213645	1696	435963	0.996110
chr10x20	41000001	41250000	HAP1_chr10	HAP2_chr20	HAP1	HAP2	10	20	224014	209285	5357	427942	0.987482
chr10x20	41000001	41250000	HAP1_chr20	HAP2_chr10	HAP1	HAP2	20	10	213645	218768	1244	431169	0.997115
chr10x20	41000001	41250000	HAP2_chr10	HAP2_chr20	HAP2	HAP2	10	20	218768	209285	4311	423742	0.989826
chr10x20	41250001	41500000	HAP1_chr10	HAP1_chr20	HAP1	HAP1	10	20	215098	228555	2859	440794	0.993514
chr10x20	41250001	41500000	HAP1_chr10	HAP2_chr20	HAP1	HAP2	10	20	215098	174138	21731	367505	0.940869
chr10x20	41250001	41500000	HAP1_chr20	HAP2_chr10	HAP1	HAP2	20	10	228555	146745	2039	373261	0.994537
chr10x20	41250001	41500000	HAP2_chr10	HAP2_chr20	HAP2	HAP2	10	20	146745	174138	4797	316086	0.984824
chr10x20	41500001	41750000	HAP1_chr10	HAP1_chr20	HAP1	HAP1	10	20	206212	224926	2577	428561	0.993987
chr10x20	41500001	41750000	HAP1_chr10	HAP2_chr20	HAP1	HAP2	10	20	206212	209225	10808	404629	0.973289
chr10x20	41500001	41750000	HAP1_chr20	HAP2_chr10	HAP1	HAP2	20	10	224926	134933	4030	355829	0.988674
chr10x20	41500001	41750000	HAP2_chr10	HAP2_chr20	HAP2	HAP2	10	20	134933	209225	15630	328528	0.952424
chr10x20	41750001	42000000	HAP1_chr10	HAP1_chr20	HAP1	HAP1	10	20	226737	239919	1801	464855	0.996126
chr10x20	41750001	42000000	HAP1_chr10	HAP2_chr20	HAP1	HAP2	10	20	226737	220307	10500	436544	0.975947
chr10x20	41750001	42000000	HAP1_chr20	HAP2_chr10	HAP1	HAP2	20	10	239919	83659	227	323351	0.999298
chr10x20	41750001	42000000	HAP2_chr10	HAP2_chr20	HAP2	HAP2	10	20	83659	220307	1908	302058	0.993683
chr10x20	42000001	42250000	HAP1_chr10	HAP1_chr20	HAP1	HAP1	10	20	220524	239456	4720	455260	0.989632
chr10x20	42000001	42250000	HAP1_chr10	HAP2_chr20	HAP1	HAP2	10	20	220524	209814	7827	422511	0.981475
chr10x20	42000001	42250000	HAP1_chr20	HAP2_chr10	HAP1	HAP2	20	10	239456	76661	243	315874	0.999231
chr10x20	42000001	42250000	HAP2_chr10	HAP2_chr20	HAP2	HAP2	10	20	76661	209814	7045	279430	0.974788
chr10x20	42250001	42500000	HAP1_chr10	HAP1_chr20	HAP1	HAP1	10	20	211437	235877	4883	442431	0.988963
chr10x20	42250001	42500000	HAP1_chr10	HAP2_chr20	HAP1	HAP2	10	20	211437	222916	11273	423080	0.973355
chr10x20	42250001	42500000	HAP1_chr20	HAP2_chr10	HAP1	HAP2	20	10	235877	48534	1549	282862	0.994524
chr10x20	42250001	42500000	HAP2_chr10	HAP2_chr20	HAP2	HAP2	10	20	48534	222916	2306	269144	0.991432
chr10x20	42500001	42750000	HAP1_chr10	HAP1_chr20	HAP1	HAP1	10	20	204677	235213	2106	437784	0.995189
chr10x20	42500001	42750000	HAP1_chr10	HAP2_chr20	HAP1	HAP2	10	20	204677	230505	9166	426016	0.978484
chr10x20	42500001	42750000	HAP1_chr20	HAP2_chr10	HAP1	HAP2	20	10	235213	40730	166	275777	0.999398
chr10x20	42500001	42750000	HAP2_chr10	HAP2_chr20	HAP2	HAP2	10	20	40730	230505	2167	269068	0.991946
chr10x20	42750001	43000000	HAP1_chr10	HAP1_chr20	HAP1	HAP1	10	20	226192	230143	1165	455170	0.997441
chr10x20	42750001	43000000	HAP1_chr10	HAP2_chr20	HAP1	HAP2	10	20	226192	228350	8727	445815	0.980425
chr10x20	42750001	43000000	HAP1_chr20	HAP2_chr10	HAP1	HAP2	20	10	230143	63163	181	293125	0.999383
chr10x20	42750001	43000000	HAP2_chr10	HAP2_chr20	HAP2	HAP2	10	20	63163	228350	1644	289869	0.994328
chr10x20	43000001	43250000	HAP1_chr10	HAP1_chr20	HAP1	HAP1	10	20	232726	236042	5331	463437	0.988497
chr10x20	43000001	43250000	HAP1_chr10	HAP2_chr20	HAP1	HAP2	10	20	232726	208974	9806	431894	0.977295
chr10x20	43000001	43250000	HAP1_chr20	HAP2_chr10	HAP1	HAP2	20	10	236042	39243	136	275149	0.999506
chr10x20	43000001	43250000	HAP2_chr10	HAP2_chr20	HAP2	HAP2	10	20	39243	208974	419	247798	0.998309
chr10x20	43250001	43500000	HAP1_chr10	HAP1_chr20	HAP1	HAP1	10	20	226378	226848	2022	451204	0.995519
chr10x20	43250001	43500000	HAP1_chr10	HAP2_chr20	HAP1	HAP2	10	20	226378	216395	6572	436201	0.984934
chr10x20	43250001	43500000	HAP1_chr20	HAP2_chr10	HAP1	HAP2	20	10	226848	21341	67	248122	0.999730
chr10x20	43250001	43500000	HAP2_chr10	HAP2_chr20	HAP2	HAP2	10	20	21341	216395	169	237567	0.999289
chr10x20	43500001	43750000	HAP1_chr10	HAP1_chr20	HAP1	HAP1	10	20	228793	234085	2382	460496	0.994827
chr10x20	43500001	43750000	HAP1_chr10	HAP2_chr20	HAP1	HAP2	10	20	228793	224707	7649	445851	0.982844
chr10x20	43500001	43750000	HAP1_chr20	HAP2_chr10	HAP1	HAP2	20	10	234085	115643	2100	347628	0.993959
chr10x20	43500001	43750000	HAP2_chr10	HAP2_chr20	HAP2	HAP2	10	20	115643	224707	5729	334621	0.982879
chr10x20	43750001	44000000	HAP1_chr10	HAP1_chr20	HAP1	HAP1	10	20	228442	218974	2715	444701	0.993895
chr10x20	43750001	44000000	HAP1_chr10	HAP2_chr20	HAP1	HAP2	10	20	228442	221548	8366	441624	0.981056
chr10x20	43750001	44000000	HAP1_chr20	HAP2_chr10	HAP1	HAP2	20	10	218974	213205	2089	430090	0.995143
chr10x20	43750001	44000000	HAP2_chr10	HAP2_chr20	HAP2	HAP2	10	20	213205	221548	7152	427601	0.983274
chr10x20	44000001	44250000	HAP1_chr10	HAP1_chr20	HAP1	HAP1	10	20	215000	209963	1244	423719	0.997064
chr10x20	44000001	44250000	HAP1_chr10	HAP2_chr20	HAP1	HAP2	10	20	215000	218392	4499	428893	0.989510
chr10x20	44000001	44250000	HAP1_chr20	HAP2_chr10	HAP1	HAP2	20	10	209963	127456	400	337019	0.998813
chr10x20	44000001	44250000	HAP2_chr10	HAP2_chr20	HAP2	HAP2	10	20	127456	218392	3708	342140	0.989162
chr10x20	44250001	44500000	HAP1_chr10	HAP1_chr20	HAP1	HAP1	10	20	222357	239580	1440	460497	0.996873
chr10x20	44250001	44500000	HAP1_chr10	HAP2_chr20	HAP1	HAP2	10	20	222357	225317	10038	437636	0.977063
chr10x20	44250001	44500000	HAP1_chr20	HAP2_chr10	HAP1	HAP2	20	10	239580	188744	1661	426663	0.996107
chr10x20	44250001	44500000	HAP2_chr10	HAP2_chr20	HAP2	HAP2	10	20	188744	225317	3562	410499	0.991323
chr10x20	44500001	44750000	HAP1_chr10	HAP1_chr20	HAP1	HAP1	10	20	227812	225590	5353	448049	0.988053
chr10x20	44500001	44750000	HAP1_chr10	HAP2_chr20	HAP1	HAP2	10	20	227812	221061	8467	440406	0.980775
chr10x20	44500001	44750000	HAP1_chr20	HAP2_chr10	HAP1	HAP2	20	10	225590	220345	5813	440122	0.986792
chr10x20	44500001	44750000	HAP2_chr10	HAP2_chr20	HAP2	HAP2	10	20	220345	221061	11124	430282	0.974147
chr10x20	44750001	45000000	HAP1_chr10	HAP1_chr20	HAP1	HAP1	10	20	199656	240528	2516	437668	0.994251
chr10x20	44750001	45000000	HAP1_chr10	HAP2_chr20	HAP1	HAP2	10	20	199656	136241	8906	326991	0.972764
chr10x20	44750001	45000000	HAP1_chr20	HAP2_chr10	HAP1	HAP2	20	10	240528	198255	5958	432825	0.986235
chr10x20	44750001	45000000	HAP2_chr10	HAP2_chr20	HAP2	HAP2	10	20	198255	136241	5062	329434	0.984634
chr10x20	45000001	45127662	HAP1_chr10	HAP1_chr20	HAP1	HAP1	10	20	119234	120538	458	239314	0.998086
chr10x20	45000001	45127662	HAP1_chr10	HAP2_chr20	HAP1	HAP2	10	20	119234	39341	276	158299	0.998256
chr10x20	45000001	45127662	HAP1_chr20	HAP2_chr10	HAP1	HAP2	20	10	120538	120264	3637	237165	0.984665
chr10x20	45000001	45127662	HAP2_chr10	HAP2_chr20	HAP2	HAP2	10	20	120264	39341	271	159334	0.998299
