group	win_start	win_end	unit_a	unit_b	hap_a	hap_b	chrom_a	chrom_b	kmers_a	kmers_b	shared	union	jaccard_distance
chr01x03	1	250000	HAP1_chr01	HAP1_chr03	HAP1	HAP1	1	3	222060	212528	2027	432561	0.995314
chr01x03	250001	500000	HAP1_chr01	HAP1_chr03	HAP1	HAP1	1	3	237995	239472	2823	474644	0.994052
chr01x03	500001	750000	HAP1_chr01	HAP1_chr03	HAP1	HAP1	1	3	212640	239321	3896	448065	0.991305
chr01x03	750001	1000000	HAP1_chr01	HAP1_chr03	HAP1	HAP1	1	3	212851	234875	7019	440707	0.984073
chr01x03	1000001	1250000	HAP1_chr01	HAP1_chr03	HAP1	HAP1	1	3	217779	235602	3799	449582	0.991550
chr01x03	1250001	1500000	HAP1_chr01	HAP1_chr03	HAP1	HAP1	1	3	202290	231051	2167	431174	0.994974
chr01x03	1500001	1750000	HAP1_chr01	HAP1_chr03	HAP1	HAP1	1	3	234085	231057	2956	462186	0.993604
chr01x03	1750001	2000000	HAP1_chr01	HAP1_chr03	HAP1	HAP1	1	3	241014	238445	3185	476274	0.993313
chr01x03	2000001	2250000	HAP1_chr01	HAP1_chr03	HAP1	HAP1	1	3	236079	241666	3233	474512	0.993187
chr01x03	2250001	2500000	HAP1_chr01	HAP1_chr03	HAP1	HAP1	1	3	237442	241784	2750	476476	0.994228
chr01x03	2500001	2750000	HAP1_chr01	HAP1_chr03	HAP1	HAP1	1	3	239076	237289	3117	473248	0.993414
chr01x03	2750001	3000000	HAP1_chr01	HAP1_chr03	HAP1	HAP1	1	3	234469	233651	4619	463501	0.990035
chr01x03	3000001	3250000	HAP1_chr01	HAP1_chr03	HAP1	HAP1	1	3	208351	238931	3429	443853	0.992274
chr01x03	3250001	3500000	HAP1_chr01	HAP1_chr03	HAP1	HAP1	1	3	179766	221747	3199	398314	0.991969
chr01x03	3500001	3750000	HAP1_chr01	HAP1_chr03	HAP1	HAP1	1	3	235363	230415	4147	461631	0.991017
chr01x03	3750001	4000000	HAP1_chr01	HAP1_chr03	HAP1	HAP1	1	3	233362	216505	2982	446885	0.993327
chr01x03	4000001	4250000	HAP1_chr01	HAP1_chr03	HAP1	HAP1	1	3	228120	186828	3434	411514	0.991655
chr01x03	4250001	4500000	HAP1_chr01	HAP1_chr03	HAP1	HAP1	1	3	238818	202297	8663	432452	0.979968
chr01x03	4500001	4750000	HAP1_chr01	HAP1_chr03	HAP1	HAP1	1	3	228506	240939	4277	465168	0.990805
chr01x03	4750001	5000000	HAP1_chr01	HAP1_chr03	HAP1	HAP1	1	3	238284	228893	2353	464824	0.994938
chr01x03	5000001	5250000	HAP1_chr01	HAP1_chr03	HAP1	HAP1	1	3	236300	196935	2438	430797	0.994341
chr01x03	5250001	5500000	HAP1_chr01	HAP1_chr03	HAP1	HAP1	1	3	237990	223805	1654	460141	0.996405
chr01x03	5500001	5750000	HAP1_chr01	HAP1_chr03	HAP1	HAP1	1	3	237827	224135	2698	459264	0.994125
chr01x03	5750001	6000000	HAP1_chr01	HAP1_chr03	HAP1	HAP1	1	3	230081	231180	3208	458053	0.992996
chr01x03	6000001	6250000	HAP1_chr01	HAP1_chr03	HAP1	HAP1	1	3	200168	232516	2149	430535	0.995009
chr01x03	6250001	6500000	HAP1_chr01	HAP1_chr03	HAP1	HAP1	1	3	207218	226802	3544	430476	0.991767
chr01x03	6500001	6750000	HAP1_chr01	HAP1_chr03	HAP1	HAP1	1	3	224977	227653	5660	446970	0.987337
chr01x03	6750001	7000000	HAP1_chr01	HAP1_chr03	HAP1	HAP1	1	3	235217	236050	6688	464579	0.985604
chr01x03	7000001	7250000	HAP1_chr01	HAP1_chr03	HAP1	HAP1	1	3	238294	212617	3674	447237	0.991785
chr01x03	7250001	7500000	HAP1_chr01	HAP1_chr03	HAP1	HAP1	1	3	236847	210391	10206	437032	0.976647
chr01x03	7500001	7750000	HAP1_chr01	HAP1_chr03	HAP1	HAP1	1	3	228779	110128	2715	336192	0.991924
chr01x03	7750001	8000000	HAP1_chr01	HAP1_chr03	HAP1	HAP1	1	3	231588	117730	6277	343041	0.981702
chr01x03	8000001	8250000	HAP1_chr01	HAP1_chr03	HAP1	HAP1	1	3	203291	125032	17120	311203	0.944988
chr01x03	8250001	8500000	HAP1_chr01	HAP1_chr03	HAP1	HAP1	1	3	197378	131275	16374	312279	0.947566
chr01x03	8500001	8750000	HAP1_chr01	HAP1_chr03	HAP1	HAP1	1	3	229880	80287	353	309814	0.998861
chr01x03	8750001	9000000	HAP1_chr01	HAP1_chr03	HAP1	HAP1	1	3	216440	109716	8913	317243	0.971905
chr01x03	9000001	9250000	HAP1_chr01	HAP1_chr03	HAP1	HAP1	1	3	214679	131905	14738	331846	0.955588
chr01x03	9250001	9500000	HAP1_chr01	HAP1_chr03	HAP1	HAP1	1	3	190953	113878	8091	296740	0.972734
chr01x03	9500001	9750000	HAP1_chr01	HAP1_chr03	HAP1	HAP1	1	3	221096	217946	7263	431779	0.983179
chr01x03	9750001	10000000	HAP1_chr01	HAP1_chr03	HAP1	HAP1	1	3	236260	233445	3457	466248	0.992585
chr01x03	10000001	10250000	HAP1_chr01	HAP1_chr03	HAP1	HAP1	1	3	231337	226832	3028	455141	0.993347
chr01x03	10250001	10500000	HAP1_chr01	HAP1_chr03	HAP1	HAP1	1	3	204172	196442	5062	395552	0.987203
chr01x03	10500001	10750000	HAP1_chr01	HAP1_chr03	HAP1	HAP1	1	3	180476	226933	2131	405278	0.994742
chr01x03	10750001	11000000	HAP1_chr01	HAP1_chr03	HAP1	HAP1	1	3	195960	236214	2346	429828	0.994542
chr01x03	11000001	11250000	HAP1_chr01	HAP1_chr03	HAP1	HAP1	1	3	192663	211690	1974	402379	0.995094
chr01x03	11250001	11500000	HAP1_chr01	HAP1_chr03	HAP1	HAP1	1	3	217275	229835	2730	444380	0.993857
chr01x03	11500001	11750000	HAP1_chr01	HAP1_chr03	HAP1	HAP1	1	3	159668	213542	5352	367858	0.985451
chr01x03	11750001	12000000	HAP1_chr01	HAP1_chr03	HAP1	HAP1	1	3	176184	239893	1890	414187	0.995437
chr01x03	12000001	12250000	HAP1_chr01	HAP1_chr03	HAP1	HAP1	1	3	154325	234704	8332	380697	0.978114
chr01x03	12250001	12500000	HAP1_chr01	HAP1_chr03	HAP1	HAP1	1	3	117113	234734	439	351408	0.998751
chr01x03	12500001	12750000	HAP1_chr01	HAP1_chr03	HAP1	HAP1	1	3	114440	230733	3591	341582	0.989487
chr01x03	12750001	13000000	HAP1_chr01	HAP1_chr03	HAP1	HAP1	1	3	99720	221733	265	321188	0.999175
chr01x03	13000001	13250000	HAP1_chr01	HAP1_chr03	HAP1	HAP1	1	3	99369	239843	638	338574	0.998116
chr01x03	13250001	13500000	HAP1_chr01	HAP1_chr03	HAP1	HAP1	1	3	110820	239804	546	350078	0.998440
chr01x03	13500001	13750000	HAP1_chr01	HAP1_chr03	HAP1	HAP1	1	3	125008	241914	2213	364709	0.993932
chr01x03	13750001	14000000	HAP1_chr01	HAP1_chr03	HAP1	HAP1	1	3	125963	241698	1237	366424	0.996624
chr01x03	14000001	14250000	HAP1_chr01	HAP1_chr03	HAP1	HAP1	1	3	179828	237452	10609	406671	0.973913
chr01x03	14250001	14500000	HAP1_chr01	HAP1_chr03	HAP1	HAP1	1	3	210063	228851	6033	432881	0.986063
chr01x03	14500001	14750000	HAP1_chr01	HAP1_chr03	HAP1	HAP1	1	3	194309	241346	2620	433035	0.993950
chr01x03	14750001	15000000	HAP1_chr01	HAP1_chr03	HAP1	HAP1	1	3	219832	242211	1775	460268	0.996144
chr01x03	15000001	15250000	HAP1_chr01	HAP1_chr03	HAP1	HAP1	1	3	219011	213694	7079	425626	0.983368
chr01x03	15250001	15500000	HAP1_chr01	HAP1_chr03	HAP1	HAP1	1	3	204636	228713	3787	429562	0.991184
chr01x03	15500001	15750000	HAP1_chr01	HAP1_chr03	HAP1	HAP1	1	3	209302	221514	6225	424591	0.985339
chr01x03	15750001	16000000	HAP1_chr01	HAP1_chr03	HAP1	HAP1	1	3	187844	241389	5898	423335	0.986068
chr01x03	16000001	16250000	HAP1_chr01	HAP1_chr03	HAP1	HAP1	1	3	225019	240746	3222	462543	0.993034
chr01x03	16250001	16500000	HAP1_chr01	HAP1_chr03	HAP1	HAP1	1	3	222589	236222	9900	448911	0.977947
chr01x03	16500001	16750000	HAP1_chr01	HAP1_chr03	HAP1	HAP1	1	3	224867	237040	3796	458111	0.991714
chr01x03	16750001	17000000	HAP1_chr01	HAP1_chr03	HAP1	HAP1	1	3	229198	231765	6788	454175	0.985054
chr01x03	17000001	17250000	HAP1_chr01	HAP1_chr03	HAP1	HAP1	1	3	214271	221240	5412	430099	0.987417
chr01x03	17250001	17500000	HAP1_chr01	HAP1_chr03	HAP1	HAP1	1	3	220252	235025	12204	443073	0.972456
chr01x03	17500001	17750000	HAP1_chr01	HAP1_chr03	HAP1	HAP1	1	3	212402	222985	8231	427156	0.980731
chr01x03	17750001	18000000	HAP1_chr01	HAP1_chr03	HAP1	HAP1	1	3	237057	218903	4601	451359	0.989806
chr01x03	18000001	18250000	HAP1_chr01	HAP1_chr03	HAP1	HAP1	1	3	227071	241893	5397	463567	0.988358
chr01x03	18250001	18500000	HAP1_chr01	HAP1_chr03	HAP1	HAP1	1	3	225572	234827	5146	455253	0.988696
chr01x03	18500001	18750000	HAP1_chr01	HAP1_chr03	HAP1	HAP1	1	3	226258	197339	11143	412454	0.972984
chr01x03	18750001	19000000	HAP1_chr01	HAP1_chr03	HAP1	HAP1	1	3	234353	187110	8579	412884	0.979222
chr01x03	19000001	19250000	HAP1_chr01	HAP1_chr03	HAP1	HAP1	1	3	184299	229568	9316	404551	0.976972
chr01x03	19250001	19500000	HAP1_chr01	HAP1_chr03	HAP1	HAP1	1	3	133060	227651	7697	353014	0.978196
chr01x03	19500001	19750000	HAP1_chr01	HAP1_chr03	HAP1	HAP1	1	3	186726	221858	17563	391021	0.955084
chr01x03	19750001	20000000	HAP1_chr01	HAP1_chr03	HAP1	HAP1	1	3	199237	180184	11710	367711	0.968154
chr01x03	20000001	20250000	HAP1_chr01	HAP1_chr03	HAP1	HAP1	1	3	206970	227664	12551	422083	0.970264
chr01x03	20250001	20500000	HAP1_chr01	HAP1_chr03	HAP1	HAP1	1	3	173726	240013	1744	411995	0.995767
chr01x03	20500001	20750000	HAP1_chr01	HAP1_chr03	HAP1	HAP1	1	3	204264	226596	5976	424884	0.985935
chr01x03	20750001	21000000	HAP1_chr01	HAP1_chr03	HAP1	HAP1	1	3	180081	217121	17318	379884	0.954412
chr01x03	21000001	21250000	HAP1_chr01	HAP1_chr03	HAP1	HAP1	1	3	171656	228298	5176	394778	0.986889
chr01x03	21250001	21500000	HAP1_chr01	HAP1_chr03	HAP1	HAP1	1	3	221252	235260	5378	451134	0.988079
chr01x03	21500001	21750000	HAP1_chr01	HAP1_chr03	HAP1	HAP1	1	3	182007	213994	15514	380487	0.959226
chr01x03	21750001	22000000	HAP1_chr01	HAP1_chr03	HAP1	HAP1	1	3	228369	185186	11238	402317	0.972067
chr01x03	22000001	22250000	HAP1_chr01	HAP1_chr03	HAP1	HAP1	1	3	199060	228028	10421	416667	0.974990
chr01x03	22250001	22500000	HAP1_chr01	HAP1_chr03	HAP1	HAP1	1	3	163159	215667	18619	360207	0.948310
chr01x03	22500001	22750000	HAP1_chr01	HAP1_chr03	HAP1	HAP1	1	3	147966	227330	11526	363770	0.968315
chr01x03	22750001	23000000	HAP1_chr01	HAP1_chr03	HAP1	HAP1	1	3	196876	227187	14123	409940	0.965549
chr01x03	23000001	23250000	HAP1_chr01	HAP1_chr03	HAP1	HAP1	1	3	168377	236767	8116	397028	0.979558
chr01x03	23250001	23500000	HAP1_chr01	HAP1_chr03	HAP1	HAP1	1	3	172069	225656	10279	387446	0.973470
chr01x03	23500001	23750000	HAP1_chr01	HAP1_chr03	HAP1	HAP1	1	3	170103	227168	12256	385015	0.968167
chr01x03	23750001	24000000	HAP1_chr01	HAP1_chr03	HAP1	HAP1	1	3	149407	197786	10323	336870	0.969356
chr01x03	24000001	24250000	HAP1_chr01	HAP1_chr03	HAP1	HAP1	1	3	155923	219764	15932	359755	0.955714
chr01x03	24250001	24500000	HAP1_chr01	HAP1_chr03	HAP1	HAP1	1	3	198015	227949	7212	418752	0.982777
chr01x03	24500001	24750000	HAP1_chr01	HAP1_chr03	HAP1	HAP1	1	3	175562	212463	8781	379244	0.976846
chr01x03	24750001	25000000	HAP1_chr01	HAP1_chr03	HAP1	HAP1	1	3	132429	206922	11963	327388	0.963459
chr01x03	25000001	25250000	HAP1_chr01	HAP1_chr03	HAP1	HAP1	1	3	150787	215242	16162	349867	0.953805
chr01x03	25250001	25500000	HAP1_chr01	HAP1_chr03	HAP1	HAP1	1	3	142435	201670	18377	325728	0.943582
chr01x03	25500001	25750000	HAP1_chr01	HAP1_chr03	HAP1	HAP1	1	3	198629	203041	12889	388781	0.966848
chr01x03	25750001	26000000	HAP1_chr01	HAP1_chr03	HAP1	HAP1	1	3	145863	200956	23155	323664	0.928460
chr01x03	26000001	26250000	HAP1_chr01	HAP1_chr03	HAP1	HAP1	1	3	176893	215504	16350	376047	0.956521
chr01x03	26250001	26500000	HAP1_chr01	HAP1_chr03	HAP1	HAP1	1	3	174843	172926	20899	326870	0.936063
chr01x03	26500001	26750000	HAP1_chr01	HAP1_chr03	HAP1	HAP1	1	3	97608	196344	17257	276695	0.937632
chr01x03	26750001	27000000	HAP1_chr01	HAP1_chr03	HAP1	HAP1	1	3	124561	210107	15510	319158	0.951403
chr01x03	27000001	27250000	HAP1_chr01	HAP1_chr03	HAP1	HAP1	1	3	3484	213013	14	216483	0.999935
chr01x03	27250001	27500000	HAP1_chr01	HAP1_chr03	HAP1	HAP1	1	3	2659	193791	1	196449	0.999995
chr01x03	27500001	27750000	HAP1_chr01	HAP1_chr03	HAP1	HAP1	1	3	21085	205692	6333	220444	0.971272
chr01x03	27750001	28000000	HAP1_chr01	HAP1_chr03	HAP1	HAP1	1	3	45741	204543	18027	232257	0.922383
chr01x03	28000001	28250000	HAP1_chr01	HAP1_chr03	HAP1	HAP1	1	3	137364	163662	27915	273111	0.897789
chr01x03	28250001	28500000	HAP1_chr01	HAP1_chr03	HAP1	HAP1	1	3	114572	179430	26436	267566	0.901198
chr01x03	28500001	28750000	HAP1_chr01	HAP1_chr03	HAP1	HAP1	1	3	102841	170416	28940	244317	0.881547
chr01x03	28750001	29000000	HAP1_chr01	HAP1_chr03	HAP1	HAP1	1	3	146279	185816	17793	314302	0.943389
chr01x03	29000001	29250000	HAP1_chr01	HAP1_chr03	HAP1	HAP1	1	3	91216	189585	22454	258347	0.913086
chr01x03	29250001	29500000	HAP1_chr01	HAP1_chr03	HAP1	HAP1	1	3	102442	156779	26008	233213	0.888480
chr01x03	29500001	29750000	HAP1_chr01	HAP1_chr03	HAP1	HAP1	1	3	140006	177749	20366	297389	0.931517
chr01x03	29750001	30000000	HAP1_chr01	HAP1_chr03	HAP1	HAP1	1	3	134226	148331	26211	256346	0.897751
chr01x03	30000001	30250000	HAP1_chr01	HAP1_chr03	HAP1	HAP1	1	3	135534	160515	28506	267543	0.893453
chr01x03	30250001	30500000	HAP1_chr01	HAP1_chr03	HAP1	HAP1	1	3	115547	183990	26579	272958	0.902626
chr01x03	30500001	30750000	HAP1_chr01	HAP1_chr03	HAP1	HAP1	1	3	107308	147360	31317	223351	0.859786
chr01x03	30750001	31000000	HAP1_chr01	HAP1_chr03	HAP1	HAP1	1	3	190253	126231	23352	293132	0.920336
chr01x03	31000001	31250000	HAP1_chr01	HAP1_chr03	HAP1	HAP1	1	3	51695	124872	10043	166524	0.939690
chr01x03	31250001	31500000	HAP1_chr01	HAP1_chr03	HAP1	HAP1	1	3	44877	18436	3541	59772	0.940758
chr01x03	31500001	31750000	HAP1_chr01	HAP1_chr03	HAP1	HAP1	1	3	26050	9163	989	34224	0.971102
chr01x03	31750001	32000000	HAP1_chr01	HAP1_chr03	HAP1	HAP1	1	3	39671	33994	9621	64044	0.849775
chr01x03	32000001	32250000	HAP1_chr01	HAP1_chr03	HAP1	HAP1	1	3	11128	19091	1687	28532	0.940873
chr01x03	32250001	32500000	HAP1_chr01	HAP1_chr03	HAP1	HAP1	1	3	8107	62289	1403	68993	0.979665
chr01x03	32500001	32750000	HAP1_chr01	HAP1_chr03	HAP1	HAP1	1	3	6959	174623	1283	180299	0.992884
chr01x03	32750001	33000000	HAP1_chr01	HAP1_chr03	HAP1	HAP1	1	3	19854	143230	7821	155263	0.949627
chr01x03	33000001	33250000	HAP1_chr01	HAP1_chr03	HAP1	HAP1	1	3	72629	126725	23415	175939	0.866914
chr01x03	33250001	33500000	HAP1_chr01	HAP1_chr03	HAP1	HAP1	1	3	147087	135983	28069	255001	0.889926
chr01x03	33500001	33750000	HAP1_chr01	HAP1_chr03	HAP1	HAP1	1	3	110889	1888	1	112776	0.999991
chr01x03	33750001	34000000	HAP1_chr01	HAP1_chr03	HAP1	HAP1	1	3	149503	3029	4	152528	0.999974
chr01x03	34000001	34250000	HAP1_chr01	HAP1_chr03	HAP1	HAP1	1	3	108745	2141	7	110879	0.999937
chr01x03	34250001	34500000	HAP1_chr01	HAP1_chr03	HAP1	HAP1	1	3	153655	60481	10481	203655	0.948536
chr01x03	34500001	34750000	HAP1_chr01	HAP1_chr03	HAP1	HAP1	1	3	146535	182448	19651	309332	0.936473
chr01x03	34750001	35000000	HAP1_chr01	HAP1_chr03	HAP1	HAP1	1	3	113354	172366	27304	258416	0.894341
chr01x03	35000001	35250000	HAP1_chr01	HAP1_chr03	HAP1	HAP1	1	3	165165	162086	20407	306844	0.933494
chr01x03	35250001	35500000	HAP1_chr01	HAP1_chr03	HAP1	HAP1	1	3	102965	159644	19959	242650	0.917746
chr01x03	35500001	35750000	HAP1_chr01	HAP1_chr03	HAP1	HAP1	1	3	189080	155583	23322	321341	0.927423
chr01x03	35750001	36000000	HAP1_chr01	HAP1_chr03	HAP1	HAP1	1	3	156057	167826	23613	300270	0.921361
chr01x03	36000001	36250000	HAP1_chr01	HAP1_chr03	HAP1	HAP1	1	3	148501	103959	16576	235884	0.929728
chr01x03	36250001	36500000	HAP1_chr01	HAP1_chr03	HAP1	HAP1	1	3	126525	223550	20735	329340	0.937041
chr01x03	36500001	36750000	HAP1_chr01	HAP1_chr03	HAP1	HAP1	1	3	201855	194252	18207	377900	0.951821
chr01x03	36750001	37000000	HAP1_chr01	HAP1_chr03	HAP1	HAP1	1	3	130676	211739	20827	321588	0.935237
chr01x03	37000001	37250000	HAP1_chr01	HAP1_chr03	HAP1	HAP1	1	3	147230	202316	17069	332477	0.948661
chr01x03	37250001	37500000	HAP1_chr01	HAP1_chr03	HAP1	HAP1	1	3	172854	211006	17710	366150	0.951632
chr01x03	37500001	37750000	HAP1_chr01	HAP1_chr03	HAP1	HAP1	1	3	144732	168755	28529	284958	0.899883
chr01x03	37750001	38000000	HAP1_chr01	HAP1_chr03	HAP1	HAP1	1	3	126748	202273	19184	309837	0.938084
chr01x03	38000001	38250000	HAP1_chr01	HAP1_chr03	HAP1	HAP1	1	3	119951	212951	19957	312945	0.936228
chr01x03	38250001	38500000	HAP1_chr01	HAP1_chr03	HAP1	HAP1	1	3	166189	142805	23759	285235	0.916704
chr01x03	38500001	38750000	HAP1_chr01	HAP1_chr03	HAP1	HAP1	1	3	210878	198651	10778	398751	0.972971
chr01x03	38750001	39000000	HAP1_chr01	HAP1_chr03	HAP1	HAP1	1	3	200576	203564	22912	381228	0.939899
chr01x03	39000001	39250000	HAP1_chr01	HAP1_chr03	HAP1	HAP1	1	3	156014	186969	31729	311254	0.898061
chr01x03	39250001	39500000	HAP1_chr01	HAP1_chr03	HAP1	HAP1	1	3	160269	175643	21712	314200	0.930898
chr01x03	39500001	39750000	HAP1_chr01	HAP1_chr03	HAP1	HAP1	1	3	151071	111592	24363	238300	0.897763
chr01x03	39750001	40000000	HAP1_chr01	HAP1_chr03	HAP1	HAP1	1	3	173360	129835	23322	279873	0.916669
chr01x03	40000001	40250000	HAP1_chr01	HAP1_chr03	HAP1	HAP1	1	3	178236	180273	24318	334191	0.927233
chr01x03	40250001	40500000	HAP1_chr01	HAP1_chr03	HAP1	HAP1	1	3	153170	231652	8519	376303	0.977361
chr01x03	40500001	40750000	HAP1_chr01	HAP1_chr03	HAP1	HAP1	1	3	204634	212759	24784	392609	0.936874
chr01x03	40750001	41000000	HAP1_chr01	HAP1_chr03	HAP1	HAP1	1	3	183522	218031	16151	385402	0.958093
chr01x03	41000001	41250000	HAP1_chr01	HAP1_chr03	HAP1	HAP1	1	3	185744	223616	17818	391542	0.954493
chr01x03	41250001	41500000	HAP1_chr01	HAP1_chr03	HAP1	HAP1	1	3	142573	223667	16232	350008	0.953624
chr01x03	41500001	41750000	HAP1_chr01	HAP1_chr03	HAP1	HAP1	1	3	177945	187041	14290	350696	0.959252
chr01x03	41750001	42000000	HAP1_chr01	HAP1_chr03	HAP1	HAP1	1	3	140510	200972	13724	327758	0.958128
chr01x03	42000001	42250000	HAP1_chr01	HAP1_chr03	HAP1	HAP1	1	3	153799	228996	15013	367782	0.959180
chr01x03	42250001	42500000	HAP1_chr01	HAP1_chr03	HAP1	HAP1	1	3	168591	238744	11998	395337	0.969651
chr01x03	42500001	42750000	HAP1_chr01	HAP1_chr03	HAP1	HAP1	1	3	214671	188680	15398	387953	0.960310
chr01x03	42750001	43000000	HAP1_chr01	HAP1_chr03	HAP1	HAP1	1	3	209844	102963	18699	294108	0.936421
chr01x03	43000001	43250000	HAP1_chr01	HAP1_chr03	HAP1	HAP1	1	3	222502	172066	13202	381366	0.965382
chr01x03	43250001	43500000	HAP1_chr01	HAP1_chr03	HAP1	HAP1	1	3	202172	216255	14433	403994	0.964274
chr01x03	43500001	43750000	HAP1_chr01	HAP1_chr03	HAP1	HAP1	1	3	204524	220308	9029	415803	0.978285
chr01x03	43750001	44000000	HAP1_chr01	HAP1_chr03	HAP1	HAP1	1	3	136635	225483	7109	355009	0.979975
chr01x03	44000001	44250000	HAP1_chr01	HAP1_chr03	HAP1	HAP1	1	3	94601	224315	1495	317421	0.995290
chr01x03	44250001	44500000	HAP1_chr01	HAP1_chr03	HAP1	HAP1	1	3	112805	231930	4418	340317	0.987018
chr01x03	44500001	44750000	HAP1_chr01	HAP1_chr03	HAP1	HAP1	1	3	118439	227486	12160	333765	0.963567
chr01x03	44750001	45000000	HAP1_chr01	HAP1_chr03	HAP1	HAP1	1	3	124512	228544	17812	335244	0.946869
chr01x03	45000001	45250000	HAP1_chr01	HAP1_chr03	HAP1	HAP1	1	3	201481	233027	12216	422292	0.971072
chr01x03	45250001	45500000	HAP1_chr01	HAP1_chr03	HAP1	HAP1	1	3	193238	234365	4821	422782	0.988597
chr01x03	45500001	45750000	HAP1_chr01	HAP1_chr03	HAP1	HAP1	1	3	205304	230268	8420	427152	0.980288
chr01x03	45750001	46000000	HAP1_chr01	HAP1_chr03	HAP1	HAP1	1	3	158448	216254	8986	365716	0.975429
chr01x03	46000001	46250000	HAP1_chr01	HAP1_chr03	HAP1	HAP1	1	3	222489	227106	7466	442129	0.983114
chr01x03	46250001	46500000	HAP1_chr01	HAP1_chr03	HAP1	HAP1	1	3	232658	214752	8419	438991	0.980822
chr01x03	46500001	46750000	HAP1_chr01	HAP1_chr03	HAP1	HAP1	1	3	221134	199374	8964	411544	0.978219
chr01x03	46750001	47000000	HAP1_chr01	HAP1_chr03	HAP1	HAP1	1	3	183794	230900	8172	406522	0.979898
chr01x03	47000001	47250000	HAP1_chr01	HAP1_chr03	HAP1	HAP1	1	3	227094	238517	2668	462943	0.994237
chr01x03	47250001	47500000	HAP1_chr01	HAP1_chr03	HAP1	HAP1	1	3	219412	227188	14061	432539	0.967492
chr01x03	47500001	47750000	HAP1_chr01	HAP1_chr03	HAP1	HAP1	1	3	206516	153713	1527	358702	0.995743
chr01x03	47750001	48000000	HAP1_chr01	HAP1_chr03	HAP1	HAP1	1	3	204882	202431	5420	401893	0.986514
chr01x03	48000001	48250000	HAP1_chr01	HAP1_chr03	HAP1	HAP1	1	3	203746	227996	3958	427784	0.990748
chr01x03	48250001	48500000	HAP1_chr01	HAP1_chr03	HAP1	HAP1	1	3	232820	228026	3417	457429	0.992530
chr01x03	48500001	48750000	HAP1_chr01	HAP1_chr03	HAP1	HAP1	1	3	235116	234576	6757	462935	0.985404
chr01x03	48750001	49000000	HAP1_chr01	HAP1_chr03	HAP1	HAP1	1	3	225666	237555	5815	457406	0.987287
chr01x03	49000001	49250000	HAP1_chr01	HAP1_chr03	HAP1	HAP1	1	3	220114	233766	3440	450440	0.992363
chr01x03	49250001	49500000	HAP1_chr01	HAP1_chr03	HAP1	HAP1	1	3	224381	221323	4378	441326	0.990080
chr01x03	49500001	49750000	HAP1_chr01	HAP1_chr03	HAP1	HAP1	1	3	237269	228476	4281	461464	0.990723
chr01x03	49750001	50000000	HAP1_chr01	HAP1_chr03	HAP1	HAP1	1	3	219022	236733	1957	453798	0.995688
chr01x03	50000001	50250000	HAP1_chr01	HAP1_chr03	HAP1	HAP1	1	3	232238	239146	3455	467929	0.992616
chr01x03	50250001	50500000	HAP1_chr01	HAP1_chr03	HAP1	HAP1	1	3	224501	220494	5074	439921	0.988466
chr01x03	50500001	50750000	HAP1_chr01	HAP1_chr03	HAP1	HAP1	1	3	227278	234922	7950	454250	0.982499
chr01x03	50750001	51000000	HAP1_chr01	HAP1_chr03	HAP1	HAP1	1	3	219389	239153	2569	455973	0.994366
chr01x03	51000001	51250000	HAP1_chr01	HAP1_chr03	HAP1	HAP1	1	3	233810	236067	2281	467596	0.995122
chr01x03	51250001	51500000	HAP1_chr01	HAP1_chr03	HAP1	HAP1	1	3	226522	239003	4735	460790	0.989724
chr01x03	51500001	51750000	HAP1_chr01	HAP1_chr03	HAP1	HAP1	1	3	235429	235695	8030	463094	0.982660
chr01x03	51750001	52000000	HAP1_chr01	HAP1_chr03	HAP1	HAP1	1	3	236773	216766	2253	451286	0.995008
chr01x03	52000001	52250000	HAP1_chr01	HAP1_chr03	HAP1	HAP1	1	3	232679	204641	2629	434691	0.993952
chr01x03	52250001	52500000	HAP1_chr01	HAP1_chr03	HAP1	HAP1	1	3	224546	208434	2237	430743	0.994807
chr01x03	52500001	52750000	HAP1_chr01	HAP1_chr03	HAP1	HAP1	1	3	240280	239512	4546	475246	0.990434
chr01x03	52750001	53000000	HAP1_chr01	HAP1_chr03	HAP1	HAP1	1	3	238881	222385	2862	458404	0.993757
chr01x03	53000001	53250000	HAP1_chr01	HAP1_chr03	HAP1	HAP1	1	3	241967	229955	2324	469598	0.995051
chr01x03	53250001	53500000	HAP1_chr01	HAP1_chr03	HAP1	HAP1	1	3	238427	235369	3318	470478	0.992948
chr01x03	53500001	53750000	HAP1_chr01	HAP1_chr03	HAP1	HAP1	1	3	223100	239958	3725	459333	0.991890
chr01x03	53750001	54000000	HAP1_chr01	HAP1_chr03	HAP1	HAP1	1	3	227876	236574	2365	462085	0.994882
chr01x03	54000001	54250000	HAP1_chr01	HAP1_chr03	HAP1	HAP1	1	3	193857	219022	3616	409263	0.991165
chr01x03	54250001	54500000	HAP1_chr01	HAP1_chr03	HAP1	HAP1	1	3	240381	190115	2520	427976	0.994112
chr01x03	54500001	54750000	HAP1_chr01	HAP1_chr03	HAP1	HAP1	1	3	239822	231604	7014	464412	0.984897
chr01x03	54750001	55000000	HAP1_chr01	HAP1_chr03	HAP1	HAP1	1	3	233050	212404	3817	441637	0.991357
chr01x03	55000001	55250000	HAP1_chr01	HAP1_chr03	HAP1	HAP1	1	3	227830	217903	4161	441572	0.990577
chr01x03	55250001	55500000	HAP1_chr01	HAP1_chr03	HAP1	HAP1	1	3	140875	190645	1075	330445	0.996747
chr01x03	55500001	55750000	HAP1_chr01	HAP1_chr03	HAP1	HAP1	1	3	109955	198191	5897	302249	0.980490
chr01x03	55750001	56000000	HAP1_chr01	HAP1_chr03	HAP1	HAP1	1	3	237803	226874	3132	461545	0.993214
chr01x03	56000001	56250000	HAP1_chr01	HAP1_chr03	HAP1	HAP1	1	3	241811	191706	2176	431341	0.994955
chr01x03	56250001	56408396	HAP1_chr01	HAP1_chr03	HAP1	HAP1	1	3	146464	134255	596	280123	0.997872
chr02x05	1	250000	HAP1_chr02	HAP1_chr05	HAP1	HAP1	2	5	207296	215598	57603	365291	0.842309
chr02x05	250001	500000	HAP1_chr02	HAP1_chr05	HAP1	HAP1	2	5	226430	191153	20067	397516	0.949519
chr02x05	500001	750000	HAP1_chr02	HAP1_chr05	HAP1	HAP1	2	5	235070	221978	4373	452675	0.990340
chr02x05	750001	1000000	HAP1_chr02	HAP1_chr05	HAP1	HAP1	2	5	226718	234677	2355	459040	0.994870
chr02x05	1000001	1250000	HAP1_chr02	HAP1_chr05	HAP1	HAP1	2	5	223823	224492	3374	444941	0.992417
chr02x05	1250001	1500000	HAP1_chr02	HAP1_chr05	HAP1	HAP1	2	5	167769	224891	1936	390724	0.995045
chr02x05	1500001	1750000	HAP1_chr02	HAP1_chr05	HAP1	HAP1	2	5	236651	201026	3382	434295	0.992213
chr02x05	1750001	2000000	HAP1_chr02	HAP1_chr05	HAP1	HAP1	2	5	237819	192820	1638	429001	0.996182
chr02x05	2000001	2250000	HAP1_chr02	HAP1_chr05	HAP1	HAP1	2	5	237843	224110	3052	458901	0.993349
chr02x05	2250001	2500000	HAP1_chr02	HAP1_chr05	HAP1	HAP1	2	5	227873	233990	2837	459026	0.993820
chr02x05	2500001	2750000	HAP1_chr02	HAP1_chr05	HAP1	HAP1	2	5	230466	229493	4355	455604	0.990441
chr02x05	2750001	3000000	HAP1_chr02	HAP1_chr05	HAP1	HAP1	2	5	226130	237363	3117	460376	0.993229
chr02x05	3000001	3250000	HAP1_chr02	HAP1_chr05	HAP1	HAP1	2	5	236282	234466	3776	466972	0.991914
chr02x05	3250001	3500000	HAP1_chr02	HAP1_chr05	HAP1	HAP1	2	5	221718	203822	6012	419528	0.985670
chr02x05	3500001	3750000	HAP1_chr02	HAP1_chr05	HAP1	HAP1	2	5	227735	217782	7810	437707	0.982157
chr02x05	3750001	4000000	HAP1_chr02	HAP1_chr05	HAP1	HAP1	2	5	232568	203253	2356	433465	0.994565
chr02x05	4000001	4250000	HAP1_chr02	HAP1_chr05	HAP1	HAP1	2	5	233521	199166	2353	430334	0.994532
chr02x05	4250001	4500000	HAP1_chr02	HAP1_chr05	HAP1	HAP1	2	5	232603	234282	6899	459986	0.985002
chr02x05	4500001	4750000	HAP1_chr02	HAP1_chr05	HAP1	HAP1	2	5	221047	235458	4644	451861	0.989723
chr02x05	4750001	5000000	HAP1_chr02	HAP1_chr05	HAP1	HAP1	2	5	240267	221071	3879	457459	0.991521
chr02x05	5000001	5250000	HAP1_chr02	HAP1_chr05	HAP1	HAP1	2	5	222863	243237	4098	462002	0.991130
chr02x05	5250001	5500000	HAP1_chr02	HAP1_chr05	HAP1	HAP1	2	5	181743	233048	2205	412586	0.994656
chr02x05	5500001	5750000	HAP1_chr02	HAP1_chr05	HAP1	HAP1	2	5	226588	238667	5736	459519	0.987517
chr02x05	5750001	6000000	HAP1_chr02	HAP1_chr05	HAP1	HAP1	2	5	209243	239166	5740	442669	0.987033
chr02x05	6000001	6250000	HAP1_chr02	HAP1_chr05	HAP1	HAP1	2	5	231852	235699	4670	462881	0.989911
chr02x05	6250001	6500000	HAP1_chr02	HAP1_chr05	HAP1	HAP1	2	5	238817	236105	5315	469607	0.988682
chr02x05	6500001	6750000	HAP1_chr02	HAP1_chr05	HAP1	HAP1	2	5	237091	223666	4152	456605	0.990907
chr02x05	6750001	7000000	HAP1_chr02	HAP1_chr05	HAP1	HAP1	2	5	206178	224339	2819	427698	0.993409
chr02x05	7000001	7250000	HAP1_chr02	HAP1_chr05	HAP1	HAP1	2	5	237899	223872	2426	459345	0.994719
chr02x05	7250001	7500000	HAP1_chr02	HAP1_chr05	HAP1	HAP1	2	5	226853	206579	13515	419917	0.967815
chr02x05	7500001	7750000	HAP1_chr02	HAP1_chr05	HAP1	HAP1	2	5	235060	175851	10482	400429	0.973823
chr02x05	7750001	8000000	HAP1_chr02	HAP1_chr05	HAP1	HAP1	2	5	235554	234315	3867	466002	0.991702
chr02x05	8000001	8250000	HAP1_chr02	HAP1_chr05	HAP1	HAP1	2	5	189104	226427	5253	410278	0.987196
chr02x05	8250001	8500000	HAP1_chr02	HAP1_chr05	HAP1	HAP1	2	5	225926	228223	3451	450698	0.992343
chr02x05	8500001	8750000	HAP1_chr02	HAP1_chr05	HAP1	HAP1	2	5	205570	233592	5843	433319	0.986516
chr02x05	8750001	9000000	HAP1_chr02	HAP1_chr05	HAP1	HAP1	2	5	218416	240656	3668	455404	0.991946
chr02x05	9000001	9250000	HAP1_chr02	HAP1_chr05	HAP1	HAP1	2	5	220788	230820	8637	442971	0.980502
chr02x05	9250001	9500000	HAP1_chr02	HAP1_chr05	HAP1	HAP1	2	5	224815	212044	9190	427669	0.978511
chr02x05	9500001	9750000	HAP1_chr02	HAP1_chr05	HAP1	HAP1	2	5	226390	237524	3885	460029	0.991555
chr02x05	9750001	10000000	HAP1_chr02	HAP1_chr05	HAP1	HAP1	2	5	198707	239557	6319	431945	0.985371
chr02x05	10000001	10250000	HAP1_chr02	HAP1_chr05	HAP1	HAP1	2	5	216757	200645	5258	412144	0.987242
chr02x05	10250001	10500000	HAP1_chr02	HAP1_chr05	HAP1	HAP1	2	5	216546	203304	10359	409491	0.974703
chr02x05	10500001	10750000	HAP1_chr02	HAP1_chr05	HAP1	HAP1	2	5	233143	238436	6726	464853	0.985531
chr02x05	10750001	11000000	HAP1_chr02	HAP1_chr05	HAP1	HAP1	2	5	196547	224507	12585	408469	0.969190
chr02x05	11000001	11250000	HAP1_chr02	HAP1_chr05	HAP1	HAP1	2	5	214349	215997	19857	410489	0.951626
chr02x05	11250001	11500000	HAP1_chr02	HAP1_chr05	HAP1	HAP1	2	5	210924	232389	10969	432344	0.974629
chr02x05	11500001	11750000	HAP1_chr02	HAP1_chr05	HAP1	HAP1	2	5	206438	227811	13572	420677	0.967738
chr02x05	11750001	12000000	HAP1_chr02	HAP1_chr05	HAP1	HAP1	2	5	219410	224020	2580	440850	0.994148
chr02x05	12000001	12250000	HAP1_chr02	HAP1_chr05	HAP1	HAP1	2	5	236365	219182	8539	447008	0.980897
chr02x05	12250001	12500000	HAP1_chr02	HAP1_chr05	HAP1	HAP1	2	5	195607	141016	12034	324589	0.962925
chr02x05	12500001	12750000	HAP1_chr02	HAP1_chr05	HAP1	HAP1	2	5	201934	221608	5379	418163	0.987137
chr02x05	12750001	13000000	HAP1_chr02	HAP1_chr05	HAP1	HAP1	2	5	203991	237184	12390	428785	0.971104
chr02x05	13000001	13250000	HAP1_chr02	HAP1_chr05	HAP1	HAP1	2	5	192774	232969	15160	410583	0.963077
chr02x05	13250001	13500000	HAP1_chr02	HAP1_chr05	HAP1	HAP1	2	5	215265	200413	9428	406250	0.976793
chr02x05	13500001	13750000	HAP1_chr02	HAP1_chr05	HAP1	HAP1	2	5	205666	223042	9070	419638	0.978386
chr02x05	13750001	14000000	HAP1_chr02	HAP1_chr05	HAP1	HAP1	2	5	149369	233366	1398	381337	0.996334
chr02x05	14000001	14250000	HAP1_chr02	HAP1_chr05	HAP1	HAP1	2	5	147753	212960	18777	341936	0.945086
chr02x05	14250001	14500000	HAP1_chr02	HAP1_chr05	HAP1	HAP1	2	5	182558	223136	14026	391668	0.964189
chr02x05	14500001	14750000	HAP1_chr02	HAP1_chr05	HAP1	HAP1	2	5	216755	228712	9977	435490	0.977090
chr02x05	14750001	15000000	HAP1_chr02	HAP1_chr05	HAP1	HAP1	2	5	209429	206088	10267	405250	0.974665
chr02x05	15000001	15250000	HAP1_chr02	HAP1_chr05	HAP1	HAP1	2	5	164625	206553	18454	352724	0.947681
chr02x05	15250001	15500000	HAP1_chr02	HAP1_chr05	HAP1	HAP1	2	5	183362	177079	26363	334078	0.921087
chr02x05	15500001	15750000	HAP1_chr02	HAP1_chr05	HAP1	HAP1	2	5	182430	180024	22868	339586	0.932659
chr02x05	15750001	16000000	HAP1_chr02	HAP1_chr05	HAP1	HAP1	2	5	205333	194422	12408	387347	0.967967
chr02x05	16000001	16250000	HAP1_chr02	HAP1_chr05	HAP1	HAP1	2	5	187539	217140	15924	388755	0.959038
chr02x05	16250001	16500000	HAP1_chr02	HAP1_chr05	HAP1	HAP1	2	5	159240	206369	21961	343648	0.936094
chr02x05	16500001	16750000	HAP1_chr02	HAP1_chr05	HAP1	HAP1	2	5	203992	164302	24598	343696	0.928431
chr02x05	16750001	17000000	HAP1_chr02	HAP1_chr05	HAP1	HAP1	2	5	187876	209288	23550	373614	0.936967
chr02x05	17000001	17250000	HAP1_chr02	HAP1_chr05	HAP1	HAP1	2	5	156190	205760	19468	342482	0.943156
chr02x05	17250001	17500000	HAP1_chr02	HAP1_chr05	HAP1	HAP1	2	5	140173	205954	23525	322602	0.927077
chr02x05	17500001	17750000	HAP1_chr02	HAP1_chr05	HAP1	HAP1	2	5	168378	211543	19386	360535	0.946230
chr02x05	17750001	18000000	HAP1_chr02	HAP1_chr05	HAP1	HAP1	2	5	183526	157935	23060	318401	0.927576
chr02x05	18000001	18250000	HAP1_chr02	HAP1_chr05	HAP1	HAP1	2	5	157930	219698	17822	359806	0.950468
chr02x05	18250001	18500000	HAP1_chr02	HAP1_chr05	HAP1	HAP1	2	5	173148	200104	20859	352393	0.940808
chr02x05	18500001	18750000	HAP1_chr02	HAP1_chr05	HAP1	HAP1	2	5	186249	166440	16340	336349	0.951420
chr02x05	18750001	19000000	HAP1_chr02	HAP1_chr05	HAP1	HAP1	2	5	152909	206257	17041	342125	0.950191
chr02x05	19000001	19250000	HAP1_chr02	HAP1_chr05	HAP1	HAP1	2	5	146564	211558	23680	334442	0.929195
chr02x05	19250001	19500000	HAP1_chr02	HAP1_chr05	HAP1	HAP1	2	5	109446	169161	20556	258051	0.920341
chr02x05	19500001	19750000	HAP1_chr02	HAP1_chr05	HAP1	HAP1	2	5	141057	170577	33319	278315	0.880283
chr02x05	19750001	20000000	HAP1_chr02	HAP1_chr05	HAP1	HAP1	2	5	135760	168044	28839	274965	0.895118
chr02x05	20000001	20250000	HAP1_chr02	HAP1_chr05	HAP1	HAP1	2	5	130756	119091	23612	226235	0.895631
chr02x05	20250001	20500000	HAP1_chr02	HAP1_chr05	HAP1	HAP1	2	5	133883	174658	26303	282238	0.906806
chr02x05	20500001	20750000	HAP1_chr02	HAP1_chr05	HAP1	HAP1	2	5	153756	166010	24274	295492	0.917852
chr02x05	20750001	21000000	HAP1_chr02	HAP1_chr05	HAP1	HAP1	2	5	150334	185948	14707	321575	0.954266
chr02x05	21000001	21250000	HAP1_chr02	HAP1_chr05	HAP1	HAP1	2	5	137799	205397	24118	319078	0.924413
chr02x05	21250001	21500000	HAP1_chr02	HAP1_chr05	HAP1	HAP1	2	5	135551	178969	21982	292538	0.924858
chr02x05	21500001	21750000	HAP1_chr02	HAP1_chr05	HAP1	HAP1	2	5	155655	197871	20630	332896	0.938029
chr02x05	21750001	22000000	HAP1_chr02	HAP1_chr05	HAP1	HAP1	2	5	138563	166227	27186	277604	0.902069
chr02x05	22000001	22250000	HAP1_chr02	HAP1_chr05	HAP1	HAP1	2	5	172054	183231	23875	331410	0.927959
chr02x05	22250001	22500000	HAP1_chr02	HAP1_chr05	HAP1	HAP1	2	5	131448	199026	25145	305329	0.917646
chr02x05	22500001	22750000	HAP1_chr02	HAP1_chr05	HAP1	HAP1	2	5	183868	192903	21966	354805	0.938090
chr02x05	22750001	23000000	HAP1_chr02	HAP1_chr05	HAP1	HAP1	2	5	146557	140082	25548	261091	0.902149
chr02x05	23000001	23250000	HAP1_chr02	HAP1_chr05	HAP1	HAP1	2	5	135897	157688	26848	266737	0.899347
chr02x05	23250001	23500000	HAP1_chr02	HAP1_chr05	HAP1	HAP1	2	5	116622	54539	17566	153595	0.885634
chr02x05	23500001	23750000	HAP1_chr02	HAP1_chr05	HAP1	HAP1	2	5	133529	40801	4528	169802	0.973334
chr02x05	23750001	24000000	HAP1_chr02	HAP1_chr05	HAP1	HAP1	2	5	138169	32353	10859	159663	0.931988
chr02x05	24000001	24250000	HAP1_chr02	HAP1_chr05	HAP1	HAP1	2	5	132095	9921	12	142004	0.999915
chr02x05	24250001	24500000	HAP1_chr02	HAP1_chr05	HAP1	HAP1	2	5	138257	11574	1201	148630	0.991920
chr02x05	24500001	24750000	HAP1_chr02	HAP1_chr05	HAP1	HAP1	2	5	211255	124101	12671	322685	0.960733
chr02x05	24750001	25000000	HAP1_chr02	HAP1_chr05	HAP1	HAP1	2	5	199646	125568	23681	301533	0.921465
chr02x05	25000001	25250000	HAP1_chr02	HAP1_chr05	HAP1	HAP1	2	5	163132	181306	22638	321800	0.929652
chr02x05	25250001	25500000	HAP1_chr02	HAP1_chr05	HAP1	HAP1	2	5	112206	139128	29387	221947	0.867595
chr02x05	25500001	25750000	HAP1_chr02	HAP1_chr05	HAP1	HAP1	2	5	161346	137792	22836	276302	0.917351
chr02x05	25750001	26000000	HAP1_chr02	HAP1_chr05	HAP1	HAP1	2	5	173560	176114	24976	324698	0.923079
chr02x05	26000001	26250000	HAP1_chr02	HAP1_chr05	HAP1	HAP1	2	5	183134	175679	21924	336889	0.934922
chr02x05	26250001	26500000	HAP1_chr02	HAP1_chr05	HAP1	HAP1	2	5	134980	169358	31049	273289	0.886388
chr02x05	26500001	26750000	HAP1_chr02	HAP1_chr05	HAP1	HAP1	2	5	141825	154676	36668	259833	0.858879
chr02x05	26750001	27000000	HAP1_chr02	HAP1_chr05	HAP1	HAP1	2	5	140842	206894	26153	321583	0.918674
chr02x05	27000001	27250000	HAP1_chr02	HAP1_chr05	HAP1	HAP1	2	5	131251	167456	25288	273419	0.907512
chr02x05	27250001	27500000	HAP1_chr02	HAP1_chr05	HAP1	HAP1	2	5	107855	144797	24346	228306	0.893362
chr02x05	27500001	27750000	HAP1_chr02	HAP1_chr05	HAP1	HAP1	2	5	66618	195738	4689	257667	0.981802
chr02x05	27750001	28000000	HAP1_chr02	HAP1_chr05	HAP1	HAP1	2	5	49690	133397	17956	165131	0.891262
chr02x05	28000001	28250000	HAP1_chr02	HAP1_chr05	HAP1	HAP1	2	5	31254	167756	7114	191896	0.962928
chr02x05	28250001	28500000	HAP1_chr02	HAP1_chr05	HAP1	HAP1	2	5	10835	176296	257	186874	0.998625
chr02x05	28500001	28750000	HAP1_chr02	HAP1_chr05	HAP1	HAP1	2	5	32149	189055	1559	219645	0.992902
chr02x05	28750001	29000000	HAP1_chr02	HAP1_chr05	HAP1	HAP1	2	5	25663	173296	6885	192074	0.964154
chr02x05	29000001	29250000	HAP1_chr02	HAP1_chr05	HAP1	HAP1	2	5	61403	177380	11138	227645	0.951073
chr02x05	29250001	29500000	HAP1_chr02	HAP1_chr05	HAP1	HAP1	2	5	29735	178926	8793	199868	0.956006
chr02x05	29500001	29750000	HAP1_chr02	HAP1_chr05	HAP1	HAP1	2	5	43822	185377	8440	220759	0.961768
chr02x05	29750001	30000000	HAP1_chr02	HAP1_chr05	HAP1	HAP1	2	5	123326	154019	22989	254356	0.909619
chr02x05	30000001	30250000	HAP1_chr02	HAP1_chr05	HAP1	HAP1	2	5	108258	136081	30983	213356	0.854783
chr02x05	30250001	30500000	HAP1_chr02	HAP1_chr05	HAP1	HAP1	2	5	143487	171696	35638	279545	0.872514
chr02x05	30500001	30750000	HAP1_chr02	HAP1_chr05	HAP1	HAP1	2	5	125792	149635	28019	247408	0.886750
chr02x05	30750001	31000000	HAP1_chr02	HAP1_chr05	HAP1	HAP1	2	5	124504	152133	27665	248972	0.888883
chr02x05	31000001	31250000	HAP1_chr02	HAP1_chr05	HAP1	HAP1	2	5	135334	144259	29723	249870	0.881046
chr02x05	31250001	31500000	HAP1_chr02	HAP1_chr05	HAP1	HAP1	2	5	143067	144208	20424	266851	0.923463
chr02x05	31500001	31750000	HAP1_chr02	HAP1_chr05	HAP1	HAP1	2	5	125072	142252	33821	233503	0.855158
chr02x05	31750001	32000000	HAP1_chr02	HAP1_chr05	HAP1	HAP1	2	5	153302	147925	29939	271288	0.889641
chr02x05	32000001	32250000	HAP1_chr02	HAP1_chr05	HAP1	HAP1	2	5	150861	160019	31240	279640	0.888285
chr02x05	32250001	32500000	HAP1_chr02	HAP1_chr05	HAP1	HAP1	2	5	137289	167783	27408	277664	0.901291
chr02x05	32500001	32750000	HAP1_chr02	HAP1_chr05	HAP1	HAP1	2	5	131144	157212	29429	258927	0.886342
chr02x05	32750001	33000000	HAP1_chr02	HAP1_chr05	HAP1	HAP1	2	5	151696	143541	31910	263327	0.878820
chr02x05	33000001	33250000	HAP1_chr02	HAP1_chr05	HAP1	HAP1	2	5	167544	132246	26841	272949	0.901663
chr02x05	33250001	33500000	HAP1_chr02	HAP1_chr05	HAP1	HAP1	2	5	153752	148250	31166	270836	0.884927
chr02x05	33500001	33750000	HAP1_chr02	HAP1_chr05	HAP1	HAP1	2	5	135027	146061	29621	251467	0.882207
chr02x05	33750001	34000000	HAP1_chr02	HAP1_chr05	HAP1	HAP1	2	5	142322	134478	29640	247160	0.880078
chr02x05	34000001	34250000	HAP1_chr02	HAP1_chr05	HAP1	HAP1	2	5	194127	202786	27623	369290	0.925200
chr02x05	34250001	34500000	HAP1_chr02	HAP1_chr05	HAP1	HAP1	2	5	172027	164887	27575	309339	0.910858
chr02x05	34500001	34750000	HAP1_chr02	HAP1_chr05	HAP1	HAP1	2	5	111993	156595	28747	239841	0.880141
chr02x05	34750001	35000000	HAP1_chr02	HAP1_chr05	HAP1	HAP1	2	5	126671	138178	33583	231266	0.854786
chr02x05	35000001	35250000	HAP1_chr02	HAP1_chr05	HAP1	HAP1	2	5	121762	133875	28753	226884	0.873270
chr02x05	35250001	35500000	HAP1_chr02	HAP1_chr05	HAP1	HAP1	2	5	123660	91443	9139	205964	0.955628
chr02x05	35500001	35750000	HAP1_chr02	HAP1_chr05	HAP1	HAP1	2	5	122728	3527	17	126238	0.999865
chr02x05	35750001	36000000	HAP1_chr02	HAP1_chr05	HAP1	HAP1	2	5	164866	62832	15985	211713	0.924497
chr02x05	36000001	36250000	HAP1_chr02	HAP1_chr05	HAP1	HAP1	2	5	112792	172227	33584	251435	0.866431
chr02x05	36250001	36500000	HAP1_chr02	HAP1_chr05	HAP1	HAP1	2	5	140873	160236	28817	272292	0.894169
chr02x05	36500001	36750000	HAP1_chr02	HAP1_chr05	HAP1	HAP1	2	5	123380	155235	31205	247410	0.873873
chr02x05	36750001	37000000	HAP1_chr02	HAP1_chr05	HAP1	HAP1	2	5	122784	144221	31167	235838	0.867846
chr02x05	37000001	37250000	HAP1_chr02	HAP1_chr05	HAP1	HAP1	2	5	124730	139901	35746	228885	0.843826
chr02x05	37250001	37500000	HAP1_chr02	HAP1_chr05	HAP1	HAP1	2	5	136894	180610	27636	289868	0.904660
chr02x05	37500001	37750000	HAP1_chr02	HAP1_chr05	HAP1	HAP1	2	5	156713	196978	25009	328682	0.923911
chr02x05	37750001	38000000	HAP1_chr02	HAP1_chr05	HAP1	HAP1	2	5	134668	170285	28934	276019	0.895174
chr02x05	38000001	38250000	HAP1_chr02	HAP1_chr05	HAP1	HAP1	2	5	125124	172507	24736	272895	0.909357
chr02x05	38250001	38500000	HAP1_chr02	HAP1_chr05	HAP1	HAP1	2	5	148143	173237	23894	297486	0.919680
chr02x05	38500001	38750000	HAP1_chr02	HAP1_chr05	HAP1	HAP1	2	5	160239	170406	26715	303930	0.912101
chr02x05	38750001	39000000	HAP1_chr02	HAP1_chr05	HAP1	HAP1	2	5	170014	172766	23263	319517	0.927193
chr02x05	39000001	39250000	HAP1_chr02	HAP1_chr05	HAP1	HAP1	2	5	122424	170078	25893	266609	0.902880
chr02x05	39250001	39500000	HAP1_chr02	HAP1_chr05	HAP1	HAP1	2	5	148457	173308	26898	294867	0.908779
chr02x05	39500001	39750000	HAP1_chr02	HAP1_chr05	HAP1	HAP1	2	5	142057	168617	27595	283079	0.902518
chr02x05	39750001	40000000	HAP1_chr02	HAP1_chr05	HAP1	HAP1	2	5	164942	156657	30285	291314	0.896040
chr02x05	40000001	40250000	HAP1_chr02	HAP1_chr05	HAP1	HAP1	2	5	146535	169709	29807	286437	0.895939
chr02x05	40250001	40500000	HAP1_chr02	HAP1_chr05	HAP1	HAP1	2	5	173082	161321	24740	309663	0.920107
chr02x05	40500001	40750000	HAP1_chr02	HAP1_chr05	HAP1	HAP1	2	5	148334	197272	27310	318296	0.914199
chr02x05	40750001	41000000	HAP1_chr02	HAP1_chr05	HAP1	HAP1	2	5	132152	158834	10811	280175	0.961413
chr02x05	41000001	41250000	HAP1_chr02	HAP1_chr05	HAP1	HAP1	2	5	118323	195497	32311	281509	0.885222
chr02x05	41250001	41500000	HAP1_chr02	HAP1_chr05	HAP1	HAP1	2	5	189498	175775	29377	335896	0.912541
chr02x05	41500001	41750000	HAP1_chr02	HAP1_chr05	HAP1	HAP1	2	5	163710	179425	25865	317270	0.918476
chr02x05	41750001	42000000	HAP1_chr02	HAP1_chr05	HAP1	HAP1	2	5	171209	172629	22736	321102	0.929194
chr02x05	42000001	42250000	HAP1_chr02	HAP1_chr05	HAP1	HAP1	2	5	151522	170140	28116	293546	0.904219
chr02x05	42250001	42500000	HAP1_chr02	HAP1_chr05	HAP1	HAP1	2	5	155151	163138	27176	291113	0.906648
chr02x05	42500001	42750000	HAP1_chr02	HAP1_chr05	HAP1	HAP1	2	5	146266	193426	20379	319313	0.936179
chr02x05	42750001	43000000	HAP1_chr02	HAP1_chr05	HAP1	HAP1	2	5	151151	173804	26343	298612	0.911782
chr02x05	43000001	43250000	HAP1_chr02	HAP1_chr05	HAP1	HAP1	2	5	149249	181889	29271	301867	0.903033
chr02x05	43250001	43500000	HAP1_chr02	HAP1_chr05	HAP1	HAP1	2	5	186009	173488	20486	339011	0.939571
chr02x05	43500001	43750000	HAP1_chr02	HAP1_chr05	HAP1	HAP1	2	5	125018	213419	19513	318924	0.938816
chr02x05	43750001	44000000	HAP1_chr02	HAP1_chr05	HAP1	HAP1	2	5	113266	187755	27616	273405	0.898992
chr02x05	44000001	44250000	HAP1_chr02	HAP1_chr05	HAP1	HAP1	2	5	159154	152056	30233	280977	0.892400
chr02x05	44250001	44500000	HAP1_chr02	HAP1_chr05	HAP1	HAP1	2	5	136647	174857	26802	284702	0.905859
chr02x05	44500001	44750000	HAP1_chr02	HAP1_chr05	HAP1	HAP1	2	5	113583	150457	32066	231974	0.861769
chr02x05	44750001	45000000	HAP1_chr02	HAP1_chr05	HAP1	HAP1	2	5	128289	164670	29767	263192	0.886900
chr02x05	45000001	45250000	HAP1_chr02	HAP1_chr05	HAP1	HAP1	2	5	147217	136001	28185	255033	0.889485
chr02x05	45250001	45500000	HAP1_chr02	HAP1_chr05	HAP1	HAP1	2	5	132206	130545	31566	231185	0.863460
chr02x05	45500001	45750000	HAP1_chr02	HAP1_chr05	HAP1	HAP1	2	5	117377	177709	25151	269935	0.906826
chr02x05	45750001	46000000	HAP1_chr02	HAP1_chr05	HAP1	HAP1	2	5	151817	123081	29214	245684	0.881091
chr02x05	46000001	46250000	HAP1_chr02	HAP1_chr05	HAP1	HAP1	2	5	95942	122162	22787	195317	0.883333
chr02x05	46250001	46500000	HAP1_chr02	HAP1_chr05	HAP1	HAP1	2	5	144595	195334	14912	325017	0.954119
chr02x05	46500001	46750000	HAP1_chr02	HAP1_chr05	HAP1	HAP1	2	5	151189	166874	31147	286916	0.891442
chr02x05	46750001	47000000	HAP1_chr02	HAP1_chr05	HAP1	HAP1	2	5	135194	159665	36732	258127	0.857698
chr02x05	47000001	47250000	HAP1_chr02	HAP1_chr05	HAP1	HAP1	2	5	166303	189843	33684	322462	0.895541
chr02x05	47250001	47500000	HAP1_chr02	HAP1_chr05	HAP1	HAP1	2	5	110828	146172	27079	229921	0.882225
chr02x05	47500001	47750000	HAP1_chr02	HAP1_chr05	HAP1	HAP1	2	5	134631	134592	28775	240448	0.880328
chr02x05	47750001	48000000	HAP1_chr02	HAP1_chr05	HAP1	HAP1	2	5	131242	163855	33305	261792	0.872781
chr02x05	48000001	48250000	HAP1_chr02	HAP1_chr05	HAP1	HAP1	2	5	136782	145735	28355	254162	0.888437
chr02x05	48250001	48373420	HAP1_chr02	HAP1_chr05	HAP1	HAP1	2	5	82045	79855	14968	146932	0.898130
chr04x13	1	250000	HAP1_chr04	HAP1_chr13	HAP1	HAP1	4	13	132007	222887	7265	347629	0.979101
chr04x13	250001	500000	HAP1_chr04	HAP1_chr13	HAP1	HAP1	4	13	120927	236849	639	357137	0.998211
chr04x13	500001	750000	HAP1_chr04	HAP1_chr13	HAP1	HAP1	4	13	133206	228134	756	360584	0.997903
chr04x13	750001	1000000	HAP1_chr04	HAP1_chr13	HAP1	HAP1	4	13	153791	239303	8063	385031	0.979059
chr04x13	1000001	1250000	HAP1_chr04	HAP1_chr13	HAP1	HAP1	4	13	128358	239280	3445	364193	0.990541
chr04x13	1250001	1500000	HAP1_chr04	HAP1_chr13	HAP1	HAP1	4	13	140113	230757	905	369965	0.997554
chr04x13	1500001	1750000	HAP1_chr04	HAP1_chr13	HAP1	HAP1	4	13	144041	240420	7549	376912	0.979971
chr04x13	1750001	2000000	HAP1_chr04	HAP1_chr13	HAP1	HAP1	4	13	122892	235104	4797	353199	0.986418
chr04x13	2000001	2250000	HAP1_chr04	HAP1_chr13	HAP1	HAP1	4	13	143290	221435	6392	358333	0.982162
chr04x13	2250001	2500000	HAP1_chr04	HAP1_chr13	HAP1	HAP1	4	13	114471	228705	512	342664	0.998506
chr04x13	2500001	2750000	HAP1_chr04	HAP1_chr13	HAP1	HAP1	4	13	147789	236070	614	383245	0.998398
chr04x13	2750001	3000000	HAP1_chr04	HAP1_chr13	HAP1	HAP1	4	13	135860	237982	567	373275	0.998481
chr04x13	3000001	3250000	HAP1_chr04	HAP1_chr13	HAP1	HAP1	4	13	137023	228987	1930	364080	0.994699
chr04x13	3250001	3500000	HAP1_chr04	HAP1_chr13	HAP1	HAP1	4	13	123387	243095	544	365938	0.998513
chr04x13	3500001	3750000	HAP1_chr04	HAP1_chr13	HAP1	HAP1	4	13	142149	236318	683	377784	0.998192
chr04x13	3750001	4000000	HAP1_chr04	HAP1_chr13	HAP1	HAP1	4	13	149334	238316	885	386765	0.997712
chr04x13	4000001	4250000	HAP1_chr04	HAP1_chr13	HAP1	HAP1	4	13	151499	240487	510	391476	0.998697
chr04x13	4250001	4500000	HAP1_chr04	HAP1_chr13	HAP1	HAP1	4	13	165565	244551	966	409150	0.997639
chr04x13	4500001	4750000	HAP1_chr04	HAP1_chr13	HAP1	HAP1	4	13	142710	238922	1105	380527	0.997096
chr04x13	4750001	5000000	HAP1_chr04	HAP1_chr13	HAP1	HAP1	4	13	187760	244253	1279	430734	0.997031
chr04x13	5000001	5250000	HAP1_chr04	HAP1_chr13	HAP1	HAP1	4	13	161378	244779	1122	405035	0.997230
chr04x13	5250001	5500000	HAP1_chr04	HAP1_chr13	HAP1	HAP1	4	13	139174	239685	4429	374430	0.988171
chr04x13	5500001	5750000	HAP1_chr04	HAP1_chr13	HAP1	HAP1	4	13	159445	235359	4186	390618	0.989284
chr04x13	5750001	6000000	HAP1_chr04	HAP1_chr13	HAP1	HAP1	4	13	156022	232361	667	387716	0.998280
chr04x13	6000001	6250000	HAP1_chr04	HAP1_chr13	HAP1	HAP1	4	13	168169	242497	4967	405699	0.987757
chr04x13	6250001	6500000	HAP1_chr04	HAP1_chr13	HAP1	HAP1	4	13	118195	235902	6105	347992	0.982456
chr04x13	6500001	6750000	HAP1_chr04	HAP1_chr13	HAP1	HAP1	4	13	142006	241400	643	382763	0.998320
chr04x13	6750001	7000000	HAP1_chr04	HAP1_chr13	HAP1	HAP1	4	13	148293	244982	665	392610	0.998306
chr04x13	7000001	7250000	HAP1_chr04	HAP1_chr13	HAP1	HAP1	4	13	191054	235170	3472	422752	0.991787
chr04x13	7250001	7500000	HAP1_chr04	HAP1_chr13	HAP1	HAP1	4	13	172517	240995	925	412587	0.997758
chr04x13	7500001	7750000	HAP1_chr04	HAP1_chr13	HAP1	HAP1	4	13	161847	212672	12264	362255	0.966145
chr04x13	7750001	8000000	HAP1_chr04	HAP1_chr13	HAP1	HAP1	4	13	187700	240446	4099	424047	0.990334
chr04x13	8000001	8250000	HAP1_chr04	HAP1_chr13	HAP1	HAP1	4	13	170545	240141	4588	406098	0.988702
chr04x13	8250001	8500000	HAP1_chr04	HAP1_chr13	HAP1	HAP1	4	13	150108	213832	1769	362171	0.995116
chr04x13	8500001	8750000	HAP1_chr04	HAP1_chr13	HAP1	HAP1	4	13	120944	242806	937	362813	0.997417
chr04x13	8750001	9000000	HAP1_chr04	HAP1_chr13	HAP1	HAP1	4	13	176801	231740	10846	397695	0.972728
chr04x13	9000001	9250000	HAP1_chr04	HAP1_chr13	HAP1	HAP1	4	13	156143	223527	8128	371542	0.978124
chr04x13	9250001	9500000	HAP1_chr04	HAP1_chr13	HAP1	HAP1	4	13	175179	72328	12105	235402	0.948577
chr04x13	9500001	9750000	HAP1_chr04	HAP1_chr13	HAP1	HAP1	4	13	137519	221108	5915	352712	0.983230
chr04x13	9750001	10000000	HAP1_chr04	HAP1_chr13	HAP1	HAP1	4	13	139049	217432	22141	334340	0.933777
chr04x13	10000001	10250000	HAP1_chr04	HAP1_chr13	HAP1	HAP1	4	13	166819	170226	23034	314011	0.926646
chr04x13	10250001	10500000	HAP1_chr04	HAP1_chr13	HAP1	HAP1	4	13	135352	223638	1489	357501	0.995835
chr04x13	10500001	10750000	HAP1_chr04	HAP1_chr13	HAP1	HAP1	4	13	148928	190005	21524	317409	0.932188
chr04x13	10750001	11000000	HAP1_chr04	HAP1_chr13	HAP1	HAP1	4	13	127961	202647	27893	302715	0.907857
chr04x13	11000001	11250000	HAP1_chr04	HAP1_chr13	HAP1	HAP1	4	13	158749	221662	6448	373963	0.982758
chr04x13	11250001	11500000	HAP1_chr04	HAP1_chr13	HAP1	HAP1	4	13	127750	234977	510	362217	0.998592
chr04x13	11500001	11750000	HAP1_chr04	HAP1_chr13	HAP1	HAP1	4	13	174465	222930	6180	391215	0.984203
chr04x13	11750001	12000000	HAP1_chr04	HAP1_chr13	HAP1	HAP1	4	13	128246	233238	475	361009	0.998684
chr04x13	12000001	12250000	HAP1_chr04	HAP1_chr13	HAP1	HAP1	4	13	161773	213453	1599	373627	0.995720
chr04x13	12250001	12500000	HAP1_chr04	HAP1_chr13	HAP1	HAP1	4	13	116277	225221	1849	339649	0.994556
chr04x13	12500001	12750000	HAP1_chr04	HAP1_chr13	HAP1	HAP1	4	13	109771	234375	411	343735	0.998804
chr04x13	12750001	13000000	HAP1_chr04	HAP1_chr13	HAP1	HAP1	4	13	126314	238982	1108	364188	0.996958
chr04x13	13000001	13250000	HAP1_chr04	HAP1_chr13	HAP1	HAP1	4	13	144403	237655	4752	377306	0.987405
chr04x13	13250001	13500000	HAP1_chr04	HAP1_chr13	HAP1	HAP1	4	13	159969	206367	8451	357885	0.976386
chr04x13	13500001	13750000	HAP1_chr04	HAP1_chr13	HAP1	HAP1	4	13	142687	223449	6861	359275	0.980903
chr04x13	13750001	14000000	HAP1_chr04	HAP1_chr13	HAP1	HAP1	4	13	130926	223584	11669	342841	0.965964
chr04x13	14000001	14250000	HAP1_chr04	HAP1_chr13	HAP1	HAP1	4	13	152231	224875	5878	371228	0.984166
chr04x13	14250001	14500000	HAP1_chr04	HAP1_chr13	HAP1	HAP1	4	13	130929	233763	8569	356123	0.975938
chr04x13	14500001	14750000	HAP1_chr04	HAP1_chr13	HAP1	HAP1	4	13	198818	218557	8243	409132	0.979852
chr04x13	14750001	15000000	HAP1_chr04	HAP1_chr13	HAP1	HAP1	4	13	149809	230689	5344	375154	0.985755
chr04x13	15000001	15250000	HAP1_chr04	HAP1_chr13	HAP1	HAP1	4	13	154289	228089	6640	375738	0.982328
chr04x13	15250001	15500000	HAP1_chr04	HAP1_chr13	HAP1	HAP1	4	13	134666	217758	5501	346923	0.984143
chr04x13	15500001	15750000	HAP1_chr04	HAP1_chr13	HAP1	HAP1	4	13	109143	236456	1369	344230	0.996023
chr04x13	15750001	16000000	HAP1_chr04	HAP1_chr13	HAP1	HAP1	4	13	136571	226979	12560	350990	0.964216
chr04x13	16000001	16250000	HAP1_chr04	HAP1_chr13	HAP1	HAP1	4	13	127765	214553	5598	336720	0.983375
chr04x13	16250001	16500000	HAP1_chr04	HAP1_chr13	HAP1	HAP1	4	13	190169	241655	4193	427631	0.990195
chr04x13	16500001	16750000	HAP1_chr04	HAP1_chr13	HAP1	HAP1	4	13	152279	201301	20050	333530	0.939885
chr04x13	16750001	17000000	HAP1_chr04	HAP1_chr13	HAP1	HAP1	4	13	140312	231869	3927	368254	0.989336
chr04x13	17000001	17250000	HAP1_chr04	HAP1_chr13	HAP1	HAP1	4	13	131168	230508	1831	359845	0.994912
chr04x13	17250001	17500000	HAP1_chr04	HAP1_chr13	HAP1	HAP1	4	13	165165	228340	7187	386318	0.981396
chr04x13	17500001	17750000	HAP1_chr04	HAP1_chr13	HAP1	HAP1	4	13	153198	213160	25264	341094	0.925932
chr04x13	17750001	18000000	HAP1_chr04	HAP1_chr13	HAP1	HAP1	4	13	162305	223749	10997	375057	0.970679
chr04x13	18000001	18250000	HAP1_chr04	HAP1_chr13	HAP1	HAP1	4	13	140321	172514	18321	294514	0.937792
chr04x13	18250001	18500000	HAP1_chr04	HAP1_chr13	HAP1	HAP1	4	13	160961	169200	19014	311147	0.938891
chr04x13	18500001	18750000	HAP1_chr04	HAP1_chr13	HAP1	HAP1	4	13	143088	206243	19823	329508	0.939841
chr04x13	18750001	19000000	HAP1_chr04	HAP1_chr13	HAP1	HAP1	4	13	169348	224180	9568	383960	0.975081
chr04x13	19000001	19250000	HAP1_chr04	HAP1_chr13	HAP1	HAP1	4	13	156133	205338	14295	347176	0.958825
chr04x13	19250001	19500000	HAP1_chr04	HAP1_chr13	HAP1	HAP1	4	13	137451	197923	29616	305758	0.903139
chr04x13	19500001	19750000	HAP1_chr04	HAP1_chr13	HAP1	HAP1	4	13	162556	217999	16428	364127	0.954884
chr04x13	19750001	20000000	HAP1_chr04	HAP1_chr13	HAP1	HAP1	4	13	177489	143365	24650	296204	0.916780
chr04x13	20000001	20250000	HAP1_chr04	HAP1_chr13	HAP1	HAP1	4	13	159847	188896	18369	330374	0.944399
chr04x13	20250001	20500000	HAP1_chr04	HAP1_chr13	HAP1	HAP1	4	13	107482	216074	14193	309363	0.954122
chr04x13	20500001	20750000	HAP1_chr04	HAP1_chr13	HAP1	HAP1	4	13	162412	209163	9197	362378	0.974620
chr04x13	20750001	21000000	HAP1_chr04	HAP1_chr13	HAP1	HAP1	4	13	143810	209753	10361	343202	0.969811
chr04x13	21000001	21250000	HAP1_chr04	HAP1_chr13	HAP1	HAP1	4	13	131280	213022	10259	334043	0.969288
chr04x13	21250001	21500000	HAP1_chr04	HAP1_chr13	HAP1	HAP1	4	13	157494	204382	14224	347652	0.959086
chr04x13	21500001	21750000	HAP1_chr04	HAP1_chr13	HAP1	HAP1	4	13	140767	216002	17306	339463	0.949019
chr04x13	21750001	22000000	HAP1_chr04	HAP1_chr13	HAP1	HAP1	4	13	166031	139282	22567	282746	0.920186
chr04x13	22000001	22250000	HAP1_chr04	HAP1_chr13	HAP1	HAP1	4	13	145525	23150	159	168516	0.999056
chr04x13	22250001	22500000	HAP1_chr04	HAP1_chr13	HAP1	HAP1	4	13	126072	29766	5415	150423	0.964002
chr04x13	22500001	22750000	HAP1_chr04	HAP1_chr13	HAP1	HAP1	4	13	130717	5094	10	135801	0.999926
chr04x13	22750001	23000000	HAP1_chr04	HAP1_chr13	HAP1	HAP1	4	13	110936	141485	26178	226243	0.884293
chr04x13	23000001	23250000	HAP1_chr04	HAP1_chr13	HAP1	HAP1	4	13	130551	148976	26690	252837	0.894438
chr04x13	23250001	23500000	HAP1_chr04	HAP1_chr13	HAP1	HAP1	4	13	129743	208254	12312	325685	0.962197
chr04x13	23500001	23750000	HAP1_chr04	HAP1_chr13	HAP1	HAP1	4	13	101317	181280	19065	263532	0.927656
chr04x13	23750001	24000000	HAP1_chr04	HAP1_chr13	HAP1	HAP1	4	13	177414	185277	16598	346093	0.952042
chr04x13	24000001	24250000	HAP1_chr04	HAP1_chr13	HAP1	HAP1	4	13	166853	196978	26089	337742	0.922755
chr04x13	24250001	24500000	HAP1_chr04	HAP1_chr13	HAP1	HAP1	4	13	172236	190089	21040	341285	0.938351
chr04x13	24500001	24750000	HAP1_chr04	HAP1_chr13	HAP1	HAP1	4	13	118737	173427	26963	265201	0.898330
chr04x13	24750001	25000000	HAP1_chr04	HAP1_chr13	HAP1	HAP1	4	13	201753	185114	20014	366853	0.945444
chr04x13	25000001	25250000	HAP1_chr04	HAP1_chr13	HAP1	HAP1	4	13	201431	127562	23300	305693	0.923780
chr04x13	25250001	25500000	HAP1_chr04	HAP1_chr13	HAP1	HAP1	4	13	156742	143367	31408	268701	0.883112
chr04x13	25500001	25750000	HAP1_chr04	HAP1_chr13	HAP1	HAP1	4	13	135806	139964	27264	248506	0.890288
chr04x13	25750001	26000000	HAP1_chr04	HAP1_chr13	HAP1	HAP1	4	13	73561	117596	23763	167394	0.858042
chr04x13	26000001	26250000	HAP1_chr04	HAP1_chr13	HAP1	HAP1	4	13	17115	110341	3241	124215	0.973908
chr04x13	26250001	26500000	HAP1_chr04	HAP1_chr13	HAP1	HAP1	4	13	48039	121504	4055	165488	0.975497
chr04x13	26500001	26750000	HAP1_chr04	HAP1_chr13	HAP1	HAP1	4	13	38644	177804	4012	212436	0.981114
chr04x13	26750001	27000000	HAP1_chr04	HAP1_chr13	HAP1	HAP1	4	13	31871	184155	4464	211562	0.978900
chr04x13	27000001	27250000	HAP1_chr04	HAP1_chr13	HAP1	HAP1	4	13	25364	188447	3052	210759	0.985519
chr04x13	27250001	27500000	HAP1_chr04	HAP1_chr13	HAP1	HAP1	4	13	46382	131128	16181	161329	0.899702
chr04x13	27500001	27750000	HAP1_chr04	HAP1_chr13	HAP1	HAP1	4	13	16727	136697	5619	147805	0.961984
chr04x13	27750001	28000000	HAP1_chr04	HAP1_chr13	HAP1	HAP1	4	13	42316	159284	13843	187757	0.926272
chr04x13	28000001	28250000	HAP1_chr04	HAP1_chr13	HAP1	HAP1	4	13	167440	168672	30901	305211	0.898755
chr04x13	28250001	28500000	HAP1_chr04	HAP1_chr13	HAP1	HAP1	4	13	178861	118246	20747	276360	0.924928
chr04x13	28500001	28750000	HAP1_chr04	HAP1_chr13	HAP1	HAP1	4	13	191281	154048	21389	323940	0.933972
chr04x13	28750001	29000000	HAP1_chr04	HAP1_chr13	HAP1	HAP1	4	13	223457	188782	11788	400451	0.970563
chr04x13	29000001	29250000	HAP1_chr04	HAP1_chr13	HAP1	HAP1	4	13	214549	167674	15533	366690	0.957640
chr04x13	29250001	29500000	HAP1_chr04	HAP1_chr13	HAP1	HAP1	4	13	182553	169005	21612	329946	0.934498
chr04x13	29500001	29750000	HAP1_chr04	HAP1_chr13	HAP1	HAP1	4	13	183090	205759	17494	371355	0.952891
chr04x13	29750001	30000000	HAP1_chr04	HAP1_chr13	HAP1	HAP1	4	13	212680	174500	18964	368216	0.948498
chr04x13	30000001	30250000	HAP1_chr04	HAP1_chr13	HAP1	HAP1	4	13	183812	203253	14675	372390	0.960592
chr04x13	30250001	30500000	HAP1_chr04	HAP1_chr13	HAP1	HAP1	4	13	148008	194817	28264	314561	0.910148
chr04x13	30500001	30750000	HAP1_chr04	HAP1_chr13	HAP1	HAP1	4	13	178760	196987	27745	348002	0.920273
chr04x13	30750001	31000000	HAP1_chr04	HAP1_chr13	HAP1	HAP1	4	13	218851	198224	18353	398722	0.953970
chr04x13	31000001	31250000	HAP1_chr04	HAP1_chr13	HAP1	HAP1	4	13	200457	159577	15659	344375	0.954529
chr04x13	31250001	31500000	HAP1_chr04	HAP1_chr13	HAP1	HAP1	4	13	182980	153426	26713	309693	0.913744
chr04x13	31500001	31750000	HAP1_chr04	HAP1_chr13	HAP1	HAP1	4	13	151970	160331	21414	290887	0.926384
chr04x13	31750001	32000000	HAP1_chr04	HAP1_chr13	HAP1	HAP1	4	13	195196	116329	17626	293899	0.940027
chr04x13	32000001	32250000	HAP1_chr04	HAP1_chr13	HAP1	HAP1	4	13	150147	147754	9936	287965	0.965496
chr04x13	32250001	32500000	HAP1_chr04	HAP1_chr13	HAP1	HAP1	4	13	227069	179056	10335	395790	0.973888
chr04x13	32500001	32750000	HAP1_chr04	HAP1_chr13	HAP1	HAP1	4	13	215700	138362	18730	335332	0.944145
chr04x13	32750001	33000000	HAP1_chr04	HAP1_chr13	HAP1	HAP1	4	13	126385	125388	28978	222795	0.869934
chr04x13	33000001	33250000	HAP1_chr04	HAP1_chr13	HAP1	HAP1	4	13	131816	139860	25118	246558	0.898125
chr04x13	33250001	33500000	HAP1_chr04	HAP1_chr13	HAP1	HAP1	4	13	195425	119488	23142	291771	0.920684
chr04x13	33500001	33750000	HAP1_chr04	HAP1_chr13	HAP1	HAP1	4	13	177147	180008	22317	334838	0.933350
chr04x13	33750001	34000000	HAP1_chr04	HAP1_chr13	HAP1	HAP1	4	13	228331	186719	10224	404826	0.974745
chr04x13	34000001	34250000	HAP1_chr04	HAP1_chr13	HAP1	HAP1	4	13	240781	206611	6647	440745	0.984919
chr04x13	34250001	34500000	HAP1_chr04	HAP1_chr13	HAP1	HAP1	4	13	225577	181676	4875	402378	0.987885
chr04x13	34500001	34750000	HAP1_chr04	HAP1_chr13	HAP1	HAP1	4	13	183760	204434	16475	371719	0.955679
chr04x13	34750001	35000000	HAP1_chr04	HAP1_chr13	HAP1	HAP1	4	13	227049	178911	15148	390812	0.961240
chr04x13	35000001	35250000	HAP1_chr04	HAP1_chr13	HAP1	HAP1	4	13	224648	178650	16279	387019	0.957937
chr04x13	35250001	35500000	HAP1_chr04	HAP1_chr13	HAP1	HAP1	4	13	219649	208343	7805	420187	0.981425
chr04x13	35500001	35750000	HAP1_chr04	HAP1_chr13	HAP1	HAP1	4	13	230099	199844	6140	423803	0.985512
chr04x13	35750001	36000000	HAP1_chr04	HAP1_chr13	HAP1	HAP1	4	13	175032	178114	13272	339874	0.960950
chr04x13	36000001	36250000	HAP1_chr04	HAP1_chr13	HAP1	HAP1	4	13	215625	171117	15640	371102	0.957855
chr04x13	36250001	36500000	HAP1_chr04	HAP1_chr13	HAP1	HAP1	4	13	229819	170470	4980	395309	0.987402
chr04x13	36500001	36750000	HAP1_chr04	HAP1_chr13	HAP1	HAP1	4	13	228721	196143	6263	418601	0.985038
chr04x13	36750001	37000000	HAP1_chr04	HAP1_chr13	HAP1	HAP1	4	13	218774	204786	14602	408958	0.964295
chr04x13	37000001	37250000	HAP1_chr04	HAP1_chr13	HAP1	HAP1	4	13	208664	150293	15067	343890	0.956187
chr04x13	37250001	37500000	HAP1_chr04	HAP1_chr13	HAP1	HAP1	4	13	205902	174068	17875	362095	0.950635
chr04x13	37500001	37750000	HAP1_chr04	HAP1_chr13	HAP1	HAP1	4	13	218554	186518	18711	386361	0.951571
chr04x13	37750001	38000000	HAP1_chr04	HAP1_chr13	HAP1	HAP1	4	13	221748	218054	12203	427599	0.971462
chr04x13	38000001	38250000	HAP1_chr04	HAP1_chr13	HAP1	HAP1	4	13	238014	161152	9833	389333	0.974744
chr04x13	38250001	38500000	HAP1_chr04	HAP1_chr13	HAP1	HAP1	4	13	230842	140126	9317	361651	0.974238
chr04x13	38500001	38750000	HAP1_chr04	HAP1_chr13	HAP1	HAP1	4	13	236855	186876	5447	418284	0.986978
chr04x13	38750001	39000000	HAP1_chr04	HAP1_chr13	HAP1	HAP1	4	13	224002	181788	3514	402276	0.991265
chr04x13	39000001	39250000	HAP1_chr04	HAP1_chr13	HAP1	HAP1	4	13	236897	125916	583	362230	0.998391
chr04x13	39250001	39500000	HAP1_chr04	HAP1_chr13	HAP1	HAP1	4	13	239879	180706	10673	409912	0.973963
chr04x13	39500001	39750000	HAP1_chr04	HAP1_chr13	HAP1	HAP1	4	13	239517	140214	733	378998	0.998066
chr06x07	1	250000	HAP1_chr06	HAP1_chr07	HAP1	HAP1	6	7	226762	238722	2280	463204	0.995078
chr06x07	250001	500000	HAP1_chr06	HAP1_chr07	HAP1	HAP1	6	7	219390	239011	1955	456446	0.995717
chr06x07	500001	750000	HAP1_chr06	HAP1_chr07	HAP1	HAP1	6	7	234458	232022	6824	459656	0.985154
chr06x07	750001	1000000	HAP1_chr06	HAP1_chr07	HAP1	HAP1	6	7	234919	222144	8358	448705	0.981373
chr06x07	1000001	1250000	HAP1_chr06	HAP1_chr07	HAP1	HAP1	6	7	231718	219864	4636	446946	0.989627
chr06x07	1250001	1500000	HAP1_chr06	HAP1_chr07	HAP1	HAP1	6	7	226406	231954	8749	449611	0.980541
chr06x07	1500001	1750000	HAP1_chr06	HAP1_chr07	HAP1	HAP1	6	7	241531	239905	3614	477822	0.992437
chr06x07	1750001	2000000	HAP1_chr06	HAP1_chr07	HAP1	HAP1	6	7	238504	226846	2780	462570	0.993990
chr06x07	2000001	2250000	HAP1_chr06	HAP1_chr07	HAP1	HAP1	6	7	215898	218553	4147	430304	0.990363
chr06x07	2250001	2500000	HAP1_chr06	HAP1_chr07	HAP1	HAP1	6	7	232979	193783	2142	424620	0.994955
chr06x07	2500001	2750000	HAP1_chr06	HAP1_chr07	HAP1	HAP1	6	7	232154	238196	4765	465585	0.989766
chr06x07	2750001	3000000	HAP1_chr06	HAP1_chr07	HAP1	HAP1	6	7	244014	224761	3020	465755	0.993516
chr06x07	3000001	3250000	HAP1_chr06	HAP1_chr07	HAP1	HAP1	6	7	231653	233197	3437	461413	0.992551
chr06x07	3250001	3500000	HAP1_chr06	HAP1_chr07	HAP1	HAP1	6	7	237433	227682	5128	459987	0.988852
chr06x07	3500001	3750000	HAP1_chr06	HAP1_chr07	HAP1	HAP1	6	7	227965	237614	7309	458270	0.984051
chr06x07	3750001	4000000	HAP1_chr06	HAP1_chr07	HAP1	HAP1	6	7	243011	227463	2731	467743	0.994161
chr06x07	4000001	4250000	HAP1_chr06	HAP1_chr07	HAP1	HAP1	6	7	222617	222869	4559	440927	0.989660
chr06x07	4250001	4500000	HAP1_chr06	HAP1_chr07	HAP1	HAP1	6	7	238823	221437	3360	456900	0.992646
chr06x07	4500001	4750000	HAP1_chr06	HAP1_chr07	HAP1	HAP1	6	7	238729	203497	4853	437373	0.988904
chr06x07	4750001	5000000	HAP1_chr06	HAP1_chr07	HAP1	HAP1	6	7	206175	236059	4153	438081	0.990520
chr06x07	5000001	5250000	HAP1_chr06	HAP1_chr07	HAP1	HAP1	6	7	210435	228784	8274	430945	0.980800
chr06x07	5250001	5500000	HAP1_chr06	HAP1_chr07	HAP1	HAP1	6	7	213870	229050	3147	439773	0.992844
chr06x07	5500001	5750000	HAP1_chr06	HAP1_chr07	HAP1	HAP1	6	7	212520	231053	3992	439581	0.990919
chr06x07	5750001	6000000	HAP1_chr06	HAP1_chr07	HAP1	HAP1	6	7	233448	230863	5423	458888	0.988182
chr06x07	6000001	6250000	HAP1_chr06	HAP1_chr07	HAP1	HAP1	6	7	209193	236037	4575	440655	0.989618
chr06x07	6250001	6500000	HAP1_chr06	HAP1_chr07	HAP1	HAP1	6	7	193720	220304	15131	398893	0.962068
chr06x07	6500001	6750000	HAP1_chr06	HAP1_chr07	HAP1	HAP1	6	7	201752	233523	1617	433658	0.996271
chr06x07	6750001	7000000	HAP1_chr06	HAP1_chr07	HAP1	HAP1	6	7	230483	226020	2022	454481	0.995551
chr06x07	7000001	7250000	HAP1_chr06	HAP1_chr07	HAP1	HAP1	6	7	239332	185791	5749	419374	0.986291
chr06x07	7250001	7500000	HAP1_chr06	HAP1_chr07	HAP1	HAP1	6	7	188100	232424	2602	417922	0.993774
chr06x07	7500001	7750000	HAP1_chr06	HAP1_chr07	HAP1	HAP1	6	7	230866	206708	16942	420632	0.959723
chr06x07	7750001	8000000	HAP1_chr06	HAP1_chr07	HAP1	HAP1	6	7	204597	227757	6915	425439	0.983746
chr06x07	8000001	8250000	HAP1_chr06	HAP1_chr07	HAP1	HAP1	6	7	226508	205172	11235	420445	0.973278
chr06x07	8250001	8500000	HAP1_chr06	HAP1_chr07	HAP1	HAP1	6	7	225494	219990	10585	434899	0.975661
chr06x07	8500001	8750000	HAP1_chr06	HAP1_chr07	HAP1	HAP1	6	7	220742	231456	11162	441036	0.974691
chr06x07	8750001	9000000	HAP1_chr06	HAP1_chr07	HAP1	HAP1	6	7	216724	212443	12312	416855	0.970465
chr06x07	9000001	9250000	HAP1_chr06	HAP1_chr07	HAP1	HAP1	6	7	182458	203946	16854	369550	0.954393
chr06x07	9250001	9500000	HAP1_chr06	HAP1_chr07	HAP1	HAP1	6	7	213132	226323	12269	427186	0.971279
chr06x07	9500001	9750000	HAP1_chr06	HAP1_chr07	HAP1	HAP1	6	7	196209	185203	20097	361315	0.944378
chr06x07	9750001	10000000	HAP1_chr06	HAP1_chr07	HAP1	HAP1	6	7	217881	202429	12705	407605	0.968830
chr06x07	10000001	10250000	HAP1_chr06	HAP1_chr07	HAP1	HAP1	6	7	200837	133829	11619	323047	0.964033
chr06x07	10250001	10500000	HAP1_chr06	HAP1_chr07	HAP1	HAP1	6	7	169347	194265	15467	348145	0.955573
chr06x07	10500001	10750000	HAP1_chr06	HAP1_chr07	HAP1	HAP1	6	7	219041	225905	12759	432187	0.970478
chr06x07	10750001	11000000	HAP1_chr06	HAP1_chr07	HAP1	HAP1	6	7	226007	205083	12209	418881	0.970853
chr06x07	11000001	11250000	HAP1_chr06	HAP1_chr07	HAP1	HAP1	6	7	163027	208749	14337	357439	0.959890
chr06x07	11250001	11500000	HAP1_chr06	HAP1_chr07	HAP1	HAP1	6	7	213439	198310	16790	394959	0.957489
chr06x07	11500001	11750000	HAP1_chr06	HAP1_chr07	HAP1	HAP1	6	7	203424	194187	16146	381465	0.957674
chr06x07	11750001	12000000	HAP1_chr06	HAP1_chr07	HAP1	HAP1	6	7	229471	191276	11284	409463	0.972442
chr06x07	12000001	12250000	HAP1_chr06	HAP1_chr07	HAP1	HAP1	6	7	222200	218217	14763	425654	0.965317
chr06x07	12250001	12500000	HAP1_chr06	HAP1_chr07	HAP1	HAP1	6	7	180051	215767	18972	376846	0.949656
chr06x07	12500001	12750000	HAP1_chr06	HAP1_chr07	HAP1	HAP1	6	7	188400	196027	12995	371432	0.965014
chr06x07	12750001	13000000	HAP1_chr06	HAP1_chr07	HAP1	HAP1	6	7	190217	211574	9870	391921	0.974816
chr06x07	13000001	13250000	HAP1_chr06	HAP1_chr07	HAP1	HAP1	6	7	176661	207733	16242	368152	0.955882
chr06x07	13250001	13500000	HAP1_chr06	HAP1_chr07	HAP1	HAP1	6	7	202335	207609	14079	395865	0.964435
chr06x07	13500001	13750000	HAP1_chr06	HAP1_chr07	HAP1	HAP1	6	7	210576	198079	15456	393199	0.960692
chr06x07	13750001	14000000	HAP1_chr06	HAP1_chr07	HAP1	HAP1	6	7	193150	185652	18953	359849	0.947331
chr06x07	14000001	14250000	HAP1_chr06	HAP1_chr07	HAP1	HAP1	6	7	207417	191474	15810	383081	0.958729
chr06x07	14250001	14500000	HAP1_chr06	HAP1_chr07	HAP1	HAP1	6	7	177498	169064	19846	326716	0.939256
chr06x07	14500001	14750000	HAP1_chr06	HAP1_chr07	HAP1	HAP1	6	7	147889	219566	14469	352986	0.959010
chr06x07	14750001	15000000	HAP1_chr06	HAP1_chr07	HAP1	HAP1	6	7	168772	214325	17029	366068	0.953481
chr06x07	15000001	15250000	HAP1_chr06	HAP1_chr07	HAP1	HAP1	6	7	135468	198188	27890	305766	0.908786
chr06x07	15250001	15500000	HAP1_chr06	HAP1_chr07	HAP1	HAP1	6	7	167609	160019	25882	301746	0.914226
chr06x07	15500001	15750000	HAP1_chr06	HAP1_chr07	HAP1	HAP1	6	7	146638	184639	23314	307963	0.924296
chr06x07	15750001	16000000	HAP1_chr06	HAP1_chr07	HAP1	HAP1	6	7	104826	190588	26092	269322	0.903120
chr06x07	16000001	16250000	HAP1_chr06	HAP1_chr07	HAP1	HAP1	6	7	177356	178076	15158	340274	0.955454
chr06x07	16250001	16500000	HAP1_chr06	HAP1_chr07	HAP1	HAP1	6	7	181593	193072	23864	350801	0.931973
chr06x07	16500001	16750000	HAP1_chr06	HAP1_chr07	HAP1	HAP1	6	7	147083	180708	23786	304005	0.921758
chr06x07	16750001	17000000	HAP1_chr06	HAP1_chr07	HAP1	HAP1	6	7	158827	185422	22006	322243	0.931710
chr06x07	17000001	17250000	HAP1_chr06	HAP1_chr07	HAP1	HAP1	6	7	157745	159147	18824	298068	0.936847
chr06x07	17250001	17500000	HAP1_chr06	HAP1_chr07	HAP1	HAP1	6	7	183392	212582	15139	380835	0.960248
chr06x07	17500001	17750000	HAP1_chr06	HAP1_chr07	HAP1	HAP1	6	7	148896	192116	22464	318548	0.929480
chr06x07	17750001	18000000	HAP1_chr06	HAP1_chr07	HAP1	HAP1	6	7	181913	124353	17411	288855	0.939724
chr06x07	18000001	18250000	HAP1_chr06	HAP1_chr07	HAP1	HAP1	6	7	147270	12679	48	159901	0.999700
chr06x07	18250001	18500000	HAP1_chr06	HAP1_chr07	HAP1	HAP1	6	7	186164	3115	3	189276	0.999984
chr06x07	18500001	18750000	HAP1_chr06	HAP1_chr07	HAP1	HAP1	6	7	189034	22840	2828	209046	0.986472
chr06x07	18750001	19000000	HAP1_chr06	HAP1_chr07	HAP1	HAP1	6	7	159052	5479	37	164494	0.999775
chr06x07	19000001	19250000	HAP1_chr06	HAP1_chr07	HAP1	HAP1	6	7	208576	2961	9	211528	0.999957
chr06x07	19250001	19500000	HAP1_chr06	HAP1_chr07	HAP1	HAP1	6	7	189385	10001	76	199310	0.999619
chr06x07	19500001	19750000	HAP1_chr06	HAP1_chr07	HAP1	HAP1	6	7	160810	41744	8669	193885	0.955288
chr06x07	19750001	20000000	HAP1_chr06	HAP1_chr07	HAP1	HAP1	6	7	180613	46980	11835	215758	0.945147
chr06x07	20000001	20250000	HAP1_chr06	HAP1_chr07	HAP1	HAP1	6	7	169144	48019	11425	205738	0.944468
chr06x07	20250001	20500000	HAP1_chr06	HAP1_chr07	HAP1	HAP1	6	7	170240	34149	8434	195955	0.956960
chr06x07	20500001	20750000	HAP1_chr06	HAP1_chr07	HAP1	HAP1	6	7	183517	53914	11823	225608	0.947595
chr06x07	20750001	21000000	HAP1_chr06	HAP1_chr07	HAP1	HAP1	6	7	123386	102835	29621	196600	0.849334
chr06x07	21000001	21250000	HAP1_chr06	HAP1_chr07	HAP1	HAP1	6	7	148038	129491	29003	248526	0.883300
chr06x07	21250001	21500000	HAP1_chr06	HAP1_chr07	HAP1	HAP1	6	7	107096	106476	25705	187867	0.863174
chr06x07	21500001	21750000	HAP1_chr06	HAP1_chr07	HAP1	HAP1	6	7	139917	176377	20846	295448	0.929443
chr06x07	21750001	22000000	HAP1_chr06	HAP1_chr07	HAP1	HAP1	6	7	175599	176952	32777	319774	0.897499
chr06x07	22000001	22250000	HAP1_chr06	HAP1_chr07	HAP1	HAP1	6	7	165162	145921	26445	284638	0.907093
chr06x07	22250001	22500000	HAP1_chr06	HAP1_chr07	HAP1	HAP1	6	7	208985	205880	42317	372548	0.886412
chr06x07	22500001	22750000	HAP1_chr06	HAP1_chr07	HAP1	HAP1	6	7	154148	119037	23708	249477	0.904969
chr06x07	22750001	23000000	HAP1_chr06	HAP1_chr07	HAP1	HAP1	6	7	139910	172396	29147	283159	0.897065
chr06x07	23000001	23250000	HAP1_chr06	HAP1_chr07	HAP1	HAP1	6	7	166195	162049	32283	295961	0.890921
chr06x07	23250001	23500000	HAP1_chr06	HAP1_chr07	HAP1	HAP1	6	7	117586	187276	15424	289438	0.946711
chr06x07	23500001	23750000	HAP1_chr06	HAP1_chr07	HAP1	HAP1	6	7	43745	174143	11575	206313	0.943896
chr06x07	23750001	24000000	HAP1_chr06	HAP1_chr07	HAP1	HAP1	6	7	23818	170438	3007	191249	0.984277
chr06x07	24000001	24250000	HAP1_chr06	HAP1_chr07	HAP1	HAP1	6	7	13078	180462	1849	191691	0.990354
chr06x07	24250001	24500000	HAP1_chr06	HAP1_chr07	HAP1	HAP1	6	7	68244	101302	3293	166253	0.980193
chr06x07	24500001	24750000	HAP1_chr06	HAP1_chr07	HAP1	HAP1	6	7	29808	181769	7708	203869	0.962191
chr06x07	24750001	25000000	HAP1_chr06	HAP1_chr07	HAP1	HAP1	6	7	16687	189488	4991	201184	0.975192
chr06x07	25000001	25250000	HAP1_chr06	HAP1_chr07	HAP1	HAP1	6	7	29928	182265	2993	209200	0.985693
chr06x07	25250001	25500000	HAP1_chr06	HAP1_chr07	HAP1	HAP1	6	7	17436	137259	21	154674	0.999864
chr06x07	25500001	25750000	HAP1_chr06	HAP1_chr07	HAP1	HAP1	6	7	45702	117798	8928	154572	0.942241
chr06x07	25750001	26000000	HAP1_chr06	HAP1_chr07	HAP1	HAP1	6	7	31602	151076	4891	177787	0.972490
chr06x07	26000001	26250000	HAP1_chr06	HAP1_chr07	HAP1	HAP1	6	7	40931	165545	5433	201043	0.972976
chr06x07	26250001	26500000	HAP1_chr06	HAP1_chr07	HAP1	HAP1	6	7	9875	151653	23	161505	0.999858
chr06x07	26500001	26750000	HAP1_chr06	HAP1_chr07	HAP1	HAP1	6	7	149889	156016	19600	286305	0.931542
chr06x07	26750001	27000000	HAP1_chr06	HAP1_chr07	HAP1	HAP1	6	7	154841	185928	28010	312759	0.910442
chr06x07	27000001	27250000	HAP1_chr06	HAP1_chr07	HAP1	HAP1	6	7	230521	189010	16870	402661	0.958104
chr06x07	27250001	27500000	HAP1_chr06	HAP1_chr07	HAP1	HAP1	6	7	199200	212630	19901	391929	0.949223
chr06x07	27500001	27750000	HAP1_chr06	HAP1_chr07	HAP1	HAP1	6	7	191513	183499	21146	353866	0.940243
chr06x07	27750001	28000000	HAP1_chr06	HAP1_chr07	HAP1	HAP1	6	7	162148	198363	25138	335373	0.925045
chr06x07	28000001	28250000	HAP1_chr06	HAP1_chr07	HAP1	HAP1	6	7	190093	205069	20962	374200	0.943982
chr06x07	28250001	28500000	HAP1_chr06	HAP1_chr07	HAP1	HAP1	6	7	171776	159276	22360	308692	0.927565
chr06x07	28500001	28750000	HAP1_chr06	HAP1_chr07	HAP1	HAP1	6	7	177261	204525	16317	365469	0.955353
chr06x07	28750001	29000000	HAP1_chr06	HAP1_chr07	HAP1	HAP1	6	7	190127	196025	15170	370982	0.959109
chr06x07	29000001	29250000	HAP1_chr06	HAP1_chr07	HAP1	HAP1	6	7	181884	222277	13466	390695	0.965533
chr06x07	29250001	29500000	HAP1_chr06	HAP1_chr07	HAP1	HAP1	6	7	171613	219621	17831	373403	0.952247
chr06x07	29500001	29750000	HAP1_chr06	HAP1_chr07	HAP1	HAP1	6	7	197751	203410	15736	385425	0.959172
chr06x07	29750001	30000000	HAP1_chr06	HAP1_chr07	HAP1	HAP1	6	7	185833	180645	15297	351181	0.956441
chr06x07	30000001	30250000	HAP1_chr06	HAP1_chr07	HAP1	HAP1	6	7	134133	225285	15870	343548	0.953806
chr06x07	30250001	30500000	HAP1_chr06	HAP1_chr07	HAP1	HAP1	6	7	170411	224310	7793	386928	0.979859
chr06x07	30500001	30750000	HAP1_chr06	HAP1_chr07	HAP1	HAP1	6	7	123610	205067	20667	308010	0.932902
chr06x07	30750001	31000000	HAP1_chr06	HAP1_chr07	HAP1	HAP1	6	7	182550	214952	22230	375272	0.940763
chr06x07	31000001	31250000	HAP1_chr06	HAP1_chr07	HAP1	HAP1	6	7	195196	210270	7897	397569	0.980137
chr06x07	31250001	31500000	HAP1_chr06	HAP1_chr07	HAP1	HAP1	6	7	161804	227322	15591	373535	0.958261
chr06x07	31500001	31750000	HAP1_chr06	HAP1_chr07	HAP1	HAP1	6	7	196947	228480	5968	419459	0.985772
chr06x07	31750001	32000000	HAP1_chr06	HAP1_chr07	HAP1	HAP1	6	7	197778	222070	9120	410728	0.977796
chr06x07	32000001	32250000	HAP1_chr06	HAP1_chr07	HAP1	HAP1	6	7	184406	218036	16802	385640	0.956431
chr06x07	32250001	32500000	HAP1_chr06	HAP1_chr07	HAP1	HAP1	6	7	151939	209119	21410	339648	0.936964
chr06x07	32500001	32750000	HAP1_chr06	HAP1_chr07	HAP1	HAP1	6	7	195469	208147	21501	382115	0.943732
chr06x07	32750001	33000000	HAP1_chr06	HAP1_chr07	HAP1	HAP1	6	7	192052	204036	18226	377862	0.951765
chr06x07	33000001	33250000	HAP1_chr06	HAP1_chr07	HAP1	HAP1	6	7	182696	221938	12434	392200	0.968297
chr06x07	33250001	33500000	HAP1_chr06	HAP1_chr07	HAP1	HAP1	6	7	180574	222320	19162	383732	0.950064
chr06x07	33500001	33750000	HAP1_chr06	HAP1_chr07	HAP1	HAP1	6	7	163356	183710	25678	321388	0.920103
chr06x07	33750001	34000000	HAP1_chr06	HAP1_chr07	HAP1	HAP1	6	7	160025	161629	19969	301685	0.933808
chr06x07	34000001	34250000	HAP1_chr06	HAP1_chr07	HAP1	HAP1	6	7	217458	232403	7383	442478	0.983314
chr06x07	34250001	34500000	HAP1_chr06	HAP1_chr07	HAP1	HAP1	6	7	210362	232304	3176	439490	0.992773
chr06x07	34500001	34750000	HAP1_chr06	HAP1_chr07	HAP1	HAP1	6	7	206147	231856	5232	432771	0.987910
chr06x07	34750001	35000000	HAP1_chr06	HAP1_chr07	HAP1	HAP1	6	7	177050	218074	6888	388236	0.982258
chr06x07	35000001	35250000	HAP1_chr06	HAP1_chr07	HAP1	HAP1	6	7	201578	232438	8117	425899	0.980941
chr06x07	35250001	35500000	HAP1_chr06	HAP1_chr07	HAP1	HAP1	6	7	180056	194821	23726	351151	0.932434
chr06x07	35500001	35750000	HAP1_chr06	HAP1_chr07	HAP1	HAP1	6	7	174935	219612	16433	378114	0.956540
chr06x07	35750001	36000000	HAP1_chr06	HAP1_chr07	HAP1	HAP1	6	7	213691	211128	6329	418490	0.984877
chr06x07	36000001	36250000	HAP1_chr06	HAP1_chr07	HAP1	HAP1	6	7	213778	227753	10352	431179	0.975991
chr06x07	36250001	36500000	HAP1_chr06	HAP1_chr07	HAP1	HAP1	6	7	191683	216219	12088	395814	0.969460
chr06x07	36500001	36750000	HAP1_chr06	HAP1_chr07	HAP1	HAP1	6	7	213600	223184	9126	427658	0.978661
chr06x07	36750001	37000000	HAP1_chr06	HAP1_chr07	HAP1	HAP1	6	7	221946	193473	8508	406911	0.979091
chr06x07	37000001	37250000	HAP1_chr06	HAP1_chr07	HAP1	HAP1	6	7	189941	211163	18432	382672	0.951833
chr06x07	37250001	37500000	HAP1_chr06	HAP1_chr07	HAP1	HAP1	6	7	209539	181326	11171	379694	0.970579
chr06x07	37500001	37750000	HAP1_chr06	HAP1_chr07	HAP1	HAP1	6	7	213085	224941	17785	420241	0.957679
chr06x07	37750001	38000000	HAP1_chr06	HAP1_chr07	HAP1	HAP1	6	7	209039	215967	9104	415902	0.978110
chr06x07	38000001	38250000	HAP1_chr06	HAP1_chr07	HAP1	HAP1	6	7	225256	209828	11916	423168	0.971841
chr06x07	38250001	38500000	HAP1_chr06	HAP1_chr07	HAP1	HAP1	6	7	230227	217413	6085	441555	0.986219
chr06x07	38500001	38750000	HAP1_chr06	HAP1_chr07	HAP1	HAP1	6	7	222833	216370	3914	435289	0.991008
chr06x07	38750001	39000000	HAP1_chr06	HAP1_chr07	HAP1	HAP1	6	7	214686	227010	8921	432775	0.979387
chr06x07	39000001	39250000	HAP1_chr06	HAP1_chr07	HAP1	HAP1	6	7	203949	239537	2818	440668	0.993605
chr06x07	39250001	39500000	HAP1_chr06	HAP1_chr07	HAP1	HAP1	6	7	223171	230784	3682	450273	0.991823
chr06x07	39500001	39750000	HAP1_chr06	HAP1_chr07	HAP1	HAP1	6	7	224451	229535	4623	449363	0.989712
chr06x07	39750001	40000000	HAP1_chr06	HAP1_chr07	HAP1	HAP1	6	7	233319	232402	3992	461729	0.991354
chr06x07	40000001	40250000	HAP1_chr06	HAP1_chr07	HAP1	HAP1	6	7	226475	230596	5867	451204	0.986997
chr06x07	40250001	40500000	HAP1_chr06	HAP1_chr07	HAP1	HAP1	6	7	179106	234510	3341	410275	0.991857
chr06x07	40500001	40750000	HAP1_chr06	HAP1_chr07	HAP1	HAP1	6	7	214818	223593	8919	429492	0.979234
chr06x07	40750001	41000000	HAP1_chr06	HAP1_chr07	HAP1	HAP1	6	7	235465	233572	6627	462410	0.985669
chr06x07	41000001	41250000	HAP1_chr06	HAP1_chr07	HAP1	HAP1	6	7	238186	233138	3105	468219	0.993368
chr06x07	41250001	41500000	HAP1_chr06	HAP1_chr07	HAP1	HAP1	6	7	222182	226723	5711	443194	0.987114
chr06x07	41500001	41750000	HAP1_chr06	HAP1_chr07	HAP1	HAP1	6	7	212856	239135	3824	448167	0.991467
chr06x07	41750001	42000000	HAP1_chr06	HAP1_chr07	HAP1	HAP1	6	7	233606	225557	2578	456585	0.994354
chr06x07	42000001	42250000	HAP1_chr06	HAP1_chr07	HAP1	HAP1	6	7	209099	235487	2116	442470	0.995218
chr06x07	42250001	42500000	HAP1_chr06	HAP1_chr07	HAP1	HAP1	6	7	236600	241780	3094	475286	0.993490
chr06x07	42500001	42750000	HAP1_chr06	HAP1_chr07	HAP1	HAP1	6	7	229036	234817	3761	460092	0.991826
chr06x07	42750001	43000000	HAP1_chr06	HAP1_chr07	HAP1	HAP1	6	7	230050	238053	3240	464863	0.993030
chr06x07	43000001	43250000	HAP1_chr06	HAP1_chr07	HAP1	HAP1	6	7	241199	237177	3652	474724	0.992307
chr06x07	43250001	43500000	HAP1_chr06	HAP1_chr07	HAP1	HAP1	6	7	236810	230006	3683	463133	0.992048
chr06x07	43500001	43750000	HAP1_chr06	HAP1_chr07	HAP1	HAP1	6	7	239966	235109	3382	471693	0.992830
chr06x07	43750001	44000000	HAP1_chr06	HAP1_chr07	HAP1	HAP1	6	7	168416	232472	2291	398597	0.994252
chr06x07	44000001	44250000	HAP1_chr06	HAP1_chr07	HAP1	HAP1	6	7	228556	214018	9604	432970	0.977818
chr06x07	44250001	44500000	HAP1_chr06	HAP1_chr07	HAP1	HAP1	6	7	221235	212681	3940	429976	0.990837
chr06x07	44500001	44750000	HAP1_chr06	HAP1_chr07	HAP1	HAP1	6	7	240756	191916	2035	430637	0.995274
chr06x07	44750001	44868400	HAP1_chr06	HAP1_chr07	HAP1	HAP1	6	7	110941	112782	1022	222701	0.995411
chr08x14	1	250000	HAP1_chr08	HAP1_chr14	HAP1	HAP1	8	14	219066	238445	56294	401217	0.859692
chr08x14	250001	500000	HAP1_chr08	HAP1_chr14	HAP1	HAP1	8	14	234328	215709	45804	404233	0.886689
chr08x14	500001	750000	HAP1_chr08	HAP1_chr14	HAP1	HAP1	8	14	228884	227496	49600	406780	0.878067
chr08x14	750001	1000000	HAP1_chr08	HAP1_chr14	HAP1	HAP1	8	14	236698	227955	64632	400021	0.838428
chr08x14	1000001	1250000	HAP1_chr08	HAP1_chr14	HAP1	HAP1	8	14	221148	236351	43271	414228	0.895538
chr08x14	1250001	1500000	HAP1_chr08	HAP1_chr14	HAP1	HAP1	8	14	234858	243601	22805	455654	0.949951
chr08x14	1500001	1750000	HAP1_chr08	HAP1_chr14	HAP1	HAP1	8	14	235244	217479	22150	430573	0.948557
chr08x14	1750001	2000000	HAP1_chr08	HAP1_chr14	HAP1	HAP1	8	14	198755	226846	8581	417020	0.979423
chr08x14	2000001	2250000	HAP1_chr08	HAP1_chr14	HAP1	HAP1	8	14	223524	238679	2299	459904	0.995001
chr08x14	2250001	2500000	HAP1_chr08	HAP1_chr14	HAP1	HAP1	8	14	238065	210960	2342	446683	0.994757
chr08x14	2500001	2750000	HAP1_chr08	HAP1_chr14	HAP1	HAP1	8	14	229554	228353	5679	452228	0.987442
chr08x14	2750001	3000000	HAP1_chr08	HAP1_chr14	HAP1	HAP1	8	14	209765	233548	2733	440580	0.993797
chr08x14	3000001	3250000	HAP1_chr08	HAP1_chr14	HAP1	HAP1	8	14	234954	236698	3178	468474	0.993216
chr08x14	3250001	3500000	HAP1_chr08	HAP1_chr14	HAP1	HAP1	8	14	140260	237072	2066	375266	0.994495
chr08x14	3500001	3750000	HAP1_chr08	HAP1_chr14	HAP1	HAP1	8	14	233977	232888	2389	464476	0.994857
chr08x14	3750001	4000000	HAP1_chr08	HAP1_chr14	HAP1	HAP1	8	14	225771	238638	2568	461841	0.994440
chr08x14	4000001	4250000	HAP1_chr08	HAP1_chr14	HAP1	HAP1	8	14	239777	234207	3141	470843	0.993329
chr08x14	4250001	4500000	HAP1_chr08	HAP1_chr14	HAP1	HAP1	8	14	234485	219909	3100	451294	0.993131
chr08x14	4500001	4750000	HAP1_chr08	HAP1_chr14	HAP1	HAP1	8	14	234695	237421	2121	469995	0.995487
chr08x14	4750001	5000000	HAP1_chr08	HAP1_chr14	HAP1	HAP1	8	14	233959	233377	2770	464566	0.994037
chr08x14	5000001	5250000	HAP1_chr08	HAP1_chr14	HAP1	HAP1	8	14	233575	239067	2459	470183	0.994770
chr08x14	5250001	5500000	HAP1_chr08	HAP1_chr14	HAP1	HAP1	8	14	234255	238293	3552	468996	0.992426
chr08x14	5500001	5750000	HAP1_chr08	HAP1_chr14	HAP1	HAP1	8	14	228369	229277	4845	452801	0.989300
chr08x14	5750001	6000000	HAP1_chr08	HAP1_chr14	HAP1	HAP1	8	14	235038	223606	4727	453917	0.989586
chr08x14	6000001	6250000	HAP1_chr08	HAP1_chr14	HAP1	HAP1	8	14	226436	210410	7728	429118	0.981991
chr08x14	6250001	6500000	HAP1_chr08	HAP1_chr14	HAP1	HAP1	8	14	230694	223382	8941	445135	0.979914
chr08x14	6500001	6750000	HAP1_chr08	HAP1_chr14	HAP1	HAP1	8	14	219342	187506	2865	403983	0.992908
chr08x14	6750001	7000000	HAP1_chr08	HAP1_chr14	HAP1	HAP1	8	14	223158	224745	7255	440648	0.983536
chr08x14	7000001	7250000	HAP1_chr08	HAP1_chr14	HAP1	HAP1	8	14	238740	233812	5690	466862	0.987812
chr08x14	7250001	7500000	HAP1_chr08	HAP1_chr14	HAP1	HAP1	8	14	219674	226790	7254	439210	0.983484
chr08x14	7500001	7750000	HAP1_chr08	HAP1_chr14	HAP1	HAP1	8	14	220053	229568	2521	447100	0.994361
chr08x14	7750001	8000000	HAP1_chr08	HAP1_chr14	HAP1	HAP1	8	14	234927	237302	6809	465420	0.985370
chr08x14	8000001	8250000	HAP1_chr08	HAP1_chr14	HAP1	HAP1	8	14	220043	218331	7533	430841	0.982516
chr08x14	8250001	8500000	HAP1_chr08	HAP1_chr14	HAP1	HAP1	8	14	232342	231059	4361	459040	0.990500
chr08x14	8500001	8750000	HAP1_chr08	HAP1_chr14	HAP1	HAP1	8	14	233993	224653	9485	449161	0.978883
chr08x14	8750001	9000000	HAP1_chr08	HAP1_chr14	HAP1	HAP1	8	14	236391	233733	6995	463129	0.984896
chr08x14	9000001	9250000	HAP1_chr08	HAP1_chr14	HAP1	HAP1	8	14	215375	228705	1820	442260	0.995885
chr08x14	9250001	9500000	HAP1_chr08	HAP1_chr14	HAP1	HAP1	8	14	206406	223819	13697	416528	0.967116
chr08x14	9500001	9750000	HAP1_chr08	HAP1_chr14	HAP1	HAP1	8	14	195058	181630	11611	365077	0.968196
chr08x14	9750001	10000000	HAP1_chr08	HAP1_chr14	HAP1	HAP1	8	14	218914	220261	9885	429290	0.976974
chr08x14	10000001	10250000	HAP1_chr08	HAP1_chr14	HAP1	HAP1	8	14	227038	226780	9185	444633	0.979343
chr08x14	10250001	10500000	HAP1_chr08	HAP1_chr14	HAP1	HAP1	8	14	231498	226657	11176	446979	0.974997
chr08x14	10500001	10750000	HAP1_chr08	HAP1_chr14	HAP1	HAP1	8	14	228478	165896	4402	389972	0.988712
chr08x14	10750001	11000000	HAP1_chr08	HAP1_chr14	HAP1	HAP1	8	14	223947	206367	14526	415788	0.965064
chr08x14	11000001	11250000	HAP1_chr08	HAP1_chr14	HAP1	HAP1	8	14	220091	199852	15215	404728	0.962407
chr08x14	11250001	11500000	HAP1_chr08	HAP1_chr14	HAP1	HAP1	8	14	225672	230298	8170	447800	0.981755
chr08x14	11500001	11750000	HAP1_chr08	HAP1_chr14	HAP1	HAP1	8	14	200785	204747	14752	390780	0.962250
chr08x14	11750001	12000000	HAP1_chr08	HAP1_chr14	HAP1	HAP1	8	14	218969	220647	15508	424108	0.963434
chr08x14	12000001	12250000	HAP1_chr08	HAP1_chr14	HAP1	HAP1	8	14	222212	181656	11134	392734	0.971650
chr08x14	12250001	12500000	HAP1_chr08	HAP1_chr14	HAP1	HAP1	8	14	224483	223022	9993	437512	0.977159
chr08x14	12500001	12750000	HAP1_chr08	HAP1_chr14	HAP1	HAP1	8	14	208953	213084	9709	412328	0.976453
chr08x14	12750001	13000000	HAP1_chr08	HAP1_chr14	HAP1	HAP1	8	14	226171	214625	7242	433554	0.983296
chr08x14	13000001	13250000	HAP1_chr08	HAP1_chr14	HAP1	HAP1	8	14	220920	176764	17482	380202	0.954019
chr08x14	13250001	13500000	HAP1_chr08	HAP1_chr14	HAP1	HAP1	8	14	214995	159553	6849	367699	0.981373
chr08x14	13500001	13750000	HAP1_chr08	HAP1_chr14	HAP1	HAP1	8	14	226160	188548	8771	405937	0.978393
chr08x14	13750001	14000000	HAP1_chr08	HAP1_chr14	HAP1	HAP1	8	14	196986	172824	9224	360586	0.974419
chr08x14	14000001	14250000	HAP1_chr08	HAP1_chr14	HAP1	HAP1	8	14	222693	200472	15081	408084	0.963044
chr08x14	14250001	14500000	HAP1_chr08	HAP1_chr14	HAP1	HAP1	8	14	213043	179579	17317	375305	0.953859
chr08x14	14500001	14750000	HAP1_chr08	HAP1_chr14	HAP1	HAP1	8	14	168927	189735	20443	338219	0.939557
chr08x14	14750001	15000000	HAP1_chr08	HAP1_chr14	HAP1	HAP1	8	14	171214	189466	23859	336821	0.929164
chr08x14	15000001	15250000	HAP1_chr08	HAP1_chr14	HAP1	HAP1	8	14	161242	185705	14955	331992	0.954954
chr08x14	15250001	15500000	HAP1_chr08	HAP1_chr14	HAP1	HAP1	8	14	175190	203772	18153	360809	0.949688
chr08x14	15500001	15750000	HAP1_chr08	HAP1_chr14	HAP1	HAP1	8	14	197849	206916	27793	376972	0.926273
chr08x14	15750001	16000000	HAP1_chr08	HAP1_chr14	HAP1	HAP1	8	14	210780	135234	25001	321013	0.922118
chr08x14	16000001	16250000	HAP1_chr08	HAP1_chr14	HAP1	HAP1	8	14	220893	123095	16521	327467	0.949549
chr08x14	16250001	16500000	HAP1_chr08	HAP1_chr14	HAP1	HAP1	8	14	178157	111159	28397	260919	0.891165
chr08x14	16500001	16750000	HAP1_chr08	HAP1_chr14	HAP1	HAP1	8	14	188131	116373	29980	274524	0.890793
chr08x14	16750001	17000000	HAP1_chr08	HAP1_chr14	HAP1	HAP1	8	14	187675	118116	28873	276918	0.895734
chr08x14	17000001	17250000	HAP1_chr08	HAP1_chr14	HAP1	HAP1	8	14	83535	113733	31213	166055	0.812032
chr08x14	17250001	17500000	HAP1_chr08	HAP1_chr14	HAP1	HAP1	8	14	103270	164107	29236	238141	0.877232
chr08x14	17500001	17750000	HAP1_chr08	HAP1_chr14	HAP1	HAP1	8	14	116007	152593	26662	241938	0.889798
chr08x14	17750001	18000000	HAP1_chr08	HAP1_chr14	HAP1	HAP1	8	14	210718	138643	33263	316098	0.894770
chr08x14	18000001	18250000	HAP1_chr08	HAP1_chr14	HAP1	HAP1	8	14	183613	196172	35863	343922	0.895723
chr08x14	18250001	18500000	HAP1_chr08	HAP1_chr14	HAP1	HAP1	8	14	148870	168740	26370	291240	0.909456
chr08x14	18500001	18750000	HAP1_chr08	HAP1_chr14	HAP1	HAP1	8	14	135212	143819	35369	243662	0.854844
chr08x14	18750001	19000000	HAP1_chr08	HAP1_chr14	HAP1	HAP1	8	14	127671	80468	21377	186762	0.885539
chr08x14	19000001	19250000	HAP1_chr08	HAP1_chr14	HAP1	HAP1	8	14	154291	20520	126	174685	0.999279
chr08x14	19250001	19500000	HAP1_chr08	HAP1_chr14	HAP1	HAP1	8	14	16328	11434	80	27682	0.997110
chr08x14	19500001	19750000	HAP1_chr08	HAP1_chr14	HAP1	HAP1	8	14	11963	12590	321	24232	0.986753
chr08x14	19750001	20000000	HAP1_chr08	HAP1_chr14	HAP1	HAP1	8	14	20206	52319	4266	68259	0.937503
chr08x14	20000001	20250000	HAP1_chr08	HAP1_chr14	HAP1	HAP1	8	14	52372	13879	464	65787	0.992947
chr08x14	20250001	20500000	HAP1_chr08	HAP1_chr14	HAP1	HAP1	8	14	36137	16353	1086	51404	0.978873
chr08x14	20500001	20750000	HAP1_chr08	HAP1_chr14	HAP1	HAP1	8	14	29860	22461	15	52306	0.999713
chr08x14	20750001	21000000	HAP1_chr08	HAP1_chr14	HAP1	HAP1	8	14	34141	160724	8147	186718	0.956367
chr08x14	21000001	21250000	HAP1_chr08	HAP1_chr14	HAP1	HAP1	8	14	55326	155007	13276	197057	0.932629
chr08x14	21250001	21500000	HAP1_chr08	HAP1_chr14	HAP1	HAP1	8	14	65067	127285	21465	170887	0.874391
chr08x14	21500001	21750000	HAP1_chr08	HAP1_chr14	HAP1	HAP1	8	14	4136	198141	9	202268	0.999956
chr08x14	21750001	22000000	HAP1_chr08	HAP1_chr14	HAP1	HAP1	8	14	129859	177313	25304	281868	0.910227
chr08x14	22000001	22250000	HAP1_chr08	HAP1_chr14	HAP1	HAP1	8	14	190145	196785	22539	364391	0.938146
chr08x14	22250001	22500000	HAP1_chr08	HAP1_chr14	HAP1	HAP1	8	14	118018	138494	18607	237905	0.921788
chr08x14	22500001	22750000	HAP1_chr08	HAP1_chr14	HAP1	HAP1	8	14	29986	159980	973	188993	0.994852
chr08x14	22750001	23000000	HAP1_chr08	HAP1_chr14	HAP1	HAP1	8	14	46340	130032	14212	162160	0.912358
chr08x14	23000001	23250000	HAP1_chr08	HAP1_chr14	HAP1	HAP1	8	14	190952	203385	19643	374694	0.947576
chr08x14	23250001	23500000	HAP1_chr08	HAP1_chr14	HAP1	HAP1	8	14	219152	165879	14840	370191	0.959913
chr08x14	23500001	23750000	HAP1_chr08	HAP1_chr14	HAP1	HAP1	8	14	212547	146898	22517	336928	0.933170
chr08x14	23750001	24000000	HAP1_chr08	HAP1_chr14	HAP1	HAP1	8	14	163437	146632	31332	278737	0.887593
chr08x14	24000001	24250000	HAP1_chr08	HAP1_chr14	HAP1	HAP1	8	14	206048	128960	24946	310062	0.919545
chr08x14	24250001	24500000	HAP1_chr08	HAP1_chr14	HAP1	HAP1	8	14	190088	220349	14942	395495	0.962219
chr08x14	24500001	24750000	HAP1_chr08	HAP1_chr14	HAP1	HAP1	8	14	122116	187517	18409	291224	0.936787
chr08x14	24750001	25000000	HAP1_chr08	HAP1_chr14	HAP1	HAP1	8	14	209357	212168	14157	407368	0.965248
chr08x14	25000001	25250000	HAP1_chr08	HAP1_chr14	HAP1	HAP1	8	14	165289	195710	21245	339754	0.937469
chr08x14	25250001	25500000	HAP1_chr08	HAP1_chr14	HAP1	HAP1	8	14	189458	207033	4715	391776	0.987965
chr08x14	25500001	25750000	HAP1_chr08	HAP1_chr14	HAP1	HAP1	8	14	192163	180592	25736	347019	0.925837
chr08x14	25750001	26000000	HAP1_chr08	HAP1_chr14	HAP1	HAP1	8	14	220059	190583	19976	390666	0.948867
chr08x14	26000001	26250000	HAP1_chr08	HAP1_chr14	HAP1	HAP1	8	14	216536	149239	19923	345852	0.942394
chr08x14	26250001	26500000	HAP1_chr08	HAP1_chr14	HAP1	HAP1	8	14	176067	162103	17596	320574	0.945111
chr08x14	26500001	26750000	HAP1_chr08	HAP1_chr14	HAP1	HAP1	8	14	145849	158922	14348	290423	0.950596
chr08x14	26750001	27000000	HAP1_chr08	HAP1_chr14	HAP1	HAP1	8	14	188934	180740	27343	342331	0.920127
chr08x14	27000001	27250000	HAP1_chr08	HAP1_chr14	HAP1	HAP1	8	14	189319	205395	17452	377262	0.953740
chr08x14	27250001	27500000	HAP1_chr08	HAP1_chr14	HAP1	HAP1	8	14	198961	173957	19912	353006	0.943593
chr08x14	27500001	27750000	HAP1_chr08	HAP1_chr14	HAP1	HAP1	8	14	184690	215415	13975	386130	0.963808
chr08x14	27750001	28000000	HAP1_chr08	HAP1_chr14	HAP1	HAP1	8	14	150992	222187	14166	359013	0.960542
chr08x14	28000001	28250000	HAP1_chr08	HAP1_chr14	HAP1	HAP1	8	14	202526	189090	16075	375541	0.957195
chr08x14	28250001	28500000	HAP1_chr08	HAP1_chr14	HAP1	HAP1	8	14	164367	188114	8814	343667	0.974353
chr08x14	28500001	28750000	HAP1_chr08	HAP1_chr14	HAP1	HAP1	8	14	208509	220162	11687	416984	0.971973
chr08x14	28750001	29000000	HAP1_chr08	HAP1_chr14	HAP1	HAP1	8	14	215817	216736	9457	423096	0.977648
chr08x14	29000001	29250000	HAP1_chr08	HAP1_chr14	HAP1	HAP1	8	14	169675	230717	11934	388458	0.969279
chr08x14	29250001	29500000	HAP1_chr08	HAP1_chr14	HAP1	HAP1	8	14	143696	206782	17674	332804	0.946894
chr08x14	29500001	29750000	HAP1_chr08	HAP1_chr14	HAP1	HAP1	8	14	144301	215157	10670	348788	0.969408
chr08x14	29750001	30000000	HAP1_chr08	HAP1_chr14	HAP1	HAP1	8	14	191885	235207	6914	420178	0.983545
chr08x14	30000001	30250000	HAP1_chr08	HAP1_chr14	HAP1	HAP1	8	14	222339	237024	11401	447962	0.974549
chr08x14	30250001	30500000	HAP1_chr08	HAP1_chr14	HAP1	HAP1	8	14	184800	195629	18739	361690	0.948190
chr08x14	30500001	30750000	HAP1_chr08	HAP1_chr14	HAP1	HAP1	8	14	119408	233545	1777	351176	0.994940
chr08x14	30750001	31000000	HAP1_chr08	HAP1_chr14	HAP1	HAP1	8	14	110484	228552	1406	337630	0.995836
chr08x14	31000001	31250000	HAP1_chr08	HAP1_chr14	HAP1	HAP1	8	14	122511	227075	5807	343779	0.983108
chr08x14	31250001	31500000	HAP1_chr08	HAP1_chr14	HAP1	HAP1	8	14	173804	216171	11953	378022	0.968380
chr08x14	31500001	31750000	HAP1_chr08	HAP1_chr14	HAP1	HAP1	8	14	151673	206170	13968	343875	0.959381
chr08x14	31750001	32000000	HAP1_chr08	HAP1_chr14	HAP1	HAP1	8	14	214374	216334	6042	424666	0.985772
chr08x14	32000001	32250000	HAP1_chr08	HAP1_chr14	HAP1	HAP1	8	14	233084	237060	4382	465762	0.990592
chr08x14	32250001	32500000	HAP1_chr08	HAP1_chr14	HAP1	HAP1	8	14	218672	234163	5100	447735	0.988609
chr08x14	32500001	32750000	HAP1_chr08	HAP1_chr14	HAP1	HAP1	8	14	217358	229738	3013	444083	0.993215
chr08x14	32750001	33000000	HAP1_chr08	HAP1_chr14	HAP1	HAP1	8	14	226236	212771	4503	434504	0.989636
chr08x14	33000001	33250000	HAP1_chr08	HAP1_chr14	HAP1	HAP1	8	14	229844	234152	4310	459686	0.990624
chr08x14	33250001	33500000	HAP1_chr08	HAP1_chr14	HAP1	HAP1	8	14	226352	220843	4321	442874	0.990243
chr08x14	33500001	33750000	HAP1_chr08	HAP1_chr14	HAP1	HAP1	8	14	218860	233662	2269	450253	0.994961
chr08x14	33750001	34000000	HAP1_chr08	HAP1_chr14	HAP1	HAP1	8	14	233335	236921	2823	467433	0.993961
chr08x14	34000001	34250000	HAP1_chr08	HAP1_chr14	HAP1	HAP1	8	14	224862	228469	6774	446557	0.984831
chr08x14	34250001	34500000	HAP1_chr08	HAP1_chr14	HAP1	HAP1	8	14	225004	238076	2401	460679	0.994788
chr08x14	34500001	34750000	HAP1_chr08	HAP1_chr14	HAP1	HAP1	8	14	217379	237894	5835	449438	0.987017
chr08x14	34750001	35000000	HAP1_chr08	HAP1_chr14	HAP1	HAP1	8	14	219266	203104	2774	419596	0.993389
chr08x14	35000001	35250000	HAP1_chr08	HAP1_chr14	HAP1	HAP1	8	14	223589	229755	7806	445538	0.982480
chr08x14	35250001	35500000	HAP1_chr08	HAP1_chr14	HAP1	HAP1	8	14	224595	237125	3080	458640	0.993284
chr08x14	35500001	35750000	HAP1_chr08	HAP1_chr14	HAP1	HAP1	8	14	223269	230937	9144	445062	0.979455
chr08x14	35750001	36000000	HAP1_chr08	HAP1_chr14	HAP1	HAP1	8	14	236729	228887	3225	462391	0.993025
chr08x14	36000001	36250000	HAP1_chr08	HAP1_chr14	HAP1	HAP1	8	14	201997	241665	3595	440067	0.991831
chr08x14	36250001	36500000	HAP1_chr08	HAP1_chr14	HAP1	HAP1	8	14	211996	231089	3362	439723	0.992354
chr08x14	36500001	36750000	HAP1_chr08	HAP1_chr14	HAP1	HAP1	8	14	232404	225002	3364	454042	0.992591
chr08x14	36750001	37000000	HAP1_chr08	HAP1_chr14	HAP1	HAP1	8	14	236033	228926	3284	461675	0.992887
chr08x14	37000001	37250000	HAP1_chr08	HAP1_chr14	HAP1	HAP1	8	14	204656	228715	3812	429559	0.991126
chr08x14	37250001	37500000	HAP1_chr08	HAP1_chr14	HAP1	HAP1	8	14	217821	233519	3421	447919	0.992362
chr08x14	37500001	37750000	HAP1_chr08	HAP1_chr14	HAP1	HAP1	8	14	160126	232321	3486	388961	0.991038
chr08x14	37750001	38000000	HAP1_chr08	HAP1_chr14	HAP1	HAP1	8	14	209137	230871	2244	437764	0.994874
chr08x14	38000001	38250000	HAP1_chr08	HAP1_chr14	HAP1	HAP1	8	14	224023	239567	2473	461117	0.994637
chr08x14	38250001	38500000	HAP1_chr08	HAP1_chr14	HAP1	HAP1	8	14	209870	223169	7977	425062	0.981233
chr08x14	38500001	38750000	HAP1_chr08	HAP1_chr14	HAP1	HAP1	8	14	140797	186806	25372	302231	0.916051
chr08x14	38750001	38891869	HAP1_chr08	HAP1_chr14	HAP1	HAP1	8	14	97010	109145	9608	196547	0.951116
chr09x17	1	250000	HAP1_chr09	HAP1_chr17	HAP1	HAP1	9	17	215796	236801	75980	376617	0.798257
chr09x17	250001	500000	HAP1_chr09	HAP1_chr17	HAP1	HAP1	9	17	231910	234181	61895	404196	0.846869
chr09x17	500001	750000	HAP1_chr09	HAP1_chr17	HAP1	HAP1	9	17	235889	240139	81140	394888	0.794524
chr09x17	750001	1000000	HAP1_chr09	HAP1_chr17	HAP1	HAP1	9	17	236356	235036	55703	415689	0.865998
chr09x17	1000001	1250000	HAP1_chr09	HAP1_chr17	HAP1	HAP1	9	17	236417	238197	56571	418043	0.864677
chr09x17	1250001	1500000	HAP1_chr09	HAP1_chr17	HAP1	HAP1	9	17	208288	220579	15689	413178	0.962028
chr09x17	1500001	1750000	HAP1_chr09	HAP1_chr17	HAP1	HAP1	9	17	226339	134465	1119	359685	0.996889
chr09x17	1750001	2000000	HAP1_chr09	HAP1_chr17	HAP1	HAP1	9	17	211503	223249	3025	431727	0.992993
chr09x17	2000001	2250000	HAP1_chr09	HAP1_chr17	HAP1	HAP1	9	17	215353	212387	6401	421339	0.984808
chr09x17	2250001	2500000	HAP1_chr09	HAP1_chr17	HAP1	HAP1	9	17	217586	210458	10478	417566	0.974907
chr09x17	2500001	2750000	HAP1_chr09	HAP1_chr17	HAP1	HAP1	9	17	236803	183104	3668	416239	0.991188
chr09x17	2750001	3000000	HAP1_chr09	HAP1_chr17	HAP1	HAP1	9	17	240716	213315	2487	451544	0.994492
chr09x17	3000001	3250000	HAP1_chr09	HAP1_chr17	HAP1	HAP1	9	17	236532	225899	3428	459003	0.992532
chr09x17	3250001	3500000	HAP1_chr09	HAP1_chr17	HAP1	HAP1	9	17	230883	214090	2675	442298	0.993952
chr09x17	3500001	3750000	HAP1_chr09	HAP1_chr17	HAP1	HAP1	9	17	229313	189129	2456	415986	0.994096
chr09x17	3750001	4000000	HAP1_chr09	HAP1_chr17	HAP1	HAP1	9	17	229331	237823	4611	462543	0.990031
chr09x17	4000001	4250000	HAP1_chr09	HAP1_chr17	HAP1	HAP1	9	17	219670	204695	2393	421972	0.994329
chr09x17	4250001	4500000	HAP1_chr09	HAP1_chr17	HAP1	HAP1	9	17	233655	230357	3662	460350	0.992045
chr09x17	4500001	4750000	HAP1_chr09	HAP1_chr17	HAP1	HAP1	9	17	232713	216907	5109	444511	0.988506
chr09x17	4750001	5000000	HAP1_chr09	HAP1_chr17	HAP1	HAP1	9	17	217928	207076	2857	422147	0.993232
chr09x17	5000001	5250000	HAP1_chr09	HAP1_chr17	HAP1	HAP1	9	17	212329	223244	11282	424291	0.973410
chr09x17	5250001	5500000	HAP1_chr09	HAP1_chr17	HAP1	HAP1	9	17	206590	233540	8702	431428	0.979830
chr09x17	5500001	5750000	HAP1_chr09	HAP1_chr17	HAP1	HAP1	9	17	176014	229222	8381	396855	0.978881
chr09x17	5750001	6000000	HAP1_chr09	HAP1_chr17	HAP1	HAP1	9	17	229342	228829	3844	454327	0.991539
chr09x17	6000001	6250000	HAP1_chr09	HAP1_chr17	HAP1	HAP1	9	17	220428	217503	4242	433689	0.990219
chr09x17	6250001	6500000	HAP1_chr09	HAP1_chr17	HAP1	HAP1	9	17	235073	223893	11884	447082	0.973419
chr09x17	6500001	6750000	HAP1_chr09	HAP1_chr17	HAP1	HAP1	9	17	236427	217635	5769	448293	0.987131
chr09x17	6750001	7000000	HAP1_chr09	HAP1_chr17	HAP1	HAP1	9	17	210216	230095	9483	430828	0.977989
chr09x17	7000001	7250000	HAP1_chr09	HAP1_chr17	HAP1	HAP1	9	17	222531	214040	28673	407898	0.929705
chr09x17	7250001	7500000	HAP1_chr09	HAP1_chr17	HAP1	HAP1	9	17	203384	231744	6617	428511	0.984558
chr09x17	7500001	7750000	HAP1_chr09	HAP1_chr17	HAP1	HAP1	9	17	222187	220623	3148	439662	0.992840
chr09x17	7750001	8000000	HAP1_chr09	HAP1_chr17	HAP1	HAP1	9	17	207536	222100	11783	417853	0.971801
chr09x17	8000001	8250000	HAP1_chr09	HAP1_chr17	HAP1	HAP1	9	17	223753	227705	3250	448208	0.992749
chr09x17	8250001	8500000	HAP1_chr09	HAP1_chr17	HAP1	HAP1	9	17	183232	220042	15702	387572	0.959486
chr09x17	8500001	8750000	HAP1_chr09	HAP1_chr17	HAP1	HAP1	9	17	188743	225344	12099	401988	0.969902
chr09x17	8750001	9000000	HAP1_chr09	HAP1_chr17	HAP1	HAP1	9	17	223641	207623	9397	421867	0.977725
chr09x17	9000001	9250000	HAP1_chr09	HAP1_chr17	HAP1	HAP1	9	17	226052	233323	7401	451974	0.983625
chr09x17	9250001	9500000	HAP1_chr09	HAP1_chr17	HAP1	HAP1	9	17	218020	226663	5687	438996	0.987045
chr09x17	9500001	9750000	HAP1_chr09	HAP1_chr17	HAP1	HAP1	9	17	207584	228695	6771	429508	0.984235
chr09x17	9750001	10000000	HAP1_chr09	HAP1_chr17	HAP1	HAP1	9	17	207367	240812	8262	439917	0.981219
chr09x17	10000001	10250000	HAP1_chr09	HAP1_chr17	HAP1	HAP1	9	17	216924	190397	9975	397346	0.974896
chr09x17	10250001	10500000	HAP1_chr09	HAP1_chr17	HAP1	HAP1	9	17	199943	197958	13611	384290	0.964581
chr09x17	10500001	10750000	HAP1_chr09	HAP1_chr17	HAP1	HAP1	9	17	226601	230571	2476	454696	0.994555
chr09x17	10750001	11000000	HAP1_chr09	HAP1_chr17	HAP1	HAP1	9	17	175186	235443	2615	408014	0.993591
chr09x17	11000001	11250000	HAP1_chr09	HAP1_chr17	HAP1	HAP1	9	17	133029	224323	3615	353737	0.989781
chr09x17	11250001	11500000	HAP1_chr09	HAP1_chr17	HAP1	HAP1	9	17	122141	220741	20438	322444	0.936615
chr09x17	11500001	11750000	HAP1_chr09	HAP1_chr17	HAP1	HAP1	9	17	144547	204355	12357	336545	0.963283
chr09x17	11750001	12000000	HAP1_chr09	HAP1_chr17	HAP1	HAP1	9	17	182664	196975	16652	362987	0.954125
chr09x17	12000001	12250000	HAP1_chr09	HAP1_chr17	HAP1	HAP1	9	17	138729	153164	21411	270482	0.920841
chr09x17	12250001	12500000	HAP1_chr09	HAP1_chr17	HAP1	HAP1	9	17	162830	203550	20228	346152	0.941563
chr09x17	12500001	12750000	HAP1_chr09	HAP1_chr17	HAP1	HAP1	9	17	143386	216053	20829	338610	0.938487
chr09x17	12750001	13000000	HAP1_chr09	HAP1_chr17	HAP1	HAP1	9	17	137905	214590	14894	337601	0.955883
chr09x17	13000001	13250000	HAP1_chr09	HAP1_chr17	HAP1	HAP1	9	17	160358	230268	5955	384671	0.984519
chr09x17	13250001	13500000	HAP1_chr09	HAP1_chr17	HAP1	HAP1	9	17	203083	135981	11509	327555	0.964864
chr09x17	13500001	13750000	HAP1_chr09	HAP1_chr17	HAP1	HAP1	9	17	168078	182937	24611	326404	0.924600
chr09x17	13750001	14000000	HAP1_chr09	HAP1_chr17	HAP1	HAP1	9	17	202033	194293	18300	378026	0.951591
chr09x17	14000001	14250000	HAP1_chr09	HAP1_chr17	HAP1	HAP1	9	17	192846	164329	12155	345020	0.964770
chr09x17	14250001	14500000	HAP1_chr09	HAP1_chr17	HAP1	HAP1	9	17	185913	200797	12934	373776	0.965396
chr09x17	14500001	14750000	HAP1_chr09	HAP1_chr17	HAP1	HAP1	9	17	181834	218614	14848	385600	0.961494
chr09x17	14750001	15000000	HAP1_chr09	HAP1_chr17	HAP1	HAP1	9	17	169175	86046	6902	248319	0.972205
chr09x17	15000001	15250000	HAP1_chr09	HAP1_chr17	HAP1	HAP1	9	17	160262	32507	2361	190408	0.987600
chr09x17	15250001	15500000	HAP1_chr09	HAP1_chr17	HAP1	HAP1	9	17	112332	26068	619	137781	0.995507
chr09x17	15500001	15750000	HAP1_chr09	HAP1_chr17	HAP1	HAP1	9	17	107491	17148	1104	123535	0.991063
chr09x17	15750001	16000000	HAP1_chr09	HAP1_chr17	HAP1	HAP1	9	17	145208	21970	166	167012	0.999006
chr09x17	16000001	16250000	HAP1_chr09	HAP1_chr17	HAP1	HAP1	9	17	140607	5352	4	145955	0.999973
chr09x17	16250001	16500000	HAP1_chr09	HAP1_chr17	HAP1	HAP1	9	17	196469	4968	13	201424	0.999935
chr09x17	16500001	16750000	HAP1_chr09	HAP1_chr17	HAP1	HAP1	9	17	172226	4150	9	176367	0.999949
chr09x17	16750001	17000000	HAP1_chr09	HAP1_chr17	HAP1	HAP1	9	17	151182	3909	1	155090	0.999994
chr09x17	17000001	17250000	HAP1_chr09	HAP1_chr17	HAP1	HAP1	9	17	150583	3891	3	154471	0.999981
chr09x17	17250001	17500000	HAP1_chr09	HAP1_chr17	HAP1	HAP1	9	17	173983	4240	3	178220	0.999983
chr09x17	17500001	17750000	HAP1_chr09	HAP1_chr17	HAP1	HAP1	9	17	208820	4383	13	213190	0.999939
chr09x17	17750001	18000000	HAP1_chr09	HAP1_chr17	HAP1	HAP1	9	17	179282	5201	9	184474	0.999951
chr09x17	18000001	18250000	HAP1_chr09	HAP1_chr17	HAP1	HAP1	9	17	112053	4783	1	116835	0.999991
chr09x17	18250001	18500000	HAP1_chr09	HAP1_chr17	HAP1	HAP1	9	17	110841	4832	2	115671	0.999983
chr09x17	18500001	18750000	HAP1_chr09	HAP1_chr17	HAP1	HAP1	9	17	145844	55999	12844	188999	0.932042
chr09x17	18750001	19000000	HAP1_chr09	HAP1_chr17	HAP1	HAP1	9	17	152756	145763	20903	277616	0.924705
chr09x17	19000001	19250000	HAP1_chr09	HAP1_chr17	HAP1	HAP1	9	17	147497	167764	27418	287843	0.904747
chr09x17	19250001	19500000	HAP1_chr09	HAP1_chr17	HAP1	HAP1	9	17	157371	174798	27186	304983	0.910861
chr09x17	19500001	19750000	HAP1_chr09	HAP1_chr17	HAP1	HAP1	9	17	159427	214423	17746	356104	0.950166
chr09x17	19750001	20000000	HAP1_chr09	HAP1_chr17	HAP1	HAP1	9	17	130445	155575	24335	261685	0.907007
chr09x17	20000001	20250000	HAP1_chr09	HAP1_chr17	HAP1	HAP1	9	17	180720	169705	18368	332057	0.944684
chr09x17	20250001	20500000	HAP1_chr09	HAP1_chr17	HAP1	HAP1	9	17	128051	145125	30695	242481	0.873413
chr09x17	20500001	20750000	HAP1_chr09	HAP1_chr17	HAP1	HAP1	9	17	106217	138934	25723	219428	0.882772
chr09x17	20750001	21000000	HAP1_chr09	HAP1_chr17	HAP1	HAP1	9	17	61289	215396	11566	265119	0.956374
chr09x17	21000001	21250000	HAP1_chr09	HAP1_chr17	HAP1	HAP1	9	17	61125	173315	7700	226740	0.966040
chr09x17	21250001	21500000	HAP1_chr09	HAP1_chr17	HAP1	HAP1	9	17	136842	189705	19140	307407	0.937737
chr09x17	21500001	21750000	HAP1_chr09	HAP1_chr17	HAP1	HAP1	9	17	182856	178489	23820	337525	0.929427
chr09x17	21750001	22000000	HAP1_chr09	HAP1_chr17	HAP1	HAP1	9	17	167496	161117	20774	307839	0.932517
chr09x17	22000001	22250000	HAP1_chr09	HAP1_chr17	HAP1	HAP1	9	17	196844	200030	22888	373986	0.938800
chr09x17	22250001	22500000	HAP1_chr09	HAP1_chr17	HAP1	HAP1	9	17	188031	190337	16648	361720	0.953975
chr09x17	22500001	22750000	HAP1_chr09	HAP1_chr17	HAP1	HAP1	9	17	127123	215176	15708	326591	0.951903
chr09x17	22750001	23000000	HAP1_chr09	HAP1_chr17	HAP1	HAP1	9	17	126102	196293	18916	303479	0.937669
chr09x17	23000001	23250000	HAP1_chr09	HAP1_chr17	HAP1	HAP1	9	17	196583	157463	17878	336168	0.946818
chr09x17	23250001	23500000	HAP1_chr09	HAP1_chr17	HAP1	HAP1	9	17	197365	150483	10700	337148	0.968263
chr09x17	23500001	23750000	HAP1_chr09	HAP1_chr17	HAP1	HAP1	9	17	141341	210723	14667	337397	0.956529
chr09x17	23750001	24000000	HAP1_chr09	HAP1_chr17	HAP1	HAP1	9	17	159415	199818	20588	338645	0.939205
chr09x17	24000001	24250000	HAP1_chr09	HAP1_chr17	HAP1	HAP1	9	17	73022	215499	6648	281873	0.976415
chr09x17	24250001	24500000	HAP1_chr09	HAP1_chr17	HAP1	HAP1	9	17	43788	215274	8021	251041	0.968049
chr09x17	24500001	24750000	HAP1_chr09	HAP1_chr17	HAP1	HAP1	9	17	30942	213530	10805	233667	0.953759
chr09x17	24750001	25000000	HAP1_chr09	HAP1_chr17	HAP1	HAP1	9	17	23710	217640	5635	235715	0.976094
chr09x17	25000001	25250000	HAP1_chr09	HAP1_chr17	HAP1	HAP1	9	17	38897	216974	4161	251710	0.983469
chr09x17	25250001	25500000	HAP1_chr09	HAP1_chr17	HAP1	HAP1	9	17	14965	219923	2534	232354	0.989094
chr09x17	25500001	25750000	HAP1_chr09	HAP1_chr17	HAP1	HAP1	9	17	27239	230346	389	257196	0.998488
chr09x17	25750001	26000000	HAP1_chr09	HAP1_chr17	HAP1	HAP1	9	17	38316	225059	5163	258212	0.980005
chr09x17	26000001	26250000	HAP1_chr09	HAP1_chr17	HAP1	HAP1	9	17	110157	172616	19210	263563	0.927114
chr09x17	26250001	26500000	HAP1_chr09	HAP1_chr17	HAP1	HAP1	9	17	143928	204414	13314	335028	0.960260
chr09x17	26500001	26750000	HAP1_chr09	HAP1_chr17	HAP1	HAP1	9	17	191331	222518	10193	403656	0.974748
chr09x17	26750001	27000000	HAP1_chr09	HAP1_chr17	HAP1	HAP1	9	17	173165	232659	4749	401075	0.988159
chr09x17	27000001	27250000	HAP1_chr09	HAP1_chr17	HAP1	HAP1	9	17	157635	217442	10346	364731	0.971634
chr09x17	27250001	27500000	HAP1_chr09	HAP1_chr17	HAP1	HAP1	9	17	146489	217124	12456	351157	0.964529
chr09x17	27500001	27750000	HAP1_chr09	HAP1_chr17	HAP1	HAP1	9	17	158768	226013	9021	375760	0.975993
chr09x17	27750001	28000000	HAP1_chr09	HAP1_chr17	HAP1	HAP1	9	17	116576	228372	6600	338348	0.980493
chr09x17	28000001	28250000	HAP1_chr09	HAP1_chr17	HAP1	HAP1	9	17	122543	209139	18767	312915	0.940025
chr09x17	28250001	28500000	HAP1_chr09	HAP1_chr17	HAP1	HAP1	9	17	178543	230452	8915	400080	0.977717
chr09x17	28500001	28750000	HAP1_chr09	HAP1_chr17	HAP1	HAP1	9	17	150235	220517	12065	358687	0.966363
chr09x17	28750001	29000000	HAP1_chr09	HAP1_chr17	HAP1	HAP1	9	17	213964	233576	5493	442047	0.987574
chr09x17	29000001	29250000	HAP1_chr09	HAP1_chr17	HAP1	HAP1	9	17	186975	229359	9286	407048	0.977187
chr09x17	29250001	29500000	HAP1_chr09	HAP1_chr17	HAP1	HAP1	9	17	213617	186726	11777	388566	0.969691
chr09x17	29500001	29750000	HAP1_chr09	HAP1_chr17	HAP1	HAP1	9	17	194686	192753	5530	381909	0.985520
chr09x17	29750001	30000000	HAP1_chr09	HAP1_chr17	HAP1	HAP1	9	17	204931	226040	11160	419811	0.973417
chr09x17	30000001	30250000	HAP1_chr09	HAP1_chr17	HAP1	HAP1	9	17	212373	221448	12658	421163	0.969945
chr09x17	30250001	30500000	HAP1_chr09	HAP1_chr17	HAP1	HAP1	9	17	187081	236876	1960	421997	0.995355
chr09x17	30500001	30750000	HAP1_chr09	HAP1_chr17	HAP1	HAP1	9	17	189917	228716	3892	414741	0.990616
chr09x17	30750001	31000000	HAP1_chr09	HAP1_chr17	HAP1	HAP1	9	17	216051	230851	9372	437530	0.978580
chr09x17	31000001	31250000	HAP1_chr09	HAP1_chr17	HAP1	HAP1	9	17	197274	231786	7424	421636	0.982392
chr09x17	31250001	31500000	HAP1_chr09	HAP1_chr17	HAP1	HAP1	9	17	208945	237542	6124	440363	0.986093
chr09x17	31500001	31750000	HAP1_chr09	HAP1_chr17	HAP1	HAP1	9	17	229820	236395	9318	456897	0.979606
chr09x17	31750001	32000000	HAP1_chr09	HAP1_chr17	HAP1	HAP1	9	17	221647	236894	4395	454146	0.990322
chr09x17	32000001	32250000	HAP1_chr09	HAP1_chr17	HAP1	HAP1	9	17	231226	229725	10195	450756	0.977382
chr09x17	32250001	32500000	HAP1_chr09	HAP1_chr17	HAP1	HAP1	9	17	197577	202863	12108	388332	0.968820
chr09x17	32500001	32750000	HAP1_chr09	HAP1_chr17	HAP1	HAP1	9	17	235633	225098	3225	457506	0.992951
chr09x17	32750001	33000000	HAP1_chr09	HAP1_chr17	HAP1	HAP1	9	17	222190	235744	2102	455832	0.995389
chr09x17	33000001	33250000	HAP1_chr09	HAP1_chr17	HAP1	HAP1	9	17	194927	224753	5654	414026	0.986344
chr09x17	33250001	33500000	HAP1_chr09	HAP1_chr17	HAP1	HAP1	9	17	231547	221595	5974	447168	0.986640
chr09x17	33500001	33750000	HAP1_chr09	HAP1_chr17	HAP1	HAP1	9	17	208385	223090	8595	422880	0.979675
chr09x17	33750001	34000000	HAP1_chr09	HAP1_chr17	HAP1	HAP1	9	17	217032	233506	8180	442358	0.981508
chr09x17	34000001	34250000	HAP1_chr09	HAP1_chr17	HAP1	HAP1	9	17	232486	228519	6366	454639	0.985998
chr09x17	34250001	34500000	HAP1_chr09	HAP1_chr17	HAP1	HAP1	9	17	208070	221694	3399	426365	0.992028
chr09x17	34500001	34750000	HAP1_chr09	HAP1_chr17	HAP1	HAP1	9	17	197238	229885	6743	420380	0.983960
chr09x17	34750001	35000000	HAP1_chr09	HAP1_chr17	HAP1	HAP1	9	17	224306	238548	3855	458999	0.991601
chr09x17	35000001	35250000	HAP1_chr09	HAP1_chr17	HAP1	HAP1	9	17	240711	236017	2961	473767	0.993750
chr09x17	35250001	35500000	HAP1_chr09	HAP1_chr17	HAP1	HAP1	9	17	198622	241144	10016	429750	0.976693
chr09x17	35500001	35750000	HAP1_chr09	HAP1_chr17	HAP1	HAP1	9	17	183238	241451	2413	422276	0.994286
chr09x17	35750001	36000000	HAP1_chr09	HAP1_chr17	HAP1	HAP1	9	17	229870	233886	5539	458217	0.987912
chr09x17	36000001	36250000	HAP1_chr09	HAP1_chr17	HAP1	HAP1	9	17	235450	231601	2872	464179	0.993813
chr09x17	36250001	36500000	HAP1_chr09	HAP1_chr17	HAP1	HAP1	9	17	224761	230182	4092	450851	0.990924
chr09x17	36500001	36615266	HAP1_chr09	HAP1_chr17	HAP1	HAP1	9	17	86494	68112	7477	147129	0.949181
chr10x12	1	250000	HAP1_chr10	HAP1_chr12	HAP1	HAP1	10	12	213633	224326	48577	389382	0.875246
chr10x12	250001	500000	HAP1_chr10	HAP1_chr12	HAP1	HAP1	10	12	232725	227892	40036	420581	0.904808
chr10x12	500001	750000	HAP1_chr10	HAP1_chr12	HAP1	HAP1	10	12	232901	231662	71773	392790	0.817274
chr10x12	750001	1000000	HAP1_chr10	HAP1_chr12	HAP1	HAP1	10	12	238779	235496	46777	427498	0.890580
chr10x12	1000001	1250000	HAP1_chr10	HAP1_chr12	HAP1	HAP1	10	12	225767	230481	51561	404687	0.872590
chr10x12	1250001	1500000	HAP1_chr10	HAP1_chr12	HAP1	HAP1	10	12	236370	222789	38814	420345	0.907662
chr10x12	1500001	1750000	HAP1_chr10	HAP1_chr12	HAP1	HAP1	10	12	225760	238303	20915	443148	0.952804
chr10x12	1750001	2000000	HAP1_chr10	HAP1_chr12	HAP1	HAP1	10	12	238767	209318	36280	411805	0.911900
chr10x12	2000001	2250000	HAP1_chr10	HAP1_chr12	HAP1	HAP1	10	12	241890	236956	21004	457842	0.954124
chr10x12	2250001	2500000	HAP1_chr10	HAP1_chr12	HAP1	HAP1	10	12	231151	239047	6996	463202	0.984896
chr10x12	2500001	2750000	HAP1_chr10	HAP1_chr12	HAP1	HAP1	10	12	237645	236110	6982	466773	0.985042
chr10x12	2750001	3000000	HAP1_chr10	HAP1_chr12	HAP1	HAP1	10	12	228879	239915	11969	456825	0.973800
chr10x12	3000001	3250000	HAP1_chr10	HAP1_chr12	HAP1	HAP1	10	12	219523	217115	4848	431790	0.988772
chr10x12	3250001	3500000	HAP1_chr10	HAP1_chr12	HAP1	HAP1	10	12	215349	238798	16555	437592	0.962168
chr10x12	3500001	3750000	HAP1_chr10	HAP1_chr12	HAP1	HAP1	10	12	197847	212875	19626	391096	0.949818
chr10x12	3750001	4000000	HAP1_chr10	HAP1_chr12	HAP1	HAP1	10	12	218977	221329	27116	413190	0.934374
chr10x12	4000001	4250000	HAP1_chr10	HAP1_chr12	HAP1	HAP1	10	12	235798	239138	58629	416307	0.859169
chr10x12	4250001	4500000	HAP1_chr10	HAP1_chr12	HAP1	HAP1	10	12	242262	232485	54815	419932	0.869467
chr10x12	4500001	4750000	HAP1_chr10	HAP1_chr12	HAP1	HAP1	10	12	227901	229964	17458	440407	0.960359
chr10x12	4750001	5000000	HAP1_chr10	HAP1_chr12	HAP1	HAP1	10	12	236518	166354	10997	391875	0.971937
chr10x12	5000001	5250000	HAP1_chr10	HAP1_chr12	HAP1	HAP1	10	12	233859	233482	3584	463757	0.992272
chr10x12	5250001	5500000	HAP1_chr10	HAP1_chr12	HAP1	HAP1	10	12	226733	233604	3505	456832	0.992328
chr10x12	5500001	5750000	HAP1_chr10	HAP1_chr12	HAP1	HAP1	10	12	232787	212107	8244	436650	0.981120
chr10x12	5750001	6000000	HAP1_chr10	HAP1_chr12	HAP1	HAP1	10	12	239908	229616	3171	466353	0.993200
chr10x12	6000001	6250000	HAP1_chr10	HAP1_chr12	HAP1	HAP1	10	12	234434	238305	2790	469949	0.994063
chr10x12	6250001	6500000	HAP1_chr10	HAP1_chr12	HAP1	HAP1	10	12	223667	223472	6421	440718	0.985431
chr10x12	6500001	6750000	HAP1_chr10	HAP1_chr12	HAP1	HAP1	10	12	221315	237488	3714	455089	0.991839
chr10x12	6750001	7000000	HAP1_chr10	HAP1_chr12	HAP1	HAP1	10	12	212505	239400	3325	448580	0.992588
chr10x12	7000001	7250000	HAP1_chr10	HAP1_chr12	HAP1	HAP1	10	12	237592	236376	6528	467440	0.986035
chr10x12	7250001	7500000	HAP1_chr10	HAP1_chr12	HAP1	HAP1	10	12	217893	219923	2685	435131	0.993829
chr10x12	7500001	7750000	HAP1_chr10	HAP1_chr12	HAP1	HAP1	10	12	193880	235556	2962	426474	0.993055
chr10x12	7750001	8000000	HAP1_chr10	HAP1_chr12	HAP1	HAP1	10	12	234475	234135	5419	463191	0.988301
chr10x12	8000001	8250000	HAP1_chr10	HAP1_chr12	HAP1	HAP1	10	12	232082	209569	3708	437943	0.991533
chr10x12	8250001	8500000	HAP1_chr10	HAP1_chr12	HAP1	HAP1	10	12	226322	236111	2588	459845	0.994372
chr10x12	8500001	8750000	HAP1_chr10	HAP1_chr12	HAP1	HAP1	10	12	224721	239653	3844	460530	0.991653
chr10x12	8750001	9000000	HAP1_chr10	HAP1_chr12	HAP1	HAP1	10	12	182376	226455	6106	402725	0.984838
chr10x12	9000001	9250000	HAP1_chr10	HAP1_chr12	HAP1	HAP1	10	12	150346	207865	8770	349441	0.974903
chr10x12	9250001	9500000	HAP1_chr10	HAP1_chr12	HAP1	HAP1	10	12	175649	215393	18403	372639	0.950614
chr10x12	9500001	9750000	HAP1_chr10	HAP1_chr12	HAP1	HAP1	10	12	199995	216302	26989	389308	0.930674
chr10x12	9750001	10000000	HAP1_chr10	HAP1_chr12	HAP1	HAP1	10	12	221758	231167	38481	414444	0.907150
chr10x12	10000001	10250000	HAP1_chr10	HAP1_chr12	HAP1	HAP1	10	12	208105	195141	42030	361216	0.883643
chr10x12	10250001	10500000	HAP1_chr10	HAP1_chr12	HAP1	HAP1	10	12	165817	74196	9389	230624	0.959289
chr10x12	10500001	10750000	HAP1_chr10	HAP1_chr12	HAP1	HAP1	10	12	40995	143505	4067	180433	0.977460
chr10x12	10750001	11000000	HAP1_chr10	HAP1_chr12	HAP1	HAP1	10	12	165054	115980	6613	274421	0.975902
chr10x12	11000001	11250000	HAP1_chr10	HAP1_chr12	HAP1	HAP1	10	12	179176	98865	7698	270343	0.971525
chr10x12	11250001	11500000	HAP1_chr10	HAP1_chr12	HAP1	HAP1	10	12	174277	207648	10606	371319	0.971437
chr10x12	11500001	11750000	HAP1_chr10	HAP1_chr12	HAP1	HAP1	10	12	198742	203915	12522	390135	0.967903
chr10x12	11750001	12000000	HAP1_chr10	HAP1_chr12	HAP1	HAP1	10	12	174843	225852	20746	379949	0.945398
chr10x12	12000001	12250000	HAP1_chr10	HAP1_chr12	HAP1	HAP1	10	12	149571	239405	19739	369237	0.946541
chr10x12	12250001	12500000	HAP1_chr10	HAP1_chr12	HAP1	HAP1	10	12	116110	170244	34828	251526	0.861533
chr10x12	12500001	12750000	HAP1_chr10	HAP1_chr12	HAP1	HAP1	10	12	139081	167017	22791	283307	0.919554
chr10x12	12750001	13000000	HAP1_chr10	HAP1_chr12	HAP1	HAP1	10	12	128546	195597	22067	302076	0.926949
chr10x12	13000001	13250000	HAP1_chr10	HAP1_chr12	HAP1	HAP1	10	12	131781	170021	34969	266833	0.868948
chr10x12	13250001	13500000	HAP1_chr10	HAP1_chr12	HAP1	HAP1	10	12	205103	208649	17256	396496	0.956479
chr10x12	13500001	13750000	HAP1_chr10	HAP1_chr12	HAP1	HAP1	10	12	111912	152006	20230	243688	0.916984
chr10x12	13750001	14000000	HAP1_chr10	HAP1_chr12	HAP1	HAP1	10	12	178611	185430	23853	340188	0.929883
chr10x12	14000001	14250000	HAP1_chr10	HAP1_chr12	HAP1	HAP1	10	12	121635	202318	20566	303387	0.932212
chr10x12	14250001	14500000	HAP1_chr10	HAP1_chr12	HAP1	HAP1	10	12	177620	134758	25717	286661	0.910288
chr10x12	14500001	14750000	HAP1_chr10	HAP1_chr12	HAP1	HAP1	10	12	214104	135200	22032	327272	0.932680
chr10x12	14750001	15000000	HAP1_chr10	HAP1_chr12	HAP1	HAP1	10	12	155036	152546	31900	275682	0.884287
chr10x12	15000001	15250000	HAP1_chr10	HAP1_chr12	HAP1	HAP1	10	12	162192	209499	17670	354021	0.950088
chr10x12	15250001	15500000	HAP1_chr10	HAP1_chr12	HAP1	HAP1	10	12	155917	222501	13861	364557	0.961979
chr10x12	15500001	15750000	HAP1_chr10	HAP1_chr12	HAP1	HAP1	10	12	156745	169956	23649	303052	0.921964
chr10x12	15750001	16000000	HAP1_chr10	HAP1_chr12	HAP1	HAP1	10	12	140446	184845	21912	303379	0.927774
chr10x12	16000001	16250000	HAP1_chr10	HAP1_chr12	HAP1	HAP1	10	12	122079	197518	24024	295573	0.918721
chr10x12	16250001	16500000	HAP1_chr10	HAP1_chr12	HAP1	HAP1	10	12	182437	171213	20398	333252	0.938791
chr10x12	16500001	16750000	HAP1_chr10	HAP1_chr12	HAP1	HAP1	10	12	153698	174471	16837	311332	0.945919
chr10x12	16750001	17000000	HAP1_chr10	HAP1_chr12	HAP1	HAP1	10	12	141520	158545	21704	278361	0.922029
chr10x12	17000001	17250000	HAP1_chr10	HAP1_chr12	HAP1	HAP1	10	12	215317	130740	16710	329347	0.949263
chr10x12	17250001	17500000	HAP1_chr10	HAP1_chr12	HAP1	HAP1	10	12	132096	124867	19538	237425	0.917709
chr10x12	17500001	17750000	HAP1_chr10	HAP1_chr12	HAP1	HAP1	10	12	130554	18635	977	148212	0.993408
chr10x12	17750001	18000000	HAP1_chr10	HAP1_chr12	HAP1	HAP1	10	12	136468	63663	18875	181256	0.895866
chr10x12	18000001	18250000	HAP1_chr10	HAP1_chr12	HAP1	HAP1	10	12	123701	44938	17506	151133	0.884168
chr10x12	18250001	18500000	HAP1_chr10	HAP1_chr12	HAP1	HAP1	10	12	160044	43043	8075	195012	0.958592
chr10x12	18500001	18750000	HAP1_chr10	HAP1_chr12	HAP1	HAP1	10	12	193072	67381	11116	249337	0.955418
chr10x12	18750001	19000000	HAP1_chr10	HAP1_chr12	HAP1	HAP1	10	12	134948	105554	13148	227354	0.942169
chr10x12	19000001	19250000	HAP1_chr10	HAP1_chr12	HAP1	HAP1	10	12	164337	117170	19714	261793	0.924696
chr10x12	19250001	19500000	HAP1_chr10	HAP1_chr12	HAP1	HAP1	10	12	168009	16076	41	184044	0.999777
chr10x12	19500001	19750000	HAP1_chr10	HAP1_chr12	HAP1	HAP1	10	12	161796	19677	5498	175975	0.968757
chr10x12	19750001	20000000	HAP1_chr10	HAP1_chr12	HAP1	HAP1	10	12	157459	3642	4	161097	0.999975
chr10x12	20000001	20250000	HAP1_chr10	HAP1_chr12	HAP1	HAP1	10	12	128349	14537	13	142873	0.999909
chr10x12	20250001	20500000	HAP1_chr10	HAP1_chr12	HAP1	HAP1	10	12	155932	3021	10	158943	0.999937
chr10x12	20500001	20750000	HAP1_chr10	HAP1_chr12	HAP1	HAP1	10	12	132038	7126	50	139114	0.999641
chr10x12	20750001	21000000	HAP1_chr10	HAP1_chr12	HAP1	HAP1	10	12	13631	2963	151	16443	0.990817
chr10x12	21000001	21250000	HAP1_chr10	HAP1_chr12	HAP1	HAP1	10	12	24759	35318	4373	55704	0.921496
chr10x12	21250001	21500000	HAP1_chr10	HAP1_chr12	HAP1	HAP1	10	12	19989	18964	2762	36191	0.923683
chr10x12	21500001	21750000	HAP1_chr10	HAP1_chr12	HAP1	HAP1	10	12	5021	18726	1	23746	0.999958
chr10x12	21750001	22000000	HAP1_chr10	HAP1_chr12	HAP1	HAP1	10	12	6888	42436	17	49307	0.999655
chr10x12	22000001	22250000	HAP1_chr10	HAP1_chr12	HAP1	HAP1	10	12	24464	42953	34	67383	0.999495
chr10x12	22250001	22500000	HAP1_chr10	HAP1_chr12	HAP1	HAP1	10	12	3850	52500	2	56348	0.999965
chr10x12	22500001	22750000	HAP1_chr10	HAP1_chr12	HAP1	HAP1	10	12	19495	106515	2040	123970	0.983544
chr10x12	22750001	23000000	HAP1_chr10	HAP1_chr12	HAP1	HAP1	10	12	104910	201562	15341	291131	0.947306
chr10x12	23000001	23250000	HAP1_chr10	HAP1_chr12	HAP1	HAP1	10	12	157280	205546	21597	341229	0.936708
chr10x12	23250001	23500000	HAP1_chr10	HAP1_chr12	HAP1	HAP1	10	12	186274	214534	14166	386642	0.963361
chr10x12	23500001	23750000	HAP1_chr10	HAP1_chr12	HAP1	HAP1	10	12	218026	169886	17625	370287	0.952402
chr10x12	23750001	24000000	HAP1_chr10	HAP1_chr12	HAP1	HAP1	10	12	181668	135001	31680	284989	0.888838
chr10x12	24000001	24250000	HAP1_chr10	HAP1_chr12	HAP1	HAP1	10	12	180673	116020	23006	273687	0.915940
chr10x12	24250001	24500000	HAP1_chr10	HAP1_chr12	HAP1	HAP1	10	12	154789	131311	24401	261699	0.906759
chr10x12	24500001	24750000	HAP1_chr10	HAP1_chr12	HAP1	HAP1	10	12	157450	127422	28431	256441	0.889132
chr10x12	24750001	25000000	HAP1_chr10	HAP1_chr12	HAP1	HAP1	10	12	140629	113215	31525	222319	0.858199
chr10x12	25000001	25250000	HAP1_chr10	HAP1_chr12	HAP1	HAP1	10	12	152075	186816	49640	289251	0.828384
chr10x12	25250001	25500000	HAP1_chr10	HAP1_chr12	HAP1	HAP1	10	12	209305	201521	45359	365467	0.875888
chr10x12	25500001	25750000	HAP1_chr10	HAP1_chr12	HAP1	HAP1	10	12	165759	209010	19462	355307	0.945225
chr10x12	25750001	26000000	HAP1_chr10	HAP1_chr12	HAP1	HAP1	10	12	153803	216490	21920	348373	0.937079
chr10x12	26000001	26250000	HAP1_chr10	HAP1_chr12	HAP1	HAP1	10	12	180937	195755	18230	358462	0.949144
chr10x12	26250001	26500000	HAP1_chr10	HAP1_chr12	HAP1	HAP1	10	12	182515	187497	20708	349304	0.940716
chr10x12	26500001	26750000	HAP1_chr10	HAP1_chr12	HAP1	HAP1	10	12	170664	190876	20074	341466	0.941212
chr10x12	26750001	27000000	HAP1_chr10	HAP1_chr12	HAP1	HAP1	10	12	189772	183032	23367	349437	0.933130
chr10x12	27000001	27250000	HAP1_chr10	HAP1_chr12	HAP1	HAP1	10	12	180548	213335	18210	375673	0.951527
chr10x12	27250001	27500000	HAP1_chr10	HAP1_chr12	HAP1	HAP1	10	12	208093	216334	15155	409272	0.962971
chr10x12	27500001	27750000	HAP1_chr10	HAP1_chr12	HAP1	HAP1	10	12	205977	173907	13751	366133	0.962443
chr10x12	27750001	28000000	HAP1_chr10	HAP1_chr12	HAP1	HAP1	10	12	199465	157168	17264	339369	0.949129
chr10x12	28000001	28250000	HAP1_chr10	HAP1_chr12	HAP1	HAP1	10	12	216374	223366	11305	428435	0.973613
chr10x12	28250001	28500000	HAP1_chr10	HAP1_chr12	HAP1	HAP1	10	12	210988	207713	13666	405035	0.966260
chr10x12	28500001	28750000	HAP1_chr10	HAP1_chr12	HAP1	HAP1	10	12	231732	171030	12966	389796	0.966736
chr10x12	28750001	29000000	HAP1_chr10	HAP1_chr12	HAP1	HAP1	10	12	178783	203230	12860	369153	0.965163
chr10x12	29000001	29250000	HAP1_chr10	HAP1_chr12	HAP1	HAP1	10	12	192534	219278	13785	398027	0.965367
chr10x12	29250001	29500000	HAP1_chr10	HAP1_chr12	HAP1	HAP1	10	12	170598	195749	15226	351121	0.956636
chr10x12	29500001	29750000	HAP1_chr10	HAP1_chr12	HAP1	HAP1	10	12	172537	221233	9379	384391	0.975600
chr10x12	29750001	30000000	HAP1_chr10	HAP1_chr12	HAP1	HAP1	10	12	173946	202706	20904	355748	0.941239
chr10x12	30000001	30250000	HAP1_chr10	HAP1_chr12	HAP1	HAP1	10	12	213093	210134	5284	417943	0.987357
chr10x12	30250001	30500000	HAP1_chr10	HAP1_chr12	HAP1	HAP1	10	12	206642	203477	11904	398215	0.970107
chr10x12	30500001	30750000	HAP1_chr10	HAP1_chr12	HAP1	HAP1	10	12	220068	170361	17568	372861	0.952883
chr10x12	30750001	31000000	HAP1_chr10	HAP1_chr12	HAP1	HAP1	10	12	225701	205007	4671	426037	0.989036
chr10x12	31000001	31250000	HAP1_chr10	HAP1_chr12	HAP1	HAP1	10	12	233324	231002	14750	449576	0.967191
chr10x12	31250001	31500000	HAP1_chr10	HAP1_chr12	HAP1	HAP1	10	12	219800	223529	6441	436888	0.985257
chr10x12	31500001	31750000	HAP1_chr10	HAP1_chr12	HAP1	HAP1	10	12	208844	229572	5032	433384	0.988389
chr10x12	31750001	32000000	HAP1_chr10	HAP1_chr12	HAP1	HAP1	10	12	200809	205332	13430	392711	0.965802
chr10x12	32000001	32250000	HAP1_chr10	HAP1_chr12	HAP1	HAP1	10	12	207755	238930	4393	442292	0.990068
chr10x12	32250001	32500000	HAP1_chr10	HAP1_chr12	HAP1	HAP1	10	12	218666	229336	7336	440666	0.983352
chr10x12	32500001	32750000	HAP1_chr10	HAP1_chr12	HAP1	HAP1	10	12	221983	235158	2911	454230	0.993591
chr10x12	32750001	33000000	HAP1_chr10	HAP1_chr12	HAP1	HAP1	10	12	235948	234216	3761	466403	0.991936
chr10x12	33000001	33250000	HAP1_chr10	HAP1_chr12	HAP1	HAP1	10	12	233655	230786	3250	461191	0.992953
chr10x12	33250001	33500000	HAP1_chr10	HAP1_chr12	HAP1	HAP1	10	12	227170	229298	5475	450993	0.987860
chr10x12	33500001	33750000	HAP1_chr10	HAP1_chr12	HAP1	HAP1	10	12	226476	233954	2465	457965	0.994617
chr10x12	33750001	34000000	HAP1_chr10	HAP1_chr12	HAP1	HAP1	10	12	228690	232001	3984	456707	0.991277
chr10x12	34000001	34250000	HAP1_chr10	HAP1_chr12	HAP1	HAP1	10	12	227211	204704	4533	427382	0.989394
chr10x12	34250001	34500000	HAP1_chr10	HAP1_chr12	HAP1	HAP1	10	12	236465	231790	4073	464182	0.991225
chr10x12	34500001	34750000	HAP1_chr10	HAP1_chr12	HAP1	HAP1	10	12	233855	233327	2348	464834	0.994949
chr10x12	34750001	35000000	HAP1_chr10	HAP1_chr12	HAP1	HAP1	10	12	236323	237858	5719	468462	0.987792
chr10x12	35000001	35250000	HAP1_chr10	HAP1_chr12	HAP1	HAP1	10	12	231839	227163	3304	455698	0.992750
chr10x12	35250001	35500000	HAP1_chr10	HAP1_chr12	HAP1	HAP1	10	12	231495	235427	4071	462851	0.991205
chr10x12	35500001	35750000	HAP1_chr10	HAP1_chr12	HAP1	HAP1	10	12	234363	241011	5080	470294	0.989198
chr10x12	35750001	36000000	HAP1_chr10	HAP1_chr12	HAP1	HAP1	10	12	238823	234470	3283	470010	0.993015
chr10x12	36000001	36250000	HAP1_chr10	HAP1_chr12	HAP1	HAP1	10	12	225915	238734	5758	458891	0.987452
chr10x12	36250001	36500000	HAP1_chr10	HAP1_chr12	HAP1	HAP1	10	12	241235	221549	3476	459308	0.992432
chr10x12	36500001	36750000	HAP1_chr10	HAP1_chr12	HAP1	HAP1	10	12	236532	232372	3026	465878	0.993505
chr10x12	36750001	37000000	HAP1_chr10	HAP1_chr12	HAP1	HAP1	10	12	233311	232345	2895	462761	0.993744
chr10x12	37000001	37250000	HAP1_chr10	HAP1_chr12	HAP1	HAP1	10	12	229022	222422	2465	448979	0.994510
chr10x12	37250001	37500000	HAP1_chr10	HAP1_chr12	HAP1	HAP1	10	12	219896	242988	3451	459433	0.992489
chr10x12	37500001	37750000	HAP1_chr10	HAP1_chr12	HAP1	HAP1	10	12	233715	237481	3270	467926	0.993012
chr10x12	37750001	38000000	HAP1_chr10	HAP1_chr12	HAP1	HAP1	10	12	239060	222429	5617	455872	0.987679
chr10x12	38000001	38250000	HAP1_chr10	HAP1_chr12	HAP1	HAP1	10	12	224734	238653	6428	456959	0.985933
chr10x12	38250001	38500000	HAP1_chr10	HAP1_chr12	HAP1	HAP1	10	12	223209	237587	5552	455244	0.987804
chr10x12	38500001	38750000	HAP1_chr10	HAP1_chr12	HAP1	HAP1	10	12	239866	241133	2923	478076	0.993886
chr10x12	38750001	39000000	HAP1_chr10	HAP1_chr12	HAP1	HAP1	10	12	232958	226517	3946	455529	0.991338
chr10x12	39000001	39250000	HAP1_chr10	HAP1_chr12	HAP1	HAP1	10	12	237909	242088	3190	476807	0.993310
chr10x12	39250001	39500000	HAP1_chr10	HAP1_chr12	HAP1	HAP1	10	12	238936	230155	4221	464870	0.990920
chr10x12	39500001	39750000	HAP1_chr10	HAP1_chr12	HAP1	HAP1	10	12	219114	229550	2958	445706	0.993363
chr10x12	39750001	40000000	HAP1_chr10	HAP1_chr12	HAP1	HAP1	10	12	235769	124008	1919	357858	0.994638
chr10x12	40000001	40250000	HAP1_chr10	HAP1_chr12	HAP1	HAP1	10	12	236708	227075	4003	459780	0.991294
chr10x12	40250001	40500000	HAP1_chr10	HAP1_chr12	HAP1	HAP1	10	12	211963	234174	8495	437642	0.980589
chr10x12	40500001	40750000	HAP1_chr10	HAP1_chr12	HAP1	HAP1	10	12	232837	236445	3050	466232	0.993458
chr10x12	40750001	40861923	HAP1_chr10	HAP1_chr12	HAP1	HAP1	10	12	103882	93326	1010	196198	0.994852
chr11x16	1	250000	HAP1_chr11	HAP1_chr16	HAP1	HAP1	11	16	224252	238268	2393	460127	0.994799
chr11x16	250001	500000	HAP1_chr11	HAP1_chr16	HAP1	HAP1	11	16	218270	227814	4338	441746	0.990180
chr11x16	500001	750000	HAP1_chr11	HAP1_chr16	HAP1	HAP1	11	16	236391	240299	2947	473743	0.993779
chr11x16	750001	1000000	HAP1_chr11	HAP1_chr16	HAP1	HAP1	11	16	234616	238543	4156	469003	0.991139
chr11x16	1000001	1250000	HAP1_chr11	HAP1_chr16	HAP1	HAP1	11	16	235037	239173	2931	471279	0.993781
chr11x16	1250001	1500000	HAP1_chr11	HAP1_chr16	HAP1	HAP1	11	16	236094	230460	5014	461540	0.989136
chr11x16	1500001	1750000	HAP1_chr11	HAP1_chr16	HAP1	HAP1	11	16	240299	226256	2990	463565	0.993550
chr11x16	1750001	2000000	HAP1_chr11	HAP1_chr16	HAP1	HAP1	11	16	232272	228778	3381	457669	0.992613
chr11x16	2000001	2250000	HAP1_chr11	HAP1_chr16	HAP1	HAP1	11	16	238733	242293	2635	478391	0.994492
chr11x16	2250001	2500000	HAP1_chr11	HAP1_chr16	HAP1	HAP1	11	16	237809	231897	3172	466534	0.993201
chr11x16	2500001	2750000	HAP1_chr11	HAP1_chr16	HAP1	HAP1	11	16	216312	232730	6300	442742	0.985770
chr11x16	2750001	3000000	HAP1_chr11	HAP1_chr16	HAP1	HAP1	11	16	222538	236784	3134	456188	0.993130
chr11x16	3000001	3250000	HAP1_chr11	HAP1_chr16	HAP1	HAP1	11	16	227326	235641	2800	460167	0.993915
chr11x16	3250001	3500000	HAP1_chr11	HAP1_chr16	HAP1	HAP1	11	16	228485	197563	6520	419528	0.984459
chr11x16	3500001	3750000	HAP1_chr11	HAP1_chr16	HAP1	HAP1	11	16	224285	233623	8314	449594	0.981508
chr11x16	3750001	4000000	HAP1_chr11	HAP1_chr16	HAP1	HAP1	11	16	226096	231273	3365	454004	0.992588
chr11x16	4000001	4250000	HAP1_chr11	HAP1_chr16	HAP1	HAP1	11	16	206121	222660	4939	423842	0.988347
chr11x16	4250001	4500000	HAP1_chr11	HAP1_chr16	HAP1	HAP1	11	16	221126	216234	5842	431518	0.986462
chr11x16	4500001	4750000	HAP1_chr11	HAP1_chr16	HAP1	HAP1	11	16	200962	211925	3065	409822	0.992521
chr11x16	4750001	5000000	HAP1_chr11	HAP1_chr16	HAP1	HAP1	11	16	164560	225013	3098	386475	0.991984
chr11x16	5000001	5250000	HAP1_chr11	HAP1_chr16	HAP1	HAP1	11	16	227224	236312	6007	457529	0.986871
chr11x16	5250001	5500000	HAP1_chr11	HAP1_chr16	HAP1	HAP1	11	16	190153	217263	18611	388805	0.952133
chr11x16	5500001	5750000	HAP1_chr11	HAP1_chr16	HAP1	HAP1	11	16	213479	214168	16656	410991	0.959474
chr11x16	5750001	6000000	HAP1_chr11	HAP1_chr16	HAP1	HAP1	11	16	229272	224385	8895	444762	0.980001
chr11x16	6000001	6250000	HAP1_chr11	HAP1_chr16	HAP1	HAP1	11	16	236190	196605	9787	423008	0.976863
chr11x16	6250001	6500000	HAP1_chr11	HAP1_chr16	HAP1	HAP1	11	16	183479	222726	6466	399739	0.983824
chr11x16	6500001	6750000	HAP1_chr11	HAP1_chr16	HAP1	HAP1	11	16	186081	209261	16477	378865	0.956510
chr11x16	6750001	7000000	HAP1_chr11	HAP1_chr16	HAP1	HAP1	11	16	174913	229501	7376	397038	0.981422
chr11x16	7000001	7250000	HAP1_chr11	HAP1_chr16	HAP1	HAP1	11	16	204223	201676	19618	386281	0.949213
chr11x16	7250001	7500000	HAP1_chr11	HAP1_chr16	HAP1	HAP1	11	16	217200	187639	12560	392279	0.967982
chr11x16	7500001	7750000	HAP1_chr11	HAP1_chr16	HAP1	HAP1	11	16	201170	200195	8228	393137	0.979071
chr11x16	7750001	8000000	HAP1_chr11	HAP1_chr16	HAP1	HAP1	11	16	208155	223760	9204	422711	0.978226
chr11x16	8000001	8250000	HAP1_chr11	HAP1_chr16	HAP1	HAP1	11	16	118593	217915	5305	331203	0.983983
chr11x16	8250001	8500000	HAP1_chr11	HAP1_chr16	HAP1	HAP1	11	16	207150	233769	6443	434476	0.985171
chr11x16	8500001	8750000	HAP1_chr11	HAP1_chr16	HAP1	HAP1	11	16	190508	219600	9713	400395	0.975741
chr11x16	8750001	9000000	HAP1_chr11	HAP1_chr16	HAP1	HAP1	11	16	178412	184598	14620	348390	0.958036
chr11x16	9000001	9250000	HAP1_chr11	HAP1_chr16	HAP1	HAP1	11	16	213592	235780	13011	436361	0.970183
chr11x16	9250001	9500000	HAP1_chr11	HAP1_chr16	HAP1	HAP1	11	16	154124	150060	20475	283709	0.927831
chr11x16	9500001	9750000	HAP1_chr11	HAP1_chr16	HAP1	HAP1	11	16	171966	226456	13237	385185	0.965635
chr11x16	9750001	10000000	HAP1_chr11	HAP1_chr16	HAP1	HAP1	11	16	210469	181618	17962	374125	0.951989
chr11x16	10000001	10250000	HAP1_chr11	HAP1_chr16	HAP1	HAP1	11	16	159285	206413	26412	339286	0.922154
chr11x16	10250001	10500000	HAP1_chr11	HAP1_chr16	HAP1	HAP1	11	16	157318	147087	26513	277892	0.904592
chr11x16	10500001	10750000	HAP1_chr11	HAP1_chr16	HAP1	HAP1	11	16	132677	189486	26288	295875	0.911152
chr11x16	10750001	11000000	HAP1_chr11	HAP1_chr16	HAP1	HAP1	11	16	119327	152324	26067	245584	0.893857
chr11x16	11000001	11250000	HAP1_chr11	HAP1_chr16	HAP1	HAP1	11	16	211923	177074	18670	370327	0.949585
chr11x16	11250001	11500000	HAP1_chr11	HAP1_chr16	HAP1	HAP1	11	16	95190	214284	16864	292610	0.942367
chr11x16	11500001	11750000	HAP1_chr11	HAP1_chr16	HAP1	HAP1	11	16	126034	179320	24623	280731	0.912290
chr11x16	11750001	12000000	HAP1_chr11	HAP1_chr16	HAP1	HAP1	11	16	134326	168670	22059	280937	0.921481
chr11x16	12000001	12250000	HAP1_chr11	HAP1_chr16	HAP1	HAP1	11	16	190844	135791	19519	307116	0.936444
chr11x16	12250001	12500000	HAP1_chr11	HAP1_chr16	HAP1	HAP1	11	16	179047	172183	13758	337472	0.959232
chr11x16	12500001	12750000	HAP1_chr11	HAP1_chr16	HAP1	HAP1	11	16	195111	198219	23460	369870	0.936572
chr11x16	12750001	13000000	HAP1_chr11	HAP1_chr16	HAP1	HAP1	11	16	158688	192245	24339	326594	0.925476
chr11x16	13000001	13250000	HAP1_chr11	HAP1_chr16	HAP1	HAP1	11	16	182883	179242	22020	340105	0.935255
chr11x16	13250001	13500000	HAP1_chr11	HAP1_chr16	HAP1	HAP1	11	16	161411	167933	23046	306298	0.924760
chr11x16	13500001	13750000	HAP1_chr11	HAP1_chr16	HAP1	HAP1	11	16	134703	132744	34467	232980	0.852060
chr11x16	13750001	14000000	HAP1_chr11	HAP1_chr16	HAP1	HAP1	11	16	154548	183334	28382	309500	0.908297
chr11x16	14000001	14250000	HAP1_chr11	HAP1_chr16	HAP1	HAP1	11	16	213025	143496	16641	339880	0.951039
chr11x16	14250001	14500000	HAP1_chr11	HAP1_chr16	HAP1	HAP1	11	16	168283	160153	30978	297458	0.895858
chr11x16	14500001	14750000	HAP1_chr11	HAP1_chr16	HAP1	HAP1	11	16	133730	143205	28304	248631	0.886161
chr11x16	14750001	15000000	HAP1_chr11	HAP1_chr16	HAP1	HAP1	11	16	103815	139691	27154	216352	0.874492
chr11x16	15000001	15250000	HAP1_chr11	HAP1_chr16	HAP1	HAP1	11	16	109155	83192	16725	175622	0.904767
chr11x16	15250001	15500000	HAP1_chr11	HAP1_chr16	HAP1	HAP1	11	16	179327	18944	3611	194660	0.981450
chr11x16	15500001	15750000	HAP1_chr11	HAP1_chr16	HAP1	HAP1	11	16	119861	18812	17	138656	0.999877
chr11x16	15750001	16000000	HAP1_chr11	HAP1_chr16	HAP1	HAP1	11	16	164540	16735	25	181250	0.999862
chr11x16	16000001	16250000	HAP1_chr11	HAP1_chr16	HAP1	HAP1	11	16	117670	31126	1557	147239	0.989425
chr11x16	16250001	16500000	HAP1_chr11	HAP1_chr16	HAP1	HAP1	11	16	122988	18234	52	141170	0.999632
chr11x16	16500001	16750000	HAP1_chr11	HAP1_chr16	HAP1	HAP1	11	16	171678	26913	59	198532	0.999703
chr11x16	16750001	17000000	HAP1_chr11	HAP1_chr16	HAP1	HAP1	11	16	97597	15204	32	112769	0.999716
chr11x16	17000001	17250000	HAP1_chr11	HAP1_chr16	HAP1	HAP1	11	16	101554	59620	17379	143795	0.879140
chr11x16	17250001	17500000	HAP1_chr11	HAP1_chr16	HAP1	HAP1	11	16	118891	44285	16678	146498	0.886155
chr11x16	17500001	17750000	HAP1_chr11	HAP1_chr16	HAP1	HAP1	11	16	117261	134137	28307	223091	0.873115
chr11x16	17750001	18000000	HAP1_chr11	HAP1_chr16	HAP1	HAP1	11	16	124998	150077	41223	233852	0.823722
chr11x16	18000001	18250000	HAP1_chr11	HAP1_chr16	HAP1	HAP1	11	16	96542	119767	27206	189103	0.856131
chr11x16	18250001	18500000	HAP1_chr11	HAP1_chr16	HAP1	HAP1	11	16	118758	119792	37243	201307	0.814994
chr11x16	18500001	18750000	HAP1_chr11	HAP1_chr16	HAP1	HAP1	11	16	147839	168495	30512	285822	0.893248
chr11x16	18750001	19000000	HAP1_chr11	HAP1_chr16	HAP1	HAP1	11	16	128702	106660	34181	201181	0.830098
chr11x16	19000001	19250000	HAP1_chr11	HAP1_chr16	HAP1	HAP1	11	16	111034	153462	30605	233891	0.869148
chr11x16	19250001	19500000	HAP1_chr11	HAP1_chr16	HAP1	HAP1	11	16	124129	154493	33721	244901	0.862308
chr11x16	19500001	19750000	HAP1_chr11	HAP1_chr16	HAP1	HAP1	11	16	119142	133417	33902	218657	0.844954
chr11x16	19750001	20000000	HAP1_chr11	HAP1_chr16	HAP1	HAP1	11	16	125612	154353	31782	248183	0.871941
chr11x16	20000001	20250000	HAP1_chr11	HAP1_chr16	HAP1	HAP1	11	16	110477	174054	23543	260988	0.909793
chr11x16	20250001	20500000	HAP1_chr11	HAP1_chr16	HAP1	HAP1	11	16	98248	150502	26407	222343	0.881233
chr11x16	20500001	20750000	HAP1_chr11	HAP1_chr16	HAP1	HAP1	11	16	121662	209857	21792	309727	0.929641
chr11x16	20750001	21000000	HAP1_chr11	HAP1_chr16	HAP1	HAP1	11	16	102830	175082	22232	255680	0.913048
chr11x16	21000001	21250000	HAP1_chr11	HAP1_chr16	HAP1	HAP1	11	16	125631	177227	29616	273242	0.891613
chr11x16	21250001	21500000	HAP1_chr11	HAP1_chr16	HAP1	HAP1	11	16	88138	147844	22891	213091	0.892576
chr11x16	21500001	21750000	HAP1_chr11	HAP1_chr16	HAP1	HAP1	11	16	57501	146059	22475	181085	0.875887
chr11x16	21750001	22000000	HAP1_chr11	HAP1_chr16	HAP1	HAP1	11	16	81180	162765	14166	229779	0.938349
chr11x16	22000001	22250000	HAP1_chr11	HAP1_chr16	HAP1	HAP1	11	16	85156	125022	29131	181047	0.839097
chr11x16	22250001	22500000	HAP1_chr11	HAP1_chr16	HAP1	HAP1	11	16	74120	110092	25906	158306	0.836355
chr11x16	22500001	22750000	HAP1_chr11	HAP1_chr16	HAP1	HAP1	11	16	158600	173249	30910	300939	0.897288
chr11x16	22750001	23000000	HAP1_chr11	HAP1_chr16	HAP1	HAP1	11	16	121464	160745	30502	251707	0.878819
chr11x16	23000001	23250000	HAP1_chr11	HAP1_chr16	HAP1	HAP1	11	16	160373	111912	28365	243920	0.883712
chr11x16	23250001	23500000	HAP1_chr11	HAP1_chr16	HAP1	HAP1	11	16	122624	168456	22309	268771	0.916996
chr11x16	23500001	23750000	HAP1_chr11	HAP1_chr16	HAP1	HAP1	11	16	155719	190313	25685	320347	0.919821
chr11x16	23750001	24000000	HAP1_chr11	HAP1_chr16	HAP1	HAP1	11	16	103441	141256	33679	211018	0.840398
chr11x16	24000001	24250000	HAP1_chr11	HAP1_chr16	HAP1	HAP1	11	16	100176	141741	30588	211329	0.855259
chr11x16	24250001	24500000	HAP1_chr11	HAP1_chr16	HAP1	HAP1	11	16	121733	130234	28718	223249	0.871363
chr11x16	24500001	24750000	HAP1_chr11	HAP1_chr16	HAP1	HAP1	11	16	79900	169603	19899	229604	0.913333
chr11x16	24750001	25000000	HAP1_chr11	HAP1_chr16	HAP1	HAP1	11	16	23929	138133	10105	151957	0.933501
chr11x16	25000001	25250000	HAP1_chr11	HAP1_chr16	HAP1	HAP1	11	16	34115	126402	8310	152207	0.945403
chr11x16	25250001	25500000	HAP1_chr11	HAP1_chr16	HAP1	HAP1	11	16	26922	158978	103	185797	0.999446
chr11x16	25500001	25750000	HAP1_chr11	HAP1_chr16	HAP1	HAP1	11	16	70294	185761	11197	244858	0.954271
chr11x16	25750001	26000000	HAP1_chr11	HAP1_chr16	HAP1	HAP1	11	16	68944	214937	10891	272990	0.960105
chr11x16	26000001	26250000	HAP1_chr11	HAP1_chr16	HAP1	HAP1	11	16	189246	200415	20427	369234	0.944677
chr11x16	26250001	26500000	HAP1_chr11	HAP1_chr16	HAP1	HAP1	11	16	107033	160967	29287	238713	0.877313
chr11x16	26500001	26750000	HAP1_chr11	HAP1_chr16	HAP1	HAP1	11	16	93482	128886	30452	191916	0.841326
chr11x16	26750001	27000000	HAP1_chr11	HAP1_chr16	HAP1	HAP1	11	16	90942	110385	25494	175833	0.855010
chr11x16	27000001	27250000	HAP1_chr11	HAP1_chr16	HAP1	HAP1	11	16	178097	201810	22728	357179	0.936368
chr11x16	27250001	27500000	HAP1_chr11	HAP1_chr16	HAP1	HAP1	11	16	202540	195058	20678	376920	0.945140
chr11x16	27500001	27750000	HAP1_chr11	HAP1_chr16	HAP1	HAP1	11	16	219470	209077	12184	416363	0.970737
chr11x16	27750001	28000000	HAP1_chr11	HAP1_chr16	HAP1	HAP1	11	16	158626	163021	27537	294110	0.906372
chr11x16	28000001	28250000	HAP1_chr11	HAP1_chr16	HAP1	HAP1	11	16	207154	133513	16316	324351	0.949696
chr11x16	28250001	28500000	HAP1_chr11	HAP1_chr16	HAP1	HAP1	11	16	191087	185671	21998	354760	0.937992
chr11x16	28500001	28750000	HAP1_chr11	HAP1_chr16	HAP1	HAP1	11	16	181529	194632	16399	359762	0.954417
chr11x16	28750001	29000000	HAP1_chr11	HAP1_chr16	HAP1	HAP1	11	16	205912	157531	19021	344422	0.944774
chr11x16	29000001	29250000	HAP1_chr11	HAP1_chr16	HAP1	HAP1	11	16	205946	211478	10839	406585	0.973341
chr11x16	29250001	29500000	HAP1_chr11	HAP1_chr16	HAP1	HAP1	11	16	170029	71947	3327	238649	0.986059
chr11x16	29500001	29750000	HAP1_chr11	HAP1_chr16	HAP1	HAP1	11	16	209820	122294	4826	327288	0.985255
chr11x16	29750001	30000000	HAP1_chr11	HAP1_chr16	HAP1	HAP1	11	16	224788	217654	11159	431283	0.974126
chr11x16	30000001	30250000	HAP1_chr11	HAP1_chr16	HAP1	HAP1	11	16	212277	217565	11662	418180	0.972112
chr11x16	30250001	30500000	HAP1_chr11	HAP1_chr16	HAP1	HAP1	11	16	121617	222350	6566	337401	0.980539
chr11x16	30500001	30750000	HAP1_chr11	HAP1_chr16	HAP1	HAP1	11	16	210805	217242	14921	413126	0.963883
chr11x16	30750001	31000000	HAP1_chr11	HAP1_chr16	HAP1	HAP1	11	16	236264	215280	4978	446566	0.988853
chr11x16	31000001	31250000	HAP1_chr11	HAP1_chr16	HAP1	HAP1	11	16	221143	224422	9321	436244	0.978634
chr11x16	31250001	31500000	HAP1_chr11	HAP1_chr16	HAP1	HAP1	11	16	207275	206165	18910	394530	0.952070
chr11x16	31500001	31750000	HAP1_chr11	HAP1_chr16	HAP1	HAP1	11	16	201049	166022	5358	361713	0.985187
chr11x16	31750001	32000000	HAP1_chr11	HAP1_chr16	HAP1	HAP1	11	16	216715	211478	17701	410492	0.956879
chr11x16	32000001	32250000	HAP1_chr11	HAP1_chr16	HAP1	HAP1	11	16	229874	229682	10298	449258	0.977078
chr11x16	32250001	32500000	HAP1_chr11	HAP1_chr16	HAP1	HAP1	11	16	232262	212468	9522	435208	0.978121
chr11x16	32500001	32750000	HAP1_chr11	HAP1_chr16	HAP1	HAP1	11	16	229418	205861	3373	431906	0.992190
chr11x16	32750001	33000000	HAP1_chr11	HAP1_chr16	HAP1	HAP1	11	16	208940	239951	5859	443032	0.986775
chr11x16	33000001	33250000	HAP1_chr11	HAP1_chr16	HAP1	HAP1	11	16	232418	211952	5400	438970	0.987698
chr11x16	33250001	33500000	HAP1_chr11	HAP1_chr16	HAP1	HAP1	11	16	220670	238114	8347	450437	0.981469
chr11x16	33500001	33750000	HAP1_chr11	HAP1_chr16	HAP1	HAP1	11	16	209793	226228	4902	431119	0.988630
chr11x16	33750001	34000000	HAP1_chr11	HAP1_chr16	HAP1	HAP1	11	16	221847	239171	4405	456613	0.990353
chr11x16	34000001	34250000	HAP1_chr11	HAP1_chr16	HAP1	HAP1	11	16	235239	238178	3314	470103	0.992950
chr11x16	34250001	34500000	HAP1_chr11	HAP1_chr16	HAP1	HAP1	11	16	238327	239160	2509	474978	0.994718
chr11x16	34500001	34750000	HAP1_chr11	HAP1_chr16	HAP1	HAP1	11	16	231538	228716	4556	455698	0.990002
chr11x16	34750001	35000000	HAP1_chr11	HAP1_chr16	HAP1	HAP1	11	16	236169	233584	3904	465849	0.991620
chr11x16	35000001	35250000	HAP1_chr11	HAP1_chr16	HAP1	HAP1	11	16	224523	232822	2926	454419	0.993561
chr11x16	35250001	35500000	HAP1_chr11	HAP1_chr16	HAP1	HAP1	11	16	231580	235677	3413	463844	0.992642
chr11x16	35500001	35750000	HAP1_chr11	HAP1_chr16	HAP1	HAP1	11	16	234692	224423	3007	456108	0.993407
chr11x16	35750001	36000000	HAP1_chr11	HAP1_chr16	HAP1	HAP1	11	16	239616	230072	1966	467722	0.995797
chr11x16	36000001	36250000	HAP1_chr11	HAP1_chr16	HAP1	HAP1	11	16	222991	137923	9246	351668	0.973708
chr11x16	36250001	36341755	HAP1_chr11	HAP1_chr16	HAP1	HAP1	11	16	87510	89394	530	176374	0.996995
chr15x19	1	250000	HAP1_chr15	HAP1_chr19	HAP1	HAP1	15	19	224976	190804	55876	359904	0.844747
chr15x19	250001	500000	HAP1_chr15	HAP1_chr19	HAP1	HAP1	15	19	199900	227063	18281	408682	0.955268
chr15x19	500001	750000	HAP1_chr15	HAP1_chr19	HAP1	HAP1	15	19	212899	207251	20544	399606	0.948589
chr15x19	750001	1000000	HAP1_chr15	HAP1_chr19	HAP1	HAP1	15	19	231560	214332	13941	431951	0.967726
chr15x19	1000001	1250000	HAP1_chr15	HAP1_chr19	HAP1	HAP1	15	19	237497	209615	3332	443780	0.992492
chr15x19	1250001	1500000	HAP1_chr15	HAP1_chr19	HAP1	HAP1	15	19	216349	226183	8055	434477	0.981460
chr15x19	1500001	1750000	HAP1_chr15	HAP1_chr19	HAP1	HAP1	15	19	222385	200896	2187	421094	0.994806
chr15x19	1750001	2000000	HAP1_chr15	HAP1_chr19	HAP1	HAP1	15	19	237418	230801	3609	464610	0.992232
chr15x19	2000001	2250000	HAP1_chr15	HAP1_chr19	HAP1	HAP1	15	19	232793	188422	10233	410982	0.975101
chr15x19	2250001	2500000	HAP1_chr15	HAP1_chr19	HAP1	HAP1	15	19	226436	237724	3055	461105	0.993375
chr15x19	2500001	2750000	HAP1_chr15	HAP1_chr19	HAP1	HAP1	15	19	217648	235446	4622	448472	0.989694
chr15x19	2750001	3000000	HAP1_chr15	HAP1_chr19	HAP1	HAP1	15	19	236533	234325	12083	458775	0.973662
chr15x19	3000001	3250000	HAP1_chr15	HAP1_chr19	HAP1	HAP1	15	19	237176	231829	4967	464038	0.989296
chr15x19	3250001	3500000	HAP1_chr15	HAP1_chr19	HAP1	HAP1	15	19	232444	223787	3091	453140	0.993179
chr15x19	3500001	3750000	HAP1_chr15	HAP1_chr19	HAP1	HAP1	15	19	169591	217784	4702	382673	0.987713
chr15x19	3750001	4000000	HAP1_chr15	HAP1_chr19	HAP1	HAP1	15	19	230355	228343	4698	454000	0.989652
chr15x19	4000001	4250000	HAP1_chr15	HAP1_chr19	HAP1	HAP1	15	19	229227	228084	5468	451843	0.987898
chr15x19	4250001	4500000	HAP1_chr15	HAP1_chr19	HAP1	HAP1	15	19	221750	231543	8424	444869	0.981064
chr15x19	4500001	4750000	HAP1_chr15	HAP1_chr19	HAP1	HAP1	15	19	218509	238481	3951	453039	0.991279
chr15x19	4750001	5000000	HAP1_chr15	HAP1_chr19	HAP1	HAP1	15	19	191390	225583	4436	412537	0.989247
chr15x19	5000001	5250000	HAP1_chr15	HAP1_chr19	HAP1	HAP1	15	19	164740	228000	8050	384690	0.979074
chr15x19	5250001	5500000	HAP1_chr15	HAP1_chr19	HAP1	HAP1	15	19	229428	229058	30160	428326	0.929586
chr15x19	5500001	5750000	HAP1_chr15	HAP1_chr19	HAP1	HAP1	15	19	230117	236768	38969	427916	0.908933
chr15x19	5750001	6000000	HAP1_chr15	HAP1_chr19	HAP1	HAP1	15	19	234064	225967	48067	411964	0.883322
chr15x19	6000001	6250000	HAP1_chr15	HAP1_chr19	HAP1	HAP1	15	19	217746	210637	30115	398268	0.924385
chr15x19	6250001	6500000	HAP1_chr15	HAP1_chr19	HAP1	HAP1	15	19	220393	207723	4247	423869	0.989980
chr15x19	6500001	6750000	HAP1_chr15	HAP1_chr19	HAP1	HAP1	15	19	165474	188441	12816	341099	0.962427
chr15x19	6750001	7000000	HAP1_chr15	HAP1_chr19	HAP1	HAP1	15	19	175570	220769	1144	395195	0.997105
chr15x19	7000001	7250000	HAP1_chr15	HAP1_chr19	HAP1	HAP1	15	19	119836	200221	20468	299589	0.931680
chr15x19	7250001	7500000	HAP1_chr15	HAP1_chr19	HAP1	HAP1	15	19	166013	234882	7542	393353	0.980826
chr15x19	7500001	7750000	HAP1_chr15	HAP1_chr19	HAP1	HAP1	15	19	206556	220604	16217	410943	0.960537
chr15x19	7750001	8000000	HAP1_chr15	HAP1_chr19	HAP1	HAP1	15	19	231857	226833	7631	451059	0.983082
chr15x19	8000001	8250000	HAP1_chr15	HAP1_chr19	HAP1	HAP1	15	19	206685	202171	10087	398769	0.974705
chr15x19	8250001	8500000	HAP1_chr15	HAP1_chr19	HAP1	HAP1	15	19	140906	212276	7711	345471	0.977680
chr15x19	8500001	8750000	HAP1_chr15	HAP1_chr19	HAP1	HAP1	15	19	149121	206616	21684	334053	0.935088
chr15x19	8750001	9000000	HAP1_chr15	HAP1_chr19	HAP1	HAP1	15	19	179287	232778	14279	397786	0.964104
chr15x19	9000001	9250000	HAP1_chr15	HAP1_chr19	HAP1	HAP1	15	19	189487	213421	21475	381433	0.943699
chr15x19	9250001	9500000	HAP1_chr15	HAP1_chr19	HAP1	HAP1	15	19	173408	176456	23584	326280	0.927719
chr15x19	9500001	9750000	HAP1_chr15	HAP1_chr19	HAP1	HAP1	15	19	168255	175398	24283	319370	0.923966
chr15x19	9750001	10000000	HAP1_chr15	HAP1_chr19	HAP1	HAP1	15	19	210596	196774	17965	389405	0.953866
chr15x19	10000001	10250000	HAP1_chr15	HAP1_chr19	HAP1	HAP1	15	19	192218	144597	8569	328246	0.973895
chr15x19	10250001	10500000	HAP1_chr15	HAP1_chr19	HAP1	HAP1	15	19	189889	178336	23321	344904	0.932384
chr15x19	10500001	10750000	HAP1_chr15	HAP1_chr19	HAP1	HAP1	15	19	162219	178429	19157	321491	0.940412
chr15x19	10750001	11000000	HAP1_chr15	HAP1_chr19	HAP1	HAP1	15	19	150875	146910	34474	263311	0.869075
chr15x19	11000001	11250000	HAP1_chr15	HAP1_chr19	HAP1	HAP1	15	19	131801	160773	27430	265144	0.896547
chr15x19	11250001	11500000	HAP1_chr15	HAP1_chr19	HAP1	HAP1	15	19	136220	176457	19186	293491	0.934628
chr15x19	11500001	11750000	HAP1_chr15	HAP1_chr19	HAP1	HAP1	15	19	147888	146028	28892	265024	0.890983
chr15x19	11750001	12000000	HAP1_chr15	HAP1_chr19	HAP1	HAP1	15	19	119402	192401	25667	286136	0.910298
chr15x19	12000001	12250000	HAP1_chr15	HAP1_chr19	HAP1	HAP1	15	19	150415	136569	29487	257497	0.885486
chr15x19	12250001	12500000	HAP1_chr15	HAP1_chr19	HAP1	HAP1	15	19	162927	188048	21368	329607	0.935171
chr15x19	12500001	12750000	HAP1_chr15	HAP1_chr19	HAP1	HAP1	15	19	175479	174586	27694	322371	0.914093
chr15x19	12750001	13000000	HAP1_chr15	HAP1_chr19	HAP1	HAP1	15	19	142633	200639	25605	317667	0.919397
chr15x19	13000001	13250000	HAP1_chr15	HAP1_chr19	HAP1	HAP1	15	19	172201	207634	24672	355163	0.930533
chr15x19	13250001	13500000	HAP1_chr15	HAP1_chr19	HAP1	HAP1	15	19	111803	195949	18518	289234	0.935976
chr15x19	13500001	13750000	HAP1_chr15	HAP1_chr19	HAP1	HAP1	15	19	170250	118508	16244	272514	0.940392
chr15x19	13750001	14000000	HAP1_chr15	HAP1_chr19	HAP1	HAP1	15	19	149257	134922	27894	256285	0.891160
chr15x19	14000001	14250000	HAP1_chr15	HAP1_chr19	HAP1	HAP1	15	19	108324	114433	31282	191475	0.836626
chr15x19	14250001	14500000	HAP1_chr15	HAP1_chr19	HAP1	HAP1	15	19	166608	145428	25735	286301	0.910112
chr15x19	14500001	14750000	HAP1_chr15	HAP1_chr19	HAP1	HAP1	15	19	125155	137724	29894	232985	0.871691
chr15x19	14750001	15000000	HAP1_chr15	HAP1_chr19	HAP1	HAP1	15	19	101830	159280	27082	234028	0.884279
chr15x19	15000001	15250000	HAP1_chr15	HAP1_chr19	HAP1	HAP1	15	19	159493	185216	19578	325131	0.939784
chr15x19	15250001	15500000	HAP1_chr15	HAP1_chr19	HAP1	HAP1	15	19	172701	152180	30428	294453	0.896663
chr15x19	15500001	15750000	HAP1_chr15	HAP1_chr19	HAP1	HAP1	15	19	162870	196465	23038	336297	0.931495
chr15x19	15750001	16000000	HAP1_chr15	HAP1_chr19	HAP1	HAP1	15	19	132858	194107	22345	304620	0.926646
chr15x19	16000001	16250000	HAP1_chr15	HAP1_chr19	HAP1	HAP1	15	19	119100	160178	22375	256903	0.912905
chr15x19	16250001	16500000	HAP1_chr15	HAP1_chr19	HAP1	HAP1	15	19	120829	181960	21148	281641	0.924912
chr15x19	16500001	16750000	HAP1_chr15	HAP1_chr19	HAP1	HAP1	15	19	145221	105359	26157	224423	0.883448
chr15x19	16750001	17000000	HAP1_chr15	HAP1_chr19	HAP1	HAP1	15	19	113810	128867	31085	211592	0.853090
chr15x19	17000001	17250000	HAP1_chr15	HAP1_chr19	HAP1	HAP1	15	19	171295	166123	24095	313323	0.923099
chr15x19	17250001	17500000	HAP1_chr15	HAP1_chr19	HAP1	HAP1	15	19	150203	172357	29466	293094	0.899466
chr15x19	17500001	17750000	HAP1_chr15	HAP1_chr19	HAP1	HAP1	15	19	122783	124864	33032	214615	0.846087
chr15x19	17750001	18000000	HAP1_chr15	HAP1_chr19	HAP1	HAP1	15	19	121035	147352	39253	229134	0.828690
chr15x19	18000001	18250000	HAP1_chr15	HAP1_chr19	HAP1	HAP1	15	19	151670	128305	38791	241184	0.839164
chr15x19	18250001	18500000	HAP1_chr15	HAP1_chr19	HAP1	HAP1	15	19	142843	141259	39386	244716	0.839054
chr15x19	18500001	18750000	HAP1_chr15	HAP1_chr19	HAP1	HAP1	15	19	205372	156317	22958	338731	0.932224
chr15x19	18750001	19000000	HAP1_chr15	HAP1_chr19	HAP1	HAP1	15	19	108831	128343	40941	196233	0.791365
chr15x19	19000001	19250000	HAP1_chr15	HAP1_chr19	HAP1	HAP1	15	19	139471	154312	35678	258105	0.861769
chr15x19	19250001	19500000	HAP1_chr15	HAP1_chr19	HAP1	HAP1	15	19	143444	203422	19420	327446	0.940693
chr15x19	19500001	19750000	HAP1_chr15	HAP1_chr19	HAP1	HAP1	15	19	157257	137671	35862	259066	0.861572
chr15x19	19750001	20000000	HAP1_chr15	HAP1_chr19	HAP1	HAP1	15	19	144446	134207	24558	254095	0.903351
chr15x19	20000001	20250000	HAP1_chr15	HAP1_chr19	HAP1	HAP1	15	19	126511	130109	23682	232938	0.898333
chr15x19	20250001	20500000	HAP1_chr15	HAP1_chr19	HAP1	HAP1	15	19	168654	220375	18517	370512	0.950023
chr15x19	20500001	20750000	HAP1_chr15	HAP1_chr19	HAP1	HAP1	15	19	160880	125353	23259	262974	0.911554
chr15x19	20750001	21000000	HAP1_chr15	HAP1_chr19	HAP1	HAP1	15	19	193939	177156	28560	342535	0.916622
chr15x19	21000001	21250000	HAP1_chr15	HAP1_chr19	HAP1	HAP1	15	19	135608	118614	31442	222780	0.858865
chr15x19	21250001	21500000	HAP1_chr15	HAP1_chr19	HAP1	HAP1	15	19	121509	193448	22393	292564	0.923459
chr15x19	21500001	21750000	HAP1_chr15	HAP1_chr19	HAP1	HAP1	15	19	127271	212444	17339	322376	0.946215
chr15x19	21750001	22000000	HAP1_chr15	HAP1_chr19	HAP1	HAP1	15	19	129606	191262	20872	299996	0.930426
chr15x19	22000001	22250000	HAP1_chr15	HAP1_chr19	HAP1	HAP1	15	19	132275	189781	22883	299173	0.923512
chr15x19	22250001	22500000	HAP1_chr15	HAP1_chr19	HAP1	HAP1	15	19	136876	121141	13842	244175	0.943311
chr15x19	22500001	22750000	HAP1_chr15	HAP1_chr19	HAP1	HAP1	15	19	125228	97184	11577	210835	0.945090
chr15x19	22750001	23000000	HAP1_chr15	HAP1_chr19	HAP1	HAP1	15	19	142424	188538	18479	312483	0.940864
chr15x19	23000001	23250000	HAP1_chr15	HAP1_chr19	HAP1	HAP1	15	19	141771	217293	8237	350827	0.976521
chr15x19	23250001	23500000	HAP1_chr15	HAP1_chr19	HAP1	HAP1	15	19	187306	237751	12913	412144	0.968669
chr15x19	23500001	23750000	HAP1_chr15	HAP1_chr19	HAP1	HAP1	15	19	142653	229155	5952	365856	0.983731
chr15x19	23750001	24000000	HAP1_chr15	HAP1_chr19	HAP1	HAP1	15	19	174481	230858	9590	395749	0.975767
chr15x19	24000001	24250000	HAP1_chr15	HAP1_chr19	HAP1	HAP1	15	19	176843	173861	23457	327247	0.928320
chr15x19	24250001	24500000	HAP1_chr15	HAP1_chr19	HAP1	HAP1	15	19	186693	207488	17970	376211	0.952234
chr15x19	24500001	24750000	HAP1_chr15	HAP1_chr19	HAP1	HAP1	15	19	218513	208796	6648	420661	0.984196
chr15x19	24750001	25000000	HAP1_chr15	HAP1_chr19	HAP1	HAP1	15	19	187506	222698	8139	402065	0.979757
chr15x19	25000001	25250000	HAP1_chr15	HAP1_chr19	HAP1	HAP1	15	19	155508	211917	26022	341403	0.923779
chr15x19	25250001	25500000	HAP1_chr15	HAP1_chr19	HAP1	HAP1	15	19	153826	232417	6372	379871	0.983226
chr15x19	25500001	25750000	HAP1_chr15	HAP1_chr19	HAP1	HAP1	15	19	191723	230025	14129	407619	0.965338
chr15x19	25750001	26000000	HAP1_chr15	HAP1_chr19	HAP1	HAP1	15	19	216252	220701	6651	430302	0.984543
chr15x19	26000001	26250000	HAP1_chr15	HAP1_chr19	HAP1	HAP1	15	19	199588	232933	7569	424952	0.982189
chr15x19	26250001	26500000	HAP1_chr15	HAP1_chr19	HAP1	HAP1	15	19	231015	226526	3731	453810	0.991778
chr15x19	26500001	26750000	HAP1_chr15	HAP1_chr19	HAP1	HAP1	15	19	201803	230519	5004	427318	0.988290
chr15x19	26750001	27000000	HAP1_chr15	HAP1_chr19	HAP1	HAP1	15	19	210757	231358	4442	437673	0.989851
chr15x19	27000001	27250000	HAP1_chr15	HAP1_chr19	HAP1	HAP1	15	19	129370	236098	813	364655	0.997770
chr15x19	27250001	27500000	HAP1_chr15	HAP1_chr19	HAP1	HAP1	15	19	218016	240182	2310	455888	0.994933
chr15x19	27500001	27750000	HAP1_chr15	HAP1_chr19	HAP1	HAP1	15	19	177886	230049	3008	404927	0.992572
chr15x19	27750001	28000000	HAP1_chr15	HAP1_chr19	HAP1	HAP1	15	19	221980	237635	2318	457297	0.994931
chr15x19	28000001	28250000	HAP1_chr15	HAP1_chr19	HAP1	HAP1	15	19	234550	219198	11211	442537	0.974667
chr15x19	28250001	28500000	HAP1_chr15	HAP1_chr19	HAP1	HAP1	15	19	239141	234238	4059	469320	0.991351
chr15x19	28500001	28750000	HAP1_chr15	HAP1_chr19	HAP1	HAP1	15	19	228580	231799	3245	457134	0.992901
chr15x19	28750001	29000000	HAP1_chr15	HAP1_chr19	HAP1	HAP1	15	19	236342	231040	2784	464598	0.994008
chr15x19	29000001	29250000	HAP1_chr15	HAP1_chr19	HAP1	HAP1	15	19	217320	232803	5070	445053	0.988608
chr15x19	29250001	29500000	HAP1_chr15	HAP1_chr19	HAP1	HAP1	15	19	235162	234793	6513	463442	0.985946
chr15x19	29500001	29750000	HAP1_chr15	HAP1_chr19	HAP1	HAP1	15	19	229373	236203	3572	462004	0.992268
chr15x19	29750001	30000000	HAP1_chr15	HAP1_chr19	HAP1	HAP1	15	19	234698	221909	4580	452027	0.989868
chr15x19	30000001	30250000	HAP1_chr15	HAP1_chr19	HAP1	HAP1	15	19	235432	216097	7663	443866	0.982736
chr15x19	30250001	30500000	HAP1_chr15	HAP1_chr19	HAP1	HAP1	15	19	237200	237146	2671	471675	0.994337
chr15x19	30500001	30750000	HAP1_chr15	HAP1_chr19	HAP1	HAP1	15	19	239074	240089	2888	476275	0.993936
chr15x19	30750001	31000000	HAP1_chr15	HAP1_chr19	HAP1	HAP1	15	19	232131	237558	3162	466527	0.993222
chr15x19	31000001	31250000	HAP1_chr15	HAP1_chr19	HAP1	HAP1	15	19	232028	230739	4306	458461	0.990608
chr15x19	31250001	31500000	HAP1_chr15	HAP1_chr19	HAP1	HAP1	15	19	230582	228510	2534	456558	0.994450
chr15x19	31500001	31750000	HAP1_chr15	HAP1_chr19	HAP1	HAP1	15	19	222047	238651	5796	454902	0.987259
chr15x19	31750001	32000000	HAP1_chr15	HAP1_chr19	HAP1	HAP1	15	19	235668	228775	3239	461204	0.992977
chr15x19	32000001	32250000	HAP1_chr15	HAP1_chr19	HAP1	HAP1	15	19	225125	221612	3148	443589	0.992903
chr15x19	32250001	32500000	HAP1_chr15	HAP1_chr19	HAP1	HAP1	15	19	230706	232505	3033	460178	0.993409
chr15x19	32500001	32750000	HAP1_chr15	HAP1_chr19	HAP1	HAP1	15	19	237528	237038	2797	471769	0.994071
chr15x19	32750001	32831144	HAP1_chr15	HAP1_chr19	HAP1	HAP1	15	19	74773	70190	243	144720	0.998321
chr18x21	1	250000	HAP1_chr18	HAP1_chr21	HAP1	HAP1	18	21	204813	238433	38543	404703	0.904762
chr18x21	250001	500000	HAP1_chr18	HAP1_chr21	HAP1	HAP1	18	21	228191	228915	20171	436935	0.953835
chr18x21	500001	750000	HAP1_chr18	HAP1_chr21	HAP1	HAP1	18	21	239313	241959	35499	445773	0.920365
chr18x21	750001	1000000	HAP1_chr18	HAP1_chr21	HAP1	HAP1	18	21	225342	238820	35142	429020	0.918088
chr18x21	1000001	1250000	HAP1_chr18	HAP1_chr21	HAP1	HAP1	18	21	214062	227666	19504	422224	0.953807
chr18x21	1250001	1500000	HAP1_chr18	HAP1_chr21	HAP1	HAP1	18	21	232382	219832	18106	434108	0.958291
chr18x21	1500001	1750000	HAP1_chr18	HAP1_chr21	HAP1	HAP1	18	21	217347	235903	37130	416120	0.910771
chr18x21	1750001	2000000	HAP1_chr18	HAP1_chr21	HAP1	HAP1	18	21	236641	241617	49228	429030	0.885257
chr18x21	2000001	2250000	HAP1_chr18	HAP1_chr21	HAP1	HAP1	18	21	235709	230271	64596	401384	0.839067
chr18x21	2250001	2500000	HAP1_chr18	HAP1_chr21	HAP1	HAP1	18	21	231588	234893	47205	419276	0.887413
chr18x21	2500001	2750000	HAP1_chr18	HAP1_chr21	HAP1	HAP1	18	21	235242	238653	77894	396001	0.803298
chr18x21	2750001	3000000	HAP1_chr18	HAP1_chr21	HAP1	HAP1	18	21	217145	234423	50337	401231	0.874544
chr18x21	3000001	3250000	HAP1_chr18	HAP1_chr21	HAP1	HAP1	18	21	238097	233477	55885	415689	0.865561
chr18x21	3250001	3500000	HAP1_chr18	HAP1_chr21	HAP1	HAP1	18	21	236353	225705	52992	409066	0.870456
chr18x21	3500001	3750000	HAP1_chr18	HAP1_chr21	HAP1	HAP1	18	21	231116	179828	6312	404632	0.984401
chr18x21	3750001	4000000	HAP1_chr18	HAP1_chr21	HAP1	HAP1	18	21	230714	171093	1808	399999	0.995480
chr18x21	4000001	4250000	HAP1_chr18	HAP1_chr21	HAP1	HAP1	18	21	216275	103423	10377	309321	0.966452
chr18x21	4250001	4500000	HAP1_chr18	HAP1_chr21	HAP1	HAP1	18	21	205795	117560	1507	321848	0.995318
chr18x21	4500001	4750000	HAP1_chr18	HAP1_chr21	HAP1	HAP1	18	21	230644	168241	2211	396674	0.994426
chr18x21	4750001	5000000	HAP1_chr18	HAP1_chr21	HAP1	HAP1	18	21	205513	192199	14645	383067	0.961769
chr18x21	5000001	5250000	HAP1_chr18	HAP1_chr21	HAP1	HAP1	18	21	225313	179793	7248	397858	0.981782
chr18x21	5250001	5500000	HAP1_chr18	HAP1_chr21	HAP1	HAP1	18	21	222861	234954	2943	454872	0.993530
chr18x21	5500001	5750000	HAP1_chr18	HAP1_chr21	HAP1	HAP1	18	21	234133	222906	8556	448483	0.980922
chr18x21	5750001	6000000	HAP1_chr18	HAP1_chr21	HAP1	HAP1	18	21	223988	219250	5714	437524	0.986940
chr18x21	6000001	6250000	HAP1_chr18	HAP1_chr21	HAP1	HAP1	18	21	222289	226661	5200	443750	0.988282
chr18x21	6250001	6500000	HAP1_chr18	HAP1_chr21	HAP1	HAP1	18	21	212855	232803	11133	434525	0.974379
chr18x21	6500001	6750000	HAP1_chr18	HAP1_chr21	HAP1	HAP1	18	21	233709	224033	5940	451802	0.986853
chr18x21	6750001	7000000	HAP1_chr18	HAP1_chr21	HAP1	HAP1	18	21	182242	151232	13640	319834	0.957353
chr18x21	7000001	7250000	HAP1_chr18	HAP1_chr21	HAP1	HAP1	18	21	186820	220486	5815	401491	0.985516
chr18x21	7250001	7500000	HAP1_chr18	HAP1_chr21	HAP1	HAP1	18	21	160778	229278	9376	380680	0.975370
chr18x21	7500001	7750000	HAP1_chr18	HAP1_chr21	HAP1	HAP1	18	21	159303	231582	10369	380516	0.972750
chr18x21	7750001	8000000	HAP1_chr18	HAP1_chr21	HAP1	HAP1	18	21	229065	229043	9642	448466	0.978500
chr18x21	8000001	8250000	HAP1_chr18	HAP1_chr21	HAP1	HAP1	18	21	220121	234810	8182	446749	0.981685
chr18x21	8250001	8500000	HAP1_chr18	HAP1_chr21	HAP1	HAP1	18	21	208193	157760	6269	359684	0.982571
chr18x21	8500001	8750000	HAP1_chr18	HAP1_chr21	HAP1	HAP1	18	21	152087	216131	15583	352635	0.955810
chr18x21	8750001	9000000	HAP1_chr18	HAP1_chr21	HAP1	HAP1	18	21	162724	220534	12991	370267	0.964915
chr18x21	9000001	9250000	HAP1_chr18	HAP1_chr21	HAP1	HAP1	18	21	186575	161389	18501	329463	0.943845
chr18x21	9250001	9500000	HAP1_chr18	HAP1_chr21	HAP1	HAP1	18	21	200009	222745	14042	408712	0.965643
chr18x21	9500001	9750000	HAP1_chr18	HAP1_chr21	HAP1	HAP1	18	21	202335	208305	21626	389014	0.944408
chr18x21	9750001	10000000	HAP1_chr18	HAP1_chr21	HAP1	HAP1	18	21	181394	225416	13485	393325	0.965715
chr18x21	10000001	10250000	HAP1_chr18	HAP1_chr21	HAP1	HAP1	18	21	193757	220723	11509	402971	0.971440
chr18x21	10250001	10500000	HAP1_chr18	HAP1_chr21	HAP1	HAP1	18	21	211370	225398	18326	418442	0.956204
chr18x21	10500001	10750000	HAP1_chr18	HAP1_chr21	HAP1	HAP1	18	21	192216	223272	14615	400873	0.963542
chr18x21	10750001	11000000	HAP1_chr18	HAP1_chr21	HAP1	HAP1	18	21	210862	216156	32853	394165	0.916652
chr18x21	11000001	11250000	HAP1_chr18	HAP1_chr21	HAP1	HAP1	18	21	166842	224188	15772	375258	0.957970
chr18x21	11250001	11500000	HAP1_chr18	HAP1_chr21	HAP1	HAP1	18	21	199841	213679	9301	404219	0.976990
chr18x21	11500001	11750000	HAP1_chr18	HAP1_chr21	HAP1	HAP1	18	21	182408	184622	14604	352426	0.958562
chr18x21	11750001	12000000	HAP1_chr18	HAP1_chr21	HAP1	HAP1	18	21	184706	190400	16368	358738	0.954373
chr18x21	12000001	12250000	HAP1_chr18	HAP1_chr21	HAP1	HAP1	18	21	189788	231246	7962	413072	0.980725
chr18x21	12250001	12500000	HAP1_chr18	HAP1_chr21	HAP1	HAP1	18	21	149847	220798	9936	360709	0.972454
chr18x21	12500001	12750000	HAP1_chr18	HAP1_chr21	HAP1	HAP1	18	21	227165	168124	6568	388721	0.983104
chr18x21	12750001	13000000	HAP1_chr18	HAP1_chr21	HAP1	HAP1	18	21	170754	171906	23837	318823	0.925234
chr18x21	13000001	13250000	HAP1_chr18	HAP1_chr21	HAP1	HAP1	18	21	160374	189381	24299	325456	0.925339
chr18x21	13250001	13500000	HAP1_chr18	HAP1_chr21	HAP1	HAP1	18	21	106874	199453	24363	281964	0.913595
chr18x21	13500001	13750000	HAP1_chr18	HAP1_chr21	HAP1	HAP1	18	21	199893	207946	17846	389993	0.954240
chr18x21	13750001	14000000	HAP1_chr18	HAP1_chr21	HAP1	HAP1	18	21	146061	88602	20220	214443	0.905709
chr18x21	14000001	14250000	HAP1_chr18	HAP1_chr21	HAP1	HAP1	18	21	186659	37446	4481	219624	0.979597
chr18x21	14250001	14500000	HAP1_chr18	HAP1_chr21	HAP1	HAP1	18	21	205644	29565	4290	230919	0.981422
chr18x21	14500001	14750000	HAP1_chr18	HAP1_chr21	HAP1	HAP1	18	21	150689	83424	8429	225684	0.962651
chr18x21	14750001	15000000	HAP1_chr18	HAP1_chr21	HAP1	HAP1	18	21	174774	44864	5707	213931	0.973323
chr18x21	15000001	15250000	HAP1_chr18	HAP1_chr21	HAP1	HAP1	18	21	117093	11754	3229	125618	0.974295
chr18x21	15250001	15500000	HAP1_chr18	HAP1_chr21	HAP1	HAP1	18	21	201074	4964	79	205959	0.999616
chr18x21	15500001	15750000	HAP1_chr18	HAP1_chr21	HAP1	HAP1	18	21	140123	4517	62	144578	0.999571
chr18x21	15750001	16000000	HAP1_chr18	HAP1_chr21	HAP1	HAP1	18	21	7276	30137	59	37354	0.998421
chr18x21	16000001	16250000	HAP1_chr18	HAP1_chr21	HAP1	HAP1	18	21	5897	12440	0	18337	1.000000
chr18x21	16250001	16500000	HAP1_chr18	HAP1_chr21	HAP1	HAP1	18	21	17193	46287	3079	60401	0.949024
chr18x21	16500001	16750000	HAP1_chr18	HAP1_chr21	HAP1	HAP1	18	21	22442	27939	5	50376	0.999901
chr18x21	16750001	17000000	HAP1_chr18	HAP1_chr21	HAP1	HAP1	18	21	16333	55846	1864	70315	0.973491
chr18x21	17000001	17250000	HAP1_chr18	HAP1_chr21	HAP1	HAP1	18	21	24015	19346	12	43349	0.999723
chr18x21	17250001	17500000	HAP1_chr18	HAP1_chr21	HAP1	HAP1	18	21	32408	72935	4106	101237	0.959442
chr18x21	17500001	17750000	HAP1_chr18	HAP1_chr21	HAP1	HAP1	18	21	17046	184711	170	201587	0.999157
chr18x21	17750001	18000000	HAP1_chr18	HAP1_chr21	HAP1	HAP1	18	21	28361	153330	1427	180264	0.992084
chr18x21	18000001	18250000	HAP1_chr18	HAP1_chr21	HAP1	HAP1	18	21	53056	172777	10968	214865	0.948954
chr18x21	18250001	18500000	HAP1_chr18	HAP1_chr21	HAP1	HAP1	18	21	29052	197574	8244	218382	0.962250
chr18x21	18500001	18750000	HAP1_chr18	HAP1_chr21	HAP1	HAP1	18	21	17399	213573	3156	227816	0.986147
chr18x21	18750001	19000000	HAP1_chr18	HAP1_chr21	HAP1	HAP1	18	21	17778	181507	228	199057	0.998855
chr18x21	19000001	19250000	HAP1_chr18	HAP1_chr21	HAP1	HAP1	18	21	75527	213128	8601	280054	0.969288
chr18x21	19250001	19500000	HAP1_chr18	HAP1_chr21	HAP1	HAP1	18	21	175040	221941	4305	392676	0.989037
chr18x21	19500001	19750000	HAP1_chr18	HAP1_chr21	HAP1	HAP1	18	21	155706	228512	6084	378134	0.983910
chr18x21	19750001	20000000	HAP1_chr18	HAP1_chr21	HAP1	HAP1	18	21	203541	208327	13084	398784	0.967190
chr18x21	20000001	20250000	HAP1_chr18	HAP1_chr21	HAP1	HAP1	18	21	143637	214145	19315	338467	0.942934
chr18x21	20250001	20500000	HAP1_chr18	HAP1_chr21	HAP1	HAP1	18	21	147927	221018	17218	351727	0.951047
chr18x21	20500001	20750000	HAP1_chr18	HAP1_chr21	HAP1	HAP1	18	21	116461	219309	8021	327749	0.975527
chr18x21	20750001	21000000	HAP1_chr18	HAP1_chr21	HAP1	HAP1	18	21	124888	215604	25317	315175	0.919673
chr18x21	21000001	21250000	HAP1_chr18	HAP1_chr21	HAP1	HAP1	18	21	174659	211597	4390	381866	0.988504
chr18x21	21250001	21500000	HAP1_chr18	HAP1_chr21	HAP1	HAP1	18	21	191070	130274	14765	306579	0.951839
chr18x21	21500001	21750000	HAP1_chr18	HAP1_chr21	HAP1	HAP1	18	21	217425	143070	9281	351214	0.973575
chr18x21	21750001	22000000	HAP1_chr18	HAP1_chr21	HAP1	HAP1	18	21	140193	229080	9168	360105	0.974541
chr18x21	22000001	22250000	HAP1_chr18	HAP1_chr21	HAP1	HAP1	18	21	117102	229139	7328	338913	0.978378
chr18x21	22250001	22500000	HAP1_chr18	HAP1_chr21	HAP1	HAP1	18	21	142903	230566	4611	368858	0.987499
chr18x21	22500001	22750000	HAP1_chr18	HAP1_chr21	HAP1	HAP1	18	21	136486	227670	7082	357074	0.980167
chr18x21	22750001	23000000	HAP1_chr18	HAP1_chr21	HAP1	HAP1	18	21	118518	219509	11379	326648	0.965164
chr18x21	23000001	23250000	HAP1_chr18	HAP1_chr21	HAP1	HAP1	18	21	153531	208135	14568	347098	0.958029
chr18x21	23250001	23500000	HAP1_chr18	HAP1_chr21	HAP1	HAP1	18	21	201475	218711	9480	410706	0.976918
chr18x21	23500001	23750000	HAP1_chr18	HAP1_chr21	HAP1	HAP1	18	21	222397	226124	5928	442593	0.986606
chr18x21	23750001	24000000	HAP1_chr18	HAP1_chr21	HAP1	HAP1	18	21	204661	235282	5799	434144	0.986643
chr18x21	24000001	24250000	HAP1_chr18	HAP1_chr21	HAP1	HAP1	18	21	203963	233100	11068	425995	0.974018
chr18x21	24250001	24500000	HAP1_chr18	HAP1_chr21	HAP1	HAP1	18	21	163158	227652	6247	384563	0.983756
chr18x21	24500001	24750000	HAP1_chr18	HAP1_chr21	HAP1	HAP1	18	21	204281	231442	7446	428277	0.982614
chr18x21	24750001	25000000	HAP1_chr18	HAP1_chr21	HAP1	HAP1	18	21	219498	218976	14832	423642	0.964989
chr18x21	25000001	25250000	HAP1_chr18	HAP1_chr21	HAP1	HAP1	18	21	127608	231411	2951	356068	0.991712
chr18x21	25250001	25500000	HAP1_chr18	HAP1_chr21	HAP1	HAP1	18	21	185118	235778	4847	416049	0.988350
chr18x21	25500001	25750000	HAP1_chr18	HAP1_chr21	HAP1	HAP1	18	21	211850	238466	4999	445317	0.988774
chr18x21	25750001	26000000	HAP1_chr18	HAP1_chr21	HAP1	HAP1	18	21	216897	225686	7338	435245	0.983141
chr18x21	26000001	26250000	HAP1_chr18	HAP1_chr21	HAP1	HAP1	18	21	230791	232477	4383	458885	0.990449
chr18x21	26250001	26500000	HAP1_chr18	HAP1_chr21	HAP1	HAP1	18	21	223146	239503	3178	459471	0.993083
chr18x21	26500001	26750000	HAP1_chr18	HAP1_chr21	HAP1	HAP1	18	21	231229	236900	4276	463853	0.990782
chr18x21	26750001	27000000	HAP1_chr18	HAP1_chr21	HAP1	HAP1	18	21	219290	231643	2472	448461	0.994488
chr18x21	27000001	27250000	HAP1_chr18	HAP1_chr21	HAP1	HAP1	18	21	197503	223871	6271	415103	0.984893
chr18x21	27250001	27500000	HAP1_chr18	HAP1_chr21	HAP1	HAP1	18	21	206572	237234	2108	441698	0.995228
chr18x21	27500001	27750000	HAP1_chr18	HAP1_chr21	HAP1	HAP1	18	21	216395	209350	5529	420216	0.986842
chr18x21	27750001	28000000	HAP1_chr18	HAP1_chr21	HAP1	HAP1	18	21	220126	241108	7328	453906	0.983856
chr18x21	28000001	28250000	HAP1_chr18	HAP1_chr21	HAP1	HAP1	18	21	210246	234031	2728	441549	0.993822
chr18x21	28250001	28500000	HAP1_chr18	HAP1_chr21	HAP1	HAP1	18	21	218833	227883	4449	442267	0.989940
chr18x21	28500001	28750000	HAP1_chr18	HAP1_chr21	HAP1	HAP1	18	21	239406	239147	7756	470797	0.983526
chr18x21	28750001	29000000	HAP1_chr18	HAP1_chr21	HAP1	HAP1	18	21	217669	239428	3655	453442	0.991939
chr18x21	29000001	29189881	HAP1_chr18	HAP1_chr21	HAP1	HAP1	18	21	175996	83853	366	259483	0.998590
chr20x22	1	250000	HAP1_chr20	HAP1_chr22	HAP1	HAP1	20	22	228088	235395	50104	413379	0.878794
chr20x22	250001	500000	HAP1_chr20	HAP1_chr22	HAP1	HAP1	20	22	226759	232338	53736	405361	0.867437
chr20x22	500001	750000	HAP1_chr20	HAP1_chr22	HAP1	HAP1	20	22	241897	240571	74703	407765	0.816799
chr20x22	750001	1000000	HAP1_chr20	HAP1_chr22	HAP1	HAP1	20	22	240467	218945	71468	387944	0.815778
chr20x22	1000001	1250000	HAP1_chr20	HAP1_chr22	HAP1	HAP1	20	22	237115	240603	78326	399392	0.803887
chr20x22	1250001	1500000	HAP1_chr20	HAP1_chr22	HAP1	HAP1	20	22	224029	226407	66582	383854	0.826543
chr20x22	1500001	1750000	HAP1_chr20	HAP1_chr22	HAP1	HAP1	20	22	239747	238891	74585	404053	0.815408
chr20x22	1750001	2000000	HAP1_chr20	HAP1_chr22	HAP1	HAP1	20	22	223282	239298	58516	404064	0.855181
chr20x22	2000001	2250000	HAP1_chr20	HAP1_chr22	HAP1	HAP1	20	22	229812	236699	55872	410639	0.863939
chr20x22	2250001	2500000	HAP1_chr20	HAP1_chr22	HAP1	HAP1	20	22	230303	240727	46431	424599	0.890647
chr20x22	2500001	2750000	HAP1_chr20	HAP1_chr22	HAP1	HAP1	20	22	241956	244805	55658	431103	0.870894
chr20x22	2750001	3000000	HAP1_chr20	HAP1_chr22	HAP1	HAP1	20	22	243271	223525	47119	419677	0.887726
chr20x22	3000001	3250000	HAP1_chr20	HAP1_chr22	HAP1	HAP1	20	22	212771	241383	51975	402179	0.870766
chr20x22	3250001	3500000	HAP1_chr20	HAP1_chr22	HAP1	HAP1	20	22	235760	237046	46604	426202	0.890653
chr20x22	3500001	3750000	HAP1_chr20	HAP1_chr22	HAP1	HAP1	20	22	242135	241759	78176	405718	0.807314
chr20x22	3750001	4000000	HAP1_chr20	HAP1_chr22	HAP1	HAP1	20	22	232856	241107	47241	426722	0.889293
chr20x22	4000001	4250000	HAP1_chr20	HAP1_chr22	HAP1	HAP1	20	22	234464	231511	33662	432313	0.922135
chr20x22	4250001	4500000	HAP1_chr20	HAP1_chr22	HAP1	HAP1	20	22	213431	234633	21708	426356	0.949085
chr20x22	4500001	4750000	HAP1_chr20	HAP1_chr22	HAP1	HAP1	20	22	246041	243271	63053	426259	0.852078
chr20x22	4750001	5000000	HAP1_chr20	HAP1_chr22	HAP1	HAP1	20	22	236809	233938	36148	434599	0.916824
chr20x22	5000001	5250000	HAP1_chr20	HAP1_chr22	HAP1	HAP1	20	22	235155	245946	38053	443048	0.914111
chr20x22	5250001	5500000	HAP1_chr20	HAP1_chr22	HAP1	HAP1	20	22	243012	242223	15358	469877	0.967315
chr20x22	5500001	5750000	HAP1_chr20	HAP1_chr22	HAP1	HAP1	20	22	232942	234621	3222	464341	0.993061
chr20x22	5750001	6000000	HAP1_chr20	HAP1_chr22	HAP1	HAP1	20	22	238174	235518	3105	470587	0.993402
chr20x22	6000001	6250000	HAP1_chr20	HAP1_chr22	HAP1	HAP1	20	22	235373	234226	5896	463703	0.987285
chr20x22	6250001	6500000	HAP1_chr20	HAP1_chr22	HAP1	HAP1	20	22	237152	232346	5211	464287	0.988776
chr20x22	6500001	6750000	HAP1_chr20	HAP1_chr22	HAP1	HAP1	20	22	235972	244331	3882	476421	0.991852
chr20x22	6750001	7000000	HAP1_chr20	HAP1_chr22	HAP1	HAP1	20	22	236339	238793	3610	471522	0.992344
chr20x22	7000001	7250000	HAP1_chr20	HAP1_chr22	HAP1	HAP1	20	22	234969	235242	4894	465317	0.989482
chr20x22	7250001	7500000	HAP1_chr20	HAP1_chr22	HAP1	HAP1	20	22	230146	232705	6273	456578	0.986261
chr20x22	7500001	7750000	HAP1_chr20	HAP1_chr22	HAP1	HAP1	20	22	234965	238924	3572	470317	0.992405
chr20x22	7750001	8000000	HAP1_chr20	HAP1_chr22	HAP1	HAP1	20	22	232446	241657	2723	471380	0.994223
chr20x22	8000001	8250000	HAP1_chr20	HAP1_chr22	HAP1	HAP1	20	22	237364	234854	3780	468438	0.991931
chr20x22	8250001	8500000	HAP1_chr20	HAP1_chr22	HAP1	HAP1	20	22	240906	219541	2701	457746	0.994099
chr20x22	8500001	8750000	HAP1_chr20	HAP1_chr22	HAP1	HAP1	20	22	226314	233111	3365	456060	0.992622
chr20x22	8750001	9000000	HAP1_chr20	HAP1_chr22	HAP1	HAP1	20	22	233828	228415	9952	452291	0.977996
chr20x22	9000001	9250000	HAP1_chr20	HAP1_chr22	HAP1	HAP1	20	22	214640	228412	4206	438846	0.990416
chr20x22	9250001	9500000	HAP1_chr20	HAP1_chr22	HAP1	HAP1	20	22	220007	226345	5111	441241	0.988417
chr20x22	9500001	9750000	HAP1_chr20	HAP1_chr22	HAP1	HAP1	20	22	238571	226016	5248	459339	0.988575
chr20x22	9750001	10000000	HAP1_chr20	HAP1_chr22	HAP1	HAP1	20	22	236024	222650	9287	449387	0.979334
chr20x22	10000001	10250000	HAP1_chr20	HAP1_chr22	HAP1	HAP1	20	22	233574	207507	9268	431813	0.978537
chr20x22	10250001	10500000	HAP1_chr20	HAP1_chr22	HAP1	HAP1	20	22	221517	226788	7206	441099	0.983664
chr20x22	10500001	10750000	HAP1_chr20	HAP1_chr22	HAP1	HAP1	20	22	230333	177213	11671	395875	0.970518
chr20x22	10750001	11000000	HAP1_chr20	HAP1_chr22	HAP1	HAP1	20	22	225880	196778	34330	388328	0.911595
chr20x22	11000001	11250000	HAP1_chr20	HAP1_chr22	HAP1	HAP1	20	22	220739	191375	29321	382793	0.923402
chr20x22	11250001	11500000	HAP1_chr20	HAP1_chr22	HAP1	HAP1	20	22	222142	217023	20978	418187	0.949836
chr20x22	11500001	11750000	HAP1_chr20	HAP1_chr22	HAP1	HAP1	20	22	233564	218776	8004	444336	0.981987
chr20x22	11750001	12000000	HAP1_chr20	HAP1_chr22	HAP1	HAP1	20	22	184487	209164	16671	376980	0.955777
chr20x22	12000001	12250000	HAP1_chr20	HAP1_chr22	HAP1	HAP1	20	22	170379	183980	20759	333600	0.937773
chr20x22	12250001	12500000	HAP1_chr20	HAP1_chr22	HAP1	HAP1	20	22	191483	213175	10524	394134	0.973298
chr20x22	12500001	12750000	HAP1_chr20	HAP1_chr22	HAP1	HAP1	20	22	143760	220041	10487	353314	0.970318
chr20x22	12750001	13000000	HAP1_chr20	HAP1_chr22	HAP1	HAP1	20	22	223628	209630	38159	395099	0.903419
chr20x22	13000001	13250000	HAP1_chr20	HAP1_chr22	HAP1	HAP1	20	22	218075	211160	26895	402340	0.933154
chr20x22	13250001	13500000	HAP1_chr20	HAP1_chr22	HAP1	HAP1	20	22	182561	204256	6601	380216	0.982639
chr20x22	13500001	13750000	HAP1_chr20	HAP1_chr22	HAP1	HAP1	20	22	174552	232232	9074	397710	0.977184
chr20x22	13750001	14000000	HAP1_chr20	HAP1_chr22	HAP1	HAP1	20	22	219168	172143	6477	384834	0.983169
chr20x22	14000001	14250000	HAP1_chr20	HAP1_chr22	HAP1	HAP1	20	22	174023	147409	22219	299213	0.925742
chr20x22	14250001	14500000	HAP1_chr20	HAP1_chr22	HAP1	HAP1	20	22	181172	161497	21577	321092	0.932801
chr20x22	14500001	14750000	HAP1_chr20	HAP1_chr22	HAP1	HAP1	20	22	206704	209253	22214	393743	0.943582
chr20x22	14750001	15000000	HAP1_chr20	HAP1_chr22	HAP1	HAP1	20	22	218686	139752	14473	343965	0.957923
chr20x22	15000001	15250000	HAP1_chr20	HAP1_chr22	HAP1	HAP1	20	22	175279	175477	19817	330939	0.940119
chr20x22	15250001	15500000	HAP1_chr20	HAP1_chr22	HAP1	HAP1	20	22	154709	190714	22318	323105	0.930926
chr20x22	15500001	15750000	HAP1_chr20	HAP1_chr22	HAP1	HAP1	20	22	185331	149205	26589	307947	0.913657
chr20x22	15750001	16000000	HAP1_chr20	HAP1_chr22	HAP1	HAP1	20	22	186015	157162	23102	320075	0.927823
chr20x22	16000001	16250000	HAP1_chr20	HAP1_chr22	HAP1	HAP1	20	22	153232	200797	18171	335858	0.945897
chr20x22	16250001	16500000	HAP1_chr20	HAP1_chr22	HAP1	HAP1	20	22	200624	71531	9258	262897	0.964785
chr20x22	16500001	16750000	HAP1_chr20	HAP1_chr22	HAP1	HAP1	20	22	211854	26101	6671	231284	0.971157
chr20x22	16750001	17000000	HAP1_chr20	HAP1_chr22	HAP1	HAP1	20	22	170011	47856	13022	204845	0.936430
chr20x22	17000001	17250000	HAP1_chr20	HAP1_chr22	HAP1	HAP1	20	22	170293	35109	10153	195249	0.948000
chr20x22	17250001	17500000	HAP1_chr20	HAP1_chr22	HAP1	HAP1	20	22	114892	128146	22154	220884	0.899703
chr20x22	17500001	17750000	HAP1_chr20	HAP1_chr22	HAP1	HAP1	20	22	62481	163089	14940	210630	0.929070
chr20x22	17750001	18000000	HAP1_chr20	HAP1_chr22	HAP1	HAP1	20	22	20420	182136	8127	194429	0.958201
chr20x22	18000001	18250000	HAP1_chr20	HAP1_chr22	HAP1	HAP1	20	22	40673	160821	8679	192815	0.954988
chr20x22	18250001	18500000	HAP1_chr20	HAP1_chr22	HAP1	HAP1	20	22	23646	135109	1233	157522	0.992173
chr20x22	18500001	18750000	HAP1_chr20	HAP1_chr22	HAP1	HAP1	20	22	54664	169047	9971	213740	0.953350
chr20x22	18750001	19000000	HAP1_chr20	HAP1_chr22	HAP1	HAP1	20	22	82082	164629	25902	220809	0.882695
chr20x22	19000001	19250000	HAP1_chr20	HAP1_chr22	HAP1	HAP1	20	22	166783	188512	23598	331697	0.928857
chr20x22	19250001	19500000	HAP1_chr20	HAP1_chr22	HAP1	HAP1	20	22	196199	172800	20423	348576	0.941410
chr20x22	19500001	19750000	HAP1_chr20	HAP1_chr22	HAP1	HAP1	20	22	167644	167338	21355	313627	0.931910
chr20x22	19750001	20000000	HAP1_chr20	HAP1_chr22	HAP1	HAP1	20	22	171716	134961	24374	282303	0.913660
chr20x22	20000001	20250000	HAP1_chr20	HAP1_chr22	HAP1	HAP1	20	22	188232	167612	15906	339938	0.953209
chr20x22	20250001	20500000	HAP1_chr20	HAP1_chr22	HAP1	HAP1	20	22	176323	147597	23565	300355	0.921543
chr20x22	20500001	20750000	HAP1_chr20	HAP1_chr22	HAP1	HAP1	20	22	165717	140257	25037	280937	0.910880
chr20x22	20750001	21000000	HAP1_chr20	HAP1_chr22	HAP1	HAP1	20	22	155338	212891	16939	351290	0.951781
chr20x22	21000001	21250000	HAP1_chr20	HAP1_chr22	HAP1	HAP1	20	22	179902	191885	18885	352902	0.946487
chr20x22	21250001	21500000	HAP1_chr20	HAP1_chr22	HAP1	HAP1	20	22	161752	168752	25538	304966	0.916260
chr20x22	21500001	21750000	HAP1_chr20	HAP1_chr22	HAP1	HAP1	20	22	207984	126834	21272	313546	0.932157
chr20x22	21750001	22000000	HAP1_chr20	HAP1_chr22	HAP1	HAP1	20	22	218992	110868	10073	319787	0.968501
chr20x22	22000001	22250000	HAP1_chr20	HAP1_chr22	HAP1	HAP1	20	22	176055	131316	20578	286793	0.928248
chr20x22	22250001	22500000	HAP1_chr20	HAP1_chr22	HAP1	HAP1	20	22	201036	188374	33424	355986	0.906109
chr20x22	22500001	22750000	HAP1_chr20	HAP1_chr22	HAP1	HAP1	20	22	225992	185305	8640	402657	0.978543
chr20x22	22750001	23000000	HAP1_chr20	HAP1_chr22	HAP1	HAP1	20	22	223737	201853	14478	411112	0.964783
chr20x22	23000001	23250000	HAP1_chr20	HAP1_chr22	HAP1	HAP1	20	22	220577	200928	9307	412198	0.977421
chr20x22	23250001	23500000	HAP1_chr20	HAP1_chr22	HAP1	HAP1	20	22	220601	200800	13113	408288	0.967883
chr20x22	23500001	23750000	HAP1_chr20	HAP1_chr22	HAP1	HAP1	20	22	217257	230200	12630	434827	0.970954
chr20x22	23750001	24000000	HAP1_chr20	HAP1_chr22	HAP1	HAP1	20	22	209887	172961	11013	371835	0.970382
chr20x22	24000001	24250000	HAP1_chr20	HAP1_chr22	HAP1	HAP1	20	22	176224	193253	20065	349412	0.942575
chr20x22	24250001	24500000	HAP1_chr20	HAP1_chr22	HAP1	HAP1	20	22	145703	202439	22992	325150	0.929288
chr20x22	24500001	24750000	HAP1_chr20	HAP1_chr22	HAP1	HAP1	20	22	173261	184377	23220	334418	0.930566
chr20x22	24750001	25000000	HAP1_chr20	HAP1_chr22	HAP1	HAP1	20	22	233575	188822	3445	418952	0.991777
chr20x22	25000001	25250000	HAP1_chr20	HAP1_chr22	HAP1	HAP1	20	22	191092	233428	17852	406668	0.956102
chr20x22	25250001	25500000	HAP1_chr20	HAP1_chr22	HAP1	HAP1	20	22	223083	232260	50972	404371	0.873947
chr20x22	25500001	25750000	HAP1_chr20	HAP1_chr22	HAP1	HAP1	20	22	176184	232372	47201	361355	0.869378
chr20x22	25750001	26000000	HAP1_chr20	HAP1_chr22	HAP1	HAP1	20	22	167356	147807	16974	298189	0.943076
chr20x22	26000001	26250000	HAP1_chr20	HAP1_chr22	HAP1	HAP1	20	22	218166	220169	29287	409048	0.928402
chr20x22	26250001	26500000	HAP1_chr20	HAP1_chr22	HAP1	HAP1	20	22	232039	197423	3855	425607	0.990942
chr20x22	26500001	26750000	HAP1_chr20	HAP1_chr22	HAP1	HAP1	20	22	228209	222837	12635	438411	0.971180
chr20x22	26750001	27000000	HAP1_chr20	HAP1_chr22	HAP1	HAP1	20	22	230774	219123	4709	445188	0.989422
chr20x22	27000001	27250000	HAP1_chr20	HAP1_chr22	HAP1	HAP1	20	22	214858	218597	6719	426736	0.984255
chr20x22	27250001	27500000	HAP1_chr20	HAP1_chr22	HAP1	HAP1	20	22	219187	223053	5668	436572	0.987017
chr20x22	27500001	27750000	HAP1_chr20	HAP1_chr22	HAP1	HAP1	20	22	209402	229449	8632	430219	0.979936
chr20x22	27750001	28000000	HAP1_chr20	HAP1_chr22	HAP1	HAP1	20	22	216222	223254	7252	432224	0.983222
chr20x22	28000001	28250000	HAP1_chr20	HAP1_chr22	HAP1	HAP1	20	22	207884	210722	20373	398233	0.948842
chr20x22	28250001	28500000	HAP1_chr20	HAP1_chr22	HAP1	HAP1	20	22	209865	225573	36418	399020	0.908731
chr20x22	28500001	28750000	HAP1_chr20	HAP1_chr22	HAP1	HAP1	20	22	223773	218670	79871	362572	0.779710
chr20x22	28750001	29000000	HAP1_chr20	HAP1_chr22	HAP1	HAP1	20	22	206911	214955	53651	368215	0.854294
chr20x22	29000001	29250000	HAP1_chr20	HAP1_chr22	HAP1	HAP1	20	22	217251	215163	37967	394447	0.903746
chr20x22	29250001	29500000	HAP1_chr20	HAP1_chr22	HAP1	HAP1	20	22	197641	225119	19770	402990	0.950942
chr20x22	29500001	29750000	HAP1_chr20	HAP1_chr22	HAP1	HAP1	20	22	228592	127278	8921	346949	0.974287
