group	win_start	win_end	unit_a	unit_b	hap_a	hap_b	chrom_a	chrom_b	kmers_a	kmers_b	shared	union	jaccard_distance
chr01x14	1	250000	HAP1_chr01	HAP1_chr14	HAP1	HAP1	1	14	214282	198136	42155	370263	0.886148
chr01x14	1	250000	HAP1_chr01	HAP2_chr14	HAP1	HAP2	1	14	214282	236037	66797	383522	0.825833
chr01x14	1	250000	HAP1_chr14	HAP2_chr01	HAP1	HAP2	14	1	198136	212405	45140	365401	0.876464
chr01x14	1	250000	HAP2_chr01	HAP2_chr14	HAP2	HAP2	1	14	212405	236037	65913	382529	0.827691
chr01x14	250001	500000	HAP1_chr01	HAP1_chr14	HAP1	HAP1	1	14	214473	213060	57864	369669	0.843471
chr01x14	250001	500000	HAP1_chr01	HAP2_chr14	HAP1	HAP2	1	14	214473	221938	28963	407448	0.928916
chr01x14	250001	500000	HAP1_chr14	HAP2_chr01	HAP1	HAP2	14	1	213060	209970	56611	366419	0.845502
chr01x14	250001	500000	HAP2_chr01	HAP2_chr14	HAP2	HAP2	1	14	209970	221938	24760	407148	0.939187
chr01x14	500001	750000	HAP1_chr01	HAP1_chr14	HAP1	HAP1	1	14	217739	206357	41508	382588	0.891507
chr01x14	500001	750000	HAP1_chr01	HAP2_chr14	HAP1	HAP2	1	14	217739	212251	17749	412241	0.956945
chr01x14	500001	750000	HAP1_chr14	HAP2_chr01	HAP1	HAP2	14	1	206357	229410	42219	393548	0.892722
chr01x14	500001	750000	HAP2_chr01	HAP2_chr14	HAP2	HAP2	1	14	229410	212251	12360	429301	0.971209
chr01x14	750001	1000000	HAP1_chr01	HAP1_chr14	HAP1	HAP1	1	14	220730	211495	40270	391955	0.897259
chr01x14	750001	1000000	HAP1_chr01	HAP2_chr14	HAP1	HAP2	1	14	220730	202550	21893	401387	0.945457
chr01x14	750001	1000000	HAP1_chr14	HAP2_chr01	HAP1	HAP2	14	1	211495	221499	36351	396643	0.908353
chr01x14	750001	1000000	HAP2_chr01	HAP2_chr14	HAP2	HAP2	1	14	221499	202550	14531	409518	0.964517
chr01x14	1000001	1250000	HAP1_chr01	HAP1_chr14	HAP1	HAP1	1	14	223604	223121	24200	422525	0.942725
chr01x14	1000001	1250000	HAP1_chr01	HAP2_chr14	HAP1	HAP2	1	14	223604	213539	82398	354745	0.767726
chr01x14	1000001	1250000	HAP1_chr14	HAP2_chr01	HAP1	HAP2	14	1	223121	219360	35141	407340	0.913731
chr01x14	1000001	1250000	HAP2_chr01	HAP2_chr14	HAP2	HAP2	1	14	219360	213539	35539	397360	0.910562
chr01x14	1250001	1500000	HAP1_chr01	HAP1_chr14	HAP1	HAP1	1	14	212932	218579	15424	416087	0.962931
chr01x14	1250001	1500000	HAP1_chr01	HAP2_chr14	HAP1	HAP2	1	14	212932	213166	77963	348135	0.776055
chr01x14	1250001	1500000	HAP1_chr14	HAP2_chr01	HAP1	HAP2	14	1	218579	218747	54159	383167	0.858654
chr01x14	1250001	1500000	HAP2_chr01	HAP2_chr14	HAP2	HAP2	1	14	218747	213166	35035	396878	0.911724
chr01x14	1500001	1750000	HAP1_chr01	HAP1_chr14	HAP1	HAP1	1	14	187148	221157	15352	392953	0.960932
chr01x14	1500001	1750000	HAP1_chr01	HAP2_chr14	HAP1	HAP2	1	14	187148	213780	56120	344808	0.837243
chr01x14	1500001	1750000	HAP1_chr14	HAP2_chr01	HAP1	HAP2	14	1	221157	212055	53670	379542	0.858593
chr01x14	1500001	1750000	HAP2_chr01	HAP2_chr14	HAP2	HAP2	1	14	212055	213780	43781	382054	0.885406
chr01x14	1750001	2000000	HAP1_chr01	HAP1_chr14	HAP1	HAP1	1	14	217025	218230	37297	397958	0.906279
chr01x14	1750001	2000000	HAP1_chr01	HAP2_chr14	HAP1	HAP2	1	14	217025	198993	37605	378413	0.900624
chr01x14	1750001	2000000	HAP1_chr14	HAP2_chr01	HAP1	HAP2	14	1	218230	202170	32494	387906	0.916232
chr01x14	1750001	2000000	HAP2_chr01	HAP2_chr14	HAP2	HAP2	1	14	202170	198993	55610	345553	0.839070
chr01x14	2000001	2250000	HAP1_chr01	HAP1_chr14	HAP1	HAP1	1	14	215216	202939	26383	391772	0.932657
chr01x14	2000001	2250000	HAP1_chr01	HAP2_chr14	HAP1	HAP2	1	14	215216	185446	16467	384195	0.957139
chr01x14	2000001	2250000	HAP1_chr14	HAP2_chr01	HAP1	HAP2	14	1	202939	235375	62147	376167	0.834789
chr01x14	2000001	2250000	HAP2_chr01	HAP2_chr14	HAP2	HAP2	1	14	235375	185446	66304	354517	0.812974
chr01x14	2250001	2500000	HAP1_chr01	HAP1_chr14	HAP1	HAP1	1	14	225711	235301	62238	398774	0.843927
chr01x14	2250001	2500000	HAP1_chr01	HAP2_chr14	HAP1	HAP2	1	14	225711	218884	12928	431667	0.970051
chr01x14	2250001	2500000	HAP1_chr14	HAP2_chr01	HAP1	HAP2	14	1	235301	230332	75653	389980	0.806008
chr01x14	2250001	2500000	HAP2_chr01	HAP2_chr14	HAP2	HAP2	1	14	230332	218884	57346	391870	0.853661
chr01x14	2500001	2750000	HAP1_chr01	HAP1_chr14	HAP1	HAP1	1	14	234807	232246	146546	320507	0.542768
chr01x14	2500001	2750000	HAP1_chr01	HAP2_chr14	HAP1	HAP2	1	14	234807	235359	59574	410592	0.854907
chr01x14	2500001	2750000	HAP1_chr14	HAP2_chr01	HAP1	HAP2	14	1	232246	231293	96025	367514	0.738717
chr01x14	2500001	2750000	HAP2_chr01	HAP2_chr14	HAP2	HAP2	1	14	231293	235359	90055	376597	0.760872
chr01x14	2750001	3000000	HAP1_chr01	HAP1_chr14	HAP1	HAP1	1	14	223547	220715	102760	341502	0.699094
chr01x14	2750001	3000000	HAP1_chr01	HAP2_chr14	HAP1	HAP2	1	14	223547	230942	39418	415071	0.905033
chr01x14	2750001	3000000	HAP1_chr14	HAP2_chr01	HAP1	HAP2	14	1	220715	206814	35521	392008	0.909387
chr01x14	2750001	3000000	HAP2_chr01	HAP2_chr14	HAP2	HAP2	1	14	206814	230942	103602	334154	0.689957
chr01x14	3000001	3250000	HAP1_chr01	HAP1_chr14	HAP1	HAP1	1	14	223522	211717	130650	304589	0.571061
chr01x14	3000001	3250000	HAP1_chr01	HAP2_chr14	HAP1	HAP2	1	14	223522	194739	39255	379006	0.896426
chr01x14	3000001	3250000	HAP1_chr14	HAP2_chr01	HAP1	HAP2	14	1	211717	225345	49485	387577	0.872322
chr01x14	3000001	3250000	HAP2_chr01	HAP2_chr14	HAP2	HAP2	1	14	225345	194739	69570	350514	0.801520
chr01x14	3250001	3500000	HAP1_chr01	HAP1_chr14	HAP1	HAP1	1	14	234295	233928	113798	354425	0.678922
chr01x14	3250001	3500000	HAP1_chr01	HAP2_chr14	HAP1	HAP2	1	14	234295	229218	83770	379743	0.779403
chr01x14	3250001	3500000	HAP1_chr14	HAP2_chr01	HAP1	HAP2	14	1	233928	228131	60168	401891	0.850288
chr01x14	3250001	3500000	HAP2_chr01	HAP2_chr14	HAP2	HAP2	1	14	228131	229218	89670	367679	0.756119
chr01x14	3500001	3750000	HAP1_chr01	HAP1_chr14	HAP1	HAP1	1	14	203144	210585	73247	340482	0.784873
chr01x14	3500001	3750000	HAP1_chr01	HAP2_chr14	HAP1	HAP2	1	14	203144	217764	56956	363952	0.843507
chr01x14	3500001	3750000	HAP1_chr14	HAP2_chr01	HAP1	HAP2	14	1	210585	236975	63407	384153	0.834943
chr01x14	3500001	3750000	HAP2_chr01	HAP2_chr14	HAP2	HAP2	1	14	236975	217764	78915	375824	0.790021
chr01x14	3750001	4000000	HAP1_chr01	HAP1_chr14	HAP1	HAP1	1	14	221749	232642	104477	349914	0.701421
chr01x14	3750001	4000000	HAP1_chr01	HAP2_chr14	HAP1	HAP2	1	14	221749	228163	90298	359614	0.748903
chr01x14	3750001	4000000	HAP1_chr14	HAP2_chr01	HAP1	HAP2	14	1	232642	220012	63995	388659	0.835344
chr01x14	3750001	4000000	HAP2_chr01	HAP2_chr14	HAP2	HAP2	1	14	220012	228163	60771	387404	0.843133
chr01x14	4000001	4250000	HAP1_chr01	HAP1_chr14	HAP1	HAP1	1	14	230664	217358	95456	352566	0.729254
chr01x14	4000001	4250000	HAP1_chr01	HAP2_chr14	HAP1	HAP2	1	14	230664	215628	35901	410391	0.912520
chr01x14	4000001	4250000	HAP1_chr14	HAP2_chr01	HAP1	HAP2	14	1	217358	223229	10423	430164	0.975770
chr01x14	4000001	4250000	HAP2_chr01	HAP2_chr14	HAP2	HAP2	1	14	223229	215628	14022	424835	0.966994
chr01x14	4250001	4500000	HAP1_chr01	HAP1_chr14	HAP1	HAP1	1	14	229478	227184	119024	337638	0.647480
chr01x14	4250001	4500000	HAP1_chr01	HAP2_chr14	HAP1	HAP2	1	14	229478	232483	49368	412593	0.880347
chr01x14	4250001	4500000	HAP1_chr14	HAP2_chr01	HAP1	HAP2	14	1	227184	231151	28014	430321	0.934900
chr01x14	4250001	4500000	HAP2_chr01	HAP2_chr14	HAP2	HAP2	1	14	231151	232483	66058	397576	0.833848
chr01x14	4500001	4750000	HAP1_chr01	HAP1_chr14	HAP1	HAP1	1	14	213043	233576	162256	284363	0.429405
chr01x14	4500001	4750000	HAP1_chr01	HAP2_chr14	HAP1	HAP2	1	14	213043	221514	17243	417314	0.958681
chr01x14	4500001	4750000	HAP1_chr14	HAP2_chr01	HAP1	HAP2	14	1	233576	219906	6210	447272	0.986116
chr01x14	4500001	4750000	HAP2_chr01	HAP2_chr14	HAP2	HAP2	1	14	219906	221514	41065	400355	0.897429
chr01x14	4750001	5000000	HAP1_chr01	HAP1_chr14	HAP1	HAP1	1	14	220243	226499	140498	306244	0.541222
chr01x14	4750001	5000000	HAP1_chr01	HAP2_chr14	HAP1	HAP2	1	14	220243	228520	20811	427952	0.951371
chr01x14	4750001	5000000	HAP1_chr14	HAP2_chr01	HAP1	HAP2	14	1	226499	237252	5605	458146	0.987766
chr01x14	4750001	5000000	HAP2_chr01	HAP2_chr14	HAP2	HAP2	1	14	237252	228520	81031	384741	0.789388
chr01x14	5000001	5250000	HAP1_chr01	HAP1_chr14	HAP1	HAP1	1	14	238528	227075	125878	339725	0.629471
chr01x14	5000001	5250000	HAP1_chr01	HAP2_chr14	HAP1	HAP2	1	14	238528	228949	18876	448601	0.957923
chr01x14	5000001	5250000	HAP1_chr14	HAP2_chr01	HAP1	HAP2	14	1	227075	211773	9518	429330	0.977831
chr01x14	5000001	5250000	HAP2_chr01	HAP2_chr14	HAP2	HAP2	1	14	211773	228949	63071	377651	0.832991
chr01x14	5250001	5500000	HAP1_chr01	HAP1_chr14	HAP1	HAP1	1	14	194046	225963	125840	294169	0.572219
chr01x14	5250001	5500000	HAP1_chr01	HAP2_chr14	HAP1	HAP2	1	14	194046	222843	19780	397109	0.950190
chr01x14	5250001	5500000	HAP1_chr14	HAP2_chr01	HAP1	HAP2	14	1	225963	222153	5270	442846	0.988100
chr01x14	5250001	5500000	HAP2_chr01	HAP2_chr14	HAP2	HAP2	1	14	222153	222843	62276	382720	0.837281
chr01x14	5500001	5750000	HAP1_chr01	HAP1_chr14	HAP1	HAP1	1	14	233734	235257	172346	296645	0.419016
chr01x14	5500001	5750000	HAP1_chr01	HAP2_chr14	HAP1	HAP2	1	14	233734	230356	29467	434623	0.932201
chr01x14	5500001	5750000	HAP1_chr14	HAP2_chr01	HAP1	HAP2	14	1	235257	233300	8823	459734	0.980808
chr01x14	5500001	5750000	HAP2_chr01	HAP2_chr14	HAP2	HAP2	1	14	233300	230356	62498	401158	0.844206
chr01x14	5750001	6000000	HAP1_chr01	HAP1_chr14	HAP1	HAP1	1	14	234144	216394	79064	371474	0.787161
chr01x14	5750001	6000000	HAP1_chr01	HAP2_chr14	HAP1	HAP2	1	14	234144	221971	21121	434994	0.951445
chr01x14	5750001	6000000	HAP1_chr14	HAP2_chr01	HAP1	HAP2	14	1	216394	219179	6785	428788	0.984176
chr01x14	5750001	6000000	HAP2_chr01	HAP2_chr14	HAP2	HAP2	1	14	219179	221971	54601	386549	0.858748
chr01x14	6000001	6250000	HAP1_chr01	HAP1_chr14	HAP1	HAP1	1	14	220675	232560	103492	349743	0.704091
chr01x14	6000001	6250000	HAP1_chr01	HAP2_chr14	HAP1	HAP2	1	14	220675	227977	23958	424694	0.943588
chr01x14	6000001	6250000	HAP1_chr14	HAP2_chr01	HAP1	HAP2	14	1	232560	232926	2739	462747	0.994081
chr01x14	6000001	6250000	HAP2_chr01	HAP2_chr14	HAP2	HAP2	1	14	232926	227977	36073	424830	0.915088
chr01x14	6250001	6500000	HAP1_chr01	HAP1_chr14	HAP1	HAP1	1	14	208060	228459	72824	363695	0.799766
chr01x14	6250001	6500000	HAP1_chr01	HAP2_chr14	HAP1	HAP2	1	14	208060	218143	44177	382026	0.884361
chr01x14	6250001	6500000	HAP1_chr14	HAP2_chr01	HAP1	HAP2	14	1	228459	235741	3655	460545	0.992064
chr01x14	6250001	6500000	HAP2_chr01	HAP2_chr14	HAP2	HAP2	1	14	235741	218143	12132	441752	0.972537
chr01x14	6500001	6750000	HAP1_chr01	HAP1_chr14	HAP1	HAP1	1	14	228986	220487	72126	377347	0.808860
chr01x14	6500001	6750000	HAP1_chr01	HAP2_chr14	HAP1	HAP2	1	14	228986	228819	66464	391341	0.830163
chr01x14	6500001	6750000	HAP1_chr14	HAP2_chr01	HAP1	HAP2	14	1	220487	209000	10990	418497	0.973739
chr01x14	6500001	6750000	HAP2_chr01	HAP2_chr14	HAP2	HAP2	1	14	209000	228819	5757	432062	0.986676
chr01x14	6750001	7000000	HAP1_chr01	HAP1_chr14	HAP1	HAP1	1	14	206736	228657	25608	409785	0.937509
chr01x14	6750001	7000000	HAP1_chr01	HAP2_chr14	HAP1	HAP2	1	14	206736	206268	33697	379307	0.911162
chr01x14	6750001	7000000	HAP1_chr14	HAP2_chr01	HAP1	HAP2	14	1	228657	224114	6801	445970	0.984750
chr01x14	6750001	7000000	HAP2_chr01	HAP2_chr14	HAP2	HAP2	1	14	224114	206268	10281	420101	0.975527
chr01x14	7000001	7250000	HAP1_chr01	HAP1_chr14	HAP1	HAP1	1	14	231495	232346	58059	405782	0.856921
chr01x14	7000001	7250000	HAP1_chr01	HAP2_chr14	HAP1	HAP2	1	14	231495	219730	34563	416662	0.917048
chr01x14	7000001	7250000	HAP1_chr14	HAP2_chr01	HAP1	HAP2	14	1	232346	228081	3377	457050	0.992611
chr01x14	7000001	7250000	HAP2_chr01	HAP2_chr14	HAP2	HAP2	1	14	228081	219730	66448	381363	0.825762
chr01x14	7250001	7500000	HAP1_chr01	HAP1_chr14	HAP1	HAP1	1	14	226395	222602	29532	419465	0.929596
chr01x14	7250001	7500000	HAP1_chr01	HAP2_chr14	HAP1	HAP2	1	14	226395	241005	65302	402098	0.837597
chr01x14	7250001	7500000	HAP1_chr14	HAP2_chr01	HAP1	HAP2	14	1	222602	228543	7420	443725	0.983278
chr01x14	7250001	7500000	HAP2_chr01	HAP2_chr14	HAP2	HAP2	1	14	228543	241005	81991	387557	0.788441
chr01x14	7500001	7750000	HAP1_chr01	HAP1_chr14	HAP1	HAP1	1	14	220820	224518	29175	416163	0.929895
chr01x14	7500001	7750000	HAP1_chr01	HAP2_chr14	HAP1	HAP2	1	14	220820	220932	67600	374152	0.819325
chr01x14	7500001	7750000	HAP1_chr14	HAP2_chr01	HAP1	HAP2	14	1	224518	231044	4393	451169	0.990263
chr01x14	7500001	7750000	HAP2_chr01	HAP2_chr14	HAP2	HAP2	1	14	231044	220932	40008	411968	0.902886
chr01x14	7750001	8000000	HAP1_chr01	HAP1_chr14	HAP1	HAP1	1	14	182733	237519	3936	416316	0.990546
chr01x14	7750001	8000000	HAP1_chr01	HAP2_chr14	HAP1	HAP2	1	14	182733	201686	59647	324772	0.816342
chr01x14	7750001	8000000	HAP1_chr14	HAP2_chr01	HAP1	HAP2	14	1	237519	231091	2961	465649	0.993641
chr01x14	7750001	8000000	HAP2_chr01	HAP2_chr14	HAP2	HAP2	1	14	231091	201686	16575	416202	0.960176
chr01x14	8000001	8250000	HAP1_chr01	HAP1_chr14	HAP1	HAP1	1	14	230491	225323	6654	449160	0.985186
chr01x14	8000001	8250000	HAP1_chr01	HAP2_chr14	HAP1	HAP2	1	14	230491	240835	80912	390414	0.792753
chr01x14	8000001	8250000	HAP1_chr14	HAP2_chr01	HAP1	HAP2	14	1	225323	218928	10058	434193	0.976835
chr01x14	8000001	8250000	HAP2_chr01	HAP2_chr14	HAP2	HAP2	1	14	218928	240835	10734	449029	0.976095
chr01x14	8250001	8500000	HAP1_chr01	HAP1_chr14	HAP1	HAP1	1	14	223316	199851	12840	410327	0.968708
chr01x14	8250001	8500000	HAP1_chr01	HAP2_chr14	HAP1	HAP2	1	14	223316	217572	30348	410540	0.926078
chr01x14	8250001	8500000	HAP1_chr14	HAP2_chr01	HAP1	HAP2	14	1	199851	232451	4809	427493	0.988751
chr01x14	8250001	8500000	HAP2_chr01	HAP2_chr14	HAP2	HAP2	1	14	232451	217572	3743	446280	0.991613
chr01x14	8500001	8750000	HAP1_chr01	HAP1_chr14	HAP1	HAP1	1	14	223231	218479	14476	427234	0.966117
chr01x14	8500001	8750000	HAP1_chr01	HAP2_chr14	HAP1	HAP2	1	14	223231	211779	22696	412314	0.944955
chr01x14	8500001	8750000	HAP1_chr14	HAP2_chr01	HAP1	HAP2	14	1	218479	234593	9175	443897	0.979331
chr01x14	8500001	8750000	HAP2_chr01	HAP2_chr14	HAP2	HAP2	1	14	234593	211779	7823	438549	0.982162
chr01x14	8750001	9000000	HAP1_chr01	HAP1_chr14	HAP1	HAP1	1	14	217146	234631	13450	438327	0.969315
chr01x14	8750001	9000000	HAP1_chr01	HAP2_chr14	HAP1	HAP2	1	14	217146	204254	45757	375643	0.878190
chr01x14	8750001	9000000	HAP1_chr14	HAP2_chr01	HAP1	HAP2	14	1	234631	231730	7512	458849	0.983629
chr01x14	8750001	9000000	HAP2_chr01	HAP2_chr14	HAP2	HAP2	1	14	231730	204254	6068	429916	0.985886
chr01x14	9000001	9250000	HAP1_chr01	HAP1_chr14	HAP1	HAP1	1	14	226496	219596	4825	441267	0.989066
chr01x14	9000001	9250000	HAP1_chr01	HAP2_chr14	HAP1	HAP2	1	14	226496	225177	49236	402437	0.877655
chr01x14	9000001	9250000	HAP1_chr14	HAP2_chr01	HAP1	HAP2	14	1	219596	235653	7066	448183	0.984234
chr01x14	9000001	9250000	HAP2_chr01	HAP2_chr14	HAP2	HAP2	1	14	235653	225177	15594	445236	0.964976
chr01x14	9250001	9500000	HAP1_chr01	HAP1_chr14	HAP1	HAP1	1	14	219407	223309	15666	427050	0.963316
chr01x14	9250001	9500000	HAP1_chr01	HAP2_chr14	HAP1	HAP2	1	14	219407	174444	35261	358590	0.901668
chr01x14	9250001	9500000	HAP1_chr14	HAP2_chr01	HAP1	HAP2	14	1	223309	214986	6545	431750	0.984841
chr01x14	9250001	9500000	HAP2_chr01	HAP2_chr14	HAP2	HAP2	1	14	214986	174444	9222	380208	0.975745
chr01x14	9500001	9750000	HAP1_chr01	HAP1_chr14	HAP1	HAP1	1	14	211546	233480	6959	438067	0.984114
chr01x14	9500001	9750000	HAP1_chr01	HAP2_chr14	HAP1	HAP2	1	14	211546	198447	67826	342167	0.801775
chr01x14	9500001	9750000	HAP1_chr14	HAP2_chr01	HAP1	HAP2	14	1	233480	226498	12384	447594	0.972332
chr01x14	9500001	9750000	HAP2_chr01	HAP2_chr14	HAP2	HAP2	1	14	226498	198447	15067	409878	0.963240
chr01x14	9750001	10000000	HAP1_chr01	HAP1_chr14	HAP1	HAP1	1	14	224901	214958	20462	419397	0.951211
chr01x14	9750001	10000000	HAP1_chr01	HAP2_chr14	HAP1	HAP2	1	14	224901	236824	67066	394659	0.830066
chr01x14	9750001	10000000	HAP1_chr14	HAP2_chr01	HAP1	HAP2	14	1	214958	217803	8439	424322	0.980112
chr01x14	9750001	10000000	HAP2_chr01	HAP2_chr14	HAP2	HAP2	1	14	217803	236824	5207	449420	0.988414
chr01x14	10000001	10250000	HAP1_chr01	HAP1_chr14	HAP1	HAP1	1	14	236900	229780	69645	397035	0.824587
chr01x14	10000001	10250000	HAP1_chr01	HAP2_chr14	HAP1	HAP2	1	14	236900	223781	74957	385724	0.805672
chr01x14	10000001	10250000	HAP1_chr14	HAP2_chr01	HAP1	HAP2	14	1	229780	236386	35024	431142	0.918765
chr01x14	10000001	10250000	HAP2_chr01	HAP2_chr14	HAP2	HAP2	1	14	236386	223781	25959	434208	0.940215
chr01x14	10250001	10500000	HAP1_chr01	HAP1_chr14	HAP1	HAP1	1	14	213630	191213	108796	296047	0.632504
chr01x14	10250001	10500000	HAP1_chr01	HAP2_chr14	HAP1	HAP2	1	14	213630	231566	91681	353515	0.740659
chr01x14	10250001	10500000	HAP1_chr14	HAP2_chr01	HAP1	HAP2	14	1	191213	240751	16200	415764	0.961036
chr01x14	10250001	10500000	HAP2_chr01	HAP2_chr14	HAP2	HAP2	1	14	240751	231566	42630	429687	0.900788
chr01x14	10500001	10750000	HAP1_chr01	HAP1_chr14	HAP1	HAP1	1	14	230202	215205	97895	347512	0.718297
chr01x14	10500001	10750000	HAP1_chr01	HAP2_chr14	HAP1	HAP2	1	14	230202	216869	60029	387042	0.844903
chr01x14	10500001	10750000	HAP1_chr14	HAP2_chr01	HAP1	HAP2	14	1	215205	232736	41658	406283	0.897466
chr01x14	10500001	10750000	HAP2_chr01	HAP2_chr14	HAP2	HAP2	1	14	232736	216869	48359	401246	0.879478
chr01x14	10750001	11000000	HAP1_chr01	HAP1_chr14	HAP1	HAP1	1	14	222296	220295	98327	344264	0.714385
chr01x14	10750001	11000000	HAP1_chr01	HAP2_chr14	HAP1	HAP2	1	14	222296	192106	56175	358227	0.843186
chr01x14	10750001	11000000	HAP1_chr14	HAP2_chr01	HAP1	HAP2	14	1	220295	209564	80611	349248	0.769187
chr01x14	10750001	11000000	HAP2_chr01	HAP2_chr14	HAP2	HAP2	1	14	209564	192106	69739	331931	0.789899
chr01x14	11000001	11250000	HAP1_chr01	HAP1_chr14	HAP1	HAP1	1	14	233361	226530	73951	385940	0.808387
chr01x14	11000001	11250000	HAP1_chr01	HAP2_chr14	HAP1	HAP2	1	14	233361	224196	51431	406126	0.873362
chr01x14	11000001	11250000	HAP1_chr14	HAP2_chr01	HAP1	HAP2	14	1	226530	201717	7616	420631	0.981894
chr01x14	11000001	11250000	HAP2_chr01	HAP2_chr14	HAP2	HAP2	1	14	201717	224196	80559	345354	0.766735
chr01x14	11250001	11500000	HAP1_chr01	HAP1_chr14	HAP1	HAP1	1	14	222301	230996	63792	389505	0.836223
chr01x14	11250001	11500000	HAP1_chr01	HAP2_chr14	HAP1	HAP2	1	14	222301	216893	77369	361825	0.786170
chr01x14	11250001	11500000	HAP1_chr14	HAP2_chr01	HAP1	HAP2	14	1	230996	234057	37702	427351	0.911777
chr01x14	11250001	11500000	HAP2_chr01	HAP2_chr14	HAP2	HAP2	1	14	234057	216893	91898	359052	0.744054
chr01x14	11500001	11750000	HAP1_chr01	HAP1_chr14	HAP1	HAP1	1	14	226673	236160	53302	409531	0.869846
chr01x14	11500001	11750000	HAP1_chr01	HAP2_chr14	HAP1	HAP2	1	14	226673	234013	101405	359281	0.717756
chr01x14	11500001	11750000	HAP1_chr14	HAP2_chr01	HAP1	HAP2	14	1	236160	235732	40428	431464	0.906300
chr01x14	11500001	11750000	HAP2_chr01	HAP2_chr14	HAP2	HAP2	1	14	235732	234013	104741	365004	0.713042
chr01x14	11750001	12000000	HAP1_chr01	HAP1_chr14	HAP1	HAP1	1	14	227430	193334	48739	372025	0.868990
chr01x14	11750001	12000000	HAP1_chr01	HAP2_chr14	HAP1	HAP2	1	14	227430	213653	74911	366172	0.795421
chr01x14	11750001	12000000	HAP1_chr14	HAP2_chr01	HAP1	HAP2	14	1	193334	232038	28608	396764	0.927897
chr01x14	11750001	12000000	HAP2_chr01	HAP2_chr14	HAP2	HAP2	1	14	232038	213653	79179	366512	0.783966
chr01x14	12000001	12250000	HAP1_chr01	HAP1_chr14	HAP1	HAP1	1	14	206538	209233	67953	347818	0.804631
chr01x14	12000001	12250000	HAP1_chr01	HAP2_chr14	HAP1	HAP2	1	14	206538	213646	63828	356356	0.820887
chr01x14	12000001	12250000	HAP1_chr14	HAP2_chr01	HAP1	HAP2	14	1	209233	234748	71738	372243	0.807282
chr01x14	12000001	12250000	HAP2_chr01	HAP2_chr14	HAP2	HAP2	1	14	234748	213646	68613	379781	0.819335
chr01x14	12250001	12500000	HAP1_chr01	HAP1_chr14	HAP1	HAP1	1	14	237232	227648	92444	372436	0.751786
chr01x14	12250001	12500000	HAP1_chr01	HAP2_chr14	HAP1	HAP2	1	14	237232	231844	79829	389247	0.794914
chr01x14	12250001	12500000	HAP1_chr14	HAP2_chr01	HAP1	HAP2	14	1	227648	234248	125888	336008	0.625342
chr01x14	12250001	12500000	HAP2_chr01	HAP2_chr14	HAP2	HAP2	1	14	234248	231844	66405	399687	0.833857
chr01x14	12500001	12750000	HAP1_chr01	HAP1_chr14	HAP1	HAP1	1	14	224240	227035	100141	351134	0.714807
chr01x14	12500001	12750000	HAP1_chr01	HAP2_chr14	HAP1	HAP2	1	14	224240	235086	92574	366752	0.747584
chr01x14	12500001	12750000	HAP1_chr14	HAP2_chr01	HAP1	HAP2	14	1	227035	228749	111672	344112	0.675478
chr01x14	12500001	12750000	HAP2_chr01	HAP2_chr14	HAP2	HAP2	1	14	228749	235086	72441	391394	0.814915
chr01x14	12750001	13000000	HAP1_chr01	HAP1_chr14	HAP1	HAP1	1	14	230657	210876	108832	332701	0.672883
chr01x14	12750001	13000000	HAP1_chr01	HAP2_chr14	HAP1	HAP2	1	14	230657	218690	78227	371120	0.789214
chr01x14	12750001	13000000	HAP1_chr14	HAP2_chr01	HAP1	HAP2	14	1	210876	220404	95796	335484	0.714454
chr01x14	12750001	13000000	HAP2_chr01	HAP2_chr14	HAP2	HAP2	1	14	220404	218690	83306	355788	0.765855
chr01x14	13000001	13250000	HAP1_chr01	HAP1_chr14	HAP1	HAP1	1	14	217464	218924	71869	364519	0.802839
chr01x14	13000001	13250000	HAP1_chr01	HAP2_chr14	HAP1	HAP2	1	14	217464	209767	83366	343865	0.757562
chr01x14	13000001	13250000	HAP1_chr14	HAP2_chr01	HAP1	HAP2	14	1	218924	219632	128959	309597	0.583462
chr01x14	13000001	13250000	HAP2_chr01	HAP2_chr14	HAP2	HAP2	1	14	219632	209767	72705	356694	0.796170
chr01x14	13250001	13500000	HAP1_chr01	HAP1_chr14	HAP1	HAP1	1	14	204836	191274	21829	374281	0.941678
chr01x14	13250001	13500000	HAP1_chr01	HAP2_chr14	HAP1	HAP2	1	14	204836	206988	37652	374172	0.899372
chr01x14	13250001	13500000	HAP1_chr14	HAP2_chr01	HAP1	HAP2	14	1	191274	215715	79707	327282	0.756458
chr01x14	13250001	13500000	HAP2_chr01	HAP2_chr14	HAP2	HAP2	1	14	215715	206988	75133	347570	0.783833
chr01x14	13500001	13750000	HAP1_chr01	HAP1_chr14	HAP1	HAP1	1	14	199284	202514	41612	360186	0.884471
chr01x14	13500001	13750000	HAP1_chr01	HAP2_chr14	HAP1	HAP2	1	14	199284	204818	34604	369498	0.906349
chr01x14	13500001	13750000	HAP1_chr14	HAP2_chr01	HAP1	HAP2	14	1	202514	215366	70544	347336	0.796900
chr01x14	13500001	13750000	HAP2_chr01	HAP2_chr14	HAP2	HAP2	1	14	215366	204818	86648	333536	0.740214
chr01x14	13750001	14000000	HAP1_chr01	HAP1_chr14	HAP1	HAP1	1	14	213079	216174	93257	335996	0.722446
chr01x14	13750001	14000000	HAP1_chr01	HAP2_chr14	HAP1	HAP2	1	14	213079	233338	26663	419754	0.936479
chr01x14	13750001	14000000	HAP1_chr14	HAP2_chr01	HAP1	HAP2	14	1	216174	226182	45174	397182	0.886264
chr01x14	13750001	14000000	HAP2_chr01	HAP2_chr14	HAP2	HAP2	1	14	226182	233338	77177	382343	0.798147
chr01x14	14000001	14250000	HAP1_chr01	HAP1_chr14	HAP1	HAP1	1	14	236497	221451	68115	389833	0.825271
chr01x14	14000001	14250000	HAP1_chr01	HAP2_chr14	HAP1	HAP2	1	14	236497	233425	29266	440656	0.933585
chr01x14	14000001	14250000	HAP1_chr14	HAP2_chr01	HAP1	HAP2	14	1	221451	220214	19567	422098	0.953643
chr01x14	14000001	14250000	HAP2_chr01	HAP2_chr14	HAP2	HAP2	1	14	220214	233425	34615	419024	0.917391
chr01x14	14250001	14500000	HAP1_chr01	HAP1_chr14	HAP1	HAP1	1	14	225266	223431	97208	351489	0.723439
chr01x14	14250001	14500000	HAP1_chr01	HAP2_chr14	HAP1	HAP2	1	14	225266	195941	11958	409249	0.970781
chr01x14	14250001	14500000	HAP1_chr14	HAP2_chr01	HAP1	HAP2	14	1	223431	223392	56939	389884	0.853959
chr01x14	14250001	14500000	HAP2_chr01	HAP2_chr14	HAP2	HAP2	1	14	223392	195941	11376	407957	0.972115
chr01x14	14500001	14750000	HAP1_chr01	HAP1_chr14	HAP1	HAP1	1	14	226797	237234	93605	370426	0.747304
chr01x14	14500001	14750000	HAP1_chr01	HAP2_chr14	HAP1	HAP2	1	14	226797	221655	36191	412261	0.912213
chr01x14	14500001	14750000	HAP1_chr14	HAP2_chr01	HAP1	HAP2	14	1	237234	198188	71129	364293	0.804748
chr01x14	14500001	14750000	HAP2_chr01	HAP2_chr14	HAP2	HAP2	1	14	198188	221655	8819	411024	0.978544
chr01x14	14750001	15000000	HAP1_chr01	HAP1_chr14	HAP1	HAP1	1	14	222162	208167	43972	386357	0.886188
chr01x14	14750001	15000000	HAP1_chr01	HAP2_chr14	HAP1	HAP2	1	14	222162	196767	3261	415668	0.992155
chr01x14	14750001	15000000	HAP1_chr14	HAP2_chr01	HAP1	HAP2	14	1	208167	232556	93831	346892	0.729509
chr01x14	14750001	15000000	HAP2_chr01	HAP2_chr14	HAP2	HAP2	1	14	232556	196767	7080	422243	0.983232
chr01x14	15000001	15250000	HAP1_chr01	HAP1_chr14	HAP1	HAP1	1	14	212594	227885	85532	354947	0.759029
chr01x14	15000001	15250000	HAP1_chr01	HAP2_chr14	HAP1	HAP2	1	14	212594	240605	6164	447035	0.986211
chr01x14	15000001	15250000	HAP1_chr14	HAP2_chr01	HAP1	HAP2	14	1	227885	225447	126079	327253	0.614735
chr01x14	15000001	15250000	HAP2_chr01	HAP2_chr14	HAP2	HAP2	1	14	225447	240605	4761	461291	0.989679
chr01x14	15250001	15500000	HAP1_chr01	HAP1_chr14	HAP1	HAP1	1	14	224704	230286	93025	361965	0.743000
chr01x14	15250001	15500000	HAP1_chr01	HAP2_chr14	HAP1	HAP2	1	14	224704	230651	7667	447688	0.982874
chr01x14	15250001	15500000	HAP1_chr14	HAP2_chr01	HAP1	HAP2	14	1	230286	240284	125258	345312	0.637261
chr01x14	15250001	15500000	HAP2_chr01	HAP2_chr14	HAP2	HAP2	1	14	240284	230651	5147	465788	0.988950
chr01x14	15500001	15750000	HAP1_chr01	HAP1_chr14	HAP1	HAP1	1	14	239268	241274	136094	344448	0.604892
chr01x14	15500001	15750000	HAP1_chr01	HAP2_chr14	HAP1	HAP2	1	14	239268	228805	3216	464857	0.993082
chr01x14	15500001	15750000	HAP1_chr14	HAP2_chr01	HAP1	HAP2	14	1	241274	231765	107074	365965	0.707420
chr01x14	15500001	15750000	HAP2_chr01	HAP2_chr14	HAP2	HAP2	1	14	231765	228805	4587	455983	0.989940
chr01x14	15750001	16000000	HAP1_chr01	HAP1_chr14	HAP1	HAP1	1	14	230407	226025	75824	380608	0.800782
chr01x14	15750001	16000000	HAP1_chr01	HAP2_chr14	HAP1	HAP2	1	14	230407	179039	3753	405693	0.990749
chr01x14	15750001	16000000	HAP1_chr14	HAP2_chr01	HAP1	HAP2	14	1	226025	235418	81694	379749	0.784874
chr01x14	15750001	16000000	HAP2_chr01	HAP2_chr14	HAP2	HAP2	1	14	235418	179039	3101	411356	0.992462
chr01x14	16000001	16250000	HAP1_chr01	HAP1_chr14	HAP1	HAP1	1	14	224683	227880	89689	362874	0.752837
chr01x14	16000001	16250000	HAP1_chr01	HAP2_chr14	HAP1	HAP2	1	14	224683	227225	4860	447048	0.989129
chr01x14	16000001	16250000	HAP1_chr14	HAP2_chr01	HAP1	HAP2	14	1	227880	227544	55850	399574	0.860226
chr01x14	16000001	16250000	HAP2_chr01	HAP2_chr14	HAP2	HAP2	1	14	227544	227225	4915	449854	0.989074
chr01x14	16250001	16500000	HAP1_chr01	HAP1_chr14	HAP1	HAP1	1	14	220997	209623	133585	297035	0.550272
chr01x14	16250001	16500000	HAP1_chr01	HAP2_chr14	HAP1	HAP2	1	14	220997	224134	7715	437416	0.982362
chr01x14	16250001	16500000	HAP1_chr14	HAP2_chr01	HAP1	HAP2	14	1	209623	227049	67770	368902	0.816293
chr01x14	16250001	16500000	HAP2_chr01	HAP2_chr14	HAP2	HAP2	1	14	227049	224134	6611	444572	0.985130
chr01x14	16500001	16750000	HAP1_chr01	HAP1_chr14	HAP1	HAP1	1	14	235095	174029	7141	401983	0.982236
chr01x14	16500001	16750000	HAP1_chr01	HAP2_chr14	HAP1	HAP2	1	14	235095	219743	6985	447853	0.984403
chr01x14	16500001	16750000	HAP1_chr14	HAP2_chr01	HAP1	HAP2	14	1	174029	224406	7983	390452	0.979554
chr01x14	16500001	16750000	HAP2_chr01	HAP2_chr14	HAP2	HAP2	1	14	224406	219743	6266	437883	0.985690
chr01x14	16750001	17000000	HAP1_chr01	HAP1_chr14	HAP1	HAP1	1	14	219898	236835	6155	450578	0.986340
chr01x14	16750001	17000000	HAP1_chr01	HAP2_chr14	HAP1	HAP2	1	14	219898	217596	7908	429586	0.981592
chr01x14	16750001	17000000	HAP1_chr14	HAP2_chr01	HAP1	HAP2	14	1	236835	211579	27726	420688	0.934094
chr01x14	16750001	17000000	HAP2_chr01	HAP2_chr14	HAP2	HAP2	1	14	211579	217596	11702	417473	0.971969
chr01x14	17000001	17250000	HAP1_chr01	HAP1_chr14	HAP1	HAP1	1	14	233674	223689	6202	451161	0.986253
chr01x14	17000001	17250000	HAP1_chr01	HAP2_chr14	HAP1	HAP2	1	14	233674	226780	3660	456794	0.991988
chr01x14	17000001	17250000	HAP1_chr14	HAP2_chr01	HAP1	HAP2	14	1	223689	231368	44151	410906	0.892552
chr01x14	17000001	17250000	HAP2_chr01	HAP2_chr14	HAP2	HAP2	1	14	231368	226780	4888	453260	0.989216
chr01x14	17250001	17500000	HAP1_chr01	HAP1_chr14	HAP1	HAP1	1	14	190258	207046	8234	389070	0.978837
chr01x14	17250001	17500000	HAP1_chr01	HAP2_chr14	HAP1	HAP2	1	14	190258	230059	6760	413557	0.983654
chr01x14	17250001	17500000	HAP1_chr14	HAP2_chr01	HAP1	HAP2	14	1	207046	225366	10088	422324	0.976113
chr01x14	17250001	17500000	HAP2_chr01	HAP2_chr14	HAP2	HAP2	1	14	225366	230059	9222	446203	0.979332
chr01x14	17500001	17750000	HAP1_chr01	HAP1_chr14	HAP1	HAP1	1	14	205342	223845	12941	416246	0.968910
chr01x14	17500001	17750000	HAP1_chr01	HAP2_chr14	HAP1	HAP2	1	14	205342	220608	10238	415712	0.975372
chr01x14	17500001	17750000	HAP1_chr14	HAP2_chr01	HAP1	HAP2	14	1	223845	212146	39584	396407	0.900143
chr01x14	17500001	17750000	HAP2_chr01	HAP2_chr14	HAP2	HAP2	1	14	212146	220608	8738	424016	0.979392
chr01x14	17750001	18000000	HAP1_chr01	HAP1_chr14	HAP1	HAP1	1	14	220973	216067	15512	421528	0.963201
chr01x14	17750001	18000000	HAP1_chr01	HAP2_chr14	HAP1	HAP2	1	14	220973	224731	6139	439565	0.986034
chr01x14	17750001	18000000	HAP1_chr14	HAP2_chr01	HAP1	HAP2	14	1	216067	221269	39500	397836	0.900713
chr01x14	17750001	18000000	HAP2_chr01	HAP2_chr14	HAP2	HAP2	1	14	221269	224731	8304	437696	0.981028
chr01x14	18000001	18250000	HAP1_chr01	HAP1_chr14	HAP1	HAP1	1	14	223517	215541	8668	430390	0.979860
chr01x14	18000001	18250000	HAP1_chr01	HAP2_chr14	HAP1	HAP2	1	14	223517	198177	5759	415935	0.986154
chr01x14	18000001	18250000	HAP1_chr14	HAP2_chr01	HAP1	HAP2	14	1	215541	205596	35362	385775	0.908335
chr01x14	18000001	18250000	HAP2_chr01	HAP2_chr14	HAP2	HAP2	1	14	205596	198177	12105	391668	0.969094
chr01x14	18250001	18500000	HAP1_chr01	HAP1_chr14	HAP1	HAP1	1	14	184484	214956	5752	393688	0.985389
chr01x14	18250001	18500000	HAP1_chr01	HAP2_chr14	HAP1	HAP2	1	14	184484	202192	10710	375966	0.971513
chr01x14	18250001	18500000	HAP1_chr14	HAP2_chr01	HAP1	HAP2	14	1	214956	231285	18516	427725	0.956711
chr01x14	18250001	18500000	HAP2_chr01	HAP2_chr14	HAP2	HAP2	1	14	231285	202192	11218	422259	0.973433
chr01x14	18500001	18750000	HAP1_chr01	HAP1_chr14	HAP1	HAP1	1	14	223841	230941	12090	442692	0.972690
chr01x14	18500001	18750000	HAP1_chr01	HAP2_chr14	HAP1	HAP2	1	14	223841	218612	10640	431813	0.975360
chr01x14	18500001	18750000	HAP1_chr14	HAP2_chr01	HAP1	HAP2	14	1	230941	224438	29214	426165	0.931449
chr01x14	18500001	18750000	HAP2_chr01	HAP2_chr14	HAP2	HAP2	1	14	224438	218612	8465	434585	0.980522
chr01x14	18750001	19000000	HAP1_chr01	HAP1_chr14	HAP1	HAP1	1	14	213989	228405	8723	433671	0.979886
chr01x14	18750001	19000000	HAP1_chr01	HAP2_chr14	HAP1	HAP2	1	14	213989	233926	7442	440473	0.983105
chr01x14	18750001	19000000	HAP1_chr14	HAP2_chr01	HAP1	HAP2	14	1	228405	233589	14912	447082	0.966646
chr01x14	18750001	19000000	HAP2_chr01	HAP2_chr14	HAP2	HAP2	1	14	233589	233926	4068	463447	0.991222
chr01x14	19000001	19250000	HAP1_chr01	HAP1_chr14	HAP1	HAP1	1	14	222697	223202	30204	415695	0.927341
chr01x14	19000001	19250000	HAP1_chr01	HAP2_chr14	HAP1	HAP2	1	14	222697	200455	7452	415700	0.982074
chr01x14	19000001	19250000	HAP1_chr14	HAP2_chr01	HAP1	HAP2	14	1	223202	227123	3806	446519	0.991476
chr01x14	19000001	19250000	HAP2_chr01	HAP2_chr14	HAP2	HAP2	1	14	227123	200455	8122	419456	0.980637
chr01x14	19250001	19500000	HAP1_chr01	HAP1_chr14	HAP1	HAP1	1	14	222974	217387	73920	366441	0.798276
chr01x14	19250001	19500000	HAP1_chr01	HAP2_chr14	HAP1	HAP2	1	14	222974	231801	3594	451181	0.992034
chr01x14	19250001	19500000	HAP1_chr14	HAP2_chr01	HAP1	HAP2	14	1	217387	228437	9042	436782	0.979299
chr01x14	19250001	19500000	HAP2_chr01	HAP2_chr14	HAP2	HAP2	1	14	228437	231801	3958	456280	0.991326
chr01x14	19500001	19750000	HAP1_chr01	HAP1_chr14	HAP1	HAP1	1	14	226249	201668	38678	389239	0.900632
chr01x14	19500001	19750000	HAP1_chr01	HAP2_chr14	HAP1	HAP2	1	14	226249	190447	1156	415540	0.997218
chr01x14	19500001	19750000	HAP1_chr14	HAP2_chr01	HAP1	HAP2	14	1	201668	228867	11573	418962	0.972377
chr01x14	19500001	19750000	HAP2_chr01	HAP2_chr14	HAP2	HAP2	1	14	228867	190447	3153	416161	0.992424
chr01x14	19750001	20000000	HAP1_chr01	HAP1_chr14	HAP1	HAP1	1	14	219132	232783	38296	413619	0.907412
chr01x14	19750001	20000000	HAP1_chr01	HAP2_chr14	HAP1	HAP2	1	14	219132	226684	6191	439625	0.985918
chr01x14	19750001	20000000	HAP1_chr14	HAP2_chr01	HAP1	HAP2	14	1	232783	225932	5047	453668	0.988875
chr01x14	19750001	20000000	HAP2_chr01	HAP2_chr14	HAP2	HAP2	1	14	225932	226684	11676	440940	0.973520
chr01x14	20000001	20250000	HAP1_chr01	HAP1_chr14	HAP1	HAP1	1	14	221447	205032	10047	416432	0.975874
chr01x14	20000001	20250000	HAP1_chr01	HAP2_chr14	HAP1	HAP2	1	14	221447	206203	13445	414205	0.967540
chr01x14	20000001	20250000	HAP1_chr14	HAP2_chr01	HAP1	HAP2	14	1	205032	223324	5248	423108	0.987597
chr01x14	20000001	20250000	HAP2_chr01	HAP2_chr14	HAP2	HAP2	1	14	223324	206203	8334	421193	0.980213
chr01x14	20250001	20500000	HAP1_chr01	HAP1_chr14	HAP1	HAP1	1	14	210024	164651	15768	358907	0.956067
chr01x14	20250001	20500000	HAP1_chr01	HAP2_chr14	HAP1	HAP2	1	14	210024	226757	10184	426597	0.976127
chr01x14	20250001	20500000	HAP1_chr14	HAP2_chr01	HAP1	HAP2	14	1	164651	208608	11420	361839	0.968439
chr01x14	20250001	20500000	HAP2_chr01	HAP2_chr14	HAP2	HAP2	1	14	208608	226757	8155	427210	0.980911
chr01x14	20500001	20750000	HAP1_chr01	HAP1_chr14	HAP1	HAP1	1	14	213721	203894	4475	413140	0.989168
chr01x14	20500001	20750000	HAP1_chr01	HAP2_chr14	HAP1	HAP2	1	14	213721	207733	3920	417534	0.990612
chr01x14	20500001	20750000	HAP1_chr14	HAP2_chr01	HAP1	HAP2	14	1	203894	224543	4958	423479	0.988292
chr01x14	20500001	20750000	HAP2_chr01	HAP2_chr14	HAP2	HAP2	1	14	224543	207733	7051	425225	0.983418
chr01x14	20750001	21000000	HAP1_chr01	HAP1_chr14	HAP1	HAP1	1	14	220810	204995	47101	378704	0.875626
chr01x14	20750001	21000000	HAP1_chr01	HAP2_chr14	HAP1	HAP2	1	14	220810	197846	10097	408559	0.975286
chr01x14	20750001	21000000	HAP1_chr14	HAP2_chr01	HAP1	HAP2	14	1	204995	227320	6016	426299	0.985888
chr01x14	20750001	21000000	HAP2_chr01	HAP2_chr14	HAP2	HAP2	1	14	227320	197846	7580	417586	0.981848
chr01x14	21000001	21250000	HAP1_chr01	HAP1_chr14	HAP1	HAP1	1	14	220484	190188	35496	375176	0.905388
chr01x14	21000001	21250000	HAP1_chr01	HAP2_chr14	HAP1	HAP2	1	14	220484	234212	2965	451731	0.993436
chr01x14	21000001	21250000	HAP1_chr14	HAP2_chr01	HAP1	HAP2	14	1	190188	222291	5987	406492	0.985272
chr01x14	21000001	21250000	HAP2_chr01	HAP2_chr14	HAP2	HAP2	1	14	222291	234212	30231	426272	0.929080
chr01x14	21250001	21500000	HAP1_chr01	HAP1_chr14	HAP1	HAP1	1	14	221340	220252	4134	437458	0.990550
chr01x14	21250001	21500000	HAP1_chr01	HAP2_chr14	HAP1	HAP2	1	14	221340	211197	9591	422946	0.977323
chr01x14	21250001	21500000	HAP1_chr14	HAP2_chr01	HAP1	HAP2	14	1	220252	226962	5155	442059	0.988339
chr01x14	21250001	21500000	HAP2_chr01	HAP2_chr14	HAP2	HAP2	1	14	226962	211197	11628	426531	0.972738
chr01x14	21500001	21750000	HAP1_chr01	HAP1_chr14	HAP1	HAP1	1	14	213882	222312	8621	427573	0.979837
chr01x14	21500001	21750000	HAP1_chr01	HAP2_chr14	HAP1	HAP2	1	14	213882	211237	9773	415346	0.976470
chr01x14	21500001	21750000	HAP1_chr14	HAP2_chr01	HAP1	HAP2	14	1	222312	193649	10189	405772	0.974890
chr01x14	21500001	21750000	HAP2_chr01	HAP2_chr14	HAP2	HAP2	1	14	193649	211237	14592	390294	0.962613
chr01x14	21750001	22000000	HAP1_chr01	HAP1_chr14	HAP1	HAP1	1	14	212047	209002	6144	414905	0.985192
chr01x14	21750001	22000000	HAP1_chr01	HAP2_chr14	HAP1	HAP2	1	14	212047	224540	3786	432801	0.991252
chr01x14	21750001	22000000	HAP1_chr14	HAP2_chr01	HAP1	HAP2	14	1	209002	222476	5502	425976	0.987084
chr01x14	21750001	22000000	HAP2_chr01	HAP2_chr14	HAP2	HAP2	1	14	222476	224540	57560	389456	0.852204
chr01x14	22000001	22250000	HAP1_chr01	HAP1_chr14	HAP1	HAP1	1	14	219644	206532	6311	419865	0.984969
chr01x14	22000001	22250000	HAP1_chr01	HAP2_chr14	HAP1	HAP2	1	14	219644	199403	6652	412395	0.983870
chr01x14	22000001	22250000	HAP1_chr14	HAP2_chr01	HAP1	HAP2	14	1	206532	226277	9785	423024	0.976869
chr01x14	22000001	22250000	HAP2_chr01	HAP2_chr14	HAP2	HAP2	1	14	226277	199403	29872	395808	0.924529
chr01x14	22250001	22500000	HAP1_chr01	HAP1_chr14	HAP1	HAP1	1	14	233652	186930	5033	415549	0.987888
chr01x14	22250001	22500000	HAP1_chr01	HAP2_chr14	HAP1	HAP2	1	14	233652	192202	5296	420558	0.987407
chr01x14	22250001	22500000	HAP1_chr14	HAP2_chr01	HAP1	HAP2	14	1	186930	230132	3381	413681	0.991827
chr01x14	22250001	22500000	HAP2_chr01	HAP2_chr14	HAP2	HAP2	1	14	230132	192202	43033	379301	0.886547
chr01x14	22500001	22750000	HAP1_chr01	HAP1_chr14	HAP1	HAP1	1	14	226491	213750	9151	431090	0.978772
chr01x14	22500001	22750000	HAP1_chr01	HAP2_chr14	HAP1	HAP2	1	14	226491	225287	10574	441204	0.976034
chr01x14	22500001	22750000	HAP1_chr14	HAP2_chr01	HAP1	HAP2	14	1	213750	220148	10141	423757	0.976069
chr01x14	22500001	22750000	HAP2_chr01	HAP2_chr14	HAP2	HAP2	1	14	220148	225287	53061	392374	0.864769
chr01x14	22750001	23000000	HAP1_chr01	HAP1_chr14	HAP1	HAP1	1	14	217152	217543	4452	430243	0.989652
chr01x14	22750001	23000000	HAP1_chr01	HAP2_chr14	HAP1	HAP2	1	14	217152	199656	4076	412732	0.990124
chr01x14	22750001	23000000	HAP1_chr14	HAP2_chr01	HAP1	HAP2	14	1	217543	228558	5800	440301	0.986827
chr01x14	22750001	23000000	HAP2_chr01	HAP2_chr14	HAP2	HAP2	1	14	228558	199656	46481	381733	0.878237
chr01x14	23000001	23250000	HAP1_chr01	HAP1_chr14	HAP1	HAP1	1	14	217996	208720	9894	416822	0.976263
chr01x14	23000001	23250000	HAP1_chr01	HAP2_chr14	HAP1	HAP2	1	14	217996	176025	9666	384355	0.974851
chr01x14	23000001	23250000	HAP1_chr14	HAP2_chr01	HAP1	HAP2	14	1	208720	184691	3808	389603	0.990226
chr01x14	23000001	23250000	HAP2_chr01	HAP2_chr14	HAP2	HAP2	1	14	184691	176025	40939	319777	0.871976
chr01x14	23250001	23500000	HAP1_chr01	HAP1_chr14	HAP1	HAP1	1	14	228399	218327	11324	435402	0.973992
chr01x14	23250001	23500000	HAP1_chr01	HAP2_chr14	HAP1	HAP2	1	14	228399	200938	8178	421159	0.980582
chr01x14	23250001	23500000	HAP1_chr14	HAP2_chr01	HAP1	HAP2	14	1	218327	210250	9685	418892	0.976879
chr01x14	23250001	23500000	HAP2_chr01	HAP2_chr14	HAP2	HAP2	1	14	210250	200938	32132	379056	0.915232
chr01x14	23500001	23750000	HAP1_chr01	HAP1_chr14	HAP1	HAP1	1	14	227667	222646	2709	447604	0.993948
chr01x14	23500001	23750000	HAP1_chr01	HAP2_chr14	HAP1	HAP2	1	14	227667	223094	5040	445721	0.988692
chr01x14	23500001	23750000	HAP1_chr14	HAP2_chr01	HAP1	HAP2	14	1	222646	211402	9781	424267	0.976946
chr01x14	23500001	23750000	HAP2_chr01	HAP2_chr14	HAP2	HAP2	1	14	211402	223094	5737	428759	0.986620
chr01x14	23750001	24000000	HAP1_chr01	HAP1_chr14	HAP1	HAP1	1	14	220242	222479	9759	432962	0.977460
chr01x14	23750001	24000000	HAP1_chr01	HAP2_chr14	HAP1	HAP2	1	14	220242	230342	7025	443559	0.984162
chr01x14	23750001	24000000	HAP1_chr14	HAP2_chr01	HAP1	HAP2	14	1	222479	233877	6450	449906	0.985664
chr01x14	23750001	24000000	HAP2_chr01	HAP2_chr14	HAP2	HAP2	1	14	233877	230342	12640	451579	0.972009
chr01x14	24000001	24250000	HAP1_chr01	HAP1_chr14	HAP1	HAP1	1	14	222688	202089	3417	421360	0.991891
chr01x14	24000001	24250000	HAP1_chr01	HAP2_chr14	HAP1	HAP2	1	14	222688	222461	3824	441325	0.991335
chr01x14	24000001	24250000	HAP1_chr14	HAP2_chr01	HAP1	HAP2	14	1	202089	225652	11555	416186	0.972236
chr01x14	24000001	24250000	HAP2_chr01	HAP2_chr14	HAP2	HAP2	1	14	225652	222461	43465	404648	0.892586
chr01x14	24250001	24500000	HAP1_chr01	HAP1_chr14	HAP1	HAP1	1	14	133809	228061	2944	358926	0.991798
chr01x14	24250001	24500000	HAP1_chr01	HAP2_chr14	HAP1	HAP2	1	14	133809	215869	2662	347016	0.992329
chr01x14	24250001	24500000	HAP1_chr14	HAP2_chr01	HAP1	HAP2	14	1	228061	202738	7964	422835	0.981165
chr01x14	24250001	24500000	HAP2_chr01	HAP2_chr14	HAP2	HAP2	1	14	202738	215869	10054	408553	0.975391
chr01x14	24500001	24750000	HAP1_chr01	HAP1_chr14	HAP1	HAP1	1	14	215100	197096	7910	404286	0.980435
chr01x14	24500001	24750000	HAP1_chr01	HAP2_chr14	HAP1	HAP2	1	14	215100	209975	10817	414258	0.973888
chr01x14	24500001	24750000	HAP1_chr14	HAP2_chr01	HAP1	HAP2	14	1	197096	226465	8254	415307	0.980126
chr01x14	24500001	24750000	HAP2_chr01	HAP2_chr14	HAP2	HAP2	1	14	226465	209975	17872	418568	0.957302
chr01x14	24750001	25000000	HAP1_chr01	HAP1_chr14	HAP1	HAP1	1	14	230348	211604	4624	437328	0.989427
chr01x14	24750001	25000000	HAP1_chr01	HAP2_chr14	HAP1	HAP2	1	14	230348	224776	6791	448333	0.984853
chr01x14	24750001	25000000	HAP1_chr14	HAP2_chr01	HAP1	HAP2	14	1	211604	211079	6733	415950	0.983813
chr01x14	24750001	25000000	HAP2_chr01	HAP2_chr14	HAP2	HAP2	1	14	211079	224776	26790	409065	0.934509
chr01x14	25000001	25250000	HAP1_chr01	HAP1_chr14	HAP1	HAP1	1	14	219765	211931	9632	422064	0.977179
chr01x14	25000001	25250000	HAP1_chr01	HAP2_chr14	HAP1	HAP2	1	14	219765	228908	5186	443487	0.988306
chr01x14	25000001	25250000	HAP1_chr14	HAP2_chr01	HAP1	HAP2	14	1	211931	186510	7676	390765	0.980356
chr01x14	25000001	25250000	HAP2_chr01	HAP2_chr14	HAP2	HAP2	1	14	186510	228908	12412	403006	0.969201
chr01x14	25250001	25500000	HAP1_chr01	HAP1_chr14	HAP1	HAP1	1	14	237615	232987	4804	465798	0.989687
chr01x14	25250001	25500000	HAP1_chr01	HAP2_chr14	HAP1	HAP2	1	14	237615	224866	4328	458153	0.990553
chr01x14	25250001	25500000	HAP1_chr14	HAP2_chr01	HAP1	HAP2	14	1	232987	228786	7374	454399	0.983772
chr01x14	25250001	25500000	HAP2_chr01	HAP2_chr14	HAP2	HAP2	1	14	228786	224866	5434	448218	0.987876
chr01x14	25500001	25750000	HAP1_chr01	HAP1_chr14	HAP1	HAP1	1	14	217154	241563	1704	457013	0.996271
chr01x14	25500001	25750000	HAP1_chr01	HAP2_chr14	HAP1	HAP2	1	14	217154	217514	8866	425802	0.979178
chr01x14	25500001	25750000	HAP1_chr14	HAP2_chr01	HAP1	HAP2	14	1	241563	232510	8057	466016	0.982711
chr01x14	25500001	25750000	HAP2_chr01	HAP2_chr14	HAP2	HAP2	1	14	232510	217514	6550	443474	0.985230
chr01x14	25750001	26000000	HAP1_chr01	HAP1_chr14	HAP1	HAP1	1	14	221971	238578	23454	437095	0.946341
chr01x14	25750001	26000000	HAP1_chr01	HAP2_chr14	HAP1	HAP2	1	14	221971	225411	3643	443739	0.991790
chr01x14	25750001	26000000	HAP1_chr14	HAP2_chr01	HAP1	HAP2	14	1	238578	227907	3841	462644	0.991698
chr01x14	25750001	26000000	HAP2_chr01	HAP2_chr14	HAP2	HAP2	1	14	227907	225411	6619	446699	0.985182
chr01x14	26000001	26250000	HAP1_chr01	HAP1_chr14	HAP1	HAP1	1	14	230138	223240	34895	418483	0.916615
chr01x14	26000001	26250000	HAP1_chr01	HAP2_chr14	HAP1	HAP2	1	14	230138	218143	5409	442872	0.987787
chr01x14	26000001	26250000	HAP1_chr14	HAP2_chr01	HAP1	HAP2	14	1	223240	224132	9518	437854	0.978262
chr01x14	26000001	26250000	HAP2_chr01	HAP2_chr14	HAP2	HAP2	1	14	224132	218143	10500	431775	0.975682
chr01x14	26250001	26500000	HAP1_chr01	HAP1_chr14	HAP1	HAP1	1	14	227452	233144	78849	381747	0.793452
chr01x14	26250001	26500000	HAP1_chr01	HAP2_chr14	HAP1	HAP2	1	14	227452	239041	3932	462561	0.991499
chr01x14	26250001	26500000	HAP1_chr14	HAP2_chr01	HAP1	HAP2	14	1	233144	237573	6470	464247	0.986063
chr01x14	26250001	26500000	HAP2_chr01	HAP2_chr14	HAP2	HAP2	1	14	237573	239041	2872	473742	0.993938
chr01x14	26500001	26750000	HAP1_chr01	HAP1_chr14	HAP1	HAP1	1	14	234271	217918	30066	422123	0.928774
chr01x14	26500001	26750000	HAP1_chr01	HAP2_chr14	HAP1	HAP2	1	14	234271	199942	8520	425693	0.979986
chr01x14	26500001	26750000	HAP1_chr14	HAP2_chr01	HAP1	HAP2	14	1	217918	226591	5784	438725	0.986816
chr01x14	26500001	26750000	HAP2_chr01	HAP2_chr14	HAP2	HAP2	1	14	226591	199942	8140	418393	0.980545
chr01x14	26750001	27000000	HAP1_chr01	HAP1_chr14	HAP1	HAP1	1	14	222661	190398	5236	407823	0.987161
chr01x14	26750001	27000000	HAP1_chr01	HAP2_chr14	HAP1	HAP2	1	14	222661	225231	11213	436679	0.974322
chr01x14	26750001	27000000	HAP1_chr14	HAP2_chr01	HAP1	HAP2	14	1	190398	227266	4682	412982	0.988663
chr01x14	26750001	27000000	HAP2_chr01	HAP2_chr14	HAP2	HAP2	1	14	227266	225231	8063	444434	0.981858
chr01x14	27000001	27250000	HAP1_chr01	HAP1_chr14	HAP1	HAP1	1	14	214737	227894	13158	429473	0.969362
chr01x14	27000001	27250000	HAP1_chr01	HAP2_chr14	HAP1	HAP2	1	14	214737	219004	11832	421909	0.971956
chr01x14	27000001	27250000	HAP1_chr14	HAP2_chr01	HAP1	HAP2	14	1	227894	218795	11980	434709	0.972441
chr01x14	27000001	27250000	HAP2_chr01	HAP2_chr14	HAP2	HAP2	1	14	218795	219004	15854	421945	0.962426
chr01x14	27250001	27500000	HAP1_chr01	HAP1_chr14	HAP1	HAP1	1	14	227980	210050	21261	416769	0.948986
chr01x14	27250001	27500000	HAP1_chr01	HAP2_chr14	HAP1	HAP2	1	14	227980	214940	8302	434618	0.980898
chr01x14	27250001	27500000	HAP1_chr14	HAP2_chr01	HAP1	HAP2	14	1	210050	229651	10016	429685	0.976690
chr01x14	27250001	27500000	HAP2_chr01	HAP2_chr14	HAP2	HAP2	1	14	229651	214940	9196	435395	0.978879
chr01x14	27500001	27750000	HAP1_chr01	HAP1_chr14	HAP1	HAP1	1	14	227754	174134	6780	395108	0.982840
chr01x14	27500001	27750000	HAP1_chr01	HAP2_chr14	HAP1	HAP2	1	14	227754	219241	11197	435798	0.974307
chr01x14	27500001	27750000	HAP1_chr14	HAP2_chr01	HAP1	HAP2	14	1	174134	236371	3605	406900	0.991140
chr01x14	27500001	27750000	HAP2_chr01	HAP2_chr14	HAP2	HAP2	1	14	236371	219241	3623	451989	0.991984
chr01x14	27750001	28000000	HAP1_chr01	HAP1_chr14	HAP1	HAP1	1	14	222756	220014	8165	434605	0.981213
chr01x14	27750001	28000000	HAP1_chr01	HAP2_chr14	HAP1	HAP2	1	14	222756	225307	6368	441695	0.985583
chr01x14	27750001	28000000	HAP1_chr14	HAP2_chr01	HAP1	HAP2	14	1	220014	234698	6160	448552	0.986267
chr01x14	27750001	28000000	HAP2_chr01	HAP2_chr14	HAP2	HAP2	1	14	234698	225307	4457	455548	0.990216
chr01x14	28000001	28250000	HAP1_chr01	HAP1_chr14	HAP1	HAP1	1	14	233002	225585	4737	453850	0.989563
chr01x14	28000001	28250000	HAP1_chr01	HAP2_chr14	HAP1	HAP2	1	14	233002	223068	6464	449606	0.985623
chr01x14	28000001	28250000	HAP1_chr14	HAP2_chr01	HAP1	HAP2	14	1	225585	226077	7179	444483	0.983849
chr01x14	28000001	28250000	HAP2_chr01	HAP2_chr14	HAP2	HAP2	1	14	226077	223068	4185	444960	0.990595
chr01x14	28250001	28500000	HAP1_chr01	HAP1_chr14	HAP1	HAP1	1	14	224515	214369	9431	429453	0.978040
chr01x14	28250001	28500000	HAP1_chr01	HAP2_chr14	HAP1	HAP2	1	14	224515	231391	5563	450343	0.987647
chr01x14	28250001	28500000	HAP1_chr14	HAP2_chr01	HAP1	HAP2	14	1	214369	217862	16468	415763	0.960391
chr01x14	28250001	28500000	HAP2_chr01	HAP2_chr14	HAP2	HAP2	1	14	217862	231391	5738	443515	0.987062
chr01x14	28500001	28750000	HAP1_chr01	HAP1_chr14	HAP1	HAP1	1	14	187131	226163	18421	394873	0.953350
chr01x14	28500001	28750000	HAP1_chr01	HAP2_chr14	HAP1	HAP2	1	14	187131	200689	5187	382633	0.986444
chr01x14	28500001	28750000	HAP1_chr14	HAP2_chr01	HAP1	HAP2	14	1	226163	195818	9401	412580	0.977214
chr01x14	28500001	28750000	HAP2_chr01	HAP2_chr14	HAP2	HAP2	1	14	195818	200689	3762	392745	0.990421
chr01x14	28750001	29000000	HAP1_chr01	HAP1_chr14	HAP1	HAP1	1	14	222861	229927	6615	446173	0.985174
chr01x14	28750001	29000000	HAP1_chr01	HAP2_chr14	HAP1	HAP2	1	14	222861	198259	14064	407056	0.965449
chr01x14	28750001	29000000	HAP1_chr14	HAP2_chr01	HAP1	HAP2	14	1	229927	216126	1239	444814	0.997215
chr01x14	28750001	29000000	HAP2_chr01	HAP2_chr14	HAP2	HAP2	1	14	216126	198259	5325	409060	0.986982
chr01x14	29000001	29250000	HAP1_chr01	HAP1_chr14	HAP1	HAP1	1	14	169935	217426	8866	378495	0.976576
chr01x14	29000001	29250000	HAP1_chr01	HAP2_chr14	HAP1	HAP2	1	14	169935	224602	9243	385294	0.976011
chr01x14	29000001	29250000	HAP1_chr14	HAP2_chr01	HAP1	HAP2	14	1	217426	222782	8101	432107	0.981252
chr01x14	29000001	29250000	HAP2_chr01	HAP2_chr14	HAP2	HAP2	1	14	222782	224602	7436	439948	0.983098
chr01x14	29250001	29500000	HAP1_chr01	HAP1_chr14	HAP1	HAP1	1	14	233251	221335	4546	450040	0.989899
chr01x14	29250001	29500000	HAP1_chr01	HAP2_chr14	HAP1	HAP2	1	14	233251	95665	2292	326624	0.992983
chr01x14	29250001	29500000	HAP1_chr14	HAP2_chr01	HAP1	HAP2	14	1	221335	233340	3941	450734	0.991256
chr01x14	29250001	29500000	HAP2_chr01	HAP2_chr14	HAP2	HAP2	1	14	233340	95665	3121	325884	0.990423
chr01x14	29500001	29750000	HAP1_chr01	HAP1_chr14	HAP1	HAP1	1	14	236751	188730	2942	422539	0.993037
chr01x14	29500001	29750000	HAP1_chr01	HAP2_chr14	HAP1	HAP2	1	14	236751	170318	3706	403363	0.990812
chr01x14	29500001	29750000	HAP1_chr14	HAP2_chr01	HAP1	HAP2	14	1	188730	220326	4175	404881	0.989688
chr01x14	29500001	29750000	HAP2_chr01	HAP2_chr14	HAP2	HAP2	1	14	220326	170318	7358	383286	0.980803
chr01x14	29750001	30000000	HAP1_chr01	HAP1_chr14	HAP1	HAP1	1	14	195750	211466	10008	397208	0.974804
chr01x14	29750001	30000000	HAP1_chr01	HAP2_chr14	HAP1	HAP2	1	14	195750	188645	12559	371836	0.966224
chr01x14	29750001	30000000	HAP1_chr14	HAP2_chr01	HAP1	HAP2	14	1	211466	232492	10391	433567	0.976034
chr01x14	29750001	30000000	HAP2_chr01	HAP2_chr14	HAP2	HAP2	1	14	232492	188645	11520	409617	0.971876
chr01x14	30000001	30250000	HAP1_chr01	HAP1_chr14	HAP1	HAP1	1	14	209616	178644	12381	375879	0.967061
chr01x14	30000001	30250000	HAP1_chr01	HAP2_chr14	HAP1	HAP2	1	14	209616	210119	7444	412291	0.981945
chr01x14	30000001	30250000	HAP1_chr14	HAP2_chr01	HAP1	HAP2	14	1	178644	236501	2483	412662	0.993983
chr01x14	30000001	30250000	HAP2_chr01	HAP2_chr14	HAP2	HAP2	1	14	236501	210119	3447	443173	0.992222
chr01x14	30250001	30500000	HAP1_chr01	HAP1_chr14	HAP1	HAP1	1	14	218812	213474	11247	421039	0.973288
chr01x14	30250001	30500000	HAP1_chr01	HAP2_chr14	HAP1	HAP2	1	14	218812	221373	11532	428653	0.973097
chr01x14	30250001	30500000	HAP1_chr14	HAP2_chr01	HAP1	HAP2	14	1	213474	202562	7152	408884	0.982508
chr01x14	30250001	30500000	HAP2_chr01	HAP2_chr14	HAP2	HAP2	1	14	202562	221373	9293	414642	0.977588
chr01x14	30500001	30750000	HAP1_chr01	HAP1_chr14	HAP1	HAP1	1	14	237137	197378	13219	421296	0.968623
chr01x14	30500001	30750000	HAP1_chr01	HAP2_chr14	HAP1	HAP2	1	14	237137	221502	6150	452489	0.986409
chr01x14	30500001	30750000	HAP1_chr14	HAP2_chr01	HAP1	HAP2	14	1	197378	208128	12465	393041	0.968286
chr01x14	30500001	30750000	HAP2_chr01	HAP2_chr14	HAP2	HAP2	1	14	208128	221502	14062	415568	0.966162
chr01x14	30750001	31000000	HAP1_chr01	HAP1_chr14	HAP1	HAP1	1	14	195539	226743	2104	420178	0.994993
chr01x14	30750001	31000000	HAP1_chr01	HAP2_chr14	HAP1	HAP2	1	14	195539	214282	4839	404982	0.988051
chr01x14	30750001	31000000	HAP1_chr14	HAP2_chr01	HAP1	HAP2	14	1	226743	193237	6644	413336	0.983926
chr01x14	30750001	31000000	HAP2_chr01	HAP2_chr14	HAP2	HAP2	1	14	193237	214282	10590	396929	0.973320
chr01x14	31000001	31250000	HAP1_chr01	HAP1_chr14	HAP1	HAP1	1	14	226679	217538	4985	439232	0.988651
chr01x14	31000001	31250000	HAP1_chr01	HAP2_chr14	HAP1	HAP2	1	14	226679	207011	5175	428515	0.987923
chr01x14	31000001	31250000	HAP1_chr14	HAP2_chr01	HAP1	HAP2	14	1	217538	208450	6327	419661	0.984924
chr01x14	31000001	31250000	HAP2_chr01	HAP2_chr14	HAP2	HAP2	1	14	208450	207011	2748	412713	0.993342
chr01x14	31250001	31500000	HAP1_chr01	HAP1_chr14	HAP1	HAP1	1	14	148920	239613	3367	385166	0.991258
chr01x14	31250001	31500000	HAP1_chr01	HAP2_chr14	HAP1	HAP2	1	14	148920	220703	6578	363045	0.981881
chr01x14	31250001	31500000	HAP1_chr14	HAP2_chr01	HAP1	HAP2	14	1	239613	230838	3924	466527	0.991589
chr01x14	31250001	31500000	HAP2_chr01	HAP2_chr14	HAP2	HAP2	1	14	230838	220703	8949	442592	0.979780
chr01x14	31500001	31750000	HAP1_chr01	HAP1_chr14	HAP1	HAP1	1	14	87850	242362	1132	329080	0.996560
chr01x14	31500001	31750000	HAP1_chr01	HAP2_chr14	HAP1	HAP2	1	14	87850	199966	7562	280254	0.973017
chr01x14	31500001	31750000	HAP1_chr14	HAP2_chr01	HAP1	HAP2	14	1	242362	227344	2094	467612	0.995522
chr01x14	31500001	31750000	HAP2_chr01	HAP2_chr14	HAP2	HAP2	1	14	227344	199966	7991	419319	0.980943
chr01x14	31750001	32000000	HAP1_chr01	HAP1_chr14	HAP1	HAP1	1	14	10971	229745	1543	239173	0.993549
chr01x14	31750001	32000000	HAP1_chr01	HAP2_chr14	HAP1	HAP2	1	14	10971	204946	2061	213856	0.990363
chr01x14	31750001	32000000	HAP1_chr14	HAP2_chr01	HAP1	HAP2	14	1	229745	226349	5600	450494	0.987569
chr01x14	31750001	32000000	HAP2_chr01	HAP2_chr14	HAP2	HAP2	1	14	226349	204946	8793	422502	0.979188
chr01x14	32000001	32250000	HAP1_chr01	HAP1_chr14	HAP1	HAP1	1	14	230239	190118	17683	402674	0.956086
chr01x14	32000001	32250000	HAP1_chr01	HAP2_chr14	HAP1	HAP2	1	14	230239	230777	3969	457047	0.991316
chr01x14	32000001	32250000	HAP1_chr14	HAP2_chr01	HAP1	HAP2	14	1	190118	208401	6009	392510	0.984691
chr01x14	32000001	32250000	HAP2_chr01	HAP2_chr14	HAP2	HAP2	1	14	208401	230777	6528	432650	0.984912
chr01x14	32250001	32500000	HAP1_chr01	HAP1_chr14	HAP1	HAP1	1	14	205755	192227	5598	392384	0.985733
chr01x14	32250001	32500000	HAP1_chr01	HAP2_chr14	HAP1	HAP2	1	14	205755	209290	4883	410162	0.988095
chr01x14	32250001	32500000	HAP1_chr14	HAP2_chr01	HAP1	HAP2	14	1	192227	227261	7350	412138	0.982166
chr01x14	32250001	32500000	HAP2_chr01	HAP2_chr14	HAP2	HAP2	1	14	227261	209290	5954	430597	0.986173
chr01x14	32500001	32750000	HAP1_chr01	HAP1_chr14	HAP1	HAP1	1	14	206046	219885	5223	420708	0.987585
chr01x14	32500001	32750000	HAP1_chr01	HAP2_chr14	HAP1	HAP2	1	14	206046	207460	5605	407901	0.986259
chr01x14	32500001	32750000	HAP1_chr14	HAP2_chr01	HAP1	HAP2	14	1	219885	220816	7813	432888	0.981951
chr01x14	32500001	32750000	HAP2_chr01	HAP2_chr14	HAP2	HAP2	1	14	220816	207460	8955	419321	0.978644
chr01x14	32750001	33000000	HAP1_chr01	HAP1_chr14	HAP1	HAP1	1	14	231073	220148	6483	444738	0.985423
chr01x14	32750001	33000000	HAP1_chr01	HAP2_chr14	HAP1	HAP2	1	14	231073	203808	8270	426611	0.980615
chr01x14	32750001	33000000	HAP1_chr14	HAP2_chr01	HAP1	HAP2	14	1	220148	217227	11587	425788	0.972787
chr01x14	32750001	33000000	HAP2_chr01	HAP2_chr14	HAP2	HAP2	1	14	217227	203808	8802	412233	0.978648
chr01x14	33000001	33250000	HAP1_chr01	HAP1_chr14	HAP1	HAP1	1	14	216740	227286	7226	436800	0.983457
chr01x14	33000001	33250000	HAP1_chr01	HAP2_chr14	HAP1	HAP2	1	14	216740	220534	7308	429966	0.983003
chr01x14	33000001	33250000	HAP1_chr14	HAP2_chr01	HAP1	HAP2	14	1	227286	204344	5064	426566	0.988128
chr01x14	33000001	33250000	HAP2_chr01	HAP2_chr14	HAP2	HAP2	1	14	204344	220534	7268	417610	0.982596
chr01x14	33250001	33500000	HAP1_chr01	HAP1_chr14	HAP1	HAP1	1	14	207898	226546	5487	428957	0.987209
chr01x14	33250001	33500000	HAP1_chr01	HAP2_chr14	HAP1	HAP2	1	14	207898	206659	9727	404830	0.975973
chr01x14	33250001	33500000	HAP1_chr14	HAP2_chr01	HAP1	HAP2	14	1	226546	221113	3345	444314	0.992472
chr01x14	33250001	33500000	HAP2_chr01	HAP2_chr14	HAP2	HAP2	1	14	221113	206659	6799	420973	0.983849
chr01x14	33500001	33750000	HAP1_chr01	HAP1_chr14	HAP1	HAP1	1	14	231307	213950	5667	439590	0.987108
chr01x14	33500001	33750000	HAP1_chr01	HAP2_chr14	HAP1	HAP2	1	14	231307	233096	5950	458453	0.987022
chr01x14	33500001	33750000	HAP1_chr14	HAP2_chr01	HAP1	HAP2	14	1	213950	207612	9589	411973	0.976724
chr01x14	33500001	33750000	HAP2_chr01	HAP2_chr14	HAP2	HAP2	1	14	207612	233096	4504	436204	0.989675
chr01x14	33750001	34000000	HAP1_chr01	HAP1_chr14	HAP1	HAP1	1	14	226658	220889	8192	439355	0.981354
chr01x14	33750001	34000000	HAP1_chr01	HAP2_chr14	HAP1	HAP2	1	14	226658	224123	9269	441512	0.979006
chr01x14	33750001	34000000	HAP1_chr14	HAP2_chr01	HAP1	HAP2	14	1	220889	219346	8894	431341	0.979381
chr01x14	33750001	34000000	HAP2_chr01	HAP2_chr14	HAP2	HAP2	1	14	219346	224123	11818	431651	0.972621
chr01x14	34000001	34250000	HAP1_chr01	HAP1_chr14	HAP1	HAP1	1	14	218941	192708	7350	404299	0.981820
chr01x14	34000001	34250000	HAP1_chr01	HAP2_chr14	HAP1	HAP2	1	14	218941	202165	6422	414684	0.984514
chr01x14	34000001	34250000	HAP1_chr14	HAP2_chr01	HAP1	HAP2	14	1	192708	234218	3031	423895	0.992850
chr01x14	34000001	34250000	HAP2_chr01	HAP2_chr14	HAP2	HAP2	1	14	234218	202165	7534	428849	0.982432
chr01x14	34250001	34500000	HAP1_chr01	HAP1_chr14	HAP1	HAP1	1	14	211759	206523	6107	412175	0.985183
chr01x14	34250001	34500000	HAP1_chr01	HAP2_chr14	HAP1	HAP2	1	14	211759	177989	4376	385372	0.988645
chr01x14	34250001	34500000	HAP1_chr14	HAP2_chr01	HAP1	HAP2	14	1	206523	233010	3229	436304	0.992599
chr01x14	34250001	34500000	HAP2_chr01	HAP2_chr14	HAP2	HAP2	1	14	233010	177989	6093	404906	0.984952
chr01x14	34500001	34750000	HAP1_chr01	HAP1_chr14	HAP1	HAP1	1	14	221480	203875	6582	418773	0.984283
chr01x14	34500001	34750000	HAP1_chr01	HAP2_chr14	HAP1	HAP2	1	14	221480	187149	2999	405630	0.992607
chr01x14	34500001	34750000	HAP1_chr14	HAP2_chr01	HAP1	HAP2	14	1	203875	227818	2541	429152	0.994079
chr01x14	34500001	34750000	HAP2_chr01	HAP2_chr14	HAP2	HAP2	1	14	227818	187149	5720	409247	0.986023
chr01x14	34750001	35000000	HAP1_chr01	HAP1_chr14	HAP1	HAP1	1	14	191046	209267	10249	390064	0.973725
chr01x14	34750001	35000000	HAP1_chr01	HAP2_chr14	HAP1	HAP2	1	14	191046	203994	10182	384858	0.973543
chr01x14	34750001	35000000	HAP1_chr14	HAP2_chr01	HAP1	HAP2	14	1	209267	211012	2876	417403	0.993110
chr01x14	34750001	35000000	HAP2_chr01	HAP2_chr14	HAP2	HAP2	1	14	211012	203994	10955	404051	0.972887
chr01x14	35000001	35250000	HAP1_chr01	HAP1_chr14	HAP1	HAP1	1	14	214403	200729	5888	409244	0.985612
chr01x14	35000001	35250000	HAP1_chr01	HAP2_chr14	HAP1	HAP2	1	14	214403	204770	7012	412161	0.982987
chr01x14	35000001	35250000	HAP1_chr14	HAP2_chr01	HAP1	HAP2	14	1	200729	214637	6709	408657	0.983583
chr01x14	35000001	35250000	HAP2_chr01	HAP2_chr14	HAP2	HAP2	1	14	214637	204770	6825	412582	0.983458
chr01x14	35250001	35500000	HAP1_chr01	HAP1_chr14	HAP1	HAP1	1	14	215799	220408	11659	424548	0.972538
chr01x14	35250001	35500000	HAP1_chr01	HAP2_chr14	HAP1	HAP2	1	14	215799	180424	2836	393387	0.992791
chr01x14	35250001	35500000	HAP1_chr14	HAP2_chr01	HAP1	HAP2	14	1	220408	219727	4296	435839	0.990143
chr01x14	35250001	35500000	HAP2_chr01	HAP2_chr14	HAP2	HAP2	1	14	219727	180424	9207	390944	0.976449
chr01x14	35500001	35750000	HAP1_chr01	HAP1_chr14	HAP1	HAP1	1	14	227102	221322	10799	437625	0.975324
chr01x14	35500001	35750000	HAP1_chr01	HAP2_chr14	HAP1	HAP2	1	14	227102	183404	8632	401874	0.978521
chr01x14	35500001	35750000	HAP1_chr14	HAP2_chr01	HAP1	HAP2	14	1	221322	202446	9205	414563	0.977796
chr01x14	35500001	35750000	HAP2_chr01	HAP2_chr14	HAP2	HAP2	1	14	202446	183404	9989	375861	0.973424
chr01x14	35750001	36000000	HAP1_chr01	HAP1_chr14	HAP1	HAP1	1	14	214857	228715	4508	439064	0.989733
chr01x14	35750001	36000000	HAP1_chr01	HAP2_chr14	HAP1	HAP2	1	14	214857	192219	11670	395406	0.970486
chr01x14	35750001	36000000	HAP1_chr14	HAP2_chr01	HAP1	HAP2	14	1	228715	216714	3157	442272	0.992862
chr01x14	35750001	36000000	HAP2_chr01	HAP2_chr14	HAP2	HAP2	1	14	216714	192219	9312	399621	0.976698
chr01x14	36000001	36250000	HAP1_chr01	HAP1_chr14	HAP1	HAP1	1	14	220601	221619	7563	434657	0.982600
chr01x14	36000001	36250000	HAP1_chr01	HAP2_chr14	HAP1	HAP2	1	14	220601	154482	15684	359399	0.956360
chr01x14	36000001	36250000	HAP1_chr14	HAP2_chr01	HAP1	HAP2	14	1	221619	226520	11264	436875	0.974217
chr01x14	36000001	36250000	HAP2_chr01	HAP2_chr14	HAP2	HAP2	1	14	226520	154482	10363	370639	0.972040
chr01x14	36250001	36500000	HAP1_chr01	HAP1_chr14	HAP1	HAP1	1	14	210035	230358	8469	431924	0.980392
chr01x14	36250001	36500000	HAP1_chr01	HAP2_chr14	HAP1	HAP2	1	14	210035	193486	23903	379618	0.937034
chr01x14	36250001	36500000	HAP1_chr14	HAP2_chr01	HAP1	HAP2	14	1	230358	227564	14441	443481	0.967437
chr01x14	36250001	36500000	HAP2_chr01	HAP2_chr14	HAP2	HAP2	1	14	227564	193486	29226	391824	0.925410
chr01x14	36500001	36750000	HAP1_chr01	HAP1_chr14	HAP1	HAP1	1	14	204920	197075	14397	387598	0.962856
chr01x14	36500001	36750000	HAP1_chr01	HAP2_chr14	HAP1	HAP2	1	14	204920	173006	12195	365731	0.966656
chr01x14	36500001	36750000	HAP1_chr14	HAP2_chr01	HAP1	HAP2	14	1	197075	212856	6304	403627	0.984382
chr01x14	36500001	36750000	HAP2_chr01	HAP2_chr14	HAP2	HAP2	1	14	212856	173006	5727	380135	0.984934
chr01x14	36750001	37000000	HAP1_chr01	HAP1_chr14	HAP1	HAP1	1	14	219264	208059	13519	413804	0.967330
chr01x14	36750001	37000000	HAP1_chr01	HAP2_chr14	HAP1	HAP2	1	14	219264	210901	4645	425520	0.989084
chr01x14	36750001	37000000	HAP1_chr14	HAP2_chr01	HAP1	HAP2	14	1	208059	171104	5245	373918	0.985973
chr01x14	36750001	37000000	HAP2_chr01	HAP2_chr14	HAP2	HAP2	1	14	171104	210901	2671	379334	0.992959
chr01x14	37000001	37250000	HAP1_chr01	HAP1_chr14	HAP1	HAP1	1	14	153532	198855	15120	337267	0.955169
chr01x14	37000001	37250000	HAP1_chr01	HAP2_chr14	HAP1	HAP2	1	14	153532	210165	6165	357532	0.982757
chr01x14	37000001	37250000	HAP1_chr14	HAP2_chr01	HAP1	HAP2	14	1	198855	217360	13390	402825	0.966760
chr01x14	37000001	37250000	HAP2_chr01	HAP2_chr14	HAP2	HAP2	1	14	217360	210165	8095	419430	0.980700
chr01x14	37250001	37500000	HAP1_chr01	HAP1_chr14	HAP1	HAP1	1	14	212122	201951	21775	392298	0.944494
chr01x14	37250001	37500000	HAP1_chr01	HAP2_chr14	HAP1	HAP2	1	14	212122	188955	17682	383395	0.953880
chr01x14	37250001	37500000	HAP1_chr14	HAP2_chr01	HAP1	HAP2	14	1	201951	191504	11123	382332	0.970907
chr01x14	37250001	37500000	HAP2_chr01	HAP2_chr14	HAP2	HAP2	1	14	191504	188955	13596	366863	0.962940
chr01x14	37500001	37750000	HAP1_chr01	HAP1_chr14	HAP1	HAP1	1	14	213692	211455	11997	413150	0.970962
chr01x14	37500001	37750000	HAP1_chr01	HAP2_chr14	HAP1	HAP2	1	14	213692	179535	10855	382372	0.971611
chr01x14	37500001	37750000	HAP1_chr14	HAP2_chr01	HAP1	HAP2	14	1	211455	202285	10440	403300	0.974114
chr01x14	37500001	37750000	HAP2_chr01	HAP2_chr14	HAP2	HAP2	1	14	202285	179535	13515	368305	0.963305
chr01x14	37750001	38000000	HAP1_chr01	HAP1_chr14	HAP1	HAP1	1	14	185689	225241	12170	398760	0.969480
chr01x14	37750001	38000000	HAP1_chr01	HAP2_chr14	HAP1	HAP2	1	14	185689	193988	13212	366465	0.963947
chr01x14	37750001	38000000	HAP1_chr14	HAP2_chr01	HAP1	HAP2	14	1	225241	214367	11006	428602	0.974321
chr01x14	37750001	38000000	HAP2_chr01	HAP2_chr14	HAP2	HAP2	1	14	214367	193988	15557	392798	0.960394
chr01x14	38000001	38250000	HAP1_chr01	HAP1_chr14	HAP1	HAP1	1	14	206257	210351	9539	407069	0.976567
chr01x14	38000001	38250000	HAP1_chr01	HAP2_chr14	HAP1	HAP2	1	14	206257	174090	13115	367232	0.964287
chr01x14	38000001	38250000	HAP1_chr14	HAP2_chr01	HAP1	HAP2	14	1	210351	204953	6316	408988	0.984557
chr01x14	38000001	38250000	HAP2_chr01	HAP2_chr14	HAP2	HAP2	1	14	204953	174090	12438	366605	0.966072
chr01x14	38250001	38500000	HAP1_chr01	HAP1_chr14	HAP1	HAP1	1	14	211234	190390	3387	398237	0.991495
chr01x14	38250001	38500000	HAP1_chr01	HAP2_chr14	HAP1	HAP2	1	14	211234	214165	4948	420451	0.988232
chr01x14	38250001	38500000	HAP1_chr14	HAP2_chr01	HAP1	HAP2	14	1	190390	205345	6535	389200	0.983209
chr01x14	38250001	38500000	HAP2_chr01	HAP2_chr14	HAP2	HAP2	1	14	205345	214165	8740	410770	0.978723
chr01x14	38500001	38750000	HAP1_chr01	HAP1_chr14	HAP1	HAP1	1	14	229014	177733	13825	392922	0.964815
chr01x14	38500001	38750000	HAP1_chr01	HAP2_chr14	HAP1	HAP2	1	14	229014	217774	7477	439311	0.982980
chr01x14	38500001	38750000	HAP1_chr14	HAP2_chr01	HAP1	HAP2	14	1	177733	199971	11593	366111	0.968335
chr01x14	38500001	38750000	HAP2_chr01	HAP2_chr14	HAP2	HAP2	1	14	199971	217774	8293	409452	0.979746
chr01x14	38750001	39000000	HAP1_chr01	HAP1_chr14	HAP1	HAP1	1	14	213277	213091	9013	417355	0.978404
chr01x14	38750001	39000000	HAP1_chr01	HAP2_chr14	HAP1	HAP2	1	14	213277	218561	8747	423091	0.979326
chr01x14	38750001	39000000	HAP1_chr14	HAP2_chr01	HAP1	HAP2	14	1	213091	206128	28869	390350	0.926043
chr01x14	38750001	39000000	HAP2_chr01	HAP2_chr14	HAP2	HAP2	1	14	206128	218561	4650	420039	0.988930
chr01x14	39000001	39250000	HAP1_chr01	HAP1_chr14	HAP1	HAP1	1	14	230846	215378	21764	424460	0.948725
chr01x14	39000001	39250000	HAP1_chr01	HAP2_chr14	HAP1	HAP2	1	14	230846	204853	6480	429219	0.984903
chr01x14	39000001	39250000	HAP1_chr14	HAP2_chr01	HAP1	HAP2	14	1	215378	224581	8103	431856	0.981237
chr01x14	39000001	39250000	HAP2_chr01	HAP2_chr14	HAP2	HAP2	1	14	224581	204853	6190	423244	0.985375
chr01x14	39250001	39500000	HAP1_chr01	HAP1_chr14	HAP1	HAP1	1	14	194701	229756	13209	411248	0.967881
chr01x14	39250001	39500000	HAP1_chr01	HAP2_chr14	HAP1	HAP2	1	14	194701	191243	5689	380255	0.985039
chr01x14	39250001	39500000	HAP1_chr14	HAP2_chr01	HAP1	HAP2	14	1	229756	229496	5730	453522	0.987366
chr01x14	39250001	39500000	HAP2_chr01	HAP2_chr14	HAP2	HAP2	1	14	229496	191243	12879	407860	0.968423
chr01x14	39500001	39750000	HAP1_chr01	HAP1_chr14	HAP1	HAP1	1	14	220455	177826	12688	385593	0.967095
chr01x14	39500001	39750000	HAP1_chr01	HAP2_chr14	HAP1	HAP2	1	14	220455	199892	8754	411593	0.978731
chr01x14	39500001	39750000	HAP1_chr14	HAP2_chr01	HAP1	HAP2	14	1	177826	227467	7812	397481	0.980346
chr01x14	39500001	39750000	HAP2_chr01	HAP2_chr14	HAP2	HAP2	1	14	227467	199892	8026	419333	0.980860
chr01x14	39750001	40000000	HAP1_chr01	HAP1_chr14	HAP1	HAP1	1	14	193927	217297	7259	403965	0.982031
chr01x14	39750001	40000000	HAP1_chr01	HAP2_chr14	HAP1	HAP2	1	14	193927	218405	5072	407260	0.987546
chr01x14	39750001	40000000	HAP1_chr14	HAP2_chr01	HAP1	HAP2	14	1	217297	196501	7795	406003	0.980801
chr01x14	39750001	40000000	HAP2_chr01	HAP2_chr14	HAP2	HAP2	1	14	196501	218405	5479	409427	0.986618
chr01x14	40000001	40250000	HAP1_chr01	HAP1_chr14	HAP1	HAP1	1	14	185175	230779	1948	414006	0.995295
chr01x14	40000001	40250000	HAP1_chr01	HAP2_chr14	HAP1	HAP2	1	14	185175	141794	4065	322904	0.987411
chr01x14	40000001	40250000	HAP1_chr14	HAP2_chr01	HAP1	HAP2	14	1	230779	202801	2395	431185	0.994446
chr01x14	40000001	40250000	HAP2_chr01	HAP2_chr14	HAP2	HAP2	1	14	202801	141794	8317	336278	0.975267
chr01x14	40250001	40500000	HAP1_chr01	HAP1_chr14	HAP1	HAP1	1	14	202924	210755	3469	410210	0.991543
chr01x14	40250001	40500000	HAP1_chr01	HAP2_chr14	HAP1	HAP2	1	14	202924	200668	6430	397162	0.983810
chr01x14	40250001	40500000	HAP1_chr14	HAP2_chr01	HAP1	HAP2	14	1	210755	209698	6464	413989	0.984386
chr01x14	40250001	40500000	HAP2_chr01	HAP2_chr14	HAP2	HAP2	1	14	209698	200668	5190	405176	0.987191
chr01x14	40500001	40750000	HAP1_chr01	HAP1_chr14	HAP1	HAP1	1	14	197660	230610	4400	423870	0.989619
chr01x14	40500001	40750000	HAP1_chr01	HAP2_chr14	HAP1	HAP2	1	14	197660	208597	12837	393420	0.967371
chr01x14	40500001	40750000	HAP1_chr14	HAP2_chr01	HAP1	HAP2	14	1	230610	213358	8294	435674	0.980963
chr01x14	40500001	40750000	HAP2_chr01	HAP2_chr14	HAP2	HAP2	1	14	213358	208597	12482	409473	0.969517
chr01x14	40750001	41000000	HAP1_chr01	HAP1_chr14	HAP1	HAP1	1	14	219487	210272	1908	427851	0.995541
chr01x14	40750001	41000000	HAP1_chr01	HAP2_chr14	HAP1	HAP2	1	14	219487	225671	1871	443287	0.995779
chr01x14	40750001	41000000	HAP1_chr14	HAP2_chr01	HAP1	HAP2	14	1	210272	224930	10013	425189	0.976450
chr01x14	40750001	41000000	HAP2_chr01	HAP2_chr14	HAP2	HAP2	1	14	224930	225671	6818	443783	0.984637
chr01x14	41000001	41250000	HAP1_chr01	HAP1_chr14	HAP1	HAP1	1	14	214403	216051	17318	413136	0.958082
chr01x14	41000001	41250000	HAP1_chr01	HAP2_chr14	HAP1	HAP2	1	14	214403	221252	16340	419315	0.961032
chr01x14	41000001	41250000	HAP1_chr14	HAP2_chr01	HAP1	HAP2	14	1	216051	223056	18620	420487	0.955718
chr01x14	41000001	41250000	HAP2_chr01	HAP2_chr14	HAP2	HAP2	1	14	223056	221252	10915	433393	0.974815
chr01x14	41250001	41500000	HAP1_chr01	HAP1_chr14	HAP1	HAP1	1	14	232791	205327	6478	431640	0.984992
chr01x14	41250001	41500000	HAP1_chr01	HAP2_chr14	HAP1	HAP2	1	14	232791	167641	5247	395185	0.986723
chr01x14	41250001	41500000	HAP1_chr14	HAP2_chr01	HAP1	HAP2	14	1	205327	220874	9557	416644	0.977062
chr01x14	41250001	41500000	HAP2_chr01	HAP2_chr14	HAP2	HAP2	1	14	220874	167641	9086	379429	0.976053
chr01x14	41500001	41750000	HAP1_chr01	HAP1_chr14	HAP1	HAP1	1	14	205469	224950	5326	425093	0.987471
chr01x14	41500001	41750000	HAP1_chr01	HAP2_chr14	HAP1	HAP2	1	14	205469	215908	3603	417774	0.991376
chr01x14	41500001	41750000	HAP1_chr14	HAP2_chr01	HAP1	HAP2	14	1	224950	216830	7408	434372	0.982945
chr01x14	41500001	41750000	HAP2_chr01	HAP2_chr14	HAP2	HAP2	1	14	216830	215908	9043	423695	0.978657
chr01x14	41750001	42000000	HAP1_chr01	HAP1_chr14	HAP1	HAP1	1	14	189199	222660	10030	401829	0.975039
chr01x14	41750001	42000000	HAP1_chr01	HAP2_chr14	HAP1	HAP2	1	14	189199	216243	14642	390800	0.962533
chr01x14	41750001	42000000	HAP1_chr14	HAP2_chr01	HAP1	HAP2	14	1	222660	221702	3615	440747	0.991798
chr01x14	41750001	42000000	HAP2_chr01	HAP2_chr14	HAP2	HAP2	1	14	221702	216243	9470	428475	0.977898
chr01x14	42000001	42250000	HAP1_chr01	HAP1_chr14	HAP1	HAP1	1	14	204448	209601	6509	407540	0.984029
chr01x14	42000001	42250000	HAP1_chr01	HAP2_chr14	HAP1	HAP2	1	14	204448	223282	9030	418700	0.978433
chr01x14	42000001	42250000	HAP1_chr14	HAP2_chr01	HAP1	HAP2	14	1	209601	219797	9280	420118	0.977911
chr01x14	42000001	42250000	HAP2_chr01	HAP2_chr14	HAP2	HAP2	1	14	219797	223282	8412	434667	0.980647
chr01x14	42250001	42500000	HAP1_chr01	HAP1_chr14	HAP1	HAP1	1	14	229364	224081	7153	446292	0.983972
chr01x14	42250001	42500000	HAP1_chr01	HAP2_chr14	HAP1	HAP2	1	14	229364	187033	8223	408174	0.979854
chr01x14	42250001	42500000	HAP1_chr14	HAP2_chr01	HAP1	HAP2	14	1	224081	224496	5949	442628	0.986560
chr01x14	42250001	42500000	HAP2_chr01	HAP2_chr14	HAP2	HAP2	1	14	224496	187033	10028	401501	0.975024
chr01x14	42500001	42750000	HAP1_chr01	HAP1_chr14	HAP1	HAP1	1	14	227764	224201	7697	444268	0.982675
chr01x14	42500001	42750000	HAP1_chr01	HAP2_chr14	HAP1	HAP2	1	14	227764	227546	4404	450906	0.990233
chr01x14	42500001	42750000	HAP1_chr14	HAP2_chr01	HAP1	HAP2	14	1	224201	210006	8036	426171	0.981144
chr01x14	42500001	42750000	HAP2_chr01	HAP2_chr14	HAP2	HAP2	1	14	210006	227546	10410	427142	0.975629
chr01x14	42750001	43000000	HAP1_chr01	HAP1_chr14	HAP1	HAP1	1	14	222254	229066	10404	440916	0.976404
chr01x14	42750001	43000000	HAP1_chr01	HAP2_chr14	HAP1	HAP2	1	14	222254	225560	10074	437740	0.976986
chr01x14	42750001	43000000	HAP1_chr14	HAP2_chr01	HAP1	HAP2	14	1	229066	219797	9868	438995	0.977521
chr01x14	42750001	43000000	HAP2_chr01	HAP2_chr14	HAP2	HAP2	1	14	219797	225560	10026	435331	0.976969
chr01x14	43000001	43250000	HAP1_chr01	HAP1_chr14	HAP1	HAP1	1	14	224472	219365	9158	434679	0.978932
chr01x14	43000001	43250000	HAP1_chr01	HAP2_chr14	HAP1	HAP2	1	14	224472	192310	15811	400971	0.960568
chr01x14	43000001	43250000	HAP1_chr14	HAP2_chr01	HAP1	HAP2	14	1	219365	222399	8252	433512	0.980965
chr01x14	43000001	43250000	HAP2_chr01	HAP2_chr14	HAP2	HAP2	1	14	222399	192310	4749	409960	0.988416
chr01x14	43250001	43500000	HAP1_chr01	HAP1_chr14	HAP1	HAP1	1	14	182426	209300	10619	381107	0.972136
chr01x14	43250001	43500000	HAP1_chr01	HAP2_chr14	HAP1	HAP2	1	14	182426	204917	16128	371215	0.956553
chr01x14	43250001	43500000	HAP1_chr14	HAP2_chr01	HAP1	HAP2	14	1	209300	159171	7063	361408	0.980457
chr01x14	43250001	43500000	HAP2_chr01	HAP2_chr14	HAP2	HAP2	1	14	159171	204917	10209	353879	0.971151
chr01x14	43500001	43750000	HAP1_chr01	HAP1_chr14	HAP1	HAP1	1	14	228269	211030	5285	434014	0.987823
chr01x14	43500001	43750000	HAP1_chr01	HAP2_chr14	HAP1	HAP2	1	14	228269	209480	9717	428032	0.977298
chr01x14	43500001	43750000	HAP1_chr14	HAP2_chr01	HAP1	HAP2	14	1	211030	217657	7565	421122	0.982036
chr01x14	43500001	43750000	HAP2_chr01	HAP2_chr14	HAP2	HAP2	1	14	217657	209480	12693	414444	0.969373
chr01x14	43750001	44000000	HAP1_chr01	HAP1_chr14	HAP1	HAP1	1	14	220917	225640	4404	442153	0.990040
chr01x14	43750001	44000000	HAP1_chr01	HAP2_chr14	HAP1	HAP2	1	14	220917	233171	9431	444657	0.978790
chr01x14	43750001	44000000	HAP1_chr14	HAP2_chr01	HAP1	HAP2	14	1	225640	234337	5509	454468	0.987878
chr01x14	43750001	44000000	HAP2_chr01	HAP2_chr14	HAP2	HAP2	1	14	234337	233171	5039	462469	0.989104
chr01x14	44000001	44250000	HAP1_chr01	HAP1_chr14	HAP1	HAP1	1	14	221430	225843	12197	435076	0.971966
chr01x14	44000001	44250000	HAP1_chr01	HAP2_chr14	HAP1	HAP2	1	14	221430	235001	7587	448844	0.983097
chr01x14	44000001	44250000	HAP1_chr14	HAP2_chr01	HAP1	HAP2	14	1	225843	230927	9819	446951	0.978031
chr01x14	44000001	44250000	HAP2_chr01	HAP2_chr14	HAP2	HAP2	1	14	230927	235001	6196	459732	0.986523
chr01x14	44250001	44500000	HAP1_chr01	HAP1_chr14	HAP1	HAP1	1	14	235435	182851	5432	412854	0.986843
chr01x14	44250001	44500000	HAP1_chr01	HAP2_chr14	HAP1	HAP2	1	14	235435	220809	4339	451905	0.990398
chr01x14	44250001	44500000	HAP1_chr14	HAP2_chr01	HAP1	HAP2	14	1	182851	230363	10901	402313	0.972904
chr01x14	44250001	44500000	HAP2_chr01	HAP2_chr14	HAP2	HAP2	1	14	230363	220809	6523	444649	0.985330
chr01x14	44500001	44750000	HAP1_chr01	HAP1_chr14	HAP1	HAP1	1	14	210423	225452	6834	429041	0.984071
chr01x14	44500001	44750000	HAP1_chr01	HAP2_chr14	HAP1	HAP2	1	14	210423	223196	6821	426798	0.984018
chr01x14	44500001	44750000	HAP1_chr14	HAP2_chr01	HAP1	HAP2	14	1	225452	216877	7464	434865	0.982836
chr01x14	44500001	44750000	HAP2_chr01	HAP2_chr14	HAP2	HAP2	1	14	216877	223196	7239	432834	0.983275
chr01x14	44750001	45000000	HAP1_chr01	HAP1_chr14	HAP1	HAP1	1	14	211292	209720	9024	411988	0.978096
chr01x14	44750001	45000000	HAP1_chr01	HAP2_chr14	HAP1	HAP2	1	14	211292	178985	9508	380769	0.975029
chr01x14	44750001	45000000	HAP1_chr14	HAP2_chr01	HAP1	HAP2	14	1	209720	216535	5726	420529	0.986384
chr01x14	44750001	45000000	HAP2_chr01	HAP2_chr14	HAP2	HAP2	1	14	216535	178985	5813	389707	0.985084
chr01x14	45000001	45250000	HAP1_chr01	HAP1_chr14	HAP1	HAP1	1	14	175913	219302	7267	387948	0.981268
chr01x14	45000001	45250000	HAP1_chr01	HAP2_chr14	HAP1	HAP2	1	14	175913	217872	6582	387203	0.983001
chr01x14	45000001	45250000	HAP1_chr14	HAP2_chr01	HAP1	HAP2	14	1	219302	230703	15498	434507	0.964332
chr01x14	45000001	45250000	HAP2_chr01	HAP2_chr14	HAP2	HAP2	1	14	230703	217872	9198	439377	0.979066
chr01x14	45250001	45500000	HAP1_chr01	HAP1_chr14	HAP1	HAP1	1	14	188292	215897	5959	398230	0.985036
chr01x14	45250001	45500000	HAP1_chr01	HAP2_chr14	HAP1	HAP2	1	14	188292	215738	2128	401902	0.994705
chr01x14	45250001	45500000	HAP1_chr14	HAP2_chr01	HAP1	HAP2	14	1	215897	211732	2607	425022	0.993866
chr01x14	45250001	45500000	HAP2_chr01	HAP2_chr14	HAP2	HAP2	1	14	211732	215738	3975	423495	0.990614
chr01x14	45500001	45750000	HAP1_chr01	HAP1_chr14	HAP1	HAP1	1	14	210149	216039	7198	418990	0.982821
chr01x14	45500001	45750000	HAP1_chr01	HAP2_chr14	HAP1	HAP2	1	14	210149	227253	6858	430544	0.984071
chr01x14	45500001	45750000	HAP1_chr14	HAP2_chr01	HAP1	HAP2	14	1	216039	187011	5315	397735	0.986637
chr01x14	45500001	45750000	HAP2_chr01	HAP2_chr14	HAP2	HAP2	1	14	187011	227253	4169	410095	0.989834
chr01x14	45750001	46000000	HAP1_chr01	HAP1_chr14	HAP1	HAP1	1	14	227856	216409	5753	438512	0.986881
chr01x14	45750001	46000000	HAP1_chr01	HAP2_chr14	HAP1	HAP2	1	14	227856	197257	11320	413793	0.972643
chr01x14	45750001	46000000	HAP1_chr14	HAP2_chr01	HAP1	HAP2	14	1	216409	204415	8051	412773	0.980495
chr01x14	45750001	46000000	HAP2_chr01	HAP2_chr14	HAP2	HAP2	1	14	204415	197257	10920	390752	0.972054
chr01x14	46000001	46250000	HAP1_chr01	HAP1_chr14	HAP1	HAP1	1	14	226105	171492	5383	392214	0.986275
chr01x14	46000001	46250000	HAP1_chr01	HAP2_chr14	HAP1	HAP2	1	14	226105	227759	11124	442740	0.974875
chr01x14	46000001	46250000	HAP1_chr14	HAP2_chr01	HAP1	HAP2	14	1	171492	213586	7375	377703	0.980474
chr01x14	46000001	46250000	HAP2_chr01	HAP2_chr14	HAP2	HAP2	1	14	213586	227759	12381	428964	0.971137
chr01x14	46250001	46500000	HAP1_chr01	HAP1_chr14	HAP1	HAP1	1	14	213966	207589	6511	415044	0.984313
chr01x14	46250001	46500000	HAP1_chr01	HAP2_chr14	HAP1	HAP2	1	14	213966	218417	7088	425295	0.983334
chr01x14	46250001	46500000	HAP1_chr14	HAP2_chr01	HAP1	HAP2	14	1	207589	214555	7129	415015	0.982822
chr01x14	46250001	46500000	HAP2_chr01	HAP2_chr14	HAP2	HAP2	1	14	214555	218417	9081	423891	0.978577
chr01x14	46500001	46750000	HAP1_chr01	HAP1_chr14	HAP1	HAP1	1	14	173961	215305	5791	383475	0.984899
chr01x14	46500001	46750000	HAP1_chr01	HAP2_chr14	HAP1	HAP2	1	14	173961	205933	4607	375287	0.987724
chr01x14	46500001	46750000	HAP1_chr14	HAP2_chr01	HAP1	HAP2	14	1	215305	214150	7002	422453	0.983425
chr01x14	46500001	46750000	HAP2_chr01	HAP2_chr14	HAP2	HAP2	1	14	214150	205933	11729	408354	0.971277
chr01x14	46750001	47000000	HAP1_chr01	HAP1_chr14	HAP1	HAP1	1	14	205178	200456	1863	403771	0.995386
chr01x14	46750001	47000000	HAP1_chr01	HAP2_chr14	HAP1	HAP2	1	14	205178	215141	9627	410692	0.976559
chr01x14	46750001	47000000	HAP1_chr14	HAP2_chr01	HAP1	HAP2	14	1	200456	211528	9027	402957	0.977598
chr01x14	46750001	47000000	HAP2_chr01	HAP2_chr14	HAP2	HAP2	1	14	211528	215141	5391	421278	0.987203
chr01x14	47000001	47250000	HAP1_chr01	HAP1_chr14	HAP1	HAP1	1	14	212775	210692	2757	420710	0.993447
chr01x14	47000001	47250000	HAP1_chr01	HAP2_chr14	HAP1	HAP2	1	14	212775	214848	1499	426124	0.996482
chr01x14	47000001	47250000	HAP1_chr14	HAP2_chr01	HAP1	HAP2	14	1	210692	238502	7126	442068	0.983880
chr01x14	47000001	47250000	HAP2_chr01	HAP2_chr14	HAP2	HAP2	1	14	238502	214848	4657	448693	0.989621
chr01x14	47250001	47500000	HAP1_chr01	HAP1_chr14	HAP1	HAP1	1	14	231842	215793	4132	443503	0.990683
chr01x14	47250001	47500000	HAP1_chr01	HAP2_chr14	HAP1	HAP2	1	14	231842	207876	3748	435970	0.991403
chr01x14	47250001	47500000	HAP1_chr14	HAP2_chr01	HAP1	HAP2	14	1	215793	226093	11202	430684	0.973990
chr01x14	47250001	47500000	HAP2_chr01	HAP2_chr14	HAP2	HAP2	1	14	226093	207876	11234	422735	0.973425
chr01x14	47500001	47750000	HAP1_chr01	HAP1_chr14	HAP1	HAP1	1	14	207761	231004	14511	424254	0.965796
chr01x14	47500001	47750000	HAP1_chr01	HAP2_chr14	HAP1	HAP2	1	14	207761	227292	7949	427104	0.981389
chr01x14	47500001	47750000	HAP1_chr14	HAP2_chr01	HAP1	HAP2	14	1	231004	206787	12860	424931	0.969736
chr01x14	47500001	47750000	HAP2_chr01	HAP2_chr14	HAP2	HAP2	1	14	206787	227292	10454	423625	0.975323
chr01x14	47750001	48000000	HAP1_chr01	HAP1_chr14	HAP1	HAP1	1	14	227921	226089	17149	436861	0.960745
chr01x14	47750001	48000000	HAP1_chr01	HAP2_chr14	HAP1	HAP2	1	14	227921	221571	8099	441393	0.981651
chr01x14	47750001	48000000	HAP1_chr14	HAP2_chr01	HAP1	HAP2	14	1	226089	227380	9582	443887	0.978413
chr01x14	47750001	48000000	HAP2_chr01	HAP2_chr14	HAP2	HAP2	1	14	227380	221571	7497	441454	0.983017
chr01x14	48000001	48250000	HAP1_chr01	HAP1_chr14	HAP1	HAP1	1	14	203426	222758	11921	414263	0.971224
chr01x14	48000001	48250000	HAP1_chr01	HAP2_chr14	HAP1	HAP2	1	14	203426	231055	10813	423668	0.974478
chr01x14	48000001	48250000	HAP1_chr14	HAP2_chr01	HAP1	HAP2	14	1	222758	216686	7903	431541	0.981687
chr01x14	48000001	48250000	HAP2_chr01	HAP2_chr14	HAP2	HAP2	1	14	216686	231055	4490	443251	0.989870
chr01x14	48250001	48500000	HAP1_chr01	HAP1_chr14	HAP1	HAP1	1	14	202708	208388	33860	377236	0.910242
chr01x14	48250001	48500000	HAP1_chr01	HAP2_chr14	HAP1	HAP2	1	14	202708	224236	8768	418176	0.979033
chr01x14	48250001	48500000	HAP1_chr14	HAP2_chr01	HAP1	HAP2	14	1	208388	221814	2294	427908	0.994639
chr01x14	48250001	48500000	HAP2_chr01	HAP2_chr14	HAP2	HAP2	1	14	221814	224236	4684	441366	0.989387
chr01x14	48500001	48750000	HAP1_chr01	HAP1_chr14	HAP1	HAP1	1	14	172807	231106	8274	395639	0.979087
chr01x14	48500001	48750000	HAP1_chr01	HAP2_chr14	HAP1	HAP2	1	14	172807	214332	9600	377539	0.974572
chr01x14	48500001	48750000	HAP1_chr14	HAP2_chr01	HAP1	HAP2	14	1	231106	219689	1941	448854	0.995676
chr01x14	48500001	48750000	HAP2_chr01	HAP2_chr14	HAP2	HAP2	1	14	219689	214332	4598	429423	0.989293
chr01x14	48750001	49000000	HAP1_chr01	HAP1_chr14	HAP1	HAP1	1	14	210529	211516	8641	413404	0.979098
chr01x14	48750001	49000000	HAP1_chr01	HAP2_chr14	HAP1	HAP2	1	14	210529	221615	11369	420775	0.972981
chr01x14	48750001	49000000	HAP1_chr14	HAP2_chr01	HAP1	HAP2	14	1	211516	224270	5472	430314	0.987284
chr01x14	48750001	49000000	HAP2_chr01	HAP2_chr14	HAP2	HAP2	1	14	224270	221615	4321	441564	0.990214
chr01x14	49000001	49250000	HAP1_chr01	HAP1_chr14	HAP1	HAP1	1	14	235878	228433	6352	457959	0.986130
chr01x14	49000001	49250000	HAP1_chr01	HAP2_chr14	HAP1	HAP2	1	14	235878	213833	12070	437641	0.972420
chr01x14	49000001	49250000	HAP1_chr14	HAP2_chr01	HAP1	HAP2	14	1	228433	231954	10609	449778	0.976413
chr01x14	49000001	49250000	HAP2_chr01	HAP2_chr14	HAP2	HAP2	1	14	231954	213833	10224	435563	0.976527
chr01x14	49250001	49500000	HAP1_chr01	HAP1_chr14	HAP1	HAP1	1	14	214997	231659	3947	442709	0.991084
chr01x14	49250001	49500000	HAP1_chr01	HAP2_chr14	HAP1	HAP2	1	14	214997	226064	6081	434980	0.986020
chr01x14	49250001	49500000	HAP1_chr14	HAP2_chr01	HAP1	HAP2	14	1	231659	219926	4941	446644	0.988937
chr01x14	49250001	49500000	HAP2_chr01	HAP2_chr14	HAP2	HAP2	1	14	219926	226064	6973	439017	0.984117
chr01x14	49500001	49750000	HAP1_chr01	HAP1_chr14	HAP1	HAP1	1	14	227545	231306	4813	454038	0.989400
chr01x14	49500001	49750000	HAP1_chr01	HAP2_chr14	HAP1	HAP2	1	14	227545	221642	6922	442265	0.984349
chr01x14	49500001	49750000	HAP1_chr14	HAP2_chr01	HAP1	HAP2	14	1	231306	230767	5931	456142	0.986997
chr01x14	49500001	49750000	HAP2_chr01	HAP2_chr14	HAP2	HAP2	1	14	230767	221642	13391	439018	0.969498
chr01x14	49750001	50000000	HAP1_chr01	HAP1_chr14	HAP1	HAP1	1	14	231711	227602	15329	443984	0.965474
chr01x14	49750001	50000000	HAP1_chr01	HAP2_chr14	HAP1	HAP2	1	14	231711	235523	7417	459817	0.983870
chr01x14	49750001	50000000	HAP1_chr14	HAP2_chr01	HAP1	HAP2	14	1	227602	226394	12358	441638	0.972018
chr01x14	49750001	50000000	HAP2_chr01	HAP2_chr14	HAP2	HAP2	1	14	226394	235523	6755	455162	0.985159
chr01x14	50000001	50250000	HAP1_chr01	HAP1_chr14	HAP1	HAP1	1	14	227963	231197	23439	435721	0.946206
chr01x14	50000001	50250000	HAP1_chr01	HAP2_chr14	HAP1	HAP2	1	14	227963	227902	6812	449053	0.984830
chr01x14	50000001	50250000	HAP1_chr14	HAP2_chr01	HAP1	HAP2	14	1	231197	215298	11751	434744	0.972970
chr01x14	50000001	50250000	HAP2_chr01	HAP2_chr14	HAP2	HAP2	1	14	215298	227902	13439	429761	0.968729
chr01x14	50250001	50500000	HAP1_chr01	HAP1_chr14	HAP1	HAP1	1	14	217438	224045	28257	413226	0.931619
chr01x14	50250001	50500000	HAP1_chr01	HAP2_chr14	HAP1	HAP2	1	14	217438	231111	9337	439212	0.978741
chr01x14	50250001	50500000	HAP1_chr14	HAP2_chr01	HAP1	HAP2	14	1	224045	188106	7895	404256	0.980470
chr01x14	50250001	50500000	HAP2_chr01	HAP2_chr14	HAP2	HAP2	1	14	188106	231111	6153	413064	0.985104
chr01x14	50500001	50750000	HAP1_chr01	HAP1_chr14	HAP1	HAP1	1	14	226325	226853	34079	419099	0.918685
chr01x14	50500001	50750000	HAP1_chr01	HAP2_chr14	HAP1	HAP2	1	14	226325	231103	11931	445497	0.973219
chr01x14	50500001	50750000	HAP1_chr14	HAP2_chr01	HAP1	HAP2	14	1	226853	230019	3876	452996	0.991444
chr01x14	50500001	50750000	HAP2_chr01	HAP2_chr14	HAP2	HAP2	1	14	230019	231103	2433	458689	0.994696
chr01x14	50750001	51000000	HAP1_chr01	HAP1_chr14	HAP1	HAP1	1	14	222999	230760	29902	423857	0.929453
chr01x14	50750001	51000000	HAP1_chr01	HAP2_chr14	HAP1	HAP2	1	14	222999	229927	7469	445457	0.983233
chr01x14	50750001	51000000	HAP1_chr14	HAP2_chr01	HAP1	HAP2	14	1	230760	222737	9230	444267	0.979224
chr01x14	50750001	51000000	HAP2_chr01	HAP2_chr14	HAP2	HAP2	1	14	222737	229927	4985	447679	0.988865
chr01x14	51000001	51250000	HAP1_chr01	HAP1_chr14	HAP1	HAP1	1	14	231419	191722	24846	398295	0.937619
chr01x14	51000001	51250000	HAP1_chr01	HAP2_chr14	HAP1	HAP2	1	14	231419	200761	11265	420915	0.973237
chr01x14	51000001	51250000	HAP1_chr14	HAP2_chr01	HAP1	HAP2	14	1	191722	224454	3451	412725	0.991639
chr01x14	51000001	51250000	HAP2_chr01	HAP2_chr14	HAP2	HAP2	1	14	224454	200761	9833	415382	0.976328
chr01x14	51250001	51500000	HAP1_chr01	HAP1_chr14	HAP1	HAP1	1	14	173195	222684	9114	386765	0.976435
chr01x14	51250001	51500000	HAP1_chr01	HAP2_chr14	HAP1	HAP2	1	14	173195	194490	8427	359258	0.976543
chr01x14	51250001	51500000	HAP1_chr14	HAP2_chr01	HAP1	HAP2	14	1	222684	228282	5646	445320	0.987321
chr01x14	51250001	51500000	HAP2_chr01	HAP2_chr14	HAP2	HAP2	1	14	228282	194490	7422	415350	0.982131
chr01x14	51500001	51750000	HAP1_chr01	HAP1_chr14	HAP1	HAP1	1	14	216428	218418	80066	354780	0.774322
chr01x14	51500001	51750000	HAP1_chr01	HAP2_chr14	HAP1	HAP2	1	14	216428	201050	10303	407175	0.974696
chr01x14	51500001	51750000	HAP1_chr14	HAP2_chr01	HAP1	HAP2	14	1	218418	231362	4446	445334	0.990016
chr01x14	51500001	51750000	HAP2_chr01	HAP2_chr14	HAP2	HAP2	1	14	231362	201050	9392	423020	0.977798
chr01x14	51750001	52000000	HAP1_chr01	HAP1_chr14	HAP1	HAP1	1	14	231756	233024	127863	336917	0.620491
chr01x14	51750001	52000000	HAP1_chr01	HAP2_chr14	HAP1	HAP2	1	14	231756	231871	3077	460550	0.993319
chr01x14	51750001	52000000	HAP1_chr14	HAP2_chr01	HAP1	HAP2	14	1	233024	226200	4513	454711	0.990075
chr01x14	51750001	52000000	HAP2_chr01	HAP2_chr14	HAP2	HAP2	1	14	226200	231871	6012	452059	0.986701
chr01x14	52000001	52250000	HAP1_chr01	HAP1_chr14	HAP1	HAP1	1	14	232191	213651	112047	333795	0.664324
chr01x14	52000001	52250000	HAP1_chr01	HAP2_chr14	HAP1	HAP2	1	14	232191	231497	9378	454310	0.979358
chr01x14	52000001	52250000	HAP1_chr14	HAP2_chr01	HAP1	HAP2	14	1	213651	190669	9117	395203	0.976931
chr01x14	52000001	52250000	HAP2_chr01	HAP2_chr14	HAP2	HAP2	1	14	190669	231497	8477	413689	0.979509
chr01x14	52250001	52500000	HAP1_chr01	HAP1_chr14	HAP1	HAP1	1	14	222974	223385	93360	352999	0.735523
chr01x14	52250001	52500000	HAP1_chr01	HAP2_chr14	HAP1	HAP2	1	14	222974	224775	7736	440013	0.982419
chr01x14	52250001	52500000	HAP1_chr14	HAP2_chr01	HAP1	HAP2	14	1	223385	203858	10265	416978	0.975382
chr01x14	52250001	52500000	HAP2_chr01	HAP2_chr14	HAP2	HAP2	1	14	203858	224775	4677	423956	0.988968
chr01x14	52500001	52750000	HAP1_chr01	HAP1_chr14	HAP1	HAP1	1	14	215557	224028	73384	366201	0.799607
chr01x14	52500001	52750000	HAP1_chr01	HAP2_chr14	HAP1	HAP2	1	14	215557	218400	13709	420248	0.967379
chr01x14	52500001	52750000	HAP1_chr14	HAP2_chr01	HAP1	HAP2	14	1	224028	219009	4583	438454	0.989547
chr01x14	52500001	52750000	HAP2_chr01	HAP2_chr14	HAP2	HAP2	1	14	219009	218400	15037	422372	0.964399
chr01x14	52750001	53000000	HAP1_chr01	HAP1_chr14	HAP1	HAP1	1	14	222158	228228	84755	365631	0.768195
chr01x14	52750001	53000000	HAP1_chr01	HAP2_chr14	HAP1	HAP2	1	14	222158	219064	15150	426072	0.964443
chr01x14	52750001	53000000	HAP1_chr14	HAP2_chr01	HAP1	HAP2	14	1	228228	216242	6490	437980	0.985182
chr01x14	52750001	53000000	HAP2_chr01	HAP2_chr14	HAP2	HAP2	1	14	216242	219064	10450	424856	0.975403
chr01x14	53000001	53250000	HAP1_chr01	HAP1_chr14	HAP1	HAP1	1	14	229633	235299	90076	374856	0.759705
chr01x14	53000001	53250000	HAP1_chr01	HAP2_chr14	HAP1	HAP2	1	14	229633	220194	13162	436665	0.969858
chr01x14	53000001	53250000	HAP1_chr14	HAP2_chr01	HAP1	HAP2	14	1	235299	223327	5004	453622	0.988969
chr01x14	53000001	53250000	HAP2_chr01	HAP2_chr14	HAP2	HAP2	1	14	223327	220194	8735	434786	0.979910
chr01x14	53250001	53500000	HAP1_chr01	HAP1_chr14	HAP1	HAP1	1	14	219844	223030	160727	282147	0.430343
chr01x14	53250001	53500000	HAP1_chr01	HAP2_chr14	HAP1	HAP2	1	14	219844	211316	14007	417153	0.966422
chr01x14	53250001	53500000	HAP1_chr14	HAP2_chr01	HAP1	HAP2	14	1	223030	234314	8161	449183	0.981831
chr01x14	53250001	53500000	HAP2_chr01	HAP2_chr14	HAP2	HAP2	1	14	234314	211316	5969	439661	0.986424
chr01x14	53500001	53750000	HAP1_chr01	HAP1_chr14	HAP1	HAP1	1	14	229883	227417	151283	306017	0.505639
chr01x14	53500001	53750000	HAP1_chr01	HAP2_chr14	HAP1	HAP2	1	14	229883	221932	13524	438291	0.969144
chr01x14	53500001	53750000	HAP1_chr14	HAP2_chr01	HAP1	HAP2	14	1	227417	225668	8223	444862	0.981516
chr01x14	53500001	53750000	HAP2_chr01	HAP2_chr14	HAP2	HAP2	1	14	225668	221932	9673	437927	0.977912
chr01x14	53750001	54000000	HAP1_chr01	HAP1_chr14	HAP1	HAP1	1	14	236043	228746	115472	349317	0.669435
chr01x14	53750001	54000000	HAP1_chr01	HAP2_chr14	HAP1	HAP2	1	14	236043	189483	6924	418602	0.983459
chr01x14	53750001	54000000	HAP1_chr14	HAP2_chr01	HAP1	HAP2	14	1	228746	221552	12252	438046	0.972030
chr01x14	53750001	54000000	HAP2_chr01	HAP2_chr14	HAP2	HAP2	1	14	221552	189483	8947	402088	0.977749
chr01x14	54000001	54250000	HAP1_chr01	HAP1_chr14	HAP1	HAP1	1	14	219544	221692	23678	417558	0.943294
chr01x14	54000001	54250000	HAP1_chr01	HAP2_chr14	HAP1	HAP2	1	14	219544	222082	11680	429946	0.972834
chr01x14	54000001	54250000	HAP1_chr14	HAP2_chr01	HAP1	HAP2	14	1	221692	229350	4807	446235	0.989228
chr01x14	54000001	54250000	HAP2_chr01	HAP2_chr14	HAP2	HAP2	1	14	229350	222082	4927	446505	0.988965
chr01x14	54250001	54500000	HAP1_chr01	HAP1_chr14	HAP1	HAP1	1	14	204999	220672	67756	357915	0.810692
chr01x14	54250001	54500000	HAP1_chr01	HAP2_chr14	HAP1	HAP2	1	14	204999	188224	8779	384444	0.977164
chr01x14	54250001	54500000	HAP1_chr14	HAP2_chr01	HAP1	HAP2	14	1	220672	224223	9121	435774	0.979069
chr01x14	54250001	54500000	HAP2_chr01	HAP2_chr14	HAP2	HAP2	1	14	224223	188224	4702	407745	0.988468
chr01x14	54500001	54750000	HAP1_chr01	HAP1_chr14	HAP1	HAP1	1	14	217121	221841	124117	314845	0.605784
chr01x14	54500001	54750000	HAP1_chr01	HAP2_chr14	HAP1	HAP2	1	14	217121	187756	1930	402947	0.995210
chr01x14	54500001	54750000	HAP1_chr14	HAP2_chr01	HAP1	HAP2	14	1	221841	222338	5997	438182	0.986314
chr01x14	54500001	54750000	HAP2_chr01	HAP2_chr14	HAP2	HAP2	1	14	222338	187756	7875	402219	0.980421
chr01x14	54750001	55000000	HAP1_chr01	HAP1_chr14	HAP1	HAP1	1	14	230838	223847	150317	304368	0.506134
chr01x14	54750001	55000000	HAP1_chr01	HAP2_chr14	HAP1	HAP2	1	14	230838	220269	7389	443718	0.983348
chr01x14	54750001	55000000	HAP1_chr14	HAP2_chr01	HAP1	HAP2	14	1	223847	223166	7466	439547	0.983014
chr01x14	54750001	55000000	HAP2_chr01	HAP2_chr14	HAP2	HAP2	1	14	223166	220269	9679	433756	0.977686
chr01x14	55000001	55250000	HAP1_chr01	HAP1_chr14	HAP1	HAP1	1	14	214394	207216	139694	281916	0.504484
chr01x14	55000001	55250000	HAP1_chr01	HAP2_chr14	HAP1	HAP2	1	14	214394	221099	14259	421234	0.966149
chr01x14	55000001	55250000	HAP1_chr14	HAP2_chr01	HAP1	HAP2	14	1	207216	230800	14951	423065	0.964660
chr01x14	55000001	55250000	HAP2_chr01	HAP2_chr14	HAP2	HAP2	1	14	230800	221099	11108	440791	0.974800
chr01x14	55250001	55500000	HAP1_chr01	HAP1_chr14	HAP1	HAP1	1	14	225148	221716	97652	349212	0.720365
chr01x14	55250001	55500000	HAP1_chr01	HAP2_chr14	HAP1	HAP2	1	14	225148	225492	10972	439668	0.975045
chr01x14	55250001	55500000	HAP1_chr14	HAP2_chr01	HAP1	HAP2	14	1	221716	232499	5077	449138	0.988696
chr01x14	55250001	55500000	HAP2_chr01	HAP2_chr14	HAP2	HAP2	1	14	232499	225492	9465	448526	0.978898
chr01x14	55500001	55750000	HAP1_chr01	HAP1_chr14	HAP1	HAP1	1	14	185234	223542	17338	391438	0.955707
chr01x14	55500001	55750000	HAP1_chr01	HAP2_chr14	HAP1	HAP2	1	14	185234	202099	9202	378131	0.975665
chr01x14	55500001	55750000	HAP1_chr14	HAP2_chr01	HAP1	HAP2	14	1	223542	223695	13926	433311	0.967861
chr01x14	55500001	55750000	HAP2_chr01	HAP2_chr14	HAP2	HAP2	1	14	223695	202099	6064	419730	0.985553
chr01x14	55750001	56000000	HAP1_chr01	HAP1_chr14	HAP1	HAP1	1	14	218701	210225	15684	413242	0.962046
chr01x14	55750001	56000000	HAP1_chr01	HAP2_chr14	HAP1	HAP2	1	14	218701	230345	6869	442177	0.984465
chr01x14	55750001	56000000	HAP1_chr14	HAP2_chr01	HAP1	HAP2	14	1	210225	205892	17054	399063	0.957265
chr01x14	55750001	56000000	HAP2_chr01	HAP2_chr14	HAP2	HAP2	1	14	205892	230345	10426	425811	0.975515
chr01x14	56000001	56250000	HAP1_chr01	HAP1_chr14	HAP1	HAP1	1	14	215064	209309	19838	404535	0.950961
chr01x14	56000001	56250000	HAP1_chr01	HAP2_chr14	HAP1	HAP2	1	14	215064	230036	20865	424235	0.950817
chr01x14	56000001	56250000	HAP1_chr14	HAP2_chr01	HAP1	HAP2	14	1	209309	216411	1167	424553	0.997251
chr01x14	56000001	56250000	HAP2_chr01	HAP2_chr14	HAP2	HAP2	1	14	216411	230036	5841	440606	0.986743
chr01x14	56250001	56500000	HAP1_chr01	HAP1_chr14	HAP1	HAP1	1	14	221967	198269	12526	407710	0.969277
chr01x14	56250001	56500000	HAP1_chr01	HAP2_chr14	HAP1	HAP2	1	14	221967	226395	3572	444790	0.991969
chr01x14	56250001	56500000	HAP1_chr14	HAP2_chr01	HAP1	HAP2	14	1	198269	206946	6687	398528	0.983221
chr01x14	56250001	56500000	HAP2_chr01	HAP2_chr14	HAP2	HAP2	1	14	206946	226395	8575	424766	0.979812
chr01x14	56500001	56750000	HAP1_chr01	HAP1_chr14	HAP1	HAP1	1	14	219332	206440	24389	401383	0.939238
chr01x14	56500001	56750000	HAP1_chr01	HAP2_chr14	HAP1	HAP2	1	14	219332	229275	13613	434994	0.968705
chr01x14	56500001	56750000	HAP1_chr14	HAP2_chr01	HAP1	HAP2	14	1	206440	227050	22124	411366	0.946218
chr01x14	56500001	56750000	HAP2_chr01	HAP2_chr14	HAP2	HAP2	1	14	227050	229275	21596	434729	0.950323
chr01x14	56750001	57000000	HAP1_chr01	HAP1_chr14	HAP1	HAP1	1	14	214163	220592	15695	419060	0.962547
chr01x14	56750001	57000000	HAP1_chr01	HAP2_chr14	HAP1	HAP2	1	14	214163	227769	16329	425603	0.961633
chr01x14	56750001	57000000	HAP1_chr14	HAP2_chr01	HAP1	HAP2	14	1	220592	202660	14858	408394	0.963618
chr01x14	56750001	57000000	HAP2_chr01	HAP2_chr14	HAP2	HAP2	1	14	202660	227769	16370	414059	0.960465
chr01x14	57000001	57250000	HAP1_chr01	HAP1_chr14	HAP1	HAP1	1	14	124945	197959	11456	311448	0.963217
chr01x14	57000001	57250000	HAP1_chr01	HAP2_chr14	HAP1	HAP2	1	14	124945	200280	8994	316231	0.971559
chr01x14	57000001	57250000	HAP1_chr14	HAP2_chr01	HAP1	HAP2	14	1	197959	215962	14962	398959	0.962497
chr01x14	57000001	57250000	HAP2_chr01	HAP2_chr14	HAP2	HAP2	1	14	215962	200280	9271	406971	0.977220
chr01x14	57250001	57500000	HAP1_chr01	HAP1_chr14	HAP1	HAP1	1	14	180355	232339	14645	398049	0.963208
chr01x14	57250001	57500000	HAP1_chr01	HAP2_chr14	HAP1	HAP2	1	14	180355	232437	7059	405733	0.982602
chr01x14	57250001	57500000	HAP1_chr14	HAP2_chr01	HAP1	HAP2	14	1	232339	216944	10242	439041	0.976672
chr01x14	57250001	57500000	HAP2_chr01	HAP2_chr14	HAP2	HAP2	1	14	216944	232437	5289	444092	0.988090
chr01x14	57500001	57750000	HAP1_chr01	HAP1_chr14	HAP1	HAP1	1	14	226372	236171	9512	453031	0.979004
chr01x14	57500001	57750000	HAP1_chr01	HAP2_chr14	HAP1	HAP2	1	14	226372	225322	8992	442702	0.979688
chr01x14	57500001	57750000	HAP1_chr14	HAP2_chr01	HAP1	HAP2	14	1	236171	218688	13386	441473	0.969679
chr01x14	57500001	57750000	HAP2_chr01	HAP2_chr14	HAP2	HAP2	1	14	218688	225322	9923	434087	0.977141
chr01x14	57750001	58000000	HAP1_chr01	HAP1_chr14	HAP1	HAP1	1	14	206778	222288	9095	419971	0.978344
chr01x14	57750001	58000000	HAP1_chr01	HAP2_chr14	HAP1	HAP2	1	14	206778	202189	6284	402683	0.984395
chr01x14	57750001	58000000	HAP1_chr14	HAP2_chr01	HAP1	HAP2	14	1	222288	223894	3836	442346	0.991328
chr01x14	57750001	58000000	HAP2_chr01	HAP2_chr14	HAP2	HAP2	1	14	223894	202189	11575	414508	0.972075
chr01x14	58000001	58250000	HAP1_chr01	HAP1_chr14	HAP1	HAP1	1	14	218254	218147	7683	428718	0.982079
chr01x14	58000001	58250000	HAP1_chr01	HAP2_chr14	HAP1	HAP2	1	14	218254	216165	5849	428570	0.986352
chr01x14	58000001	58250000	HAP1_chr14	HAP2_chr01	HAP1	HAP2	14	1	218147	208185	2524	423808	0.994044
chr01x14	58000001	58250000	HAP2_chr01	HAP2_chr14	HAP2	HAP2	1	14	208185	216165	5660	418690	0.986482
chr01x14	58250001	58500000	HAP1_chr01	HAP1_chr14	HAP1	HAP1	1	14	228521	221061	8143	441439	0.981554
chr01x14	58250001	58500000	HAP1_chr01	HAP2_chr14	HAP1	HAP2	1	14	228521	211283	6766	433038	0.984376
chr01x14	58250001	58500000	HAP1_chr14	HAP2_chr01	HAP1	HAP2	14	1	221061	215101	2449	433713	0.994353
chr01x14	58250001	58500000	HAP2_chr01	HAP2_chr14	HAP2	HAP2	1	14	215101	211283	7503	418881	0.982088
chr01x14	58500001	58750000	HAP1_chr01	HAP1_chr14	HAP1	HAP1	1	14	226750	223346	5762	444334	0.987032
chr01x14	58500001	58750000	HAP1_chr01	HAP2_chr14	HAP1	HAP2	1	14	226750	225319	7275	444794	0.983644
chr01x14	58500001	58750000	HAP1_chr14	HAP2_chr01	HAP1	HAP2	14	1	223346	118428	4655	337119	0.986192
chr01x14	58500001	58750000	HAP2_chr01	HAP2_chr14	HAP2	HAP2	1	14	118428	225319	8317	335430	0.975205
chr01x14	58750001	59000000	HAP1_chr01	HAP1_chr14	HAP1	HAP1	1	14	227043	230557	7179	450421	0.984062
chr01x14	58750001	59000000	HAP1_chr01	HAP2_chr14	HAP1	HAP2	1	14	227043	220631	4884	442790	0.988970
chr01x14	58750001	59000000	HAP1_chr14	HAP2_chr01	HAP1	HAP2	14	1	230557	180828	8201	403184	0.979659
chr01x14	58750001	59000000	HAP2_chr01	HAP2_chr14	HAP2	HAP2	1	14	180828	220631	8093	393366	0.979426
chr01x14	59000001	59250000	HAP1_chr01	HAP1_chr14	HAP1	HAP1	1	14	227435	228098	15121	440412	0.965666
chr01x14	59000001	59250000	HAP1_chr01	HAP2_chr14	HAP1	HAP2	1	14	227435	224024	16297	435162	0.962550
chr01x14	59000001	59250000	HAP1_chr14	HAP2_chr01	HAP1	HAP2	14	1	228098	226207	16979	437326	0.961175
chr01x14	59000001	59250000	HAP2_chr01	HAP2_chr14	HAP2	HAP2	1	14	226207	224024	9515	440716	0.978410
chr01x14	59250001	59500000	HAP1_chr01	HAP1_chr14	HAP1	HAP1	1	14	222424	231896	8087	446233	0.981877
chr01x14	59250001	59500000	HAP1_chr01	HAP2_chr14	HAP1	HAP2	1	14	222424	198301	5273	415452	0.987308
chr01x14	59250001	59500000	HAP1_chr14	HAP2_chr01	HAP1	HAP2	14	1	231896	213709	5352	440253	0.987843
chr01x14	59250001	59500000	HAP2_chr01	HAP2_chr14	HAP2	HAP2	1	14	213709	198301	7139	404871	0.982367
chr01x14	59500001	59750000	HAP1_chr01	HAP1_chr14	HAP1	HAP1	1	14	226118	211876	6946	431048	0.983886
chr01x14	59500001	59750000	HAP1_chr01	HAP2_chr14	HAP1	HAP2	1	14	226118	225866	7411	444573	0.983330
chr01x14	59500001	59750000	HAP1_chr14	HAP2_chr01	HAP1	HAP2	14	1	211876	230915	6904	435887	0.984161
chr01x14	59500001	59750000	HAP2_chr01	HAP2_chr14	HAP2	HAP2	1	14	230915	225866	9699	447082	0.978306
chr01x14	59750001	60000000	HAP1_chr01	HAP1_chr14	HAP1	HAP1	1	14	202560	225411	47518	380453	0.875102
chr01x14	59750001	60000000	HAP1_chr01	HAP2_chr14	HAP1	HAP2	1	14	202560	224046	5908	420698	0.985957
chr01x14	59750001	60000000	HAP1_chr14	HAP2_chr01	HAP1	HAP2	14	1	225411	226064	9086	442389	0.979462
chr01x14	59750001	60000000	HAP2_chr01	HAP2_chr14	HAP2	HAP2	1	14	226064	224046	11484	438626	0.973818
chr01x14	60000001	60250000	HAP1_chr01	HAP1_chr14	HAP1	HAP1	1	14	219912	220317	9892	430337	0.977013
chr01x14	60000001	60250000	HAP1_chr01	HAP2_chr14	HAP1	HAP2	1	14	219912	223269	10553	432628	0.975607
chr01x14	60000001	60250000	HAP1_chr14	HAP2_chr01	HAP1	HAP2	14	1	220317	232373	8278	444412	0.981373
chr01x14	60000001	60250000	HAP2_chr01	HAP2_chr14	HAP2	HAP2	1	14	232373	223269	6021	449621	0.986609
chr01x14	60250001	60500000	HAP1_chr01	HAP1_chr14	HAP1	HAP1	1	14	224639	222313	8411	438541	0.980820
chr01x14	60250001	60500000	HAP1_chr01	HAP2_chr14	HAP1	HAP2	1	14	224639	227545	11573	440611	0.973734
chr01x14	60250001	60500000	HAP1_chr14	HAP2_chr01	HAP1	HAP2	14	1	222313	231304	10163	443454	0.977082
chr01x14	60250001	60500000	HAP2_chr01	HAP2_chr14	HAP2	HAP2	1	14	231304	227545	13754	445095	0.969099
chr01x14	60500001	60750000	HAP1_chr01	HAP1_chr14	HAP1	HAP1	1	14	227839	208303	8330	427812	0.980529
chr01x14	60500001	60750000	HAP1_chr01	HAP2_chr14	HAP1	HAP2	1	14	227839	202577	8085	422331	0.980856
chr01x14	60500001	60750000	HAP1_chr14	HAP2_chr01	HAP1	HAP2	14	1	208303	235274	33069	410508	0.919444
chr01x14	60500001	60750000	HAP2_chr01	HAP2_chr14	HAP2	HAP2	1	14	235274	202577	9193	428658	0.978554
chr01x14	60750001	61000000	HAP1_chr01	HAP1_chr14	HAP1	HAP1	1	14	227177	219694	10785	436086	0.975269
chr01x14	60750001	61000000	HAP1_chr01	HAP2_chr14	HAP1	HAP2	1	14	227177	235585	7976	454786	0.982462
chr01x14	60750001	61000000	HAP1_chr14	HAP2_chr01	HAP1	HAP2	14	1	219694	192676	10073	402297	0.974961
chr01x14	60750001	61000000	HAP2_chr01	HAP2_chr14	HAP2	HAP2	1	14	192676	235585	8171	420090	0.980549
chr01x14	61000001	61250000	HAP1_chr01	HAP1_chr14	HAP1	HAP1	1	14	210370	195381	8574	397177	0.978413
chr01x14	61000001	61250000	HAP1_chr01	HAP2_chr14	HAP1	HAP2	1	14	210370	219628	14271	415727	0.965672
chr01x14	61000001	61250000	HAP1_chr14	HAP2_chr01	HAP1	HAP2	14	1	195381	233951	9300	420032	0.977859
chr01x14	61000001	61250000	HAP2_chr01	HAP2_chr14	HAP2	HAP2	1	14	233951	219628	11977	441602	0.972878
chr01x14	61250001	61500000	HAP1_chr01	HAP1_chr14	HAP1	HAP1	1	14	216978	223096	17818	422256	0.957803
chr01x14	61250001	61500000	HAP1_chr01	HAP2_chr14	HAP1	HAP2	1	14	216978	201077	17689	400366	0.955818
chr01x14	61250001	61500000	HAP1_chr14	HAP2_chr01	HAP1	HAP2	14	1	223096	227784	8818	442062	0.980053
chr01x14	61250001	61500000	HAP2_chr01	HAP2_chr14	HAP2	HAP2	1	14	227784	201077	11712	417149	0.971924
chr01x14	61500001	61750000	HAP1_chr01	HAP1_chr14	HAP1	HAP1	1	14	230157	236396	5936	460617	0.987113
chr01x14	61500001	61750000	HAP1_chr01	HAP2_chr14	HAP1	HAP2	1	14	230157	173548	6962	396743	0.982452
chr01x14	61500001	61750000	HAP1_chr14	HAP2_chr01	HAP1	HAP2	14	1	236396	217288	6512	447172	0.985437
chr01x14	61500001	61750000	HAP2_chr01	HAP2_chr14	HAP2	HAP2	1	14	217288	173548	8760	382076	0.977073
chr01x14	61750001	62000000	HAP1_chr01	HAP1_chr14	HAP1	HAP1	1	14	223799	206549	10089	420259	0.975993
chr01x14	61750001	62000000	HAP1_chr01	HAP2_chr14	HAP1	HAP2	1	14	223799	211603	23634	411768	0.942604
chr01x14	61750001	62000000	HAP1_chr14	HAP2_chr01	HAP1	HAP2	14	1	206549	221057	11589	416017	0.972143
chr01x14	61750001	62000000	HAP2_chr01	HAP2_chr14	HAP2	HAP2	1	14	221057	211603	15826	416834	0.962033
chr01x14	62000001	62250000	HAP1_chr01	HAP1_chr14	HAP1	HAP1	1	14	218553	226680	5824	439409	0.986746
chr01x14	62000001	62250000	HAP1_chr01	HAP2_chr14	HAP1	HAP2	1	14	218553	204211	11172	411592	0.972857
chr01x14	62000001	62250000	HAP1_chr14	HAP2_chr01	HAP1	HAP2	14	1	226680	225566	4733	447513	0.989424
chr01x14	62000001	62250000	HAP2_chr01	HAP2_chr14	HAP2	HAP2	1	14	225566	204211	9482	420295	0.977440
chr01x14	62250001	62500000	HAP1_chr01	HAP1_chr14	HAP1	HAP1	1	14	207912	213405	17562	403755	0.956503
chr01x14	62250001	62500000	HAP1_chr01	HAP2_chr14	HAP1	HAP2	1	14	207912	213697	15637	405972	0.961483
chr01x14	62250001	62500000	HAP1_chr14	HAP2_chr01	HAP1	HAP2	14	1	213405	217507	10121	420791	0.975948
chr01x14	62250001	62500000	HAP2_chr01	HAP2_chr14	HAP2	HAP2	1	14	217507	213697	9679	421525	0.977038
chr01x14	62500001	62750000	HAP1_chr01	HAP1_chr14	HAP1	HAP1	1	14	222377	225862	4276	443963	0.990369
chr01x14	62500001	62750000	HAP1_chr01	HAP2_chr14	HAP1	HAP2	1	14	222377	220946	7523	435800	0.982737
chr01x14	62500001	62750000	HAP1_chr14	HAP2_chr01	HAP1	HAP2	14	1	225862	226405	6739	445528	0.984874
chr01x14	62500001	62750000	HAP2_chr01	HAP2_chr14	HAP2	HAP2	1	14	226405	220946	7351	440000	0.983293
chr01x14	62750001	63000000	HAP1_chr01	HAP1_chr14	HAP1	HAP1	1	14	226206	192894	12290	406810	0.969789
chr01x14	62750001	63000000	HAP1_chr01	HAP2_chr14	HAP1	HAP2	1	14	226206	208219	8472	425953	0.980110
chr01x14	62750001	63000000	HAP1_chr14	HAP2_chr01	HAP1	HAP2	14	1	192894	210842	17079	386657	0.955829
chr01x14	62750001	63000000	HAP2_chr01	HAP2_chr14	HAP2	HAP2	1	14	210842	208219	19788	399273	0.950440
chr01x14	63000001	63250000	HAP1_chr01	HAP1_chr14	HAP1	HAP1	1	14	216588	225144	7268	434464	0.983271
chr01x14	63000001	63250000	HAP1_chr01	HAP2_chr14	HAP1	HAP2	1	14	216588	212016	9569	419035	0.977164
chr01x14	63000001	63250000	HAP1_chr14	HAP2_chr01	HAP1	HAP2	14	1	225144	225764	10702	440206	0.975689
chr01x14	63000001	63250000	HAP2_chr01	HAP2_chr14	HAP2	HAP2	1	14	225764	212016	4013	433767	0.990748
chr01x14	63250001	63500000	HAP1_chr01	HAP1_chr14	HAP1	HAP1	1	14	234694	214843	7715	441822	0.982538
chr01x14	63250001	63500000	HAP1_chr01	HAP2_chr14	HAP1	HAP2	1	14	234694	197595	17414	414875	0.958026
chr01x14	63250001	63500000	HAP1_chr14	HAP2_chr01	HAP1	HAP2	14	1	214843	212016	6539	420320	0.984443
chr01x14	63250001	63500000	HAP2_chr01	HAP2_chr14	HAP2	HAP2	1	14	212016	197595	19101	390510	0.951087
chr01x14	63500001	63750000	HAP1_chr01	HAP1_chr14	HAP1	HAP1	1	14	219956	211326	18190	413092	0.955966
chr01x14	63500001	63750000	HAP1_chr01	HAP2_chr14	HAP1	HAP2	1	14	219956	214789	9030	425715	0.978789
chr01x14	63500001	63750000	HAP1_chr14	HAP2_chr01	HAP1	HAP2	14	1	211326	225298	6058	430566	0.985930
chr01x14	63500001	63750000	HAP2_chr01	HAP2_chr14	HAP2	HAP2	1	14	225298	214789	12944	427143	0.969696
chr01x14	63750001	64000000	HAP1_chr01	HAP1_chr14	HAP1	HAP1	1	14	213982	232097	7526	438553	0.982839
chr01x14	63750001	64000000	HAP1_chr01	HAP2_chr14	HAP1	HAP2	1	14	213982	228620	15149	427453	0.964560
chr01x14	63750001	64000000	HAP1_chr14	HAP2_chr01	HAP1	HAP2	14	1	232097	215101	15355	431843	0.964443
chr01x14	63750001	64000000	HAP2_chr01	HAP2_chr14	HAP2	HAP2	1	14	215101	228620	13119	430602	0.969533
chr01x14	64000001	64250000	HAP1_chr01	HAP1_chr14	HAP1	HAP1	1	14	235870	232032	5604	462298	0.987878
chr01x14	64000001	64250000	HAP1_chr01	HAP2_chr14	HAP1	HAP2	1	14	235870	208285	6787	437368	0.984482
chr01x14	64000001	64250000	HAP1_chr14	HAP2_chr01	HAP1	HAP2	14	1	232032	212641	5684	438989	0.987052
chr01x14	64000001	64250000	HAP2_chr01	HAP2_chr14	HAP2	HAP2	1	14	212641	208285	8397	412529	0.979645
chr01x14	64250001	64500000	HAP1_chr01	HAP1_chr14	HAP1	HAP1	1	14	217023	227582	3131	441474	0.992908
chr01x14	64250001	64500000	HAP1_chr01	HAP2_chr14	HAP1	HAP2	1	14	217023	215526	12353	420196	0.970602
chr01x14	64250001	64500000	HAP1_chr14	HAP2_chr01	HAP1	HAP2	14	1	227582	235423	5021	457984	0.989037
chr01x14	64250001	64500000	HAP2_chr01	HAP2_chr14	HAP2	HAP2	1	14	235423	215526	6795	444154	0.984701
chr01x14	64500001	64750000	HAP1_chr01	HAP1_chr14	HAP1	HAP1	1	14	219109	219124	6754	431479	0.984347
chr01x14	64500001	64750000	HAP1_chr01	HAP2_chr14	HAP1	HAP2	1	14	219109	230178	8092	441195	0.981659
chr01x14	64500001	64750000	HAP1_chr14	HAP2_chr01	HAP1	HAP2	14	1	219124	229552	10071	438605	0.977039
chr01x14	64500001	64750000	HAP2_chr01	HAP2_chr14	HAP2	HAP2	1	14	229552	230178	9951	449779	0.977876
chr01x14	64750001	65000000	HAP1_chr01	HAP1_chr14	HAP1	HAP1	1	14	234121	230432	10706	453847	0.976411
chr01x14	64750001	65000000	HAP1_chr01	HAP2_chr14	HAP1	HAP2	1	14	234121	222639	8340	448420	0.981401
chr01x14	64750001	65000000	HAP1_chr14	HAP2_chr01	HAP1	HAP2	14	1	230432	232539	18745	444226	0.957803
chr01x14	64750001	65000000	HAP2_chr01	HAP2_chr14	HAP2	HAP2	1	14	232539	222639	5659	449519	0.987411
chr01x14	65000001	65250000	HAP1_chr01	HAP1_chr14	HAP1	HAP1	1	14	222416	219270	8804	432882	0.979662
chr01x14	65000001	65250000	HAP1_chr01	HAP2_chr14	HAP1	HAP2	1	14	222416	226588	9144	439860	0.979212
chr01x14	65000001	65250000	HAP1_chr14	HAP2_chr01	HAP1	HAP2	14	1	219270	229687	11307	437650	0.974164
chr01x14	65000001	65250000	HAP2_chr01	HAP2_chr14	HAP2	HAP2	1	14	229687	226588	4383	451892	0.990301
chr01x14	65250001	65500000	HAP1_chr01	HAP1_chr14	HAP1	HAP1	1	14	234795	214882	7456	442221	0.983140
chr01x14	65250001	65500000	HAP1_chr01	HAP2_chr14	HAP1	HAP2	1	14	234795	226302	8268	452829	0.981741
chr01x14	65250001	65500000	HAP1_chr14	HAP2_chr01	HAP1	HAP2	14	1	214882	223101	12982	425001	0.969454
chr01x14	65250001	65500000	HAP2_chr01	HAP2_chr14	HAP2	HAP2	1	14	223101	226302	8236	441167	0.981331
chr01x14	65500001	65750000	HAP1_chr01	HAP1_chr14	HAP1	HAP1	1	14	215131	225330	6108	434353	0.985938
chr01x14	65500001	65750000	HAP1_chr01	HAP2_chr14	HAP1	HAP2	1	14	215131	235746	4772	446105	0.989303
chr01x14	65500001	65750000	HAP1_chr14	HAP2_chr01	HAP1	HAP2	14	1	225330	219680	7645	437365	0.982520
chr01x14	65500001	65750000	HAP2_chr01	HAP2_chr14	HAP2	HAP2	1	14	219680	235746	5425	450001	0.987944
chr01x14	65750001	66000000	HAP1_chr01	HAP1_chr14	HAP1	HAP1	1	14	223235	199477	14625	408087	0.964162
chr01x14	65750001	66000000	HAP1_chr01	HAP2_chr14	HAP1	HAP2	1	14	223235	211086	16577	417744	0.960318
chr01x14	65750001	66000000	HAP1_chr14	HAP2_chr01	HAP1	HAP2	14	1	199477	229565	10313	418729	0.975371
chr01x14	65750001	66000000	HAP2_chr01	HAP2_chr14	HAP2	HAP2	1	14	229565	211086	12246	428405	0.971415
chr01x14	66000001	66250000	HAP1_chr01	HAP1_chr14	HAP1	HAP1	1	14	226747	211390	13688	424449	0.967751
chr01x14	66000001	66250000	HAP1_chr01	HAP2_chr14	HAP1	HAP2	1	14	226747	227522	11873	442396	0.973162
chr01x14	66000001	66250000	HAP1_chr14	HAP2_chr01	HAP1	HAP2	14	1	211390	228665	7829	432226	0.981887
chr01x14	66000001	66250000	HAP2_chr01	HAP2_chr14	HAP2	HAP2	1	14	228665	227522	6455	449732	0.985647
chr01x14	66250001	66500000	HAP1_chr01	HAP1_chr14	HAP1	HAP1	1	14	227150	219680	9577	437253	0.978097
chr01x14	66250001	66500000	HAP1_chr01	HAP2_chr14	HAP1	HAP2	1	14	227150	221059	16418	431791	0.961977
chr01x14	66250001	66500000	HAP1_chr14	HAP2_chr01	HAP1	HAP2	14	1	219680	203652	5211	418121	0.987537
chr01x14	66250001	66500000	HAP2_chr01	HAP2_chr14	HAP2	HAP2	1	14	203652	221059	11560	413151	0.972020
chr01x14	66500001	66750000	HAP1_chr01	HAP1_chr14	HAP1	HAP1	1	14	219245	208810	6237	421818	0.985214
chr01x14	66500001	66750000	HAP1_chr01	HAP2_chr14	HAP1	HAP2	1	14	219245	224313	9754	433804	0.977515
chr01x14	66500001	66750000	HAP1_chr14	HAP2_chr01	HAP1	HAP2	14	1	208810	229310	8324	429796	0.980633
chr01x14	66500001	66750000	HAP2_chr01	HAP2_chr14	HAP2	HAP2	1	14	229310	224313	16479	437144	0.962303
chr01x14	66750001	67000000	HAP1_chr01	HAP1_chr14	HAP1	HAP1	1	14	217399	196788	9638	404549	0.976176
chr01x14	66750001	67000000	HAP1_chr01	HAP2_chr14	HAP1	HAP2	1	14	217399	170412	13182	374629	0.964813
chr01x14	66750001	67000000	HAP1_chr14	HAP2_chr01	HAP1	HAP2	14	1	196788	230234	2642	424380	0.993774
chr01x14	66750001	67000000	HAP2_chr01	HAP2_chr14	HAP2	HAP2	1	14	230234	170412	2284	398362	0.994267
chr01x14	67000001	67250000	HAP1_chr01	HAP1_chr14	HAP1	HAP1	1	14	216855	220332	16633	420554	0.960450
chr01x14	67000001	67250000	HAP1_chr01	HAP2_chr14	HAP1	HAP2	1	14	216855	39769	299	256325	0.998834
chr01x14	67000001	67250000	HAP1_chr14	HAP2_chr01	HAP1	HAP2	14	1	220332	228007	12075	436264	0.972322
chr01x14	67000001	67250000	HAP2_chr01	HAP2_chr14	HAP2	HAP2	1	14	228007	39769	406	267370	0.998482
chr01x14	67250001	67500000	HAP1_chr01	HAP1_chr14	HAP1	HAP1	1	14	217824	223895	8500	433219	0.980379
chr01x14	67250001	67500000	HAP1_chr01	HAP2_chr14	HAP1	HAP2	1	14	217824	221932	10183	429573	0.976295
chr01x14	67250001	67500000	HAP1_chr14	HAP2_chr01	HAP1	HAP2	14	1	223895	218379	4777	437497	0.989081
chr01x14	67250001	67500000	HAP2_chr01	HAP2_chr14	HAP2	HAP2	1	14	218379	221932	10831	429480	0.974781
chr01x14	67500001	67750000	HAP1_chr01	HAP1_chr14	HAP1	HAP1	1	14	215777	231561	11115	436223	0.974520
chr01x14	67500001	67750000	HAP1_chr01	HAP2_chr14	HAP1	HAP2	1	14	215777	220503	14007	422273	0.966830
chr01x14	67500001	67750000	HAP1_chr14	HAP2_chr01	HAP1	HAP2	14	1	231561	222864	18917	435508	0.956563
chr01x14	67500001	67750000	HAP2_chr01	HAP2_chr14	HAP2	HAP2	1	14	222864	220503	4519	438848	0.989703
chr01x14	67750001	68000000	HAP1_chr01	HAP1_chr14	HAP1	HAP1	1	14	233487	234927	4742	463672	0.989773
chr01x14	67750001	68000000	HAP1_chr01	HAP2_chr14	HAP1	HAP2	1	14	233487	209684	6518	436653	0.985073
chr01x14	67750001	68000000	HAP1_chr14	HAP2_chr01	HAP1	HAP2	14	1	234927	224743	7990	451680	0.982310
chr01x14	67750001	68000000	HAP2_chr01	HAP2_chr14	HAP2	HAP2	1	14	224743	209684	13604	420823	0.967673
chr01x14	68000001	68250000	HAP1_chr01	HAP1_chr14	HAP1	HAP1	1	14	213270	227377	6552	434095	0.984907
chr01x14	68000001	68250000	HAP1_chr01	HAP2_chr14	HAP1	HAP2	1	14	213270	223162	8778	427654	0.979474
chr01x14	68000001	68250000	HAP1_chr14	HAP2_chr01	HAP1	HAP2	14	1	227377	179359	12287	394449	0.968850
chr01x14	68000001	68250000	HAP2_chr01	HAP2_chr14	HAP2	HAP2	1	14	179359	223162	2639	399882	0.993401
chr01x14	68250001	68500000	HAP1_chr01	HAP1_chr14	HAP1	HAP1	1	14	235159	195429	10041	420547	0.976124
chr01x14	68250001	68500000	HAP1_chr01	HAP2_chr14	HAP1	HAP2	1	14	235159	228530	4517	459172	0.990163
chr01x14	68250001	68500000	HAP1_chr14	HAP2_chr01	HAP1	HAP2	14	1	195429	203180	6430	392179	0.983604
chr01x14	68250001	68500000	HAP2_chr01	HAP2_chr14	HAP2	HAP2	1	14	203180	228530	4519	427191	0.989422
chr01x14	68500001	68750000	HAP1_chr01	HAP1_chr14	HAP1	HAP1	1	14	226482	222627	11539	437570	0.973629
chr01x14	68500001	68750000	HAP1_chr01	HAP2_chr14	HAP1	HAP2	1	14	226482	202884	3827	425539	0.991007
chr01x14	68500001	68750000	HAP1_chr14	HAP2_chr01	HAP1	HAP2	14	1	222627	201991	10540	414078	0.974546
chr01x14	68500001	68750000	HAP2_chr01	HAP2_chr14	HAP2	HAP2	1	14	201991	202884	8921	395954	0.977470
chr01x14	68750001	69000000	HAP1_chr01	HAP1_chr14	HAP1	HAP1	1	14	226703	229312	7042	448973	0.984315
chr01x14	68750001	69000000	HAP1_chr01	HAP2_chr14	HAP1	HAP2	1	14	226703	205156	8105	423754	0.980873
chr01x14	68750001	69000000	HAP1_chr14	HAP2_chr01	HAP1	HAP2	14	1	229312	215624	10819	434117	0.975078
chr01x14	68750001	69000000	HAP2_chr01	HAP2_chr14	HAP2	HAP2	1	14	215624	205156	9828	410952	0.976085
chr01x14	69000001	69250000	HAP1_chr01	HAP1_chr14	HAP1	HAP1	1	14	211801	223709	13036	422474	0.969144
chr01x14	69000001	69250000	HAP1_chr01	HAP2_chr14	HAP1	HAP2	1	14	211801	225349	10128	427022	0.976282
chr01x14	69000001	69250000	HAP1_chr14	HAP2_chr01	HAP1	HAP2	14	1	223709	225306	7911	441104	0.982065
chr01x14	69000001	69250000	HAP2_chr01	HAP2_chr14	HAP2	HAP2	1	14	225306	225349	11923	438732	0.972824
chr01x14	69250001	69500000	HAP1_chr01	HAP1_chr14	HAP1	HAP1	1	14	196032	214481	2562	407951	0.993720
chr01x14	69250001	69500000	HAP1_chr01	HAP2_chr14	HAP1	HAP2	1	14	196032	213295	10579	398748	0.973469
chr01x14	69250001	69500000	HAP1_chr14	HAP2_chr01	HAP1	HAP2	14	1	214481	205895	4674	415702	0.988756
chr01x14	69250001	69500000	HAP2_chr01	HAP2_chr14	HAP2	HAP2	1	14	205895	213295	5268	413922	0.987273
chr01x14	69500001	69750000	HAP1_chr01	HAP1_chr14	HAP1	HAP1	1	14	218435	223179	7615	433999	0.982454
chr01x14	69500001	69750000	HAP1_chr01	HAP2_chr14	HAP1	HAP2	1	14	218435	228243	7029	439649	0.984012
chr01x14	69500001	69750000	HAP1_chr14	HAP2_chr01	HAP1	HAP2	14	1	223179	201745	7069	417855	0.983083
chr01x14	69500001	69750000	HAP2_chr01	HAP2_chr14	HAP2	HAP2	1	14	201745	228243	4136	425852	0.990288
chr01x14	69750001	70000000	HAP1_chr01	HAP1_chr14	HAP1	HAP1	1	14	225525	220951	18287	428189	0.957292
chr01x14	69750001	70000000	HAP1_chr01	HAP2_chr14	HAP1	HAP2	1	14	225525	211061	8696	427890	0.979677
chr01x14	69750001	70000000	HAP1_chr14	HAP2_chr01	HAP1	HAP2	14	1	220951	226693	15993	431651	0.962949
chr01x14	69750001	70000000	HAP2_chr01	HAP2_chr14	HAP2	HAP2	1	14	226693	211061	9481	428273	0.977862
chr01x14	70000001	70250000	HAP1_chr01	HAP1_chr14	HAP1	HAP1	1	14	221222	228394	10077	439539	0.977074
chr01x14	70000001	70250000	HAP1_chr01	HAP2_chr14	HAP1	HAP2	1	14	221222	202268	8298	415192	0.980014
chr01x14	70000001	70250000	HAP1_chr14	HAP2_chr01	HAP1	HAP2	14	1	228394	234466	6272	456588	0.986263
chr01x14	70000001	70250000	HAP2_chr01	HAP2_chr14	HAP2	HAP2	1	14	234466	202268	6213	430521	0.985569
chr01x14	70250001	70500000	HAP1_chr01	HAP1_chr14	HAP1	HAP1	1	14	230051	233041	4439	458653	0.990322
chr01x14	70250001	70500000	HAP1_chr01	HAP2_chr14	HAP1	HAP2	1	14	230051	221454	6752	444753	0.984819
chr01x14	70250001	70500000	HAP1_chr14	HAP2_chr01	HAP1	HAP2	14	1	233041	227143	7116	453068	0.984294
chr01x14	70250001	70500000	HAP2_chr01	HAP2_chr14	HAP2	HAP2	1	14	227143	221454	6048	442549	0.986334
chr01x14	70500001	70750000	HAP1_chr01	HAP1_chr14	HAP1	HAP1	1	14	214299	229343	11298	432344	0.973868
chr01x14	70500001	70750000	HAP1_chr01	HAP2_chr14	HAP1	HAP2	1	14	214299	214715	6572	422442	0.984443
chr01x14	70500001	70750000	HAP1_chr14	HAP2_chr01	HAP1	HAP2	14	1	229343	233395	5253	457485	0.988518
chr01x14	70500001	70750000	HAP2_chr01	HAP2_chr14	HAP2	HAP2	1	14	233395	214715	9576	438534	0.978164
chr01x14	70750001	71000000	HAP1_chr01	HAP1_chr14	HAP1	HAP1	1	14	212111	213811	11263	414659	0.972838
chr01x14	70750001	71000000	HAP1_chr01	HAP2_chr14	HAP1	HAP2	1	14	212111	226869	19019	419961	0.954712
chr01x14	70750001	71000000	HAP1_chr14	HAP2_chr01	HAP1	HAP2	14	1	213811	223556	11236	426131	0.973633
chr01x14	70750001	71000000	HAP2_chr01	HAP2_chr14	HAP2	HAP2	1	14	223556	226869	13020	437405	0.970234
chr01x14	71000001	71250000	HAP1_chr01	HAP1_chr14	HAP1	HAP1	1	14	230701	209585	5380	434906	0.987630
chr01x14	71000001	71250000	HAP1_chr01	HAP2_chr14	HAP1	HAP2	1	14	230701	215446	4923	441224	0.988842
chr01x14	71000001	71250000	HAP1_chr14	HAP2_chr01	HAP1	HAP2	14	1	209585	211217	13426	407376	0.967043
chr01x14	71000001	71250000	HAP2_chr01	HAP2_chr14	HAP2	HAP2	1	14	211217	215446	10748	415915	0.974158
chr01x14	71250001	71500000	HAP1_chr01	HAP1_chr14	HAP1	HAP1	1	14	229794	204540	15392	418942	0.963260
chr01x14	71250001	71500000	HAP1_chr01	HAP2_chr14	HAP1	HAP2	1	14	229794	193806	15222	408378	0.962726
chr01x14	71250001	71500000	HAP1_chr14	HAP2_chr01	HAP1	HAP2	14	1	204540	215968	11785	408723	0.971166
chr01x14	71250001	71500000	HAP2_chr01	HAP2_chr14	HAP2	HAP2	1	14	215968	193806	11939	397835	0.969990
chr01x14	71500001	71750000	HAP1_chr01	HAP1_chr14	HAP1	HAP1	1	14	219026	230368	8009	441385	0.981855
chr01x14	71500001	71750000	HAP1_chr01	HAP2_chr14	HAP1	HAP2	1	14	219026	218467	9255	428238	0.978388
chr01x14	71500001	71750000	HAP1_chr14	HAP2_chr01	HAP1	HAP2	14	1	230368	228084	6221	452231	0.986244
chr01x14	71500001	71750000	HAP2_chr01	HAP2_chr14	HAP2	HAP2	1	14	228084	218467	8777	437774	0.979951
chr01x14	71750001	72000000	HAP1_chr01	HAP1_chr14	HAP1	HAP1	1	14	210542	217599	4565	423576	0.989223
chr01x14	71750001	72000000	HAP1_chr01	HAP2_chr14	HAP1	HAP2	1	14	210542	210900	8419	413023	0.979616
chr01x14	71750001	72000000	HAP1_chr14	HAP2_chr01	HAP1	HAP2	14	1	217599	232404	5221	444782	0.988262
chr01x14	71750001	72000000	HAP2_chr01	HAP2_chr14	HAP2	HAP2	1	14	232404	210900	6999	436305	0.983958
chr01x14	72000001	72250000	HAP1_chr01	HAP1_chr14	HAP1	HAP1	1	14	227561	209092	11300	425353	0.973434
chr01x14	72000001	72250000	HAP1_chr01	HAP2_chr14	HAP1	HAP2	1	14	227561	219105	11533	435133	0.973495
chr01x14	72000001	72250000	HAP1_chr14	HAP2_chr01	HAP1	HAP2	14	1	209092	223626	9564	423154	0.977398
chr01x14	72000001	72250000	HAP2_chr01	HAP2_chr14	HAP2	HAP2	1	14	223626	219105	2242	440489	0.994910
chr01x14	72250001	72500000	HAP1_chr01	HAP1_chr14	HAP1	HAP1	1	14	216303	204348	11586	409065	0.971677
chr01x14	72250001	72500000	HAP1_chr01	HAP2_chr14	HAP1	HAP2	1	14	216303	182246	10399	388150	0.973209
chr01x14	72250001	72500000	HAP1_chr14	HAP2_chr01	HAP1	HAP2	14	1	204348	227579	4955	426972	0.988395
chr01x14	72250001	72500000	HAP2_chr01	HAP2_chr14	HAP2	HAP2	1	14	227579	182246	8781	401044	0.978105
chr01x14	72500001	72750000	HAP1_chr01	HAP1_chr14	HAP1	HAP1	1	14	235301	229013	2599	461715	0.994371
chr01x14	72500001	72750000	HAP1_chr01	HAP2_chr14	HAP1	HAP2	1	14	235301	205976	4582	436695	0.989508
chr01x14	72500001	72750000	HAP1_chr14	HAP2_chr01	HAP1	HAP2	14	1	229013	204800	10452	423361	0.975312
chr01x14	72500001	72750000	HAP2_chr01	HAP2_chr14	HAP2	HAP2	1	14	204800	205976	9568	401208	0.976152
chr01x14	72750001	73000000	HAP1_chr01	HAP1_chr14	HAP1	HAP1	1	14	235317	233684	4333	464668	0.990675
chr01x14	72750001	73000000	HAP1_chr01	HAP2_chr14	HAP1	HAP2	1	14	235317	226370	8048	453639	0.982259
chr01x14	72750001	73000000	HAP1_chr14	HAP2_chr01	HAP1	HAP2	14	1	233684	209312	6648	436348	0.984764
chr01x14	72750001	73000000	HAP2_chr01	HAP2_chr14	HAP2	HAP2	1	14	209312	226370	4971	430711	0.988459
chr01x14	73000001	73250000	HAP1_chr01	HAP1_chr14	HAP1	HAP1	1	14	227191	221512	7877	440826	0.982131
chr01x14	73000001	73250000	HAP1_chr01	HAP2_chr14	HAP1	HAP2	1	14	227191	222262	10832	438621	0.975304
chr01x14	73000001	73250000	HAP1_chr14	HAP2_chr01	HAP1	HAP2	14	1	221512	200096	11013	410595	0.973178
chr01x14	73000001	73250000	HAP2_chr01	HAP2_chr14	HAP2	HAP2	1	14	200096	222262	9950	412408	0.975873
chr01x14	73250001	73500000	HAP1_chr01	HAP1_chr14	HAP1	HAP1	1	14	231302	224741	12428	443615	0.971985
chr01x14	73250001	73500000	HAP1_chr01	HAP2_chr14	HAP1	HAP2	1	14	231302	213314	14734	429882	0.965725
chr01x14	73250001	73500000	HAP1_chr14	HAP2_chr01	HAP1	HAP2	14	1	224741	231531	4888	451384	0.989171
chr01x14	73250001	73500000	HAP2_chr01	HAP2_chr14	HAP2	HAP2	1	14	231531	213314	11776	433069	0.972808
chr01x14	73500001	73750000	HAP1_chr01	HAP1_chr14	HAP1	HAP1	1	14	223939	229666	4535	449070	0.989901
chr01x14	73500001	73750000	HAP1_chr01	HAP2_chr14	HAP1	HAP2	1	14	223939	198036	1713	420262	0.995924
chr01x14	73500001	73750000	HAP1_chr14	HAP2_chr01	HAP1	HAP2	14	1	229666	233448	5224	457890	0.988591
chr01x14	73500001	73750000	HAP2_chr01	HAP2_chr14	HAP2	HAP2	1	14	233448	198036	5308	426176	0.987545
chr01x14	73750001	74000000	HAP1_chr01	HAP1_chr14	HAP1	HAP1	1	14	228152	222254	7825	442581	0.982320
chr01x14	73750001	74000000	HAP1_chr01	HAP2_chr14	HAP1	HAP2	1	14	228152	228269	11195	445226	0.974855
chr01x14	73750001	74000000	HAP1_chr14	HAP2_chr01	HAP1	HAP2	14	1	222254	228869	4441	446682	0.990058
chr01x14	73750001	74000000	HAP2_chr01	HAP2_chr14	HAP2	HAP2	1	14	228869	228269	6713	450425	0.985096
chr01x14	74000001	74250000	HAP1_chr01	HAP1_chr14	HAP1	HAP1	1	14	232059	191702	6701	417060	0.983933
chr01x14	74000001	74250000	HAP1_chr01	HAP2_chr14	HAP1	HAP2	1	14	232059	221423	12430	441052	0.971817
chr01x14	74000001	74250000	HAP1_chr14	HAP2_chr01	HAP1	HAP2	14	1	191702	212969	9025	395646	0.977189
chr01x14	74000001	74250000	HAP2_chr01	HAP2_chr14	HAP2	HAP2	1	14	212969	221423	11555	422837	0.972673
chr01x14	74250001	74500000	HAP1_chr01	HAP1_chr14	HAP1	HAP1	1	14	190751	200233	9690	381294	0.974587
chr01x14	74250001	74500000	HAP1_chr01	HAP2_chr14	HAP1	HAP2	1	14	190751	208698	10150	389299	0.973927
chr01x14	74250001	74500000	HAP1_chr14	HAP2_chr01	HAP1	HAP2	14	1	200233	222046	5264	417015	0.987377
chr01x14	74250001	74500000	HAP2_chr01	HAP2_chr14	HAP2	HAP2	1	14	222046	208698	5450	425294	0.987185
chr01x14	74500001	74750000	HAP1_chr01	HAP1_chr14	HAP1	HAP1	1	14	227188	202475	19680	409983	0.951998
chr01x14	74500001	74750000	HAP1_chr01	HAP2_chr14	HAP1	HAP2	1	14	227188	216917	13351	430754	0.969006
chr01x14	74500001	74750000	HAP1_chr14	HAP2_chr01	HAP1	HAP2	14	1	202475	225320	11716	416079	0.971842
chr01x14	74500001	74750000	HAP2_chr01	HAP2_chr14	HAP2	HAP2	1	14	225320	216917	11382	430855	0.973583
chr01x14	74750001	75000000	HAP1_chr01	HAP1_chr14	HAP1	HAP1	1	14	208529	222602	9442	421689	0.977609
chr01x14	74750001	75000000	HAP1_chr01	HAP2_chr14	HAP1	HAP2	1	14	208529	199445	18736	389238	0.951865
chr01x14	74750001	75000000	HAP1_chr14	HAP2_chr01	HAP1	HAP2	14	1	222602	187206	10230	399578	0.974398
chr01x14	74750001	75000000	HAP2_chr01	HAP2_chr14	HAP2	HAP2	1	14	187206	199445	11920	374731	0.968191
chr01x14	75000001	75250000	HAP1_chr01	HAP1_chr14	HAP1	HAP1	1	14	216461	220807	7041	430227	0.983634
chr01x14	75000001	75250000	HAP1_chr01	HAP2_chr14	HAP1	HAP2	1	14	216461	201472	10161	407772	0.975082
chr01x14	75000001	75250000	HAP1_chr14	HAP2_chr01	HAP1	HAP2	14	1	220807	234182	5167	449822	0.988513
chr01x14	75000001	75250000	HAP2_chr01	HAP2_chr14	HAP2	HAP2	1	14	234182	201472	6452	429202	0.984967
chr01x14	75250001	75500000	HAP1_chr01	HAP1_chr14	HAP1	HAP1	1	14	184539	218677	6366	396850	0.983959
chr01x14	75250001	75500000	HAP1_chr01	HAP2_chr14	HAP1	HAP2	1	14	184539	221044	7422	398161	0.981359
chr01x14	75250001	75500000	HAP1_chr14	HAP2_chr01	HAP1	HAP2	14	1	218677	222394	9715	431356	0.977478
chr01x14	75250001	75500000	HAP2_chr01	HAP2_chr14	HAP2	HAP2	1	14	222394	221044	7964	435474	0.981712
chr01x14	75500001	75750000	HAP1_chr01	HAP1_chr14	HAP1	HAP1	1	14	211290	209579	8495	412374	0.979400
chr01x14	75500001	75750000	HAP1_chr01	HAP2_chr14	HAP1	HAP2	1	14	211290	218205	12169	417326	0.970841
chr01x14	75500001	75750000	HAP1_chr14	HAP2_chr01	HAP1	HAP2	14	1	209579	222657	10968	421268	0.973964
chr01x14	75500001	75750000	HAP2_chr01	HAP2_chr14	HAP2	HAP2	1	14	222657	218205	7204	433658	0.983388
chr01x14	75750001	76000000	HAP1_chr01	HAP1_chr14	HAP1	HAP1	1	14	210376	203151	7203	406324	0.982273
chr01x14	75750001	76000000	HAP1_chr01	HAP2_chr14	HAP1	HAP2	1	14	210376	220678	9457	421597	0.977569
chr01x14	75750001	76000000	HAP1_chr14	HAP2_chr01	HAP1	HAP2	14	1	203151	232376	6942	428585	0.983803
chr01x14	75750001	76000000	HAP2_chr01	HAP2_chr14	HAP2	HAP2	1	14	232376	220678	10753	442301	0.975689
chr01x14	76000001	76250000	HAP1_chr01	HAP1_chr14	HAP1	HAP1	1	14	227111	216389	7938	435562	0.981775
chr01x14	76000001	76250000	HAP1_chr01	HAP2_chr14	HAP1	HAP2	1	14	227111	223798	8540	442369	0.980695
chr01x14	76000001	76250000	HAP1_chr14	HAP2_chr01	HAP1	HAP2	14	1	216389	224945	11781	429553	0.972574
chr01x14	76000001	76250000	HAP2_chr01	HAP2_chr14	HAP2	HAP2	1	14	224945	223798	7267	441476	0.983539
chr01x14	76250001	76500000	HAP1_chr01	HAP1_chr14	HAP1	HAP1	1	14	209740	214364	11501	412603	0.972126
chr01x14	76250001	76500000	HAP1_chr01	HAP2_chr14	HAP1	HAP2	1	14	209740	227589	10989	426340	0.974225
chr01x14	76250001	76500000	HAP1_chr14	HAP2_chr01	HAP1	HAP2	14	1	214364	216858	12854	418368	0.969276
chr01x14	76250001	76500000	HAP2_chr01	HAP2_chr14	HAP2	HAP2	1	14	216858	227589	16073	428374	0.962479
chr01x14	76500001	76750000	HAP1_chr01	HAP1_chr14	HAP1	HAP1	1	14	230911	223416	9573	444754	0.978476
chr01x14	76500001	76750000	HAP1_chr01	HAP2_chr14	HAP1	HAP2	1	14	230911	204645	4552	431004	0.989439
chr01x14	76500001	76750000	HAP1_chr14	HAP2_chr01	HAP1	HAP2	14	1	223416	230786	11263	442939	0.974572
chr01x14	76500001	76750000	HAP2_chr01	HAP2_chr14	HAP2	HAP2	1	14	230786	204645	4244	431187	0.990157
chr01x14	76750001	77000000	HAP1_chr01	HAP1_chr14	HAP1	HAP1	1	14	221451	219686	20284	420853	0.951803
chr01x14	76750001	77000000	HAP1_chr01	HAP2_chr14	HAP1	HAP2	1	14	221451	221721	4594	438578	0.989525
chr01x14	76750001	77000000	HAP1_chr14	HAP2_chr01	HAP1	HAP2	14	1	219686	224331	12263	431754	0.971597
chr01x14	76750001	77000000	HAP2_chr01	HAP2_chr14	HAP2	HAP2	1	14	224331	221721	5591	440461	0.987306
chr01x14	77000001	77250000	HAP1_chr01	HAP1_chr14	HAP1	HAP1	1	14	218521	200415	10236	408700	0.974955
chr01x14	77000001	77250000	HAP1_chr01	HAP2_chr14	HAP1	HAP2	1	14	218521	206657	11175	414003	0.973007
chr01x14	77000001	77250000	HAP1_chr14	HAP2_chr01	HAP1	HAP2	14	1	200415	227123	27675	399863	0.930789
chr01x14	77000001	77250000	HAP2_chr01	HAP2_chr14	HAP2	HAP2	1	14	227123	206657	2790	430990	0.993527
chr01x14	77250001	77500000	HAP1_chr01	HAP1_chr14	HAP1	HAP1	1	14	226854	187108	7143	406819	0.982442
chr01x14	77250001	77500000	HAP1_chr01	HAP2_chr14	HAP1	HAP2	1	14	226854	232045	12744	446155	0.971436
chr01x14	77250001	77500000	HAP1_chr14	HAP2_chr01	HAP1	HAP2	14	1	187108	188546	6490	369164	0.982420
chr01x14	77250001	77500000	HAP2_chr01	HAP2_chr14	HAP2	HAP2	1	14	188546	232045	5610	414981	0.986481
chr01x14	77500001	77750000	HAP1_chr01	HAP1_chr14	HAP1	HAP1	1	14	189466	210147	28354	371259	0.923627
chr01x14	77500001	77750000	HAP1_chr01	HAP2_chr14	HAP1	HAP2	1	14	189466	229202	5956	412712	0.985569
chr01x14	77500001	77750000	HAP1_chr14	HAP2_chr01	HAP1	HAP2	14	1	210147	218635	13435	415347	0.967654
chr01x14	77500001	77750000	HAP2_chr01	HAP2_chr14	HAP2	HAP2	1	14	218635	229202	4287	443550	0.990335
chr01x14	77750001	78000000	HAP1_chr01	HAP1_chr14	HAP1	HAP1	1	14	222362	216550	6587	432325	0.984764
chr01x14	77750001	78000000	HAP1_chr01	HAP2_chr14	HAP1	HAP2	1	14	222362	218806	2108	439060	0.995199
chr01x14	77750001	78000000	HAP1_chr14	HAP2_chr01	HAP1	HAP2	14	1	216550	215965	3036	429479	0.992931
chr01x14	77750001	78000000	HAP2_chr01	HAP2_chr14	HAP2	HAP2	1	14	215965	218806	5650	429121	0.986834
chr01x14	78000001	78250000	HAP1_chr01	HAP1_chr14	HAP1	HAP1	1	14	218698	218012	13556	423154	0.967964
chr01x14	78000001	78250000	HAP1_chr01	HAP2_chr14	HAP1	HAP2	1	14	218698	170955	8171	381482	0.978581
chr01x14	78000001	78250000	HAP1_chr14	HAP2_chr01	HAP1	HAP2	14	1	218012	220290	8650	429652	0.979867
chr01x14	78000001	78250000	HAP2_chr01	HAP2_chr14	HAP2	HAP2	1	14	220290	170955	7883	383362	0.979437
chr01x14	78250001	78500000	HAP1_chr01	HAP1_chr14	HAP1	HAP1	1	14	234071	220251	8130	446192	0.981779
chr01x14	78250001	78500000	HAP1_chr01	HAP2_chr14	HAP1	HAP2	1	14	234071	220096	11242	442925	0.974619
chr01x14	78250001	78500000	HAP1_chr14	HAP2_chr01	HAP1	HAP2	14	1	220251	224502	9193	435560	0.978894
chr01x14	78250001	78500000	HAP2_chr01	HAP2_chr14	HAP2	HAP2	1	14	224502	220096	14303	430295	0.966760
chr01x14	78500001	78750000	HAP1_chr01	HAP1_chr14	HAP1	HAP1	1	14	208407	170119	5679	372847	0.984769
chr01x14	78500001	78750000	HAP1_chr01	HAP2_chr14	HAP1	HAP2	1	14	208407	231781	11338	428850	0.973562
chr01x14	78500001	78750000	HAP1_chr14	HAP2_chr01	HAP1	HAP2	14	1	170119	198815	3920	365014	0.989261
chr01x14	78500001	78750000	HAP2_chr01	HAP2_chr14	HAP2	HAP2	1	14	198815	231781	7644	422952	0.981927
chr01x14	78750001	79000000	HAP1_chr01	HAP1_chr14	HAP1	HAP1	1	14	224244	230281	17037	437488	0.961057
chr01x14	78750001	79000000	HAP1_chr01	HAP2_chr14	HAP1	HAP2	1	14	224244	218055	15409	426890	0.963904
chr01x14	78750001	79000000	HAP1_chr14	HAP2_chr01	HAP1	HAP2	14	1	230281	231740	7915	454106	0.982570
chr01x14	78750001	79000000	HAP2_chr01	HAP2_chr14	HAP2	HAP2	1	14	231740	218055	8691	441104	0.980297
chr01x14	79000001	79250000	HAP1_chr01	HAP1_chr14	HAP1	HAP1	1	14	226908	194376	32257	389027	0.917083
chr01x14	79000001	79250000	HAP1_chr01	HAP2_chr14	HAP1	HAP2	1	14	226908	221466	13052	435322	0.970018
chr01x14	79000001	79250000	HAP1_chr14	HAP2_chr01	HAP1	HAP2	14	1	194376	218383	15457	397302	0.961095
chr01x14	79000001	79250000	HAP2_chr01	HAP2_chr14	HAP2	HAP2	1	14	218383	221466	12130	427719	0.971640
chr01x14	79250001	79500000	HAP1_chr01	HAP1_chr14	HAP1	HAP1	1	14	229357	214627	122847	321137	0.617462
chr01x14	79250001	79500000	HAP1_chr01	HAP2_chr14	HAP1	HAP2	1	14	229357	203215	7571	425001	0.982186
chr01x14	79250001	79500000	HAP1_chr14	HAP2_chr01	HAP1	HAP2	14	1	214627	230172	5607	439192	0.987233
chr01x14	79250001	79500000	HAP2_chr01	HAP2_chr14	HAP2	HAP2	1	14	230172	203215	7072	426315	0.983411
chr01x14	79500001	79750000	HAP1_chr01	HAP1_chr14	HAP1	HAP1	1	14	231849	228379	134930	325298	0.585211
chr01x14	79500001	79750000	HAP1_chr01	HAP2_chr14	HAP1	HAP2	1	14	231849	233440	7726	457563	0.983115
chr01x14	79500001	79750000	HAP1_chr14	HAP2_chr01	HAP1	HAP2	14	1	228379	226878	5163	450094	0.988529
chr01x14	79500001	79750000	HAP2_chr01	HAP2_chr14	HAP2	HAP2	1	14	226878	233440	6668	453650	0.985301
chr01x14	79750001	80000000	HAP1_chr01	HAP1_chr14	HAP1	HAP1	1	14	228458	209827	54683	383602	0.857449
chr01x14	79750001	80000000	HAP1_chr01	HAP2_chr14	HAP1	HAP2	1	14	228458	207936	6208	430186	0.985569
chr01x14	79750001	80000000	HAP1_chr14	HAP2_chr01	HAP1	HAP2	14	1	209827	199980	7714	402093	0.980815
chr01x14	79750001	80000000	HAP2_chr01	HAP2_chr14	HAP2	HAP2	1	14	199980	207936	10520	397396	0.973528
chr01x14	80000001	80250000	HAP1_chr01	HAP1_chr14	HAP1	HAP1	1	14	198521	207542	26296	379767	0.930758
chr01x14	80000001	80250000	HAP1_chr01	HAP2_chr14	HAP1	HAP2	1	14	198521	214199	6150	406570	0.984873
chr01x14	80000001	80250000	HAP1_chr14	HAP2_chr01	HAP1	HAP2	14	1	207542	228680	6385	429837	0.985146
chr01x14	80000001	80250000	HAP2_chr01	HAP2_chr14	HAP2	HAP2	1	14	228680	214199	10982	431897	0.974573
chr01x14	80250001	80500000	HAP1_chr01	HAP1_chr14	HAP1	HAP1	1	14	199247	109540	3316	305471	0.989145
chr01x14	80250001	80500000	HAP1_chr01	HAP2_chr14	HAP1	HAP2	1	14	199247	229770	3228	425789	0.992419
chr01x14	80250001	80500000	HAP1_chr14	HAP2_chr01	HAP1	HAP2	14	1	109540	209271	6715	312096	0.978484
chr01x14	80250001	80500000	HAP2_chr01	HAP2_chr14	HAP2	HAP2	1	14	209271	229770	16385	422656	0.961233
chr01x14	80500001	80750000	HAP1_chr01	HAP1_chr14	HAP1	HAP1	1	14	200497	194059	6704	387852	0.982715
chr01x14	80500001	80750000	HAP1_chr01	HAP2_chr14	HAP1	HAP2	1	14	200497	226564	5929	421132	0.985921
chr01x14	80500001	80750000	HAP1_chr14	HAP2_chr01	HAP1	HAP2	14	1	194059	230779	9251	415587	0.977740
chr01x14	80500001	80750000	HAP2_chr01	HAP2_chr14	HAP2	HAP2	1	14	230779	226564	7655	449688	0.982977
chr01x14	80750001	81000000	HAP1_chr01	HAP1_chr14	HAP1	HAP1	1	14	212725	150858	3906	359677	0.989140
chr01x14	80750001	81000000	HAP1_chr01	HAP2_chr14	HAP1	HAP2	1	14	212725	223288	6395	429618	0.985115
chr01x14	80750001	81000000	HAP1_chr14	HAP2_chr01	HAP1	HAP2	14	1	150858	206518	8422	348954	0.975865
chr01x14	80750001	81000000	HAP2_chr01	HAP2_chr14	HAP2	HAP2	1	14	206518	223288	9145	420661	0.978260
chr01x14	81000001	81250000	HAP1_chr01	HAP1_chr14	HAP1	HAP1	1	14	209661	223635	6456	426840	0.984875
chr01x14	81000001	81250000	HAP1_chr01	HAP2_chr14	HAP1	HAP2	1	14	209661	218255	11002	416914	0.973611
chr01x14	81000001	81250000	HAP1_chr14	HAP2_chr01	HAP1	HAP2	14	1	223635	226115	6549	443201	0.985223
chr01x14	81000001	81250000	HAP2_chr01	HAP2_chr14	HAP2	HAP2	1	14	226115	218255	12382	431988	0.971337
chr01x14	81250001	81500000	HAP1_chr01	HAP1_chr14	HAP1	HAP1	1	14	233183	223238	6448	449973	0.985670
chr01x14	81250001	81500000	HAP1_chr01	HAP2_chr14	HAP1	HAP2	1	14	233183	219785	6076	446892	0.986404
chr01x14	81250001	81500000	HAP1_chr14	HAP2_chr01	HAP1	HAP2	14	1	223238	220184	10995	432427	0.974574
chr01x14	81250001	81500000	HAP2_chr01	HAP2_chr14	HAP2	HAP2	1	14	220184	219785	6551	433418	0.984885
chr01x14	81500001	81750000	HAP1_chr01	HAP1_chr14	HAP1	HAP1	1	14	218168	227921	9219	436870	0.978898
chr01x14	81500001	81750000	HAP1_chr01	HAP2_chr14	HAP1	HAP2	1	14	218168	226248	3970	440446	0.990986
chr01x14	81500001	81750000	HAP1_chr14	HAP2_chr01	HAP1	HAP2	14	1	227921	223931	11440	440412	0.974024
chr01x14	81500001	81750000	HAP2_chr01	HAP2_chr14	HAP2	HAP2	1	14	223931	226248	8025	442154	0.981850
chr01x14	81750001	82000000	HAP1_chr01	HAP1_chr14	HAP1	HAP1	1	14	213102	231595	6714	437983	0.984671
chr01x14	81750001	82000000	HAP1_chr01	HAP2_chr14	HAP1	HAP2	1	14	213102	224344	10679	426767	0.974977
chr01x14	81750001	82000000	HAP1_chr14	HAP2_chr01	HAP1	HAP2	14	1	231595	222255	6670	447180	0.985084
chr01x14	81750001	82000000	HAP2_chr01	HAP2_chr14	HAP2	HAP2	1	14	222255	224344	12713	433886	0.970700
chr01x14	82000001	82250000	HAP1_chr01	HAP1_chr14	HAP1	HAP1	1	14	233873	218843	26675	426041	0.937389
chr01x14	82000001	82250000	HAP1_chr01	HAP2_chr14	HAP1	HAP2	1	14	233873	217006	6831	444048	0.984617
chr01x14	82000001	82250000	HAP1_chr14	HAP2_chr01	HAP1	HAP2	14	1	218843	213914	5502	427255	0.987122
chr01x14	82000001	82250000	HAP2_chr01	HAP2_chr14	HAP2	HAP2	1	14	213914	217006	8200	422720	0.980602
chr01x14	82250001	82500000	HAP1_chr01	HAP1_chr14	HAP1	HAP1	1	14	204930	222783	15085	412628	0.963442
chr01x14	82250001	82500000	HAP1_chr01	HAP2_chr14	HAP1	HAP2	1	14	204930	230207	6557	428580	0.984701
chr01x14	82250001	82500000	HAP1_chr14	HAP2_chr01	HAP1	HAP2	14	1	222783	215775	13619	424939	0.967951
chr01x14	82250001	82500000	HAP2_chr01	HAP2_chr14	HAP2	HAP2	1	14	215775	230207	5826	440156	0.986764
chr01x14	82500001	82750000	HAP1_chr01	HAP1_chr14	HAP1	HAP1	1	14	231928	232917	3566	461279	0.992269
chr01x14	82500001	82750000	HAP1_chr01	HAP2_chr14	HAP1	HAP2	1	14	231928	223510	9751	445687	0.978121
chr01x14	82500001	82750000	HAP1_chr14	HAP2_chr01	HAP1	HAP2	14	1	232917	205209	6167	431959	0.985723
chr01x14	82500001	82750000	HAP2_chr01	HAP2_chr14	HAP2	HAP2	1	14	205209	223510	8504	420215	0.979763
chr01x14	82750001	83000000	HAP1_chr01	HAP1_chr14	HAP1	HAP1	1	14	216764	229305	3915	442154	0.991146
chr01x14	82750001	83000000	HAP1_chr01	HAP2_chr14	HAP1	HAP2	1	14	216764	203380	11094	409050	0.972879
chr01x14	82750001	83000000	HAP1_chr14	HAP2_chr01	HAP1	HAP2	14	1	229305	228413	6300	451418	0.986044
chr01x14	82750001	83000000	HAP2_chr01	HAP2_chr14	HAP2	HAP2	1	14	228413	203380	4498	427295	0.989473
chr01x14	83000001	83250000	HAP1_chr01	HAP1_chr14	HAP1	HAP1	1	14	217996	188767	14006	392757	0.964339
chr01x14	83000001	83250000	HAP1_chr01	HAP2_chr14	HAP1	HAP2	1	14	217996	227104	5923	439177	0.986513
chr01x14	83000001	83250000	HAP1_chr14	HAP2_chr01	HAP1	HAP2	14	1	188767	120914	9704	299977	0.967651
chr01x14	83000001	83250000	HAP2_chr01	HAP2_chr14	HAP2	HAP2	1	14	120914	227104	5464	342554	0.984049
chr01x14	83250001	83500000	HAP1_chr01	HAP1_chr14	HAP1	HAP1	1	14	218849	205848	9227	415470	0.977791
chr01x14	83250001	83500000	HAP1_chr01	HAP2_chr14	HAP1	HAP2	1	14	218849	207775	3947	422677	0.990662
chr01x14	83250001	83500000	HAP1_chr14	HAP2_chr01	HAP1	HAP2	14	1	205848	189857	4603	391102	0.988231
chr01x14	83250001	83500000	HAP2_chr01	HAP2_chr14	HAP2	HAP2	1	14	189857	207775	7095	390537	0.981833
chr01x14	83500001	83750000	HAP1_chr01	HAP1_chr14	HAP1	HAP1	1	14	229594	228512	5921	452185	0.986906
chr01x14	83500001	83750000	HAP1_chr01	HAP2_chr14	HAP1	HAP2	1	14	229594	220225	11299	438520	0.974234
chr01x14	83500001	83750000	HAP1_chr14	HAP2_chr01	HAP1	HAP2	14	1	228512	87469	3806	312175	0.987808
chr01x14	83500001	83750000	HAP2_chr01	HAP2_chr14	HAP2	HAP2	1	14	87469	220225	1778	305916	0.994188
chr01x14	83750001	84000000	HAP1_chr01	HAP1_chr14	HAP1	HAP1	1	14	227710	212774	9037	431447	0.979054
chr01x14	83750001	84000000	HAP1_chr01	HAP2_chr14	HAP1	HAP2	1	14	227710	208013	9958	425765	0.976612
chr01x14	83750001	84000000	HAP1_chr14	HAP2_chr01	HAP1	HAP2	14	1	212774	214303	5549	421528	0.986836
chr01x14	83750001	84000000	HAP2_chr01	HAP2_chr14	HAP2	HAP2	1	14	214303	208013	7818	414498	0.981139
chr01x14	84000001	84250000	HAP1_chr01	HAP1_chr14	HAP1	HAP1	1	14	212236	231967	11404	432799	0.973651
chr01x14	84000001	84250000	HAP1_chr01	HAP2_chr14	HAP1	HAP2	1	14	212236	234051	8801	437486	0.979883
chr01x14	84000001	84250000	HAP1_chr14	HAP2_chr01	HAP1	HAP2	14	1	231967	224828	5438	451357	0.987952
chr01x14	84000001	84250000	HAP2_chr01	HAP2_chr14	HAP2	HAP2	1	14	224828	234051	7369	451510	0.983679
chr01x14	84250001	84500000	HAP1_chr01	HAP1_chr14	HAP1	HAP1	1	14	222889	213852	3266	433475	0.992466
chr01x14	84250001	84500000	HAP1_chr01	HAP2_chr14	HAP1	HAP2	1	14	222889	210326	8610	424605	0.979722
chr01x14	84250001	84500000	HAP1_chr14	HAP2_chr01	HAP1	HAP2	14	1	213852	220627	5154	429325	0.987995
chr01x14	84250001	84500000	HAP2_chr01	HAP2_chr14	HAP2	HAP2	1	14	220627	210326	15386	415567	0.962976
chr01x14	84500001	84750000	HAP1_chr01	HAP1_chr14	HAP1	HAP1	1	14	226086	221962	34677	413371	0.916112
chr01x14	84500001	84750000	HAP1_chr01	HAP2_chr14	HAP1	HAP2	1	14	226086	215792	11119	430759	0.974187
chr01x14	84500001	84750000	HAP1_chr14	HAP2_chr01	HAP1	HAP2	14	1	221962	225581	5542	442001	0.987462
chr01x14	84500001	84750000	HAP2_chr01	HAP2_chr14	HAP2	HAP2	1	14	225581	215792	10367	431006	0.975947
chr01x14	84750001	85000000	HAP1_chr01	HAP1_chr14	HAP1	HAP1	1	14	218484	225679	26368	417795	0.936888
chr01x14	84750001	85000000	HAP1_chr01	HAP2_chr14	HAP1	HAP2	1	14	218484	224895	8916	434463	0.979478
chr01x14	84750001	85000000	HAP1_chr14	HAP2_chr01	HAP1	HAP2	14	1	225679	226839	6230	446288	0.986040
chr01x14	84750001	85000000	HAP2_chr01	HAP2_chr14	HAP2	HAP2	1	14	226839	224895	8120	443614	0.981696
chr01x14	85000001	85250000	HAP1_chr01	HAP1_chr14	HAP1	HAP1	1	14	226531	216187	33847	408871	0.917218
chr01x14	85000001	85250000	HAP1_chr01	HAP2_chr14	HAP1	HAP2	1	14	226531	214910	12954	428487	0.969768
chr01x14	85000001	85250000	HAP1_chr14	HAP2_chr01	HAP1	HAP2	14	1	216187	230858	8163	438882	0.981400
chr01x14	85000001	85250000	HAP2_chr01	HAP2_chr14	HAP2	HAP2	1	14	230858	214910	13140	432628	0.969627
chr01x14	85250001	85500000	HAP1_chr01	HAP1_chr14	HAP1	HAP1	1	14	232645	207326	27450	412521	0.933458
chr01x14	85250001	85500000	HAP1_chr01	HAP2_chr14	HAP1	HAP2	1	14	232645	225884	10099	448430	0.977479
chr01x14	85250001	85500000	HAP1_chr14	HAP2_chr01	HAP1	HAP2	14	1	207326	226980	3225	431081	0.992519
chr01x14	85250001	85500000	HAP2_chr01	HAP2_chr14	HAP2	HAP2	1	14	226980	225884	13500	439364	0.969274
chr01x14	85500001	85750000	HAP1_chr01	HAP1_chr14	HAP1	HAP1	1	14	214689	223743	37835	400597	0.905553
chr01x14	85500001	85750000	HAP1_chr01	HAP2_chr14	HAP1	HAP2	1	14	214689	202911	7419	410181	0.981913
chr01x14	85500001	85750000	HAP1_chr14	HAP2_chr01	HAP1	HAP2	14	1	223743	230775	8720	445798	0.980440
chr01x14	85500001	85750000	HAP2_chr01	HAP2_chr14	HAP2	HAP2	1	14	230775	202911	7486	426200	0.982435
chr01x14	85750001	86000000	HAP1_chr01	HAP1_chr14	HAP1	HAP1	1	14	212893	235927	3513	445307	0.992111
chr01x14	85750001	86000000	HAP1_chr01	HAP2_chr14	HAP1	HAP2	1	14	212893	229080	13967	428006	0.967367
chr01x14	85750001	86000000	HAP1_chr14	HAP2_chr01	HAP1	HAP2	14	1	235927	228734	3307	461354	0.992832
chr01x14	85750001	86000000	HAP2_chr01	HAP2_chr14	HAP2	HAP2	1	14	228734	229080	18343	439471	0.958261
chr01x14	86000001	86250000	HAP1_chr01	HAP1_chr14	HAP1	HAP1	1	14	202201	222756	2663	422294	0.993694
chr01x14	86000001	86250000	HAP1_chr01	HAP2_chr14	HAP1	HAP2	1	14	202201	233003	6559	428645	0.984698
chr01x14	86000001	86250000	HAP1_chr14	HAP2_chr01	HAP1	HAP2	14	1	222756	216409	6075	433090	0.985973
chr01x14	86000001	86250000	HAP2_chr01	HAP2_chr14	HAP2	HAP2	1	14	216409	233003	6051	443361	0.986352
chr01x14	86250001	86500000	HAP1_chr01	HAP1_chr14	HAP1	HAP1	1	14	219212	228419	3518	444113	0.992079
chr01x14	86250001	86500000	HAP1_chr01	HAP2_chr14	HAP1	HAP2	1	14	219212	232402	5615	445999	0.987410
chr01x14	86250001	86500000	HAP1_chr14	HAP2_chr01	HAP1	HAP2	14	1	228419	226684	6172	448931	0.986252
chr01x14	86250001	86500000	HAP2_chr01	HAP2_chr14	HAP2	HAP2	1	14	226684	232402	12890	446196	0.971111
chr01x14	86500001	86750000	HAP1_chr01	HAP1_chr14	HAP1	HAP1	1	14	224335	231877	6764	449448	0.984950
chr01x14	86500001	86750000	HAP1_chr01	HAP2_chr14	HAP1	HAP2	1	14	224335	234259	7281	451313	0.983867
chr01x14	86500001	86750000	HAP1_chr14	HAP2_chr01	HAP1	HAP2	14	1	231877	229634	10762	450749	0.976124
chr01x14	86500001	86750000	HAP2_chr01	HAP2_chr14	HAP2	HAP2	1	14	229634	234259	10383	453510	0.977105
chr01x14	86750001	87000000	HAP1_chr01	HAP1_chr14	HAP1	HAP1	1	14	207660	214800	7953	414507	0.980813
chr01x14	86750001	87000000	HAP1_chr01	HAP2_chr14	HAP1	HAP2	1	14	207660	139191	8420	338431	0.975120
chr01x14	86750001	87000000	HAP1_chr14	HAP2_chr01	HAP1	HAP2	14	1	214800	212322	13638	413484	0.967017
chr01x14	86750001	87000000	HAP2_chr01	HAP2_chr14	HAP2	HAP2	1	14	212322	139191	9814	341699	0.971279
chr01x14	87000001	87250000	HAP1_chr01	HAP1_chr14	HAP1	HAP1	1	14	219694	228564	8461	439797	0.980762
chr01x14	87000001	87250000	HAP1_chr01	HAP2_chr14	HAP1	HAP2	1	14	219694	203133	4843	417984	0.988413
chr01x14	87000001	87250000	HAP1_chr14	HAP2_chr01	HAP1	HAP2	14	1	228564	221192	11662	438094	0.973380
chr01x14	87000001	87250000	HAP2_chr01	HAP2_chr14	HAP2	HAP2	1	14	221192	203133	4382	419943	0.989565
chr01x14	87250001	87500000	HAP1_chr01	HAP1_chr14	HAP1	HAP1	1	14	195181	218323	7045	406459	0.982667
chr01x14	87250001	87500000	HAP1_chr01	HAP2_chr14	HAP1	HAP2	1	14	195181	216671	6144	405708	0.984856
chr01x14	87250001	87500000	HAP1_chr14	HAP2_chr01	HAP1	HAP2	14	1	218323	226611	8151	436783	0.981339
chr01x14	87250001	87500000	HAP2_chr01	HAP2_chr14	HAP2	HAP2	1	14	226611	216671	7132	436150	0.983648
chr01x14	87500001	87750000	HAP1_chr01	HAP1_chr14	HAP1	HAP1	1	14	211819	225147	9172	427794	0.978560
chr01x14	87500001	87750000	HAP1_chr01	HAP2_chr14	HAP1	HAP2	1	14	211819	204904	7462	409261	0.981767
chr01x14	87500001	87750000	HAP1_chr14	HAP2_chr01	HAP1	HAP2	14	1	225147	220744	7607	438284	0.982644
chr01x14	87500001	87750000	HAP2_chr01	HAP2_chr14	HAP2	HAP2	1	14	220744	204904	5233	420415	0.987553
chr01x14	87750001	88000000	HAP1_chr01	HAP1_chr14	HAP1	HAP1	1	14	225676	224470	31197	418949	0.925535
chr01x14	87750001	88000000	HAP1_chr01	HAP2_chr14	HAP1	HAP2	1	14	225676	208202	9698	424180	0.977137
chr01x14	87750001	88000000	HAP1_chr14	HAP2_chr01	HAP1	HAP2	14	1	224470	227957	10318	442109	0.976662
chr01x14	87750001	88000000	HAP2_chr01	HAP2_chr14	HAP2	HAP2	1	14	227957	208202	10941	425218	0.974270
chr01x14	88000001	88250000	HAP1_chr01	HAP1_chr14	HAP1	HAP1	1	14	225897	225903	25320	426480	0.940630
chr01x14	88000001	88250000	HAP1_chr01	HAP2_chr14	HAP1	HAP2	1	14	225897	221071	8349	438619	0.980965
chr01x14	88000001	88250000	HAP1_chr14	HAP2_chr01	HAP1	HAP2	14	1	225903	212266	6459	431710	0.985039
chr01x14	88000001	88250000	HAP2_chr01	HAP2_chr14	HAP2	HAP2	1	14	212266	221071	9880	423457	0.976668
chr01x14	88250001	88500000	HAP1_chr01	HAP1_chr14	HAP1	HAP1	1	14	221326	237233	15703	442856	0.964542
chr01x14	88250001	88500000	HAP1_chr01	HAP2_chr14	HAP1	HAP2	1	14	221326	205028	11465	414889	0.972366
chr01x14	88250001	88500000	HAP1_chr14	HAP2_chr01	HAP1	HAP2	14	1	237233	213768	7013	443988	0.984205
chr01x14	88250001	88500000	HAP2_chr01	HAP2_chr14	HAP2	HAP2	1	14	213768	205028	20230	398566	0.949243
chr01x14	88500001	88750000	HAP1_chr01	HAP1_chr14	HAP1	HAP1	1	14	233352	218430	27864	423918	0.934270
chr01x14	88500001	88750000	HAP1_chr01	HAP2_chr14	HAP1	HAP2	1	14	233352	224586	8268	449670	0.981613
chr01x14	88500001	88750000	HAP1_chr14	HAP2_chr01	HAP1	HAP2	14	1	218430	230333	7213	441550	0.983664
chr01x14	88500001	88750000	HAP2_chr01	HAP2_chr14	HAP2	HAP2	1	14	230333	224586	6570	448349	0.985346
chr01x14	88750001	89000000	HAP1_chr01	HAP1_chr14	HAP1	HAP1	1	14	197659	230900	10765	417794	0.974234
chr01x14	88750001	89000000	HAP1_chr01	HAP2_chr14	HAP1	HAP2	1	14	197659	202347	4701	395305	0.988108
chr01x14	88750001	89000000	HAP1_chr14	HAP2_chr01	HAP1	HAP2	14	1	230900	226401	6476	450825	0.985635
chr01x14	88750001	89000000	HAP2_chr01	HAP2_chr14	HAP2	HAP2	1	14	226401	202347	6800	421948	0.983884
chr01x14	89000001	89250000	HAP1_chr01	HAP1_chr14	HAP1	HAP1	1	14	202674	224139	8393	418420	0.979941
chr01x14	89000001	89250000	HAP1_chr01	HAP2_chr14	HAP1	HAP2	1	14	202674	190629	11549	381754	0.969748
chr01x14	89000001	89250000	HAP1_chr14	HAP2_chr01	HAP1	HAP2	14	1	224139	152456	8657	367938	0.976472
chr01x14	89000001	89250000	HAP2_chr01	HAP2_chr14	HAP2	HAP2	1	14	152456	190629	3807	339278	0.988779
chr01x14	89250001	89500000	HAP1_chr01	HAP1_chr14	HAP1	HAP1	1	14	222805	203140	4868	421077	0.988439
chr01x14	89250001	89500000	HAP1_chr01	HAP2_chr14	HAP1	HAP2	1	14	222805	225976	10920	437861	0.975061
chr01x14	89250001	89500000	HAP1_chr14	HAP2_chr01	HAP1	HAP2	14	1	203140	231017	3747	430410	0.991294
chr01x14	89250001	89500000	HAP2_chr01	HAP2_chr14	HAP2	HAP2	1	14	231017	225976	7803	449190	0.982629
chr01x14	89500001	89750000	HAP1_chr01	HAP1_chr14	HAP1	HAP1	1	14	215723	203783	7448	412058	0.981925
chr01x14	89500001	89750000	HAP1_chr01	HAP2_chr14	HAP1	HAP2	1	14	215723	165945	13691	367977	0.962794
chr01x14	89500001	89750000	HAP1_chr14	HAP2_chr01	HAP1	HAP2	14	1	203783	230474	5078	429179	0.988168
chr01x14	89500001	89750000	HAP2_chr01	HAP2_chr14	HAP2	HAP2	1	14	230474	165945	9636	386783	0.975087
chr01x14	89750001	90000000	HAP1_chr01	HAP1_chr14	HAP1	HAP1	1	14	194570	216475	21876	389169	0.943788
chr01x14	89750001	90000000	HAP1_chr01	HAP2_chr14	HAP1	HAP2	1	14	194570	184513	8983	370100	0.975728
chr01x14	89750001	90000000	HAP1_chr14	HAP2_chr01	HAP1	HAP2	14	1	216475	218846	3201	432120	0.992592
chr01x14	89750001	90000000	HAP2_chr01	HAP2_chr14	HAP2	HAP2	1	14	218846	184513	8389	394970	0.978760
chr01x14	90000001	90250000	HAP1_chr01	HAP1_chr14	HAP1	HAP1	1	14	228581	227685	34103	422163	0.919218
chr01x14	90000001	90250000	HAP1_chr01	HAP2_chr14	HAP1	HAP2	1	14	228581	226411	6647	448345	0.985174
chr01x14	90000001	90250000	HAP1_chr14	HAP2_chr01	HAP1	HAP2	14	1	227685	226212	8918	444979	0.979959
chr01x14	90000001	90250000	HAP2_chr01	HAP2_chr14	HAP2	HAP2	1	14	226212	226411	4387	448236	0.990213
chr01x14	90250001	90500000	HAP1_chr01	HAP1_chr14	HAP1	HAP1	1	14	223992	227220	20553	430659	0.952275
chr01x14	90250001	90500000	HAP1_chr01	HAP2_chr14	HAP1	HAP2	1	14	223992	223314	13398	433908	0.969122
chr01x14	90250001	90500000	HAP1_chr14	HAP2_chr01	HAP1	HAP2	14	1	227220	213361	9158	431423	0.978773
chr01x14	90250001	90500000	HAP2_chr01	HAP2_chr14	HAP2	HAP2	1	14	213361	223314	7678	428997	0.982102
chr01x14	90500001	90750000	HAP1_chr01	HAP1_chr14	HAP1	HAP1	1	14	194966	219147	26333	387780	0.932093
chr01x14	90500001	90750000	HAP1_chr01	HAP2_chr14	HAP1	HAP2	1	14	194966	222172	6011	411127	0.985379
chr01x14	90500001	90750000	HAP1_chr14	HAP2_chr01	HAP1	HAP2	14	1	219147	228850	10657	437340	0.975632
chr01x14	90500001	90750000	HAP2_chr01	HAP2_chr14	HAP2	HAP2	1	14	228850	222172	8260	442762	0.981344
chr01x14	90750001	91000000	HAP1_chr01	HAP1_chr14	HAP1	HAP1	1	14	220603	220830	9134	432299	0.978871
chr01x14	90750001	91000000	HAP1_chr01	HAP2_chr14	HAP1	HAP2	1	14	220603	215249	6564	429288	0.984710
chr01x14	90750001	91000000	HAP1_chr14	HAP2_chr01	HAP1	HAP2	14	1	220830	221412	5593	436649	0.987191
chr01x14	90750001	91000000	HAP2_chr01	HAP2_chr14	HAP2	HAP2	1	14	221412	215249	10163	426498	0.976171
chr01x14	91000001	91250000	HAP1_chr01	HAP1_chr14	HAP1	HAP1	1	14	228016	222115	11396	438735	0.974025
chr01x14	91000001	91250000	HAP1_chr01	HAP2_chr14	HAP1	HAP2	1	14	228016	222258	5089	445185	0.988569
chr01x14	91000001	91250000	HAP1_chr14	HAP2_chr01	HAP1	HAP2	14	1	222115	226797	8952	439960	0.979653
chr01x14	91000001	91250000	HAP2_chr01	HAP2_chr14	HAP2	HAP2	1	14	226797	222258	12610	436445	0.971107
chr01x14	91250001	91500000	HAP1_chr01	HAP1_chr14	HAP1	HAP1	1	14	229784	224838	19152	435470	0.956020
chr01x14	91250001	91500000	HAP1_chr01	HAP2_chr14	HAP1	HAP2	1	14	229784	116432	4123	342093	0.987948
chr01x14	91250001	91500000	HAP1_chr14	HAP2_chr01	HAP1	HAP2	14	1	224838	223335	5080	443093	0.988535
chr01x14	91250001	91500000	HAP2_chr01	HAP2_chr14	HAP2	HAP2	1	14	223335	116432	6761	333006	0.979697
chr01x14	91500001	91750000	HAP1_chr01	HAP1_chr14	HAP1	HAP1	1	14	173086	231523	5902	398707	0.985197
chr01x14	91500001	91750000	HAP1_chr01	HAP2_chr14	HAP1	HAP2	1	14	173086	140368	5887	307567	0.980859
chr01x14	91500001	91750000	HAP1_chr14	HAP2_chr01	HAP1	HAP2	14	1	231523	228331	6706	453148	0.985201
chr01x14	91500001	91750000	HAP2_chr01	HAP2_chr14	HAP2	HAP2	1	14	228331	140368	4971	363728	0.986333
chr01x14	91750001	92000000	HAP1_chr01	HAP1_chr14	HAP1	HAP1	1	14	222942	225959	9585	439316	0.978182
chr01x14	91750001	92000000	HAP1_chr01	HAP2_chr14	HAP1	HAP2	1	14	222942	56586	4113	275415	0.985066
chr01x14	91750001	92000000	HAP1_chr14	HAP2_chr01	HAP1	HAP2	14	1	225959	206932	6917	425974	0.983762
chr01x14	91750001	92000000	HAP2_chr01	HAP2_chr14	HAP2	HAP2	1	14	206932	56586	1987	261531	0.992402
chr01x14	92000001	92250000	HAP1_chr01	HAP1_chr14	HAP1	HAP1	1	14	230445	207466	19888	418023	0.952424
chr01x14	92000001	92250000	HAP1_chr01	HAP2_chr14	HAP1	HAP2	1	14	230445	64512	1278	293679	0.995648
chr01x14	92000001	92250000	HAP1_chr14	HAP2_chr01	HAP1	HAP2	14	1	207466	232732	6358	433840	0.985345
chr01x14	92000001	92250000	HAP2_chr01	HAP2_chr14	HAP2	HAP2	1	14	232732	64512	5629	291615	0.980697
chr01x14	92250001	92500000	HAP1_chr01	HAP1_chr14	HAP1	HAP1	1	14	212741	230878	9301	434318	0.978585
chr01x14	92250001	92500000	HAP1_chr01	HAP2_chr14	HAP1	HAP2	1	14	212741	128895	3903	337733	0.988444
chr01x14	92250001	92500000	HAP1_chr14	HAP2_chr01	HAP1	HAP2	14	1	230878	224609	13157	442330	0.970255
chr01x14	92250001	92500000	HAP2_chr01	HAP2_chr14	HAP2	HAP2	1	14	224609	128895	5122	348382	0.985298
chr01x14	92500001	92750000	HAP1_chr01	HAP1_chr14	HAP1	HAP1	1	14	215787	215063	5798	425052	0.986359
chr01x14	92500001	92750000	HAP1_chr01	HAP2_chr14	HAP1	HAP2	1	14	215787	225403	14284	426906	0.966541
chr01x14	92500001	92750000	HAP1_chr14	HAP2_chr01	HAP1	HAP2	14	1	215063	220490	7783	427770	0.981806
chr01x14	92500001	92750000	HAP2_chr01	HAP2_chr14	HAP2	HAP2	1	14	220490	225403	4725	441168	0.989290
chr01x14	92750001	93000000	HAP1_chr01	HAP1_chr14	HAP1	HAP1	1	14	224710	219899	8304	436305	0.980967
chr01x14	92750001	93000000	HAP1_chr01	HAP2_chr14	HAP1	HAP2	1	14	224710	201277	7139	418848	0.982956
chr01x14	92750001	93000000	HAP1_chr14	HAP2_chr01	HAP1	HAP2	14	1	219899	231517	5892	445524	0.986775
chr01x14	92750001	93000000	HAP2_chr01	HAP2_chr14	HAP2	HAP2	1	14	231517	201277	6586	426208	0.984547
chr01x14	93000001	93250000	HAP1_chr01	HAP1_chr14	HAP1	HAP1	1	14	234226	13140	45	247321	0.999818
chr01x14	93000001	93250000	HAP1_chr01	HAP2_chr14	HAP1	HAP2	1	14	234226	158842	9631	383437	0.974882
chr01x14	93000001	93250000	HAP1_chr14	HAP2_chr01	HAP1	HAP2	14	1	13140	223935	57	237018	0.999760
chr01x14	93000001	93250000	HAP2_chr01	HAP2_chr14	HAP2	HAP2	1	14	223935	158842	8611	374166	0.976986
chr01x14	93250001	93500000	HAP1_chr01	HAP1_chr14	HAP1	HAP1	1	14	181442	95165	19696	256911	0.923335
chr01x14	93250001	93500000	HAP1_chr01	HAP2_chr14	HAP1	HAP2	1	14	181442	209926	10327	381041	0.972898
chr01x14	93250001	93500000	HAP1_chr14	HAP2_chr01	HAP1	HAP2	14	1	95165	205439	1359	299245	0.995459
chr01x14	93250001	93500000	HAP2_chr01	HAP2_chr14	HAP2	HAP2	1	14	205439	209926	3448	411917	0.991629
chr01x14	93500001	93750000	HAP1_chr01	HAP1_chr14	HAP1	HAP1	1	14	183445	57083	2740	237788	0.988477
chr01x14	93500001	93750000	HAP1_chr01	HAP2_chr14	HAP1	HAP2	1	14	183445	234169	5570	412044	0.986482
chr01x14	93500001	93750000	HAP1_chr14	HAP2_chr01	HAP1	HAP2	14	1	57083	215164	963	271284	0.996450
chr01x14	93500001	93750000	HAP2_chr01	HAP2_chr14	HAP2	HAP2	1	14	215164	234169	12728	436605	0.970848
chr01x14	93750001	94000000	HAP1_chr01	HAP1_chr14	HAP1	HAP1	1	14	176219	224626	9035	391810	0.976940
chr01x14	93750001	94000000	HAP1_chr01	HAP2_chr14	HAP1	HAP2	1	14	176219	220080	6033	390266	0.984541
chr01x14	93750001	94000000	HAP1_chr14	HAP2_chr01	HAP1	HAP2	14	1	224626	182609	5429	401806	0.986489
chr01x14	93750001	94000000	HAP2_chr01	HAP2_chr14	HAP2	HAP2	1	14	182609	220080	4891	397798	0.987705
chr01x14	94000001	94250000	HAP1_chr01	HAP1_chr14	HAP1	HAP1	1	14	143599	231447	12596	362450	0.965248
chr01x14	94000001	94250000	HAP1_chr01	HAP2_chr14	HAP1	HAP2	1	14	143599	213632	6922	350309	0.980240
chr01x14	94000001	94250000	HAP1_chr14	HAP2_chr01	HAP1	HAP2	14	1	231447	225715	9357	447805	0.979105
chr01x14	94000001	94250000	HAP2_chr01	HAP2_chr14	HAP2	HAP2	1	14	225715	213632	9197	430150	0.978619
chr01x14	94250001	94500000	HAP1_chr01	HAP1_chr14	HAP1	HAP1	1	14	195274	223217	3151	415340	0.992413
chr01x14	94250001	94500000	HAP1_chr01	HAP2_chr14	HAP1	HAP2	1	14	195274	223017	5354	412937	0.987034
chr01x14	94250001	94500000	HAP1_chr14	HAP2_chr01	HAP1	HAP2	14	1	223217	229363	11890	440690	0.973020
chr01x14	94250001	94500000	HAP2_chr01	HAP2_chr14	HAP2	HAP2	1	14	229363	223017	8586	443794	0.980653
chr01x14	94500001	94750000	HAP1_chr01	HAP1_chr14	HAP1	HAP1	1	14	221832	212125	6215	427742	0.985470
chr01x14	94500001	94750000	HAP1_chr01	HAP2_chr14	HAP1	HAP2	1	14	221832	222949	5966	438815	0.986404
chr01x14	94500001	94750000	HAP1_chr14	HAP2_chr01	HAP1	HAP2	14	1	212125	225930	15909	422146	0.962314
chr01x14	94500001	94750000	HAP2_chr01	HAP2_chr14	HAP2	HAP2	1	14	225930	222949	7052	441827	0.984039
chr01x14	94750001	95000000	HAP1_chr01	HAP1_chr14	HAP1	HAP1	1	14	216131	229910	6249	439792	0.985791
chr01x14	94750001	95000000	HAP1_chr01	HAP2_chr14	HAP1	HAP2	1	14	216131	225291	13389	428033	0.968720
chr01x14	94750001	95000000	HAP1_chr14	HAP2_chr01	HAP1	HAP2	14	1	229910	231566	5591	455885	0.987736
chr01x14	94750001	95000000	HAP2_chr01	HAP2_chr14	HAP2	HAP2	1	14	231566	225291	6791	450066	0.984911
chr01x14	95000001	95250000	HAP1_chr01	HAP1_chr14	HAP1	HAP1	1	14	220522	232382	3022	449882	0.993283
chr01x14	95000001	95250000	HAP1_chr01	HAP2_chr14	HAP1	HAP2	1	14	220522	217877	6651	431748	0.984595
chr01x14	95000001	95250000	HAP1_chr14	HAP2_chr01	HAP1	HAP2	14	1	232382	229975	2297	460060	0.995007
chr01x14	95000001	95250000	HAP2_chr01	HAP2_chr14	HAP2	HAP2	1	14	229975	217877	8336	439516	0.981034
chr01x14	95250001	95500000	HAP1_chr01	HAP1_chr14	HAP1	HAP1	1	14	226454	189685	5122	411017	0.987538
chr01x14	95250001	95500000	HAP1_chr01	HAP2_chr14	HAP1	HAP2	1	14	226454	221611	8802	439263	0.979962
chr01x14	95250001	95500000	HAP1_chr14	HAP2_chr01	HAP1	HAP2	14	1	189685	214484	13291	390878	0.965997
chr01x14	95250001	95500000	HAP2_chr01	HAP2_chr14	HAP2	HAP2	1	14	214484	221611	13641	422454	0.967710
chr01x14	95500001	95750000	HAP1_chr01	HAP1_chr14	HAP1	HAP1	1	14	225821	219853	6520	439154	0.985153
chr01x14	95500001	95750000	HAP1_chr01	HAP2_chr14	HAP1	HAP2	1	14	225821	231191	5822	451190	0.987096
chr01x14	95500001	95750000	HAP1_chr14	HAP2_chr01	HAP1	HAP2	14	1	219853	228572	6522	441903	0.985241
chr01x14	95500001	95750000	HAP2_chr01	HAP2_chr14	HAP2	HAP2	1	14	228572	231191	7012	452751	0.984512
chr01x14	95750001	96000000	HAP1_chr01	HAP1_chr14	HAP1	HAP1	1	14	222919	202461	7369	418011	0.982371
chr01x14	95750001	96000000	HAP1_chr01	HAP2_chr14	HAP1	HAP2	1	14	222919	219514	9335	433098	0.978446
chr01x14	95750001	96000000	HAP1_chr14	HAP2_chr01	HAP1	HAP2	14	1	202461	225592	6665	421388	0.984183
chr01x14	95750001	96000000	HAP2_chr01	HAP2_chr14	HAP2	HAP2	1	14	225592	219514	10189	434917	0.976573
chr01x14	96000001	96250000	HAP1_chr01	HAP1_chr14	HAP1	HAP1	1	14	228945	217674	14211	432408	0.967135
chr01x14	96000001	96250000	HAP1_chr01	HAP2_chr14	HAP1	HAP2	1	14	228945	224505	10851	442599	0.975483
chr01x14	96000001	96250000	HAP1_chr14	HAP2_chr01	HAP1	HAP2	14	1	217674	221191	7705	431160	0.982130
chr01x14	96000001	96250000	HAP2_chr01	HAP2_chr14	HAP2	HAP2	1	14	221191	224505	6230	439466	0.985824
chr01x14	96250001	96500000	HAP1_chr01	HAP1_chr14	HAP1	HAP1	1	14	221065	199186	8207	412044	0.980082
chr01x14	96250001	96500000	HAP1_chr01	HAP2_chr14	HAP1	HAP2	1	14	221065	225849	8415	438499	0.980810
chr01x14	96250001	96500000	HAP1_chr14	HAP2_chr01	HAP1	HAP2	14	1	199186	210927	9868	400245	0.975345
chr01x14	96250001	96500000	HAP2_chr01	HAP2_chr14	HAP2	HAP2	1	14	210927	225849	10079	426697	0.976379
chr01x14	96500001	96750000	HAP1_chr01	HAP1_chr14	HAP1	HAP1	1	14	221675	172966	5852	388789	0.984948
chr01x14	96500001	96750000	HAP1_chr01	HAP2_chr14	HAP1	HAP2	1	14	221675	223863	13991	431547	0.967579
chr01x14	96500001	96750000	HAP1_chr14	HAP2_chr01	HAP1	HAP2	14	1	172966	215104	9412	378658	0.975144
chr01x14	96500001	96750000	HAP2_chr01	HAP2_chr14	HAP2	HAP2	1	14	215104	223863	8011	430956	0.981411
chr01x14	96750001	97000000	HAP1_chr01	HAP1_chr14	HAP1	HAP1	1	14	233910	212398	14590	431718	0.966205
chr01x14	96750001	97000000	HAP1_chr01	HAP2_chr14	HAP1	HAP2	1	14	233910	221902	16624	439188	0.962148
chr01x14	96750001	97000000	HAP1_chr14	HAP2_chr01	HAP1	HAP2	14	1	212398	206693	8467	410624	0.979380
chr01x14	96750001	97000000	HAP2_chr01	HAP2_chr14	HAP2	HAP2	1	14	206693	221902	4697	423898	0.988920
chr01x14	97000001	97250000	HAP1_chr01	HAP1_chr14	HAP1	HAP1	1	14	231362	218759	12592	437529	0.971220
chr01x14	97000001	97250000	HAP1_chr01	HAP2_chr14	HAP1	HAP2	1	14	231362	221973	7028	446307	0.984253
chr01x14	97000001	97250000	HAP1_chr14	HAP2_chr01	HAP1	HAP2	14	1	218759	211314	9642	420431	0.977066
chr01x14	97000001	97250000	HAP2_chr01	HAP2_chr14	HAP2	HAP2	1	14	211314	221973	5574	427713	0.986968
chr01x14	97250001	97500000	HAP1_chr01	HAP1_chr14	HAP1	HAP1	1	14	229014	195424	6348	418090	0.984817
chr01x14	97250001	97500000	HAP1_chr01	HAP2_chr14	HAP1	HAP2	1	14	229014	203833	12143	420704	0.971136
chr01x14	97250001	97500000	HAP1_chr14	HAP2_chr01	HAP1	HAP2	14	1	195424	185351	4640	376135	0.987664
chr01x14	97250001	97500000	HAP2_chr01	HAP2_chr14	HAP2	HAP2	1	14	185351	203833	6935	382249	0.981857
chr01x14	97500001	97750000	HAP1_chr01	HAP1_chr14	HAP1	HAP1	1	14	149088	221788	4735	366141	0.987068
chr01x14	97500001	97750000	HAP1_chr01	HAP2_chr14	HAP1	HAP2	1	14	149088	217076	6990	359174	0.980539
chr01x14	97500001	97750000	HAP1_chr14	HAP2_chr01	HAP1	HAP2	14	1	221788	203948	12891	412845	0.968775
chr01x14	97500001	97750000	HAP2_chr01	HAP2_chr14	HAP2	HAP2	1	14	203948	217076	11969	409055	0.970740
chr01x14	97750001	98000000	HAP1_chr01	HAP1_chr14	HAP1	HAP1	1	14	217913	224583	15683	426813	0.963256
chr01x14	97750001	98000000	HAP1_chr01	HAP2_chr14	HAP1	HAP2	1	14	217913	222290	12951	427252	0.969688
chr01x14	97750001	98000000	HAP1_chr14	HAP2_chr01	HAP1	HAP2	14	1	224583	201685	5876	420392	0.986023
chr01x14	97750001	98000000	HAP2_chr01	HAP2_chr14	HAP2	HAP2	1	14	201685	222290	6104	417871	0.985393
chr01x14	98000001	98250000	HAP1_chr01	HAP1_chr14	HAP1	HAP1	1	14	227636	216700	8969	435367	0.979399
chr01x14	98000001	98250000	HAP1_chr01	HAP2_chr14	HAP1	HAP2	1	14	227636	206963	17578	417021	0.957849
chr01x14	98000001	98250000	HAP1_chr14	HAP2_chr01	HAP1	HAP2	14	1	216700	228874	8593	436981	0.980336
chr01x14	98000001	98250000	HAP2_chr01	HAP2_chr14	HAP2	HAP2	1	14	228874	206963	6447	429390	0.984986
chr01x14	98250001	98500000	HAP1_chr01	HAP1_chr14	HAP1	HAP1	1	14	226626	215206	9271	432561	0.978567
chr01x14	98250001	98500000	HAP1_chr01	HAP2_chr14	HAP1	HAP2	1	14	226626	222323	12507	436442	0.971343
chr01x14	98250001	98500000	HAP1_chr14	HAP2_chr01	HAP1	HAP2	14	1	215206	226412	6574	435044	0.984889
chr01x14	98250001	98500000	HAP2_chr01	HAP2_chr14	HAP2	HAP2	1	14	226412	222323	8359	440376	0.981018
chr01x14	98500001	98750000	HAP1_chr01	HAP1_chr14	HAP1	HAP1	1	14	229294	223275	9293	443276	0.979036
chr01x14	98500001	98750000	HAP1_chr01	HAP2_chr14	HAP1	HAP2	1	14	229294	226043	9639	445698	0.978373
chr01x14	98500001	98750000	HAP1_chr14	HAP2_chr01	HAP1	HAP2	14	1	223275	229916	6155	447036	0.986232
chr01x14	98500001	98750000	HAP2_chr01	HAP2_chr14	HAP2	HAP2	1	14	229916	226043	5858	450101	0.986985
chr01x14	98750001	99000000	HAP1_chr01	HAP1_chr14	HAP1	HAP1	1	14	227104	162699	4408	385395	0.988562
chr01x14	98750001	99000000	HAP1_chr01	HAP2_chr14	HAP1	HAP2	1	14	227104	211742	4178	434668	0.990388
chr01x14	98750001	99000000	HAP1_chr14	HAP2_chr01	HAP1	HAP2	14	1	162699	234000	5499	391200	0.985943
chr01x14	98750001	99000000	HAP2_chr01	HAP2_chr14	HAP2	HAP2	1	14	234000	211742	10923	434819	0.974879
chr01x14	99000001	99250000	HAP1_chr01	HAP1_chr14	HAP1	HAP1	1	14	210955	206565	12919	404601	0.968070
chr01x14	99000001	99250000	HAP1_chr01	HAP2_chr14	HAP1	HAP2	1	14	210955	223632	10287	424300	0.975755
chr01x14	99000001	99250000	HAP1_chr14	HAP2_chr01	HAP1	HAP2	14	1	206565	224292	6759	424098	0.984063
chr01x14	99000001	99250000	HAP2_chr01	HAP2_chr14	HAP2	HAP2	1	14	224292	223632	6033	441891	0.986347
chr01x14	99250001	99500000	HAP1_chr01	HAP1_chr14	HAP1	HAP1	1	14	212952	224702	19728	417926	0.952795
chr01x14	99250001	99500000	HAP1_chr01	HAP2_chr14	HAP1	HAP2	1	14	212952	217742	13671	417023	0.967218
chr01x14	99250001	99500000	HAP1_chr14	HAP2_chr01	HAP1	HAP2	14	1	224702	194086	5063	413725	0.987762
chr01x14	99250001	99500000	HAP2_chr01	HAP2_chr14	HAP2	HAP2	1	14	194086	217742	7637	404191	0.981105
chr01x14	99500001	99750000	HAP1_chr01	HAP1_chr14	HAP1	HAP1	1	14	217465	221230	9283	429412	0.978382
chr01x14	99500001	99750000	HAP1_chr01	HAP2_chr14	HAP1	HAP2	1	14	217465	204828	11588	410705	0.971785
chr01x14	99500001	99750000	HAP1_chr14	HAP2_chr01	HAP1	HAP2	14	1	221230	185246	13394	393082	0.965926
chr01x14	99500001	99750000	HAP2_chr01	HAP2_chr14	HAP2	HAP2	1	14	185246	204828	13391	376683	0.964450
chr01x14	99750001	100000000	HAP1_chr01	HAP1_chr14	HAP1	HAP1	1	14	227835	221526	8836	440525	0.979942
chr01x14	99750001	100000000	HAP1_chr01	HAP2_chr14	HAP1	HAP2	1	14	227835	222370	9216	440989	0.979102
chr01x14	99750001	100000000	HAP1_chr14	HAP2_chr01	HAP1	HAP2	14	1	221526	167158	21601	367083	0.941155
chr01x14	99750001	100000000	HAP2_chr01	HAP2_chr14	HAP2	HAP2	1	14	167158	222370	12867	376661	0.965839
chr01x14	100000001	100250000	HAP1_chr01	HAP1_chr14	HAP1	HAP1	1	14	224492	203381	13829	414044	0.966600
chr01x14	100000001	100250000	HAP1_chr01	HAP2_chr14	HAP1	HAP2	1	14	224492	229303	6968	446827	0.984406
chr01x14	100000001	100250000	HAP1_chr14	HAP2_chr01	HAP1	HAP2	14	1	203381	153574	9937	347018	0.971365
chr01x14	100000001	100250000	HAP2_chr01	HAP2_chr14	HAP2	HAP2	1	14	153574	229303	10840	372037	0.970863
chr01x14	100250001	100500000	HAP1_chr01	HAP1_chr14	HAP1	HAP1	1	14	225018	231299	4984	451333	0.988957
chr01x14	100250001	100500000	HAP1_chr01	HAP2_chr14	HAP1	HAP2	1	14	225018	192275	7571	409722	0.981522
chr01x14	100250001	100500000	HAP1_chr14	HAP2_chr01	HAP1	HAP2	14	1	231299	218685	12047	437937	0.972491
chr01x14	100250001	100500000	HAP2_chr01	HAP2_chr14	HAP2	HAP2	1	14	218685	192275	10593	400367	0.973542
chr01x14	100500001	100750000	HAP1_chr01	HAP1_chr14	HAP1	HAP1	1	14	216815	216755	11649	421921	0.972391
chr01x14	100500001	100750000	HAP1_chr01	HAP2_chr14	HAP1	HAP2	1	14	216815	228936	11443	434308	0.973652
chr01x14	100500001	100750000	HAP1_chr14	HAP2_chr01	HAP1	HAP2	14	1	216755	212836	20310	409281	0.950376
chr01x14	100500001	100750000	HAP2_chr01	HAP2_chr14	HAP2	HAP2	1	14	212836	228936	6467	435305	0.985144
chr01x14	100750001	101000000	HAP1_chr01	HAP1_chr14	HAP1	HAP1	1	14	228531	213991	9006	433516	0.979226
chr01x14	100750001	101000000	HAP1_chr01	HAP2_chr14	HAP1	HAP2	1	14	228531	226206	16901	437836	0.961399
chr01x14	100750001	101000000	HAP1_chr14	HAP2_chr01	HAP1	HAP2	14	1	213991	169719	21122	362588	0.941747
chr01x14	100750001	101000000	HAP2_chr01	HAP2_chr14	HAP2	HAP2	1	14	169719	226206	14675	381250	0.961508
chr01x14	101000001	101250000	HAP1_chr01	HAP1_chr14	HAP1	HAP1	1	14	219430	212493	11072	420851	0.973691
chr01x14	101000001	101250000	HAP1_chr01	HAP2_chr14	HAP1	HAP2	1	14	219430	228945	8347	440028	0.981031
chr01x14	101000001	101250000	HAP1_chr14	HAP2_chr01	HAP1	HAP2	14	1	212493	230913	10970	432436	0.974632
chr01x14	101000001	101250000	HAP2_chr01	HAP2_chr14	HAP2	HAP2	1	14	230913	228945	11308	448550	0.974790
chr01x14	101250001	101500000	HAP1_chr01	HAP1_chr14	HAP1	HAP1	1	14	225776	221542	15919	431399	0.963099
chr01x14	101250001	101500000	HAP1_chr01	HAP2_chr14	HAP1	HAP2	1	14	225776	187919	9618	404077	0.976198
chr01x14	101250001	101500000	HAP1_chr14	HAP2_chr01	HAP1	HAP2	14	1	221542	216493	6651	431384	0.984582
chr01x14	101250001	101500000	HAP2_chr01	HAP2_chr14	HAP2	HAP2	1	14	216493	187919	14656	389756	0.962397
chr01x14	101500001	101750000	HAP1_chr01	HAP1_chr14	HAP1	HAP1	1	14	211292	220547	10746	421093	0.974481
chr01x14	101500001	101750000	HAP1_chr01	HAP2_chr14	HAP1	HAP2	1	14	211292	214447	12268	413471	0.970329
chr01x14	101500001	101750000	HAP1_chr14	HAP2_chr01	HAP1	HAP2	14	1	220547	225936	9601	436882	0.978024
chr01x14	101500001	101750000	HAP2_chr01	HAP2_chr14	HAP2	HAP2	1	14	225936	214447	10125	430258	0.976468
chr01x14	101750001	102000000	HAP1_chr01	HAP1_chr14	HAP1	HAP1	1	14	220576	230264	3393	447447	0.992417
chr01x14	101750001	102000000	HAP1_chr01	HAP2_chr14	HAP1	HAP2	1	14	220576	231060	5311	446325	0.988101
chr01x14	101750001	102000000	HAP1_chr14	HAP2_chr01	HAP1	HAP2	14	1	230264	220859	6430	444693	0.985541
chr01x14	101750001	102000000	HAP2_chr01	HAP2_chr14	HAP2	HAP2	1	14	220859	231060	9725	442194	0.978007
chr01x14	102000001	102250000	HAP1_chr01	HAP1_chr14	HAP1	HAP1	1	14	223538	207131	8285	422384	0.980385
chr01x14	102000001	102250000	HAP1_chr01	HAP2_chr14	HAP1	HAP2	1	14	223538	227972	6483	445027	0.985432
chr01x14	102000001	102250000	HAP1_chr14	HAP2_chr01	HAP1	HAP2	14	1	207131	227105	14092	420144	0.966459
chr01x14	102000001	102250000	HAP2_chr01	HAP2_chr14	HAP2	HAP2	1	14	227105	227972	14033	441044	0.968182
chr01x14	102250001	102500000	HAP1_chr01	HAP1_chr14	HAP1	HAP1	1	14	177006	224378	9293	392091	0.976299
chr01x14	102250001	102500000	HAP1_chr01	HAP2_chr14	HAP1	HAP2	1	14	177006	224104	11827	389283	0.969619
chr01x14	102250001	102500000	HAP1_chr14	HAP2_chr01	HAP1	HAP2	14	1	224378	228018	11309	441087	0.974361
chr01x14	102250001	102500000	HAP2_chr01	HAP2_chr14	HAP2	HAP2	1	14	228018	224104	10434	441688	0.976377
chr01x14	102500001	102750000	HAP1_chr01	HAP1_chr14	HAP1	HAP1	1	14	198061	225428	10325	413164	0.975010
chr01x14	102500001	102750000	HAP1_chr01	HAP2_chr14	HAP1	HAP2	1	14	198061	221511	12794	406778	0.968548
chr01x14	102500001	102750000	HAP1_chr14	HAP2_chr01	HAP1	HAP2	14	1	225428	219428	13563	431293	0.968553
chr01x14	102500001	102750000	HAP2_chr01	HAP2_chr14	HAP2	HAP2	1	14	219428	221511	6237	434702	0.985652
chr01x14	102750001	103000000	HAP1_chr01	HAP1_chr14	HAP1	HAP1	1	14	211951	214833	11479	415305	0.972360
chr01x14	102750001	103000000	HAP1_chr01	HAP2_chr14	HAP1	HAP2	1	14	211951	215167	16043	411075	0.960973
chr01x14	102750001	103000000	HAP1_chr14	HAP2_chr01	HAP1	HAP2	14	1	214833	135970	8094	342709	0.976382
chr01x14	102750001	103000000	HAP2_chr01	HAP2_chr14	HAP2	HAP2	1	14	135970	215167	6341	344796	0.981609
chr01x14	103000001	103250000	HAP1_chr01	HAP1_chr14	HAP1	HAP1	1	14	215318	213881	11800	417399	0.971730
chr01x14	103000001	103250000	HAP1_chr01	HAP2_chr14	HAP1	HAP2	1	14	215318	216659	11982	419995	0.971471
chr01x14	103000001	103250000	HAP1_chr14	HAP2_chr01	HAP1	HAP2	14	1	213881	216318	14097	416102	0.966121
chr01x14	103000001	103250000	HAP2_chr01	HAP2_chr14	HAP2	HAP2	1	14	216318	216659	12730	420247	0.969708
chr01x14	103250001	103500000	HAP1_chr01	HAP1_chr14	HAP1	HAP1	1	14	215624	210307	12543	413388	0.969658
chr01x14	103250001	103500000	HAP1_chr01	HAP2_chr14	HAP1	HAP2	1	14	215624	225603	8218	433009	0.981021
chr01x14	103250001	103500000	HAP1_chr14	HAP2_chr01	HAP1	HAP2	14	1	210307	230361	6751	433917	0.984442
chr01x14	103250001	103500000	HAP2_chr01	HAP2_chr14	HAP2	HAP2	1	14	230361	225603	8374	447590	0.981291
chr01x14	103500001	103750000	HAP1_chr01	HAP1_chr14	HAP1	HAP1	1	14	203354	235755	9536	429573	0.977801
chr01x14	103500001	103750000	HAP1_chr01	HAP2_chr14	HAP1	HAP2	1	14	203354	220723	12156	411921	0.970489
chr01x14	103500001	103750000	HAP1_chr14	HAP2_chr01	HAP1	HAP2	14	1	235755	213893	8466	441182	0.980811
chr01x14	103500001	103750000	HAP2_chr01	HAP2_chr14	HAP2	HAP2	1	14	213893	220723	8246	426370	0.980660
chr01x14	103750001	104000000	HAP1_chr01	HAP1_chr14	HAP1	HAP1	1	14	227250	229917	10797	446370	0.975812
chr01x14	103750001	104000000	HAP1_chr01	HAP2_chr14	HAP1	HAP2	1	14	227250	225827	11188	441889	0.974681
chr01x14	103750001	104000000	HAP1_chr14	HAP2_chr01	HAP1	HAP2	14	1	229917	218490	12140	436267	0.972173
chr01x14	103750001	104000000	HAP2_chr01	HAP2_chr14	HAP2	HAP2	1	14	218490	225827	13712	430605	0.968156
chr01x14	104000001	104250000	HAP1_chr01	HAP1_chr14	HAP1	HAP1	1	14	213214	223090	13322	422982	0.968505
chr01x14	104000001	104250000	HAP1_chr01	HAP2_chr14	HAP1	HAP2	1	14	213214	177705	10384	380535	0.972712
chr01x14	104000001	104250000	HAP1_chr14	HAP2_chr01	HAP1	HAP2	14	1	223090	221010	10702	433398	0.975307
chr01x14	104000001	104250000	HAP2_chr01	HAP2_chr14	HAP2	HAP2	1	14	221010	177705	11645	387070	0.969915
chr01x14	104250001	104500000	HAP1_chr01	HAP1_chr14	HAP1	HAP1	1	14	226880	226629	10282	443227	0.976802
chr01x14	104250001	104500000	HAP1_chr01	HAP2_chr14	HAP1	HAP2	1	14	226880	230168	12326	444722	0.972284
chr01x14	104250001	104500000	HAP1_chr14	HAP2_chr01	HAP1	HAP2	14	1	226629	220821	16241	431209	0.962336
chr01x14	104250001	104500000	HAP2_chr01	HAP2_chr14	HAP2	HAP2	1	14	220821	230168	20077	430912	0.953408
chr01x14	104500001	104750000	HAP1_chr01	HAP1_chr14	HAP1	HAP1	1	14	219275	234820	6467	447628	0.985553
chr01x14	104500001	104750000	HAP1_chr01	HAP2_chr14	HAP1	HAP2	1	14	219275	218870	8011	430134	0.981376
chr01x14	104500001	104750000	HAP1_chr14	HAP2_chr01	HAP1	HAP2	14	1	234820	203164	11361	426623	0.973370
chr01x14	104500001	104750000	HAP2_chr01	HAP2_chr14	HAP2	HAP2	1	14	203164	218870	19975	402059	0.950318
chr01x14	104750001	105000000	HAP1_chr01	HAP1_chr14	HAP1	HAP1	1	14	225494	227784	8830	444448	0.980133
chr01x14	104750001	105000000	HAP1_chr01	HAP2_chr14	HAP1	HAP2	1	14	225494	231453	9573	447374	0.978602
chr01x14	104750001	105000000	HAP1_chr14	HAP2_chr01	HAP1	HAP2	14	1	227784	229458	8429	448813	0.981219
chr01x14	104750001	105000000	HAP2_chr01	HAP2_chr14	HAP2	HAP2	1	14	229458	231453	10718	450193	0.976192
chr01x14	105000001	105250000	HAP1_chr01	HAP1_chr14	HAP1	HAP1	1	14	212953	223031	13886	422098	0.967102
chr01x14	105000001	105250000	HAP1_chr01	HAP2_chr14	HAP1	HAP2	1	14	212953	204943	8058	409838	0.980339
chr01x14	105000001	105250000	HAP1_chr14	HAP2_chr01	HAP1	HAP2	14	1	223031	214663	13890	423804	0.967225
chr01x14	105000001	105250000	HAP2_chr01	HAP2_chr14	HAP2	HAP2	1	14	214663	204943	17636	401970	0.956126
chr01x14	105250001	105500000	HAP1_chr01	HAP1_chr14	HAP1	HAP1	1	14	220824	216598	12905	424517	0.969601
chr01x14	105250001	105500000	HAP1_chr01	HAP2_chr14	HAP1	HAP2	1	14	220824	216832	7056	430600	0.983614
chr01x14	105250001	105500000	HAP1_chr14	HAP2_chr01	HAP1	HAP2	14	1	216598	214513	22367	408744	0.945279
chr01x14	105250001	105500000	HAP2_chr01	HAP2_chr14	HAP2	HAP2	1	14	214513	216832	16741	414604	0.959622
chr01x14	105500001	105750000	HAP1_chr01	HAP1_chr14	HAP1	HAP1	1	14	220264	221946	7579	434631	0.982562
chr01x14	105500001	105750000	HAP1_chr01	HAP2_chr14	HAP1	HAP2	1	14	220264	230681	9440	441505	0.978619
chr01x14	105500001	105750000	HAP1_chr14	HAP2_chr01	HAP1	HAP2	14	1	221946	194428	11147	405227	0.972492
chr01x14	105500001	105750000	HAP2_chr01	HAP2_chr14	HAP2	HAP2	1	14	194428	230681	7682	417427	0.981597
chr01x14	105750001	106000000	HAP1_chr01	HAP1_chr14	HAP1	HAP1	1	14	232152	214983	8100	439035	0.981550
chr01x14	105750001	106000000	HAP1_chr01	HAP2_chr14	HAP1	HAP2	1	14	232152	230406	17418	445140	0.960871
chr01x14	105750001	106000000	HAP1_chr14	HAP2_chr01	HAP1	HAP2	14	1	214983	219170	10291	423862	0.975721
chr01x14	105750001	106000000	HAP2_chr01	HAP2_chr14	HAP2	HAP2	1	14	219170	230406	11332	438244	0.974142
chr01x14	106000001	106250000	HAP1_chr01	HAP1_chr14	HAP1	HAP1	1	14	169874	213795	13330	370339	0.964006
chr01x14	106000001	106250000	HAP1_chr01	HAP2_chr14	HAP1	HAP2	1	14	169874	232057	6952	394979	0.982399
chr01x14	106000001	106250000	HAP1_chr14	HAP2_chr01	HAP1	HAP2	14	1	213795	227712	15709	425798	0.963107
chr01x14	106000001	106250000	HAP2_chr01	HAP2_chr14	HAP2	HAP2	1	14	227712	232057	13526	446243	0.969689
chr01x14	106250001	106500000	HAP1_chr01	HAP1_chr14	HAP1	HAP1	1	14	233197	220957	16814	437340	0.961554
chr01x14	106250001	106500000	HAP1_chr01	HAP2_chr14	HAP1	HAP2	1	14	233197	227922	6751	454368	0.985142
chr01x14	106250001	106500000	HAP1_chr14	HAP2_chr01	HAP1	HAP2	14	1	220957	223266	6978	437245	0.984041
chr01x14	106250001	106500000	HAP2_chr01	HAP2_chr14	HAP2	HAP2	1	14	223266	227922	4438	446750	0.990066
chr01x14	106500001	106750000	HAP1_chr01	HAP1_chr14	HAP1	HAP1	1	14	212814	218775	21829	409760	0.946727
chr01x14	106500001	106750000	HAP1_chr01	HAP2_chr14	HAP1	HAP2	1	14	212814	227622	11780	428656	0.972519
chr01x14	106500001	106750000	HAP1_chr14	HAP2_chr01	HAP1	HAP2	14	1	218775	217234	16636	419373	0.960331
chr01x14	106500001	106750000	HAP2_chr01	HAP2_chr14	HAP2	HAP2	1	14	217234	227622	11037	433819	0.974559
chr01x14	106750001	107000000	HAP1_chr01	HAP1_chr14	HAP1	HAP1	1	14	221909	204159	6846	419222	0.983670
chr01x14	106750001	107000000	HAP1_chr01	HAP2_chr14	HAP1	HAP2	1	14	221909	201301	9371	413839	0.977356
chr01x14	106750001	107000000	HAP1_chr14	HAP2_chr01	HAP1	HAP2	14	1	204159	220872	4158	420873	0.990121
chr01x14	106750001	107000000	HAP2_chr01	HAP2_chr14	HAP2	HAP2	1	14	220872	201301	10643	411530	0.974138
chr01x14	107000001	107250000	HAP1_chr01	HAP1_chr14	HAP1	HAP1	1	14	227541	217977	14227	431291	0.967013
chr01x14	107000001	107250000	HAP1_chr01	HAP2_chr14	HAP1	HAP2	1	14	227541	214513	7789	434265	0.982064
chr01x14	107000001	107250000	HAP1_chr14	HAP2_chr01	HAP1	HAP2	14	1	217977	213872	16914	414935	0.959237
chr01x14	107000001	107250000	HAP2_chr01	HAP2_chr14	HAP2	HAP2	1	14	213872	214513	11958	416427	0.971284
chr01x14	107250001	107500000	HAP1_chr01	HAP1_chr14	HAP1	HAP1	1	14	229481	226667	13957	442191	0.968437
chr01x14	107250001	107500000	HAP1_chr01	HAP2_chr14	HAP1	HAP2	1	14	229481	214319	9309	434491	0.978575
chr01x14	107250001	107500000	HAP1_chr14	HAP2_chr01	HAP1	HAP2	14	1	226667	223741	9041	441367	0.979516
chr01x14	107250001	107500000	HAP2_chr01	HAP2_chr14	HAP2	HAP2	1	14	223741	214319	9010	429050	0.979000
chr01x14	107500001	107750000	HAP1_chr01	HAP1_chr14	HAP1	HAP1	1	14	227383	191919	12136	407166	0.970194
chr01x14	107500001	107750000	HAP1_chr01	HAP2_chr14	HAP1	HAP2	1	14	227383	212271	10760	428894	0.974912
chr01x14	107500001	107750000	HAP1_chr14	HAP2_chr01	HAP1	HAP2	14	1	191919	219894	9805	402008	0.975610
chr01x14	107500001	107750000	HAP2_chr01	HAP2_chr14	HAP2	HAP2	1	14	219894	212271	8389	423776	0.980204
chr01x14	107750001	108000000	HAP1_chr01	HAP1_chr14	HAP1	HAP1	1	14	206480	187069	10037	383512	0.973829
chr01x14	107750001	108000000	HAP1_chr01	HAP2_chr14	HAP1	HAP2	1	14	206480	211500	12041	405939	0.970338
chr01x14	107750001	108000000	HAP1_chr14	HAP2_chr01	HAP1	HAP2	14	1	187069	217004	12714	391359	0.967513
chr01x14	107750001	108000000	HAP2_chr01	HAP2_chr14	HAP2	HAP2	1	14	217004	211500	8614	419890	0.979485
chr01x14	108000001	108250000	HAP1_chr01	HAP1_chr14	HAP1	HAP1	1	14	212651	201946	13174	401423	0.967182
chr01x14	108000001	108250000	HAP1_chr01	HAP2_chr14	HAP1	HAP2	1	14	212651	224541	22823	414369	0.944921
chr01x14	108000001	108250000	HAP1_chr14	HAP2_chr01	HAP1	HAP2	14	1	201946	186046	10836	377156	0.971269
chr01x14	108000001	108250000	HAP2_chr01	HAP2_chr14	HAP2	HAP2	1	14	186046	224541	13060	397527	0.967147
chr01x14	108250001	108500000	HAP1_chr01	HAP1_chr14	HAP1	HAP1	1	14	220752	221519	8475	433796	0.980463
chr01x14	108250001	108500000	HAP1_chr01	HAP2_chr14	HAP1	HAP2	1	14	220752	214496	7688	427560	0.982019
chr01x14	108250001	108500000	HAP1_chr14	HAP2_chr01	HAP1	HAP2	14	1	221519	228677	6821	443375	0.984616
chr01x14	108250001	108500000	HAP2_chr01	HAP2_chr14	HAP2	HAP2	1	14	228677	214496	15161	428012	0.964578
chr01x14	108500001	108750000	HAP1_chr01	HAP1_chr14	HAP1	HAP1	1	14	193274	205074	15377	382971	0.959848
chr01x14	108500001	108750000	HAP1_chr01	HAP2_chr14	HAP1	HAP2	1	14	193274	226348	10075	409547	0.975400
chr01x14	108500001	108750000	HAP1_chr14	HAP2_chr01	HAP1	HAP2	14	1	205074	220377	10581	414870	0.974496
chr01x14	108500001	108750000	HAP2_chr01	HAP2_chr14	HAP2	HAP2	1	14	220377	226348	14893	431832	0.965512
chr01x14	108750001	109000000	HAP1_chr01	HAP1_chr14	HAP1	HAP1	1	14	193992	225889	6792	413089	0.983558
chr01x14	108750001	109000000	HAP1_chr01	HAP2_chr14	HAP1	HAP2	1	14	193992	219420	13718	399694	0.965679
chr01x14	108750001	109000000	HAP1_chr14	HAP2_chr01	HAP1	HAP2	14	1	225889	217123	3984	439028	0.990925
chr01x14	108750001	109000000	HAP2_chr01	HAP2_chr14	HAP2	HAP2	1	14	217123	219420	14369	422174	0.965964
chr01x14	109000001	109250000	HAP1_chr01	HAP1_chr14	HAP1	HAP1	1	14	213095	231986	14239	430842	0.966951
chr01x14	109000001	109250000	HAP1_chr01	HAP2_chr14	HAP1	HAP2	1	14	213095	217233	13378	416950	0.967915
chr01x14	109000001	109250000	HAP1_chr14	HAP2_chr01	HAP1	HAP2	14	1	231986	228250	7170	453066	0.984174
chr01x14	109000001	109250000	HAP2_chr01	HAP2_chr14	HAP2	HAP2	1	14	228250	217233	7511	437972	0.982851
chr01x14	109250001	109500000	HAP1_chr01	HAP1_chr14	HAP1	HAP1	1	14	227136	229031	15436	440731	0.964976
chr01x14	109250001	109500000	HAP1_chr01	HAP2_chr14	HAP1	HAP2	1	14	227136	217029	9908	434257	0.977184
chr01x14	109250001	109500000	HAP1_chr14	HAP2_chr01	HAP1	HAP2	14	1	229031	235455	9287	455199	0.979598
chr01x14	109250001	109500000	HAP2_chr01	HAP2_chr14	HAP2	HAP2	1	14	235455	217029	7436	445048	0.983292
chr01x14	109500001	109750000	HAP1_chr01	HAP1_chr14	HAP1	HAP1	1	14	221947	236318	13279	444986	0.970159
chr01x14	109500001	109750000	HAP1_chr01	HAP2_chr14	HAP1	HAP2	1	14	221947	221051	10449	432549	0.975843
chr01x14	109500001	109750000	HAP1_chr14	HAP2_chr01	HAP1	HAP2	14	1	236318	230733	9083	457968	0.980167
chr01x14	109500001	109750000	HAP2_chr01	HAP2_chr14	HAP2	HAP2	1	14	230733	221051	8954	442830	0.979780
chr01x14	109750001	110000000	HAP1_chr01	HAP1_chr14	HAP1	HAP1	1	14	225149	215817	13207	427759	0.969125
chr01x14	109750001	110000000	HAP1_chr01	HAP2_chr14	HAP1	HAP2	1	14	225149	195426	10885	409690	0.973431
chr01x14	109750001	110000000	HAP1_chr14	HAP2_chr01	HAP1	HAP2	14	1	215817	222269	14799	423287	0.965038
chr01x14	109750001	110000000	HAP2_chr01	HAP2_chr14	HAP2	HAP2	1	14	222269	195426	13133	404562	0.967538
chr01x14	110000001	110250000	HAP1_chr01	HAP1_chr14	HAP1	HAP1	1	14	229407	233860	8127	455140	0.982144
chr01x14	110000001	110250000	HAP1_chr01	HAP2_chr14	HAP1	HAP2	1	14	229407	223896	11048	442255	0.975019
chr01x14	110000001	110250000	HAP1_chr14	HAP2_chr01	HAP1	HAP2	14	1	233860	220573	18250	436183	0.958160
chr01x14	110000001	110250000	HAP2_chr01	HAP2_chr14	HAP2	HAP2	1	14	220573	223896	9227	435242	0.978800
chr01x14	110250001	110500000	HAP1_chr01	HAP1_chr14	HAP1	HAP1	1	14	226588	216711	10606	432693	0.975488
chr01x14	110250001	110500000	HAP1_chr01	HAP2_chr14	HAP1	HAP2	1	14	226588	216483	14472	428599	0.966234
chr01x14	110250001	110500000	HAP1_chr14	HAP2_chr01	HAP1	HAP2	14	1	216711	218555	12976	422290	0.969272
chr01x14	110250001	110500000	HAP2_chr01	HAP2_chr14	HAP2	HAP2	1	14	218555	216483	18242	416796	0.956233
chr01x14	110500001	110750000	HAP1_chr01	HAP1_chr14	HAP1	HAP1	1	14	216666	207021	23061	400626	0.942438
chr01x14	110500001	110750000	HAP1_chr01	HAP2_chr14	HAP1	HAP2	1	14	216666	222601	12925	426342	0.969684
chr01x14	110500001	110750000	HAP1_chr14	HAP2_chr01	HAP1	HAP2	14	1	207021	226687	12808	420900	0.969570
chr01x14	110500001	110750000	HAP2_chr01	HAP2_chr14	HAP2	HAP2	1	14	226687	222601	13229	436059	0.969662
chr01x14	110750001	111000000	HAP1_chr01	HAP1_chr14	HAP1	HAP1	1	14	211144	216499	11231	416412	0.973029
chr01x14	110750001	111000000	HAP1_chr01	HAP2_chr14	HAP1	HAP2	1	14	211144	210649	11903	409890	0.970961
chr01x14	110750001	111000000	HAP1_chr14	HAP2_chr01	HAP1	HAP2	14	1	216499	211634	16918	411215	0.958859
chr01x14	110750001	111000000	HAP2_chr01	HAP2_chr14	HAP2	HAP2	1	14	211634	210649	15883	406400	0.960918
chr01x14	111000001	111250000	HAP1_chr01	HAP1_chr14	HAP1	HAP1	1	14	220300	222046	14021	428325	0.967266
chr01x14	111000001	111250000	HAP1_chr01	HAP2_chr14	HAP1	HAP2	1	14	220300	214709	11730	423279	0.972288
chr01x14	111000001	111250000	HAP1_chr14	HAP2_chr01	HAP1	HAP2	14	1	222046	218603	17850	422799	0.957781
chr01x14	111000001	111250000	HAP2_chr01	HAP2_chr14	HAP2	HAP2	1	14	218603	214709	11381	421931	0.973026
chr01x14	111250001	111500000	HAP1_chr01	HAP1_chr14	HAP1	HAP1	1	14	219997	189036	12142	396891	0.969407
chr01x14	111250001	111500000	HAP1_chr01	HAP2_chr14	HAP1	HAP2	1	14	219997	202370	14476	407891	0.964510
chr01x14	111250001	111500000	HAP1_chr14	HAP2_chr01	HAP1	HAP2	14	1	189036	199614	16366	372284	0.956039
chr01x14	111250001	111500000	HAP2_chr01	HAP2_chr14	HAP2	HAP2	1	14	199614	202370	23732	378252	0.937259
chr01x14	111500001	111750000	HAP1_chr01	HAP1_chr14	HAP1	HAP1	1	14	223759	222668	15502	430925	0.964026
chr01x14	111500001	111750000	HAP1_chr01	HAP2_chr14	HAP1	HAP2	1	14	223759	202059	13647	412171	0.966890
chr01x14	111500001	111750000	HAP1_chr14	HAP2_chr01	HAP1	HAP2	14	1	222668	149107	5479	366296	0.985042
chr01x14	111500001	111750000	HAP2_chr01	HAP2_chr14	HAP2	HAP2	1	14	149107	202059	6949	344217	0.979812
chr01x14	111750001	112000000	HAP1_chr01	HAP1_chr14	HAP1	HAP1	1	14	214132	210669	7926	416875	0.980987
chr01x14	111750001	112000000	HAP1_chr01	HAP2_chr14	HAP1	HAP2	1	14	214132	228492	8455	434169	0.980526
chr01x14	111750001	112000000	HAP1_chr14	HAP2_chr01	HAP1	HAP2	14	1	210669	223569	13710	420528	0.967398
chr01x14	111750001	112000000	HAP2_chr01	HAP2_chr14	HAP2	HAP2	1	14	223569	228492	20135	431926	0.953383
chr01x14	112000001	112250000	HAP1_chr01	HAP1_chr14	HAP1	HAP1	1	14	207935	181662	7993	381604	0.979054
chr01x14	112000001	112250000	HAP1_chr01	HAP2_chr14	HAP1	HAP2	1	14	207935	192010	10901	389044	0.971980
chr01x14	112000001	112250000	HAP1_chr14	HAP2_chr01	HAP1	HAP2	14	1	181662	223320	10896	394086	0.972351
chr01x14	112000001	112250000	HAP2_chr01	HAP2_chr14	HAP2	HAP2	1	14	223320	192010	10253	405077	0.974689
chr01x14	112250001	112500000	HAP1_chr01	HAP1_chr14	HAP1	HAP1	1	14	223146	208585	9509	422222	0.977479
chr01x14	112250001	112500000	HAP1_chr01	HAP2_chr14	HAP1	HAP2	1	14	223146	225539	9225	439460	0.979008
chr01x14	112250001	112500000	HAP1_chr14	HAP2_chr01	HAP1	HAP2	14	1	208585	223892	9928	422549	0.976505
chr01x14	112250001	112500000	HAP2_chr01	HAP2_chr14	HAP2	HAP2	1	14	223892	225539	11138	438293	0.974588
chr01x14	112500001	112750000	HAP1_chr01	HAP1_chr14	HAP1	HAP1	1	14	222792	217713	15410	425095	0.963749
chr01x14	112500001	112750000	HAP1_chr01	HAP2_chr14	HAP1	HAP2	1	14	222792	217817	11658	428951	0.972822
chr01x14	112500001	112750000	HAP1_chr14	HAP2_chr01	HAP1	HAP2	14	1	217713	210745	13759	414699	0.966822
chr01x14	112500001	112750000	HAP2_chr01	HAP2_chr14	HAP2	HAP2	1	14	210745	217817	9364	419198	0.977662
chr01x14	112750001	113000000	HAP1_chr01	HAP1_chr14	HAP1	HAP1	1	14	223109	225939	15814	433234	0.963498
chr01x14	112750001	113000000	HAP1_chr01	HAP2_chr14	HAP1	HAP2	1	14	223109	215706	8639	430176	0.979918
chr01x14	112750001	113000000	HAP1_chr14	HAP2_chr01	HAP1	HAP2	14	1	225939	215258	13916	427281	0.967431
chr01x14	112750001	113000000	HAP2_chr01	HAP2_chr14	HAP2	HAP2	1	14	215258	215706	10672	420292	0.974608
chr01x14	113000001	113250000	HAP1_chr01	HAP1_chr14	HAP1	HAP1	1	14	223207	221091	17361	426937	0.959336
chr01x14	113000001	113250000	HAP1_chr01	HAP2_chr14	HAP1	HAP2	1	14	223207	221530	12023	432714	0.972215
chr01x14	113000001	113250000	HAP1_chr14	HAP2_chr01	HAP1	HAP2	14	1	221091	215800	9796	427095	0.977064
chr01x14	113000001	113250000	HAP2_chr01	HAP2_chr14	HAP2	HAP2	1	14	215800	221530	14840	422490	0.964875
chr01x14	113250001	113500000	HAP1_chr01	HAP1_chr14	HAP1	HAP1	1	14	222736	220494	13234	429996	0.969223
chr01x14	113250001	113500000	HAP1_chr01	HAP2_chr14	HAP1	HAP2	1	14	222736	219937	7310	435363	0.983209
chr01x14	113250001	113500000	HAP1_chr14	HAP2_chr01	HAP1	HAP2	14	1	220494	222791	13691	429594	0.968130
chr01x14	113250001	113500000	HAP2_chr01	HAP2_chr14	HAP2	HAP2	1	14	222791	219937	14916	427812	0.965134
chr01x14	113500001	113750000	HAP1_chr01	HAP1_chr14	HAP1	HAP1	1	14	226648	225138	14278	437508	0.967365
chr01x14	113500001	113750000	HAP1_chr01	HAP2_chr14	HAP1	HAP2	1	14	226648	222111	12401	436358	0.971581
chr01x14	113500001	113750000	HAP1_chr14	HAP2_chr01	HAP1	HAP2	14	1	225138	206061	13267	417932	0.968256
chr01x14	113500001	113750000	HAP2_chr01	HAP2_chr14	HAP2	HAP2	1	14	206061	222111	11830	416342	0.971586
chr01x14	113750001	114000000	HAP1_chr01	HAP1_chr14	HAP1	HAP1	1	14	227946	214984	11478	431452	0.973397
chr01x14	113750001	114000000	HAP1_chr01	HAP2_chr14	HAP1	HAP2	1	14	227946	224744	12526	440164	0.971542
chr01x14	113750001	114000000	HAP1_chr14	HAP2_chr01	HAP1	HAP2	14	1	214984	210437	9923	415498	0.976118
chr01x14	113750001	114000000	HAP2_chr01	HAP2_chr14	HAP2	HAP2	1	14	210437	224744	12887	422294	0.969483
chr01x14	114000001	114250000	HAP1_chr01	HAP1_chr14	HAP1	HAP1	1	14	191813	226406	12456	405763	0.969302
chr01x14	114000001	114250000	HAP1_chr01	HAP2_chr14	HAP1	HAP2	1	14	191813	142164	9522	324455	0.970652
chr01x14	114000001	114250000	HAP1_chr14	HAP2_chr01	HAP1	HAP2	14	1	226406	206333	12871	419868	0.969345
chr01x14	114000001	114250000	HAP2_chr01	HAP2_chr14	HAP2	HAP2	1	14	206333	142164	5613	342884	0.983630
chr01x14	114250001	114500000	HAP1_chr01	HAP1_chr14	HAP1	HAP1	1	14	211543	224069	15394	420218	0.963367
chr01x14	114250001	114500000	HAP1_chr01	HAP2_chr14	HAP1	HAP2	1	14	211543	212507	18044	406006	0.955557
chr01x14	114250001	114500000	HAP1_chr14	HAP2_chr01	HAP1	HAP2	14	1	224069	221151	15619	429601	0.963643
chr01x14	114250001	114500000	HAP2_chr01	HAP2_chr14	HAP2	HAP2	1	14	221151	212507	14901	418757	0.964416
chr01x14	114500001	114750000	HAP1_chr01	HAP1_chr14	HAP1	HAP1	1	14	219957	225057	11963	433051	0.972375
chr01x14	114500001	114750000	HAP1_chr01	HAP2_chr14	HAP1	HAP2	1	14	219957	220586	8214	432329	0.981001
chr01x14	114500001	114750000	HAP1_chr14	HAP2_chr01	HAP1	HAP2	14	1	225057	225711	10048	440720	0.977201
chr01x14	114500001	114750000	HAP2_chr01	HAP2_chr14	HAP2	HAP2	1	14	225711	220586	13616	432681	0.968531
chr01x14	114750001	115000000	HAP1_chr01	HAP1_chr14	HAP1	HAP1	1	14	227026	215723	17996	424753	0.957632
chr01x14	114750001	115000000	HAP1_chr01	HAP2_chr14	HAP1	HAP2	1	14	227026	218974	12569	433431	0.971001
chr01x14	114750001	115000000	HAP1_chr14	HAP2_chr01	HAP1	HAP2	14	1	215723	217698	17914	415507	0.956886
chr01x14	114750001	115000000	HAP2_chr01	HAP2_chr14	HAP2	HAP2	1	14	217698	218974	12206	424466	0.971244
chr01x14	115000001	115250000	HAP1_chr01	HAP1_chr14	HAP1	HAP1	1	14	224454	217355	10472	431337	0.975722
chr01x14	115000001	115250000	HAP1_chr01	HAP2_chr14	HAP1	HAP2	1	14	224454	195825	5783	414496	0.986048
chr01x14	115000001	115250000	HAP1_chr14	HAP2_chr01	HAP1	HAP2	14	1	217355	227118	15281	429192	0.964396
chr01x14	115000001	115250000	HAP2_chr01	HAP2_chr14	HAP2	HAP2	1	14	227118	195825	17764	405179	0.956158
chr01x14	115250001	115500000	HAP1_chr01	HAP1_chr14	HAP1	HAP1	1	14	181019	218168	18549	380638	0.951269
chr01x14	115250001	115500000	HAP1_chr01	HAP2_chr14	HAP1	HAP2	1	14	181019	206351	15426	371944	0.958526
chr01x14	115250001	115500000	HAP1_chr14	HAP2_chr01	HAP1	HAP2	14	1	218168	212376	15888	414656	0.961684
chr01x14	115250001	115500000	HAP2_chr01	HAP2_chr14	HAP2	HAP2	1	14	212376	206351	12728	405999	0.968650
chr01x14	115500001	115750000	HAP1_chr01	HAP1_chr14	HAP1	HAP1	1	14	189458	218275	16203	391530	0.958616
chr01x14	115500001	115750000	HAP1_chr01	HAP2_chr14	HAP1	HAP2	1	14	189458	58846	2010	246294	0.991839
chr01x14	115500001	115750000	HAP1_chr14	HAP2_chr01	HAP1	HAP2	14	1	218275	224050	9881	432444	0.977151
chr01x14	115500001	115750000	HAP2_chr01	HAP2_chr14	HAP2	HAP2	1	14	224050	58846	2159	280737	0.992310
chr01x14	115750001	116000000	HAP1_chr01	HAP1_chr14	HAP1	HAP1	1	14	217652	187150	18278	386524	0.952712
chr01x14	115750001	116000000	HAP1_chr01	HAP2_chr14	HAP1	HAP2	1	14	217652	184278	14092	387838	0.963665
chr01x14	115750001	116000000	HAP1_chr14	HAP2_chr01	HAP1	HAP2	14	1	187150	220924	13185	394889	0.966611
chr01x14	115750001	116000000	HAP2_chr01	HAP2_chr14	HAP2	HAP2	1	14	220924	184278	11118	394084	0.971788
chr01x14	116000001	116250000	HAP1_chr01	HAP1_chr14	HAP1	HAP1	1	14	152962	228237	17905	363294	0.950715
chr01x14	116000001	116250000	HAP1_chr01	HAP2_chr14	HAP1	HAP2	1	14	152962	219771	10192	362541	0.971887
chr01x14	116000001	116250000	HAP1_chr14	HAP2_chr01	HAP1	HAP2	14	1	228237	192894	15254	405877	0.962417
chr01x14	116000001	116250000	HAP2_chr01	HAP2_chr14	HAP2	HAP2	1	14	192894	219771	15021	397644	0.962225
chr01x14	116250001	116500000	HAP1_chr01	HAP1_chr14	HAP1	HAP1	1	14	223852	224896	20168	428580	0.952942
chr01x14	116250001	116500000	HAP1_chr01	HAP2_chr14	HAP1	HAP2	1	14	223852	210034	21569	412317	0.947688
chr01x14	116250001	116500000	HAP1_chr14	HAP2_chr01	HAP1	HAP2	14	1	224896	227775	12868	439803	0.970741
chr01x14	116250001	116500000	HAP2_chr01	HAP2_chr14	HAP2	HAP2	1	14	227775	210034	15169	422640	0.964109
chr01x14	116500001	116750000	HAP1_chr01	HAP1_chr14	HAP1	HAP1	1	14	228873	223576	14447	438002	0.967016
chr01x14	116500001	116750000	HAP1_chr01	HAP2_chr14	HAP1	HAP2	1	14	228873	221134	11800	438207	0.973072
chr01x14	116500001	116750000	HAP1_chr14	HAP2_chr01	HAP1	HAP2	14	1	223576	210141	12873	420844	0.969411
chr01x14	116500001	116750000	HAP2_chr01	HAP2_chr14	HAP2	HAP2	1	14	210141	221134	12058	419217	0.971237
chr01x14	116750001	117000000	HAP1_chr01	HAP1_chr14	HAP1	HAP1	1	14	228393	198896	10065	417224	0.975876
chr01x14	116750001	117000000	HAP1_chr01	HAP2_chr14	HAP1	HAP2	1	14	228393	211861	17204	423050	0.959333
chr01x14	116750001	117000000	HAP1_chr14	HAP2_chr01	HAP1	HAP2	14	1	198896	214430	8606	404720	0.978736
chr01x14	116750001	117000000	HAP2_chr01	HAP2_chr14	HAP2	HAP2	1	14	214430	211861	13952	412339	0.966164
chr01x14	117000001	117250000	HAP1_chr01	HAP1_chr14	HAP1	HAP1	1	14	216642	169144	7319	378467	0.980661
chr01x14	117000001	117250000	HAP1_chr01	HAP2_chr14	HAP1	HAP2	1	14	216642	171933	14414	374161	0.961476
chr01x14	117000001	117250000	HAP1_chr14	HAP2_chr01	HAP1	HAP2	14	1	169144	204139	6840	366443	0.981334
chr01x14	117000001	117250000	HAP2_chr01	HAP2_chr14	HAP2	HAP2	1	14	204139	171933	14449	361623	0.960044
chr01x14	117250001	117500000	HAP1_chr01	HAP1_chr14	HAP1	HAP1	1	14	225530	223232	15525	433237	0.964165
chr01x14	117250001	117500000	HAP1_chr01	HAP2_chr14	HAP1	HAP2	1	14	225530	203222	20635	408117	0.949439
chr01x14	117250001	117500000	HAP1_chr14	HAP2_chr01	HAP1	HAP2	14	1	223232	223246	11970	434508	0.972452
chr01x14	117250001	117500000	HAP2_chr01	HAP2_chr14	HAP2	HAP2	1	14	223246	203222	15914	410554	0.961238
chr01x14	117500001	117750000	HAP1_chr01	HAP1_chr14	HAP1	HAP1	1	14	229409	214707	7011	437105	0.983960
chr01x14	117500001	117750000	HAP1_chr01	HAP2_chr14	HAP1	HAP2	1	14	229409	202914	8867	423456	0.979060
chr01x14	117500001	117750000	HAP1_chr14	HAP2_chr01	HAP1	HAP2	14	1	214707	220985	6364	429328	0.985177
chr01x14	117500001	117750000	HAP2_chr01	HAP2_chr14	HAP2	HAP2	1	14	220985	202914	17831	406068	0.956089
chr01x14	117750001	118000000	HAP1_chr01	HAP1_chr14	HAP1	HAP1	1	14	218409	184131	3615	398925	0.990938
chr01x14	117750001	118000000	HAP1_chr01	HAP2_chr14	HAP1	HAP2	1	14	218409	199711	15442	402678	0.961652
chr01x14	117750001	118000000	HAP1_chr14	HAP2_chr01	HAP1	HAP2	14	1	184131	199535	5234	378432	0.986169
chr01x14	117750001	118000000	HAP2_chr01	HAP2_chr14	HAP2	HAP2	1	14	199535	199711	12641	386605	0.967303
chr01x14	118000001	118250000	HAP1_chr01	HAP1_chr14	HAP1	HAP1	1	14	212000	168858	993	379865	0.997386
chr01x14	118000001	118250000	HAP1_chr01	HAP2_chr14	HAP1	HAP2	1	14	212000	217659	13320	416339	0.968007
chr01x14	118000001	118250000	HAP1_chr14	HAP2_chr01	HAP1	HAP2	14	1	168858	213507	2289	380076	0.993978
chr01x14	118000001	118250000	HAP2_chr01	HAP2_chr14	HAP2	HAP2	1	14	213507	217659	9760	421406	0.976839
chr01x14	118250001	118500000	HAP1_chr01	HAP1_chr14	HAP1	HAP1	1	14	221016	161768	2013	380771	0.994713
chr01x14	118250001	118500000	HAP1_chr01	HAP2_chr14	HAP1	HAP2	1	14	221016	213242	15153	419105	0.963844
chr01x14	118250001	118500000	HAP1_chr14	HAP2_chr01	HAP1	HAP2	14	1	161768	209151	3424	367495	0.990683
chr01x14	118250001	118500000	HAP2_chr01	HAP2_chr14	HAP2	HAP2	1	14	209151	213242	14928	407465	0.963364
chr01x14	118500001	118750000	HAP1_chr01	HAP1_chr14	HAP1	HAP1	1	14	222384	189607	1842	410149	0.995509
chr01x14	118500001	118750000	HAP1_chr01	HAP2_chr14	HAP1	HAP2	1	14	222384	217421	10016	429789	0.976696
chr01x14	118500001	118750000	HAP1_chr14	HAP2_chr01	HAP1	HAP2	14	1	189607	222547	2059	410095	0.994979
chr01x14	118500001	118750000	HAP2_chr01	HAP2_chr14	HAP2	HAP2	1	14	222547	217421	11429	428539	0.973330
chr01x14	118750001	119000000	HAP1_chr01	HAP1_chr14	HAP1	HAP1	1	14	229655	215851	7651	437855	0.982526
chr01x14	118750001	119000000	HAP1_chr01	HAP2_chr14	HAP1	HAP2	1	14	229655	194230	10714	413171	0.974069
chr01x14	118750001	119000000	HAP1_chr14	HAP2_chr01	HAP1	HAP2	14	1	215851	218434	7949	426336	0.981355
chr01x14	118750001	119000000	HAP2_chr01	HAP2_chr14	HAP2	HAP2	1	14	218434	194230	14615	398049	0.963283
chr01x14	119000001	119250000	HAP1_chr01	HAP1_chr14	HAP1	HAP1	1	14	227208	206565	22120	411653	0.946265
chr01x14	119000001	119250000	HAP1_chr01	HAP2_chr14	HAP1	HAP2	1	14	227208	197753	15742	409219	0.961532
chr01x14	119000001	119250000	HAP1_chr14	HAP2_chr01	HAP1	HAP2	14	1	206565	222472	6232	422805	0.985260
chr01x14	119000001	119250000	HAP2_chr01	HAP2_chr14	HAP2	HAP2	1	14	222472	197753	18813	401412	0.953133
chr01x14	119250001	119500000	HAP1_chr01	HAP1_chr14	HAP1	HAP1	1	14	227906	220992	57694	391204	0.852522
chr01x14	119250001	119500000	HAP1_chr01	HAP2_chr14	HAP1	HAP2	1	14	227906	220876	9943	438839	0.977342
chr01x14	119250001	119500000	HAP1_chr14	HAP2_chr01	HAP1	HAP2	14	1	220992	232183	8304	444871	0.981334
chr01x14	119250001	119500000	HAP2_chr01	HAP2_chr14	HAP2	HAP2	1	14	232183	220876	11177	441882	0.974706
chr01x14	119500001	119750000	HAP1_chr01	HAP1_chr14	HAP1	HAP1	1	14	225147	215316	57184	383279	0.850803
chr01x14	119500001	119750000	HAP1_chr01	HAP2_chr14	HAP1	HAP2	1	14	225147	220374	11601	433920	0.973265
chr01x14	119500001	119750000	HAP1_chr14	HAP2_chr01	HAP1	HAP2	14	1	215316	182457	10240	387533	0.973576
chr01x14	119500001	119750000	HAP2_chr01	HAP2_chr14	HAP2	HAP2	1	14	182457	220374	14813	388018	0.961824
chr01x14	119750001	120000000	HAP1_chr01	HAP1_chr14	HAP1	HAP1	1	14	222495	211292	27966	405821	0.931088
chr01x14	119750001	120000000	HAP1_chr01	HAP2_chr14	HAP1	HAP2	1	14	222495	226826	15391	433930	0.964531
chr01x14	119750001	120000000	HAP1_chr14	HAP2_chr01	HAP1	HAP2	14	1	211292	208585	13908	405969	0.965741
chr01x14	119750001	120000000	HAP2_chr01	HAP2_chr14	HAP2	HAP2	1	14	208585	226826	19430	415981	0.953291
chr01x14	120000001	120250000	HAP1_chr01	HAP1_chr14	HAP1	HAP1	1	14	199637	227731	15732	411636	0.961782
chr01x14	120000001	120250000	HAP1_chr01	HAP2_chr14	HAP1	HAP2	1	14	199637	220237	8533	411341	0.979256
chr01x14	120000001	120250000	HAP1_chr14	HAP2_chr01	HAP1	HAP2	14	1	227731	199262	19830	407163	0.951297
chr01x14	120000001	120250000	HAP2_chr01	HAP2_chr14	HAP2	HAP2	1	14	199262	220237	12607	406892	0.969016
chr01x14	120250001	120500000	HAP1_chr01	HAP1_chr14	HAP1	HAP1	1	14	230365	183560	20049	393876	0.949098
chr01x14	120250001	120500000	HAP1_chr01	HAP2_chr14	HAP1	HAP2	1	14	230365	212053	15246	427172	0.964309
chr01x14	120250001	120500000	HAP1_chr14	HAP2_chr01	HAP1	HAP2	14	1	183560	217802	11000	390362	0.971821
chr01x14	120250001	120500000	HAP2_chr01	HAP2_chr14	HAP2	HAP2	1	14	217802	212053	10791	419064	0.974250
chr01x14	120500001	120750000	HAP1_chr01	HAP1_chr14	HAP1	HAP1	1	14	228703	222093	12857	437939	0.970642
chr01x14	120500001	120750000	HAP1_chr01	HAP2_chr14	HAP1	HAP2	1	14	228703	211936	15317	425322	0.963987
chr01x14	120500001	120750000	HAP1_chr14	HAP2_chr01	HAP1	HAP2	14	1	222093	224532	22028	424597	0.948120
chr01x14	120500001	120750000	HAP2_chr01	HAP2_chr14	HAP2	HAP2	1	14	224532	211936	17321	419147	0.958676
chr01x14	120750001	121000000	HAP1_chr01	HAP1_chr14	HAP1	HAP1	1	14	217091	229917	14650	432358	0.966116
chr01x14	120750001	121000000	HAP1_chr01	HAP2_chr14	HAP1	HAP2	1	14	217091	212355	14473	414973	0.965123
chr01x14	120750001	121000000	HAP1_chr14	HAP2_chr01	HAP1	HAP2	14	1	229917	212966	13993	428890	0.967374
chr01x14	120750001	121000000	HAP2_chr01	HAP2_chr14	HAP2	HAP2	1	14	212966	212355	15354	409967	0.962548
chr01x14	121000001	121250000	HAP1_chr01	HAP1_chr14	HAP1	HAP1	1	14	224364	218296	31110	411550	0.924408
chr01x14	121000001	121250000	HAP1_chr01	HAP2_chr14	HAP1	HAP2	1	14	224364	223437	16204	431597	0.962456
chr01x14	121000001	121250000	HAP1_chr14	HAP2_chr01	HAP1	HAP2	14	1	218296	211291	9129	420458	0.978288
chr01x14	121000001	121250000	HAP2_chr01	HAP2_chr14	HAP2	HAP2	1	14	211291	223437	14232	420496	0.966154
chr01x14	121250001	121500000	HAP1_chr01	HAP1_chr14	HAP1	HAP1	1	14	204082	216167	18517	401732	0.953907
chr01x14	121250001	121500000	HAP1_chr01	HAP2_chr14	HAP1	HAP2	1	14	204082	188427	16825	375684	0.955215
chr01x14	121250001	121500000	HAP1_chr14	HAP2_chr01	HAP1	HAP2	14	1	216167	205976	11446	410697	0.972130
chr01x14	121250001	121500000	HAP2_chr01	HAP2_chr14	HAP2	HAP2	1	14	205976	188427	17803	376600	0.952727
chr01x14	121500001	121750000	HAP1_chr01	HAP1_chr14	HAP1	HAP1	1	14	225068	224081	23571	425578	0.944614
chr01x14	121500001	121750000	HAP1_chr01	HAP2_chr14	HAP1	HAP2	1	14	225068	220472	22918	422622	0.945772
chr01x14	121500001	121750000	HAP1_chr14	HAP2_chr01	HAP1	HAP2	14	1	224081	215377	13612	425846	0.968035
chr01x14	121500001	121750000	HAP2_chr01	HAP2_chr14	HAP2	HAP2	1	14	215377	220472	16214	419635	0.961362
chr01x14	121750001	122000000	HAP1_chr01	HAP1_chr14	HAP1	HAP1	1	14	207766	205474	20039	393201	0.949036
chr01x14	121750001	122000000	HAP1_chr01	HAP2_chr14	HAP1	HAP2	1	14	207766	217230	15714	409282	0.961606
chr01x14	121750001	122000000	HAP1_chr14	HAP2_chr01	HAP1	HAP2	14	1	205474	223926	21407	407993	0.947531
chr01x14	121750001	122000000	HAP2_chr01	HAP2_chr14	HAP2	HAP2	1	14	223926	217230	15609	425547	0.963320
chr01x14	122000001	122250000	HAP1_chr01	HAP1_chr14	HAP1	HAP1	1	14	228348	217234	10691	434891	0.975417
chr01x14	122000001	122250000	HAP1_chr01	HAP2_chr14	HAP1	HAP2	1	14	228348	217417	9892	435873	0.977305
chr01x14	122000001	122250000	HAP1_chr14	HAP2_chr01	HAP1	HAP2	14	1	217234	226498	9869	433863	0.977253
chr01x14	122000001	122250000	HAP2_chr01	HAP2_chr14	HAP2	HAP2	1	14	226498	217417	9344	434571	0.978498
chr01x14	122250001	122500000	HAP1_chr01	HAP1_chr14	HAP1	HAP1	1	14	210981	231513	12841	429653	0.970113
chr01x14	122250001	122500000	HAP1_chr01	HAP2_chr14	HAP1	HAP2	1	14	210981	218258	13454	415785	0.967642
chr01x14	122250001	122500000	HAP1_chr14	HAP2_chr01	HAP1	HAP2	14	1	231513	184417	10886	405044	0.973124
chr01x14	122250001	122500000	HAP2_chr01	HAP2_chr14	HAP2	HAP2	1	14	184417	218258	16393	386282	0.957562
chr01x14	122500001	122750000	HAP1_chr01	HAP1_chr14	HAP1	HAP1	1	14	232593	230009	8455	454147	0.981383
chr01x14	122500001	122750000	HAP1_chr01	HAP2_chr14	HAP1	HAP2	1	14	232593	215192	12144	435641	0.972124
chr01x14	122500001	122750000	HAP1_chr14	HAP2_chr01	HAP1	HAP2	14	1	230009	224073	14902	439180	0.966069
chr01x14	122500001	122750000	HAP2_chr01	HAP2_chr14	HAP2	HAP2	1	14	224073	215192	22212	417053	0.946741
chr01x14	122750001	123000000	HAP1_chr01	HAP1_chr14	HAP1	HAP1	1	14	198670	204623	20213	383080	0.947236
chr01x14	122750001	123000000	HAP1_chr01	HAP2_chr14	HAP1	HAP2	1	14	198670	200759	9598	389831	0.975379
chr01x14	122750001	123000000	HAP1_chr14	HAP2_chr01	HAP1	HAP2	14	1	204623	154042	8192	350473	0.976626
chr01x14	122750001	123000000	HAP2_chr01	HAP2_chr14	HAP2	HAP2	1	14	154042	200759	5090	349711	0.985445
chr01x14	123000001	123250000	HAP1_chr01	HAP1_chr14	HAP1	HAP1	1	14	216122	220033	13667	422488	0.967651
chr01x14	123000001	123250000	HAP1_chr01	HAP2_chr14	HAP1	HAP2	1	14	216122	184307	14012	386417	0.963739
chr01x14	123000001	123250000	HAP1_chr14	HAP2_chr01	HAP1	HAP2	14	1	220033	215292	15725	419600	0.962524
chr01x14	123000001	123250000	HAP2_chr01	HAP2_chr14	HAP2	HAP2	1	14	215292	184307	20281	379318	0.946533
chr01x14	123250001	123500000	HAP1_chr01	HAP1_chr14	HAP1	HAP1	1	14	228153	223993	10790	441356	0.975553
chr01x14	123250001	123500000	HAP1_chr01	HAP2_chr14	HAP1	HAP2	1	14	228153	200812	12021	416944	0.971169
chr01x14	123250001	123500000	HAP1_chr14	HAP2_chr01	HAP1	HAP2	14	1	223993	160521	9242	375272	0.975373
chr01x14	123250001	123500000	HAP2_chr01	HAP2_chr14	HAP2	HAP2	1	14	160521	200812	12676	348657	0.963643
chr01x14	123500001	123750000	HAP1_chr01	HAP1_chr14	HAP1	HAP1	1	14	218334	223616	18913	423037	0.955292
chr01x14	123500001	123750000	HAP1_chr01	HAP2_chr14	HAP1	HAP2	1	14	218334	228584	16779	430139	0.960992
chr01x14	123500001	123750000	HAP1_chr14	HAP2_chr01	HAP1	HAP2	14	1	223616	204285	14066	413835	0.966011
chr01x14	123500001	123750000	HAP2_chr01	HAP2_chr14	HAP2	HAP2	1	14	204285	228584	11266	421603	0.973278
chr01x14	123750001	124000000	HAP1_chr01	HAP1_chr14	HAP1	HAP1	1	14	232244	215261	13926	433579	0.967881
chr01x14	123750001	124000000	HAP1_chr01	HAP2_chr14	HAP1	HAP2	1	14	232244	184510	6369	410385	0.984480
chr01x14	123750001	124000000	HAP1_chr14	HAP2_chr01	HAP1	HAP2	14	1	215261	230419	6562	439118	0.985056
chr01x14	123750001	124000000	HAP2_chr01	HAP2_chr14	HAP2	HAP2	1	14	230419	184510	10404	404525	0.974281
chr01x14	124000001	124250000	HAP1_chr01	HAP1_chr14	HAP1	HAP1	1	14	222092	215262	8963	428391	0.979078
chr01x14	124000001	124250000	HAP1_chr01	HAP2_chr14	HAP1	HAP2	1	14	222092	213872	4788	431176	0.988895
chr01x14	124000001	124250000	HAP1_chr14	HAP2_chr01	HAP1	HAP2	14	1	215262	210915	12827	413350	0.968968
chr01x14	124000001	124250000	HAP2_chr01	HAP2_chr14	HAP2	HAP2	1	14	210915	213872	11288	413499	0.972701
chr01x14	124250001	124500000	HAP1_chr01	HAP1_chr14	HAP1	HAP1	1	14	215491	229159	11523	433127	0.973396
chr01x14	124250001	124500000	HAP1_chr01	HAP2_chr14	HAP1	HAP2	1	14	215491	185827	6041	395277	0.984717
chr01x14	124250001	124500000	HAP1_chr14	HAP2_chr01	HAP1	HAP2	14	1	229159	209189	20383	417965	0.951233
chr01x14	124250001	124500000	HAP2_chr01	HAP2_chr14	HAP2	HAP2	1	14	209189	185827	7023	387993	0.981899
chr01x14	124500001	124750000	HAP1_chr01	HAP1_chr14	HAP1	HAP1	1	14	224115	205397	17916	411596	0.956472
chr01x14	124500001	124750000	HAP1_chr01	HAP2_chr14	HAP1	HAP2	1	14	224115	169524	6178	387461	0.984055
chr01x14	124500001	124750000	HAP1_chr14	HAP2_chr01	HAP1	HAP2	14	1	205397	213602	16104	402895	0.960029
chr01x14	124500001	124750000	HAP2_chr01	HAP2_chr14	HAP2	HAP2	1	14	213602	169524	8980	374146	0.975999
chr01x14	124750001	125000000	HAP1_chr01	HAP1_chr14	HAP1	HAP1	1	14	223071	232258	6999	448330	0.984389
chr01x14	124750001	125000000	HAP1_chr01	HAP2_chr14	HAP1	HAP2	1	14	223071	149354	1263	371162	0.996597
chr01x14	124750001	125000000	HAP1_chr14	HAP2_chr01	HAP1	HAP2	14	1	232258	202638	10711	424185	0.974749
chr01x14	124750001	125000000	HAP2_chr01	HAP2_chr14	HAP2	HAP2	1	14	202638	149354	690	351302	0.998036
chr01x14	125000001	125250000	HAP1_chr01	HAP1_chr14	HAP1	HAP1	1	14	198162	230065	14613	413614	0.964670
chr01x14	125000001	125250000	HAP1_chr01	HAP2_chr14	HAP1	HAP2	1	14	198162	150846	2456	346552	0.992913
chr01x14	125000001	125250000	HAP1_chr14	HAP2_chr01	HAP1	HAP2	14	1	230065	213578	23028	420615	0.945252
chr01x14	125000001	125250000	HAP2_chr01	HAP2_chr14	HAP2	HAP2	1	14	213578	150846	8953	355471	0.974814
chr01x14	125250001	125500000	HAP1_chr01	HAP1_chr14	HAP1	HAP1	1	14	213628	226909	10733	429804	0.975028
chr01x14	125250001	125500000	HAP1_chr01	HAP2_chr14	HAP1	HAP2	1	14	213628	207874	4163	417339	0.990025
chr01x14	125250001	125500000	HAP1_chr14	HAP2_chr01	HAP1	HAP2	14	1	226909	220553	7542	439920	0.982856
chr01x14	125250001	125500000	HAP2_chr01	HAP2_chr14	HAP2	HAP2	1	14	220553	207874	2920	425507	0.993138
chr01x14	125500001	125750000	HAP1_chr01	HAP1_chr14	HAP1	HAP1	1	14	222945	226430	8555	440820	0.980593
chr01x14	125500001	125750000	HAP1_chr01	HAP2_chr14	HAP1	HAP2	1	14	222945	203248	6998	419195	0.983306
chr01x14	125500001	125750000	HAP1_chr14	HAP2_chr01	HAP1	HAP2	14	1	226430	182611	9572	399469	0.976038
chr01x14	125500001	125750000	HAP2_chr01	HAP2_chr14	HAP2	HAP2	1	14	182611	203248	9504	376355	0.974747
chr01x14	125750001	126000000	HAP1_chr01	HAP1_chr14	HAP1	HAP1	1	14	219974	220253	11368	428859	0.973492
chr01x14	125750001	126000000	HAP1_chr01	HAP2_chr14	HAP1	HAP2	1	14	219974	208570	6041	422503	0.985702
chr01x14	125750001	126000000	HAP1_chr14	HAP2_chr01	HAP1	HAP2	14	1	220253	223358	16226	427385	0.962034
chr01x14	125750001	126000000	HAP2_chr01	HAP2_chr14	HAP2	HAP2	1	14	223358	208570	6541	425387	0.984623
chr01x14	126000001	126250000	HAP1_chr01	HAP1_chr14	HAP1	HAP1	1	14	211646	207283	23765	395164	0.939860
chr01x14	126000001	126250000	HAP1_chr01	HAP2_chr14	HAP1	HAP2	1	14	211646	217028	9775	418899	0.976665
chr01x14	126000001	126250000	HAP1_chr14	HAP2_chr01	HAP1	HAP2	14	1	207283	211272	16162	402393	0.959835
chr01x14	126000001	126250000	HAP2_chr01	HAP2_chr14	HAP2	HAP2	1	14	211272	217028	10590	417710	0.974647
chr01x14	126250001	126500000	HAP1_chr01	HAP1_chr14	HAP1	HAP1	1	14	218609	226834	16791	428652	0.960828
chr01x14	126250001	126500000	HAP1_chr01	HAP2_chr14	HAP1	HAP2	1	14	218609	230794	5698	443705	0.987158
chr01x14	126250001	126500000	HAP1_chr14	HAP2_chr01	HAP1	HAP2	14	1	226834	221935	12568	436201	0.971188
chr01x14	126250001	126500000	HAP2_chr01	HAP2_chr14	HAP2	HAP2	1	14	221935	230794	10484	442245	0.976294
chr01x14	126500001	126750000	HAP1_chr01	HAP1_chr14	HAP1	HAP1	1	14	200411	209475	12472	397414	0.968617
chr01x14	126500001	126750000	HAP1_chr01	HAP2_chr14	HAP1	HAP2	1	14	200411	226155	7147	419419	0.982960
chr01x14	126500001	126750000	HAP1_chr14	HAP2_chr01	HAP1	HAP2	14	1	209475	216213	13599	412089	0.967000
chr01x14	126500001	126750000	HAP2_chr01	HAP2_chr14	HAP2	HAP2	1	14	216213	226155	9375	432993	0.978348
chr01x14	126750001	127000000	HAP1_chr01	HAP1_chr14	HAP1	HAP1	1	14	223789	220675	11852	432612	0.972604
chr01x14	126750001	127000000	HAP1_chr01	HAP2_chr14	HAP1	HAP2	1	14	223789	213462	7116	430135	0.983456
chr01x14	126750001	127000000	HAP1_chr14	HAP2_chr01	HAP1	HAP2	14	1	220675	212448	9361	423762	0.977910
chr01x14	126750001	127000000	HAP2_chr01	HAP2_chr14	HAP2	HAP2	1	14	212448	213462	13826	412084	0.966449
chr01x14	127000001	127250000	HAP1_chr01	HAP1_chr14	HAP1	HAP1	1	14	215645	214277	7454	422468	0.982356
chr01x14	127000001	127250000	HAP1_chr01	HAP2_chr14	HAP1	HAP2	1	14	215645	214007	7800	421852	0.981510
chr01x14	127000001	127250000	HAP1_chr14	HAP2_chr01	HAP1	HAP2	14	1	214277	219270	8241	425306	0.980623
chr01x14	127000001	127250000	HAP2_chr01	HAP2_chr14	HAP2	HAP2	1	14	219270	214007	12006	421271	0.971501
chr01x14	127250001	127500000	HAP1_chr01	HAP1_chr14	HAP1	HAP1	1	14	202881	213124	4518	411487	0.989020
chr01x14	127250001	127500000	HAP1_chr01	HAP2_chr14	HAP1	HAP2	1	14	202881	215533	4520	413894	0.989079
chr01x14	127250001	127500000	HAP1_chr14	HAP2_chr01	HAP1	HAP2	14	1	213124	208661	12726	409059	0.968890
chr01x14	127250001	127500000	HAP2_chr01	HAP2_chr14	HAP2	HAP2	1	14	208661	215533	18485	405709	0.954438
chr01x14	127500001	127750000	HAP1_chr01	HAP1_chr14	HAP1	HAP1	1	14	186815	178230	2103	362942	0.994206
chr01x14	127500001	127750000	HAP1_chr01	HAP2_chr14	HAP1	HAP2	1	14	186815	209063	6469	389409	0.983388
chr01x14	127500001	127750000	HAP1_chr14	HAP2_chr01	HAP1	HAP2	14	1	178230	215590	13152	380668	0.965450
chr01x14	127500001	127750000	HAP2_chr01	HAP2_chr14	HAP2	HAP2	1	14	215590	209063	18093	406560	0.955497
chr01x14	127750001	128000000	HAP1_chr01	HAP1_chr14	HAP1	HAP1	1	14	176331	220672	3670	393333	0.990669
chr01x14	127750001	128000000	HAP1_chr01	HAP2_chr14	HAP1	HAP2	1	14	176331	198914	8348	366897	0.977247
chr01x14	127750001	128000000	HAP1_chr14	HAP2_chr01	HAP1	HAP2	14	1	220672	215143	9560	426255	0.977572
chr01x14	127750001	128000000	HAP2_chr01	HAP2_chr14	HAP2	HAP2	1	14	215143	198914	11442	402615	0.971581
chr01x14	128000001	128250000	HAP1_chr01	HAP1_chr14	HAP1	HAP1	1	14	139928	221143	12511	348560	0.964107
chr01x14	128000001	128250000	HAP1_chr01	HAP2_chr14	HAP1	HAP2	1	14	139928	185922	8210	317640	0.974153
chr01x14	128000001	128250000	HAP1_chr14	HAP2_chr01	HAP1	HAP2	14	1	221143	185561	15306	391398	0.960894
chr01x14	128000001	128250000	HAP2_chr01	HAP2_chr14	HAP2	HAP2	1	14	185561	185922	19103	352380	0.945789
chr01x14	128250001	128500000	HAP1_chr01	HAP1_chr14	HAP1	HAP1	1	14	215867	215809	9117	422559	0.978424
chr01x14	128250001	128500000	HAP1_chr01	HAP2_chr14	HAP1	HAP2	1	14	215867	224607	8644	431830	0.979983
chr01x14	128250001	128500000	HAP1_chr14	HAP2_chr01	HAP1	HAP2	14	1	215809	12067	4	227872	0.999982
chr01x14	128250001	128500000	HAP2_chr01	HAP2_chr14	HAP2	HAP2	1	14	12067	224607	11	236663	0.999954
chr01x14	128500001	128750000	HAP1_chr01	HAP1_chr14	HAP1	HAP1	1	14	215380	222191	7342	430229	0.982935
chr01x14	128500001	128750000	HAP1_chr01	HAP2_chr14	HAP1	HAP2	1	14	215380	225307	10788	429899	0.974906
chr01x14	128500001	128750000	HAP1_chr14	HAP2_chr01	HAP1	HAP2	14	1	222191	125761	6109	341843	0.982129
chr01x14	128500001	128750000	HAP2_chr01	HAP2_chr14	HAP2	HAP2	1	14	125761	225307	8603	342465	0.974879
chr01x14	128750001	129000000	HAP1_chr01	HAP1_chr14	HAP1	HAP1	1	14	219041	224382	5761	437662	0.986837
chr01x14	128750001	129000000	HAP1_chr01	HAP2_chr14	HAP1	HAP2	1	14	219041	219052	14667	423426	0.965361
chr01x14	128750001	129000000	HAP1_chr14	HAP2_chr01	HAP1	HAP2	14	1	224382	136608	6495	354495	0.981678
chr01x14	128750001	129000000	HAP2_chr01	HAP2_chr14	HAP2	HAP2	1	14	136608	219052	8803	346857	0.974621
chr01x14	129000001	129250000	HAP1_chr01	HAP1_chr14	HAP1	HAP1	1	14	219421	209761	12472	416710	0.970070
chr01x14	129000001	129250000	HAP1_chr01	HAP2_chr14	HAP1	HAP2	1	14	219421	223375	12336	430460	0.971342
chr01x14	129000001	129250000	HAP1_chr14	HAP2_chr01	HAP1	HAP2	14	1	209761	210904	10857	409808	0.973507
chr01x14	129000001	129250000	HAP2_chr01	HAP2_chr14	HAP2	HAP2	1	14	210904	223375	15163	419116	0.963821
chr01x14	129250001	129500000	HAP1_chr01	HAP1_chr14	HAP1	HAP1	1	14	216956	212675	15469	414162	0.962650
chr01x14	129250001	129500000	HAP1_chr01	HAP2_chr14	HAP1	HAP2	1	14	216956	222553	11186	428323	0.973884
chr01x14	129250001	129500000	HAP1_chr14	HAP2_chr01	HAP1	HAP2	14	1	212675	216071	11408	417338	0.972665
chr01x14	129250001	129500000	HAP2_chr01	HAP2_chr14	HAP2	HAP2	1	14	216071	222553	21610	417014	0.948179
chr01x14	129500001	129750000	HAP1_chr01	HAP1_chr14	HAP1	HAP1	1	14	231617	225985	11315	446287	0.974646
chr01x14	129500001	129750000	HAP1_chr01	HAP2_chr14	HAP1	HAP2	1	14	231617	215294	12306	434605	0.971685
chr01x14	129500001	129750000	HAP1_chr14	HAP2_chr01	HAP1	HAP2	14	1	225985	186283	9774	402494	0.975716
chr01x14	129500001	129750000	HAP2_chr01	HAP2_chr14	HAP2	HAP2	1	14	186283	215294	10836	390741	0.972268
chr01x14	129750001	130000000	HAP1_chr01	HAP1_chr14	HAP1	HAP1	1	14	215741	206672	13927	408486	0.965906
chr01x14	129750001	130000000	HAP1_chr01	HAP2_chr14	HAP1	HAP2	1	14	215741	64142	5955	273928	0.978261
chr01x14	129750001	130000000	HAP1_chr14	HAP2_chr01	HAP1	HAP2	14	1	206672	167666	2676	371662	0.992800
chr01x14	129750001	130000000	HAP2_chr01	HAP2_chr14	HAP2	HAP2	1	14	167666	64142	1014	230794	0.995606
chr01x14	130000001	130250000	HAP1_chr01	HAP1_chr14	HAP1	HAP1	1	14	217893	216195	10762	423326	0.974578
chr01x14	130000001	130250000	HAP1_chr01	HAP2_chr14	HAP1	HAP2	1	14	217893	213886	18035	413744	0.956410
chr01x14	130000001	130250000	HAP1_chr14	HAP2_chr01	HAP1	HAP2	14	1	216195	211006	8379	418822	0.979994
chr01x14	130000001	130250000	HAP2_chr01	HAP2_chr14	HAP2	HAP2	1	14	211006	213886	4930	419962	0.988261
chr01x14	130250001	130500000	HAP1_chr01	HAP1_chr14	HAP1	HAP1	1	14	214148	221304	15366	420086	0.963422
chr01x14	130250001	130500000	HAP1_chr01	HAP2_chr14	HAP1	HAP2	1	14	214148	211435	17842	407741	0.956242
chr01x14	130250001	130500000	HAP1_chr14	HAP2_chr01	HAP1	HAP2	14	1	221304	184231	6935	398600	0.982602
chr01x14	130250001	130500000	HAP2_chr01	HAP2_chr14	HAP2	HAP2	1	14	184231	211435	1972	393694	0.994991
chr01x14	130500001	130750000	HAP1_chr01	HAP1_chr14	HAP1	HAP1	1	14	222119	227523	14704	434938	0.966193
chr01x14	130500001	130750000	HAP1_chr01	HAP2_chr14	HAP1	HAP2	1	14	222119	223502	10862	434759	0.975016
chr01x14	130500001	130750000	HAP1_chr14	HAP2_chr01	HAP1	HAP2	14	1	227523	140376	3907	363992	0.989266
chr01x14	130500001	130750000	HAP2_chr01	HAP2_chr14	HAP2	HAP2	1	14	140376	223502	4587	359291	0.987233
chr01x14	130750001	131000000	HAP1_chr01	HAP1_chr14	HAP1	HAP1	1	14	218801	231368	9504	440665	0.978433
chr01x14	130750001	131000000	HAP1_chr01	HAP2_chr14	HAP1	HAP2	1	14	218801	223025	8892	432934	0.979461
chr01x14	130750001	131000000	HAP1_chr14	HAP2_chr01	HAP1	HAP2	14	1	231368	175223	3698	402893	0.990821
chr01x14	130750001	131000000	HAP2_chr01	HAP2_chr14	HAP2	HAP2	1	14	175223	223025	4285	393963	0.989123
chr01x14	131000001	131250000	HAP1_chr01	HAP1_chr14	HAP1	HAP1	1	14	220395	223369	10157	433607	0.976576
chr01x14	131000001	131250000	HAP1_chr01	HAP2_chr14	HAP1	HAP2	1	14	220395	217682	11023	427054	0.974188
chr01x14	131000001	131250000	HAP1_chr14	HAP2_chr01	HAP1	HAP2	14	1	223369	180722	2599	401492	0.993527
chr01x14	131000001	131250000	HAP2_chr01	HAP2_chr14	HAP2	HAP2	1	14	180722	217682	3654	394750	0.990744
chr01x14	131250001	131500000	HAP1_chr01	HAP1_chr14	HAP1	HAP1	1	14	211931	225603	13079	424455	0.969186
chr01x14	131250001	131500000	HAP1_chr01	HAP2_chr14	HAP1	HAP2	1	14	211931	215329	32468	394792	0.917759
chr01x14	131250001	131500000	HAP1_chr14	HAP2_chr01	HAP1	HAP2	14	1	225603	218466	5630	438439	0.987159
chr01x14	131250001	131500000	HAP2_chr01	HAP2_chr14	HAP2	HAP2	1	14	218466	215329	4711	429084	0.989021
chr01x14	131500001	131750000	HAP1_chr01	HAP1_chr14	HAP1	HAP1	1	14	233094	230500	21026	442568	0.952491
chr01x14	131500001	131750000	HAP1_chr01	HAP2_chr14	HAP1	HAP2	1	14	233094	199754	43287	389561	0.888883
chr01x14	131500001	131750000	HAP1_chr14	HAP2_chr01	HAP1	HAP2	14	1	230500	196351	6616	420235	0.984256
chr01x14	131500001	131750000	HAP2_chr01	HAP2_chr14	HAP2	HAP2	1	14	196351	199754	17570	378535	0.953584
chr01x14	131750001	132000000	HAP1_chr01	HAP1_chr14	HAP1	HAP1	1	14	213299	219354	20616	412037	0.949966
chr01x14	131750001	132000000	HAP1_chr01	HAP2_chr14	HAP1	HAP2	1	14	213299	226710	11120	428889	0.974073
chr01x14	131750001	132000000	HAP1_chr14	HAP2_chr01	HAP1	HAP2	14	1	219354	230914	7096	443172	0.983988
chr01x14	131750001	132000000	HAP2_chr01	HAP2_chr14	HAP2	HAP2	1	14	230914	226710	13755	443869	0.969011
chr01x14	132000001	132250000	HAP1_chr01	HAP1_chr14	HAP1	HAP1	1	14	202797	232396	8531	426662	0.980005
chr01x14	132000001	132250000	HAP1_chr01	HAP2_chr14	HAP1	HAP2	1	14	202797	219505	9777	412525	0.976300
chr01x14	132000001	132250000	HAP1_chr14	HAP2_chr01	HAP1	HAP2	14	1	232396	227768	5253	454911	0.988453
chr01x14	132000001	132250000	HAP2_chr01	HAP2_chr14	HAP2	HAP2	1	14	227768	219505	14440	432833	0.966638
chr01x14	132250001	132500000	HAP1_chr01	HAP1_chr14	HAP1	HAP1	1	14	220782	225980	6239	440523	0.985837
chr01x14	132250001	132500000	HAP1_chr01	HAP2_chr14	HAP1	HAP2	1	14	220782	214084	8741	426125	0.979487
chr01x14	132250001	132500000	HAP1_chr14	HAP2_chr01	HAP1	HAP2	14	1	225980	227247	13195	440032	0.970014
chr01x14	132250001	132500000	HAP2_chr01	HAP2_chr14	HAP2	HAP2	1	14	227247	214084	18068	423263	0.957313
chr01x14	132500001	132750000	HAP1_chr01	HAP1_chr14	HAP1	HAP1	1	14	222283	222952	7346	437889	0.983224
chr01x14	132500001	132750000	HAP1_chr01	HAP2_chr14	HAP1	HAP2	1	14	222283	213242	16995	418530	0.959394
chr01x14	132500001	132750000	HAP1_chr14	HAP2_chr01	HAP1	HAP2	14	1	222952	235420	7819	450553	0.982646
chr01x14	132500001	132750000	HAP2_chr01	HAP2_chr14	HAP2	HAP2	1	14	235420	213242	7920	440742	0.982030
chr01x14	132750001	133000000	HAP1_chr01	HAP1_chr14	HAP1	HAP1	1	14	211555	217331	14922	413964	0.963953
chr01x14	132750001	133000000	HAP1_chr01	HAP2_chr14	HAP1	HAP2	1	14	211555	224728	8405	427878	0.980357
chr01x14	132750001	133000000	HAP1_chr14	HAP2_chr01	HAP1	HAP2	14	1	217331	226265	12471	431125	0.971073
chr01x14	132750001	133000000	HAP2_chr01	HAP2_chr14	HAP2	HAP2	1	14	226265	224728	12048	438945	0.972552
chr01x14	133000001	133250000	HAP1_chr01	HAP1_chr14	HAP1	HAP1	1	14	214054	208751	4250	418555	0.989846
chr01x14	133000001	133250000	HAP1_chr01	HAP2_chr14	HAP1	HAP2	1	14	214054	216499	9584	420969	0.977233
chr01x14	133000001	133250000	HAP1_chr14	HAP2_chr01	HAP1	HAP2	14	1	208751	216813	14698	410866	0.964227
chr01x14	133000001	133250000	HAP2_chr01	HAP2_chr14	HAP2	HAP2	1	14	216813	216499	14986	418326	0.964176
chr01x14	133250001	133500000	HAP1_chr01	HAP1_chr14	HAP1	HAP1	1	14	217578	230758	10807	437529	0.975300
chr01x14	133250001	133500000	HAP1_chr01	HAP2_chr14	HAP1	HAP2	1	14	217578	222751	14350	425979	0.966313
chr01x14	133250001	133500000	HAP1_chr14	HAP2_chr01	HAP1	HAP2	14	1	230758	224799	10169	445388	0.977168
chr01x14	133250001	133500000	HAP2_chr01	HAP2_chr14	HAP2	HAP2	1	14	224799	222751	10649	436901	0.975626
chr01x14	133500001	133750000	HAP1_chr01	HAP1_chr14	HAP1	HAP1	1	14	233819	213129	18599	428349	0.956580
chr01x14	133500001	133750000	HAP1_chr01	HAP2_chr14	HAP1	HAP2	1	14	233819	223872	18547	439144	0.957766
chr01x14	133500001	133750000	HAP1_chr14	HAP2_chr01	HAP1	HAP2	14	1	213129	219548	14600	418077	0.965078
chr01x14	133500001	133750000	HAP2_chr01	HAP2_chr14	HAP2	HAP2	1	14	219548	223872	16886	426534	0.960411
chr01x14	133750001	134000000	HAP1_chr01	HAP1_chr14	HAP1	HAP1	1	14	210249	238334	12654	435929	0.970972
chr01x14	133750001	134000000	HAP1_chr01	HAP2_chr14	HAP1	HAP2	1	14	210249	220566	13547	417268	0.967534
chr01x14	133750001	134000000	HAP1_chr14	HAP2_chr01	HAP1	HAP2	14	1	238334	214660	8411	444583	0.981081
chr01x14	133750001	134000000	HAP2_chr01	HAP2_chr14	HAP2	HAP2	1	14	214660	220566	10428	424798	0.975452
chr01x14	134000001	134250000	HAP1_chr01	HAP1_chr14	HAP1	HAP1	1	14	226922	229892	7362	449452	0.983620
chr01x14	134000001	134250000	HAP1_chr01	HAP2_chr14	HAP1	HAP2	1	14	226922	210887	13965	423844	0.967052
chr01x14	134000001	134250000	HAP1_chr14	HAP2_chr01	HAP1	HAP2	14	1	229892	224106	14141	439857	0.967851
chr01x14	134000001	134250000	HAP2_chr01	HAP2_chr14	HAP2	HAP2	1	14	224106	210887	16723	418270	0.960019
chr01x14	134250001	134500000	HAP1_chr01	HAP1_chr14	HAP1	HAP1	1	14	224527	231902	4882	451547	0.989188
chr01x14	134250001	134500000	HAP1_chr01	HAP2_chr14	HAP1	HAP2	1	14	224527	229231	18073	435685	0.958518
chr01x14	134250001	134500000	HAP1_chr14	HAP2_chr01	HAP1	HAP2	14	1	231902	219858	7596	444164	0.982898
chr01x14	134250001	134500000	HAP2_chr01	HAP2_chr14	HAP2	HAP2	1	14	219858	229231	13260	435829	0.969575
chr01x14	134500001	134750000	HAP1_chr01	HAP1_chr14	HAP1	HAP1	1	14	230506	222552	9994	443064	0.977443
chr01x14	134500001	134750000	HAP1_chr01	HAP2_chr14	HAP1	HAP2	1	14	230506	184461	7216	407751	0.982303
chr01x14	134500001	134750000	HAP1_chr14	HAP2_chr01	HAP1	HAP2	14	1	222552	223016	18546	427022	0.956569
chr01x14	134500001	134750000	HAP2_chr01	HAP2_chr14	HAP2	HAP2	1	14	223016	184461	19375	388102	0.950078
chr01x14	134750001	135000000	HAP1_chr01	HAP1_chr14	HAP1	HAP1	1	14	227427	228059	7027	448459	0.984331
chr01x14	134750001	135000000	HAP1_chr01	HAP2_chr14	HAP1	HAP2	1	14	227427	221246	12107	436566	0.972268
chr01x14	134750001	135000000	HAP1_chr14	HAP2_chr01	HAP1	HAP2	14	1	228059	187439	4585	410913	0.988842
chr01x14	134750001	135000000	HAP2_chr01	HAP2_chr14	HAP2	HAP2	1	14	187439	221246	8383	400302	0.979058
chr01x14	135000001	135250000	HAP1_chr01	HAP1_chr14	HAP1	HAP1	1	14	226232	206274	3551	428955	0.991722
chr01x14	135000001	135250000	HAP1_chr01	HAP2_chr14	HAP1	HAP2	1	14	226232	188664	8382	406514	0.979381
chr01x14	135000001	135250000	HAP1_chr14	HAP2_chr01	HAP1	HAP2	14	1	206274	211189	8136	409327	0.980123
chr01x14	135000001	135250000	HAP2_chr01	HAP2_chr14	HAP2	HAP2	1	14	211189	188664	13024	386829	0.966331
chr01x14	135250001	135500000	HAP1_chr01	HAP1_chr14	HAP1	HAP1	1	14	228811	235172	6074	457909	0.986735
chr01x14	135250001	135500000	HAP1_chr01	HAP2_chr14	HAP1	HAP2	1	14	228811	218844	4457	443198	0.989944
chr01x14	135250001	135500000	HAP1_chr14	HAP2_chr01	HAP1	HAP2	14	1	235172	212144	9553	437763	0.978178
chr01x14	135250001	135500000	HAP2_chr01	HAP2_chr14	HAP2	HAP2	1	14	212144	218844	7020	423968	0.983442
chr01x14	135500001	135750000	HAP1_chr01	HAP1_chr14	HAP1	HAP1	1	14	221479	230281	5150	446610	0.988469
chr01x14	135500001	135750000	HAP1_chr01	HAP2_chr14	HAP1	HAP2	1	14	221479	224505	7496	438488	0.982905
chr01x14	135500001	135750000	HAP1_chr14	HAP2_chr01	HAP1	HAP2	14	1	230281	197544	6939	420886	0.983513
chr01x14	135500001	135750000	HAP2_chr01	HAP2_chr14	HAP2	HAP2	1	14	197544	224505	8261	413788	0.980036
chr01x14	135750001	136000000	HAP1_chr01	HAP1_chr14	HAP1	HAP1	1	14	211864	199637	10368	401133	0.974153
chr01x14	135750001	136000000	HAP1_chr01	HAP2_chr14	HAP1	HAP2	1	14	211864	228662	4411	436115	0.989886
chr01x14	135750001	136000000	HAP1_chr14	HAP2_chr01	HAP1	HAP2	14	1	199637	214776	6013	408400	0.985277
chr01x14	135750001	136000000	HAP2_chr01	HAP2_chr14	HAP2	HAP2	1	14	214776	228662	5935	437503	0.986434
chr01x14	136000001	136250000	HAP1_chr01	HAP1_chr14	HAP1	HAP1	1	14	221865	205311	4915	422261	0.988360
chr01x14	136000001	136250000	HAP1_chr01	HAP2_chr14	HAP1	HAP2	1	14	221865	217927	10706	429086	0.975049
chr01x14	136000001	136250000	HAP1_chr14	HAP2_chr01	HAP1	HAP2	14	1	205311	224933	4676	425568	0.989012
chr01x14	136000001	136250000	HAP2_chr01	HAP2_chr14	HAP2	HAP2	1	14	224933	217927	12229	430631	0.971602
chr01x14	136250001	136500000	HAP1_chr01	HAP1_chr14	HAP1	HAP1	1	14	223695	215046	4285	434456	0.990137
chr01x14	136250001	136500000	HAP1_chr01	HAP2_chr14	HAP1	HAP2	1	14	223695	225851	11813	437733	0.973013
chr01x14	136250001	136500000	HAP1_chr14	HAP2_chr01	HAP1	HAP2	14	1	215046	203775	14193	404628	0.964923
chr01x14	136250001	136500000	HAP2_chr01	HAP2_chr14	HAP2	HAP2	1	14	203775	225851	7902	421724	0.981263
chr01x14	136500001	136750000	HAP1_chr01	HAP1_chr14	HAP1	HAP1	1	14	214326	223049	7255	430120	0.983133
chr01x14	136500001	136750000	HAP1_chr01	HAP2_chr14	HAP1	HAP2	1	14	214326	219116	15811	417631	0.962141
chr01x14	136500001	136750000	HAP1_chr14	HAP2_chr01	HAP1	HAP2	14	1	223049	224414	7320	440143	0.983369
chr01x14	136500001	136750000	HAP2_chr01	HAP2_chr14	HAP2	HAP2	1	14	224414	219116	13641	429889	0.968269
chr01x14	136750001	137000000	HAP1_chr01	HAP1_chr14	HAP1	HAP1	1	14	215874	184700	14938	385636	0.961264
chr01x14	136750001	137000000	HAP1_chr01	HAP2_chr14	HAP1	HAP2	1	14	215874	226057	9811	432120	0.977296
chr01x14	136750001	137000000	HAP1_chr14	HAP2_chr01	HAP1	HAP2	14	1	184700	220582	12680	392602	0.967703
chr01x14	136750001	137000000	HAP2_chr01	HAP2_chr14	HAP2	HAP2	1	14	220582	226057	8929	437710	0.979601
chr01x14	137000001	137250000	HAP1_chr01	HAP1_chr14	HAP1	HAP1	1	14	220143	60689	2409	278423	0.991348
chr01x14	137000001	137250000	HAP1_chr01	HAP2_chr14	HAP1	HAP2	1	14	220143	224983	22185	422941	0.947546
chr01x14	137000001	137250000	HAP1_chr14	HAP2_chr01	HAP1	HAP2	14	1	60689	218455	3588	275556	0.986979
chr01x14	137000001	137250000	HAP2_chr01	HAP2_chr14	HAP2	HAP2	1	14	218455	224983	17164	426274	0.959735
chr01x14	137250001	137500000	HAP1_chr01	HAP1_chr14	HAP1	HAP1	1	14	222921	112951	6293	329579	0.980906
chr01x14	137250001	137500000	HAP1_chr01	HAP2_chr14	HAP1	HAP2	1	14	222921	226732	81222	368431	0.779546
chr01x14	137250001	137500000	HAP1_chr14	HAP2_chr01	HAP1	HAP2	14	1	112951	210972	7073	316850	0.977677
chr01x14	137250001	137500000	HAP2_chr01	HAP2_chr14	HAP2	HAP2	1	14	210972	226732	11698	426006	0.972540
chr01x14	137500001	137750000	HAP1_chr01	HAP1_chr14	HAP1	HAP1	1	14	223616	26198	1048	248766	0.995787
chr01x14	137500001	137750000	HAP1_chr01	HAP2_chr14	HAP1	HAP2	1	14	223616	230258	88338	365536	0.758333
chr01x14	137500001	137750000	HAP1_chr14	HAP2_chr01	HAP1	HAP2	14	1	26198	212790	375	238613	0.998428
chr01x14	137500001	137750000	HAP2_chr01	HAP2_chr14	HAP2	HAP2	1	14	212790	230258	16712	426336	0.960801
chr01x14	137750001	138000000	HAP1_chr01	HAP1_chr14	HAP1	HAP1	1	14	229137	29356	1243	257250	0.995168
chr01x14	137750001	138000000	HAP1_chr01	HAP2_chr14	HAP1	HAP2	1	14	229137	233400	76396	386141	0.802155
chr01x14	137750001	138000000	HAP1_chr14	HAP2_chr01	HAP1	HAP2	14	1	29356	216068	2255	243169	0.990727
chr01x14	137750001	138000000	HAP2_chr01	HAP2_chr14	HAP2	HAP2	1	14	216068	233400	6900	442568	0.984409
chr01x14	138000001	138250000	HAP1_chr01	HAP1_chr14	HAP1	HAP1	1	14	234116	11543	52	245607	0.999788
chr01x14	138000001	138250000	HAP1_chr01	HAP2_chr14	HAP1	HAP2	1	14	234116	214241	88789	359568	0.753068
chr01x14	138000001	138250000	HAP1_chr14	HAP2_chr01	HAP1	HAP2	14	1	11543	215469	73	226939	0.999678
chr01x14	138000001	138250000	HAP2_chr01	HAP2_chr14	HAP2	HAP2	1	14	215469	214241	7817	421893	0.981472
chr01x14	138250001	138500000	HAP1_chr01	HAP1_chr14	HAP1	HAP1	1	14	231050	196053	11038	416065	0.973470
chr01x14	138250001	138500000	HAP1_chr01	HAP2_chr14	HAP1	HAP2	1	14	231050	226958	39640	418368	0.905251
chr01x14	138250001	138500000	HAP1_chr14	HAP2_chr01	HAP1	HAP2	14	1	196053	215468	7937	403584	0.980334
chr01x14	138250001	138500000	HAP2_chr01	HAP2_chr14	HAP2	HAP2	1	14	215468	226958	4521	437905	0.989676
chr01x14	138500001	138750000	HAP1_chr01	HAP1_chr14	HAP1	HAP1	1	14	205911	223261	14470	414702	0.965107
chr01x14	138500001	138750000	HAP1_chr01	HAP2_chr14	HAP1	HAP2	1	14	205911	233860	30062	409709	0.926626
chr01x14	138500001	138750000	HAP1_chr14	HAP2_chr01	HAP1	HAP2	14	1	223261	224692	24498	423455	0.942147
chr01x14	138500001	138750000	HAP2_chr01	HAP2_chr14	HAP2	HAP2	1	14	224692	233860	9264	449288	0.979381
chr01x14	138750001	139000000	HAP1_chr01	HAP1_chr14	HAP1	HAP1	1	14	224235	225940	4575	445600	0.989733
chr01x14	138750001	139000000	HAP1_chr01	HAP2_chr14	HAP1	HAP2	1	14	224235	208457	7655	425037	0.981990
chr01x14	138750001	139000000	HAP1_chr14	HAP2_chr01	HAP1	HAP2	14	1	225940	221689	9885	437744	0.977418
chr01x14	138750001	139000000	HAP2_chr01	HAP2_chr14	HAP2	HAP2	1	14	221689	208457	7401	422745	0.982493
chr01x14	139000001	139250000	HAP1_chr01	HAP1_chr14	HAP1	HAP1	1	14	210104	225908	6946	429066	0.983811
chr01x14	139000001	139250000	HAP1_chr01	HAP2_chr14	HAP1	HAP2	1	14	210104	208802	5231	413675	0.987355
chr01x14	139000001	139250000	HAP1_chr14	HAP2_chr01	HAP1	HAP2	14	1	225908	225586	14950	436544	0.965754
chr01x14	139000001	139250000	HAP2_chr01	HAP2_chr14	HAP2	HAP2	1	14	225586	208802	5590	428798	0.986964
chr01x14	139250001	139500000	HAP1_chr01	HAP1_chr14	HAP1	HAP1	1	14	225319	213510	9114	429715	0.978791
chr01x14	139250001	139500000	HAP1_chr01	HAP2_chr14	HAP1	HAP2	1	14	225319	236765	7103	454981	0.984388
chr01x14	139250001	139500000	HAP1_chr14	HAP2_chr01	HAP1	HAP2	14	1	213510	218513	13200	418823	0.968483
chr01x14	139250001	139500000	HAP2_chr01	HAP2_chr14	HAP2	HAP2	1	14	218513	236765	3087	452191	0.993173
chr01x14	139500001	139750000	HAP1_chr01	HAP1_chr14	HAP1	HAP1	1	14	227528	221103	5695	442936	0.987143
chr01x14	139500001	139750000	HAP1_chr01	HAP2_chr14	HAP1	HAP2	1	14	227528	208333	21129	414732	0.949054
chr01x14	139500001	139750000	HAP1_chr14	HAP2_chr01	HAP1	HAP2	14	1	221103	226673	15970	431806	0.963016
chr01x14	139500001	139750000	HAP2_chr01	HAP2_chr14	HAP2	HAP2	1	14	226673	208333	8172	426834	0.980854
chr01x14	139750001	140000000	HAP1_chr01	HAP1_chr14	HAP1	HAP1	1	14	209162	218945	9683	418424	0.976858
chr01x14	139750001	140000000	HAP1_chr01	HAP2_chr14	HAP1	HAP2	1	14	209162	213467	27239	395390	0.931109
chr01x14	139750001	140000000	HAP1_chr14	HAP2_chr01	HAP1	HAP2	14	1	218945	229028	8277	439696	0.981176
chr01x14	139750001	140000000	HAP2_chr01	HAP2_chr14	HAP2	HAP2	1	14	229028	213467	6721	435774	0.984577
chr01x14	140000001	140250000	HAP1_chr01	HAP1_chr14	HAP1	HAP1	1	14	213008	213950	9296	417662	0.977743
chr01x14	140000001	140250000	HAP1_chr01	HAP2_chr14	HAP1	HAP2	1	14	213008	234058	10088	436978	0.976914
chr01x14	140000001	140250000	HAP1_chr14	HAP2_chr01	HAP1	HAP2	14	1	213950	221724	10930	424744	0.974267
chr01x14	140000001	140250000	HAP2_chr01	HAP2_chr14	HAP2	HAP2	1	14	221724	234058	6312	449470	0.985957
chr01x14	140250001	140500000	HAP1_chr01	HAP1_chr14	HAP1	HAP1	1	14	204518	227432	3724	428226	0.991304
chr01x14	140250001	140500000	HAP1_chr01	HAP2_chr14	HAP1	HAP2	1	14	204518	228931	6745	426704	0.984193
chr01x14	140250001	140500000	HAP1_chr14	HAP2_chr01	HAP1	HAP2	14	1	227432	161061	2910	385583	0.992453
chr01x14	140250001	140500000	HAP2_chr01	HAP2_chr14	HAP2	HAP2	1	14	161061	228931	4214	385778	0.989077
chr01x14	140500001	140750000	HAP1_chr01	HAP1_chr14	HAP1	HAP1	1	14	215228	214071	8118	421181	0.980726
chr01x14	140500001	140750000	HAP1_chr01	HAP2_chr14	HAP1	HAP2	1	14	215228	233461	6071	442618	0.986284
chr01x14	140500001	140750000	HAP1_chr14	HAP2_chr01	HAP1	HAP2	14	1	214071	226495	11499	429067	0.973200
chr01x14	140500001	140750000	HAP2_chr01	HAP2_chr14	HAP2	HAP2	1	14	226495	233461	9517	450439	0.978872
chr01x14	140750001	141000000	HAP1_chr01	HAP1_chr14	HAP1	HAP1	1	14	134292	215799	7987	342104	0.976653
chr01x14	140750001	141000000	HAP1_chr01	HAP2_chr14	HAP1	HAP2	1	14	134292	216965	4471	346786	0.987107
chr01x14	140750001	141000000	HAP1_chr14	HAP2_chr01	HAP1	HAP2	14	1	215799	213257	8015	421041	0.980964
chr01x14	140750001	141000000	HAP2_chr01	HAP2_chr14	HAP2	HAP2	1	14	213257	216965	7845	422377	0.981427
chr01x14	141000001	141250000	HAP1_chr01	HAP1_chr14	HAP1	HAP1	1	14	44606	230122	2500	272228	0.990817
chr01x14	141000001	141250000	HAP1_chr01	HAP2_chr14	HAP1	HAP2	1	14	44606	217027	1987	259646	0.992347
chr01x14	141000001	141250000	HAP1_chr14	HAP2_chr01	HAP1	HAP2	14	1	230122	220976	4598	446500	0.989702
chr01x14	141000001	141250000	HAP2_chr01	HAP2_chr14	HAP2	HAP2	1	14	220976	217027	10417	427586	0.975638
chr01x14	141250001	141500000	HAP1_chr01	HAP1_chr14	HAP1	HAP1	1	14	86211	219832	8863	297180	0.970176
chr01x14	141250001	141500000	HAP1_chr01	HAP2_chr14	HAP1	HAP2	1	14	86211	202966	3983	285194	0.986034
chr01x14	141250001	141500000	HAP1_chr14	HAP2_chr01	HAP1	HAP2	14	1	219832	231526	7746	443612	0.982539
chr01x14	141250001	141500000	HAP2_chr01	HAP2_chr14	HAP2	HAP2	1	14	231526	202966	9950	424542	0.976563
chr01x14	141500001	141750000	HAP1_chr01	HAP1_chr14	HAP1	HAP1	1	14	22302	215617	190	237729	0.999201
chr01x14	141500001	141750000	HAP1_chr01	HAP2_chr14	HAP1	HAP2	1	14	22302	222949	302	244949	0.998767
chr01x14	141500001	141750000	HAP1_chr14	HAP2_chr01	HAP1	HAP2	14	1	215617	210048	13714	411951	0.966710
chr01x14	141500001	141750000	HAP2_chr01	HAP2_chr14	HAP2	HAP2	1	14	210048	222949	7293	425704	0.982868
chr01x14	141750001	142000000	HAP1_chr01	HAP1_chr14	HAP1	HAP1	1	14	53416	194216	2583	245049	0.989459
chr01x14	141750001	142000000	HAP1_chr01	HAP2_chr14	HAP1	HAP2	1	14	53416	192512	3543	242385	0.985383
chr01x14	141750001	142000000	HAP1_chr14	HAP2_chr01	HAP1	HAP2	14	1	194216	232636	7176	419676	0.982901
chr01x14	141750001	142000000	HAP2_chr01	HAP2_chr14	HAP2	HAP2	1	14	232636	192512	8376	416772	0.979903
chr01x14	142000001	142250000	HAP1_chr01	HAP1_chr14	HAP1	HAP1	1	14	21798	219542	117	241223	0.999515
chr01x14	142000001	142250000	HAP1_chr01	HAP2_chr14	HAP1	HAP2	1	14	21798	220260	229	241829	0.999053
chr01x14	142000001	142250000	HAP1_chr14	HAP2_chr01	HAP1	HAP2	14	1	219542	236044	8375	447211	0.981273
chr01x14	142000001	142250000	HAP2_chr01	HAP2_chr14	HAP2	HAP2	1	14	236044	220260	6431	449873	0.985705
chr01x14	142250001	142500000	HAP1_chr01	HAP1_chr14	HAP1	HAP1	1	14	185166	221123	6487	399802	0.983774
chr01x14	142250001	142500000	HAP1_chr01	HAP2_chr14	HAP1	HAP2	1	14	185166	220121	16221	389066	0.958308
chr01x14	142250001	142500000	HAP1_chr14	HAP2_chr01	HAP1	HAP2	14	1	221123	223108	9359	434872	0.978479
chr01x14	142250001	142500000	HAP2_chr01	HAP2_chr14	HAP2	HAP2	1	14	223108	220121	12019	431210	0.972127
chr01x14	142500001	142750000	HAP1_chr01	HAP1_chr14	HAP1	HAP1	1	14	220647	217394	12908	425133	0.969638
chr01x14	142500001	142750000	HAP1_chr01	HAP2_chr14	HAP1	HAP2	1	14	220647	228024	8690	439981	0.980249
chr01x14	142500001	142750000	HAP1_chr14	HAP2_chr01	HAP1	HAP2	14	1	217394	227436	8591	436239	0.980307
chr01x14	142500001	142750000	HAP2_chr01	HAP2_chr14	HAP2	HAP2	1	14	227436	228024	8526	446934	0.980923
chr01x14	142750001	143000000	HAP1_chr01	HAP1_chr14	HAP1	HAP1	1	14	201977	228228	5261	424944	0.987620
chr01x14	142750001	143000000	HAP1_chr01	HAP2_chr14	HAP1	HAP2	1	14	201977	234518	10628	425867	0.975044
chr01x14	142750001	143000000	HAP1_chr14	HAP2_chr01	HAP1	HAP2	14	1	228228	233340	5277	456291	0.988435
chr01x14	142750001	143000000	HAP2_chr01	HAP2_chr14	HAP2	HAP2	1	14	233340	234518	5740	462118	0.987579
chr01x14	143000001	143250000	HAP1_chr01	HAP1_chr14	HAP1	HAP1	1	14	201877	230862	5736	427003	0.986567
chr01x14	143000001	143250000	HAP1_chr01	HAP2_chr14	HAP1	HAP2	1	14	201877	208058	4260	405675	0.989499
chr01x14	143000001	143250000	HAP1_chr14	HAP2_chr01	HAP1	HAP2	14	1	230862	231272	5511	456623	0.987931
chr01x14	143000001	143250000	HAP2_chr01	HAP2_chr14	HAP2	HAP2	1	14	231272	208058	5888	433442	0.986416
chr01x14	143250001	143500000	HAP1_chr01	HAP1_chr14	HAP1	HAP1	1	14	226187	228459	6821	447825	0.984769
chr01x14	143250001	143500000	HAP1_chr01	HAP2_chr14	HAP1	HAP2	1	14	226187	186149	4366	407970	0.989298
chr01x14	143250001	143500000	HAP1_chr14	HAP2_chr01	HAP1	HAP2	14	1	228459	227772	7931	448300	0.982309
chr01x14	143250001	143500000	HAP2_chr01	HAP2_chr14	HAP2	HAP2	1	14	227772	186149	8530	405391	0.978959
chr01x14	143500001	143750000	HAP1_chr01	HAP1_chr14	HAP1	HAP1	1	14	225568	218982	6307	438243	0.985608
chr01x14	143500001	143750000	HAP1_chr01	HAP2_chr14	HAP1	HAP2	1	14	225568	193018	14892	403694	0.963111
chr01x14	143500001	143750000	HAP1_chr14	HAP2_chr01	HAP1	HAP2	14	1	218982	205588	3802	420768	0.990964
chr01x14	143500001	143750000	HAP2_chr01	HAP2_chr14	HAP2	HAP2	1	14	205588	193018	5132	393474	0.986957
chr01x14	143750001	144000000	HAP1_chr01	HAP1_chr14	HAP1	HAP1	1	14	213229	228538	9851	431916	0.977192
chr01x14	143750001	144000000	HAP1_chr01	HAP2_chr14	HAP1	HAP2	1	14	213229	152093	12166	353156	0.965551
chr01x14	143750001	144000000	HAP1_chr14	HAP2_chr01	HAP1	HAP2	14	1	228538	144039	3863	368714	0.989523
chr01x14	143750001	144000000	HAP2_chr01	HAP2_chr14	HAP2	HAP2	1	14	144039	152093	6093	290039	0.978992
chr01x14	144000001	144250000	HAP1_chr01	HAP1_chr14	HAP1	HAP1	1	14	220694	218963	7596	432061	0.982419
chr01x14	144000001	144250000	HAP1_chr01	HAP2_chr14	HAP1	HAP2	1	14	220694	208189	8492	420391	0.979800
chr01x14	144000001	144250000	HAP1_chr14	HAP2_chr01	HAP1	HAP2	14	1	218963	231791	7236	443518	0.983685
chr01x14	144000001	144250000	HAP2_chr01	HAP2_chr14	HAP2	HAP2	1	14	231791	208189	9009	430971	0.979096
chr01x14	144250001	144500000	HAP1_chr01	HAP1_chr14	HAP1	HAP1	1	14	212345	218117	10897	419565	0.974028
chr01x14	144250001	144500000	HAP1_chr01	HAP2_chr14	HAP1	HAP2	1	14	212345	224497	11235	425607	0.973602
chr01x14	144250001	144500000	HAP1_chr14	HAP2_chr01	HAP1	HAP2	14	1	218117	222022	15329	424810	0.963916
chr01x14	144250001	144500000	HAP2_chr01	HAP2_chr14	HAP2	HAP2	1	14	222022	224497	8276	438243	0.981115
chr01x14	144500001	144750000	HAP1_chr01	HAP1_chr14	HAP1	HAP1	1	14	205175	221685	24430	402430	0.939294
chr01x14	144500001	144750000	HAP1_chr01	HAP2_chr14	HAP1	HAP2	1	14	205175	220022	9809	415388	0.976386
chr01x14	144500001	144750000	HAP1_chr14	HAP2_chr01	HAP1	HAP2	14	1	221685	222132	8181	435636	0.981221
chr01x14	144500001	144750000	HAP2_chr01	HAP2_chr14	HAP2	HAP2	1	14	222132	220022	12358	429796	0.971247
chr01x14	144750001	145000000	HAP1_chr01	HAP1_chr14	HAP1	HAP1	1	14	203508	225355	17517	411346	0.957415
chr01x14	144750001	145000000	HAP1_chr01	HAP2_chr14	HAP1	HAP2	1	14	203508	226781	11462	418827	0.972633
chr01x14	144750001	145000000	HAP1_chr14	HAP2_chr01	HAP1	HAP2	14	1	225355	190040	7314	408081	0.982077
chr01x14	144750001	145000000	HAP2_chr01	HAP2_chr14	HAP2	HAP2	1	14	190040	226781	6108	410713	0.985128
chr01x14	145000001	145250000	HAP1_chr01	HAP1_chr14	HAP1	HAP1	1	14	219005	218514	11870	425649	0.972113
chr01x14	145000001	145250000	HAP1_chr01	HAP2_chr14	HAP1	HAP2	1	14	219005	213832	6728	426109	0.984211
chr01x14	145000001	145250000	HAP1_chr14	HAP2_chr01	HAP1	HAP2	14	1	218514	41437	886	259065	0.996580
chr01x14	145000001	145250000	HAP2_chr01	HAP2_chr14	HAP2	HAP2	1	14	41437	213832	522	254747	0.997951
chr01x14	145250001	145500000	HAP1_chr01	HAP1_chr14	HAP1	HAP1	1	14	216812	212534	5931	423415	0.985992
chr01x14	145250001	145500000	HAP1_chr01	HAP2_chr14	HAP1	HAP2	1	14	216812	174867	3121	388558	0.991968
chr01x14	145250001	145500000	HAP1_chr14	HAP2_chr01	HAP1	HAP2	14	1	212534	19647	139	232042	0.999401
chr01x14	145250001	145500000	HAP2_chr01	HAP2_chr14	HAP2	HAP2	1	14	19647	174867	85	194429	0.999563
chr01x14	145500001	145750000	HAP1_chr01	HAP1_chr14	HAP1	HAP1	1	14	223691	233263	7643	449311	0.982990
chr01x14	145500001	145750000	HAP1_chr01	HAP2_chr14	HAP1	HAP2	1	14	223691	221325	3434	441582	0.992223
chr01x14	145500001	145750000	HAP1_chr14	HAP2_chr01	HAP1	HAP2	14	1	233263	34757	1182	266838	0.995570
chr01x14	145500001	145750000	HAP2_chr01	HAP2_chr14	HAP2	HAP2	1	14	34757	221325	1145	254937	0.995509
chr01x14	145750001	146000000	HAP1_chr01	HAP1_chr14	HAP1	HAP1	1	14	220989	226096	8865	438220	0.979770
chr01x14	145750001	146000000	HAP1_chr01	HAP2_chr14	HAP1	HAP2	1	14	220989	230735	7394	444330	0.983359
chr01x14	145750001	146000000	HAP1_chr14	HAP2_chr01	HAP1	HAP2	14	1	226096	102372	1052	327416	0.996787
chr01x14	145750001	146000000	HAP2_chr01	HAP2_chr14	HAP2	HAP2	1	14	102372	230735	2981	330126	0.990970
chr01x14	146000001	146250000	HAP1_chr01	HAP1_chr14	HAP1	HAP1	1	14	201520	215590	10067	407043	0.975268
chr01x14	146000001	146250000	HAP1_chr01	HAP2_chr14	HAP1	HAP2	1	14	201520	225695	5960	421255	0.985852
chr01x14	146000001	146250000	HAP1_chr14	HAP2_chr01	HAP1	HAP2	14	1	215590	234119	16255	433454	0.962499
chr01x14	146000001	146250000	HAP2_chr01	HAP2_chr14	HAP2	HAP2	1	14	234119	225695	6800	453014	0.984989
chr01x14	146250001	146500000	HAP1_chr01	HAP1_chr14	HAP1	HAP1	1	14	224367	212881	11801	425447	0.972262
chr01x14	146250001	146500000	HAP1_chr01	HAP2_chr14	HAP1	HAP2	1	14	224367	222574	7076	439865	0.983913
chr01x14	146250001	146500000	HAP1_chr14	HAP2_chr01	HAP1	HAP2	14	1	212881	226131	6355	432657	0.985312
chr01x14	146250001	146500000	HAP2_chr01	HAP2_chr14	HAP2	HAP2	1	14	226131	222574	7322	441383	0.983411
chr01x14	146500001	146750000	HAP1_chr01	HAP1_chr14	HAP1	HAP1	1	14	216213	226643	13154	429702	0.969388
chr01x14	146500001	146750000	HAP1_chr01	HAP2_chr14	HAP1	HAP2	1	14	216213	203545	7011	412747	0.983014
chr01x14	146500001	146750000	HAP1_chr14	HAP2_chr01	HAP1	HAP2	14	1	226643	220841	11533	435951	0.973545
chr01x14	146500001	146750000	HAP2_chr01	HAP2_chr14	HAP2	HAP2	1	14	220841	203545	4805	419581	0.988548
chr01x14	146750001	147000000	HAP1_chr01	HAP1_chr14	HAP1	HAP1	1	14	218909	218117	7510	429516	0.982515
chr01x14	146750001	147000000	HAP1_chr01	HAP2_chr14	HAP1	HAP2	1	14	218909	218232	10350	426791	0.975749
chr01x14	146750001	147000000	HAP1_chr14	HAP2_chr01	HAP1	HAP2	14	1	218117	226731	15635	429213	0.963573
chr01x14	146750001	147000000	HAP2_chr01	HAP2_chr14	HAP2	HAP2	1	14	226731	218232	10428	434535	0.976002
chr01x14	147000001	147250000	HAP1_chr01	HAP1_chr14	HAP1	HAP1	1	14	212690	222365	3195	431860	0.992602
chr01x14	147000001	147250000	HAP1_chr01	HAP2_chr14	HAP1	HAP2	1	14	212690	201684	8383	405991	0.979352
chr01x14	147000001	147250000	HAP1_chr14	HAP2_chr01	HAP1	HAP2	14	1	222365	220705	5216	437854	0.988087
chr01x14	147000001	147250000	HAP2_chr01	HAP2_chr14	HAP2	HAP2	1	14	220705	201684	9217	413172	0.977692
chr01x14	147250001	147500000	HAP1_chr01	HAP1_chr14	HAP1	HAP1	1	14	182717	220189	4229	398677	0.989392
chr01x14	147250001	147500000	HAP1_chr01	HAP2_chr14	HAP1	HAP2	1	14	182717	222556	12791	392482	0.967410
chr01x14	147250001	147500000	HAP1_chr14	HAP2_chr01	HAP1	HAP2	14	1	220189	225517	5959	439747	0.986449
chr01x14	147250001	147500000	HAP2_chr01	HAP2_chr14	HAP2	HAP2	1	14	225517	222556	15789	432284	0.963475
chr01x14	147500001	147750000	HAP1_chr01	HAP1_chr14	HAP1	HAP1	1	14	223386	179686	8413	394659	0.978683
chr01x14	147500001	147750000	HAP1_chr01	HAP2_chr14	HAP1	HAP2	1	14	223386	227312	11664	439034	0.973433
chr01x14	147500001	147750000	HAP1_chr14	HAP2_chr01	HAP1	HAP2	14	1	179686	206083	6431	379338	0.983047
chr01x14	147500001	147750000	HAP2_chr01	HAP2_chr14	HAP2	HAP2	1	14	206083	227312	11052	422343	0.973832
chr01x14	147750001	148000000	HAP1_chr01	HAP1_chr14	HAP1	HAP1	1	14	223501	215928	14448	424981	0.966003
chr01x14	147750001	148000000	HAP1_chr01	HAP2_chr14	HAP1	HAP2	1	14	223501	217228	10891	429838	0.974663
chr01x14	147750001	148000000	HAP1_chr14	HAP2_chr01	HAP1	HAP2	14	1	215928	230535	10254	436209	0.976493
chr01x14	147750001	148000000	HAP2_chr01	HAP2_chr14	HAP2	HAP2	1	14	230535	217228	4236	443527	0.990449
chr01x14	148000001	148250000	HAP1_chr01	HAP1_chr14	HAP1	HAP1	1	14	213310	228245	12527	429028	0.970801
chr01x14	148000001	148250000	HAP1_chr01	HAP2_chr14	HAP1	HAP2	1	14	213310	211184	7093	417401	0.983007
chr01x14	148000001	148250000	HAP1_chr14	HAP2_chr01	HAP1	HAP2	14	1	228245	210246	6422	432069	0.985137
chr01x14	148000001	148250000	HAP2_chr01	HAP2_chr14	HAP2	HAP2	1	14	210246	211184	6270	415160	0.984897
chr01x14	148250001	148500000	HAP1_chr01	HAP1_chr14	HAP1	HAP1	1	14	227616	229859	6970	450505	0.984528
chr01x14	148250001	148500000	HAP1_chr01	HAP2_chr14	HAP1	HAP2	1	14	227616	214300	6622	435294	0.984787
chr01x14	148250001	148500000	HAP1_chr14	HAP2_chr01	HAP1	HAP2	14	1	229859	223197	7023	446033	0.984255
chr01x14	148250001	148500000	HAP2_chr01	HAP2_chr14	HAP2	HAP2	1	14	223197	214300	7395	430102	0.982806
chr01x14	148500001	148750000	HAP1_chr01	HAP1_chr14	HAP1	HAP1	1	14	211293	217556	15946	412903	0.961381
chr01x14	148500001	148750000	HAP1_chr01	HAP2_chr14	HAP1	HAP2	1	14	211293	219526	6744	424075	0.984097
chr01x14	148500001	148750000	HAP1_chr14	HAP2_chr01	HAP1	HAP2	14	1	217556	220995	7182	431369	0.983351
chr01x14	148500001	148750000	HAP2_chr01	HAP2_chr14	HAP2	HAP2	1	14	220995	219526	7057	433464	0.983720
chr01x14	148750001	149000000	HAP1_chr01	HAP1_chr14	HAP1	HAP1	1	14	227616	209625	6978	430263	0.983782
chr01x14	148750001	149000000	HAP1_chr01	HAP2_chr14	HAP1	HAP2	1	14	227616	216130	5864	437882	0.986608
chr01x14	148750001	149000000	HAP1_chr14	HAP2_chr01	HAP1	HAP2	14	1	209625	227200	8969	427856	0.979037
chr01x14	148750001	149000000	HAP2_chr01	HAP2_chr14	HAP2	HAP2	1	14	227200	216130	7389	435941	0.983050
chr01x14	149000001	149250000	HAP1_chr01	HAP1_chr14	HAP1	HAP1	1	14	211408	212808	2427	421789	0.994246
chr01x14	149000001	149250000	HAP1_chr01	HAP2_chr14	HAP1	HAP2	1	14	211408	219344	2938	427814	0.993133
chr01x14	149000001	149250000	HAP1_chr14	HAP2_chr01	HAP1	HAP2	14	1	212808	221911	6064	428655	0.985853
chr01x14	149000001	149250000	HAP2_chr01	HAP2_chr14	HAP2	HAP2	1	14	221911	219344	4747	436508	0.989125
chr01x14	149250001	149500000	HAP1_chr01	HAP1_chr14	HAP1	HAP1	1	14	193896	233198	6297	420797	0.985036
chr01x14	149250001	149500000	HAP1_chr01	HAP2_chr14	HAP1	HAP2	1	14	193896	215127	4752	404271	0.988246
chr01x14	149250001	149500000	HAP1_chr14	HAP2_chr01	HAP1	HAP2	14	1	233198	206626	3624	436200	0.991692
chr01x14	149250001	149500000	HAP2_chr01	HAP2_chr14	HAP2	HAP2	1	14	206626	215127	4603	417150	0.988966
chr01x14	149500001	149750000	HAP1_chr01	HAP1_chr14	HAP1	HAP1	1	14	227587	187218	12859	401946	0.968008
chr01x14	149500001	149750000	HAP1_chr01	HAP2_chr14	HAP1	HAP2	1	14	227587	212520	8339	431768	0.980686
chr01x14	149500001	149750000	HAP1_chr14	HAP2_chr01	HAP1	HAP2	14	1	187218	217138	11393	392963	0.971007
chr01x14	149500001	149750000	HAP2_chr01	HAP2_chr14	HAP2	HAP2	1	14	217138	212520	10871	418787	0.974042
chr01x14	149750001	150000000	HAP1_chr01	HAP1_chr14	HAP1	HAP1	1	14	223249	216012	11734	427527	0.972554
chr01x14	149750001	150000000	HAP1_chr01	HAP2_chr14	HAP1	HAP2	1	14	223249	224448	15376	432321	0.964434
chr01x14	149750001	150000000	HAP1_chr14	HAP2_chr01	HAP1	HAP2	14	1	216012	228780	14384	430408	0.966581
chr01x14	149750001	150000000	HAP2_chr01	HAP2_chr14	HAP2	HAP2	1	14	228780	224448	8146	445082	0.981698
chr01x14	150000001	150250000	HAP1_chr01	HAP1_chr14	HAP1	HAP1	1	14	215836	213780	6537	423079	0.984549
chr01x14	150000001	150250000	HAP1_chr01	HAP2_chr14	HAP1	HAP2	1	14	215836	221978	5303	432511	0.987739
chr01x14	150000001	150250000	HAP1_chr14	HAP2_chr01	HAP1	HAP2	14	1	213780	235171	3897	445054	0.991244
chr01x14	150000001	150250000	HAP2_chr01	HAP2_chr14	HAP2	HAP2	1	14	235171	221978	2233	454916	0.995091
chr01x14	150250001	150500000	HAP1_chr01	HAP1_chr14	HAP1	HAP1	1	14	213861	214255	15259	412857	0.963040
chr01x14	150250001	150500000	HAP1_chr01	HAP2_chr14	HAP1	HAP2	1	14	213861	224549	2746	435664	0.993697
chr01x14	150250001	150500000	HAP1_chr14	HAP2_chr01	HAP1	HAP2	14	1	214255	221694	8699	427250	0.979640
chr01x14	150250001	150500000	HAP2_chr01	HAP2_chr14	HAP2	HAP2	1	14	221694	224549	8182	438061	0.981322
chr01x14	150500001	150750000	HAP1_chr01	HAP1_chr14	HAP1	HAP1	1	14	175187	217994	5390	387791	0.986101
chr01x14	150500001	150750000	HAP1_chr01	HAP2_chr14	HAP1	HAP2	1	14	175187	217943	8007	385123	0.979209
chr01x14	150500001	150750000	HAP1_chr14	HAP2_chr01	HAP1	HAP2	14	1	217994	225898	13920	429972	0.967626
chr01x14	150500001	150750000	HAP2_chr01	HAP2_chr14	HAP2	HAP2	1	14	225898	217943	3915	439926	0.991101
chr01x14	150750001	151000000	HAP1_chr01	HAP1_chr14	HAP1	HAP1	1	14	216322	208435	12127	412630	0.970610
chr01x14	150750001	151000000	HAP1_chr01	HAP2_chr14	HAP1	HAP2	1	14	216322	204501	11516	409307	0.971865
chr01x14	150750001	151000000	HAP1_chr14	HAP2_chr01	HAP1	HAP2	14	1	208435	180323	6938	381820	0.981829
chr01x14	150750001	151000000	HAP2_chr01	HAP2_chr14	HAP2	HAP2	1	14	180323	204501	4503	380321	0.988160
chr01x14	151000001	151250000	HAP1_chr01	HAP1_chr14	HAP1	HAP1	1	14	188024	229027	6989	410062	0.982956
chr01x14	151000001	151250000	HAP1_chr01	HAP2_chr14	HAP1	HAP2	1	14	188024	224578	10544	402058	0.973775
chr01x14	151000001	151250000	HAP1_chr14	HAP2_chr01	HAP1	HAP2	14	1	229027	225739	5876	448890	0.986910
chr01x14	151000001	151250000	HAP2_chr01	HAP2_chr14	HAP2	HAP2	1	14	225739	224578	5084	445233	0.988581
chr01x14	151250001	151500000	HAP1_chr01	HAP1_chr14	HAP1	HAP1	1	14	212312	220543	11050	421805	0.973803
chr01x14	151250001	151500000	HAP1_chr01	HAP2_chr14	HAP1	HAP2	1	14	212312	219483	10367	421428	0.975400
chr01x14	151250001	151500000	HAP1_chr14	HAP2_chr01	HAP1	HAP2	14	1	220543	214523	5563	429503	0.987048
chr01x14	151250001	151500000	HAP2_chr01	HAP2_chr14	HAP2	HAP2	1	14	214523	219483	9116	424890	0.978545
chr01x14	151500001	151750000	HAP1_chr01	HAP1_chr14	HAP1	HAP1	1	14	209386	216422	8816	416992	0.978858
chr01x14	151500001	151750000	HAP1_chr01	HAP2_chr14	HAP1	HAP2	1	14	209386	227793	7298	429881	0.983023
chr01x14	151500001	151750000	HAP1_chr14	HAP2_chr01	HAP1	HAP2	14	1	216422	220804	15838	421388	0.962415
chr01x14	151500001	151750000	HAP2_chr01	HAP2_chr14	HAP2	HAP2	1	14	220804	227793	8200	440397	0.981380
chr01x14	151750001	152000000	HAP1_chr01	HAP1_chr14	HAP1	HAP1	1	14	208245	220796	15713	413328	0.961984
chr01x14	151750001	152000000	HAP1_chr01	HAP2_chr14	HAP1	HAP2	1	14	208245	220224	10295	418174	0.975381
chr01x14	151750001	152000000	HAP1_chr14	HAP2_chr01	HAP1	HAP2	14	1	220796	231422	12070	440148	0.972577
chr01x14	151750001	152000000	HAP2_chr01	HAP2_chr14	HAP2	HAP2	1	14	231422	220224	13430	438216	0.969353
chr01x14	152000001	152250000	HAP1_chr01	HAP1_chr14	HAP1	HAP1	1	14	161719	232141	14099	379761	0.962874
chr01x14	152000001	152250000	HAP1_chr01	HAP2_chr14	HAP1	HAP2	1	14	161719	204073	4087	361705	0.988701
chr01x14	152000001	152250000	HAP1_chr14	HAP2_chr01	HAP1	HAP2	14	1	232141	215945	7509	440577	0.982956
chr01x14	152000001	152250000	HAP2_chr01	HAP2_chr14	HAP2	HAP2	1	14	215945	204073	4467	415551	0.989250
chr01x14	152250001	152500000	HAP1_chr01	HAP1_chr14	HAP1	HAP1	1	14	214065	218320	7822	424563	0.981576
chr01x14	152250001	152500000	HAP1_chr01	HAP2_chr14	HAP1	HAP2	1	14	214065	230011	5337	438739	0.987836
chr01x14	152250001	152500000	HAP1_chr14	HAP2_chr01	HAP1	HAP2	14	1	218320	228094	5577	440837	0.987349
chr01x14	152250001	152500000	HAP2_chr01	HAP2_chr14	HAP2	HAP2	1	14	228094	230011	5708	452397	0.987383
chr01x14	152500001	152750000	HAP1_chr01	HAP1_chr14	HAP1	HAP1	1	14	216061	225620	16425	425256	0.961376
chr01x14	152500001	152750000	HAP1_chr01	HAP2_chr14	HAP1	HAP2	1	14	216061	196154	9017	403198	0.977636
chr01x14	152500001	152750000	HAP1_chr14	HAP2_chr01	HAP1	HAP2	14	1	225620	227461	14249	438832	0.967530
chr01x14	152500001	152750000	HAP2_chr01	HAP2_chr14	HAP2	HAP2	1	14	227461	196154	9038	414577	0.978199
chr01x14	152750001	153000000	HAP1_chr01	HAP1_chr14	HAP1	HAP1	1	14	175945	213613	8983	380575	0.976396
chr01x14	152750001	153000000	HAP1_chr01	HAP2_chr14	HAP1	HAP2	1	14	175945	219739	9748	385936	0.974742
chr01x14	152750001	153000000	HAP1_chr14	HAP2_chr01	HAP1	HAP2	14	1	213613	221067	10953	423727	0.974151
chr01x14	152750001	153000000	HAP2_chr01	HAP2_chr14	HAP2	HAP2	1	14	221067	219739	12624	428182	0.970517
chr01x14	153000001	153250000	HAP1_chr01	HAP1_chr14	HAP1	HAP1	1	14	210601	212405	6689	416317	0.983933
chr01x14	153000001	153250000	HAP1_chr01	HAP2_chr14	HAP1	HAP2	1	14	210601	224391	10871	424121	0.974368
chr01x14	153000001	153250000	HAP1_chr14	HAP2_chr01	HAP1	HAP2	14	1	212405	200711	8636	404480	0.978649
chr01x14	153000001	153250000	HAP2_chr01	HAP2_chr14	HAP2	HAP2	1	14	200711	224391	14090	411012	0.965719
chr01x14	153250001	153500000	HAP1_chr01	HAP1_chr14	HAP1	HAP1	1	14	191385	223678	14804	400259	0.963014
chr01x14	153250001	153500000	HAP1_chr01	HAP2_chr14	HAP1	HAP2	1	14	191385	231573	18839	404119	0.953383
chr01x14	153250001	153500000	HAP1_chr14	HAP2_chr01	HAP1	HAP2	14	1	223678	228310	13362	438626	0.969537
chr01x14	153250001	153500000	HAP2_chr01	HAP2_chr14	HAP2	HAP2	1	14	228310	231573	12080	447803	0.973024
chr01x14	153500001	153750000	HAP1_chr01	HAP1_chr14	HAP1	HAP1	1	14	218852	207515	5699	420668	0.986452
chr01x14	153500001	153750000	HAP1_chr01	HAP2_chr14	HAP1	HAP2	1	14	218852	218402	6427	430827	0.985082
chr01x14	153500001	153750000	HAP1_chr14	HAP2_chr01	HAP1	HAP2	14	1	207515	228174	4204	431485	0.990257
chr01x14	153500001	153750000	HAP2_chr01	HAP2_chr14	HAP2	HAP2	1	14	228174	218402	8363	438213	0.980916
chr01x14	153750001	154000000	HAP1_chr01	HAP1_chr14	HAP1	HAP1	1	14	213184	232893	4966	441111	0.988742
chr01x14	153750001	154000000	HAP1_chr01	HAP2_chr14	HAP1	HAP2	1	14	213184	223564	12809	423939	0.969786
chr01x14	153750001	154000000	HAP1_chr14	HAP2_chr01	HAP1	HAP2	14	1	232893	229882	4217	458558	0.990804
chr01x14	153750001	154000000	HAP2_chr01	HAP2_chr14	HAP2	HAP2	1	14	229882	223564	4446	449000	0.990098
chr01x14	154000001	154250000	HAP1_chr01	HAP1_chr14	HAP1	HAP1	1	14	212294	231640	15038	428896	0.964938
chr01x14	154000001	154250000	HAP1_chr01	HAP2_chr14	HAP1	HAP2	1	14	212294	223026	14347	420973	0.965919
chr01x14	154000001	154250000	HAP1_chr14	HAP2_chr01	HAP1	HAP2	14	1	231640	222937	10477	444100	0.976408
chr01x14	154000001	154250000	HAP2_chr01	HAP2_chr14	HAP2	HAP2	1	14	222937	223026	10668	435295	0.975492
chr01x14	154250001	154500000	HAP1_chr01	HAP1_chr14	HAP1	HAP1	1	14	202409	233323	13028	422704	0.969179
chr01x14	154250001	154500000	HAP1_chr01	HAP2_chr14	HAP1	HAP2	1	14	202409	225781	10734	417456	0.974287
chr01x14	154250001	154500000	HAP1_chr14	HAP2_chr01	HAP1	HAP2	14	1	233323	219798	7976	445145	0.982082
chr01x14	154250001	154500000	HAP2_chr01	HAP2_chr14	HAP2	HAP2	1	14	219798	225781	7678	437901	0.982466
chr01x14	154500001	154750000	HAP1_chr01	HAP1_chr14	HAP1	HAP1	1	14	225431	235269	6477	454223	0.985740
chr01x14	154500001	154750000	HAP1_chr01	HAP2_chr14	HAP1	HAP2	1	14	225431	221046	12587	433890	0.970990
chr01x14	154500001	154750000	HAP1_chr14	HAP2_chr01	HAP1	HAP2	14	1	235269	199898	3979	431188	0.990772
chr01x14	154500001	154750000	HAP2_chr01	HAP2_chr14	HAP2	HAP2	1	14	199898	221046	10795	410149	0.973680
chr01x14	154750001	155000000	HAP1_chr01	HAP1_chr14	HAP1	HAP1	1	14	216755	231651	12745	435661	0.970746
chr01x14	154750001	155000000	HAP1_chr01	HAP2_chr14	HAP1	HAP2	1	14	216755	209461	12991	413225	0.968562
chr01x14	154750001	155000000	HAP1_chr14	HAP2_chr01	HAP1	HAP2	14	1	231651	226393	14425	443619	0.967483
chr01x14	154750001	155000000	HAP2_chr01	HAP2_chr14	HAP2	HAP2	1	14	226393	209461	6661	429193	0.984480
chr01x14	155000001	155250000	HAP1_chr01	HAP1_chr14	HAP1	HAP1	1	14	219373	223761	9247	433887	0.978688
chr01x14	155000001	155250000	HAP1_chr01	HAP2_chr14	HAP1	HAP2	1	14	219373	203093	13181	409285	0.967795
chr01x14	155000001	155250000	HAP1_chr14	HAP2_chr01	HAP1	HAP2	14	1	223761	231191	8907	446045	0.980031
chr01x14	155000001	155250000	HAP2_chr01	HAP2_chr14	HAP2	HAP2	1	14	231191	203093	9284	425000	0.978155
chr01x14	155250001	155500000	HAP1_chr01	HAP1_chr14	HAP1	HAP1	1	14	201822	215169	19195	397796	0.951747
chr01x14	155250001	155500000	HAP1_chr01	HAP2_chr14	HAP1	HAP2	1	14	201822	205238	10722	396338	0.972947
chr01x14	155250001	155500000	HAP1_chr14	HAP2_chr01	HAP1	HAP2	14	1	215169	221174	11539	424804	0.972837
chr01x14	155250001	155500000	HAP2_chr01	HAP2_chr14	HAP2	HAP2	1	14	221174	205238	7180	419232	0.982873
chr01x14	155500001	155750000	HAP1_chr01	HAP1_chr14	HAP1	HAP1	1	14	220747	224731	7661	437817	0.982502
chr01x14	155500001	155750000	HAP1_chr01	HAP2_chr14	HAP1	HAP2	1	14	220747	212301	15541	417507	0.962777
chr01x14	155500001	155750000	HAP1_chr14	HAP2_chr01	HAP1	HAP2	14	1	224731	232017	4400	452348	0.990273
chr01x14	155500001	155750000	HAP2_chr01	HAP2_chr14	HAP2	HAP2	1	14	232017	212301	6154	438164	0.985955
chr01x14	155750001	156000000	HAP1_chr01	HAP1_chr14	HAP1	HAP1	1	14	227097	226968	10075	443990	0.977308
chr01x14	155750001	156000000	HAP1_chr01	HAP2_chr14	HAP1	HAP2	1	14	227097	220685	12420	435362	0.971472
chr01x14	155750001	156000000	HAP1_chr14	HAP2_chr01	HAP1	HAP2	14	1	226968	231680	10787	447861	0.975914
chr01x14	155750001	156000000	HAP2_chr01	HAP2_chr14	HAP2	HAP2	1	14	231680	220685	7770	444595	0.982523
chr01x14	156000001	156250000	HAP1_chr01	HAP1_chr14	HAP1	HAP1	1	14	226691	220144	7813	439022	0.982204
chr01x14	156000001	156250000	HAP1_chr01	HAP2_chr14	HAP1	HAP2	1	14	226691	219703	11585	434809	0.973356
chr01x14	156000001	156250000	HAP1_chr14	HAP2_chr01	HAP1	HAP2	14	1	220144	223893	6196	437841	0.985849
chr01x14	156000001	156250000	HAP2_chr01	HAP2_chr14	HAP2	HAP2	1	14	223893	219703	10458	433138	0.975855
chr01x14	156250001	156500000	HAP1_chr01	HAP1_chr14	HAP1	HAP1	1	14	222144	155167	5883	371428	0.984161
chr01x14	156250001	156500000	HAP1_chr01	HAP2_chr14	HAP1	HAP2	1	14	222144	223528	6368	439304	0.985504
chr01x14	156250001	156500000	HAP1_chr14	HAP2_chr01	HAP1	HAP2	14	1	155167	199166	7674	346659	0.977863
chr01x14	156250001	156500000	HAP2_chr01	HAP2_chr14	HAP2	HAP2	1	14	199166	223528	9622	413072	0.976706
chr01x14	156500001	156750000	HAP1_chr01	HAP1_chr14	HAP1	HAP1	1	14	230286	203420	17527	416179	0.957886
chr01x14	156500001	156750000	HAP1_chr01	HAP2_chr14	HAP1	HAP2	1	14	230286	231306	15283	446309	0.965757
chr01x14	156500001	156750000	HAP1_chr14	HAP2_chr01	HAP1	HAP2	14	1	203420	230738	8762	425396	0.979403
chr01x14	156500001	156750000	HAP2_chr01	HAP2_chr14	HAP2	HAP2	1	14	230738	231306	6175	455869	0.986454
chr01x14	156750001	157000000	HAP1_chr01	HAP1_chr14	HAP1	HAP1	1	14	216221	212583	15091	413713	0.963523
chr01x14	156750001	157000000	HAP1_chr01	HAP2_chr14	HAP1	HAP2	1	14	216221	203004	7765	411460	0.981128
chr01x14	156750001	157000000	HAP1_chr14	HAP2_chr01	HAP1	HAP2	14	1	212583	188583	10605	390561	0.972847
chr01x14	156750001	157000000	HAP2_chr01	HAP2_chr14	HAP2	HAP2	1	14	188583	203004	6645	384942	0.982738
chr01x14	157000001	157250000	HAP1_chr01	HAP1_chr14	HAP1	HAP1	1	14	225629	221559	20014	427174	0.953148
chr01x14	157000001	157250000	HAP1_chr01	HAP2_chr14	HAP1	HAP2	1	14	225629	219190	4707	440112	0.989305
chr01x14	157000001	157250000	HAP1_chr14	HAP2_chr01	HAP1	HAP2	14	1	221559	209717	22302	408974	0.945468
chr01x14	157000001	157250000	HAP2_chr01	HAP2_chr14	HAP2	HAP2	1	14	209717	219190	5591	423316	0.986792
chr01x14	157250001	157500000	HAP1_chr01	HAP1_chr14	HAP1	HAP1	1	14	214879	229008	9260	434627	0.978694
chr01x14	157250001	157500000	HAP1_chr01	HAP2_chr14	HAP1	HAP2	1	14	214879	192364	4720	402523	0.988274
chr01x14	157250001	157500000	HAP1_chr14	HAP2_chr01	HAP1	HAP2	14	1	229008	212429	9985	431452	0.976857
chr01x14	157250001	157500000	HAP2_chr01	HAP2_chr14	HAP2	HAP2	1	14	212429	192364	7826	396967	0.980286
chr01x14	157500001	157750000	HAP1_chr01	HAP1_chr14	HAP1	HAP1	1	14	224000	168398	10170	382228	0.973393
chr01x14	157500001	157750000	HAP1_chr01	HAP2_chr14	HAP1	HAP2	1	14	224000	213904	5361	432543	0.987606
chr01x14	157500001	157750000	HAP1_chr14	HAP2_chr01	HAP1	HAP2	14	1	168398	202352	5378	365372	0.985281
chr01x14	157500001	157750000	HAP2_chr01	HAP2_chr14	HAP2	HAP2	1	14	202352	213904	3085	413171	0.992533
chr01x14	157750001	158000000	HAP1_chr01	HAP1_chr14	HAP1	HAP1	1	14	162796	223472	3065	383203	0.992002
chr01x14	157750001	158000000	HAP1_chr01	HAP2_chr14	HAP1	HAP2	1	14	162796	233441	4180	392057	0.989338
chr01x14	157750001	158000000	HAP1_chr14	HAP2_chr01	HAP1	HAP2	14	1	223472	226733	7104	443101	0.983968
chr01x14	157750001	158000000	HAP2_chr01	HAP2_chr14	HAP2	HAP2	1	14	226733	233441	10789	449385	0.975992
chr01x14	158000001	158250000	HAP1_chr01	HAP1_chr14	HAP1	HAP1	1	14	185566	140265	6202	319629	0.980596
chr01x14	158000001	158250000	HAP1_chr01	HAP2_chr14	HAP1	HAP2	1	14	185566	225146	6572	404140	0.983738
chr01x14	158000001	158250000	HAP1_chr14	HAP2_chr01	HAP1	HAP2	14	1	140265	210713	2361	348617	0.993228
chr01x14	158000001	158250000	HAP2_chr01	HAP2_chr14	HAP2	HAP2	1	14	210713	225146	15990	419869	0.961917
chr01x14	158250001	158500000	HAP1_chr01	HAP1_chr14	HAP1	HAP1	1	14	223418	224990	8997	439411	0.979525
chr01x14	158250001	158500000	HAP1_chr01	HAP2_chr14	HAP1	HAP2	1	14	223418	222195	10297	435316	0.976346
chr01x14	158250001	158500000	HAP1_chr14	HAP2_chr01	HAP1	HAP2	14	1	224990	207761	8978	423773	0.978814
chr01x14	158250001	158500000	HAP2_chr01	HAP2_chr14	HAP2	HAP2	1	14	207761	222195	10866	419090	0.974072
chr01x14	158500001	158750000	HAP1_chr01	HAP1_chr14	HAP1	HAP1	1	14	215942	230648	17612	428978	0.958944
chr01x14	158500001	158750000	HAP1_chr01	HAP2_chr14	HAP1	HAP2	1	14	215942	220788	10611	426119	0.975099
chr01x14	158500001	158750000	HAP1_chr14	HAP2_chr01	HAP1	HAP2	14	1	230648	209238	7571	432315	0.982487
chr01x14	158500001	158750000	HAP2_chr01	HAP2_chr14	HAP2	HAP2	1	14	209238	220788	12628	417398	0.969746
chr01x14	158750001	159000000	HAP1_chr01	HAP1_chr14	HAP1	HAP1	1	14	220501	228252	8407	440346	0.980908
chr01x14	158750001	159000000	HAP1_chr01	HAP2_chr14	HAP1	HAP2	1	14	220501	233255	7726	446030	0.982678
chr01x14	158750001	159000000	HAP1_chr14	HAP2_chr01	HAP1	HAP2	14	1	228252	230389	10976	447665	0.975482
chr01x14	158750001	159000000	HAP2_chr01	HAP2_chr14	HAP2	HAP2	1	14	230389	233255	5810	457834	0.987310
chr01x14	159000001	159250000	HAP1_chr01	HAP1_chr14	HAP1	HAP1	1	14	202353	179924	18480	363797	0.949202
chr01x14	159000001	159250000	HAP1_chr01	HAP2_chr14	HAP1	HAP2	1	14	202353	231742	16109	417986	0.961460
chr01x14	159000001	159250000	HAP1_chr14	HAP2_chr01	HAP1	HAP2	14	1	179924	217108	8800	388232	0.977333
chr01x14	159000001	159250000	HAP2_chr01	HAP2_chr14	HAP2	HAP2	1	14	217108	231742	17920	430930	0.958416
chr01x14	159250001	159500000	HAP1_chr01	HAP1_chr14	HAP1	HAP1	1	14	213985	217163	5760	425388	0.986459
chr01x14	159250001	159500000	HAP1_chr01	HAP2_chr14	HAP1	HAP2	1	14	213985	228427	11186	431226	0.974060
chr01x14	159250001	159500000	HAP1_chr14	HAP2_chr01	HAP1	HAP2	14	1	217163	226360	8694	434829	0.980006
chr01x14	159250001	159500000	HAP2_chr01	HAP2_chr14	HAP2	HAP2	1	14	226360	228427	12711	442076	0.971247
chr01x14	159500001	159750000	HAP1_chr01	HAP1_chr14	HAP1	HAP1	1	14	224351	219864	14968	429247	0.965130
chr01x14	159500001	159750000	HAP1_chr01	HAP2_chr14	HAP1	HAP2	1	14	224351	207128	11119	420360	0.973549
chr01x14	159500001	159750000	HAP1_chr14	HAP2_chr01	HAP1	HAP2	14	1	219864	210864	9067	421661	0.978497
chr01x14	159500001	159750000	HAP2_chr01	HAP2_chr14	HAP2	HAP2	1	14	210864	207128	10161	407831	0.975085
chr01x14	159750001	160000000	HAP1_chr01	HAP1_chr14	HAP1	HAP1	1	14	228569	216147	16132	428584	0.962360
chr01x14	159750001	160000000	HAP1_chr01	HAP2_chr14	HAP1	HAP2	1	14	228569	223602	12897	439274	0.970640
chr01x14	159750001	160000000	HAP1_chr14	HAP2_chr01	HAP1	HAP2	14	1	216147	233848	13386	436609	0.969341
chr01x14	159750001	160000000	HAP2_chr01	HAP2_chr14	HAP2	HAP2	1	14	233848	223602	12015	445435	0.973026
chr01x14	160000001	160250000	HAP1_chr01	HAP1_chr14	HAP1	HAP1	1	14	203416	219702	14001	409117	0.965778
chr01x14	160000001	160250000	HAP1_chr01	HAP2_chr14	HAP1	HAP2	1	14	203416	227128	16375	414169	0.960463
chr01x14	160000001	160250000	HAP1_chr14	HAP2_chr01	HAP1	HAP2	14	1	219702	225273	12188	432787	0.971838
chr01x14	160000001	160250000	HAP2_chr01	HAP2_chr14	HAP2	HAP2	1	14	225273	227128	11890	440511	0.973009
chr01x14	160250001	160500000	HAP1_chr01	HAP1_chr14	HAP1	HAP1	1	14	208567	229795	9998	428364	0.976660
chr01x14	160250001	160500000	HAP1_chr01	HAP2_chr14	HAP1	HAP2	1	14	208567	212454	21573	399448	0.945993
chr01x14	160250001	160500000	HAP1_chr14	HAP2_chr01	HAP1	HAP2	14	1	229795	223798	7112	446481	0.984071
chr01x14	160250001	160500000	HAP2_chr01	HAP2_chr14	HAP2	HAP2	1	14	223798	212454	11850	424402	0.972078
chr01x14	160500001	160750000	HAP1_chr01	HAP1_chr14	HAP1	HAP1	1	14	228048	223272	15537	435783	0.964347
chr01x14	160500001	160750000	HAP1_chr01	HAP2_chr14	HAP1	HAP2	1	14	228048	227959	16774	439233	0.961811
chr01x14	160500001	160750000	HAP1_chr14	HAP2_chr01	HAP1	HAP2	14	1	223272	228717	6139	445850	0.986231
chr01x14	160500001	160750000	HAP2_chr01	HAP2_chr14	HAP2	HAP2	1	14	228717	227959	4871	451805	0.989219
chr01x14	160750001	161000000	HAP1_chr01	HAP1_chr14	HAP1	HAP1	1	14	216787	228518	4264	441041	0.990332
chr01x14	160750001	161000000	HAP1_chr01	HAP2_chr14	HAP1	HAP2	1	14	216787	220030	16871	419946	0.959826
chr01x14	160750001	161000000	HAP1_chr14	HAP2_chr01	HAP1	HAP2	14	1	228518	219812	5454	442876	0.987685
chr01x14	160750001	161000000	HAP2_chr01	HAP2_chr14	HAP2	HAP2	1	14	219812	220030	6159	433683	0.985798
chr01x14	161000001	161250000	HAP1_chr01	HAP1_chr14	HAP1	HAP1	1	14	225359	207691	18427	414623	0.955557
chr01x14	161000001	161250000	HAP1_chr01	HAP2_chr14	HAP1	HAP2	1	14	225359	219509	11996	432872	0.972287
chr01x14	161000001	161250000	HAP1_chr14	HAP2_chr01	HAP1	HAP2	14	1	207691	181407	7864	381234	0.979372
chr01x14	161000001	161250000	HAP2_chr01	HAP2_chr14	HAP2	HAP2	1	14	181407	219509	5156	395760	0.986972
chr01x14	161250001	161500000	HAP1_chr01	HAP1_chr14	HAP1	HAP1	1	14	219359	229833	3598	445594	0.991925
chr01x14	161250001	161500000	HAP1_chr01	HAP2_chr14	HAP1	HAP2	1	14	219359	225710	7880	437189	0.981976
chr01x14	161250001	161500000	HAP1_chr14	HAP2_chr01	HAP1	HAP2	14	1	229833	216780	8513	438100	0.980568
chr01x14	161250001	161500000	HAP2_chr01	HAP2_chr14	HAP2	HAP2	1	14	216780	225710	11403	431087	0.973548
chr01x14	161500001	161750000	HAP1_chr01	HAP1_chr14	HAP1	HAP1	1	14	221897	228728	8510	442115	0.980752
chr01x14	161500001	161750000	HAP1_chr01	HAP2_chr14	HAP1	HAP2	1	14	221897	226976	13040	435833	0.970080
chr01x14	161500001	161750000	HAP1_chr14	HAP2_chr01	HAP1	HAP2	14	1	228728	213949	4949	437728	0.988694
chr01x14	161500001	161750000	HAP2_chr01	HAP2_chr14	HAP2	HAP2	1	14	213949	226976	11475	429450	0.973280
chr01x14	161750001	162000000	HAP1_chr01	HAP1_chr14	HAP1	HAP1	1	14	208344	209532	12236	405640	0.969835
chr01x14	161750001	162000000	HAP1_chr01	HAP2_chr14	HAP1	HAP2	1	14	208344	215497	10282	413559	0.975138
chr01x14	161750001	162000000	HAP1_chr14	HAP2_chr01	HAP1	HAP2	14	1	209532	218399	5964	421967	0.985866
chr01x14	161750001	162000000	HAP2_chr01	HAP2_chr14	HAP2	HAP2	1	14	218399	215497	15353	418543	0.963318
chr01x14	162000001	162250000	HAP1_chr01	HAP1_chr14	HAP1	HAP1	1	14	221670	218086	8002	431754	0.981466
chr01x14	162000001	162250000	HAP1_chr01	HAP2_chr14	HAP1	HAP2	1	14	221670	199510	8170	413010	0.980218
chr01x14	162000001	162250000	HAP1_chr14	HAP2_chr01	HAP1	HAP2	14	1	218086	194723	5140	407669	0.987392
chr01x14	162000001	162250000	HAP2_chr01	HAP2_chr14	HAP2	HAP2	1	14	194723	199510	6697	387536	0.982719
chr01x14	162250001	162500000	HAP1_chr01	HAP1_chr14	HAP1	HAP1	1	14	194792	227346	11612	410526	0.971714
chr01x14	162250001	162500000	HAP1_chr01	HAP2_chr14	HAP1	HAP2	1	14	194792	170189	7466	357515	0.979117
chr01x14	162250001	162500000	HAP1_chr14	HAP2_chr01	HAP1	HAP2	14	1	227346	225640	9131	443855	0.979428
chr01x14	162250001	162500000	HAP2_chr01	HAP2_chr14	HAP2	HAP2	1	14	225640	170189	4818	391011	0.987678
chr01x14	162500001	162750000	HAP1_chr01	HAP1_chr14	HAP1	HAP1	1	14	168637	219664	10030	378271	0.973485
chr01x14	162500001	162750000	HAP1_chr01	HAP2_chr14	HAP1	HAP2	1	14	168637	217677	12523	373791	0.966497
chr01x14	162500001	162750000	HAP1_chr14	HAP2_chr01	HAP1	HAP2	14	1	219664	225241	12158	432747	0.971905
chr01x14	162500001	162750000	HAP2_chr01	HAP2_chr14	HAP2	HAP2	1	14	225241	217677	8184	434734	0.981175
chr01x14	162750001	163000000	HAP1_chr01	HAP1_chr14	HAP1	HAP1	1	14	217616	223615	13658	427573	0.968057
chr01x14	162750001	163000000	HAP1_chr01	HAP2_chr14	HAP1	HAP2	1	14	217616	221522	7382	431756	0.982902
chr01x14	162750001	163000000	HAP1_chr14	HAP2_chr01	HAP1	HAP2	14	1	223615	215341	16123	422833	0.961869
chr01x14	162750001	163000000	HAP2_chr01	HAP2_chr14	HAP2	HAP2	1	14	215341	221522	9332	427531	0.978172
chr01x14	163000001	163250000	HAP1_chr01	HAP1_chr14	HAP1	HAP1	1	14	212197	199583	11409	400371	0.971504
chr01x14	163000001	163250000	HAP1_chr01	HAP2_chr14	HAP1	HAP2	1	14	212197	211593	11086	412704	0.973138
chr01x14	163000001	163250000	HAP1_chr14	HAP2_chr01	HAP1	HAP2	14	1	199583	210269	14751	395101	0.962665
chr01x14	163000001	163250000	HAP2_chr01	HAP2_chr14	HAP2	HAP2	1	14	210269	211593	21757	400105	0.945622
chr01x14	163250001	163500000	HAP1_chr01	HAP1_chr14	HAP1	HAP1	1	14	215847	209140	10756	414231	0.974034
chr01x14	163250001	163500000	HAP1_chr01	HAP2_chr14	HAP1	HAP2	1	14	215847	233767	6093	443521	0.986262
chr01x14	163250001	163500000	HAP1_chr14	HAP2_chr01	HAP1	HAP2	14	1	209140	235048	12723	431465	0.970512
chr01x14	163250001	163500000	HAP2_chr01	HAP2_chr14	HAP2	HAP2	1	14	235048	233767	12235	456580	0.973203
chr01x14	163500001	163750000	HAP1_chr01	HAP1_chr14	HAP1	HAP1	1	14	229452	203214	9276	423390	0.978091
chr01x14	163500001	163750000	HAP1_chr01	HAP2_chr14	HAP1	HAP2	1	14	229452	227441	8963	447930	0.979990
chr01x14	163500001	163750000	HAP1_chr14	HAP2_chr01	HAP1	HAP2	14	1	203214	216234	12418	407030	0.969491
chr01x14	163500001	163750000	HAP2_chr01	HAP2_chr14	HAP2	HAP2	1	14	216234	227441	11139	432536	0.974247
chr01x14	163750001	164000000	HAP1_chr01	HAP1_chr14	HAP1	HAP1	1	14	189042	227335	7442	408935	0.981802
chr01x14	163750001	164000000	HAP1_chr01	HAP2_chr14	HAP1	HAP2	1	14	189042	219233	11683	396592	0.970542
chr01x14	163750001	164000000	HAP1_chr14	HAP2_chr01	HAP1	HAP2	14	1	227335	223678	5338	445675	0.988023
chr01x14	163750001	164000000	HAP2_chr01	HAP2_chr14	HAP2	HAP2	1	14	223678	219233	18864	424047	0.955514
chr01x14	164000001	164250000	HAP1_chr01	HAP1_chr14	HAP1	HAP1	1	14	232007	209651	7489	434169	0.982751
chr01x14	164000001	164250000	HAP1_chr01	HAP2_chr14	HAP1	HAP2	1	14	232007	218560	14273	436294	0.967286
chr01x14	164000001	164250000	HAP1_chr14	HAP2_chr01	HAP1	HAP2	14	1	209651	210809	10991	409469	0.973158
chr01x14	164000001	164250000	HAP2_chr01	HAP2_chr14	HAP2	HAP2	1	14	210809	218560	12140	417229	0.970903
chr01x14	164250001	164500000	HAP1_chr01	HAP1_chr14	HAP1	HAP1	1	14	230386	221076	8510	442952	0.980788
chr01x14	164250001	164500000	HAP1_chr01	HAP2_chr14	HAP1	HAP2	1	14	230386	228842	13218	446010	0.970364
chr01x14	164250001	164500000	HAP1_chr14	HAP2_chr01	HAP1	HAP2	14	1	221076	216726	9255	428547	0.978404
chr01x14	164250001	164500000	HAP2_chr01	HAP2_chr14	HAP2	HAP2	1	14	216726	228842	6402	439166	0.985422
chr01x14	164500001	164750000	HAP1_chr01	HAP1_chr14	HAP1	HAP1	1	14	211901	215584	2999	424486	0.992935
chr01x14	164500001	164750000	HAP1_chr01	HAP2_chr14	HAP1	HAP2	1	14	211901	195842	19689	388054	0.949262
chr01x14	164500001	164750000	HAP1_chr14	HAP2_chr01	HAP1	HAP2	14	1	215584	221173	5731	431026	0.986704
chr01x14	164500001	164750000	HAP2_chr01	HAP2_chr14	HAP2	HAP2	1	14	221173	195842	11494	405521	0.971656
chr01x14	164750001	165000000	HAP1_chr01	HAP1_chr14	HAP1	HAP1	1	14	194469	214268	10293	398444	0.974167
chr01x14	164750001	165000000	HAP1_chr01	HAP2_chr14	HAP1	HAP2	1	14	194469	216452	12150	398771	0.969531
chr01x14	164750001	165000000	HAP1_chr14	HAP2_chr01	HAP1	HAP2	14	1	214268	230845	12832	432281	0.970316
chr01x14	164750001	165000000	HAP2_chr01	HAP2_chr14	HAP2	HAP2	1	14	230845	216452	8909	438388	0.979678
chr01x14	165000001	165250000	HAP1_chr01	HAP1_chr14	HAP1	HAP1	1	14	227666	229290	12480	444476	0.971922
chr01x14	165000001	165250000	HAP1_chr01	HAP2_chr14	HAP1	HAP2	1	14	227666	232419	12685	447400	0.971647
chr01x14	165000001	165250000	HAP1_chr14	HAP2_chr01	HAP1	HAP2	14	1	229290	217567	7313	439544	0.983362
chr01x14	165000001	165250000	HAP2_chr01	HAP2_chr14	HAP2	HAP2	1	14	217567	232419	6109	443877	0.986237
chr01x14	165250001	165500000	HAP1_chr01	HAP1_chr14	HAP1	HAP1	1	14	220235	191514	11904	399845	0.970228
chr01x14	165250001	165500000	HAP1_chr01	HAP2_chr14	HAP1	HAP2	1	14	220235	232568	11308	441495	0.974387
chr01x14	165250001	165500000	HAP1_chr14	HAP2_chr01	HAP1	HAP2	14	1	191514	217520	4603	404431	0.988619
chr01x14	165250001	165500000	HAP2_chr01	HAP2_chr14	HAP2	HAP2	1	14	217520	232568	4751	445337	0.989332
chr01x14	165500001	165750000	HAP1_chr01	HAP1_chr14	HAP1	HAP1	1	14	216321	220012	7557	428776	0.982375
chr01x14	165500001	165750000	HAP1_chr01	HAP2_chr14	HAP1	HAP2	1	14	216321	209135	12314	413142	0.970194
chr01x14	165500001	165750000	HAP1_chr14	HAP2_chr01	HAP1	HAP2	14	1	220012	231973	7070	444915	0.984109
chr01x14	165500001	165750000	HAP2_chr01	HAP2_chr14	HAP2	HAP2	1	14	231973	209135	10695	430413	0.975152
chr01x14	165750001	166000000	HAP1_chr01	HAP1_chr14	HAP1	HAP1	1	14	171135	223816	12060	382891	0.968503
chr01x14	165750001	166000000	HAP1_chr01	HAP2_chr14	HAP1	HAP2	1	14	171135	222586	6608	387113	0.982930
chr01x14	165750001	166000000	HAP1_chr14	HAP2_chr01	HAP1	HAP2	14	1	223816	206552	16981	413387	0.958922
chr01x14	165750001	166000000	HAP2_chr01	HAP2_chr14	HAP2	HAP2	1	14	206552	222586	12403	416735	0.970238
chr01x14	166000001	166250000	HAP1_chr01	HAP1_chr14	HAP1	HAP1	1	14	206576	224925	22005	409496	0.946263
chr01x14	166000001	166250000	HAP1_chr01	HAP2_chr14	HAP1	HAP2	1	14	206576	202812	11788	397600	0.970352
chr01x14	166000001	166250000	HAP1_chr14	HAP2_chr01	HAP1	HAP2	14	1	224925	234896	7511	452310	0.983394
chr01x14	166000001	166250000	HAP2_chr01	HAP2_chr14	HAP2	HAP2	1	14	234896	202812	10515	427193	0.975386
chr01x14	166250001	166500000	HAP1_chr01	HAP1_chr14	HAP1	HAP1	1	14	211749	234067	12685	433131	0.970713
chr01x14	166250001	166500000	HAP1_chr01	HAP2_chr14	HAP1	HAP2	1	14	211749	224047	13764	422032	0.967386
chr01x14	166250001	166500000	HAP1_chr14	HAP2_chr01	HAP1	HAP2	14	1	234067	229586	3625	460028	0.992120
chr01x14	166250001	166500000	HAP2_chr01	HAP2_chr14	HAP2	HAP2	1	14	229586	224047	6839	446794	0.984693
chr01x14	166500001	166750000	HAP1_chr01	HAP1_chr14	HAP1	HAP1	1	14	218972	207239	4946	421265	0.988259
chr01x14	166500001	166750000	HAP1_chr01	HAP2_chr14	HAP1	HAP2	1	14	218972	223818	11025	431765	0.974465
chr01x14	166500001	166750000	HAP1_chr14	HAP2_chr01	HAP1	HAP2	14	1	207239	233502	7335	433406	0.983076
chr01x14	166500001	166750000	HAP2_chr01	HAP2_chr14	HAP2	HAP2	1	14	233502	223818	5874	451446	0.986988
chr01x14	166750001	167000000	HAP1_chr01	HAP1_chr14	HAP1	HAP1	1	14	212644	220701	18246	415099	0.956044
chr01x14	166750001	167000000	HAP1_chr01	HAP2_chr14	HAP1	HAP2	1	14	212644	223610	12734	423520	0.969933
chr01x14	166750001	167000000	HAP1_chr14	HAP2_chr01	HAP1	HAP2	14	1	220701	223077	13149	430629	0.969466
chr01x14	166750001	167000000	HAP2_chr01	HAP2_chr14	HAP2	HAP2	1	14	223077	223610	7321	439366	0.983337
chr01x14	167000001	167250000	HAP1_chr01	HAP1_chr14	HAP1	HAP1	1	14	223593	206705	16966	413332	0.958953
chr01x14	167000001	167250000	HAP1_chr01	HAP2_chr14	HAP1	HAP2	1	14	223593	217272	7923	432942	0.981700
chr01x14	167000001	167250000	HAP1_chr14	HAP2_chr01	HAP1	HAP2	14	1	206705	229058	5578	430185	0.987033
chr01x14	167000001	167250000	HAP2_chr01	HAP2_chr14	HAP2	HAP2	1	14	229058	217272	5650	440680	0.987179
chr01x14	167250001	167500000	HAP1_chr01	HAP1_chr14	HAP1	HAP1	1	14	217171	233531	14013	436689	0.967911
chr01x14	167250001	167500000	HAP1_chr01	HAP2_chr14	HAP1	HAP2	1	14	217171	229722	13245	433648	0.969457
chr01x14	167250001	167500000	HAP1_chr14	HAP2_chr01	HAP1	HAP2	14	1	233531	228936	13305	449162	0.970378
chr01x14	167250001	167500000	HAP2_chr01	HAP2_chr14	HAP2	HAP2	1	14	228936	229722	9158	449500	0.979626
chr01x14	167500001	167750000	HAP1_chr01	HAP1_chr14	HAP1	HAP1	1	14	226022	215303	8866	432459	0.979499
chr01x14	167500001	167750000	HAP1_chr01	HAP2_chr14	HAP1	HAP2	1	14	226022	210371	20628	415765	0.950385
chr01x14	167500001	167750000	HAP1_chr14	HAP2_chr01	HAP1	HAP2	14	1	215303	225097	11596	428804	0.972957
chr01x14	167500001	167750000	HAP2_chr01	HAP2_chr14	HAP2	HAP2	1	14	225097	210371	9252	426216	0.978293
chr01x14	167750001	168000000	HAP1_chr01	HAP1_chr14	HAP1	HAP1	1	14	215947	217144	11609	421482	0.972457
chr01x14	167750001	168000000	HAP1_chr01	HAP2_chr14	HAP1	HAP2	1	14	215947	224290	20429	419808	0.951337
chr01x14	167750001	168000000	HAP1_chr14	HAP2_chr01	HAP1	HAP2	14	1	217144	227113	12748	431509	0.970457
chr01x14	167750001	168000000	HAP2_chr01	HAP2_chr14	HAP2	HAP2	1	14	227113	224290	14242	437161	0.967422
chr01x14	168000001	168250000	HAP1_chr01	HAP1_chr14	HAP1	HAP1	1	14	196453	209642	4141	401954	0.989698
chr01x14	168000001	168250000	HAP1_chr01	HAP2_chr14	HAP1	HAP2	1	14	196453	211329	17717	390065	0.954579
chr01x14	168000001	168250000	HAP1_chr14	HAP2_chr01	HAP1	HAP2	14	1	209642	215259	2557	422344	0.993946
chr01x14	168000001	168250000	HAP2_chr01	HAP2_chr14	HAP2	HAP2	1	14	215259	211329	14346	412242	0.965200
chr01x14	168250001	168500000	HAP1_chr01	HAP1_chr14	HAP1	HAP1	1	14	220014	226328	8949	437393	0.979540
chr01x14	168250001	168500000	HAP1_chr01	HAP2_chr14	HAP1	HAP2	1	14	220014	224653	14751	429916	0.965689
chr01x14	168250001	168500000	HAP1_chr14	HAP2_chr01	HAP1	HAP2	14	1	226328	214414	7475	433267	0.982747
chr01x14	168250001	168500000	HAP2_chr01	HAP2_chr14	HAP2	HAP2	1	14	214414	224653	16810	422257	0.960190
chr01x14	168500001	168750000	HAP1_chr01	HAP1_chr14	HAP1	HAP1	1	14	219456	212985	8673	423768	0.979534
chr01x14	168500001	168750000	HAP1_chr01	HAP2_chr14	HAP1	HAP2	1	14	219456	227103	12276	434283	0.971733
chr01x14	168500001	168750000	HAP1_chr14	HAP2_chr01	HAP1	HAP2	14	1	212985	212437	16309	409113	0.960136
chr01x14	168500001	168750000	HAP2_chr01	HAP2_chr14	HAP2	HAP2	1	14	212437	227103	11781	427759	0.972459
chr01x14	168750001	169000000	HAP1_chr01	HAP1_chr14	HAP1	HAP1	1	14	215592	226882	6118	436356	0.985979
chr01x14	168750001	169000000	HAP1_chr01	HAP2_chr14	HAP1	HAP2	1	14	215592	212757	8139	420210	0.980631
chr01x14	168750001	169000000	HAP1_chr14	HAP2_chr01	HAP1	HAP2	14	1	226882	223171	6165	443888	0.986111
chr01x14	168750001	169000000	HAP2_chr01	HAP2_chr14	HAP2	HAP2	1	14	223171	212757	11893	424035	0.971953
chr01x14	169000001	169250000	HAP1_chr01	HAP1_chr14	HAP1	HAP1	1	14	177690	211585	13720	375555	0.963467
chr01x14	169000001	169250000	HAP1_chr01	HAP2_chr14	HAP1	HAP2	1	14	177690	220014	6031	391673	0.984602
chr01x14	169000001	169250000	HAP1_chr14	HAP2_chr01	HAP1	HAP2	14	1	211585	216487	3892	424180	0.990825
chr01x14	169000001	169250000	HAP2_chr01	HAP2_chr14	HAP2	HAP2	1	14	216487	220014	5394	431107	0.987488
chr01x14	169250001	169500000	HAP1_chr01	HAP1_chr14	HAP1	HAP1	1	14	198591	206085	7193	397483	0.981904
chr01x14	169250001	169500000	HAP1_chr01	HAP2_chr14	HAP1	HAP2	1	14	198591	223726	9805	412512	0.976231
chr01x14	169250001	169500000	HAP1_chr14	HAP2_chr01	HAP1	HAP2	14	1	206085	229707	4506	431286	0.989552
chr01x14	169250001	169500000	HAP2_chr01	HAP2_chr14	HAP2	HAP2	1	14	229707	223726	4010	449423	0.991077
chr01x14	169500001	169750000	HAP1_chr01	HAP1_chr14	HAP1	HAP1	1	14	219521	210230	7562	422189	0.982089
chr01x14	169500001	169750000	HAP1_chr01	HAP2_chr14	HAP1	HAP2	1	14	219521	205875	10772	414624	0.974020
chr01x14	169500001	169750000	HAP1_chr14	HAP2_chr01	HAP1	HAP2	14	1	210230	212465	9287	413408	0.977536
chr01x14	169500001	169750000	HAP2_chr01	HAP2_chr14	HAP2	HAP2	1	14	212465	205875	6633	411707	0.983889
chr01x14	169750001	170000000	HAP1_chr01	HAP1_chr14	HAP1	HAP1	1	14	229159	216261	9796	435624	0.977513
chr01x14	169750001	170000000	HAP1_chr01	HAP2_chr14	HAP1	HAP2	1	14	229159	217204	10480	435883	0.975957
chr01x14	169750001	170000000	HAP1_chr14	HAP2_chr01	HAP1	HAP2	14	1	216261	220034	14841	421454	0.964786
chr01x14	169750001	170000000	HAP2_chr01	HAP2_chr14	HAP2	HAP2	1	14	220034	217204	10985	426253	0.974229
chr01x14	170000001	170250000	HAP1_chr01	HAP1_chr14	HAP1	HAP1	1	14	222933	218800	11748	429985	0.972678
chr01x14	170000001	170250000	HAP1_chr01	HAP2_chr14	HAP1	HAP2	1	14	222933	212124	17578	417479	0.957895
chr01x14	170000001	170250000	HAP1_chr14	HAP2_chr01	HAP1	HAP2	14	1	218800	228088	13486	433402	0.968883
chr01x14	170000001	170250000	HAP2_chr01	HAP2_chr14	HAP2	HAP2	1	14	228088	212124	13189	427023	0.969114
chr01x14	170250001	170500000	HAP1_chr01	HAP1_chr14	HAP1	HAP1	1	14	221666	226896	3971	444591	0.991068
chr01x14	170250001	170500000	HAP1_chr01	HAP2_chr14	HAP1	HAP2	1	14	221666	215892	9790	427768	0.977114
chr01x14	170250001	170500000	HAP1_chr14	HAP2_chr01	HAP1	HAP2	14	1	226896	231390	5544	452742	0.987755
chr01x14	170250001	170500000	HAP2_chr01	HAP2_chr14	HAP2	HAP2	1	14	231390	215892	9359	437923	0.978629
chr01x14	170500001	170750000	HAP1_chr01	HAP1_chr14	HAP1	HAP1	1	14	217705	206609	13822	410492	0.966328
chr01x14	170500001	170750000	HAP1_chr01	HAP2_chr14	HAP1	HAP2	1	14	217705	228021	10997	434729	0.974704
chr01x14	170500001	170750000	HAP1_chr14	HAP2_chr01	HAP1	HAP2	14	1	206609	229530	9299	426840	0.978214
chr01x14	170500001	170750000	HAP2_chr01	HAP2_chr14	HAP2	HAP2	1	14	229530	228021	13913	443638	0.968639
chr01x14	170750001	171000000	HAP1_chr01	HAP1_chr14	HAP1	HAP1	1	14	217436	232142	6314	443264	0.985756
chr01x14	170750001	171000000	HAP1_chr01	HAP2_chr14	HAP1	HAP2	1	14	217436	231614	12081	436969	0.972353
chr01x14	170750001	171000000	HAP1_chr14	HAP2_chr01	HAP1	HAP2	14	1	232142	215850	6968	441024	0.984200
chr01x14	170750001	171000000	HAP2_chr01	HAP2_chr14	HAP2	HAP2	1	14	215850	231614	7491	439973	0.982974
chr01x14	171000001	171250000	HAP1_chr01	HAP1_chr14	HAP1	HAP1	1	14	222455	226447	11650	437252	0.973356
chr01x14	171000001	171250000	HAP1_chr01	HAP2_chr14	HAP1	HAP2	1	14	222455	224267	10461	436261	0.976021
chr01x14	171000001	171250000	HAP1_chr14	HAP2_chr01	HAP1	HAP2	14	1	226447	227628	13403	440672	0.969585
chr01x14	171000001	171250000	HAP2_chr01	HAP2_chr14	HAP2	HAP2	1	14	227628	224267	13078	438817	0.970197
chr01x14	171250001	171500000	HAP1_chr01	HAP1_chr14	HAP1	HAP1	1	14	225934	233943	8757	451120	0.980588
chr01x14	171250001	171500000	HAP1_chr01	HAP2_chr14	HAP1	HAP2	1	14	225934	207746	16508	417172	0.960429
chr01x14	171250001	171500000	HAP1_chr14	HAP2_chr01	HAP1	HAP2	14	1	233943	216093	6626	443410	0.985057
chr01x14	171250001	171500000	HAP2_chr01	HAP2_chr14	HAP2	HAP2	1	14	216093	207746	10414	413425	0.974810
chr01x14	171500001	171750000	HAP1_chr01	HAP1_chr14	HAP1	HAP1	1	14	219722	225495	8134	437083	0.981390
chr01x14	171500001	171750000	HAP1_chr01	HAP2_chr14	HAP1	HAP2	1	14	219722	221884	11919	429687	0.972261
chr01x14	171500001	171750000	HAP1_chr14	HAP2_chr01	HAP1	HAP2	14	1	225495	214557	8324	431728	0.980719
chr01x14	171500001	171750000	HAP2_chr01	HAP2_chr14	HAP2	HAP2	1	14	214557	221884	17403	419038	0.958469
chr01x14	171750001	172000000	HAP1_chr01	HAP1_chr14	HAP1	HAP1	1	14	215967	206030	10142	411855	0.975375
chr01x14	171750001	172000000	HAP1_chr01	HAP2_chr14	HAP1	HAP2	1	14	215967	209748	7332	418383	0.982475
chr01x14	171750001	172000000	HAP1_chr14	HAP2_chr01	HAP1	HAP2	14	1	206030	186950	11586	381394	0.969622
chr01x14	171750001	172000000	HAP2_chr01	HAP2_chr14	HAP2	HAP2	1	14	186950	209748	9868	386830	0.974490
chr01x14	172000001	172250000	HAP1_chr01	HAP1_chr14	HAP1	HAP1	1	14	226677	227658	13948	440387	0.968328
chr01x14	172000001	172250000	HAP1_chr01	HAP2_chr14	HAP1	HAP2	1	14	226677	220470	13589	433558	0.968657
chr01x14	172000001	172250000	HAP1_chr14	HAP2_chr01	HAP1	HAP2	14	1	227658	216401	8226	435833	0.981126
chr01x14	172000001	172250000	HAP2_chr01	HAP2_chr14	HAP2	HAP2	1	14	216401	220470	7286	429585	0.983039
chr01x14	172250001	172500000	HAP1_chr01	HAP1_chr14	HAP1	HAP1	1	14	188980	209457	14903	383534	0.961143
chr01x14	172250001	172500000	HAP1_chr01	HAP2_chr14	HAP1	HAP2	1	14	188980	220033	13773	395240	0.965153
chr01x14	172250001	172500000	HAP1_chr14	HAP2_chr01	HAP1	HAP2	14	1	209457	222560	11073	420944	0.973695
chr01x14	172250001	172500000	HAP2_chr01	HAP2_chr14	HAP2	HAP2	1	14	222560	220033	10440	432153	0.975842
chr01x14	172500001	172750000	HAP1_chr01	HAP1_chr14	HAP1	HAP1	1	14	184494	229223	12196	401521	0.969625
chr01x14	172500001	172750000	HAP1_chr01	HAP2_chr14	HAP1	HAP2	1	14	184494	213425	14200	383719	0.962994
chr01x14	172500001	172750000	HAP1_chr14	HAP2_chr01	HAP1	HAP2	14	1	229223	228590	5607	452206	0.987601
chr01x14	172500001	172750000	HAP2_chr01	HAP2_chr14	HAP2	HAP2	1	14	228590	213425	5860	436155	0.986564
chr01x14	172750001	173000000	HAP1_chr01	HAP1_chr14	HAP1	HAP1	1	14	206143	221841	16708	411276	0.959375
chr01x14	172750001	173000000	HAP1_chr01	HAP2_chr14	HAP1	HAP2	1	14	206143	215808	14890	407061	0.963421
chr01x14	172750001	173000000	HAP1_chr14	HAP2_chr01	HAP1	HAP2	14	1	221841	219589	11562	429868	0.973103
chr01x14	172750001	173000000	HAP2_chr01	HAP2_chr14	HAP2	HAP2	1	14	219589	215808	14608	420789	0.965284
chr01x14	173000001	173250000	HAP1_chr01	HAP1_chr14	HAP1	HAP1	1	14	195323	211302	11972	394653	0.969664
chr01x14	173000001	173250000	HAP1_chr01	HAP2_chr14	HAP1	HAP2	1	14	195323	203887	12122	387088	0.968684
chr01x14	173000001	173250000	HAP1_chr14	HAP2_chr01	HAP1	HAP2	14	1	211302	230810	7293	434819	0.983228
chr01x14	173000001	173250000	HAP2_chr01	HAP2_chr14	HAP2	HAP2	1	14	230810	203887	9325	425372	0.978078
chr01x14	173250001	173500000	HAP1_chr01	HAP1_chr14	HAP1	HAP1	1	14	211638	196068	6365	401341	0.984141
chr01x14	173250001	173500000	HAP1_chr01	HAP2_chr14	HAP1	HAP2	1	14	211638	158251	7885	362004	0.978218
chr01x14	173250001	173500000	HAP1_chr14	HAP2_chr01	HAP1	HAP2	14	1	196068	231530	6431	421167	0.984731
chr01x14	173250001	173500000	HAP2_chr01	HAP2_chr14	HAP2	HAP2	1	14	231530	158251	4997	384784	0.987013
chr01x14	173500001	173541293	HAP1_chr01	HAP1_chr14	HAP1	HAP1	1	14	37204	33921	298	70827	0.995793
chr01x14	173500001	173541293	HAP1_chr01	HAP2_chr14	HAP1	HAP2	1	14	37204	37495	2066	72633	0.971556
chr01x14	173500001	173541293	HAP1_chr14	HAP2_chr01	HAP1	HAP2	14	1	33921	39495	1306	72110	0.981889
chr01x14	173500001	173541293	HAP2_chr01	HAP2_chr14	HAP2	HAP2	1	14	39495	37495	458	76532	0.994016
