kmer	count_a	count_b	assigned
acgtttcaaagac	5079	2459	a
cgtttcaaagacc	5018	2412	a
aacggtctttgaa	4450	2198	a
gacgtttcaaaga	4384	2157	a
caacggtctttga	4331	2162	a
acggccaaaaaac	4299	2069	a
cccaacatagccc	4287	2113	a
aaaacgaccgaga	4279	2035	a
aaaaacgaccgag	4269	2030	a
aaaaaacgaccga	4245	2022	a
ctttgaaacgtca	4225	2100	a
ccccaacatagcc	4168	2044	a
caaaaaacgaccg	4124	1811	a
ggccaaaaaacga	4110	1905	a
accccaacatagc	4074	1985	a
tattggtcgagga	1237	4041	b
cggccaaaaaacg	3972	1855	a
ccaaaaaacgacc	3922	1621	a
gccaaaaaacgac	3867	1627	a
aatatggtcgact	932	3296	b
aagtcgaccatat	920	3295	b
gaagtcgaccata	912	3285	b
atggtcgacttcc	871	3284	b
aggaagtcgacca	854	3280	b
aaggaagtcgacc	850	3270	b
cctcgaccaataa	1243	3269	b
gaatatggtcgac	928	3258	b
ccatattcgagta	912	3239	b
accatattcgagt	910	3230	b
cgaccatattcga	929	3214	b
ctcgaatatggtc	918	3211	b
aagctcatttaaa	3199	1559	a
cgaatatggtcga	929	3195	b
agctcatttaaag	3190	1563	a
caagctcatttaa	3188	1553	a
caaggaagtcgac	858	3089	b
ctcgaccaataac	718	2940	b
ggttattggtcga	788	2861	b
atggtggttattg	826	2814	b
cgaccaataacca	772	2807	b
accaataaccacc	842	2800	b
ccaataaccacca	770	2792	b
gaccaataaccac	820	2721	b
gagtaacgagtaa	2596	1206	a
aaatgaggttgta	259	2563	b
acaacctcatttc	243	2560	b
aatgaggttgtaa	258	2559	b
atgaggttgtaaa	259	2551	b
acctcatttcaag	296	2525	b
aacctcatttcaa	190	2511	b
caacctcatttca	239	2508	b
cctcatttcaagc	300	2506	b
ctttacaacctca	255	2505	b
cctttacaacctc	248	2501	b
ggttgtaaaggaa	264	2494	b
aggttgtaaagga	263	2493	b
aataaccaccata	815	2468	b
attcctttacaac	271	2456	b
taacgagtaagaa	2400	1099	a
aacgagtaagaaa	2373	1088	a
gtaacgagtaaga	2336	1081	a
cgagtaacgagta	2329	1118	a
agtaacgagtaag	2329	1083	a
taaccaccataca	628	2304	b
ataaccaccatac	630	2276	b
acgagtaagaaac	2272	1025	a
agtaagaaacggc	2256	883	a
ccgtttcttactc	2246	899	a
cgagtaagaaacg	2191	873	a
ggccgtttcttac	2171	848	a
taagaaacggcca	2161	847	a
atggtggtcattg	2137	761	a
ccaatgaccacca	2111	781	a
accaatgaccacc	2103	773	a
gaccaatgaccac	2072	742	a
aagaaacggccaa	2000	830	a
gaccaccatacac	1952	773	a
agcaataacgaag	1926	214	a
caagaatcgtgca	1924	860	a
caataacgaagcc	1907	321	a
cagcaataacgaa	1897	214	a
aataacgaagccg	1872	290	a
ctcgaccaatgac	1861	629	a
cgaccaatgacca	1845	619	a
ggtcattggtcga	1844	621	a
gcaataacgaagc	1831	212	a
aagctctcctcga	1823	466	a
aaatgcacgattc	1823	842	a
aagaatcgtgcat	1822	838	a
aatgcacgattct	1812	839	a
gaggagagcttca	1809	447	a
gagctcgaggaga	1809	458	a
aggagagcttcac	1807	452	a
agctcgaggagag	1806	451	a
acgtgaagctctc	1806	454	a
agctctcctcgag	1805	447	a
gctcgaggagagc	1805	450	a
cgaggagagcttc	1805	446	a
cgtgaagctctcc	1804	453	a
cattggtcgagga	1801	655	a
cctcgaccaatga	1798	620	a
cgagctcgaggag	1798	450	a
aaaaaaactagca	1790	0	a
aatgaccaccata	1786	650	a
aaaaaactagcat	1774	0	a
aaaaactagcatt	1773	0	a
tgaccaccataca	1767	636	a
gtgtggttcaaca	1760	759	a
tccttgacgcaaa	200	1755	b
ttccttgacgcaa	199	1755	b
gcgcagaatgcta	1754	0	a
tcctcgagctcga	1754	428	a
cctcgagctcgac	1753	425	a
aaaaaaaactagc	1753	0	a
actagcattctgc	1750	0	a
atgaccaccatac	1750	631	a
cgcagaatgctag	1748	0	a
aaaactagcattc	1747	0	a
aaactagcattct	1744	0	a
agcattctgcgcc	1742	0	a
aactagcattctg	1737	0	a
aagacgcgcatgt	1727	0	a
agacgcgcatgtg	1725	0	a
catgcgcgtcttc	1725	0	a
tcttctttgaaaa	1724	0	a
gtcttctttgaaa	1724	0	a
ccacatgcgcgtc	1724	0	a
aaaaggcgcagaa	1723	454	a
cgtgtggttcaac	1722	746	a
cgtcttctttgaa	1720	0	a
agaagacgcgcat	1719	0	a
gaaaaggcgcaga	1715	432	a
aagaagacgcgca	1713	0	a
gcgaaaaggcgca	1713	425	a
gcgtcttctttga	1712	0	a
aaaagcgcgaaaa	1711	405	a
aaagaagacgcgc	1710	0	a
acttccttgacgc	199	1708	b
cgtcaaggaagtc	204	1707	b
caaagaagacgcg	1704	0	a
cttccttgacgca	199	1703	b
cgcgaaaaggcgc	1702	422	a
aaagcgcgaaaag	1702	404	a
agcgcgaaaaggc	1701	433	a
acgcgcatgtggg	1701	0	a
cgaaaaggcgcag	1699	423	a
ccttgacgcaaaa	196	1699	b
caaaaaaaactag	1698	0	a
aagcgcgaaaagg	1698	433	a
gcaaaaaaaacta	1698	0	a
agttttttttgca	1696	0	a
cgccttttcgcgc	1688	420	a
cttgacgcaaaac	192	1653	b
ccgtgtggttcaa	1638	711	a
ggttttgcgtcaa	192	1634	b
acgcaaaaccacc	196	1626	b
tgacgcaaaacca	192	1623	b
gacgcaaaaccac	196	1621	b
cgcaaaaccacca	197	1617	b
aaaatggcctttg	1606	741	a
gcaaaaccaccac	201	1604	b
aaatggcctttgc	1596	755	a
aatcgtgcatttc	1586	669	a
gttcggcccccga	1583	677	a
agttcggcccccg	1577	669	a
gcttctttgaaaa	0	1567	b
agccgcgcatgtg	0	1560	b
ccacatgcgcggc	0	1558	b
aagccgcgcatgt	0	1555	b
ggcttctttgaaa	0	1540	b
gccgtgtggttca	1539	615	a
gcggcttctttga	0	1539	b
cggcttctttgaa	0	1538	b
gtcgggggccgaa	1537	657	a
aagaagccgcgca	0	1536	b
aaaaatgtgtgta	1535	475	a
aaagaagccgcgc	0	1532	b
caaagaagccgcg	0	1531	b
agaagccgcgcat	0	1526	b
atcgttctcgtca	638	1526	b
catgcgcggcttc	0	1519	b
aaaacggtctgtc	1516	590	a
cccacatgcgcgg	0	1510	b
aaaaaaacaggca	0	1508	b
aaaaaacaggcat	0	1508	b
aaaaacaggcatt	0	1507	b
aggcattctgcgc	0	1506	b
aaacggtggcgga	1505	681	a
aaaacaggcattc	0	1504	b
ggcattctgcgcc	0	1503	b
aacggtggcggat	1502	681	a
aatggcctttgcg	1495	720	a
aacaggcattctg	0	1488	b
aaaatgtacacac	1488	436	a
acggtggcggatc	1486	677	a
catcgttctcgtc	507	1486	b
ccaccgttttaaa	1483	696	a
aaacaggcattct	0	1483	b
caggcattctgcg	0	1480	b
aaatgtacacaca	1479	441	a
atggcctttgcga	1478	711	a
acaggcattctgc	0	1477	b
agattcagaatct	1473	539	a
accgttttaaaat	1470	697	a
gtgtacattttca	1464	446	a
tggcctttgcgaa	1459	700	a
aaaaaaaacaggc	0	1457	b
aaacggtctgtcg	1443	533	a
caccgttttaaaa	1440	686	a
aacggtctgtcgg	1440	528	a
gaaaatgtacaca	1435	440	a
gccaccgttttaa	1434	685	a
ggcctttgcgaac	1432	694	a
gacgatccgccac	1426	658	a
aaacgaccgagaa	1426	507	a
aaatgtgtgtaca	1421	402	a
acggtctgtcggg	1420	523	a
aaaatgtgtgtac	1419	400	a
acgatccgccacc	1419	617	a
aatgtacacacat	1418	416	a
aaagattcagaat	1405	494	a
gaaagattcagaa	1403	492	a
tgcaaaaaaaaca	0	1395	b
caaaaaaaacagg	0	1393	b
ctgttttttttgc	0	1389	b
aatgtgtgtacat	1384	393	a
ttactcgtttgaa	1365	491	a
agaaagattcaga	1360	475	a
tcggcccccgaca	1359	460	a
aaaggccatttta	1357	639	a
aagattcagaatc	1357	462	a
gcccccgacagac	1355	476	a
ccccgacagaccg	1348	488	a
aaacgagtaacga	1343	493	a
aaaacggtggcgg	1341	633	a
ctgaatctttctc	1340	458	a
gttactcgtttga	1337	476	a
aatctttctcggt	1334	477	a
cgatccgccaccg	1329	568	a
cgagaaagattca	1328	476	a
cccccgacagacc	1328	466	a
aaaaatgcgtatt	440	1327	b
aacgatgccgttc	200	1324	b
caaacgagtaacg	1322	476	a
cgccaccgtttta	1321	627	a
atctttctcggtc	1319	477	a
agaccgtttttgc	1317	489	a
cgacgatccgcca	1313	622	a
aaaaacggtctgt	1312	501	a
ccgagaaagattc	1303	473	a
acgatgccgttct	200	1302	b
aacggcatcgttc	219	1298	b
caaaaacggtctg	1287	489	a
aagaacggcatcg	196	1282	b
agaaaaatgcgta	418	1259	b
cgaccgagaaaga	1251	446	a
acgaccgagaaag	1250	441	a
atacgcatttttc	440	1242	b
cggcccccgacag	1234	408	a
ggcccccgacaga	1229	397	a
aacgaccgagaaa	1222	428	a
gtgaaaatgtaca	1218	335	a
acgcatttttctc	369	1198	b
atgatgtacatca	1190	263	a
cgagaaaaatgcg	379	1190	b
acacacatttttg	1159	373	a
aaaatgcgtattc	348	1155	b
atgcgtattcggg	511	1148	b
gctattccagcaa	1145	393	a
acggcatcgttct	219	1143	b
tgctattccagca	1138	389	a
cgtgaaaatgtac	1134	302	a
gagtagagcttca	0	1133	b
gagctcgagtaga	0	1131	b
actcgagctcgac	0	1130	b
agtagagcttcac	0	1130	b
cgtgaagctctac	0	1129	b
aagctctactcga	0	1129	b
agctctactcgag	0	1129	b
cgagtagagcttc	0	1129	b
agcgataacgatg	0	1128	b
atcgttatcgctg	0	1128	b
tactcgagctcga	0	1128	b
cattttcacgacg	1128	428	a
gctcgagtagagc	0	1128	b
agctcgagtagag	0	1128	b
cgagctcgagtag	0	1127	b
acgtgaagctcta	0	1124	b
acgagaacgatgc	267	1120	b
gtgcatttcaaac	1119	351	a
tactcgtttgaaa	1117	362	a
aaatgcgtattcg	344	1116	b
gttattgctggaa	1115	315	a
cacacatttttgc	1110	350	a
tacattttcacga	1109	308	a
gcatttcaaacga	1108	352	a
cgtttgaaatgca	1107	349	a
cgttattgctgga	1105	287	a
ccagcaataacga	1104	286	a
ataacgatgccgg	0	1102	b
accggcatcgtta	0	1102	b
actcgtttgaaat	1100	351	a
tcaagcaccggca	0	1095	b
aatacattacata	474	1090	b
atgccggtgcttg	0	1088	b
tcccgaatacgca	484	1085	b
ttatcattaataa	1082	367	a
cggcatcgttctc	204	1080	b
aagcaccggcatc	0	1080	b
acatttttgccat	1079	408	a
agcaccggcatcg	0	1076	b
aacgatgccggtg	0	1075	b
acgatgccggtgc	0	1072	b
catttcaaacgag	1072	340	a
atgtaatgtatta	465	1070	b
atcgtgcatttca	1064	274	a
tcgtgcatttcaa	1062	274	a
cgagaacgatgcc	244	1057	b
cgtgcatttcaaa	1056	270	a
aaaagcgcgaaag	0	1055	b
gcgcctttcgcgc	0	1054	b
aagcgcgaaaggc	0	1052	b
aaagcgcgaaagg	0	1052	b
agcgcgaaaggcg	0	1052	b
ctaatacattaca	464	1051	b
gcatcgttatcgc	0	1046	b
attattaatgata	1042	352	a
gaaaggcgcagaa	0	1041	b
cgaaaggcgcaga	0	1039	b
cgcgaaaggcgca	0	1036	b
ctgcgcctttcgc	0	1036	b
aattggctcggga	1026	508	a
acacatttttgcc	1026	337	a
cacatttttgcca	1025	332	a
aagaaatgaacac	1024	203	a
aatgcgtattcgg	334	1017	b
atacattacatac	414	1011	b
agaaatgaacacg	1008	202	a
gaaatgaacacga	1008	200	a
aaatgaacacgat	1004	200	a
cggcatcgttatc	0	1000	b
attggctcgggaa	997	492	a
attatcattaata	995	327	a
acgcttcaattga	0	994	b
cgataacgatgcc	0	992	b
tgattatcattaa	986	314	a
gtattaggctcaa	485	979	b
cgcttcaattgag	0	976	b
attaatgataatc	973	319	a
tacattacataca	407	967	b
gcctaatacatta	408	963	b
aatgtattaggct	419	960	b
cctaatacattac	376	958	b
taatgataatcaa	952	304	a
aatgataatcaag	950	303	a
aagaaccaccata	942	454	a
agaaccaccatac	938	462	a
acattttcacgac	936	264	a
ctcgaagaacggc	381	935	b
agtccgtcggggg	933	227	a
atcattaataatg	929	289	a
atggtggttcttg	925	460	a
ccattattaatga	924	289	a
aatagccaccata	0	921	b
atagccaccatac	0	920	b
attacatacatca	417	919	b
ggtggggacggaa	918	316	a
attgaagcgttaa	0	915	b
acattacatacat	425	911	b
tagccaccataca	0	911	b
agtgtatggtggc	0	907	b
acagtccgtcggg	906	238	a
atgataatcaagg	906	285	a
aattgaagcgtta	0	905	b
cattacatacatc	413	901	b
gttcggggagata	901	292	a
cagtccgtcgggg	900	230	a
cccttgattatca	895	289	a
ataatcaagggtc	895	282	a
acccttgattatc	894	285	a
tcaaagaagtcga	894	294	a
aacgcttcaattg	0	894	b
atcgacttctttg	894	306	a
tgtaaaggaacaa	892	360	a
tgttcctttacaa	891	359	a
gaagaacggcatc	185	884	b
aaagaagtcgatc	881	294	a
aacagtccgtcgg	879	237	a
cgacttctttgac	878	297	a
aattttagctata	876	264	a
gtaaaggaacaaa	874	359	a
agccaccatacac	0	872	b
aggtggggacgga	871	296	a
tattccagcaata	869	320	a
acctagttcggcc	868	256	a
ttccttggcccaa	867	308	a
gacttccttggcc	867	301	a
acttccttggccc	866	300	a
tccttggcccaaa	866	335	a
cttccttggccca	866	301	a
cctagttcggccc	864	255	a
gacttctttgacc	863	288	a
ctagttcggcccc	863	254	a
attgctggaatag	862	323	a
cacctagttcggc	862	255	a
aaacccaagttcg	862	274	a
aagttcggggaga	861	289	a
agttcggggagat	860	289	a
attccagcaataa	858	320	a
ccttggcccaaaa	854	340	a
aaacaaccacaca	853	417	a
aactttgatgaga	372	852	b
aacaaccacacac	852	413	a
aatcaagggtcca	850	258	a
actttgatgagaa	376	849	b
ccaaggaagtcga	849	297	a
acccaagttcggg	847	274	a
acaaccacacact	847	411	a
aacccaagttcgg	846	274	a
cccaagttcgggg	846	272	a
cgacttccttggc	845	296	a
gtaaagaaatgaa	845	211	a
agggagtgtgtag	844	199	a
ggctattggtcga	0	843	b
ccacctagttcgg	842	256	a
ccaagttcgggga	842	274	a
gcttgtaaagaaa	841	288	a
aaccacacactcc	841	392	a
aaaacaaccacac	840	418	a
cgaccaatagcca	0	839	b
cttggcccaaaac	839	340	a
gggacccacctta	838	0	a
ggacccttgatta	838	261	a
aaagaaatgaaca	837	218	a
atgtattaggctc	373	837	b
actacacactccc	836	198	a
ccccacctagttc	835	257	a
atagctaaaattg	834	237	a
acggactgttttg	834	250	a
aagggagtgtgta	833	211	a
ccgtccccaccta	833	290	a
aaccactacacac	832	120	a
caaccacacactc	832	407	a
cccacctagttcg	832	265	a
caaaacaaccaca	831	409	a
aaaccactacaca	831	119	a
aacggccaaaaca	831	243	a
accactacacact	830	200	a
caactttgatgag	370	830	b
aaaacccaagttc	829	278	a
cccaaaacaacca	829	402	a
cactacacactcc	829	200	a
aaaaccactacac	828	119	a
acccaccttacat	827	0	a
gttcatttcttta	827	211	a
gacccaccttaca	827	0	a
aactaggtgggga	827	250	a
ccactacacactc	826	199	a
aatcttttatatg	826	254	a
taatataggtaaa	826	396	a
cgttctcatcaaa	331	826	b
ccaaaacaaccac	825	402	a
catgtaaggtggg	824	0	a
caccttacatgca	824	0	a
aaaggaacaaaca	824	324	a
gggttttactcga	823	286	a
cacgtgcatgtaa	823	0	a
accttacatgcac	823	0	a
ggacccaccttac	823	0	a
acgggacccacct	823	0	a
acgtgcatgtaag	821	0	a
ccttacatgcacg	821	0	a
ccaccttacatgc	821	0	a
tcgttctcatcaa	335	820	b
ctcgaccaatagc	0	820	b
gttttgggtcaaa	820	227	a
aaggtgggtcccg	818	0	a
ttaatataggtaa	818	392	a
agctaaaattgcc	816	226	a
cgagtaaaaccca	815	287	a
gcaattttagcta	814	216	a
actaggtggggac	814	233	a
attaatataggta	813	394	a
gtttgttccttta	811	319	a
gagatttcagctc	810	249	a
gagtaaaacccaa	809	286	a
gactgttttggcc	808	241	a
actgttttggccg	804	239	a
acggccaaaacag	804	238	a
aacttgggtttta	804	285	a
atcaagggtccaa	803	235	a
accaatagccacc	0	803	b
acttgggttttac	803	285	a
aattaatataggt	802	396	a
agtaaaacccaag	801	283	a
gccaaaacagtcc	801	236	a
gttaacgcttcaa	0	801	b
atcttttatatgg	800	231	a
ggttttactcgaa	799	286	a
caatagcaaccaa	799	0	a
cccatataaaaga	796	230	a
ccaatagccacca	0	792	b
ccaaaacagtccg	792	229	a
agcgtatctcccc	791	297	a
gtatctccccgaa	789	300	a
atggtggctattg	0	789	b
atgccgttcttcg	176	788	b
cttggacccttga	788	236	a
ccccatataaaag	788	247	a
ctttgacccaaaa	788	220	a
caattaatatagg	788	386	a
tcgaagaacggca	177	788	b
catcaaagttgca	350	785	b
aatcgagatttca	785	280	a
gatttcagctccc	785	245	a
agatttcagctcc	785	242	a
caagcgtatctcc	784	297	a
aaatcatgttcat	229	783	b
aagcgtatctccc	782	298	a
gcaactttgatga	338	782	b
gagatacgcttga	782	295	a
acttctttgaccc	781	291	a
agatacgcttgaa	780	298	a
gaccaatagccac	0	780	b
gcaatagcaacca	778	0	a
gatacgcttgaaa	777	298	a
ctgttgaaccaca	777	215	a
atcaaagttgcat	368	777	b
ttctttgacccaa	777	298	a
cgtatctccccga	777	302	a
ggttgctattgca	776	0	a
gttattgctgcaa	775	0	a
cggggagatacgc	774	295	a
tactcgaatacga	774	244	a
caaatcatgttca	223	773	b
aatcatgttcatt	284	773	b
gccccatataaaa	773	248	a
gtattcgagtaaa	772	247	a
cgtattcgagtaa	771	245	a
cttctttgaccca	769	294	a
atcatgttcattc	278	769	b
tctttgacccaaa	769	222	a
actcgaatacgat	769	243	a
attgcagcaataa	768	0	a
cctgttgaaccac	768	211	a
gttaactcccgaa	0	768	b
tattgcagcaata	767	0	a
atacgcttgaaat	764	295	a
gctattgcagcaa	763	0	a
ccctgttgaacca	762	216	a
agccccatataaa	762	242	a
attgctgcaatag	762	0	a
tagccccatataa	761	243	a
gctgcaatagcaa	761	0	a
aaggccattttac	760	328	a
atataaaagattc	760	227	a
atcgagatttcag	759	255	a
tgctattgcagca	759	0	a
atatggggctatg	759	240	a
aagaagtcgatca	759	280	a
aaaacagtccgtc	758	246	a
aggccattttacc	758	327	a
ctgcaatagcaac	757	0	a
atttcagctcccc	757	225	a
agaagtcgatcat	757	280	a
tataaaagattca	756	225	a
ctcgaatacgatc	754	239	a
aaattgccctgtt	754	193	a
aaaattgccctgt	754	193	a
cgatcgtattcga	754	237	a
cagggcaatttta	753	190	a
aaggaatgaacat	283	753	b
cctcgaccaatag	0	753	b
ttcaacagggcaa	752	201	a
gaagtcgatcgta	751	216	a
aaccaaattgtgt	751	365	a
atagccccatata	750	240	a
attgccctgttga	750	199	a
agctccccgagcc	750	206	a
aatacgatcgact	749	217	a
acaatttggttgc	748	363	a
aagtcgatcgtat	748	216	a
gaatacgatcgac	748	245	a
agcaaccaaattg	748	362	a
cgaatacgatcga	747	234	a
aattgccctgttg	747	199	a
gttcaacagggca	746	201	a
ggaatgaacatga	276	746	b
agggcaattttag	745	190	a
caaccaaattgtg	745	361	a
gccctgttgaacc	744	202	a
gccccaacgtagc	743	347	a
aacacaatttggt	742	365	a
gtaaaaacgtcaa	740	368	a
aggaatgaacatg	275	739	b
atatcaaccaaat	0	739	b
cgtccccacctag	738	225	a
ctttgatgagaac	271	737	b
cgttattgctgca	737	0	a
tgacgtttttaca	737	365	a
caaaaccactaca	736	123	a
aatataggtaaaa	736	326	a
accaccacacaca	736	328	a
aaacagtccgtcg	735	239	a
gcagcaataacga	735	0	a
gctaaaattgccc	733	184	a
aatatcaaccaaa	0	733	b
atataggtaaaat	732	316	a
cggggagctgaaa	731	211	a
ccaaaaccactac	731	121	a
ggttgatattcca	0	729	b
agttaacgcttca	0	728	b
gctgaaatctcga	727	239	a
gaatatcaaccaa	0	727	b
cattttacctata	727	316	a
agctgaaatctcg	726	241	a
gatttggttgata	0	725	b
tcggggagctgaa	724	209	a
taaaagattcaca	721	221	a
cccaaaaccacta	721	121	a
ataaaagattcac	720	221	a
cgttaactcccga	0	720	b
aggtaaaatggcc	719	315	a
acccaaaaccact	718	124	a
ataggtaaaatgg	718	310	a
acgatttggttga	0	717	b
atcaaccaaatcg	0	717	b
catttctttacaa	716	204	a
gccattttaccta	715	308	a
tcatttctttaca	715	204	a
atttctttacaag	709	203	a
ggaatatcaacca	0	706	b
ctcggggagctga	705	186	a
cagctccccgagc	700	186	a
gaagcgttaactc	0	700	b
ctcgagaaaaaca	0	699	b
cgagcctaataca	324	696	b
tacgtttcaaaga	693	346	a
ctttgaaacgtaa	692	345	a
aggaagtcgatcg	690	215	a
ttgaaacgtaaaa	690	345	a
atcataataaaag	0	690	b
acgatcgacttcc	688	214	a
tcataataaaaga	0	687	b
aagcgttaactcc	0	685	b
cgggagttaacgc	0	682	b
ggtttttggtcaa	681	251	a
atgtaaaaacgtc	678	313	a
agcgttaactccc	0	663	b
atcattctcgtca	659	315	a
actcttttattat	0	652	b
catcataataaaa	0	651	b
aaattttcaagac	648	188	a
atagcttcaattg	647	259	a
ctggaatatcaac	0	645	b
gtaaaacggtcaa	643	282	a
tagcttcaattga	643	267	a
aattgaagctata	643	257	a
atgtacatcataa	642	198	a
attatgatgtaca	642	197	a
cctaatatgttac	236	642	b
attgaccgtttta	641	282	a
attttcaagacga	638	198	a
cataataaaagag	0	636	b
atcgtcttgaaaa	635	197	a
cattaataatggc	634	188	a
aacatattaggct	241	633	b
gaccgttttaccc	633	252	a
taataatggcaaa	629	184	a
aattttcaagacg	628	184	a
attgaagctataa	627	281	a
ggtaaaacggtca	626	248	a
gcgtaactcccca	625	265	a
ccaccacacacac	622	287	a
ttaataatggcaa	620	176	a
gatgtacatcata	620	181	a
attaataatggca	619	178	a
cgtaactccccaa	618	264	a
gatcgtcttgaaa	618	200	a
gtaactccccaaa	617	251	a
tgtaaattttcaa	613	193	a
ctaatatgttaca	188	609	b
gttttacccccga	609	194	a
cttggtcgaggaa	607	301	a
tcctcgaccaaga	607	301	a
taaattttcaaga	607	195	a
gttatagcttcaa	603	271	a
gcctaatatgtta	233	603	b
gtcgggggtaaaa	603	198	a
cctcgaccaagaa	602	301	a
aaaccgttgtgaa	195	600	b
ggatcgtcttgaa	597	192	a
caccacacacacc	596	282	a
acacacaccctta	595	287	a
agggtgtgtgtgg	595	293	a
aaccgttgtgaat	192	593	b
aagggtgtgtgtg	591	294	a
cttgaaaatttac	591	175	a
acatgatgtacat	591	0	a
atattccagcgat	0	590	b
cgctggaatatca	0	589	b
cacacccttatta	588	284	a
gatattccagcga	0	588	b
tacatgatgtaca	586	0	a
ttattgagctgaa	274	586	b
tattgagctgaaa	273	585	b
gctggaatatcaa	0	585	b
accacacacaccc	584	276	a
acatcatgtagaa	581	0	a
aacgtcaaggact	581	270	a
tacatcatgtaga	581	0	a
aagacgatccgcc	579	187	a
acccccgacggac	579	194	a
cggatcgtcttga	576	188	a
caagacgatccgc	576	188	a
acggtttttgaaa	162	575	b
aaaaatttacaca	165	574	b
aaaaccgttgtga	169	574	b
cactcttttatta	0	572	b
catgatgtacatc	571	0	a
ctacatgatgtac	568	0	a
cggtttttgaaac	141	566	b
aacggtttttgaa	153	565	b
cgtcgggggtaaa	564	184	a
gtaaaaatttaca	148	561	b
aataatggcaaaa	560	144	a
gatgcaattttga	254	559	b
taaatttttacga	148	557	b
caacggtttttga	150	557	b
acaacggtttttg	147	555	b
aaaaaccgttgtg	150	552	b
gcccaaaacaacc	551	218	a
gtttggggagtta	549	155	a
cgtaaaaatttac	141	548	b
ccgtcgggggtaa	547	181	a
gtgtaaattttta	147	544	b
tacccccgacgga	544	180	a
acttccttgacca	542	216	a
aactccccaaact	540	158	a
acatattaggctc	230	538	b
aaaacacgtattc	0	537	b
accgttttacccc	535	210	a
cgggggtaaaacg	534	181	a
cttccttgaccaa	533	212	a
caagtttggggag	532	160	a
cgtgtgattcgaa	141	532	b
aagtttggggagt	528	153	a
acttgtaaaggat	526	149	a
ccgttttaccccc	524	180	a
tccttgaccaaaa	522	203	a
ataatggcaaaaa	522	128	a
aacaaacatgatt	521	133	a
cttgaccaaaaac	521	196	a
aaacacgtattcg	0	521	b
gtgtgattcgaac	116	520	b
aacggcatcattc	519	240	a
acggcatcattct	517	228	a
ttccttgaccaaa	517	199	a
aatggcaaaaatg	515	118	a
ccttgaccaaaaa	515	203	a
aaaaacacgtatt	0	515	b
gttattgagctga	215	514	b
gatcgtcgtaaaa	174	514	b
agttattgagctg	215	512	b
aaatttttacgac	135	512	b
cacatcataataa	0	510	b
atttttacgacga	164	507	b
atcgtcgtaaaaa	162	507	b
aaggaacaaacat	506	135	a
aacacgtattcgg	0	505	b
ccgtgtggttggc	504	101	a
ccggcttctttga	504	165	a
aatttttacgacg	127	503	b
atttttgccatta	500	117	a
cggcatcattctc	500	219	a
cgagaaaaacacg	0	498	b
acgtattcgggag	0	497	b
agaaaaacacgta	0	495	b
acacacatcataa	0	494	b
atattaattggat	494	211	a
agacgatccgccg	493	154	a
acacatcataata	0	493	b
gtgtttttctcga	0	491	b
acgtgtttttctc	0	489	b
atcatgtttgttc	489	107	a
ctcatttcaagca	489	127	a
tgttttgggccaa	488	221	a
atgatgtgtgtaa	0	488	b
cctcgttctcatc	219	488	b
tacacacatcata	0	487	b
aggaacaaacatg	486	109	a
ctcgttctcatca	221	486	b
attatgatgtgtg	0	485	b
ctcaaagaacggc	226	485	b
ggaacaaacatga	484	108	a
atgcttgaaatga	482	134	a
ggatcgtcgtaaa	130	482	b
gatccaattaata	481	195	a
tggcccaaaacaa	480	224	a
atacgtgtttttc	0	478	b
cggatcgtcgtaa	126	477	b
tagaaacgtcaaa	476	0	a
cggcttctttgac	475	166	a
ggcccaaaacaac	475	222	a
aaagcgtaactcc	472	0	a
catttcaagcata	470	132	a
tcgacttccttaa	0	468	b
acacgtattcggg	0	467	b
aacccaaaaccac	0	467	b
gacttccttaacc	0	466	b
gttacacacatca	0	465	b
cggtccaagaatc	465	173	a
cttaacccaaaac	0	465	b
cacgtattcggga	0	465	b
ggttttgggttaa	0	464	b
aaaagagtgaatg	0	464	b
ccgatccaattaa	463	197	a
gttgctattctaa	463	131	a
ccttaacccaaaa	0	463	b
attaattggatcg	463	192	a
cgacttccttaac	0	463	b
gcggatcgtcgta	129	462	b
acttccttaaccc	0	462	b
acaaacatgatta	461	102	a
cccgatccaatta	461	197	a
taacccaaaacca	0	459	b
ccaaccacacggc	458	0	a
acggtccaagaat	458	172	a
ggttgctattcta	457	106	a
caaccacacggcc	457	0	a
aacggtccaagaa	457	171	a
ccgtcgaagcaca	225	455	b
aataaaagagtga	0	455	b
ttccttaacccaa	0	455	b
catcatgtagaaa	455	0	a
aaagagtgaatgg	0	454	b
ataggataggtac	454	215	a
cttccttaaccca	0	453	b
aatcgtgtgattc	139	453	b
caacggtccaaga	452	168	a
attaatgatagca	451	161	a
aatcacacgattc	146	451	b
ttaatgatagcaa	449	161	a
attacgatgcaat	207	449	b
atattaggctcga	206	448	b
tccttaacccaaa	0	448	b
ataaaagagtgaa	0	447	b
attggatcgggga	447	189	a
gagaaaaatgcaa	218	446	b
aattggatcgggg	446	191	a
taatgatagcaaa	446	158	a
aagaatcgtgtga	152	445	b
attcactctttta	0	444	b
aagagtgaatggt	0	444	b
agaatagcaacca	444	100	a
gatcgtcatgaaa	443	194	a
agaatcgtgtgat	139	442	b
tcgaatcacacga	140	440	b
agagtgaatggtg	0	439	b
caagaatcgtgtg	145	439	b
ctgccgttttaaa	438	203	a
caaacatgattag	437	0	a
acacgattcttgg	160	437	b
tgccgttttaaaa	436	202	a
aaaaatgcaaacc	217	436	b
atcgtgtgattcg	142	435	b
tatattaattgga	435	186	a
acatgtttgctat	434	160	a
gctcaataactcc	213	433	b
aaacatgattagg	433	0	a
aatgatagcaaac	432	148	a
ataaccaacggtc	431	143	a
catattaggctcg	196	431	b
caaacggccaaaa	430	160	a
gctccccgatcca	428	178	a
taccgtcgaagca	200	427	b
ccaacggtccaag	427	156	a
ggatcgtcatgaa	426	174	a
ggaccgttggtta	426	143	a
atcatgtagaaac	424	0	a
acgagtaaagagt	424	186	a
aacgagtaaagag	424	184	a
atgtttgctatca	423	152	a
atcggggagccga	423	182	a
ctcgttcgaatca	112	422	b
atgatagcaaaca	421	147	a
gctgccgttttaa	421	182	a
ctccccgatccaa	421	178	a
accaacggtccaa	420	143	a
aaccaacggtcca	420	143	a
aataaccaccatt	0	420	b
cggctccccgatc	420	181	a
atcgtcatgaaaa	420	187	a
tcgaacgagtaaa	419	183	a
catgtttgctatc	419	147	a
gtaaaggaaagaa	419	131	a
cgctgccgtttta	417	184	a
attttcatgacga	416	175	a
cggatcgtcatga	415	177	a
acgacgatccgct	415	180	a
ctttcctttacaa	415	129	a
catgacgatccgc	414	178	a
gacgatccgctgc	414	184	a
tctttcctttaca	414	127	a
accaccattcact	0	413	b
ggatcggggagcc	413	170	a
aagggtccaaaaa	412	198	a
cacatgtttgcta	412	154	a
aaggaacggcttc	203	412	b
ccaccattcactc	0	412	b
acacatgtttgct	411	150	a
atgacgatccgcc	409	165	a
aaacggcagcgga	409	176	a
aaaatgcaaaccc	196	409	b
aacggcagcggat	409	175	a
actttaaatgagc	408	129	a
acttgacccaaaa	0	408	b
cactctttactcg	406	175	a
cactttaaatgag	406	131	a
cgttcgaatcaca	109	406	b
acactttaaatga	406	128	a
gtgattcgaacga	112	405	b
gaacgagtaaaga	405	172	a
caagggtccaaaa	405	184	a
gttctttccttta	405	126	a
aaaggaaagaaca	403	130	a
agggtccaaaaat	403	198	a
tacttgacccaaa	0	402	b
cgaacgagtaaag	402	172	a
ccaagggtccaaa	401	181	a
aaaacggcagcgg	400	178	a
acttacttgaccc	0	399	b
cgtgtggttggcc	399	0	a
cttacttgaccca	0	398	b
ttacttgacccaa	0	398	b
acggcagcggatc	398	169	a
cagcggatcgtcg	398	174	a
tacaacataataa	116	398	b
aaagaacacgatt	396	134	a
tcggagagttaca	394	112	a
acgatccgctgcc	394	164	a
aaatcgtgttctt	394	139	a
gacttacttgacc	0	392	b
cgacttacttgac	0	391	b
gcttaaaatgaac	390	0	a
cgatttttggacc	390	186	a
agttaaagcgtaa	390	145	a
atcgtgttctttc	389	142	a
cacgatttttgga	388	177	a
acgatttttggac	388	178	a
atgcattttactc	388	138	a
tgtggttggccaa	388	0	a
aagttcattttaa	386	0	a
aacgaagccgttc	180	386	b
agttcattttaag	384	0	a
atctattttaaaa	384	172	a
gtgtggttggcca	383	0	a
aaccaccattcac	0	383	b
aatgataaccaac	383	128	a
cgcttaaaatgaa	383	0	a
aacatgcatttta	383	127	a
ccgttggttatca	382	127	a
tattaggctggaa	0	382	b
cgatccgctgccg	382	155	a
accgttggttatc	382	127	a
atgataaccaacg	382	128	a
ccttggccaacca	381	0	a
aacgaacaagatt	381	0	a
agtaaaatgcatg	381	127	a
accttggttatca	380	0	a
caagttcatttta	380	0	a
aaaatgcatgttc	379	132	a
aaaatgaacttgt	379	0	a
atttaaagtgtaa	378	119	a
gatttttggaccc	378	188	a
aaatcaagatttc	378	106	a
cttggccaaccac	378	0	a
gccggtcctcgac	377	114	a
ccggtcctcgacg	377	112	a
taggataggtaca	377	184	a
tggccttggccaa	376	0	a
acaacataataaa	0	376	b
aggataggtacat	376	183	a
acatgcattttac	376	122	a
gttacactttaaa	376	116	a
aaccttggttatc	376	0	a
aatgtacctatcc	376	182	a
catttaaagtgta	376	111	a
agttacactttaa	375	114	a
gccttggccaacc	375	0	a
aaatgtacctatc	375	182	a
atcttgttcgttc	375	0	a
aaatgcaaacccg	185	375	b
acgaagccgttcc	161	375	b
atacaacataata	0	374	b
agtgtaactctcc	374	110	a
aaggaacgaacaa	374	0	a
aagtgtaactctc	374	114	a
aggaacggcttcg	161	373	b
agaacgaagccgg	373	0	a
ggccttggccaac	373	0	a
cttgtaaaggaaa	373	0	a
ggaaagaacacga	373	130	a
cggagagttacac	372	111	a
accggcttcgttc	372	0	a
agtaagtcgatca	0	371	b
caataaagatgcc	371	184	a
cggcggatcgtca	371	155	a
aggaaagaacacg	371	125	a
taagtcgatcata	0	371	b
atggccttggcca	370	0	a
gacggaaaatgta	370	180	a
attaggctggaag	0	369	b
aggaacgaacaag	369	0	a
aacttgtgtttta	369	145	a
tatctattttaaa	369	158	a
acataataaagga	0	369	b
ggaacgaacaaga	369	0	a
acttgtgttttac	368	144	a
aaaatgtacctat	368	183	a
aatatctatttta	368	161	a
caacataataaag	0	367	b
atatctattttaa	367	158	a
gagttacacttta	367	113	a
aatggccttggcc	366	0	a
cggaaaacgttcc	0	365	b
aacgttttccgtc	0	365	b
caagcataactcc	365	168	a
aaagtgtaactct	365	113	a
atttgaaaacggc	364	0	a
aaaacacaagttc	364	141	a
gttttaaaataga	364	163	a
atgatcgacttac	0	364	b
aaggaaagaacac	364	118	a
acggaaaacgttc	0	363	b
agtaaaacacaag	363	144	a
ataaccaaggttc	362	0	a
aaaatagatattt	362	159	a
aaatgcatgttcg	362	122	a
atgcactccttta	361	0	a
aatcaagatttcg	361	0	a
aatgaacacaatt	361	0	a
aaacacaagttcg	361	126	a
cggaaaatgtacc	361	174	a
gcccaaaaccacc	360	0	a
acggaaaatgtac	360	174	a
aatgaccaccatg	360	0	a
aacacaagttcgg	360	124	a
aaaacgttcctat	0	360	b
ataaaggagtgca	360	0	a
aagtaagtcgatc	0	360	b
aaactcccgaata	359	132	a
acaagttcgggga	359	113	a
aatggcatcgttc	125	359	b
atcgacttacttg	0	359	b
gaaaacgttccta	0	358	b
atgaccaccatgc	358	0	a
atcaagatttcgg	358	0	a
tcaagtaagtcga	0	357	b
aaattgtgttcat	357	0	a
ggcccaaaaccac	357	0	a
gccgaaatcttga	357	0	a
aaacgttcctatc	0	356	b
ggttttgggccaa	356	124	a
ccgttttaaaata	356	146	a
aatctgtctcggt	356	158	a
agccgaaatcttg	356	0	a
agaacacgatttg	356	100	a
tggcccaaaacca	355	123	a
cgttttaaaatag	355	146	a
acgtcaaagaagc	355	0	a
aaatagatatttc	355	156	a
aaaggagtgcatg	354	100	a
acgcttgaaatgg	354	0	a
aatgcatgttcgg	354	119	a
tgaccaccatgca	354	0	a
aacataataaagg	0	354	b
caaattgtgttca	354	0	a
acacaagttcggg	354	122	a
taggctggaagaa	0	354	b
gcaactttgacaa	138	354	b
aaggagtgcatgg	354	0	a
aaacccgggagtt	167	353	b
accatgcactcct	353	0	a
gatgtttcaaaaa	0	353	b
aacgttcctatcc	0	353	b
gcaagtttgggga	353	147	a
aataaaggagtgc	352	100	a
aacgtcaaagaag	352	0	a
ataaccaccattc	0	352	b
taaccaccattca	0	351	b
cgccgccgttttc	351	0	a
atgtttcaaaaac	0	351	b
cacaagttcgggg	351	110	a
tcttccagcctaa	0	351	b
aggaacgttttcc	0	351	b
ccgttttcaaatc	351	0	a
tgcaactttgaca	148	351	b
aacccgggagtta	174	350	b
acgttcctatcct	0	350	b
cgttagaatagca	350	118	a
tgatgtttcaaaa	0	350	b
cgccgttttcaaa	349	0	a
atttcaagcataa	349	136	a
cgagacagattca	349	173	a
aggaatgaacaca	349	0	a
gagttatgcttga	349	137	a
ccgccgttttcaa	349	0	a
ggaatgaacacaa	348	0	a
accaccatgcact	348	102	a
gaccaccatgcac	348	0	a
gccgccgttttca	348	0	a
gttagaatagcaa	347	127	a
attgtgttcattc	346	0	a
attccaacgtcaa	346	0	a
ggtttttgaaaca	0	345	b
aattgaagcttaa	345	133	a
ttccaacgtcaaa	345	0	a
caccatgcactcc	344	103	a
acgttggaatagc	344	0	a
ccaccatgcactc	343	100	a
caataactcccgg	167	343	b
aatagatatttcg	342	143	a
tattccaacgtca	342	0	a
gctattctaacga	342	120	a
atagatatttcgg	341	141	a
ctattccaacgtc	341	0	a
ccaacgtcaaaga	340	0	a
caacgtcaaagaa	340	0	a
ctttgacgttgga	340	0	a
ctccacacactcc	339	0	a
aaatctgatcata	339	128	a
cctccacacactc	336	0	a
gttatgcttgaaa	335	132	a
aaaacgcatattc	335	125	a
actaggataggaa	0	335	b
cgtcaaagaagcc	335	0	a
acctccacacact	334	125	a
ccccaaacttgcg	334	144	a
aacgcaagtttgg	334	150	a
aaacgcaagtttg	334	150	a
aacctccacacac	334	123	a
tgttcgagtaaaa	334	0	a
acgcaagtttggg	334	145	a
aaacgcatattcg	334	123	a
aaatcgtgcgatt	334	152	a
aaaacctccacac	333	123	a
cgttcctatccta	0	333	b
gactaggatagga	0	333	b
aatcaagttttca	102	332	b
aacgcatattcgg	332	119	a
ggaaccttggtta	332	0	a
aaaaatcgtgcga	332	153	a
aaccaaggttcca	331	0	a
ccgagacagattc	331	152	a
gaagcttaaactc	331	117	a
aacgagtaacaaa	331	148	a
aaacctccacaca	331	123	a
aaaatcgtgcgat	330	152	a
aaaacgcaagttt	330	149	a
acgcatattcggg	330	117	a
ctaggataggaac	0	330	b
attgaagcttaaa	330	122	a
agttatgcttgaa	330	132	a
caattgaagctta	329	122	a
taatatagcaaaa	329	163	a
cgcatattcggga	328	114	a
ctgagcctaatac	328	0	a
atatagcaaaaat	328	160	a
atcaagttttcac	0	327	b
aagcttaaactcc	327	116	a
tattaggctcaga	327	0	a
taacgagtaacaa	327	145	a
atctgtctcggtc	327	160	a
cttaaactcccga	326	114	a
accaaggttccaa	325	0	a
ttaaactcccgaa	325	113	a
acgagtaacaaac	325	137	a
cgagtaacaaacg	325	138	a
ccaagaatcatgc	324	162	a
cccttgacccaaa	324	0	a
gggagtgtgtgga	323	0	a
agcttaaactccc	323	115	a
ccgtttgttactc	322	139	a
taggctcagagaa	322	0	a
gaaaacttgatta	0	321	b
gattcttggaacc	321	0	a
actcccgggtttg	142	321	b
attcgggagttta	321	122	a
aggttccaagaat	320	0	a
cgggagtttaagc	320	114	a
aaggttccaagaa	319	0	a
taggctcgaaaaa	0	319	b
aatatgcgttttc	319	0	a
atcgttctcatca	100	318	b
caaaaatcgtgcg	318	136	a
attaggctcgaaa	0	318	b
gtttaagcttcaa	317	118	a
ttaggctcgaaaa	0	317	b
agtttaagcttca	317	117	a
tgccacgtagaaa	0	317	b
actcccttgaccc	316	0	a
attaggctcagag	316	0	a
gttcgagtaaaac	316	0	a
tctctgagcctaa	316	0	a
gcataataaggga	0	316	b
tatgccacgtaga	0	315	b
acacgaccaaaaa	315	125	a
agtatgccacgta	0	314	b
atgccacgtagaa	0	314	b
gccacgtagaaac	0	314	b
atatgcgttttcc	314	0	a
ctacgtggcatac	0	314	b
cgaccgagacaga	313	151	a
aactcccaaatac	0	313	b
acctcgttctcat	147	313	b
acgattcttggaa	313	0	a
cacacgaccaaaa	312	124	a
tcccttgacccaa	312	0	a
aagatttcggctc	312	0	a
cacgaccaaaaaa	311	119	a
caaggttccaaga	311	0	a
aggaaaacgcata	311	0	a
ctcccttgaccca	310	0	a
cgattcttggaac	310	0	a
aactcacgaatac	0	310	b
atactgcataata	0	309	b
gccatttttgcta	309	122	a
cccttattatgca	0	309	b
ccaaaaatcgtgc	308	130	a
aaacgtcaaacac	308	0	a
catttttgctata	308	116	a
ccttattatgcag	0	307	b
atagcaaaaatgg	307	117	a
gacctcgttctca	142	307	b
ccacacgaccaaa	307	121	a
actcccaaatacg	0	306	b
acgtcaaacaccg	306	0	a
aacgtcaaacacc	306	0	a
cttgacgttttta	306	0	a
ccggtgtttgacg	305	0	a
aacggcttcgtta	0	305	b
aaccacacgacca	305	127	a
tgattatgatgca	0	305	b
acggcttcgttat	0	305	b
attatgcagtatg	0	305	b
aacgataacaaag	305	100	a
accacacgaccaa	304	121	a
aaacaccggcttc	304	0	a
catcgttctcatc	0	304	b
gtaactcgccgaa	0	304	b
atatgatcgactc	304	0	a
agccggtgtttga	304	0	a
aagccggtgtttg	304	0	a
ggtgaaaacttga	0	303	b
gccggtgtttgac	303	0	a
ggagtcgatcata	303	0	a
aacagcaaccaaa	302	0	a
ttaaagcgtaaaa	302	0	a
atgatcgactccc	302	0	a
tcaagggagtcga	302	0	a
gcatactgcataa	0	302	b
aacaccggcttcg	302	0	a
gaaacgtcaaaca	301	0	a
agaaacgtcaaac	301	0	a
agggagtcgatca	301	0	a
gactcccttgacc	301	0	a
aaagcgtaaaatt	301	0	a
cagcaaccaaatc	301	0	a
gttaaagcgtaaa	301	0	a
tactgcataataa	0	301	b
aagggagtcgatc	300	0	a
ggcatactgcata	0	300	b
acagcaaccaaat	300	0	a
agcgtaaaattga	300	0	a
attttacgcttta	300	0	a
aagcgtaaaattg	300	0	a
cgactcccttgac	300	0	a
agaacgatgccat	120	299	b
aacttgattatga	0	299	b
acgctttaactcc	299	0	a
aaaacttgattat	0	299	b
agtaacgagtaac	298	134	a
gagttaaagcgta	298	0	a
aaacttgattatg	0	298	b
caagaacgaagcc	298	0	a
aagtaccggcttc	298	0	a
gcatcataatcaa	0	298	b
actgcataataag	0	297	b
agtttcagctcaa	0	297	b
ccaaggttccaag	297	0	a
atgagcttgtgaa	296	0	a
gaccaaaaaacga	296	109	a
atcgactcccttg	296	0	a
ctcaattttacgc	295	0	a
gtaacgagtaaca	294	134	a
ctaccgtcgaagc	0	294	b
cgtaaaattgaga	294	0	a
atcttgatttgaa	294	0	a
catcataatcaag	0	294	b
aatcttgatttga	293	0	a
aacttcggcgagt	0	293	b
aaatcttgatttg	293	0	a
caacttcggcgag	0	293	b
atacctatcctag	293	0	a
ctcccaaatacgc	0	293	b
acttgattatgat	0	292	b
agcaagaacgaag	292	0	a
aactcgccgaagt	0	292	b
cgctttaactccc	292	0	a
aagaacgaagccg	292	0	a
ggttgctgttcca	292	0	a
caagttttcaccg	0	292	b
gtattaggctgga	0	291	b
cttcggcgagtta	0	291	b
aagttttcaccgt	0	291	b
actcacgaatacg	0	291	b
acgaccaaaaaac	291	110	a
aatggcctcgttc	0	290	b
aggtatgttttcc	290	114	a
aagccggtacttg	290	0	a
ctcacgaatacgc	0	290	b
cttcacaagctca	290	0	a
gtggcatacttca	0	290	b
gaaccacacgacc	290	114	a
agtaacaaacggc	290	123	a
aaaattgagagct	290	0	a
aaaacatacctat	289	102	a
acaccggcttcgt	289	0	a
agccggtacttga	289	0	a
acgaccgagacag	289	144	a
aagtatgccacgt	0	288	b
aacatacctatcc	288	100	a
taacacccgaata	288	0	a
gcaagaacgaagc	288	0	a
tctcgattttcaa	288	0	a
gctctcaatttta	288	0	a
attgagctgaaac	0	287	b
aaattgagagctt	287	0	a
tcttgatttgaaa	286	0	a
aatgcaaattgct	0	286	b
cgtggcatacttc	0	286	b
gacggaaaacata	286	100	a
aaacatacctatc	286	100	a
gcaacttcggcga	0	285	b
atgcaaattgctc	0	285	b
atgttttccgtcc	284	103	a
cgaccaaaaaacg	283	108	a
gagaacggcatca	283	0	a
aggctcaaagaat	123	283	b
atctcgattttca	283	0	a
ttaatgataacaa	282	138	a
agagaacggcatc	282	0	a
tactcgaacatga	282	0	a
acggaaaacatac	281	103	a
attaatgataaca	281	135	a
agaacgaggccat	0	281	b
ccgttctctgagc	280	0	a
aatctcgattttc	280	0	a
acatacctatcct	280	0	a
gaacagcaaccaa	280	0	a
cggaaaacatacc	280	103	a
cttgatttgaaaa	280	0	a
catgttcgagtaa	280	0	a
atgttcgagtaaa	280	0	a
actcgaacatgat	279	0	a
agctcgaagaacg	279	0	a
aaatgcaaattgc	0	279	b
gaaaacataccta	279	0	a
ttagctcgaagaa	279	0	a
aacaaacggccaa	279	122	a
tcggggagttaca	279	0	a
aagtcgatcatgt	279	0	a
taacaaacggcca	279	122	a
aggctggaagaac	0	278	b
gtttgaaaatcga	278	114	a
gataatgaagcta	278	0	a
cgatcatgttcga	278	0	a
catgatcgacttc	278	0	a
acaaacggccaaa	278	128	a
attagctcgaaga	278	0	a
cgttctctgagcc	278	0	a
ctcgaacatgatc	278	0	a
ggccgtttgttac	278	122	a
agggaatgcatat	0	277	b
aggccatttttgc	277	117	a
ctctcaattttac	277	0	a
cttcgagctaata	277	0	a
cattctttgagcc	119	276	b
aaggccatttttg	276	119	a
ctcccgggtttgc	127	276	b
gaacatgatcgac	275	0	a
cgaacatgatcga	275	0	a
aacatgatcgact	275	0	a
attctaacgataa	274	0	a
agcaaaaatggcc	274	115	a
ctttgacaagaac	130	274	b
cgttcttccagcc	0	273	b
aaggactagcttc	273	0	a
gtattagctcgaa	273	0	a
caccacacacttc	125	273	b
aagctagtccttg	272	0	a
cggggagttacac	272	0	a
ggaacagcaacca	272	0	a
gttcttgctggaa	272	0	a
tatcgttagaata	272	0	a
attccagcaagaa	272	0	a
tattccagcaaga	271	0	a
cgttcttgctgga	270	0	a
gttcttcgagcta	270	0	a
atcgttagaatag	270	0	a
aaatggtcttgta	270	0	a
aggctcagagaac	269	0	a
gaagaatggcatc	0	269	b
tatcgtttgaata	269	0	a
catacctatccta	269	0	a
ccagcaagaacga	268	0	a
ctattccagcaag	268	0	a
ccgtttgaaaatc	268	0	a
accatttcaagcg	268	0	a
cagcaagaacgaa	268	0	a
atatgttacacac	0	267	b
cgtgcgattcaaa	267	116	a
atttcaggggtaa	266	0	a
atcgtttgaatag	266	0	a
cataataaggaag	131	266	b
tcagagaacggca	266	0	a
ctcgattttcaaa	266	0	a
acttccttattat	133	266	b
tcgtgcgattcaa	266	116	a
atcgtgcgattca	266	116	a
atgccgttctctg	266	0	a
tatgttacacaca	0	265	b
agttacccctgaa	265	0	a
aatggtcttgtaa	265	0	a
gttacccctgaaa	265	0	a
cgtaactcgccga	0	265	b
aatatgttacaca	0	265	b
aacacccgaatac	264	0	a
ggtaacttcccga	264	0	a
tgtttatcattaa	264	129	a
aagttacccctga	263	0	a
attcaaacgataa	263	0	a
aggggtaacttcc	263	0	a
gttccagcaataa	263	0	a
caggggtaacttc	263	0	a
attaatgataaac	263	126	a
cggcgagttacgc	0	262	b
aacgatgccattc	0	262	b
tattgctggaaca	262	0	a
ctcagagaacggc	262	0	a
cgggaagttaccc	262	0	a
atgtgtgtaacat	0	262	b
gggaagttacccc	262	0	a
gatgtgtgtaaca	0	262	b
acacccgaatacg	261	0	a
catgcgattcgaa	261	129	a
cacccgaatacgc	261	0	a
cacttccttatta	129	261	b
acccctgaaatga	260	0	a
gagggaatgcata	0	260	b
atgcgattcgaac	259	129	a
actagcttcatta	259	0	a
catttcaggggta	259	0	a
ataatgaagctag	259	0	a
agctagtccttga	259	0	a
tgaaatgtcaaaa	259	128	a
ttgctcaagaaaa	112	258	b
gctaatacgttac	258	0	a
aatacgttacaca	0	258	b
acaaggaagtcga	257	0	a
acgatgccattct	0	257	b
gtgtaacatatta	0	257	b
atcagatttgaat	256	0	a
cgattttcaaacg	256	0	a
tataacacccgaa	256	0	a
cccctgaaatgag	256	0	a
actcatttcaggg	256	0	a
ataacacccgaat	256	0	a
acggtatcgttct	256	0	a
tgaagctataaca	255	0	a
gattcaaatctga	255	0	a
tgctcaagaaaaa	113	255	b
caatttgcatttc	0	255	b
gtcttgtaaagga	255	0	a
aatgaagctagtc	254	0	a
aacaagatttggt	254	0	a
accacctcacact	254	0	a
attgctcaagaaa	111	254	b
atgcagtatgcca	0	254	b
gacttccttgtcc	254	0	a
taatgataaacaa	254	125	a
aaccacctcacac	254	0	a
gtttgaatagaaa	253	0	a
gttatcgtttgaa	253	0	a
atcataataagga	0	253	b
gatcagatttgaa	253	0	a
ccacctcacactc	253	0	a
cgacttccttgtc	253	0	a
gttatcgttagaa	253	0	a
acccttgtttatc	253	120	a
caaccaaatcttg	252	0	a
gttgcatgtagaa	0	252	b
aggactagcttca	252	0	a
agctaatacgtta	252	0	a
aaggaagtgtgtg	124	251	b
tctgatcatacca	251	100	a
atgaagctagtcc	251	0	a
cttgtcccaaaac	251	0	a
aacgcgtattcgt	0	251	b
aagatttggttgc	251	0	a
caagaatcatgcg	251	125	a
aaccaaatcttgt	251	0	a
aatccttctcggt	250	114	a
acaaactcattta	250	111	a
aagaatggcatcg	0	250	b
acatgcaatacat	0	250	b
agatttggttgct	250	0	a
ggttttgggacaa	250	0	a
tcaaatctgatca	249	0	a
acgttacacacat	0	249	b
tcgtttgaataga	249	0	a
taacgataacgaa	249	0	a
attttccgtcccc	249	0	a
cgagcaatttgca	0	249	b
aatgataaacaag	249	121	a
gaaccaattaata	249	0	a
aacggtatcgttc	249	0	a
acgtttttacatg	249	0	a
atggtcttgtaaa	249	0	a
atgatcagatttg	248	0	a
gaagctataacac	248	0	a
tcaaagctctcaa	0	248	b
atgataaacaagg	248	119	a
aaagctctcaatt	0	248	b
accaattaatata	248	104	a
ttgctcgaggaaa	248	0	a
aacgaggccattc	0	248	b
tattaggctctaa	0	248	b
cgtttgaatagaa	248	0	a
tggttttgggaca	247	0	a
tacgttacacaca	0	247	b
cattttccgtccc	247	0	a
ggtggttttggga	247	0	a
caaactcatttaa	247	104	a
aggtggttttggg	247	0	a
atgccgttcttag	0	246	b
tacattttcatga	246	109	a
acgtttcaacatg	246	110	a
cgttgcatgtaga	0	246	b
aaaaatggccttt	246	118	a
cccttgtttatca	246	116	a
aaccaattaatat	246	0	a
cgaaccacacgac	246	102	a
cctaccgtcgaag	0	246	b
ccattctttgagc	0	246	b
aagaccatttcaa	245	0	a
ctggaacagcaac	245	0	a
ctctaagaacggc	0	245	b
atgaaaatgtaca	245	106	a
catgaaaatgtac	245	107	a
tctaagaacggca	0	245	b
atacgttacacac	0	245	b
gatgccgttctta	0	245	b
ctttacaagacca	244	0	a
agaccatttcaag	244	0	a
gagaacgaggcca	0	244	b
acgtattaggctg	0	244	b
aggaagtgtgtgg	119	244	b
gaccatttcaagc	244	0	a
gcgaaccacacga	244	0	a
atccttctcggtc	244	113	a
taactcccaaata	0	244	b
acccgaatacgcg	244	0	a
cattccctcgacc	0	243	b
acgaggccattct	0	243	b
cgttttcaaatca	243	0	a
caatacatcataa	0	243	b
gctagtccttgac	243	0	a
atgcaacgcatca	0	243	b
acagaccgttttg	243	108	a
cgattcaaacgag	243	101	a
tacatgcaacgca	0	243	b
cttgttatcatta	243	116	a
ctaacgataacga	243	0	a
ctcgaagaatggc	0	243	b
gtcccaaaaccac	243	0	a
ctacatgcaacgc	0	243	b
catgcaatacatc	0	243	b
gctggaacagcaa	243	0	a
ggatcttcgatta	0	242	b
tattgcatgtaga	0	242	b
tacatgcaataca	0	242	b
aagaatggcctcg	0	242	b
gttttcaaatcaa	242	0	a
aaatcttttttat	242	0	a
accaaaaaacgac	242	0	a
caaaataagggag	241	0	a
caaatcggaatag	241	105	a
gtgcgattcaaac	241	102	a
atgatggaaaaat	241	111	a
cctttacaagacc	241	0	a
acgtcaaggacta	241	0	a
gtgtaacgtatta	0	240	b
aatgagcttgtga	240	0	a
aaaccacctcaca	240	0	a
ccaaatcggaata	240	105	a
gtattaggctcta	0	240	b
atgcaatacatca	0	240	b
aaacgataacaaa	240	0	a
aagctataacacc	240	0	a
ctataacacccga	240	0	a
cgtttgaatcgca	240	108	a
ccgaaccaattaa	239	0	a
gctgttccagcaa	239	0	a
acgcaacttcggc	0	239	b
acaagaccatttc	239	0	a
ataaaagagattc	104	239	b
attgctcgaggaa	239	0	a
caaacgataacaa	239	0	a
ctcaaagaatggc	0	239	b
caagaccatttca	239	0	a
ggcgagttacgcc	0	239	b
attgctggaacag	239	0	a
gaatgcatattgc	0	239	b
ccaaaaccacctc	239	0	a
cgtcaaggactag	239	0	a
acatgcaacgcat	0	238	b
tgctggaacagca	238	0	a
attaggctctaag	0	238	b
tcaaacgataaca	238	0	a
tgacgtttcaaca	238	0	a
catgcaacgcatc	0	238	b
tcttagagcctaa	0	238	b
taggctctaagaa	0	238	b
ttgaaacttcaaa	237	116	a
ctacatgcaatac	0	237	b
cagaccgttttgg	237	102	a
aaaaccacctcac	237	0	a
gagaacgatgcca	0	237	b
gcattccctcgac	0	237	b
caaaaccacctca	237	0	a
gcgattcaaacga	237	106	a
attaattggttcg	237	0	a
atgatgtattgca	0	236	b
tgctcgaggaaaa	236	0	a
acgcgtattcgtg	0	236	b
attttcaccgtcg	236	112	a
ccagcctaatacg	0	236	b
catttttccatca	236	103	a
gcaatacatcata	0	236	b
cgcgtattcgtga	0	236	b
accaaaaccacca	236	0	a
tattgctcgagga	236	0	a
aaacttcaaaatc	235	111	a
cgcaacttcggcg	0	235	b
attgagagctttg	0	235	b
aatctcttttatg	0	235	b
acattttcatgac	235	107	a
attccctcgaccc	0	235	b
tattgctcaagaa	105	234	b
cgttacacacatc	0	234	b
aagaattgtgcat	234	117	a
ggtcgtcgtgaaa	234	0	a
tgaaacttcaaaa	234	117	a
atgatgtatgtga	0	234	b
ccttgtcccaaaa	233	0	a
catggcatactgc	0	233	b
cacatacatcata	0	233	b
cccgaaccaatta	233	0	a
gtcgtcgtgaaaa	233	0	a
taaaagagattca	102	233	b
gggtcgtcgtgaa	232	0	a
aattgagttttca	108	232	b
atctcttttatgg	0	232	b
agtgtaactcccc	232	0	a
atgccattcttcg	0	232	b
atattgctcaaga	109	232	b
aggcgtaactcgc	0	232	b
agctataacaccc	231	0	a
atggcatactgca	0	231	b
aagatcctaccgt	0	231	b
attttgaagtttc	231	110	a
gttgaaacgtcaa	231	0	a
acgacgacccgcc	231	0	a
cgggtcgtcgtga	231	0	a
caggcgtaactcg	0	231	b
cacgacgacccgc	231	0	a
aatatgcattccc	0	230	b
acgataccgttct	230	0	a
tcctaccgtcgaa	0	230	b
cattttcatgacg	230	102	a
ttccttgtcccaa	230	0	a
tcgagggaatgca	0	230	b
aacgataccgttc	230	0	a
tcataccacaaca	230	103	a
ttgaagtttcaaa	230	114	a
acacgatttggta	230	0	a
agttttcaccatc	0	230	b
ataccgttcttcg	229	0	a
acttccttgtccc	229	0	a
aattggttcgggg	229	0	a
atgttgaaacgtc	229	111	a
cctttacaagatc	113	229	b
cttccttgtccca	229	0	a
acacacatttttc	229	0	a
accgttcttcgag	229	0	a
cgttatcgttaga	229	0	a
taccgttcttcga	229	0	a
tccttgtcccaaa	229	0	a
gaaaattcgatta	228	110	a
agatcctaccgtc	0	228	b
atcataccacaac	228	102	a
atcctaccgtcga	0	228	b
attggttcgggga	228	0	a
tacatacaacata	0	227	b
tgatcataccaca	227	101	a
agagcctaatacg	0	227	b
aacaagattaggt	227	0	a
cttgacgtttcaa	227	0	a
aaatgtcaaaatc	227	102	a
agtaacgagtggg	227	0	a
gtaacgagtggga	227	0	a
aacctaatcttgt	226	0	a
ccttgacgtttca	226	0	a
attatgttgtatg	0	226	b
caacctaatcttg	226	0	a
cgacggtaggatc	0	226	b
cgggtgttatagc	226	0	a
agctaccaaatcg	226	0	a
cacacatttttcc	226	0	a
cgacgacccgccg	226	0	a
ccgagaaggattc	226	109	a
atgttgtggtatg	226	102	a
acgataacaaagc	226	0	a
acgacctcgttca	226	0	a
attatgatgtata	0	225	b
acatggcatactg	0	225	b
ccccataaaagag	0	225	b
gatcataccacaa	225	103	a
caatatgcattcc	0	225	b
ctgatcataccac	225	0	a
acatacaacataa	0	225	b
atggaaaaatgtg	225	100	a
cacgatttggtag	225	0	a
agatcgttgtgaa	225	0	a
cccataaaagaga	0	225	b
aaaagagattcac	0	225	b
aggaaatgcaaat	0	224	b
atgttgtatgtaa	0	224	b
attgagttttcac	107	224	b
aagaacggtatcg	224	0	a
atttgaatccgtc	223	106	a
aacgagtgggaaa	223	0	a
aaactgtgcttcg	0	223	b
atagcaactaaat	223	109	a
atggtgaaaactc	0	223	b
aaatgagcttgtg	223	0	a
aagattaggttgc	223	0	a
aaagagattcaca	0	222	b
cagatttgaatcc	222	0	a
aagagattcacaa	0	222	b
gaaactgtgcttc	0	222	b
gtcaaagctctca	0	222	b
cctcaaaattgca	0	222	b
agatttgaatccg	222	103	a
agattaggttgct	222	0	a
aactgtgcttcga	0	222	b
acttcaaaatcgg	221	0	a
aaaaaagatttac	221	0	a
atgcattccctcg	0	221	b
aatttgcatttcc	0	221	b
aatagcaactaaa	221	110	a
acacatttttcca	221	0	a
acgatttggtagc	221	0	a
aacttcaaaatcg	221	0	a
taacgagtgggaa	221	0	a
tcccgggtttgca	108	221	b
cgaacgaataacg	220	0	a
acggtgaaaattc	220	107	a
acgagtgggaaac	220	0	a
aggctctaagaac	0	220	b
aagtttcaaagac	219	109	a
taaaaaagattta	219	0	a
agtttcaaagacc	219	109	a
aagcacagtttca	0	219	b
acggattcaaatc	219	0	a
gaacgaataacga	219	0	a
actgtgcttcgac	0	219	b
gttattcgttcga	219	0	a
gaagtttcaaaga	219	108	a
taagggagtgtga	218	0	a
ccactcgttactc	218	0	a
aatgataacaagg	218	106	a
accgtcaaagctc	0	218	b
agctttgacggtg	0	218	b
atgataacaaggg	218	106	a
agttgctattcca	218	109	a
aaaaacaagtatt	0	217	b
cgttcttagagcc	0	217	b
gagggccgaacta	217	0	a
atggtggtgattg	0	217	b
cctaatcttgttc	217	0	a
agagctttgacgg	0	217	b
acttgtttttctc	0	217	b
cggtaggatcttc	0	217	b
agcacagtttcag	0	217	b
cgtcaaagctctc	0	217	b
ataccacaacata	217	0	a
cttcaaaatcgga	217	0	a
ctttgaaacttca	216	104	a
cgatggtgaaaac	0	216	b
gaagaaatgaaca	216	0	a
gtcacatacatca	0	216	b
aatgcaaacccgg	106	216	b
tcaaaataaggga	216	0	a
gttcatttcttca	216	0	a
ccacgggtcgagg	0	216	b
aatgtcaaaatcg	215	0	a
actggcttcgtta	215	0	a
gccccataaaaga	0	215	b
gccctataaaaaa	215	0	a
gaatagcaactaa	215	105	a
cctcaattgaccg	215	0	a
caaggaccggcta	215	0	a
atgagaacgatgc	0	214	b
ataacgaagccag	214	0	a
gaagaacggtatc	214	0	a
agggccgaactac	214	0	a
cgaattttcaccg	214	100	a
atcaccaccatac	0	214	b
agccctataaaaa	214	0	a
ataaacaagggtc	214	104	a
acgggtcgaggga	0	214	b
cgacctcgttcac	214	0	a
cgaccaatcacca	0	213	b
ttgacggtgaaaa	0	213	b
agttttactcgaa	213	0	a
cacatgtttacca	101	213	b
atttgggagttaa	0	213	b
gtccgattttgaa	213	0	a
atgtcaaaatcgg	213	0	a
cacctcacactcc	213	0	a
accaatcaccacc	0	213	b
cacaacatagccc	212	0	a
gagttttactcga	212	0	a
tccgattttgaca	212	0	a
gcacagtttcagc	0	212	b
cgggtcgagggaa	0	212	b
cgtcacatacatc	0	212	b
gaccaatcaccac	0	212	b
attgagggccgaa	212	0	a
ccaatcaccacca	0	212	b
tttcaccgtcaaa	0	212	b
aattgagggccga	212	0	a
gttcggccctcaa	212	0	a
ttattcgttcgaa	212	0	a
aacggtcaattga	212	0	a
cgagtaaaactca	211	0	a
ggccctcaattga	211	0	a
cgattcgaacgaa	211	0	a
atcgaagatccta	0	211	b
caattgagggccg	211	0	a
aatcgtgcaattc	211	0	a
gtaggatcttcga	0	211	b
ggacccttgttta	211	102	a
ggaatagcaacta	211	102	a
acgaacaagatta	211	0	a
cgtcgaagcacag	0	211	b
aaaataagggagt	211	0	a
acggtcaattgag	211	0	a
aaacaagggtcca	211	103	a
aactttgacgtga	210	0	a
ccaccaaacactc	210	0	a
gatttagttgcta	210	105	a
aaataagggagtg	210	0	a
aaacgtccaaatc	210	0	a
ccaaaaccaccaa	210	0	a
cacgggtcgaggg	0	210	b
caaaaccaccaaa	210	0	a
actttgacgtgaa	210	0	a
acatttttccatc	210	0	a
aatacgtcacata	0	209	b
aatcgaagatcct	0	209	b
cccgtggccgcca	0	209	b
aaacggcggcggg	209	0	a
acgtcaaagttgc	209	0	a
tcaccaccataca	0	209	b
agctgaaactgtg	0	209	b
aaaaccaccaaac	209	0	a
aattgcacgattc	209	0	a
accaccaaacact	209	0	a
attcacaacgatc	209	0	a
ctttaactcccaa	0	209	b
caccaaacactcc	209	0	a
agagattcacaac	0	209	b
acgtcacatacat	0	209	b
acaacatagcccc	209	0	a
gatcttcgattac	0	209	b
caccaccatacac	0	208	b
gccctcaattgac	208	0	a
aatcaccaccata	0	208	b
cagtttcagctca	0	208	b
aacggcggcgggt	208	0	a
cgaagatcctacc	0	208	b
agaccgttttggc	208	0	a
ggcatcgttctca	0	208	b
attcgaacgaata	208	0	a
gttgttgttggaa	0	208	b
attcgttcgaatc	208	0	a
aacgaagccggta	208	0	a
aaacgatcgagac	208	0	a
caactttgacgtg	208	0	a
gttttcaccgtca	0	207	b
tcgaattgcacga	207	0	a
cgacttccttgaa	207	0	a
aagatcgttgtga	207	0	a
atcttcgattacg	0	207	b
gattggtcgagga	0	207	b
tttaactcccaaa	0	207	b
aaccaccaaacac	207	0	a
cgtccaaatcgga	207	0	a
tcgtaatcgaaga	0	207	b
cgaacaagattag	207	0	a
aaaccaccaaaca	207	0	a
ctcgacccgtggc	0	207	b
cctcgttcacgtc	206	0	a
cgtgcaattcgaa	206	0	a
ctttgacggtgaa	0	206	b
aacgtattagctc	206	0	a
attacatgtagaa	206	0	a
agtaccggcttcg	206	0	a
acgatctttgaaa	206	0	a
acctcgttcacgt	206	0	a
tcgaagaatggca	0	206	b
acgaagccggtac	206	0	a
acgtccaaatcgg	205	0	a
ttcgatggtgaaa	0	205	b
aatccgtctaggt	0	205	b
gctttgacggtga	0	205	b
aagggagtgtgag	205	0	a
atttctacatgca	205	0	a
agattcacaacga	205	0	a
acagtttcagctc	0	205	b
aaagatcgttgtg	205	0	a
ctttgacgtgaac	205	0	a
ctatgttgtggta	205	0	a
ttacatgtagaaa	205	0	a
acattggggcatg	0	205	b
gacttccttgaac	205	0	a
atcgaagctctca	0	205	b
tcatttcttcaca	204	0	a
accacaacatagc	204	0	a
aacgtccaaatcg	204	0	a
gctttaactccca	0	204	b
agtaaaactcaag	204	0	a
ccgtttcccactc	204	0	a
gagtaaaactcaa	204	0	a
cgttcacgtcaaa	204	0	a
atcgtgcaattcg	204	0	a
aacttgagtttta	204	0	a
cgtgaacgaggtc	203	0	a
gtgaagaaatgaa	203	0	a
cgagtgggaaacg	203	0	a
ccctcaattgacc	203	0	a
aaaacgtcaagca	203	0	a
aaaaacgtcaagc	203	0	a
ccacaacatagcc	203	0	a
gtttctattcaaa	203	0	a
cgttgtgaatctc	0	203	b
aaactcatttaag	203	0	a
tcgatggtgaaaa	0	203	b
acccgtggccgcc	0	203	b
aaggagtgtatgt	0	202	b
atttcttcacaag	202	0	a
catcgtgaaaatg	202	0	a
agaatcgtgcaat	202	0	a
atacgtcacatac	0	202	b
acttccttgaacc	202	0	a
agcttgtgaagaa	202	0	a
cgtattagctcga	202	0	a
catttcttcacaa	201	0	a
acgtattagctcg	201	0	a
tggacggaaaaca	201	0	a
aaggaccggctac	201	0	a
atatgatcgacta	201	0	a
cgttcgaattgca	201	0	a
aacgcatcataat	0	201	b
atccgtctaggtc	0	201	b
gcttgtgaagaaa	201	0	a
attccgatttgga	200	0	a
acggcggcgggtc	200	0	a
agtgggaaacggc	200	0	a
gtagtcgatcata	200	0	a
gcaattcgaacga	200	0	a
acttgagttttac	200	0	a
aagaatcgtgcaa	200	0	a
gtccaaatcggaa	199	0	a
agagcttcgatgg	0	199	b
ggaaacggcaaaa	199	0	a
tataaaatcgaga	199	0	a
atgcatgttcggg	199	0	a
gacaacgaagcca	199	0	a
aggtcgttcttcc	0	199	b
aactcatttaagg	199	0	a
catcgaagctctc	0	199	b
ccaccgtttgaaa	198	0	a
atcatgccccaat	0	198	b
agcttcgacggta	0	198	b
cgaccgagaagga	198	0	a
aatcggatcatgc	198	0	a
tgaatagaaacca	198	0	a
ggtttctattcaa	198	0	a
catcaaaataagg	198	0	a
gagcttgtgaaga	198	0	a
aacgaccgagaag	198	0	a
agttcggccctca	198	0	a
accatcgaagctc	0	198	b
acgaccgagaagg	198	0	a
tcgttcacgtcaa	198	0	a
taaattttcatga	198	0	a
agaaaaacaagta	0	197	b
agcgttttactcg	197	0	a
aaaaagatttaca	197	0	a
tacgtcacataca	0	197	b
agatttcggctgc	0	197	b
tcgagaaaaacaa	0	197	b
accgtttgaaaat	197	0	a
atgatgtatataa	0	197	b
gacaaagaagcca	197	0	a
acgcatcataata	0	197	b
cgttgctattcca	197	0	a
tgaaccaaaacca	197	0	a
gtgcaattcgaac	196	0	a
atgcaattttgag	0	196	b
atacttgtttttc	0	196	b
ggatcatgcccca	196	0	a
tcccaaatacgca	0	196	b
aacgatcgagacg	196	0	a
gatttcggctgcc	0	196	b
tagccctataaaa	196	0	a
atcggatcatgcc	196	0	a
aaacgtcaagtac	196	0	a
cgcatcataataa	0	196	b
aattcgaacgagt	196	0	a
atttcggctgccc	0	196	b
acttgacgtttct	195	0	a
aacgtcaagtacc	195	0	a
acaacgaagccag	195	0	a
cgacctagacgga	0	195	b
caattcgaacgag	195	0	a
gggcatgatccga	195	0	a
gaggaaatgcaaa	0	195	b
gctcaagaaaaac	0	195	b
atgtgacgtatta	0	195	b
ggattgtcgtgaa	195	0	a
tcgggcagccgaa	0	195	b
attttgaggggaa	0	195	b
actggcttcgttg	195	0	a
cattggggcatga	0	195	b
gaaacgtcaagta	195	0	a
cgggcagccgaaa	0	194	b
taactctcgaata	0	194	b
aaaccgacctaga	0	194	b
cttgaaccaaaac	194	0	a
aacatacactcct	0	194	b
ccaacaacaacga	0	194	b
ccaaatcttgttc	194	0	a
aagtgtaactccc	194	0	a
aaaccacaacaca	194	0	a
aaccacaacacac	194	0	a
aactctcgaatac	0	194	b
atcaaaataaggg	194	0	a
caccgtttgaaaa	194	0	a
tgaaacgtccaaa	194	0	a
catcgtaatcgaa	0	194	b
caaaggaacgaac	194	0	a
ggtcgttcttcca	0	194	b
tacatcataaaaa	193	0	a
acgacgatccacc	193	0	a
ccgttcttagagc	0	193	b
aaaaaccgaccta	0	193	b
aggtcggtttttg	0	193	b
gcaaaggaacgaa	193	0	a
gaaccaaaaccac	193	0	a
cgagttttcacca	0	193	b
tcataaaaaggga	193	0	a
acctcacactccc	193	0	a
caccacacactac	0	193	b
agtcccataaaaa	0	193	b
accacaacacact	193	0	a
ggttttggttcaa	193	0	a
ctggaagaacgac	0	193	b
atttggacgtttc	193	0	a
atgcgtatttggg	0	193	b
atcgttgtgaatc	193	0	a
gctggaataacaa	192	0	a
cttgaagaatggc	0	192	b
gaccaaaaacctc	192	0	a
cctcgaccaatca	0	192	b
agggagtgtttgg	192	0	a
tagtcccataaaa	0	192	b
cgttcctttgcaa	192	0	a
catgaaaatttac	192	0	a
ctggaataacaac	192	0	a
actaccttattat	0	192	b
tcgttcctttgca	192	0	a
aaaacaagtattc	0	192	b
cggatcatgcccc	191	0	a
ccaaaaacctcca	191	0	a
aaaaccacaacac	191	0	a
gtggccgccacac	0	191	b
ggccacgggtcga	0	191	b
aggtagtgtgtgg	0	191	b
accacacactacc	0	191	b
acacactacctta	0	191	b
accaaaaacctcc	191	0	a
cgttgttgttgga	0	191	b
aaaaccgacctag	0	191	b
atcgtaatcgaag	0	191	b
aaggtagtgtgtg	0	191	b
cataaaaagggag	191	0	a
tgggaaacggcaa	191	0	a
gtgggaaacggca	191	0	a
ccctcaaaattgc	0	191	b
aaacaagtattcg	0	191	b
aggtttttggtca	191	0	a
gggaaacggcaaa	191	0	a
agggagtgtgagg	191	0	a
cactaccttatta	0	191	b
accaaacactccc	190	0	a
ctcgttcacgtca	190	0	a
aggtagtcgatca	190	0	a
aataatggtaaaa	190	0	a
aataaggtagtgt	0	190	b
taccttattatga	0	190	b
catgacgtttcta	190	0	a
atgatcgactacc	190	0	a
ataaggtagtgtg	0	190	b
ctcgaccaatcac	0	190	b
caaaaacctccac	189	0	a
cataataaggtag	0	189	b
ccaacatacactc	0	189	b
ccgtggccgccac	0	189	b
aactcgattataa	0	189	b
acgtttctacata	189	0	a
atattgctcgagg	189	0	a
gctggaagaacga	0	189	b
ggtgattggtcga	0	189	b
ctcatttaaggag	189	0	a
acacacattttta	189	0	a
actccttaaatga	189	0	a
atacatcataaaa	188	0	a
aaagatttacaac	188	0	a
acgtcaagtaccg	188	0	a
cgtggccgccaca	0	188	b
attgagaaacggc	0	188	b
gttattccagcga	188	0	a
aaggtagtcgatc	188	0	a
cgactaccttgac	188	0	a
aaaagatttacaa	188	0	a
caacatacactcc	0	188	b
actcatttaagga	188	0	a
cgatctttgaaac	188	0	a
gtgcggttcgcca	188	0	a
aacgaagtcggtc	188	0	a
aaattttcatgac	188	0	a
aaaaacctccaca	188	0	a
agaaacgtcatgg	187	0	a
ctcgggcagccga	0	187	b
atgaaaatttaca	187	0	a
ctcaattgaagca	0	187	b
atgacgtttctac	187	0	a
acgaagtcggtcc	187	0	a
cccaatgtagccc	0	187	b
catcataaaaagg	187	0	a
gccggtacttgac	187	0	a
aggaccgacttcg	187	0	a
tactcgttactca	187	0	a
attcgagagttaa	0	187	b
gactaccttgacc	187	0	a
cacacatttttac	187	0	a
gaaacgtcatgga	187	0	a
cattcttcaagcc	0	186	b
cggctgcccgagc	0	186	b
agcttcgatggtg	0	186	b
ccttgaaccaaaa	186	0	a
aattttgagggga	0	186	b
caacgcatcataa	0	186	b
atcgctggaataa	186	0	a
ctaatacgtcaca	0	186	b
ccccgaacatgca	186	0	a
cgctggaataaca	186	0	a
cgagaaaaacaag	0	186	b
ttccttgaaccaa	186	0	a
ttgccccataaaa	0	186	b
aagggagtgtttg	185	0	a
atcataaaaaggg	185	0	a
ccaccacacacta	0	185	b
gaaacggccataa	185	0	a
tcatgtgtgtaaa	185	0	a
aaagaccggcttc	184	0	a
atgatgcgttgca	0	184	b
tatatacatcata	0	184	b
aaccgacctagac	0	184	b
accttattatgat	0	184	b
caaatcttgttcg	184	0	a
cttataaaggaac	0	184	b
atatatttaaaaa	184	0	a
caatgtagcccca	0	184	b
atgtagccccata	0	183	b
atcgactaccttg	183	0	a
ccgacctagacgg	0	183	b
aaacgtcatggac	183	0	a
aaggtgaaaactc	183	0	a
gcaacgcatcata	0	183	b
acattttcacgat	183	0	a
ccttggcgaatca	0	183	b
aaaatcaccacac	0	183	b
tccttgaaccaaa	183	0	a
gacgacccgccgc	183	0	a
aaatcaccacaca	0	183	b
acgcatattgctc	0	183	b
aaaaaatgtgtgt	183	0	a
tgtagccccataa	0	183	b
ccaatgtagcccc	0	183	b
aaaatgcgtattt	0	183	b
aaacggccataac	183	0	a
ccggtacttgacg	183	0	a
aatgtagccccat	0	183	b
accgacctagacg	0	182	b
cacgacaatccgc	182	0	a
ataatggtaaaaa	182	0	a
aaggataggtacg	182	0	a
agaaacggccata	182	0	a
ctttgaaacgtcc	182	0	a
aatcaccacacac	0	182	b
caacaacaacgaa	0	182	b
cgtgcggttcgcc	182	0	a
gattataatgcaa	0	182	b
gtttctacatgta	182	0	a
aattttcatgacg	182	0	a
ctacattggggca	0	181	b
cttttatggggca	0	181	b
cgatcatatacga	0	181	b
agttactccttaa	181	0	a
caattttgagggg	0	181	b
aaatgcgtatttg	0	181	b
gcttgcaaaggaa	181	0	a
acatcataaaaag	181	0	a
aatatgcgtttcc	0	181	b
ccattcttcaagc	0	181	b
acacatttttacc	181	0	a
atgccccaatgta	0	181	b
gccccaatgtagc	0	181	b
aaactcgattata	0	181	b
atttaaggagtaa	181	0	a
aatgacatcgttc	0	180	b
cttccttgaacca	180	0	a
aatagcaacgaaa	180	0	a
gctcgaggaaaac	180	0	a
cagccgaaatctc	0	180	b
agcctaatacgtc	0	180	b
agtcgatcatata	0	180	b
gtcccataaaaaa	0	180	b
agtgtgtggtgat	0	180	b
atgagcttgcaaa	180	0	a
ctggaatagctac	180	0	a
gtatatgatcgac	0	180	b
gaccaataaccaa	0	180	b
ccgtgcggttcgc	179	0	a
aacgcatattgct	0	179	b
tgcatcaaaataa	179	0	a
atagcaacgaaat	179	0	a
aaaccaccataca	0	179	b
cggtgaaaactca	0	179	b
catgatccgattc	179	0	a
atatacgagtaaa	0	179	b
gcctaatacgtca	0	179	b
gagtaaaacggaa	179	0	a
ccccaatgtagcc	0	179	b
gatttcgttgcta	179	0	a
aaacgcatattgc	0	179	b
aacgtcatggacc	179	0	a
cgtatatgatcga	0	179	b
catttaaggagta	179	0	a
ttgaaacgtccaa	179	0	a
gttactccttaaa	178	0	a
aaaactcaagttt	178	0	a
attttggcacggc	0	178	b
tggacgtttcaaa	178	0	a
cggattgtcgtga	178	0	a
accattattaatg	178	0	a
aatgcatcaaaat	178	0	a
aatgcgtatttgg	0	178	b
attaataatggta	178	0	a
aaaggagtgtatc	0	178	b
agcttgcaaagga	178	0	a
atgagaacgaggc	0	178	b
cgaaccgcacggc	177	0	a
tattagggtcgaa	0	177	b
agaatgaacacga	0	177	b
gaatagcaacgaa	177	0	a
acgatttcgttgc	177	0	a
gttgccccataaa	0	177	b
aagaaacggccat	177	0	a
acgagaacgatac	177	0	a
caaaatcaccaca	0	177	b
gtgaaaatataca	177	0	a
ccatgtaaaaacg	177	0	a
agcaacgaaatcg	177	0	a
cgttttcctcgag	177	0	a
tcaaggtagtcga	177	0	a
gacgagaacgata	177	0	a
aagtttctacatg	176	0	a
caaaattgcatca	0	176	b
cgtttttcttgag	0	176	b
aaaaccaccatac	0	176	b
caaagaccgttgc	176	0	a
acgcaacttcagg	176	0	a
aacaacaacgaag	0	176	b
aagaatgaacacg	0	176	b
tattctcgtcaaa	0	175	b
cttcgatggtgaa	0	175	b
atggtctttgaaa	175	0	a
tatacgagtaaaa	0	175	b
cctagacggattc	0	175	b
atttttaccatta	175	0	a
caacgaaatcgtg	175	0	a
aggctcgaaaaac	0	175	b
aatgagcttgcaa	175	0	a
atacgagtaaaac	0	175	b
taataatggtaaa	175	0	a
gtgtatattttca	175	0	a
acgtcatggaccg	175	0	a
gagtgtgtggtga	0	175	b
aatgcaactttga	0	175	b
catatacgagtaa	0	175	b
aaagaagccaatc	175	0	a
ctgaatccgtcta	0	175	b
cttgcaaaggaac	175	0	a
cgagcaatatgcg	0	175	b
ggcctcgttctca	0	175	b
aaccaaaaccacc	175	0	a
ctttgcaagctca	175	0	a
attggcttctttg	175	0	a
acaacaacgaagc	0	175	b
atattttcacgac	175	0	a
cttttttatggga	0	174	b
acatgtagaaacg	174	0	a
tatattttcacga	174	0	a
agaacgatgtcat	0	174	b
cctttgcaagctc	174	0	a
ccgccgtgccaaa	0	174	b
tgatgtattccaa	174	0	a
aatagcatccaaa	174	0	a
ttaataatggtaa	174	0	a
gaaaatatacaca	174	0	a
tgatcgacttcca	0	174	b
atccgccgccgtg	0	174	b
aaatgagcttgca	174	0	a
aatgtagaaacgt	174	0	a
atgcatcaaaata	174	0	a
catttctacatgc	174	0	a
ataagggagtgta	0	173	b
ctagacggattca	0	173	b
agatacatcataa	0	173	b
acatcgtaataaa	0	173	b
caaagttgcatta	0	173	b
agccaatccttga	173	0	a
actcgattataat	0	173	b
aaagaatgaacac	0	173	b
atagcatccaaat	173	0	a
aatccgtctcagt	173	0	a
cgccgtgccaaaa	0	173	b
caatatgcgtttc	0	172	b
agttgcattataa	0	172	b
aaggattggcttc	172	0	a
actcctttattac	0	172	b
aacgttggggcat	0	172	b
acttggaatacat	172	0	a
gaatagcatccaa	172	0	a
aatcttttttaag	0	172	b
ttccaagtagaaa	172	0	a
ctttttatggggc	172	0	a
ggaatagcaacga	172	0	a
aacgaataacgag	172	0	a
attgaagcattaa	0	172	b
acaaagaagccaa	172	0	a
atgtagaaacttc	172	0	a
cgagtaaaacgga	172	0	a
atcaattgagagc	0	172	b
attataatgcaac	0	171	b
aaacggccaaaaa	171	0	a
gtgaatcttttta	171	0	a
acgagtaaaacgc	0	171	b
atcgacttccatg	0	171	b
gaattagttttga	0	171	b
atcgtaataaagg	0	171	b
cgttttactcgta	0	171	b
gtcgacttcctta	0	171	b
acgaataacgagt	171	0	a
tcgaggaaaagca	171	0	a
gactgttatggcc	171	0	a
tcctttattacga	0	171	b
gccataacagtcc	171	0	a
aaaagcaaattgc	171	0	a
cttggaatacatc	171	0	a
tccatgacccaaa	0	171	b
aaactcaagtttg	171	0	a
aagccaatccttg	170	0	a
ggatgctattcca	170	0	a
aattggctcgggc	0	170	b
aaaaactcgatta	0	170	b
aaagcaaattgct	170	0	a
tcttcgaccctaa	0	170	b
ccgttttactcga	170	0	a
atcattaataata	170	0	a
aacggccataaca	170	0	a
cccttaaaaaaga	0	170	b
aaatcttgttcgt	170	0	a
ttccatgacccaa	0	170	b
gcgttttcctcga	170	0	a
gcttcgatggtga	0	170	b
cacacattttttc	170	0	a
catcgtaataaag	0	170	b
ccccaaacttgag	169	0	a
ggactaggataga	169	0	a
aaatgcatattac	0	169	b
atcttttttaagg	0	169	b
aaagttgcattat	0	169	b
cttccatgaccca	0	169	b
attagggtcgaag	0	169	b
aatgcatattact	0	169	b
gctattccaaaga	0	169	b
caacaacgaagcc	0	169	b
caatgcatcaaaa	169	0	a
acattttttccat	169	0	a
aggaaacgcatat	0	169	b
gccgccgtgccaa	0	169	b
agaaatgagcttg	169	0	a
tgccgtttctcaa	0	169	b
cgagacgaattca	168	0	a
atggaagtcgatc	0	168	b
attggctcgggca	0	168	b
atgcttcaattga	0	168	b
gtttctacttgga	168	0	a
tgcggttcgccaa	168	0	a
gacgatccaccgc	168	0	a
atttacaacggtc	168	0	a
agggctatgttgg	168	0	a
ttgctctaggaaa	168	0	a
gtttcaaagacca	168	0	a
caacatagcccta	168	0	a
tctgtcgggggca	168	0	a
attgctctaggaa	168	0	a
atagccctataaa	168	0	a
agttaatgcttca	0	168	b
tattccaacgaaa	168	0	a
catgacccaaaac	0	168	b
ggaacttcgggga	168	0	a
tcaagtttgggga	168	0	a
tacttggaataca	168	0	a
acccaaaaccaca	168	0	a
cgtgaaaatatac	168	0	a
attccaagtagaa	168	0	a
ctcgtatatgatc	0	167	b
agtaaaacggaac	167	0	a
cgagaacgatacc	167	0	a
aacgtcaaggatt	167	0	a
gttaatgcttcaa	0	167	b
aactcaagtttgg	167	0	a
aatcgagttttta	0	167	b
actcaagtttggg	167	0	a
gaataacgagtga	167	0	a
gacttccttgaca	167	0	a
ctccccgaagttc	167	0	a
aaagaccgttgcg	167	0	a
attccaacgaaaa	167	0	a
ctgagacggattc	167	0	a
gctgcccgagcca	0	167	b
aagttgcattata	0	167	b
acatgagatacat	0	167	b
atttctacatggc	167	0	a
aacgatctttgaa	167	0	a
actgttatggccg	167	0	a
agcaaattgctcg	167	0	a
aacacgatttgga	167	0	a
acggccataacag	167	0	a
ggaatagcatcca	167	0	a
cgattataatgca	0	166	b
acacgatttggat	166	0	a
ccggtccatgacg	166	0	a
caactttgaccag	166	0	a
tattccaagtaga	166	0	a
gaatcttttttaa	0	166	b
ttactcgagaaaa	0	166	b
ataacgagtgaga	166	0	a
ataacgtattagg	0	166	b
acgacccgccgcc	166	0	a
attactcgagaaa	0	166	b
tactcgagaaaaa	0	166	b
acatagccctata	166	0	a
tgcaatgcatcaa	166	0	a
ctgcccgagccaa	0	166	b
atccgtctcagtc	166	0	a
atgacccaaaacc	0	166	b
ggctcgggcagcc	0	166	b
ataaagaagccgg	166	0	a
aactttgaccaga	166	0	a
aaaccaaatcatg	166	0	a
atgatttggtttc	166	0	a
attccatgtaaaa	166	0	a
gtagctattccaa	0	165	b
cattataatcgag	0	165	b
atgatggcaaata	165	0	a
tactcgtatatga	0	165	b
tgtcgggggcaaa	165	0	a
cgtaataaaggag	0	165	b
aggaacggctttg	165	0	a
gcaatgcatcaaa	165	0	a
actttgaccagaa	165	0	a
accggcttcttta	165	0	a
cgaggaaaacgca	165	0	a
aacatagccctat	165	0	a
tgctctaggaaaa	165	0	a
actctcgggtttg	0	165	b
ataagggaatgtg	0	165	b
gaagaatggcctc	0	165	b
actcgtatatgat	0	165	b
gatttggatgcta	165	0	a
acgtcaaggattg	165	0	a
atgcgttttcctc	165	0	a
acaccgtcgaagc	0	165	b
cgagccaattaaa	165	0	a
atcgagtttttac	0	165	b
aaaacggaacttc	165	0	a
gcattataatcga	0	165	b
gccaatccttgac	165	0	a
aaacggaacttcg	165	0	a
caacgatctttga	165	0	a
acaacgatctttg	165	0	a
aataacgagtgag	165	0	a
gaaacgcaagttc	0	165	b
cgtttttcgagcc	0	164	b
gaatccgtctcga	164	0	a
gaaacgtcaaaga	164	0	a
gttcccctcaaaa	0	164	b
aaatgagtaacga	164	0	a
acggaacttcggg	164	0	a
gagggtccaagaa	0	164	b
gctggaatagcta	164	0	a
attcaaaatctga	164	0	a
agaaacgtcaaag	164	0	a
gtagaggaacgaa	164	0	a
tattgctctagga	164	0	a
ataacgaagccga	0	164	b
atgcatattactc	0	164	b
aaaatcggacaag	164	0	a
agttccgttttac	164	0	a
aagaagccaatcc	164	0	a
aagttccgtttta	164	0	a
acacattttttcc	164	0	a
tcgttcctctaca	164	0	a
aatggtaaaaatg	164	0	a
aacaacgaagccg	0	164	b
gaaatgcatatta	0	164	b
cttgaagtttcta	164	0	a
aatgatggcaaat	164	0	a
aagcaaattgctc	163	0	a
aatttgcttttcc	163	0	a
aatggcatcattc	0	163	b
ctatgtttgggta	0	163	b
agaccgttgtaaa	163	0	a
gacgaattcagaa	163	0	a
agaagccaatcct	163	0	a
ctttgaccagaac	163	0	a
caaaatcggacaa	163	0	a
ggtcaaagttgca	163	0	a
aatacgttatata	0	163	b
aacgtcaaggaca	163	0	a
ctttggaatagca	0	163	b
atcgttctggtca	163	0	a
cccaaacatagcc	0	163	b
gcaactttgacca	163	0	a
atgagatacatca	0	163	b
tcgttctggtcaa	163	0	a
cttttcctcgacc	163	0	a
gagccaattaaaa	163	0	a
atcggcttcgtta	0	163	b
ctgtcgggggcaa	163	0	a
atatttgccatca	163	0	a
tagggtcgaagaa	0	163	b
agtttctacatgg	162	0	a
aacggctttgtta	162	0	a
aatcgagtttaca	0	162	b
cgttgccccataa	0	162	b
gagaacgatgtca	0	162	b
aaatcggacaagg	162	0	a
tctcatgtagaaa	0	162	b
actaccttgaccc	162	0	a
gaaaacgtacata	162	0	a
agccggtctttga	162	0	a
gatcagattttga	162	0	a
cgccgccgtgcca	0	162	b
catagccctataa	162	0	a
aggaaaagcaaat	162	0	a
acatttttaccat	162	0	a
ccaaaaccacaac	162	0	a
agggagtgtatgg	0	162	b
cataataagggaa	0	162	b
cacatttttacca	162	0	a
atctcatgtagaa	0	162	b
acgaattcagaat	162	0	a
cgttctggtcaaa	162	0	a
accatacactccc	0	162	b
aggagtaacttcc	162	0	a
gaagcattaactc	0	162	b
atattgctctagg	162	0	a
cgttcctctacaa	162	0	a
atataacgtatta	0	162	b
aagggagtgtatg	0	162	b
aacaaagccgttc	162	0	a
aaaacgtacatat	162	0	a
aacgtttctacat	162	0	a
actaggatagata	161	0	a
tcaaaatcggaca	161	0	a
gaggaaaagcaaa	161	0	a
gttacgctataaa	0	161	b
acaaggataggta	161	0	a
agacgaattcaga	161	0	a
aaatatacacaca	161	0	a
ctaatacgttata	0	161	b
catgagatacatc	0	161	b
tatctcatgtaga	0	161	b
acgttgccccata	0	161	b
gccaccgtttgaa	161	0	a
tattgatggtaaa	0	161	b
ctgaattcgtctc	161	0	a
aacggaacttcgg	161	0	a
aagaccattttag	161	0	a
atcctttacaagc	0	161	b
agccggtccatga	161	0	a
ccccgaagttccg	161	0	a
catttatagcgta	0	161	b
aaagccgttcctt	161	0	a
caaacggtggcgg	161	0	a
acccaaacatagc	0	161	b
ctctctattgaag	0	161	b
atgtacgttttcc	161	0	a
cggaaaacgtaca	161	0	a
ccataacagtccg	161	0	a
acgctataaatga	0	161	b
tacatgagataca	0	161	b
cacattttttcca	161	0	a
gttggaatagcta	0	161	b
cttattttgatgc	161	0	a
acggaccatgttg	161	0	a
aagccggtctttg	161	0	a
ccaaacatagccc	0	161	b
ctacttggaatac	161	0	a
aaagccggtgctt	0	161	b
acggctttgttat	161	0	a
aaacgtacatatc	161	0	a
agctctctattga	0	160	b
gtttcctcgacca	0	160	b
cccaacgttgccc	0	160	b
gcacggcggcgga	0	160	b
gctctctattgaa	0	160	b
agtgaaacgcaag	0	160	b
acggactgttatg	160	0	a
agcatccaaatcg	160	0	a
cgtcgtgaaaata	160	0	a
ctacatgagatac	0	160	b
gtaaactcgatta	0	160	b
taccttgacccaa	160	0	a
acttgcgtttcac	0	160	b
aaccacatggcca	160	0	a
aagctctctattg	0	160	b
ccccaacgttgcc	0	160	b
cctatccttgtcc	160	0	a
gagtaaaacgcta	160	0	a
cgtacatatccta	160	0	a
aaaattgagattt	160	0	a
cgctataaatgag	0	160	b
tattccatgtaaa	160	0	a
gcatcataattga	0	160	b
cgccaccgtttga	160	0	a
attttaagtgtaa	160	0	a
acaaagccgttcc	160	0	a
caaaaccacaaca	160	0	a
aacttgcgtttca	0	160	b
agttttcaccttc	160	0	a
actaggatatgta	160	0	a
acctatccttgtc	160	0	a
aaagcgtacctat	159	0	a
ataatcgagttta	0	159	b
aagcattaactcc	0	159	b
gaagtagctttaa	159	0	a
tcctttacaagca	159	0	a
ccaacgttgcccc	0	159	b
agaatgatgccat	0	159	b
cacgatttggatg	159	0	a
attttgacaagaa	0	159	b
aaattgcgtttta	159	0	a
acgatttggatgc	159	0	a
atctatcctagtc	159	0	a
cttgtagaggaac	159	0	a
caacgttggggca	0	159	b
ctaccttgaccca	159	0	a
aacatggtccgtc	159	0	a
cttggcgaaccgc	159	0	a
caacgttgcccca	0	159	b
tggtcgaggaaaa	159	0	a
atgataaccacgg	0	159	b
taaaaatatttaa	159	0	a
ctaggatatgtac	159	0	a
aacgtacatatcc	159	0	a
agaggaacgaaca	159	0	a
cagattttgaatc	159	0	a
cggcttctttatc	159	0	a
acgatccaccgcc	159	0	a
caatattaattgg	159	0	a
ttccatgtaaaaa	159	0	a
acgtacatatcct	159	0	a
aacgttgccccat	0	158	b
ataacagtccgtc	158	0	a
atccttgtccgat	158	0	a
acgtagtcccata	0	158	b
atcgttcccctca	0	158	b
aagccggtccatg	158	0	a
gtagtcccataaa	0	158	b
aaaacgcaatttc	158	0	a
aagcgtacctatc	158	0	a
acatggtccgtcg	158	0	a
aattgaagcatta	0	158	b
tcgttcccctcaa	0	158	b
gttcgttcctcta	158	0	a
catattactcgag	0	158	b
gacccgtggccgc	0	158	b
gcaacgttggggc	0	158	b
atacactccctta	0	158	b
aattgcgttttac	158	0	a
tcccgtgccgaaa	158	0	a
tattcgaatatga	158	0	a
aatcgtcaagcac	158	0	a
ccttggcgaaccg	158	0	a
aacgtagtcccat	0	158	b
cgacggactgtta	158	0	a
attacgatgtatg	0	158	b
ataaaaatattta	158	0	a
gaaagcgtaccta	157	0	a
catcgttcccctc	0	157	b
gtttttacatgga	157	0	a
gtattgctcgaga	0	157	b
ctcatgtagaaac	0	157	b
attgatggtaaac	0	157	b
taaagctacttca	157	0	a
aatgcttcaattg	0	157	b
atgcatgttcgga	157	0	a
cccgtggttatca	0	157	b
gccggtccatgac	157	0	a
gcttcgacggtaa	0	157	b
agatacaacataa	0	157	b
agcgtacctatcc	157	0	a
aaaatatacacac	157	0	a
ccaatccttgacg	157	0	a
cgaggaaaagcaa	157	0	a
ttgtggacggaaa	157	0	a
acccgtggttatc	0	157	b
taaccaacataca	0	157	b
cgtagtcccataa	0	157	b
cgagtaatatgca	0	156	b
aattttgacaaga	0	156	b
ccaacgtagtccc	0	156	b
ggagtaacttccc	156	0	a
aggataggtacgc	156	0	a
aagctacttcaca	156	0	a
aatgtttgccatc	156	0	a
atttctacatggg	0	156	b
ctattccaacgaa	156	0	a
cccaacgtagtcc	0	156	b
cgggagttaatgc	0	156	b
tgtttaccatcaa	0	156	b
agagagcttcgac	0	156	b
atctttttttata	156	0	a
caacgtagtccca	0	156	b
aatcggacaagga	156	0	a
gcatcaattgaga	0	156	b
gctataaatgagc	0	156	b
gcttcaatagaga	0	156	b
catggtccgtcgg	156	0	a
ccgccgccgtgcc	0	156	b
gcatattactcga	0	156	b
cgggaagttactc	156	0	a
caatataggtaaa	0	155	b
cggaataagtgtc	155	0	a
gtgaaaatttaga	0	155	b
agctattccagcg	155	0	a
attcgaacaagta	0	155	b
aaacgcaatttcg	155	0	a
acgcaatttcggg	155	0	a
gaccatgttggcc	155	0	a
aacgcaatttcgg	155	0	a
aaagctacttcac	155	0	a
agaatagatacaa	0	155	b
gtattccatgtaa	155	0	a
caagtagttcggc	155	0	a
aagtagttcggcc	155	0	a
aatttagacacat	0	155	b
ccccaacgtagtc	0	155	b
agaaacagccaaa	0	155	b
ggcatcgttcccc	0	155	b
agctaaaatggtc	155	0	a
aatggagtgtgtg	155	0	a
tgacgattctaca	155	0	a
agtagttcggccc	155	0	a
aaatttagacaca	0	155	b
agtaacttcccga	155	0	a
cactcgttattcg	155	0	a
ggtaaaaactcga	0	155	b
aacattaatgata	155	0	a
ctaggatagatac	154	0	a
atcgtcaagcacc	154	0	a
tatccttgtccga	154	0	a
atgatgtatctca	0	154	b
cgttcccctcaaa	0	154	b
actacgttggggc	0	154	b
agcattaactccc	0	154	b
atgtagaatcgtc	154	0	a
gttacacttaaaa	154	0	a
catcataattgag	0	154	b
gaataaaacgcaa	154	0	a
gtgtcttcataca	154	0	a
ctctcaattgtaa	0	154	b
attatatatatta	0	154	b
acttgtggacgga	154	0	a
aatcgtacgattc	154	0	a
cgagggtccaaga	0	154	b
aaattgagatttc	154	0	a
acttaaaatgagc	154	0	a
acttgttcgaatc	0	154	b
ttcgacggtaaaa	0	154	b
cttgtggacggaa	154	0	a
ccctgacggacca	0	154	b
cggacaaggatag	154	0	a
atcaatataggta	0	154	b
caatgtagaaacg	154	0	a
acaaaaccaccac	154	0	a
gatcatattcgaa	154	0	a
aaccgagggtcca	0	153	b
agctcatttatag	0	153	b
tattactcgagaa	0	153	b
aaacatgtgtcta	0	153	b
gaaccacatggcc	153	0	a
aacatgtgtctaa	0	153	b
accattttagcta	153	0	a
cacttaaaatgag	153	0	a
accagaacgatac	153	0	a
ttaccatcaataa	0	153	b
aaaccaccacact	153	0	a
ctattctcgtcaa	0	153	b
aagttacgccaga	153	0	a
gttacaattgaga	0	153	b
aatcaatataggt	0	153	b
cattttaagtgta	153	0	a
gtagaaacttcaa	153	0	a
tacgttatataca	0	153	b
acttattccggga	153	0	a
acgagaatagata	0	153	b
ttcgaaggtgaaa	153	0	a
cacttattccggg	153	0	a
caaagccatttta	153	0	a
gagaatagataca	0	153	b
ggagttacactta	153	0	a
gttgctattcgaa	152	0	a
atctattctcgtc	0	152	b
accgagggtccaa	0	152	b
tcaatataggtaa	0	152	b
tcataataaatga	0	152	b
atggaccggcttc	152	0	a
tctattctcgtca	0	152	b
atggagtgtgtgg	152	0	a
tgaatccgtctca	152	0	a
cgaataaaacgca	152	0	a
cggtgcttgacga	152	0	a
atggtccgtcagg	0	152	b
agaaacgtcaaga	152	0	a
cattaactcccga	0	152	b
aaatgtgtgtata	152	0	a
tgaagtttctaca	152	0	a
acgttatatacat	0	152	b
acgattctacatg	152	0	a
attattgatggta	0	152	b
tcgacggtaaaaa	0	152	b
agttacacttaaa	152	0	a
ataatatatataa	0	152	b
acacttaaaatga	152	0	a
gaccagaacgata	152	0	a
actctccgaacat	151	0	a
atgcgtattgctc	0	151	b
gaaaatttagaca	0	151	b
gtaactttccgaa	151	0	a
ccctataaaaaaa	151	0	a
tcgaaggtgaaaa	151	0	a
atagagagcttcg	0	151	b
tagatacaacata	0	151	b
gtagaatcgtcaa	151	0	a
atagatacaacat	0	151	b
ccaaacggccaaa	151	0	a
atgttggttattg	0	151	b
aattttcacaact	0	151	b
gctctaggaaaac	151	0	a
acgtattagactc	0	151	b
aatgcgtattgct	0	151	b
atacgttatatac	0	151	b
cgaaggtgaaaac	151	0	a
ggttgctatttca	0	151	b
cttgacgattcta	151	0	a
cttcgacggtaaa	0	151	b
cgagaatagatac	0	151	b
agctattccaacg	0	151	b
cttcgaaggtgaa	151	0	a
cgttcgaatagca	151	0	a
acatatcctagtc	151	0	a
gtattagggtcga	0	151	b
ccgagggtccaag	0	151	b
catatcctagtcc	151	0	a
aggtacgctttcc	151	0	a
gtctaaattttca	0	151	b
aataaccaacata	0	151	b
aagctctcaaatg	151	0	a
aatggtccgtcag	0	151	b
aggggaacgatgc	0	151	b
gctattcgaacga	151	0	a
atcataataaatg	0	151	b
aaaatgtgtgtat	151	0	a
aactctccgaaca	151	0	a
caaggataggtac	150	0	a
gagttacacttaa	150	0	a
ggaccctcggtta	0	150	b
aaggagtaacttc	150	0	a
tattggttgagga	0	150	b
gcgattcgaacaa	0	150	b
cgattcgaacaag	0	150	b
atttgagagcttc	150	0	a
actatccgccgcc	0	150	b
gccaacatggtcc	150	0	a
aatagatacaaca	0	150	b
cgcaagttcggga	0	150	b
cagaacgataccg	150	0	a
gaaacagccaaaa	0	150	b
ccaacattaatga	150	0	a
aaatagcaaccaa	0	150	b
gcgtttcctcgac	0	150	b
ccagaacgatacc	150	0	a
aatctcaatttta	150	0	a
atatcctagtccg	150	0	a
aatgatgccattc	0	150	b
cgacggtaaaaac	0	150	b
agatcatgtttaa	0	150	b
aaagaacgacctc	0	150	b
caaaaaacgactg	150	0	a
agtaaaacgcaat	150	0	a
cgacccgccgccg	150	0	a
aagaccgttgtaa	150	0	a
ataaccgagggtc	0	150	b
aatagagagcttc	0	150	b
aagttactcctta	150	0	a
acattaatgataa	150	0	a
acggcggtggatc	150	0	a
aaaaaagataaaa	150	0	a
acgtatctatcct	149	0	a
cgacgatccaccg	149	0	a
cgaagctctcaaa	149	0	a
acgggtccaagaa	0	149	b
atccgtctcgatc	149	0	a
ggttgctattcga	149	0	a
acatgtgtctaaa	0	149	b
cgtatctatccta	149	0	a
aggccattctttg	0	149	b
aatctagttttca	0	149	b
acgtttctaaatg	0	149	b
atttagacacatg	0	149	b
tgcgattcgaaca	0	149	b
acacactccatta	149	0	a
ggccattctttga	0	149	b
accgccgttttaa	149	0	a
tgggcccccctaa	149	0	a
ataatggagtgtg	149	0	a
attcgaataaaac	149	0	a
gtgggccccccta	149	0	a
atattactcgaga	0	148	b
tgagagcttcgaa	148	0	a
actttctcttaca	148	0	a
gcaagctcattta	148	0	a
aaaatctgatcat	148	0	a
aaatggtccgtca	0	148	b
atacataaaaata	148	0	a
cgagtaagaaaca	0	148	b
tcattctttacaa	0	148	b
agaccattttagc	148	0	a
gaatagatacaac	0	148	b
aaagaccgttgta	148	0	a
ggtcgttctttga	0	148	b
acaagaacgaggt	0	148	b
aaagactggcatc	148	0	a
ttactcatttgaa	148	0	a
aaaactagattat	0	148	b
cttcgaagctctc	148	0	a
accttcgaagctc	148	0	a
acgtacctattct	148	0	a
cacaaaaccacca	148	0	a
agaaaccaaatca	148	0	a
gtaactccacgaa	0	148	b
agagcttcgaagg	148	0	a
aggtcgttctttg	0	148	b
gacacatgtttac	0	147	b
aacggcggtggat	147	0	a
cgatcgagacgga	147	0	a
aaccaaacggcca	147	0	a
caacaaaaaagcg	0	147	b
atggtggcggatc	147	0	a
taacgtttctaca	147	0	a
catgttcggagag	147	0	a
tgtaaagaatgaa	0	147	b
aaaacggcggtgg	147	0	a
ccaacatggtccg	147	0	a
atacccaaacata	0	147	b
atcattaatgttg	147	0	a
accaaacggccaa	147	0	a
atcatacccaaac	0	147	b
aattgcatcataa	0	147	b
acaattcttaaca	0	147	b
aaaaatggccttg	147	0	a
gaaacgtcaagaa	147	0	a
ggccattcttcaa	0	147	b
gttatatacatca	0	147	b
aatggtggcggat	147	0	a
gaaccaaacggcc	146	0	a
gcatgttcggaga	146	0	a
atgtttgggtatg	0	146	b
agccaaaatggtc	0	146	b
aaaaaagcggtgc	0	146	b
ttccttgacacaa	146	0	a
aactagattatga	0	146	b
tgttctcgtcaaa	0	146	b
actcatttattat	0	146	b
accaataaccaac	0	146	b
tagagagcttcga	0	146	b
tgaaacggccaaa	146	0	a
tcaaagactggca	146	0	a
gcttcgaaggtga	146	0	a
gccagtctttgac	146	0	a
aaatggtggcgga	146	0	a
cctaatacgtcac	0	146	b
tgacacaaaacca	146	0	a
aagaccgttgcga	146	0	a
catcaatttaatc	0	146	b
cgtttcctcgacc	0	146	b
cgacccgtggccg	0	146	b
gcaacaaaaaagc	0	146	b
agagttacgctat	0	146	b
ggttttgtgtcaa	146	0	a
aaaggtccaagaa	146	0	a
cttgacacaaaac	146	0	a
gatgaaaactcga	0	146	b
ataaccaacatac	0	146	b
aattcagaatctg	146	0	a
gaaatagcaacca	0	145	b
aaacggcggtgga	145	0	a
aagcggtgcaaca	0	145	b
cggactagaatag	145	0	a
acaacacactccc	145	0	a
caccgccgtttta	145	0	a
acaaaaaagcggt	0	145	b
aatggtctttgaa	145	0	a
gtagaaatatcaa	0	145	b
tcatacccaaaca	0	145	b
ccaagtagaaacg	145	0	a
caaaaaagcggtg	0	145	b
actagattatgat	0	145	b
ctctcgggtttgc	0	145	b
aacacactccctt	145	0	a
agaatggcatcat	0	145	b
aaagcggtgcaac	0	145	b
aaaatttagacac	0	145	b
aatcggactagaa	145	0	a
ggttactattcca	145	0	a
aagcttcatttga	145	0	a
ccttgacacaaaa	145	0	a
atatatattataa	0	145	b
aaaaagcggtgca	0	145	b
aacaaaaaagcgg	0	145	b
cttccttgacaca	145	0	a
aaaattggactag	145	0	a
ctataaaaaaaga	145	0	a
gatcatacccaaa	0	145	b
acgagtgagagac	0	144	b
agctctcaaatga	144	0	a
tggccaccacaca	0	144	b
gttacatacaaca	0	144	b
ctctcaaatgaag	144	0	a
atatttctacatg	0	144	b
attcaaaaaataa	144	0	a
ccgtctctcactc	0	144	b
attaccgacggaa	0	144	b
gttagaaagccca	0	144	b
gaggaaacgcata	0	144	b
gacacaaaaccac	144	0	a
tgatcatacccaa	0	144	b
aaattggactagg	144	0	a
agcggtgcaacac	0	144	b
agcttcgaaggtg	144	0	a
cgtacctattcta	144	0	a
accgttgtaaatc	144	0	a
gcgtattgctcga	0	144	b
tagcccttaaaaa	0	144	b
atgattaaattga	0	144	b
acgttacatacaa	0	144	b
cttcacaaagcta	144	0	a
atgccagtctttg	144	0	a
acatacatcgtaa	0	144	b
aaaagcggtgcaa	0	144	b
tccttattatgaa	144	0	a
cgtaactccacga	0	144	b
aacaattcttaac	0	144	b
atcggactagaat	144	0	a
cgtattgctcgag	0	144	b
actagaataggta	144	0	a
ccaataaccaaca	0	144	b
cgaggaaatgcaa	0	144	b
tcgaggaaacgca	0	144	b
caagaaaaacgcg	0	143	b
gagagttacgcta	0	143	b
ccgtccacaagta	143	0	a
agcccttaaaaaa	0	143	b
atctagttttcac	0	143	b
cccaaaaccacaa	143	0	a
gctctcaaatgaa	143	0	a
agggagtgtgttg	143	0	a
aaagaatggcctc	0	143	b
acacaaaaccacc	143	0	a
ctccccgaaccaa	143	0	a
tgatatttctaca	0	143	b
atcgagtttacac	0	143	b
cgtggagttacgc	0	143	b
aaaatggtggcgg	143	0	a
cataataaatgag	0	143	b
tatagctttgtga	143	0	a
gagatacatcata	0	143	b
caatggtctttga	143	0	a
catttttcgagcc	0	143	b
atagcccttaaaa	0	143	b
atctcgatttgaa	143	0	a
aaatgcgtattgc	0	143	b
cgagcaatacgca	0	143	b
tattctagtccga	143	0	a
agtcgttttttgg	143	0	a
aagactggcatct	143	0	a
tcatgccccaaca	143	0	a
gaaaactagatta	0	143	b
cacaactatccgc	0	143	b
ataagagagtgtg	143	0	a
acttccttgacac	143	0	a
cctataaaaaaag	143	0	a
gattttgttgcta	0	143	b
tccttgacacaaa	143	0	a
gagacggccaaaa	0	143	b
taggctcgaataa	0	143	b
agcttcatttgag	143	0	a
cggtgcaacacga	0	143	b
gcgtttttcttga	0	143	b
tattagactcgaa	0	143	b
ctaaattttcaca	0	143	b
cgtgttgcaccgc	0	143	b
cggctccccgaac	143	0	a
agtcggtgcttga	142	0	a
ctgatcataccca	0	142	b
atgtagaaatatc	0	142	b
gaacgacaaagaa	142	0	a
atcaatttaatca	0	142	b
caatttaatcata	0	142	b
aaattgcatcata	0	142	b
atctcaattttaa	142	0	a
aaatcggactaga	142	0	a
aaatctcgatttg	142	0	a
ggccaccacacac	0	142	b
acggcggcggata	0	142	b
gacggaaagcgta	142	0	a
aagcaccgacttc	142	0	a
aaagcttcatttg	142	0	a
ctatcctagtcca	142	0	a
caaaggtccaaga	142	0	a
cgagtgagagacg	0	142	b
aaacatagccctt	0	142	b
acttcacaaagct	142	0	a
ggaagttacgcca	142	0	a
cgttttcctagag	142	0	a
taaatcactagaa	0	142	b
ctttccgtcccca	142	0	a
agtttacaccgtc	0	142	b
aattggactagga	142	0	a
ccatgttgaaacg	142	0	a
atcctagtccaat	142	0	a
tctcaattttaaa	142	0	a
gtagaaacgttaa	142	0	a
tcggctccccgaa	142	0	a
acggaaagcgtac	142	0	a
aaatgaagcttta	142	0	a
cacgggtccaaga	0	142	b
gccaccattttaa	142	0	a
gttacgagtgaga	0	142	b
atagctttgtgaa	142	0	a
aaactagattatg	0	142	b
tatcctagtccaa	142	0	a
aagtcggtgcttg	142	0	a
acctattctagtc	142	0	a
cattaatgttggc	142	0	a
aaatacatattgc	0	141	b
cacgattctttga	141	0	a
ctctcaattaaag	0	141	b
cctattctagtcc	141	0	a
aatctcgatttga	141	0	a
cactcatttatta	0	141	b
atagttgtgaaaa	0	141	b
gctacttcacaaa	141	0	a
cacaagtagttcg	141	0	a
cgttacatacaac	0	141	b
agacacatgttta	0	141	b
ttgacgagaacaa	0	141	b
cggaaagcgtacc	141	0	a
agctacttcacaa	141	0	a
gcttcatttgaga	141	0	a
aagctctcaatta	0	141	b
aacgaagtcggtg	141	0	a
cttttttaagggc	0	141	b
caaaatcgtgttc	0	141	b
cgaaccaaacggc	141	0	a
cgataaagaagcc	141	0	a
gttattccaacga	0	141	b
cacaacacactcc	141	0	a
cgaatagcaacca	141	0	a
gctttgtgaagta	141	0	a
ggtgaaaactaga	0	141	b
gttactcatttga	141	0	a
attccgggacgga	141	0	a
ccacgggtccaag	0	141	b
ggacccgtggtta	0	141	b
ccgtttggttcgc	141	0	a
cgggagttaaaga	0	141	b
ctacttcacaaag	141	0	a
aattgatgcttta	0	141	b
ctcaattttaaaa	141	0	a
cgttttattcgaa	141	0	a
actacttgtggac	141	0	a
cggcggcggatag	0	140	b
ctcgatttgaaaa	140	0	a
gttcgaatagcaa	140	0	a
acgaagtcggtgc	140	0	a
aaattaattggct	0	140	b
taaagaatgaaca	0	140	b
gacttcattgacc	140	0	a
cgttatatacatc	0	140	b
accacgggtccaa	0	140	b
catttttaattgg	140	0	a
agagacggccaaa	0	140	b
atataatatttaa	140	0	a
ggctccccgaacc	140	0	a
agcaccgacttcg	140	0	a
tcaacgaagtcga	140	0	a
aacatagccctta	0	140	b
cggaaagttacgc	140	0	a
aaccacgggtcca	0	140	b
gagagacggccaa	0	140	b
ccatgtagaaata	0	140	b
cgtaactttccga	140	0	a
acgatcgagacgg	140	0	a
ttcattgacccaa	140	0	a
catagcccttaaa	0	140	b
tgagcctaataca	0	140	b
acggtaaaaactc	0	140	b
tcataataagaga	140	0	a
atagccaaaggtc	140	0	a
cgaacgacaaaga	140	0	a
cgccaccatttta	140	0	a
tcattgacccaaa	140	0	a
cgttggaataaca	0	140	b
acgatgtatgtaa	0	140	b
acatagcccttaa	0	140	b
agggctatgtttg	0	140	b
atgccccaacata	140	0	a
atgcgttttccta	140	0	a
caattttgacaag	0	140	b
caaatacgttaca	0	140	b
atcattcctttac	0	140	b
cgatccaccgccg	140	0	a
ggatagttgtgaa	0	140	b
gcgttttcctaga	140	0	a
atttttaattggc	140	0	a
ggaacgattgaga	0	140	b
atgttggggcatg	140	0	a
aggggccgaacta	140	0	a
aactacttgtgga	140	0	a
aaaatgagtttgt	139	0	a
ctccgaacatgca	139	0	a
aatacatattgct	0	139	b
ccacaagtagttc	139	0	a
aaacgtcaagcat	0	139	b
aattgtaacttta	0	139	b
aacaaaatcgtgt	0	139	b
aaaacgactgaga	139	0	a
cataataagagag	139	0	a
ctggcgtaacttc	139	0	a
ctaggaaaacgca	139	0	a
acaagtagttcgg	139	0	a
aattgaatcttta	0	139	b
gggagttaaagca	0	139	b
gtaaagaatgaac	0	139	b
aaaaacgactgag	139	0	a
accaaatcgtgtc	139	0	a
gctttccgtcccc	139	0	a
agcatcaattgag	0	139	b
cgacttcgttgac	139	0	a
tgagagacggcca	0	139	b
aatccatctcggt	139	0	a
tacgagtgagaga	0	139	b
gccgatgcttgac	0	139	b
gctccccgaacca	139	0	a
agttgcaccataa	0	139	b
cttcattgaccca	139	0	a
ttaatgatggtaa	139	0	a
agtttttaccgtc	0	139	b
ccgtcccggaata	139	0	a
ctctcactcgtaa	0	139	b
agatatgcttgaa	139	0	a
agacggccaaaac	0	139	b
acaatggtctttg	139	0	a
aagatttacaacg	139	0	a
cccgtgccgaaac	139	0	a
aattaaaaatggc	139	0	a
aatgaagcttgtc	139	0	a
atatgcttgaaat	139	0	a
cgtccacaagtag	139	0	a
ccgagatggattc	139	0	a
agtgagagacggc	0	138	b
aaggccattttta	138	0	a
attaggctcgaat	0	138	b
ttaatgttggcaa	138	0	a
caaaatctgatca	138	0	a
atgaagcttgtcc	138	0	a
acgaagccgatgc	0	138	b
atgcgtttcctcg	0	138	b
gaatcgtcaagca	138	0	a
caaatgagtaacg	138	0	a
tctcgggtttgca	0	138	b
attttcacaacta	0	138	b
aacgaagccgatg	0	138	b
atcataataaaga	0	138	b
aaaaaacgactga	138	0	a
acaagcttcatta	138	0	a
agccgatgcttga	0	138	b
aaagaaaatatat	138	0	a
cttattccgggac	138	0	a
aagcatcggcttc	0	138	b
gaattggatccta	138	0	a
aacacgattttgt	0	138	b
agcatcggcttcg	0	138	b
aagaaaaacgcgt	0	138	b
accaccacacaat	138	0	a
accatcattaatg	138	0	a
aaatcactagaaa	0	138	b
ggccgtctctcac	0	138	b
agccaattaaaaa	138	0	a
taatgttggcaaa	138	0	a
acgattttgttgc	0	138	b
attatcgctggaa	0	138	b
gcgttttattcga	138	0	a
aagccgatgcttg	0	138	b
taaacaaaacaaa	0	138	b
attaactcccgaa	0	138	b
attaatgttggca	138	0	a
ctagaataggtac	138	0	a
ccaaaggtccaag	137	0	a
caattaaaaatgg	137	0	a
aatttgcgtttta	137	0	a
acatggccaaaaa	137	0	a
atatattaattgg	137	0	a
tctagtgatttaa	0	137	b
acgctttccgtcc	137	0	a
aaaagagaaaaat	137	0	a
atcgtgatcattc	0	137	b
tgagaaacgacaa	137	0	a
agcaacaaaatcg	0	137	b
tacatacatcgta	0	137	b
cggtgaaaactag	0	137	b
aatgaagctttaa	137	0	a
attaatgatggta	137	0	a
cattctttacaag	0	137	b
caaattcggggag	137	0	a
caacaaaatcgtg	0	137	b
caatacgcatttc	0	137	b
attatgaagtata	137	0	a
acaactatccgcc	0	137	b
atgttggcaaaca	137	0	a
tcgacggtgtaaa	0	137	b
tattcgagcctaa	0	137	b
aagttgcaccata	0	137	b
gttataaaatcga	137	0	a
ctccttctcaaac	0	137	b
aggatgtgtgtgg	137	0	a
aagaagggagtgt	0	137	b
ttactagttcgaa	0	137	b
caactatccgccg	0	137	b
aatgttggcaaac	137	0	a
actcccttcttat	0	137	b
aagcttgtccttg	137	0	a
atccatgtagaaa	137	0	a
gcttttcctcgac	137	0	a
ataaaaatattat	137	0	a
cgctttccgtccc	136	0	a
aacgtcaagcatc	0	136	b
aacgcaaattcgg	136	0	a
gaaatgtttgcca	136	0	a
attatggtgcaac	0	136	b
cactcccttctta	0	136	b
aactatccgccgc	0	136	b
ggtgtaaactcga	0	136	b
attagactcgaag	0	136	b
cggggccgaacta	0	136	b
aaggtccaagaat	136	0	a
aactcctgaatac	0	136	b
aaaaatgaattaa	136	0	a
ccacaacacactc	136	0	a
ccaaatacgttac	0	136	b
ttacaccgtcgaa	0	136	b
gatcgttgtgaaa	136	0	a
acacactcccttc	0	136	b
cgagtttttaccg	0	136	b
agaatcgtcaagc	136	0	a
aaaggaatgatca	0	136	b
agcttgtccttga	136	0	a
aaccaccacacaa	136	0	a
ccttctcaaacac	0	136	b
ccaaaatcaccac	0	136	b
caaagaatcgtgc	136	0	a
gcaaattcgggga	136	0	a
attcggtcggtaa	0	136	b
acgcaaattcggg	136	0	a
atgtttgccaaca	136	0	a
aacggccaaaaaa	136	0	a
cctccttctcaaa	0	136	b
cggatagttgtga	0	136	b
accaccacgcact	0	136	b
agttcggccccga	0	136	b
agatttacaacgg	136	0	a
atgtatcataata	135	0	a
atgaagacacata	135	0	a
aatcaaaactaat	0	135	b
attctttacaagc	0	135	b
gatcattccttta	0	135	b
ccgttataaaatc	135	0	a
cccaaaatcacca	0	135	b
cattgacccaaaa	135	0	a
tcttcgagtctaa	0	135	b
aatcactagaaat	0	135	b
attcgaactagta	0	135	b
agaagggagtgtg	0	135	b
atcaccaattgga	0	135	b
aaattttcacaca	135	0	a
cgttttggccgtc	0	135	b
ccgtgccgaaaca	135	0	a
aggaatgatcacg	0	135	b
gagatatgcttga	135	0	a
atttttatgtata	135	0	a
attgatgctttaa	0	135	b
tcataagaaggga	0	135	b
aagttacaattga	0	135	b
attcgaacgagga	0	135	b
attttcacaacga	135	0	a
aatacgcatttcc	0	135	b
aaaacgcaaattc	135	0	a
ggaatgatcacga	0	135	b
agttacaattgag	0	135	b
aagatgccagtct	135	0	a
cttcgacggtgta	0	135	b
cgtcaaggacaag	135	0	a
caacgacaacaaa	135	0	a
aaacgcaaattcg	135	0	a
cagaaatgtttgc	135	0	a
aactagcgtttta	135	0	a
atcgagttttcat	0	135	b
cgtttctacatag	135	0	a
atccaattggtga	0	135	b
taaaaaatattaa	135	0	a
ccagcgataatga	0	135	b
accacacactcca	135	0	a
atcgttgtgaaaa	135	0	a
aatgcaaacccga	0	135	b
aaatgagctagta	135	0	a
cattatcgctgga	0	135	b
cataagaagggag	0	135	b
ctttgtcgttcga	135	0	a
ccaaatcgtgtcc	134	0	a
attgaatctttaa	0	134	b
aaggaacggacac	134	0	a
attttataacggc	134	0	a
tctcgatttgaaa	134	0	a
atccatctcggtc	134	0	a
aatcgtgatcatt	0	134	b
cggctttgttgtc	134	0	a
aggaaatgcgtat	0	134	b
aatgagctagtaa	134	0	a
atccttctcgatc	0	134	b
aataaatgagtgt	0	134	b
aacgtatttggct	0	134	b
ccaaaaaacgaca	134	0	a
caaaaaacgacag	134	0	a
atgaagctttaac	134	0	a
aggacaagcttca	134	0	a
aaacgatcgagaa	0	134	b
gatatgcttgaaa	134	0	a
acttcattgaccc	134	0	a
aaacatgatctag	0	134	b
actagcgttttac	134	0	a
caaatcgtgatca	0	134	b
gcttgtccttgac	134	0	a
gccgccgttataa	134	0	a
agtaaaacgctag	134	0	a
gtattagactcga	0	134	b
aaagttgcaccat	0	134	b
cgccgttataaaa	134	0	a
tattggtctagga	0	134	b
acggtgaaaacta	0	134	b
atctttttttatg	0	134	b
agctctcaattaa	0	134	b
aggaacgattgag	0	134	b
cgtcccggaataa	134	0	a
aaatacgttacat	0	134	b
attctacatgatg	134	0	a
ggaatagcaatca	0	134	b
agaaatgtttgcc	134	0	a
attgtaactttaa	0	134	b
aaggacaagcttc	134	0	a
aagctcatttcta	134	0	a
gattgctattcca	0	134	b
aaggaatgatcac	0	134	b
gggctcccaccac	134	0	a
gaacgattgagaa	0	134	b
actagttcgaatc	0	134	b
attgacgtttcta	0	134	b
attgacccaaaac	133	0	a
actggcatcttta	133	0	a
actcctgaatacg	0	133	b
acatgtttgccaa	133	0	a
ggaacggacacga	133	0	a
aaatcgtgatcat	0	133	b
cccaacataaccc	133	0	a
aattagttttgat	0	133	b
ccaccgtcgaagc	0	133	b
gacgtttctacac	133	0	a
agttaaagattca	0	133	b
actagtaacgagt	0	133	b
gatagttgtgaaa	0	133	b
ccgccgttataaa	133	0	a
agtaaaacgcaaa	133	0	a
aatctttaactcc	0	133	b
atgctttaactcc	0	133	b
attatgttgtatc	0	133	b
tccttctcaaaca	0	133	b
aatccttctcgat	0	133	b
atcagattctgga	0	133	b
aacggacacgatt	133	0	a
gccaaatacgtta	0	133	b
attaatttaaata	0	133	b
cacatggccaaaa	133	0	a
attcgaacgacaa	132	0	a
atttacagaaatg	132	0	a
ccccgaatttgcg	132	0	a
atttgcgttttac	132	0	a
caggtgggctttc	0	132	b
aatggaacgaaca	0	132	b
aaccaccacactc	132	0	a
agaccattgtgaa	132	0	a
gctctcaattaaa	0	132	b
agaaggaggcctc	0	132	b
aaatcgtgtccgt	132	0	a
acgtcaagcatcg	0	132	b
acgtcaaggacaa	132	0	a
tagttcggcccca	132	0	a
aggctcgaaaaat	0	132	b
atgtgtcttcata	132	0	a
tattcgaacgaca	132	0	a
attcaattgagag	0	132	b
catgtttgccaac	132	0	a
aatttaaacacat	0	132	b
cgaaccacatggc	132	0	a
aacatgatctaga	0	132	b
gaatctttaactc	0	132	b
aaagatgccagtc	132	0	a
aaagattcaattg	0	132	b
aaacgcaagttca	0	132	b
aaatatcaaggac	0	132	b
gttaaagcatcaa	0	132	b
gaaaatttaaaca	0	132	b
gttaaagattcaa	0	132	b
atgcaaacccgag	0	132	b
gtttcaaaatata	132	0	a
aaagaccattgtg	132	0	a
aaaaaacgacaga	132	0	a
caagcatatctcc	132	0	a
aagaccattgtga	132	0	a
gtaatggaacgaa	0	131	b
attaaaaatggcc	131	0	a
gtatgaagacaca	131	0	a
catgtagttcggc	0	131	b
acccaaaatcacc	0	131	b
acaacaaagccgg	131	0	a
ataaagatgccag	131	0	a
aaaattttcacac	131	0	a
taaacatgatcta	0	131	b
aaaaagaaataat	131	0	a
aaacgacctcgtt	0	131	b
aattagctcgggg	131	0	a
tcaaaatatagaa	131	0	a
cggggaattacgc	131	0	a
atggtggttttgg	0	131	b
gacgatctgccgc	131	0	a
tagtttcaaaata	131	0	a
cgacggtgtaaac	0	131	b
catattcgactaa	0	131	b
aacatttctgtaa	131	0	a
ccatgtggttcgc	131	0	a
ttcgaacgacaaa	131	0	a
ataaacaaaacaa	0	131	b
aagaatggcatca	0	131	b
atcatgtagaatc	131	0	a
aactccccgaatt	131	0	a
aaattcggggagt	131	0	a
aattaattggctc	0	131	b
gagttaaagcatc	0	131	b
ttactcgttcaaa	131	0	a
accccaacataac	131	0	a
aaacatttctgta	131	0	a
aactcgattatgg	0	131	b
gtaattccccgaa	131	0	a
agtttcaaaatat	131	0	a
atcataagaaggg	0	131	b
gttaaagttacaa	0	131	b
atgtagttcggcc	0	131	b
caaatcgtgtccg	131	0	a
gggccgaactaca	0	131	b
cgtaattccccga	131	0	a
gccaattaattta	0	131	b
tagactcgaagaa	0	131	b
gataacgaagcca	131	0	a
aaaattgcatcat	0	131	b
agctcatttctag	131	0	a
cgccgccgttata	131	0	a
acctgtcctagtc	131	0	a
accggctttgttg	131	0	a
actaggacaggta	131	0	a
ccccaacataacc	131	0	a
aatatcaaggacc	0	130	b
cctgtcctagtcc	130	0	a
gaatatgatcata	130	0	a
agttaaagttaca	0	130	b
acggtgtaaactc	0	130	b
cgattttataacg	130	0	a
ccacatggccaaa	130	0	a
gctagaaatgagc	130	0	a
acatttctgtaaa	130	0	a
gaatccttctcga	0	130	b
cgttttaaaatca	130	0	a
cgattctacatga	130	0	a
accacatggccaa	130	0	a
gttcgttccatta	0	130	b
gttactagttcga	0	130	b
gaaacgtcaatga	0	130	b
aaagttacaattg	0	130	b
cggttcggttaac	130	0	a
cggtcttcgaaac	130	0	a
acggtcttcgaaa	130	0	a
cacgattcttaga	130	0	a
aaaacgacagaga	130	0	a
cgacgatgaaaac	0	130	b
tgtatcataataa	130	0	a
tcatgtagaaaca	0	130	b
gattcaattgaga	0	130	b
aaaactaattcat	0	130	b
cttgatatttcta	0	130	b
aaataaaaaaact	0	130	b
aggccatttttaa	130	0	a
aaacggtggcaga	130	0	a
gtcggggccgaac	0	130	b
acagaaatgtttg	130	0	a
atcgtgtccgttc	130	0	a
aacggtggcagat	130	0	a
gttactattccaa	130	0	a
attcggggagtta	130	0	a
atcggactaggac	130	0	a
aaaccaaaccaaa	0	130	b
accataatcgagt	0	130	b
gatacatcataaa	130	0	a
agaaatatcaagg	0	129	b
aaaatccgaaatt	0	129	b
atttaaacacatg	0	129	b
cagtgaacacgag	129	0	a
aagaaaatatatt	129	0	a
aaacgcgtatttg	0	129	b
agttaaagcatca	0	129	b
aaataagcttgta	129	0	a
cactcccatatta	0	129	b
aaaaacgacagag	129	0	a
ataatgaagcttg	129	0	a
ggttaaccgaacc	129	0	a
aatatgtatttcc	0	129	b
tcggactaggaca	129	0	a
gtttttaaaggaa	0	129	b
ccgatgcttgacg	0	129	b
atatcaaggaccg	0	129	b
aagattcaattga	0	129	b
ttcctcgttcgaa	0	129	b
agttttcatcgtc	0	129	b
aaagagtaacgag	129	0	a
agaaacgtcaatg	0	129	b
caatatgtatttc	0	129	b
atggtcgaggaaa	0	129	b
atattcgactaaa	0	129	b
aggaaatacatat	0	129	b
aaaaacgtaccta	0	129	b
acgatcgagaagg	0	129	b
attaataaaaaat	0	129	b
cgaaacgtcaaaa	129	0	a
atatttacacaca	129	0	a
cctatattgatta	0	129	b
aataaaagagtgt	0	129	b
aaaatttaaacac	0	129	b
aattttcacacat	129	0	a
tattcgactaaaa	0	129	b
aaaatcagactag	128	0	a
ttaaaggaacgaa	0	128	b
gaggaaatgcgta	0	128	b
ctaagaatcgtgc	128	0	a
acgcaagttcagg	0	128	b
aagagtaacgagt	128	0	a
gttcctcgttcga	0	128	b
ccaccacacaatc	128	0	a
ataattcataaat	0	128	b
tgacatttttaca	128	0	a
acgcgtatttggg	0	128	b
aaaaatccgaaat	0	128	b
aattttaacacga	0	128	b
ctatattttgaaa	128	0	a
ctattcgaacgac	128	0	a
tctatattttgaa	128	0	a
aaaacgcgtattt	0	128	b
gaaatatcaagga	0	128	b
ccagaatctgatc	0	128	b
aatcataatcgag	0	128	b
caaactcatttta	128	0	a
caagaacgaggtc	0	128	b
catcacaataagg	0	128	b
gatcatattcgac	0	128	b
acgtttcgaagac	128	0	a
aaggaggcctcct	0	128	b
aggaacggacacg	128	0	a
cggactaggacag	128	0	a
atgagctagtaaa	128	0	a
acggtggcagatc	128	0	a
caccacacaatcc	128	0	a
tagtcgaatatga	0	128	b
aattcgtctcggt	128	0	a
caaaaccaccata	0	128	b
acgcatttcctcg	0	128	b
aggaataggatcc	128	0	a
taatgatggtaaa	128	0	a
agcttcaatagag	0	128	b
gaaaattttcaca	128	0	a
tagctttaactca	0	128	b
aacgcaagttcag	0	128	b
ccggtccttgata	0	128	b
attcgcaacggtc	128	0	a
catcataagaagg	0	128	b
aacgcgtatttgg	0	128	b
agaccgttgcgaa	128	0	a
acgattcttagac	127	0	a
aaaacgctagttc	127	0	a
aatgtatcataat	127	0	a
aattggtgatcaa	0	127	b
agtcgaatatgat	0	127	b
catgtggttcgcc	127	0	a
aaacgaccgagat	127	0	a
cgaccgagatgga	127	0	a
actcccatattat	0	127	b
aactccctgaact	0	127	b
ggaataggatcca	127	0	a
cgatcgagaagga	0	127	b
acttcgacggtga	127	0	a
gtgtaaatattca	127	0	a
gacgatctgccac	127	0	a
aactagtaacgag	0	127	b
gttcagggagtta	0	127	b
aacgacaacaaag	127	0	a
caagttcagggag	0	127	b
gtgaaaatttaaa	0	127	b
gaaggaggcctcc	0	127	b
ccaacgacaacaa	127	0	a
aattggatcctat	127	0	a
cgcatttcctcga	0	127	b
aacgatcgagaag	0	127	b
aggtgaaaactcg	127	0	a
tcagtgaacacga	127	0	a
accttgacccaaa	127	0	a
cagcgataatgaa	0	127	b
cgtttcgaagacc	127	0	a
caacgataaagaa	127	0	a
taacggcggcgga	127	0	a
actttaactcacg	0	127	b
aagcttcaactcc	0	127	b
attggctcaggga	127	0	a
aaccaaaccaaac	0	127	b
aataaaaaattta	0	127	b
aagcttcattatc	127	0	a
ctttactagctca	127	0	a
atgtggttcgcca	127	0	a
tttatacataaaa	127	0	a
ctcgaagaacaac	127	0	a
atggtccaagaat	127	0	a
atctttaactccc	0	127	b
agtaagaaacagc	0	126	b
caaaaaaaaaatg	126	0	a
cataatatgggag	0	126	b
ctgtttcttactc	0	126	b
cgatgtatgtaac	0	126	b
aaatttaaacaca	0	126	b
acatgatctagaa	0	126	b
ccaaatcgtgatc	0	126	b
gtaactttttaga	0	126	b
gcaattttgacaa	0	126	b
acgtttcttggac	0	126	b
tgaaattttaaca	0	126	b
attcacaatggtc	126	0	a
aaaaacgacctcg	0	126	b
agataacgaagcc	0	126	b
caataagggagtg	0	126	b
cataatcgagttc	0	126	b
caattggtgatca	0	126	b
agcgataatgaag	0	126	b
ctcctgaatacgc	0	126	b
gacgtttcgaaga	126	0	a
tcgaaacgtcaaa	126	0	a
gtagaaggtaaca	0	126	b
tccaacgacaaca	126	0	a
ccaattggtgatc	0	126	b
attcgtctcggtc	126	0	a
agattctgaattc	126	0	a
atcggtcggtaat	0	126	b
cgactgagacgga	126	0	a
gttactcgttcaa	126	0	a
cgtgaatatttac	126	0	a
aaccaaatcgtga	0	126	b
accattaaccacc	0	126	b
aagaagaaatcaa	0	126	b
attaaaaaagaaa	126	0	a
ttccaacgaaaaa	126	0	a
attcaagtaaaac	126	0	a
acatcataagaag	0	126	b
atcgacttcgttg	126	0	a
aagttcagggagt	0	126	b
aatggtcgaggaa	0	126	b
cgattcttagacc	126	0	a
gaataggatccaa	126	0	a
attttttaaaaaa	0	126	b
aataatttattaa	0	126	b
aacatacaataat	125	0	a
gattcttggacca	125	0	a
cgttactcgttca	125	0	a
ccgagacgaattc	125	0	a
gtcgaagttctca	125	0	a
aatcagactagga	125	0	a
aatattaattggc	125	0	a
taaaacggtggca	125	0	a
agggagtgcgtgg	0	125	b
aagcgtaactcca	0	125	b
acatgtgtgaaaa	125	0	a
accacgcactccc	0	125	b
tcggtcctgtaaa	0	125	b
tcgacgatgaaaa	0	125	b
tttcacagaaaaa	0	125	b
aataatggaaaaa	125	0	a
caccacgcactcc	0	125	b
tcaagaaccctaa	0	125	b
ttcaaaaaataaa	0	125	b
aactttaactcac	0	125	b
caagtccatttta	125	0	a
accaaatcgtgat	0	125	b
acgatgaaaactc	0	125	b
tattcgtgtaaaa	125	0	a
ataagcttgtaaa	125	0	a
aacacgatttcgt	125	0	a
gtttaaattttca	0	125	b
agattcaattgag	0	125	b
ggtgcaactttga	0	125	b
gccccatcaaaaa	125	0	a
cgcgtatttggga	0	124	b
atgttaccttcta	0	124	b
cgttcctttaaaa	0	124	b
ttccaacaacaaa	124	0	a
gcgataatgaagc	0	124	b
aaattttaacacg	0	124	b
cgaaagagtaacg	124	0	a
gaaaacttacaca	124	0	a
atattcgtgtaaa	124	0	a
gtgtaagttttca	124	0	a
cgaaatcgtgttc	124	0	a
cctcgttcgaatc	0	124	b
aacggtcttcgaa	124	0	a
gattatggtgcaa	0	124	b
cgacgatctgcca	124	0	a
gaaagagtaacga	124	0	a
taatatttaaata	124	0	a
cgaacacgattta	124	0	a
gagaatgatgcca	0	124	b
ctaatcaatatag	0	124	b
aaaatggtctttg	124	0	a
cgaactagtaacg	0	124	b
acgacaacaaagc	124	0	a
cgacgatctgccg	124	0	a
gtgaatatttaca	124	0	a
tacacgaatatga	124	0	a
gttctacatggaa	0	124	b
attgctcgaaaaa	0	124	b
ccaccgtacactc	0	124	b
aataagcttgtaa	124	0	a
acatgtgtttaaa	0	124	b
aatagccaacata	0	124	b
atttttctgtgaa	0	124	b
aataaacaaaaca	0	124	b
aattgacttgcca	0	124	b
gctaatcaatata	0	124	b
aaatcagactagg	124	0	a
aacgaaatcgtgt	124	0	a
agagcttcgacga	0	124	b
gaatatttacaca	124	0	a
ccaccacgcactc	0	124	b
tggccccataaaa	124	0	a
gaaggtaacatac	0	124	b
ttcgacgatgaaa	0	124	b
cgatctgccaccg	124	0	a
aacgataaagaag	124	0	a
taactttaactca	0	124	b
atcagactaggat	124	0	a
tatcctagtctga	124	0	a
cggtcctgtaaag	0	124	b
gaactagtaacga	0	124	b
gtcccatttttca	124	0	a
aaagaccatttta	124	0	a
aaccggtccttga	0	124	b
tgcaattttgaca	0	124	b
ctttacaagctta	124	0	a
aagaaacagccaa	0	123	b
agaaggtaacata	0	123	b
aaaacgacctcgt	0	123	b
agctaatcaatat	0	123	b
ataaaaagattca	123	0	a
ggccccataaaaa	123	0	a
atccgtcggggcc	0	123	b
aaaagaacgaaca	123	0	a
acacactcccata	0	123	b
attttcacacatg	123	0	a
acatattgctcga	0	123	b
aatatgggagtgt	0	123	b
gttggaatagtaa	123	0	a
atatgggagtgtg	0	123	b
cgtcggggccgaa	0	123	b
aacagccaaaatg	0	123	b
aaagcccacctgg	0	123	b
aaatggtctttgc	123	0	a
gagctaatcaata	0	123	b
aaaacttacacac	123	0	a
aagggattgtgtg	123	0	a
aataggatccaat	123	0	a
acaacgacgtggg	123	0	a
agcttcaactccc	0	123	b
caacatggcccca	123	0	a
aaaacggtggcag	123	0	a
aaaccaaaatcga	123	0	a
gagttaaagttac	0	123	b
acgataaagaagc	123	0	a
caacgacgtgggg	123	0	a
caaaactaattca	0	123	b
acgatctgccacc	123	0	a
ccgtttcacactc	123	0	a
cgccagagtccag	123	0	a
atctttggaatag	0	123	b
gctcgaaaaatga	0	123	b
agttgaagcttca	0	123	b
cttcgacgatgaa	0	123	b
atccagaatctga	0	123	b
aaagagtgtgaaa	123	0	a
cgacaacaaagcc	123	0	a
cacgtttcttgga	0	123	b
aacatggccccat	123	0	a
aggtacgtttttc	0	123	b
ctttttcgttgga	122	0	a
agaacttcgacgg	122	0	a
gtgaaaacttaca	122	0	a
aatggtccaagaa	122	0	a
acaataagggagt	0	122	b
gtttaaatcacta	0	122	b
accgtcgaagttc	122	0	a
aacttcgacggtg	122	0	a
aaatccgaaattc	0	122	b
tagccccatcaaa	122	0	a
acatgatttggta	0	122	b
agcgtaactccac	0	122	b
cggccccgacgga	0	122	b
ttgctcgaaaaaa	0	122	b
agccccatcaaaa	122	0	a
aagtttaagttca	122	0	a
tcataatatggga	0	122	b
ataacggcggcgg	122	0	a
ttactctttcgaa	122	0	a
attgacttgccaa	0	122	b
taaatattcacga	122	0	a
aatatttacacac	122	0	a
ccgtccccagata	0	122	b
ccacacactccca	0	122	b
aacatgtgtttaa	0	122	b
gcgccagagtcca	122	0	a
agtgtgaaacggc	122	0	a
taatggtcgagga	0	122	b
aacaagtattcga	0	122	b
atgggagtgtgtg	0	122	b
cagactaggatag	122	0	a
ccgtcggggccga	0	122	b
aaattagggtttg	0	122	b
gcttcgacgatga	0	122	b
tcgttcctttaaa	0	122	b
aacgaggttgttc	122	0	a
aaaacgatccgtc	0	122	b
attacagcgataa	0	122	b
aagaagtcggtcc	0	122	b
cagagtgtagcag	122	0	a
atgtgtgtaaata	122	0	a
ttaattttcaaaa	122	0	a
gattcttagaccc	122	0	a
agtttttaaagga	0	122	b
catttgaaatgca	122	0	a
atgatttggtagc	0	122	b
cgagtttacaccg	0	122	b
gaaaaacgacctc	0	121	b
gttactctttcga	121	0	a
aaaatgaattaaa	121	0	a
aatatttttatta	0	121	b
taataatggaaaa	121	0	a
gaagcttcaactc	0	121	b
gctcgaaaaacga	0	121	b
gatcgtttttgcc	0	121	b
gctttaattgaga	0	121	b
cacaacggtcttc	121	0	a
tatagctttatga	0	121	b
ctcgaaaaacgac	0	121	b
aaaattttgagat	121	0	a
caaacgtcaagga	121	0	a
aacgtattagggt	0	121	b
gaaaatatttcta	0	121	b
agctcgtaaagga	121	0	a
cgtcgaagttctc	121	0	a
aaagaccgttgtt	121	0	a
acggtccgtcatg	121	0	a
gacgaaaaacgta	0	121	b
gcaccataatcga	0	121	b
attctagtaaaac	121	0	a
aaaataattgacg	121	0	a
caacggtcttcga	121	0	a
tttgcgaaccaaa	121	0	a
cgatccgccacca	121	0	a
aacatgtgtgaaa	121	0	a
aattattgtatgt	121	0	a
gctgtaatagcaa	0	121	b
acgtttttcgtcc	0	121	b
aaaaccaaaatcg	121	0	a
attcgaaagagta	121	0	a
cgattatggtgca	0	121	b
aggatccaattca	121	0	a
gaccattaaccac	0	121	b
cgttggggcatta	121	0	a
aacggtccgtcat	121	0	a
caatggtccaaga	121	0	a
gctcgaagaacaa	121	0	a
acagcgataacga	0	121	b
aaataattgacgt	121	0	a
cagattctggatc	0	121	b
aaatgagttttta	0	121	b
gagaaaaacgcaa	0	121	b
agcttcgacgatg	0	121	b
atggccccataaa	121	0	a
cgtgaaaatttaa	0	121	b
cgttatcgctgta	0	121	b
tcgggcccaagaa	121	0	a
tatatatagggga	121	0	a
gctcgtaaaggaa	121	0	a
aaactaattcata	0	121	b
aaacttacacaca	121	0	a
agctaccaaatca	0	121	b
acctttattatga	0	121	b
acacgaatatgat	121	0	a
ggttgttcttcga	121	0	a
agtccagctcggc	121	0	a
aagcttgtaaagg	121	0	a
caccataatcgag	0	121	b
aaacgtcaagaac	120	0	a
agccaacatacac	0	120	b
aaaccggtccttg	0	120	b
attcagaatttga	120	0	a
attagaatagcaa	120	0	a
cacaataagggag	0	120	b
ccctaatacgtta	0	120	b
catagccccatca	120	0	a
atacaataattca	120	0	a
ctagtgatttaaa	0	120	b
agaaaagaaaaag	120	0	a
ccatgacggaccg	120	0	a
cgttttactagaa	120	0	a
tagccaacataca	0	120	b
tgaagacacataa	120	0	a
atattttctatta	0	120	b
acaataacgaagc	0	120	b
ccataaaaaaaga	0	120	b
ataatatatatta	120	0	a
gttatccctggaa	120	0	a
ctccatcgtcgtc	120	0	a
tatccctggaata	120	0	a
atcgtcgaagctc	0	120	b
aatgtttttttat	120	0	a
atagctttatgaa	0	120	b
ccggtctttgaca	120	0	a
aaataaaagaaat	0	120	b
gacccaaaatcac	0	120	b
aacgtcaagaacc	120	0	a
tatcgctgtaata	0	120	b
acatggccccata	120	0	a
aaaaaaaattcac	120	0	a
accacacaatccc	120	0	a
acaagaacgatgc	0	120	b
catcaattgatca	0	120	b
ggtcgtttttcga	0	120	b
agtgatttaaaca	0	120	b
accaatagccaac	0	120	b
catggccccataa	120	0	a
cacgtagttcgac	120	0	a
attgattagctcg	0	120	b
aaaaataattgac	120	0	a
agctttatgaagc	0	120	b
atgtcaaagaccg	120	0	a
acaagtattcgag	0	120	b
aatgccccaacgt	120	0	a
aaacatgtgtgaa	120	0	a
acaacggtcttcg	120	0	a
cgagttttcatcg	0	120	b
ggccgtttcacac	120	0	a
tatatttatataa	0	120	b
caaaaacgatccg	0	120	b
aatgtcaaagacc	120	0	a
taatatagttaaa	120	0	a
aaggcccaatcca	120	0	a
agggattgtgtgg	120	0	a
catgatttggtag	0	120	b
aatgagtttttaa	0	120	b
ccaattaatataa	120	0	a
acctttttgtaat	0	120	b
cgtttcttggacc	0	120	b
attccagggataa	120	0	a
ggatccaattcaa	119	0	a
gtttggttcgcaa	119	0	a
atagccaacatac	0	119	b
cttattatgatac	119	0	a
agaagtcggtcct	0	119	b
atcacaataaggg	0	119	b
tctagtttcaaaa	119	0	a
ataacaataataa	0	119	b
gaacgaggaacga	0	119	b
aggttgttcttcg	119	0	a
attcgactaaaac	0	119	b
caccgtacactcc	0	119	b
aattgaaacttta	0	119	b
gggtccaagaaac	0	119	b
atcatgtttaaca	0	119	b
aggtcgtttttcg	0	119	b
ctttacgagctca	119	0	a
attttgaaactag	119	0	a
aagcatatctccc	119	0	a
cttgtttaaatca	0	119	b
tcacaataaggga	0	119	b
cagattctgaata	0	119	b
attttccgtccac	119	0	a
agaaaatatttct	0	119	b
atcgtttttgccg	0	119	b
aagagtgtgaaac	119	0	a
gttatcgctgtaa	0	119	b
atccctggaatag	119	0	a
acagccaaaatgg	0	119	b
aataaagatgcca	119	0	a
aattgaagcgtca	0	119	b
aatacattatata	0	119	b
gtgatttaaacaa	0	119	b
acaaacattatct	119	0	a
aacgacgtgggga	119	0	a
aataaaaaaaaac	0	119	b
catttcaaatgag	119	0	a
cttcataaagcta	0	119	b
aagaaaaagaaga	0	119	b
aaacatgtgttta	0	119	b
attgtcgtgaaaa	119	0	a
accattttggctg	0	119	b
acggcaaaaacga	0	119	b
ctttaaaaactca	0	119	b
atagccccatcaa	119	0	a
tcagagtgtagca	119	0	a
atttgaaatgcac	119	0	a
taatgcatcataa	119	0	a
taagttttcacga	119	0	a
cgtgttcgttcca	0	119	b
tggccgtttcaca	119	0	a
catatctccccga	119	0	a
gttcctttaaaaa	0	119	b
agttatgcctgaa	119	0	a
aatgaagtcgatc	119	0	a
gaacatacaataa	118	0	a
attgaagcgtcaa	0	118	b
tactcatttgaaa	118	0	a
cggggagatatgc	118	0	a
cgaattcagaatc	118	0	a
taaaaaaaaacaa	0	118	b
cgacgtggggacg	118	0	a
gaggaagcaatcc	118	0	a
gcatttcaaatga	118	0	a
cattaataatgga	118	0	a
gcaagttcaggga	0	118	b
gtctaatacgtta	0	118	b
agggtctaagaat	118	0	a
cctttacgagctc	118	0	a
accggtccttgac	0	118	b
gtgaaacggccaa	118	0	a
acactctttactc	118	0	a
attttgggtcaag	0	118	b
tatttctaaaata	118	0	a
cgtgaaaacttac	118	0	a
tagatcataataa	0	118	b
attaataatggaa	118	0	a
atttctacatgga	0	118	b
gcctatataaata	0	118	b
ggataacgaagcc	118	0	a
atgcaatgtatca	118	0	a
agcatatctcccc	118	0	a
cgaacgaggaacg	0	118	b
aaatgagctcgta	118	0	a
gaggaacgattga	0	118	b
cggatcgttgtga	118	0	a
tgacacttgtcaa	0	118	b
agtttaagttcaa	118	0	a
gttcgttctttta	118	0	a
atgagtttttaaa	0	118	b
caatgtatcataa	118	0	a
atcgctgtaatag	0	118	b
gttttaaaatcaa	118	0	a
gctttatgaagca	0	118	b
ggatcgttgtgaa	118	0	a
aaataaagaaaat	0	118	b
atagatcataata	0	118	b
actcatttgaaat	118	0	a
ataaaaagaaata	118	0	a
gtaaagagtgtga	118	0	a
acatagttcggcc	118	0	a
acttggaattaaa	118	0	a
aaaaataaatttc	0	118	b
acaaagaagtcgg	0	118	b
catagttcggccc	118	0	a
cgttggaatagta	118	0	a
caaagttgcacca	0	118	b
gacggatccagaa	0	118	b
atatctccccgaa	118	0	a
aaacgatccgtcg	0	118	b
acggatccagaat	0	118	b
aggccgttctttg	0	118	b
agaaaaacgcaaa	0	118	b
gagtgagaaacga	118	0	a
cctttaaaaactc	0	118	b
aataagggagtgc	0	117	b
ttaataatggaaa	117	0	a
gttcgggaagtta	117	0	a
aatgagctcgtaa	117	0	a
acgaaaaacgtac	0	117	b
ccccgagctaatc	0	117	b
aaagcttcaatag	0	117	b
tattgtatgttca	117	0	a
agagtgtgaaacg	117	0	a
gaagaacaacctc	117	0	a
agggtccaagaaa	0	117	b
aattgaagcttca	0	117	b
aacttacacacat	117	0	a
gtgggatacatca	117	0	a
aggcttgaagaat	0	117	b
cataaaaagattc	117	0	a
ccctggaatagca	117	0	a
atgagctcgtaaa	117	0	a
ccgagctaatcaa	0	117	b
aattaattataaa	0	117	b
acaacgatccgcc	117	0	a
ttaaaaaaagaaa	117	0	a
cgctgtaatagca	0	117	b
acatagccccatc	117	0	a
ccaatagccaaca	0	117	b
atctttttatggg	117	0	a
attgataagaaaa	0	117	b
cattttccgtcca	117	0	a
agtaaagagtgtg	117	0	a
acggcatcgttcc	0	117	b
cccgagctaatca	0	117	b
acgacgtggggac	117	0	a
cccatgacggacc	117	0	a
aaaacgtacctgt	117	0	a
gctattacagcga	0	117	b
aaaaacgatccgt	0	117	b
aattcaaaaaaaa	117	0	a
cccataaaaaaag	0	117	b
aaaaaaaaaacga	0	117	b
agattcacaatgg	117	0	a
attataatatata	0	117	b
attgatgatggaa	117	0	a
actatattaattg	117	0	a
gaattgacttgcc	0	117	b
aagtgtgtgtgtg	117	0	a
gcaagtcaattca	0	117	b
aaaatattcacta	117	0	a
atgatcgacttca	117	0	a
taaagagtgtgaa	117	0	a
acgtagttcgacc	117	0	a
aattaatattgct	117	0	a
agacacttatttc	0	117	b
caggtacgttttc	117	0	a
cgtagttcgaccc	117	0	a
atgaagtcgatca	117	0	a
gctattccaggga	117	0	a
acacctttattat	0	117	b
aagggtctaagaa	117	0	a
agggagccgaaat	117	0	a
ccgtccccacgtc	116	0	a
aattatgtgtgtg	0	116	b
cgttcttttacaa	116	0	a
cctttactagctc	116	0	a
agctagtaaagga	116	0	a
tagtaaaacgcaa	116	0	a
aatcctagtccga	116	0	a
acttttacgagaa	0	116	b
cacaacgatccgc	116	0	a
gttgaagcttcaa	0	116	b
acataataataaa	0	116	b
tcaatgaagtcga	116	0	a
caattgaagcgtc	0	116	b
gattgtcgtgaaa	116	0	a
ctagttcgaatca	0	116	b
cgacttcattgac	116	0	a
cttcgtggagtta	0	116	b
aatctttttatgg	116	0	a
aagttacgtttta	116	0	a
agttacgttttac	116	0	a
aatggtacatcta	116	0	a
acaaacgtcaagg	116	0	a
ctcgaaaaatgac	0	116	b
acccatgacggac	116	0	a
atcgacttcattg	116	0	a
aacttcgtggagt	0	116	b
aaaaatattcact	116	0	a
caatcctagtccg	116	0	a
taagaaacagcca	0	116	b
atttttttttcaa	116	0	a
aatacgtctcggt	0	116	b
aactccacgaagt	0	116	b
attgaagcttcaa	0	116	b
acgatctgccgcc	116	0	a
tatgccatgttga	116	0	a
cgtttggttcgca	116	0	a
aaaatacataaaa	0	116	b
tcattaataataa	116	0	a
cacataattcata	0	116	b
catattcgtgtaa	116	0	a
agattctgaatac	0	116	b
aaacagccaaaat	0	116	b
acgtattcagaat	0	116	b
agttcgaatcaca	0	116	b
gaaaaatccgaaa	0	116	b
caacttcgtggag	0	116	b
acgtattagggtc	0	116	b
ctccctgagccaa	116	0	a
atggaacgaacac	0	116	b
atgttggctattg	0	116	b
gatcatgtttaac	0	116	b
aaacgtacctgtc	116	0	a
ttgataatgaaaa	116	0	a
gtgattcgaacta	0	116	b
tattgctcgaaaa	0	116	b
atagttcggcccc	116	0	a
tacatgcaatgta	116	0	a
aaagaacggcctc	0	116	b
ggccgttctttga	0	116	b
tgccatgttgaaa	116	0	a
ataaaaaaaacta	116	0	a
attccagtgataa	0	116	b
atatttttatgta	116	0	a
atttgataatgaa	116	0	a
agttgcgttttat	115	0	a
aaaaatcaaaata	115	0	a
tgatgaaattaaa	115	0	a
caagggtctaaga	115	0	a
gaaaagaaaaaga	115	0	a
accattgtgaatc	115	0	a
aataataatttaa	115	0	a
taattaattaaga	0	115	b
gcgttttactaga	115	0	a
tatagctaaaata	115	0	a
ctagtaaaacgca	115	0	a
tatcactggaata	0	115	b
aaagagaaagaga	115	0	a
agtgagaaacgac	115	0	a
gttttacccatga	115	0	a
aattcggtcggta	0	115	b
taacgattgagaa	115	0	a
ccgagacgtattc	0	115	b
aatatagttaaaa	115	0	a
gcaatgtatcata	115	0	a
aaatattcacgac	115	0	a
acgatgccggtcc	115	0	a
aacgaagtcgatc	115	0	a
atacatattgctc	0	115	b
atagatgtaccat	115	0	a
aaattcccaattt	0	115	b
aaaacgtaacttc	115	0	a
gtttattccttta	115	0	a
cacctttattatg	0	115	b
aacttttacgaga	0	115	b
atgatacattgca	115	0	a
acatgcaatgtat	115	0	a
aattaattaaatg	0	115	b
agttgaatcataa	0	115	b
aatgataaccaat	115	0	a
tcgttcttttaca	115	0	a
atgatcgacttcg	115	0	a
caagataaaaaaa	115	0	a
tggggacgaaaaa	0	115	b
cagacttttaaaa	0	115	b
cgaaaaacgtacc	0	115	b
cattagaatagca	115	0	a
cgtattcagaatc	0	115	b
acatcatcaacat	115	0	a
aaaaatataaatt	0	115	b
gaggaacgaacac	115	0	a
aaacggccaaaat	115	0	a
agtaggttgaact	115	0	a
gctccctgagcca	115	0	a
ataaatcataata	0	115	b
atttagctaaaat	0	115	b
aaggaacgagcgg	0	115	b
gtgtatagtttca	115	0	a
aattctcaaataa	0	115	b
catgcaatgtatc	115	0	a
ggctgtttcttac	0	115	b
ataattaaaaata	0	115	b
cgagacgtattca	0	115	b
aataaaacgcaac	115	0	a
tcaaaattcaaaa	0	115	b
aattaatatttaa	0	115	b
aacactcccttat	114	0	a
agaaagagaaaga	114	0	a
acaaaaatcgaaa	0	114	b
caattgaagcttc	0	114	b
aaagattcacaat	114	0	a
aaaatgggactta	114	0	a
atggtggtttttg	0	114	b
attattatgtatg	0	114	b
cttgacgtttgta	114	0	a
tgacccaaaatca	0	114	b
ggaaagttacgcc	114	0	a
agacgtattcaga	0	114	b
acgtttctacacg	114	0	a
ggttgaactgtaa	114	0	a
catcgtaataagg	114	0	a
agatgtaccatta	114	0	a
taaaaagaaataa	114	0	a
tccatcgtcgtca	114	0	a
aaattgaaaaagt	114	0	a
attttaacgtttc	114	0	a
gttcgttcattta	0	114	b
aacgtattagact	0	114	b
aaaatccctaatt	0	114	b
aaaagagaggaaa	114	0	a
agtaaaacgtaac	114	0	a
atcatcaatgata	114	0	a
attgaaactttaa	0	114	b
gacgtattcagaa	0	114	b
aattaaaaaagat	114	0	a
aatatctgaacat	114	0	a
aaacgttaaaatc	114	0	a
ataaaagagtgta	0	114	b
aacgatgtcattc	0	114	b
gaagaatgacatc	0	114	b
ccaacaacaaaga	114	0	a
caaaccagaaatc	114	0	a
gccccaacatagc	114	0	a
cccaataccacca	114	0	a
ataaattaaatta	114	0	a
gatccgtcggggc	0	114	b
agactttcttcaa	114	0	a
cacatagttcggc	114	0	a
ccaataccaccac	114	0	a
aaaaaaattcaca	114	0	a
aagacacataatc	114	0	a
aaaaaacgatgtg	0	114	b
aattaattaatga	114	0	a
cataattaaaata	0	114	b
atctgaacataca	114	0	a
gtccagttagata	114	0	a
gccaattaataaa	114	0	a
ataaatataaaat	0	114	b
attttgtctatta	0	114	b
gattgtgatgcaa	0	114	b
cgaccgagacgaa	114	0	a
ctccgtcccccaa	114	0	a
atatctgaacata	114	0	a
acatcataatgag	114	0	a
taagttttcaaga	114	0	a
atgccatgttgaa	114	0	a
gtatgttcagata	114	0	a
aacatcataataa	114	0	a
acgaggttgttct	114	0	a
ttaccgacggaaa	0	114	b
caaatccactaac	114	0	a
tcgtccagttaga	114	0	a
aatcacacgtttc	0	114	b
agaaacgacaaaa	114	0	a
agaaacgtgtgat	0	114	b
caaaaatatcaaa	0	114	b
ctgaatacgtctc	0	114	b
aaacaacttaatt	114	0	a
ccaatggtccaag	114	0	a
aaaattttcacga	114	0	a
aaacgactgagac	113	0	a
aacaagttgtctt	113	0	a
tcccatttttcaa	113	0	a
aattgataagaaa	0	113	b
gtaaaagaacgaa	113	0	a
aatatgatcatac	113	0	a
caacttcggaaag	113	0	a
gtaaattttcaca	113	0	a
aatcgttcctcgt	0	113	b
acggtccgtcagg	113	0	a
aaacgtgtgattc	0	113	b
aatgatggtaaac	113	0	a
ttgaagctctcaa	0	113	b
cagagtccagctc	113	0	a
cttcggaaagtta	113	0	a
ccctgaacttgcg	0	113	b
aaatataaattta	0	113	b
cttaacgtttcta	113	0	a
gttatcactggaa	0	113	b
aagaacaacctcg	113	0	a
catcgttcttgtc	0	113	b
ttcaaaattcaaa	0	113	b
aacggtccgtcag	113	0	a
aataaaagaaata	0	113	b
cattatcagattc	113	0	a
aaaaaaaaaacca	113	0	a
tctgaacatacaa	113	0	a
ataatctcaaaac	113	0	a
cttcttgaattta	113	0	a
aaaactcatttca	0	113	b
aaaagaaaaagga	113	0	a
taccccaacataa	113	0	a
tattttttaaaaa	0	113	b
agaaaaaaaatat	113	0	a
aatcatgtgtgta	113	0	a
caagaaacgtgtg	0	113	b
attgtatgttcag	113	0	a
gattcaaaaaata	113	0	a
caacatggcatac	113	0	a
catgtatgaagac	113	0	a
gggcattatcaga	113	0	a
cgtaaagaaatga	113	0	a
cgctagaaatgag	113	0	a
gatagatgtacca	113	0	a
gtgttaaacatga	0	113	b
cgaatctttttta	113	0	a
acattgcatgtag	113	0	a
gttttgcccccaa	113	0	a
catacaataattc	113	0	a
aaattaacacaca	0	113	b
catttctttacga	113	0	a
ccagtgataacga	0	113	b
aattttaaattaa	113	0	a
atctgataatgcc	113	0	a
tgaaacgttaaaa	113	0	a
aacgtacctgtcc	113	0	a
aactttccgaagt	113	0	a
aattaattatttc	0	113	b
aacttcggaaagt	113	0	a
gtacactccttta	0	113	b
aagtccattttag	113	0	a
aacttcttgccgt	113	0	a
gtaacgtattaga	0	113	b
aataaattctaaa	113	0	a
aggaccggcatcg	113	0	a
taaagcttcaata	0	113	b
acgcaacttcgga	113	0	a
catcaaaattgca	0	113	b
ccccataaaaaga	113	0	a
agagatagagaaa	113	0	a
ataagtttgtaaa	0	113	b
caacaacaaagaa	113	0	a
gaactcgatcata	0	113	b
catgtttaacaca	0	113	b
attttcacgacaa	113	0	a
tataatatttaaa	113	0	a
aactttgacgaaa	0	113	b
gagattttggctc	0	113	b
acgacctcatttc	113	0	a
catgtaatacatc	112	0	a
atcatgtgtgtaa	112	0	a
aacgtcaaagact	112	0	a
aaggaccggtttc	0	112	b
tatgttacgtaca	112	0	a
ataattttttttg	0	112	b
gataaattaataa	0	112	b
ggtcgtaaagaaa	112	0	a
taaatataaaata	0	112	b
aacgaggaacgat	0	112	b
gctatttcaacga	0	112	b
attaattatttaa	0	112	b
cagggataacgaa	112	0	a
ttagaatttagaa	112	0	a
cgttattgttgga	0	112	b
ccggaaatggcaa	112	0	a
cacacctttatta	0	112	b
agatcataataaa	0	112	b
aaaattataaaat	0	112	b
aaaaaatacaaaa	112	0	a
ggaaaattcttaa	112	0	a
aaaggaataaaca	112	0	a
atttctttacgac	112	0	a
attcaggagttaa	0	112	b
attatgtgtcttc	112	0	a
ccaacaataacga	0	112	b
cgaacacgatttc	112	0	a
gaccaatagccaa	0	112	b
aataataataaca	0	112	b
aaatattaataat	112	0	a
gctagtaaaggaa	112	0	a
agggataacgaag	112	0	a
acattatatatat	0	112	b
aacatcatcaaca	112	0	a
caatcgttcctcg	0	112	b
agatgattgcctc	112	0	a
gatgtacgtaaca	112	0	a
cctccgtccccca	112	0	a
aattataatttta	112	0	a
aaaagataaaaag	112	0	a
aacgtgtgattcg	0	112	b
aagactttcttca	112	0	a
tcaaagaatggca	0	112	b
attaatattttca	0	112	b
gaatatatgaata	0	112	b
gcgttttagtcga	0	112	b
ataacatcatcaa	112	0	a
cgttttagtcgaa	0	112	b
cgacctcatttca	112	0	a
ccagtctttgacg	112	0	a
cttgacaagtgtc	0	112	b
cgactaaaacgca	0	112	b
taatatctgaaca	112	0	a
taatttatttaaa	112	0	a
actttgacgaaaa	0	112	b
gtgagcttgtaaa	112	0	a
aaattaaagtaaa	112	0	a
atgcaactttgtc	112	0	a
tttcattatcaaa	112	0	a
gattatgattcaa	0	112	b
aagattcacaatg	112	0	a
agactaggatagg	112	0	a
cacacataattca	0	112	b
gaaatattttcta	0	112	b
aataaaaataaag	0	112	b
tagctaaaatgga	112	0	a
gcttcgttatccc	112	0	a
taagctcatttca	0	112	b
atcaaattctgaa	112	0	a
acgtgtgattcga	0	112	b
aaattatttaatt	112	0	a
ataagcttcaaca	112	0	a
caagttcgggaag	112	0	a
ctcgtaaaggaac	112	0	a
acttctttattat	0	112	b
aaatatataataa	0	112	b
ccaacatggcccc	112	0	a
cagaaaaaaaaaa	0	112	b
aactccccgaaat	112	0	a
actattccaacga	112	0	a
gactaaaacgcaa	0	112	b
caacaaacatcta	112	0	a
caaaaaaaagaaa	0	112	b
acacgtttcttgg	0	112	b
aagaaacgtgtga	0	112	b
aaataagagaact	112	0	a
atattgctcgaaa	0	112	b
gtcatgggtaaaa	112	0	a
taaaaaaaactaa	111	0	a
agacccaaaacca	0	111	b
aaacgcgtattca	0	111	b
gaggaaatacata	0	111	b
acgaagtcgatca	111	0	a
cgataacgtagcc	111	0	a
aattaaacaatac	0	111	b
tctattacaaaaa	0	111	b
ctctctatctctc	0	111	b
aggtcgtaaagaa	111	0	a
acagttcaaccta	111	0	a
cactcgttactag	0	111	b
cagttcaacctac	111	0	a
aacttaattccaa	111	0	a
acgtcaaagactg	111	0	a
aaaaatgggactt	111	0	a
ccaattaatttag	0	111	b
aaatgaacgaaca	0	111	b
aattaatgaaaaa	0	111	b
agctaaaatggac	111	0	a
agaaacaacttaa	111	0	a
atatgttacgtac	111	0	a
aaaaatattaaag	111	0	a
aactatattaatt	111	0	a
atttttacatagg	111	0	a
aataaatttataa	111	0	a
acacacatgattg	111	0	a
cgaaataagtgtc	0	111	b
attcagctgaatg	111	0	a
aaattctcaaata	0	111	b
aagaattttccca	111	0	a
ataccaccacaca	111	0	a
acacacacaaaca	111	0	a
atggatcataata	111	0	a
taactccccgaaa	111	0	a
aaccagaaatcga	111	0	a
attccaaagataa	0	111	b
aatttttaattat	0	111	b
acccaataccacc	111	0	a
aatataattaatt	111	0	a
gatcgacttccta	0	111	b
gacctcatttcaa	111	0	a
atttctcaatttc	0	111	b
gttaattaattaa	0	111	b
ctgtaatagcaac	0	111	b
atgtacgtaacat	111	0	a
catcataatatgg	0	111	b
cttcatacatgta	111	0	a
actcggtaaataa	0	111	b
taaaaaagataaa	111	0	a
aacttcccgaact	111	0	a
attgtttaattgg	0	111	b
gccatgttgaaac	111	0	a
taatctaatctaa	0	111	b
gaggtcgtaaaga	111	0	a
aatgaggtcgtaa	111	0	a
acacacataattc	0	111	b
atgatccaattgg	0	111	b
atttcttaaaacc	0	111	b
aactcggtaaata	0	111	b
aatcctttattat	0	111	b
aacaacaaagaag	111	0	a
ttgttgaattaaa	0	111	b
atgaggtcgtaaa	111	0	a
ctttacgacctca	111	0	a
cagaaatcgaaaa	111	0	a
aaggaaagcaaga	111	0	a
attaaaaaatata	0	111	b
aattaatgcatta	0	111	b
aacctatcctagt	111	0	a
caataccaccaca	111	0	a
gttcttgtcaaaa	0	111	b
agagtccagctcg	111	0	a
tagtaacgagtga	0	111	b
taaaattttgaga	111	0	a
cacttctttatta	0	111	b
atcattgatgatg	111	0	a
taaaagagaaaaa	111	0	a
aaaagagaaaaaa	0	111	b
aaatgaggtcgta	111	0	a
gcacacacacaca	111	0	a
tgctcgagcaaaa	0	111	b
agatgtttgttga	111	0	a
aactacatgggga	0	111	b
gattgggccttta	111	0	a
ttgaaacgttaaa	111	0	a
agacaacttgtta	111	0	a
cttcttcttcctc	0	110	b
aaataaaatttat	110	0	a
aatcaattaaaaa	110	0	a
actacatggggac	0	110	b
aaagattcacagc	0	110	b
attaaaaacaata	110	0	a
cagggagccgaaa	110	0	a
aagttcgggaagt	110	0	a
aatttatttatta	0	110	b
attaatatagtta	110	0	a
aaccggcttcgtt	0	110	b
ataaaataattat	110	0	a
gaaacgacaaaaa	110	0	a
cgaccattaacca	0	110	b
acacataattcat	0	110	b
cacaaggccaaaa	110	0	a
ccgtcatgggtaa	110	0	a
ggttttgggtcta	0	110	b
atgtttaacacaa	0	110	b
tgtctagtttcaa	110	0	a
aaataatttatga	0	110	b
actctttcgaatc	110	0	a
atttttttttctc	110	0	a
gtaatagacaaaa	0	110	b
acttaattccaat	110	0	a
cttattatgatcc	110	0	a
cacacatgattgc	110	0	a
aataaaatttatt	110	0	a
ataaataaattta	0	110	b
actcgaaaacaat	0	110	b
aaaggagtgtacg	0	110	b
ataagctcatttc	0	110	b
aggttgaactgta	110	0	a
caacttcaggaag	110	0	a
aaagagtgtatgg	0	110	b
gcaaaaacgatcc	0	110	b
catgggtaaaacg	110	0	a
ggatatatcataa	110	0	a
aataaaggtgtgt	0	110	b
acgattctttgac	110	0	a
gattttgggtcaa	0	110	b
agggtcgaagaac	0	110	b
taaattaatttaa	110	0	a
cgttatcactgga	0	110	b
aacatcaaggact	110	0	a
acttgttgaacca	110	0	a
aaaattcttaagt	110	0	a
tggatcataataa	110	0	a
aaattagaattta	110	0	a
gttgggggcaaaa	110	0	a
tacccatgacgga	110	0	a
ctctcaattgaaa	0	110	b
attatatttaata	0	110	b
aataagggtaaaa	110	0	a
aacaataatgaaa	0	110	b
agattcaaaaaat	110	0	a
cgtcatgggtaaa	110	0	a
ataataattataa	110	0	a
attaggctcaaaa	0	110	b
ttaggctcaaaaa	0	110	b
aaacactccctta	110	0	a
ttaacgtttcaaa	110	0	a
gtctagtttcaaa	110	0	a
cgaaccggaaccg	0	110	b
caagtaaaacgca	110	0	a
caattaatatata	110	0	a
aaaataatttatg	0	110	b
aaataaaaaatga	110	0	a
ataatggaaaaaa	110	0	a
aaagtggaataaa	110	0	a
ggacttgttgaac	110	0	a
gatggaatagcaa	109	0	a
gtcaaagttgcac	0	109	b
cttcaccttcttc	109	0	a
aaatccagtctgc	109	0	a
accgtacactcct	0	109	b
gagttacgctaga	109	0	a
ataattaaaatat	0	109	b
tgacccaatacca	109	0	a
agttacgctagaa	109	0	a
agaataaaaaaaa	109	0	a
gtaaaggaataaa	109	0	a
ccagaaatcgaaa	109	0	a
aacgtttcaaaga	109	0	a
cgcggtctttaaa	109	0	a
aaaaaagaaaatt	0	109	b
atatgatcatacc	109	0	a
aaaatatatatta	109	0	a
agaaaatatgaaa	0	109	b
gacttgttgaacc	109	0	a
aactatacacaca	109	0	a
ctataaataagag	0	109	b
ggtacatctatca	109	0	a
agctggactctgg	109	0	a
cgacaaagttgca	109	0	a
tatctttggaata	0	109	b
gttacgctagaaa	109	0	a
aaaattgttactg	109	0	a
aaataataaatta	109	0	a
atttctctctctc	0	109	b
accaattggatca	0	109	b
atctaactggacg	109	0	a
acgaagccggttc	0	109	b
cttcaaagtgtcc	0	109	b
agtccattttagc	109	0	a
aaataatatttta	109	0	a
gaaaatgtgtgta	109	0	a
ctttattatgatc	0	109	b
aattttcacaacg	109	0	a
atgaaaatattaa	0	109	b
acgtacctgtcct	109	0	a
gacccaataccac	109	0	a
aacgaccgagatg	109	0	a
ccctgacggaccg	109	0	a
aaccccataaaaa	109	0	a
aaatataaataat	0	109	b
gggtatgatcata	109	0	a
gtgtgtggtggta	109	0	a
attttttttatgg	109	0	a
aaacatcataata	109	0	a
ggtattgggtcaa	109	0	a
aaaatatatttaa	109	0	a
taggctcaaaaaa	0	109	b
aaaagattcacag	0	109	b
caacaataacgaa	0	109	b
atgattgccatca	109	0	a
acatacatacata	0	109	b
cgtccccatgtag	0	109	b
ataccccaacatg	109	0	a
tacatcacaataa	0	109	b
ataattaaattta	0	109	b
tcgttcatttaca	0	109	b
ttaattccaataa	109	0	a
cccaacatggccc	109	0	a
agaaatcgaaaaa	109	0	a
aaaatgaaaaaga	109	0	a
atcctttattatg	0	109	b
accaccgtacact	0	109	b
aaattcggactag	0	109	b
gcaacttcggaaa	109	0	a
aaaagagtgtatg	0	109	b
aattggctcgggt	109	0	a
aatgaaaaagaat	109	0	a
gggaaaattctta	109	0	a
ataaagatgctgg	0	109	b
atacatacatata	0	109	b
aatataataatat	109	0	a
aacgatccgtcgg	0	109	b
gcaagttcgggaa	109	0	a
aatatacacacat	109	0	a
aactttgtcgaga	109	0	a
acatcgaataaac	109	0	a
ataatgataacca	109	0	a
taaaaacataaaa	109	0	a
gtgaaactataca	109	0	a
acgatgtcattct	0	109	b
aagaatctgatca	109	0	a
gctccgattttaa	0	109	b
atacactctttta	0	109	b
aaggagtgtacgg	0	109	b
atgatggcaatca	109	0	a
ataaattaattat	0	109	b
gcgttttacttga	109	0	a
ctttgcgaaccaa	109	0	a
attaagttgtttc	109	0	a
attatcgttttta	109	0	a
acatcataatgaa	0	109	b
caccaattggatc	0	109	b
atatacacacatg	109	0	a
aataaacataaca	109	0	a
ataacaagttgtc	109	0	a
attatttcaacaa	109	0	a
atattttagaaat	109	0	a
ggaaaaaaaaata	0	109	b
agtcccatttttc	109	0	a
agaagtaggcctc	0	109	b
tcagggagccgaa	109	0	a
aatatgttacgta	109	0	a
tataaaaaattaa	109	0	a
attgccatcatta	109	0	a
aacgcgtattcag	0	109	b
actcaatttgtct	0	109	b
agattctggatcc	0	108	b
gccggaaatggca	108	0	a
aaatgggacttag	108	0	a
aaaggaacgaata	108	0	a
aaattttattaat	108	0	a
cttaagaattttc	108	0	a
aattaattatata	0	108	b
gttttcaaatcga	108	0	a
aataagtttgtaa	0	108	b
aatatttttatgt	108	0	a
agagtggtatcag	0	108	b
atattaataatta	108	0	a
tagagcatccaca	108	0	a
caacttaattcca	108	0	a
ggacctttggcta	108	0	a
aatgatggcaatc	108	0	a
gagccaaaaccac	108	0	a
ccagggataacga	108	0	a
acatgtaatacat	108	0	a
ctcgaatccgtaa	0	108	b
aaatataaaatct	0	108	b
ataatatttaaat	108	0	a
aaaaaaaaactag	108	0	a
acacaatccctta	108	0	a
cagcatctttatc	0	108	b
attaaataataaa	108	0	a
aaaagaaaatgaa	108	0	a
tcaaataaaataa	0	108	b
tattcctttacaa	108	0	a
aagctttaactct	0	108	b
aataatatatatt	108	0	a
aaaaaaaaaacct	0	108	b
taaattataaaaa	108	0	a
ttatacataaaaa	108	0	a
acagagtggtatc	0	108	b
acgaccgagatgg	108	0	a
acgcactccctta	0	108	b
ccccccccataca	108	0	a
ctagacccaaaac	0	108	b
ctttatttattta	108	0	a
ctttttcgatttc	108	0	a
atagctaaaatag	108	0	a
attatttaattaa	0	108	b
gtgtctagtttca	108	0	a
aaattaattataa	0	108	b
cgttatccctgga	108	0	a
attttattaaata	0	108	b
cttaattccaata	108	0	a
atctaattcgaaa	108	0	a
aggaacgagcgga	0	108	b
acaaggccaaaaa	108	0	a
aacagtaacaatt	108	0	a
aaattataattat	108	0	a
atataataaaaaa	0	108	b
atgggtaaaacgg	108	0	a
ggaagactgataa	108	0	a
acaacttgttatg	108	0	a
atatatatgtatg	108	0	a
ttaactatattaa	108	0	a
gcaactttgtcga	108	0	a
aagggtaaaaaga	108	0	a
attgagagcttca	0	108	b
aaaatggacttgt	108	0	a
ctaggataggttc	108	0	a
gaaactatacaca	108	0	a
atcgttcttgtca	0	108	b
attaattaatgaa	108	0	a
aattgttgaagaa	108	0	a
atattttttaaaa	0	108	b
aaatatttttatg	108	0	a
agagaagagagag	0	108	b
ggacttaggcccc	108	0	a
aatttattaaaaa	0	108	b
ctaggacaggtac	108	0	a
tcaataaaaataa	108	0	a
accagcatcttta	0	108	b
tttttataaaaaa	108	0	a
aagcttcaataga	0	108	b
caaaacaaaaatc	0	108	b
aagttctcttatt	108	0	a
attattattaaat	0	108	b
cattgatgatgga	108	0	a
aagtcgggctgcg	108	0	a
aaagatgctggtc	0	108	b
atcctagtccgaa	0	108	b
atttatttttata	0	108	b
aaagaacgaacac	108	0	a
caacttttacgag	0	108	b
cgattttaatcta	0	108	b
aaaatcctacgtg	0	108	b
aaggtgggctttc	0	108	b
atgatttttttta	0	107	b
cgtgccgaaaaga	0	107	b
ttgatgatggaaa	107	0	a
attataataataa	0	107	b
gttcgttccttca	107	0	a
atcaaataaaata	0	107	b
ataaaaaatatta	107	0	a
gatttgataatga	107	0	a
gctattctaatga	107	0	a
acataaccccata	107	0	a
tcgacttcctaga	0	107	b
tgaagacatataa	0	107	b
cccatgtagttcg	0	107	b
ctgtctttgaaac	107	0	a
tatttttattgaa	107	0	a
taccaattaaaca	0	107	b
ataattaaattat	0	107	b
accgttgcgaatc	107	0	a
attatgattcaac	0	107	b
aaaagaaacaaaa	107	0	a
caatttttttaaa	107	0	a
attattggaatta	107	0	a
aaaagattcgcaa	107	0	a
aataataaaggag	0	107	b
taataataaccaa	107	0	a
gagtggtatcaga	0	107	b
aaaaaatataata	107	0	a
aaggaataaacac	107	0	a
aaaattattactt	0	107	b
tatatatatagga	107	0	a
gtgaaggaacgaa	107	0	a
ataaaagagaaaa	107	0	a
gagaaacgacaaa	107	0	a
ataaacataacaa	107	0	a
atatttaaaatga	0	107	b
aaacgtaacttcg	107	0	a
taaataaattata	107	0	a
aacatggcatact	107	0	a
gggacttaggccc	107	0	a
aataccaccacac	107	0	a
cggcatcgttccc	0	107	b
atcataatgaagg	0	107	b
aaaggcccaatcc	107	0	a
agctgtttgaacg	107	0	a
agccaaaggtcca	107	0	a
acacactctctta	107	0	a
ccatcgtcgtcac	107	0	a
agtagaaggtaac	0	107	b
aacataaccccat	107	0	a
taaaaataacaaa	107	0	a
aaattaatatttc	0	107	b
cacgtcgttgtgc	107	0	a
aaatttaaacaat	0	107	b
gaaaaacgcaaac	0	107	b
attcggactagga	0	107	b
ataaaaaaaatga	0	107	b
tgtgcatgctcaa	0	107	b
agaatttgatcat	107	0	a
accaccacacata	0	107	b
aaatccattaaaa	0	107	b
attataataatta	107	0	a
aaaaaataaaaca	107	0	a
aacaacttaattc	107	0	a
atacatcacaata	0	107	b
tgaaattgagaaa	0	107	b
aattcggactagg	0	107	b
ttgtcttctcaaa	107	0	a
gtaaatgaacgaa	0	107	b
gagtttcagaaca	107	0	a
cgagagttaaagc	0	107	b
attaattaatcaa	107	0	a
cttgtgttaaaca	0	107	b
acatgtatgaaga	107	0	a
tacataattaaaa	0	107	b
aataaagaagtgt	0	107	b
actgtctttgaaa	107	0	a
ctagcgtaactcc	107	0	a
aggcaattttagc	107	0	a
atgggacttaggc	107	0	a
atgctggtctttg	0	107	b
taataatatataa	0	107	b
aaataaatttatt	107	0	a
ctttgaaacgtta	107	0	a
aaaaaagtaaatg	107	0	a
cagagtggtatca	0	107	b
aatctaattataa	0	107	b
accagaaatcgaa	107	0	a
ataagggagtgcg	0	107	b
ggaatagcaacaa	0	107	b
tgtaaatataaaa	0	107	b
catattgctcgaa	0	107	b
acaaaaattaaaa	107	0	a
accgttttaccca	107	0	a
tgtaaaggaataa	107	0	a
accccaacatggc	107	0	a
agagagtgtgtgg	107	0	a
aaactatttattt	0	107	b
aataagggattgt	107	0	a
ccgacttgataaa	0	107	b
gaataaagtgaaa	107	0	a
caaacatgtgtga	107	0	a
actttgtcgagaa	107	0	a
ggcctaagtccca	107	0	a
ccccaacatggcc	107	0	a
aatccattaaaat	0	107	b
aataatttaaata	107	0	a
atatagttaaaat	107	0	a
aggccattcttca	0	107	b
caaattctgaatc	107	0	a
aatgggacttagg	107	0	a
aaaaattattaaa	107	0	a
ctaccatacactc	0	107	b
taaataaaatata	107	0	a
aattctttttcat	107	0	a
agtaatagacaaa	0	107	b
aataataatttat	0	107	b
caattaatttagc	0	107	b
attaattataaaa	0	107	b
gataaaaaaaata	107	0	a
aaagtaataattt	0	107	b
actatacacacat	107	0	a
aaaaaatgaaata	106	0	a
ctaactggacgag	106	0	a
gtcattttaaata	0	106	b
aacaaacatctac	106	0	a
aaataaataaatg	106	0	a
caaattcggacta	0	106	b
agattcgcaacgg	106	0	a
ataagggattgtg	106	0	a
tatttatttataa	0	106	b
aaaaaagattcgc	106	0	a
acgtcgttgtgcc	106	0	a
aggcctacttctc	0	106	b
tgagccaaaacca	106	0	a
gtgccacgtagga	0	106	b
tcataatgaagga	0	106	b
aagctaaaatggc	106	0	a
ataataaaatata	106	0	a
ctacactctgaac	106	0	a
aatttttttttga	0	106	b
catctaattcgaa	106	0	a
cgtgaaaattttc	106	0	a
atctttgaaacat	106	0	a
ttcgagagttaaa	0	106	b
aagtagaaggtaa	0	106	b
gccaaaggtccaa	106	0	a
acatacacacaca	0	106	b
cacaacgacgtgg	106	0	a
catcataatgaag	0	106	b
caatcccttatta	106	0	a
agtaaaaaataaa	106	0	a
atcataaaaatca	0	106	b
aaagttgaatcat	0	106	b
ctgataatgcccc	106	0	a
atataataatata	0	106	b
atattaataataa	106	0	a
gcaacttcaggaa	106	0	a
acgagatgattca	0	106	b
cagtgataacgaa	0	106	b
acctagaattaag	0	106	b
caaaaaaaaagaa	0	106	b
caattaatattgc	106	0	a
aacatcgaataaa	106	0	a
acataacaagttg	106	0	a
ctccgctcgttcc	0	106	b
attcgttccttta	106	0	a
aaacaaaaaaata	0	106	b
atgatcatacccc	106	0	a
ttctattacaaaa	0	106	b
catcgtcgtcacg	106	0	a
atatacacacaca	106	0	a
atatatgatatga	0	106	b
aaaaattatatat	0	106	b
actccctccgtct	0	106	b
gcaatcaaccgaa	106	0	a
atccatctcgttc	0	106	b
acatgattgccat	106	0	a
acaacttaattcc	106	0	a
attcagctgaatc	106	0	a
acacatgattgcc	106	0	a
ctcaaaattttaa	106	0	a
ctttcgaattaga	106	0	a
attttattattta	106	0	a
attttctattaca	0	106	b
gagcctatataaa	0	106	b
caatgattatgtg	106	0	a
cgttcagagtgta	106	0	a
aaaataattgcaa	0	106	b
aaacataacaagt	106	0	a
aaaacgtcaagga	106	0	a
aagaccagcatct	0	106	b
aaaaattataaaa	0	106	b
ggctccgatttta	0	106	b
aaaattgaaattt	0	106	b
ccgtcgggggcac	106	0	a
aatttaaaattta	106	0	a
agttcaatgatta	106	0	a
ataataataaggg	106	0	a
aaataatataata	106	0	a
aaaattacataaa	106	0	a
ataaatagaggcg	106	0	a
tattatttttaaa	106	0	a
cgtttcaaagaca	106	0	a
aattacaacataa	106	0	a
aatttcaaattta	0	106	b
atgtaaaaatgtc	106	0	a
aatgtgtgtatag	106	0	a
tcaagacactcaa	106	0	a
aataaatagttat	0	106	b
attattattgtta	0	106	b
aaaaacgataata	106	0	a
aactcggcccaaa	106	0	a
aaagtttcaattg	0	106	b
cctaacttcttgc	106	0	a
gagtggttaatgc	106	0	a
ccattacggattc	0	106	b
ccgtctgtgggaa	106	0	a
agaaccggcttcg	0	106	b
aagttgaatcata	0	106	b
aattaataaattg	106	0	a
ctcagtgaacaca	0	106	b
cgttcttcaagcc	0	106	b
agtgataacgaag	0	106	b
atttaaaaattaa	0	106	b
aaccaaaccagaa	106	0	a
taaagaaaagaaa	106	0	a
aaagttacgcctg	106	0	a
aaaatcaaaacta	106	0	a
aataaatatataa	0	106	b
ccgaaccggaacc	0	106	b
aagtaatagacaa	0	106	b
aaaacgaacctat	106	0	a
aaaaaatcctacg	0	106	b
ataaattctaaaa	106	0	a
gataatgccccaa	106	0	a
atcaattaaaaaa	106	0	a
cacgaatatgatc	106	0	a
cgtcgggggcaca	106	0	a
ccatcatcaatga	106	0	a
gaaagaagaagaa	0	106	b
aaagtgtatcact	106	0	a
aattaaaatatta	0	106	b
ataaaggaatgaa	106	0	a
taaatataaataa	0	106	b
aaaaatataataa	106	0	a
atttgaaaaaaaa	0	106	b
aaacaaaaaggtg	106	0	a
cgtcgttgtgccc	106	0	a
agtttttctcgag	0	106	b
catgattgccatc	105	0	a
tagaatttatata	105	0	a
cacatgattgcca	105	0	a
aggaaagcaagac	105	0	a
caacataacccca	105	0	a
ctatagaatttaa	105	0	a
agacactcaatac	105	0	a
attatgatctatg	0	105	b
agaactcggccca	105	0	a
aatattttaatat	0	105	b
gcttcgttatcac	0	105	b
aggaagttacgcc	105	0	a
aaaaaaatgaatt	0	105	b
attaataataacc	105	0	a
caagaaaaaaaaa	0	105	b
aaactatacacac	105	0	a
acacacgcacaca	105	0	a
acgaccgagacga	105	0	a
gtcaaattcggac	0	105	b
tgatgatggaaaa	105	0	a
aggcttgaagaac	0	105	b
aattggctcaggg	105	0	a
agtccgaatttga	0	105	b
gttgtcttctcaa	105	0	a
atttataattata	0	105	b
ataatcattgaac	105	0	a
acactctgaacgt	105	0	a
attaaaaaaagaa	105	0	a
ttcctagacccaa	0	105	b
gccgtctgtggga	105	0	a
atcgtattcgttc	105	0	a
aaaaacaaataaa	0	105	b
tcatcaatgataa	105	0	a
agagcttcaacgg	0	105	b
ggggcacaacgac	105	0	a
aatgtgcttgtaa	105	0	a
attatgatccatg	105	0	a
tgataatgcccca	105	0	a
ataaaggtgtgta	0	105	b
ttcaacggtgaaa	0	105	b
agaagacaacttg	105	0	a
tattataattaga	0	105	b
cgttctcgacaaa	105	0	a
aagattcacagcg	0	105	b
aaaatataaaatt	105	0	a
acgatccgtcggg	0	105	b
agactcgaagaac	0	105	b
agttagaaagccc	0	105	b
cctcgaccattaa	0	105	b
aaaaaataaaaac	105	0	a
aggcgtaactttc	105	0	a
acaagttgtcttc	105	0	a
acgagatggattc	0	105	b
cgacttgataaag	0	105	b
atatataataata	0	105	b
taattattttata	105	0	a
aagatgctggtct	0	105	b
atacacaccttta	0	105	b
aatgccattttag	105	0	a
caaggccaaaaaa	105	0	a
ccccatgtagttc	0	105	b
aacgagatggatt	0	105	b
tcgttctcgacaa	105	0	a
attgttactgtta	105	0	a
aagagctcggccc	105	0	a
aacataacaagtt	105	0	a
atcataatatggg	0	105	b
aagggagtgcgtg	0	105	b
cgttgaagctctc	0	105	b
aataataattgat	105	0	a
aagaatgacatcg	0	105	b
gaaaaaaaaaaac	0	105	b
aaaatataatgaa	105	0	a
agattcacagcgg	0	105	b
acgaatatgatcg	105	0	a
ataccactctgtc	0	105	b
agagcctatataa	0	105	b
atatatatataac	105	0	a
gaaaatggaatta	0	105	b
aaataagtttgta	0	105	b
aattaataataaa	105	0	a
aatctatatatat	105	0	a
ctttacttaagaa	105	0	a
taatttcaaatta	105	0	a
atcccttattatg	105	0	a
ggttttggctcaa	105	0	a
aaattttcagatt	0	105	b
tgttgaattaaaa	0	105	b
cataagcttcaac	105	0	a
agctttaactctc	0	105	b
aaaaaaatgaata	105	0	a
cggatccagaatc	0	105	b
atgataaccaatg	105	0	a
tcaaagaccagca	0	105	b
taattataaatta	0	105	b
cgttggaatatca	0	105	b
aatgattatgtgt	105	0	a
aatcccttattat	105	0	a
ggaacgaatacga	105	0	a
tcctagacccaaa	0	105	b
atgtgcttgtaaa	105	0	a
aaaaatacaaaat	105	0	a
ataataaatatta	0	105	b
taaatatataata	0	105	b
tctagggttggaa	105	0	a
atctaattataat	0	105	b
agattatgatgca	0	105	b
cgccgccaccacc	105	0	a
ctcaacaaacatc	105	0	a
tacatgtaataca	105	0	a
gccggttcttgac	105	0	a
gtgagaaacgaca	105	0	a
tattttagaaaaa	105	0	a
cgttttgccccca	105	0	a
aattataataatt	105	0	a
gagaagaaagaga	0	105	b
aaatttaaaatta	105	0	a
acatggatcataa	105	0	a
gaaaaaattaaaa	105	0	a
acattataataaa	0	105	b
aatataataaaaa	105	0	a
gttaaagtttcaa	0	105	b
cgtacctgtccta	105	0	a
aatatactccctc	0	105	b
accgctgtgaatc	0	105	b
aaattgatcaaat	105	0	a
attaaacaataca	0	105	b
aacgaggtccgag	105	0	a
aaaactaagagat	105	0	a
cgaacctatccta	105	0	a
acgcctctattta	105	0	a
aagttgtcttctc	105	0	a
aatttataattta	0	105	b
aaaaaattacaaa	104	0	a
taaaaataataca	0	104	b
aataaaaaatact	104	0	a
tggttattattaa	104	0	a
ggtgggccggtca	0	104	b
agaaataatataa	104	0	a
acaaaacagatta	104	0	a
taagtaatagaca	0	104	b
aaaatgaaagtga	104	0	a
ccaacgacaatga	0	104	b
aacgtaacttcgg	104	0	a
aagtcaacacatt	0	104	b
aaaaatgaaaatt	104	0	a
acttctataaatg	0	104	b
acagcggtctttg	0	104	b
gtttaattggtaa	0	104	b
aaagaccagcatc	0	104	b
atatataattaaa	0	104	b
gtaatagaaaata	0	104	b
aattataaattta	104	0	a
caaaaagggggaa	104	0	a
attttagaaaaaa	104	0	a
gttgacgtttcta	104	0	a
aactttgacaaaa	0	104	b
atttgagaaatta	0	104	b
aaagagaaaaatg	104	0	a
aaaaaaaaaagca	0	104	b
agtcatctaattc	104	0	a
agcgtaattcccc	104	0	a
cccataaaaaaaa	104	0	a
agttgtcttctca	104	0	a
cccacagaactcg	104	0	a
aacatgcaatgca	104	0	a
aagataaatgaag	0	104	b
atgagaaaataaa	0	104	b
tacattaatttaa	0	104	b
aataaaattttat	0	104	b
atttgaccaatta	0	104	b
taaaagaaaaata	104	0	a
ataataattaaat	0	104	b
caaagttgaatca	0	104	b
attatttattcga	104	0	a
aatatttcttaaa	104	0	a
aaattttaaatta	104	0	a
tattaaaaataaa	0	104	b
caaaaatattaaa	104	0	a
aaagtgaaagtga	104	0	a
aattaattaaaac	0	104	b
attaataaatata	0	104	b
aaaaaaaattgta	0	104	b
caagaaataagag	104	0	a
acacaaaaaaaaa	0	104	b
aatttttaaaaat	104	0	a
agttctgtgggcc	104	0	a
aacgaacctatcc	104	0	a
gaaattttaacac	0	104	b
aaatattaaataa	0	104	b
aaaaactcatttc	0	104	b
aaaaaatgtgaat	104	0	a
aataaaattacat	104	0	a
aatatatattata	0	104	b
cgtattgagtgtc	104	0	a
aagttcaatgatt	104	0	a
cttattccactca	0	104	b
aaattaagaaaaa	104	0	a
aatttaaatttaa	0	104	b
aaataatcataat	0	104	b
aacataagcttca	104	0	a
atttggccaacta	0	104	b
cctccgtcccgga	104	0	a
gctacactctgaa	104	0	a
catcaatgataac	104	0	a
aattaattattat	104	0	a
aaattttaattga	104	0	a
aatatatatatac	0	104	b
atcctacattata	0	104	b
aataattaatatt	104	0	a
attattttaaaat	104	0	a
aaataatattatt	104	0	a
taatttaattaaa	104	0	a
cgacttcctagac	0	104	b
acttcgttatcgc	104	0	a
tcagtaggttgaa	104	0	a
acttaattaatta	104	0	a
acaaaaaagaaaa	0	104	b
aacgaacgagatg	0	104	b
aaacaaataaaaa	104	0	a
ccatgtagttcgg	0	104	b
attagaatttaga	104	0	a
aaggaaatgcata	0	104	b
gagaaacaactta	104	0	a
cctagacccaaaa	0	104	b
cgtgaaactatac	104	0	a
gttgaagctctca	0	104	b
cttggcgtttcta	104	0	a
tgaaaatgaacaa	0	104	b
agaaataaaaaat	104	0	a
aattttattttaa	0	104	b
tatatatttttaa	0	104	b
acttataaattac	104	0	a
tcatctaattcga	104	0	a
tctcaatttcaca	0	104	b
ctttacaagcaca	104	0	a
cgtaacttcctga	104	0	a
aagaacgaacacg	104	0	a
gactgataagaaa	104	0	a
attgtcgttggaa	0	104	b
aaagaccgctgtg	0	104	b
ctttaactctcga	0	104	b
attcgtaccacac	0	104	b
aaatgtgcttgta	104	0	a
attttatatttac	0	104	b
aaacgaacctatc	104	0	a
tattttttattaa	0	104	b
atataatgtatta	0	104	b
aaactcttcaaga	104	0	a
aatatttaaaatg	0	104	b
tcattgaacttaa	104	0	a
tattacatgtaga	104	0	a
tcaacggtgaaaa	0	104	b
gcagaggttcaaa	104	0	a
gctatagaattta	104	0	a
gaaaatgaacaaa	0	104	b
aatttaaaaatta	0	104	b
aaaataatataaa	104	0	a
aattagatgacta	104	0	a
tagtaaaaaaaaa	0	104	b
aatttctcaaatt	0	104	b
tatagtttcacga	104	0	a
caggaagttacgc	104	0	a
ttaattttaaaaa	104	0	a
agatcgacttcct	0	104	b
cggcccacagaac	104	0	a
taaattatatata	0	104	b
atgtatgtatgta	0	104	b
aaaaatacataaa	104	0	a
cattaataataac	104	0	a
acatcgttctcat	0	104	b
aaattaaataata	104	0	a
attctagatcatg	0	104	b
gagttctgtgggc	104	0	a
agaacgaacacga	104	0	a
acgaacctatcct	104	0	a
attacataattaa	0	104	b
aatttttaattaa	0	104	b
aaccaatggtcca	104	0	a
aattattatttaa	104	0	a
aaactcattttag	103	0	a
cgatggaatagca	103	0	a
attttttttaatg	0	103	b
gggggccaaacta	103	0	a
gtctgcgcagaca	0	103	b
taatattattata	103	0	a
attctaaaaaaaa	103	0	a
aattaaattatta	103	0	a
atgatggtaaaca	103	0	a
taattaaaatata	0	103	b
atatttttattaa	0	103	b
ttttaggacaaaa	103	0	a
acgcgtattcagg	0	103	b
attgagtgtcttg	103	0	a
cgttcttcgagtc	0	103	b
gttccattacaaa	0	103	b
cctagaattaagg	0	103	b
aatcttgatttta	103	0	a
aaaatattgaaaa	103	0	a
agaccgctgtgaa	0	103	b
accaatggtccaa	103	0	a
aacgacaatgaag	0	103	b
ctccgtccccaga	0	103	b
aaacgaacgagat	0	103	b
tttttcaaaaaaa	0	103	b
ataattatatata	0	103	b
ttataaaataaaa	0	103	b
tccaaccctagaa	103	0	a
tatttaaaaataa	103	0	a
catcataataaga	0	103	b
catatcatatata	0	103	b
aaaaaaatactaa	0	103	b
aaacacatgtttg	0	103	b
tatatttaaaaaa	103	0	a
ccccgacggatcg	0	103	b
gtttcaacatgca	103	0	a
cagactggatttc	103	0	a
atattttaattta	0	103	b
cttatttcgggac	0	103	b
accggcttcattg	0	103	b
accactctaccgc	103	0	a
caaaaatccctaa	0	103	b
cataatcattgaa	103	0	a
gatcaaattctga	103	0	a
gcaacttttacga	0	103	b
ataaaattttaaa	0	103	b
gtagaaacgccaa	103	0	a
accccataaaaaa	103	0	a
agcttcaacaaca	103	0	a
cgaattagatgac	103	0	a
atgtattgtttaa	0	103	b
taaatatatataa	0	103	b
actttacttaaga	103	0	a
ttaccgaccgaaa	0	103	b
aaatggccaaaac	103	0	a
aaaaatccctaat	0	103	b
agctaaaatggca	103	0	a
aaagttctcttat	103	0	a
aaaaagattcgca	103	0	a
aaaaccaaaaatc	103	0	a
taaaaaacaaaaa	0	103	b
aaaattttaagaa	0	103	b
caaaatcagacta	103	0	a
agactgataagaa	103	0	a
attttttccatta	103	0	a
caatcctttatta	0	103	b
aaaatatttttta	103	0	a
acgaacgagatgg	0	103	b
acgaggtccgagt	103	0	a
aaaaagaaaatta	103	0	a
aagaaaatgaaaa	0	103	b
aaaatttgagaaa	0	103	b
ggaccattggtta	103	0	a
aacaaagaagccg	103	0	a
aaaattaaatata	103	0	a
ccaaaaagaaaag	103	0	a
ctacatgtaatac	103	0	a
agtaaaaaaaaat	0	103	b
attttttttattc	103	0	a
atattgctaaaat	103	0	a
cgtaaaagttgca	0	103	b
aagaccgctgtga	0	103	b
gacgtcgggagta	103	0	a
acataaatgttgc	0	103	b
agctaaaatagcc	103	0	a
cgatttgaaaacg	103	0	a
acaataatgaaac	0	103	b
aatggcctttgca	103	0	a
ctcgaccattaac	0	103	b
ttatttaattaaa	0	103	b
aacaaacaaacaa	103	0	a
tgaaaaatgaaaa	0	103	b
gagtacaatgagc	103	0	a
cttttcggctcgc	103	0	a
aaggccaaaaaac	103	0	a
accaaaccagaaa	103	0	a
actcccgacgtcc	103	0	a
acataaaaataaa	103	0	a
aaatgtgttgact	0	103	b
tattttattttca	103	0	a
aacgactgagacg	103	0	a
aactcattttagg	103	0	a
aacaaaaaggtgt	103	0	a
acaatgaagccgg	0	103	b
aaatttgagaatt	0	103	b
ttgtaatagaaaa	0	103	b
gctattttagcta	103	0	a
aataataagggag	103	0	a
caaaaagaaaaaa	103	0	a
gagttttaataaa	0	103	b
agcatctttatcg	0	103	b
aagactgataaga	103	0	a
aaaaaattcacaa	103	0	a
atatttaaaaaga	103	0	a
aaaaaaaaacaga	0	103	b
aaaaaaaatccaa	103	0	a
tcggcccacagaa	103	0	a
aattaattttgac	0	103	b
actttgacaaaaa	0	103	b
aaattattaaata	103	0	a
aaatattttaaaa	103	0	a
aaataatattata	0	103	b
tataaaggaatga	103	0	a
aaatatttttaaa	0	103	b
cattgaacttaaa	103	0	a
aaggcaattttag	103	0	a
ttattattttaaa	0	103	b
tgtagcagcggaa	103	0	a
ataaaaaaatgaa	0	103	b
acactcaatacga	103	0	a
acgtcgggagtaa	103	0	a
taaaaatatagaa	103	0	a
actcggcccaaac	103	0	a
gatctttgaaaca	103	0	a
aacaaaataaaat	103	0	a
aaatgaattaaat	103	0	a
aataaaggattgt	0	103	b
atgatgtttatga	0	103	b
caatgataaccaa	103	0	a
gtcaagcagaaaa	0	103	b
aattagataaata	0	103	b
aacgtagccggtc	103	0	a
cagaatttgatca	103	0	a
aattaatttagct	0	103	b
atgccattttagc	103	0	a
aatttagctaaaa	0	103	b
cattttagctaaa	0	103	b
aattataataata	0	102	b
attccaacgagaa	102	0	a
ataattaattata	102	0	a
gttcgaggagtta	102	0	a
aaaatatatataa	102	0	a
accattggttatc	102	0	a
aaatagaggcgtc	102	0	a
ccattggttatca	102	0	a
aaaataattatat	102	0	a
gtaactcctcgaa	102	0	a
aaaaaaaaatcac	102	0	a
aaatttttaaaaa	102	0	a
aggaacgaatacg	102	0	a
aataatttatgat	0	102	b
aaaaataacccat	102	0	a
acttcctagaccc	0	102	b
ggaatgtggtgga	102	0	a
caaattaatatag	0	102	b
aaatcaattatta	102	0	a
attgcatgttgaa	102	0	a
atattaggctcaa	0	102	b
aaaatattttaaa	0	102	b
attgaacttaaac	102	0	a
caaagaaaatata	102	0	a
tgatgtacatcaa	0	102	b
agcatcaagcatc	102	0	a
gtttaaaaaaaaa	0	102	b
aacggtgaaaact	0	102	b
aaaaaaatggaaa	0	102	b
atttctggtttgg	102	0	a
aagttgtttctcc	102	0	a
acgtcaagaaccg	102	0	a
ccattacaaactc	0	102	b
aaaaaaattgatt	102	0	a
atcattgaactta	102	0	a
actttcgaattag	102	0	a
aaaaataatttaa	102	0	a
catttggtacaaa	102	0	a
cctttttgtaata	0	102	b
cttatcagtcttc	102	0	a
acacattgattct	0	102	b
gacttcctagacc	0	102	b
agtccaattttga	102	0	a
aaagattcgcaac	102	0	a
cgcaacttcagga	102	0	a
aaaatgaacaaac	0	102	b
agaatttattaat	102	0	a
atatatatatgat	102	0	a
attttttaaataa	0	102	b
aagttctattttg	102	0	a
cgaacgagatgga	0	102	b
cttagaagcatta	102	0	a
aataatatttaat	0	102	b
cgccgccgccacc	102	0	a
aagattcgcaacg	102	0	a
ccatgttggggta	102	0	a
aataattaaagaa	0	102	b
attggtgatcaaa	0	102	b
aaatggacttgtt	102	0	a
cgcgtattcagga	0	102	b
ccaaaccaccaca	0	102	b
ataattaattaag	0	102	b
aaaattataaaaa	0	102	b
gtaaattcaagaa	102	0	a
ggtaaagcttcaa	0	102	b
tattaattaaata	102	0	a
atgtgggatagaa	102	0	a
gacctagaattaa	0	102	b
acagacggcgcca	102	0	a
tatatataataaa	102	0	a
taaaaattaaata	102	0	a
aaaaaaaaagttt	0	102	b
atcaatgataacc	102	0	a
cattcctttataa	102	0	a
tatcagattctga	102	0	a
aacattttgaaaa	102	0	a
caacggtgaaaac	0	102	b
agaacacaagcaa	102	0	a
aattaattatttg	0	102	b
agtttgtaatgga	0	102	b
atcataataagag	102	0	a
aaagaagactgaa	102	0	a
gcggtctttgtaa	0	102	b
acaaataaaaata	102	0	a
aaaaaaaagaata	0	102	b
aattatgatttat	0	102	b
aaaagaaaacaaa	102	0	a
gtagaaacgtcca	102	0	a
actattattatta	0	102	b
acgactgagacgg	102	0	a
ctccgtcccggaa	102	0	a
taaaatatataaa	0	102	b
cataataaagaag	0	102	b
aaggaccaacttc	0	102	b
aaaataaatttta	102	0	a
aattaatattaat	0	102	b
aagatttaagtat	0	102	b
aaaaaataaccca	102	0	a
aagaaagtcttat	102	0	a
aattaatatatag	102	0	a
ttgcaaaaaaaaa	102	0	a
aataatacaatat	0	102	b
ctctatctctctc	0	102	b
ctagttcggggag	102	0	a
aactcttcaagac	102	0	a
aaattaatttaaa	102	0	a
taataaattataa	0	102	b
cattgtcgttgga	0	102	b
attaataatttta	102	0	a
taattaattataa	0	102	b
aataatactccct	0	102	b
taaatcataataa	0	102	b
atttcggttcccc	102	0	a
cttcctagaccca	0	102	b
atgatctatgtaa	0	102	b
gcaactttgggga	102	0	a
ttaaattaataaa	0	102	b
aaattctatagct	102	0	a
ttaataattaaaa	0	102	b
tgaaaaaaataaa	102	0	a
atattatttttaa	102	0	a
ggacgtttctaca	102	0	a
cttcaggaagtta	102	0	a
aaaaatagaaaat	0	102	b
gatgatggaaaac	102	0	a
acatatatttaaa	102	0	a
tcataataaagaa	0	102	b
cccgacttgataa	0	102	b
aataacccataaa	102	0	a
tcggggaaccgaa	102	0	a
tctacatggatca	102	0	a
acggtctttgtaa	0	102	b
cacacacacaaac	102	0	a
accatcaataatg	0	102	b
ctcaaattttaac	102	0	a
aaattaaatatat	102	0	a
cgagcgatttaca	102	0	a
gaaaaatataaaa	102	0	a
atccctatatata	102	0	a
cgtaacaccccga	102	0	a
aaagagagagaaa	0	102	b
aatccatcaaaat	0	102	b
cgagcaatatgta	0	102	b
cggggaaccgaaa	102	0	a
attcacagcggtc	0	102	b
aaaagaaaataat	102	0	a
ttgcatgttgaaa	102	0	a
agagagagaagaa	0	102	b
atgagaaaatata	0	102	b
tattttaaaaata	0	102	b
acgtaacttcggg	102	0	a
tagcagcggaata	102	0	a
ataaccaatggtc	102	0	a
gagaaataatata	102	0	a
aaataatctcaaa	102	0	a
acataatcattga	102	0	a
aaaaattagaaaa	0	102	b
aaggaacgaatac	102	0	a
aactttacttaag	102	0	a
gttattttttgaa	102	0	a
ctttacaaactta	0	102	b
cactcaatacgaa	102	0	a
ttacatgtatgaa	102	0	a
aactgaactgaaa	102	0	a
aattaacaattaa	0	102	b
aaaaattgaaatt	0	102	b
atgtaaaaaaaaa	0	102	b
aaatgaacaaaca	0	102	b
gctattccatcga	102	0	a
agcattatcatta	102	0	a
attgttcgagaaa	0	102	b
cttgttatgttta	102	0	a
tagaatttagaaa	102	0	a
ttaatgatgacaa	102	0	a
cacattgattcta	0	101	b
ctattccaacgag	101	0	a
agaagaaagagag	0	101	b
gtacaaacgtcaa	101	0	a
taatattgctaaa	101	0	a
aatgttgatgatg	101	0	a
aattaataattat	0	101	b
ataataagggagc	0	101	b
aataaaagaaaag	0	101	b
agcgatttacaga	101	0	a
cattacatgtaga	101	0	a
aatacaatattat	0	101	b
aaaataatattta	101	0	a
ctattacaaaaag	0	101	b
aagtaaaacgcaa	101	0	a
agatagagaaaga	101	0	a
tatttggctcgaa	0	101	b
aaaaacgtcaagg	101	0	a
ctagagagagaga	0	101	b
ctttgacgaaaac	0	101	b
aaaagttctctta	101	0	a
cgaccctaatacg	0	101	b
aaaatagaacttc	101	0	a
tggacttgttgaa	101	0	a
cgtaaaggaacga	101	0	a
aaatccatcaaaa	0	101	b
aggccaaaaaacg	101	0	a
ctcccgacgtccc	101	0	a
aaggaaaataaaa	0	101	b
actcgaatatgaa	0	101	b
tgaattaaattaa	101	0	a
atatttttttata	101	0	a
agtaaagaacaca	101	0	a
gataaatgaagaa	0	101	b
aataatactaata	101	0	a
gaagttgcgttta	0	101	b
tcacgtttctaca	0	101	b
gcaattttgatga	0	101	b
aaattttctgaat	0	101	b
gaaacgttaagga	101	0	a
gtagaaacgtgaa	0	101	b
aaaacggcggcag	101	0	a
tatatttaattaa	0	101	b
aaatcctacgtgg	0	101	b
tattaatttttaa	0	101	b
accaatagtctct	101	0	a
aaatgaaagtgat	101	0	a
attaatattgcta	101	0	a
gccaaataaataa	101	0	a
aacacatgtttgc	0	101	b
aattaatttaaaa	101	0	a
gcagcggaataca	101	0	a
aaataacccataa	101	0	a
taattaaattata	0	101	b
aactaaaataaaa	0	101	b
gcttgacgttcta	0	101	b
gcttcaacggtga	0	101	b
aagacactcaata	101	0	a
atcacaacctgtg	0	101	b
attaaattataaa	101	0	a
acaaaaaaagaaa	101	0	a
gagctcggcccac	101	0	a
gaagtaggcctcc	0	101	b
aatgagatgcacc	0	101	b
cctacccactttc	101	0	a
aaaaactaagaga	101	0	a
catgtagaaacgc	101	0	a
cggtgagccgaaa	101	0	a
agaaaaagaaaat	101	0	a
acattaataacaa	101	0	a
attttatttttca	0	101	b
ataatgcttctaa	101	0	a
tacatagatcata	0	101	b
gcggcggcggcga	101	0	a
aaaatatattatt	101	0	a
ccaaaaaagaaaa	101	0	a
gaactcggcccaa	101	0	a
attatttatttga	0	101	b
ctccctctccctc	0	101	b
gaaaacgaaccta	101	0	a
aaattagataaat	0	101	b
agaacgtcaagca	0	101	b
gtttcaattgaga	0	101	b
atattttaaaaat	0	101	b
tggcgtttctaca	101	0	a
atattaattaaaa	101	0	a
tttacaaaaaaaa	0	101	b
accgttgaagctc	0	101	b
acttaggccccca	101	0	a
agaaaatatattg	101	0	a
acacacattttcg	101	0	a
aatttattaatat	0	101	b
taattaattaaca	0	101	b
attatactccctc	101	0	a
aaggaggcctact	0	101	b
taatgaaaaagaa	101	0	a
accaccacactct	101	0	a
ccacagaactcgg	101	0	a
aagtttgtaaagg	0	101	b
acatttctccact	0	101	b
cccacagacggcg	101	0	a
aagcgtaattccc	101	0	a
aatttatttttaa	0	101	b
aacaaaaataaat	101	0	a
agtctgattttga	101	0	a
ggggtcgaactac	101	0	a
cgagacggatcca	0	101	b
atttattataaaa	0	101	b
tattccaacgaga	101	0	a
tacttgatgtaca	0	101	b
ctaacagtaacaa	101	0	a
atttaatatttta	0	101	b
aaatattaaatat	0	101	b
attgtgatgcaac	0	101	b
aataattatttat	101	0	a
atcgaataaacat	101	0	a
gacttaggccccc	101	0	a
agaagcattatca	101	0	a
ataaatataaaaa	101	0	a
cgttctcctcaaa	0	101	b
atttcggctcacc	101	0	a
tagggttggaaga	101	0	a
acttgatgtacat	0	101	b
atgagtttgtaat	0	101	b
agcgccacgtagg	101	0	a
caacaaagaagcc	101	0	a
cacagacggcgcc	101	0	a
aaatttatatata	101	0	a
atgtagaaacgtg	0	101	b
actgataagaaag	101	0	a
aaacgacaaaaac	101	0	a
aatatatatataa	0	101	b
aaaaagaaaaaca	0	101	b
gagaggaaagaga	101	0	a
ggcagaggttcaa	101	0	a
gagagagaggaga	0	101	b
gccccagacggac	101	0	a
atataaattttaa	0	101	b
attatataaaaat	0	101	b
cgtttcaacatgc	101	0	a
aagaacacaagca	101	0	a
acaatatattttc	101	0	a
tattataattaaa	0	101	b
atttaaagaccgc	101	0	a
acatttttctcga	0	101	b
aaaatggaattag	0	101	b
aaatgataatatt	0	101	b
cctcttcttcttc	101	0	a
acaaaaataaata	101	0	a
gatattccaacga	0	101	b
ataattttaatta	0	101	b
acatcataatatg	0	101	b
cagcgttcaaaca	101	0	a
agtggatttgtca	101	0	a
agatatctacaag	101	0	a
ataaatattaaaa	0	101	b
aaatataaaattt	101	0	a
cgttcctttacga	101	0	a
aaataaaatattg	101	0	a
gaaaaaaattaaa	0	101	b
attcatatttatc	0	101	b
gttgatgatgtta	101	0	a
aaatataaattaa	0	101	b
tcaaatttaaaca	0	101	b
cgctcccttatta	0	101	b
attaagaatctga	101	0	a
cgattcttggacg	101	0	a
aatgagaaaagat	101	0	a
aagaaaaacaaaa	101	0	a
agccaaaaccacc	101	0	a
taaattaaaaata	0	101	b
aacttcctgaagt	101	0	a
aacaaaaaataaa	0	101	b
aggaccggctacg	101	0	a
gcattatcattac	101	0	a
acgtagccggtcc	101	0	a
aataaaatatatt	101	0	a
aaaaaattaaaag	101	0	a
aatttgaaattag	101	0	a
gactttcgaatta	101	0	a
caagaacgatgcc	0	101	b
acacacacataca	101	0	a
aacttcaggaagt	101	0	a
aaaattataatta	101	0	a
ggggccaaactac	101	0	a
attgaagctttac	0	101	b
aggctattttagc	101	0	a
tagaagaaggtga	101	0	a
aattttattttct	101	0	a
tgccgaaaagaaa	0	101	b
aacggcggcagat	101	0	a
cttcaacggtgaa	0	101	b
agacacataatca	101	0	a
gaatttgatcata	100	0	a
aaatataaagaga	100	0	a
gaacctaagctca	100	0	a
atagtactccctc	0	100	b
aaataaaatagaa	100	0	a
cttgatgtacatc	0	100	b
actgaccccaact	100	0	a
aaaatattttata	0	100	b
tcgttctcctcaa	0	100	b
tagatatctacaa	100	0	a
atcagattcttaa	100	0	a
aatattatttata	0	100	b
aaaacaaaaatcg	0	100	b
actgacaaatcca	100	0	a
aactttttagagt	0	100	b
attcttaatctcc	100	0	a
agaaaattaaaaa	0	100	b
aagccaagctcaa	100	0	a
gagtttcagttca	100	0	a
acctcccgaatac	0	100	b
tctctctctaaaa	0	100	b
taaaaaatataca	100	0	a
atgatccatgtag	100	0	a
atttttaaaaaat	100	0	a
aacaaataaaaaa	100	0	a
agataaaaagaaa	100	0	a
atagacttccttg	100	0	a
aatttaaataata	100	0	a
gcaaaggatgaga	100	0	a
tatttaaaaaata	100	0	a
tagaggaaatgca	0	100	b
cttcttcaattga	0	100	b
ccacagacggcgc	100	0	a
ggcccaaacgaac	100	0	a
aatttttgaaaaa	0	100	b
cgaaccacacgga	0	100	b
agaaataagagaa	100	0	a
caacatcgaataa	100	0	a
taaataaatttaa	100	0	a
cgatctgccgccg	100	0	a
cgaataaacataa	100	0	a
aaattgttactgt	100	0	a
aatggaaaaaatg	100	0	a
attaattaattac	100	0	a
cccaaaaccatca	100	0	a
gatccatgtagaa	100	0	a
cctcgaatccgta	0	100	b
attccgctgctac	100	0	a
agagaaaagaaaa	100	0	a
ccgagacggatcc	0	100	b
atatcgtggacgg	0	100	b
atcgacttcctag	0	100	b
tatgtttattcga	100	0	a
gaacgtcaagcac	0	100	b
accctaaccctaa	0	100	b
ctggacgtttcta	100	0	a
attaaaaaagata	100	0	a
agatcatattcga	100	0	a
atataaattaata	0	100	b
attttcgacgggc	0	100	b
tcatagtaaggga	100	0	a
acatttttacata	100	0	a
aaccaagttcccc	100	0	a
ataagggtaaaaa	100	0	a
gctataatttata	0	100	b
aataaatcctaat	0	100	b
aagaaaatatgaa	0	100	b
gccactatcataa	0	100	b
aagtaggcctcct	0	100	b
aagagaaaaatga	100	0	a
taaataaaagtaa	100	0	a
attttaaaattaa	0	100	b
atttttttttatg	100	0	a
acaaagaccgctg	0	100	b
aacattaataaca	100	0	a
agcggtagagtgg	100	0	a
aatttattaattg	100	0	a
aaatcaatagaaa	100	0	a
cggcttcgttctc	100	0	a
aattacataatta	0	100	b
cgaggagttacgc	100	0	a
caacgataacgta	100	0	a
ttgttcgagaaaa	0	100	b
agtttcagttcag	100	0	a
aagcaaaaaaaaa	0	100	b
attcgggaggtaa	0	100	b
ataataaattaaa	0	100	b
aatatataaaaat	100	0	a
ttaatattgctaa	100	0	a
ttacataattaaa	0	100	b
aaatatattttta	100	0	a
gtcgcagcccgac	100	0	a
attcatcataata	0	100	b
taataataaatta	100	0	a
aaatatattgtca	100	0	a
agaattaaggaga	100	0	a
aagcttcaacaac	100	0	a
taataataaagga	0	100	b
acatttggtacaa	100	0	a
tacatggatcata	100	0	a
aataattaaaatt	0	100	b
ctaacttttatta	0	100	b
aaaaaaaatatgt	100	0	a
agattaaaatcgg	0	100	b
aatgaacgaacac	0	100	b
aatatataaaata	100	0	a
attgctattccaa	0	100	b
cttataaattaca	100	0	a
tattgcaaaataa	0	100	b
ataaatgagtgta	0	100	b
gcatcacaatcga	0	100	b
cagcatcgttatc	0	100	b
acaacaaagaagc	100	0	a
tactttttagaga	100	0	a
aagttaattttta	0	100	b
agaaaatttgaga	0	100	b
gaaccaagttccc	100	0	a
aactgacaaatcc	100	0	a
atacatacataca	0	100	b
aaaagttgcatca	0	100	b
aaacttaacagct	0	100	b
ccactatcataaa	0	100	b
cttgagccaaaac	100	0	a
cgtagtttggccc	100	0	a
cgtgtggttggca	100	0	a
gtcgtgactaaca	100	0	a
aataagggagcgt	0	100	b
aatgaattaaatt	100	0	a
gggtaaaaagata	100	0	a
acatgtgtgtata	100	0	a
aaaataaatgaaa	100	0	a
tataattataata	0	100	b
aaataagaaaaaa	0	100	b
atggacttgttga	100	0	a
aaaaagagagaga	0	100	b
aatacgaaacaaa	100	0	a
atattatatatta	100	0	a
agcagcggaatac	100	0	a
cgtaactcctcga	100	0	a
aaacataagacaa	100	0	a
cattgcatgttga	100	0	a
gaacctctgccta	100	0	a
aagctatagaatt	100	0	a
aataaataattta	0	100	b
caaaataaaaaaa	100	0	a
ttattttaaaaaa	0	100	b
ttcaagataaaaa	100	0	a
aaaaaaaaagtat	100	0	a
cgattgtgatgca	0	100	b
tagaaaaataaaa	0	100	b
aagaaaaaaatta	0	100	b
aaaccctaatctg	0	100	b
aaatatttgccat	100	0	a
aattggacgagat	0	100	b
ttatactaaataa	0	100	b
aagaaataagaga	100	0	a
aaaaataacaaat	100	0	a
taataataaggga	100	0	a
gtaaagaacacaa	100	0	a
caaaaataataaa	100	0	a
aataaagaaaaaa	0	100	b
aataattaaatgt	100	0	a
accttcaactgac	100	0	a
agactggatttcc	100	0	a
atttatattttta	0	100	b
aagcgtccaagaa	100	0	a
aatttttttatta	100	0	a
gagagagagagta	0	100	b
ataagggagcgtg	0	100	b
aaaataatgaaaa	0	100	b
aaataggtgggga	100	0	a
attaatgcattac	0	100	b
cagaactcggccc	100	0	a
agggagagggaga	0	100	b
aatttaattaaat	100	0	a
atattgtttttaa	100	0	a
acccactttctat	100	0	a
tattccactcaca	0	100	b
gtttgtaatggaa	0	100	b
ctagggttggaag	100	0	a
acaacatcgaata	100	0	a
attattactttta	100	0	a
agaattaagggga	0	100	b
cttcacgtttcta	0	100	b
aaaaaattataat	100	0	a
gcttcaacaacaa	100	0	a
aaaaaaaatgttt	100	0	a
aaatccctaattc	0	100	b
ggagacgtcttac	0	100	b
acataagcttcaa	100	0	a
aaattataaattt	100	0	a
tataaaaataata	100	0	a
ctttctctttctc	100	0	a
tcggtgagccgaa	100	0	a
actgaaaactaaa	100	0	a
ctcggacctcgga	0	100	b
aataaaatctatt	100	0	a
gttctttctggga	0	100	b
accgagacggatc	0	100	b
